timestamp_ms,waist_x,waist_y,waist_z,waist_gx,waist_gy,waist_gz,thigh_x,thigh_y,thigh_z,event_flag
14826,9.8139,-1.2064,-1.5678,-0.8400,-0.0700,0.2800,-0.0287,-0.0024,0.0096,0
14865,9.7062,-1.1992,-1.5511,-2.0300,-0.5600,1.0500,-0.0694,-0.0191,0.0359,0
14904,9.8139,-1.3117,-1.5032,-2.1000,-0.1400,0.0000,-0.0718,-0.0048,0.0000,0
14943,9.6296,-1.1872,-1.5654,-0.9800,-0.7700,0.7000,-0.0335,-0.0263,0.0239,0
30231,9.9958,-1.2399,-1.1442,5.6000,-1.7500,-1.5400,0.1915,-0.0598,-0.0527,0
30270,9.9911,-1.1896,-1.1059,7.6300,-0.3500,-2.0300,0.2609,-0.0120,-0.0694,0
30309,9.9049,-1.1609,-1.0628,9.2400,1.4000,-3.6400,0.3160,0.0479,-0.1245,0
30348,9.8809,-1.0628,-0.9766,11.6200,0.6300,-4.6200,0.3973,0.0215,-0.1580,0
30387,9.7158,-0.9575,-1.0580,13.9300,-0.4200,-3.0100,0.4763,-0.0144,-0.1029,0
30426,9.8043,-0.7827,-0.9551,15.9600,0.0000,-2.9400,0.5457,0.0000,-0.1005,0
30465,9.9815,-0.7708,-1.0197,13.2300,-3.5700,-3.8500,0.4524,-0.1221,-0.1317,0
30504,9.8043,-0.7277,-1.1896,7.5600,-2.1000,-3.2900,0.2585,-0.0718,-0.1125,0
30543,9.8905,-1.0077,-1.2208,4.5500,-1.3300,-1.8900,0.1556,-0.0455,-0.0646,0
30582,10.1227,-1.1537,-1.2040,6.0900,-1.7500,-2.8700,0.2082,-0.0598,-0.0981,0
30621,9.9169,-1.0293,-1.1059,9.5200,1.3300,-3.4300,0.3255,0.0455,-0.1173,0
30660,9.6990,-0.8473,-1.2232,11.6200,1.4000,-3.0800,0.3973,0.0479,-0.1053,0
30699,9.8570,-0.6152,-1.3668,11.2000,0.0000,-2.5200,0.3830,0.0000,-0.0862,0
30738,9.8977,-0.5793,-1.2184,5.3200,-1.0500,-1.8900,0.1819,-0.0359,-0.0646,0
30777,9.7325,-0.7947,-1.2471,2.6600,-0.8400,-0.9800,0.0910,-0.0287,-0.0335,0
30816,9.9216,-0.7899,-1.3189,4.2700,-1.4000,-0.8400,0.1460,-0.0479,-0.0287,0
30855,9.7230,-0.8450,-1.1944,1.9600,-1.0500,-0.6300,0.0670,-0.0359,-0.0215,0
30894,9.9001,-0.8473,-1.2591,2.4500,-3.2200,0.5600,0.0838,-0.1101,0.0191,0
30933,9.9887,-0.8521,-1.1753,2.0300,-1.1900,0.2100,0.0694,-0.0407,0.0072,0
30972,9.7876,-0.7420,-1.1442,1.4700,-1.7500,-0.2100,0.0503,-0.0598,-0.0072,0
31011,9.8833,-0.7157,-1.1753,1.0500,-2.1700,0.5600,0.0359,-0.0742,0.0191,0
31050,9.8043,-0.6223,-1.0963,-0.9100,-2.1000,1.4700,-0.0311,-0.0718,0.0503,0
31089,9.8211,-0.6343,-1.0963,-0.5600,-2.5200,2.2400,-0.0191,-0.0862,0.0766,0
31128,9.9384,-0.7564,-1.2232,-0.6300,-1.9600,2.0300,-0.0215,-0.0670,0.0694,0
31167,9.8809,-0.7684,-1.2447,-3.3600,-2.4500,2.0300,-0.1149,-0.0838,0.0694,0
31206,9.9288,-0.8354,-1.2686,-2.2400,-2.2400,1.6800,-0.0766,-0.0766,0.0574,0
31245,10.0270,-0.8928,-1.2758,-2.4500,-1.1200,1.6100,-0.0838,-0.0383,0.0551,0
31284,9.9216,-0.8019,-1.2040,-0.9800,0.6300,0.4900,-0.0335,0.0215,0.0168,0
31323,9.8115,-0.7755,-1.2471,-1.2600,0.9100,0.8400,-0.0431,0.0311,0.0287,0
31362,9.8953,-0.8282,-1.2279,-0.7700,0.2100,0.8400,-0.0263,0.0072,0.0287,0
31401,9.7924,-0.8067,-1.1681,0.8400,-0.2800,0.5600,0.0287,-0.0096,0.0191,0
31440,9.9719,-0.7588,-1.2567,1.4700,-0.5600,1.5400,0.0503,-0.0191,0.0527,0
31479,9.9623,-0.7612,-1.2471,-0.1400,0.7700,0.8400,-0.0048,0.0263,0.0287,0
31518,9.8235,-0.8450,-1.1322,-0.5600,0.5600,-0.0700,-0.0191,0.0191,-0.0024,0
31557,9.8546,-0.8067,-1.1106,0.2100,-0.0700,0.7700,0.0072,-0.0024,0.0263,0
31596,9.9480,-0.6894,-1.1561,-0.7700,0.2100,0.8400,-0.0263,0.0072,0.0287,0
31635,9.8498,-0.6989,-1.1801,-0.9800,0.1400,0.4200,-0.0335,0.0048,0.0144,0
31674,9.8020,-0.7444,-1.1274,-1.3300,-0.4200,0.7000,-0.0455,-0.0144,0.0239,0
31713,9.9097,-0.8833,-1.2208,-2.5200,-1.2600,0.9800,-0.0862,-0.0431,0.0335,0
31752,9.9121,-0.9263,-1.1442,-1.9600,-0.2800,0.0000,-0.0670,-0.0096,0.0000,0
31791,9.7900,-0.8713,-1.2519,-0.6300,-0.4200,0.0700,-0.0215,-0.0144,0.0024,0
31830,9.8163,-0.8665,-1.2926,-0.2800,-0.9800,0.6300,-0.0096,-0.0335,0.0215,0
31869,9.8738,-0.8402,-1.2878,-1.4700,-1.4000,0.6300,-0.0503,-0.0479,0.0215,0
31908,9.8714,-0.8880,-1.3117,-1.3300,-1.1900,0.7000,-0.0455,-0.0407,0.0239,0
31947,9.8690,-0.9766,-1.2926,-0.7700,-1.2600,0.9100,-0.0263,-0.0431,0.0311,0
31986,9.9097,-0.9862,-1.2638,0.1400,-1.0500,0.7000,0.0048,-0.0359,0.0239,0
32025,9.8738,-0.8833,-1.2902,0.7700,0.1400,0.2100,0.0263,0.0048,0.0072,0
32064,9.8594,-0.8593,-1.2806,-0.1400,-0.3500,0.3500,-0.0048,-0.0120,0.0120,0
32103,9.8307,-0.8378,-1.2758,0.3500,-0.7700,0.1400,0.0120,-0.0263,0.0048,0
32142,9.8235,-0.8162,-1.3213,-0.5600,-0.8400,0.3500,-0.0191,-0.0287,0.0120,0
32181,9.9169,-0.9359,-1.2399,-1.0500,-0.8400,0.7000,-0.0359,-0.0287,0.0239,0
32220,9.9025,-0.9527,-1.1705,-0.0700,-0.9800,0.4200,-0.0024,-0.0335,0.0144,0
32259,9.8498,-0.8641,-1.2734,1.5400,-0.6300,0.4200,0.0527,-0.0215,0.0144,0
32298,9.9097,-0.8761,-1.2782,1.1900,0.0000,0.2800,0.0407,0.0000,0.0096,0
32337,9.8809,-0.8856,-1.1896,0.7700,-0.8400,0.0000,0.0263,-0.0287,0.0000,0
32376,9.8259,-0.8043,-1.2854,2.2400,-0.5600,0.2100,0.0766,-0.0191,0.0072,0
32415,9.8738,-0.7755,-1.3189,0.3500,0.0700,0.8400,0.0120,0.0024,0.0287,0
32454,9.7589,-0.7660,-1.2638,-1.3300,-1.1900,1.3300,-0.0455,-0.0407,0.0455,0
32493,9.8259,-0.8569,-1.3261,-1.1200,-1.4700,2.0300,-0.0383,-0.0503,0.0694,0
32532,9.9719,-0.9551,-1.3117,-1.8900,-1.1900,1.8200,-0.0646,-0.0407,0.0622,0
32571,9.8977,-0.9479,-1.2758,-0.8400,-0.7700,1.0500,-0.0287,-0.0263,0.0359,0
32610,9.9791,-0.9311,-1.1849,-0.7700,0.4900,1.6100,-0.0263,0.0168,0.0551,0
32649,9.8786,-0.6942,-1.1849,-1.1900,1.4700,0.9100,-0.0407,0.0503,0.0311,0
32688,9.8857,-0.7636,-1.1274,-1.5400,1.5400,0.7000,-0.0527,0.0527,0.0239,0
32727,10.0581,-0.6247,-1.0628,-4.8300,0.4200,2.0300,-0.1652,0.0144,0.0694,0
32766,10.1395,-0.5505,-0.8928,-8.8200,3.9200,2.9400,-0.3016,0.1340,0.1005,0
32805,10.2783,-0.3614,-0.6319,-13.9300,5.6000,4.4800,-0.4763,0.1915,0.1532,0
32844,10.0748,-0.3040,-0.5745,-18.6900,4.1300,5.6000,-0.6391,0.1412,0.1915,0
32883,10.0389,-0.4620,-0.6965,-20.0200,4.7600,5.7400,-0.6846,0.1628,0.1963,0
32922,10.1203,-0.4668,-0.7779,-24.0100,5.9500,6.6500,-0.8210,0.2035,0.2274,0
32961,10.1179,-0.2298,-0.6247,-32.2000,3.2200,9.3800,-1.1011,0.1101,0.3207,0
33000,10.3214,-0.7971,-1.0747,-33.4600,6.6500,11.7600,-1.1442,0.2274,0.4021,0
33039,10.2807,-0.6559,-0.5075,-40.2500,10.6400,11.3400,-1.3763,0.3638,0.3878,0
33078,9.5961,-0.9216,-0.9359,-36.7500,13.4400,10.3600,-1.2567,0.4596,0.3543,0
33117,9.5770,-1.3309,-1.0125,-35.2800,13.1600,9.3100,-1.2064,0.4500,0.3184,0
33156,9.4118,-1.9125,-1.2064,-32.0600,10.8500,6.7900,-1.0963,0.3710,0.2322,0
33195,9.5793,-2.3290,-1.0125,-28.8400,6.3000,6.3700,-0.9862,0.2154,0.2178,0
33234,9.9169,-2.3314,-0.9622,-20.9300,7.7000,6.7200,-0.7157,0.2633,0.2298,0
33273,9.8067,-2.0801,-0.6487,-11.2000,8.6800,4.8300,-0.3830,0.2968,0.1652,0
33312,9.4429,-1.4673,-0.6391,-8.8900,8.9600,1.0500,-0.3040,0.3064,0.0359,0
33351,9.5075,-1.5678,-0.8521,-8.3300,7.9800,-1.2600,-0.2848,0.2729,-0.0431,0
33390,9.4070,-1.3548,-0.3926,-16.4500,5.8800,0.7000,-0.5625,0.2011,0.0239,0
33429,9.2634,-1.5224,-0.2418,-18.1300,3.0800,-3.2200,-0.6200,0.1053,-0.1101,0
33468,9.7828,-1.6588,0.0957,-19.8100,-1.4700,-2.5900,-0.6774,-0.0503,-0.0886,0
33507,9.8570,-1.8168,0.2059,-21.0000,1.4700,-12.4600,-0.7181,0.0503,-0.4261,0
33546,9.5626,-1.8503,0.3878,-17.5000,3.9200,-18.8300,-0.5984,0.1340,-0.6439,0
33585,9.4022,-1.8024,0.1484,-7.9800,3.0100,-24.4300,-0.2729,0.1029,-0.8354,0
33624,10.2304,-1.2064,0.4141,-8.6800,12.8800,-20.0900,-0.2968,0.4404,-0.6870,0
33663,10.1825,-0.5553,0.2442,-12.3200,22.6800,-19.7400,-0.4213,0.7755,-0.6750,0
33702,11.1256,-0.4309,-0.5457,-17.6400,15.8200,-9.3100,-0.6032,0.5410,-0.3184,0
33741,10.8193,-0.4955,0.0455,-19.3200,7.2100,-0.0700,-0.6606,0.2465,-0.0024,0
33780,9.5315,-0.8354,0.1723,-11.5500,1.6800,-2.5900,-0.3950,0.0574,-0.0886,0
33819,9.7134,-1.3668,0.1819,-11.6200,5.4600,2.1700,-0.3973,0.1867,0.0742,0
33858,10.6158,-0.6726,0.5481,-25.4100,14.2100,4.7600,-0.8689,0.4859,0.1628,0
33897,10.1562,0.7325,-0.2561,-18.0600,18.6200,-8.8900,-0.6176,0.6367,-0.3040,0
33936,9.6607,0.9359,-0.8282,-14.8400,-5.3200,-21.6300,-0.5075,-0.1819,-0.7396,0
33975,9.9982,1.2710,-0.9598,-32.1300,-16.5900,-17.2200,-1.0987,-0.5673,-0.5888,0
34014,10.3908,1.4027,-1.5032,-47.0400,-12.6000,-15.4000,-1.6085,-0.4309,-0.5266,0
34053,9.8091,1.6037,-2.0633,-51.2400,-11.9000,-24.8500,-1.7521,-0.4069,-0.8497,0
34092,9.7589,1.1011,-1.8240,-53.0600,-30.1000,-27.4400,-1.8144,-1.0293,-0.9383,0
34131,10.2137,0.7229,-1.0532,-63.4200,-33.1800,-24.7100,-2.1686,-1.1346,-0.8450,0
34170,9.9384,0.5577,-1.0795,-58.1000,-13.5800,-21.7000,-1.9867,-0.4644,-0.7420,0
34209,9.7086,0.7205,-1.2208,-59.3600,-3.7100,-15.6100,-2.0298,-0.1269,-0.5338,0
34248,9.8307,0.6630,-0.8569,-64.0500,-0.4200,-8.1200,-2.1902,-0.0144,-0.2777,0
34287,10.0341,1.0029,-0.6463,-68.2500,9.2400,-3.9900,-2.3338,0.3160,-0.1364,0
34326,10.1730,1.4266,-0.4404,-67.1300,16.1700,-5.8100,-2.2955,0.5529,-0.1987,0
34365,9.9839,1.3763,-0.7755,-65.3100,12.9500,-10.3600,-2.2333,0.4428,-0.3543,0
34404,10.2400,0.8282,-0.6678,-65.5200,12.8800,-3.5000,-2.2404,0.4404,-0.1197,0
34443,10.1921,0.7660,-0.2394,-69.0900,15.6100,-6.2300,-2.3625,0.5338,-0.2130,0
34482,9.1820,0.0024,-0.3567,-58.8000,16.9400,-2.6600,-2.0107,0.5793,-0.0910,0
34521,9.6224,0.2346,0.5362,-50.7500,11.5500,9.0300,-1.7354,0.3950,0.3088,0
34560,9.6200,0.7277,0.3590,-44.7300,10.1500,14.6300,-1.5295,0.3471,0.5003,0
34599,9.9863,0.8833,-0.0311,-37.4500,11.6900,18.4800,-1.2806,0.3997,0.6319,0
34638,9.7493,1.3237,-0.4045,-26.6000,-13.5800,23.4500,-0.9096,-0.4644,0.8019,0
34677,9.8187,1.2112,-0.3064,-29.6100,-35.0700,24.0800,-1.0125,-1.1992,0.8234,0
34716,10.5488,0.4931,-0.2729,-29.3300,-32.9000,31.8500,-1.0029,-1.1250,1.0891,0
34755,9.5075,-0.5577,0.9335,-34.3700,-26.0400,35.6300,-1.1753,-0.8904,1.2184,0
34794,9.6751,-1.7617,0.8809,-20.9300,-26.7400,40.5300,-0.7157,-0.9144,1.3859,0
34833,10.7259,-2.1974,-0.5051,8.6800,-13.0900,25.7600,0.2968,-0.4476,0.8809,0
34872,9.4238,-1.4769,-0.2992,23.7300,-2.1700,8.6100,0.8114,-0.0742,0.2944,0
34911,9.0815,-1.5678,-0.3088,27.5100,2.5200,1.6800,0.9407,0.0862,0.0574,0
34950,9.1030,-1.4553,-0.5218,31.8500,0.8400,-6.5100,1.0891,0.0287,-0.2226,0
34989,9.0264,-1.1633,-0.5434,32.3400,2.7300,-14.4200,1.1059,0.0934,-0.4931,0
35028,9.3208,-0.9814,-0.2896,32.2700,3.5700,-18.9000,1.1035,0.1221,-0.6463,0
35067,10.2448,-1.1872,0.0383,21.6300,0.7000,-22.2600,0.7396,0.0239,-0.7612,0
35106,10.7451,-1.1513,0.3303,19.3200,-5.7400,-12.3200,0.6606,-0.1963,-0.4213,0
35145,9.1150,-2.1830,0.0455,36.6800,-7.3500,-6.0900,1.2543,-0.2513,-0.2082,0
35184,10.6924,-2.1232,1.4194,41.2300,-17.9900,4.4100,1.4099,-0.6152,0.1508,0
35223,13.6318,-0.7636,-3.6910,50.1200,-41.4400,15.4700,1.7138,-1.4170,0.5290,0
35262,10.5440,0.3973,0.4739,31.9900,-9.3100,-9.5200,1.0939,-0.3184,-0.3255,0
35301,10.5440,2.1662,0.2848,28.4200,-14.8400,-26.6000,0.9718,-0.5075,-0.9096,0
35340,9.4764,2.0537,-1.2806,43.2600,3.9900,-40.8100,1.4793,0.1364,-1.3955,0
35379,8.5525,1.3213,-1.5846,41.3000,11.2000,-42.9100,1.4122,0.3830,-1.4673,0
35418,8.4591,1.9867,-1.8287,29.6100,13.9300,-28.7700,1.0125,0.4763,-0.9838,0
35457,8.9259,1.8240,-1.1968,5.8100,13.2300,-20.1600,0.1987,0.4524,-0.6894,0
35496,9.8163,1.0556,-1.6061,-6.3700,17.4300,-13.0900,-0.2178,0.5960,-0.4476,0
35535,10.1538,0.2753,-0.8162,-4.9000,22.8900,-11.3400,-0.1676,0.7827,-0.3878,0
35574,9.6799,0.7229,-0.6104,12.6700,18.7600,-18.9000,0.4332,0.6415,-0.6463,0
35613,9.7421,1.3859,-1.0771,30.1000,23.5900,-11.4100,1.0293,0.8067,-0.3902,0
35652,9.9982,0.7372,-0.8689,27.6500,30.2400,-2.2400,0.9455,1.0341,-0.0766,0
35691,10.3453,1.0412,-0.6391,8.2600,40.3200,6.4400,0.2824,1.3787,0.2202,0
35730,10.8240,2.0944,-0.5338,-22.7500,51.8000,7.2100,-0.7779,1.7713,0.2465,0
35769,9.9504,1.1872,-1.6372,-4.2700,56.9800,5.6000,-0.1460,1.9484,0.1915,0
35808,9.5482,0.5505,-1.6372,-9.7300,35.2800,7.0000,-0.3327,1.2064,0.2394,0
35847,9.7397,0.7492,0.9981,-42.1400,-0.5600,21.2100,-1.4410,-0.0191,0.7253,0
35886,11.1376,1.0364,1.3165,-6.0900,-42.6300,33.3200,-0.2082,-1.4577,1.1394,0
35925,10.1706,1.5487,1.7689,34.5800,-59.1500,23.5200,1.1825,-2.0226,0.8043,0
35964,8.7081,0.2489,2.4032,26.2500,-63.9800,13.3700,0.8976,-2.1878,0.4572,0
36003,11.2238,-1.3452,2.5253,18.9000,-41.8600,32.9700,0.6463,-1.4314,1.1274,0
36042,10.6325,-1.4075,1.2184,37.9400,-12.2500,27.0900,1.2974,-0.4189,0.9263,0
36081,9.9240,0.2872,0.5864,56.5600,-4.6900,14.7000,1.9341,-0.1604,0.5027,0
36120,9.7589,0.9742,-0.0957,57.8900,2.5200,14.6300,1.9795,0.0862,0.5003,0
36159,8.5932,0.3758,-0.1556,28.4900,0.5600,8.9600,0.9742,0.0191,0.3064,0
36198,8.1695,-0.1293,-0.8689,26.6000,-6.9300,5.0400,0.9096,-0.2370,0.1723,0
36237,8.1480,-0.0790,-1.3931,22.2600,-16.3100,-7.7700,0.7612,-0.5577,-0.2657,0
36276,9.1629,0.0168,-0.7947,2.5200,-16.8000,-24.1500,0.0862,-0.5745,-0.8258,0
36315,10.6014,-1.2519,-1.5966,-4.7600,-12.2500,-28.0000,-0.1628,-0.4189,-0.9575,0
36354,11.0466,-0.7684,0.4404,13.3700,-3.2900,-11.9000,0.4572,-0.1125,-0.4069,0
36393,10.9437,-0.4093,-0.3973,20.5100,-19.8100,-5.7400,0.7013,-0.6774,-0.1963,0
36432,10.2591,-1.2064,-0.4356,15.4000,-15.4000,-4.3400,0.5266,-0.5266,-0.1484,0
36471,13.9453,1.1083,0.5984,-2.2400,-29.2600,5.7400,-0.0766,-1.0005,0.1963,0
36510,11.4943,0.9383,-1.2208,-34.5800,-39.7600,-4.4100,-1.1825,-1.3596,-0.1508,0
36549,10.3525,-0.1795,1.5080,-52.9200,-16.4500,-15.6100,-1.8096,-0.5625,-0.5338,0
36588,9.5770,-0.1364,0.7947,13.1600,9.8700,-24.0800,0.4500,0.3375,-0.8234,0
36627,9.3520,2.8772,-1.0747,15.7500,10.5000,-7.9100,0.5386,0.3590,-0.2705,0
36666,9.8283,3.5043,-0.9503,-5.9500,16.8000,-16.8000,-0.2035,0.5745,-0.5745,0
36705,8.8469,3.6024,-0.6702,-38.7100,19.2500,-26.2500,-1.3237,0.6583,-0.8976,0
36744,9.3615,2.8867,-1.1896,-71.7500,18.1300,-10.3600,-2.4535,0.6200,-0.3543,0
36783,10.2017,1.3261,-0.6630,-88.9700,31.0800,-6.0200,-3.0423,1.0628,-0.2059,0
36822,9.9432,0.5027,-1.0795,-69.7200,30.1000,-14.6300,-2.3841,1.0293,-0.5003,0
36861,9.8833,0.7061,-0.2872,-44.9400,31.9900,-14.4200,-1.5367,1.0939,-0.4931,0
36900,10.8671,0.5553,0.0239,-40.1100,34.5800,-8.1200,-1.3716,1.1825,-0.2777,0
36939,9.9599,0.0694,-0.1388,-46.9700,27.8600,1.4000,-1.6061,0.9527,0.0479,0
36978,9.9528,0.7085,0.7444,-43.1900,28.5600,14.2800,-1.4769,0.9766,0.4883,0
37017,9.1581,1.0293,-1.3572,-25.4800,30.9400,5.1800,-0.8713,1.0580,0.1771,0
37056,10.0030,0.9239,0.0646,-45.4300,-11.0600,21.8400,-1.5535,-0.3782,0.7468,0
37095,10.0389,1.0556,1.7498,-59.9900,-41.5100,26.6000,-2.0513,-1.4194,0.9096,0
37134,8.1168,0.2944,2.4008,-41.1600,-37.1700,8.0500,-1.4075,-1.2710,0.2753,0
37173,8.2126,-0.5936,1.1250,-15.8200,-53.1300,18.4800,-0.5410,-1.8168,0.6319,0
37212,14.1775,-1.6540,0.1676,-6.5100,-36.0500,55.0900,-0.2226,-1.2327,1.8838,0
37251,12.4876,1.3716,0.7325,12.9500,-8.6800,28.7000,0.4428,-0.2968,0.9814,0
37290,9.2083,2.8484,-0.1843,31.5700,18.4100,3.7100,1.0795,0.6295,0.1269,0
37329,7.8009,1.9987,-1.2399,23.2400,44.6600,4.2700,0.7947,1.5271,0.1460,0
37368,7.1402,1.3524,-0.4835,-8.4700,42.8400,-0.3500,-0.2896,1.4649,-0.0120,0
37407,9.7397,2.1471,1.1920,-41.5100,25.6900,-2.0300,-1.4194,0.8785,-0.0694,0
37446,11.2980,-0.3064,-4.0859,-89.3200,10.9900,8.1900,-3.0543,0.3758,0.2801,0
37485,12.0520,0.7085,4.2200,-23.2400,13.3000,-12.3200,-0.7947,0.4548,-0.4213,0
37524,11.2142,5.1942,-0.1771,0.1400,31.5000,-50.1200,0.0048,1.0771,-1.7138,0
37563,9.6296,4.2511,-2.3099,-37.3800,39.0600,-44.1000,-1.2782,1.3357,-1.5080,0
37602,8.4041,0.1436,0.0790,-86.7300,54.6700,-11.4800,-2.9657,1.8694,-0.3926,0
37641,4.7753,2.8221,-0.4021,-84.0000,32.3400,5.6000,-2.8724,1.1059,0.1915,0
37680,4.8639,0.5936,-1.0867,-115.9900,26.8800,33.9500,-3.9663,0.9192,1.1609,0
37719,5.2301,0.1987,-1.6732,-138.4600,24.7100,62.5800,-4.7346,0.8450,2.1399,0
37758,8.2916,0.5553,-0.7540,-111.5800,-19.1800,56.8400,-3.8155,-0.6559,1.9436,0
37797,15.3552,-0.0455,3.7101,-96.9500,11.7600,53.3400,-3.3152,0.4021,1.8240,0
37836,11.8461,2.0585,0.7731,-67.7600,77.4200,37.3800,-2.3170,2.6474,1.2782,0
37875,6.8506,-0.1604,-2.7455,-73.3600,108.9200,57.0500,-2.5085,3.7245,1.9508,0
37914,6.1397,-1.4936,0.1317,-107.3800,142.3800,93.3800,-3.6718,4.8687,3.1931,0
37953,7.8679,-2.1543,-0.6606,-105.1400,163.5200,122.0100,-3.5952,5.5915,4.1721,0
37992,1.6588,-11.2286,5.2373,-108.8500,235.2000,165.2700,-3.7221,8.0426,5.6514,0
38031,-0.2059,-14.6898,15.6209,-38.7100,220.2200,184.4500,-1.3237,7.5304,6.3072,0
38070,3.7030,-9.1389,13.9621,18.3400,246.1200,223.9300,0.6271,8.4160,7.6573,0
38109,-4.8399,-19.2137,9.7661,-31.2200,228.5500,150.4300,-1.0676,7.8152,5.1439,0
38148,-12.6432,-21.0377,13.9932,11.9700,164.8500,123.6900,0.4093,5.6370,4.2296,0
38187,-10.8695,-16.2025,9.3160,64.1200,73.4300,113.5400,2.1926,2.5109,3.8825,0
38226,-9.6751,-11.3267,8.6961,27.2300,41.0200,68.4600,0.9311,1.4027,2.3410,1
38265,-6.0607,-6.5562,3.9998,38.9900,33.9500,30.5900,1.3333,1.1609,1.0460,0
38304,-4.1051,-3.9854,2.1208,71.6100,45.5700,-5.7400,2.4487,1.5583,-0.1963,0
38343,-2.0896,-0.1125,1.1130,77.9800,8.4700,-22.1200,2.6665,0.2896,-0.7564,0
38382,-0.1532,3.5522,1.4099,42.9100,-21.1400,-34.3000,1.4673,-0.7229,-1.1729,0
38421,-0.1125,2.9801,1.4003,-11.0600,-15.1900,-29.4700,-0.3782,-0.5194,-1.0077,0
38460,-0.3064,1.2567,2.4056,-37.1000,-7.2800,-16.5200,-1.2686,-0.2489,-0.5649,0
38499,-0.9742,-3.8609,3.7173,-7.0000,-11.6200,-18.9700,-0.2394,-0.3973,-0.6487,0
38538,-3.2984,-4.2152,6.9607,-17.2900,-24.3600,-28.5600,-0.5912,-0.8330,-0.9766,0
38577,-6.4293,-8.0953,10.6661,-14.3500,-44.5200,-38.0100,-0.4907,-1.5224,-1.2997,0
38616,-7.2312,-14.2565,14.6443,23.4500,-83.9300,-58.5200,0.8019,-2.8700,-2.0011,0
38655,-7.2025,-13.5121,12.3416,81.4100,-79.2400,-77.9800,2.7838,-2.7096,-2.6665,0
38694,-3.2458,-6.2019,11.7600,92.3300,-107.5200,-54.3900,3.1572,-3.6766,-1.8599,0
38733,1.8982,-2.6474,10.5703,64.2600,-103.3900,-39.6900,2.1974,-3.5354,-1.3572,0
38772,7.9301,-0.8665,9.1868,-13.4400,-48.4400,9.1000,-0.4596,-1.6564,0.3112,0
38811,6.2809,-4.3109,8.2652,-2.2400,15.0500,-38.7100,-0.0766,0.5146,-1.3237,0
38850,2.7359,-2.7240,6.6232,7.7700,-6.2300,-39.2000,0.2657,-0.2130,-1.3404,0
38889,2.5708,-2.4607,6.2522,11.8300,-5.3200,-10.4300,0.4045,-0.1819,-0.3567,0
38928,2.4463,-1.9269,6.7142,-8.8900,-12.9500,-1.2600,-0.3040,-0.4428,-0.0431,0
38967,3.5593,-2.3601,7.7027,-19.6700,-19.9500,0.5600,-0.6726,-0.6822,0.0191,0
39006,4.8519,-2.5157,7.5974,-15.1900,-12.6700,-4.9000,-0.5194,-0.4332,-0.1676,0
39045,4.7633,-2.7000,7.3150,-11.3400,-9.1000,-10.1500,-0.3878,-0.3112,-0.3471,0
39084,4.2726,-2.7383,7.5424,-25.3400,3.0100,-8.2600,-0.8665,0.1029,-0.2824,0
39123,4.0668,-3.8131,8.2581,-52.8500,6.0900,-0.7000,-1.8072,0.2082,-0.0239,0
39162,3.6335,-5.9171,7.4897,-53.0600,18.9000,2.9400,-1.8144,0.6463,0.1005,0
39201,2.7168,-7.4825,8.1623,-47.1800,28.3500,6.4400,-1.6133,0.9694,0.2202,0
39240,1.2926,-7.6836,8.3730,-20.0900,28.7700,7.8400,-0.6870,0.9838,0.2681,0
39279,0.7923,-7.2671,8.1815,-7.9100,24.2900,9.3800,-0.2705,0.8306,0.3207,0
39318,0.6319,-6.7118,8.0402,-2.3800,23.5200,12.8800,-0.0814,0.8043,0.4404,0
39357,0.0144,-6.1995,7.7075,-3.6400,17.5700,12.8100,-0.1245,0.6008,0.4380,0
39396,-0.3950,-6.5418,7.7602,-10.4300,9.8700,11.8300,-0.3567,0.3375,0.4045,0
39435,-0.4859,-6.6447,7.4107,-11.0600,0.8400,12.0400,-0.3782,0.0287,0.4117,0
39474,-0.1699,-6.7764,6.9296,-7.0000,-5.0400,11.2000,-0.2394,-0.1723,0.3830,0
39513,0.0646,-6.6424,6.7118,-2.1000,-8.9600,6.8600,-0.0718,-0.3064,0.2346,0
39552,0.2011,-6.4102,6.9463,-0.9100,-10.5700,3.3600,-0.0311,-0.3614,0.1149,0
39591,0.3973,-6.1852,7.1019,-2.6600,-13.5100,1.4000,-0.0910,-0.4620,0.0479,0
39630,0.9455,-6.4221,7.5759,-6.0900,-15.1200,-0.9100,-0.2082,-0.5170,-0.0311,0
39669,1.4721,-6.3288,7.7841,-0.7700,-15.8200,-2.6600,-0.0263,-0.5410,-0.0910,0
39708,1.8694,-6.4221,7.6333,1.4700,-13.5800,-2.3800,0.0503,-0.4644,-0.0814,0
39747,2.1639,-6.3886,7.7674,2.3100,-11.7600,-2.4500,0.0790,-0.4021,-0.0838,0
39786,2.4439,-6.4006,7.6573,3.5700,-9.6600,-0.7000,0.1221,-0.3303,-0.0239,0
39825,2.4774,-5.9913,7.6525,6.7200,-5.3900,-0.4900,0.2298,-0.1843,-0.0168,0
39864,2.1184,-5.7878,7.4275,1.8900,-0.6300,0.7000,0.0646,-0.0215,0.0239,0
39903,1.8359,-5.9003,7.2551,-0.5600,1.7500,2.9400,-0.0191,0.0598,0.1005,0
39942,1.6372,-6.1852,7.3365,-1.8900,3.9900,4.2700,-0.0646,0.1364,0.1460,0
39981,1.4434,-6.5131,7.5352,-1.8900,4.6900,3.5000,-0.0646,0.1604,0.1197,0
40020,1.1609,-6.2354,7.4969,3.5700,3.6400,1.1900,0.1221,0.1245,0.0407,0
40059,1.2471,-6.1469,7.4538,2.8000,2.7300,-0.4900,0.0957,0.0934,-0.0168,0
40098,1.2758,-6.2977,7.5615,3.9900,0.6300,-2.4500,0.1364,0.0215,-0.0838,0
40137,1.2519,-6.3455,7.4227,2.8000,-1.2600,-2.5200,0.0957,-0.0431,-0.0862,0
40176,1.3237,-6.0679,7.3748,4.4800,-1.4700,-1.4700,0.1532,-0.0503,-0.0503,0
40215,1.2495,-6.0775,7.6333,3.8500,-2.3100,-1.6100,0.1317,-0.0790,-0.0551,0
40254,1.2351,-5.9554,7.6022,3.1500,-4.3400,-1.1900,0.1077,-0.1484,-0.0407,0
40293,1.6277,-6.0415,7.5471,-0.2800,-3.5700,0.0000,-0.0096,-0.1221,0.0000,0
40332,1.7521,-6.0320,7.4897,1.1900,-2.3800,0.9100,0.0407,-0.0814,0.0311,0
40371,1.7138,-5.7423,7.5184,-3.8500,-2.8000,0.9100,-0.1317,-0.0957,0.0311,0
40410,1.7569,-5.9841,7.4993,-2.9400,-1.3300,1.6800,-0.1005,-0.0455,0.0574,0
40449,1.6492,-6.1684,7.5041,-5.5300,0.1400,1.5400,-0.1891,0.0048,0.0527,0
40488,1.6109,-6.1540,7.6620,-2.5900,-0.6300,0.9100,-0.0886,-0.0215,0.0311,0
40527,1.5104,-6.1828,7.5424,0.1400,-0.3500,1.2600,0.0048,-0.0120,0.0431,0
40566,1.4769,-6.3814,7.5495,1.2600,-2.3800,0.9800,0.0431,-0.0814,0.0335,0
40605,1.5343,-6.1014,7.1546,-6.3000,-1.0500,0.7700,-0.2154,-0.0359,0.0263,0
40644,1.5750,-6.2306,7.4586,-2.4500,-0.0700,0.2100,-0.0838,-0.0024,0.0072,0
40683,1.5391,-6.3958,7.5448,1.1900,-0.4900,0.2800,0.0407,-0.0168,0.0096,0
40722,1.4482,-6.3384,7.6309,6.2300,-0.0700,-0.4200,0.2130,-0.0024,-0.0144,0
40761,1.6085,-6.0679,7.1546,7.2800,-1.3300,-1.0500,0.2489,-0.0455,-0.0359,0
40800,1.5271,-5.9650,7.3221,0.4900,-2.2400,-1.3300,0.0168,-0.0766,-0.0455,0
40839,1.5343,-6.2115,7.5854,0.5600,-2.8700,-0.5600,0.0191,-0.0981,-0.0191,0
40878,1.7067,-6.3120,7.6237,2.3100,-1.1200,0.2100,0.0790,-0.0383,0.0072,0
40917,1.7402,-6.0966,7.5424,3.9200,0.2800,-0.7000,0.1340,0.0096,-0.0239,0
40956,1.5942,-6.2929,7.3006,2.1000,1.7500,-1.0500,0.0718,0.0598,-0.0359,0
40995,1.3333,-6.0870,7.3604,0.7000,-0.0700,-0.6300,0.0239,-0.0024,-0.0215,0
41034,1.6803,-6.3240,7.5950,1.3300,-0.5600,0.2100,0.0455,-0.0191,0.0072,0
41073,1.5607,-6.0631,7.4562,4.4100,-0.4200,-0.2800,0.1508,-0.0144,-0.0096,0
41112,1.6013,-5.9626,7.5974,2.6600,-0.2800,-0.2800,0.0910,-0.0096,-0.0096,0
41151,1.6468,-5.9937,7.5328,1.9600,-0.2800,0.2100,0.0670,-0.0096,0.0072,0
41190,1.6516,-6.0224,7.5831,0.6300,-0.2100,-0.2800,0.0215,-0.0072,-0.0096,0
41229,1.6971,-6.0822,7.4682,-1.0500,0.8400,-0.2100,-0.0359,0.0287,-0.0072,0
41268,1.4769,-6.0727,7.6022,0.3500,0.5600,0.0000,0.0120,0.0191,0.0000,0
41307,1.5702,-6.0942,7.6884,0.0000,-0.1400,0.0000,0.0000,-0.0048,0.0000,0
41346,1.6013,-6.1540,7.4275,0.9100,0.1400,0.6300,0.0311,0.0048,0.0215,0
41385,1.5439,-6.1158,7.5376,0.4200,0.4900,0.0700,0.0144,0.0168,0.0024,0
41424,1.5463,-6.1828,7.5041,0.9100,-0.5600,-0.0700,0.0311,-0.0191,-0.0024,0
41463,1.5846,-6.0248,7.4586,2.3100,-1.0500,-0.1400,0.0790,-0.0359,-0.0048,0
41502,1.5511,-6.0942,7.6214,2.1000,-1.2600,-0.5600,0.0718,-0.0431,-0.0191,0
41541,1.6564,-6.0751,7.5735,0.4200,-1.9600,0.0000,0.0144,-0.0670,0.0000,0
41580,1.6229,-6.1373,7.5783,2.6600,-1.6100,-0.0700,0.0910,-0.0551,-0.0024,0
41619,1.6947,-6.0439,7.6142,2.4500,-1.2600,0.2100,0.0838,-0.0431,0.0072,0
41658,1.6540,-6.0272,7.6501,2.2400,-1.2600,-0.2100,0.0766,-0.0431,-0.0072,0
41697,1.7115,-6.0368,7.4873,2.1700,-0.3500,0.1400,0.0742,-0.0120,0.0048,0
41736,1.5822,-6.0511,7.6214,2.0300,-0.7000,-0.0700,0.0694,-0.0239,-0.0024,0
41775,1.6660,-5.9626,7.4658,1.7500,-1.2600,0.1400,0.0598,-0.0431,0.0048,0
41814,1.6923,-5.8716,7.6357,0.0000,-0.7000,0.3500,0.0000,-0.0239,0.0120,0
41853,1.6325,-5.8333,7.7075,0.3500,-0.7700,0.3500,0.0120,-0.0263,0.0120,0
41892,1.5439,-5.9650,7.7291,-0.4200,-0.3500,0.9100,-0.0144,-0.0120,0.0311,0
41931,1.7186,-6.0032,7.5424,0.2800,-0.5600,0.1400,0.0096,-0.0191,0.0048,0
41970,1.7306,-5.8596,7.4275,0.2100,-0.6300,-0.1400,0.0072,-0.0215,-0.0048,0
42009,1.7713,-6.0631,7.4969,-0.9100,-0.2100,0.5600,-0.0311,-0.0072,0.0191,0
42048,1.6253,-6.1062,7.6716,-0.7700,-0.4900,1.1200,-0.0263,-0.0168,0.0383,0
42087,1.6636,-6.2378,7.6357,-0.5600,-0.4200,0.7000,-0.0191,-0.0144,0.0239,0
42126,1.5774,-6.1421,7.6573,1.2600,-0.0700,0.2800,0.0431,-0.0024,0.0096,0
42165,1.6349,-5.9841,7.4873,0.7000,-0.2800,0.2100,0.0239,-0.0096,0.0072,0
42204,1.7162,-6.0775,7.4945,0.2800,0.4200,0.4200,0.0096,0.0144,0.0144,0
42243,1.6349,-5.9889,7.6357,1.4700,0.2800,0.3500,0.0503,0.0096,0.0120,0
42282,1.6468,-6.0152,7.6022,1.4000,0.0000,0.3500,0.0479,0.0000,0.0120,0
42321,1.5607,-5.9362,7.4897,1.6800,-0.3500,0.2100,0.0574,-0.0120,0.0072,0
42360,1.5271,-6.0918,7.6692,0.8400,-1.3300,0.0700,0.0287,-0.0455,0.0024,0
42399,1.7210,-6.0751,7.6070,0.2800,-1.5400,0.1400,0.0096,-0.0527,0.0048,0
42438,1.7402,-5.9434,7.6118,1.4000,-0.8400,-0.2100,0.0479,-0.0287,-0.0072,0
42477,1.6612,-5.9051,7.5424,0.8400,-0.4200,-0.3500,0.0287,-0.0144,-0.0120,0
42516,1.6325,-6.0200,7.6190,0.7700,0.2100,0.1400,0.0263,0.0072,0.0048,0
42555,1.6181,-5.9506,7.6501,1.1200,-0.4200,0.1400,0.0383,-0.0144,0.0048,0
42594,1.7234,-5.9003,7.5280,-0.4200,-0.5600,0.2100,-0.0144,-0.0191,0.0072,0
42633,1.6875,-6.1110,7.6884,-0.2800,0.0700,0.4200,-0.0096,0.0024,0.0144,0
42672,1.5870,-5.9745,7.6549,0.0000,-0.9800,0.4200,0.0000,-0.0335,0.0144,0
42711,1.7138,-6.0655,7.5998,-0.9800,-0.4200,0.4900,-0.0335,-0.0144,0.0168,0
42750,1.6827,-6.0894,7.5232,0.7700,0.2100,0.3500,0.0263,0.0072,0.0120,0
42789,1.6253,-5.9673,7.4921,-0.2800,-0.4200,0.0000,-0.0096,-0.0144,0.0000,0
42828,1.6085,-6.1062,7.6692,0.4200,0.0700,0.4900,0.0144,0.0024,0.0168,0
42867,1.6516,-5.8836,7.4945,-1.0500,-1.4700,0.5600,-0.0359,-0.0503,0.0191,0
42906,1.7569,-6.0439,7.6214,-3.3600,0.7000,0.9100,-0.1149,0.0239,0.0311,0
42945,1.7450,-6.1517,8.6434,-0.7000,-0.9100,1.4700,-0.0239,-0.0311,0.0503,0
42984,1.8311,-5.7950,7.9086,5.6700,-6.3000,1.8900,0.1939,-0.2154,0.0646,0
43023,1.8862,-5.1224,8.8828,-11.2700,2.6600,2.0300,-0.3854,0.0910,0.0694,0
43062,1.2974,-5.8740,9.0312,-16.3800,19.6700,1.3300,-0.5601,0.6726,0.0455,0
43101,2.1351,-6.2283,7.3389,-13.8600,27.0200,-5.3900,-0.4739,0.9239,-0.1843,0
43140,1.1489,-5.7902,7.8823,5.6700,36.8900,-11.5500,0.1939,1.2614,-0.3950,0
43179,0.9431,-7.4682,7.6166,-18.4800,27.7200,-22.8900,-0.6319,0.9479,-0.7827,0
43218,-0.0718,-7.2647,6.0415,-8.3300,17.9200,-12.4600,-0.2848,0.6128,-0.4261,0
43257,0.5314,-6.6711,5.6155,0.4900,2.0300,-2.3800,0.0168,0.0694,-0.0814,0
43296,0.9958,-5.1679,5.4862,-2.5200,0.8400,10.0100,-0.0862,0.0287,0.3423,0
43335,0.7229,-5.9769,6.2402,-27.3000,-10.7100,27.6500,-0.9335,-0.3662,0.9455,0
43374,0.2298,-4.3828,6.5801,-28.0700,-34.1600,41.4400,-0.9598,-1.1681,1.4170,0
43413,1.1083,-4.7322,6.9416,-30.1700,-48.0200,40.5300,-1.0317,-1.6420,1.3859,0
43452,1.7330,-4.7155,7.4682,-27.8600,-58.8700,32.1300,-0.9527,-2.0131,1.0987,0
43491,3.1117,-5.6035,6.2594,-32.0600,-66.1500,24.7800,-1.0963,-2.2620,0.8473,0
43530,3.4133,-6.6495,6.8267,-40.1800,-56.3500,18.6200,-1.3739,-1.9269,0.6367,0
43569,2.2859,-8.2652,7.0421,-44.2400,-32.9700,15.2600,-1.5128,-1.1274,0.5218,0
43608,0.6559,-9.0240,6.4987,-24.2200,-17.7800,6.5800,-0.8282,-0.6080,0.2250,0
43647,-0.2202,-8.9642,6.0296,-16.9400,-20.7200,-8.6100,-0.5793,-0.7085,-0.2944,0
43686,1.0197,-9.1150,5.5054,-24.0800,-22.5400,-14.7000,-0.8234,-0.7708,-0.5027,0
43725,1.2088,-9.0551,4.7610,-13.1600,-25.0600,-16.4500,-0.4500,-0.8569,-0.5625,0
43764,0.8019,-8.6554,5.4240,-14.1400,-25.9700,-21.0000,-0.4835,-0.8880,-0.7181,0
43803,0.8306,-8.4328,5.6322,-10.4300,-33.1100,-24.5700,-0.3567,-1.1322,-0.8402,0
43842,2.1016,-8.6339,5.0889,-7.3500,-38.9900,-31.7100,-0.2513,-1.3333,-1.0843,0
43881,2.4080,-8.4639,5.0195,-1.7500,-47.2500,-40.9500,-0.0598,-1.6157,-1.4003,0
43920,3.2123,-8.5525,4.9117,-0.8400,-47.1100,-40.8800,-0.0287,-1.6109,-1.3979,0
43959,3.4851,-7.9421,5.0458,4.8300,-44.7300,-42.4200,0.1652,-1.5295,-1.4505,0
43998,3.1835,-7.5400,4.7777,5.2500,-43.2600,-40.7400,0.1795,-1.4793,-1.3931,0
44037,3.3607,-7.4586,4.2176,14.3500,-43.4000,-39.2000,0.4907,-1.4841,-1.3404,0
44076,3.9519,-7.5448,3.7987,20.0200,-44.0300,-36.9600,0.6846,-1.5056,-1.2638,0
44115,4.3014,-6.5777,3.2673,25.4800,-52.7800,-36.3300,0.8713,-1.8048,-1.2423,0
44154,6.0607,-6.2761,4.2415,2.5900,-61.2500,-35.6300,0.0886,-2.0944,-1.2184,0
44193,6.9607,-5.8884,4.7466,5.2500,-53.6900,-36.1900,0.1795,-1.8359,-1.2375,0
44232,8.8708,-6.0320,4.3899,-2.9400,-53.9000,-40.2500,-0.1005,-1.8431,-1.3763,0
44271,8.6458,-6.1947,3.9519,-3.5000,-32.6900,-46.6200,-0.1197,-1.1178,-1.5942,0
44310,7.2575,-6.9870,2.7216,6.3000,-31.6400,-57.6800,0.2154,-1.0819,-1.9724,0
44349,7.7243,-6.0703,3.4899,-8.7500,-44.5200,-46.9000,-0.2992,-1.5224,-1.6037,0
44388,6.9296,-6.0631,2.6186,3.2200,-36.4000,-47.1100,0.1101,-1.2447,-1.6109,0
44427,6.8697,-5.9003,2.8460,-8.1200,-42.7700,-47.0400,-0.2777,-1.4625,-1.6085,0
44466,7.9636,-6.3479,3.4157,-12.0400,-63.3500,-48.1600,-0.4117,-2.1662,-1.6468,0
44505,9.3280,-5.3043,3.5139,-12.8800,-66.2200,-44.7300,-0.4404,-2.2644,-1.5295,0
44544,9.3424,-4.5982,3.3559,-18.9000,-53.9000,-46.0600,-0.6463,-1.8431,-1.5750,0
44583,9.7708,-4.6221,3.3631,-30.5200,-64.7500,-30.8000,-1.0436,-2.2141,-1.0532,0
44622,11.8557,-4.9189,3.4421,-35.0000,-55.1600,-15.7500,-1.1968,-1.8862,-0.5386,0
44661,10.9294,-5.7112,-0.9718,-59.0100,-30.0300,-40.8100,-2.0178,-1.0269,-1.3955,0
44700,11.0802,-4.5407,-0.5505,-19.8800,-40.3900,-44.8700,-0.6798,-1.3811,-1.5343,0
44739,10.8480,-3.9639,-1.7617,-16.3800,-19.8100,-41.0900,-0.5601,-0.6774,-1.4051,0
44778,9.8498,-3.7437,-1.5295,-1.3300,1.1900,-48.5100,-0.0455,0.0407,-1.6588,0
44817,8.1240,-2.1902,-1.7043,1.6100,-2.2400,-43.4700,0.0551,-0.0766,-1.4865,0
44856,9.8259,-2.2548,-2.7503,-9.8700,-26.0400,-41.3700,-0.3375,-0.8904,-1.4146,0
44895,10.9677,-3.0184,-1.8120,-12.8100,-16.9400,-43.8200,-0.4380,-0.5793,-1.4984,0
44934,10.5895,-2.5061,-1.3261,-13.9300,1.2600,-40.1100,-0.4763,0.0431,-1.3716,0
44973,9.9528,-2.1734,-1.9700,-18.6900,2.3800,-38.7100,-0.6391,0.0814,-1.3237,0
45012,10.4578,-0.8833,-0.6678,-18.0600,2.0300,-38.0800,-0.6176,0.0694,-1.3021,0
45051,8.9929,-0.2824,-0.6965,-27.4400,4.2000,-33.6000,-0.9383,0.1436,-1.1489,0
45090,8.1623,-0.2753,-0.3207,-29.8200,1.8200,-29.8900,-1.0197,0.0622,-1.0221,0
45129,8.8182,0.4404,0.3160,-35.2100,-4.0600,-23.9400,-1.2040,-0.1388,-0.8186,0
45168,8.7655,0.6008,-0.4165,-31.1500,-2.8000,-23.8700,-1.0652,-0.0957,-0.8162,0
45207,8.6075,0.7516,-0.1556,-43.0500,-2.4500,-19.2500,-1.4721,-0.0838,-0.6583,0
45246,9.4716,0.3902,-0.1580,-53.8300,4.0600,-19.5300,-1.8407,0.1388,-0.6678,0
45285,9.1724,-0.0527,-0.5936,-48.2300,3.0100,-24.5700,-1.6492,0.1029,-0.8402,0
45324,8.5453,0.6822,-0.9120,-37.8000,2.3800,-17.3600,-1.2926,0.0814,-0.5936,0
45363,8.3035,0.8497,-0.6559,-46.6200,1.3300,-7.0000,-1.5942,0.0455,-0.2394,0
45402,9.2323,1.0843,-0.1293,-71.4000,3.8500,7.9800,-2.4415,0.1317,0.2729,0
45441,9.3137,0.6104,-0.9048,-79.0300,7.4200,14.7700,-2.7024,0.2537,0.5051,0
45480,10.8911,0.1173,-0.5888,-73.4300,12.5300,17.2200,-2.5109,0.4285,0.5888,0
45519,10.4817,0.5434,0.3303,-63.3500,16.6600,5.9500,-2.1662,0.5697,0.2035,0
45558,8.7559,0.7444,0.0551,-56.3500,7.4900,-8.8900,-1.9269,0.2561,-0.3040,0
45597,9.5123,-0.3758,-0.2178,-59.2200,9.7300,2.3800,-2.0250,0.3327,0.0814,0
45636,10.5799,-0.5434,-0.3423,-58.6600,24.0800,8.1900,-2.0059,0.8234,0.2801,0
45675,10.2352,0.2274,1.0987,-44.2400,18.9000,2.5200,-1.5128,0.6463,0.0862,0
45714,9.4836,1.1418,2.0011,-40.3200,26.2500,11.2700,-1.3787,0.8976,0.3854,0
45753,9.1772,0.5984,1.4146,-42.0000,13.9300,9.8700,-1.4362,0.4763,0.3375,0
45792,9.3783,-0.5457,0.3854,-45.0800,6.5800,6.2300,-1.5415,0.2250,0.2130,0
45831,9.6057,-0.8426,0.8162,-56.7700,0.7000,10.5700,-1.9412,0.0239,0.3614,0
45870,9.4884,-1.0939,0.0646,-50.1900,-5.3900,12.4600,-1.7162,-0.1843,0.4261,0
45909,10.1323,-2.5612,-0.5864,-45.5700,-6.6500,11.4800,-1.5583,-0.2274,0.3926,0
45948,9.9863,-2.3027,-0.4093,-38.6400,-5.8800,7.6300,-1.3213,-0.2011,0.2609,0
45987,9.1222,-1.8886,0.3926,-25.4100,-3.0100,1.9600,-0.8689,-0.1029,0.0670,0
46026,9.8067,-1.8623,-0.2657,-17.8500,-4.5500,-1.7500,-0.6104,-0.1556,-0.0598,0
46065,10.1514,-1.6301,-0.0551,-24.4300,-7.2100,3.2900,-0.8354,-0.2465,0.1125,0
46104,9.0982,-1.7833,0.5625,-32.2000,-4.4800,-3.4300,-1.1011,-0.1532,-0.1173,0
46143,9.0240,-2.3936,-0.0144,-23.3800,-15.8200,-11.6200,-0.7995,-0.5410,-0.3973,0
46182,9.2969,-3.0040,0.5003,-2.8000,-28.0700,-10.5000,-0.0957,-0.9598,-0.3590,0
46221,10.5153,-2.2213,-0.4237,11.6900,-34.3000,-10.5000,0.3997,-1.1729,-0.3590,0
46260,12.1549,-0.6702,0.2872,12.5300,-36.1900,3.5000,0.4285,-1.2375,0.1197,0
46299,10.6062,0.1484,-1.9484,22.0500,-17.5700,-9.5200,0.7540,-0.6008,-0.3255,0
46338,10.0557,-0.8402,-0.0670,4.1300,-31.5700,-19.8800,0.1412,-1.0795,-0.6798,0
46377,9.4884,-0.5410,-0.3351,7.4900,-25.7600,-16.8700,0.2561,-0.8809,-0.5769,0
46416,9.0216,-0.2346,-0.7372,16.1000,-13.0900,-11.0600,0.5505,-0.4476,-0.3782,0
46455,10.4147,-0.4356,-0.9383,38.8500,-12.6700,-10.4300,1.3285,-0.4332,-0.3567,0
46494,10.9365,-0.9168,-1.0556,58.5200,-6.7900,-14.9100,2.0011,-0.2322,-0.5098,0
46533,9.6631,-0.1436,-0.8856,68.1800,6.6500,-19.1800,2.3314,0.2274,-0.6559,0
46572,9.0599,1.3189,-1.6277,72.3800,16.7300,-9.6600,2.4750,0.5721,-0.3303,0
46611,10.1155,0.9024,-3.4660,79.0300,3.4300,-2.0300,2.7024,0.1173,-0.0694,0
46650,10.2328,0.7779,-1.9101,45.4300,-3.5700,-7.3500,1.5535,-0.1221,-0.2513,0
46689,10.0653,0.5960,-1.6061,37.5900,6.7200,-13.7900,1.2854,0.2298,-0.4715,0
46728,9.6057,0.4979,-1.7809,35.7000,8.8200,-11.6900,1.2208,0.3016,-0.3997,0
46767,9.9312,0.5553,-1.1226,30.8000,34.3700,-2.3100,1.0532,1.1753,-0.0790,0
46806,10.0533,0.2202,-0.4380,36.4000,51.8700,4.2700,1.2447,1.7737,0.1460,0
46845,9.6344,0.3160,0.4452,39.3400,23.1000,12.4600,1.3452,0.7899,0.4261,0
46884,9.7732,1.1106,-0.5194,34.3700,11.2000,10.0800,1.1753,0.3830,0.3447,0
46923,9.7373,1.3045,-1.6085,36.0500,3.5000,9.2400,1.2327,0.1197,0.3160,0
46962,10.5177,1.1130,-1.2519,9.8700,0.5600,12.1100,0.3375,0.0191,0.4141,0
47001,10.6685,0.9718,-0.2609,-4.6900,2.9400,8.4000,-0.1604,0.1005,0.2872,0
47040,10.4147,0.4261,0.1508,1.8900,8.2600,-2.8700,0.0646,0.2824,-0.0981,0
47079,10.3070,-0.3088,0.9527,8.6800,9.8000,-8.5400,0.2968,0.3351,-0.2920,0
47118,9.4477,-0.2178,1.1178,6.5800,3.3600,-8.4700,0.2250,0.1149,-0.2896,0
47157,9.1246,-0.3351,0.7061,-1.2600,5.8100,-3.4300,-0.0431,0.1987,-0.1173,0
47196,10.3860,-1.8287,-0.1460,-5.7400,-1.8900,13.5100,-0.1963,-0.0646,0.4620,0
47235,9.6488,-1.1561,0.0407,-6.4400,-9.4500,-7.9100,-0.2202,-0.3231,-0.2705,0
47274,9.0910,-1.3213,-1.1489,30.0300,2.0300,-16.3800,1.0269,0.0694,-0.5601,0
47313,10.5512,-0.0168,-0.1221,44.0300,-3.0100,0.2100,1.5056,-0.1029,0.0072,0
47352,9.8786,0.7348,0.7061,32.0600,3.4300,6.3700,1.0963,0.1173,0.2178,0
47391,9.4980,0.8761,1.1633,7.6300,12.8800,4.5500,0.2609,0.4404,0.1556,0
47430,10.2639,0.8928,0.7923,-15.1200,8.1200,3.4300,-0.5170,0.2777,0.1173,0
47469,10.8121,-0.7684,-0.4452,-5.1800,-4.4800,-5.3200,-0.1771,-0.1532,-0.1819,0
47508,10.0461,-1.5798,0.5434,2.8700,-6.7200,-11.4800,0.0981,-0.2298,-0.3926,0
47547,9.3304,-0.6894,0.9000,3.0800,1.4000,-0.6300,0.1053,0.0479,-0.0215,0
47586,9.8666,0.2633,0.3351,-0.9100,9.1000,15.6100,-0.0311,0.3112,0.5338,0
47625,10.5009,-0.0527,0.0862,7.4200,5.3200,10.7800,0.2537,0.1819,0.3686,0
47664,9.9911,-0.4404,0.3519,10.9200,-7.2100,-4.8300,0.3734,-0.2465,-0.1652,0
47703,9.7900,-0.4859,0.3064,10.7800,-1.7500,0.6300,0.3686,-0.0598,0.0215,0
47742,10.1179,-0.0335,0.1125,6.4400,0.9800,5.3900,0.2202,0.0335,0.1843,0
47781,10.1155,0.2059,0.1771,2.8700,-0.1400,3.2200,0.0981,-0.0048,0.1101,0
47820,10.2041,-0.0694,0.1604,3.2200,0.5600,-0.2800,0.1101,0.0191,-0.0096,0
47859,10.0294,-0.0574,0.2872,0.8400,-0.2800,-3.3600,0.0287,-0.0096,-0.1149,0
47898,9.8259,-0.0622,0.1053,-0.9800,0.9100,-2.9400,-0.0335,0.0311,-0.1005,0
47937,9.7756,-0.1795,0.0598,-2.4500,-0.4900,0.4900,-0.0838,-0.0168,0.0168,0
47976,9.9288,-0.3327,0.1628,-2.3800,-3.0100,1.2600,-0.0814,-0.1029,0.0431,0
48015,10.1012,-0.2824,0.1484,0.3500,-2.8700,1.3300,0.0120,-0.0981,0.0455,0
48054,10.1179,0.0000,0.0981,0.0000,-1.3300,-0.7000,0.0000,-0.0455,-0.0239,0
48093,10.0533,-0.0479,0.0862,-3.5700,-0.7700,-1.4700,-0.1221,-0.0263,-0.0503,0
48132,9.8546,-0.3231,0.0287,-4.4100,-0.7700,-1.4700,-0.1508,-0.0263,-0.0503,0
48171,9.7661,-0.4428,0.2130,-3.0100,-1.8200,0.2100,-0.1029,-0.0622,0.0072,0
48210,10.0437,-0.6415,0.0239,1.5400,-1.5400,2.1000,0.0527,-0.0527,0.0718,0
48249,10.0724,-0.4644,0.2561,4.5500,-1.2600,1.4700,0.1556,-0.0431,0.0503,0
48288,10.1227,-0.3088,0.1364,10.6400,0.7000,-0.4200,0.3638,0.0239,-0.0144,0
48327,9.9240,-0.1364,0.1723,14.1400,0.9800,-1.6800,0.4835,0.0335,-0.0574,0
48366,10.0030,-0.1436,0.1412,14.7700,1.6800,-0.4900,0.5051,0.0574,-0.0168,0
48405,9.9408,-0.0814,0.1173,12.1800,1.6100,0.1400,0.4165,0.0551,0.0048,0
48444,9.8905,0.0383,0.1197,8.6100,0.4900,0.9100,0.2944,0.0168,0.0311,0
48483,10.0222,-0.0431,0.1317,5.7400,0.8400,2.0300,0.1963,0.0287,0.0694,0
48522,9.9528,-0.1364,0.0670,3.7100,0.0000,1.2600,0.1269,0.0000,0.0431,0
48561,10.0557,-0.7109,0.2896,0.0700,-2.2400,1.8900,0.0024,-0.0766,0.0646,0
48600,9.9791,-0.5577,0.3495,3.6400,0.4200,-1.3300,0.1245,0.0144,-0.0455,0
48639,9.8450,-0.2705,0.1005,9.3800,0.2100,-1.1900,0.3207,0.0072,-0.0407,0
48678,9.8235,-0.2513,0.1460,13.2300,-0.9800,-0.2800,0.4524,-0.0335,-0.0096,0
48717,9.9719,-0.2848,0.1580,13.5100,-1.1900,1.1200,0.4620,-0.0407,0.0383,0
48756,9.9791,-0.1460,0.1484,12.7400,-0.4900,0.4200,0.4356,-0.0168,0.0144,0
48795,10.0557,-0.2537,-0.0838,13.6500,-1.4700,-0.1400,0.4668,-0.0503,-0.0048,0
48834,9.9504,-0.1628,0.1819,11.0600,-1.8900,0.7700,0.3782,-0.0646,0.0263,0
48873,9.9695,-0.0503,0.1388,9.6600,-0.4900,0.7700,0.3303,-0.0168,0.0263,0
48912,9.9982,-0.1221,0.0407,10.8500,0.0700,1.7500,0.3710,0.0024,0.0598,0
48951,10.0748,-0.1388,0.1795,5.6000,-0.8400,1.1200,0.1915,-0.0287,0.0383,0
48990,9.8953,-0.2082,0.3543,5.5300,-2.5900,-0.4900,0.1891,-0.0886,-0.0168,0
49029,9.9839,-0.1364,0.0981,8.7500,-1.9600,1.1200,0.2992,-0.0670,0.0383,0
49068,10.1227,-0.0886,0.0527,8.7500,-2.1000,1.4700,0.2992,-0.0718,0.0503,0
49107,9.9671,-0.0742,0.1029,6.8600,-0.9800,1.4000,0.2346,-0.0335,0.0479,0
49146,9.9719,0.0814,0.3160,-0.0700,-2.2400,1.4700,-0.0024,-0.0766,0.0503,0
49185,9.8833,0.2082,-0.0694,1.0500,-1.4700,1.9600,0.0359,-0.0503,0.0670,0
49224,9.8570,0.2226,0.0024,2.7300,-4.1300,4.5500,0.0934,-0.1412,0.1556,0
49263,10.1634,0.2130,0.0622,-5.2500,-1.8900,5.9500,-0.1795,-0.0646,0.2035,0
49302,10.1347,0.2370,0.1508,0.4200,-1.7500,7.2800,0.0144,-0.0598,0.2489,0
49341,9.7900,0.1077,0.2154,0.7700,-3.5700,7.9100,0.0263,-0.1221,0.2705,0
49380,9.9121,0.2418,-0.2824,4.5500,-0.6300,8.0500,0.1556,-0.0215,0.2753,0
49419,9.8403,0.3279,-0.3423,15.4000,-1.6800,8.3300,0.5266,-0.0574,0.2848,0
49458,9.7852,0.3184,0.1005,12.7400,-9.4500,10.9200,0.4356,-0.3231,0.3734,0
49497,9.7780,0.3758,-0.1053,16.8000,-3.9900,14.4900,0.5745,-0.1364,0.4955,0
49536,9.7254,0.5912,-0.1795,17.8500,1.0500,16.5200,0.6104,0.0359,0.5649,0
49575,9.7206,0.7229,-0.3184,15.8900,1.0500,19.7400,0.5434,0.0359,0.6750,0
49614,9.5746,0.8880,-0.8713,16.4500,0.7700,22.9600,0.5625,0.0263,0.7851,0
49653,9.6775,0.8569,-0.0239,1.1900,-1.8900,24.1500,0.0407,-0.0646,0.8258,0
49692,9.2227,0.4955,-0.6367,-5.1800,-8.4000,25.9700,-0.1771,-0.2872,0.8880,0
49731,9.1772,1.1681,-0.8904,1.8200,-2.1700,35.3500,0.0622,-0.0742,1.2088,0
49770,9.7349,0.4811,-0.4955,-6.8600,-5.2500,35.3500,-0.2346,-0.1795,1.2088,0
49809,9.3232,-0.0407,-0.6511,-3.1500,-1.1200,34.6500,-0.1077,-0.0383,1.1849,0
49848,9.6703,-0.2968,0.4261,-1.7500,5.3900,39.9000,-0.0598,0.1843,1.3644,0
49887,7.3844,-0.7372,-0.2274,18.9000,12.4600,43.7500,0.6463,0.4261,1.4960,0
49926,8.0666,-0.6152,1.0939,9.7300,17.0100,43.8900,0.3327,0.5817,1.5008,0
49965,8.0929,-0.9383,-1.0293,25.6900,28.4900,47.6000,0.8785,0.9742,1.6277,0
50004,5.5149,-2.0011,0.0024,18.2000,35.4200,60.6900,0.6223,1.2112,2.0753,0
50043,3.5378,-1.4505,-1.1298,49.7700,28.0000,74.9000,1.7019,0.9575,2.5612,0
50082,4.7992,-1.7833,0.8258,38.1500,43.7500,101.1500,1.3045,1.4960,3.4588,0
50121,4.1123,-1.8814,-0.6583,40.3900,29.8900,120.6800,1.3811,1.0221,4.1266,0
50160,3.9304,-5.0937,2.0226,49.6300,91.8400,158.1300,1.6971,3.1405,5.4072,0
50199,2.9849,-7.6190,4.2870,26.6000,59.5000,182.2800,0.9096,2.0346,6.2330,0
50238,4.1386,-13.4307,5.2923,39.7600,65.8000,224.8400,1.3596,2.2500,7.6884,0
50277,4.4234,-22.8234,12.0999,112.1400,120.6100,237.3700,3.8346,4.1242,8.1168,0
50316,5.5413,-35.1458,15.1374,-32.7600,110.8100,171.6400,-1.1202,3.7891,5.8692,0
50355,-7.1546,-25.0088,8.5381,-108.0800,76.1600,79.3800,-3.6958,2.6043,2.7144,1
50394,0.5745,-16.3773,3.4349,-11.4100,-32.6900,-1.8200,-0.3902,-1.1178,-0.0622,0
50433,-1.0532,-4.0764,1.7067,38.2900,2.3800,-4.8300,1.3093,0.0814,-0.1652,0
50472,0.6822,-1.2160,-0.2920,83.5800,10.0800,-34.0900,2.8580,0.3447,-1.1657,0
50511,-0.6319,1.5966,0.5601,67.1300,10.0800,-5.8800,2.2955,0.3447,-0.2011,0
50550,-0.5817,0.8473,0.6822,50.8200,-5.1100,-15.1200,1.7378,-0.1747,-0.5170,0
50589,-0.2370,0.6223,0.9311,45.5000,-6.5800,-27.0900,1.5559,-0.2250,-0.9263,0
50628,-1.0197,0.1029,0.7755,40.4600,-7.9800,-19.1100,1.3835,-0.2729,-0.6535,0
50667,0.1364,-2.0490,2.4822,10.2200,-33.8100,-12.1100,0.3495,-1.1561,-0.4141,0
50706,1.5822,-4.3564,3.7508,-8.2600,-35.4200,-6.6500,-0.2824,-1.2112,-0.2274,0
50745,2.5468,-5.4551,4.9668,-16.4500,-28.7700,-3.9900,-0.5625,-0.9838,-0.1364,0
50784,4.3014,-13.6749,11.1831,-35.1400,-49.0700,-9.0300,-1.2016,-1.6779,-0.3088,0
50823,8.8325,-20.1760,15.1326,-33.2500,-59.5700,-38.9900,-1.1370,-2.0370,-1.3333,0
50862,14.6443,-15.1374,9.8307,28.3500,23.1700,-64.7500,0.9694,0.7923,-2.2141,0
50901,5.0889,-9.5506,5.0578,47.1800,72.0300,-59.3600,1.6133,2.4631,-2.0298,0
50940,-0.1245,-7.5400,3.9830,13.3700,41.3000,-57.1200,0.4572,1.4122,-1.9532,0
50979,1.3093,-6.6352,4.5862,-13.5100,-1.4000,-34.0900,-0.4620,-0.0479,-1.1657,0
51018,2.2596,-8.4807,3.7676,3.0800,3.9900,-7.9100,0.1053,0.1364,-0.2705,0
51057,1.5607,-6.1517,3.4229,28.1400,8.5400,-10.2200,0.9622,0.2920,-0.3495,0
51096,1.7737,-2.7934,3.8609,27.8600,11.7600,-12.8100,0.9527,0.4021,-0.4380,0
51135,2.1112,-2.4104,3.1261,17.7800,4.1300,-12.2500,0.6080,0.1412,-0.4189,0
51174,2.4966,-3.2410,3.9208,-6.7900,-3.9900,-4.1300,-0.2322,-0.1364,-0.1412,0
51213,3.4516,-6.0966,5.4958,-23.0300,-11.1300,33.8100,-0.7875,-0.3806,1.1561,0
51252,6.0703,-9.1509,7.7051,-22.2600,-6.3700,40.1100,-0.7612,-0.2178,1.3716,0
51291,6.2402,-11.0323,9.1772,-9.7300,0.7700,21.7700,-0.3327,0.0263,0.7444,0
51330,4.1051,-11.0945,8.1216,3.0100,17.4300,7.0000,0.1029,0.5960,0.2394,0
51369,2.5397,-10.1945,5.8094,8.3300,14.9100,-3.2900,0.2848,0.5098,-0.1125,0
51408,1.7474,-8.5932,5.2325,5.8100,0.5600,-6.4400,0.1987,0.0191,-0.2202,0
51447,1.9700,-7.1235,4.9812,7.0000,-6.1600,-1.0500,0.2394,-0.2106,-0.0359,0
51486,2.4367,-6.1301,5.1463,4.5500,-8.1200,4.9000,0.1556,-0.2777,0.1676,0
51525,2.8987,-5.6538,4.6556,2.5200,-7.5600,6.5800,0.0862,-0.2585,0.2250,0
51564,3.2123,-5.6897,4.5359,-1.1200,-3.4300,5.8100,-0.0383,-0.1173,0.1987,0
51603,3.0782,-6.3048,5.0171,-3.8500,-0.9100,4.5500,-0.1317,-0.0311,0.1556,0
51642,2.9777,-7.1259,5.6562,-8.3300,-1.5400,4.8300,-0.2848,-0.0527,0.1652,0
51681,3.4804,-8.7679,6.4652,-7.2800,-0.9800,2.0300,-0.2489,-0.0335,0.0694,0
51720,3.5115,-8.3753,6.1349,-1.8900,-2.8000,-5.4600,-0.0646,-0.0957,-0.1867,0
51759,3.2314,-7.8535,5.6993,-3.5000,-1.2600,-7.5600,-0.1197,-0.0431,-0.2585,0
51798,3.0998,-7.7434,5.5197,-4.7600,2.4500,-8.1200,-0.1628,0.0838,-0.2777,0
51837,2.7694,-7.0493,5.5485,-6.5100,-2.3100,-8.1200,-0.2226,-0.0790,-0.2777,0
51876,3.1309,-6.8578,4.7753,-3.6400,-1.0500,-7.8400,-0.1245,-0.0359,-0.2681,0
51915,3.6814,-7.5448,4.9596,-6.3700,1.8200,-3.2200,-0.2178,0.0622,-0.1101,0
51954,3.3583,-7.2623,5.3905,-1.6100,1.4000,-2.6600,-0.0551,0.0479,-0.0910,0
51993,3.4540,-7.1690,5.5269,-4.5500,0.9100,1.4000,-0.1556,0.0311,0.0479,0
52032,3.7891,-7.4203,5.4001,-7.1400,1.9600,4.9000,-0.2442,0.0670,0.1676,0
52071,3.6240,-7.6692,5.3139,-6.6500,2.7300,3.5700,-0.2274,0.0934,0.1221,0
52110,3.2625,-8.1384,4.9381,-4.6200,6.8600,1.6800,-0.1580,0.2346,0.0574,0
52149,2.9538,-8.2461,5.4048,-5.6000,3.3600,1.2600,-0.1915,0.1149,0.0431,0
52188,2.7814,-7.7817,5.2133,-0.5600,1.1200,0.3500,-0.0191,0.0383,0.0120,0
52227,3.1572,-7.9828,5.0506,-3.0100,-0.1400,0.9800,-0.1029,-0.0048,0.0335,0
52266,3.1596,-7.8847,5.0745,-2.5900,-0.2100,1.5400,-0.0886,-0.0072,0.0527,0
52305,3.1357,-7.9876,5.1463,-0.4900,-0.2100,0.9800,-0.0168,-0.0072,0.0335,0
52344,3.0232,-7.6525,5.0219,1.6100,-1.1900,-0.3500,0.0551,-0.0407,-0.0120,0
52383,3.1500,-7.6477,5.2469,0.6300,-1.4700,-1.0500,0.0215,-0.0503,-0.0359,0
52422,3.1093,-7.7434,5.2373,1.6100,-1.7500,-1.6800,0.0551,-0.0598,-0.0574,0
52461,3.2410,-7.7650,5.3665,-0.2800,-2.2400,-1.6800,-0.0096,-0.0766,-0.0574,0
52500,3.3032,-7.7889,4.9189,1.9600,-1.9600,-1.4000,0.0670,-0.0670,-0.0479,0
52539,3.3415,-7.6860,5.2804,1.5400,-2.5200,-1.2600,0.0527,-0.0862,-0.0431,0
52578,3.3822,-7.6501,5.3761,1.6800,-2.6600,0.0000,0.0574,-0.0910,0.0000,0
52617,3.4516,-7.3724,5.2157,0.4900,-1.9600,0.9100,0.0168,-0.0670,0.0311,0
52656,3.3822,-7.3796,5.1798,-0.6300,-0.1400,1.0500,-0.0215,-0.0048,0.0359,0
52695,3.1046,-7.2910,5.5245,-1.7500,0.6300,0.0000,-0.0598,0.0215,0.0000,0
52734,3.0423,-7.2958,5.1080,-2.7300,-0.8400,0.0000,-0.0934,-0.0287,0.0000,0
52773,3.2242,-7.5065,4.8950,-2.1000,-1.0500,0.0700,-0.0718,-0.0359,0.0024,0
52812,3.1931,-7.1953,5.8429,-5.8800,-3.9200,-1.1900,-0.2011,-0.1340,-0.0407,0
52851,3.0112,-6.6136,5.1344,-6.3700,-5.0400,0.0700,-0.2178,-0.1723,0.0024,0
52890,3.3726,-7.7075,5.5221,-14.9100,-6.6500,1.2600,-0.5098,-0.2274,0.0431,0
52929,3.0567,-7.5471,5.9937,-19.8100,-12.4600,-3.5700,-0.6774,-0.4261,-0.1221,0
52968,3.4373,-7.3628,4.8926,-21.4900,-10.6400,-6.5100,-0.7348,-0.3638,-0.2226,0
53007,3.6814,-8.0115,4.3229,-21.0700,0.0700,-10.7100,-0.7205,0.0024,-0.3662,0
53046,3.6718,-8.3347,4.4450,-22.7500,3.1500,-15.8200,-0.7779,0.1077,-0.5410,0
53085,3.0495,-8.6985,3.7030,-18.9000,4.1300,-21.0700,-0.6463,0.1412,-0.7205,0
53124,2.8867,-8.9355,3.8250,-15.8900,-0.4900,-23.9400,-0.5434,-0.0168,-0.8186,0
53163,3.3559,-9.1461,3.3391,-5.1800,-2.6600,-26.3200,-0.1771,-0.0910,-0.9000,0
53202,3.7413,-8.4687,3.5713,-0.9800,2.9400,-30.0300,-0.0335,0.1005,-1.0269,0
53241,4.0165,-7.9014,4.2415,0.8400,6.5100,-32.6900,0.0287,0.2226,-1.1178,0
53280,4.0979,-7.0900,4.0261,5.8800,9.7300,-32.9000,0.2011,0.3327,-1.1250,0
53319,5.1104,-7.8679,4.7298,-1.3300,7.1400,-28.4900,-0.0455,0.2442,-0.9742,0
53358,5.5844,-8.1120,4.7011,1.5400,14.0700,-29.7500,0.0527,0.4811,-1.0173,0
53397,5.5891,-8.3682,4.2200,8.2600,17.8500,-31.9200,0.2824,0.6104,-1.0915,0
53436,5.1296,-7.6453,4.1745,11.9000,5.1800,-29.0500,0.4069,0.1771,-0.9934,0
53475,5.3139,-7.9301,4.4306,13.6500,3.5700,-38.9200,0.4668,0.1221,-1.3309,0
53514,4.7657,-7.3102,4.7442,17.7800,6.7200,-41.8600,0.6080,0.2298,-1.4314,0
53553,4.6676,-7.0947,4.4378,23.8700,3.0800,-45.7100,0.8162,0.1053,-1.5630,0
53592,4.5240,-6.6854,4.7466,16.6600,-2.3100,-46.6900,0.5697,-0.0790,-1.5966,0
53631,5.2947,-6.6232,4.0740,9.0300,-10.7800,-54.7400,0.3088,-0.3686,-1.8718,0
53670,4.6461,-6.7836,5.3546,4.6200,-16.8700,-73.7100,0.1580,-0.5769,-2.5205,0
53709,5.1320,-5.8884,6.2905,2.4500,-40.1100,-69.6500,0.0838,-1.3716,-2.3817,0
53748,7.1450,-5.7591,6.3886,4.0600,-51.8700,-71.4000,0.1388,-1.7737,-2.4415,0
53787,7.6070,-5.0386,6.1277,-11.2000,-62.9300,-76.7900,-0.3830,-2.1519,-2.6258,0
53826,7.8033,-4.5814,6.2402,-26.3900,-77.3500,-62.9300,-0.9024,-2.6450,-2.1519,0
53865,7.5519,-3.1405,3.5498,-39.6900,-76.2300,-64.4700,-1.3572,-2.6067,-2.2045,0
53904,10.6062,-5.0745,3.9734,-53.8300,-87.7800,-71.2600,-1.8407,-3.0016,-2.4367,0
53943,11.4464,-4.8782,2.9729,-69.3700,-65.5900,-42.7700,-2.3721,-2.2428,-1.4625,0
53982,10.8336,-5.3498,1.1370,-58.7300,-39.2000,-32.2700,-2.0083,-1.3404,-1.1035,0
54021,10.4052,-4.2032,0.1245,-36.8200,-33.8800,-40.3200,-1.2591,-1.1585,-1.3787,0
54060,8.2222,-4.2152,0.6152,-7.7000,-6.5800,-55.0900,-0.2633,-0.2250,-1.8838,0
54099,8.1575,-3.1859,0.2035,-4.7600,-20.3000,-46.1300,-0.1628,-0.6942,-1.5774,0
54138,9.9432,-1.7593,-0.8138,3.7100,-39.8300,-55.4400,0.1269,-1.3620,-1.8958,0
54177,11.2597,-0.7899,-1.3021,2.5200,-35.9800,-53.1300,0.0862,-1.2303,-1.8168,0
54216,11.2357,-1.0604,-1.0556,-0.4900,-18.2700,-44.5200,-0.0168,-0.6247,-1.5224,0
54255,10.3716,-0.8378,-0.8928,1.0500,-13.0200,-45.5000,0.0359,-0.4452,-1.5559,0
54294,9.5578,-0.4955,-1.4146,-3.6400,-14.2100,-42.7700,-0.1245,-0.4859,-1.4625,0
54333,10.0006,-0.8569,-0.4931,-13.0200,-13.7900,-45.4300,-0.4452,-0.4715,-1.5535,0
54372,10.1514,-0.7827,-0.7325,-13.2300,-12.8100,-40.6000,-0.4524,-0.4380,-1.3883,0
54411,9.7182,-0.3255,-0.7061,-6.7200,-2.0300,-30.9400,-0.2298,-0.0694,-1.0580,0
54450,9.5410,0.2346,-0.6559,-9.1000,-0.4200,-26.3900,-0.3112,-0.0144,-0.9024,0
54489,8.6674,0.2896,-1.3045,-24.5700,3.1500,-22.6100,-0.8402,0.1077,-0.7731,0
54528,7.7650,-0.3016,-0.2657,-31.0800,0.2800,-14.9100,-1.0628,0.0096,-0.5098,0
54567,8.7344,-0.2968,-0.8665,-34.5100,-1.6100,-2.8000,-1.1801,-0.0551,-0.0957,0
54606,9.0671,-0.1987,-0.2848,-34.3000,0.0000,1.9600,-1.1729,0.0000,0.0670,0
54645,9.3615,0.0910,-0.1005,-40.8800,1.9600,6.2300,-1.3979,0.0670,0.2130,0
54684,9.2299,0.5721,-0.1652,-46.2700,-0.0700,8.8900,-1.5822,-0.0024,0.3040,0
54723,9.4740,0.6032,-0.3830,-51.3100,-3.9900,8.8200,-1.7545,-0.1364,0.3016,0
54762,10.0653,0.3184,-0.2753,-53.4100,-7.9800,7.4200,-1.8263,-0.2729,0.2537,0
54801,10.1299,0.3088,-0.5481,-43.4700,-11.9000,2.0300,-1.4865,-0.4069,0.0694,0
54840,9.7421,0.9000,-0.3040,-41.0900,-12.3200,1.3300,-1.4051,-0.4213,0.0455,0
54879,10.3190,1.2423,-0.2801,-51.5200,-8.6800,3.7100,-1.7617,-0.2968,0.1269,0
54918,9.8690,1.0125,-0.1556,-57.6800,-9.4500,-0.7700,-1.9724,-0.3231,-0.0263,0
54957,10.1969,0.4380,-0.2585,-55.8600,-5.9500,-4.6900,-1.9101,-0.2035,-0.1604,0
54996,10.2711,-0.0287,-0.8785,-55.1600,1.8900,-2.8700,-1.8862,0.0646,-0.0981,0
55035,9.5147,-0.0144,0.2729,-63.2800,27.8600,0.2800,-2.1639,0.9527,0.0096,0
55074,8.3634,1.1705,0.1269,-49.7700,12.2500,10.7100,-1.7019,0.4189,0.3662,0
55113,9.5363,1.7115,0.0311,-34.1600,-17.5000,31.5700,-1.1681,-0.5984,1.0795,0
55152,11.7791,0.4213,0.1867,-53.6900,7.1400,41.2300,-1.8359,0.2442,1.4099,0
55191,10.0892,-1.3955,-0.4285,-45.2200,22.1900,19.9500,-1.5463,0.7588,0.6822,0
55230,9.9839,-1.2878,1.2519,-47.2500,11.0600,23.5200,-1.6157,0.3782,0.8043,0
55269,9.4453,-1.0747,1.5391,-48.3700,11.2000,25.9700,-1.6540,0.3830,0.8880,0
55308,9.6081,-1.6827,0.4356,-39.3400,15.6100,16.0300,-1.3452,0.5338,0.5481,0
55347,8.9259,-1.6229,0.3710,-30.6600,17.2200,7.4900,-1.0484,0.5888,0.2561,0
55386,8.9091,-1.4434,0.4548,-24.9200,15.6800,5.2500,-0.8521,0.5362,0.1795,0
55425,9.1317,-1.1537,0.1843,-24.7100,10.4300,4.6900,-0.8450,0.3567,0.1604,0
55464,9.1844,-1.5678,-0.1197,-26.2500,4.1300,3.6400,-0.8976,0.1412,0.1245,0
55503,9.5817,-2.3482,0.1987,-31.7100,-0.2800,-1.5400,-1.0843,-0.0096,-0.0527,0
55542,9.3687,-2.3075,0.2370,-23.0300,-7.1400,-9.0300,-0.7875,-0.2442,-0.3088,0
55581,9.5913,-2.0729,0.2346,-12.6000,-10.6400,-11.0600,-0.4309,-0.3638,-0.3782,0
55620,9.8067,-1.8838,0.5888,-15.6100,-7.2100,-8.2600,-0.5338,-0.2465,-0.2824,0
55659,9.6153,-1.6971,0.6894,-23.7300,-7.7700,-4.2000,-0.8114,-0.2657,-0.1436,0
55698,9.9384,-2.3529,0.4715,-38.8500,-5.8100,-0.4900,-1.3285,-0.1987,-0.0168,0
55737,8.9450,-3.0543,-0.0072,-46.3400,-17.5700,-13.5100,-1.5846,-0.6008,-0.4620,0
55776,11.1855,-2.5851,1.3763,-57.9600,-27.3700,-12.4600,-1.9819,-0.9359,-0.4261,0
55815,12.9161,0.2633,0.8282,-59.3600,-26.1100,10.9200,-2.0298,-0.8928,0.3734,0
55854,10.4219,-1.1130,-2.9394,-55.0200,-18.4800,-1.3300,-1.8814,-0.6319,-0.0455,0
55893,10.5488,-1.1681,0.2298,-76.8600,-25.8300,-7.2100,-2.6282,-0.8833,-0.2465,0
55932,9.9121,0.2322,0.6223,-80.7800,-12.8100,-19.5300,-2.7623,-0.4380,-0.6678,0
55971,10.0126,1.0747,-0.4979,-50.9600,-3.2900,-30.7300,-1.7426,-0.1125,-1.0508,0
56010,9.6918,0.8019,-1.0676,-43.8900,6.6500,-19.8100,-1.5008,0.2274,-0.6774,0
56049,9.1317,0.7779,-0.9766,-54.4600,3.2200,-11.9000,-1.8623,0.1101,-0.4069,0
56088,9.7230,1.0724,-1.2303,-71.1900,-7.7700,-9.3800,-2.4343,-0.2657,-0.3207,0
56127,9.9599,0.7420,-1.6636,-74.9000,-13.3000,-9.2400,-2.5612,-0.4548,-0.3160,0
56166,9.5865,0.0598,-1.2351,-83.7200,-15.4000,-7.0000,-2.8628,-0.5266,-0.2394,0
56205,10.0964,-0.9718,-1.3357,-76.5800,-9.1000,-3.3600,-2.6186,-0.3112,-0.1149,0
56244,10.2974,-0.8019,-1.4003,-62.3000,7.9100,-1.6800,-2.1303,0.2705,-0.0574,0
56283,10.1514,-0.7564,-1.3739,-50.1200,24.0800,-4.4800,-1.7138,0.8234,-0.1532,0
56322,9.4357,-0.6894,-0.9766,-39.5500,29.3300,-2.5900,-1.3524,1.0029,-0.0886,0
56361,9.4022,-0.7372,-0.7109,-24.9900,25.0600,4.3400,-0.8545,0.8569,0.1484,0
56400,9.9192,-0.1795,-0.3878,-20.5800,42.0000,11.1300,-0.7037,1.4362,0.3806,0
56439,10.0126,0.1029,-0.4141,-26.8100,56.7000,10.5000,-0.9168,1.9388,0.3590,0
56478,10.1442,-0.1891,0.0000,-42.7700,53.4800,1.4000,-1.4625,1.8287,0.0479,0
56517,10.6254,0.1484,0.2872,-42.2800,54.6000,-2.2400,-1.4458,1.8670,-0.0766,0
56556,9.8331,-1.1346,-0.3734,-36.8900,51.4500,-3.2900,-1.2614,1.7593,-0.1125,0
56595,9.4357,-1.0676,0.9311,-26.8800,18.9700,5.1100,-0.9192,0.6487,0.1747,0
56634,10.2208,-1.0987,1.4362,-12.5300,-23.8700,28.1400,-0.4285,-0.8162,0.9622,0
56673,10.6230,0.5864,0.7875,28.7700,-81.5500,28.7700,0.9838,-2.7886,0.9838,0
56712,9.4285,1.9245,0.7660,31.2900,-76.5800,28.7700,1.0700,-2.6186,0.9838,0
56751,9.3974,1.1442,1.6013,6.5800,-48.8600,40.1100,0.2250,-1.6708,1.3716,0
56790,11.3076,-1.3979,2.5995,20.3000,-30.5200,45.8500,0.6942,-1.0436,1.5678,0
56829,11.2836,-2.0992,1.1801,50.8900,-25.6200,19.1100,1.7402,-0.8761,0.6535,0
56868,9.3280,-0.8617,0.1221,48.0900,-10.0100,3.8500,1.6444,-0.3423,0.1317,0
56907,9.5793,-0.7827,-0.6559,54.7400,-6.5100,12.3200,1.8718,-0.2226,0.4213,0
56946,9.1964,-1.2519,-0.6487,51.9400,-5.4600,5.7400,1.7761,-0.1867,0.1963,0
56985,8.8541,-1.3261,-0.5218,49.5600,-12.8800,-2.5200,1.6947,-0.4404,-0.0862,0
57024,8.7583,-0.8545,-1.3261,59.5700,-14.7000,-14.7700,2.0370,-0.5027,-0.5051,0
57063,9.1437,-0.2346,-0.9096,53.9700,-13.4400,-29.1900,1.8455,-0.4596,-0.9981,0
57102,9.6990,-0.4285,-0.7109,35.8400,-9.5900,-40.6000,1.2255,-0.3279,-1.3883,0
57141,10.3645,-0.8306,-0.4548,22.3300,-9.5900,-27.0900,0.7636,-0.3279,-0.9263,0
57180,10.0653,-1.2471,-0.6822,24.2900,-13.1600,-6.9300,0.8306,-0.4500,-0.2370,0
57219,10.1658,-2.4942,-2.0370,50.8900,-15.4700,5.6000,1.7402,-0.5290,0.1915,0
57258,9.2945,-2.9801,-1.5032,60.9000,-11.5500,8.2600,2.0825,-0.3950,0.2824,0
57297,13.6581,-2.1830,1.2303,60.3400,-32.9700,4.6900,2.0633,-1.1274,0.1604,0
57336,14.6993,3.0998,-4.0189,49.2100,-4.3400,28.2100,1.6827,-0.1484,0.9646,0
57375,10.0174,0.3016,-0.3088,21.9800,2.7300,-9.1000,0.7516,0.0934,-0.3112,0
57414,8.4136,2.2572,2.3625,-3.5000,4.4800,-20.0200,-0.1197,0.1532,-0.6846,0
57453,10.1155,2.0226,-0.0527,25.3400,20.9300,-19.1100,0.8665,0.7157,-0.6535,0
57492,9.3496,1.4577,-1.0341,24.4300,23.0300,-16.0300,0.8354,0.7875,-0.5481,0
57531,9.2083,1.2064,-0.5457,1.8200,11.9700,-19.1800,0.0622,0.4093,-0.6559,0
57570,9.8809,0.2465,-0.3758,-2.1000,10.2900,-19.2500,-0.0718,0.3519,-0.6583,0
57609,9.6559,0.3471,-0.5912,3.4300,20.0200,-21.0000,0.1173,0.6846,-0.7181,0
57648,9.6847,0.9168,-1.0436,3.5700,19.1100,-19.3900,0.1221,0.6535,-0.6630,0
57687,9.6536,0.6391,-1.0029,-15.0500,8.1200,-16.3800,-0.5146,0.2777,-0.5601,0
57726,9.4453,-0.1747,-1.2662,-25.8300,5.5300,-10.9900,-0.8833,0.1891,-0.3758,0
57765,9.7278,-1.3357,-0.8234,-29.5400,17.4300,-1.8900,-1.0101,0.5960,-0.0646,0
57804,9.7924,-1.1059,0.0144,-32.3400,36.4000,3.2900,-1.1059,1.2447,0.1125,0
57843,9.3926,-0.6535,0.0886,-7.3500,38.8500,10.9900,-0.2513,1.3285,0.3758,0
57882,11.5445,1.2399,1.5439,-3.7800,22.3300,24.7100,-0.1293,0.7636,0.8450,0
57921,12.9831,2.0083,-0.0551,-3.3600,1.4000,29.7500,-0.1149,0.0479,1.0173,0
57960,10.2998,1.5870,-0.9311,5.8100,-25.5500,11.3400,0.1987,-0.8737,0.3878,0
57999,7.6214,1.3931,1.6851,-21.1400,-42.0700,15.1200,-0.7229,-1.4386,0.5170,0
58038,7.0038,-0.0287,2.5516,-28.0700,-38.9900,31.0800,-0.9598,-1.3333,1.0628,0
58077,10.8097,-1.0747,1.5822,-19.1800,-40.5300,58.3100,-0.6559,-1.3859,1.9939,0
58116,11.8892,-2.2907,0.0838,-1.0500,-16.9400,40.5300,-0.0359,-0.5793,1.3859,0
58155,10.4746,-1.3596,-0.0120,0.5600,-10.5000,1.0500,0.0191,-0.3590,0.0359,0
58194,9.1724,-0.9862,0.3040,6.4400,-5.7400,-11.2000,0.2202,-0.1963,-0.3830,0
58233,8.6961,-1.6253,-0.0886,10.7100,0.0700,-15.8200,0.3662,0.0024,-0.5410,0
58272,8.7320,-1.5726,-0.1460,14.2100,9.7300,-35.4900,0.4859,0.3327,-1.2136,0
58311,9.4621,-0.5505,-0.6176,24.0100,5.9500,-26.3900,0.8210,0.2035,-0.9024,0
58350,10.0700,0.1317,-0.3255,4.4100,-17.0800,-29.1200,0.1508,-0.5840,-0.9958,0
58389,9.7996,-0.8833,-1.1202,8.1200,-21.0700,-21.4900,0.2777,-0.7205,-0.7348,0
58428,9.6536,-2.9226,-1.2399,12.0400,-31.7800,-0.9100,0.4117,-1.0867,-0.0311,0
58467,14.0531,-0.7301,0.6894,14.4200,-50.8900,35.3500,0.4931,-1.7402,1.2088,0
58506,11.7623,-0.3375,-0.7803,41.9300,-37.1000,19.1800,1.4338,-1.2686,0.6559,0
58545,10.4171,-0.1245,0.0598,15.0500,-13.2300,-10.5700,0.5146,-0.4524,-0.3614,0
58584,8.8541,0.2992,-0.5434,11.2000,-5.6000,-15.5400,0.3830,-0.1915,-0.5314,0
58623,10.1610,1.0963,0.4452,15.6100,-3.5700,-11.3400,0.5338,-0.1221,-0.3878,0
58662,10.0677,1.2351,-0.4811,20.5100,18.0600,-17.7100,0.7013,0.6176,-0.6056,0
58701,9.3520,0.8497,-0.6487,14.2100,31.2900,-17.3600,0.4859,1.0700,-0.5936,0
58740,9.3232,1.3979,-0.9072,8.6800,26.4600,-7.9100,0.2968,0.9048,-0.2705,0
58779,10.2735,1.5224,-0.9455,3.6400,23.7300,-17.9900,0.1245,0.8114,-0.6152,0
58818,9.6224,0.9503,-0.7396,-17.3600,28.0000,-23.5900,-0.5936,0.9575,-0.8067,0
58857,9.4333,0.0239,-0.6559,-31.0800,21.2100,-9.3100,-1.0628,0.7253,-0.3184,0
58896,9.9815,-0.3782,-0.5601,-23.7300,28.4900,3.3600,-0.8114,0.9742,0.1149,0
58935,10.6445,-0.2896,-0.1029,-10.2900,34.7200,3.7800,-0.3519,1.1872,0.1293,0
58974,9.9264,0.2130,0.3136,-5.7400,39.6200,0.7000,-0.1963,1.3548,0.0239,0
59013,9.8187,1.2160,1.0269,-0.4200,40.2500,3.5700,-0.0144,1.3763,0.1221,0
59052,9.8618,2.5468,1.3093,-0.1400,19.6000,11.2000,-0.0048,0.6702,0.3830,0
59091,9.4716,3.2721,0.3207,-6.0900,-16.2400,7.5600,-0.2082,-0.5553,0.2585,0
59130,8.9642,1.2040,-0.8210,-13.0200,-28.9800,8.6100,-0.4452,-0.9910,0.2944,0
59169,9.3998,-0.5745,2.0753,-48.0200,-25.9000,21.2800,-1.6420,-0.8856,0.7277,0
59208,10.9964,-2.2021,2.3841,-19.1100,-21.3500,23.9400,-0.6535,-0.7301,0.8186,0
59247,11.2980,-1.4242,0.5817,1.9600,-5.6700,12.3900,0.0670,-0.1939,0.4237,0
59286,10.1825,-0.5386,0.4093,19.0400,7.4200,-18.1300,0.6511,0.2537,-0.6200,0
59325,8.6339,-0.5625,-0.1963,25.9700,3.7800,-30.6600,0.8880,0.1293,-1.0484,0
59364,9.3687,0.1699,0.4739,15.4000,-5.8100,-22.8200,0.5266,-0.1987,-0.7803,0
59403,9.5482,1.1609,-0.0239,12.0400,-2.8700,-5.9500,0.4117,-0.0981,-0.2035,0
59442,10.3525,0.7157,-0.1269,3.0100,-10.0800,5.3900,0.1029,-0.3447,0.1843,0
59481,10.6541,1.6325,1.5295,-18.3400,-25.6900,12.8800,-0.6271,-0.8785,0.4404,0
59520,9.7972,0.9359,2.0011,-1.9600,-24.5700,0.1400,-0.0670,-0.8402,0.0048,0
59559,10.4889,-1.4003,0.1125,20.8600,-20.5100,-11.2000,0.7133,-0.7013,-0.3830,0
59598,10.0653,0.4524,-0.6176,25.9700,-3.4300,-14.7700,0.8880,-0.1173,-0.5051,0
59637,8.7248,1.5439,0.1580,-21.9800,30.0300,7.7000,-0.7516,1.0269,0.2633,0
59676,9.3089,-0.2585,-0.3375,-29.1900,15.4000,17.7100,-0.9981,0.5266,0.6056,0
59715,12.2674,-1.6444,-0.5888,9.8700,-21.7700,20.4400,0.3375,-0.7444,0.6989,0
59754,11.2812,0.6846,-0.1364,26.8100,-7.4900,0.5600,0.9168,-0.2561,0.0191,0
59793,10.1730,1.6061,-0.3902,20.0200,14.4900,-10.0800,0.6846,0.4955,-0.3447,0
59832,9.4357,0.4332,0.1891,-10.5700,16.5200,-11.0600,-0.3614,0.5649,-0.3782,0
59871,9.5817,-0.1269,1.5726,-19.9500,12.4600,-2.5200,-0.6822,0.4261,-0.0862,0
59910,8.9522,0.3734,1.0676,-8.1200,21.8400,6.5800,-0.2777,0.7468,0.2250,0
59949,10.0748,0.7899,0.4548,-16.3100,22.3300,14.0700,-0.5577,0.7636,0.4811,0
59988,9.9480,0.5553,0.3255,-19.6700,11.6900,9.0300,-0.6726,0.3997,0.3088,0
60027,9.5626,0.2872,0.7205,-15.6100,7.9800,-0.8400,-0.5338,0.2729,-0.0287,0
60066,10.2137,0.0670,0.4141,-14.7000,6.6500,0.0000,-0.5027,0.2274,0.0000,0
60105,10.2113,-0.2777,-0.0263,-2.1000,-13.2300,-0.5600,-0.0718,-0.4524,-0.0191,0
60144,9.9073,0.2274,-0.0646,-5.8100,-3.6400,1.8900,-0.1987,-0.1245,0.0646,0
60183,10.0964,0.2537,0.5290,-9.2400,6.7200,4.2000,-0.3160,0.2298,0.1436,0
60222,9.4549,0.3997,0.3351,-9.9400,13.5800,7.7000,-0.3399,0.4644,0.2633,0
60261,9.4046,0.4620,-0.3279,-13.5800,4.6900,13.8600,-0.4644,0.1604,0.4739,0
60300,10.4554,0.2370,0.0431,-22.9600,2.1700,19.2500,-0.7851,0.0742,0.6583,0
60339,10.3046,0.3351,0.0981,-27.1600,7.7000,15.9600,-0.9287,0.2633,0.5457,0
60378,9.8091,0.5314,0.3160,-24.0100,10.1500,15.1200,-0.8210,0.3471,0.5170,0
60417,9.6416,-0.1460,0.2442,-20.4400,16.8700,16.5200,-0.6989,0.5769,0.5649,0
60456,8.5980,-0.1819,0.4596,-22.9600,17.4300,21.5600,-0.7851,0.5960,0.7372,0
60495,8.6363,-0.1819,0.2226,-17.4300,23.3100,38.3600,-0.5960,0.7971,1.3117,0
60534,8.5788,0.2274,1.0604,-23.7300,22.6800,44.5200,-0.8114,0.7755,1.5224,0
60573,7.7985,-0.6846,-0.6559,-11.6900,10.4300,45.5700,-0.3997,0.3567,1.5583,0
60612,8.7416,-0.2609,0.3207,-10.7800,4.4800,51.8700,-0.3686,0.1532,1.7737,0
60651,8.1360,0.5553,-0.4261,-25.3400,3.9200,43.0500,-0.8665,0.1340,1.4721,0
60690,7.5184,0.2872,-1.8623,-3.9200,16.5900,55.6500,-0.1340,0.5673,1.9029,0
60729,8.1240,0.1149,0.9646,-20.6500,19.8100,66.2900,-0.7061,0.6774,2.2668,0
60768,8.4735,-0.7755,-0.7588,-44.9400,11.6200,65.0300,-1.5367,0.3973,2.2237,0
60807,6.7118,-1.7521,-0.1556,-14.2100,17.7100,71.6100,-0.4859,0.6056,2.4487,0
60846,6.6064,-0.5314,0.7684,-12.2500,47.3200,69.1600,-0.4189,1.6181,2.3649,0
60885,4.6245,-0.8114,-1.4649,23.7300,51.5900,79.1000,0.8114,1.7641,2.7048,0
60924,3.5498,-1.7521,3.3487,4.6200,91.9800,81.6200,0.1580,3.1452,2.7910,0
60963,1.7402,-5.4264,-1.1537,-29.4700,70.4200,92.3300,-1.0077,2.4080,3.1572,0
61002,3.0782,-5.5509,2.3314,3.0100,68.0400,110.1100,0.1029,2.3266,3.7652,0
61041,9.7924,-5.9362,1.6875,17.0100,58.3100,196.9100,0.5817,1.9939,6.7333,0
61080,10.8384,-10.1873,8.9594,-5.2500,94.9900,266.6300,-0.1795,3.2482,9.1174,0
61119,8.7296,-13.3685,23.5486,-118.5800,197.8200,309.0500,-4.0548,6.7644,10.5679,0
61158,-18.7637,-40.6105,9.6966,-123.1300,301.7000,265.0900,-4.2104,10.3166,9.0647,0
61197,-11.9730,-28.6830,-3.5234,24.5000,78.4000,44.1700,0.8378,2.6809,1.5104,0
61236,0.9239,-7.9756,4.7322,-3.1500,24.6400,37.0300,-0.1077,0.8426,1.2662,0
61275,1.5607,-4.5000,2.2572,54.7400,-15.4700,58.4500,1.8718,-0.5290,1.9987,1
61314,-2.9729,-3.3822,2.1854,56.8400,19.3200,114.4500,1.9436,0.6606,3.9136,0
61353,-5.6538,-3.8801,2.8006,47.8800,20.7900,114.8700,1.6372,0.7109,3.9280,0
61392,-7.0684,-2.3649,1.6708,45.3600,38.2900,73.4300,1.5511,1.3093,2.5109,0
61431,-7.5232,-3.9495,1.4960,6.1600,29.6100,61.0400,0.2106,1.0125,2.0873,0
61470,-8.9690,-6.0511,2.2093,-8.7500,4.2000,48.1600,-0.2992,0.1436,1.6468,0
61509,-7.6357,-7.3772,3.7173,1.8900,-0.2800,43.4000,0.0646,-0.0096,1.4841,0
61548,-7.4346,-7.1905,2.5875,14.6300,-11.9000,30.4500,0.5003,-0.4069,1.0412,0
61587,-7.6644,-6.7549,4.3756,8.3300,-14.4900,5.6700,0.2848,-0.4955,0.1939,0
61626,-6.7142,-5.5963,3.4325,8.1200,-24.2900,-13.6500,0.2777,-0.8306,-0.4668,0
61665,-5.8644,-6.2283,3.9016,9.1700,-28.6300,-25.7600,0.3136,-0.9790,-0.8809,0
61704,-5.7878,-6.0128,3.7580,19.1100,-37.1700,-32.6900,0.6535,-1.2710,-1.1178,0
61743,-5.7878,-6.4844,4.0883,25.3400,-49.2100,-41.5100,0.8665,-1.6827,-1.4194,0
61782,-5.7232,-7.1618,4.5742,24.6400,-61.8100,-48.7900,0.8426,-2.1136,-1.6684,0
61821,-5.6753,-7.8631,4.4258,43.1200,-73.9900,-65.8700,1.4745,-2.5301,-2.2524,0
61860,-4.5862,-7.7410,5.9841,44.3800,-97.0200,-72.8000,1.5176,-3.3176,-2.4894,0
61899,-2.8125,-6.2594,5.2828,43.5400,-103.3900,-80.9200,1.4888,-3.5354,-2.7670,0
61938,-0.5386,-6.3479,7.1259,29.8200,-105.8400,-82.2500,1.0197,-3.6192,-2.8125,0
61977,2.1399,-5.5293,7.8727,26.8800,-77.1400,-72.8700,0.9192,-2.6378,-2.4918,0
62016,5.0075,-6.4341,8.3538,15.1200,-40.3200,-59.8500,0.5170,-1.3787,-2.0466,0
62055,6.3623,-6.3575,7.5567,24.7800,-23.4500,-36.9600,0.8473,-0.8019,-1.2638,0
62094,7.0756,-4.4809,7.7219,26.7400,-19.1100,-6.3700,0.9144,-0.6535,-0.2178,0
62133,5.0482,-4.5671,7.8870,10.4300,5.0400,5.8100,0.3567,0.1723,0.1987,0
62172,3.3990,-4.7418,6.9009,12.3200,24.8500,5.3200,0.4213,0.8497,0.1819,0
62211,1.8527,-5.6586,6.9392,3.2200,23.6600,11.9700,0.1101,0.8091,0.4093,0
62250,1.0197,-6.7716,7.2886,-4.2000,17.0800,13.6500,-0.1436,0.5840,0.4668,0
62289,-0.1915,-7.4897,7.6453,7.6300,12.7400,1.7500,0.2609,0.4356,0.0598,0
62328,-0.2944,-7.2671,7.9206,13.8600,13.7900,1.6800,0.4739,0.4715,0.0574,0
62367,-0.7899,-5.3330,7.6860,15.4000,12.5300,1.3300,0.5266,0.4285,0.0455,0
62406,-0.6894,-5.2110,7.4897,7.9100,10.9900,-3.0800,0.2705,0.3758,-0.1053,0
62445,-0.7468,-5.5054,7.7458,5.8100,8.4000,-5.5300,0.1987,0.2872,-0.1891,0
62484,-0.9072,-5.2732,7.9014,-0.7000,0.7000,-1.1200,-0.0239,0.0239,-0.0383,0
62523,-0.3854,-6.0607,7.6142,-5.8800,-6.5800,7.4900,-0.2011,-0.2250,0.2561,0
62562,0.4117,-6.5729,7.7721,-5.1100,-6.3000,12.1800,-0.1747,-0.2154,0.4165,0
62601,0.6774,-6.4868,7.6429,-2.2400,-4.9000,9.2400,-0.0766,-0.1676,0.3160,0
62640,0.5098,-6.4365,7.5017,0.0000,-6.3700,1.6800,0.0000,-0.2178,0.0574,0
62679,0.6032,-6.2761,7.6237,0.7700,-6.0900,-2.3800,0.0263,-0.2082,-0.0814,0
62718,1.0197,-6.2570,7.6070,2.9400,-0.5600,-2.6600,0.1005,-0.0191,-0.0910,0
62757,0.8785,-6.0942,7.5974,3.0100,1.4700,-3.7800,0.1029,0.0503,-0.1293,0
62796,0.6870,-6.1421,7.6860,2.9400,5.6000,-2.8700,0.1005,0.1915,-0.0981,0
62835,0.4141,-6.1229,7.6118,2.8700,6.8600,-1.3300,0.0981,0.2346,-0.0455,0
62874,0.1077,-6.1469,7.7219,2.9400,5.1100,0.2800,0.1005,0.1747,0.0096,0
62913,-0.0503,-6.0990,7.7099,2.5200,2.3800,1.2600,0.0862,0.0814,0.0431,0
62952,0.1125,-5.9434,7.7099,1.6100,0.6300,1.6800,0.0551,0.0215,0.0574,0
62991,0.1317,-5.9099,7.7099,1.8200,-0.9100,0.4200,0.0622,-0.0311,0.0144,0
63030,0.2705,-5.9338,7.6836,0.9800,-0.5600,-0.4900,0.0335,-0.0191,-0.0168,0
63069,0.2896,-5.9338,7.8344,1.4000,0.0000,-0.8400,0.0479,0.0000,-0.0287,0
63108,0.3207,-5.8931,7.8033,0.5600,-1.0500,-0.9100,0.0191,-0.0359,-0.0311,0
63147,0.4955,-5.9721,7.7267,-0.7700,-1.1200,0.6300,-0.0263,-0.0383,0.0215,0
63186,0.3950,-6.1732,7.6740,0.0000,-0.5600,0.8400,0.0000,-0.0191,0.0287,0
63225,0.4045,-6.1947,7.7171,0.2100,0.0000,0.4200,0.0072,0.0000,0.0144,0
63264,0.3351,-6.0559,7.7075,0.8400,0.7700,-0.0700,0.0287,0.0263,-0.0024,0
63303,0.3447,-5.9626,7.6788,0.5600,1.1200,0.0000,0.0191,0.0383,0.0000,0
63342,0.1652,-5.8668,7.8679,0.3500,0.7000,-0.0700,0.0120,0.0239,-0.0024,0
63381,0.2250,-6.0176,7.6357,-0.8400,-0.4200,0.5600,-0.0287,-0.0144,0.0191,0
63420,0.2896,-5.8884,7.8583,-2.1700,-0.9800,0.7700,-0.0742,-0.0335,0.0263,0
63459,0.3806,-6.1277,7.5663,-2.2400,-1.0500,0.8400,-0.0766,-0.0359,0.0287,0
63498,0.4452,-6.1995,7.6692,-1.9600,0.0000,0.8400,-0.0670,0.0000,0.0287,0
63537,0.2202,-6.1205,7.6668,-0.5600,0.7000,-0.1400,-0.0191,0.0239,-0.0048,0
63576,0.2130,-6.1397,7.6644,-0.9800,0.4200,-0.8400,-0.0335,0.0144,-0.0287,0
63615,0.4165,-6.0798,7.6668,-0.4200,1.0500,0.1400,-0.0144,0.0359,0.0048,0
63654,0.2777,-6.1158,7.6573,-0.9800,0.7700,0.2100,-0.0335,0.0263,0.0072,0
63693,0.2442,-6.3025,7.5998,0.0000,-0.2100,0.6300,0.0000,-0.0072,0.0215,0
63732,0.3040,-6.2259,7.7434,-0.0700,-0.6300,1.6800,-0.0024,-0.0215,0.0574,0
63771,0.2992,-6.1971,7.6190,0.4900,-0.2800,1.1200,0.0168,-0.0096,0.0383,0
63810,0.2035,-6.0272,7.6285,0.9100,-0.6300,-0.2800,0.0311,-0.0215,-0.0096,0
63849,0.2872,-6.0368,7.6644,0.2100,-0.9100,-0.0700,0.0072,-0.0311,-0.0024,0
63888,0.3303,-6.1062,7.7075,0.0000,-0.4900,0.5600,0.0000,-0.0168,0.0191,0
63927,0.3447,-6.1110,7.6596,0.2100,-0.5600,0.7000,0.0072,-0.0191,0.0239,0
63966,0.2992,-5.9650,7.7099,0.2100,-0.4200,0.5600,0.0072,-0.0144,0.0191,0
64005,0.2824,-6.1134,7.6237,0.0700,-0.1400,0.4900,0.0024,-0.0048,0.0168,0
64044,0.2944,-6.1373,7.6788,-0.2800,0.3500,-0.1400,-0.0096,0.0120,-0.0048,0
64083,0.3016,-6.1900,7.6596,-0.9800,0.9100,-0.6300,-0.0335,0.0311,-0.0215,0
64122,0.2465,-6.0703,7.6860,-0.2100,0.8400,-0.5600,-0.0072,0.0287,-0.0191,0
64161,0.2537,-6.0846,7.6596,-0.6300,0.3500,0.0000,-0.0215,0.0120,0.0000,0
64200,0.2202,-6.1660,7.6094,-0.2100,-0.8400,0.7000,-0.0072,-0.0287,0.0239,0
64239,0.2992,-6.2689,7.5304,-0.2800,-1.3300,0.7700,-0.0096,-0.0455,0.0263,0
64278,0.3255,-6.1923,7.6716,-0.2800,-0.4200,0.7000,-0.0096,-0.0144,0.0239,0
64317,0.2609,-6.1684,7.6022,0.1400,-0.1400,0.2100,0.0048,-0.0048,0.0072,0
64356,0.3112,-6.1445,7.6237,0.0000,-0.5600,-0.0700,0.0000,-0.0191,-0.0024,0
64395,0.3734,-6.2067,7.6692,-0.0700,0.3500,0.5600,-0.0024,0.0120,0.0191,0
64434,0.2274,-6.1804,7.5998,0.4900,0.2100,0.4900,0.0168,0.0072,0.0168,0
64473,0.2537,-6.0942,7.6285,0.1400,-0.0700,0.3500,0.0048,-0.0024,0.0120,0
64512,0.2824,-6.1636,7.6237,0.0700,0.4900,0.0700,0.0024,0.0168,0.0024,0
64551,0.1843,-6.1373,7.6429,0.2100,-0.2100,0.0000,0.0072,-0.0072,0.0000,0
64590,0.2872,-6.1947,7.6214,0.0700,-0.2100,0.4200,0.0024,-0.0072,0.0144,0
64629,0.2729,-6.1947,7.6285,0.7000,0.3500,0.3500,0.0239,0.0120,0.0120,0
64668,0.1939,-6.2306,7.5783,1.0500,-0.7700,0.2100,0.0359,-0.0263,0.0072,0
64707,0.3040,-6.1564,7.6573,0.0700,-0.6300,0.7000,0.0024,-0.0215,0.0239,0
64746,0.2729,-6.1636,7.6405,0.7700,-0.4900,0.6300,0.0263,-0.0168,0.0215,0
64785,0.3136,-6.0775,7.7003,0.2800,-0.4200,0.4200,0.0096,-0.0144,0.0144,0
64824,0.2992,-6.1086,7.6501,0.2800,0.0000,0.2800,0.0096,0.0000,0.0096,0
64863,0.2561,-6.1612,7.5831,0.4200,0.1400,0.2100,0.0144,0.0048,0.0072,0
64902,0.2394,-6.2330,7.6190,0.9800,0.4200,0.1400,0.0335,0.0144,0.0048,0
64941,0.2274,-6.1493,7.6166,0.9800,0.5600,0.0700,0.0335,0.0191,0.0024,0
64980,0.1987,-6.1732,7.6788,1.1200,-0.4900,0.2100,0.0383,-0.0168,0.0072,0
65019,0.2872,-6.1564,7.5735,1.5400,-0.6300,0.7700,0.0527,-0.0215,0.0263,0
65058,0.2059,-6.1636,7.6692,1.4000,-1.2600,0.5600,0.0479,-0.0431,0.0191,0
65097,0.2513,-6.2043,7.3916,1.0500,-1.4700,0.4200,0.0359,-0.0503,0.0144,0
65136,0.2968,-6.3240,8.6769,-31.3600,-1.7500,-0.2800,-1.0724,-0.0598,-0.0096,0
65175,0.7612,-5.7878,8.2820,-34.3000,-2.0300,2.3100,-1.1729,-0.0694,0.0790,0
65214,0.8426,-5.7998,6.7525,-10.9900,0.4200,5.3200,-0.3758,0.0144,0.1819,0
65253,1.0484,-6.2689,7.1259,-15.8900,2.6600,7.0700,-0.5434,0.0910,0.2418,0
65292,0.9120,-6.2498,7.2120,-8.9600,15.6800,6.1600,-0.3064,0.5362,0.2106,0
65331,0.2011,-5.9482,7.2001,-11.5500,15.1200,3.0800,-0.3950,0.5170,0.1053,0
65370,0.2537,-5.5293,7.0612,-27.0200,20.3700,8.6100,-0.9239,0.6965,0.2944,0
65409,-0.1699,-6.0559,7.2575,-37.7300,24.2200,13.7900,-1.2902,0.8282,0.4715,0
65448,-0.3567,-6.3216,6.8434,-41.0900,31.3600,12.7400,-1.4051,1.0724,0.4356,0
65487,-0.7085,-6.3216,6.5107,-37.1000,38.3600,13.4400,-1.2686,1.3117,0.4596,0
65526,-1.0149,-6.6232,5.6418,-34.8600,39.5500,17.4300,-1.1920,1.3524,0.5960,0
65565,-1.5702,-6.8793,5.5628,-33.8800,44.2400,20.8600,-1.1585,1.5128,0.7133,0
65604,-2.4966,-7.6142,5.6011,-36.8900,33.3900,18.3400,-1.2614,1.1418,0.6271,0
65643,-3.1261,-8.1264,5.8453,-51.1000,24.9200,17.5700,-1.7474,0.8521,0.6008,0
65682,-2.9011,-8.3083,5.0027,-37.0300,17.0800,14.4200,-1.2662,0.5840,0.4931,0
65721,-2.4798,-8.2676,4.6197,-23.8700,14.5600,5.2500,-0.8162,0.4979,0.1795,0
65760,-2.2333,-8.6243,4.4641,-18.2000,5.4600,-4.0600,-0.6223,0.1867,-0.1388,0
65799,-2.5277,-8.0474,5.1535,-23.1000,4.7600,-14.7700,-0.7899,0.1628,-0.5051,0
65838,-2.6019,-8.4735,4.2439,-19.3200,0.2100,-32.4800,-0.6606,0.0072,-1.1106,0
65877,-1.8000,-9.0288,4.1554,-16.2400,-16.9400,-38.6400,-0.5553,-0.5793,-1.3213,0
65916,-1.2040,-8.9738,4.6748,-19.4600,-14.6300,-36.1900,-0.6654,-0.5003,-1.2375,0
65955,-1.3141,-8.5046,4.3804,-15.4000,-12.7400,-37.6600,-0.5266,-0.4356,-1.2878,0
65994,-1.0747,-8.4783,4.1027,-14.0000,-8.7500,-40.9500,-0.4787,-0.2992,-1.4003,0
66033,-1.0149,-9.2490,4.3421,-19.6700,-10.9200,-39.7600,-0.6726,-0.3734,-1.3596,0
66072,-0.2130,-9.4788,4.5431,-21.7000,-13.3000,-40.3900,-0.7420,-0.4548,-1.3811,0
66111,0.1795,-9.7373,3.9567,-14.7000,-9.0300,-43.8200,-0.5027,-0.3088,-1.4984,0
66150,0.8330,-9.4860,4.1218,-17.4300,-9.3100,-44.6600,-0.5960,-0.3184,-1.5271,0
66189,1.0053,-8.7966,3.7221,-17.2200,-8.6100,-46.5500,-0.5888,-0.2944,-1.5918,0
66228,1.6875,-9.1150,2.9921,-12.1100,-15.3300,-41.2300,-0.4141,-0.5242,-1.4099,0
66267,1.8168,-9.6559,2.9346,-20.0900,-9.6600,-39.3400,-0.6870,-0.3303,-1.3452,0
66306,2.0250,-9.7014,2.8748,-11.4800,-13.0900,-44.0300,-0.3926,-0.4476,-1.5056,0
66345,2.4990,-9.2777,3.3679,-16.2400,-10.5000,-40.0400,-0.5553,-0.3590,-1.3692,0
66384,2.7694,-8.6698,3.2123,-13.9300,-4.2000,-30.3800,-0.4763,-0.1436,-1.0388,0
66423,2.9538,-9.1341,2.5947,-10.1500,1.1900,-29.2600,-0.3471,0.0407,-1.0005,0
66462,2.7431,-9.6464,3.0303,-13.2300,2.8000,-26.3200,-0.4524,0.0957,-0.9000,0
66501,2.5468,-9.3615,2.8006,-7.9800,4.3400,-24.7800,-0.2729,0.1484,-0.8473,0
66540,2.9035,-9.2777,2.4224,-6.7900,6.2300,-21.4900,-0.2322,0.2130,-0.7348,0
66579,3.1907,-9.4285,2.7694,-8.0500,6.1600,-22.0500,-0.2753,0.2106,-0.7540,0
66618,3.6168,-9.4142,2.4224,-3.0100,13.6500,-18.5500,-0.1029,0.4668,-0.6343,0
66657,3.4899,-9.0791,2.6091,0.9800,15.7500,-20.7200,0.0335,0.5386,-0.7085,0
66696,3.2530,-9.0743,2.3410,7.9100,18.5500,-25.5500,0.2705,0.6343,-0.8737,0
66735,3.2913,-8.8349,3.0710,14.4900,16.3800,-25.9700,0.4955,0.5601,-0.8880,0
66774,3.6216,-9.1341,2.7790,15.1900,21.3500,-31.7100,0.5194,0.7301,-1.0843,0
66813,3.0495,-8.8972,2.8987,19.0400,24.4300,-36.9600,0.6511,0.8354,-1.2638,0
66852,3.1835,-9.5722,3.2913,21.3500,15.0500,-44.4500,0.7301,0.5146,-1.5200,0
66891,2.7623,-9.2323,3.6838,28.4900,11.4800,-56.8400,0.9742,0.3926,-1.9436,0
66930,2.5516,-8.2676,3.9208,30.8700,-10.2200,-55.0900,1.0556,-0.3495,-1.8838,0
66969,2.7766,-8.4041,4.6461,25.6900,-27.1600,-43.4000,0.8785,-0.9287,-1.4841,0
67008,3.9519,-7.8057,5.1439,16.7300,-42.9100,-32.2700,0.5721,-1.4673,-1.1035,0
67047,5.0817,-6.8338,4.8136,25.9700,-31.5700,-29.5400,0.8880,-1.0795,-1.0101,0
67086,6.4580,-6.8338,4.6389,19.4600,-48.1600,-32.0600,0.6654,-1.6468,-1.0963,0
67125,6.9440,-9.1030,6.8841,24.5000,-37.4500,-22.9600,0.8378,-1.2806,-0.7851,0
67164,6.7381,-6.7022,3.7700,45.2900,-15.9600,-6.5800,1.5487,-0.5457,-0.2250,0
67203,7.3509,-6.5011,3.9232,41.5800,-24.7100,-26.9500,1.4218,-0.8450,-0.9216,0
67242,8.2700,-6.3168,5.2133,27.0900,-14.5600,-23.0300,0.9263,-0.4979,-0.7875,0
67281,6.0966,-7.0301,4.1937,10.7100,2.3100,-27.0900,0.3662,0.0790,-0.9263,0
67320,5.8860,-6.6280,3.4468,-5.4600,-30.2400,-24.6400,-0.1867,-1.0341,-0.8426,0
67359,5.0434,-6.8051,4.6054,12.2500,-31.5700,-19.3200,0.4189,-1.0795,-0.6606,0
67398,6.6830,-8.0977,4.2415,13.3700,-43.3300,-13.8600,0.4572,-1.4817,-0.4739,0
67437,8.9091,-9.0551,4.2583,38.0800,-39.4800,-29.3300,1.3021,-1.3500,-1.0029,0
67476,9.0288,-8.1503,2.6785,61.3900,-20.7200,-38.3600,2.0992,-0.7085,-1.3117,0
67515,6.3982,-7.0708,2.8197,90.3700,-3.8500,-41.5100,3.0902,-0.1317,-1.4194,0
67554,5.8812,-5.5437,2.4463,80.5700,-41.3700,-26.1100,2.7551,-1.4146,-0.8928,0
67593,8.3682,-6.2259,2.3697,88.3400,-60.4100,16.5900,3.0208,-2.0657,0.5673,0
67632,6.3408,-4.0740,1.6133,109.3400,7.2800,37.4500,3.7389,0.2489,1.2806,0
67671,2.9131,-1.6253,2.6019,133.4200,-8.3300,21.7700,4.5623,-0.2848,0.7444,0
67710,2.4559,-0.2178,2.2141,88.4100,-47.1100,32.4100,3.0232,-1.6109,1.1083,0
67749,3.4205,-1.0795,2.1662,19.1800,-56.7700,60.4800,0.6559,-1.9412,2.0681,0
67788,5.0889,-2.5301,2.1639,-23.4500,-68.1800,77.4900,-0.8019,-2.3314,2.6498,0
67827,7.6740,-4.1003,2.4152,-49.4200,-80.6400,72.5200,-1.6899,-2.7575,2.4798,0
67866,8.6147,-4.7921,2.0944,-55.2300,-59.5700,59.6400,-1.8886,-2.0370,2.0394,0
67905,7.5759,-6.9511,2.1615,-56.0000,-55.3700,32.1300,-1.9149,-1.8934,1.0987,0
67944,8.0043,-7.0660,2.3721,-43.7500,-71.7500,23.7300,-1.4960,-2.4535,0.8114,0
67983,11.0347,-8.4615,2.2764,-20.1600,-96.8800,5.4600,-0.6894,-3.3128,0.1867,0
68022,12.9424,-7.4227,3.2649,-19.4600,-59.1500,-27.8600,-0.6654,-2.0226,-0.9527,0
68061,10.4482,-5.9913,-1.4170,-1.0500,-34.7900,-48.6500,-0.0359,-1.1896,-1.6636,0
68100,11.7647,-5.8644,2.9226,-26.6000,2.8700,-34.2300,-0.9096,0.0981,-1.1705,0
68139,12.2004,-7.4227,-1.6037,-26.6000,11.4100,-33.0400,-0.9096,0.3902,-1.1298,0
68178,10.3333,-5.4144,-0.4213,0.7000,-19.6700,-70.3500,0.0239,-0.6726,-2.4056,0
68217,10.1658,-3.8968,1.3907,-10.7100,-29.6800,-66.2900,-0.3662,-1.0149,-2.2668,0
68256,9.6248,-4.4689,0.0215,-8.4000,-34.5100,-43.7500,-0.2872,-1.1801,-1.4960,0
68295,10.6876,-4.1745,0.2011,-0.7700,-29.3300,-55.0900,-0.0263,-1.0029,-1.8838,0
68334,10.9629,-3.0280,-0.2394,11.8300,-25.2700,-65.1000,0.4045,-0.8641,-2.2261,0
68373,9.5291,-1.4793,-0.2035,6.7900,-6.8600,-62.6500,0.2322,-0.2346,-2.1423,0
68412,10.2424,-1.8120,-0.2202,-8.8200,-2.4500,-57.1200,-0.3016,-0.0838,-1.9532,0
68451,8.8349,-1.6588,-0.4285,-7.9100,-9.8000,-58.5900,-0.2705,-0.3351,-2.0035,0
68490,9.9264,-1.0149,-0.5649,-8.0500,-11.7600,-49.2800,-0.2753,-0.4021,-1.6851,0
68529,10.1897,-0.6463,-0.7636,-10.9200,-5.5300,-45.7100,-0.3734,-0.1891,-1.5630,0
68568,10.1490,-0.4428,-0.7612,-9.6600,1.6800,-39.2000,-0.3303,0.0574,-1.3404,0
68607,9.8067,-0.2226,-0.0622,-11.5500,5.5300,-26.9500,-0.3950,0.1891,-0.9216,0
68646,8.8469,0.4715,0.3112,-8.0500,6.9300,-20.4400,-0.2753,0.2370,-0.6989,0
68685,7.8870,0.7779,0.1532,-4.3400,5.8100,-13.6500,-0.1484,0.1987,-0.4668,0
68724,6.7572,0.7564,0.7755,-12.4600,7.0000,-5.4600,-0.4261,0.2394,-0.1867,0
68763,6.6352,0.8138,0.6319,-15.0500,10.0100,-5.1100,-0.5146,0.3423,-0.1747,0
68802,7.3485,0.3471,0.1604,-21.2800,24.2200,5.1100,-0.7277,0.8282,0.1747,0
68841,8.6722,0.4668,0.2394,-41.0200,13.6500,11.5500,-1.4027,0.4668,0.3950,0
68880,9.9647,0.2705,1.4625,-51.3800,2.8700,10.2900,-1.7569,0.0981,0.3519,0
68919,10.2759,-0.7684,1.2806,-27.2300,-7.6300,15.6800,-0.9311,-0.2609,0.5362,0
68958,9.0432,-1.1226,-0.9814,-18.7600,-14.1400,23.3800,-0.6415,-0.4835,0.7995,0
68997,10.2352,-1.9724,-1.9436,-30.8700,-13.7900,27.5100,-1.0556,-0.4715,0.9407,0
69036,11.1544,-3.9112,-0.6439,-38.0800,-1.8200,21.5600,-1.3021,-0.0622,0.7372,0
69075,11.3889,-2.7575,-1.1202,-41.8600,-4.6200,9.7300,-1.4314,-0.1580,0.3327,0
69114,9.0910,-2.7072,-1.8144,-30.9400,7.1400,5.2500,-1.0580,0.2442,0.1795,0
69153,7.7578,-3.0447,-1.2208,-38.8500,9.5200,8.6100,-1.3285,0.3255,0.2944,0
69192,7.7745,-3.7365,-1.3739,-7.0700,1.8900,6.5100,-0.2418,0.0646,0.2226,0
69231,8.3442,-2.8772,-0.3854,-3.9900,-16.5900,-1.4700,-0.1364,-0.5673,-0.0503,0
69270,8.9690,-1.6372,0.5027,-9.6600,-11.9000,-6.8600,-0.3303,-0.4069,-0.2346,0
69309,9.2562,-1.6325,0.5266,-17.9200,-6.1600,-7.5600,-0.6128,-0.2106,-0.2585,0
69348,9.4645,-1.4936,1.1106,-40.6000,-9.8700,-24.2900,-1.3883,-0.3375,-0.8306,0
69387,10.4291,-2.7048,0.0862,-40.6700,-20.7200,-32.0600,-1.3907,-0.7085,-1.0963,0
69426,13.9430,-0.4715,-1.0436,-72.0300,18.4100,-13.5100,-2.4631,0.6295,-0.4620,0
69465,10.9030,-1.1442,-1.8407,-18.5500,65.5900,-18.9700,-0.6343,2.2428,-0.6487,0
69504,10.6158,-1.5080,-2.7838,-15.7500,42.0000,-23.1000,-0.5386,1.4362,-0.7899,0
69543,9.4573,-3.6288,-1.8527,17.9200,-10.8500,-28.7700,0.6128,-0.3710,-0.9838,0
69582,10.3381,-2.0011,-2.7120,35.7700,-10.7100,-23.6600,1.2232,-0.3662,-0.8091,0
69621,9.6942,0.9934,-3.1165,50.6100,5.3900,-19.8800,1.7306,0.1843,-0.6798,0
69660,8.8373,2.4224,-2.8436,47.2500,4.2000,-24.8500,1.6157,0.1436,-0.8497,0
69699,8.8708,1.9317,-1.6827,25.8300,-7.2800,-22.6100,0.8833,-0.2489,-0.7731,0
69738,10.1419,0.8067,-1.5128,17.1500,-5.2500,-22.5400,0.5864,-0.1795,-0.7708,0
69777,9.8403,-0.3926,-1.3189,14.2100,-12.1800,-17.8500,0.4859,-0.4165,-0.6104,0
69816,9.1198,-1.6803,-1.0005,21.9100,17.0100,-0.8400,0.7492,0.5817,-0.0287,0
69855,10.1203,-0.9598,-0.6798,38.9900,25.1300,5.7400,1.3333,0.8593,0.1963,0
69894,10.1825,-0.0814,-0.4668,49.8400,53.1300,3.2200,1.7043,1.8168,0.1101,0
69933,9.9384,0.1963,-1.1442,86.5900,41.2300,-5.6700,2.9609,1.4099,-0.1939,0
69972,9.6105,-0.5817,-0.8713,90.5100,24.5700,-4.8300,3.0950,0.8402,-0.1652,0
70011,9.7589,-0.2298,-0.7253,72.8700,31.5700,4.9000,2.4918,1.0795,0.1676,0
70050,10.3692,0.2226,-0.7708,61.6000,40.1800,16.5900,2.1064,1.3739,0.5673,0
70089,9.9719,0.9694,-0.8162,75.3200,24.7100,9.2400,2.5756,0.8450,0.3160,0
70128,10.0150,1.1585,0.0048,94.4300,-1.6800,8.1200,3.2290,-0.0574,0.2777,0
70167,10.4602,1.5894,0.3782,95.7600,-17.3600,31.4300,3.2745,-0.5936,1.0747,0
70206,9.6536,1.0843,0.2370,74.9000,-12.4600,39.4800,2.5612,-0.4261,1.3500,0
70245,8.5094,0.3854,-0.1532,35.4200,-4.0600,49.6300,1.2112,-0.1388,1.6971,0
70284,11.6211,-0.3806,1.3261,30.6600,-26.9500,67.0600,1.0484,-0.9216,2.2931,0
70323,11.0323,-2.3290,1.5224,30.5900,-37.3100,35.4900,1.0460,-1.2758,1.2136,0
70362,9.7541,-3.0519,-0.1364,46.2000,-18.8300,1.1200,1.5798,-0.6439,0.0383,0
70401,8.9594,-2.9490,-0.2609,70.4900,-14.7700,-10.6400,2.4104,-0.5051,-0.3638,0
70440,8.8589,-2.6641,-0.5769,99.1200,-14.1400,-14.8400,3.3894,-0.4835,-0.5075,0
70479,8.4567,-1.3428,-0.2298,110.6000,-14.4200,-19.8800,3.7820,-0.4931,-0.6798,0
70518,8.6841,-0.0766,-0.1173,111.3000,-13.2300,-26.7400,3.8059,-0.4524,-0.9144,0
70557,10.2065,0.2035,0.7444,94.9200,3.7100,-26.3900,3.2458,0.1269,-0.9024,0
70596,12.3751,1.5295,2.0633,60.2700,-0.5600,-1.1900,2.0609,-0.0191,-0.0407,0
70635,12.0807,-0.1388,0.2370,81.6900,-22.9600,1.1900,2.7934,-0.7851,0.0407,0
70674,10.6038,-0.7492,1.4697,64.9600,14.2100,-19.8100,2.2213,0.4859,-0.6774,0
70713,10.6206,-0.1293,-0.3447,103.3200,10.2200,-33.6000,3.5330,0.3495,-1.1489,0
70752,9.1078,-0.8833,-1.0843,108.4300,8.4700,-22.6100,3.7077,0.2896,-0.7731,0
70791,8.7392,-0.4644,-2.4152,96.9500,0.5600,-16.0300,3.3152,0.0191,-0.5481,0
70830,10.4937,0.1364,-1.1944,75.6000,14.1400,1.6800,2.5851,0.4835,0.0574,0
70869,10.0078,0.4045,-1.1083,47.6700,27.1600,-1.4000,1.6301,0.9287,-0.0479,0
70908,9.8642,0.0574,-0.0838,31.0800,17.5000,-2.8700,1.0628,0.5984,-0.0981,0
70947,9.9336,-0.5601,0.6008,29.9600,15.7500,-5.1800,1.0245,0.5386,-0.1771,0
70986,9.3328,0.2178,0.8138,46.2700,24.9200,-2.7300,1.5822,0.8521,-0.0934,0
71025,9.3160,0.4835,0.9910,49.6300,9.9400,7.4200,1.6971,0.3399,0.2537,0
71064,9.3903,0.3806,1.0197,46.1300,-15.4000,21.3500,1.5774,-0.5266,0.7301,0
71103,10.3501,1.7737,0.8210,54.9500,-20.5100,40.7400,1.8790,-0.7013,1.3931,0
71142,11.8246,1.5702,-0.5242,11.4800,7.4200,52.1500,0.3926,0.2537,1.7833,0
71181,9.8498,0.1436,-0.2465,-23.8000,4.9000,25.4100,-0.8138,0.1676,0.8689,0
71220,9.2251,-1.7091,0.6846,-30.0300,-13.3700,15.4000,-1.0269,-0.4572,0.5266,0
71259,9.2227,-2.3673,0.5290,-11.2000,-25.8300,6.2300,-0.3830,-0.8833,0.2130,0
71298,8.9785,-2.8819,-0.5625,19.5300,-14.3500,-2.0300,0.6678,-0.4907,-0.0694,0
71337,9.1006,-3.3679,-0.1173,37.6600,-4.2000,-5.6700,1.2878,-0.1436,-0.1939,0
71376,9.4309,-2.5732,1.2974,39.4100,-2.1000,-20.4400,1.3476,-0.0718,-0.6989,0
71415,10.0892,-0.9144,1.8623,31.1500,-6.3000,-33.2500,1.0652,-0.2154,-1.1370,0
71454,11.1376,0.0814,1.8503,13.9300,3.0100,-27.2300,0.4763,0.1029,-0.9311,0
71493,12.8467,0.1149,0.2370,7.9100,7.5600,14.7700,0.2705,0.2585,0.5051,0
71532,9.2514,-0.3782,1.1681,-1.8200,2.9400,0.2800,-0.0622,0.1005,0.0096,0
71571,9.0049,-0.2537,0.9192,10.9200,22.4000,-20.8600,0.3734,0.7660,-0.7133,0
71610,9.9504,-0.0981,-0.5649,26.3200,1.8200,-16.3100,0.9000,0.0622,-0.5577,0
71649,9.4740,0.3423,-0.5888,17.6400,-16.5200,-13.6500,0.6032,-0.5649,-0.4668,0
71688,9.8618,1.0795,-0.8043,14.7000,-10.4300,-7.9100,0.5027,-0.3567,-0.2705,0
71727,10.1921,1.2255,-0.9694,10.2200,-13.0900,-12.1800,0.3495,-0.4476,-0.4165,0
71766,9.9934,0.9239,-0.6630,-11.4800,-16.1000,-13.9300,-0.3926,-0.5505,-0.4763,0
71805,10.0222,0.1149,0.2705,-13.9300,-10.4300,-17.3600,-0.4763,-0.3567,-0.5936,0
71844,10.0772,0.3662,-0.1939,5.7400,2.6600,-15.8900,0.1963,0.0910,-0.5434,0
71883,9.9934,-0.0503,-0.8114,10.9900,-3.7100,-12.4600,0.3758,-0.1269,-0.4261,0
71922,9.9336,0.2274,-0.0551,-3.1500,-14.4200,-5.1100,-0.1077,-0.4931,-0.1747,0
71961,10.1131,0.4237,-0.0910,1.1900,-2.3800,-4.4800,0.0407,-0.0814,-0.1532,0
72000,10.1562,-0.1173,0.4452,-3.0800,15.8900,0.2100,-0.1053,0.5434,0.0072,0
72039,9.8211,-0.4715,0.8282,22.9600,16.3100,6.7200,0.7851,0.5577,0.2298,0
72078,10.1059,-0.3950,0.8689,37.3800,14.8400,7.2800,1.2782,0.5075,0.2489,0
72117,9.9432,0.3184,0.2896,33.6000,12.6000,17.0100,1.1489,0.4309,0.5817,0
72156,10.6206,1.4817,-0.2082,37.3100,8.0500,22.8900,1.2758,0.2753,0.7827,0
72195,10.8911,1.7091,-0.2896,24.2900,6.8600,19.8800,0.8306,0.2346,0.6798,0
72234,9.6559,1.6301,0.2082,1.0500,1.7500,11.5500,0.0359,0.0598,0.3950,0
72273,8.8517,0.8162,0.7109,-7.4200,2.1700,-0.2100,-0.2537,0.0742,-0.0072,0
72312,10.5440,0.6870,1.2136,-10.3600,11.0600,8.1200,-0.3543,0.3782,0.2777,0
72351,9.6464,1.1705,0.8904,-3.0800,8.8200,6.3000,-0.1053,0.3016,0.2154,0
72390,9.5937,0.7779,0.7755,-5.8800,13.3000,0.8400,-0.2011,0.4548,0.0287,0
72429,10.2472,0.1628,0.6654,-14.2800,6.0900,-0.7000,-0.4883,0.2082,-0.0239,0
72468,10.2520,0.0694,1.2423,-20.5800,3.3600,-3.0800,-0.7037,0.1149,-0.1053,0
72507,9.2610,0.2729,1.4338,-24.0800,0.4900,2.1700,-0.8234,0.0168,0.0742,0
72546,9.8977,0.6200,1.9604,-20.8600,3.2900,12.3900,-0.7133,0.1125,0.4237,0
72585,10.6924,1.0221,1.4122,-24.9900,-0.2100,15.8200,-0.8545,-0.0072,0.5410,0
72624,11.0371,1.2997,2.0561,-47.0400,5.8100,10.0100,-1.6085,0.1987,0.3423,0
72663,11.0466,1.3931,1.3692,-53.7600,17.8500,-3.0100,-1.8383,0.6104,-0.1029,0
72702,9.2825,1.6444,0.9862,-81.7600,17.5700,-15.8900,-2.7958,0.6008,-0.5434,0
72741,8.4687,0.4835,0.3710,-118.3000,9.3800,-12.8800,-4.0453,0.3207,-0.4404,0
72780,8.4041,-0.6774,0.6606,-144.1300,3.5000,-1.4700,-4.9285,0.1197,-0.0503,0
72819,9.0934,-1.8072,0.6223,-138.8100,-7.3500,6.0200,-4.7466,-0.2513,0.2059,0
72858,9.6176,-1.5104,0.8497,-115.4300,-7.6300,10.7800,-3.9471,-0.2609,0.3686,0
72897,9.3855,-1.0987,0.6104,-90.1600,-12.9500,1.6100,-3.0830,-0.4428,0.0551,0
72936,9.8403,-2.5636,0.7660,-97.3000,-13.6500,-3.5700,-3.3272,-0.4668,-0.1221,0
72975,9.5506,-3.5498,0.7061,-94.9900,-17.0100,-13.6500,-3.2482,-0.5817,-0.4668,0
73014,9.1222,-4.1410,1.0843,-85.1200,-19.3900,-18.4100,-2.9107,-0.6630,-0.6295,0
73053,8.6841,-3.6623,1.3237,-84.0700,-19.0400,-11.4800,-2.8748,-0.6511,-0.3926,0
73092,11.3291,-3.3607,1.4673,-86.1000,-4.0600,-4.4100,-2.9442,-0.1388,-0.1508,0
73131,12.4661,-2.1471,0.4309,-112.7000,16.5900,27.6500,-3.8538,0.5673,0.9455,0
73170,10.3333,-1.9269,1.4505,-121.7300,-9.5900,4.9700,-4.1625,-0.3279,0.1699,0
73209,9.0791,-1.2662,1.3165,-121.8700,-26.2500,-12.1800,-4.1673,-0.8976,-0.4165,0
73248,10.2711,0.2896,-0.5793,-70.7700,-17.0800,-20.0900,-2.4200,-0.5840,-0.6870,0
73287,9.9767,2.0226,-1.4122,-66.9200,-2.8000,-18.0600,-2.2883,-0.0957,-0.6176,0
73326,9.9192,2.2333,-1.5894,-85.1900,-2.2400,-9.4500,-2.9131,-0.0766,-0.3231,0
73365,9.8187,1.3931,-1.2495,-125.6500,-15.5400,-15.2600,-4.2966,-0.5314,-0.5218,0
73404,10.1586,0.9527,-1.5654,-132.3700,-10.7100,-17.9900,-4.5264,-0.3662,-0.6152,0
73443,10.2400,0.1173,-1.5894,-134.4000,-8.1200,-17.9200,-4.5958,-0.2777,-0.6128,0
73482,9.8762,-0.3327,-0.7947,-140.0000,-2.5900,-13.1600,-4.7873,-0.0886,-0.4500,0
73521,9.8211,0.0742,-0.5984,-130.5500,14.0000,-6.2300,-4.4641,0.4787,-0.2130,0
73560,9.6583,0.8809,-0.7325,-122.0100,24.4300,-1.6800,-4.1721,0.8354,-0.0574,0
73599,9.1461,1.9365,-1.3045,-127.4700,12.9500,-2.8700,-4.3588,0.4428,-0.0981,0
73638,9.1174,0.9981,-1.9748,-141.4000,-11.2700,-6.0900,-4.8352,-0.3854,-0.2082,0
73677,9.3400,0.1556,-2.3960,-145.3900,-18.1300,8.8900,-4.9716,-0.6200,0.3040,0
73716,10.7810,-0.7325,-2.0083,-140.6300,-3.7800,26.8800,-4.8088,-0.1293,0.9192,0
73755,11.6044,-1.0771,-1.2997,-129.1500,8.2600,28.1400,-4.4163,0.2824,0.9622,0
73794,11.3626,-0.0622,0.9527,-97.6500,10.2200,25.2000,-3.3391,0.3495,0.8617,0
73833,14.0172,0.3423,-1.0484,-83.7900,21.4200,19.5300,-2.8652,0.7325,0.6678,0
73872,10.2208,0.4811,-0.9311,-93.3800,37.1000,6.4400,-3.1931,1.2686,0.2202,0
73911,8.2222,0.1484,0.5625,-119.9800,37.5200,10.1500,-4.1027,1.2830,0.3471,0
73950,7.8775,-1.3931,1.2447,-123.7600,29.0500,13.0900,-4.2320,0.9934,0.4476,0
73989,8.7775,-2.6378,1.7928,-102.3400,26.3900,15.4000,-3.4995,0.9024,0.5266,0
74028,9.3639,-3.0040,1.4553,-78.4700,17.9900,8.0500,-2.6833,0.6152,0.2753,0
74067,8.9953,-3.3439,0.8210,-55.9300,14.9100,-0.2100,-1.9125,0.5098,-0.0072,0
74106,8.8230,-3.1596,1.8359,-42.0700,15.0500,-0.7700,-1.4386,0.5146,-0.0263,0
74145,9.5291,-3.4325,2.2093,-28.7000,18.7600,0.4200,-0.9814,0.6415,0.0144,0
74184,9.5817,-3.2697,2.3170,-15.8200,14.7000,2.2400,-0.5410,0.5027,0.0766,0
74223,9.2012,-2.4487,1.9412,0.1400,6.9300,1.1200,0.0048,0.2370,0.0383,0
74262,8.9881,-2.4032,2.2165,10.2200,2.1700,2.2400,0.3495,0.0742,0.0766,0
74301,8.6722,-2.3458,1.5367,21.0700,-3.3600,4.2000,0.7205,-0.1149,0.1436,0
74340,8.8589,-2.2620,1.1681,24.8500,-7.7700,9.8700,0.8497,-0.2657,0.3375,0
74379,9.3208,-2.2716,1.3907,22.8200,-11.4800,10.7800,0.7803,-0.3926,0.3686,0
74418,9.4980,-1.8479,1.4194,28.0700,-15.1900,7.9100,0.9598,-0.5194,0.2705,0
74457,9.4812,-1.9149,0.8330,29.9600,-14.0000,6.3000,1.0245,-0.4787,0.2154,0
74496,9.1365,-1.6349,0.7803,28.5600,-34.1600,1.4700,0.9766,-1.1681,0.0503,0
74535,8.7392,-1.9412,0.9192,38.6400,-21.6300,-0.4200,1.3213,-0.7396,-0.0144,0
74574,8.7775,-1.5822,1.2255,26.5300,-23.0300,-1.7500,0.9072,-0.7875,-0.0598,0
74613,9.1605,-1.6205,1.1489,19.9500,-23.7300,-4.3400,0.6822,-0.8114,-0.1484,0
74652,9.5817,-1.9053,1.1561,11.2000,-23.3100,-5.1100,0.3830,-0.7971,-0.1747,0
74691,9.4070,-2.8795,1.4745,12.1100,-10.5700,-12.8800,0.4141,-0.3614,-0.4404,0
74730,12.0927,-3.7221,2.6234,0.2100,-3.6400,-8.6100,0.0072,-0.1245,-0.2944,0
74769,14.2446,-2.1160,0.7396,-24.8500,-11.8300,20.3700,-0.8497,-0.4045,0.6965,0
74808,11.6666,-2.7264,2.0202,26.3900,-5.6000,16.7300,0.9024,-0.1915,0.5721,0
74847,11.6977,0.6128,1.8383,9.3800,12.3200,-14.8400,0.3207,0.4213,-0.5075,0
74886,9.0863,3.1500,-1.6660,36.1200,8.6800,-49.9800,1.2351,0.2968,-1.7091,0
74925,9.4333,3.8777,-2.7742,12.1100,-19.9500,-53.4100,0.4141,-0.6822,-1.8263,0
74964,8.2987,2.3027,-1.7234,-54.6700,-24.9200,-38.6400,-1.8694,-0.8521,-1.3213,0
75003,8.3682,1.6133,-1.0293,-93.8700,-9.3100,-14.5600,-3.2099,-0.3184,-0.4979,0
75042,9.8115,0.9239,-0.7923,-91.1400,-9.4500,-9.3100,-3.1165,-0.3231,-0.3184,0
75081,10.9509,-0.9598,-0.6535,-67.8300,-10.4300,-10.5000,-2.3194,-0.3567,-0.3590,0
75120,10.3692,-1.5942,0.0239,-31.9900,-12.1100,-21.4200,-1.0939,-0.4141,-0.7325,0
75159,9.9456,-1.7521,-0.7851,-13.4400,-8.4700,-20.0200,-0.4596,-0.2896,-0.6846,0
75198,9.9671,-1.9724,-0.6271,-1.6800,19.5300,-12.9500,-0.0574,0.6678,-0.4428,0
75237,9.4740,-0.6726,-0.9144,7.0000,38.2200,-11.7600,0.2394,1.3069,-0.4021,0
75276,9.6440,0.2274,-0.5625,11.4100,30.5200,-4.9000,0.3902,1.0436,-0.1676,0
75315,9.7732,0.9766,-0.5075,15.1900,38.2200,-6.2300,0.5194,1.3069,-0.2130,0
75354,9.1676,0.5146,-1.1801,9.2400,45.1500,-3.8500,0.3160,1.5439,-0.1317,0
75393,10.3357,-0.6798,-1.7258,-16.8000,36.6100,12.1800,-0.5745,1.2519,0.4165,0
75432,11.6115,-1.2902,-0.9239,-33.1100,38.7800,17.4300,-1.1322,1.3261,0.5960,0
75471,11.8389,-1.1011,0.0790,-16.7300,43.5400,14.3500,-0.5721,1.4888,0.4907,0
75510,12.1358,0.0790,1.2519,7.4200,31.8500,22.6100,0.2537,1.0891,0.7731,0
75549,10.9198,1.8599,-0.9455,54.6700,-35.6300,33.3900,1.8694,-1.2184,1.1418,0
75588,6.3982,1.5367,1.9484,25.4100,-65.5900,26.8800,0.8689,-2.2428,0.9192,0
75627,7.1761,0.1747,1.8048,9.3100,-61.9500,52.2900,0.3184,-2.1184,1.7880,0
75666,12.3703,-1.7115,2.2045,26.7400,-38.5700,67.4100,0.9144,-1.3189,2.3051,0
75705,11.5589,-1.9173,1.1968,50.2600,-21.2100,29.3300,1.7186,-0.7253,1.0029,0
75744,9.7086,-1.1154,1.1274,54.1800,-19.5300,2.1700,1.8527,-0.6678,0.0742,0
75783,9.5028,-1.7115,1.0915,69.1600,-16.0300,0.2100,2.3649,-0.5481,0.0072,0
75822,8.9714,-1.1585,0.0862,91.3500,-19.0400,-0.0700,3.1237,-0.6511,-0.0024,0
75861,8.4089,-1.3931,-0.7444,97.6500,-15.6100,-4.1300,3.3391,-0.5338,-0.1412,0
75900,8.1815,-1.2208,-0.9790,100.5200,-28.6300,-12.4600,3.4373,-0.9790,-0.4261,0
75939,7.9349,-0.5721,-1.4290,94.5000,-32.0600,-27.9300,3.2314,-1.0963,-0.9551,0
75978,9.6823,-0.5817,-2.1303,77.1400,-26.9500,-37.5200,2.6378,-0.9216,-1.2830,0
76017,10.6565,-0.9455,-1.7234,47.3900,-23.8700,-14.1400,1.6205,-0.8162,-0.4835,0
76056,9.3591,-2.5780,-2.5109,87.2200,-50.1200,1.4000,2.9825,-1.7138,0.0479,0
76095,16.2911,1.6779,-0.7301,14.7700,-43.6100,51.1700,0.5051,-1.4912,1.7498,0
76134,13.8496,-1.3452,-1.2375,25.9000,-21.0000,52.0800,0.8856,-0.7181,1.7809,0
76173,11.3339,-0.2130,1.5774,16.5900,22.7500,-19.3900,0.5673,0.7779,-0.6630,0
76212,9.5674,0.8785,0.1747,75.8100,30.8700,-55.7200,2.5923,1.0556,-1.9053,0
76251,8.1791,1.6325,-0.8952,102.4800,35.7700,-54.3900,3.5043,1.2232,-1.8599,0
76290,7.5735,2.6234,-0.7348,67.0600,16.3100,-51.4500,2.2931,0.5577,-1.7593,0
76329,7.7291,3.7700,-1.0747,42.4200,21.4200,-34.0200,1.4505,0.7325,-1.1633,0
76368,8.9809,2.8293,-0.7516,-12.8100,56.6300,-8.8900,-0.4380,1.9365,-0.3040,0
76407,9.5506,0.4907,-1.2232,-32.0600,54.8100,0.7000,-1.0963,1.8742,0.0239,0
76446,10.7881,0.5386,-0.5601,-24.4300,-5.3900,-8.1900,-0.8354,-0.1843,-0.2801,0
76485,10.7690,0.2489,-0.1867,-13.7200,34.8600,-16.8700,-0.4692,1.1920,-0.5769,0
76524,10.6349,-0.9168,0.1939,-13.6500,85.4000,-11.1300,-0.4668,2.9202,-0.3806,0
76563,9.4668,-1.5200,0.8545,-2.3800,112.4900,-12.9500,-0.0814,3.8466,-0.4428,0
76602,9.0671,-1.2734,0.9144,11.9000,66.5700,-11.1300,0.4069,2.2764,-0.3806,0
76641,8.8852,0.9144,-0.3255,11.7600,39.6200,10.3600,0.4021,1.3548,0.3543,0
76680,11.3267,2.6761,0.9455,-42.0700,-2.9400,48.8600,-1.4386,-0.1005,1.6708,0
76719,11.5756,1.6492,0.5075,-34.5100,-87.9200,68.2500,-1.1801,-3.0064,2.3338,0
76758,8.2676,1.3093,2.2213,13.6500,-167.5800,35.9800,0.4668,-5.7304,1.2303,0
76797,8.0953,1.0700,1.7521,-11.3400,-90.5100,36.6100,-0.3878,-3.0950,1.2519,0
76836,12.0352,-1.1657,2.8676,-4.9000,-66.5000,68.0400,-0.1676,-2.2740,2.3266,0
76875,11.5709,-3.1692,2.4726,12.7400,-25.3400,12.5300,0.4356,-0.8665,0.4285,0
76914,9.1102,-1.2519,-0.0551,18.9700,-13.0900,7.0700,0.6487,-0.4476,0.2418,0
76953,8.8613,-1.8670,-0.4979,31.9900,-10.2200,10.9200,1.0939,-0.3495,0.3734,0
76992,8.1384,-1.6037,-0.8043,36.6100,-10.6400,3.5700,1.2519,-0.3638,0.1221,0
77031,7.7626,-1.7019,-1.5008,38.9900,-19.0400,-16.1000,1.3333,-0.6511,-0.5505,0
77070,7.3078,-1.7617,-1.0149,49.0700,-28.8400,-30.1700,1.6779,-0.9862,-1.0317,0
77109,10.4195,-0.9575,-0.3279,23.8000,-21.5600,-29.3300,0.8138,-0.7372,-1.0029,0
77148,11.3698,-0.9646,-1.3763,17.9900,-21.4900,-15.5400,0.6152,-0.7348,-0.5314,0
77187,10.3908,-3.3702,-2.2572,31.3600,-30.5200,-2.9400,1.0724,-1.0436,-0.1005,0
77226,11.2717,-5.7184,-0.6535,52.5000,-42.5600,-4.8300,1.7952,-1.4553,-0.1652,0
77265,15.8172,-1.8599,-6.7309,12.7400,-34.5800,39.9700,0.4356,-1.1825,1.3668,0
77304,12.1118,-0.0670,1.1944,20.7900,-1.7500,-1.8200,0.7109,-0.0598,-0.0622,0
77343,8.2317,2.2955,1.0484,24.5000,19.6700,-25.3400,0.8378,0.6726,-0.8665,0
77382,8.9474,1.2495,-0.8330,53.7600,31.2900,-21.4200,1.8383,1.0700,-0.7325,0
77421,9.0336,0.1628,-1.9149,51.4500,23.2400,-21.3500,1.7593,0.7947,-0.7301,0
77460,9.7158,0.3854,-1.3955,27.3700,12.5300,-20.3700,0.9359,0.4285,-0.6965,0
77499,9.0791,1.0341,-1.4865,9.3100,21.5600,-21.2100,0.3184,0.7372,-0.7253,0
77538,9.2251,0.3902,-1.3763,-10.2900,45.1500,-15.4000,-0.3519,1.5439,-0.5266,0
77577,10.0772,0.0383,-0.5577,-25.6900,45.4300,-8.6100,-0.8785,1.5535,-0.2944,0
77616,9.5458,0.5434,-1.2758,-2.7300,30.2400,-17.9200,-0.0934,1.0341,-0.6128,0
77655,9.3424,0.4452,-1.3811,15.8200,30.1700,-12.8800,0.5410,1.0317,-0.4404,0
77694,9.6895,-1.7402,-0.8737,29.1900,43.1900,10.2200,0.9981,1.4769,0.3495,0
77733,10.5751,-1.1872,0.4811,12.8800,44.6600,27.7900,0.4404,1.5271,0.9503,0
77772,10.7044,-1.4817,-0.7277,12.3200,53.1300,6.4400,0.4213,1.8168,0.2202,0
77811,11.7983,0.0431,-1.2543,-2.6600,46.0600,28.9800,-0.0910,1.5750,0.9910,0
77850,10.4267,0.6750,-0.5577,24.0100,-62.3000,28.6300,0.8210,-2.1303,0.9790,0
77889,8.7511,1.9101,1.3428,45.0800,-114.8000,14.2800,1.5415,-3.9256,0.4883,0
77928,8.3849,0.5649,1.2950,26.6700,-78.8900,15.1200,0.9120,-2.6976,0.5170,0
77967,11.2812,-1.6755,2.2237,35.2100,-57.1200,32.8300,1.2040,-1.9532,1.1226,0
78006,10.5272,-3.2530,1.2710,46.9700,-17.0800,14.4200,1.6061,-0.5840,0.4931,0
78045,9.1676,-1.7545,0.4692,44.1700,-12.6700,6.4400,1.5104,-0.4332,0.2202,0
78084,9.7254,-1.5654,-0.6056,58.2400,-14.4900,-1.6100,1.9915,-0.4955,-0.0551,0
78123,9.1006,-1.4984,-1.5894,65.9400,-11.1300,-8.4700,2.2548,-0.3806,-0.2896,0
78162,8.9379,-1.9532,-1.3883,64.4700,-13.5800,-19.1100,2.2045,-0.4644,-0.6535,0
78201,8.2844,-1.2830,-0.1963,67.3400,-7.6300,-47.2500,2.3027,-0.2609,-1.6157,0
78240,8.8301,-0.8809,-1.7976,77.0000,-21.3500,-53.4800,2.6330,-0.7301,-1.8287,0
78279,10.4554,-0.8043,-1.2734,62.3700,-19.6000,-43.8200,2.1327,-0.6702,-1.4984,0
78318,10.3932,-1.3692,-2.4463,77.0700,-28.9800,-21.4200,2.6354,-0.9910,-0.7325,0
78357,10.0964,-3.0280,-2.8867,106.4700,-36.7500,7.9100,3.6407,-1.2567,0.2705,0
78396,8.3131,-3.5498,-4.7466,116.9000,-64.6800,4.7600,3.9974,-2.2117,0.1628,0
78435,15.7885,1.1896,-1.0317,72.0300,-35.6300,38.5000,2.4631,-1.2184,1.3165,0
78474,15.0057,2.0394,-0.9120,72.2400,3.0800,28.2800,2.4702,0.1053,0.9670,0
78513,10.4554,1.8048,0.7564,53.1300,34.7900,-11.9700,1.8168,1.1896,-0.4093,0
78552,8.3131,1.5128,0.2729,59.2900,44.0300,-31.0800,2.0274,1.5056,-1.0628,0
78591,8.5836,0.6343,-1.3859,89.1100,45.0100,-42.3500,3.0471,1.5391,-1.4482,0
78630,8.8014,1.0388,-2.2524,85.5400,11.3400,-38.0800,2.9250,0.3878,-1.3021,0
78669,8.8397,2.2548,-1.4745,32.5500,25.1300,-33.4600,1.1130,0.8593,-1.1442,0
78708,9.0623,1.3692,-0.7492,-13.5800,71.6800,-14.4200,-0.4644,2.4511,-0.4931,0
78747,9.2059,0.3303,-1.1896,-11.6200,67.2700,2.1000,-0.3973,2.3003,0.0718,0
78786,10.7403,-0.4404,-1.2591,27.0200,23.9400,-3.6400,0.9239,0.8186,-0.1245,0
78825,11.0107,-0.8952,-0.1029,55.5100,40.2500,-6.7200,1.8982,1.3763,-0.2298,0
78864,10.7762,-0.8234,1.7689,53.1300,85.7500,-17.0800,1.8168,2.9322,-0.5840,0
78903,9.8426,0.9479,0.4883,55.8600,101.7800,-14.9800,1.9101,3.4804,-0.5122,0
78942,9.8259,0.2322,-0.4811,54.6000,42.5600,-7.9100,1.8670,1.4553,-0.2705,0
78981,10.0940,0.6606,-1.3931,12.6700,35.7700,18.2700,0.4332,1.2232,0.6247,0
79020,10.8887,1.6205,1.1106,-46.4800,8.0500,44.8000,-1.5894,0.2753,1.5319,0
79059,10.3836,-0.4835,0.8785,-31.6400,-52.6400,72.3800,-1.0819,-1.8000,2.4750,0
79098,8.0378,0.3255,2.1136,49.2100,-154.4900,33.2500,1.6827,-5.2828,1.1370,0
79137,9.0671,1.4745,1.3644,21.9100,-81.4100,46.0600,0.7492,-2.7838,1.5750,0
79176,12.2746,-1.7067,1.8694,37.8700,-47.2500,57.9600,1.2950,-1.6157,1.9819,0
79215,11.5828,-3.3487,1.8527,58.3100,-37.3800,-1.1200,1.9939,-1.2782,-0.0383,0
79254,9.3424,-2.6689,0.5769,52.4300,-21.4200,-20.9300,1.7928,-0.7325,-0.7157,0
79293,9.2538,-2.5229,-0.1676,64.1900,-22.3300,-0.7000,2.1950,-0.7636,-0.0239,0
79332,8.6650,-1.6444,-1.6396,80.6400,-14.4200,-3.9200,2.7575,-0.4931,-0.1340,0
79371,8.4687,-1.1059,-2.2357,97.9300,-21.7000,-10.1500,3.3487,-0.7420,-0.3471,0
79410,8.3801,-0.9742,-1.9221,94.5000,-13.5800,-19.6000,3.2314,-0.4644,-0.6702,0
79449,8.9714,-1.0628,-2.2787,81.2000,-27.1600,-34.3700,2.7766,-0.9287,-1.1753,0
79488,9.9456,-0.9479,-1.1896,64.8900,-21.6300,-42.9100,2.2189,-0.7396,-1.4673,0
79527,10.6852,-0.2968,-0.7372,73.0100,-44.8700,-27.5800,2.4966,-1.5343,-0.9431,0
79566,8.1073,-2.1447,-4.0979,83.7900,-58.5900,5.9500,2.8652,-2.0035,0.2035,0
79605,13.6485,-0.0551,-1.5966,40.8100,-46.4800,14.0700,1.3955,-1.5894,0.4811,0
79644,16.1930,0.2681,0.0574,46.6900,-11.9700,12.2500,1.5966,-0.4093,0.4189,0
79683,11.2477,0.6391,-1.0963,62.0900,26.3200,-6.4400,2.1232,0.9000,-0.2202,0
79722,7.9636,1.9341,1.4912,40.3200,21.6300,-42.4200,1.3787,0.7396,-1.4505,0
79761,9.2155,1.1083,-0.2920,73.7800,42.6300,-53.0600,2.5229,1.4577,-1.8144,0
79800,8.8086,0.3926,-2.3649,101.7800,54.1800,-42.0000,3.4804,1.8527,-1.4362,0
79839,9.0456,1.3476,-1.4769,60.7600,29.8200,-28.0000,2.0777,1.0197,-0.9575,0
79878,9.0504,1.9819,-2.1447,37.5200,32.0600,-19.2500,1.2830,1.0963,-0.6583,0
79917,9.0336,0.1340,-1.9987,11.6900,29.4700,-14.6300,0.3997,1.0077,-0.5003,0
79956,10.4195,-0.6128,-0.8641,-2.9400,16.8000,-21.4200,-0.1005,0.5745,-0.7325,0
79995,10.4506,0.4476,-0.4309,33.8100,42.8400,-27.5800,1.1561,1.4649,-0.9431,0
80034,9.9982,-0.3064,-0.8234,63.9800,79.7300,-26.4600,2.1878,2.7264,-0.9048,0
80073,9.8450,-0.1747,0.6750,64.9600,81.7600,-12.9500,2.2213,2.7958,-0.4428,0
80112,10.2328,0.0000,0.7923,57.0500,75.2500,9.2400,1.9508,2.5732,0.3160,0
80151,11.5661,0.5362,-0.9958,84.7000,56.5600,20.3000,2.8963,1.9341,0.6942,0
80190,11.6259,2.0226,-1.0819,50.9600,44.3100,20.2300,1.7426,1.5152,0.6918,0
80229,11.8413,2.9921,-0.2944,-2.2400,12.5300,35.9100,-0.0766,0.4285,1.2279,0
80268,9.0527,-0.5864,1.0676,48.0900,-36.4700,23.1700,1.6444,-1.2471,0.7923,0
80307,7.0134,0.7420,1.7809,87.3600,-52.7800,14.7000,2.9873,-1.8048,0.5027,0
80346,5.5413,2.7623,0.9144,25.3400,-42.2800,36.9600,0.8665,-1.4458,1.2638,0
80385,8.9690,3.6359,1.4410,-15.8200,-86.7300,82.1100,-0.5410,-2.9657,2.8077,0
80424,15.7597,-1.8527,3.6503,47.8800,-74.7600,52.5700,1.6372,-2.5564,1.7976,0
80463,9.2490,-2.4295,2.4152,17.3600,-19.3900,-27.3000,0.5936,-0.6630,-0.9335,0
80502,7.4634,-0.7588,0.3926,67.6200,-11.8300,-9.3800,2.3123,-0.4045,-0.3207,0
80541,8.9067,-1.2950,-0.9934,89.4600,-1.0500,13.1600,3.0591,-0.0359,0.4500,0
80580,9.2179,-1.0700,-1.2591,89.1100,-21.6300,-2.3800,3.0471,-0.7396,-0.0814,0
80619,8.7871,-0.2322,-1.9867,74.6900,-14.8400,-13.4400,2.5540,-0.5075,-0.4596,0
80658,8.2772,-1.9412,-2.1040,57.6800,9.3800,-19.5300,1.9724,0.3207,-0.6678,0
80697,8.5094,-0.3399,-0.5457,38.7800,0.2800,-22.6800,1.3261,0.0096,-0.7755,0
80736,7.3269,-0.5098,-5.0147,61.2500,-35.2800,-19.7400,2.0944,-1.2064,-0.6750,0
80775,17.8781,3.1907,-0.6391,-29.7500,-29.6800,62.5800,-1.0173,-1.0149,2.1399,0
80814,13.2488,1.3069,0.2537,-23.1000,-3.9200,22.9600,-0.7899,-0.1340,0.7851,0
80853,10.0198,-0.4380,1.8024,-11.9700,-9.5200,-38.9900,-0.4093,-0.3255,-1.3333,0
80892,8.9690,2.8436,-0.1699,21.8400,0.5600,-54.1800,0.7468,0.0191,-1.8527,0
80931,8.9833,2.5349,-1.8335,-0.7000,8.6100,-33.1800,-0.0239,0.2944,-1.1346,0
80970,8.7847,2.4750,-0.6295,-46.9700,0.3500,-26.3900,-1.6061,0.0120,-0.9024,0
81009,9.8211,0.8689,-0.1245,-53.5500,4.3400,-24.9900,-1.8311,0.1484,-0.8545,0
81048,9.9958,0.5721,-0.6822,-62.9300,-13.3000,-24.6400,-2.1519,-0.4548,-0.8426,0
81087,10.3022,0.2585,-0.1867,-57.0500,-13.5100,-21.8400,-1.9508,-0.4620,-0.7468,0
81126,9.2155,0.4165,-0.1149,-53.7600,4.6900,-17.0100,-1.8383,0.1604,-0.5817,0
81165,9.1724,0.2250,-1.9221,-37.0300,22.2600,-9.0300,-1.2662,0.7612,-0.3088,0
81204,9.8450,-0.5098,-1.2423,-50.5400,21.5600,1.4000,-1.7282,0.7372,0.0479,0
81243,9.0121,1.2184,-1.0724,-41.3000,18.9700,1.0500,-1.4122,0.6487,0.0359,0
81282,9.4429,1.1585,-2.2333,-29.4000,11.2700,9.9400,-1.0053,0.3854,0.3399,0
81321,10.2472,0.2082,-0.0718,-49.6300,-5.1800,18.9000,-1.6971,-0.1771,0.6463,0
81360,10.2687,-0.1771,-1.7234,-16.6600,-19.2500,29.1200,-0.5697,-0.6583,0.9958,0
81399,8.8756,-0.9239,-0.0263,-26.0400,-39.6200,45.7800,-0.8904,-1.3548,1.5654,0
81438,11.2501,-1.5104,0.8545,-37.5200,-40.5300,82.1800,-1.2830,-1.3859,2.8101,0
81477,11.0107,-2.5995,1.2758,-27.5800,-38.1500,59.9200,-0.9431,-1.3045,2.0490,0
81516,11.6714,-2.5971,0.4835,-0.2100,-4.9700,24.5000,-0.0072,-0.1699,0.8378,0
81555,9.6990,-1.5080,0.4811,17.5000,4.8300,-0.3500,0.5984,0.1652,-0.0120,0
81594,9.7924,-0.6391,-0.2848,28.9100,8.5400,-2.0300,0.9886,0.2920,-0.0694,0
81633,7.8703,-0.7013,-0.7779,33.4600,5.9500,-2.7300,1.1442,0.2035,-0.0934,0
81672,7.7099,-1.5702,-0.7133,42.4900,7.7700,-7.9800,1.4529,0.2657,-0.2729,0
81711,9.0671,-1.7091,-0.7037,53.5500,-1.9600,-6.3000,1.8311,-0.0670,-0.2154,0
81750,9.5051,-1.8646,-1.7306,67.3400,-17.0100,-11.0600,2.3027,-0.5817,-0.3782,0
81789,9.7924,-1.2064,-0.2944,60.4800,1.6100,-21.7000,2.0681,0.0551,-0.7420,0
81828,9.8450,-1.3285,-0.0646,98.6300,8.6800,-17.7800,3.3726,0.2968,-0.6080,0
81867,13.6414,-0.4189,-2.3601,34.5100,-66.7100,26.3900,1.1801,-2.2811,0.9024,0
81906,13.8664,1.1011,-1.3835,31.6400,9.5900,35.7000,1.0819,0.3279,1.2208,0
81945,11.5373,-0.0503,0.2274,22.9600,0.3500,-13.5800,0.7851,0.0120,-0.4644,0
81984,8.9977,0.0718,0.2346,48.3000,-12.3200,-50.1200,1.6516,-0.4213,-1.7138,0
82023,8.7440,0.5984,-0.7157,77.4200,8.0500,-49.1400,2.6474,0.2753,-1.6803,0
82062,8.1240,1.4146,-1.4434,85.4700,19.3900,-28.2100,2.9226,0.6630,-0.9646,0
82101,8.5932,2.5803,-1.4697,71.9600,29.8200,-11.3400,2.4607,1.0197,-0.3878,0
82140,9.3663,2.5540,-1.4841,53.9700,9.7300,-10.7100,1.8455,0.3327,-0.3662,0
82179,9.9934,1.5487,-0.9575,44.6600,4.4800,-17.0800,1.5271,0.1532,-0.5840,0
82218,10.3214,0.2729,-1.4745,39.4100,5.6000,-18.8300,1.3476,0.1915,-0.6439,0
82257,10.1730,0.0287,-1.2710,39.3400,20.6500,-19.6000,1.3452,0.7061,-0.6702,0
82296,9.7206,0.0120,-1.8335,41.8600,48.5800,-10.5700,1.4314,1.6612,-0.3614,0
82335,9.6559,-0.8880,-1.3548,21.9100,68.3200,0.1400,0.7492,2.3362,0.0048,0
82374,10.4746,0.0981,0.0742,1.9600,75.0400,5.6000,0.0670,2.5660,0.1915,0
82413,10.1825,0.7468,-0.2489,3.5700,67.4800,-4.4100,0.1221,2.3075,-0.1508,0
82452,12.2076,1.7952,0.6702,1.6100,62.2300,6.3700,0.0551,2.1279,0.2178,0
82491,11.5876,2.6952,-0.2561,16.0300,27.2300,16.4500,0.5481,0.9311,0.5625,0
82530,9.7876,1.5654,-1.0197,38.7100,-37.4500,6.6500,1.3237,-1.2806,0.2274,0
82569,6.7716,0.9646,0.4572,27.4400,-34.0200,15.3300,0.9383,-1.1633,0.5242,0
82608,5.3187,1.6708,3.4014,9.4500,-65.3100,42.4900,0.3231,-2.2333,1.4529,0
82647,9.3208,0.5888,3.0974,10.4300,-40.3200,81.9700,0.3567,-1.3787,2.8030,0
82686,13.1004,-2.9609,1.2974,6.1600,-25.1300,54.0400,0.2106,-0.8593,1.8479,0
82725,10.7259,-1.3404,0.9455,27.9300,-17.5700,2.1000,0.9551,-0.6008,0.0718,0
82764,9.1892,-1.3404,1.1657,38.3600,-12.3900,-4.7600,1.3117,-0.4237,-0.1628,0
82803,8.9594,-1.2806,0.2418,54.9500,-7.9800,-3.9900,1.8790,-0.2729,-0.1364,0
82842,8.5142,-1.1513,-0.6918,65.1700,-13.7200,-7.1400,2.2285,-0.4692,-0.2442,0
82881,8.9091,-1.5535,-1.0341,68.3900,-14.0000,-4.3400,2.3386,-0.4787,-0.1484,0
82920,9.2754,-1.2614,-0.1484,67.4100,-7.6300,-11.0600,2.3051,-0.2609,-0.3782,0
82959,9.1796,-0.2394,-0.4859,60.2700,-14.2100,-26.8100,2.0609,-0.4859,-0.9168,0
82998,9.9528,-0.3926,-1.5032,49.0000,-24.5700,-28.2800,1.6755,-0.8402,-0.9670,0
83037,9.6368,-1.1633,-1.6732,45.7800,-29.6800,-13.7200,1.5654,-1.0149,-0.4692,0
83076,9.4668,-1.9077,-1.1872,63.0700,-33.7400,-12.1800,2.1567,-1.1537,-0.4165,0
83115,17.6842,0.7157,1.7545,-41.9300,-23.8000,24.3600,-1.4338,-0.8138,0.8330,0
83154,14.1632,0.9766,-0.6942,-8.9600,-21.2100,25.3400,-0.3064,-0.7253,0.8665,0
83193,10.7929,-0.3351,2.9298,-5.8800,-14.6300,-5.8100,-0.2011,-0.5003,-0.1987,0
83232,7.0756,2.3003,1.9819,21.4900,21.9100,-16.5200,0.7348,0.7492,-0.5649,0
83271,9.8977,3.0016,-0.8162,31.1500,28.9100,-22.7500,1.0652,0.9886,-0.7779,0
83310,9.9384,3.3990,-1.2878,-6.5100,4.2000,-26.7400,-0.2226,0.1436,-0.9144,0
83349,8.7344,2.6186,-0.3495,-72.8700,7.1400,-33.4600,-2.4918,0.2442,-1.1442,0
83388,9.2203,1.3213,-0.5745,-108.0100,42.6300,-9.1000,-3.6934,1.4577,-0.3112,0
83427,10.2759,-0.0622,-0.7708,-97.8600,45.5000,-7.0700,-3.3463,1.5559,-0.2418,0
83466,10.4985,-0.6080,-0.4189,-76.5800,10.1500,-26.4600,-2.6186,0.3471,-0.9048,0
83505,9.3663,-0.8809,0.1843,-64.6800,12.8100,-24.8500,-2.2117,0.4380,-0.8497,0
83544,9.4645,-1.3237,0.4811,-53.2000,35.9800,-4.0600,-1.8192,1.2303,-0.1388,0
83583,9.0575,0.3160,1.6851,-46.3400,17.9200,0.2800,-1.5846,0.6128,0.0096,0
83622,9.1676,0.7396,0.6032,-16.3800,3.2200,0.6300,-0.5601,0.1101,0.0215,0
83661,10.8025,2.4367,0.9790,-35.2100,5.8800,7.5600,-1.2040,0.2011,0.2585,0
83700,12.5618,1.9484,-0.3495,-70.4200,-40.8800,31.5000,-2.4080,-1.3979,1.0771,0
83739,12.2195,0.6942,0.1819,-64.4700,-44.5200,11.6900,-2.2045,-1.5224,0.3997,0
83778,8.5716,-0.6319,1.7282,-74.5500,-14.0000,2.1700,-2.5492,-0.4787,0.0742,0
83817,7.6214,-0.2968,2.0154,-80.2200,-35.4900,13.8600,-2.7431,-1.2136,0.4739,0
83856,12.0328,-1.5966,0.7372,-26.4600,2.9400,42.5600,-0.9048,0.1005,1.4553,0
83895,10.8432,-1.1394,1.2160,-24.0100,6.5800,25.1300,-0.8210,0.2250,0.8593,0
83934,9.1772,0.1125,0.4285,-31.5000,-5.0400,-0.9800,-1.0771,-0.1723,-0.0335,0
83973,8.3706,-1.6037,0.5481,-35.6300,4.0600,-1.5400,-1.2184,0.1388,-0.0527,0
84012,7.8128,-2.9298,-0.0981,-12.3900,3.4300,-1.9600,-0.4237,0.1173,-0.0670,0
84051,7.6692,-2.3984,-0.0742,-10.8500,-1.6800,-1.0500,-0.3710,-0.0574,-0.0359,0
84090,9.8498,-0.2298,0.9239,2.3100,-23.1000,-5.9500,0.0790,-0.7899,-0.2035,0
84129,14.2781,3.5402,1.5702,-1.7500,-12.9500,2.4500,-0.0598,-0.4428,0.0838,0
84168,12.2626,0.4572,0.6032,-25.4800,-7.0700,-5.5300,-0.8713,-0.2418,-0.1891,0
84207,9.9121,-0.2298,1.2255,-41.1600,10.0800,-20.4400,-1.4075,0.3447,-0.6989,0
84246,8.5022,1.4314,-1.0819,-15.8200,27.9300,-40.1100,-0.5410,0.9551,-1.3716,0
84285,9.3304,1.7833,-1.4266,-30.3800,24.2900,-20.2300,-1.0388,0.8306,-0.6918,0
84324,8.1719,0.4596,-0.1125,-36.4700,26.3200,-13.2300,-1.2471,0.9000,-0.4524,0
84363,6.1947,-0.1317,-0.7851,-39.7600,25.3400,-13.1600,-1.3596,0.8665,-0.4500,0
84402,7.0229,0.1388,0.5434,-31.0100,34.5800,1.5400,-1.0604,1.1825,0.0527,0
84441,12.1525,2.6426,-2.0442,-43.6800,35.8400,-2.7300,-1.4936,1.2255,-0.0934,0
84480,12.1214,1.9341,0.1029,-86.9400,46.9000,5.1800,-2.9729,1.6037,0.1771,0
84519,8.3490,-0.8378,-1.1801,-100.7300,49.8400,-6.5100,-3.4444,1.7043,-0.2226,0
84558,9.3137,-2.6928,-0.4045,-98.3500,49.9100,7.5600,-3.3631,1.7067,0.2585,0
84597,8.8756,-3.0710,0.4213,-83.9300,42.0000,-5.6700,-2.8700,1.4362,-0.1939,0
84636,8.9139,-2.3697,0.7516,-49.2800,42.5600,-8.6100,-1.6851,1.4553,-0.2944,0
84675,7.6596,-1.6899,0.8641,-33.1100,74.2700,21.7700,-1.1322,2.5397,0.7444,0
84714,5.3211,-0.9287,0.5457,-29.1200,89.3900,4.6200,-0.9958,3.0567,0.1580,0
84753,6.6376,-0.8473,1.2184,-21.9100,87.5000,-0.2800,-0.7492,2.9921,-0.0096,0
84792,9.6344,-0.4524,-0.2705,-10.9200,97.7900,-6.8600,-0.3734,3.3439,-0.2346,0
84831,11.8725,0.2968,-1.3452,-24.2200,108.0100,-30.5900,-0.8282,3.6934,-1.0460,0
84870,13.7036,-1.4482,5.1822,-79.1700,164.0800,-72.6600,-2.7072,5.6107,-2.4846,0
84909,18.4191,-0.9862,-3.5354,-98.4200,184.6600,-108.7800,-3.3655,6.3144,-3.7197,0
84948,-0.8354,-7.6070,-2.0466,-106.2600,256.1300,-121.8000,-3.6335,8.7583,-4.1649,0
84987,-5.8070,-5.9889,7.0134,-91.3500,222.6000,-94.5700,-3.1237,7.6118,-3.2338,0
85026,-6.1205,0.2489,18.6106,-97.6500,142.8000,-41.7200,-3.3391,4.8830,-1.4266,0
85065,-5.1511,-0.2561,34.0543,-112.1400,112.4200,66.0800,-3.8346,3.8442,2.2596,0
85104,0.6367,-22.0359,28.0415,12.2500,105.9100,28.3500,0.4189,3.6216,0.9694,0
85143,-7.0588,-5.2804,12.6552,186.1300,101.2900,-46.2700,6.3647,3.4636,-1.5822,0
85182,-10.9629,5.2205,4.2032,191.2400,34.9300,20.1600,6.5394,1.1944,0.6894,0
85221,-7.1761,4.6724,3.2051,94.8500,-3.5000,52.3600,3.2434,-0.1197,1.7904,1
85260,-4.1171,1.8000,5.2876,13.7900,-25.9000,21.9800,0.4715,-0.8856,0.7516,0
85299,-0.2489,1.8527,5.4383,-26.0400,-9.1000,-32.6900,-0.8904,-0.3112,-1.1178,0
85338,-4.0117,-0.0407,8.5812,-20.2300,12.3200,-14.9800,-0.6918,0.4213,-0.5122,0
85377,-7.4706,-0.4859,11.7743,-20.3700,8.6100,2.8700,-0.6965,0.2944,0.0981,0
85416,-7.6908,0.6367,12.4182,-25.2000,-36.1200,17.4300,-0.8617,-1.2351,0.5960,0
85455,-2.9825,0.6559,11.4368,-35.0700,-81.7600,25.4800,-1.1992,-2.7958,0.8713,0
85494,5.1056,0.2154,10.1036,-14.0000,-84.9800,36.1200,-0.4787,-2.9059,1.2351,0
85533,9.2945,0.9766,9.4166,15.8900,-31.5000,36.4700,0.5434,-1.0771,1.2471,0
85572,4.8208,1.5607,9.2825,6.7200,-3.1500,5.3900,0.2298,-0.1077,0.1843,0
85611,1.8886,0.1508,9.2035,-6.5100,7.7700,-10.0100,-0.2226,0.2657,-0.3423,0
85650,2.4631,-1.8335,8.9953,-12.2500,-8.3300,-7.7700,-0.4189,-0.2848,-0.2657,0
85689,4.2248,-1.8359,8.7823,4.8300,-11.1300,1.1200,0.1652,-0.3806,0.0383,0
85728,4.5000,-0.3519,9.3663,14.4900,-11.5500,-16.5900,0.4955,-0.3950,-0.5673,0
85767,3.4181,0.7468,9.6200,9.5200,3.0100,-6.4400,0.3255,0.1029,-0.2202,0
85806,1.5846,0.3662,9.8163,8.1200,11.8300,-9.1000,0.2777,0.4045,-0.3112,0
85845,0.7396,0.4620,9.9791,9.7300,8.3300,-6.7900,0.3327,0.2848,-0.2322,0
85884,1.0269,1.1944,9.8881,5.4600,2.0300,-1.6100,0.1867,0.0694,-0.0551,0
85923,1.3907,1.3716,9.6583,1.6100,-0.2100,1.8900,0.0551,-0.0072,0.0646,0
85962,1.6325,1.0987,9.7445,-1.1900,-0.5600,1.9600,-0.0407,-0.0191,0.0670,0
86001,2.0226,0.7995,9.5817,-4.1300,-1.6100,2.6600,-0.1412,-0.0551,0.0910,0
86040,2.1016,0.5290,9.4094,-4.0600,-1.4700,2.5200,-0.1388,-0.0503,0.0862,0
86079,2.0873,0.4261,9.4716,-3.5700,-2.3100,1.7500,-0.1221,-0.0790,0.0598,0
86118,2.1543,0.2442,9.5506,-2.8000,-3.7100,0.4900,-0.0957,-0.1269,0.0168,0
86157,2.1758,0.1652,9.7900,-2.2400,-3.7100,0.0700,-0.0766,-0.1269,0.0024,0
86196,2.1471,0.1939,9.5195,0.2100,-0.7700,0.2800,0.0072,-0.0263,0.0096,0
86235,1.9580,0.2489,9.4573,1.8900,-1.4700,-0.2800,0.0646,-0.0503,-0.0096,0
86274,2.0729,0.3207,9.7828,0.7700,-2.3100,0.2800,0.0263,-0.0790,0.0096,0
86313,2.0298,0.6606,9.7086,1.4000,-1.5400,0.8400,0.0479,-0.0527,0.0287,0
86352,2.0154,0.6056,9.5315,0.4900,-0.2800,0.9100,0.0168,-0.0096,0.0311,0
86391,2.1112,0.3567,9.5482,-1.1200,-1.1900,0.3500,-0.0383,-0.0407,0.0120,0
86430,2.1495,0.4141,9.6440,-1.0500,-1.0500,0.1400,-0.0359,-0.0359,0.0048,0
86469,2.0705,0.4261,9.5363,0.0700,-0.2800,0.4200,0.0024,-0.0096,0.0144,0
86508,2.0035,0.3710,9.6799,-0.1400,0.0000,0.3500,-0.0048,0.0000,0.0120,0
86547,2.0298,0.4596,9.5530,0.2800,-0.6300,0.4900,0.0096,-0.0215,0.0168,0
86586,2.0274,0.4620,9.6344,0.1400,-0.2800,0.7000,0.0048,-0.0096,0.0239,0
86625,2.0370,0.4309,9.5770,-0.3500,-1.2600,0.5600,-0.0120,-0.0431,0.0191,0
86664,2.1184,0.2992,9.6033,-0.3500,-1.5400,0.4200,-0.0120,-0.0527,0.0144,0
86703,2.1375,0.2657,9.5985,0.9100,-0.8400,0.3500,0.0311,-0.0287,0.0120,0
86742,2.1806,0.2394,9.5770,0.2100,-0.4200,0.0700,0.0072,-0.0144,0.0024,0
86781,2.0561,0.3638,9.5650,0.9800,-0.0700,-0.0700,0.0335,-0.0024,-0.0024,0
86820,2.0154,0.4500,9.6009,1.6100,-0.4200,0.5600,0.0551,-0.0144,0.0191,0
86859,2.0920,0.5625,9.5865,1.0500,-0.7000,0.6300,0.0359,-0.0239,0.0215,0
86898,2.0992,0.5457,9.5530,-0.1400,0.0700,0.4900,-0.0048,0.0024,0.0168,0
86937,2.0537,0.4332,9.6009,-0.9100,0.0700,0.3500,-0.0311,0.0024,0.0120,0
86976,2.0849,0.3638,9.5793,-0.4200,-0.4900,0.4200,-0.0144,-0.0168,0.0144,0
87015,2.1040,0.3136,9.6129,-0.1400,-0.1400,0.5600,-0.0048,-0.0048,0.0191,0
87054,2.0873,0.2920,9.6081,0.2100,-0.2800,0.3500,0.0072,-0.0096,0.0120,0
87093,2.0466,0.3567,9.6392,1.1900,-0.3500,0.2800,0.0407,-0.0120,0.0096,0
87132,2.0609,0.4141,9.5889,1.4000,-0.4200,0.2100,0.0479,-0.0144,0.0072,0
87171,2.0777,0.4309,9.5698,1.1900,-0.2800,0.2800,0.0407,-0.0096,0.0096,0
87210,2.1160,0.4021,9.5626,0.9100,-0.4200,0.2100,0.0311,-0.0144,0.0072,0
87249,2.0873,0.3902,9.5961,0.9800,-0.2800,0.1400,0.0335,-0.0096,0.0048,0
87288,2.0178,0.4859,9.6200,1.1200,-0.4200,0.1400,0.0383,-0.0144,0.0048,0
87327,2.0322,0.4883,9.6057,0.9100,-0.0700,0.5600,0.0311,-0.0024,0.0191,0
87366,2.0513,0.4189,9.5770,0.3500,-0.4900,0.3500,0.0120,-0.0168,0.0120,0
87405,2.1064,0.3734,9.5913,0.0700,-0.7700,0.2100,0.0024,-0.0263,0.0072,0
87444,2.1256,0.3590,9.5458,0.9800,-0.3500,0.3500,0.0335,-0.0120,0.0120,0
87483,2.0944,0.3902,9.6153,1.0500,0.0000,0.2800,0.0359,0.0000,0.0096,0
87522,2.0633,0.4261,9.5817,0.7700,-0.4200,-0.0700,0.0263,-0.0144,-0.0024,0
87561,2.0442,0.4763,9.5913,1.0500,-0.2800,0.2100,0.0359,-0.0096,0.0072,0
87600,2.0681,0.4572,9.5817,0.6300,0.0700,0.4900,0.0215,0.0024,0.0168,0
87639,2.0561,0.4093,9.5674,0.2100,-0.4900,0.2100,0.0072,-0.0168,0.0072,0
87678,2.0609,0.4476,9.5722,0.6300,-0.7700,0.1400,0.0215,-0.0263,0.0048,0
87717,2.0992,0.4596,9.6033,0.8400,-0.4200,0.5600,0.0287,-0.0144,0.0191,0
87756,2.1040,0.3950,9.5363,0.6300,0.1400,0.2800,0.0215,0.0048,0.0096,0
87795,2.0490,0.3734,9.6344,0.2100,-0.3500,-0.3500,0.0072,-0.0120,-0.0120,0
87834,2.0226,0.5003,9.5817,1.1900,-0.5600,0.1400,0.0407,-0.0191,0.0048,0
87873,2.0873,0.4452,9.5410,0.9800,-0.4900,0.7000,0.0335,-0.0168,0.0239,0
87912,2.1303,0.4572,9.5793,0.1400,-0.4900,0.3500,0.0048,-0.0168,0.0120,0
87951,2.0490,0.4692,9.5841,0.3500,-0.2800,0.2800,0.0120,-0.0096,0.0096,0
87990,2.0825,0.3734,9.5698,0.2100,-0.4200,0.2100,0.0072,-0.0144,0.0072,0
88029,2.1064,0.4237,9.5770,0.4200,-0.4900,0.1400,0.0144,-0.0168,0.0048,0
88068,2.0394,0.4596,9.6200,0.4900,0.0700,0.3500,0.0168,0.0024,0.0120,0
88107,2.0322,0.4620,9.5506,0.7000,-0.0700,0.2800,0.0239,-0.0024,0.0096,0
88146,2.0585,0.4620,9.5458,0.3500,-0.7000,0.2800,0.0120,-0.0239,0.0096,0
88185,2.1064,0.4213,9.5985,0.2100,-0.6300,0.4900,0.0072,-0.0215,0.0168,0
88224,2.0490,0.4668,9.6416,0.4200,-0.6300,0.3500,0.0144,-0.0215,0.0120,0
88263,2.0705,0.4644,9.5554,0.5600,-0.1400,0.4200,0.0191,-0.0048,0.0144,0
88302,2.0873,0.3136,9.5985,0.0000,-0.0700,0.0000,0.0000,-0.0024,0.0000,0
88341,2.0609,0.3806,9.6320,0.2800,-0.5600,-0.1400,0.0096,-0.0191,-0.0048,0
88380,2.0442,0.5170,9.6057,1.1900,0.1400,0.6300,0.0407,0.0048,0.0215,0
88419,2.0657,0.4548,9.5482,0.4200,-0.4200,0.3500,0.0144,-0.0144,0.0120,0
88458,2.0729,0.4069,9.6176,0.0000,-0.8400,0.0700,0.0000,-0.0287,0.0024,0
88497,2.0873,0.3997,9.6224,0.8400,-0.7000,0.6300,0.0287,-0.0239,0.0215,0
88536,2.0753,0.4428,9.5291,1.2600,-0.0700,0.6300,0.0431,-0.0024,0.0215,0
88575,2.0418,0.5146,9.5937,0.5600,0.0000,0.6300,0.0191,0.0000,0.0215,0
88614,2.0322,0.5266,9.6536,0.0700,-0.0700,0.5600,0.0024,-0.0024,0.0191,0
88653,2.0107,0.3997,9.7780,-0.5600,0.0700,0.3500,-0.0191,0.0024,0.0120,0
88692,2.1208,0.1269,9.9767,-1.5400,0.0000,1.1900,-0.0527,0.0000,0.0407,0
88731,2.2716,0.1771,10.1658,0.2100,0.5600,3.1500,0.0072,0.0191,0.1077,0
88770,1.8383,1.0077,10.6062,-1.1900,9.8700,2.8000,-0.0407,0.3375,0.0957,0
88809,1.8024,1.4290,10.2280,4.5500,7.9800,2.4500,0.1556,0.2729,0.0838,0
88848,2.3434,2.0609,9.5530,-7.7700,6.5800,-0.4200,-0.2657,0.2250,-0.0144,0
88887,2.8819,2.3817,9.6464,-18.0600,12.7400,-8.3300,-0.6176,0.4356,-0.2848,0
88926,2.9011,3.0854,10.5847,-31.9200,21.9100,-17.8500,-1.0915,0.7492,-0.6104,0
88965,3.5402,3.3535,7.8823,-38.5000,28.4900,-33.5300,-1.3165,0.9742,-1.1466,0
89004,2.5636,2.2404,9.0863,-83.1600,42.4200,-43.9600,-2.8436,1.4505,-1.5032,0
89043,1.5176,-1.1035,10.5583,-104.7900,30.8700,-42.9800,-3.5833,1.0556,-1.4697,0
89082,0.7755,-2.7934,8.6171,-87.2900,31.3600,-35.4900,-2.9849,1.0724,-1.2136,0
89121,0.3758,-3.7413,7.7075,-63.5600,26.1800,-29.6100,-2.1734,0.8952,-1.0125,0
89160,0.0694,-2.1878,8.1432,-53.6900,31.2900,-12.3200,-1.8359,1.0700,-0.4213,0
89199,-0.1484,-1.7809,7.4729,-73.0800,25.9000,-10.1500,-2.4990,0.8856,-0.3471,0
89238,-0.3662,-2.1064,7.9158,-83.5100,23.2400,-14.0000,-2.8556,0.7947,-0.4787,0
89277,-0.8952,-2.5397,8.2245,-96.1100,16.8700,-16.3100,-3.2865,0.5769,-0.5577,0
89316,-0.0934,-3.7030,8.1671,-102.6900,9.1000,-20.8600,-3.5115,0.3112,-0.7133,0
89355,0.4524,-4.8926,7.4418,-102.9700,8.4000,-16.3800,-3.5210,0.2872,-0.5601,0
89394,0.5003,-4.6532,8.1192,-91.5600,8.3300,-15.4000,-3.1309,0.2848,-0.5266,0
89433,-0.0790,-5.5820,7.5065,-89.3200,12.8100,-16.7300,-3.0543,0.4380,-0.5721,0
89472,-0.3734,-6.5322,7.0086,-88.1300,12.6000,-15.3300,-3.0136,0.4309,-0.5242,0
89511,-0.8665,-8.5381,5.6131,-91.2800,3.8500,-17.5700,-3.1213,0.1317,-0.6008,0
89550,-0.7612,-9.4740,5.2277,-91.1400,-5.4600,-20.0200,-3.1165,-0.1867,-0.6846,0
89589,-0.4787,-9.5674,4.8495,-86.1700,-4.6900,-22.0500,-2.9466,-0.1604,-0.7540,0
89628,-0.5936,-9.4645,4.1218,-70.1400,-3.7100,-25.2000,-2.3984,-0.1269,-0.8617,0
89667,0.3878,-9.1389,3.7820,-72.0300,-4.1300,-21.9800,-2.4631,-0.1412,-0.7516,0
89706,0.6008,-10.1371,3.7484,-58.2400,-3.1500,-30.3800,-1.9915,-0.1077,-1.0388,0
89745,0.7612,-10.2879,3.6479,-46.4100,1.1900,-38.6400,-1.5870,0.0407,-1.3213,0
89784,1.7162,-10.6613,4.2726,-36.4000,1.4700,-49.2100,-1.2447,0.0503,-1.6827,0
89823,1.8886,-9.6416,2.4559,-19.1800,10.5000,-52.0800,-0.6559,0.3590,-1.7809,0
89862,2.3194,-10.0341,3.1500,-28.8400,7.6300,-58.1700,-0.9862,0.2609,-1.9891,0
89901,2.3817,-9.8355,2.7958,-22.1900,7.7000,-58.7300,-0.7588,0.2633,-2.0083,0
89940,2.8389,-10.1706,2.8077,-16.1000,-1.4000,-59.7100,-0.5505,-0.0479,-2.0418,0
89979,3.7987,-9.8139,2.6665,-5.5300,-4.5500,-58.8700,-0.1891,-0.1556,-2.0131,0
90018,3.7843,-9.1581,3.1141,-0.7000,6.8600,-55.7200,-0.0239,0.2346,-1.9053,0
90057,3.5091,-8.8397,1.7976,6.1600,16.3800,-52.6400,0.2106,0.5601,-1.8000,0
90096,3.6192,-9.4788,1.7833,12.6000,8.3300,-58.0300,0.4309,0.2848,-1.9843,0
90135,3.3296,-10.2232,2.4152,20.7900,-0.4200,-66.1500,0.7109,-0.0144,-2.2620,0
90174,4.3109,-9.6176,4.2679,24.2200,-1.1900,-38.7100,0.8282,-0.0407,-1.3237,0
90213,4.0548,-9.8091,3.7221,33.1800,-2.5200,-37.5900,1.1346,-0.0862,-1.2854,0
90252,4.3660,-7.9229,3.3128,28.4900,-16.5900,-39.3400,0.9742,-0.5673,-1.3452,0
90291,4.7633,-6.9846,5.1320,13.9300,-37.4500,-43.9600,0.4763,-1.2806,-1.5032,0
90330,5.5078,-8.9019,3.5282,32.7600,-59.1500,-49.5600,1.1202,-2.0226,-1.6947,0
90369,8.0402,-9.6296,5.6801,20.5100,-102.3400,-42.6300,0.7013,-3.4995,-1.4577,0
90408,7.3054,-8.1288,4.9572,53.2000,-70.7700,-37.3800,1.8192,-2.4200,-1.2782,0
90447,7.1043,-7.0469,4.7298,63.9100,-59.0100,-32.9700,2.1854,-2.0178,-1.1274,0
90486,7.5256,-5.9578,5.9506,60.9000,-61.1800,-36.0500,2.0825,-2.0920,-1.2327,0
90525,6.8482,-6.0224,4.0692,66.5000,-27.7900,-32.6900,2.2740,-0.9503,-1.1178,0
90564,7.9206,-6.3360,3.2482,72.5200,-20.2300,-20.8600,2.4798,-0.6918,-0.7133,0
90603,5.5341,-4.8184,3.1141,65.5900,-16.5900,6.2300,2.2428,-0.5673,0.2130,0
90642,4.4282,-4.3253,1.8048,49.9100,-35.8400,20.1600,1.7067,-1.2255,0.6894,0
90681,5.4886,-3.6575,1.3620,31.4300,-52.1500,35.5600,1.0747,-1.7833,1.2160,0
90720,7.5088,-3.7413,1.5367,12.8800,-57.4000,35.1400,0.4404,-1.9628,1.2016,0
90759,7.3844,-3.8466,1.0484,-3.7800,-44.6600,20.2300,-0.1293,-1.5271,0.6918,0
90798,7.5065,-3.4756,0.7516,-16.7300,-43.6800,5.3900,-0.5721,-1.4936,0.1843,0
90837,7.3940,-4.8639,1.1202,-35.0700,-44.8000,-2.3800,-1.1992,-1.5319,-0.0814,0
90876,8.1288,-5.4072,0.6439,-39.0600,-52.7800,-23.3800,-1.3357,-1.8048,-0.7995,0
90915,8.8828,-5.5389,0.4309,-35.7700,-54.1100,-40.1800,-1.2232,-1.8503,-1.3739,0
90954,10.9318,-5.4719,1.9676,-34.0200,-49.2100,-42.7000,-1.1633,-1.6827,-1.4601,0
90993,12.6600,-7.1163,1.3428,-44.6600,-14.0000,-19.8100,-1.5271,-0.4787,-0.6774,0
91032,13.2895,-7.3868,-1.3380,-28.5600,-16.3800,-26.3900,-0.9766,-0.5601,-0.9024,0
91071,9.0647,-4.3181,-0.8067,-11.1300,26.8800,-49.6300,-0.3806,0.9192,-1.6971,0
91110,9.2801,-4.4641,3.0256,-5.1100,-1.7500,-52.5700,-0.1747,-0.0598,-1.7976,0
91149,13.9980,-4.2367,1.2447,3.9900,-17.6400,-57.8900,0.1364,-0.6032,-1.9795,0
91188,11.0706,-4.5024,1.0652,11.9000,15.3300,-77.8400,0.4069,0.5242,-2.6617,0
91227,10.2232,-3.3032,0.6965,32.4100,10.5700,-77.7700,1.1083,0.3614,-2.6593,0
91266,11.9299,-2.9346,-0.2992,39.2700,13.3700,-80.9900,1.3428,0.4572,-2.7694,0
91305,10.4099,-1.5511,-0.7468,29.6100,17.0100,-89.8100,1.0125,0.5817,-3.0710,0
91344,8.7464,-0.4500,-0.5553,6.7900,7.7000,-87.8500,0.2322,0.2633,-3.0040,0
91383,7.9612,0.2082,0.3351,-23.7300,1.7500,-76.1600,-0.8114,0.0598,-2.6043,0
91422,7.6477,0.2896,0.8473,-36.4000,-7.2100,-61.8100,-1.2447,-0.2465,-2.1136,0
91461,8.0402,0.0120,0.8976,-32.4100,-18.4100,-53.0600,-1.1083,-0.6295,-1.8144,0
91500,8.3490,-0.6487,0.5146,-1.2600,-13.8600,-41.4400,-0.0431,-0.4739,-1.4170,0
91539,8.0331,-0.2489,1.1466,22.1200,-10.0100,-28.9100,0.7564,-0.3423,-0.9886,0
91578,8.5333,0.1005,1.1106,26.9500,-11.1300,-24.1500,0.9216,-0.3806,-0.8258,0
91617,8.7392,0.1173,0.3686,47.7400,-24.3600,-28.5600,1.6325,-0.8330,-0.9766,0
91656,7.7769,-0.1484,0.1364,69.5100,-22.4000,-29.5400,2.3769,-0.7660,-1.0101,0
91695,7.0924,0.6894,-0.4524,78.8900,-14.9800,-10.9900,2.6976,-0.5122,-0.3758,0
91734,7.7913,1.6708,-0.7564,66.7100,-15.8200,-6.1600,2.2811,-0.5410,-0.2106,0
91773,9.5387,1.7617,-1.1202,43.2600,4.3400,-2.5900,1.4793,0.1484,-0.0886,0
91812,10.3477,0.9000,-1.9580,43.2600,1.9600,-7.5600,1.4793,0.0670,-0.2585,0
91851,10.4458,0.4835,-2.1327,36.7500,15.8900,-1.6800,1.2567,0.5434,-0.0574,0
91890,9.6799,0.3758,-2.7527,33.3900,17.1500,12.6700,1.1418,0.5864,0.4332,0
91929,10.1155,-0.1269,-1.1370,12.8800,36.1900,35.2800,0.4404,1.2375,1.2064,0
91968,11.0347,-1.6732,-2.4272,18.1300,94.9200,45.2200,0.6200,3.2458,1.5463,0
92007,9.4740,-0.2106,0.1340,33.9500,8.6100,61.1100,1.1609,0.2944,2.0896,0
92046,7.5950,0.8809,2.3338,50.6100,-78.8200,59.1500,1.7306,-2.6952,2.0226,0
92085,9.3711,0.4332,1.6301,73.8500,-52.9900,52.9200,2.5253,-1.8120,1.8096,0
92124,12.3584,-0.2298,0.5960,109.0600,-23.3100,66.9900,3.7293,-0.7971,2.2907,0
92163,11.9850,0.1915,1.4912,134.7500,-38.1500,35.9800,4.6078,-1.3045,1.2303,0
92202,9.7397,1.4362,0.7731,112.3500,-33.8800,7.5600,3.8418,-1.1585,0.2585,0
92241,10.2041,0.5984,0.2250,104.8600,-33.8100,11.1300,3.5857,-1.1561,0.3806,0
92280,9.8307,-1.1585,0.0527,95.3400,-38.2200,7.4900,3.2601,-1.3069,0.2561,0
92319,8.5501,-2.4343,0.1340,101.5000,-31.3600,-1.4000,3.4708,-1.0724,-0.0479,0
92358,8.4783,-2.6498,-0.7444,126.5600,-16.0300,-5.3200,4.3277,-0.5481,-0.1819,0
92397,8.2485,-2.8341,-0.9934,145.0400,-12.8100,-24.2900,4.9596,-0.4380,-0.8306,0
92436,6.6902,-2.6857,-0.5386,135.9400,-17.2200,-59.2200,4.6484,-0.5888,-2.0250,0
92475,6.7668,-2.6569,0.1149,170.6600,14.0700,-84.0700,5.8357,0.4811,-2.8748,0
92514,11.5924,-0.9790,-2.8508,256.5500,-36.0500,-64.1900,8.7727,-1.2327,-2.1950,0
92553,15.3935,2.6522,-0.9359,223.3700,29.0500,4.7600,7.6381,0.9934,0.1628,0
92592,11.4655,7.7626,-3.2458,209.0900,65.1000,-24.3600,7.1498,2.2261,-0.8330,0
92631,9.2658,7.4059,-3.6503,176.6100,-29.6800,-87.5700,6.0392,-1.0149,-2.9944,0
92670,11.6259,3.4899,-2.6593,113.9600,-47.9500,-57.6100,3.8968,-1.6396,-1.9700,0
92709,9.4956,-0.0718,-2.5612,84.1400,-20.3700,-33.3200,2.8772,-0.6965,-1.1394,0
92748,8.6339,-1.5463,-2.2357,104.5100,-1.3300,-36.7500,3.5737,-0.0455,-1.2567,0
92787,8.5501,0.1939,-2.6210,140.7700,-1.7500,-23.0300,4.8136,-0.0598,-0.7875,0
92826,8.9019,2.3170,-3.0974,129.2200,9.9400,-12.1800,4.4187,0.3399,-0.4165,0
92865,9.2754,2.7455,-3.9160,98.8400,10.2200,-7.5600,3.3798,0.3495,-0.2585,0
92904,10.4817,2.0394,-3.8250,74.6200,14.2100,-0.2100,2.5516,0.4859,-0.0072,0
92943,10.1203,1.3548,-2.8365,66.0100,19.8100,-3.8500,2.2572,0.6774,-0.1317,0
92982,9.4214,0.8282,-2.5181,75.7400,31.4300,-5.3900,2.5899,1.0747,-0.1843,0
93021,9.7014,1.0580,-2.6426,91.2800,36.5400,-1.4700,3.1213,1.2495,-0.0503,0
93060,9.9719,1.5918,-2.0968,96.3900,52.2200,3.8500,3.2960,1.7857,0.1317,0
93099,9.8666,1.0795,-2.4415,116.8300,64.6800,1.1200,3.9950,2.2117,0.0383,0
93138,9.5626,1.6133,-2.9825,118.0200,65.4500,4.5500,4.0357,2.2381,0.1556,0
93177,9.3903,1.8982,-2.9992,118.0200,74.8300,12.0400,4.0357,2.5588,0.4117,0
93216,9.4405,1.9891,-2.1758,95.5500,76.2300,15.4700,3.2673,2.6067,0.5290,0
93255,9.5961,2.3099,-1.7330,80.4300,58.1700,19.5300,2.7503,1.9891,0.6678,0
93294,9.5698,-0.0191,-2.0178,62.5100,-2.5200,21.7000,2.1375,-0.0862,0.7420,0
93333,13.6461,-1.8503,3.2601,5.2500,-2.2400,40.9500,0.1795,-0.0766,1.4003,0
93372,12.9209,-1.2471,2.9992,44.5900,-60.5500,39.4100,1.5247,-2.0705,1.3476,0
93411,8.1671,-1.5008,4.7705,72.2400,-72.5200,11.7600,2.4702,-2.4798,0.4021,0
93450,7.0301,-2.2811,2.6067,56.8400,-16.6600,37.8000,1.9436,-0.5697,1.2926,0
93489,9.4692,-1.5463,1.2208,69.0200,4.9000,56.5600,2.3601,0.1676,1.9341,0
93528,10.4123,-0.0981,1.2734,71.1900,7.2800,28.4900,2.4343,0.2489,0.9742,0
93567,10.2855,0.7684,1.0221,17.0800,-11.1300,4.4100,0.5840,-0.3806,0.1508,0
93606,10.3453,-0.3303,0.2681,12.4600,-11.0600,12.1100,0.4261,-0.3782,0.4141,0
93645,10.1107,-1.7904,0.1293,30.0300,-13.7900,6.6500,1.0269,-0.4715,0.2274,0
93684,9.5746,-3.2745,0.4859,28.5600,-6.4400,7.4200,0.9766,-0.2202,0.2537,0
93723,9.1581,-2.7886,-0.1628,64.8900,-3.9900,11.2000,2.2189,-0.1364,0.3830,0
93762,8.1934,-1.0508,-0.8833,79.1700,-0.7000,-3.1500,2.7072,-0.0239,-0.1077,0
93801,7.0158,-1.1609,-0.6080,59.9200,-5.4600,-27.0200,2.0490,-0.1867,-0.9239,0
93840,7.3748,-1.2878,-1.0604,17.2200,-23.9400,-29.9600,0.5888,-0.8186,-1.0245,0
93879,11.8054,-2.3745,-2.0705,4.6200,-22.8900,-24.0100,0.1580,-0.7827,-0.8210,0
93918,10.7857,-2.4511,-0.6678,8.1900,-8.2600,-33.3900,0.2801,-0.2824,-1.1418,0
93957,10.4075,-1.2375,-0.1532,17.8500,-17.0100,-14.9100,0.6104,-0.5817,-0.5098,0
93996,13.7299,-0.0551,3.2865,17.7800,-18.3400,6.0200,0.6080,-0.6271,0.2059,0
94035,14.3188,2.6498,-3.1452,-16.0300,-26.3900,30.1000,-0.5481,-0.9024,1.0293,0
94074,8.6363,-2.0944,0.8258,-63.9100,-37.3100,-33.9500,-2.1854,-1.2758,-1.1609,0
94113,10.6828,-1.6803,2.0992,-59.7800,-24.0800,-43.1900,-2.0442,-0.8234,-1.4769,0
94152,10.6996,-0.9670,0.0886,32.1300,21.4900,-21.2800,1.0987,0.7348,-0.7277,0
94191,9.2347,1.8503,-0.1867,26.6000,19.8800,-4.2000,0.9096,0.6798,-0.1436,0
94230,8.9546,2.5708,-0.2801,5.8100,3.4300,-14.8400,0.1987,0.1173,-0.5075,0
94269,9.4022,2.8077,-0.9407,-28.4900,-1.6100,-19.8800,-0.9742,-0.0551,-0.6798,0
94308,9.6775,2.7335,-0.5146,-50.1900,8.2600,-11.7600,-1.7162,0.2824,-0.4021,0
94347,10.6134,2.2907,-1.0245,-73.1500,18.4800,-4.3400,-2.5014,0.6319,-0.1484,0
94386,10.2017,1.5870,-0.7181,-84.8400,18.4100,-14.5600,-2.9011,0.6295,-0.4979,0
94425,9.9815,0.7348,-0.0766,-91.7000,37.6600,-17.4300,-3.1357,1.2878,-0.5960,0
94464,9.6775,0.9311,0.6894,-93.8700,53.6200,-0.3500,-3.2099,1.8335,-0.0120,0
94503,8.8014,0.7899,-0.3016,-73.5000,48.9300,-0.7700,-2.5133,1.6732,-0.0263,0
94542,9.3855,-0.1652,-0.3519,-62.3700,20.3000,2.3800,-2.1327,0.6942,0.0814,0
94581,10.7929,0.2298,0.5888,-65.0300,12.9500,9.1700,-2.2237,0.4428,0.3136,0
94620,9.5482,0.3279,0.2681,-70.9100,28.4900,1.4000,-2.4248,0.9742,0.0479,0
94659,9.7852,-0.9814,-0.2609,-76.5100,12.5300,1.6800,-2.6162,0.4285,0.0574,0
94698,10.0317,-2.6115,0.3997,-79.0300,7.0700,11.9700,-2.7024,0.2418,0.4093,0
94737,8.5309,-2.0513,2.0873,-76.3000,1.2600,16.3100,-2.6091,0.0431,0.5577,0
94776,8.8254,0.7827,3.0471,-79.8000,-33.2500,43.8900,-2.7287,-1.1370,1.5008,0
94815,9.3543,2.1088,1.7545,-65.8700,-91.8400,50.5400,-2.2524,-3.1405,1.7282,0
94854,12.9879,-0.8641,0.5314,-63.2100,-74.1300,39.3400,-2.1615,-2.5349,1.3452,0
94893,12.7318,-2.6498,1.7617,-51.1700,-31.0800,52.9200,-1.7498,-1.0628,1.8096,0
94932,10.0677,-2.6378,2.4104,-11.4800,-19.6700,23.2400,-0.3926,-0.6726,0.7947,0
94971,8.5190,-1.0412,1.0987,-0.6300,-14.5600,9.1000,-0.0215,-0.4979,0.3112,0
95010,8.7464,-0.9958,0.1412,0.2100,-3.8500,11.9000,0.0072,-0.1317,0.4069,0
95049,8.3873,-1.8407,-0.6750,15.4700,2.8000,14.6300,0.5290,0.0957,0.5003,0
95088,9.1820,-1.9676,-0.4787,14.0700,-5.0400,1.1900,0.4811,-0.1723,0.0407,0
95127,9.0240,-1.8072,-0.1795,10.5700,-7.7700,-20.0900,0.3614,-0.2657,-0.6870,0
95166,9.1676,-2.1878,0.0335,13.4400,-4.9700,-28.8400,0.4596,-0.1699,-0.9862,0
95205,9.8067,-2.3865,-0.2561,14.7700,-6.0900,-34.5800,0.5051,-0.2082,-1.1825,0
95244,10.4674,-3.1907,-0.0479,21.7000,-10.0800,-19.8100,0.7420,-0.3447,-0.6774,0
95283,9.5506,-2.9418,-0.2513,32.2000,-22.0500,-2.8000,1.1011,-0.7540,-0.0957,0
95322,9.6105,-3.0495,-0.3279,38.3600,-35.8400,5.2500,1.3117,-1.2255,0.1795,0
95361,14.4097,-0.7516,-0.6463,7.1400,-31.9200,33.0400,0.2442,-1.0915,1.1298,0
95400,11.7217,-0.0239,0.3423,-12.6000,-28.6300,-1.4700,-0.4309,-0.9790,-0.0503,0
95439,10.0413,-0.1556,1.0508,-19.8800,-14.4900,-14.4200,-0.6798,-0.4955,-0.4931,0
95478,8.8708,0.7947,1.2902,12.6000,26.6700,-25.3400,0.4309,0.9120,-0.8665,0
95517,9.6871,0.6487,-1.3452,47.1800,33.6000,-18.1300,1.6133,1.1489,-0.6200,0
95556,9.8259,0.7755,-1.0724,31.2900,20.8600,-10.5700,1.0700,0.7133,-0.3614,0
95595,9.6631,1.8431,-0.9862,6.7900,6.5800,-21.9800,0.2322,0.2250,-0.7516,0
95634,9.3711,1.6109,-1.0149,-17.6400,17.1500,-30.3800,-0.6032,0.5864,-1.0388,0
95673,9.8187,0.3662,-0.8306,-40.6700,25.2000,-27.7200,-1.3907,0.8617,-0.9479,0
95712,9.7661,-0.0455,-0.7085,-42.0700,11.4100,-22.4700,-1.4386,0.3902,-0.7684,0
95751,9.5889,-0.3447,-0.9694,-29.0500,14.3500,-14.2100,-0.9934,0.4907,-0.4859,0
95790,9.9456,-1.7545,-0.7827,-8.0500,31.3600,-5.8800,-0.2753,1.0724,-0.2011,0
95829,10.0892,-1.8838,0.1340,-5.1100,41.7200,-1.3300,-0.1747,1.4266,-0.0455,0
95868,10.2663,-0.0718,0.6798,-2.1700,57.3300,-1.1200,-0.0742,1.9604,-0.0383,0
95907,11.2621,1.2040,0.5218,-11.4100,60.7600,-0.0700,-0.3902,2.0777,-0.0024,0
95946,10.8025,0.1843,1.5463,-34.7900,64.6100,-7.0000,-1.1896,2.2093,-0.2394,0
95985,10.4961,0.3375,2.8604,-40.7400,24.9200,9.4500,-1.3931,0.8521,0.3231,0
96024,9.3855,1.2423,1.0388,-17.2200,-52.5000,17.3600,-0.5888,-1.7952,0.5936,0
96063,8.4089,0.2178,-0.5697,17.7100,-65.3100,21.6300,0.6056,-2.2333,0.7396,0
96102,7.6788,0.0407,2.4583,-7.9800,-58.1000,39.2000,-0.2729,-1.9867,1.3404,0
96141,9.5770,0.4596,4.4570,-35.8400,-59.7800,56.1400,-1.2255,-2.0442,1.9197,0
96180,11.5804,-1.4529,2.0944,5.3900,-27.0200,48.3000,0.1843,-0.9239,1.6516,0
96219,10.6541,-1.8311,0.5864,17.7800,-22.1200,17.3600,0.6080,-0.7564,0.5936,0
96258,9.0240,-1.3787,1.0245,9.9400,-9.6600,-3.7800,0.3399,-0.3303,-0.1293,0
96297,9.3615,-1.6229,0.4572,15.8900,-9.1000,-2.6600,0.5434,-0.3112,-0.0910,0
96336,9.0144,-1.8623,-0.5673,21.0000,-9.5900,-9.0300,0.7181,-0.3279,-0.3088,0
96375,8.0714,-1.1202,0.1987,20.0900,3.7800,-14.0000,0.6870,0.1293,-0.4787,0
96414,8.9690,-0.9431,-1.1872,15.6800,0.0700,-22.6100,0.5362,0.0024,-0.7731,0
96453,10.0509,-1.3763,0.0934,-13.2300,-1.6100,-30.3100,-0.4524,-0.0551,-1.0364,0
96492,9.4956,-2.3482,-0.4404,-4.6900,-18.9000,-30.5200,-0.1604,-0.6463,-1.0436,0
96531,8.9426,-2.9849,-1.2974,28.2800,-52.6400,-14.2100,0.9670,-1.8000,-0.4859,0
96570,15.6975,-2.7264,0.7660,13.7900,-56.4200,25.6900,0.4715,-1.9293,0.8785,0
96609,14.6108,2.5803,-2.2141,8.4700,-26.1100,56.0700,0.2896,-0.8928,1.9173,0
96648,9.1868,-0.1221,1.8838,-28.6300,-39.9700,-17.4300,-0.9790,-1.3668,-0.5960,0
96687,9.3711,0.6559,2.3170,-25.8300,5.8800,-26.3900,-0.8833,0.2011,-0.9024,0
96726,10.6637,0.6798,-0.8426,10.7800,29.7500,-27.0200,0.3686,1.0173,-0.9239,0
96765,9.7325,1.3859,-0.6367,9.8700,32.4800,-4.6200,0.3375,1.1106,-0.1580,0
96804,9.3424,1.1274,-0.5745,-20.3000,1.6100,-21.2800,-0.6942,0.0551,-0.7277,0
96843,9.6200,0.2801,-0.7396,-28.7700,12.1100,-22.9600,-0.9838,0.4141,-0.7851,0
96882,9.9887,0.0574,-1.0053,-28.0700,18.2000,-18.6900,-0.9598,0.6223,-0.6391,0
96921,9.3472,-1.1466,-1.5487,-20.0200,9.4500,-17.9900,-0.6846,0.3231,-0.6152,0
96960,9.2562,-1.1298,-1.2734,-16.7300,4.9000,-13.7200,-0.5721,0.1676,-0.4692,0
96999,9.4333,-0.6535,0.0551,-7.5600,31.4300,-9.3100,-0.2585,1.0747,-0.3184,0
97038,9.7349,0.3471,0.2848,-12.8100,45.5700,-9.0300,-0.4380,1.5583,-0.3088,0
97077,8.6698,0.2202,1.0556,-10.5000,24.9200,-3.7100,-0.3590,0.8521,-0.1269,0
97116,10.3166,2.4511,3.4253,-13.0900,3.9200,13.5800,-0.4476,0.1340,0.4644,0
97155,12.9400,1.6588,-0.0096,-19.1800,-11.2700,53.1300,-0.6559,-0.3854,1.8168,0
97194,11.7217,0.9263,-0.3758,2.8000,-69.9300,19.8100,0.0957,-2.3912,0.6774,0
97233,7.7769,0.1819,1.1130,-38.4300,-31.4300,4.9700,-1.3141,-1.0747,0.1699,0
97272,11.0251,-0.5912,3.1452,-44.8000,-32.0600,54.0400,-1.5319,-1.0963,1.8479,0
97311,12.1645,0.0144,0.3614,-27.5100,-13.6500,41.1600,-0.9407,-0.4668,1.4075,0
97350,11.2573,0.3973,-0.5745,-5.6700,-0.8400,30.0300,-0.1939,-0.0287,1.0269,0
97389,10.1466,-0.6965,-0.8186,-9.2400,9.7300,27.0900,-0.3160,0.3327,0.9263,0
97428,9.1533,-1.6636,-0.1149,-38.9900,19.5300,47.3900,-1.3333,0.6678,1.6205,0
97467,9.1748,-2.7575,0.5218,-10.4300,23.9400,46.7600,-0.3567,0.8186,1.5990,0
97506,9.6775,-2.7503,0.6319,-14.9100,22.8200,23.3100,-0.5098,0.7803,0.7971,0
97545,9.0144,-2.6282,0.7540,-13.0200,23.1000,-9.8700,-0.4452,0.7899,-0.3375,0
97584,8.7799,-2.4152,0.3638,-32.3400,11.9000,-27.5100,-1.1059,0.4069,-0.9407,0
97623,7.9349,-3.5833,-0.7253,-16.3100,4.9700,-34.1600,-0.5577,0.1699,-1.1681,0
97662,8.4591,-2.7790,-0.9838,14.4200,-12.8800,-45.8500,0.4931,-0.4404,-1.5678,0
97701,7.9301,-1.8814,0.3782,9.1000,28.7000,-59.7100,0.3112,0.9814,-2.0418,0
97740,8.6291,1.8599,-2.2524,70.6300,-26.2500,-40.6000,2.4152,-0.8976,-1.3883,0
97779,10.1802,0.0670,0.1484,-25.4100,-47.3200,27.3000,-0.8689,-1.6181,0.9335,0
97818,10.8504,-1.2040,-0.3997,-62.0900,-22.6100,-6.4400,-2.1232,-0.7731,-0.2202,0
97857,17.4736,-0.3016,0.3064,-61.3200,6.1600,-12.1100,-2.0968,0.2106,-0.4141,0
97896,10.5919,-1.0460,0.8713,-0.2100,-33.1100,-12.3900,-0.0072,-1.1322,-0.4237,0
97935,8.5788,-0.6798,0.2920,22.0500,-5.4600,-24.9900,0.7540,-0.1867,-0.8545,0
97974,9.5865,3.1357,0.3255,41.3000,13.0200,-9.9400,1.4122,0.4452,-0.3399,0
98013,8.5214,3.7293,-1.0843,26.3200,19.7400,-31.4300,0.9000,0.6750,-1.0747,0
98052,9.9073,3.0351,-0.6989,-4.5500,0.6300,-36.7500,-0.1556,0.0215,-1.2567,0
98091,10.6708,1.9724,-0.5338,-27.3000,17.5700,-20.4400,-0.9335,0.6008,-0.6989,0
98130,10.4482,0.9287,-0.1723,-39.9700,25.5500,-14.4200,-1.3668,0.8737,-0.4931,0
98169,9.3639,0.8880,-0.0670,-29.8200,24.9900,-17.2200,-1.0197,0.8545,-0.5888,0
98208,10.0270,1.1322,-0.1771,-23.8000,15.0500,-5.6000,-0.8138,0.5146,-0.1915,0
98247,9.2155,-0.0096,-0.8545,-18.8300,15.8200,7.6300,-0.6439,0.5410,0.2609,0
98286,9.1796,-0.5769,-0.1747,-25.3400,25.9700,12.6000,-0.8665,0.8880,0.4309,0
98325,9.6272,1.2471,1.3357,-24.8500,15.1200,13.1600,-0.8497,0.5170,0.4500,0
98364,11.9586,1.0819,0.1005,-48.0900,16.6600,27.0900,-1.6444,0.5697,0.9263,0
98403,10.5368,-1.1178,0.6415,-35.4200,-11.4100,23.9400,-1.2112,-0.3902,0.8186,0
98442,8.0091,-1.4242,2.4343,-10.0100,-16.0300,4.1300,-0.3423,-0.5481,0.1412,0
98481,9.7038,-1.0245,2.4894,4.2000,-15.0500,19.8100,0.1436,-0.5146,0.6774,0
98520,10.6445,-0.1005,1.0939,10.3600,-14.4200,29.6800,0.3543,-0.4931,1.0149,0
98559,10.9054,-0.2537,0.1939,11.6200,-2.8000,16.5200,0.3973,-0.0957,0.5649,0
98598,9.2490,-0.4548,0.8521,15.3300,0.1400,1.4700,0.5242,0.0048,0.0503,0
98637,10.3621,-0.5098,1.1753,11.9000,2.9400,-7.8400,0.4069,0.1005,-0.2681,0
98676,9.4501,-0.7037,0.6702,19.1800,0.6300,-9.8000,0.6559,0.0215,-0.3351,0
98715,9.0551,-1.0317,-0.1676,27.0200,-0.8400,-8.4000,0.9239,-0.0287,-0.2872,0
98754,8.3993,-0.2250,0.0934,22.3300,-8.4000,-14.6300,0.7636,-0.2872,-0.5003,0
98793,8.4663,-0.2465,1.5439,8.3300,-3.0800,-12.9500,0.2848,-0.1053,-0.4428,0
98832,8.5692,1.5870,1.1537,29.1200,-13.3700,-1.9600,0.9958,-0.4572,-0.0670,0
98871,11.8246,1.4769,-0.3040,-27.6500,-11.6900,29.4000,-0.9455,-0.3997,1.0053,0
98910,13.3039,1.6492,1.4888,-46.3400,-5.3200,23.5900,-1.5846,-0.1819,0.8067,0
98949,11.1831,1.2926,0.6104,-36.5400,-0.6300,-20.9300,-1.2495,-0.0215,-0.7157,0
98988,10.7666,2.0657,-0.1412,-30.1700,18.6900,-28.6300,-1.0317,0.6391,-0.9790,0
99027,10.1251,2.0944,-0.4261,-52.5700,27.8600,-18.9000,-1.7976,0.9527,-0.6463,0
99066,10.0581,2.3649,-0.2250,-69.0900,22.1900,-12.1100,-2.3625,0.7588,-0.4141,0
99105,9.1748,1.9532,-1.0843,-73.7800,12.1100,-21.9100,-2.5229,0.4141,-0.7492,0
99144,9.3113,0.4189,0.0598,-87.3600,19.0400,-19.0400,-2.9873,0.6511,-0.6511,0
99183,8.2269,1.6229,-0.1867,-85.6800,20.5800,-3.1500,-2.9298,0.7037,-0.1077,0
99222,8.1336,2.3649,0.1652,-81.1300,25.2700,13.0200,-2.7742,0.8641,0.4452,0
99261,8.6410,1.8216,-0.5362,-111.4400,42.0700,15.1900,-3.8107,1.4386,0.5194,0
99300,7.8487,0.0431,-1.0053,-111.5100,17.5700,8.9600,-3.8131,0.6008,0.3064,0
99339,11.0897,1.2327,0.9192,-94.7800,39.8300,24.9200,-3.2410,1.3620,0.8521,0
99378,10.2496,3.0782,0.7444,-83.7200,39.8300,23.5900,-2.8628,1.3620,0.8067,0
99417,9.5985,1.2591,0.1819,-107.1700,45.1500,12.0400,-3.6647,1.5439,0.4117,0
99456,9.6703,0.0694,-2.4056,-114.8000,54.4600,33.2500,-3.9256,1.8623,1.1370,0
99495,7.7458,-1.5894,1.6660,-110.2500,76.2300,33.2500,-3.7700,2.6067,1.1370,0
99534,9.0168,0.1963,0.2346,-95.7600,79.9400,57.5400,-3.2745,2.7335,1.9676,0
99573,8.4280,-0.9192,-1.9604,-74.4100,89.5300,73.9200,-2.5444,3.0615,2.5277,0
99612,7.0014,-0.4165,-1.5224,-89.7400,122.5700,98.6300,-3.0686,4.1913,3.3726,0
99651,6.8817,-2.7311,1.5152,-73.9200,166.2500,129.6400,-2.5277,5.6849,4.4330,0
99690,3.3343,-5.3833,-1.3787,-34.2300,247.9400,139.7200,-1.1705,8.4783,4.7777,0
99729,-0.7731,-7.2623,4.2559,-70.6300,212.5900,152.2500,-2.4152,7.2695,5.2062,0
99768,-5.0051,-12.4254,9.7373,-37.5900,236.1100,188.3000,-1.2854,8.0737,6.4389,0
99807,-8.5908,-14.5797,18.1653,7.6300,234.0800,208.2500,0.2609,8.0043,7.1211,0
99846,-18.5387,-24.4343,21.8755,-50.1900,191.3100,184.0300,-1.7162,6.5418,6.2929,0
99885,-15.7573,-20.2334,8.5621,3.3600,120.3300,159.3900,0.1149,4.1147,5.4503,0
99924,-5.0602,0.8689,5.8070,38.5000,41.4400,95.6900,1.3165,1.4170,3.2721,0
99963,-2.3625,1.4697,2.7383,-45.0100,58.0300,62.2300,-1.5391,1.9843,2.1279,0
100002,-5.2373,-1.1801,0.9981,-128.7300,60.2000,28.3500,-4.4019,2.0585,0.9694,1
100041,-4.3540,-3.0208,-0.4811,-142.8000,45.7800,24.6400,-4.8830,1.5654,0.8426,0
100080,-2.4463,-4.8232,-0.2465,-111.0200,25.5500,30.8700,-3.7963,0.8737,1.0556,0
100119,-1.0269,-2.9370,0.6319,-93.4500,22.3300,40.7400,-3.1955,0.7636,1.3931,0
100158,-1.9484,-2.5803,-0.3399,-15.8200,49.4900,27.3700,-0.5410,1.6923,0.9359,0
100197,-5.6538,-3.1859,2.0801,29.7500,78.7500,21.2100,1.0173,2.6928,0.7253,0
100236,-10.3357,-4.3971,2.2787,13.8600,53.1300,-7.7700,0.4739,1.8168,-0.2657,0
100275,-13.5289,-8.1815,4.0453,8.1900,11.8300,-50.0500,0.2801,0.4045,-1.7115,0
100314,-13.2273,-10.6230,4.5096,28.6300,-52.4300,-63.8400,0.9790,-1.7928,-2.1830,0
100353,-12.4469,-12.1190,4.8974,24.4300,-88.3400,-74.5500,0.8354,-3.0208,-2.5492,0
100392,-7.2168,-9.1246,3.4708,49.7700,-86.0300,-87.7100,1.7019,-2.9418,-2.9992,0
100431,-4.4594,-7.0924,4.0859,35.4900,-92.5400,-101.0800,1.2136,-3.1644,-3.4564,0
100470,-1.6660,-6.4580,4.0309,20.9300,-77.1400,-103.8100,0.7157,-2.6378,-3.5498,0
100509,0.5027,-9.6512,6.8338,8.1900,-71.1900,-78.6800,0.2801,-2.4343,-2.6905,0
100548,2.4439,-9.0958,5.8357,35.0000,-35.0000,-67.4100,1.1968,-1.1968,-2.3051,0
100587,3.0471,-6.1995,4.2631,60.3400,10.1500,-65.0300,2.0633,0.3471,-2.2237,0
100626,1.8335,-5.1008,5.0913,22.8200,10.7100,-36.4700,0.7803,0.3662,-1.2471,0
100665,-0.2394,-4.6030,5.8285,2.4500,10.3600,-14.5600,0.0838,0.3543,-0.4979,0
100704,-0.2370,-7.0995,7.4251,-1.1900,-0.2800,-4.4800,-0.0407,-0.0096,-0.1532,0
100743,1.1849,-9.5267,7.8487,0.0700,-0.8400,-10.2200,0.0024,-0.0287,-0.3495,0
100782,0.4931,-8.8086,6.7908,30.3100,12.4600,-7.9100,1.0364,0.4261,-0.2705,0
100821,-1.2926,-7.7362,6.5705,14.8400,17.2900,-9.9400,0.5075,0.5912,-0.3399,0
100860,-1.9939,-6.2091,6.6376,6.9300,8.4000,-6.5800,0.2370,0.2872,-0.2250,0
100899,-1.7186,-5.6681,5.6681,1.9600,-1.8200,1.3300,0.0670,-0.0622,0.0455,0
100938,-1.0053,-7.1905,4.8974,-22.9600,-12.3200,0.9100,-0.7851,-0.4213,0.0311,0
100977,-1.2543,-7.9636,5.2708,-8.6100,-3.5000,-0.5600,-0.2944,-0.1197,-0.0191,0
101016,-0.8904,-6.9942,6.2809,-1.0500,-3.0800,4.1300,-0.0359,-0.1053,0.1412,0
101055,-1.3668,-5.9961,6.2043,-4.9000,3.5700,6.2300,-0.1676,0.1221,0.2130,0
101094,-2.0681,-6.8506,5.8668,-27.0900,3.0800,3.3600,-0.9263,0.1053,0.1149,0
101133,-1.7138,-8.9331,5.9626,-38.0100,-1.4700,-2.4500,-1.2997,-0.0503,-0.0838,0
101172,-0.8402,-9.3687,5.6562,-17.7800,-2.5200,-5.3200,-0.6080,-0.0862,-0.1819,0
101211,-0.4045,-8.5932,4.9620,-5.1100,-2.5900,-7.1400,-0.1747,-0.0886,-0.2442,0
101250,-0.4261,-8.3993,5.3282,-5.9500,1.7500,-7.9800,-0.2035,0.0598,-0.2729,0
101289,-0.5242,-8.4926,5.2947,-2.5200,-0.2100,-7.2100,-0.0862,-0.0072,-0.2465,0
101328,-0.3950,-8.5261,5.2325,0.5600,-1.5400,-3.7800,0.0191,-0.0527,-0.1293,0
101367,-0.5960,-8.3514,5.4072,2.3800,-1.8900,-0.0700,0.0814,-0.0646,-0.0024,0
101406,-0.8067,-8.1480,5.4599,4.0600,-3.9200,2.0300,0.1388,-0.1340,0.0694,0
101445,-0.7372,-8.1336,5.4455,6.7200,-5.1100,2.2400,0.2298,-0.1747,0.0766,0
101484,-0.7468,-7.8559,5.4264,9.6600,-3.9200,1.1200,0.3303,-0.1340,0.0383,0
101523,-0.9072,-7.7745,5.7495,7.8400,-3.5000,0.5600,0.2681,-0.1197,0.0191,0
101562,-1.1633,-7.8344,6.1014,4.5500,-5.2500,-0.2800,0.1556,-0.1795,-0.0096,0
101601,-1.0939,-7.8799,6.0679,2.8700,-7.8400,-0.6300,0.0981,-0.2681,-0.0215,0
101640,-0.6343,-7.8535,5.6179,2.1700,-8.4000,-0.7700,0.0742,-0.2872,-0.0263,0
101679,-0.1604,-7.7506,5.5461,0.4900,-3.9900,-0.1400,0.0168,-0.1364,-0.0048,0
101718,-0.2585,-7.5280,5.5987,-0.2800,-2.3100,-0.4900,-0.0096,-0.0790,-0.0168,0
101757,-0.2011,-7.9852,5.6681,-0.2800,-0.4900,-0.0700,-0.0096,-0.0168,-0.0024,0
101796,-0.5051,-8.0594,5.8716,0.8400,0.5600,0.3500,0.0287,0.0191,0.0120,0
101835,-0.5840,-8.0714,5.8165,1.1900,0.2100,0.4200,0.0407,0.0072,0.0144,0
101874,-0.5170,-7.9541,5.7878,0.4900,0.2800,0.0000,0.0168,0.0096,0.0000,0
101913,-0.5912,-7.7554,5.7399,-0.3500,0.3500,0.2100,-0.0120,0.0120,0.0072,0
101952,-0.5314,-7.8248,5.5748,-1.1200,0.4200,0.9800,-0.0383,0.0144,0.0335,0
101991,-0.4835,-7.9397,5.6227,-1.0500,1.1200,1.1900,-0.0359,0.0383,0.0407,0
102030,-0.6319,-7.9110,5.6729,-0.1400,1.4000,1.0500,-0.0048,0.0479,0.0359,0
102069,-0.7516,-8.0211,5.7639,-0.4900,0.9800,0.1400,-0.0168,0.0335,0.0048,0
102108,-0.7229,-8.0307,5.7615,-0.2100,-0.2800,-0.0700,-0.0072,-0.0096,-0.0024,0
102147,-0.6247,-8.2102,5.6897,-1.6100,-1.6100,-0.9100,-0.0551,-0.0551,-0.0311,0
102186,-0.5864,-8.0115,5.5915,0.7000,-1.6800,-1.1900,0.0239,-0.0574,-0.0407,0
102225,-0.5745,-7.8990,5.5796,0.4900,-1.7500,-0.2800,0.0168,-0.0598,-0.0096,0
102264,-0.4093,-7.8655,5.4695,1.0500,-1.1900,0.5600,0.0359,-0.0407,0.0191,0
102303,-0.4404,-7.8583,5.6274,2.3100,-0.9100,0.4900,0.0790,-0.0311,0.0168,0
102342,-0.5769,-7.9612,5.8860,0.4200,-0.8400,0.5600,0.0144,-0.0287,0.0191,0
102381,-0.5697,-7.9349,5.7687,0.8400,-0.9100,0.3500,0.0287,-0.0311,0.0120,0
102420,-0.4763,-7.8392,5.6825,0.4200,-0.6300,0.4200,0.0144,-0.0215,0.0144,0
102459,-0.5003,-7.8679,5.7256,-0.7700,0.4200,0.9100,-0.0263,0.0144,0.0311,0
102498,-0.5960,-7.8703,5.7663,-1.1900,0.4200,0.8400,-0.0407,0.0144,0.0287,0
102537,-0.5434,-7.8966,5.6011,-0.9100,0.3500,0.3500,-0.0311,0.0120,0.0120,0
102576,-0.5314,-7.9995,5.6131,-1.1200,0.7000,0.6300,-0.0383,0.0239,0.0215,0
102615,-0.6104,-8.0905,5.6035,-0.4900,0.2100,0.7000,-0.0168,0.0072,0.0239,0
102654,-0.6223,-8.1168,5.6634,-0.1400,0.1400,0.4900,-0.0048,0.0048,0.0168,0
102693,-0.6032,-8.0259,5.6155,0.1400,-0.4200,0.3500,0.0048,-0.0144,0.0120,0
102732,-0.6271,-8.0331,5.5580,0.9800,-0.7700,0.3500,0.0335,-0.0263,0.0120,0
102771,-0.5505,-7.9062,5.6753,1.1900,-1.0500,0.5600,0.0407,-0.0359,0.0191,0
102810,-0.5338,-7.9134,5.6322,1.0500,-0.7000,0.6300,0.0359,-0.0239,0.0215,0
102849,-0.5769,-7.9565,5.6825,1.0500,-0.2100,0.4900,0.0359,-0.0072,0.0168,0
102888,-0.6008,-7.9541,5.6849,0.7700,-0.5600,0.5600,0.0263,-0.0191,0.0191,0
102927,-0.5697,-7.9780,5.6753,0.1400,-0.3500,0.4900,0.0048,-0.0120,0.0168,0
102966,-0.5817,-7.9014,5.6657,0.7000,-0.0700,0.2100,0.0239,-0.0024,0.0072,0
103005,-0.6152,-7.8799,5.6921,-0.0700,-0.9800,0.5600,-0.0024,-0.0335,0.0191,0
103044,-0.4787,-7.9684,5.6274,-0.2800,-0.8400,0.7700,-0.0096,-0.0287,0.0263,0
103083,-0.5362,-8.0019,5.6155,0.2100,0.0700,0.6300,0.0072,0.0024,0.0215,0
103122,-0.6176,-7.9876,5.5987,0.7000,-0.0700,0.5600,0.0239,-0.0024,0.0191,0
103161,-0.6128,-8.0115,5.6849,-0.0700,0.3500,0.4900,-0.0024,0.0120,0.0168,0
103200,-0.6104,-7.9756,5.6825,0.3500,-0.2100,0.3500,0.0120,-0.0072,0.0120,0
103239,-0.6247,-7.9517,5.6274,0.1400,-0.3500,0.3500,0.0048,-0.0120,0.0120,0
103278,-0.6056,-7.9900,5.6155,0.4200,-0.8400,0.4900,0.0144,-0.0287,0.0168,0
103317,-0.5386,-7.9277,5.6394,0.4900,-1.1200,0.7000,0.0168,-0.0383,0.0239,0
103356,-0.5553,-7.9876,5.6801,0.3500,-0.5600,0.5600,0.0120,-0.0191,0.0191,0
103395,-0.6032,-7.9660,5.6370,0.9800,-0.3500,0.5600,0.0335,-0.0120,0.0191,0
103434,-0.5840,-7.9517,5.6251,0.7000,-0.2800,0.6300,0.0239,-0.0096,0.0215,0
103473,-0.5721,-7.9421,5.6634,0.2100,-0.1400,0.6300,0.0072,-0.0048,0.0215,0
103512,-0.6152,-7.9972,5.6634,-0.1400,0.0000,0.4900,-0.0048,0.0000,0.0168,0
103551,-0.6223,-7.9780,5.6681,0.0000,-0.2100,0.3500,0.0000,-0.0072,0.0120,0
103590,-0.5625,-7.9229,5.6059,0.1400,-0.4200,0.3500,0.0048,-0.0144,0.0120,0
103629,-0.5529,-8.0235,5.5915,0.0700,-0.2800,0.9100,0.0024,-0.0096,0.0311,0
103668,-0.6511,-8.0211,5.5987,0.3500,0.0700,0.8400,0.0120,0.0024,0.0287,0
103707,-0.5864,-8.0259,5.6011,0.8400,-0.1400,0.7700,0.0287,-0.0048,0.0263,0
103746,-0.5840,-7.9995,5.6203,0.9800,0.3500,0.7700,0.0335,0.0120,0.0263,0
103785,-0.6200,-7.9517,5.7328,1.5400,0.2800,0.8400,0.0527,0.0096,0.0287,0
103824,-0.6271,-7.8272,5.7543,0.5600,0.1400,0.9800,0.0191,0.0048,0.0335,0
103863,-0.4787,-7.9589,5.5939,1.1900,0.0700,2.1000,0.0407,0.0024,0.0718,0
103902,-0.3926,-8.1408,5.8381,1.5400,3.2200,2.9400,0.0527,0.1101,0.1005,0
103941,-0.7516,-7.3533,5.6562,-1.2600,1.1900,3.6400,-0.0431,0.0407,0.1245,0
103980,-0.4859,-7.2623,5.7088,-6.2300,1.3300,8.6800,-0.2130,0.0455,0.2968,0
104019,-0.8473,-7.1163,5.8764,-10.2900,-2.9400,9.3800,-0.3519,-0.1005,0.3207,0
104058,-0.1269,-7.4801,6.3431,-26.7400,-1.6100,12.5300,-0.9144,-0.0551,0.4285,0
104097,-0.5314,-7.5639,5.9267,-10.4300,-2.1000,14.0000,-0.3567,-0.0718,0.4787,0
104136,-0.9024,-7.8464,5.5078,-15.5400,1.1200,16.1000,-0.5314,0.0383,0.5505,0
104175,-1.0724,-8.4232,5.5963,-11.9700,4.0600,15.6100,-0.4093,0.1388,0.5338,0
104214,-1.1896,-8.7535,5.1152,-20.0200,-3.7800,16.0300,-0.6846,-0.1293,0.5481,0
104253,-1.5439,-9.0575,4.6604,-12.8800,-1.8900,16.4500,-0.4404,-0.0646,0.5625,0
104292,-2.1830,-8.9929,4.0117,-5.3900,-8.4700,16.6600,-0.1843,-0.2896,0.5697,0
104331,-2.0657,-9.3400,4.2535,-4.2000,-16.5200,18.6200,-0.1436,-0.5649,0.6367,0
104370,-2.5133,-8.9857,4.2942,7.9100,-21.6300,18.6200,0.2705,-0.7396,0.6367,0
104409,-2.2835,-9.4525,3.8059,13.1600,-26.1100,18.9000,0.4500,-0.8928,0.6463,0
104448,-2.0825,-10.3860,4.2942,16.4500,-39.9700,15.8900,0.5625,-1.3668,0.5434,0
104487,-2.2572,-9.9192,4.6604,31.2900,-46.4800,18.3400,1.0700,-1.5894,0.6271,0
104526,-1.9580,-10.6421,4.4689,41.0200,-55.4400,24.0800,1.4027,-1.8958,0.8234,0
104565,-1.6660,-8.9067,5.1415,51.3100,-52.9200,34.4400,1.7545,-1.8096,1.1777,0
104604,-2.0011,-6.9440,5.4982,55.7200,-53.2700,35.5600,1.9053,-1.8216,1.2160,0
104643,-2.2117,-4.1841,5.7088,47.4600,-49.5600,19.3200,1.6229,-1.6947,0.6606,0
104682,-0.6654,-2.7000,6.0487,41.2300,-47.4600,0.1400,1.4099,-1.6229,0.0048,0
104721,0.0934,-3.4205,7.2216,10.1500,-46.6200,-2.7300,0.3471,-1.5942,-0.0934,0
104760,0.1723,-5.6059,7.8440,5.8100,-39.9700,-18.4100,0.1987,-1.3668,-0.6295,0
104799,1.2830,-6.5969,8.6482,9.5900,-36.5400,-37.5200,0.3279,-1.2495,-1.2830,0
104838,0.9479,-5.4096,7.9229,-1.5400,-9.3100,-33.1800,-0.0527,-0.3184,-1.1346,0
104877,0.6271,-5.9530,7.6812,-12.7400,0.5600,-27.5800,-0.4356,0.0191,-0.9431,0
104916,0.6223,-5.7591,7.3796,-16.3100,-8.4700,-22.5400,-0.5577,-0.2896,-0.7708,0
104955,1.2447,-7.2049,7.0062,-32.4100,-9.5900,-19.4600,-1.1083,-0.3279,-0.6654,0
104994,2.3170,-8.6650,6.4987,-34.0200,-9.5200,-24.8500,-1.1633,-0.3255,-0.8497,0
105033,2.1064,-8.1240,5.8381,-5.6000,-5.1800,-30.5900,-0.1915,-0.1771,-1.0460,0
105072,1.0221,-7.5017,6.2330,-11.4800,1.6800,-32.9700,-0.3926,0.0574,-1.1274,0
105111,0.9120,-6.8099,6.2857,-16.8000,3.1500,-26.4600,-0.5745,0.1077,-0.9048,0
105150,1.5918,-7.4658,5.6059,-15.7500,-3.4300,-31.5000,-0.5386,-0.1173,-1.0771,0
105189,1.9556,-7.5735,6.6041,-18.2000,-4.6900,-40.8800,-0.6223,-0.1604,-1.3979,0
105228,1.6995,-7.1522,6.4102,-7.5600,0.7700,-38.9200,-0.2585,0.0263,-1.3309,0
105267,1.1609,-6.0415,6.5466,-12.8100,-4.1300,-46.2700,-0.4380,-0.1412,-1.5822,0
105306,1.8287,-6.3216,5.9889,-27.7200,-14.6300,-51.0300,-0.9479,-0.5003,-1.7450,0
105345,2.4487,-7.3772,5.9937,-33.3900,-19.1800,-60.2000,-1.1418,-0.6559,-2.0585,0
105384,2.3170,-8.2126,6.1780,-38.7100,-25.0600,-72.3100,-1.3237,-0.8569,-2.4726,0
105423,2.9226,-9.3256,5.7064,-22.1200,-30.3800,-87.7100,-0.7564,-1.0388,-2.9992,0
105462,2.1495,-8.5357,4.4665,-3.7800,-31.6400,-96.1100,-0.1293,-1.0819,-3.2865,0
105501,2.0920,-7.1091,4.1721,0.2800,-46.1300,-103.6000,0.0096,-1.5774,-3.5426,0
105540,3.7724,-6.2665,4.1769,-3.3600,-65.9400,-110.1100,-0.1149,-2.2548,-3.7652,0
105579,8.9426,-7.3700,4.0524,6.3000,-85.0500,-115.5000,0.2154,-2.9083,-3.9495,0
105618,10.5057,-6.6783,3.7269,-2.5200,-63.2800,-94.4300,-0.0862,-2.1639,-3.2290,0
105657,9.3831,-7.1091,4.9309,3.5700,-60.7600,-70.9100,0.1221,-2.0777,-2.4248,0
105696,12.0735,-4.9453,4.6149,-34.0200,-72.4500,-66.0800,-1.1633,-2.4774,-2.2596,0
105735,11.4440,-5.4527,2.6354,-45.0100,-58.1000,-64.6800,-1.5391,-1.9867,-2.2117,0
105774,9.0312,-4.6820,2.6306,-28.4900,-49.9800,-57.2600,-0.9742,-1.7091,-1.9580,0
105813,7.9062,-4.1123,0.5529,-27.3700,-53.6200,-43.1200,-0.9359,-1.8335,-1.4745,0
105852,10.0198,-3.7077,1.0341,-14.6300,-69.0200,-36.0500,-0.5003,-2.3601,-1.2327,0
105891,12.4326,-3.2530,0.5194,-11.6900,-43.8200,-44.1700,-0.3997,-1.4984,-1.5104,0
105930,9.2921,-3.1309,0.7301,-3.0800,-12.6000,-51.2400,-0.1053,-0.4309,-1.7521,0
105969,8.6913,-2.9155,0.8641,-4.9000,-21.4900,-45.7100,-0.1676,-0.7348,-1.5630,0
106008,9.4453,-3.2171,0.0742,-7.8400,-26.3200,-37.5900,-0.2681,-0.9000,-1.2854,0
106047,9.7541,-3.1476,-0.0981,-4.6900,-23.5200,-36.4000,-0.1604,-0.8043,-1.2447,0
106086,9.5291,-2.7072,0.1293,-5.3900,-17.2900,-29.6800,-0.1843,-0.5912,-1.0149,0
106125,8.8206,-1.9293,-0.0287,-8.2600,-15.7500,-29.8900,-0.2824,-0.5386,-1.0221,0
106164,8.7727,-1.1968,-0.2681,-17.7100,-16.1000,-22.5400,-0.6056,-0.5505,-0.7708,0
106203,8.7344,-1.4170,-0.0766,-31.2900,-7.8400,-16.6600,-1.0700,-0.2681,-0.5697,0
106242,8.9905,-0.9072,0.6176,-44.8000,-4.2000,-9.8000,-1.5319,-0.1436,-0.3351,0
106281,9.2490,-0.8258,0.6870,-53.9000,6.6500,-6.0900,-1.8431,0.2274,-0.2082,0
106320,9.4214,0.0072,1.7019,-62.0200,6.1600,7.1400,-2.1208,0.2106,0.2442,0
106359,9.6033,0.4524,0.7348,-74.4100,19.8100,12.6700,-2.5444,0.6774,0.4332,0
106398,8.4352,-1.4865,-0.0910,-83.8600,28.7000,6.7900,-2.8676,0.9814,0.2322,0
106437,7.6190,-2.1064,0.3638,-76.9300,25.1300,0.3500,-2.6306,0.8593,0.0120,0
106476,7.8416,-2.0131,0.6654,-70.6300,21.3500,8.7500,-2.4152,0.7301,0.2992,0
106515,9.2418,-2.2045,0.8091,-68.8100,16.1700,14.0000,-2.3529,0.5529,0.4787,0
106554,9.1796,-2.3889,-0.0838,-41.0900,2.6600,-0.7700,-1.4051,0.0910,-0.0263,0
106593,8.8613,-2.8293,0.6128,-39.4800,3.9900,-6.1600,-1.3500,0.1364,-0.2106,0
106632,8.6793,-2.8556,0.7540,-31.1500,10.1500,-14.1400,-1.0652,0.3471,-0.4835,0
106671,8.9355,-2.9035,1.0580,-29.6100,14.5600,-15.4700,-1.0125,0.4979,-0.5290,0
106710,9.1868,-3.1668,0.3614,-25.4100,12.6000,-15.3300,-0.8689,0.4309,-0.5242,0
106749,11.1735,-2.1184,2.7240,-72.0300,14.0700,-6.6500,-2.4631,0.4811,-0.2274,0
106788,10.7570,-0.5697,0.8473,-56.3500,-15.0500,2.7300,-1.9269,-0.5146,0.0934,0
106827,10.0461,-2.7862,0.3207,-59.1500,-20.1600,-10.7800,-2.0226,-0.6894,-0.3686,0
106866,11.5996,-2.8053,1.5750,-102.2000,-18.9000,-21.6300,-3.4947,-0.6463,-0.7396,0
106905,10.6325,-0.7588,-0.2537,-59.1500,-16.5900,-23.9400,-2.0226,-0.5673,-0.8186,0
106944,9.9288,0.6846,0.2418,-54.1100,0.4900,-29.4700,-1.8503,0.0168,-1.0077,0
106983,9.4668,0.6343,-0.6870,-55.7900,5.8100,-29.8200,-1.9077,0.1987,-1.0197,0
107022,9.2514,0.3160,-0.7923,-78.1200,-5.9500,-26.6700,-2.6713,-0.2035,-0.9120,0
107061,9.2562,0.2801,-0.9503,-94.1500,-3.4300,-20.5800,-3.2194,-0.1173,-0.7037,0
107100,9.6081,0.2944,-1.1083,-103.4600,-11.5500,-19.6700,-3.5378,-0.3950,-0.6726,0
107139,9.8211,-0.0910,-0.9575,-102.2700,-10.9900,-21.0700,-3.4971,-0.3758,-0.7205,0
107178,9.9097,-0.5840,-0.6535,-92.9600,0.9100,-18.5500,-3.1788,0.0311,-0.6343,0
107217,9.8211,-0.1125,-0.7947,-82.1800,17.0100,-13.9300,-2.8101,0.5817,-0.4763,0
107256,9.5865,0.1388,-0.4524,-78.1200,22.4000,-8.5400,-2.6713,0.7660,-0.2920,0
107295,9.4860,-0.0957,-0.8210,-62.3000,17.4300,-2.5900,-2.1303,0.5960,-0.0886,0
107334,9.6895,-1.1226,-0.3614,-54.9500,17.4300,-1.5400,-1.8790,0.5960,-0.0527,0
107373,9.8857,-1.7306,-1.4649,-43.8900,22.4700,4.9000,-1.5008,0.7684,0.1676,0
107412,10.0629,-0.9670,-0.5673,-42.0700,29.7500,17.9200,-1.4386,1.0173,0.6128,0
107451,10.6972,-1.7641,-0.5410,-53.1300,17.0800,13.8600,-1.8168,0.5840,0.4739,0
107490,9.8379,-3.2817,0.3303,-30.3100,2.3800,15.4000,-1.0364,0.0814,0.5266,0
107529,10.7474,-1.7043,2.6641,-24.7800,-11.9000,39.9000,-0.8473,-0.4069,1.3644,0
107568,10.7905,1.6325,0.3279,-12.1800,-41.1600,50.6100,-0.4165,-1.4075,1.7306,0
107607,11.9203,-1.2950,0.4572,-18.0600,-16.0300,52.7800,-0.6176,-0.5481,1.8048,0
107646,11.5852,-1.8718,4.0668,-32.4100,-19.6000,39.5500,-1.1083,-0.6702,1.3524,0
107685,9.9791,-2.0801,1.6636,-2.3800,-23.1700,13.6500,-0.0814,-0.7923,0.4668,0
107724,8.7966,-1.2136,-0.3950,24.2900,-1.4700,7.5600,0.8306,-0.0503,0.2585,0
107763,8.6410,-1.1968,-0.3064,29.6100,5.4600,18.3400,1.0125,0.1867,0.6271,0
107802,7.3868,-2.0561,0.0574,23.2400,7.0700,15.2600,0.7947,0.2418,0.5218,0
107841,7.3748,-2.4272,-0.4955,30.3100,-3.7100,1.3300,1.0364,-0.1269,0.0455,0
107880,8.0402,-2.1878,-1.0245,20.0900,-10.4300,-10.8500,0.6870,-0.3567,-0.3710,0
107919,9.9432,-3.8585,-0.0718,20.8600,-13.3000,-19.5300,0.7133,-0.4548,-0.6678,0
107958,10.7762,-2.4774,0.9024,30.2400,-8.8900,-15.5400,1.0341,-0.3040,-0.5314,0
107997,9.0432,-2.3529,0.6678,69.8600,-28.2800,-3.4300,2.3889,-0.9670,-0.1173,0
108036,13.3039,-2.3697,0.6702,-0.1400,-46.2000,22.4700,-0.0048,-1.5798,0.7684,0
108075,13.8233,1.7282,-3.0327,-13.8600,22.4000,38.5700,-0.4739,0.7660,1.3189,0
108114,10.9174,-0.0048,0.8665,-51.8000,1.9600,-14.5600,-1.7713,0.0670,-0.4979,0
108153,10.2161,0.2274,0.8378,-36.9600,23.6600,-36.8200,-1.2638,0.8091,-1.2591,0
108192,10.3621,0.2082,-0.5625,6.1600,20.0200,-35.7000,0.2106,0.6846,-1.2208,0
108231,8.4041,1.3093,-1.0652,8.2600,3.4300,-31.9900,0.2824,0.1173,-1.0939,0
108270,9.2801,0.9742,-0.2513,-16.3100,10.7100,-25.7600,-0.5577,0.3662,-0.8809,0
108309,9.1676,0.4859,-0.1101,-26.8100,16.5900,-21.2100,-0.9168,0.5673,-0.7253,0
108348,9.5937,-0.3734,0.2633,-30.0300,6.9300,-27.2300,-1.0269,0.2370,-0.9311,0
108387,9.6105,-1.1777,-0.2489,-22.6100,3.5000,-18.6200,-0.7731,0.1197,-0.6367,0
108426,9.3160,-1.7426,-0.3471,-10.8500,17.4300,-8.4000,-0.3710,0.5960,-0.2872,0
108465,9.7517,-1.4553,-0.3638,-1.6100,38.8500,0.9800,-0.0551,1.3285,0.0335,0
108504,10.0988,-0.6583,-0.5529,4.3400,45.2200,16.1000,0.1484,1.5463,0.5505,0
108543,10.6637,0.2465,-1.3021,2.1000,49.2800,15.4700,0.0718,1.6851,0.5290,0
108582,10.0341,-0.6487,-1.6612,2.1700,33.6700,-5.4600,0.0742,1.1513,-0.1867,0
108621,8.8852,-0.5290,-0.9431,-11.7600,12.8800,-4.7600,-0.4021,0.4404,-0.1628,0
108660,11.5254,0.4189,3.1189,-21.0000,-7.4900,17.3600,-0.7181,-0.2561,0.5936,0
108699,11.5876,0.8019,1.7091,1.1200,-49.2800,21.0000,0.0383,-1.6851,0.7181,0
108738,10.1251,-0.5481,2.8987,25.7600,-65.3100,8.5400,0.8809,-2.2333,0.2920,0
108777,9.9528,-1.9269,3.7293,7.0000,-38.6400,15.9600,0.2394,-1.3213,0.5457,0
108816,10.0294,-0.6894,1.8287,16.1700,-32.4100,15.8200,0.5529,-1.1083,0.5410,0
108855,9.2706,-0.0622,0.5003,34.7200,-14.3500,8.1900,1.1872,-0.4907,0.2801,0
108894,9.5817,-0.2178,0.3279,27.9300,-6.0200,9.1700,0.9551,-0.2059,0.3136,0
108933,9.0432,-0.8306,0.0024,18.7600,-2.4500,5.4600,0.6415,-0.0838,0.1867,0
108972,8.4711,-1.4338,0.0431,6.8600,0.8400,4.9700,0.2346,0.0287,0.1699,0
109011,8.3131,-1.4099,-0.4668,11.5500,-2.2400,4.6900,0.3950,-0.0766,0.1604,0
109050,8.2844,-0.9120,-0.4069,10.1500,-11.4800,-15.1200,0.3471,-0.3926,-0.5170,0
109089,9.5219,-1.0771,-0.5577,1.2600,-20.0900,-27.7200,0.0431,-0.6870,-0.9479,0
109128,10.3956,-1.1920,-0.2944,-9.4500,-6.3700,-26.4600,-0.3231,-0.2178,-0.9048,0
109167,9.3256,-1.6660,-1.1825,-5.8100,-24.7800,-3.5700,-0.1987,-0.8473,-0.1221,0
109206,10.7115,-4.2990,0.0910,-52.7800,-12.8100,38.4300,-1.8048,-0.4380,1.3141,0
109245,11.8629,-1.8886,-0.2178,-39.2000,-32.1300,42.0700,-1.3404,-1.0987,1.4386,0
109284,10.6397,-2.0083,3.9710,-57.7500,-13.6500,-13.1600,-1.9748,-0.4668,-0.4500,0
109323,10.4626,1.0532,1.5008,-4.1300,27.9300,-16.5900,-0.1412,0.9551,-0.5673,0
109362,10.2137,2.3577,0.0191,25.4800,31.9200,-17.0800,0.8713,1.0915,-0.5840,0
109401,9.3208,3.2817,0.3207,-26.4600,14.7700,-31.8500,-0.9048,0.5051,-1.0891,0
109440,8.5716,3.4277,-0.1245,-76.6500,7.4200,-37.2400,-2.6210,0.2537,-1.2734,0
109479,8.9618,1.7617,-0.4141,-105.9100,15.4000,-24.7100,-3.6216,0.5266,-0.8450,0
109518,10.3716,1.7162,-0.5697,-132.8600,23.7300,-15.7500,-4.5431,0.8114,-0.5386,0
109557,9.8259,0.3686,-0.5362,-132.7200,26.3200,-19.1100,-4.5383,0.9000,-0.6535,0
109596,9.4908,-0.2848,-0.0957,-108.0800,18.9700,-10.0800,-3.6958,0.6487,-0.3447,0
109635,9.9575,-1.0269,-0.7348,-78.9600,27.0900,-2.0300,-2.7000,0.9263,-0.0694,0
109674,9.9360,-0.0215,-0.0407,-79.8000,39.7600,4.9700,-2.7287,1.3596,0.1699,0
109713,10.1203,0.7109,0.3495,-86.0300,33.9500,8.0500,-2.9418,1.1609,0.2753,0
109752,9.7134,-0.3782,1.2112,-80.6400,28.2100,9.0300,-2.7575,0.9646,0.3088,0
109791,10.6876,0.1987,2.0346,-108.9200,-4.4100,26.6000,-3.7245,-0.1508,0.9096,0
109830,10.4435,-0.3567,-0.9455,-89.7400,-17.0800,38.2200,-3.0686,-0.5840,1.3069,0
109869,10.0006,-0.4931,0.2106,-76.4400,-50.2600,32.9000,-2.6139,-1.7186,1.1250,0
109908,8.9139,-1.1657,2.7886,-94.5700,-50.1900,25.4100,-3.2338,-1.7162,0.8689,0
109947,9.0384,-2.4654,2.9107,-85.8200,-35.9100,16.6600,-2.9346,-1.2279,0.5697,0
109986,10.5536,-3.6048,2.1567,-64.1900,-19.1100,11.6900,-2.1950,-0.6535,0.3997,0
110025,8.7057,-2.6282,1.1083,-46.2000,-6.3700,-1.8200,-1.5798,-0.2178,-0.0622,0
110064,8.3514,-1.9604,0.5218,-27.5800,6.3700,11.3400,-0.9431,0.2178,0.3878,0
110103,9.0791,-2.8580,0.5194,-24.3600,9.6600,-6.3000,-0.8330,0.3303,-0.2154,0
110142,7.4394,-1.8766,-0.1867,-21.6300,-3.7800,-35.6300,-0.7396,-0.1293,-1.2184,0
110181,8.6482,-0.0551,-2.1830,-22.6800,-25.9000,-25.3400,-0.7755,-0.8856,-0.8665,0
110220,12.4254,-3.0950,-3.0088,-48.5100,-18.4800,-4.4800,-1.6588,-0.6319,-0.1532,0
110259,15.1613,-1.9508,2.7623,-155.5400,6.5800,20.2300,-5.3187,0.2250,0.6918,0
110298,8.9522,-0.5529,2.8149,-89.6000,-59.9900,-8.7500,-3.0639,-2.0513,-0.2992,0
110337,9.6990,-0.3902,1.8072,-55.1600,-12.3900,5.3900,-1.8862,-0.4237,0.1843,0
110376,11.5302,-0.3184,-0.2657,-15.5400,22.9600,6.4400,-0.5314,0.7851,0.2202,0
110415,10.9988,0.7301,-1.2662,-1.4700,38.0800,-5.4600,-0.0503,1.3021,-0.1867,0
110454,9.3304,1.8646,-0.1867,-55.2300,13.3000,-19.3900,-1.8886,0.4548,-0.6630,0
110493,9.0144,2.2404,-0.3854,-107.1000,26.8800,-16.1000,-3.6623,0.9192,-0.5505,0
110532,9.6296,0.8354,-0.3973,-144.3400,42.2100,-2.4500,-4.9357,1.4434,-0.0838,0
110571,10.1275,-0.9527,-0.0120,-114.7300,-17.2900,-6.9300,-3.9232,-0.5912,-0.2370,0
110610,9.2682,-1.0843,-0.6343,-106.3300,-21.2100,8.6800,-3.6359,-0.7253,0.2968,0
110649,7.5663,-0.2729,-1.3309,-111.5100,-19.6000,28.0700,-3.8131,-0.6702,0.9598,0
110688,7.5232,-1.4649,-1.4697,-106.2600,-16.8700,46.2700,-3.6335,-0.5769,1.5822,0
110727,10.7905,-0.7157,-1.3380,-103.7400,-18.7600,61.0400,-3.5474,-0.6415,2.0873,0
110766,11.0371,-0.4835,-1.4290,-95.2000,-28.9800,50.3300,-3.2554,-0.9910,1.7210,0
110805,10.6230,-0.9790,-1.6899,-102.2700,-18.5500,16.0300,-3.4971,-0.6343,0.5481,0
110844,11.0754,-2.9011,-1.3141,-106.6100,-20.3700,3.9200,-3.6455,-0.6965,0.1340,0
110883,10.7570,-3.5115,-0.1676,-85.8900,-18.6200,2.6600,-2.9370,-0.6367,0.0910,0
110922,10.0892,-2.5492,-0.0407,-66.6400,13.3000,6.5800,-2.2787,0.4548,0.2250,0
110961,9.4764,-2.4128,-1.0125,-60.6200,43.8900,11.5500,-2.0729,1.5008,0.3950,0
111000,10.1610,-2.4607,-0.7085,-56.0700,18.0600,-0.5600,-1.9173,0.6176,-0.0191,0
111039,9.7254,-3.3272,-0.7085,-40.6700,15.0500,-8.4000,-1.3907,0.5146,-0.2872,0
111078,9.0791,-3.4899,-0.8282,-14.1400,19.1800,0.9100,-0.4835,0.6559,0.0311,0
111117,9.1772,-2.7455,-0.8378,-2.3800,14.7000,9.1000,-0.0814,0.5027,0.3112,0
111156,9.5889,-2.3242,-0.6247,-16.6600,10.8500,4.6200,-0.5697,0.3710,0.1580,0
111195,9.9504,-2.1830,-0.4644,-16.9400,-7.0000,-2.9400,-0.5793,-0.2394,-0.1005,0
111234,9.3496,-2.0705,-0.4979,-11.4100,-6.0900,-0.6300,-0.3902,-0.2082,-0.0215,0
111273,9.5626,-1.9532,-0.6583,-7.2800,0.8400,4.6900,-0.2489,0.0287,0.1604,0
111312,10.0317,-1.8958,-0.8952,-9.1000,-0.6300,7.9800,-0.3112,-0.0215,0.2729,0
111351,9.9671,-1.8024,-0.6965,-8.4000,0.9100,6.3000,-0.2872,0.0311,0.2154,0
111390,9.7158,-1.7306,-0.5218,-7.3500,2.2400,3.2200,-0.2513,0.0766,0.1101,0
111429,9.7684,-1.7474,-0.6846,-7.4900,4.7600,2.5200,-0.2561,0.1628,0.0862,0
111468,9.8379,-1.7474,-0.5290,-7.2100,3.9200,2.4500,-0.2465,0.1340,0.0838,0
111507,9.7278,-1.7306,-0.5817,-1.9600,2.2400,1.4000,-0.0670,0.0766,0.0479,0
111546,9.8307,-1.6875,-0.6367,2.4500,1.3300,1.6100,0.0838,0.0455,0.0551,0
111585,9.9743,-1.6851,-0.6367,4.9000,-0.5600,2.5900,0.1676,-0.0191,0.0886,0
111624,9.8067,-1.6133,-0.7372,5.9500,0.6300,1.4000,0.2035,0.0215,0.0479,0
111663,9.8331,-1.5511,-0.6511,3.8500,1.1900,-0.4900,0.1317,0.0407,-0.0168,0
111702,9.8953,-1.5128,-0.5601,1.8200,3.0100,-0.2100,0.0622,0.1029,-0.0072,0
111741,9.7349,-1.4769,-0.6008,2.0300,4.2000,1.0500,0.0694,0.1436,0.0359,0
111780,9.8426,-1.5750,-0.5697,4.0600,0.0700,0.4900,0.1388,0.0024,0.0168,0
111819,9.7972,-1.4673,-0.4261,2.4500,-0.9800,0.4200,0.0838,-0.0335,0.0144,0
111858,9.7134,-1.5295,-0.4548,3.5700,-1.1900,0.8400,0.1221,-0.0407,0.0287,0
111897,10.0078,-1.5559,-0.6654,1.2600,-0.7700,1.7500,0.0431,-0.0263,0.0598,0
111936,10.1442,-1.5774,-0.6152,-0.9100,1.4700,2.0300,-0.0311,0.0503,0.0694,0
