timestamp_ms,waist_x,waist_y,waist_z,waist_gx,waist_gy,waist_gz,thigh_x,thigh_y,thigh_z,event_flag
413237,-9.4309,-1.7330,0.6295,-10.5700,1.8200,-4.2000,-0.3614,0.0622,-0.1436,0
413276,-9.8522,-1.3476,0.0359,-26.6700,-4.5500,4.4800,-0.9120,-0.1556,0.1532,0
413315,-9.7182,-1.7019,0.3351,-20.4400,0.9800,1.1900,-0.6989,0.0335,0.0407,0
413354,-9.7038,-1.7043,0.2202,-7.0700,3.9900,-18.2700,-0.2418,0.1364,-0.6247,0
413393,-9.7373,-1.8670,0.2537,-11.9700,2.8700,-15.4700,-0.4093,0.0981,-0.5290,0
413432,-9.8355,-1.7234,-0.1029,-32.7600,3.9900,-10.2200,-1.1202,0.1364,-0.3495,0
413471,-9.4740,-1.6684,0.1317,-27.1600,7.9100,-15.8200,-0.9287,0.2705,-0.5410,0
413510,-9.7278,-1.6396,0.0694,-23.4500,7.0700,-19.8100,-0.8019,0.2418,-0.6774,0
413549,-9.6344,-1.7282,0.0910,-36.3300,5.7400,-21.4900,-1.2423,0.1963,-0.7348,0
413588,-9.4453,-1.5894,0.3040,-36.4700,4.4100,-26.3200,-1.2471,0.1508,-0.9000,0
413627,-9.3424,-1.4266,0.0263,-50.1200,-3.5000,-25.2700,-1.7138,-0.1197,-0.8641,0
413666,-9.4501,-0.9598,-0.1149,-47.7400,-12.0400,-29.4000,-1.6325,-0.4117,-1.0053,0
413705,-9.8594,-0.7085,-0.2011,-25.7600,-12.0400,-31.1500,-0.8809,-0.4117,-1.0652,0
413744,-9.8379,-1.8503,-0.7301,-19.6700,-29.3300,-21.7700,-0.6726,-1.0029,-0.7444,0
413783,-12.7844,-3.9016,-0.3016,33.8800,-21.2100,3.5000,1.1585,-0.7253,0.1197,0
413822,-9.5099,-3.4421,-1.1178,-6.3700,-53.2700,30.1000,-0.2178,-1.8216,1.0293,0
413861,-7.1881,-6.5825,-2.4559,93.3100,-49.2800,8.7500,3.1907,-1.6851,0.2992,0
413900,-8.1839,-3.8466,-0.4787,-7.4900,-0.9100,3.4300,-0.2561,-0.0311,0.1173,0
413939,-10.5129,-3.6575,-0.2848,-92.2600,1.0500,41.5800,-3.1548,0.0359,1.4218,0
413978,-8.9091,-3.6335,0.1987,-31.3600,-0.2800,-25.7600,-1.0724,-0.0096,-0.8809,0
414017,-7.4777,-3.8083,2.2548,72.2400,1.1200,-64.3300,2.4702,0.0383,-2.1998,0
414056,-8.7033,-5.3330,-0.8306,-33.5300,-6.5100,-18.4100,-1.1466,-0.2226,-0.6295,0
414095,-8.6243,-4.4426,0.4380,-56.0700,-16.1000,-9.0300,-1.9173,-0.5505,-0.3088,0
414134,-7.4418,-4.2296,2.4942,9.0300,-12.0400,-9.1700,0.3088,-0.4117,-0.3136,0
414173,-8.9594,-3.2458,-0.5338,-55.6500,-25.4100,37.3100,-1.9029,-0.8689,1.2758,0
414212,-9.3903,-3.1405,-0.7037,18.7600,-0.1400,40.4600,0.6415,-0.0048,1.3835,0
414251,-11.4607,-3.0806,-2.2309,-97.0900,47.4600,68.1800,-3.3200,1.6229,2.3314,0
414290,-9.2107,-2.5037,-1.0388,-43.5400,18.8300,5.8800,-1.4888,0.6439,0.2011,0
414329,-7.9373,-2.7096,-0.2633,135.7300,-0.3500,-67.7600,4.6413,-0.0120,-2.3170,0
414368,-7.3221,-3.2147,0.2274,71.4000,3.2900,-50.0500,2.4415,0.1125,-1.7115,0
414407,-8.0354,-3.3846,1.8287,18.2000,-4.0600,-33.8800,0.6223,-0.1388,-1.1585,0
414446,-9.6368,-4.7801,-0.3136,57.4700,-8.2600,-29.0500,1.9652,-0.2824,-0.9934,0
414485,-8.9762,-3.9471,0.1317,16.2400,-10.5000,-4.3400,0.5553,-0.3590,-0.1484,0
414524,-8.1288,-3.4923,1.1489,27.0200,18.2000,24.5000,0.9239,0.6223,0.8378,0
414563,-8.6865,-2.3051,0.2920,11.9000,31.7800,58.2400,0.4069,1.0867,1.9915,0
414602,-8.0426,-5.1679,1.0724,94.2200,13.2300,44.8000,3.2218,0.4524,1.5319,0
414641,-9.0144,-4.1769,0.2394,45.2200,12.7400,-16.7300,1.5463,0.4356,-0.5721,0
414680,-12.5235,-4.9907,-0.3351,13.5800,-7.3500,-7.3500,0.4644,-0.2513,-0.2513,0
414719,-12.0161,-3.8083,-0.2585,35.5600,-9.8700,-10.6400,1.2160,-0.3375,-0.3638,0
414758,-11.2310,-2.4487,0.4309,-4.2700,-30.7300,4.9000,-0.1460,-1.0508,0.1676,0
414797,-8.9833,1.2136,-0.2681,-56.1400,-7.5600,12.4600,-1.9197,-0.2585,0.4261,0
414836,-6.9416,-1.5774,4.1506,143.7100,31.7800,6.0900,4.9141,1.0867,0.2082,0
414875,-9.9216,-4.9979,0.8138,36.5400,53.3400,1.3300,1.2495,1.8240,0.0455,0
414914,-9.6631,-1.6708,1.9006,-62.7200,-15.5400,-30.5900,-2.1447,-0.5314,-1.0460,0
414953,-10.1323,-1.1825,1.6995,5.9500,-13.4400,-15.2600,0.2035,-0.4596,-0.5218,0
414992,-9.7565,-1.9269,1.1083,38.1500,12.8800,23.0300,1.3045,0.4404,0.7875,0
415031,-8.2485,-3.1620,2.3936,47.9500,11.4100,11.7600,1.6396,0.3902,0.4021,0
415070,-9.0767,-2.7503,1.8383,10.0100,11.6900,21.7700,0.3423,0.3997,0.7444,0
415109,-9.7613,-1.9317,0.4309,0.4900,2.7300,20.8600,0.0168,0.0934,0.7133,0
415148,-9.3615,-1.7138,0.5338,8.4700,2.1700,9.9400,0.2896,0.0742,0.3399,0
415187,-8.7727,-1.9125,0.9886,-12.2500,-7.2100,9.4500,-0.4189,-0.2465,0.3231,0
415226,-9.2682,-1.2208,0.6200,-5.9500,-1.2600,3.5000,-0.2035,-0.0431,0.1197,0
415265,-9.3926,-2.1950,1.1992,6.7200,-3.2900,-4.3400,0.2298,-0.1125,-0.1484,0
415304,-10.1299,-2.3266,0.8689,-19.9500,-8.1900,0.7700,-0.6822,-0.2801,0.0263,0
415343,-9.9025,-1.9460,0.2059,-25.4800,-9.0300,4.4100,-0.8713,-0.3088,0.1508,0
415382,-9.4740,-1.7521,1.1250,-8.8900,-3.2200,-0.6300,-0.3040,-0.1101,-0.0215,0
415421,-9.3232,-2.0657,1.1825,-13.4400,-7.2100,5.3900,-0.4596,-0.2465,0.1843,0
415460,-9.0647,-2.3506,1.2830,-20.2300,-11.9700,6.1600,-0.6918,-0.4093,0.2106,0
415499,-9.9025,-2.5253,0.7229,-20.5800,6.3000,6.7900,-0.7037,0.2154,0.2322,0
415538,-9.4884,-2.3051,1.2686,-36.4700,-4.2000,0.7700,-1.2471,-0.1436,0.0263,0
415577,-8.9570,-2.3841,1.4075,-42.0700,-5.3900,-1.6800,-1.4386,-0.1843,-0.0574,0
415616,-9.5434,-2.6569,1.3237,-47.7400,7.0700,-5.8800,-1.6325,0.2418,-0.2011,0
415655,-9.7086,-2.3865,1.0341,-58.0300,-10.5000,-17.5700,-1.9843,-0.3590,-0.6008,0
415694,-9.5793,-1.9101,1.0604,-70.2800,-11.5500,-9.0300,-2.4032,-0.3950,-0.3088,0
415733,-9.7110,-1.8072,1.1250,-66.2200,-8.1900,-7.0000,-2.2644,-0.2801,-0.2394,0
415772,-9.8762,-1.9388,0.6583,-71.4000,-4.9000,-7.4900,-2.4415,-0.1676,-0.2561,0
415811,-9.6416,-1.5511,0.6511,-68.5300,-3.6400,-20.6500,-2.3434,-0.1245,-0.7061,0
415850,-9.7493,-1.6875,0.3902,-50.0500,5.8100,-30.8700,-1.7115,0.1987,-1.0556,0
415889,-9.2538,-1.6612,0.7468,-42.1400,13.7200,-38.5700,-1.4410,0.4692,-1.3189,0
415928,-9.4597,-1.6612,0.9910,-63.4200,10.7100,-26.8800,-2.1686,0.3662,-0.9192,0
415967,-9.1293,-2.4631,0.9958,-34.2300,3.7100,-18.6200,-1.1705,0.1269,-0.6367,0
416006,-9.3041,-2.1327,0.2896,-49.2800,-0.2100,-31.5700,-1.6851,-0.0072,-1.0795,0
416045,-9.6990,-2.1351,0.0957,-24.2200,4.8300,-33.6000,-0.8282,0.1652,-1.1489,0
416084,-8.1886,-1.6133,-0.2777,-28.9800,-18.6200,-32.5500,-0.9910,-0.6367,-1.1130,0
416123,-9.1820,-2.9657,0.3231,11.9700,0.1400,7.7000,0.4093,0.0048,0.2633,0
416162,-11.0443,-3.6072,0.4500,-86.5900,-46.2000,98.5600,-2.9609,-1.5798,3.3702,0
416201,-9.8259,-6.1181,-0.5553,66.5000,-125.5800,30.1000,2.2740,-4.2942,1.0293,0
416240,-9.4860,-7.0828,0.0646,50.9600,-136.9200,18.8300,1.7426,-4.6820,0.6439,0
416279,-9.3926,-7.6956,1.0197,-56.4200,-81.4800,18.2700,-1.9293,-2.7862,0.6247,0
416318,-9.0073,-4.4498,1.6325,-124.8800,-40.0400,-21.1400,-4.2703,-1.3692,-0.7229,0
416357,-8.9977,-4.0644,3.2099,-105.0000,-36.1200,-51.3100,-3.5905,-1.2351,-1.7545,0
416396,-7.1259,-3.3942,4.6197,-106.0500,-75.8100,-54.1100,-3.6264,-2.5923,-1.8503,0
416435,-8.6075,-3.0160,1.4051,-118.7200,-33.3200,20.7200,-4.0596,-1.1394,0.7085,0
416474,-6.9990,-3.8729,2.5133,-47.8800,-43.2600,21.6300,-1.6372,-1.4793,0.7396,0
416513,-6.4126,-4.1601,3.9591,-39.4800,-29.0500,34.1600,-1.3500,-0.9934,1.1681,0
416552,-7.0301,-3.4277,3.2147,-89.1800,-21.0000,45.0800,-3.0495,-0.7181,1.5415,0
416591,-8.3586,-1.8718,2.5061,-99.8200,0.7700,82.3200,-3.4133,0.0263,2.8149,0
416630,-8.7966,-5.3282,2.5492,-0.2100,2.4500,54.3900,-0.0072,0.0838,1.8599,0
416669,-9.5339,-4.1793,2.3386,-51.1000,-21.1400,33.0400,-1.7474,-0.7229,1.1298,0
416708,-9.6942,-4.3947,2.8317,-2.5200,-29.9600,10.3600,-0.0862,-1.0245,0.3543,0
416747,-8.4208,-4.8974,3.4229,-4.2700,-19.1100,-1.1900,-0.1460,-0.6535,-0.0407,0
416786,-7.4107,-3.7532,4.3062,-0.5600,1.4700,7.1400,-0.0191,0.0503,0.2442,0
416825,-13.1363,-3.9304,4.2152,-39.9700,-6.4400,70.1400,-1.3668,-0.2202,2.3984,0
416864,-9.8522,-1.1849,1.7138,104.1600,-16.6600,-13.5800,3.5617,-0.5697,-0.4644,0
416903,-11.7336,-1.3596,0.9886,-120.7500,-0.2800,39.2000,-4.1290,-0.0096,1.3404,0
416942,-12.5762,-4.7083,-4.9453,84.1400,30.3800,-0.7000,2.8772,1.0388,-0.0239,0
416981,-7.8487,-1.6205,1.7402,-102.4100,33.2500,-9.8700,-3.5019,1.1370,-0.3375,0
417020,-7.3389,-1.0269,3.1716,-38.9900,68.1100,-0.5600,-1.3333,2.3290,-0.0191,0
417059,-9.0934,-0.2992,-0.0311,-64.7500,86.2400,5.4600,-2.2141,2.9490,0.1867,0
417098,-9.3974,-0.1580,-0.2489,16.1000,82.9500,0.0000,0.5505,2.8365,0.0000,0
417137,-9.4932,-3.1333,0.7325,43.1200,63.2800,13.7900,1.4745,2.1639,0.4715,0
417176,-9.0192,-1.9125,0.7444,-6.3000,23.7300,22.8200,-0.2154,0.8114,0.7803,0
417215,-7.5735,-2.6306,0.3782,25.5500,8.4700,24.2200,0.8737,0.2896,0.8282,0
417254,-8.2317,-1.8551,1.3213,-14.4200,41.6500,43.5400,-0.4931,1.4242,1.4888,0
417293,-9.1317,-3.2865,1.0724,-10.2200,57.8200,3.3600,-0.3495,1.9771,0.1149,0
417332,-10.0437,-1.3069,0.1460,22.2600,45.5700,8.0500,0.7612,1.5583,0.2753,0
417371,-8.8182,-3.8777,-0.1484,20.8600,16.8000,22.7500,0.7133,0.5745,0.7779,0
417410,-12.5139,-2.4415,-0.0670,26.8800,6.7200,33.8100,0.9192,0.2298,1.1561,0
417449,-13.8281,0.2226,-4.1841,-15.1900,-70.2100,2.1000,-0.5194,-2.4008,0.0718,0
417488,-9.1246,0.7923,-0.0263,140.2100,-95.1300,-66.5700,4.7945,-3.2530,-2.2764,0
417527,-5.1487,-0.0072,2.3865,123.5500,-199.4300,-33.2500,4.2248,-6.8195,-1.1370,0
417566,-16.0350,-10.5416,-2.6067,98.2100,-31.2200,54.5300,3.3583,-1.0676,1.8646,0
417605,-11.0490,-5.3498,-0.7540,167.8600,-76.4400,-81.8300,5.7399,-2.6139,-2.7982,0
417644,-8.0067,-1.6037,2.4200,-55.5800,-29.2600,-33.0400,-1.9006,-1.0005,-1.1298,0
417683,-7.1953,-3.9375,2.4607,-31.9200,-9.1000,-31.0100,-1.0915,-0.3112,-1.0604,0
417722,-6.8219,-5.0266,2.9681,131.1100,-15.0500,-70.8400,4.4833,-0.5146,-2.4224,0
417761,-7.0277,-2.0705,1.3165,-93.6600,-3.0100,-15.3300,-3.2027,-0.1029,-0.5242,0
417800,-7.1019,-2.5061,1.9748,-15.1200,26.8100,7.7000,-0.5170,0.9168,0.2633,0
417839,-7.0469,-4.5958,2.7814,49.9800,42.8400,14.0000,1.7091,1.4649,0.4787,0
417878,-8.1599,-3.1309,2.9538,-40.7400,44.7300,43.6100,-1.3931,1.5295,1.4912,0
417917,-9.2777,-4.2224,4.3157,-58.5900,33.7400,96.4600,-2.0035,1.1537,3.2984,0
417956,-9.9408,-3.0806,1.5894,67.2000,12.5300,1.5400,2.2979,0.4285,0.0527,0
417995,-8.5118,-3.8609,6.3767,63.5600,-74.2000,74.6200,2.1734,-2.5373,2.5516,0
418034,-13.2392,-7.2551,8.0211,53.5500,-70.0700,99.2600,1.8311,-2.3960,3.3942,0
418073,-14.4696,-2.1136,-4.6532,-38.2900,-46.2700,-33.3900,-1.3093,-1.5822,-1.1418,0
418112,-11.6187,-0.9742,1.8072,-9.6600,12.4600,-35.8400,-0.3303,0.4261,-1.2255,0
418151,-9.7756,-1.0053,-0.9694,-28.1400,55.7900,-30.7300,-0.9622,1.9077,-1.0508,0
418190,-8.6386,-2.8101,0.9263,-106.4000,39.2700,-17.8500,-3.6383,1.3428,-0.6104,0
418229,-7.9086,1.0412,1.6755,-193.4800,61.5300,-46.3400,-6.6160,2.1040,-1.5846,0
418268,-8.7129,1.4529,-0.9670,-12.8800,100.6600,-79.8000,-0.4404,3.4421,-2.7287,0
418307,-9.2730,0.0311,-0.7133,38.5700,147.7700,-50.4700,1.3189,5.0530,-1.7258,0
418346,-9.1916,-1.4338,2.5708,48.5800,126.5600,14.4900,1.6612,4.3277,0.4955,0
418385,-7.8344,-3.0974,1.7785,58.5900,26.1800,44.9400,2.0035,0.8952,1.5367,0
418424,-8.6003,-4.2655,0.8306,26.1800,-19.3200,93.5200,0.8952,-0.6606,3.1979,0
418463,-9.6464,-5.8070,-4.2272,-31.2200,-30.6600,116.5500,-1.0676,-1.0484,3.9854,0
418502,-9.4836,-3.6024,-1.1681,-20.8600,4.4100,26.9500,-0.7133,0.1508,0.9216,0
418541,-10.4961,-1.7641,-1.0293,37.6600,36.5400,10.9900,1.2878,1.2495,0.3758,0
418580,-10.1419,1.5726,-0.4644,-42.5600,24.3600,18.8300,-1.4553,0.8330,0.6439,0
418619,-9.0264,-0.4189,0.4452,-33.6000,119.4200,7.9100,-1.1489,4.0835,0.2705,0
418658,-9.3520,-4.6748,1.8958,139.3000,97.3700,-38.9900,4.7633,3.3296,-1.3333,0
418697,-9.6823,-2.8676,-2.4966,-4.8300,15.5400,-37.1000,-0.1652,0.5314,-1.2686,0
418736,-11.1424,-1.5774,-3.3966,37.8700,-34.3700,-0.6300,1.2950,-1.1753,-0.0215,0
418775,-10.0820,-3.7389,-5.1511,104.7200,-121.2400,2.8000,3.5809,-4.1458,0.0957,0
418814,-8.3059,2.7862,1.7737,-86.7300,-248.5000,-43.4000,-2.9657,-8.4974,-1.4841,0
418853,-14.4719,3.4492,-8.0953,54.7400,-197.1200,38.7100,1.8718,-6.7405,1.3237,0
418892,-11.6786,-9.2179,-3.2410,38.8500,-19.8800,63.2800,1.3285,-0.6798,2.1639,0
418931,-8.6626,-3.5976,2.2955,113.1900,-56.2100,-27.0900,3.8705,-1.9221,-0.9263,0
418970,-6.7381,-8.3993,1.1681,5.9500,-15.2600,-44.5200,0.2035,-0.5218,-1.5224,0
419009,-8.0498,-3.4947,1.8216,102.2700,-24.4300,-96.6700,3.4971,-0.8354,-3.3056,0
419048,-6.7740,-3.5905,2.9992,9.3100,-17.2900,-72.5900,0.3184,-0.5912,-2.4822,0
419087,-7.7721,-1.4482,3.3894,-127.1900,23.6600,-32.6200,-4.3492,0.8091,-1.1154,0
419126,-7.0756,-2.8556,2.3314,54.5300,41.6500,6.4400,1.8646,1.4242,0.2202,0
419165,-8.3323,-6.0056,2.4583,28.5600,79.3100,69.5800,0.9766,2.7120,2.3793,0
419204,-9.3232,-4.2248,3.3128,-114.1700,5.7400,84.4200,-3.9040,0.1963,2.8867,0
419243,-9.8043,-2.0154,-2.6593,257.3900,57.0500,-48.0900,8.8014,1.9508,-1.6444,0
419282,-7.3485,6.8314,12.7054,33.2500,-60.1300,193.9700,1.1370,-2.0561,6.6328,0
419321,-17.5382,-15.5012,10.8336,159.3200,-56.2100,265.0200,5.4479,-1.9221,9.0623,0
419360,-14.2948,-3.1141,-3.8873,19.9500,-84.0000,-78.1900,0.6822,-2.8724,-2.6737,0
419399,-10.0126,0.6511,0.5146,-0.1400,14.0000,-77.6300,-0.0048,0.4787,-2.6545,0
419438,-10.1323,-3.0758,0.2322,-40.8800,72.8700,-38.7800,-1.3979,2.4918,-1.3261,0
419477,-8.6027,-4.5072,-0.0287,-4.9000,25.4800,-96.3200,-0.1676,0.8713,-3.2936,0
419516,-9.9336,0.5793,1.8072,-252.0700,50.8900,-78.1900,-8.6195,1.7402,-2.6737,0
419555,-7.9995,1.9269,-0.6894,58.1000,61.7400,-77.5600,1.9867,2.1112,-2.6522,0
419594,-8.2652,-1.0005,0.9216,58.1700,109.8300,-43.2600,1.9891,3.7556,-1.4793,0
419633,-9.3759,-1.5990,0.9503,-29.4700,91.0000,49.5600,-1.0077,3.1117,1.6947,0
419672,-9.1078,-4.9381,-0.4644,53.5500,47.1100,46.1300,1.8311,1.6109,1.5774,0
419711,-8.4280,-4.3947,0.0431,68.4600,60.2000,23.4500,2.3410,2.0585,0.8019,0
419750,-10.4626,-3.4636,-1.4122,-20.7900,91.0000,40.6000,-0.7109,3.1117,1.3883,0
419789,-7.6261,-5.6274,1.3907,87.0800,58.8000,62.5100,2.9777,2.0107,2.1375,0
419828,-9.1676,-1.2447,-1.5822,-15.0500,30.6600,31.0100,-0.5146,1.0484,1.0604,0
419867,-11.6427,-2.1136,-3.5139,27.0200,6.5100,69.9300,0.9239,0.2226,2.3912,0
419906,-10.1610,-0.0910,0.4739,11.2000,43.2600,42.2800,0.3830,1.4793,1.4458,0
419945,-9.0599,-0.1436,1.7952,61.0400,18.8300,-15.1900,2.0873,0.6439,-0.5194,0
419984,-10.3214,-2.8963,-0.0766,196.6300,3.6400,-36.3300,6.7237,0.1245,-1.2423,0
420023,-12.9735,-3.4875,-2.7096,77.4200,-61.8100,32.8300,2.6474,-2.1136,1.1226,0
420062,-7.3940,0.2609,-1.6995,212.4500,-143.5700,-15.2600,7.2647,-4.9094,-0.5218,0
420101,-5.3354,-3.3655,1.3596,206.0100,-178.4300,13.2300,7.0445,-6.1014,0.4524,0
420140,-15.6831,-7.3724,-6.6495,9.4500,-104.2300,50.8900,0.3231,-3.5641,1.7402,0
420179,-11.4392,-3.3343,-1.0460,95.0600,-31.3600,-55.6500,3.2506,-1.0724,-1.9029,0
420218,-6.1229,-5.4240,4.0429,94.2900,-10.2900,-59.0800,3.2242,-0.3519,-2.0202,0
420257,-7.5974,-1.8910,0.9144,-63.0000,16.2400,-42.0000,-2.1543,0.5553,-1.4362,0
420296,-7.3293,-4.1195,2.1471,89.1100,4.5500,-64.0500,3.0471,0.1556,-2.1902,0
420335,-6.8506,-4.8375,4.5934,-20.3000,-5.1100,-79.3800,-0.6942,-0.1747,-2.7144,0
420374,-8.4328,-1.6468,2.6234,-84.7000,23.7300,-63.5600,-2.8963,0.8114,-2.1734,0
420413,-7.8296,-4.8136,2.7862,71.1200,47.5300,31.6400,2.4319,1.6253,1.0819,0
420452,-8.3993,-5.8189,3.7054,-74.5500,31.1500,118.3000,-2.5492,1.0652,4.0453,0
420491,-9.7349,-4.9883,-0.5170,54.8100,39.3400,39.9000,1.8742,1.3452,1.3644,0
420530,-9.7565,2.5014,2.7575,59.0800,44.6600,95.9700,2.0202,1.5271,3.2817,0
420569,-11.3267,-9.5410,13.5600,314.1600,-92.6800,207.4100,10.7427,-3.1692,7.0924,0
420608,-17.5262,-5.7017,-5.8381,-148.8900,-145.3200,16.8700,-5.0913,-4.9692,0.5769,0
420647,-10.2663,1.7474,-1.6109,-85.3300,-15.8200,-72.5200,-2.9178,-0.5410,-2.4798,0
420686,-9.8139,-0.9479,1.6708,6.9300,86.8700,-54.6000,0.2370,2.9705,-1.8670,0
420725,-8.9953,-1.6971,-1.2734,32.1300,47.8100,-83.7200,1.0987,1.6349,-2.8628,0
420764,-8.2102,-1.1202,1.6803,-119.0000,26.0400,-69.7900,-4.0692,0.8904,-2.3865,0
420803,-8.9738,0.9407,1.9293,-80.5000,64.9600,-63.4900,-2.7527,2.2213,-2.1710,0
420842,-9.5841,0.0263,-1.8096,59.2200,120.6800,-18.8300,2.0250,4.1266,-0.6439,0
420881,-8.9474,-1.7737,3.9016,56.9100,96.0400,12.3200,1.9460,3.2841,0.4213,0
420920,-8.1456,-3.1620,3.1644,37.1700,0.1400,35.0700,1.2710,0.0048,1.1992,0
420959,-9.1820,-4.9668,-5.5963,-44.2400,-26.2500,37.7300,-1.5128,-0.8976,1.2902,0
420998,-7.8104,-3.3343,1.4290,33.8800,33.6000,10.7800,1.1585,1.1489,0.3686,0
421037,-9.9169,-4.3469,0.0359,-4.6900,85.2600,44.9400,-0.1604,2.9155,1.5367,0
421076,-9.3663,-3.8202,0.2346,-119.2100,49.9100,27.3000,-4.0764,1.7067,0.9335,0
421115,-11.0012,-1.5271,-3.1476,-36.1900,41.4400,1.2600,-1.2375,1.4170,0.0431,0
421154,-9.6224,1.6636,-0.1652,-85.5400,54.8100,18.6900,-2.9250,1.8742,0.6391,0
421193,-9.7086,0.6750,1.1178,7.7000,52.7100,28.2800,0.2633,1.8024,0.9670,0
421232,-10.0246,-2.3745,0.3016,92.2600,17.7100,-44.2400,3.1548,0.6056,-1.5128,0
421271,-9.8091,-2.5444,0.6559,83.7900,-5.1800,-37.9400,2.8652,-0.1771,-1.2974,0
421310,-11.2022,-1.1609,-4.0070,-4.4100,-52.9900,-6.7200,-0.1508,-1.8120,-0.2298,0
421349,-5.7017,-2.0466,-2.9609,187.6000,-81.4800,-24.4300,6.4150,-2.7862,-0.8354,0
421388,-4.8519,-1.7689,5.8237,22.1900,-168.2800,33.1800,0.7588,-5.7543,1.1346,0
421427,-17.6292,-3.6742,-12.9281,-157.5700,-203.0000,85.1900,-5.3881,-6.9416,2.9131,0
421466,-11.6044,-5.4766,-2.2141,64.4000,-89.5300,-23.5200,2.2021,-3.0615,-0.8043,0
421505,-7.6261,-4.1961,4.2080,-43.9600,-49.2800,-22.9600,-1.5032,-1.6851,-0.7851,0
421544,-9.0599,-2.7287,1.0580,-124.4600,-6.5800,-16.7300,-4.2559,-0.2250,-0.5721,0
421583,-7.1570,-3.7245,3.4947,-82.6700,-66.0800,-62.7900,-2.8269,-2.2596,-2.1471,0
421622,-7.0062,-2.7024,2.5947,-101.1500,-2.5900,-41.1600,-3.4588,-0.0886,-1.4075,0
421661,-7.7003,-0.0024,2.4415,-168.2800,-15.4700,32.2700,-5.7543,-0.5290,1.1035,0
421700,-7.9756,-4.2080,2.6330,1.9600,8.2600,52.2200,0.0670,0.2824,1.7857,0
421739,-7.6525,-2.0107,3.2984,-103.8800,25.5500,65.2400,-3.5522,0.8737,2.2309,0
421778,-10.5560,-2.7551,0.1412,50.1200,26.3900,-0.8400,1.7138,0.9024,-0.0287,0
421817,-9.4836,2.4846,1.1489,7.9800,3.5000,52.7800,0.2729,0.1197,1.8048,0
421856,-16.8991,-9.2227,4.2367,-21.4200,-63.4200,136.2200,-0.7325,-2.1686,4.6580,0
421895,-9.8929,-3.4612,-1.0293,254.8000,-57.2600,-42.1400,8.7129,-1.9580,-1.4410,0
421934,-9.9623,-4.4187,0.7109,11.6200,42.8400,-3.4300,0.3973,1.4649,-0.1173,0
421973,-9.9551,-3.2147,1.3404,11.0600,7.1400,14.2100,0.3782,0.2442,0.4859,0
422012,-9.5578,-1.5918,-2.2787,-140.3500,18.2700,-7.2800,-4.7992,0.6247,-0.2489,0
422051,-9.9264,0.6104,0.2011,-100.7300,77.9100,-39.6900,-3.4444,2.6641,-1.3572,0
422090,-8.6506,0.9407,-0.1388,-38.9200,128.3100,-45.0100,-1.3309,4.3875,-1.5391,0
422129,-9.7373,0.2370,0.4955,31.2900,117.3900,-37.5200,1.0700,4.0141,-1.2830,0
422168,-9.5698,-2.4726,1.1729,42.5600,10.2200,-33.6000,1.4553,0.3495,-1.1489,0
422207,-8.6578,-2.6809,1.4075,-19.8800,-66.9900,-25.9000,-0.6798,-2.2907,-0.8856,0
422246,-10.7259,-4.0596,-4.6532,-83.5800,-24.2900,53.2700,-2.8580,-0.8306,1.8216,0
422285,-9.4046,-5.1056,-0.6583,-28.9100,42.0000,46.2700,-0.9886,1.4362,1.5822,0
422324,-8.9355,-1.9029,-0.9263,-112.2100,86.9400,7.4200,-3.8370,2.9729,0.2537,0
422363,-8.9546,0.2681,0.0168,-23.3800,75.7400,-18.6900,-0.7995,2.5899,-0.6391,0
422402,-9.7517,-0.9790,-1.6803,12.6700,35.3500,-0.6300,0.4332,1.2088,-0.0215,0
422441,-10.2400,-1.1753,-1.1418,65.7300,68.1100,29.6100,2.2476,2.3290,1.0125,0
422480,-10.7977,-0.9024,-0.7923,22.8200,100.6600,104.7200,0.7803,3.4421,3.5809,0
422519,-8.6267,-5.0075,2.0394,156.5900,45.5000,10.3600,5.3546,1.5559,0.3543,0
422558,-12.2052,-1.3572,-1.6205,143.5700,-73.7800,-22.9600,4.9094,-2.5229,-0.7851,0
422597,-9.2873,-1.3692,-4.3421,165.3400,-97.3000,2.7300,5.6538,-3.3272,0.0934,0
422636,-4.8304,-2.8843,0.9838,85.1200,-237.8600,38.5000,2.9107,-8.1336,1.3165,0
422675,-16.4252,-10.4435,-2.4104,73.7800,-37.8000,22.0500,2.5229,-1.2926,0.7540,0
422714,-13.6437,-7.4203,0.5314,-15.0500,-114.3800,-96.3200,-0.5146,-3.9112,-3.2936,0
422753,-7.7195,-2.7527,0.7277,-68.0400,-82.0400,-48.9300,-2.3266,-2.8053,-1.6732,0
422792,-7.9229,-4.9788,4.2559,-148.4700,-40.7400,-41.2300,-5.0769,-1.3931,-1.4099,0
422831,-6.8314,-4.4282,3.7077,-65.1700,-82.1100,-51.3100,-2.2285,-2.8077,-1.7545,0
422870,-6.2115,-3.5905,3.6671,-111.7200,-60.5500,-11.5500,-3.8202,-2.0705,-0.3950,0
422909,-9.2012,-2.1639,1.7928,-183.7500,-19.4600,38.0100,-6.2833,-0.6654,1.2997,0
422948,-8.0833,-3.1476,3.6288,-82.6700,-23.0300,47.6700,-2.8269,-0.7875,1.6301,0
422987,-7.6620,-3.8538,2.8532,-98.4900,-11.9000,57.1900,-3.3679,-0.4069,1.9556,0
423026,-8.6099,-2.0968,2.4343,-118.0200,3.3600,52.6400,-4.0357,0.1149,1.8000,0
423065,-9.9982,0.0455,0.7660,-71.3300,-2.0300,51.3100,-2.4391,-0.0694,1.7545,0
423104,-8.5118,0.7277,5.1703,138.2500,-49.7000,65.5900,4.7274,-1.6995,2.2428,0
423143,-8.3897,-7.4251,4.0500,-125.7900,-64.8200,67.4100,-4.3014,-2.2165,2.3051,0
423182,-13.8424,-4.2846,4.3445,-59.2900,-11.4800,13.6500,-2.0274,-0.3926,0.4668,0
423221,-13.3302,0.3662,-1.7210,-175.6300,-78.1900,-58.9400,-6.0056,-2.6737,-2.0154,0
423260,-6.5251,-1.2614,1.9197,108.2200,-56.5600,-90.7200,3.7006,-1.9341,-3.1022,0
423299,-11.1232,-5.8596,1.7186,-118.3700,-0.5600,150.5700,-4.0476,-0.0191,5.1487,0
423338,-12.3560,-5.3450,-4.7011,-50.2600,-28.4900,63.9800,-1.7186,-0.9742,2.1878,0
423377,-9.5243,-1.4410,1.6947,-191.9400,43.9600,-18.4800,-6.5634,1.5032,-0.6319,0
423416,-6.0104,-0.5649,4.2176,-133.0700,82.8100,-88.4100,-4.5503,2.8317,-3.0232,0
423455,-9.1078,4.0261,-1.1896,-212.5200,93.1000,-21.4900,-7.2671,3.1835,-0.7348,0
423494,-9.9169,2.1351,-1.9484,79.1000,136.4300,93.8700,2.7048,4.6652,3.2099,0
423533,-8.9642,-4.0357,2.3170,56.4200,86.3800,82.2500,1.9293,2.9538,2.8125,0
423572,-9.8690,-3.2123,1.0867,-146.1600,-36.7500,14.2100,-4.9979,-1.2567,0.4859,0
423611,-11.1568,0.6200,-2.4008,-124.3200,-71.5400,-26.6700,-4.2511,-2.4463,-0.9120,0
423650,-10.2280,-2.1974,-1.5128,-44.1000,-6.1600,-6.1600,-1.5080,-0.2106,-0.2106,0
423689,-10.3716,1.4146,1.7665,6.5100,49.0700,-28.0000,0.2226,1.6779,-0.9575,0
423728,-10.2400,-0.9192,-0.2585,36.1900,27.5100,-23.1000,1.2375,0.9407,-0.7899,0
423767,-8.7320,-0.6535,-0.9886,22.1200,42.7000,-25.5500,0.7564,1.4601,-0.8737,0
423806,-12.5331,-1.4936,-2.6498,-26.1100,17.8500,58.7300,-0.8928,0.6104,2.0083,0
423845,-11.3913,-1.7521,-4.9285,113.8900,-10.9200,17.5700,3.8945,-0.3734,0.6008,0
423884,-5.6657,-1.0532,-0.4404,28.4200,-137.4800,51.3800,0.9718,-4.7011,1.7569,0
423923,-4.9524,-4.6317,0.8713,56.6300,-180.6700,50.5400,1.9365,-6.1780,1.7282,0
423962,-15.3720,-6.6424,-4.7418,-161.0000,-184.5900,-8.9600,-5.5054,-6.3120,-0.3064,0
424001,-11.9275,-2.6139,-2.5253,-20.3700,-60.0600,-61.3900,-0.6965,-2.0537,-2.0992,0
424040,-6.1540,-2.9250,2.8317,12.9500,-66.0800,-93.2400,0.4428,-2.2596,-3.1883,0
424079,-7.3341,-5.6657,3.3798,-22.9600,-11.9000,-49.1400,-0.7851,-0.4069,-1.6803,0
424118,-7.3963,-2.1758,1.9987,-94.5700,-88.9700,-83.4400,-3.2338,-3.0423,-2.8532,0
424157,-8.6769,0.4955,2.3984,-84.0000,-21.7000,-6.0200,-2.8724,-0.7420,-0.2059,0
424196,-7.1690,-2.7910,2.9083,25.6900,-12.1800,2.6600,0.8785,-0.4165,0.0910,0
424235,-6.5203,-3.5617,3.6120,18.2700,4.8300,21.2100,0.6247,0.1652,0.7253,0
424274,-8.1599,-2.8772,3.4253,-41.9300,24.8500,74.8300,-1.4338,0.8497,2.5588,0
424313,-8.7105,-3.8849,2.2117,-27.6500,56.4200,95.8300,-0.9455,1.9293,3.2769,0
424352,-9.1389,-2.8556,2.4248,7.5600,43.4000,79.5900,0.2585,1.4841,2.7216,0
424391,-11.5230,-3.4851,2.7527,4.7600,-7.0000,75.7400,0.1628,-0.2394,2.5899,0
424430,-11.8078,-4.1147,8.2964,78.8200,-58.8000,31.0100,2.6952,-2.0107,1.0604,0
424469,-17.4042,-3.6048,-6.2259,-54.2500,-112.7700,24.3600,-1.8551,-3.8562,0.8330,0
424508,-6.1971,-1.1944,0.1987,66.5700,-2.8000,-70.7700,2.2764,-0.0957,-2.4200,0
424547,-8.1695,-2.1567,2.4726,31.2200,34.7900,-15.4700,1.0676,1.1896,-0.5290,0
424586,-11.4320,-4.4115,-1.0652,33.3200,16.3100,-13.6500,1.1394,0.5577,-0.4668,0
424625,-10.2687,0.7133,-1.9125,-174.3000,-9.9400,-37.7300,-5.9602,-0.3399,-1.2902,0
424664,-10.2855,-1.9748,-0.4021,93.3100,92.1900,-95.9700,3.1907,3.1524,-3.2817,0
424703,-9.9025,2.2069,1.3189,-129.5700,78.4000,-98.9100,-4.4306,2.6809,-3.3822,0
424742,-9.9097,2.7359,0.9048,39.4100,93.6600,-29.4000,1.3476,3.2027,-1.0053,0
424781,-8.4280,-2.6833,1.1202,102.4100,90.4400,-30.8000,3.5019,3.0926,-1.0532,0
424820,-9.1916,-2.6498,1.0891,112.3500,69.7200,-15.8900,3.8418,2.3841,-0.5434,0
424859,-9.4932,-3.2530,1.0915,41.7200,71.5400,43.1900,1.4266,2.4463,1.4769,0
424898,-9.9528,-4.1338,-1.4912,79.3100,85.7500,49.6300,2.7120,2.9322,1.6971,0
424937,-8.9283,-3.6120,1.8862,140.8400,98.1400,26.0400,4.8160,3.3559,0.8904,0
424976,-9.6703,0.2370,-1.2471,29.4700,67.0600,5.8100,1.0077,2.2931,0.1987,0
425015,-8.7775,-0.8497,0.5673,164.1500,86.6600,-11.3400,5.6131,2.9633,-0.3878,0
425054,-8.6985,0.5840,1.5463,36.8200,72.1000,52.6400,1.2591,2.4654,1.8000,0
425093,-8.6674,-6.9440,0.5457,130.6900,38.5700,78.2600,4.4689,1.3189,2.6761,0
425132,-8.7918,-3.6288,-0.7133,104.6500,-8.6100,-26.3200,3.5785,-0.2944,-0.9000,0
425171,-13.2081,-4.8160,-2.6617,116.6200,-25.9000,43.9600,3.9878,-0.8856,1.5032,0
425210,-11.5804,-2.8053,-3.9974,-14.8400,-76.5800,62.1600,-0.5075,-2.6186,2.1256,0
425249,-10.0270,-1.0867,-2.4990,136.5000,-26.6700,-0.7000,4.6676,-0.9120,-0.0239,0
425288,-7.5543,-0.4404,0.0168,81.6200,-18.1300,1.6100,2.7910,-0.6200,0.0551,0
425327,-8.2605,-4.4570,1.0412,185.0100,-17.0100,-14.9100,6.3264,-0.5817,-0.5098,0
425366,-9.2131,-5.8213,2.3003,116.6200,-8.1200,-22.4700,3.9878,-0.2777,-0.7684,0
425405,-10.0222,-4.8184,1.8670,75.8800,13.0900,-12.6700,2.5947,0.4476,-0.4332,0
425444,-8.9809,-3.5881,1.2926,89.8100,16.3800,-12.6000,3.0710,0.5601,-0.4309,0
425483,-8.4113,-3.5952,1.4984,61.3900,36.8900,-14.4900,2.0992,1.2614,-0.4955,0
425522,-9.1102,-2.8030,1.3907,33.3200,55.0200,-7.1400,1.1394,1.8814,-0.2442,0
425561,-8.7847,-2.9226,1.0771,23.3100,37.3100,-5.1800,0.7971,1.2758,-0.1771,0
425600,-8.8852,-3.5306,1.1825,36.9600,41.9300,-8.4000,1.2638,1.4338,-0.2872,0
425639,-9.7254,-2.7264,0.0096,19.8800,33.8800,-9.3800,0.6798,1.1585,-0.3207,0
425678,-8.7751,-3.6096,0.8043,44.4500,22.3300,-15.6800,1.5200,0.7636,-0.5362,0
425717,-8.8325,-4.1338,1.2279,56.4900,29.5400,-9.5900,1.9317,1.0101,-0.3279,0
425756,-8.7392,-3.2554,0.5338,4.3400,21.7700,18.9000,0.1484,0.7444,0.6463,0
425795,-8.5956,-3.4229,0.4931,7.0700,38.7800,22.3300,0.2418,1.3261,0.7636,0
425834,-8.8613,-2.9442,1.0149,26.6000,25.9700,4.0600,0.9096,0.8880,0.1388,0
425873,-8.5788,-3.3750,0.5577,38.7800,-0.3500,-3.9900,1.3261,-0.0120,-0.1364,0
425912,-9.0408,-4.1554,0.7803,33.3900,-12.6000,-6.1600,1.1418,-0.4309,-0.2106,0
425951,-9.0073,-4.1218,0.4644,21.9800,-14.8400,-1.1900,0.7516,-0.5075,-0.0407,0
425990,-9.2227,-3.6216,0.0000,-17.0100,-7.7000,15.0500,-0.5817,-0.2633,0.5146,0
426029,-8.7583,-3.1165,-0.1963,-5.1800,1.2600,5.6700,-0.1771,0.0431,0.1939,0
426068,-8.3897,-2.6091,0.3375,-10.7100,9.4500,7.4200,-0.3662,0.3231,0.2537,0
426107,-9.6009,-1.9388,-0.0503,-55.8600,16.5200,15.4700,-1.9101,0.5649,0.5290,0
426146,-8.9283,-2.1615,-0.4428,-4.4100,5.6700,-0.4200,-0.1508,0.1939,-0.0144,0
426185,-9.5817,-2.7479,-0.1628,3.7800,-3.0100,12.5300,0.1293,-0.1029,0.4285,0
426224,-10.6182,-2.3673,-1.0125,-37.5900,-7.9100,21.8400,-1.2854,-0.2705,0.7468,0
426263,-9.4214,-2.8197,-0.6726,7.0700,-9.3800,1.4700,0.2418,-0.3207,0.0503,0
426302,-10.6517,-2.0059,-0.5793,-0.3500,-5.8800,12.5300,-0.0120,-0.2011,0.4285,0
426341,-11.4440,-2.6091,-1.1681,-24.6400,19.1100,26.8800,-0.8426,0.6535,0.9192,0
426380,-9.5339,-1.9197,-1.2471,-35.4200,10.2900,18.9000,-1.2112,0.3519,0.6463,0
426419,-9.2706,-2.1567,-0.8593,35.0700,9.8700,-25.7600,1.1992,0.3375,-0.8809,0
426458,-10.1802,-1.4003,-0.3902,0.2100,13.4400,-20.3000,0.0072,0.4596,-0.6942,0
426497,-8.8780,-2.1136,0.9503,-4.0600,-14.7700,8.8200,-0.1388,-0.5051,0.3016,0
426536,-9.4621,-2.0131,0.4093,2.1000,-4.9700,-6.3700,0.0718,-0.1699,-0.2178,0
426575,-9.8953,-0.5936,1.0101,-30.8700,13.5100,-26.9500,-1.0556,0.4620,-0.9216,0
426614,-9.1652,-2.0705,0.3303,34.0900,3.6400,-26.9500,1.1657,0.1245,-0.9216,0
426653,-8.5214,-2.6976,-0.3878,5.9500,1.5400,-13.5800,0.2035,0.0527,-0.4644,0
426692,-10.2544,-4.0979,-0.9910,-4.4100,1.2600,30.8000,-0.1508,0.0431,1.0532,0
426731,-10.1371,-2.3984,-0.5888,-33.4600,0.6300,29.6800,-1.1442,0.0215,1.0149,0
426770,-9.8762,-1.6037,-1.2088,7.9800,-13.3700,3.9200,0.2729,-0.4572,0.1340,0
426809,-9.5530,-0.5840,-0.7827,16.8700,-20.9300,-2.0300,0.5769,-0.7157,-0.0694,0
426848,-10.3788,-1.6660,-2.3266,30.2400,4.9000,-8.4000,1.0341,0.1676,-0.2872,0
426887,-9.8235,-0.3471,-0.4021,9.5900,-11.6200,-10.6400,0.3279,-0.3973,-0.3638,0
426926,-9.3089,-1.7067,-1.3333,36.9600,-13.7900,-15.4700,1.2638,-0.4715,-0.5290,0
426965,-8.9259,-2.4152,1.3093,34.7200,-7.7000,-59.1500,1.1872,-0.2633,-2.0226,0
427004,-11.5900,0.7325,0.1532,-61.1100,14.8400,-56.2800,-2.0896,0.5075,-1.9245,0
427043,-10.3477,1.2279,0.5721,129.7800,17.9900,-62.9300,4.4378,0.6152,-2.1519,0
427082,-8.8038,-2.0226,-0.3040,77.7700,10.2900,-15.6800,2.6593,0.3519,-0.5362,0
427121,-7.6166,-4.2032,0.6942,122.1500,-4.6900,3.0800,4.1769,-0.1604,0.1053,0
427160,-11.0993,-5.6801,0.4931,92.5400,-10.1500,64.8200,3.1644,-0.3471,2.2165,0
427199,-11.4895,-2.1471,-2.1064,40.9500,-17.0800,45.5700,1.4003,-0.5840,1.5583,0
427238,-9.2275,-1.3165,0.9790,148.6800,11.9700,-6.4400,5.0841,0.4093,-0.2202,0
427277,-8.7942,-2.3769,2.2357,51.3800,14.5600,17.5700,1.7569,0.4979,0.6008,0
427316,-9.1222,-1.0436,1.4458,81.9000,43.7500,31.9900,2.8006,1.4960,1.0939,0
427355,-8.3394,-6.9511,2.9107,179.0600,54.1800,-16.6600,6.1229,1.8527,-0.5697,0
427394,-9.1509,-4.3875,2.1136,44.4500,45.9200,-29.0500,1.5200,1.5702,-0.9934,0
427433,-9.1581,-3.4205,2.5588,47.8100,-3.2200,-28.3500,1.6349,-0.1101,-0.9694,0
427472,-8.4807,-4.2607,2.0777,18.5500,2.9400,-8.1900,0.6343,0.1005,-0.2801,0
427511,-8.2222,-4.3636,2.4272,64.1200,14.5600,-10.4300,2.1926,0.4979,-0.3567,0
427550,-8.4759,-2.2692,2.4415,15.8200,8.9600,23.6600,0.5410,0.3064,0.8091,0
427589,-9.1437,-4.9477,1.4003,72.2400,1.6100,29.5400,2.4702,0.0551,1.0101,0
427628,-9.3496,-3.3176,0.8306,23.5900,11.7600,-6.0200,0.8067,0.4021,-0.2059,0
427667,-8.6099,-3.5569,1.5846,38.0100,27.2300,-20.0900,1.2997,0.9311,-0.6870,0
427706,-8.8397,-3.3846,1.9053,15.0500,32.6900,-13.6500,0.5146,1.1178,-0.4668,0
427745,-8.9067,-3.3774,1.6349,34.5100,33.6000,-4.9700,1.1801,1.1489,-0.1699,0
427784,-8.7607,-3.8083,1.7689,42.0000,30.2400,5.1800,1.4362,1.0341,0.1771,0
427823,-7.9972,-3.2266,2.0729,24.2200,37.7300,12.7400,0.8282,1.2902,0.4356,0
427862,-9.9839,-4.3253,2.7886,52.0800,50.6100,36.2600,1.7809,1.7306,1.2399,0
427901,-11.0754,-3.5546,0.3136,-24.0100,-10.4300,32.5500,-0.8210,-0.3567,1.1130,0
427940,-9.7158,-1.4218,0.5577,29.4700,1.8200,58.4500,1.0077,0.0622,1.9987,0
427979,-9.7708,-3.4349,-1.0508,10.2200,-5.7400,5.9500,0.3495,-0.1963,0.2035,0
428018,-10.0724,-1.1681,0.1795,39.5500,23.5200,-28.2100,1.3524,0.8043,-0.9646,0
428057,-8.6554,-0.7827,0.1747,-8.1900,2.3100,-24.5700,-0.2801,0.0790,-0.8402,0
428096,-8.3538,-1.4099,-0.1317,3.0800,32.0600,-11.1300,0.1053,1.0963,-0.3806,0
428135,-9.4262,-1.9963,0.1221,13.1600,55.5800,-9.2400,0.4500,1.9006,-0.3160,0
428174,-9.8570,-2.7000,-0.1867,-6.6500,26.5300,0.0700,-0.2274,0.9072,0.0024,0
428213,-11.0993,-2.5684,-1.7857,-44.3800,22.6100,0.0000,-1.5176,0.7731,0.0000,0
428252,-11.0227,-0.8067,-0.7181,0.7000,21.1400,-2.0300,0.0239,0.7229,-0.0694,0
428291,-9.5793,0.0455,-0.4356,-38.0100,-5.1100,0.0700,-1.2997,-0.1747,0.0024,0
428330,-9.0240,-0.5936,0.8162,79.5900,22.6800,-10.2200,2.7216,0.7755,-0.3495,0
428369,-9.5650,-1.5726,-0.6535,15.6800,6.3000,33.7400,0.5362,0.2154,1.1537,0
428408,-9.7996,-3.4899,-0.5003,12.7400,25.6200,30.5200,0.4356,0.8761,1.0436,0
428447,-9.3304,-3.4660,-0.0048,59.8500,53.5500,-4.6200,2.0466,1.8311,-0.1580,0
428486,-8.9067,-2.6761,0.0886,9.8700,64.4700,0.2800,0.3375,2.2045,0.0096,0
428525,-9.3615,-2.1639,-0.5960,-18.1300,41.6500,23.1700,-0.6200,1.4242,0.7923,0
428564,-10.4985,-1.5271,-1.8838,-34.7900,16.3800,8.0500,-1.1896,0.5601,0.2753,0
428603,-10.1706,-0.8330,-0.8713,45.6400,42.8400,-31.9200,1.5607,1.4649,-1.0915,0
428642,-10.5224,-0.2442,2.4200,84.0000,69.3700,-0.3500,2.8724,2.3721,-0.0120,0
428681,-9.8163,-1.5200,-0.6439,22.6800,-15.2600,-20.4400,0.7755,-0.5218,-0.6989,0
428720,-8.9091,-3.1046,0.6798,85.4000,-5.6700,-29.7500,2.9202,-0.1939,-1.0173,0
428759,-10.2735,-4.7681,-2.6091,1.1900,-19.7400,47.2500,0.0407,-0.6750,1.6157,0
428798,-10.2567,-3.2362,-1.3572,55.3700,-75.3900,-22.6100,1.8934,-2.5780,-0.7731,0
428837,-9.3232,-2.0083,-3.3080,144.3400,-84.1400,-24.2200,4.9357,-2.8772,-0.8282,0
428876,-5.6370,1.8551,-0.0790,-45.0100,-184.1700,73.3600,-1.5391,-6.2977,2.5085,0
428915,-13.5695,-7.5256,-3.3463,20.2300,-44.4500,82.6000,0.6918,-1.5200,2.8245,0
428954,-10.7139,-3.8992,1.8168,117.2500,-67.0600,-81.1300,4.0093,-2.2931,-2.7742,0
428993,-8.9546,-3.7317,0.9598,31.5700,-87.4300,-76.3700,1.0795,-2.9897,-2.6115,0
429032,-9.1676,-3.8179,1.2112,-22.9600,-22.7500,-49.5600,-0.7851,-0.7779,-1.6947,0
429071,-7.9421,-3.9998,1.7545,4.7600,-52.2200,-86.1000,0.1628,-1.7857,-2.9442,0
429110,-6.9727,-1.7258,2.3506,-29.1200,-32.0600,-50.0500,-0.9958,-1.0963,-1.7115,0
429149,-8.4400,-3.7030,1.7665,-11.5500,-5.6700,7.2800,-0.3950,-0.1939,0.2489,0
429188,-6.9009,-1.5966,3.6503,-27.1600,11.1300,17.1500,-0.9287,0.3806,0.5864,0
429227,-6.3623,-3.0160,3.1165,37.3800,30.4500,36.1200,1.2782,1.0412,1.2351,0
429266,-8.7057,-1.8575,3.3128,-71.8900,41.9300,95.9700,-2.4583,1.4338,3.2817,0
429305,-11.5278,-7.8344,1.6013,-11.9000,40.3200,108.5700,-0.4069,1.3787,3.7125,0
429344,-9.7110,-1.8982,3.1692,53.2000,-15.9600,-26.0400,1.8192,-0.5457,-0.8904,0
429383,-7.9517,-6.1636,6.4341,61.6000,-83.7900,-12.2500,2.1064,-2.8652,-0.4189,0
429422,-16.0637,-4.5336,5.3546,39.9000,-17.2200,36.6800,1.3644,-0.5888,1.2543,0
429461,-12.5499,-3.4636,-3.0375,13.2300,-54.6700,-0.2800,0.4524,-1.8694,-0.0096,0
429500,-8.7081,0.2896,0.8665,-21.0000,-4.9700,-28.7700,-0.7181,-0.1699,-0.9838,0
429539,-8.7559,-2.2955,0.8162,-1.8900,52.1500,-12.2500,-0.0646,1.7833,-0.4189,0
429578,-10.3022,-1.0771,-2.8676,-34.7900,36.3300,-2.0300,-1.1896,1.2423,-0.0694,0
429617,-9.2825,-0.1412,0.1173,-134.7500,27.8600,4.7600,-4.6078,0.9527,0.1628,0
429656,-9.5147,-0.1843,-0.0239,-3.7800,99.4700,-45.2900,-0.1293,3.4014,-1.5487,0
429695,-8.5046,0.8473,0.9048,25.5500,110.1100,-43.4700,0.8737,3.7652,-1.4865,0
429734,-9.7278,-1.2016,0.0814,51.1700,101.3600,-7.9800,1.7498,3.4660,-0.2729,0
429773,-8.3897,-3.3296,1.3955,76.0200,57.3300,9.4500,2.5995,1.9604,0.3231,0
429812,-7.3269,-3.3966,2.7407,21.3500,5.8100,19.6700,0.7301,0.1987,0.6726,0
429851,-10.6589,-2.9011,-3.5426,-134.4000,-25.9000,65.9400,-4.5958,-0.8856,2.2548,0
429890,-9.6153,-6.5825,-0.9120,-40.1100,23.2400,41.7900,-1.3716,0.7947,1.4290,0
429929,-8.8469,-2.6115,0.3662,-60.2700,75.6000,7.2800,-2.0609,2.5851,0.2489,0
429968,-9.6512,-1.8694,-0.8689,14.1400,45.1500,6.2300,0.4835,1.5439,0.2130,0
430007,-10.8336,-0.2872,-0.6989,-49.4200,13.4400,49.7700,-1.6899,0.4596,1.7019,0
430046,-11.5517,-0.1699,-0.0622,-50.2600,41.8600,42.2100,-1.7186,1.4314,1.4434,0
430085,-9.0360,-0.9910,-0.0814,148.1900,49.0000,-104.5100,5.0673,1.6755,-3.5737,0
430124,-11.2740,-3.1979,-0.8976,116.4800,-6.0200,29.2600,3.9830,-0.2059,1.0005,0
430163,-9.7206,-2.6378,-3.4205,-9.1700,-52.1500,19.5300,-0.3136,-1.7833,0.6678,0
430202,-5.9458,-0.5793,-3.2458,160.0900,-120.2600,-49.2100,5.4743,-4.1123,-1.6827,0
430241,-4.9883,-2.3649,-0.3016,131.1100,-112.5600,-2.3800,4.4833,-3.8490,-0.0814,0
430280,-10.2544,-0.5840,3.8921,22.2600,-212.8700,32.4800,0.7612,-7.2791,1.1106,0
430319,-14.3547,-8.6769,-6.1205,-32.5500,-60.7600,62.4400,-1.1130,-2.0777,2.1351,0
430358,-9.2993,-2.7934,2.4152,74.6900,-54.1100,-26.5300,2.5540,-1.8503,-0.9072,0
430397,-7.2432,-6.3671,2.1615,33.7400,-56.4200,-38.5000,1.1537,-1.9293,-1.3165,0
430436,-9.2873,-3.9734,1.1920,-59.4300,10.3600,-59.8500,-2.0322,0.3543,-2.0466,0
430475,-7.1522,-1.2303,2.2357,-59.2200,-26.8100,-66.6400,-2.0250,-0.9168,-2.2787,0
430514,-7.0349,-2.4631,2.4631,26.1100,24.9200,-27.9300,0.8928,0.8521,-0.9551,0
430553,-6.8458,-2.7958,2.5037,-53.4800,26.1800,17.3600,-1.8287,0.8952,0.5936,0
430592,-8.0881,-4.1290,3.8346,-40.3200,57.3300,82.6000,-1.3787,1.9604,2.8245,0
430631,-11.0490,-3.7820,-0.2178,-30.8000,25.5500,63.2100,-1.0532,0.8737,2.1615,0
430670,-11.2956,2.4463,-1.0412,129.0100,46.6900,38.6400,4.4115,1.5966,1.3213,0
430709,-8.1144,-1.6612,16.1140,223.3000,-107.1000,203.5600,7.6357,-3.6623,6.9607,0
430748,-22.4882,-5.5915,-3.0351,-408.5200,-95.6900,118.2300,-13.9693,-3.2721,4.0429,0
430787,-11.7911,-2.1639,-0.7755,-12.5300,-88.2700,-136.6400,-0.4285,-3.0184,-4.6724,0
430826,-8.8301,4.6006,-1.3309,-128.5200,42.4900,-89.3900,-4.3947,1.4529,-3.0567,0
430865,-10.0294,-0.9766,-0.6583,-2.0300,84.2800,-42.9100,-0.0694,2.8819,-1.4673,0
430904,-9.9743,-4.8160,0.0718,-45.3600,4.4800,-62.4400,-1.5511,0.1532,-2.1351,0
430943,-9.2251,2.7790,0.3758,-199.0800,66.2200,-8.0500,-6.8075,2.2644,-0.2753,0
430982,-7.8559,0.0790,1.0963,-25.4800,89.7400,-18.6900,-0.8713,3.0686,-0.6391,0
431021,-9.7852,-0.7612,-2.7311,10.2200,118.7200,-27.9300,0.3495,4.0596,-0.9551,0
431060,-8.5094,-1.4697,3.6383,74.6900,81.8300,-3.5000,2.5540,2.7982,-0.1197,0
431099,-8.7799,-3.6168,3.1261,28.7000,-12.8800,46.6200,0.9814,-0.4404,1.5942,0
431138,-9.9551,-4.3660,-4.4306,-184.4500,-71.4700,96.1100,-6.3072,-2.4439,3.2865,0
431177,-10.6397,-4.1027,-2.7359,-66.6400,13.3000,54.1100,-2.2787,0.4548,1.8503,0
431216,-8.2413,-0.6391,1.6492,-52.3600,66.5000,-14.2800,-1.7904,2.2740,-0.4883,0
431255,-8.8421,-0.7348,0.0766,30.1700,77.5600,-9.3100,1.0317,2.6522,-0.3184,0
431294,-11.3243,-2.4870,0.5075,24.7100,41.4400,58.3800,0.8450,1.4170,1.9963,0
431333,-12.2626,-1.1083,-2.2045,-133.5600,10.0100,79.0300,-4.5671,0.3423,2.7024,0
431372,-8.0833,-1.7091,1.2040,139.0900,30.6600,-101.8500,4.7562,1.0484,-3.4827,0
431411,-9.6990,-0.9335,0.6008,93.6600,-0.9800,-69.7200,3.2027,-0.0335,-2.3841,0
431450,-12.1788,-0.3279,-2.4990,-50.6800,-132.6500,32.9700,-1.7330,-4.5359,1.1274,0
431489,-3.4157,-1.6827,0.5242,92.1200,-199.9900,2.5900,3.1500,-6.8386,0.0886,0
431528,-9.2993,-5.4838,0.7755,17.5000,-174.0900,-19.6700,0.5984,-5.9530,-0.6726,0
431567,-19.6446,-2.9418,-6.9918,-26.6000,-82.9500,-2.8000,-0.9096,-2.8365,-0.0957,0
431606,-7.6884,-7.1235,2.8125,110.7400,-108.2200,-65.7300,3.7867,-3.7006,-2.2476,0
431645,-8.6458,-4.2415,3.1979,-205.1000,-26.8100,23.6600,-7.0134,-0.9168,0.8091,0
431684,-8.7918,-2.7000,1.4529,-137.9700,-18.2000,31.1500,-4.7179,-0.6223,1.0652,0
431723,-6.1181,-4.5312,3.7101,-59.7800,-33.5300,-15.1200,-2.0442,-1.1466,-0.5170,0
431762,-6.8745,-3.4995,3.6695,-137.7600,0.2800,-6.6500,-4.7107,0.0096,-0.2274,0
431801,-7.0900,-1.5056,4.5455,-191.0300,-12.1800,28.9800,-6.5322,-0.4165,0.9910,0
431840,-7.8009,-3.1907,4.0596,-124.4600,-17.7100,69.1600,-4.2559,-0.6056,2.3649,0
431879,-10.3908,-1.9532,-0.5529,-214.1300,-57.0500,77.7000,-7.3221,-1.9508,2.6569,0
431918,-13.0549,-6.9870,1.8192,-7.9800,21.3500,-68.4600,-0.2729,0.7301,-2.3410,0
431957,-13.1315,-2.5827,5.1631,-240.8000,-118.5100,-79.8700,-8.2341,-4.0524,-2.7311,0
431996,-14.6539,4.6676,-5.4479,-467.2500,-120.0500,-5.1100,-15.9775,-4.1051,-0.1747,0
432035,-9.3783,-0.6894,2.6522,250.6000,60.9000,42.9800,8.5692,2.0825,1.4697,0
432074,-8.4663,-9.0216,3.4708,23.2400,8.1900,46.4100,0.7947,0.2801,1.5870,0
432113,-10.1490,0.0239,-1.1872,-271.0400,-7.7000,99.5400,-9.2682,-0.2633,3.4038,0
432152,-9.4118,1.0652,-1.3644,-14.8400,71.8200,87.7800,-0.5075,2.4559,3.0016,0
432191,-8.9809,-1.3357,2.9226,-44.9400,31.1500,119.1400,-1.5367,1.0652,4.0740,0
432230,-9.2347,-0.2418,0.8545,-197.4000,-44.1000,55.8600,-6.7501,-1.5080,1.9101,0
432269,-9.8331,-2.3577,0.3710,31.9200,-3.7100,-25.6200,1.0915,-0.1269,-0.8761,0
432308,-9.4645,-1.4625,1.6516,-85.6100,-29.8900,-47.1800,-2.9274,-1.0221,-1.6133,0
432347,-10.5847,0.1412,-0.1005,-75.3200,-46.4800,-32.6200,-2.5756,-1.5894,-1.1154,0
432386,-9.2418,-1.3955,1.6947,-70.9800,-19.4600,-48.9300,-2.4272,-0.6654,-1.6732,0
432425,-11.2812,-1.7928,0.3973,-115.9900,-0.9100,-12.1100,-3.9663,-0.0311,-0.4141,0
432464,-9.6895,-2.6234,0.1388,-171.8500,-30.8000,1.0500,-5.8764,-1.0532,0.0359,0
432503,-8.7296,-3.1428,-0.3207,-92.7500,23.0300,-33.0400,-3.1716,0.7875,-1.1298,0
432542,-9.5674,-1.5918,0.2657,-104.8600,42.0700,-54.8800,-3.5857,1.4386,-1.8766,0
432581,-9.2897,0.4428,0.3279,-91.3500,-23.5200,-53.4100,-3.1237,-0.8043,-1.8263,0
432620,-9.7732,-0.7492,-1.5583,-67.0600,-62.2300,-18.0600,-2.2931,-2.1279,-0.6176,0
432659,-10.0078,0.6606,-1.9221,105.2800,-85.0500,-20.1600,3.6000,-2.9083,-0.6894,0
432698,-9.5770,-2.2357,1.7641,54.6000,-70.7700,94.7800,1.8670,-2.4200,3.2410,0
432737,-11.4344,-5.9769,-3.8921,51.8700,-55.3000,33.8100,1.7737,-1.8910,1.1561,0
432776,-10.8025,-3.0543,-1.0939,-6.7200,-59.2900,-12.1100,-0.2298,-2.0274,-0.4141,0
432815,-6.5275,-4.3421,1.7330,-32.2000,-2.3800,-35.9800,-1.1011,-0.0814,-1.2303,0
432854,-10.2879,-1.1035,0.3375,52.2900,37.5900,-67.2000,1.7880,1.2854,-2.2979,0
432893,-7.4107,-3.5522,10.5871,35.4200,-151.1300,-5.1800,1.2112,-5.1679,-0.1771,0
432932,-12.5187,-5.4120,-2.8436,-151.4800,-66.9200,11.2700,-5.1798,-2.2883,0.3854,0
432971,-8.5980,-3.7820,2.1279,-68.3200,-57.4700,-65.5900,-2.3362,-1.9652,-2.2428,0
433010,-7.2408,-2.8843,2.9202,3.1500,-16.8000,-37.5900,0.1077,-0.5745,-1.2854,0
433049,-7.4658,-4.2080,2.6330,-28.4200,-5.4600,9.8700,-0.9718,-0.1867,0.3375,0
433088,-7.5232,-3.2936,3.2099,-27.1600,10.2200,18.0600,-0.9287,0.3495,0.6176,0
433127,-8.9546,-2.9897,2.5397,-12.3200,9.7300,63.9800,-0.4213,0.3327,2.1878,0
433166,-10.6565,-1.5990,1.7234,5.8800,-13.1600,131.3900,0.2011,-0.4500,4.4929,0
433205,-8.5166,-6.0320,3.2960,-6.6500,-13.9300,46.9700,-0.2274,-0.4763,1.6061,0
433244,-8.2245,-3.9232,3.3152,-46.5500,1.4700,-1.6800,-1.5918,0.0503,-0.0574,0
433283,-8.5621,-3.3176,3.3224,-58.4500,-6.7900,-5.8100,-1.9987,-0.2322,-0.1987,0
433322,-8.7607,-3.6527,3.1907,-18.6900,-21.2100,-13.3000,-0.6391,-0.7253,-0.4548,0
433361,-9.1461,-2.6952,3.6551,-35.2800,-28.9800,-19.1100,-1.2064,-0.9910,-0.6535,0
433400,-12.0735,-3.8538,3.1740,-24.6400,-10.0100,23.3800,-0.8426,-0.3423,0.7995,0
433439,-10.6397,-2.0657,0.9479,-48.7200,-34.3700,12.5300,-1.6660,-1.1753,0.4285,0
433478,-8.4065,-2.5444,2.7742,14.9100,1.0500,-12.0400,0.5098,0.0359,-0.4117,0
433517,-11.1304,-2.1016,1.7043,1.6800,1.1200,33.1800,0.0574,0.0383,1.1346,0
433556,-10.4985,-0.9287,-0.9718,58.2400,4.6200,14.2100,1.9915,0.1580,0.4859,0
433595,-9.1916,-0.2872,-0.8904,26.3200,35.0700,-10.9900,0.9000,1.1992,-0.3758,0
433634,-8.4232,-3.0830,0.4644,46.4100,76.8600,-9.8700,1.5870,2.6282,-0.3375,0
433673,-8.9187,-3.9160,1.7043,-15.1900,26.5300,12.2500,-0.5194,0.9072,0.4189,0
433712,-10.2496,-0.3088,-0.0455,-49.9800,16.5900,6.1600,-1.7091,0.5673,0.2106,0
433751,-10.8432,-1.6995,0.7229,67.9700,42.8400,-29.4700,2.3242,1.4649,-1.0077,0
433790,-9.7852,-1.5224,2.1519,92.4700,30.0300,-19.7400,3.1620,1.0269,-0.6750,0
433829,-7.7817,-1.4314,1.9556,-21.1400,23.1000,15.8900,-0.7229,0.7899,0.5434,0
433868,-8.6123,-2.1256,0.1077,5.3200,64.9600,11.1300,0.1819,2.2213,0.3806,0
433907,-9.4812,-1.0819,-0.7109,-7.8400,55.3700,-17.5000,-0.2681,1.8934,-0.5984,0
433946,-9.2945,-2.0849,-0.0622,20.4400,76.5800,-32.5500,0.6989,2.6186,-1.1130,0
433985,-9.7661,-2.2117,0.0957,73.7800,87.0800,-44.2400,2.5229,2.9777,-1.5128,0
434024,-8.3275,-1.4314,2.0226,-20.3000,7.3500,-13.0900,-0.6942,0.2513,-0.4476,0
434063,-10.3070,-1.6995,-1.9029,-60.1300,-16.4500,21.7000,-2.0561,-0.5625,0.7420,0
434102,-11.4679,-0.6559,-0.5266,33.6000,-20.5800,-15.4000,1.1489,-0.7037,-0.5266,0
434141,-9.2490,-0.4644,-0.6511,42.9100,-97.4400,-23.1000,1.4673,-3.3319,-0.7899,0
434180,-10.2496,-2.9921,1.1968,121.1000,-82.0400,48.3700,4.1410,-2.8053,1.6540,0
434219,-7.6381,-6.8913,0.9910,61.6700,-105.0700,39.6900,2.1088,-3.5929,1.3572,0
434258,-7.5017,-8.3945,5.3043,45.2200,-61.9500,35.2800,1.5463,-2.1184,1.2064,0
434297,-10.6828,-6.8075,2.4654,-37.1700,-84.5600,27.8600,-1.2710,-2.8915,0.9527,0
434336,-8.4711,-5.8907,2.0250,13.0200,10.6400,-23.3800,0.4452,0.3638,-0.7995,0
434375,-7.8583,-3.0232,3.1548,-96.9500,16.8000,-26.8800,-3.3152,0.5745,-0.9192,0
434414,-8.5238,-2.1902,3.2745,-45.4300,4.4100,-31.6400,-1.5535,0.1508,-1.0819,0
434453,-7.1378,-2.1351,3.2745,-56.0000,-33.7400,-19.8800,-1.9149,-1.1537,-0.6798,0
434492,-9.0312,-3.8729,1.2662,-53.4800,5.4600,22.8200,-1.8287,0.1867,0.7803,0
434531,-8.1743,-4.0500,2.1782,-72.5900,2.3800,33.3900,-2.4822,0.0814,1.1418,0
434570,-8.0163,-2.9609,2.5420,-75.1800,23.8000,50.2600,-2.5708,0.8138,1.7186,0
434609,-8.8996,-2.2213,2.8819,-77.3500,6.1600,39.4100,-2.6450,0.2106,1.3476,0
434648,-8.8900,-3.5402,3.0423,-56.4200,-13.3000,43.4000,-1.9293,-0.4548,1.4841,0
434687,-7.8081,-4.4043,3.7604,-45.0100,-47.8100,9.9400,-1.5391,-1.6349,0.3399,0
434726,-9.2897,-3.0351,3.3463,-80.1500,-60.1300,8.4000,-2.7407,-2.0561,0.2872,0
434765,-14.4528,-4.3780,2.7982,-78.8200,-20.2300,29.4700,-2.6952,-0.6918,1.0077,0
434804,-9.8163,-2.1064,0.0431,-13.9300,-57.4700,-51.5200,-0.4763,-1.9652,-1.7617,0
434843,-7.9972,-2.3769,4.7657,22.1200,-2.1700,-43.9600,0.7564,-0.0742,-1.5032,0
434882,-11.0514,-0.6128,1.9748,-82.3200,5.0400,36.0500,-2.8149,0.1723,1.2327,0
434921,-11.7791,-4.3038,-2.5109,23.5900,-54.6700,29.1200,0.8067,-1.8694,0.9958,0
434960,-8.8230,-4.0046,0.1795,-121.1000,39.2000,8.1900,-4.1410,1.3404,0.2801,0
434999,-7.1546,-2.6713,2.2907,-86.1000,85.2600,-10.5700,-2.9442,2.9155,-0.3614,0
435038,-10.2376,1.5535,-0.7995,-141.8200,105.5600,29.1200,-4.8495,3.6096,0.9958,0
435077,-9.9432,0.4620,1.2399,7.7700,94.2900,47.9500,0.2657,3.2242,1.6396,0
435116,-8.6865,-4.4043,1.0197,10.7800,-28.3500,28.9100,0.3686,-0.9694,0.9886,0
435155,-9.8043,-0.4620,-2.3745,-160.5100,-23.5200,35.0700,-5.4886,-0.8043,1.1992,0
435194,-8.6913,-1.8766,-1.6516,12.8100,93.1000,5.0400,0.4380,3.1835,0.1723,0
435233,-10.0294,-1.0412,0.1221,-98.4900,23.8700,17.1500,-3.3679,0.8162,0.5864,0
435272,-10.5990,0.0048,-0.8186,-77.9100,-15.6100,-11.4800,-2.6641,-0.5338,-0.3926,0
435311,-9.8115,-0.5505,-0.8162,-51.4500,5.6000,-16.2400,-1.7593,0.1915,-0.5553,0
435350,-10.3669,-0.0862,-0.6894,-24.7800,66.5000,-21.5600,-0.8473,2.2740,-0.7372,0
435389,-10.0605,-1.2327,-0.0790,52.6400,47.1800,-35.4900,1.8000,1.6133,-1.2136,0
435428,-9.1892,-2.2596,-0.1843,28.6300,43.8900,9.2400,0.9790,1.5008,0.3160,0
435467,-12.7485,-2.7455,-3.4468,1.7500,-5.8800,47.6000,0.0598,-0.2011,1.6277,0
435506,-9.0408,-1.1753,-2.5133,99.0500,-57.5400,-26.5300,3.3870,-1.9676,-0.9072,0
435545,-5.0673,-0.9910,-1.2327,83.7200,-148.1900,15.2600,2.8628,-5.0673,0.5218,0
435584,-5.4790,-0.3279,4.4402,32.1300,-247.8000,57.3300,1.0987,-8.4735,1.9604,0
435623,-14.6204,-5.2971,-13.6294,-48.3000,-172.2000,26.7400,-1.6516,-5.8884,0.9144,0
435662,-10.8958,-2.7599,0.9598,6.1600,-85.5400,-87.0800,0.2106,-2.9250,-2.9777,0
435701,-8.8469,-5.1272,1.4721,32.1300,-12.3900,-19.3900,1.0987,-0.4237,-0.6630,0
435740,-8.0881,-4.3851,1.8599,-52.5700,-16.3100,-26.3200,-1.7976,-0.5577,-0.9000,0
435779,-7.9373,-3.1500,1.0412,-46.5500,-10.9900,-65.6600,-1.5918,-0.3758,-2.2452,0
435818,-7.2862,-2.0753,1.6253,-42.9100,-13.5800,-80.9900,-1.4673,-0.4644,-2.7694,0
435857,-7.0732,-0.3950,2.1758,-61.3900,-21.2100,-26.0400,-2.0992,-0.7253,-0.8904,0
435896,-8.0474,-3.2554,1.9197,-7.2100,-1.7500,40.8100,-0.2465,-0.0598,1.3955,0
435935,-7.9445,-4.0357,2.8413,14.5600,27.7200,42.9100,0.4979,0.9479,1.4673,0
435974,-9.8020,-4.5982,1.9700,44.1000,35.0700,32.6200,1.5080,1.1992,1.1154,0
436013,-10.1586,1.1322,2.4822,-51.3800,-11.8300,88.6200,-1.7569,-0.4045,3.0303,0
436052,-9.1844,-11.6594,5.6298,2.5200,-90.3700,177.7300,0.0862,-3.0902,6.0775,0
436091,-10.0629,-3.8801,3.9591,15.6100,-40.7400,6.0900,0.5338,-1.3931,0.2082,0
436130,-9.1652,-3.3128,4.5336,60.2700,-8.7500,-7.4200,2.0609,-0.2992,-0.2537,0
436169,-15.3983,-3.7030,3.2242,-111.5800,20.2300,73.8500,-3.8155,0.6918,2.5253,0
436208,-12.3201,-0.3686,-1.6301,40.4600,-13.1600,-46.9700,1.3835,-0.4500,-1.6061,0
436247,-9.0839,-1.3979,-0.0048,22.0500,13.5100,-72.1000,0.7540,0.4620,-2.4654,0
436286,-10.2161,-2.2309,-2.2141,36.6800,50.5400,-57.3300,1.2543,1.7282,-1.9604,0
436325,-9.9312,-1.2016,0.6559,-201.4600,14.8400,-36.8900,-6.8889,0.5075,-1.2614,0
436364,-8.3299,0.4021,1.4745,-53.9700,74.9000,-35.8400,-1.8455,2.5612,-1.2255,0
436403,-8.5333,-2.2309,-0.0598,84.6300,111.3000,-69.6500,2.8939,3.8059,-2.3817,0
436442,-10.0174,-0.4883,-1.3572,0.5600,109.6900,-39.0600,0.0191,3.7508,-1.3357,0
436481,-9.8905,-1.8335,0.7085,102.6200,115.2200,28.0700,3.5091,3.9399,0.9598,0
436520,-8.1408,-3.5737,3.5713,70.2100,27.5800,69.2300,2.4008,0.9431,2.3673,0
436559,-8.0905,-3.6431,2.9370,9.8000,-52.7100,113.6800,0.3351,-1.8024,3.8873,0
436598,-9.8738,-3.0615,-1.6827,17.2200,-6.8600,92.8200,0.5888,-0.2346,3.1740,0
436637,-8.8301,-5.0362,0.2513,24.5700,52.5000,33.5300,0.8402,1.7952,1.1466,0
436676,-9.5746,-1.5415,-0.5027,15.1900,90.2300,-4.8300,0.5194,3.0854,-0.1652,0
436715,-9.2323,-1.0412,0.5936,-163.9400,34.7900,61.2500,-5.6059,1.1896,2.0944,0
436754,-9.6368,-1.9077,-0.7372,30.1000,54.2500,-87.2900,1.0293,1.8551,-2.9849,0
436793,-11.1448,0.1628,0.4404,27.1600,59.3600,-64.6800,0.9287,2.0298,-2.2117,0
436832,-9.7756,-0.8258,-0.4692,59.5000,47.3900,-35.2100,2.0346,1.6205,-1.2040,0
436871,-10.0174,-3.9974,-1.4410,35.2800,5.6000,37.9400,1.2064,0.1915,1.2974,0
436910,-11.8844,-3.7532,-4.0117,-17.1500,-15.4700,46.9000,-0.5864,-0.5290,1.6037,0
436949,-7.4275,-2.2213,-1.3380,125.7900,-72.3100,-73.6400,4.3014,-2.4726,-2.5181,0
436988,-5.0314,-1.8982,-2.0059,52.7100,-162.4000,-70.1400,1.8024,-5.5532,-2.3984,0
437027,-6.9152,0.3016,-1.4649,124.6000,-123.2000,-27.6500,4.2607,-4.2128,-0.9455,0
437066,-12.0209,-1.2926,1.5846,69.6500,-93.6600,129.0100,2.3817,-3.2027,4.4115,0
437105,-12.8515,-8.6458,-3.5641,-39.4800,-93.3100,94.9900,-1.3500,-3.1907,3.2482,0
437144,-9.1605,-3.1740,1.5726,62.1600,-77.7000,-30.1000,2.1256,-2.6569,-1.0293,0
437183,-7.5783,-4.2248,2.0346,-8.1200,3.0100,-36.1200,-0.2777,0.1029,-1.2351,0
437222,-8.2700,-3.5330,2.7790,-45.8500,-1.5400,-31.7800,-1.5678,-0.0527,-1.0867,0
437261,-7.7315,-2.9777,2.2979,-24.0800,36.6100,-23.2400,-0.8234,1.2519,-0.7947,0
437300,-7.1211,-2.5923,2.7862,-73.1500,21.6300,-10.7800,-2.5014,0.7396,-0.3686,0
437339,-8.0881,-1.8240,2.4607,-21.3500,31.0800,23.3100,-0.7301,1.0628,0.7971,0
437378,-8.5597,-1.9365,2.6593,-98.8400,3.2200,75.6000,-3.3798,0.1101,2.5851,0
437417,-8.9283,-2.0178,-0.6894,124.8100,35.8400,3.8500,4.2679,1.2255,0.1317,0
437456,-11.3626,-1.9652,8.1264,166.2500,58.9400,39.3400,5.6849,2.0154,1.3452,0
437495,-16.5712,-0.9216,-5.8979,-313.9500,-196.8400,91.7000,-10.7355,-6.7309,3.1357,0
437534,-8.6722,-6.0607,-0.3950,141.7500,-85.4000,5.3900,4.8471,-2.9202,0.1843,0
437573,-11.2262,-2.7120,0.4189,-3.2200,60.1300,-11.2700,-0.1101,2.0561,-0.3854,0
437612,-9.0934,-2.0059,1.4912,15.4000,37.2400,-21.6300,0.5266,1.2734,-0.7396,0
437651,-10.3908,-0.2346,-2.6306,-77.2800,55.7900,-19.1100,-2.6426,1.9077,-0.6535,0
437690,-8.8613,0.2801,-0.8665,-75.2500,122.5000,-46.4800,-2.5732,4.1889,-1.5894,0
437729,-10.0796,-0.3279,0.3519,110.1800,114.7300,-127.6800,3.7676,3.9232,-4.3660,0
437768,-9.7852,1.4960,3.2817,-43.4700,24.8500,-81.4800,-1.4865,0.8497,-2.7862,0
437807,-11.7312,0.4620,-2.9561,1.7500,15.0500,3.9900,0.0598,0.5146,0.1364,0
437846,-8.0211,-3.1237,1.1226,77.9800,14.9800,-10.8500,2.6665,0.5122,-0.3710,0
437885,-9.5650,-2.7862,0.2346,78.5400,48.0900,10.7100,2.6857,1.6444,0.3662,0
437924,-10.0533,-3.6288,-1.7857,71.6800,40.3200,11.6900,2.4511,1.3787,0.3997,0
437963,-9.1413,-1.9604,0.3016,107.5200,85.1200,-23.3100,3.6766,2.9107,-0.7971,0
438002,-8.9977,-2.1040,1.1968,138.1800,96.8800,-11.4100,4.7250,3.3128,-0.3902,0
438041,-9.0958,-2.6713,0.9766,136.9200,70.2100,5.4600,4.6820,2.4008,0.1867,0
438080,-9.4381,-1.2375,-1.1920,129.5000,37.5900,9.9400,4.4282,1.2854,0.3399,0
438119,-11.4631,-3.0471,0.4883,205.0300,1.0500,71.8200,7.0110,0.0359,2.4559,0
438158,-10.7403,-4.1530,-0.6798,148.3300,-40.2500,47.4600,5.0721,-1.3763,1.6229,0
438197,-11.2764,-4.6102,-4.2008,111.2300,-56.7700,72.5900,3.8035,-1.9412,2.4822,0
438236,-10.5033,-1.6277,-0.7564,89.8100,-8.7500,23.8000,3.0710,-0.2992,0.8138,0
438275,-6.4580,-4.4809,4.3181,251.6500,25.5500,-40.1100,8.6051,0.8737,-1.3716,0
438314,-6.7955,-4.4833,6.2450,139.0900,-8.6100,-33.8100,4.7562,-0.2944,-1.1561,0
438353,-9.9480,-5.1272,1.5487,98.7700,-13.8600,-15.3300,3.3774,-0.4739,-0.5242,0
438392,-8.6602,-4.2870,1.9029,65.2400,-9.5900,-4.4100,2.2309,-0.3279,-0.1508,0
438431,-8.9426,-3.5402,2.8197,94.2900,52.6400,-14.7700,3.2242,1.8000,-0.5051,0
438470,-9.7637,-0.9383,-0.1484,-11.9700,52.9200,13.1600,-0.4093,1.8096,0.4500,0
438509,-8.7775,-3.3631,0.4213,58.8700,52.9200,23.0300,2.0131,1.8096,0.7875,0
438548,-10.9533,-2.4487,0.0383,49.9100,82.9500,-7.4200,1.7067,2.8365,-0.2537,0
438587,-8.7200,-0.3471,0.5194,41.6500,39.6900,-4.6900,1.4242,1.3572,-0.1604,0
438626,-9.2969,-2.7359,2.2955,170.3800,-11.6200,26.4600,5.8261,-0.3973,0.9048,0
438665,-9.0384,-5.9578,0.6176,31.3600,-35.7000,-29.9600,1.0724,-1.2208,-1.0245,0
438704,-8.8660,-2.2883,1.8407,105.1400,21.5600,-43.8900,3.5952,0.7372,-1.5008,0
438743,-8.8062,-1.6612,2.4894,7.3500,17.9900,-0.7000,0.2513,0.6152,-0.0239,0
438782,-8.5573,-2.2165,1.3907,69.7900,8.6800,2.3800,2.3865,0.2968,0.0814,0
438821,-8.1168,-3.1811,1.2638,80.5000,24.0100,-7.2800,2.7527,0.8210,-0.2489,0
438860,-8.3921,-2.8772,1.3524,98.0000,30.4500,-29.8200,3.3511,1.0412,-1.0197,0
438899,-9.1174,-2.7096,1.1178,83.7900,25.6200,-32.6200,2.8652,0.8761,-1.1154,0
438938,-9.3328,-3.8585,1.0843,85.4700,18.5500,-10.2200,2.9226,0.6343,-0.3495,0
438977,-9.5315,-4.4187,1.6516,52.0800,29.1900,23.5900,1.7809,0.9981,0.8067,0
439016,-8.2700,-3.8705,1.1346,46.2000,28.0000,16.3100,1.5798,0.9575,0.5577,0
439055,-11.3315,-4.7298,3.0112,75.0400,53.5500,30.0300,2.5660,1.8311,1.0269,0
439094,-11.8461,-3.7365,-2.0059,-1.6100,-29.5400,18.3400,-0.0551,-1.0101,0.6271,0
439133,-8.4376,-3.0902,1.2375,38.1500,4.6200,25.2700,1.3045,0.1580,0.8641,0
439172,-9.6990,-2.4726,0.1077,20.6500,-26.6000,-5.9500,0.7061,-0.9096,-0.2035,0
439211,-11.3889,-0.1867,-2.6234,63.8400,45.2900,-36.8200,2.1830,1.5487,-1.2591,0
439250,-10.8025,1.6516,-1.8527,17.7100,30.9400,-63.7000,0.6056,1.0580,-2.1782,0
439289,-8.6291,0.3136,1.1202,18.8300,40.1100,-86.1000,0.6439,1.3716,-2.9442,0
439328,-7.8727,-1.0436,1.9173,36.8200,54.3900,-103.2500,1.2591,1.8599,-3.5306,0
439367,-10.3094,-0.6247,-0.9192,4.6200,75.6700,-35.3500,0.1580,2.5875,-1.2088,0
439406,-9.8091,-3.8442,0.4548,149.8000,40.2500,7.0700,5.1224,1.3763,0.2418,0
439445,-9.0887,-4.6197,-0.3782,4.9000,1.7500,52.8500,0.1676,0.0598,1.8072,0
439484,-8.7296,-3.0519,0.5888,22.2600,8.1200,43.6800,0.7612,0.2777,1.4936,0
439523,-9.4788,-2.8772,0.5027,39.2000,25.2000,35.7700,1.3404,0.8617,1.2232,0
439562,-9.1748,-5.1272,0.3878,226.1700,51.8700,-43.8200,7.7339,1.7737,-1.4984,0
439601,-9.1102,-3.4229,0.5649,134.9600,38.0800,-53.5500,4.6149,1.3021,-1.8311,0
439640,-7.9732,-2.2141,1.8551,-31.5700,57.6800,11.2000,-1.0795,1.9724,0.3830,0
439679,-11.1352,-0.4237,-0.9575,-130.6900,104.4400,127.4700,-4.4689,3.5713,4.3588,0
439718,-9.1724,-7.4945,2.2668,152.3200,34.3000,38.0100,5.2086,1.1729,1.2997,0
439757,-9.7708,-3.9758,0.8904,127.1200,33.3900,-20.9300,4.3469,1.1418,-0.7157,0
439796,-10.6732,-4.5551,-1.2064,18.7600,0.2100,6.9300,0.6415,0.0072,0.2370,0
439835,-13.3469,-3.0758,-2.9418,30.5200,-37.3100,24.5700,1.0436,-1.2758,0.8402,0
439874,-10.2424,0.6559,-0.0072,-40.8100,-87.9200,56.2800,-1.3955,-3.0064,1.9245,0
439913,-4.9716,-1.5750,1.2950,143.7100,-139.7200,94.0100,4.9141,-4.7777,3.2147,0
439952,-10.7953,-4.6652,-1.9006,39.1300,-108.9900,12.0400,1.3380,-3.7269,0.4117,0
439991,-13.1171,-5.5245,-2.6617,52.6400,-97.6500,-77.2800,1.8000,-3.3391,-2.6426,0
440030,-9.2466,-2.5061,-0.1221,22.4000,-32.0600,-37.4500,0.7660,-1.0963,-1.2806,0
440069,-7.3317,-4.3756,2.0849,-25.2000,-17.0100,-35.7000,-0.8617,-0.5817,-1.2208,0
440108,-8.5501,-4.3923,2.8077,15.4700,-18.4100,-60.7600,0.5290,-0.6295,-2.0777,0
440147,-8.3538,-3.2434,1.9556,-47.0400,-30.5900,-43.3300,-1.6085,-1.0460,-1.4817,0
440186,-7.8727,-1.5870,1.6660,-99.6800,0.3500,-42.4900,-3.4085,0.0120,-1.4529,0
440225,-7.2503,-1.0867,2.8245,31.2200,33.0400,-23.6600,1.0676,1.1298,-0.8091,0
440264,-6.8961,-3.2075,3.6982,5.6700,28.7000,38.4300,0.1939,0.9814,1.3141,0
440303,-9.6942,-4.8687,2.2764,-123.4100,16.6600,119.4200,-4.2200,0.5697,4.0835,0
440342,-10.0294,-4.9094,0.7899,87.7800,40.5300,24.8500,3.0016,1.3859,0.8497,0
440381,-8.8373,2.2668,4.3301,27.7200,-11.1300,56.3500,0.9479,-0.3806,1.9269,0
440420,-7.9445,-10.0150,8.5333,0.5600,-115.0100,163.0300,0.0191,-3.9328,5.5748,0
440459,-21.3082,-2.7694,-4.0285,-151.9000,-86.5200,56.1400,-5.1942,-2.9585,1.9197,0
440498,-8.1312,-0.1125,-1.0580,24.3600,-46.0600,-95.7600,0.8330,-1.5750,-3.2745,0
440537,-9.8091,-0.7133,0.9742,-23.6600,59.5000,-51.4500,-0.8091,2.0346,-1.7593,0
440576,-9.9647,-3.7652,0.0598,48.3700,21.5600,-71.3300,1.6540,0.7372,-2.4391,0
440615,-9.3855,0.1460,-0.7636,-126.6300,16.8700,-0.2800,-4.3301,0.5769,-0.0096,0
440654,-8.2461,-1.1896,1.3428,-96.6000,65.0300,-17.5000,-3.3032,2.2237,-0.5984,0
440693,-9.5841,-0.4428,-0.4093,-27.5800,126.8400,-54.2500,-0.9431,4.3373,-1.8551,0
440732,-9.4956,2.3434,-0.8043,-39.6200,85.3300,-64.6800,-1.3548,2.9178,-2.2117,0
440771,-9.3711,-1.6755,1.3452,59.0100,59.2200,13.8600,2.0178,2.0250,0.4739,0
440810,-9.5841,-3.9974,-1.3572,-3.0100,7.5600,36.4700,-0.1029,0.2585,1.2471,0
440849,-8.6386,-3.2362,-0.6200,16.1000,10.6400,37.0300,0.5505,0.3638,1.2662,0
440888,-9.9934,-3.7269,-1.0532,20.4400,69.3000,50.6800,0.6989,2.3697,1.7330,0
440927,-9.5051,-3.2936,0.6104,-29.4700,69.8600,42.1400,-1.0077,2.3889,1.4410,0
440966,-9.7684,-2.8269,-0.8665,0.9800,62.0200,-3.2200,0.0335,2.1208,-0.1101,0
441005,-10.1969,-2.4702,-2.2117,-8.5400,43.8200,7.9800,-0.2920,1.4984,0.2729,0
441044,-10.6421,-1.3285,-1.6636,2.4500,69.5800,34.8600,0.0838,2.3793,1.1920,0
441083,-10.6349,0.8162,1.2208,-14.5600,37.1700,59.1500,-0.4979,1.2710,2.0226,0
441122,-10.0054,-2.7096,-0.5625,104.3700,5.3900,-18.7600,3.5689,0.1843,-0.6415,0
441161,-10.0270,-3.2027,-2.0059,124.8100,-33.3200,-35.2100,4.2679,-1.1394,-1.2040,0
441200,-9.7972,-3.2290,-2.9801,61.5300,-26.3900,-8.8200,2.1040,-0.9024,-0.3016,0
441239,-5.2564,1.1106,-2.9250,127.0500,-121.1700,-14.7700,4.3445,-4.1434,-0.5051,0
441278,-6.5466,-3.5091,1.3117,167.1600,-155.4000,32.6900,5.7160,-5.3139,1.1178,0
441317,-14.5868,-4.9141,-0.8689,73.5000,-151.7600,45.9900,2.5133,-5.1894,1.5726,0
441356,-13.2081,-5.3665,-3.9998,-24.7100,-46.9700,-0.3500,-0.8450,-1.6061,-0.0120,0
441395,-6.8219,-2.7000,4.5144,111.8600,-28.9100,-56.7700,3.8250,-0.9886,-1.9412,0
441434,-8.0498,-3.3176,-0.0072,-81.4800,-38.7800,-13.7900,-2.7862,-1.3261,-0.4715,0
441473,-7.8655,-2.8389,1.9748,56.8400,-19.7400,-60.6200,1.9436,-0.6750,-2.0729,0
441512,-7.2432,-4.5862,3.1093,18.9000,-3.0800,-54.1800,0.6463,-0.1053,-1.8527,0
441551,-7.8464,-2.9585,2.5803,-86.3800,13.0900,-39.2000,-2.9538,0.4476,-1.3404,0
441590,-7.5831,-2.7455,3.2984,-13.8600,31.5700,-12.2500,-0.4739,1.0795,-0.4189,0
441629,-7.2503,-4.3492,4.1817,-101.0100,36.6100,101.9200,-3.4540,1.2519,3.4851,0
441668,-9.2299,-0.0790,-1.4194,-13.3700,21.4200,32.3400,-0.4572,0.7325,1.1059,0
441707,-8.0929,0.1867,8.4376,179.6900,-46.9000,123.4100,6.1445,-1.6037,4.2200,0
441746,-21.0233,-12.5403,10.6206,-22.6100,-85.1900,137.9000,-0.7731,-2.9131,4.7155,0
441785,-13.0214,1.1657,-2.6737,13.0900,-123.4100,-106.7500,0.4476,-4.2200,-3.6503,0
441824,-9.5171,-4.2439,1.0341,110.2500,42.5600,-36.2600,3.7700,1.4553,-1.2399,0
441863,-9.7349,-2.4559,0.9024,38.0100,112.8400,-59.4300,1.2997,3.8585,-2.0322,0
441902,-8.8206,-3.1452,-0.2106,-105.7700,19.0400,-93.5200,-3.6168,0.6511,-3.1979,0
441941,-9.5746,1.3285,0.5146,-163.3800,49.7000,-50.1900,-5.5868,1.6995,-1.7162,0
441980,-8.5860,-0.4141,0.4835,-58.9400,104.4400,-23.5200,-2.0154,3.5713,-0.8043,0
442019,-9.8738,0.9479,-1.2375,-4.4800,141.8900,4.7600,-0.1532,4.8519,0.1628,0
442058,-8.1360,-0.8186,2.9418,60.2000,62.5100,29.9600,2.0585,2.1375,1.0245,0
442097,-9.6296,-1.6588,-1.0915,-86.7300,3.3600,37.1700,-2.9657,0.1149,1.2710,0
442136,-9.3017,-3.3439,0.3710,-5.6000,10.5700,29.4700,-0.1915,0.3614,1.0077,0
442175,-9.5267,-4.9381,-1.3763,17.5700,31.5000,19.1100,0.6008,1.0771,0.6535,0
442214,-9.0288,-2.8580,0.2106,-73.0800,75.7400,35.0000,-2.4990,2.5899,1.1968,0
442253,-8.7511,-1.4122,-0.5984,-76.7200,26.5300,27.8600,-2.6234,0.9072,0.9527,0
442292,-11.6738,-0.1101,-3.3655,-10.1500,-0.0700,11.7600,-0.3471,-0.0024,0.4021,0
442331,-11.6690,1.8311,-0.6271,-43.6100,37.9400,25.3400,-1.4912,1.2974,0.8665,0
442370,-10.2017,1.1944,1.9029,121.9400,55.5800,-60.9700,4.1697,1.9006,-2.0849,0
442409,-9.6607,-0.7085,1.1250,142.5200,74.2000,-90.3000,4.8735,2.5373,-3.0878,0
442448,-9.1844,-5.0434,-0.7205,84.5600,34.3700,11.4100,2.8915,1.1753,0.3902,0
442487,-11.7576,-6.1086,-4.1530,-15.1200,-5.6000,83.7900,-0.5170,-0.1915,2.8652,0
442526,-8.3969,-0.4931,-2.9059,196.7000,-90.6500,-49.2100,6.7261,-3.0998,-1.6827,0
442565,-2.7862,-2.5540,0.6678,125.7200,-89.6000,-38.5700,4.2990,-3.0639,-1.3189,0
442604,-8.2581,4.0716,7.0708,-214.3400,-257.2500,106.4700,-7.3293,-8.7966,3.6407,0
442643,-19.5082,-12.2937,-11.7576,83.0200,-191.0300,139.3700,2.8389,-6.5322,4.7657,0
442682,-10.7857,-4.1793,1.4458,-14.4200,-21.1400,-26.7400,-0.4931,-0.7229,-0.9144,0
442721,-5.9697,-5.7759,3.4540,83.7900,-67.7600,-59.0800,2.8652,-2.3170,-2.0202,0
442760,-7.4323,-5.4479,3.1668,-49.5600,-44.4500,-75.4600,-1.6947,-1.5200,-2.5803,0
442799,-7.0565,-2.9944,3.5043,-73.0800,-54.8800,-87.5700,-2.4990,-1.8766,-2.9944,0
442838,-8.2413,-1.0771,3.5282,-98.7700,-16.5200,-7.7700,-3.3774,-0.5649,-0.2657,0
442877,-7.5759,-2.9370,3.3750,-32.8300,-20.0200,35.8400,-1.1226,-0.6846,1.2255,0
442916,-6.9894,-3.3966,3.7149,-51.1000,6.0900,64.2600,-1.7474,0.2082,2.1974,0
442955,-7.2096,-3.4229,3.6048,-88.5500,46.4100,137.3400,-3.0280,1.5870,4.6963,0
442994,-11.4799,-5.7902,0.7708,-68.5300,14.7700,91.3500,-2.3434,0.5051,3.1237,0
443033,-9.5339,-1.1418,0.0072,97.7200,-41.0200,0.0000,3.3415,-1.4027,0.0000,0
443072,-12.9879,-4.9022,9.0695,-123.9000,-127.0500,-10.8500,-4.2367,-4.3445,-0.3710,0
443111,-14.4648,0.7755,-6.2067,-469.2800,-188.1600,-13.5800,-16.0470,-6.4341,-0.4644,0
443150,-8.4376,-1.3739,-0.7636,18.2700,-67.0600,-43.7500,0.6247,-2.2931,-1.4960,0
443189,-9.7517,-5.2947,1.8623,-29.8200,37.8700,24.0800,-1.0197,1.2950,0.8234,0
443228,-8.8852,-1.2854,1.8694,-274.6100,1.8200,51.2400,-9.3903,0.0622,1.7521,0
443267,-7.7602,-0.8665,1.9077,-152.5300,8.5400,31.9900,-5.2157,0.2920,1.0939,0
443306,-8.7416,1.7138,-1.5176,-245.8400,60.1300,82.8800,-8.4065,2.0561,2.8341,0
443345,-10.9126,-1.0053,-1.3931,51.2400,158.9700,70.7700,1.7521,5.4360,2.4200,0
443384,-8.9163,-2.0035,5.1846,-78.0500,56.2800,43.1900,-2.6689,1.9245,1.4769,0
443423,-9.7349,-0.7612,3.3343,-163.5200,-141.8900,-7.9100,-5.5915,-4.8519,-0.2705,0
443462,-11.7480,2.4080,-3.7772,-278.7400,-100.5900,9.2400,-9.5315,-3.4397,0.3160,0
443501,-7.2312,-2.8748,3.0639,-33.6700,-36.7500,-24.6400,-1.1513,-1.2567,-0.8426,0
443540,-10.5751,-1.6612,1.1753,-164.7800,39.4100,37.6600,-5.6346,1.3476,1.2878,0
443579,-9.6727,-2.1447,1.4482,-140.9100,-29.4700,8.9600,-4.8184,-1.0077,0.3064,0
443618,-10.3070,0.0120,0.5122,-129.7800,0.2100,-23.1000,-4.4378,0.0072,-0.7899,0
443657,-10.5177,-0.6415,0.0359,-88.5500,26.6000,-20.7900,-3.0280,0.9096,-0.7109,0
443696,-9.8139,-0.6750,1.8024,-58.2400,-8.7500,-49.4900,-1.9915,-0.2992,-1.6923,0
443735,-9.5961,0.0527,-0.2801,-129.4300,-35.0700,-37.3100,-4.4258,-1.1992,-1.2758,0
443774,-9.7852,-1.7019,0.2250,-76.5100,6.0200,-7.1400,-2.6162,0.2059,-0.2442,0
443813,-10.6708,-1.0843,0.4069,-84.3500,19.3200,-25.0600,-2.8843,0.6606,-0.8569,0
443852,-9.9192,-0.8378,0.1604,-52.3600,0.0700,-43.0500,-1.7904,0.0024,-1.4721,0
443891,-8.9905,-1.7952,0.7157,-52.7100,10.2200,-35.2800,-1.8024,0.3495,-1.2064,0
443930,-8.3801,-2.2668,0.4644,-10.9900,14.7000,-32.9000,-0.3758,0.5027,-1.1250,0
443969,-9.5147,-2.8508,1.4146,9.1000,23.5900,1.7500,0.3112,0.8067,0.0598,0
444008,-13.2368,-3.8777,-1.4146,-89.5300,-74.4100,56.3500,-3.0615,-2.5444,1.9269,0
444047,-9.1341,-2.0968,-2.6569,65.6600,-106.6100,-31.0100,2.2452,-3.6455,-1.0604,0
444086,-7.9636,-4.7155,0.2394,-5.6700,-128.3800,42.2800,-0.1939,-4.3899,1.4458,0
444125,-9.8714,-6.1684,-4.0979,-60.7600,-102.5500,23.7300,-2.0777,-3.5067,0.8114,0
444164,-9.1246,-5.3258,-2.0131,-70.2800,-13.1600,-75.8100,-2.4032,-0.4500,-2.5923,0
444203,-8.1384,-4.5527,1.8072,-34.4400,-45.9900,-93.5900,-1.1777,-1.5726,-3.2003,0
444242,-8.8541,-4.6197,3.3415,-150.0800,-64.1900,-46.9700,-5.1320,-2.1950,-1.6061,0
444281,-8.0354,-3.6144,1.8048,-94.4300,-79.4500,-2.4500,-3.2290,-2.7168,-0.0838,0
444320,-7.4346,-3.8538,1.8910,-72.1700,-60.2700,41.7200,-2.4678,-2.0609,1.4266,0
444359,-8.0163,-3.7796,1.3404,-57.0500,-60.4800,45.0800,-1.9508,-2.0681,1.5415,0
444398,-7.7147,-4.3588,1.4769,-0.9100,-33.1800,33.4600,-0.0311,-1.1346,1.1442,0
444437,-7.4251,-3.1716,2.0418,-88.7600,-25.3400,37.5200,-3.0351,-0.8665,1.2830,0
444476,-7.6214,-3.7484,3.2721,-30.4500,-0.9100,81.9000,-1.0412,-0.0311,2.8006,0
444515,-8.8349,-4.9285,3.3798,-46.6900,14.9800,82.1100,-1.5966,0.5122,2.8077,0
444554,-8.9259,-0.8114,1.5918,2.1700,-3.9900,26.3200,0.0742,-0.1364,0.9000,0
444593,-9.3328,-1.4841,6.3096,97.5100,-4.3400,84.0000,3.3343,-0.1484,2.8724,0
444632,-8.3921,-8.4017,5.9386,-156.0300,-103.7400,117.0400,-5.3354,-3.5474,4.0022,0
444671,-22.1412,-5.0625,3.5522,-47.8100,-30.9400,86.3800,-1.6349,-1.0580,2.9538,0
444710,-9.8857,0.1269,-2.0011,104.9300,-89.7400,-88.4100,3.5881,-3.0686,-3.0232,0
444749,-10.5416,-0.0574,0.8091,-57.0500,55.7200,14.8400,-1.9508,1.9053,0.5075,0
444788,-10.7211,-2.7742,-1.8694,22.7500,27.6500,25.2700,0.7779,0.9455,0.8641,0
444827,-9.8283,-0.6032,-0.2992,-181.9300,47.1100,22.1900,-6.2211,1.6109,0.7588,0
444866,-7.8033,-2.9155,0.4261,27.4400,115.9200,-57.7500,0.9383,3.9639,-1.9748,0
444905,-9.7278,0.3471,-0.7708,-58.1000,137.6200,-107.3100,-1.9867,4.7059,-3.6695,0
444944,-9.0551,5.0649,2.8245,-36.4700,78.0500,-38.5700,-1.2471,2.6689,-1.3189,0
444983,-9.5530,-4.7298,-2.2069,42.6300,40.5300,36.8200,1.4577,1.3859,1.2591,0
445022,-9.7924,-2.2596,-1.8240,34.1600,10.3600,17.9900,1.1681,0.3543,0.6152,0
445061,-9.0264,-3.3894,-0.9383,33.3200,0.1400,17.7100,1.1394,0.0048,0.6056,0
445100,-9.2083,-2.7168,-0.6008,18.8300,33.2500,36.7500,0.6439,1.1370,1.2567,0
445139,-9.6990,-7.7003,0.5003,72.4500,48.5800,54.1800,2.4774,1.6612,1.8527,0
445178,-9.6320,-2.7096,-1.4936,7.4200,47.7400,-14.3500,0.2537,1.6325,-0.4907,0
445217,-10.3142,-1.8623,-1.1346,-18.9700,48.9300,-1.6100,-0.6487,1.6732,-0.0551,0
445256,-9.4668,-0.9886,0.2777,-10.0800,42.2100,5.6700,-0.3447,1.4434,0.1939,0
445295,-10.0437,-0.3255,0.5051,24.7100,27.7900,6.4400,0.8450,0.9503,0.2202,0
445334,-8.4472,-1.7186,0.0718,113.6800,39.6200,-59.1500,3.8873,1.3548,-2.0226,0
445373,-10.5512,-3.8011,-0.1101,99.4700,12.8100,-13.8600,3.4014,0.4380,-0.4739,0
445412,-11.1568,-3.1237,-2.4080,-21.4200,-34.8600,31.1500,-0.7325,-1.1920,1.0652,0
445451,-6.9368,1.8311,-2.8006,138.0400,-114.5900,-57.8900,4.7203,-3.9184,-1.9795,0
445490,-3.7939,-2.3027,1.2351,184.8000,-113.1200,12.1800,6.3192,-3.8681,0.4165,0
445529,-10.3477,-4.1745,1.8670,29.6100,-178.2900,60.0600,1.0125,-6.0966,2.0537,0
445568,-15.1876,-9.0527,-3.2194,27.8600,-92.5400,48.2300,0.9527,-3.1644,1.6492,0
445607,-9.2754,-4.6389,1.7450,30.0300,-58.3100,-14.7000,1.0269,-1.9939,-0.5027,0
445646,-9.0168,-5.3211,1.0915,-105.8400,-30.3800,-20.7200,-3.6192,-1.0388,-0.7085,0
445685,-6.4748,-4.6867,3.6886,-75.4600,-77.3500,-78.6800,-2.5803,-2.6450,-2.6905,0
445724,-7.7769,-2.5947,3.1117,-132.1600,-3.5700,-38.1500,-4.5192,-0.1221,-1.3045,0
445763,-8.0307,0.6511,2.2476,-167.9300,-16.5200,25.2000,-5.7423,-0.5649,0.8617,0
445802,-7.1091,-3.4038,3.4421,-15.1900,-3.9200,51.5200,-0.5194,-0.1340,1.7617,0
445841,-8.0354,-3.2769,3.3080,-163.1000,0.0000,89.2500,-5.5772,0.0000,3.0519,0
445880,-10.2567,-2.0920,0.5936,-93.7300,19.8800,70.8400,-3.2051,0.6798,2.4224,0
445919,-9.3424,0.6702,-0.2753,-17.9200,11.9000,31.4300,-0.6128,0.4069,1.0747,0
445958,-18.4406,-4.5599,17.4927,132.9300,-27.0200,98.2800,4.5455,-0.9239,3.3607,0
445997,-12.5163,2.6665,-11.0203,-367.8500,-214.2000,30.8700,-12.5786,-7.3245,1.0556,0
446036,-10.9964,-3.5593,0.7037,22.0500,-20.3700,-10.2900,0.7540,-0.6965,-0.3519,0
446075,-9.7038,-3.0615,0.0742,-47.8800,21.3500,39.2700,-1.6372,0.7301,1.3428,0
446114,-8.2676,-1.8718,0.1795,-181.8600,56.0700,22.1900,-6.2187,1.9173,0.7588,0
446153,-7.6214,-0.4452,0.5769,-89.4600,100.5900,-39.6900,-3.0591,3.4397,-1.3572,0
446192,-10.7307,2.6354,-1.6827,-151.4100,181.0900,13.2300,-5.1774,6.1923,0.4524,0
446231,-9.3184,0.0598,2.0537,71.2600,123.2000,12.0400,2.4367,4.2128,0.4117,0
446270,-7.9469,-3.2506,4.5264,-25.6200,1.3300,17.5700,-0.8761,0.0455,0.6008,0
446309,-10.1466,-2.5301,-1.0867,-178.9200,-110.7400,15.3300,-6.1181,-3.7867,0.5242,0
446348,-9.0743,-1.3452,-2.1974,-47.8800,-47.1800,-13.6500,-1.6372,-1.6133,-0.4668,0
446387,-8.4878,-3.7628,-0.0335,-66.2900,28.0700,3.7800,-2.2668,0.9598,0.1293,0
446426,-10.4123,-1.2112,0.3758,-160.1600,54.6700,18.4100,-5.4766,1.8694,0.6295,0
446465,-9.7062,-0.9024,-0.0527,-90.1600,24.5000,0.0700,-3.0830,0.8378,0.0024,0
446504,-10.5512,0.5649,-0.3734,-45.7100,51.3800,-21.7700,-1.5630,1.7569,-0.7444,0
446543,-12.4996,0.1293,-0.6989,-2.2400,44.4500,-7.9100,-0.0766,1.5200,-0.2705,0
446582,-10.3142,0.5697,0.2130,-13.1600,4.2700,-10.5700,-0.4500,0.1460,-0.3614,0
446621,-10.1155,-0.5362,-1.6779,-35.1400,-14.9800,-7.8400,-1.2016,-0.5122,-0.2681,0
446660,-9.8139,-2.6162,-1.9101,53.9700,5.0400,-19.3900,1.8455,0.1723,-0.6630,0
446699,-8.3658,-2.9346,-2.2740,80.2200,-26.9500,-50.3300,2.7431,-0.9216,-1.7210,0
446738,-6.4054,-3.4085,-3.4732,80.5700,-103.1800,-54.5300,2.7551,-3.5282,-1.8646,0
446777,-6.4844,-1.6253,-1.1083,32.3400,-98.8400,-8.4700,1.1059,-3.3798,-0.2896,0
446816,-14.3116,-0.5457,4.4115,-89.5300,-228.6900,149.0300,-3.0615,-7.8200,5.0961,0
446855,-11.7647,-7.6190,-10.1778,-96.0400,-155.9600,78.9600,-3.2841,-5.3330,2.7000,0
446894,-9.3783,-1.6277,-0.0814,150.0100,-78.7500,-71.6100,5.1296,-2.6928,-2.4487,0
446933,-7.5280,-3.2003,2.2955,3.5000,-25.0600,-40.6000,0.1197,-0.8569,-1.3883,0
446972,-8.0905,-1.8862,2.2764,-20.0900,-39.2000,-68.4600,-0.6870,-1.3404,-2.3410,0
447011,-6.7692,-0.3782,3.8585,28.2800,-15.6800,-53.9000,0.9670,-0.5362,-1.8431,0
447050,-6.0966,-1.1968,2.7934,45.3600,-0.0700,-6.5100,1.5511,-0.0024,-0.2226,0
447089,-4.9668,-2.6067,5.9889,23.1700,22.7500,40.8100,0.7923,0.7779,1.3955,0
447128,-9.3543,-7.9325,3.4109,38.3600,95.6200,122.2900,1.3117,3.2697,4.1817,0
447167,-10.8097,-5.5149,1.6564,65.1700,50.5400,57.7500,2.2285,1.7282,1.9748,0
447206,-9.3424,-6.3120,6.2450,-79.7300,-66.7100,112.0000,-2.7264,-2.2811,3.8298,0
447245,-11.1568,-1.2112,-0.4811,57.2600,-51.1000,-17.4300,1.9580,-1.7474,-0.5960,0
447284,-22.4356,-1.9125,2.5468,0.8400,22.4000,-68.1800,0.0287,0.7660,-2.3314,0
447323,-8.4687,1.9676,-2.0992,148.6800,-81.3400,-196.9800,5.0841,-2.7814,-6.7357,0
447362,-7.3341,-2.4008,5.3091,142.8000,44.6600,-40.1800,4.8830,1.5271,-1.3739,0
447401,-9.5554,-5.0625,0.0048,-154.9800,11.2700,47.7400,-5.2995,0.3854,1.6325,0
447440,-8.3227,-2.5277,1.9029,-123.9700,49.1400,16.8000,-4.2391,1.6803,0.5745,0
447479,-10.2328,-1.7474,0.3638,-78.8900,121.1700,-44.6600,-2.6976,4.1434,-1.5271,0
447518,-9.7565,0.1077,-0.9048,-61.8800,116.5500,-86.1700,-2.1160,3.9854,-2.9466,0
447557,-7.0158,0.5051,2.5732,29.6800,75.8100,-62.0900,1.0149,2.5923,-2.1232,0
447596,-7.9828,-0.5864,3.0543,29.6100,45.7800,42.9100,1.0125,1.5654,1.4673,0
447635,-8.8900,-1.0747,2.5205,-45.0800,-52.1500,156.5200,-1.5415,-1.7833,5.3522,0
447674,-11.0897,-3.0686,-2.8125,-65.4500,-52.5700,107.5200,-2.2381,-1.7976,3.6766,0
447713,-8.3179,-8.2269,1.0077,120.9600,103.1100,-63.4900,4.1362,3.5258,-2.1710,0
447752,-9.6942,-1.5511,0.7492,-181.6500,91.1400,-44.0300,-6.2115,3.1165,-1.5056,0
447791,-9.5698,-0.6511,-1.3524,-133.9100,24.2200,34.7900,-4.5790,0.8282,1.1896,0
447830,-10.9701,0.7205,-1.3692,-19.5300,56.7000,-22.4700,-0.6678,1.9388,-0.7684,0
447869,-9.9551,1.0747,2.7766,203.4200,83.7900,-111.0900,6.9559,2.8652,-3.7987,0
447908,-8.9738,-2.6593,1.5990,106.6100,26.6000,-38.5700,3.6455,0.9096,-1.3189,0
447947,-13.2440,-4.9931,-1.5942,-84.7700,-29.4000,116.7600,-2.8987,-1.0053,3.9926,0
447986,-10.6924,-3.5115,-2.8293,-8.6800,-58.1000,22.0500,-0.2968,-1.9867,0.7540,0
448025,-7.2336,0.5553,-1.5894,185.8500,-41.9300,-87.3600,6.3551,-1.4338,-2.9873,0
448064,-4.8136,-3.7245,-1.6133,178.5000,-79.9400,-21.3500,6.1038,-2.7335,-0.7301,0
448103,-10.2807,-0.7085,9.8522,-164.9900,-247.5200,120.4000,-5.6418,-8.4639,4.1171,0
448142,-18.9361,-9.9025,-14.0650,-76.4400,-140.3500,66.4300,-2.6139,-4.7992,2.2716,0
448181,-7.7889,-2.8365,5.0075,-20.7900,-44.2400,-45.5000,-0.7109,-1.5128,-1.5559,0
448220,-8.4113,-3.5833,2.0657,-163.9400,-23.1000,29.2600,-5.6059,-0.7899,1.0005,0
448259,-6.9033,-6.9344,2.2764,-121.3800,-34.3700,-97.9300,-4.1506,-1.1753,-3.3487,0
448298,-8.5740,4.3612,3.9830,-340.0600,-79.7300,-25.6200,-11.6283,-2.7264,-0.8761,0
448337,-7.4299,-3.2075,3.2123,39.5500,-28.4200,4.3400,1.3524,-0.9718,0.1484,0
448376,-7.4514,-0.0981,2.9753,-94.9900,-33.2500,48.1600,-3.2482,-1.1370,1.6468,0
448415,-8.1312,-2.3075,3.2577,-40.8800,-19.1100,58.3100,-1.3979,-0.6535,1.9939,0
448454,-9.3304,-4.0668,3.5641,-80.3600,16.7300,76.1600,-2.7479,0.5721,2.6043,0
448493,-11.1687,-5.6251,0.5936,71.5400,55.3700,27.7900,2.4463,1.8934,0.9503,0
448532,-8.1480,-0.7540,3.9160,47.3200,-129.2200,2.6600,1.6181,-4.4187,0.0910,0
448571,-21.2747,-8.8469,10.0126,95.9700,-15.4700,70.7700,3.2817,-0.5290,2.4200,0
448610,-8.8325,1.2375,-4.4617,-67.6900,-116.0600,-55.2300,-2.3147,-3.9687,-1.8886,0
448649,-7.5041,-5.3163,3.0016,144.7600,56.0700,-28.9800,4.9500,1.9173,-0.9910,0
448688,-11.2166,-2.4152,0.7061,-118.0900,9.8700,55.7900,-4.0381,0.3375,1.9077,0
448727,-10.9892,-1.0436,0.5673,-181.3700,30.4500,12.3900,-6.2019,1.0412,0.4237,0
448766,-7.7889,-0.6128,0.3854,-61.2500,92.5400,-64.8900,-2.0944,3.1644,-2.2189,0
448805,-9.3591,1.4553,-1.1059,-30.6600,155.8900,-56.9800,-1.0484,5.3306,-1.9484,0
448844,-8.3155,1.4601,2.8436,14.2800,115.7100,12.5300,0.4883,3.9567,0.4285,0
448883,-8.0977,-2.8341,2.7551,59.9200,55.0200,53.9700,2.0490,1.8814,1.8455,0
448922,-9.6176,-2.7000,-2.5899,-73.4300,3.1500,49.3500,-2.5109,0.1077,1.6875,0
448961,-9.8618,-4.1290,-1.0867,-64.2600,27.3700,57.5400,-2.1974,0.9359,1.9676,0
449000,-9.6296,-2.9035,0.2705,-58.9400,77.0000,29.4700,-2.0154,2.6330,1.0077,0
449039,-8.9762,-1.0364,0.5386,-6.2300,48.5800,-20.9300,-0.2130,1.6612,-0.7157,0
449078,-10.9485,0.1819,-0.7109,-7.4900,20.3000,-27.2300,-0.2561,0.6942,-0.9311,0
449117,-11.3913,0.3710,-1.3907,-60.5500,21.0700,23.2400,-2.0705,0.7205,0.7947,0
449156,-9.9408,-1.6947,-0.1963,104.7200,49.7000,-62.7200,3.5809,1.6995,-2.1447,0
449195,-9.9480,-2.1471,0.1795,123.4100,40.3900,-45.5000,4.2200,1.3811,-1.5559,0
449234,-12.4517,-3.7724,-3.9998,-71.8200,-19.3200,54.3200,-2.4559,-0.6606,1.8575,0
449273,-8.6051,-1.3045,-5.5030,210.7700,-36.8900,-78.5400,7.2073,-1.2614,-2.6857,0
449312,-3.0758,0.7564,4.6245,-42.7000,-179.9000,58.5900,-1.4601,-6.1517,2.0035,0
449351,-13.3804,-6.0535,8.6123,138.5300,-221.4800,124.6700,4.7370,-7.5735,4.2631,0
449390,-13.6270,-8.4974,-13.8041,-158.7600,-182.4900,79.1700,-5.4288,-6.2402,2.7072,0
449429,-6.9918,-2.5277,4.4211,74.4100,-62.1600,-45.6400,2.5444,-2.1256,-1.5607,0
449468,-6.4030,-4.5383,3.3056,-83.5800,-31.6400,-17.8500,-2.8580,-1.0819,-0.6104,0
449507,-8.4136,-4.0381,1.0628,-69.8600,-1.0500,-61.8800,-2.3889,-0.0359,-2.1160,0
449546,-6.4006,-2.9849,3.8298,-88.2700,-50.9600,-87.7100,-3.0184,-1.7426,-2.9992,0
449585,-8.0833,-0.5697,1.2926,-158.5500,-8.4000,-17.9200,-5.4216,-0.2872,-0.6128,0
449624,-6.8219,-3.0663,3.6934,4.1300,5.3900,34.0200,0.1412,0.1843,1.1633,0
449663,-8.1288,-5.3354,4.0979,-82.1800,34.5100,102.0600,-2.8101,1.1801,3.4899,0
449702,-9.4692,-5.4958,1.6277,-63.9800,-0.3500,79.9400,-2.1878,-0.0120,2.7335,0
449741,-11.1927,0.4213,-2.3960,120.5400,66.0100,68.1800,4.1218,2.2572,2.3314,0
449780,-8.5668,-0.0718,15.4964,137.6200,-45.9900,250.7400,4.7059,-1.5726,8.5740,0
449819,-22.5218,-8.4950,4.8782,-394.9400,-155.1200,157.2900,-13.5049,-5.3043,5.3785,0
449858,-10.9078,0.9407,0.7061,69.8600,-62.9300,-201.9500,2.3889,-2.1519,-6.9057,0
449897,-11.9371,1.6995,-1.0867,-82.5300,20.5100,-49.7700,-2.8221,0.7013,-1.7019,0
449936,-10.3238,-1.6205,-1.1083,-69.7200,22.1900,0.4900,-2.3841,0.7588,0.0168,0
449975,-9.9671,-3.6982,0.4045,-241.4300,15.3300,-56.7000,-8.2557,0.5242,-1.9388,0
450014,-8.8780,1.6540,3.8418,-236.2500,60.1300,-125.5100,-8.0785,2.0561,-4.2918,0
450053,-9.9958,2.6282,-4.8447,-35.7700,98.9100,-88.3400,-1.2232,3.3822,-3.0208,0
450092,-8.4519,-0.8665,2.4152,80.0100,138.2500,2.0300,2.7359,4.7274,0.0694,0
450131,-8.6841,-3.7269,3.8059,74.2000,80.3600,103.3200,2.5373,2.7479,3.5330,0
450170,-9.2777,-4.4929,1.1226,-31.0800,-28.2100,181.4400,-1.0628,-0.9646,6.2043,0
450209,-8.6458,-9.5650,-2.9753,-75.3900,-44.1700,144.4800,-2.5780,-1.5104,4.9405,0
450248,-9.7589,-4.5934,-0.7588,20.5800,46.2700,-2.2400,0.7037,1.5822,-0.0766,0
450287,-11.3195,-0.6654,0.6846,-62.2300,88.2000,3.2900,-2.1279,3.0160,0.1125,0
450326,-9.8738,-0.0287,-0.7923,-47.1800,47.5300,26.4600,-1.6133,1.6253,0.9048,0
450365,-10.5105,-0.9096,0.5697,-3.4300,39.4100,-0.4900,-0.1173,1.3476,-0.0168,0
450404,-9.3376,-0.7205,1.1011,176.0500,99.4000,-133.2800,6.0200,3.3990,-4.5575,0
450443,-11.5517,-2.7024,-0.8378,159.3900,55.0900,-61.8800,5.4503,1.8838,-2.1160,0
450482,-10.6134,-2.6258,-4.8663,33.3900,-110.8100,25.9700,1.1418,-3.7891,0.8880,0
450521,-4.9716,-5.5868,1.5966,145.5300,-66.4300,68.1100,4.9764,-2.2716,2.3290,0
450560,-11.2597,-6.4461,8.7224,-112.9800,-262.5700,39.4800,-3.8633,-8.9785,1.3500,0
450599,-17.1648,-0.1245,-17.5550,-378.5600,-244.5100,-31.8500,-12.9448,-8.3610,-1.0891,0
450638,-7.5783,-1.7641,2.6450,-98.1400,-35.7000,-46.2000,-3.3559,-1.2208,-1.5798,0
450677,-6.8913,-2.8604,4.1195,-38.8500,-86.2400,-41.5800,-1.3285,-2.9490,-1.4218,0
450716,-8.6746,-0.9503,1.8694,-179.2700,-117.3900,36.8900,-6.1301,-4.0141,1.2614,0
450755,-8.3586,-4.6461,1.0245,56.2800,-100.1700,10.4300,1.9245,-3.4253,0.3567,0
450794,-9.2442,-2.6737,2.9442,-118.8600,-57.2600,30.4500,-4.0644,-1.9580,1.0412,0
450833,-7.8344,-1.9365,2.7742,-68.9500,-41.5800,12.3200,-2.3577,-1.4218,0.4213,0
450872,-7.0253,-2.7503,3.5976,-25.0600,-29.9600,18.2700,-0.8569,-1.0245,0.6247,0
450911,-7.5041,-1.9556,4.5359,-45.7800,-25.6900,42.7000,-1.5654,-0.8785,1.4601,0
450950,-7.7362,-2.3242,4.8687,-97.9300,30.8700,72.4500,-3.3487,1.0556,2.4774,0
450989,-8.7105,-3.9016,4.6102,-143.1500,37.9400,90.8600,-4.8950,1.2974,3.1069,0
451028,-10.8025,-2.9202,3.2123,-45.9900,39.2000,25.2700,-1.5726,1.3404,0.8641,0
451067,-10.2304,1.1705,4.1195,-156.5900,-43.1900,65.8000,-5.3546,-1.4769,2.2500,0
451106,-12.7485,-1.8886,3.0303,26.8100,-32.4100,3.7100,0.9168,-1.1083,0.1269,0
451145,-17.6387,1.2088,-8.2485,-16.9400,-63.2100,-46.5500,-0.5793,-2.1615,-1.5918,0
451184,-7.1115,-4.2224,-3.2817,-11.2000,-78.9600,-48.1600,-0.3830,-2.7000,-1.6468,0
451223,-9.0527,-5.4527,2.6306,-51.5200,75.2500,17.8500,-1.7617,2.5732,0.6104,0
451262,-7.4179,-4.7681,1.2950,-91.7700,12.8800,29.4700,-3.1381,0.4404,1.0077,0
451301,-9.2634,-1.6444,1.5080,-183.3300,65.3800,-2.6600,-6.2689,2.2357,-0.0910,0
451340,-9.4501,2.0801,-1.6372,-211.6100,93.8700,-36.7500,-7.2360,3.2099,-1.2567,0
451379,-9.3424,1.5463,-2.4702,39.9000,167.5800,-37.8000,1.3644,5.7304,-1.2926,0
451418,-9.4262,-0.7899,3.3248,36.1900,92.4700,55.1600,1.2375,3.1620,1.8862,0
451457,-10.0700,-3.4851,1.7593,2.7300,-24.9900,114.4500,0.0934,-0.8545,3.9136,0
451496,-9.9240,-5.8668,-3.8705,-119.0700,-97.0200,122.6400,-4.0716,-3.3176,4.1937,0
451535,-10.3669,-2.8053,-0.4380,-80.1500,-42.0000,62.0200,-2.7407,-1.4362,2.1208,0
451574,-10.9318,-1.1968,-0.6726,-39.3400,17.5000,10.6400,-1.3452,0.5984,0.3638,0
451613,-9.9815,-0.5122,0.2226,23.8700,54.0400,-38.2200,0.8162,1.8479,-1.3069,0
451652,-10.1873,0.1029,1.2423,-91.9100,52.6400,-17.0800,-3.1428,1.8000,-0.5840,0
451691,-8.8732,0.1747,0.0814,30.5900,97.2300,-99.2600,1.0460,3.3248,-3.3942,0
451730,-9.5363,-0.2633,-0.0742,131.1800,52.2900,-142.4500,4.4857,1.7880,-4.8711,0
451769,-11.8701,-4.1242,-5.0865,-8.1900,-22.5400,19.4600,-0.2801,-0.7708,0.6654,0
451808,-6.1301,0.4452,-5.1296,90.5800,-98.5600,-13.5100,3.0974,-3.3702,-0.4620,0
451847,-10.5057,-6.1947,8.2078,35.8400,-231.8400,26.8100,1.2255,-7.9277,0.9168,0
451886,-17.4472,-3.1309,-20.0013,-364.8400,-292.1800,22.1200,-12.4757,-9.9911,0.7564,0
451925,-8.1384,-6.3767,-0.9694,-77.9100,-59.9900,-15.1200,-2.6641,-2.0513,-0.5170,0
451964,-7.3341,-5.4766,4.3109,38.0800,-49.9100,-34.5800,1.3021,-1.7067,-1.1825,0
452003,-7.2240,-3.1716,3.3128,-213.7100,-57.0500,28.9800,-7.3078,-1.9508,0.9910,0
452042,-7.9756,-2.9609,2.2835,-46.4800,-89.3200,-3.6400,-1.5894,-3.0543,-0.1245,0
452081,-7.7362,-0.5888,3.2936,-173.1100,-66.6400,37.7300,-5.9195,-2.2787,1.2902,0
452120,-8.8301,-0.5290,1.8623,-116.6200,-21.9100,51.1000,-3.9878,-0.7492,1.7474,0
452159,-8.6674,-1.7545,1.8838,-102.4800,-19.8100,63.2800,-3.5043,-0.6774,2.1639,0
452198,-7.6525,-3.3296,4.1171,-55.3700,-1.4700,43.2600,-1.8934,-0.0503,1.4793,0
452237,-10.6708,-2.4319,2.1519,-29.4700,12.2500,29.3300,-1.0077,0.4189,1.0029,0
452276,-8.8301,0.8162,6.0009,61.6700,-38.1500,60.3400,2.1088,-1.3045,2.0633,0
452315,-7.4849,-8.9570,7.0469,-80.2200,-103.8800,101.4300,-2.7431,-3.5522,3.4684,0
452354,-21.0138,-6.1684,4.2990,-157.7100,-11.2700,53.0600,-5.3929,-0.3854,1.8144,0
452393,-8.5549,3.0351,-1.8431,-62.5800,-126.6300,-122.8500,-2.1399,-4.3301,-4.2008,0
452432,-6.6735,-4.9740,2.9968,48.5800,-4.5500,-16.0300,1.6612,-0.1556,-0.5481,0
452471,-13.2057,-1.6564,-3.1955,-234.2200,23.5200,107.3800,-8.0091,0.8043,3.6718,0
452510,-11.8772,-4.2104,-1.7330,-61.3900,24.5000,31.9200,-2.0992,0.8378,1.0915,0
452549,-7.3269,-1.5822,4.3109,-167.9300,95.6200,3.0800,-5.7423,3.2697,0.1053,0
452588,-7.4801,2.7838,0.7899,-160.3000,108.2200,-20.2300,-5.4814,3.7006,-0.6918,0
452627,-9.8187,1.2567,-4.0333,12.9500,159.0400,-25.0600,0.4428,5.4383,-0.8569,0
452666,-9.0743,0.7468,1.2303,32.8300,158.9700,21.4900,1.1226,5.4360,0.7348,0
452705,-8.7679,-5.8836,-0.8162,-68.3900,-44.0300,114.3100,-2.3386,-1.5056,3.9088,0
452744,-10.3740,-1.9628,-4.6532,-30.5900,-62.8600,25.9000,-1.0460,-2.1495,0.8856,0
452783,-9.6272,-2.6522,-1.7952,-73.2900,3.2900,-3.2900,-2.5061,0.1125,-0.1125,0
452822,-9.2921,-1.0747,0.5769,15.4700,37.8700,-4.4800,0.5290,1.2950,-0.1532,0
452861,-12.0328,-2.3051,-1.6229,6.1600,20.8600,24.8500,0.2106,0.7133,0.8497,0
452900,-12.1908,-0.2968,0.0120,-27.8600,46.8300,19.6000,-0.9527,1.6013,0.6702,0
452939,-8.6458,0.2394,0.3973,71.6800,100.5200,-33.6000,2.4511,3.4373,-1.1489,0
452978,-9.4980,-0.2202,-0.7157,146.5100,74.6900,10.7100,5.0099,2.5540,0.3662,0
453017,-10.7068,-3.8753,-3.9758,57.1900,-13.3000,61.4600,1.9556,-0.4548,2.1016,0
453056,-5.1583,1.2208,-2.9777,168.5600,-172.5500,-6.7200,5.7639,-5.9003,-0.2298,0
453095,-5.5293,-5.4479,5.1966,204.6800,-158.5500,17.8500,6.9990,-5.4216,0.6104,0
453134,-15.7741,-6.3048,-2.2907,-102.2000,-228.7600,-44.2400,-3.4947,-7.8224,-1.5128,0
453173,-9.3400,-5.3546,0.9287,97.9300,-47.9500,-28.0700,3.3487,-1.6396,-0.9598,0
453212,-8.2317,-4.3660,2.5540,28.7700,-80.4300,-41.4400,0.9838,-2.7503,-1.4170,0
453251,-8.3131,-5.6179,3.4205,-84.9100,11.5500,-38.0100,-2.9035,0.3950,-1.2997,0
453290,-7.3533,-3.1237,3.6599,-100.7300,-44.3800,-87.5700,-3.4444,-1.5176,-2.9944,0
453329,-7.4849,-1.1154,1.9556,-91.2100,-5.3900,-46.8300,-3.1189,-0.1843,-1.6013,0
453368,-6.8865,-0.5649,2.9107,-65.6600,-3.0800,19.6700,-2.2452,-0.1053,0.6726,0
453407,-7.6357,-4.1314,3.7963,9.0300,31.5700,65.8700,0.3088,1.0795,2.2524,0
453446,-9.0791,-2.4654,2.6019,-157.2900,13.0900,106.4000,-5.3785,0.4476,3.6383,0
453485,-10.7977,-5.1990,-3.0663,194.3900,51.3800,10.7100,6.6471,1.7569,0.3662,0
453524,-7.5854,3.9878,4.0453,-190.5400,-4.0600,46.2700,-6.5155,-0.1388,1.5822,0
453563,-14.4121,-4.8208,18.9361,222.8100,-62.1600,185.0100,7.6190,-2.1256,6.3264,0
453602,-12.9137,-3.3296,-1.1681,197.0500,-53.8300,-94.3600,6.7381,-1.8407,-3.2266,0
453641,-10.0605,0.0957,0.0934,15.5400,38.1500,-61.8800,0.5314,1.3045,-2.1160,0
453680,-9.5315,-1.7258,-0.3686,-87.9900,38.4300,-1.1200,-3.0088,1.3141,-0.0383,0
453719,-9.4501,-2.6139,-1.8718,-109.6900,64.1900,-11.6200,-3.7508,2.1950,-0.3973,0
453758,-7.5974,-0.1029,2.7455,-154.6300,83.2300,-58.2400,-5.2876,2.8460,-1.9915,0
453797,-9.3735,2.9394,-0.3016,-96.3900,135.1700,-24.9200,-3.2960,4.6221,-0.8521,0
453836,-9.0982,-0.0694,-0.7540,66.7800,114.4500,-34.5800,2.2835,3.9136,-1.1825,0
453875,-9.0144,-3.2147,1.7306,15.8200,61.2500,-3.2900,0.5410,2.0944,-0.1125,0
453914,-9.7804,-2.3577,0.0383,-69.3000,-22.5400,37.6600,-2.3697,-0.7708,1.2878,0
453953,-9.4573,-3.7939,-2.1854,-42.3500,-18.4800,36.8900,-1.4482,-0.6319,1.2614,0
453992,-8.4543,-4.4019,-0.4332,-31.3600,26.4600,23.3100,-1.0724,0.9048,0.7971,0
454031,-9.7828,-3.0830,-0.8019,-101.4300,34.1600,5.8800,-3.4684,1.1681,0.2011,0
454070,-10.5583,-1.6660,-2.2740,-15.7500,16.2400,-4.1300,-0.5386,0.5553,-0.1412,0
454109,-10.1036,0.6152,0.5098,-101.9900,27.5800,20.6500,-3.4875,0.9431,0.7061,0
454148,-10.0605,0.8904,0.4356,-6.5800,42.4900,-27.4400,-0.2250,1.4529,-0.9383,0
454187,-9.0647,-1.0412,0.8426,227.5000,63.6300,-122.2200,7.7793,2.1758,-4.1793,0
454226,-11.8413,-4.9788,-2.7886,-2.2400,-27.8600,38.5000,-0.0766,-0.9527,1.3165,0
454265,-9.7373,-1.2614,-5.2828,-13.6500,-86.0300,6.7200,-0.4668,-2.9418,0.2298,0
454304,-3.2434,-0.6439,-2.4248,53.4100,-105.9800,-21.2100,1.8263,-3.6240,-0.7253,0
454343,-6.2139,-1.1968,7.3533,85.2600,-126.2800,14.4200,2.9155,-4.3181,0.4931,0
454382,-19.1467,-8.3849,-6.2546,-106.1900,-313.1800,58.3800,-3.6312,-10.7091,1.9963,0
454421,-12.3799,-5.4599,-4.5000,-43.6800,-65.7300,11.9700,-1.4936,-2.2476,0.4093,0
454460,-5.1320,-4.9883,5.7328,-52.7800,-11.4100,-12.3900,-1.8048,-0.3902,-0.4237,0
454499,-8.0666,-3.8490,1.7330,-78.3300,-61.6700,-75.9500,-2.6785,-2.1088,-2.5971,0
454538,-6.5059,-3.1524,3.6431,-163.7300,-84.7000,-69.0200,-5.5987,-2.8963,-2.3601,0
454577,-7.5807,-1.1154,2.5780,-194.0400,-41.7200,-9.5200,-6.6352,-1.4266,-0.3255,0
454616,-7.9924,-1.4721,2.0346,-63.2800,-35.1400,51.8700,-2.1639,-1.2016,1.7737,0
454655,-7.7075,-3.0782,3.5019,-74.4800,-15.9600,75.2500,-2.5468,-0.5457,2.5732,0
454694,-9.0432,-4.3133,3.5905,-62.8600,13.5800,73.0800,-2.1495,0.4644,2.4990,0
454733,-10.4195,-3.6000,1.5152,-37.5900,-0.8400,37.3800,-1.2854,-0.0287,1.2782,0
454772,-10.1419,4.9022,4.3229,-45.2900,-22.1200,144.6200,-1.5487,-0.7564,4.9453,0
454811,-8.3849,-15.0416,6.9942,-102.8300,-108.7100,191.4500,-3.5163,-3.7173,6.5466,0
454850,-8.5884,-1.7091,5.7878,18.4800,-42.4200,12.1800,0.6319,-1.4505,0.4165,0
454889,-18.7614,-5.8692,3.3128,-108.6400,-12.4600,4.4100,-3.7149,-0.4261,0.1508,0
454928,-7.6094,-1.2710,-0.4117,126.2100,-9.1000,-98.0700,4.3157,-0.3112,-3.3535,0
454967,-10.5153,-2.1926,-1.0197,-173.0400,34.7900,2.4500,-5.9171,1.1896,0.0838,0
455006,-10.2735,-0.6415,0.0455,-251.5100,-24.2900,24.7100,-8.6003,-0.8306,0.8450,0
455045,-7.0062,-2.6833,3.4444,-6.0900,42.7000,24.2900,-0.2082,1.4601,0.8306,0
455084,-7.0229,-1.5439,2.0131,-57.4700,101.5000,-40.8800,-1.9652,3.4708,-1.3979,0
455123,-10.2927,0.5457,-4.5719,-106.3300,144.0600,-68.2500,-3.6359,4.9261,-2.3338,0
455162,-9.3400,0.7779,1.3117,69.0900,146.8600,-12.1800,2.3625,5.0219,-0.4165,0
455201,-9.0168,-2.2883,3.8346,41.6500,56.9800,94.3600,1.4242,1.9484,3.2266,0
455240,-9.3615,-4.4043,-0.1436,-104.6500,-99.1200,168.5600,-3.5785,-3.3894,5.7639,0
455279,-10.3190,-1.8216,-4.3038,-31.7800,-50.6100,66.1500,-1.0867,-1.7306,2.2620,0
455318,-8.7607,-2.4439,0.2035,19.3900,44.9400,35.7000,0.6630,1.5367,1.2208,0
455357,-10.9198,-0.8019,0.2346,-121.2400,32.2000,6.5100,-4.1458,1.1011,0.2226,0
455396,-10.5631,-0.4763,-1.7354,-14.9100,81.2700,-19.0400,-0.5098,2.7790,-0.6511,0
455435,-9.3783,-1.8431,0.2920,92.8200,84.6300,-80.7100,3.1740,2.8939,-2.7599,0
455474,-9.7589,0.0120,-0.1795,-15.2600,49.2800,-100.2400,-0.5218,1.6851,-3.4277,0
455513,-11.3411,-1.2303,0.4668,63.2800,15.3300,-33.1800,2.1639,0.5242,-1.1346,0
455552,-12.1645,-2.9825,-4.9237,-106.4700,-98.0000,89.1800,-3.6407,-3.3511,3.0495,0
455591,-8.3849,-1.8934,-4.1027,56.0000,-70.0700,-15.9600,1.9149,-2.3960,-0.5457,0
455630,-4.6867,-2.4104,-3.6982,119.2100,-116.0600,-66.9200,4.0764,-3.9687,-2.2883,0
455669,-5.0171,-0.8258,3.1333,20.2300,-140.8400,-19.8100,0.6918,-4.8160,-0.6774,0
455708,-17.3132,-1.8958,-2.5061,-46.7600,-253.3300,75.4600,-1.5990,-8.6626,2.5803,0
455747,-12.4972,-6.6878,-3.7867,-47.3900,-67.9000,60.8300,-1.6205,-2.3218,2.0801,0
455786,-7.5711,-3.4636,2.1088,96.0400,-56.2100,-60.4800,3.2841,-1.9221,-2.0681,0
455825,-9.8570,-2.9992,0.9359,-125.2300,-25.1300,-40.1100,-4.2822,-0.8593,-1.3716,0
455864,-6.5658,-1.5224,2.9466,-55.2300,-76.3700,-56.9800,-1.8886,-2.6115,-1.9484,0
455903,-7.4634,-2.4343,2.0537,-48.0900,-7.8400,-5.8800,-1.6444,-0.2681,-0.2011,0
455942,-7.0660,-2.5205,2.5875,-26.8800,-0.2100,24.5000,-0.9192,-0.0072,0.8378,0
455981,-7.2671,-3.6096,2.8963,2.3800,21.0700,55.5100,0.0814,0.7205,1.8982,0
456020,-8.2461,-2.9370,3.1381,-101.7800,55.5800,92.6800,-3.4804,1.9006,3.1692,0
456059,-8.8589,-2.2811,2.6330,-45.7800,17.2200,67.9000,-1.5654,0.5888,2.3218,0
456098,-10.3142,-0.7731,1.6803,-4.4800,37.3100,62.6500,-0.1532,1.2758,2.1423,0
456137,-9.1389,-3.1237,4.4953,150.9200,-36.2600,41.2300,5.1607,-1.2399,1.4099,0
456176,-16.0063,-8.3777,9.5147,65.6600,-48.3000,32.6900,2.2452,-1.6516,1.1178,0
456215,-13.9094,1.2232,-8.1862,-185.2900,-110.5300,-40.3900,-6.3360,-3.7796,-1.3811,0
456254,-8.7368,-0.9814,2.9897,-59.7100,32.4100,-13.8600,-2.0418,1.1083,-0.4739,0
456293,-9.1940,-3.1644,0.0694,-55.7900,32.9000,13.5800,-1.9077,1.1250,0.4644,0
456332,-9.4764,-3.2410,-2.0011,-14.0000,24.9200,-3.3600,-0.4787,0.8521,-0.1149,0
456371,-8.3706,-2.4056,1.2327,-91.5600,32.4800,-28.2100,-3.1309,1.1106,-0.9646,0
456410,-9.2969,0.7612,1.3979,-199.8500,59.7100,-47.8800,-6.8338,2.0418,-1.6372,0
456449,-10.2161,2.7000,-1.1011,-14.1400,86.2400,-35.7700,-0.4835,2.9490,-1.2232,0
456488,-9.3113,-1.4625,1.1083,66.2900,91.2100,-5.8800,2.2668,3.1189,-0.2011,0
456527,-9.4956,-2.4176,0.1963,-32.1300,30.6600,28.0000,-1.0987,1.0484,0.9575,0
456566,-9.6105,-1.7665,0.0766,33.4600,1.6100,7.7000,1.1442,0.0551,0.2633,0
456605,-9.8929,-3.3391,-0.5194,57.0500,17.7800,5.0400,1.9508,0.6080,0.1723,0
456644,-9.4764,-1.9029,-0.1269,29.8900,41.0200,20.0200,1.0221,1.4027,0.6846,0
456683,-9.2083,-5.9817,-0.0551,2.9400,47.4600,3.7100,0.1005,1.6229,0.1269,0
456722,-9.6320,-0.6942,-0.9527,54.8100,56.2100,-24.8500,1.8742,1.9221,-0.8497,0
456761,-9.4429,-0.6032,0.0096,11.4100,45.2200,-5.8100,0.3902,1.5463,-0.1987,0
456800,-10.0078,-0.4835,-1.1274,48.5800,51.8700,-11.2000,1.6612,1.7737,-0.3830,0
456839,-9.5434,-0.0455,-0.6606,127.7500,32.8300,-35.5600,4.3684,1.1226,-1.2160,0
456878,-11.7695,-3.2410,-2.3697,154.5600,5.8100,43.5400,5.2852,0.1987,1.4888,0
456917,-10.0365,-2.5420,-1.5367,77.2100,-36.4000,32.0600,2.6402,-1.2447,1.0963,0
456956,-9.8020,-2.2141,-1.0077,161.1400,9.1700,20.2300,5.5102,0.3136,0.6918,0
456995,-8.7224,-4.1123,-0.3207,125.5800,-1.9600,22.9600,4.2942,-0.0670,0.7851,0
457034,-10.3549,-4.5144,-2.0202,136.0100,14.7000,22.3300,4.6508,0.5027,0.7636,0
457073,-9.5913,-2.9394,-1.1298,141.0500,49.9100,-12.9500,4.8232,1.7067,-0.4428,0
457112,-8.5094,-2.1423,1.1489,106.6100,47.6700,-0.4900,3.6455,1.6301,-0.0168,0
457151,-7.4825,-1.8934,2.3027,110.1800,33.0400,-29.5400,3.7676,1.1298,-1.0101,0
457190,-8.2317,-3.4564,2.5205,115.0800,12.3900,2.3100,3.9351,0.4237,0.0790,0
457229,-8.9283,-3.6623,0.3638,86.5200,20.3700,10.5000,2.9585,0.6965,0.3590,0
457268,-8.8110,-4.2655,0.7540,98.6300,28.9100,1.8200,3.3726,0.9886,0.0622,0
457307,-8.5357,-3.1764,1.1154,72.1700,59.3600,0.7700,2.4678,2.0298,0.0263,0
457346,-8.3347,-2.8245,1.6181,88.9000,51.6600,13.7900,3.0399,1.7665,0.4715,0
457385,-8.7990,-3.6503,0.4165,74.6900,34.3000,25.4800,2.5540,1.1729,0.8713,0
457424,-9.3687,-2.0753,-1.0700,104.3000,38.9200,8.3300,3.5665,1.3309,0.2848,0
457463,-9.1078,-2.8245,0.2537,133.2100,57.8900,-3.2900,4.5551,1.9795,-0.1125,0
457502,-8.8900,-3.0423,0.1029,26.6700,41.5100,22.1900,0.9120,1.4194,0.7588,0
457541,-7.6453,-2.8030,1.3931,58.1700,51.6600,-0.8400,1.9891,1.7665,-0.0287,0
457580,-10.3980,-0.8138,-2.1662,-14.4200,-7.4900,48.3000,-0.4931,-0.2561,1.6516,0
457619,-9.2155,-2.0561,-1.1777,195.3000,2.9400,24.5000,6.6783,0.1005,0.8378,0
457658,-9.5793,-6.0894,3.9854,224.7700,1.6100,15.5400,7.6860,0.0551,0.5314,0
457697,-10.2783,-1.6013,0.8330,-119.0000,-61.9500,22.0500,-4.0692,-2.1184,0.7540,0
457736,-10.0533,0.8617,-0.3782,39.6200,-45.6400,-24.0800,1.3548,-1.5607,-0.8234,0
457775,-9.2945,-1.2902,0.7899,90.5800,-3.7800,-26.1800,3.0974,-0.1293,-0.8952,0
457814,-9.3496,-1.2495,0.7133,-4.2000,4.4100,-2.7300,-0.1436,0.1508,-0.0934,0
457853,-10.0246,-1.4793,0.6678,37.3800,16.1700,-15.5400,1.2782,0.5529,-0.5314,0
457892,-10.2639,-1.6803,0.1484,27.9300,9.1000,-14.9100,0.9551,0.3112,-0.5098,0
457931,-9.3137,-1.8934,-0.1723,2.4500,-9.8700,-1.5400,0.0838,-0.3375,-0.0527,0
457970,-9.5195,-2.0250,-0.1771,-4.4800,-12.9500,14.5600,-0.1532,-0.4428,0.4979,0
458009,-9.9288,-0.8354,0.3184,60.9700,-27.2300,-26.7400,2.0849,-0.9311,-0.9144,0
458048,-10.6780,-2.7359,0.9958,57.1900,-6.2300,-5.9500,1.9556,-0.2130,-0.2035,0
458087,-9.2059,-3.2745,1.2854,46.6900,-17.2200,-24.4300,1.5966,-0.5888,-0.8354,0
458126,-7.5208,-4.2343,2.3841,43.9600,-10.7100,-39.8300,1.5032,-0.3662,-1.3620,0
458165,-7.2096,-3.2793,2.3123,25.6900,9.4500,-43.4000,0.8785,0.3231,-1.4841,0
458204,-7.5615,-4.5575,2.3936,-8.5400,10.0100,-12.2500,-0.2920,0.3423,-0.4189,0
458243,-9.0647,-5.4120,0.8186,-49.4200,13.4400,21.7000,-1.6899,0.4596,0.7420,0
458282,-9.5243,-3.5402,0.0072,-40.9500,-5.7400,17.9900,-1.4003,-0.1963,0.6152,0
458321,-11.6618,-1.1154,-1.7258,-76.4400,11.2700,40.3200,-2.6139,0.3854,1.3787,0
458360,-11.0873,-2.2835,-2.2740,-35.9800,11.0600,25.9000,-1.2303,0.3782,0.8856,0
458399,-9.1964,-2.0011,0.1149,11.2000,10.3600,-43.5400,0.3830,0.3543,-1.4888,0
458438,-9.1916,-2.0801,0.5218,31.0800,-18.1300,-58.2400,1.0628,-0.6200,-1.9915,0
458477,-7.3198,-1.8192,1.0173,-52.9900,-21.4200,-35.6300,-1.8120,-0.7325,-1.2184,0
458516,-7.8894,-1.2184,0.9120,-15.1200,-10.8500,-35.1400,-0.5170,-0.3710,-1.2016,0
458555,-9.7469,-3.8346,1.0747,46.9000,-9.2400,-22.8200,1.6037,-0.3160,-0.7803,0
458594,-10.4243,-5.1128,1.8694,-15.1200,-33.2500,21.0700,-0.5170,-1.1370,0.7205,0
458633,-10.3310,-3.2434,-0.2346,-49.5600,-32.9000,6.2300,-1.6947,-1.1250,0.2130,0
458672,-8.6530,-1.8000,1.5056,64.2600,-10.7800,-20.1600,2.1974,-0.3686,-0.6894,0
458711,-9.6679,-2.7503,1.8455,2.5900,1.8200,4.5500,0.0886,0.0622,0.1556,0
458750,-8.6889,-2.1040,-0.0551,1.4700,5.7400,-18.5500,0.0503,0.1963,-0.6343,0
458789,-7.9684,-4.5407,3.4133,99.8200,-2.4500,-27.4400,3.4133,-0.0838,-0.9383,0
458828,-10.2041,-5.2780,0.4189,-88.0600,2.0300,12.9500,-3.0112,0.0694,0.4428,0
458867,-7.7195,-3.1428,2.5277,48.5100,-1.8200,-28.9100,1.6588,-0.0622,-0.9886,0
458906,-9.0240,-3.6527,1.2303,-41.2300,-0.9100,2.3800,-1.4099,-0.0311,0.0814,0
458945,-8.2581,-3.3870,1.2208,-18.5500,0.4900,-3.9900,-0.6343,0.0168,-0.1364,0
458984,-8.9690,-4.0572,1.4242,-5.3200,1.7500,-1.8200,-0.1819,0.0598,-0.0622,0
459023,-8.2940,-3.5761,1.2040,-7.0700,5.5300,-13.5800,-0.2418,0.1891,-0.4644,0
459062,-8.5118,-4.0955,1.4888,-2.5200,1.1900,-12.9500,-0.0862,0.0407,-0.4428,0
459101,-9.4836,-4.0668,1.1035,-17.4300,-0.6300,-1.1900,-0.5960,-0.0215,-0.0407,0
459140,-8.7105,-4.0285,1.1920,8.3300,0.2100,-7.6300,0.2848,0.0072,-0.2609,0
459179,-8.1815,-4.2798,1.5104,4.6900,-0.7700,-4.5500,0.1604,-0.0263,-0.1556,0
459218,-7.8607,-4.0165,1.6899,7.4200,0.2800,-6.0900,0.2537,0.0096,-0.2082,0
459257,-8.4065,-4.3373,1.7952,3.3600,-5.8800,-7.1400,0.1149,-0.2011,-0.2442,0
459296,-8.9139,-4.4306,0.9670,-10.9200,-4.9700,-2.9400,-0.3734,-0.1699,-0.1005,0
459335,-8.7464,-4.6078,1.3572,5.8100,-3.3600,-0.9100,0.1987,-0.1149,-0.0311,0
459374,-9.2203,-4.6748,1.3644,-2.9400,-11.5500,-3.9200,-0.1005,-0.3950,-0.1340,0
459413,-9.0432,-4.4713,1.3285,-0.2100,-8.3300,-10.7800,-0.0072,-0.2848,-0.3686,0
459452,-8.0714,-4.0070,1.5200,3.3600,-11.6200,-10.3600,0.1149,-0.3973,-0.3543,0
459491,-8.7416,-4.1075,1.8455,9.8000,-17.4300,-6.2300,0.3351,-0.5960,-0.2130,0
459530,-9.5937,-4.5671,0.8880,-8.6100,-17.9200,1.9600,-0.2944,-0.6128,0.0670,0
459569,-9.2179,-4.0644,1.4170,11.4100,-9.8700,-3.7800,0.3902,-0.3375,-0.1293,0
459608,-9.8881,-4.8950,1.4099,-2.0300,-7.2800,1.3300,-0.0694,-0.2489,0.0455,0
459647,-9.3232,-4.7705,1.4745,12.3200,-3.4300,1.6100,0.4213,-0.1173,0.0551,0
459686,-8.6339,-4.4282,1.8144,4.1300,16.8000,-5.8800,0.1412,0.5745,-0.2011,0
459725,-7.4299,-4.0955,1.8335,10.8500,11.6200,-8.7500,0.3710,0.3973,-0.2992,0
459764,-7.3916,-3.9232,2.1303,16.4500,7.9800,-5.6700,0.5625,0.2729,-0.1939,0
459803,-8.5285,-4.4665,2.0657,4.1300,-2.0300,-3.7100,0.1412,-0.0694,-0.1269,0
459842,-8.3801,-4.5862,2.0801,2.5900,-2.8700,-8.8900,0.0886,-0.0981,-0.3040,0
459881,-8.4519,-4.7897,2.4631,13.6500,-7.2100,-2.8700,0.4668,-0.2465,-0.0981,0
459920,-9.4453,-4.7298,1.5918,-8.4000,-1.9600,4.6200,-0.2872,-0.0670,0.1580,0
459959,-8.9211,-4.3062,2.2476,5.3200,-0.2800,-2.8700,0.1819,-0.0096,-0.0981,0
459998,-9.3926,-4.7633,1.9963,7.2100,-4.1300,0.2100,0.2465,-0.1412,0.0072,0
460037,-9.3184,-4.8663,1.7138,-0.7700,-0.1400,1.2600,-0.0263,-0.0048,0.0431,0
460076,-9.5865,-4.7538,1.6612,4.4800,5.1100,1.0500,0.1532,0.1747,0.0359,0
460115,-8.6171,-4.8639,1.9341,0.7700,3.6400,2.1000,0.0263,0.1245,0.0718,0
460154,-8.6506,-4.6963,2.0083,-0.7000,3.2200,-0.4900,-0.0239,0.1101,-0.0168,0
460193,-7.7123,-4.3540,1.7234,0.6300,2.7300,-1.8200,0.0215,0.0934,-0.0622,0
460232,-8.9785,-4.7442,1.7186,1.8200,2.5900,1.6800,0.0622,0.0886,0.0574,0
460271,-7.8440,-4.4330,1.5918,1.8900,3.1500,-1.1200,0.0646,0.1077,-0.0383,0
460310,-8.8230,-4.9285,1.9771,-1.1200,2.1000,3.8500,-0.0383,0.0718,0.1317,0
460349,-8.4831,-4.9572,1.7450,-1.2600,-1.4700,6.2300,-0.0431,-0.0503,0.2130,0
460388,-8.1456,-4.5216,1.9867,-4.2700,6.7200,-3.3600,-0.1460,0.2298,-0.1149,0
460427,-8.0570,-4.1841,1.6660,-7.7700,-2.1000,-0.9100,-0.2657,-0.0718,-0.0311,0
460466,-8.0714,-3.7963,1.6085,0.8400,2.8700,-3.0800,0.0287,0.0981,-0.1053,0
460505,-8.6674,-4.4234,1.7115,1.3300,-5.1100,3.6400,0.0455,-0.1747,0.1245,0
460544,-8.9714,-4.4139,1.5439,-2.3100,-2.1700,-1.4000,-0.0790,-0.0742,-0.0479,0
460583,-8.8613,-4.7346,1.5176,-0.2100,-0.9800,1.1900,-0.0072,-0.0335,0.0407,0
460622,-8.5764,-4.1841,1.6085,1.5400,3.0100,-3.1500,0.0527,0.1029,-0.1077,0
460661,-8.5429,-4.1937,1.4410,2.5900,2.8700,0.6300,0.0886,0.0981,0.0215,0
460700,-8.3275,-3.9687,1.5630,6.8600,5.7400,-3.6400,0.2346,0.1963,-0.1245,0
460739,-8.8373,-4.8447,1.8551,3.4300,2.6600,4.5500,0.1173,0.0910,0.1556,0
460778,-9.0336,-4.7203,1.3165,-2.9400,-1.4000,-0.3500,-0.1005,-0.0479,-0.0120,0
460817,-9.2131,-5.0195,1.6636,1.4700,2.7300,0.7700,0.0503,0.0934,0.0263,0
460856,-8.5836,-4.5264,1.6492,0.0000,1.7500,-1.3300,0.0000,0.0598,-0.0455,0
460895,-9.0863,-4.8878,1.7258,0.4200,3.8500,-1.7500,0.0144,0.1317,-0.0598,0
460934,-8.4232,-4.2128,1.3716,-0.3500,4.4100,-1.4700,-0.0120,0.1508,-0.0503,0
460973,-7.7985,-4.0955,1.6396,0.0000,7.4900,-3.5000,0.0000,0.2561,-0.1197,0
461012,-8.4711,-4.6532,1.5080,5.7400,-1.8900,4.8300,0.1963,-0.0646,0.1652,0
461051,-8.3131,-4.6437,1.3835,-1.1900,-0.4200,0.9800,-0.0407,-0.0144,0.0335,0
461090,-8.3777,-4.7107,1.6109,-4.9700,-17.4300,0.9800,-0.1699,-0.5960,0.0335,0
461129,-8.0809,-4.2104,1.5152,-0.7700,-0.7000,-1.8900,-0.0263,-0.0239,-0.0646,0
461168,-8.8780,-4.6987,1.3763,-2.3100,-4.6200,3.7800,-0.0790,-0.1580,0.1293,0
461207,-8.6913,-4.4163,1.3883,0.2800,-1.2600,-1.6800,0.0096,-0.0431,-0.0574,0
461246,-9.9815,-5.0075,1.9676,-0.2800,-2.1700,4.4100,-0.0096,-0.0742,0.1508,0
461285,-9.4812,-4.6149,1.4553,0.4900,-2.7300,4.7600,0.0168,-0.0934,0.1628,0
461324,-9.6559,-4.7897,1.7186,-4.9000,4.1300,1.1200,-0.1676,0.1412,0.0383,0
461363,-8.8780,-4.7107,1.4242,-1.9600,3.2200,3.4300,-0.0670,0.1101,0.1173,0
461402,-8.0833,-4.0979,1.8766,-2.3100,12.8100,-3.5000,-0.0790,0.4380,-0.1197,0
461441,-7.8727,-4.4426,1.2591,1.1900,1.1900,2.1000,0.0407,0.0407,0.0718,0
461480,-7.0062,-3.5713,1.2686,-1.0500,6.7900,-4.2700,-0.0359,0.2322,-0.1460,0
461519,-7.1642,-3.8202,1.3357,1.8900,-0.2800,-0.6300,0.0646,-0.0096,-0.0215,0
461558,-7.4370,-3.6527,1.0221,2.6600,-6.7200,0.2100,0.0910,-0.2298,0.0072,0
461597,-8.1695,-4.1362,1.4529,7.0000,-8.5400,-3.0100,0.2394,-0.2920,-0.1029,0
461636,-7.6956,-4.1961,1.3309,7.7700,-6.3700,-4.4800,0.2657,-0.2178,-0.1532,0
461675,-8.8158,-4.1937,2.4104,10.0800,-6.7200,-6.3000,0.3447,-0.2298,-0.2154,0
461714,-9.8690,-5.2947,1.9197,9.5200,-19.6000,3.1500,0.3255,-0.6702,0.1077,0
461753,-11.0658,-5.3474,2.5444,6.3700,-11.8300,-1.8200,0.2178,-0.4045,-0.0622,0
461792,-11.6020,-5.9554,1.9939,-1.7500,-10.7100,7.9100,-0.0598,-0.3662,0.2705,0
461831,-11.6881,-5.8836,2.3673,-8.4000,4.9000,9.3800,-0.2872,0.1676,0.3207,0
461870,-11.1065,-5.7447,2.1806,-11.7600,6.2300,13.4400,-0.4021,0.2130,0.4596,0
461909,-9.5339,-4.8902,2.0944,-12.3200,11.9700,5.8800,-0.4213,0.4093,0.2011,0
461948,-8.6003,-4.1889,1.9819,-17.8500,14.9100,5.1800,-0.6104,0.5098,0.1771,0
461987,-8.3682,-3.8777,1.5247,-2.4500,3.0800,9.5900,-0.0838,0.1053,0.3279,0
462026,-7.7889,-3.5354,1.6037,5.7400,2.5900,5.9500,0.1963,0.0886,0.2035,0
462065,-7.6309,-3.7245,1.9843,11.3400,-1.2600,6.9300,0.3878,-0.0431,0.2370,0
462104,-8.3753,-3.9519,1.2614,-15.0500,-5.3200,14.0700,-0.5146,-0.1819,0.4811,0
462143,-8.5357,-4.0596,1.5654,0.0000,-3.1500,12.0400,0.0000,-0.1077,0.4117,0
462182,-8.8277,-4.0309,1.5367,-5.0400,-3.8500,9.4500,-0.1723,-0.1317,0.3231,0
462221,-8.3825,-3.6695,1.6349,0.6300,-2.8000,4.9000,0.0215,-0.0957,0.1676,0
462260,-8.3730,-3.4636,1.6037,-10.2900,-3.3600,9.3100,-0.3519,-0.1149,0.3184,0
462299,-8.4974,-3.4804,1.4218,7.0000,-0.9100,6.5800,0.2394,-0.0311,0.2250,0
462338,-8.4759,-3.7221,2.0178,3.5700,-0.6300,6.1600,0.1221,-0.0215,0.2106,0
462377,-8.9474,-3.9184,1.4338,-8.6100,-6.9300,13.8600,-0.2944,-0.2370,0.4739,0
462416,-8.6506,-3.6862,1.4817,-9.9400,-1.8200,10.9200,-0.3399,-0.0622,0.3734,0
462455,-8.7559,-3.2362,1.8575,0.3500,0.4900,17.9900,0.0120,0.0168,0.6152,0
462494,-8.6889,-3.5258,1.0388,-1.0500,-0.6300,19.6000,-0.0359,-0.0215,0.6702,0
462533,-8.3634,-3.1237,1.4338,0.3500,10.5700,18.2000,0.0120,0.3614,0.6223,0
462572,-8.5884,-3.6671,1.5942,13.6500,17.5000,12.0400,0.4668,0.5984,0.4117,0
462611,-8.6865,-3.0232,0.8952,-6.8600,14.0700,3.1500,-0.2346,0.4811,0.1077,0
462650,-8.2940,-3.2577,1.1896,6.1600,13.3000,-1.9600,0.2106,0.4548,-0.0670,0
462689,-8.5381,-3.1596,0.9383,-17.5700,25.8300,3.0800,-0.6008,0.8833,0.1053,0
462728,-8.5429,-2.7048,0.9431,-0.8400,21.4200,-1.5400,-0.0287,0.7325,-0.0527,0
462767,-9.1916,-3.5115,0.6989,-18.2700,14.3500,7.2800,-0.6247,0.4907,0.2489,0
462806,-8.6698,-2.9633,0.0598,-27.6500,0.0000,-4.2700,-0.9455,0.0000,-0.1460,0
462845,-8.9833,-2.9490,0.7731,5.2500,10.7100,-13.7200,0.1795,0.3662,-0.4692,0
462884,-9.5722,-2.5875,0.2537,-18.3400,-0.2100,17.6400,-0.6271,-0.0072,0.6032,0
462923,-9.0887,-2.8413,-0.1245,2.1700,7.5600,24.0100,0.0742,0.2585,0.8210,0
462962,-8.9738,-2.8748,0.1197,0.7000,20.3000,3.5000,0.0239,0.6942,0.1197,0
463001,-10.1921,-2.4511,-0.6176,-3.1500,29.0500,-7.0000,-0.1077,0.9934,-0.2394,0
463040,-9.2849,-2.1662,-0.0981,38.8500,23.8700,-22.1900,1.3285,0.8162,-0.7588,0
463079,-9.7996,-2.7359,0.1197,49.3500,5.2500,-8.3300,1.6875,0.1795,-0.2848,0
463118,-9.4668,-2.4990,-0.4165,25.4100,-18.7600,-20.8600,0.8689,-0.6415,-0.7133,0
463157,-9.2538,-2.9681,-0.1604,39.8300,22.2600,12.6000,1.3620,0.7612,0.4309,0
463196,-8.9905,-3.3128,0.2226,32.9000,17.0800,7.4900,1.1250,0.5840,0.2561,0
463235,-9.7732,-3.3463,1.0221,19.6700,6.7200,7.3500,0.6726,0.2298,0.2513,0
463274,-9.5578,-3.4062,-0.2011,5.4600,-16.3100,13.1600,0.1867,-0.5577,0.4500,0
463313,-9.2155,-3.6647,0.7444,4.5500,-9.9400,18.6200,0.1556,-0.3399,0.6367,0
463352,-9.1389,-3.6575,0.2106,4.8300,-16.6600,6.6500,0.1652,-0.5697,0.2274,0
463391,-9.1293,-3.3631,0.3423,0.4200,6.2300,-6.7900,0.0144,0.2130,-0.2322,0
463430,-9.4022,-2.9155,0.4739,-17.3600,15.7500,-10.8500,-0.5936,0.5386,-0.3710,0
463469,-9.4549,-2.6498,0.6487,-10.8500,6.6500,-7.8400,-0.3710,0.2274,-0.2681,0
463508,-9.2634,-2.9442,0.5386,2.3800,-4.1300,-10.0800,0.0814,-0.1412,-0.3447,0
463547,-9.2227,-2.9346,0.2370,2.1000,-0.9800,-3.1500,0.0718,-0.0335,-0.1077,0
463586,-9.3448,-3.0208,0.5075,-10.5700,0.8400,10.0800,-0.3614,0.0287,0.3447,0
463625,-9.2490,-3.0591,0.3997,-2.5200,-7.3500,9.1700,-0.0862,-0.2513,0.3136,0
463664,-9.3160,-3.1548,0.4476,3.5700,-5.2500,4.9700,0.1221,-0.1795,0.1699,0
463703,-9.3663,-3.1452,0.3088,-8.4700,-4.2700,6.1600,-0.2896,-0.1460,0.2106,0
463742,-9.4381,-2.9346,0.2729,-1.8900,4.4800,-0.0700,-0.0646,0.1532,-0.0024,0
463781,-9.3089,-2.8915,0.2537,1.4700,-0.2800,-3.3600,0.0503,-0.0096,-0.1149,0
463820,-9.6033,-3.1165,0.0527,2.7300,-6.0200,-2.2400,0.0934,-0.2059,-0.0766,0
463859,-9.5267,-3.2386,0.5314,4.5500,0.1400,3.4300,0.1556,0.0048,0.1173,0
463898,-10.1131,-2.7814,0.3471,-16.8700,-6.3000,15.4700,-0.5769,-0.2154,0.5290,0
463937,-10.2232,-2.7335,-0.1173,-14.0700,-9.1700,13.7200,-0.4811,-0.3136,0.4692,0
463976,-9.4094,-3.1141,-0.2944,-8.0500,-10.1500,16.2400,-0.2753,-0.3471,0.5553,0
464015,-9.3950,-2.8389,0.3614,-13.8600,0.6300,19.6000,-0.4739,0.0215,0.6702,0
464054,-10.2352,-2.7694,-0.6798,-7.6300,-6.0900,11.7600,-0.2609,-0.2082,0.4021,0
464093,-9.9192,-2.6833,-0.4332,-11.9700,3.6400,3.2900,-0.4093,0.1245,0.1125,0
464132,-9.1700,-1.6516,-0.3638,-26.8800,7.5600,-8.6100,-0.9192,0.2585,-0.2944,0
464171,-10.1658,-2.8772,-0.2801,-12.1100,-0.7000,-4.5500,-0.4141,-0.0239,-0.1556,0
464210,-8.7464,-1.0580,0.9335,-37.5200,10.1500,-19.5300,-1.2830,0.3471,-0.6678,0
464249,-8.6075,-2.8987,-0.1388,34.3700,14.3500,-9.0300,1.1753,0.4907,-0.3088,0
464288,-8.5980,-2.3218,0.9096,-58.3800,-0.3500,-5.4600,-1.9963,-0.0120,-0.1867,0
464327,-10.0844,-2.1950,1.1753,-4.4100,-3.3600,-16.7300,-0.1508,-0.1149,-0.5721,0
464366,-9.7780,-1.0364,-0.2059,-8.8200,-11.6900,-8.6100,-0.3016,-0.3997,-0.2944,0
464405,-8.8277,-3.5833,1.0317,69.2300,-7.0700,-1.7500,2.3673,-0.2418,-0.0598,0
464444,-10.1921,-3.9088,0.5721,6.7200,9.5900,17.0100,0.2298,0.3279,0.5817,0
464483,-8.9618,-4.3708,0.8785,3.7800,12.3900,2.4500,0.1293,0.4237,0.0838,0
464522,-8.1120,-3.7006,0.3471,1.4000,3.4300,-3.7100,0.0479,0.1173,-0.1269,0
464561,-9.2059,-3.0351,0.7516,-54.9500,3.7100,9.9400,-1.8790,0.1269,0.3399,0
464600,-9.8546,-3.7125,0.2944,-13.5800,20.7900,5.6700,-0.4644,0.7109,0.1939,0
464639,-8.5884,-2.1399,-0.7181,-32.3400,-2.1000,-22.9600,-1.1059,-0.0718,-0.7851,0
464678,-9.0767,-2.1208,-0.0479,43.6100,10.5000,-14.0000,1.4912,0.3590,-0.4787,0
464717,-10.5081,-3.1979,-0.3231,11.4100,10.9900,1.3300,0.3902,0.3758,0.0455,0
464756,-10.2831,-3.5809,-0.1149,30.7300,24.7100,-5.3900,1.0508,0.8450,-0.1843,0
464795,-8.9355,-3.1644,0.1508,-1.1900,27.0200,-14.5600,-0.0407,0.9239,-0.4979,0
464834,-9.2777,-4.5216,0.2585,18.9700,28.7700,-2.3800,0.6487,0.9838,-0.0814,0
464873,-10.4195,-4.0907,0.0527,-17.7800,25.2700,7.6300,-0.6080,0.8641,0.2609,0
464912,-9.8283,-2.2404,-0.8952,-54.8100,22.2600,0.4900,-1.8742,0.7612,0.0168,0
464951,-9.5147,-2.8030,-1.4362,30.5200,32.7600,-2.1700,1.0436,1.1202,-0.0742,0
464990,-8.2820,-3.3104,0.4045,6.3000,25.8300,1.0500,0.2154,0.8833,0.0359,0
465029,-8.7081,-2.8221,-1.7019,-35.8400,22.1900,3.4300,-1.2255,0.7588,0.1173,0
465068,-9.7325,-2.8125,-0.9646,7.9800,22.9600,5.1800,0.2729,0.7851,0.1771,0
465107,-9.2873,-3.1333,-1.1729,-8.5400,20.6500,9.8000,-0.2920,0.7061,0.3351,0
465146,-8.5980,-3.0399,-1.6229,12.1800,18.8300,-0.8400,0.4165,0.6439,-0.0287,0
465185,-8.3514,-2.8843,-2.0801,-18.9700,17.0800,0.6300,-0.6487,0.5840,0.0215,0
465224,-9.3160,-3.0040,-2.2644,-17.5000,19.3200,6.5100,-0.5984,0.6606,0.2226,0
465263,-9.7589,-3.1165,-2.3577,-2.6600,25.9000,3.5000,-0.0910,0.8856,0.1197,0
465302,-9.4956,-2.5133,-2.9322,-16.0300,23.5200,-3.5700,-0.5481,0.8043,-0.1221,0
465341,-8.8684,-2.0418,-3.1835,-23.3800,19.6000,2.0300,-0.7995,0.6702,0.0694,0
465380,-8.4615,-2.2381,-3.1141,-17.3600,30.8000,10.8500,-0.5936,1.0532,0.3710,0
465419,-8.2652,-2.8460,-2.8030,15.5400,28.3500,11.4800,0.5314,0.9694,0.3926,0
465458,-8.9402,-2.7790,-3.3463,-8.1900,26.2500,11.3400,-0.2801,0.8976,0.3878,0
465497,-9.0025,-2.7599,-3.5306,-16.1000,26.6000,6.6500,-0.5505,0.9096,0.2274,0
465536,-8.8230,-2.5181,-4.2080,-10.1500,25.7600,3.4300,-0.3471,0.8809,0.1173,0
465575,-8.6961,-2.3577,-4.1195,-13.3700,23.3800,4.2700,-0.4572,0.7995,0.1460,0
465614,-8.3610,-2.2021,-3.9687,-5.1100,21.2100,7.4900,-0.1747,0.7253,0.2561,0
465653,-8.2222,-2.1615,-4.1649,-13.9300,16.5200,9.2400,-0.4763,0.5649,0.3160,0
465692,-8.3083,-1.9029,-4.6221,-9.3800,5.0400,6.7900,-0.3207,0.1723,0.2322,0
465731,-8.2724,-1.8766,-4.6532,1.7500,-4.2000,1.3300,0.0598,-0.1436,0.0455,0
465770,-8.0809,-1.7234,-4.3469,0.2100,-7.4900,-1.0500,0.0072,-0.2561,-0.0359,0
465809,-8.1001,-1.7809,-4.6317,13.1600,-17.5000,-4.6200,0.4500,-0.5984,-0.1580,0
465848,-7.8727,-2.3170,-3.5641,32.9000,-30.1700,-6.8600,1.1250,-1.0317,-0.2346,0
465887,-9.2634,-2.3529,-4.2128,10.3600,-29.5400,-6.2300,0.3543,-1.0101,-0.2130,0
465926,-8.9690,-2.6665,-3.2338,37.7300,-39.7600,-12.2500,1.2902,-1.3596,-0.4189,0
465965,-8.8469,-2.2740,-3.3296,18.1300,-40.2500,-4.7600,0.6200,-1.3763,-0.1628,0
466004,-8.3562,-2.4990,-2.9346,10.5000,-47.7400,-4.6200,0.3590,-1.6325,-0.1580,0
466043,-8.6027,-2.5085,-2.5037,8.7500,-52.1500,-7.4900,0.2992,-1.7833,-0.2561,0
466082,-8.8014,-2.4654,-1.6708,10.6400,-57.1200,-11.7600,0.3638,-1.9532,-0.4021,0
466121,-9.0121,-3.2410,-0.9287,23.4500,-57.1200,-10.5000,0.8019,-1.9532,-0.3590,0
466160,-9.9408,-3.8681,-0.4931,3.9900,-48.3000,-5.6700,0.1364,-1.6516,-0.1939,0
466199,-9.8474,-3.2769,-0.6678,1.8200,-48.8600,-8.6100,0.0622,-1.6708,-0.2944,0
466238,-9.1461,-3.8035,0.1532,17.7800,-44.6600,-5.4600,0.6080,-1.5271,-0.1867,0
466277,-9.1916,-2.9035,0.0670,-22.5400,-38.1500,0.0000,-0.7708,-1.3045,0.0000,0
466316,-9.4094,-2.8341,0.0479,3.6400,-33.6700,-4.2000,0.1245,-1.1513,-0.1436,0
466355,-9.3807,-3.0136,0.6942,9.0300,-30.3800,-5.8800,0.3088,-1.0388,-0.2011,0
466394,-9.2897,-2.7407,0.7325,13.8600,-22.9600,-6.7900,0.4739,-0.7851,-0.2322,0
466433,-9.7062,-3.5330,0.6822,29.1900,-12.5300,-0.7000,0.9981,-0.4285,-0.0239,0
466472,-9.0623,-3.3990,0.7492,15.1200,-9.5200,-3.0100,0.5170,-0.3255,-0.1029,0
466511,-9.2442,-3.7149,0.7851,12.6700,1.6800,-0.4200,0.4332,0.0574,-0.0144,0
466550,-9.4357,-3.4325,0.5362,-18.2700,-2.7300,-0.2100,-0.6247,-0.0934,-0.0072,0
466589,-9.2514,-3.1500,0.7061,-16.0300,-1.3300,-10.2900,-0.5481,-0.0455,-0.3519,0
466628,-9.5267,-2.5253,0.1580,-18.4800,1.6800,-11.9700,-0.6319,0.0574,-0.4093,0
466667,-8.8301,-3.3822,1.0819,12.2500,-4.2000,-14.4200,0.4189,-0.1436,-0.4931,0
466706,-9.0168,-3.5665,0.4141,-9.1700,-0.2800,-1.8200,-0.3136,-0.0096,-0.0622,0
466745,-8.7368,-3.3726,0.3638,-0.0700,-1.8200,6.6500,-0.0024,-0.0622,0.2274,0
466784,-9.0025,-3.8202,0.2202,-3.2200,-1.9600,8.8900,-0.1101,-0.0670,0.3040,0
466823,-8.9570,-3.2530,0.0766,12.3200,-7.8400,15.8900,0.4213,-0.2681,0.5434,0
466862,-8.8780,-3.4038,0.2609,5.5300,-12.3200,10.5000,0.1891,-0.4213,0.3590,0
466901,-9.6607,-2.3817,0.6846,2.0300,-10.0800,19.6700,0.0694,-0.3447,0.6726,0
466940,-9.8307,-4.1195,0.1867,23.9400,-23.0300,48.3700,0.8186,-0.7875,1.6540,0
466979,-10.9389,-3.8945,-0.8186,-47.6700,-33.5300,38.7800,-1.6301,-1.1466,1.3261,0
467018,-10.9868,-3.5450,-2.0154,-77.0700,-12.3200,17.0800,-2.6354,-0.4213,0.5840,0
467057,-10.0748,-1.3476,0.0694,-57.6100,33.5300,-1.6100,-1.9700,1.1466,-0.0551,0
467096,-9.7325,-0.2298,0.4380,-5.2500,50.1200,25.5500,-0.1795,1.7138,0.8737,0
467135,-8.8110,-1.9269,1.2854,-13.0200,50.2600,16.3800,-0.4452,1.7186,0.5601,0
467174,-9.3113,-1.8575,1.3476,-68.3200,37.8700,-11.6200,-2.3362,1.2950,-0.3973,0
467213,-10.0677,-1.4505,1.3883,-58.1000,14.4900,-47.8800,-1.9867,0.4955,-1.6372,0
467252,-8.9905,-1.0269,1.7067,-55.3700,-13.3700,-67.9700,-1.8934,-0.4572,-2.3242,0
467291,-9.5147,0.1293,0.4692,-74.3400,-17.2900,-17.4300,-2.5420,-0.5912,-0.5960,0
467330,-9.3472,-2.2141,0.8569,-6.5100,17.9200,19.6700,-0.2226,0.6128,0.6726,0
467369,-9.3639,-3.4301,0.0838,-20.1600,20.0200,42.9800,-0.6894,0.6846,1.4697,0
467408,-8.5333,-3.5115,0.5290,-45.0800,12.6700,33.4600,-1.5415,0.4332,1.1442,0
467447,-10.6062,-2.1998,-1.0891,-25.4800,-0.0700,14.2100,-0.8713,-0.0024,0.4859,0
467486,-10.4770,-1.3739,-1.9245,-14.8400,-22.0500,7.5600,-0.5075,-0.7540,0.2585,0
467525,-9.7661,2.9394,1.5224,-30.3800,-56.8400,-6.5800,-1.0388,-1.9436,-0.2250,0
467564,-10.5129,-1.8838,0.4931,-38.0800,-86.2400,26.1800,-1.3021,-2.9490,0.8952,0
467603,-9.7924,-3.6120,-2.4248,49.7000,-29.6100,-20.4400,1.6995,-1.0125,-0.6989,0
467642,-9.6081,-3.6120,-1.1130,0.2100,-24.7800,-35.0700,0.0072,-0.8473,-1.1992,0
467681,-8.9379,-3.0902,-0.9168,-20.0200,-61.6000,-57.7500,-0.6846,-2.1064,-1.9748,0
467720,-8.1456,-4.4330,0.0072,2.4500,-53.8300,-79.0300,0.0838,-1.8407,-2.7024,0
467759,-10.4602,-4.3828,1.6109,-61.7400,-83.2300,-67.1300,-2.1112,-2.8460,-2.2955,0
467798,-9.1557,-2.7048,-1.9819,-98.3500,-98.7700,-31.2200,-3.3631,-3.3774,-1.0676,0
467837,-7.6142,-4.5503,1.3668,8.6800,-31.0100,14.6300,0.2968,-1.0604,0.5003,0
467876,-7.8057,-4.5359,2.4535,-48.0200,-20.8600,25.3400,-1.6420,-0.7133,0.8665,0
467915,-8.3490,-3.7077,2.3817,-44.2400,-22.6100,22.5400,-1.5128,-0.7731,0.7708,0
467954,-8.2461,-3.6910,2.2189,-63.1400,-26.6700,35.2100,-2.1591,-0.9120,1.2040,0
467993,-8.0187,-4.2008,1.8886,-62.2300,-20.4400,25.7600,-2.1279,-0.6989,0.8809,0
468032,-7.8440,-4.6532,2.0442,-12.3200,-17.9900,15.6800,-0.4213,-0.6152,0.5362,0
468071,-7.9948,-4.4330,2.3434,-42.3500,-8.6800,18.1300,-1.4482,-0.2968,0.6200,0
468110,-8.0067,-3.2793,1.7234,-105.7000,12.1800,32.2700,-3.6144,0.4165,1.1035,0
468149,-7.9684,-2.9418,1.4745,-69.0900,14.9100,28.1400,-2.3625,0.5098,0.9622,0
468188,-9.0623,-4.3732,1.0484,8.4700,-7.7000,-11.4100,0.2896,-0.2633,-0.3902,0
468227,-9.7254,-3.1261,2.2261,-42.6300,-19.8800,11.6200,-1.4577,-0.6798,0.3973,0
468266,-15.3696,-3.8274,-1.5439,-99.2600,-53.4800,37.3100,-3.3942,-1.8287,1.2758,0
468305,-8.3825,-1.0293,-0.0239,83.3000,-90.5800,-17.7100,2.8484,-3.0974,-0.6056,0
468344,-7.6094,-2.1662,0.4476,-42.0700,1.7500,30.3800,-1.4386,0.0598,1.0388,0
468383,-11.3650,-3.5306,0.3399,47.1800,33.5300,61.8100,1.6133,1.1466,2.1136,0
468422,-9.9169,-3.2697,2.2668,-68.1800,-22.4000,15.0500,-2.3314,-0.7660,0.5146,0
468461,-10.4339,-0.9407,0.1005,-77.8400,-13.8600,-9.6600,-2.6617,-0.4739,-0.3303,0
468500,-8.7511,-0.5721,1.1681,-31.2900,0.7000,-28.5600,-1.0700,0.0239,-0.9766,0
468539,-9.5219,-1.1346,1.7234,-2.4500,22.6800,-12.1100,-0.0838,0.7755,-0.4141,0
468578,-10.0174,-1.6803,1.0388,-48.3700,7.0000,18.5500,-1.6540,0.2394,0.6343,0
468617,-9.5219,-2.0513,0.9072,7.2100,19.4600,21.0000,0.2465,0.6654,0.7181,0
468656,-9.0480,-1.4817,1.3979,-6.7200,10.1500,11.2000,-0.2298,0.3471,0.3830,0
468695,-9.4190,-2.0849,1.3835,19.7400,8.4700,18.4100,0.6750,0.2896,0.6295,0
468734,-9.7421,-2.5947,0.6942,-14.1400,-0.9800,25.0600,-0.4835,-0.0335,0.8569,0
468773,-9.5482,-2.1998,0.6654,2.3800,-12.3200,14.5600,0.0814,-0.4213,0.4979,0
468812,-9.5339,-1.2519,0.6822,-19.3200,15.7500,18.1300,-0.6606,0.5386,0.6200,0
468851,-9.4860,-1.6444,0.8091,5.6000,14.5600,24.0800,0.1915,0.4979,0.8234,0
468890,-9.1437,-1.8120,0.9838,-1.6800,-2.3800,-3.9200,-0.0574,-0.0814,-0.1340,0
468929,-9.4309,-2.2261,0.8952,19.6000,-7.5600,-12.2500,0.6702,-0.2585,-0.4189,0
468968,-9.8307,-1.7665,0.5984,-18.9700,-1.5400,0.6300,-0.6487,-0.0527,0.0215,0
469007,-9.4285,-1.9293,1.0173,-0.0700,-4.9000,1.8200,-0.0024,-0.1676,0.0622,0
469046,-9.1964,-2.1591,1.2686,-3.0800,-4.3400,3.8500,-0.1053,-0.1484,0.1317,0
469085,-9.7373,-2.1591,0.7085,-11.7600,-6.7900,4.1300,-0.4021,-0.2322,0.1412,0
469124,-9.6248,-1.9628,0.8162,-7.7000,-12.9500,-3.4300,-0.2633,-0.4428,-0.1173,0
