timestamp_ms,waist_x,waist_y,waist_z,waist_gx,waist_gy,waist_gz,thigh_x,thigh_y,thigh_z,event_flag
318,-3.1117,-7.2384,-5.7878,0.7000,-0.4900,0.2800,0.0239,-0.0168,0.0096,0
357,-3.1237,-7.2886,-5.8118,0.0700,0.0000,0.2100,0.0024,0.0000,0.0072,0
18531,6.9392,-7.0158,-0.2370,3.2200,13.3700,-2.3100,0.1101,0.4572,-0.0790,0
18570,7.2479,-6.5299,0.0622,2.5900,14.1400,-0.3500,0.0886,0.4835,-0.0120,0
18609,7.3533,-6.3575,-0.2824,9.8000,7.2100,-3.8500,0.3351,0.2465,-0.1317,0
18648,7.4107,-6.5011,-0.5098,12.1100,2.6600,-5.8800,0.4141,0.0910,-0.2011,0
18687,7.3796,-6.5849,-0.3782,7.0700,-1.1200,-3.0800,0.2418,-0.0383,-0.1053,0
18726,7.3772,-6.4700,-0.2298,6.2300,0.7000,-0.7700,0.2130,0.0239,-0.0263,0
18765,7.5041,-6.2043,-0.2250,7.4900,2.3100,-1.1900,0.2561,0.0790,-0.0407,0
18804,7.6620,-6.1014,-0.2753,6.3700,-2.2400,-0.9800,0.2178,-0.0766,-0.0335,0
18843,7.5328,-6.2809,-0.1987,3.9900,-4.0600,-0.3500,0.1364,-0.1388,-0.0120,0
18882,7.6884,-6.4700,-0.2106,1.8200,-1.4700,-0.7700,0.0622,-0.0503,-0.0263,0
18921,7.5328,-6.1971,-0.0598,1.1900,2.3100,-0.7000,0.0407,0.0790,-0.0239,0
18960,7.7865,-6.1397,0.0359,-1.6800,-0.5600,0.7700,-0.0574,-0.0191,0.0263,0
18999,7.9086,-6.2665,-0.0455,-1.8900,-2.1700,1.3300,-0.0646,-0.0742,0.0455,0
19038,7.6549,-6.3838,-0.0215,-1.4700,0.5600,-0.0700,-0.0503,0.0191,-0.0024,0
19077,7.5184,-6.2713,-0.1173,-0.9800,1.4000,-0.4900,-0.0335,0.0479,-0.0168,0
19116,7.6357,-6.2713,-0.1676,-3.2900,1.6800,-0.2800,-0.1125,0.0574,-0.0096,0
19155,7.6812,-6.2761,-0.0503,-5.1100,2.1000,0.4200,-0.1747,0.0718,0.0144,0
19194,7.5328,-6.2833,-0.0311,-2.6600,0.2100,0.4200,-0.0910,0.0072,0.0144,0
19233,7.6573,-6.4030,-0.1077,-0.7000,-1.8900,0.7000,-0.0239,-0.0646,0.0239,0
19272,7.6884,-6.3312,-0.2035,-1.8900,-0.4900,0.9100,-0.0646,-0.0168,0.0311,0
19311,7.5639,-6.2115,-0.1340,-2.1700,-0.7700,1.8900,-0.0742,-0.0263,0.0646,0
19350,7.7698,-6.3072,-0.2561,-0.0700,-2.5200,0.7700,-0.0024,-0.0862,0.0263,0
19389,7.6501,-6.1852,-0.2082,-1.5400,0.1400,0.4200,-0.0527,0.0048,0.0144,0
19428,7.6979,-6.2522,-0.2753,-2.5900,-0.6300,1.3300,-0.0886,-0.0215,0.0455,0
19467,7.7985,-6.4485,-0.2992,-1.1200,-2.2400,0.2800,-0.0383,-0.0766,0.0096,0
19506,7.6190,-6.3551,-0.2657,-0.4200,0.7700,-1.0500,-0.0144,0.0263,-0.0359,0
19545,7.5304,-6.2881,-0.2992,0.2100,0.3500,-0.1400,0.0072,0.0120,-0.0048,0
19584,7.6932,-6.2953,-0.4093,0.8400,-2.8000,0.1400,0.0287,-0.0957,0.0048,0
19623,7.5926,-6.2905,-0.3327,2.0300,-1.9600,0.2800,0.0694,-0.0670,0.0096,0
19662,7.4682,-6.3025,-0.2298,1.4000,-3.0800,0.6300,0.0479,-0.1053,0.0215,0
19701,7.7171,-6.2737,-0.3590,0.9800,-5.1800,0.5600,0.0335,-0.1771,0.0191,0
19740,7.7099,-6.2187,-0.4213,1.7500,-4.4100,1.2600,0.0598,-0.1508,0.0431,0
19779,7.5998,-6.4293,-0.4404,0.0700,-3.9900,1.1200,0.0024,-0.1364,0.0383,0
19818,7.6549,-6.4533,-0.4117,-0.3500,-3.3600,0.7000,-0.0120,-0.1149,0.0239,0
19857,7.5831,-6.2929,-0.3878,0.7000,-2.1700,1.0500,0.0239,-0.0742,0.0359,0
19896,7.6285,-6.2857,-0.4141,1.8900,-1.8200,0.8400,0.0646,-0.0622,0.0287,0
19935,7.6214,-6.2665,-0.4692,1.1900,-2.9400,-0.0700,0.0407,-0.1005,-0.0024,0
19974,7.6501,-6.3671,-0.4763,-1.7500,-2.5900,0.7000,-0.0598,-0.0886,0.0239,0
20013,7.7458,-6.3192,-0.4835,-1.8900,-1.8900,3.2900,-0.0646,-0.0646,0.1125,0
20052,7.5400,-6.3958,-0.5362,-1.9600,-2.0300,4.0600,-0.0670,-0.0694,0.1388,0
20091,7.4945,-6.3647,-0.4596,-2.8000,-2.3800,1.6800,-0.0957,-0.0814,0.0574,0
20130,7.4586,-6.4293,-0.5146,-2.9400,0.4200,0.0700,-0.1005,0.0144,0.0024,0
20169,7.5088,-6.5035,-0.5625,-1.3300,-0.4200,0.0700,-0.0455,-0.0144,0.0024,0
20208,7.5184,-6.4868,-0.5362,0.6300,-1.8200,0.9800,0.0215,-0.0622,0.0335,0
20247,7.6166,-6.3312,-0.5793,-0.7000,-0.9800,0.2800,-0.0239,-0.0335,0.0096,0
20286,7.5495,-6.4485,-0.5888,0.9100,-2.3100,0.4200,0.0311,-0.0790,0.0144,0
20325,7.5304,-6.4437,-0.5817,0.7700,-2.6600,0.7700,0.0263,-0.0910,0.0263,0
20364,7.4993,-6.3862,-0.5242,-0.2800,0.9800,0.4900,-0.0096,0.0335,0.0168,0
20403,7.5448,-6.3982,-0.6223,-0.6300,-0.7700,0.0700,-0.0215,-0.0263,0.0024,0
20442,7.5854,-6.5011,-0.5721,0.0700,-2.3800,0.2100,0.0024,-0.0814,0.0072,0
20481,7.5280,-6.4772,-0.5481,0.9100,-0.9100,-0.0700,0.0311,-0.0311,-0.0024,0
20520,7.5065,-6.3575,-0.5386,0.7700,1.1900,0.2100,0.0263,0.0407,0.0072,0
20559,7.5519,-6.3767,-0.5793,0.9100,-2.5200,0.9100,0.0311,-0.0862,0.0311,0
20598,7.5807,-6.4461,-0.5912,0.1400,-2.3100,0.6300,0.0048,-0.0790,0.0215,0
20637,7.5663,-6.4389,-0.5529,-0.4200,1.1200,0.0700,-0.0144,0.0383,0.0024,0
20676,7.5256,-6.3862,-0.5625,0.5600,-1.0500,0.2800,0.0191,-0.0359,0.0096,0
20715,7.5400,-6.4341,-0.5697,0.7700,-1.0500,0.4900,0.0263,-0.0359,0.0168,0
20754,7.5759,-6.4221,-0.5984,-0.3500,0.1400,0.4900,-0.0120,0.0048,0.0168,0
20793,7.5639,-6.3862,-0.6128,-0.2100,0.8400,0.3500,-0.0072,0.0287,0.0120,0
20832,7.4682,-6.3743,-0.5290,-0.2100,0.0700,0.3500,-0.0072,0.0024,0.0120,0
20871,7.5663,-6.4054,-0.5242,-0.5600,-1.7500,0.8400,-0.0191,-0.0598,0.0287,0
20910,7.5950,-6.4197,-0.6535,0.4900,-0.8400,0.8400,0.0168,-0.0287,0.0287,0
20949,7.5160,-6.4102,-0.5410,-0.2100,-0.0700,0.5600,-0.0072,-0.0024,0.0191,0
20988,7.5280,-6.3886,-0.5936,-0.9100,-1.4700,0.2800,-0.0311,-0.0503,0.0096,0
21027,7.5831,-6.3695,-0.6319,-0.6300,0.7700,0.4200,-0.0215,0.0263,0.0144,0
21066,7.5280,-6.3862,-0.5505,-0.6300,0.3500,0.4200,-0.0215,0.0120,0.0144,0
21105,7.5160,-6.4724,-0.6487,-0.3500,-1.3300,0.4200,-0.0120,-0.0455,0.0144,0
21144,7.5328,-6.4700,-0.5984,0.2100,-0.6300,0.2800,0.0072,-0.0215,0.0096,0
21183,7.5376,-6.4006,-0.5864,0.9100,-0.9800,0.5600,0.0311,-0.0335,0.0191,0
21222,7.5854,-6.3455,-0.6606,1.7500,-1.6100,0.5600,0.0598,-0.0551,0.0191,0
21261,7.5950,-6.2713,-0.6535,-0.1400,-0.3500,0.2800,-0.0048,-0.0120,0.0096,0
21300,7.5280,-6.2594,-0.6271,-0.6300,0.0000,0.0700,-0.0215,0.0000,0.0024,0
21339,7.5328,-6.4413,-0.6415,-0.2100,-1.7500,0.2800,-0.0072,-0.0598,0.0096,0
21378,7.5831,-6.5969,-0.7396,0.4900,-1.4000,0.4200,0.0168,-0.0479,0.0144,0
21417,7.4275,-6.4485,-0.6702,0.2100,0.5600,0.4900,0.0072,0.0191,0.0168,0
21456,7.4658,-6.4126,-0.5984,0.2800,-1.0500,0.2100,0.0096,-0.0359,0.0072,0
21495,7.5424,-6.5299,-0.7061,1.8200,-3.0100,-0.5600,0.0622,-0.1029,-0.0191,0
21534,7.5328,-6.4341,-0.6463,0.4200,1.6800,0.0700,0.0144,0.0574,0.0024,0
21573,7.5448,-6.3743,-0.6726,0.4200,-0.4200,0.2800,0.0144,-0.0144,0.0096,0
21612,7.5376,-6.4844,-0.6702,0.2800,-1.9600,0.2100,0.0096,-0.0670,0.0072,0
21651,7.4394,-6.4437,-0.5817,0.0000,0.7000,0.3500,0.0000,0.0239,0.0120,0
21690,7.5256,-6.4269,-0.6822,0.6300,-0.0700,0.1400,0.0215,-0.0024,0.0048,0
21729,7.5591,-6.5131,-0.7348,0.9800,-1.1200,-0.4200,0.0335,-0.0383,-0.0144,0
21768,7.4849,-6.4533,-0.5745,1.1900,-0.4200,-0.0700,0.0407,-0.0144,-0.0024,0
21807,7.5017,-6.3886,-0.5817,2.0300,-0.5600,0.2100,0.0694,-0.0191,0.0072,0
21846,7.5735,-6.4150,-0.7037,2.6600,-1.1900,-0.4200,0.0910,-0.0407,-0.0144,0
21885,7.5448,-6.4173,-0.6152,1.4000,-0.0700,-0.7000,0.0479,-0.0024,-0.0239,0
21924,7.5759,-6.3551,-0.5122,0.8400,-0.5600,0.7700,0.0287,-0.0191,0.0263,0
21963,7.6453,-6.2594,-0.6104,0.7000,-1.2600,0.8400,0.0239,-0.0431,0.0287,0
22002,7.4299,-6.3743,-0.6367,-2.3800,3.5000,-0.0700,-0.0814,0.1197,-0.0024,0
22041,7.5591,-6.4006,-0.6319,-4.5500,2.1000,0.6300,-0.1556,0.0718,0.0215,0
22080,7.5831,-6.4509,-0.5769,-3.4300,1.8200,1.5400,-0.1173,0.0622,0.0527,0
22119,7.4538,-6.3886,-0.5290,-2.5900,2.3800,1.4700,-0.0886,0.0814,0.0503,0
22158,7.4466,-6.4987,-0.6200,-2.3800,0.4200,0.6300,-0.0814,0.0144,0.0215,0
22197,7.5567,-6.5035,-0.6247,-3.7100,-0.6300,1.1200,-0.1269,-0.0215,0.0383,0
22236,7.6285,-6.4676,-0.5721,-1.3300,0.7700,1.3300,-0.0455,0.0263,0.0455,0
22275,7.5639,-6.4102,-0.4189,-1.9600,2.9400,1.2600,-0.0670,0.1005,0.0431,0
22314,7.6357,-6.5514,-0.3303,-2.8000,0.9100,2.0300,-0.0957,0.0311,0.0694,0
22353,7.6692,-6.7908,-0.4620,-7.9800,4.6200,4.4100,-0.2729,0.1580,0.1508,0
22392,7.3485,-6.7716,-0.4644,-5.2500,13.5800,3.0100,-0.1795,0.4644,0.1029,0
22431,7.1761,-6.3575,-0.3136,-8.6100,13.2300,1.9600,-0.2944,0.4524,0.0670,0
22470,7.5615,-6.1493,-0.4572,-14.2800,11.4100,4.4800,-0.4883,0.3902,0.1532,0
22509,7.6214,-6.4437,-0.5529,-15.3300,11.7600,6.3700,-0.5242,0.4021,0.2178,0
22548,7.4299,-6.5251,-0.5721,-14.0000,7.3500,5.7400,-0.4787,0.2513,0.1963,0
22587,7.2479,-6.6304,-0.5529,-15.0500,8.4700,4.5500,-0.5146,0.2896,0.1556,0
22626,7.5495,-6.8530,-0.1460,-15.8900,9.1000,2.8700,-0.5434,0.3112,0.0981,0
22665,8.3777,-6.4341,0.0622,-24.1500,6.2300,9.4500,-0.8258,0.2130,0.3231,0
22704,7.9541,-6.2091,-0.5745,-22.6100,8.2600,15.4700,-0.7731,0.2824,0.5290,0
22743,7.2599,-6.7549,-1.1777,-10.2900,10.6400,13.1600,-0.3519,0.3638,0.4500,0
22782,6.8937,-6.5394,-0.9192,-19.6000,10.5000,14.9800,-0.6702,0.3590,0.5122,0
22821,6.2283,-6.5849,-1.1561,-31.2200,6.8600,16.1000,-1.0676,0.2346,0.5505,0
22860,6.1469,-8.1408,-1.8120,-10.0800,13.2300,6.2300,-0.3447,0.4524,0.2130,0
22899,5.9075,-8.0426,-1.1633,5.8100,16.1000,-11.4100,0.1987,0.5505,-0.3902,0
22938,6.4604,-6.7142,-0.5984,3.7100,15.3300,-19.9500,0.1269,0.5242,-0.6822,0
22977,6.5394,-5.9578,-0.5290,7.0700,18.4800,-21.8400,0.2418,0.6319,-0.7468,0
23016,6.4461,-6.0559,0.0120,-3.9200,18.3400,-16.3100,-0.1340,0.6271,-0.5577,0
23055,6.1062,-6.5945,-0.9216,-21.8400,7.0000,-13.0200,-0.7468,0.2394,-0.4452,0
23094,7.6381,-8.6243,-0.5601,-41.7900,9.5200,-3.7100,-1.4290,0.3255,-0.1269,0
23133,7.7195,-8.3634,-0.3255,-50.6100,20.5100,9.3800,-1.7306,0.7013,0.3207,0
23172,7.2264,-7.7243,-0.5434,-26.9500,11.2700,13.3700,-0.9216,0.3854,0.4572,0
23211,7.5424,-8.2987,-0.6104,-14.5600,15.1900,2.3800,-0.4979,0.5194,0.0814,0
23250,7.7195,-6.3767,0.4500,-43.8200,39.4100,-14.6300,-1.4984,1.3476,-0.5003,0
23289,8.1480,-5.5485,-0.9335,-41.8600,37.8000,-22.3300,-1.4314,1.2926,-0.7636,0
23328,7.7315,-5.4790,-0.8114,-73.5000,29.3300,-34.7200,-2.5133,1.0029,-1.1872,0
23367,8.1862,-5.2253,-0.8450,-52.2200,32.3400,-23.6600,-1.7857,1.1059,-0.8091,0
23406,8.7296,-4.6365,-1.2351,-30.3100,43.9600,-15.6800,-1.0364,1.5032,-0.5362,0
23445,8.8972,-4.2248,-1.3237,-28.8400,45.9900,-15.4000,-0.9862,1.5726,-0.5266,0
23484,8.6985,-4.2918,-1.2375,-46.9000,57.0500,-19.7400,-1.6037,1.9508,-0.6750,0
23523,8.3323,-5.1200,-1.2232,-50.1200,59.5700,-16.2400,-1.7138,2.0370,-0.5553,0
23562,8.1743,-5.3067,-0.7181,-54.3900,52.3600,-11.2700,-1.8599,1.7904,-0.3854,0
23601,8.4878,-4.9022,-1.0388,-40.0400,48.5800,-9.3800,-1.3692,1.6612,-0.3207,0
23640,8.4328,-4.9955,-0.7540,-35.4900,53.6900,-7.7000,-1.2136,1.8359,-0.2633,0
23679,7.7506,-5.2732,-0.8067,-39.9700,50.4700,-6.2300,-1.3668,1.7258,-0.2130,0
23718,7.6477,-6.0415,-1.3380,-38.8500,37.9400,-3.9900,-1.3285,1.2974,-0.1364,0
23757,8.1839,-5.5844,-0.4237,-33.3900,30.7300,2.1700,-1.1418,1.0508,0.0742,0
23796,8.2724,-4.6102,-1.0628,-27.5800,32.1300,8.7500,-0.9431,1.0987,0.2992,0
23835,8.1240,-5.5628,-1.0508,-38.8500,30.7300,14.2800,-1.3285,1.0508,0.4883,0
23874,8.2557,-6.3216,-1.1585,-38.5000,32.5500,22.0500,-1.3165,1.1130,0.7540,0
23913,7.2096,-5.7376,-0.9622,-44.5200,37.9400,26.7400,-1.5224,1.2974,0.9144,0
23952,8.4902,-7.0588,0.5529,-44.2400,12.7400,39.9000,-1.5128,0.4356,1.3644,0
23991,9.3400,-6.6232,-0.0910,-40.5300,-30.8000,46.4100,-1.3859,-1.0532,1.5870,0
24030,7.4562,-5.9913,-0.0790,-22.9600,-28.4900,52.7800,-0.7851,-0.9742,1.8048,0
24069,7.0517,-8.0570,1.6420,-27.3000,-32.8300,53.9700,-0.9335,-1.1226,1.8455,0
24108,6.8338,-8.4113,0.8402,-26.3900,-21.1400,24.4300,-0.9024,-0.7229,0.8354,0
24147,7.1043,-7.3940,0.0622,-0.5600,-16.5200,19.3200,-0.0191,-0.5649,0.6606,0
24186,6.6902,-6.6759,-0.5314,29.1200,-23.3800,23.7300,0.9958,-0.7995,0.8114,0
24225,6.0846,-5.6514,-0.1508,19.6700,-17.5000,9.6600,0.6726,-0.5984,0.3303,0
24264,6.3240,-5.9578,-0.9407,18.2000,-18.4100,-4.9000,0.6223,-0.6295,-0.1676,0
24303,6.1229,-6.4317,-1.0460,22.4700,-16.5200,-17.8500,0.7684,-0.5649,-0.6104,0
24342,5.8836,-6.8195,-0.8162,18.8300,-11.1300,-33.3900,0.6439,-0.3806,-1.1418,0
24381,6.4892,-7.1498,-0.9024,31.4300,-10.7100,-41.9300,1.0747,-0.3662,-1.4338,0
24420,7.3341,-6.9894,-0.2274,18.8300,-10.2900,-35.0000,0.6439,-0.3519,-1.1968,0
24459,7.3150,-7.1785,-0.7875,6.0200,-18.9700,-13.3000,0.2059,-0.6487,-0.4548,0
24498,6.6280,-8.0211,-1.4362,1.4700,-31.5000,1.8200,0.0503,-1.0771,0.0622,0
24537,5.6538,-8.5118,-0.8162,2.2400,-42.9100,-0.4900,0.0766,-1.4673,-0.0168,0
24576,12.3153,-10.4722,-1.7306,-19.0400,-66.8500,13.5100,-0.6511,-2.2859,0.4620,0
24615,8.9977,-6.6687,-2.3960,9.6600,18.4800,12.3900,0.3303,0.6319,0.4237,0
24654,7.1618,-4.7586,0.3854,-26.8100,38.3600,-17.5000,-0.9168,1.3117,-0.5984,0
24693,9.0432,-5.2445,1.4960,-17.5700,45.8500,-24.3600,-0.6008,1.5678,-0.8330,0
24732,7.9995,-4.7011,-0.3662,20.1600,28.6300,-29.0500,0.6894,0.9790,-0.9934,0
24771,7.5854,-4.9572,-1.2495,3.7800,8.3300,-31.7800,0.1293,0.2848,-1.0867,0
24810,7.5543,-4.7346,-0.4069,3.0100,24.6400,-15.1900,0.1029,0.8426,-0.5194,0
24849,8.4400,-4.2942,-0.0742,1.9600,61.5300,-0.3500,0.0670,2.1040,-0.0120,0
24888,9.0839,-3.6790,0.1221,-4.7600,53.1300,0.0000,-0.1628,1.8168,0.0000,0
24927,8.7368,-5.0051,-0.9910,-2.3100,30.4500,-9.0300,-0.0790,1.0412,-0.3088,0
24966,7.9349,-5.4312,-0.5051,-40.3200,26.8100,-15.4700,-1.3787,0.9168,-0.5290,0
25005,7.6261,-6.4221,-1.5367,-25.7600,38.0100,-6.3000,-0.8809,1.2997,-0.2154,0
25044,7.8775,-7.0565,-1.2327,-7.4200,50.6100,5.8100,-0.2537,1.7306,0.1987,0
25083,7.7913,-6.7620,0.1987,1.7500,80.4300,12.3200,0.0598,2.7503,0.4213,0
25122,7.8655,-5.8979,0.0718,-3.0800,65.6600,10.5700,-0.1053,2.2452,0.3614,0
25161,6.5538,-5.9243,0.7612,3.7100,40.2500,18.9000,0.1269,1.3763,0.6463,0
25200,8.8828,-5.7040,2.6330,-40.5300,-0.7700,35.1400,-1.3859,-0.0263,1.2016,0
25239,9.6248,-4.3947,0.8545,-62.7900,-55.6500,31.9900,-2.1471,-1.9029,1.0939,0
25278,6.9918,-4.6341,0.7899,-58.3100,-60.9700,38.0800,-1.9939,-2.0849,1.3021,0
25317,7.1881,-8.2844,1.7450,-31.5700,-75.0400,50.4700,-1.0795,-2.5660,1.7258,0
25356,6.8171,-9.4597,2.9226,-35.8400,-35.2800,21.4900,-1.2255,-1.2064,0.7348,0
25395,6.4987,-7.4299,-0.1125,8.8200,-24.3600,2.3100,0.3016,-0.8330,0.0790,0
25434,6.1253,-6.8291,-0.0287,47.6000,-32.5500,8.4000,1.6277,-1.1130,0.2872,0
25473,5.4024,-7.1043,-0.1963,47.7400,-33.0400,-2.6600,1.6325,-1.1298,-0.0910,0
25512,6.4556,-6.8602,-0.4356,50.9600,-39.2000,-27.2300,1.7426,-1.3404,-0.9311,0
25551,5.9195,-5.2205,-1.6325,58.2400,-23.3100,-42.5600,1.9915,-0.7971,-1.4553,0
25590,6.4556,-5.7830,-0.5864,52.6400,-20.3700,-52.7100,1.8000,-0.6965,-1.8024,0
25629,8.4280,-6.4509,0.7708,-21.0000,-43.6100,-42.1400,-0.7181,-1.4912,-1.4410,0
25668,6.5634,-7.4562,-1.6851,31.3600,-70.4900,-7.2800,1.0724,-2.4104,-0.2489,0
25707,5.2301,-8.3155,-2.3290,15.1900,-69.6500,12.7400,0.5194,-2.3817,0.4356,0
25746,12.3081,-10.1538,0.7827,11.5500,-112.0700,24.3600,0.3950,-3.8322,0.8330,0
25785,9.9911,-7.8272,-3.4301,50.7500,-61.4600,6.5100,1.7354,-2.1016,0.2226,0
25824,7.6429,-5.1535,0.4883,10.7800,-9.1000,-20.3700,0.3686,-0.3112,-0.6965,0
25863,8.1288,-4.5216,0.7899,26.6000,26.6000,-28.0000,0.9096,0.9096,-0.9575,0
25902,8.6865,-4.6484,-0.0383,82.1100,28.4900,-31.0800,2.8077,0.9742,-1.0628,0
25941,7.8655,-4.2439,-1.0149,82.1800,6.2300,-27.0200,2.8101,0.2130,-0.9239,0
25980,9.0336,-4.2056,-0.4931,46.2000,-2.1700,-19.1100,1.5798,-0.0742,-0.6535,0
26019,8.9570,-3.5091,0.1101,43.7500,35.8400,-7.2100,1.4960,1.2255,-0.2465,0
26058,8.9331,-4.0859,-0.2609,47.6000,34.6500,-0.7000,1.6277,1.1849,-0.0239,0
26097,8.1695,-4.6197,-1.1561,31.2900,-7.3500,-6.2300,1.0700,-0.2513,-0.2130,0
26136,8.2030,-6.7453,-0.6846,3.5000,-23.3800,-10.7100,0.1197,-0.7995,-0.3662,0
26175,8.4160,-6.7692,-0.2059,24.1500,8.2600,1.4700,0.8258,0.2824,0.0503,0
26214,7.7721,-6.0128,0.4955,53.5500,32.0600,15.8900,1.8311,1.0963,0.5434,0
26253,7.6381,-5.1439,0.3543,60.3400,6.0200,28.5600,2.0633,0.2059,0.9766,0
26292,7.0373,-5.2732,0.7899,10.2200,-3.0800,37.5200,0.3495,-0.1053,1.2830,0
26331,8.6554,-4.4474,-0.1340,-40.8800,-16.5900,52.0800,-1.3979,-0.5673,1.7809,0
26370,8.6722,-5.3450,0.5362,-17.2200,-54.2500,66.1500,-0.5888,-1.8551,2.2620,0
26409,7.7602,-6.7094,2.0633,-16.0300,-77.9800,33.8800,-0.5481,-2.6665,1.1585,0
26448,6.5658,-9.0025,0.5146,15.1200,-59.2900,-9.6600,0.5170,-2.0274,-0.3303,0
26487,5.7328,-7.6836,-0.4572,44.1700,-48.6500,-12.6000,1.5104,-1.6636,-0.4309,0
26526,5.7017,-7.3341,-0.4668,64.8900,-46.5500,-9.4500,2.2189,-1.5918,-0.3231,0
26565,6.2665,-6.3360,-1.4362,79.3100,-71.3300,-25.5500,2.7120,-2.4391,-0.8737,0
26604,6.6017,-6.4150,-1.2926,93.5900,-56.0700,-39.9700,3.2003,-1.9173,-1.3668,0
26643,6.6256,-6.7357,0.9072,86.2400,-28.4200,-40.6000,2.9490,-0.9718,-1.3883,0
26682,7.1474,-6.6064,1.4362,71.0500,-71.0500,-29.6800,2.4295,-2.4295,-1.0149,0
26721,8.3706,-6.0415,0.9790,44.6600,-123.4800,-22.8900,1.5271,-4.2224,-0.7827,0
26760,11.0395,-7.0708,-2.0490,52.6400,-88.6200,1.4000,1.8000,-3.0303,0.0479,0
26799,8.9881,-7.8033,-0.8904,97.6500,-58.5200,13.9300,3.3391,-2.0011,0.4763,0
26838,7.7075,-6.9799,0.5338,94.7800,-39.8300,-35.8400,3.2410,-1.3620,-1.2255,0
26877,9.0815,-3.6718,-2.2165,128.0300,-54.1800,-33.3200,4.3780,-1.8527,-1.1394,0
26916,9.3735,-3.5187,-2.7623,109.6900,-44.3100,-32.6900,3.7508,-1.5152,-1.1178,0
26955,8.0570,-3.3511,-1.3069,95.5500,-32.2700,-20.0900,3.2673,-1.1035,-0.6870,0
26994,8.3251,-3.9878,-0.2753,51.3100,-24.3600,-5.1800,1.7545,-0.8330,-0.1771,0
27033,8.5884,-4.9644,0.0000,49.4200,-25.5500,6.7900,1.6899,-0.8737,0.2322,0
27072,8.7057,-4.5096,0.9144,47.2500,-22.7500,11.3400,1.6157,-0.7779,0.3878,0
27111,9.2777,-4.6604,0.4979,51.3100,-16.6600,14.5600,1.7545,-0.5697,0.4979,0
27150,9.1437,-5.2516,1.4290,40.6000,-12.9500,24.1500,1.3883,-0.4428,0.8258,0
27189,10.3190,-3.6335,0.5888,19.8800,-17.9900,37.3100,0.6798,-0.6152,1.2758,0
27228,9.9599,-3.8442,-0.4213,9.0300,-19.0400,41.5800,0.3088,-0.6511,1.4218,0
27267,7.9780,-5.7759,-1.8072,-1.4000,-0.9100,44.1000,-0.0479,-0.0311,1.5080,0
27306,6.6974,-8.1097,0.7947,-31.7100,11.7600,28.3500,-1.0843,0.4021,0.9694,0
27345,5.1727,-7.9708,0.3112,-21.4900,15.4700,0.9100,-0.7348,0.5290,0.0311,0
27384,5.2301,-6.4365,0.1269,2.8000,13.1600,-20.6500,0.0957,0.4500,-0.7061,0
27423,5.9219,-6.2187,0.7396,31.0100,0.0000,-33.5300,1.0604,0.0000,-1.1466,0
27462,6.9344,-7.1785,0.8450,19.4600,-9.8700,-37.8700,0.6654,-0.3375,-1.2950,0
27501,7.5471,-6.6017,1.9293,9.8700,0.1400,-31.0800,0.3375,0.0048,-1.0628,0
27540,7.1067,-5.5030,2.3793,20.3000,-3.2200,-17.6400,0.6942,-0.1101,-0.6032,0
27579,8.3682,-5.7806,1.5774,13.5800,-26.8800,-7.4200,0.4644,-0.9192,-0.2537,0
27618,11.2836,-7.4418,1.2112,21.6300,-35.8400,6.9300,0.7396,-1.2255,0.2370,0
27657,9.6559,-4.7633,1.5056,-6.5800,-5.0400,-0.5600,-0.2250,-0.1723,-0.0191,0
27696,6.7812,-5.0697,0.4596,10.1500,-27.1600,-12.8100,0.3471,-0.9287,-0.4380,0
27735,6.7501,-6.4389,-0.4715,-10.6400,-41.8600,-10.9200,-0.3638,-1.4314,-0.3734,0
27774,9.4381,-5.0243,-2.1232,14.5600,-3.9900,-6.5800,0.4979,-0.1364,-0.2250,0
27813,8.8756,-4.7897,-2.1447,-5.7400,-4.3400,-16.5900,-0.1963,-0.1484,-0.5673,0
27852,7.8631,-5.1870,-1.4075,-10.8500,5.3900,-11.7600,-0.3710,0.1843,-0.4021,0
27891,8.1839,-5.7136,-0.9934,-11.6900,17.7800,-3.0800,-0.3997,0.6080,-0.1053,0
27930,7.4682,-5.9673,-0.6583,2.8700,33.4600,4.1300,0.0981,1.1442,0.1412,0
27969,7.5280,-6.8817,-0.1532,18.4800,30.3800,5.9500,0.6319,1.0388,0.2035,0
28008,7.5926,-7.2743,1.1753,37.5900,43.6100,3.0800,1.2854,1.4912,0.1053,0
28047,7.7530,-6.2259,0.8378,61.2500,22.3300,4.9000,2.0944,0.7636,0.1676,0
28086,8.0737,-4.3421,0.3207,58.2400,-16.9400,3.9900,1.9915,-0.5793,0.1364,0
28125,9.0432,-4.1721,0.8067,57.2600,-36.1200,8.1900,1.9580,-1.2351,0.2801,0
28164,9.7325,-4.0093,0.9598,64.6100,-31.3600,11.0600,2.2093,-1.0724,0.3782,0
28203,8.9762,-4.1697,1.4625,41.3000,-26.1800,5.2500,1.4122,-0.8952,0.1795,0
28242,8.7607,-4.2726,1.1466,36.4000,-24.5700,4.5500,1.2447,-0.8402,0.1556,0
28281,8.8900,-4.9548,0.9551,21.3500,-13.5800,4.4100,0.7301,-0.4644,0.1508,0
28320,8.6769,-5.2277,1.2926,12.5300,-3.7800,0.8400,0.4285,-0.1293,0.0287,0
28359,8.2940,-5.2181,1.3811,14.5600,-3.7100,0.8400,0.4979,-0.1269,0.0287,0
28398,8.1791,-5.6131,1.4314,15.7500,-6.7900,-1.2600,0.5386,-0.2322,-0.0431,0
28437,8.0666,-5.5485,1.7306,14.4900,-3.2200,-4.2000,0.4955,-0.1101,-0.1436,0
28476,8.1886,-5.2038,1.5942,15.6800,-2.6600,-2.8700,0.5362,-0.0910,-0.0981,0
28515,8.2964,-5.0506,1.5559,11.5500,-3.5700,0.5600,0.3950,-0.1221,0.0191,0
28554,8.3538,-5.1846,1.8790,4.6200,-3.0100,1.6800,0.1580,-0.1029,0.0574,0
28593,8.4184,-5.1774,1.8766,5.8800,-4.2000,0.0700,0.2011,-0.1436,0.0024,0
28632,8.4256,-5.0147,1.8144,2.8700,1.2600,-0.2100,0.0981,0.0431,-0.0072,0
28671,8.2652,-5.1750,1.7450,-0.4900,2.0300,-0.2800,-0.0168,0.0694,-0.0096,0
28710,8.2820,-5.3258,1.7665,-0.7700,-0.4200,0.3500,-0.0263,-0.0144,0.0120,0
28749,8.2006,-5.3258,1.8646,0.2100,1.5400,-0.9800,0.0072,0.0527,-0.0335,0
28788,8.2030,-5.4695,1.8024,0.6300,2.1000,-2.3800,0.0215,0.0718,-0.0814,0
28827,8.0833,-5.4072,1.7474,0.7700,0.1400,-1.5400,0.0263,0.0048,-0.0527,0
28866,8.2533,-5.5054,2.2333,0.0000,-0.7000,2.3800,0.0000,-0.0239,0.0814,0
28905,8.5980,-5.6251,1.6540,-4.5500,-14.7700,6.7200,-0.1556,-0.5051,0.2298,0
28944,8.1910,-4.9668,1.3357,-10.4300,-9.5200,14.9800,-0.3567,-0.3255,0.5122,0
28983,6.6471,-5.4671,1.4362,-17.1500,7.7000,12.6000,-0.5864,0.2633,0.4309,0
29022,7.0421,-5.2899,2.1615,-15.0500,17.0800,1.9600,-0.5146,0.5840,0.0670,0
29061,8.0690,-4.9955,1.9700,-5.6000,-12.8800,-4.9700,-0.1915,-0.4404,-0.1699,0
29100,9.7086,-6.0607,1.4458,-5.4600,-4.1300,-9.6600,-0.1867,-0.1412,-0.3303,0
29139,8.9091,-5.9267,1.1059,1.3300,27.3700,-10.0800,0.0455,0.9359,-0.3447,0
29178,6.9224,-4.7657,1.6085,-19.8800,22.1200,-7.9800,-0.6798,0.7564,-0.2729,0
29217,7.8081,-5.4838,1.4601,-24.7800,-6.4400,3.1500,-0.8473,-0.2202,0.1077,0
29256,8.3251,-6.4006,1.1920,-5.3200,0.4900,7.7700,-0.1819,0.0168,0.2657,0
29295,7.6573,-5.9506,1.5224,-3.8500,7.5600,0.0000,-0.1317,0.2585,0.0000,0
29334,8.0594,-5.5676,1.5176,-4.1300,-6.1600,-1.5400,-0.1412,-0.2106,-0.0527,0
29373,8.3155,-5.3953,1.6612,-2.3100,-1.3300,1.5400,-0.0790,-0.0455,0.0527,0
29412,8.4424,-5.7423,1.3572,1.0500,1.6100,4.9000,0.0359,0.0551,0.1676,0
29451,8.0714,-5.8118,1.9197,-18.4100,-4.9000,2.2400,-0.6295,-0.1676,0.0766,0
29490,8.3155,-5.7711,1.6923,-15.8200,-14.4200,9.6600,-0.5410,-0.4931,0.3303,0
29529,7.7913,-5.1750,1.2184,-6.9300,0.2100,9.7300,-0.2370,0.0072,0.3327,0
29568,7.2264,-4.9788,1.4817,3.8500,3.3600,-1.8900,0.1317,0.1149,-0.0646,0
29607,7.0971,-5.1415,1.5535,6.9300,-6.3700,-6.4400,0.2370,-0.2178,-0.2202,0
29646,8.2987,-5.9530,1.8982,7.7700,-20.0900,-5.1800,0.2657,-0.6870,-0.1771,0
29685,10.1945,-6.8817,2.1950,26.0400,-15.2600,-0.5600,0.8904,-0.5218,-0.0191,0
29724,8.0019,-5.0961,2.0466,23.3100,-0.9100,-11.3400,0.7971,-0.0311,-0.3878,0
29763,7.8128,-4.0931,1.5630,14.4200,-23.8700,-1.0500,0.4931,-0.8162,-0.0359,0
29802,8.5166,-4.4139,1.0101,19.3200,-50.1200,10.1500,0.6606,-1.7138,0.3471,0
29841,9.1413,-5.3139,0.9934,29.8200,-59.3600,-0.7700,1.0197,-2.0298,-0.0263,0
29880,8.4591,-4.7250,-1.1442,34.3000,-60.6200,-7.9100,1.1729,-2.0729,-0.2705,0
29919,8.5142,-4.4402,-0.6511,-12.8100,-21.6300,4.2700,-0.4380,-0.7396,0.1460,0
29958,9.2059,-4.9429,0.1173,-24.2200,18.2000,16.6600,-0.8282,0.6223,0.5697,0
29997,8.7799,-4.7681,-0.2274,-39.0600,19.3900,12.1100,-1.3357,0.6630,0.4141,0
30036,9.3304,-4.7059,0.8330,-48.4400,19.1800,11.8300,-1.6564,0.6559,0.4045,0
30075,9.0097,-2.7958,2.6139,-66.6400,29.8900,17.2200,-2.2787,1.0221,0.5888,0
30114,9.1724,-1.8240,1.6899,-56.0000,28.2100,22.6100,-1.9149,0.9646,0.7731,0
30153,9.1126,-3.0686,1.1274,-48.0900,33.4600,31.3600,-1.6444,1.1442,1.0724,0
30192,7.9253,-5.8955,0.4668,-72.4500,18.6900,30.2400,-2.4774,0.6391,1.0341,0
30231,8.0905,-8.6339,-1.9819,-74.6200,20.0200,36.6800,-2.5516,0.6846,1.2543,0
30270,6.9703,-8.7679,-3.8466,-73.2200,46.2000,38.9900,-2.5037,1.5798,1.3333,0
30309,7.4011,-11.7480,-1.6803,-34.4400,39.2700,27.9300,-1.1777,1.3428,0.9551,0
30348,6.6878,-8.8948,-2.2548,-50.6100,63.7000,-4.2700,-1.7306,2.1782,-0.1460,0
30387,5.3139,-7.6381,-1.7019,-29.9600,58.3100,-10.7800,-1.0245,1.9939,-0.3686,0
30426,4.7059,-6.6711,0.2992,3.2900,47.1100,-11.3400,0.1125,1.6109,-0.3878,0
30465,7.0971,-5.9697,1.1011,-24.2900,49.4200,-10.3600,-0.8306,1.6899,-0.3543,0
30504,7.5974,-5.2493,-0.0598,-51.1700,51.8000,-17.5000,-1.7498,1.7713,-0.5984,0
30543,6.5227,-6.2498,0.3614,-48.9300,53.4800,-29.7500,-1.6732,1.8287,-1.0173,0
30582,6.0224,-7.2073,0.5984,-58.9400,45.0800,-31.4300,-2.0154,1.5415,-1.0747,0
30621,5.9865,-7.3533,1.3476,-66.2900,47.9500,-22.1900,-2.2668,1.6396,-0.7588,0
30660,7.6788,-7.2073,1.4601,-69.5100,11.4800,-11.9700,-2.3769,0.3926,-0.4093,0
30699,8.4950,-6.9320,-3.3511,-36.1200,29.2600,14.1400,-1.2351,1.0005,0.4835,0
30738,5.8812,-6.1014,-1.1609,-79.0300,37.7300,9.0300,-2.7024,1.2902,0.3088,0
30777,7.2073,-7.5591,-1.4984,-50.9600,16.5900,1.9600,-1.7426,0.5673,0.0670,0
30816,10.0174,-6.3671,-4.3301,-36.2600,23.0300,7.1400,-1.2399,0.7875,0.2442,0
30855,11.6187,-6.1684,-2.4056,-59.2200,38.4300,-27.0200,-2.0250,1.3141,-0.9239,0
30894,8.0881,-6.4293,-1.5104,-39.6900,73.2900,-48.0900,-1.3572,2.5061,-1.6444,0
30933,6.3168,-5.6466,-0.5625,-24.5700,70.3500,-50.6800,-0.8402,2.4056,-1.7330,0
30972,5.7830,-5.1966,-0.8426,-13.7200,36.4000,-44.9400,-0.4692,1.2447,-1.5367,0
31011,5.6251,-6.4820,-1.8407,-2.3800,2.5200,-20.0200,-0.0814,0.0862,-0.6846,0
31050,6.1229,-6.6783,-1.4170,4.7600,16.0300,-3.9200,0.1628,0.5481,-0.1340,0
31089,7.9421,-6.2594,-0.0622,24.6400,36.4700,1.5400,0.8426,1.2471,0.0527,0
31128,7.8823,-4.9955,-0.9958,15.1900,42.0000,-0.5600,0.5194,1.4362,-0.0191,0
31167,7.3389,-5.4336,0.7277,-9.5200,35.2100,16.0300,-0.3255,1.2040,0.5481,0
31206,8.3897,-5.6490,-0.2633,-19.6000,-24.0100,30.2400,-0.6702,-0.8210,1.0341,0
31245,5.8309,-4.3086,2.5397,-39.2000,-47.3200,37.5900,-1.3404,-1.6181,1.2854,0
31284,8.2389,-7.2743,2.5037,-7.3500,-142.3100,45.8500,-0.2513,-4.8663,1.5678,0
31323,11.1663,-8.7966,-0.6798,-21.4200,-88.3400,26.2500,-0.7325,-3.0208,0.8976,0
31362,11.1041,-7.0445,-1.0436,-7.2800,-62.5800,9.0300,-0.2489,-2.1399,0.3088,0
31401,8.7248,-7.5831,-1.4601,8.2600,-26.8100,8.4000,0.2824,-0.9168,0.2872,0
31440,6.3551,-7.3485,-2.8245,9.2400,-3.0100,10.6400,0.3160,-0.1029,0.3638,0
31479,3.2506,-7.7458,-1.9939,42.3500,5.9500,14.9100,1.4482,0.2035,0.5098,0
31518,1.0412,-6.0009,-1.2495,59.4300,-27.5800,-1.2600,2.0322,-0.9431,-0.0431,0
31557,2.1662,-2.7120,-0.0790,61.8100,-63.9800,-22.8900,2.1136,-2.1878,-0.7827,0
31596,14.5988,-6.6543,-0.3758,15.1200,-60.4800,25.6200,0.5170,-2.0681,0.8761,0
31635,10.2448,-6.5322,-1.1609,-6.5800,-40.6700,54.7400,-0.2250,-1.3907,1.8718,0
31674,9.5602,-8.6003,0.7109,-0.5600,15.9600,9.7300,-0.0191,0.5457,0.3327,0
31713,9.5458,-6.0152,-1.3692,68.3900,27.7200,-11.2700,2.3386,0.9479,-0.3854,0
31752,10.1371,-5.3522,-1.6157,45.5700,15.8200,-5.3200,1.5583,0.5410,-0.1819,0
31791,10.0198,-7.1259,-0.4261,23.6600,32.3400,-8.9600,0.8091,1.1059,-0.3064,0
31830,9.6847,-7.6668,-0.4620,43.8200,38.0800,-34.3000,1.4984,1.3021,-1.1729,0
31869,7.5160,-6.0080,-0.5098,26.1800,39.2000,-55.0200,0.8952,1.3404,-1.8814,0
31908,6.8003,-5.4695,-0.2202,34.6500,27.6500,-54.6000,1.1849,0.9455,-1.8670,0
31947,5.4479,-5.2157,-0.7181,60.4800,18.2700,-46.9000,2.0681,0.6247,-1.6037,0
31986,4.2032,-6.0224,0.8306,54.6000,25.8300,-19.2500,1.8670,0.8833,-0.6583,0
32025,3.7915,-5.2540,1.9556,40.5300,-5.8100,18.0600,1.3859,-0.1987,0.6176,0
32064,5.3211,-4.3516,0.4093,41.1600,-51.1700,46.1300,1.4075,-1.7498,1.5774,0
32103,8.9474,-4.9548,-0.0670,24.9900,-96.6700,71.7500,0.8545,-3.3056,2.4535,0
32142,11.2812,-6.1445,0.7923,5.3900,-127.1900,81.9000,0.1843,-4.3492,2.8006,0
32181,11.1735,-10.7618,3.6288,57.6100,-120.6800,13.4400,1.9700,-4.1266,0.4596,0
32220,8.1097,-9.1198,0.7947,69.0900,-91.0000,-9.9400,2.3625,-3.1117,-0.3399,0
32259,6.8219,-9.1269,-2.5971,101.7100,-87.7100,-9.5200,3.4780,-2.9992,-0.3255,0
32298,4.9596,-7.9900,-2.0298,118.8600,-82.5300,-13.2300,4.0644,-2.8221,-0.4524,0
32337,3.2554,-5.4790,-1.9029,132.2300,-87.1500,-32.5500,4.5216,-2.9801,-1.1130,0
32376,3.3439,-2.9250,-2.1615,133.2800,-120.8200,-45.9200,4.5575,-4.1314,-1.5702,0
32415,8.2652,-3.0136,-1.1992,142.3100,-155.4000,-34.8600,4.8663,-5.3139,-1.1920,0
32454,13.7706,-5.9937,1.0771,180.6000,-146.8600,26.2500,6.1756,-5.0219,0.8976,0
32493,13.1531,-4.0764,-1.2064,152.3900,-77.9800,-3.7100,5.2110,-2.6665,-0.1269,0
32532,9.5123,-3.5282,-2.3625,173.7400,-18.6900,-43.5400,5.9410,-0.6391,-1.4888,0
32571,6.9009,-6.8099,-2.5827,92.1200,-69.1600,-35.9100,3.1500,-2.3649,-1.2279,0
32610,7.3174,-7.3221,-2.9777,82.4600,-52.6400,-10.2200,2.8197,-1.8000,-0.3495,0
32649,9.0504,-5.5461,-1.8359,106.2600,-12.1800,-10.9200,3.6335,-0.4165,-0.3734,0
32688,8.6123,-4.8304,-2.6426,124.0400,-37.3100,-28.0000,4.2415,-1.2758,-0.9575,0
32727,8.9331,-4.4067,-2.0370,106.7500,-35.0000,-29.3300,3.6503,-1.1968,-1.0029,0
32766,8.7176,-3.3966,-0.9144,125.9300,10.0100,-8.0500,4.3062,0.3423,-0.2753,0
32805,9.0264,-2.9753,-1.6516,106.4000,9.1700,14.7700,3.6383,0.3136,0.5051,0
32844,9.0551,-3.4038,-1.9819,72.5900,-6.7200,29.8200,2.4822,-0.2298,1.0197,0
32883,9.5387,-4.4833,-0.9981,78.1900,-18.7600,31.3600,2.6737,-0.6415,1.0724,0
32922,8.7559,-4.2248,1.1250,83.1600,-35.0700,31.5000,2.8436,-1.1992,1.0771,0
32961,9.5554,-4.2439,2.5971,61.8100,-85.6800,38.6400,2.1136,-2.9298,1.3213,0
33000,9.0480,-3.7724,0.2250,55.0200,-91.3500,42.2800,1.8814,-3.1237,1.4458,0
33039,7.3221,-3.6407,2.6761,19.7400,-76.0900,63.0000,0.6750,-2.6019,2.1543,0
33078,7.4897,-8.9666,3.6790,-2.5900,-127.6800,75.4600,-0.0886,-4.3660,2.5803,0
33117,9.0719,-10.4028,1.6947,28.9800,-102.2000,16.3800,0.9910,-3.4947,0.5601,0
33156,6.5418,-6.2689,0.0934,14.2100,-23.9400,-6.1600,0.4859,-0.8186,-0.2106,0
33195,5.7902,-6.9799,-0.5960,13.3700,-39.6900,7.3500,0.4572,-1.3572,0.2513,0
33234,6.7596,-7.5088,-1.6085,41.0200,-64.1900,8.6100,1.4027,-2.1950,0.2944,0
33273,6.7237,-6.7142,-1.5271,48.7900,-55.7200,-4.4100,1.6684,-1.9053,-0.1508,0
33312,6.0320,-5.3641,-1.7019,60.4100,-45.5700,-14.4900,2.0657,-1.5583,-0.4955,0
33351,6.0679,-4.4737,-3.1716,56.2800,-40.5300,-24.0800,1.9245,-1.3859,-0.8234,0
33390,9.4884,-5.2014,-1.7593,23.0300,-27.6500,-25.5500,0.7875,-0.9455,-0.8737,0
33429,12.1788,-7.1307,-2.2500,-28.8400,-41.7900,27.9300,-0.9862,-1.4290,0.9551,0
33468,8.5190,-7.9804,1.2854,-70.2100,12.3900,35.0000,-2.4008,0.4237,1.1968,0
33507,8.4591,-7.3102,3.6910,-4.2000,45.9900,-12.1800,-0.1436,1.5726,-0.4165,0
33546,10.8049,-3.7077,0.7612,42.2100,53.9000,-28.9800,1.4434,1.8431,-0.9910,0
33585,7.0253,-4.9381,-1.6755,22.3300,46.9000,-25.9000,0.7636,1.6037,-0.8856,0
33624,6.9320,-5.0530,0.2035,-21.2800,20.3700,-19.8800,-0.7277,0.6965,-0.6798,0
33663,8.7966,-4.8735,0.5051,-31.9900,56.4900,-4.8300,-1.0939,1.9317,-0.1652,0
33702,8.7559,-4.7825,-0.8282,-26.5300,66.2200,-11.2700,-0.9072,2.2644,-0.3854,0
33741,8.2245,-5.3091,-0.2154,-49.7000,67.6200,-11.8300,-1.6995,2.3123,-0.4045,0
33780,7.1833,-5.3833,-0.1939,-54.1100,65.5900,-13.5100,-1.8503,2.2428,-0.4620,0
33819,7.2120,-4.8375,-1.2854,-44.7300,64.9600,-9.5200,-1.5295,2.2213,-0.3255,0
33858,7.1833,-4.0668,-1.8838,-46.7600,62.1600,10.9900,-1.5990,2.1256,0.3758,0
33897,6.2713,-4.2343,1.2782,-96.1800,51.0300,15.8200,-3.2889,1.7450,0.5410,0
33936,10.0844,-6.5777,4.6676,-92.6800,-43.8200,22.8200,-3.1692,-1.4984,0.7803,0
33975,10.1155,-8.5022,-0.6104,-60.6200,-19.3900,6.7200,-2.0729,-0.6630,0.2298,0
34014,4.6149,-8.7416,0.0144,-47.9500,14.0700,-4.4100,-1.6396,0.4811,-0.1508,0
34053,4.0835,-8.7823,1.4697,-79.1700,16.8700,-0.7700,-2.7072,0.5769,-0.0263,0
34092,6.2067,-5.8907,0.9359,-77.5600,32.8300,-9.5900,-2.6522,1.1226,-0.3279,0
34131,7.2288,-5.1128,-0.4452,-67.5500,58.1700,-22.4000,-2.3099,1.9891,-0.7660,0
34170,6.7740,-4.6054,-1.3404,-45.0800,55.5800,-45.2200,-1.5415,1.9006,-1.5463,0
34209,5.2660,-4.2798,-1.3620,-56.9100,59.8500,-75.6000,-1.9460,2.0466,-2.5851,0
34248,6.7142,-4.5551,-0.8689,-53.0600,65.5200,-73.2900,-1.8144,2.2404,-2.5061,0
34287,11.9275,-9.0168,-2.1016,-63.4200,14.7000,-27.5800,-2.1686,0.5027,-0.9431,0
34326,12.2339,-7.0134,2.1016,-107.6600,23.0300,59.7100,-3.6814,0.7875,2.0418,0
34365,7.5376,-5.0362,4.2104,-120.9600,50.4700,4.9000,-4.1362,1.7258,0.1676,0
34404,10.6302,-5.7447,-1.7498,-29.3300,67.2000,-17.6400,-1.0029,2.2979,-0.6032,0
34443,11.4488,-3.3176,-0.7133,-51.2400,71.8900,-34.5100,-1.7521,2.4583,-1.1801,0
34482,7.8081,-2.3529,-2.0274,-175.7700,51.1000,-38.7100,-6.0104,1.7474,-1.3237,0
34521,8.2102,-4.0524,-3.2338,-179.9700,38.0100,-3.5000,-6.1540,1.2997,-0.1197,0
34560,8.2916,-7.8679,-1.9939,-107.5900,104.2300,8.4000,-3.6790,3.5641,0.2872,0
34599,4.8160,-7.5112,-2.5708,-179.7600,161.8400,-23.3100,-6.1469,5.5341,-0.7971,0
34638,4.9979,-7.6333,-1.5678,-127.4700,159.0400,7.2100,-4.3588,5.4383,0.2465,0
34677,6.1229,-6.3767,0.5290,-83.9300,121.7300,24.1500,-2.8700,4.1625,0.8258,0
34716,7.1450,-3.4636,0.7325,-101.7800,59.5000,39.6900,-3.4804,2.0346,1.3572,0
34755,10.7498,-5.2899,-0.0383,-86.7300,27.7200,54.6000,-2.9657,0.9479,1.8670,0
34794,12.5403,-5.6442,1.8838,-112.0000,12.9500,38.5700,-3.8298,0.4428,1.3189,0
34833,9.4381,-4.6197,-0.7301,-118.1600,65.9400,-0.9100,-4.0405,2.2548,-0.0311,0
34872,7.4562,-8.1480,-0.6415,-84.6300,92.4700,8.2600,-2.8939,3.1620,0.2824,0
34911,5.6059,-6.2163,0.1245,-90.3700,105.7000,16.8000,-3.0902,3.6144,0.5745,0
34950,4.8447,-4.4953,-0.7851,-59.7800,85.4700,-2.4500,-2.0442,2.9226,-0.0838,0
34989,6.8243,-5.1320,-2.3170,-65.6600,56.0700,-21.2100,-2.2452,1.9173,-0.7253,0
35028,9.4716,-7.5376,0.9263,-127.7500,75.2500,-8.6800,-4.3684,2.5732,-0.2968,0
35067,9.4597,-8.2676,2.2644,-92.8200,49.2800,10.2200,-3.1740,1.6851,0.3495,0
35106,7.9660,-3.5282,-0.7492,-14.0700,70.5600,10.8500,-0.4811,2.4128,0.3710,0
35145,8.4735,-3.6216,-0.9335,-47.8800,79.4500,16.8000,-1.6372,2.7168,0.5745,0
35184,5.6610,-2.6091,-1.3716,-69.5800,92.8200,12.7400,-2.3793,3.1740,0.4356,0
35223,5.0243,-3.5929,-1.1394,-102.9700,60.0600,29.4000,-3.5210,2.0537,1.0053,0
35262,8.7583,-6.3862,0.3471,-107.8700,34.5800,68.6700,-3.6886,1.1825,2.3482,0
35301,3.3702,-6.0822,0.1652,-29.6800,72.5900,51.9400,-1.0149,2.4822,1.7761,0
35340,4.5431,-5.9721,-1.0149,19.0400,9.8000,53.5500,0.6511,0.3351,1.8311,0
35379,4.0141,-2.9514,0.1436,33.6000,7.8400,66.7800,1.1489,0.2681,2.2835,0
35418,4.1195,-0.6702,-2.2333,26.3200,-8.2600,63.9800,0.9000,-0.2824,2.1878,0
35457,6.2354,-4.7274,0.3136,-14.4200,13.4400,69.3700,-0.4931,0.4596,2.3721,0
35496,4.0764,-5.7423,0.7516,12.1100,59.2200,76.8600,0.4141,2.0250,2.6282,0
35535,0.8114,-6.8051,0.0024,38.9900,73.5700,89.6700,1.3333,2.5157,3.0663,1
35574,-1.4529,-4.1458,2.5157,47.8100,83.5100,106.3300,1.6349,2.8556,3.6359,0
35613,-0.1364,-5.9243,0.6080,61.6700,37.6600,150.7100,2.1088,1.2878,5.1535,0
35652,2.6306,-6.6830,4.6939,54.7400,14.9800,168.3500,1.8718,0.5122,5.7567,0
35691,7.5112,-7.7362,3.8202,71.4000,54.1100,182.8400,2.4415,1.8503,6.2522,0
35730,-14.7592,-33.0921,26.2534,67.1300,157.5000,271.3200,2.2955,5.3857,9.2777,0
35769,-25.5234,-42.5015,3.9495,241.0800,85.6100,185.7800,8.2437,2.9274,6.3527,0
35808,-6.3455,-7.6381,-4.4450,265.7200,6.0900,144.6200,9.0863,0.2082,4.9453,0
35847,-8.5453,-3.2338,6.2689,96.7400,-11.1300,55.7900,3.3080,-0.3806,1.9077,0
35886,-10.3166,3.6072,7.7243,104.2300,15.7500,20.7900,3.5641,0.5386,0.7109,0
35925,-9.0671,4.5575,5.1463,152.5300,-59.2900,50.9600,5.2157,-2.0274,1.7426,0
35964,-1.1920,-0.2298,4.1314,15.4000,-72.8000,29.3300,0.5266,-2.4894,1.0029,0
36003,-2.7264,-2.0992,5.8740,38.9900,-85.9600,-0.8400,1.3333,-2.9394,-0.0287,0
36042,-2.8293,6.9440,4.3469,105.0700,-81.6900,-18.1300,3.5929,-2.7934,-0.6200,0
36081,-5.6131,3.4038,7.1642,51.8700,-87.5000,-9.9400,1.7737,-2.9921,-0.3399,0
36120,-4.0285,4.0189,3.5785,39.6900,-50.4700,1.8200,1.3572,-1.7258,0.0622,0
36159,-4.7873,1.6564,6.3336,-27.7200,-26.6000,-15.6100,-0.9479,-0.9096,-0.5338,0
36198,-8.4543,3.4468,8.0881,-27.6500,-78.9600,-20.7200,-0.9455,-2.7000,-0.7085,0
36237,-2.5037,-0.2681,8.2557,-67.8300,-157.0100,-16.8000,-2.3194,-5.3689,-0.5745,0
36276,1.9221,-1.6229,13.2775,-67.8300,-122.2200,-19.8100,-2.3194,-4.1793,-0.6774,0
36315,1.5894,-7.2360,12.4565,18.4800,-70.2800,-15.3300,0.6319,-2.4032,-0.5242,0
36354,1.3811,-0.2226,10.0150,36.4700,-53.2700,-23.5900,1.2471,-1.8216,-0.8067,0
36393,1.2997,-0.0694,9.0480,1.1900,-1.3300,-22.6100,0.0407,-0.0455,-0.7731,0
36432,1.2112,-1.7067,8.8517,-11.8300,17.2900,-18.4800,-0.4045,0.5912,-0.6319,0
36471,1.9604,-3.2003,8.6171,-1.7500,33.8100,-11.9700,-0.0598,1.1561,-0.4093,0
36510,1.8144,-2.3793,8.9881,3.2200,32.3400,-6.1600,0.1101,1.1059,-0.2106,0
36549,1.2830,-1.6277,9.0144,-12.7400,27.6500,-4.2700,-0.4356,0.9455,-0.1460,0
36588,-0.0766,-3.1452,9.2418,-24.0100,15.8200,-2.8000,-0.8210,0.5410,-0.0957,0
36627,-0.8354,-4.1625,9.7661,-16.5900,14.2800,-4.8300,-0.5673,0.4883,-0.1652,0
36666,-1.1992,-4.2966,9.3256,-9.5200,10.0100,-5.5300,-0.3255,0.3423,-0.1891,0
36705,-1.3333,-3.8729,9.5770,-9.0300,11.6900,-6.5800,-0.3088,0.3997,-0.2250,0
36744,-1.0724,-3.6096,8.6434,-9.5900,11.0600,-5.7400,-0.3279,0.3782,-0.1963,0
36783,-2.4822,-3.8921,9.0504,-9.3100,8.2600,-4.0600,-0.3184,0.2824,-0.1388,0
36822,-3.3032,-3.7006,9.1820,-15.5400,-4.7600,-3.2200,-0.5314,-0.1628,-0.1101,0
36861,-1.8431,-4.1386,8.8613,-3.6400,-21.2800,-1.9600,-0.1245,-0.7277,-0.0670,0
36900,-1.1489,-4.3349,9.3520,6.3000,-21.2800,-0.1400,0.2154,-0.7277,-0.0048,0
36939,-0.3255,-3.6455,9.4932,13.9300,-15.1200,0.3500,0.4763,-0.5170,0.0120,0
36978,-0.2322,-3.2577,9.6009,18.3400,-10.5700,0.3500,0.6271,-0.3614,0.0120,0
37017,0.1532,-2.7838,9.4956,13.7900,-8.4000,1.6800,0.4715,-0.2872,0.0574,0
37056,-0.4668,-2.7287,9.1341,-8.8200,-6.6500,2.1000,-0.3016,-0.2274,0.0718,0
37095,0.0455,-3.3272,9.4908,2.1000,-2.2400,-2.5200,0.0718,-0.0766,-0.0862,0
37134,0.0311,-3.7245,9.5219,9.6600,3.4300,-6.0200,0.3303,0.1173,-0.2059,0
37173,-0.7109,-3.5713,9.4118,9.3800,9.5900,-7.5600,0.3207,0.3279,-0.2585,0
37212,-0.5051,-3.1093,9.2131,12.4600,9.8000,-4.0600,0.4261,0.3351,-0.1388,0
37251,-0.6606,-2.9011,9.1246,9.6600,4.7600,-2.5900,0.3303,0.1628,-0.0886,0
37290,-0.6463,-2.9538,8.9953,-7.1400,9.3100,-2.1000,-0.2442,0.3184,-0.0718,0
37329,-1.3117,-3.3056,9.4597,-10.2200,7.4200,3.7800,-0.3495,0.2537,0.1293,0
37368,-1.2926,-3.3272,9.3400,0.3500,-5.3900,6.1600,0.0120,-0.1843,0.2106,0
37407,-0.7660,-3.2793,9.1485,6.1600,-8.8900,5.0400,0.2106,-0.3040,0.1723,0
37446,-0.9407,-3.4325,9.2179,4.5500,-7.9800,2.3800,0.1556,-0.2729,0.0814,0
37485,-0.8402,-3.3080,9.1629,3.5700,-10.0100,1.4000,0.1221,-0.3423,0.0479,0
37524,-0.3040,-3.0998,9.3256,1.9600,-6.0900,2.1000,0.0670,-0.2082,0.0718,0
37563,-0.2872,-2.9011,9.3807,3.5700,-0.5600,0.4900,0.1221,-0.0191,0.0168,0
37602,-0.4548,-2.9298,9.3448,1.3300,1.1200,-1.1200,0.0455,0.0383,-0.0383,0
37641,-0.4548,-2.9801,9.2227,3.5000,-2.9400,-1.1200,0.1197,-0.1005,-0.0383,0
37680,-0.3519,-2.9921,9.2897,4.2000,-3.4300,-0.4200,0.1436,-0.1173,-0.0144,0
37719,-0.3016,-2.9729,9.3998,1.1900,-2.0300,0.7000,0.0407,-0.0694,0.0239,0
37758,-0.3423,-3.0806,9.3089,1.6100,0.6300,0.6300,0.0551,0.0215,0.0215,0
37797,-0.5362,-3.0926,9.2395,2.9400,0.7000,0.4900,0.1005,0.0239,0.0168,0
37836,-0.6008,-3.1476,9.4046,-0.5600,2.1700,0.7000,-0.0191,0.0742,0.0239,0
37875,-0.6583,-3.0615,9.2203,-2.3100,0.7700,0.7000,-0.0790,0.0263,0.0239,0
37914,-0.7229,-3.0686,9.3926,-0.4900,0.2800,0.7000,-0.0168,0.0096,0.0239,0
37953,-0.5242,-3.0591,9.2634,2.7300,-0.3500,0.5600,0.0934,-0.0120,0.0191,0
37992,-0.5266,-2.9897,9.3543,4.2000,-2.0300,0.2100,0.1436,-0.0694,0.0072,0
38031,-0.5098,-2.9561,9.2825,4.5500,-4.0600,0.2800,0.1556,-0.1388,0.0096,0
38070,-0.4955,-3.0088,9.2993,2.7300,-3.9200,0.2800,0.0934,-0.1340,0.0096,0
38109,-0.3926,-2.9801,9.3472,4.1300,-3.5000,0.1400,0.1412,-0.1197,0.0048,0
38148,-0.4524,-2.9274,9.3472,3.4300,-2.0300,0.4200,0.1173,-0.0694,0.0144,0
38187,-0.4213,-2.8939,9.4166,0.0000,0.2100,0.9800,0.0000,0.0072,0.0335,0
38226,-0.3686,-2.9442,9.3520,0.0700,0.0700,0.7000,0.0024,0.0024,0.0239,0
38265,-0.4811,-2.9298,9.3591,0.1400,1.1200,0.7000,0.0048,0.0383,0.0239,0
38304,-0.5098,-2.8963,9.3065,-2.1000,-0.1400,0.5600,-0.0718,-0.0048,0.0191,0
38343,-0.4117,-2.9681,9.3184,-0.3500,-1.4000,0.2800,-0.0120,-0.0479,0.0096,0
38382,-0.4500,-3.0064,9.4046,1.4700,-0.2800,0.3500,0.0503,-0.0096,0.0120,0
38421,-0.4524,-2.8700,9.2610,2.0300,-1.2600,0.2800,0.0694,-0.0431,0.0096,0
38460,-0.4692,-2.9394,9.4118,0.9800,-0.5600,0.3500,0.0335,-0.0191,0.0120,0
38499,-0.4572,-2.9155,9.3567,1.0500,-1.1200,0.4900,0.0359,-0.0383,0.0168,0
38538,-0.4548,-2.9992,9.3807,-0.1400,-1.4000,0.3500,-0.0048,-0.0479,0.0120,0
38577,-0.4189,-2.9250,9.3400,0.0000,-0.2800,0.2800,0.0000,-0.0096,0.0096,0
38616,-0.4500,-2.9561,9.3663,0.2800,-0.8400,0.0700,0.0096,-0.0287,0.0024,0
38655,-0.3902,-2.9131,9.3472,1.7500,-0.8400,0.5600,0.0598,-0.0287,0.0191,0
38694,-0.4309,-2.8604,9.3328,1.6100,-1.4000,0.5600,0.0551,-0.0479,0.0191,0
38733,-0.4117,-2.8748,9.3208,1.6800,-1.4000,0.6300,0.0574,-0.0479,0.0215,0
38772,-0.3614,-2.9155,9.3137,2.7300,-1.9600,0.6300,0.0934,-0.0670,0.0215,0
38811,-0.3255,-2.9202,9.3448,3.2200,0.3500,1.0500,0.1101,0.0120,0.0359,0
38850,-0.4476,-2.7982,9.3615,3.8500,0.5600,1.1200,0.1317,0.0191,0.0383,0
38889,-0.5122,-2.8221,9.3400,2.2400,0.9100,0.0700,0.0766,0.0311,0.0024,0
38928,-0.5170,-2.8748,9.3615,1.6800,0.0000,0.0700,0.0574,0.0000,0.0024,0
38967,-0.5242,-2.8867,9.4549,0.8400,-0.0700,0.1400,0.0287,-0.0024,0.0048,0
39006,-0.4332,-2.8030,9.3807,1.3300,-1.7500,0.2800,0.0455,-0.0598,0.0096,0
39045,-0.4404,-2.7694,9.3687,0.6300,-0.6300,0.7000,0.0215,-0.0215,0.0239,0
39084,-0.4668,-2.8197,9.3711,-0.2100,-1.2600,0.6300,-0.0072,-0.0431,0.0215,0
39123,-0.4380,-2.8389,9.4166,0.2100,-1.6800,0.8400,0.0072,-0.0574,0.0287,0
39162,-0.3160,-2.8819,9.3903,0.9100,-1.1200,0.7000,0.0311,-0.0383,0.0239,0
39201,-0.3590,-2.7599,9.3735,1.4700,0.0000,0.2100,0.0503,0.0000,0.0072,0
39240,-0.5075,-2.7575,9.3687,-0.0700,0.3500,-0.2800,-0.0024,0.0120,-0.0096,0
39279,-0.3854,-2.8221,9.3879,0.4200,-0.4900,0.2100,0.0144,-0.0168,0.0072,0
39318,-0.3950,-2.8006,9.4094,0.3500,-0.7000,0.2100,0.0120,-0.0239,0.0072,0
39357,-0.3878,-2.8221,9.3615,0.2100,-0.0700,0.1400,0.0072,-0.0024,0.0048,0
39396,-0.4093,-2.8173,9.3543,1.1200,0.0000,0.4200,0.0383,0.0000,0.0144,0
39435,-0.4644,-2.8221,9.3735,0.3500,0.0700,0.2800,0.0120,0.0024,0.0096,0
39474,-0.5793,-2.8580,9.4190,0.4200,-0.4900,0.0700,0.0144,-0.0168,0.0024,0
39513,-0.4117,-2.8460,9.3448,1.1900,-1.4700,0.2100,0.0407,-0.0503,0.0072,0
39552,-0.4835,-2.8508,9.3615,1.2600,-1.0500,0.1400,0.0431,-0.0359,0.0048,0
39591,-0.4261,-2.7383,9.3903,1.6100,-2.0300,0.4200,0.0551,-0.0694,0.0144,0
39630,-0.3950,-2.8389,9.3831,0.9100,-1.8900,0.6300,0.0311,-0.0646,0.0215,0
39669,-0.3710,-2.7958,9.4645,1.1900,-1.6800,0.4900,0.0407,-0.0574,0.0168,0
39708,-0.3231,-2.7311,9.3663,1.2600,-0.8400,0.0700,0.0431,-0.0287,0.0024,0
39747,-0.3758,-2.7694,9.3998,0.1400,0.7000,0.0000,0.0048,0.0239,0.0000,0
39786,-0.4237,-2.7934,9.3711,0.0000,0.1400,-0.2100,0.0000,0.0048,-0.0072,0
39825,-0.4668,-2.8341,9.4645,0.0000,-0.7000,-0.2100,0.0000,-0.0239,-0.0072,0
39864,-0.3950,-2.8724,9.3448,0.6300,-0.8400,0.4200,0.0215,-0.0287,0.0144,0
39903,-0.3782,-3.1620,9.5889,-6.0900,3.5000,0.3500,-0.2082,0.1197,0.0120,0
39942,-1.2471,-3.5043,10.4961,8.8900,-10.0800,-2.8700,0.3040,-0.3447,-0.0981,0
39981,0.4548,-4.4665,11.1041,29.1200,-5.8800,-10.3600,0.9958,-0.2011,-0.3543,0
40020,4.4785,-0.8497,11.5637,10.7800,37.8700,-9.3100,0.3686,1.2950,-0.3184,0
40059,0.2250,-2.8293,6.8147,-27.9300,78.8900,11.4100,-0.9551,2.6976,0.3902,0
40098,-3.6048,-1.9556,5.7280,-22.4000,43.8200,11.5500,-0.7660,1.4984,0.3950,0
40137,-6.4533,-1.4338,7.9469,-17.9900,2.8700,38.3600,-0.6152,0.0981,1.3117,0
40176,-2.2452,-4.2176,7.7506,-43.7500,-20.3700,19.0400,-1.4960,-0.6965,0.6511,0
40215,0.3543,-6.0463,8.5932,15.5400,-52.7100,-3.9900,0.5314,-1.8024,-0.1364,0
40254,-0.1819,-2.7359,10.3597,30.2400,-25.8300,-12.8100,1.0341,-0.8833,-0.4380,0
40293,0.0000,-1.6755,10.0102,32.4100,-36.1200,4.2000,1.1083,-1.2351,0.1436,0
40332,0.3806,-2.9514,8.7105,17.1500,-17.8500,4.4800,0.5864,-0.6104,0.1532,0
40371,0.0598,-2.6952,9.4477,5.5300,4.6900,-2.3800,0.1891,0.1604,-0.0814,0
40410,-0.2992,-2.1232,9.5315,1.6800,10.2200,-4.3400,0.0574,0.3495,-0.1484,0
40449,-1.2160,-2.0585,9.2634,-7.5600,9.9400,-7.9100,-0.2585,0.3399,-0.2705,0
40488,-1.4242,-2.5301,9.6918,-10.2900,4.4800,-10.8500,-0.3519,0.1532,-0.3710,0
40527,-0.6774,-2.8436,9.2993,3.2200,-5.7400,-9.9400,0.1101,-0.1963,-0.3399,0
40566,-0.8210,-2.6282,9.4836,5.3900,-3.9900,-11.2700,0.1843,-0.1364,-0.3854,0
40605,-0.5314,-2.8077,9.5865,6.7200,-0.7700,-7.5600,0.2298,-0.0263,-0.2585,0
40644,-0.4404,-2.9657,9.5315,0.8400,2.0300,-5.3900,0.0287,0.0694,-0.1843,0
40683,-0.2729,-3.1237,9.5147,1.1900,2.8700,-1.9600,0.0407,0.0981,-0.0670,0
40722,-0.8330,-3.0758,9.2083,0.4900,2.0300,0.1400,0.0168,0.0694,0.0048,0
40761,-0.9886,-2.9825,9.1365,-2.2400,-0.5600,0.7000,-0.0766,-0.0191,0.0239,0
40800,-1.0484,-3.0447,9.2706,1.2600,-2.5900,1.3300,0.0431,-0.0886,0.0455,0
40839,-1.0843,-2.8556,9.4405,7.6300,-4.6900,1.6800,0.2609,-0.1604,0.0574,0
40878,-0.8162,-2.5373,9.5291,5.8800,-7.0700,0.8400,0.2011,-0.2418,0.0287,0
40917,-0.4500,-2.4128,9.4956,7.6300,-8.5400,0.9100,0.2609,-0.2920,0.0311,0
40956,-0.3997,-2.3386,9.4740,4.9000,-7.1400,1.0500,0.1676,-0.2442,0.0359,0
40995,-0.3638,-2.4439,9.3926,3.2900,-6.5800,1.3300,0.1125,-0.2250,0.0455,0
41034,-0.3567,-2.4774,9.5243,4.3400,-5.4600,1.2600,0.1484,-0.1867,0.0431,0
41073,-0.2848,-2.4415,9.3950,3.0800,-1.1200,0.8400,0.1053,-0.0383,0.0287,0
41112,-0.5529,-2.5014,9.5865,0.2100,2.5900,-0.2100,0.0072,0.0886,-0.0072,0
41151,-0.6583,-2.6426,9.3615,-6.9300,7.6300,-2.4500,-0.2370,0.2609,-0.0838,0
41190,-0.6367,-2.7623,9.4357,-4.8300,4.8300,-2.2400,-0.1652,0.1652,-0.0766,0
41229,-0.6606,-2.7431,9.4716,1.1200,0.0700,-0.4900,0.0383,0.0024,-0.0168,0
41268,-0.5194,-2.5133,9.4070,3.7100,-5.2500,0.4200,0.1269,-0.1795,0.0144,0
41307,-0.4715,-2.4415,9.5171,0.8400,-6.0900,0.6300,0.0287,-0.2082,0.0215,0
41346,-0.3662,-2.5014,9.5410,-1.6100,-4.9000,1.6800,-0.0551,-0.1676,0.0574,0
41385,-1.1298,-2.8580,10.0341,27.3700,-32.6900,0.7700,0.9359,-1.1178,0.0263,0
41424,0.4380,-3.6455,9.7780,-1.8900,-16.5200,-9.3800,-0.0646,-0.5649,-0.3207,0
41463,2.9657,-0.4045,11.3339,-13.3000,31.2200,0.5600,-0.4548,1.0676,0.0191,0
41502,-0.3207,-3.6383,7.6692,-21.9100,39.0600,3.3600,-0.7492,1.3357,0.1149,0
41541,-2.9370,-1.7976,7.8320,-27.7900,49.1400,-3.1500,-0.9503,1.6803,-0.1077,0
41580,-3.6288,-2.1926,9.0168,-34.0900,34.7200,1.6100,-1.1657,1.1872,0.0551,0
41619,-3.1165,-3.2984,8.1599,-2.7300,-7.0700,7.3500,-0.0934,-0.2418,0.2513,0
41658,0.2585,-3.6503,8.7799,2.8000,-20.1600,7.7000,0.0957,-0.6894,0.2633,0
41697,1.5176,-3.6862,9.9240,7.4200,-24.5000,-0.7700,0.2537,-0.8378,-0.0263,0
41736,-0.9383,-2.9226,8.8517,10.5000,9.6600,-11.2700,0.3590,0.3303,-0.3854,0
41775,-2.3817,-2.6665,9.3041,2.5200,4.6900,-9.8700,0.0862,0.1604,-0.3375,0
41814,-2.0801,-3.2554,9.7182,1.8200,-1.8200,2.8000,0.0622,-0.0622,0.0957,0
41853,-0.1963,-3.6240,9.3543,4.3400,-9.5200,9.1700,0.1484,-0.3255,0.3136,0
41892,0.4715,-3.9040,8.7942,10.0800,-4.5500,2.6600,0.3447,-0.1556,0.0910,0
41931,-1.1442,-1.6325,9.4190,12.7400,-6.0900,-5.2500,0.4356,-0.2082,-0.1795,0
41970,-1.2471,-2.1567,9.6895,3.7100,-7.0700,0.3500,0.1269,-0.2418,0.0120,0
42009,-0.7396,-2.4918,9.8714,-1.0500,-9.1000,3.0800,-0.0359,-0.3112,0.1053,0
42048,-0.3997,-2.4415,10.5129,-4.7600,-6.7200,3.7100,-0.1628,-0.2298,0.1269,0
42087,-0.6200,-2.3194,9.5674,-5.4600,-4.3400,3.9900,-0.1867,-0.1484,0.1364,0
42126,0.0239,-2.8556,8.6889,-9.7300,1.8900,5.0400,-0.3327,0.0646,0.1723,0
42165,0.2633,-3.4660,8.7176,-5.9500,12.1100,4.1300,-0.2035,0.4141,0.1412,0
42204,-0.3447,-2.9729,9.5195,6.0900,1.9600,2.1000,0.2082,0.0670,0.0718,0
42243,-0.5649,-2.9442,9.6703,0.9800,0.4200,-2.2400,0.0335,0.0144,-0.0766,0
42282,-1.0556,-2.4008,10.4578,-3.6400,3.1500,0.0700,-0.1245,0.1077,0.0024,0
42321,-1.3069,-1.8455,10.0222,-7.4900,-5.1800,4.0600,-0.2561,-0.1771,0.1388,0
42360,-0.8665,-2.8436,8.9546,-12.3200,17.7100,-0.3500,-0.4213,0.6056,-0.0120,0
42399,-1.3692,-4.2846,8.0163,5.9500,11.6200,-2.5200,0.2035,0.3973,-0.0862,0
42438,-0.2968,-4.7586,9.3089,6.7900,18.7600,-5.9500,0.2322,0.6415,-0.2035,0
42477,0.3590,-1.8910,9.6416,31.5000,-6.8600,-0.4200,1.0771,-0.2346,-0.0144,0
42516,-0.2777,0.0048,9.3089,2.7300,-6.7900,-0.0700,0.0934,-0.2322,-0.0024,0
42555,-1.6109,-2.0250,8.4735,-35.9800,14.6300,-2.2400,-1.2303,0.5003,-0.0766,0
42594,-2.4463,-4.5048,9.0049,-18.7600,5.5300,7.0000,-0.6415,0.1891,0.2394,0
42633,-1.3357,-4.8687,9.8211,5.6700,-3.5000,11.9700,0.1939,-0.1197,0.4093,0
42672,-0.2035,-3.7939,11.4799,7.6300,-2.7300,3.9200,0.2609,-0.0934,0.1340,0
42711,0.6223,-1.8455,9.9671,-2.4500,12.3200,-1.0500,-0.0838,0.4213,-0.0359,0
42750,-0.7420,-1.4577,8.5788,-42.4900,33.4600,-5.8800,-1.4529,1.1442,-0.2011,0
42789,-1.4673,-2.3673,7.8272,-50.6800,49.7000,-2.5900,-1.7330,1.6995,-0.0886,0
42828,-3.7341,-5.1176,8.4831,-32.2000,41.2300,-7.0000,-1.1011,1.4099,-0.2394,0
42867,-2.8101,-4.8352,8.1743,-1.9600,17.0800,-10.2900,-0.0670,0.5840,-0.3519,0
42906,-1.0053,-4.4163,9.3113,-4.7600,31.5700,-8.9600,-0.1628,1.0795,-0.3064,0
42945,-0.6223,-1.9053,9.0192,-4.0600,39.4100,-0.4900,-0.1388,1.3476,-0.0168,0
42984,-1.8862,-2.0346,8.1791,-41.3700,67.2000,-4.6900,-1.4146,2.2979,-0.1604,0
43023,-2.2524,-3.4468,7.3628,-52.4300,76.3700,-2.4500,-1.7928,2.6115,-0.0838,0
43062,-2.7790,-5.4814,7.0373,-44.5200,74.4100,10.2200,-1.5224,2.5444,0.3495,0
43101,-3.6575,-5.5197,6.9057,-27.6500,63.6300,16.1700,-0.9455,2.1758,0.5529,0
43140,-4.5407,-4.2248,6.4078,-12.3200,47.6000,16.3100,-0.4213,1.6277,0.5577,0
43179,-4.1817,-4.1697,7.8703,-20.5800,38.8500,14.9100,-0.7037,1.3285,0.5098,0
43218,-3.7317,-4.0500,7.8200,-21.1400,35.7000,19.1800,-0.7229,1.2208,0.6559,0
43257,-4.1099,-5.9793,6.7429,-34.1600,59.7800,19.9500,-1.1681,2.0442,0.6822,0
43296,-6.6184,-5.9003,5.5700,-31.5000,56.0000,14.4200,-1.0771,1.9149,0.4931,0
43335,-7.6070,-5.9530,4.3349,-31.3600,60.5500,6.6500,-1.0724,2.0705,0.2274,0
43374,-6.2019,-6.3264,3.4277,-26.3900,34.0200,2.5200,-0.9024,1.1633,0.0862,0
43413,-6.1397,-5.9267,4.8423,-9.5200,33.6700,8.7500,-0.3255,1.1513,0.2992,0
43452,-6.6400,-4.5862,5.0362,1.2600,5.6000,9.9400,0.0431,0.1915,0.3399,0
43491,-7.0229,-5.4766,4.1051,-10.1500,22.5400,11.7600,-0.3471,0.7708,0.4021,0
43530,-6.9583,-6.0535,4.9668,-17.9200,17.9200,14.9100,-0.6128,0.6128,0.5098,0
43569,-7.9541,-5.7064,4.7586,11.2700,-19.7400,9.5900,0.3854,-0.6750,0.3279,0
43608,-7.0397,-4.8208,6.0320,-16.3800,-19.3900,-2.3100,-0.5601,-0.6630,-0.0790,0
43647,-7.3245,-4.5288,7.0038,-3.5000,-39.0600,-5.7400,-0.1197,-1.3357,-0.1963,0
43686,-5.9626,-4.1171,7.0517,-11.9000,-30.9400,-4.4800,-0.4069,-1.0580,-0.1532,0
43725,-5.9841,-5.1176,4.7514,-9.4500,-3.9200,8.6800,-0.3231,-0.1340,0.2968,0
43764,-6.1732,-6.1469,4.0620,-14.0000,-3.5700,2.0300,-0.4787,-0.1221,0.0694,0
43803,-7.2934,-6.8027,3.6072,-9.3100,4.9700,0.8400,-0.3184,0.1699,0.0287,0
43842,-7.7362,-6.4102,5.6179,-14.9100,-5.6700,-9.1700,-0.5098,-0.1939,-0.3136,0
43881,-7.6261,-5.7759,5.1559,-4.2000,-32.5500,-18.9700,-0.1436,-1.1130,-0.6487,0
43920,-6.6184,-5.9195,5.6370,-10.7800,-31.3600,-30.3800,-0.3686,-1.0724,-1.0388,0
43959,-5.8142,-5.2636,5.5676,-14.9100,-54.8100,-35.9800,-0.5098,-1.8742,-1.2303,0
43998,-5.9434,-5.8668,5.4838,-6.0900,-49.8400,-48.3000,-0.2082,-1.7043,-1.6516,0
44037,-6.5897,-5.3689,5.8285,-4.0600,-59.7800,-54.1100,-0.1388,-2.0442,-1.8503,0
44076,-5.8022,-5.4838,4.8854,-9.6600,-66.8500,-54.6000,-0.3303,-2.2859,-1.8670,0
44115,-5.6346,-6.4245,6.7142,-18.2000,-54.4600,-88.0600,-0.6223,-1.8623,-3.0112,0
44154,-4.1530,-6.3479,4.8423,-3.3600,-85.2600,-71.1900,-0.1149,-2.9155,-2.4343,0
44193,-4.8160,-6.4868,7.0277,-57.9600,-80.2900,-86.5900,-1.9819,-2.7455,-2.9609,0
44232,-3.7101,-6.4772,6.3025,-83.2300,-95.1300,-65.1700,-2.8460,-3.2530,-2.2285,0
44271,-2.2285,-8.3179,5.3522,-77.9800,-102.2000,-47.1100,-2.6665,-3.4947,-1.6109,0
44310,-0.9838,-10.6373,5.9219,-101.7100,-103.0400,-48.3700,-3.4780,-3.5234,-1.6540,0
44349,0.7827,-14.5557,6.9320,-41.8600,-114.4500,-42.4200,-1.4314,-3.9136,-1.4505,0
44388,2.6905,-13.3326,5.9075,25.9000,-95.2700,-48.7900,0.8856,-3.2577,-1.6684,0
44427,2.5373,-7.9277,4.1506,42.4200,-66.4300,-30.5900,1.4505,-2.2716,-1.0460,0
44466,2.5085,-5.0338,3.1644,48.2300,-38.6400,-15.1200,1.6492,-1.3213,-0.5170,0
44505,2.7599,-5.0171,2.6952,29.6800,-21.5600,-11.9000,1.0149,-0.7372,-0.4069,0
44544,3.3655,-7.4155,1.3979,-0.8400,-24.5700,-6.1600,-0.0287,-0.8402,-0.2106,0
44583,4.1984,-9.3089,2.6426,9.3800,-34.7200,-15.7500,0.3207,-1.1872,-0.5386,0
44622,3.2745,-7.6118,2.8484,22.5400,-25.6900,-18.8300,0.7708,-0.8785,-0.6439,0
44661,3.4349,-6.3647,3.2984,-7.0700,-45.0800,-14.4200,-0.2418,-1.5415,-0.4931,0
44700,4.1889,-7.2192,2.8700,-33.6000,-63.1400,0.9100,-1.1489,-2.1591,0.0311,0
44739,4.9716,-7.9493,3.8921,-49.9800,-64.3300,3.0800,-1.7091,-2.1998,0.1053,0
44778,4.6844,-7.4945,2.9131,-48.3700,-51.0300,10.2900,-1.6540,-1.7450,0.3519,0
44817,2.5947,-7.3269,2.7886,-42.5600,-36.1900,16.2400,-1.4553,-1.2375,0.5553,0
44856,2.9370,-7.3317,1.9365,-90.4400,-48.2300,29.1200,-3.0926,-1.6492,0.9958,0
44895,3.2601,-8.0043,0.8904,-74.9000,-62.4400,41.0900,-2.5612,-2.1351,1.4051,0
44934,2.1160,-9.5913,2.4176,-88.4100,-50.8200,50.4700,-3.0232,-1.7378,1.7258,0
44973,3.8035,-9.3639,2.1136,-84.3500,-47.8800,84.1400,-2.8843,-1.6372,2.8772,0
45012,3.4349,-9.4621,1.7689,-37.3100,-8.8200,68.4600,-1.2758,-0.3016,2.3410,0
45051,1.7498,-12.4852,0.4261,-54.3900,42.2100,38.6400,-1.8599,1.4434,1.3213,0
45090,0.9287,-11.0730,-0.9694,-58.7300,47.6700,3.2900,-2.0083,1.6301,0.1125,0
45129,1.4170,-15.8004,-0.9622,-41.7200,38.0100,-43.7500,-1.4266,1.2997,-1.4960,0
45168,2.1303,-12.1788,-0.7971,-50.8200,20.7900,-80.6400,-1.7378,0.7109,-2.7575,0
45207,6.2426,-9.2083,-0.1364,-17.9200,45.6400,-32.7600,-0.6128,1.5607,-1.1202,0
45246,2.8867,-11.0419,-1.6564,-18.9000,47.1100,-38.9900,-0.6463,1.6109,-1.3333,0
45285,3.5091,-11.0371,-2.3075,-29.7500,-1.9600,-84.7000,-1.0173,-0.0670,-2.8963,0
45324,7.3054,-11.9251,-3.9519,-8.0500,22.7500,-92.2600,-0.2753,0.7779,-3.1548,0
45363,4.7945,-7.4251,-2.1423,3.4300,40.6000,-88.9700,0.1173,1.3883,-3.0423,0
45402,3.9136,-5.2157,-1.0771,-29.0500,68.6000,-79.1700,-0.9934,2.3458,-2.7072,0
45441,5.0625,-6.5011,-0.4883,-59.7100,66.1500,-65.0300,-2.0418,2.2620,-2.2237,0
45480,4.1769,-7.9900,-0.5098,-55.3000,69.4400,-48.0900,-1.8910,2.3745,-1.6444,0
45519,4.0357,-7.6070,-1.3955,-41.0200,58.3800,-33.6000,-1.4027,1.9963,-1.1489,0
45558,5.0243,-8.0546,-1.0987,-31.1500,46.8300,-30.5200,-1.0652,1.6013,-1.0436,0
45597,7.4346,-7.7003,-1.7904,-19.9500,41.3700,-33.6700,-0.6822,1.4146,-1.1513,0
45636,9.1054,-6.7237,-1.8958,-12.7400,51.5900,-32.9000,-0.4356,1.7641,-1.1250,0
45675,8.2533,-5.8405,-1.6396,-25.0600,77.7000,-17.7800,-0.8569,2.6569,-0.6080,0
45714,8.0115,-6.5370,-1.2854,-53.3400,88.6200,-27.0200,-1.8240,3.0303,-0.9239,0
45753,7.3557,-5.6107,-2.0202,-45.7100,98.3500,-32.0600,-1.5630,3.3631,-1.0963,0
45792,4.4594,-5.0697,-1.2686,-52.2200,101.5700,-29.1200,-1.7857,3.4732,-0.9958,0
45831,2.6905,-4.1218,-1.6037,-54.7400,89.8800,-20.8600,-1.8718,3.0734,-0.7133,0
45870,1.6947,-1.4529,-1.1298,-40.0400,86.5200,-2.2400,-1.3692,2.9585,-0.0766,0
45909,0.6942,-0.7325,-1.3811,-150.7100,78.0500,53.2000,-5.1535,2.6689,1.8192,0
45948,9.7708,-16.4156,3.7556,-111.1600,63.7000,157.6400,-3.8011,2.1782,5.3905,0
45987,12.2913,-13.7969,3.0950,-108.9900,-5.6000,9.3800,-3.7269,-0.1915,0.3207,0
46026,6.9104,-10.0724,2.0992,-74.7600,28.7000,-17.2900,-2.5564,0.9814,-0.5912,0
46065,5.9769,-9.1581,0.9287,-71.7500,53.7600,1.2600,-2.4535,1.8383,0.0431,0
46104,4.7633,-8.1336,1.0101,-63.6300,58.2400,-3.6400,-2.1758,1.9915,-0.1245,0
46143,3.5905,-5.8572,-0.8114,-23.5900,43.1900,-22.8900,-0.8067,1.4769,-0.7827,0
46182,2.2883,-4.6365,-1.4051,-3.1500,21.6300,-39.9000,-0.1077,0.7396,-1.3644,0
46221,1.2543,-3.6814,-1.2854,-13.1600,16.8700,-47.3200,-0.4500,0.5769,-1.6181,0
46260,2.6234,-2.9681,-0.4787,-23.5200,12.3900,-39.1300,-0.8043,0.4237,-1.3380,0
46299,6.9296,-4.4378,-1.2160,-46.9000,-15.2600,-12.4600,-1.6037,-0.5218,-0.4261,0
46338,11.1998,-10.1538,-2.7862,-67.4800,58.8000,21.9100,-2.3075,2.0107,0.7492,0
46377,10.4985,-10.1083,3.0351,-128.9400,111.3000,7.4900,-4.4091,3.8059,0.2561,0
46416,8.5716,-5.7088,3.7125,-110.2500,126.9100,4.9000,-3.7700,4.3397,0.1676,0
46455,6.8865,-5.4264,-1.1250,-66.3600,90.3000,11.2000,-2.2692,3.0878,0.3830,0
46494,7.2479,-7.8152,-1.4170,-23.4500,90.7900,26.8800,-0.8019,3.1046,0.9192,0
46533,11.3554,-7.2432,-0.3399,-37.2400,66.4300,3.6400,-1.2734,2.2716,0.1245,0
46572,10.3022,-3.9806,-1.1585,-90.7200,70.1400,-18.8300,-3.1022,2.3984,-0.6439,0
46611,8.9762,-4.8232,-1.2638,-110.9500,101.1500,-21.7000,-3.7939,3.4588,-0.7420,0
46650,8.1192,-7.1785,-2.7934,-132.9300,119.2100,-25.8300,-4.5455,4.0764,-0.8833,0
46689,5.7998,-6.8338,-1.0700,-121.8700,125.9300,-22.1200,-4.1673,4.3062,-0.7564,0
46728,5.3211,-6.8865,-0.6942,-99.9600,101.5700,-1.0500,-3.4181,3.4732,-0.0359,0
46767,6.1540,-7.6118,-1.2782,-64.9600,89.8800,11.4100,-2.2213,3.0734,0.3902,0
46806,7.7482,-7.5448,-0.4572,-57.2600,77.1400,-14.0700,-1.9580,2.6378,-0.4811,0
46845,7.6381,-7.1187,-0.6008,-45.1500,72.9400,-19.7400,-1.5439,2.4942,-0.6750,0
46884,7.4753,-5.8261,0.2992,-62.3000,69.2300,-17.2200,-2.1303,2.3673,-0.5888,0
46923,7.1977,-5.2540,-1.0221,-80.0800,78.2600,-6.7900,-2.7383,2.6761,-0.2322,0
46962,6.7932,-5.9506,-1.1106,-88.2700,97.3000,-1.8200,-3.0184,3.3272,-0.0622,0
47001,5.9386,-5.8931,0.2872,-108.3600,92.0500,4.4800,-3.7054,3.1476,0.1532,0
47040,6.4724,-7.1259,1.0005,-119.4200,71.6100,25.9700,-4.0835,2.4487,0.8880,0
47079,8.2581,-8.9450,0.1005,-104.0200,58.1000,58.4500,-3.5569,1.9867,1.9987,0
47118,6.6830,-7.8655,-1.3500,-91.4200,25.6900,46.7600,-3.1261,0.8785,1.5990,0
47157,5.5580,-8.5501,-2.1639,-66.9900,25.9700,57.7500,-2.2907,0.8880,1.9748,0
47196,3.9399,-9.7996,3.2601,-103.1100,33.6700,54.6700,-3.5258,1.1513,1.8694,0
47235,5.1128,-10.4482,0.9431,-19.7400,1.8200,11.2000,-0.6750,0.0622,0.3830,0
47274,4.8232,-8.4831,-1.2926,-1.7500,6.8600,7.2800,-0.0598,0.2346,0.2489,0
47313,4.1530,-7.0421,-0.6654,6.4400,2.6600,-3.1500,0.2202,0.0910,-0.1077,0
47352,3.8609,-5.7495,0.0790,19.0400,9.1000,-15.1900,0.6511,0.3112,-0.5194,0
47391,4.1817,-6.1421,-0.5984,8.1200,8.4700,-19.5300,0.2777,0.2896,-0.6678,0
47430,4.8208,-8.0498,-1.4960,-6.5800,5.1100,-15.8900,-0.2250,0.1747,-0.5434,0
47469,4.9237,-10.1490,-1.1202,-19.9500,-11.4800,-12.3200,-0.6822,-0.3926,-0.4213,0
47508,4.5719,-10.6828,-1.0771,-4.6900,-33.9500,-4.5500,-0.1604,-1.1609,-0.1556,0
47547,2.7790,-10.4578,-2.3003,12.0400,-45.7100,-0.7700,0.4117,-1.5630,-0.0263,0
47586,8.4759,-10.5129,-0.5840,-20.1600,-80.8500,28.9100,-0.6894,-2.7647,0.9886,0
47625,8.5094,-10.9126,-5.4575,26.9500,-52.4300,17.4300,0.9216,-1.7928,0.5960,0
47664,7.2288,-6.0320,1.6253,16.8700,4.4100,-3.8500,0.5769,0.1508,-0.1317,0
47703,10.5248,-5.9913,1.5200,31.3600,55.7200,-0.2100,1.0724,1.9053,-0.0072,0
47742,7.9924,-6.2498,-0.6343,41.8600,40.9500,-29.8200,1.4314,1.4003,-1.0197,0
47781,7.3748,-6.8219,-0.5745,35.9100,36.3300,-42.7000,1.2279,1.2423,-1.4601,0
47820,6.6926,-5.7112,-0.4763,46.4800,10.6400,-39.2700,1.5894,0.3638,-1.3428,0
47859,7.3365,-5.0027,0.5027,40.3200,31.7100,-27.3700,1.3787,1.0843,-0.9359,0
47898,7.1785,-5.7208,0.5912,40.2500,40.0400,-32.1300,1.3763,1.3692,-1.0987,0
47937,6.7549,-6.5131,0.0574,-1.0500,22.9600,-27.6500,-0.0359,0.7851,-0.9455,0
47976,6.3240,-7.4562,0.7301,25.6900,12.4600,-28.0000,0.8785,0.4261,-0.9575,0
48015,6.8865,-7.4586,1.2184,47.0400,10.1500,-13.3700,1.6085,0.3471,-0.4572,0
48054,7.5950,-6.0751,1.2064,60.4100,35.2800,-2.2400,2.0657,1.2064,-0.0766,0
48093,8.8301,-4.4163,1.6253,27.8600,53.9000,-1.7500,0.9527,1.8431,-0.0598,0
48132,8.1719,-5.8501,-0.9886,11.2000,10.0100,9.9400,0.3830,0.3423,0.3399,0
48171,6.5394,-7.6357,0.6271,-45.5700,22.7500,28.0700,-1.5583,0.7779,0.9598,0
48210,8.2389,-9.1150,2.0896,-97.2300,30.5200,32.5500,-3.3248,1.0436,1.1130,0
48249,9.0910,-8.3562,1.4170,-68.1100,-22.1200,26.5300,-2.3290,-0.7564,0.9072,0
48288,6.8410,-5.1990,1.5295,-40.1100,-50.2600,20.5800,-1.3716,-1.7186,0.7037,0
48327,3.5641,-3.7532,0.6678,-51.6600,-18.4800,24.2200,-1.7665,-0.6319,0.8282,0
48366,4.9500,-7.4945,2.9418,-83.0900,2.6600,50.8200,-2.8413,0.0910,1.7378,0
48405,6.5035,-11.0299,3.6838,-20.7900,-87.1500,31.0100,-0.7109,-2.9801,1.0604,0
48444,6.8913,-8.6386,0.2418,1.8200,-82.1100,-0.5600,0.0622,-2.8077,-0.0191,0
48483,6.6543,-7.1450,0.1173,-1.4000,-61.3900,-7.1400,-0.0479,-2.0992,-0.2442,0
48522,6.1876,-6.8338,0.2848,13.8600,-55.3000,-10.9200,0.4739,-1.8910,-0.3734,0
48561,6.1804,-6.5873,-0.4141,34.1600,-38.1500,-12.5300,1.1681,-1.3045,-0.4285,0
48600,5.9745,-6.4556,-1.4553,29.6800,-40.1100,-19.4600,1.0149,-1.3716,-0.6654,0
48639,6.0248,-6.8003,-1.9365,39.8300,-39.2000,-31.6400,1.3620,-1.3404,-1.0819,0
48678,5.9961,-7.9517,-0.7181,46.5500,-27.5100,-42.3500,1.5918,-0.9407,-1.4482,0
48717,5.7902,-8.0187,0.0790,33.1800,-47.1800,-33.6000,1.1346,-1.6133,-1.1489,0
48756,4.9596,-6.8865,-1.1968,39.5500,-77.2100,-3.6400,1.3524,-2.6402,-0.1245,0
48795,9.5363,-9.3424,-1.2136,33.2500,-110.1100,27.4400,1.1370,-3.7652,0.9383,0
48834,10.8288,-10.0629,-3.1141,36.6100,-81.5500,45.5700,1.2519,-2.7886,1.5583,0
48873,7.4514,-8.3634,0.5936,36.6100,-17.7800,-17.9900,1.2519,-0.6080,-0.6152,0
48912,6.4245,-5.0051,0.9407,58.5200,-10.9900,-29.7500,2.0011,-0.3758,-1.0173,0
48951,8.3394,-4.6700,0.5840,95.2700,31.4300,-14.5600,3.2577,1.0747,-0.4979,0
48990,7.8847,-5.1272,-0.1197,95.9000,11.2700,-3.4300,3.2793,0.3854,-0.1173,0
49029,8.3466,-6.2881,0.7061,63.3500,-1.2600,-2.0300,2.1662,-0.0431,-0.0694,0
49068,8.9690,-4.4833,0.6511,76.9300,-1.4000,-23.8700,2.6306,-0.0479,-0.8162,0
49107,8.4687,-4.3612,-0.7444,45.2200,-0.2100,-33.9500,1.5463,-0.0072,-1.1609,0
49146,7.2886,-5.1008,-0.6654,-28.0000,26.9500,-24.0100,-0.9575,0.9216,-0.8210,0
49185,7.1953,-6.5155,0.5840,-39.4800,23.2400,-7.3500,-1.3500,0.7947,-0.2513,0
49224,7.5687,-7.3724,0.7588,-10.6400,7.2800,0.6300,-0.3638,0.2489,0.0215,0
49263,6.8554,-7.1690,0.5745,24.5700,13.9300,3.7100,0.8402,0.4763,0.1269,0
49302,7.4682,-6.5083,0.6128,31.2900,18.9000,5.8100,1.0700,0.6463,0.1987,0
49341,8.4208,-6.7501,-0.2106,38.2200,22.1200,12.9500,1.3069,0.7564,0.4428,0
49380,8.3730,-7.5783,-0.2059,23.6600,31.9900,16.3100,0.8091,1.0939,0.5577,0
49419,6.8721,-7.1570,0.8378,14.9800,43.6800,6.7200,0.5122,1.4936,0.2298,0
49458,8.2964,-6.7309,1.7689,-20.7200,15.6100,17.3600,-0.7085,0.5338,0.5936,0
49497,7.2503,-6.6400,0.0072,-19.2500,-31.3600,25.2000,-0.6583,-1.0724,0.8617,0
49536,6.0176,-5.3187,0.6511,-5.5300,-52.3600,30.8000,-0.1891,-1.7904,1.0532,0
49575,5.1942,-4.0764,1.8718,-42.0000,-69.2300,34.5800,-1.4362,-2.3673,1.1825,0
49614,5.6849,-6.0224,1.3716,-54.7400,-76.2300,49.4900,-1.8718,-2.6067,1.6923,0
49653,5.8764,-11.1065,3.3128,-8.6100,-81.6200,44.3100,-0.2944,-2.7910,1.5152,0
49692,5.9841,-11.1424,1.9006,16.8700,-98.7700,3.2200,0.5769,-3.3774,0.1101,0
49731,5.7304,-9.2610,-0.2920,46.6900,-94.0800,-7.0000,1.5966,-3.2171,-0.2394,0
49770,5.3474,-7.8631,-0.8880,62.2300,-86.1000,0.0000,2.1279,-2.9442,0.0000,0
49809,5.8285,-6.5203,-1.0676,57.6800,-77.7000,-4.6900,1.9724,-2.6569,-0.1604,0
49848,6.4293,-6.5203,-1.2160,74.8300,-92.4700,-10.7800,2.5588,-3.1620,-0.3686,0
49887,6.1995,-6.4197,-0.7253,42.6300,-81.9000,-28.2800,1.4577,-2.8006,-0.9670,0
49926,6.8243,-6.6926,-2.5373,44.3100,-62.2300,-35.4900,1.5152,-2.1279,-1.2136,0
49965,6.7596,-8.1192,-2.0801,53.3400,-36.3300,-34.4400,1.8240,-1.2423,-1.1777,0
50004,5.5891,-7.4179,-1.0197,42.2800,-33.3200,-26.7400,1.4458,-1.1394,-0.9144,0
50043,5.5772,-6.9009,-1.2974,31.9200,-71.8200,-6.4400,1.0915,-2.4559,-0.2202,0
50082,5.4096,-7.6381,-3.3008,37.8700,-97.1600,-5.7400,1.2950,-3.3224,-0.1963,0
50121,12.1358,-9.8977,-0.5793,16.8000,-83.3700,14.3500,0.5745,-2.8508,0.4907,0
50160,8.9857,-9.1605,-1.2375,36.1200,-55.5100,7.5600,1.2351,-1.8982,0.2585,0
50199,5.6849,-7.0301,0.6008,53.7600,-34.3700,-16.3100,1.8383,-1.1753,-0.5577,0
50238,5.9961,-4.1218,1.9053,45.7100,0.1400,-8.6800,1.5630,0.0048,-0.2968,0
50277,8.8373,-5.8644,1.0364,103.8100,14.9800,24.5700,3.5498,0.5122,0.8402,0
50316,7.5448,-6.6447,-1.8479,152.6000,-28.0000,23.7300,5.2181,-0.9575,0.8114,0
50355,8.3418,-5.5604,0.6750,63.9800,-51.5900,-24.0100,2.1878,-1.7641,-0.8210,0
50394,7.6022,-5.1320,-0.3734,107.3800,-28.7000,-25.0600,3.6718,-0.9814,-0.8569,0
50433,6.6088,-5.5437,-1.5080,63.0700,-19.3900,0.0000,2.1567,-0.6630,0.0000,0
50472,5.6993,-7.4706,-0.5625,6.0200,-9.9400,20.2300,0.2059,-0.3399,0.6918,0
50511,7.0947,-9.5578,1.5870,45.2900,-44.9400,20.3000,1.5487,-1.5367,0.6942,0
50550,6.6447,-9.1174,1.4936,100.8700,-78.0500,19.1800,3.4492,-2.6689,0.6559,0
50589,5.9721,-6.6088,0.8019,100.2400,-88.4100,24.4300,3.4277,-3.0232,0.8354,0
50628,6.8434,-4.3133,-0.2274,56.7000,-115.0100,34.1600,1.9388,-3.9328,1.1681,0
50667,7.5041,-2.9346,-1.3931,10.4300,-137.0600,39.8300,0.3567,-4.6867,1.3620,0
50706,9.3687,-7.5663,-1.0412,9.7300,-138.1800,48.0200,0.3327,-4.7250,1.6420,0
50745,6.2187,-8.6363,3.6096,-41.9300,-98.3500,26.1800,-1.4338,-3.3631,0.8952,0
50784,5.0793,-10.8719,0.4476,65.2400,-122.3600,-36.5400,2.2309,-4.1841,-1.2495,0
50823,2.5014,-9.8307,-2.6928,128.8700,-101.0800,-38.4300,4.4067,-3.4564,-1.3141,0
50862,3.8705,-8.4998,-4.4378,93.4500,-113.3300,-29.8200,3.1955,-3.8753,-1.0197,0
50901,5.3785,-6.1708,-4.4665,87.7100,-103.6700,-48.3000,2.9992,-3.5450,-1.6516,0
50940,7.1761,-5.4048,-3.2936,130.7600,-105.4200,-55.5800,4.4713,-3.6048,-1.9006,0
50979,9.2490,-5.2636,-1.4793,118.8600,-122.7800,-38.0100,4.0644,-4.1984,-1.2997,0
51018,13.2177,-8.3825,-0.8833,112.9100,-145.1100,36.6800,3.8609,-4.9620,1.2543,0
51057,10.2950,-4.2583,3.1261,177.1700,-101.1500,21.9800,6.0583,-3.4588,0.7516,0
51096,6.6567,-3.9423,0.9455,105.7700,5.6000,-48.5100,3.6168,0.1915,-1.6588,0
51135,6.8171,-5.9961,-0.7301,106.7500,-41.9300,-62.3000,3.6503,-1.4338,-2.1303,0
51174,6.1780,-7.3102,-4.7729,101.2900,-138.8800,-18.3400,3.4636,-4.7490,-0.6271,0
51213,6.9440,-7.5950,0.2274,69.5100,-59.9900,0.1400,2.3769,-2.0513,0.0048,0
51252,8.9091,-4.9788,0.4572,99.4000,-16.5200,-12.9500,3.3990,-0.5649,-0.4428,0
51291,8.8996,-4.0285,-3.8538,84.9100,-55.1600,-7.3500,2.9035,-1.8862,-0.2513,0
51330,8.3155,-7.1187,-2.4822,60.0600,-32.2000,18.4100,2.0537,-1.1011,0.6295,0
51369,7.5615,-6.9080,0.7947,23.5200,-11.5500,3.4300,0.8043,-0.3950,0.1173,0
51408,7.7985,-6.6304,0.7348,52.2900,-19.8800,-4.4800,1.7880,-0.6798,-0.1532,0
51447,7.6022,-6.6208,-0.2920,73.6400,-23.5200,-10.6400,2.5181,-0.8043,-0.3638,0
51486,8.5238,-5.4192,-0.6152,67.9000,-34.1600,-5.8100,2.3218,-1.1681,-0.1987,0
51525,10.3692,-7.5878,0.8904,13.7900,-19.6700,-32.9000,0.4715,-0.6726,-1.1250,0
51564,10.8576,-5.9458,-0.8641,-15.7500,-39.2700,-103.1800,-0.5386,-1.3428,-3.5282,0
51603,7.7602,-2.8652,-0.8043,80.4300,-27.9300,-73.0100,2.7503,-0.9551,-2.4966,0
51642,6.1660,-3.7269,-0.7588,39.4100,48.0200,-21.2100,1.3476,1.6420,-0.7253,0
51681,7.8009,-5.5820,-0.2777,51.8000,-39.7600,22.8200,1.7713,-1.3596,0.7803,0
51720,9.3256,-4.7059,0.2465,30.8000,-54.0400,31.6400,1.0532,-1.8479,1.0819,0
51759,9.9360,-5.2229,-0.3495,2.8700,-27.8600,29.2600,0.0981,-0.9527,1.0005,0
51798,7.1211,-5.6777,2.3003,-3.5700,-34.1600,24.2900,-0.1221,-1.1681,0.8306,0
51837,5.6394,-6.0679,3.0567,-2.9400,-64.4000,28.7700,-0.1005,-2.2021,0.9838,0
51876,3.6000,-7.5424,2.5085,3.8500,-66.5700,33.3900,0.1317,-2.2764,1.1418,0
51915,7.3916,-9.0480,0.1245,64.5400,-42.6300,49.5600,2.2069,-1.4577,1.6947,0
51954,7.0900,-9.3855,-0.6343,86.3100,-52.9200,25.6900,2.9514,-1.8096,0.8785,0
51993,6.6256,-6.1947,0.9790,46.6900,-35.4200,10.7100,1.5966,-1.2112,0.3662,0
52032,7.0541,-4.5934,0.7636,62.8600,-56.2100,5.7400,2.1495,-1.9221,0.1963,0
52071,7.0325,-5.3905,-0.1795,49.2800,-44.6600,5.1100,1.6851,-1.5271,0.1747,0
52110,6.5801,-6.6543,-0.0551,27.9300,-50.5400,-2.5200,0.9551,-1.7282,-0.0862,0
52149,6.1158,-7.0708,-0.0934,35.6300,-55.5800,-10.9900,1.2184,-1.9006,-0.3758,0
52188,6.3719,-7.0493,-0.6606,38.2200,-58.2400,-15.6800,1.3069,-1.9915,-0.5362,0
52227,6.7932,-7.8200,-1.1489,36.1200,-56.0700,-11.0600,1.2351,-1.9173,-0.3782,0
52266,6.7788,-7.6668,-1.2303,30.6600,-62.1600,0.9100,1.0484,-2.1256,0.0311,0
52305,5.8333,-7.9349,-2.0705,30.0300,-76.7200,5.7400,1.0269,-2.6234,0.1963,0
52344,9.6105,-8.6363,-1.3165,-0.2100,-71.8200,12.4600,-0.0072,-2.4559,0.4261,0
52383,10.0964,-8.2293,-0.5170,-24.9900,-49.8400,18.4800,-0.8545,-1.7043,0.6319,0
52422,8.2796,-5.3450,0.0574,17.3600,1.1200,0.5600,0.5936,0.0383,0.0191,0
52461,10.2927,-4.2798,2.0825,18.0600,33.6700,-17.7100,0.6176,1.1513,-0.6056,0
52500,9.9551,-2.9633,0.5338,42.0700,34.5800,-21.1400,1.4386,1.1825,-0.7229,0
52539,8.2198,-5.2349,-1.1130,21.1400,15.1200,-38.2900,0.7229,0.5170,-1.3093,0
52578,8.2605,-4.0907,-0.1388,-5.6000,17.4300,-24.9900,-0.1915,0.5960,-0.8545,0
52617,9.2131,-4.0333,-0.1915,7.1400,24.4300,-7.1400,0.2442,0.8354,-0.2442,0
52656,9.4525,-4.8567,-0.4165,-10.2900,66.1500,-8.9600,-0.3519,2.2620,-0.3064,0
52695,8.6865,-4.2415,-0.2322,-36.6100,37.5200,-27.9300,-1.2519,1.2830,-0.9551,0
52734,7.7147,-4.0261,-0.5338,-30.5900,17.5700,-26.4600,-1.0460,0.6008,-0.9048,0
52773,7.4107,-5.5796,-1.4194,-25.6900,15.1200,-5.1800,-0.8785,0.5170,-0.1771,0
52812,7.7315,-6.9607,-0.9981,-40.3900,44.3800,14.7700,-1.3811,1.5176,0.5051,0
52851,8.4256,-6.7405,-0.3064,-49.5600,62.7900,20.3700,-1.6947,2.1471,0.6965,0
52890,7.7985,-6.0751,0.5769,-45.5700,65.9400,17.1500,-1.5583,2.2548,0.5864,0
52929,9.8666,-5.6394,0.6391,-60.1300,28.0700,30.3100,-2.0561,0.9598,1.0364,0
52968,8.8996,-5.1607,-0.2322,-74.4100,-0.9800,30.3100,-2.5444,-0.0335,1.0364,0
53007,6.4796,-5.9314,1.3404,-69.7200,-34.5800,48.1600,-2.3841,-1.1825,1.6468,0
53046,7.5400,-8.8828,2.4583,-71.9600,-46.6900,35.3500,-2.4607,-1.5966,1.2088,0
53085,7.7482,-8.3418,0.2585,-33.5300,-7.2800,6.9300,-1.1466,-0.2489,0.2370,0
53124,6.5155,-6.2929,-0.8952,-15.3300,18.6900,12.3200,-0.5242,0.6391,0.4213,0
53163,6.0487,-7.0947,-0.6918,3.5000,-0.2100,14.8400,0.1197,-0.0072,0.5075,0
53202,5.3905,-7.5232,-0.6678,-0.8400,2.2400,-5.5300,-0.0287,0.0766,-0.1891,0
53241,4.5790,-7.0971,-1.0891,11.0600,12.0400,-27.6500,0.3782,0.4117,-0.9455,0
53280,4.1601,-6.9751,-1.7378,21.8400,-7.2100,-39.4800,0.7468,-0.2465,-1.3500,0
53319,5.3641,-7.1666,-1.1346,10.0800,-27.3000,-32.7600,0.3447,-0.9335,-1.1202,0
53358,6.1540,-7.7817,-2.0968,3.8500,-73.9900,-17.5000,0.1317,-2.5301,-0.5984,0
53397,6.2881,-7.5184,-3.5187,10.9200,-103.3200,-9.1700,0.3734,-3.5330,-0.3136,0
53436,13.6629,-10.6996,-0.5266,-16.3800,-43.2600,36.4000,-0.5601,-1.4793,1.2447,0
53475,7.3509,-6.7692,0.5027,43.4000,-3.6400,0.7700,1.4841,-0.1245,0.0263,0
53514,7.7243,-4.4234,-1.5008,25.9700,-3.1500,-37.3800,0.8880,-0.1077,-1.2782,0
53553,9.5937,-3.5665,-1.5774,47.1100,20.5100,-39.9000,1.6109,0.7013,-1.3644,0
53592,8.6626,-4.0788,-2.0633,34.9300,12.4600,-23.5900,1.1944,0.4261,-0.8067,0
53631,8.1216,-4.5766,-1.6827,16.1000,2.3800,-13.7900,0.5505,0.0814,-0.4715,0
53670,8.3418,-4.1601,-1.2255,15.6100,6.6500,-16.1000,0.5338,0.2274,-0.5505,0
53709,8.5860,-4.5958,-1.5319,18.9700,16.0300,-11.8300,0.6487,0.5481,-0.4045,0
53748,8.9474,-5.5532,-1.2902,23.5900,31.0100,-1.3300,0.8067,1.0604,-0.0455,0
53787,8.1049,-5.0434,-0.9239,25.4800,35.9100,-1.7500,0.8713,1.2279,-0.0598,0
53826,7.8823,-4.7633,-0.6702,29.3300,33.5300,1.6100,1.0029,1.1466,0.0551,0
53865,8.3466,-4.2176,-0.7013,31.3600,7.2100,17.5000,1.0724,0.2465,0.5984,0
53904,9.8283,-4.0117,-0.2442,-10.8500,22.8200,12.3200,-0.3710,0.7803,0.4213,0
53943,9.3472,-3.0734,-0.5194,-6.6500,39.2000,14.2100,-0.2274,1.3404,0.4859,0
53982,7.8128,-2.9585,-0.9407,-38.4300,59.5000,20.6500,-1.3141,2.0346,0.7061,0
54021,7.9182,-4.4139,0.4045,-82.3900,33.6700,27.4400,-2.8173,1.1513,0.9383,0
54060,10.8240,-7.3844,1.4099,-79.8000,-13.0900,25.8300,-2.7287,-0.4476,0.8833,0
54099,10.7642,-8.5692,1.8766,-51.4500,-28.2800,13.6500,-1.7593,-0.9670,0.4668,0
54138,7.5280,-8.2605,1.0915,-33.1100,1.4000,8.1900,-1.1322,0.0479,0.2801,0
54177,5.1008,-8.0761,0.5003,-13.2300,12.5300,15.6800,-0.4524,0.4285,0.5362,0
54216,5.3402,-7.5615,0.2202,-3.7100,15.6800,11.7600,-0.1269,0.5362,0.4021,0
54255,6.3096,-6.5634,1.0436,0.2800,4.2000,-12.0400,0.0096,0.1436,-0.4117,0
54294,6.0152,-5.4312,0.5984,-14.7000,23.8000,-17.9900,-0.5027,0.8138,-0.6152,0
54333,5.6370,-5.7328,0.6343,6.8600,3.2900,-14.7700,0.2346,0.1125,-0.5051,0
54372,8.8445,-5.8548,-0.3567,3.1500,-8.7500,-7.7700,0.1077,-0.2992,-0.2657,0
54411,9.0360,-3.9710,1.5559,-10.2200,-28.0000,-12.5300,-0.3495,-0.9575,-0.4285,0
54450,9.2801,-4.5599,-0.1053,-58.1000,8.3300,0.9800,-1.9867,0.2848,0.0335,0
54489,6.8195,-6.8554,0.5577,-30.3800,40.0400,32.0600,-1.0388,1.3692,1.0963,0
54528,7.7219,-7.5591,-2.1423,-46.1300,69.2300,33.2500,-1.5774,2.3673,1.1370,0
54567,5.7232,-5.3761,-1.3979,-47.1100,77.9800,33.7400,-1.6109,2.6665,1.1537,0
54606,6.0320,-7.1307,-1.0963,-40.7400,66.9200,38.7800,-1.3931,2.2883,1.3261,0
54645,5.4527,-8.0187,0.0335,-16.5900,30.7300,42.1400,-0.5673,1.0508,1.4410,0
54684,6.8817,-8.9546,0.1077,-4.9700,39.8300,45.2200,-0.1699,1.3620,1.5463,0
54723,7.0421,-7.4131,-0.9934,3.7100,49.9100,29.9600,0.1269,1.7067,1.0245,0
54762,5.5580,-6.5945,1.1178,3.5000,38.7800,30.8700,0.1197,1.3261,1.0556,0
54801,6.2426,-7.8152,0.3112,-5.3200,37.8700,17.1500,-0.1819,1.2950,0.5864,0
54840,5.2923,-8.4591,0.6774,10.3600,33.3900,22.8900,0.3543,1.1418,0.7827,0
54879,5.2469,-8.9091,0.8833,7.2100,23.5900,22.6100,0.2465,0.8067,0.7731,0
54918,5.9793,-9.0934,0.3351,9.4500,20.0900,16.3100,0.3231,0.6870,0.5577,0
54957,5.8070,-9.1844,1.2974,8.5400,14.7700,9.9400,0.2920,0.5051,0.3399,0
54996,6.6974,-9.7134,1.0341,-1.4700,2.6600,0.0000,-0.0503,0.0910,0.0000,0
55035,6.5011,-9.4046,0.7612,0.3500,-2.2400,-6.4400,0.0120,-0.0766,-0.2202,0
55074,6.1732,-9.8905,1.2950,0.0700,-7.2100,-14.8400,0.0024,-0.2465,-0.5075,0
55113,6.0583,-8.2796,0.8234,-0.4200,-8.7500,-20.0200,-0.0144,-0.2992,-0.6846,0
55152,5.6370,-7.7578,0.9598,-0.0700,-10.3600,-19.8800,-0.0024,-0.3543,-0.6798,0
55191,5.8644,-7.6142,0.7875,-3.3600,-15.7500,-20.4400,-0.1149,-0.5386,-0.6989,0
55230,5.8189,-6.7572,0.6080,0.0000,-13.7200,-16.6600,0.0000,-0.4692,-0.5697,0
55269,5.9602,-6.9368,0.9192,-8.4000,-13.9300,-14.1400,-0.2872,-0.4763,-0.4835,0
55308,6.0727,-7.1881,1.0245,-13.5800,-14.7000,-12.8100,-0.4644,-0.5027,-0.4380,0
55347,6.2043,-7.1594,0.5793,-11.6900,-14.5600,-11.1300,-0.3997,-0.4979,-0.3806,0
55386,6.6208,-7.1857,0.3854,-9.5900,-12.6700,-8.1900,-0.3279,-0.4332,-0.2801,0
55425,6.6041,-7.1881,0.9000,-7.2100,-10.6400,-7.9800,-0.2465,-0.3638,-0.2729,0
55464,6.5442,-7.0612,0.7253,-12.7400,-5.2500,-9.5200,-0.4356,-0.1795,-0.3255,0
55503,6.6256,-7.2432,0.6104,-7.9800,-7.0700,-7.8400,-0.2729,-0.2418,-0.2681,0
55542,6.7477,-7.3485,0.6535,-7.5600,-3.5700,-7.4900,-0.2585,-0.1221,-0.2561,0
55581,6.8913,-7.1235,0.5146,-9.6600,-4.6900,-9.3100,-0.3303,-0.1604,-0.3184,0
55620,6.8913,-7.0804,0.7492,-6.1600,-3.7800,-8.8900,-0.2106,-0.1293,-0.3040,0
55659,6.6615,-7.2695,0.3806,-2.0300,-2.7300,-7.1400,-0.0694,-0.0934,-0.2442,0
55698,6.9727,-6.4413,0.7205,2.4500,0.7000,-4.4100,0.0838,0.0239,-0.1508,0
55737,7.1642,-6.2929,0.3255,0.3500,5.6000,-0.9100,0.0120,0.1915,-0.0311,0
55776,7.0349,-6.3479,0.4093,-0.9100,5.3900,1.8200,-0.0311,0.1843,0.0622,0
55815,7.0995,-6.7716,0.3375,-6.6500,4.9700,2.3800,-0.2274,0.1699,0.0814,0
55854,6.6304,-7.4083,0.0048,-4.5500,0.9100,1.4700,-0.1556,0.0311,0.0503,0
55893,6.4844,-7.4586,-0.3423,-5.7400,-1.2600,1.5400,-0.1963,-0.0431,0.0527,0
55932,6.4509,-7.9134,-0.3782,-1.1900,-0.6300,1.9600,-0.0407,-0.0215,0.0670,0
55971,5.8357,-7.7817,-0.6128,7.2800,-5.9500,2.5200,0.2489,-0.2035,0.0862,0
56010,6.1804,-7.7554,-0.7899,4.9000,-12.2500,1.9600,0.1676,-0.4189,0.0670,0
56049,6.3120,-7.7291,-0.6535,0.7000,-17.8500,0.7000,0.0239,-0.6104,0.0239,0
56088,5.8381,-7.5136,-0.2298,-5.4600,-25.1300,-3.5700,-0.1867,-0.8593,-0.1221,0
56127,5.9650,-8.1144,-0.5410,2.1700,-32.9700,-4.2700,0.0742,-1.1274,-0.1460,0
56166,5.8094,-8.0426,-0.3638,9.6600,-40.7400,-5.9500,0.3303,-1.3931,-0.2035,0
56205,6.4102,-7.6644,-0.0790,16.3100,-44.6600,-1.8900,0.5577,-1.5271,-0.0646,0
56244,6.9655,-7.3437,-1.5295,32.8300,-48.9300,0.2800,1.1226,-1.6732,0.0096,0
56283,7.4466,-7.1330,-0.3327,31.9200,-50.6100,-5.2500,1.0915,-1.7306,-0.1795,0
56322,8.7224,-6.8913,-1.1035,39.4100,-52.5000,-10.4300,1.3476,-1.7952,-0.3567,0
56361,8.1910,-6.8147,-1.9341,51.4500,-52.8500,-31.7100,1.7593,-1.8072,-1.0843,0
56400,7.4873,-6.4509,-1.9149,57.1200,-63.9100,-40.3200,1.9532,-2.1854,-1.3787,0
56439,7.4394,-5.4168,-2.0274,65.4500,-59.1500,-32.6200,2.2381,-2.0226,-1.1154,0
56478,7.4897,-4.9453,-2.0035,76.7900,-44.2400,-17.5700,2.6258,-1.5128,-0.6008,0
56517,7.8272,-6.0176,-1.6755,78.0500,-33.6700,-4.6900,2.6689,-1.1513,-0.1604,0
56556,8.0953,-6.1014,-1.5798,83.3700,-28.8400,-5.1800,2.8508,-0.9862,-0.1771,0
56595,7.8440,-5.7088,-1.8982,95.7600,-31.0800,-4.4100,3.2745,-1.0628,-0.1508,0
56634,8.0307,-4.9812,-1.3763,99.8900,-29.7500,-1.6100,3.4157,-1.0173,-0.0551,0
56673,8.4017,-4.5599,-0.8426,105.4200,-25.4800,-2.7300,3.6048,-0.8713,-0.0934,0
56712,8.9762,-4.0979,-0.8306,107.2400,-24.9900,-1.7500,3.6671,-0.8545,-0.0598,0
56751,8.8301,-4.2726,-1.1825,86.5900,-22.3300,3.9200,2.9609,-0.7636,0.1340,0
56790,11.2046,-5.3043,-1.4912,50.6100,-23.8700,9.2400,1.7306,-0.8162,0.3160,0
56829,11.6331,-9.1174,-0.1125,17.6400,-4.9700,0.9800,0.6032,-0.1699,0.0335,0
56868,7.8368,-8.6698,-0.3207,19.6700,-18.5500,-8.1200,0.6726,-0.6343,-0.2777,0
56907,3.2889,-8.7320,0.3327,16.3800,-15.4700,-11.9700,0.5601,-0.5290,-0.4093,0
56946,1.6349,-7.9397,3.7915,14.3500,-78.8900,23.0300,0.4907,-2.6976,0.7875,0
56985,3.2745,-6.4820,0.7109,107.3100,-122.6400,35.2800,3.6695,-4.1937,1.2064,0
57024,9.2299,-7.0876,-0.3040,119.0000,-88.0600,26.7400,4.0692,-3.0112,0.9144,0
57063,8.8732,-6.5418,-0.7540,58.2400,-63.5600,-2.4500,1.9915,-2.1734,-0.0838,0
57102,5.8979,-5.1272,0.4548,27.2300,-73.2900,-3.3600,0.9311,-2.5061,-0.1149,0
57141,7.2120,-6.3072,-0.3064,35.1400,-109.2000,7.4900,1.2016,-3.7341,0.2561,0
57180,8.3873,-7.1522,-1.1035,32.9700,-94.9200,13.4400,1.1274,-3.2458,0.4596,0
57219,7.3700,-7.6118,-1.0915,49.4900,-62.0200,23.1700,1.6923,-2.1208,0.7923,0
57258,5.3953,-7.5136,0.4811,46.2700,-63.9800,33.1100,1.5822,-2.1878,1.1322,0
57297,5.5652,-7.3198,-0.7708,37.2400,-71.6100,17.6400,1.2734,-2.4487,0.6032,0
57336,6.5538,-6.3192,-2.0059,37.1700,-56.3500,-11.1300,1.2710,-1.9269,-0.3806,0
57375,6.5777,-6.3048,-1.7426,17.7800,-24.8500,-37.1700,0.6080,-0.8497,-1.2710,0
57414,5.4623,-7.6740,-2.2165,24.2900,-15.0500,-39.8300,0.8306,-0.5146,-1.3620,0
57453,7.1761,-8.0522,-1.3883,18.2700,-39.3400,-15.4000,0.6247,-1.3452,-0.5266,0
57492,5.8740,-7.6333,-2.7431,35.0000,-71.4000,8.1200,1.1968,-2.4415,0.2777,0
57531,8.8636,-8.5070,-1.3692,-5.6000,-76.3700,14.7700,-0.1915,-2.6115,0.5051,0
57570,12.3919,-9.3591,-3.2865,-35.7700,-15.8900,47.3200,-1.2232,-0.5434,1.6181,0
57609,8.2748,-7.2862,1.9484,-19.3900,47.3200,11.8300,-0.6630,1.6181,0.4045,0
57648,7.7554,-6.0224,1.5654,19.6000,58.1700,-12.1800,0.6702,1.9891,-0.4165,0
57687,8.7344,-5.1798,-0.5481,42.2800,42.4200,-31.3600,1.4458,1.4505,-1.0724,0
57726,7.7051,-3.9351,-0.7157,5.0400,59.6400,-48.3000,0.1723,2.0394,-1.6516,0
57765,7.1881,-2.5181,-0.0790,-5.3200,56.5600,-39.2000,-0.1819,1.9341,-1.3404,0
57804,8.1120,-3.7149,0.0551,-13.4400,62.1600,-7.8400,-0.4596,2.1256,-0.2681,0
57843,8.6578,-4.3995,0.6247,-17.7100,54.8800,2.3100,-0.6056,1.8766,0.0790,0
57882,6.9487,-6.7261,-1.3069,-51.8000,12.8800,-17.2900,-1.7713,0.4404,-0.5912,0
57921,7.1929,-8.0331,-0.5098,-45.2200,40.2500,2.9400,-1.5463,1.3763,0.1005,0
57960,7.4897,-7.2958,-0.8402,-11.3400,53.6900,9.3100,-0.3878,1.8359,0.3184,0
57999,8.2245,-7.2479,-1.2279,16.5900,66.1500,6.0900,0.5673,2.2620,0.2082,0
58038,7.8847,-7.8703,0.1364,-1.8900,68.3200,4.2700,-0.0646,2.3362,0.1460,0
58077,7.2671,-7.4921,-1.0652,-7.0000,60.2000,-3.5000,-0.2394,2.0585,-0.1197,0
58116,4.7705,-7.6692,0.9934,-1.8200,49.0000,1.5400,-0.0622,1.6755,0.0527,0
58155,8.8636,-6.3551,4.2152,-37.7300,-0.7000,36.1900,-1.2902,-0.0239,1.2375,0
58194,8.4256,-4.9189,2.1184,-50.3300,-78.6100,23.6600,-1.7210,-2.6881,0.8091,0
58233,6.5011,-4.2607,0.1723,-52.4300,-86.1700,2.5900,-1.7928,-2.9466,0.0886,0
58272,7.8368,-8.0163,2.4367,-23.9400,-40.6000,39.1300,-0.8186,-1.3883,1.3380,0
58311,5.2014,-9.2777,1.9604,-19.6700,-60.5500,10.0800,-0.6726,-2.0705,0.3447,0
58350,6.7189,-7.0780,-0.5817,5.5300,-51.6600,-4.5500,0.1891,-1.7665,-0.1556,0
58389,7.0517,-6.5753,-1.4960,38.5000,-46.4800,1.7500,1.3165,-1.5894,0.0598,0
58428,5.8429,-6.6064,-0.4261,25.4800,-34.7200,-0.3500,0.8713,-1.1872,-0.0120,0
58467,5.5820,-7.0565,-0.7612,25.4100,-45.2900,-5.2500,0.8689,-1.5487,-0.1795,0
58506,5.6897,-6.4461,-1.5343,34.3000,-50.5400,-22.4000,1.1729,-1.7282,-0.7660,0
58545,5.9362,-6.6184,-2.3601,36.7500,-39.2700,-37.3800,1.2567,-1.3428,-1.2782,0
58584,6.6208,-7.3676,-1.6085,32.7600,-25.9000,-37.6600,1.1202,-0.8856,-1.2878,0
58623,5.8453,-6.9176,-1.9508,14.1400,-31.7800,-17.2900,0.4835,-1.0867,-0.5912,0
58662,7.2408,-7.2455,-2.5014,-18.1300,-49.9800,5.9500,-0.6200,-1.7091,0.2035,0
58701,14.5701,-9.8786,-0.9886,-32.4100,-55.6500,73.2200,-1.1083,-1.9029,2.5037,0
58740,10.3549,-5.8381,2.7527,-35.9800,56.9800,28.4200,-1.2303,1.9484,0.9718,0
58779,9.6105,-3.8897,0.5601,32.4100,68.2500,4.4800,1.1083,2.3338,0.1532,0
58818,11.3171,-4.5312,-1.1083,-15.4700,89.7400,-32.0600,-0.5290,3.0686,-1.0963,0
58857,7.0086,-4.9596,-0.6367,-46.3400,107.7300,-43.8900,-1.5846,3.6838,-1.5008,0
58896,5.4336,-5.5724,-0.6295,-70.2800,88.6900,-14.6300,-2.4032,3.0327,-0.5003,0
58935,7.9828,-6.1253,-0.0551,-65.5200,72.3800,7.5600,-2.2404,2.4750,0.2585,0
58974,8.7392,-5.5724,-0.3806,-53.0600,58.0300,-6.5800,-1.8144,1.9843,-0.2250,0
59013,7.3963,-5.2947,-0.5769,-59.9200,71.7500,-8.5400,-2.0490,2.4535,-0.2920,0
59052,6.9775,-6.0056,-1.1298,-65.8700,81.7600,11.6900,-2.2524,2.7958,0.3997,0
59091,7.4370,-6.5538,-1.2567,-73.7800,92.2600,23.6600,-2.5229,3.1548,0.8091,0
59130,7.5256,-6.2498,-0.4404,-66.9900,84.6300,28.1400,-2.2907,2.8939,0.9622,0
59169,8.3777,-6.7381,0.7851,-66.5700,78.1200,27.5800,-2.2764,2.6713,0.9431,0
59208,9.4764,-9.8187,2.4750,-63.7700,71.3300,9.4500,-2.1806,2.4391,0.3231,0
59247,8.6578,-7.7458,2.6426,-66.8500,73.9900,-14.3500,-2.2859,2.5301,-0.4907,0
59286,5.9530,-7.0062,1.3476,-26.3900,71.3300,-16.5200,-0.9024,2.4391,-0.5649,0
59325,4.5431,-6.4389,1.4865,-17.0100,80.7100,-8.1900,-0.5817,2.7599,-0.2801,0
59364,4.9788,-5.9769,1.2806,-15.1900,44.8000,0.3500,-0.5194,1.5319,0.0120,0
59403,6.0607,-6.6830,0.7277,-15.0500,31.1500,0.6300,-0.5146,1.0652,0.0215,0
59442,6.5107,-7.0229,1.7258,-34.5800,43.4000,-7.0000,-1.1825,1.4841,-0.2394,0
59481,6.4102,-7.5065,1.1657,-26.1100,37.1700,-14.1400,-0.8928,1.2710,-0.4835,0
59520,5.9075,-7.4538,1.5798,-27.7900,50.8900,-3.2200,-0.9503,1.7402,-0.1101,0
59559,5.8381,-7.7650,2.2165,-25.7600,58.1700,0.2100,-0.8809,1.9891,0.0072,0
59598,5.9626,-7.5424,2.2141,-11.8300,38.9200,-7.4900,-0.4045,1.3309,-0.2561,0
59637,5.7352,-7.3892,1.9125,-11.9000,32.9000,-14.3500,-0.4069,1.1250,-0.4907,0
59676,6.0224,-6.6663,2.3769,-16.8000,22.3300,-10.7100,-0.5745,0.7636,-0.3662,0
59715,6.1229,-6.6806,2.6450,-24.7100,31.0100,-9.0300,-0.8450,1.0604,-0.3088,0
59754,6.3408,-6.7237,2.7431,-28.4200,23.3800,-10.0100,-0.9718,0.7995,-0.3423,0
59793,6.6711,-6.6663,2.0059,-26.6700,20.0200,-11.9700,-0.9120,0.6846,-0.4093,0
59832,6.1301,-7.0612,2.0944,-35.0000,21.7000,-17.9200,-1.1968,0.7420,-0.6128,0
59871,5.5509,-6.9966,1.9963,-46.9700,15.6100,-21.4900,-1.6061,0.5338,-0.7348,0
59910,4.8806,-7.2479,1.6684,-43.8200,-2.9400,-17.9200,-1.4984,-0.1005,-0.6128,0
59949,5.0554,-7.4251,1.8120,-43.6800,-9.8000,-14.7000,-1.4936,-0.3351,-0.5027,0
59988,5.4216,-7.6932,1.4841,-45.2200,-5.8100,-14.0000,-1.5463,-0.1987,-0.4787,0
60027,6.2402,-8.3394,1.7234,-32.5500,-1.0500,-8.0500,-1.1130,-0.0359,-0.2753,0
60066,6.1876,-8.6027,1.6827,-17.5700,-7.4200,-2.6600,-0.6008,-0.2537,-0.0910,0
60105,9.6153,-8.1862,2.8604,4.2000,-5.6000,-4.5500,0.1436,-0.1915,-0.1556,0
60144,9.1557,-6.4317,0.7971,-20.5100,-32.4100,11.2000,-0.7013,-1.1083,0.3830,0
60183,8.6482,-6.4126,-0.1029,9.8000,-26.9500,-0.1400,0.3351,-0.9216,-0.0048,0
60222,9.5817,-5.5197,-0.0862,-21.0000,5.4600,-25.3400,-0.7181,0.1867,-0.8665,0
60261,9.7086,-4.8232,-1.5271,-40.8800,24.5700,-31.7800,-1.3979,0.8402,-1.0867,0
60300,8.8924,-4.9094,-1.5391,-64.9600,52.2200,-27.9300,-2.2213,1.7857,-0.9551,0
60339,7.6644,-4.8447,-0.6008,-95.3400,62.7900,-28.7000,-3.2601,2.1471,-0.9814,0
60378,7.5974,-5.1200,-1.4697,-83.9300,59.5000,-26.3200,-2.8700,2.0346,-0.9000,0
60417,7.6549,-6.2785,-1.3620,-65.9400,37.2400,-15.1200,-2.2548,1.2734,-0.5170,0
60456,8.1336,-6.4413,-1.0915,-50.7500,17.6400,-7.4900,-1.7354,0.6032,-0.2561,0
60495,8.3873,-5.8860,-0.6894,-29.9600,17.2900,-1.8900,-1.0245,0.5912,-0.0646,0
60534,7.6716,-6.2211,-0.2011,-31.7100,15.6100,-2.0300,-1.0843,0.5338,-0.0694,0
60573,6.9966,-6.0320,0.3734,-25.8300,22.7500,12.2500,-0.8833,0.7779,0.4189,0
60612,6.6280,-6.1517,0.6822,-28.3500,18.4800,26.7400,-0.9694,0.6319,0.9144,0
60651,7.2025,-5.4982,0.0574,-29.5400,34.8600,36.7500,-1.0101,1.1920,1.2567,0
60690,9.3424,-4.8256,-0.0455,-22.4000,30.6600,54.9500,-0.7660,1.0484,1.8790,0
60729,10.1179,-5.0530,-1.1346,-41.4400,33.3900,62.8600,-1.4170,1.1418,2.1495,0
60768,7.4538,-5.6346,-0.5553,-89.5300,45.9900,56.7000,-3.0615,1.5726,1.9388,0
60807,6.3647,-7.1378,0.0335,-115.4300,59.4300,53.8300,-3.9471,2.0322,1.8407,0
60846,6.0080,-9.5410,-1.0700,-61.1800,41.7900,26.2500,-2.0920,1.4290,0.8976,0
60885,5.5149,-9.6200,-0.9479,-14.6300,31.5700,8.8900,-0.5003,1.0795,0.3040,0
60924,4.5168,-7.7434,-0.0957,-1.2600,19.5300,-3.8500,-0.0431,0.6678,-0.1317,0
60963,4.4929,-5.8429,-0.0120,0.1400,26.3200,-25.2000,0.0048,0.9000,-0.8617,0
61002,5.9171,-6.7261,0.3926,-14.2800,36.0500,-29.6100,-0.4883,1.2327,-1.0125,0
61041,6.1445,-8.0905,-0.3854,-28.1400,24.3600,-26.9500,-0.9622,0.8330,-0.9216,0
61080,5.4623,-8.9139,-0.8809,-35.2800,-4.9000,-21.9100,-1.2064,-0.1676,-0.7492,0
61119,3.6503,-8.2868,-1.1681,-28.0700,-23.3100,-17.2200,-0.9598,-0.7971,-0.5888,0
61158,11.9060,-10.7020,-0.4979,-67.3400,-21.4200,17.0800,-2.3027,-0.7325,0.5840,0
61197,10.5799,-9.6272,-0.4859,-29.7500,4.8300,6.6500,-1.0173,0.1652,0.2274,0
61236,7.7003,-5.5987,-0.8378,10.2900,15.7500,-24.2200,0.3519,0.5386,-0.8282,0
61275,6.5849,-4.4211,-0.5745,-31.6400,43.1200,-41.5100,-1.0819,1.4745,-1.4194,0
61314,8.7272,-3.3224,-1.0747,-26.9500,54.2500,-41.2300,-0.9216,1.8551,-1.4099,0
61353,8.8445,-3.9639,-1.5247,-40.8800,43.3300,-25.9700,-1.3979,1.4817,-0.8880,0
61392,7.4083,-5.6227,-1.5822,-74.4100,40.5300,-1.4700,-2.5444,1.3859,-0.0503,0
61431,7.7386,-6.6017,-0.5625,-49.8400,39.7600,-14.4900,-1.7043,1.3596,-0.4955,0
61470,8.0211,-6.2187,-0.8282,-18.5500,29.5400,-10.5000,-0.6343,1.0101,-0.3590,0
61509,8.3442,-4.7203,-0.0407,-13.3700,34.6500,2.5900,-0.4572,1.1849,0.0886,0
61548,8.1982,-4.1625,-0.1340,-5.6700,38.1500,11.4100,-0.1939,1.3045,0.3902,0
61587,8.7392,-4.1003,-0.0215,-10.3600,36.6800,14.3500,-0.3543,1.2543,0.4907,0
61626,9.1629,-4.9213,0.1891,-11.8300,29.5400,23.5900,-0.4045,1.0101,0.8067,0
61665,8.5261,-5.6418,0.2322,-5.6000,23.6600,28.1400,-0.1915,0.8091,0.9622,0
61704,7.3126,-5.4312,0.6223,-18.8300,23.0300,22.4000,-0.6439,0.7875,0.7660,0
61743,7.8775,-6.5059,-0.3160,4.2700,18.2700,17.6400,0.1460,0.6247,0.6032,0
61782,8.1791,-6.8075,-0.0239,5.3900,17.5000,16.3100,0.1843,0.5984,0.5577,0
61821,8.3706,-5.9051,-0.1699,17.0100,29.5400,8.8200,0.5817,1.0101,0.3016,0
61860,8.4448,-4.3301,-0.7564,24.8500,34.5100,9.5900,0.8497,1.1801,0.3279,0
61899,8.3179,-5.4240,-0.7612,-5.1100,31.8500,16.2400,-0.1747,1.0891,0.5553,0
61938,8.1910,-6.4173,-1.4505,-38.5000,19.6700,13.7900,-1.3165,0.6726,0.4715,0
61977,6.6208,-6.5131,-0.9383,-37.2400,36.8200,13.6500,-1.2734,1.2591,0.4668,0
62016,6.1756,-7.1067,-0.6463,-18.6900,27.0900,18.9000,-0.6391,0.9263,0.6463,0
62055,7.0134,-6.9176,1.7474,-33.0400,15.1900,35.6300,-1.1298,0.5194,1.2184,0
62094,7.0253,-5.6466,2.6976,-49.1400,-25.2700,32.2700,-1.6803,-0.8641,1.1035,0
62133,6.9368,-5.5700,1.0053,-47.2500,-70.3500,27.3700,-1.6157,-2.4056,0.9359,0
62172,6.7788,-8.0570,1.1442,-33.7400,-63.6300,33.6000,-1.1537,-2.1758,1.1489,0
62211,5.2469,-9.4214,2.1519,-56.7000,-23.0300,10.3600,-1.9388,-0.7875,0.3543,0
62250,6.8410,-9.9599,-0.0862,-18.4100,-18.3400,-2.5900,-0.6295,-0.6271,-0.0886,0
62289,6.1852,-8.8589,-0.4117,30.9400,-21.4200,-23.4500,1.0580,-0.7325,-0.8019,0
62328,5.7136,-6.5227,0.2370,23.6600,-6.5100,-32.5500,0.8091,-0.2226,-1.1130,0
62367,6.4748,-5.5341,-1.1106,21.7000,-7.4200,-30.8000,0.7420,-0.2537,-1.0532,0
62406,6.5227,-5.8261,-1.4553,39.2000,-13.5800,-33.1800,1.3404,-0.4644,-1.1346,0
62445,7.2910,-6.3958,-0.9934,25.1300,-16.4500,-38.5000,0.8593,-0.5625,-1.3165,0
62484,7.1283,-6.1349,-1.2830,7.0000,-28.5600,-25.6200,0.2394,-0.9766,-0.8761,0
62523,5.4814,-7.8272,-2.5444,3.2900,-43.6800,-3.9900,0.1125,-1.4936,-0.1364,0
62562,5.7639,-8.6123,-2.1543,-43.7500,-13.6500,8.7500,-1.4960,-0.4668,0.2992,0
62601,10.1825,-9.1820,1.3213,-28.4900,-7.4200,24.1500,-0.9742,-0.2537,0.8258,0
62640,10.7977,-5.7687,2.6258,14.6300,-30.8000,33.1800,0.5003,-1.0532,1.1346,0
62679,9.2873,-3.1835,0.7109,44.1000,-11.4100,18.9700,1.5080,-0.3902,0.6487,0
62718,9.7014,-5.2205,-1.7354,30.6600,19.0400,0.0000,1.0484,0.6511,0.0000,0
62757,7.7458,-5.5939,-1.1298,-68.3200,57.8900,-18.3400,-2.3362,1.9795,-0.6271,0
62796,6.7357,-6.4533,-1.2662,-74.7600,51.0300,-1.8900,-2.5564,1.7450,-0.0646,0
62835,7.4562,-7.5376,-1.4386,-65.8000,42.6300,5.1100,-2.2500,1.4577,0.1747,0
62874,7.5711,-6.6735,-0.5075,-46.6200,47.4600,1.6800,-1.5942,1.6229,0.0574,0
62913,7.6788,-6.1540,-0.9503,-21.4200,34.1600,1.7500,-0.7325,1.1681,0.0598,0
62952,7.4227,-5.1320,-1.7306,-33.0400,37.0300,3.1500,-1.1298,1.2662,0.1077,0
62991,8.0785,-4.5647,-1.4721,-58.3100,47.3900,16.3100,-1.9939,1.6205,0.5577,0
63030,8.4998,-5.2445,-1.7426,-50.7500,64.5400,29.2600,-1.7354,2.2069,1.0005,0
63069,8.1360,-5.2421,-2.1662,-61.4600,60.2700,21.7700,-2.1016,2.0609,0.7444,0
63108,7.4442,-5.5269,-2.1758,-57.9600,60.4800,23.8700,-1.9819,2.0681,0.8162,0
63147,7.6070,-5.5796,-1.8263,-52.1500,49.3500,30.6600,-1.7833,1.6875,1.0484,0
63186,7.5591,-5.8333,-0.5027,-61.6700,45.6400,23.3800,-2.1088,1.5607,0.7995,0
63225,7.2192,-7.9301,-0.9622,-62.6500,39.9700,6.7900,-2.1423,1.3668,0.2322,0
63264,7.1450,-10.0629,-0.2992,-63.1400,33.8800,-2.0300,-2.1591,1.1585,-0.0694,0
63303,6.1062,-9.9073,0.2753,-38.7800,23.7300,-1.3300,-1.3261,0.8114,-0.0455,0
63342,5.1918,-7.4538,-0.1771,-17.7800,9.4500,-9.3100,-0.6080,0.3231,-0.3184,0
63381,5.2397,-7.2575,-1.3620,20.8600,0.3500,-13.4400,0.7133,0.0120,-0.4596,0
63420,4.3540,-7.4394,-0.9407,0.4900,34.1600,2.6600,0.0168,1.1681,0.0910,0
63459,4.7538,-8.1480,-1.4027,-3.4300,2.7300,30.1700,-0.1173,0.0934,1.0317,0
63498,7.2264,-10.0006,-0.2274,-21.4900,0.2800,36.8200,-0.7348,0.0096,1.2591,0
63537,6.4533,-8.6530,-0.9934,-8.2600,10.8500,15.0500,-0.2824,0.3710,0.5146,0
63576,4.7777,-7.9756,-1.3213,1.0500,20.1600,1.6100,0.0359,0.6894,0.0551,0
63615,4.4976,-8.2533,-0.0527,3.3600,7.9800,-4.8300,0.1149,0.2729,-0.1652,0
63654,6.5466,-7.1498,-0.1173,13.2300,9.1700,-4.2700,0.4524,0.3136,-0.1460,0
63693,7.6596,-6.8937,-0.2848,9.7300,15.4000,0.6300,0.3327,0.5266,0.0215,0
63732,7.0780,-7.0421,-0.4380,-1.2600,31.0100,-0.4900,-0.0431,1.0604,-0.0168,0
63771,6.9775,-7.8679,0.1269,-16.5900,41.7900,-1.4000,-0.5673,1.4290,-0.0479,0
63810,6.2067,-7.6237,-0.2920,-31.2200,32.8300,1.5400,-1.0676,1.1226,0.0527,0
63849,6.1756,-7.9397,-0.2609,-19.3900,33.3900,3.2200,-0.6630,1.1418,0.1101,0
63888,5.9314,-7.6525,-0.2872,-13.4400,32.4800,-0.3500,-0.4596,1.1106,-0.0120,0
63927,6.0009,-7.3820,0.0335,-12.3200,32.7600,-0.9100,-0.4213,1.1202,-0.0311,0
63966,6.3527,-7.5926,-0.5242,-7.5600,26.9500,-0.2800,-0.2585,0.9216,-0.0096,0
64005,7.3198,-7.5448,-0.3973,-7.7700,22.3300,4.5500,-0.2657,0.7636,0.1556,0
64044,6.9296,-7.1857,-0.4452,-2.9400,23.9400,5.6000,-0.1005,0.8186,0.1915,0
64083,6.3048,-7.4179,-0.2537,-5.3200,16.5900,-0.1400,-0.1819,0.5673,-0.0048,0
64122,5.9961,-6.7381,-0.5098,-2.3800,6.0900,0.4900,-0.0814,0.2082,0.0168,0
64161,6.4533,-7.4466,-0.8067,7.2800,2.4500,5.6000,0.2489,0.0838,0.1915,0
64200,6.2833,-7.8511,-0.2154,-4.4100,3.2900,2.1000,-0.1508,0.1125,0.0718,0
64239,6.1876,-8.1695,-0.0838,-2.9400,-6.2300,1.1200,-0.1005,-0.2130,0.0383,0
64278,6.3838,-8.4902,-0.1604,14.4200,-10.0100,4.9700,0.4931,-0.3423,0.1699,0
64317,6.3814,-8.0331,-0.3567,17.1500,-8.4000,-0.2100,0.5864,-0.2872,-0.0072,0
64356,6.5610,-7.7578,-0.1987,31.5000,-13.0200,-1.9600,1.0771,-0.4452,-0.0670,0
64395,6.5777,-7.2049,-0.0311,35.2800,-14.6300,1.3300,1.2064,-0.5003,0.0455,0
64434,6.3695,-6.4676,0.4524,33.3200,-19.9500,2.8000,1.1394,-0.6822,0.0957,0
64473,7.1498,-6.3192,0.5984,27.7200,-29.8900,4.6900,0.9479,-1.0221,0.1604,0
64512,7.1713,-6.0822,-0.1053,14.0000,-18.0600,1.2600,0.4787,-0.6176,0.0431,0
64551,6.8314,-7.0924,0.3088,-7.2800,-4.0600,-1.2600,-0.2489,-0.1388,-0.0431,0
64590,6.5155,-7.1570,0.3758,-4.2000,-3.0800,-2.8000,-0.1436,-0.1053,-0.0957,0
64629,6.5490,-7.2192,0.2442,-0.1400,-2.6600,-1.0500,-0.0048,-0.0910,-0.0359,0
64668,6.8434,-7.2408,0.6343,-3.6400,-4.1300,2.6600,-0.1245,-0.1412,0.0910,0
64707,7.3485,-7.0780,0.5481,3.2900,1.3300,6.3000,0.1125,0.0455,0.2154,0
64746,7.6405,-6.8602,0.5266,4.2000,3.2200,4.4800,0.1436,0.1101,0.1532,0
64785,7.2575,-6.6926,0.4644,3.5000,-2.0300,3.5000,0.1197,-0.0694,0.1197,0
64824,6.7955,-6.8745,0.8928,-17.5000,8.8900,2.8000,-0.5984,0.3040,0.0957,0
64863,6.4628,-7.1067,0.6846,-19.9500,9.8700,3.6400,-0.6822,0.3375,0.1245,0
64902,6.2761,-7.7195,0.5027,-17.5700,9.4500,2.9400,-0.6008,0.3231,0.1005,0
64941,6.1277,-7.6357,0.5003,-12.3900,5.8100,2.9400,-0.4237,0.1987,0.1005,0
64980,6.5322,-7.3604,0.5793,-14.1400,6.3000,2.5200,-0.4835,0.2154,0.0862,0
65019,7.2575,-7.0924,0.5146,-11.2700,3.7800,6.2300,-0.3854,0.1293,0.2130,0
65058,7.1091,-6.8793,0.1723,-4.7600,12.1100,5.8800,-0.1628,0.4141,0.2011,0
65097,7.0708,-6.9894,0.3854,-22.1900,16.3800,3.5700,-0.7588,0.5601,0.1221,0
65136,6.6711,-7.3054,-0.5386,-27.3700,16.8700,5.1800,-0.9359,0.5769,0.1771,0
65175,5.7447,-8.0546,-0.1221,-29.4700,20.7900,-0.7700,-1.0077,0.7109,-0.0263,0
65214,5.3426,-8.0618,-0.0790,-18.5500,11.8300,-4.2700,-0.6343,0.4045,-0.1460,0
65253,5.7974,-8.0043,-0.4404,-7.1400,7.0700,0.4200,-0.2442,0.2418,0.0144,0
65292,5.9434,-8.3466,-0.3997,1.4000,-0.9100,-0.7000,0.0479,-0.0311,-0.0239,0
65331,6.1445,-8.3610,-0.3997,7.2100,-2.9400,-5.1100,0.2465,-0.1005,-0.1747,0
65370,6.3168,-7.9469,0.0479,6.7900,-2.8700,-5.6700,0.2322,-0.0981,-0.1939,0
65409,6.8051,-7.4083,0.0527,14.1400,-11.0600,0.0000,0.4835,-0.3782,0.0000,0
65448,6.4197,-7.2312,0.2106,10.2900,-7.3500,-1.5400,0.3519,-0.2513,-0.0527,0
65487,6.3599,-7.4610,0.1939,-2.1700,-7.2100,1.4700,-0.0742,-0.2465,0.0503,0
65526,6.1349,-7.6668,0.4979,-10.4300,-7.0000,3.5700,-0.3567,-0.2394,0.1221,0
65565,6.4916,-7.8727,0.5194,-8.4000,-13.1600,8.0500,-0.2872,-0.4500,0.2753,0
65604,6.2881,-7.7937,0.2154,-3.2200,-8.9600,13.3700,-0.1101,-0.3064,0.4572,0
65643,6.2115,-8.1647,-0.7708,5.1800,-18.6900,13.3000,0.1771,-0.6391,0.4548,0
65682,5.5509,-7.7554,-0.6702,-0.3500,-12.1800,9.4500,-0.0120,-0.4165,0.3231,0
65721,5.3282,-7.8296,-0.8593,0.8400,-8.8900,6.4400,0.0287,-0.3040,0.2202,0
65760,5.4647,-7.9445,-1.0915,8.4000,-9.3100,3.0800,0.2872,-0.3184,0.1053,0
65799,5.7615,-7.6573,-0.9120,14.9800,-5.0400,-7.4900,0.5122,-0.1723,-0.2561,0
65838,5.7639,-7.3580,-0.2609,13.7900,-1.3300,-21.3500,0.4715,-0.0455,-0.7301,0
65877,5.8836,-6.9511,-0.1340,3.4300,-4.9000,-22.5400,0.1173,-0.1676,-0.7708,0
65916,6.0009,-7.1354,0.0120,-5.6000,-0.4900,-20.0900,-0.1915,-0.0168,-0.6870,0
65955,5.9865,-7.5902,0.0694,-10.7100,5.2500,-18.8300,-0.3662,0.1795,-0.6439,0
65994,5.6657,-8.4424,-0.1388,-12.8100,-0.5600,-15.8900,-0.4380,-0.0191,-0.5434,0
66033,6.9200,-9.8833,0.4093,-11.1300,-1.1200,0.7700,-0.3806,-0.0383,0.0263,0
66072,5.9195,-9.0480,-0.0455,-28.7700,6.0900,10.2900,-0.9838,0.2082,0.3519,0
66111,6.2857,-9.5075,-0.2274,-19.1800,28.7000,0.7000,-0.6559,0.9814,0.0239,0
66150,7.3652,-8.1240,0.7061,14.4200,-1.4000,-13.0200,0.4931,-0.0479,-0.4452,0
66189,8.3706,-6.9272,-0.2082,4.0600,4.7600,-18.0600,0.1388,0.1628,-0.6176,0
66228,8.2006,-6.0439,-0.4955,-12.0400,25.9000,-24.7800,-0.4117,0.8856,-0.8473,0
66267,7.5280,-4.9524,-0.5386,-50.6100,56.7700,-41.5100,-1.7306,1.9412,-1.4194,0
66306,7.8679,-4.1769,-0.7133,-49.4200,40.8100,-34.3000,-1.6899,1.3955,-1.1729,0
66345,8.4448,-3.5043,-1.6947,-55.1600,42.4900,-11.2000,-1.8862,1.4529,-0.3830,0
66384,8.4519,-4.8663,-1.9987,-70.7700,77.9800,1.4000,-2.4200,2.6665,0.0479,0
66423,8.3634,-6.7453,-1.4505,-80.2900,70.0000,-8.1200,-2.7455,2.3936,-0.2777,0
66462,7.7602,-7.3389,-1.1681,-71.4700,67.2700,-19.8800,-2.4439,2.3003,-0.6798,0
66501,7.2767,-6.7955,-0.5098,-52.9200,64.5400,-21.4200,-1.8096,2.2069,-0.7325,0
66540,7.6333,-6.0272,-0.1795,-42.9100,55.4400,-20.3000,-1.4673,1.8958,-0.6942,0
66579,7.7099,-5.0985,0.0407,-46.8300,55.7200,-15.1900,-1.6013,1.9053,-0.5194,0
66618,7.4107,-5.1344,-0.5003,-44.2400,56.0700,-6.8600,-1.5128,1.9173,-0.2346,0
66657,6.8913,-5.7854,-1.0939,-51.3800,44.2400,4.3400,-1.7569,1.5128,0.1484,0
66696,7.3868,-6.3144,-0.9622,-53.9000,32.6200,11.6200,-1.8431,1.1154,0.3973,0
66735,7.9421,-7.6261,-1.3237,-40.8800,29.4700,6.2300,-1.3979,1.0077,0.2130,0
66774,7.9349,-7.2815,-1.7809,-29.7500,33.3200,3.5000,-1.0173,1.1394,0.1197,0
66813,7.6118,-7.4107,-1.9221,-20.7200,51.8000,8.4000,-0.7085,1.7713,0.2872,0
66852,7.0134,-7.3317,-0.5817,-30.1000,54.1800,18.4100,-1.0293,1.8527,0.6295,0
66891,7.9277,-7.1139,1.2064,-31.4300,34.4400,33.1100,-1.0747,1.1777,1.1322,0
66930,8.3394,-6.1564,0.6583,-20.7900,7.8400,42.1400,-0.7109,0.2681,1.4410,0
66969,7.6214,-5.5293,0.0981,-31.8500,-7.9800,47.1800,-1.0891,-0.2729,1.6133,0
67008,6.4604,-5.3091,1.8742,-69.7200,-1.8900,47.2500,-2.3841,-0.0646,1.6157,0
67047,6.2498,-7.2934,1.6516,-81.3400,-11.9700,41.3000,-2.7814,-0.4093,1.4122,0
67086,6.3479,-9.2371,-0.3088,-28.6300,-30.3800,7.2800,-0.9790,-1.0388,0.2489,0
67125,5.7974,-7.8775,-0.7157,-11.9000,-8.5400,0.7000,-0.4069,-0.2920,0.0239,0
67164,5.5245,-7.1211,0.5481,-3.2200,-22.8900,-2.1000,-0.1101,-0.7827,-0.0718,0
67203,5.7471,-6.9799,-0.5434,12.1100,-23.2400,-2.1700,0.4141,-0.7947,-0.0742,0
67242,6.2713,-7.0158,-1.1872,5.9500,-24.8500,-5.1100,0.2035,-0.8497,-0.1747,0
67281,5.5844,-8.0067,-2.4008,23.1000,-26.1100,-13.6500,0.7899,-0.8928,-0.4668,0
67320,4.2894,-8.9522,-1.3572,14.9800,-18.0600,-29.0500,0.5122,-0.6176,-0.9934,0
67359,4.4378,-8.6841,-1.2351,24.8500,-38.1500,-22.6100,0.8497,-1.3045,-0.7731,0
67398,5.0602,-9.2131,-2.4463,53.1300,-76.7900,-10.1500,1.8168,-2.6258,-0.3471,0
67437,9.1988,-9.5578,-2.1232,52.0100,-86.7300,1.3300,1.7785,-2.9657,0.0455,0
67476,9.3184,-8.3083,-3.6048,62.8600,-76.5100,12.8800,2.1495,-2.6162,0.4404,0
67515,7.3437,-6.1349,-1.5224,63.7700,-25.9000,13.1600,2.1806,-0.8856,0.4500,0
67554,10.2424,-3.6742,1.8168,-7.2100,30.5900,-8.3300,-0.2465,1.0460,-0.2848,0
67593,9.7637,-4.9022,0.1317,16.8700,37.6600,-5.4600,0.5769,1.2878,-0.1867,0
67632,5.9434,-6.8650,-0.3950,36.4700,23.3800,-27.7200,1.2471,0.7995,-0.9479,0
67671,6.2929,-6.3814,-0.4021,22.6100,-0.4200,-7.0000,0.7731,-0.0144,-0.2394,0
67710,7.8823,-5.6274,-0.3973,60.4800,-9.2400,4.1300,2.0681,-0.3160,0.1412,0
67749,8.9618,-6.1828,-1.1561,72.3100,-14.6300,-18.8300,2.4726,-0.5003,-0.6439,0
67788,7.4466,-6.0415,-1.1681,34.6500,5.7400,-26.0400,1.1849,0.1963,-0.8904,0
67827,6.8291,-5.8285,-0.1173,9.0300,4.6900,-10.9200,0.3088,0.1604,-0.3734,0
67866,7.2336,-6.0511,-0.4141,22.3300,-2.0300,-3.2200,0.7636,-0.0694,-0.1101,0
67905,7.2168,-6.8650,-1.5224,49.8400,-11.1300,-2.5200,1.7043,-0.3806,-0.0862,0
67944,6.5011,-8.0067,-0.4332,48.6500,-2.1000,8.9600,1.6636,-0.0718,0.3064,0
67983,6.5251,-7.7147,0.9335,32.3400,3.6400,29.8900,1.1059,0.1245,1.0221,0
68022,7.0134,-6.9033,0.1987,36.3300,-36.7500,40.1800,1.2423,-1.2567,1.3739,0
68061,8.8182,-6.3072,-0.2346,6.4400,-94.4300,36.1200,0.2202,-3.2290,1.2351,0
68100,6.3743,-5.4312,0.5146,-4.3400,-89.8100,28.4900,-0.1484,-3.0710,0.9742,0
68139,6.3623,-8.7464,1.7138,12.1100,-129.4300,9.9400,0.4141,-4.4258,0.3399,0
68178,6.3144,-10.7235,0.3590,50.0500,-134.8900,-17.8500,1.7115,-4.6125,-0.6104,0
68217,5.1104,-7.9445,-1.2878,108.9200,-107.8700,-23.1700,3.7245,-3.6886,-0.7923,0
68256,4.7873,-7.0253,-2.0131,138.3900,-109.3400,-13.3000,4.7322,-3.7389,-0.4548,0
68295,5.9841,-6.6304,-2.0131,114.2400,-122.2900,-14.5600,3.9064,-4.1817,-0.4979,0
68334,7.4227,-5.8525,-2.3625,100.3800,-136.0800,-14.2800,3.4325,-4.6532,-0.4883,0
68373,7.5998,-6.0128,-2.8460,112.2800,-133.9100,-20.5800,3.8394,-4.5790,-0.7037,0
68412,6.3886,-6.9104,-3.1788,102.9000,-114.5900,-40.7400,3.5187,-3.9184,-1.3931,0
68451,6.1588,-7.8416,-3.0519,80.5000,-81.9700,-58.0300,2.7527,-2.8030,-1.9843,0
68490,5.8309,-7.2934,-0.0431,101.2200,-154.8400,-41.3700,3.4612,-5.2947,-1.4146,0
68529,7.4658,-5.1128,-2.8867,106.4700,-174.3000,-18.2700,3.6407,-5.9602,-0.6247,0
68568,11.3076,-8.0977,-3.0423,110.6700,-140.1400,3.7800,3.7843,-4.7921,0.1293,0
68607,10.0270,-6.3455,-2.5588,104.9300,-104.5100,-17.5000,3.5881,-3.5737,-0.5984,0
68646,8.8086,-6.0966,-0.1723,126.0700,-52.5000,-42.8400,4.3109,-1.7952,-1.4649,0
68685,8.5070,-5.2947,-0.7133,151.9000,-65.6600,-52.2200,5.1942,-2.2452,-1.7857,0
68724,7.5759,-4.5264,-1.7162,133.7000,-63.5600,-50.1200,4.5719,-2.1734,-1.7138,0
68763,7.1881,-4.9955,-1.1226,146.7900,-71.5400,-45.9900,5.0195,-2.4463,-1.5726,0
68802,8.1192,-4.8136,-1.4051,137.0600,-96.5300,-35.0700,4.6867,-3.3008,-1.1992,0
68841,8.0139,-4.5000,-2.4224,128.1700,-60.4100,-5.7400,4.3828,-2.0657,-0.1963,0
68880,7.2743,-5.5652,-1.8048,104.7900,-53.6200,9.5200,3.5833,-1.8335,0.3255,0
68919,7.4777,-6.7572,-1.2567,84.9800,-59.2200,4.5500,2.9059,-2.0250,0.1556,0
68958,7.7315,-7.1833,-1.4553,86.7300,-78.8900,-5.3900,2.9657,-2.6976,-0.1843,0
68997,8.0067,-6.1900,-1.2734,109.8300,-56.9100,-4.0600,3.7556,-1.9460,-0.1388,0
69036,8.1264,-5.1822,-0.5146,109.9000,-34.3700,4.9700,3.7580,-1.1753,0.1699,0
69075,8.3897,-5.3809,-0.9048,100.1700,-46.4100,12.1100,3.4253,-1.5870,0.4141,0
69114,8.5142,-4.9907,-0.1747,84.5600,-51.3100,17.5700,2.8915,-1.7545,0.6008,0
69153,8.9881,-4.4234,0.4907,66.2900,-60.1300,16.6600,2.2668,-2.0561,0.5697,0
69192,8.8158,-4.8088,-0.6104,62.7900,-62.7900,19.3900,2.1471,-2.1471,0.6630,0
69231,8.1767,-5.1080,-0.4883,41.4400,-49.0700,20.3700,1.4170,-1.6779,0.6965,0
69270,7.7315,-5.3426,-0.3543,10.4300,-32.1300,37.0300,0.3567,-1.0987,1.2662,0
69309,7.2695,-6.6041,-1.0508,7.0700,-31.5000,36.4000,0.2418,-1.0771,1.2447,0
69348,7.4634,-8.0115,0.7205,12.4600,-34.1600,32.1300,0.4261,-1.1681,1.0987,0
69387,7.0421,-10.8863,0.8330,30.3100,-43.6100,14.5600,1.0364,-1.4912,0.4979,0
69426,4.4809,-8.8445,-0.4524,49.0700,-26.5300,8.9600,1.6779,-0.9072,0.3064,0
69465,3.4253,-7.1259,-1.6803,39.5500,-14.4200,-13.6500,1.3524,-0.4931,-0.4668,0
69504,4.2726,-7.1115,-1.4027,72.2400,-23.6600,-36.6800,2.4702,-0.8091,-1.2543,0
69543,5.4168,-7.2647,0.3375,83.3700,-43.2600,-49.8400,2.8508,-1.4793,-1.7043,0
69582,8.3490,-6.2043,1.0891,81.1300,-42.2100,-42.4200,2.7742,-1.4434,-1.4505,0
69621,11.1161,-5.3139,0.2705,98.9100,-35.0000,-23.2400,3.3822,-1.1968,-0.7947,0
69660,10.4530,-5.1750,1.9293,71.6100,-59.2200,7.8400,2.4487,-2.0250,0.2681,0
69699,7.6357,-4.8591,0.3567,34.5100,-38.2200,-1.0500,1.1801,-1.3069,-0.0359,0
69738,5.4814,-5.2038,1.2423,25.4800,-0.2100,1.3300,0.8713,-0.0072,0.0455,0
69777,6.3168,-6.3886,0.7636,4.5500,-16.2400,5.5300,0.1556,-0.5553,0.1891,0
69816,8.0570,-7.2455,-0.5266,48.0900,-46.4800,8.8200,1.6444,-1.5894,0.3016,0
69855,7.7147,-6.8243,0.6487,13.5100,-27.6500,1.6100,0.4620,-0.9455,0.0551,0
69894,7.8894,-6.0080,1.0867,21.4900,-1.9600,-2.4500,0.7348,-0.0670,-0.0838,0
69933,7.7243,-5.8333,0.5984,20.0900,-4.3400,2.3100,0.6870,-0.1484,0.0790,0
69972,7.5471,-6.2043,0.7157,11.6200,-3.5000,4.0600,0.3973,-0.1197,0.1388,0
70011,7.8799,-6.1636,0.2681,9.4500,-5.4600,0.8400,0.3231,-0.1867,0.0287,0
70050,7.6644,-6.1445,0.5481,3.1500,-1.2600,-0.4900,0.1077,-0.0431,-0.0168,0
70089,7.6668,-6.0200,0.9311,-3.7800,-1.9600,1.0500,-0.1293,-0.0670,0.0359,0
70128,7.9062,-6.0751,0.9981,-1.1900,5.1100,3.1500,-0.0407,0.1747,0.1077,0
70167,8.0402,-6.1540,0.9431,-5.1800,10.2900,1.6800,-0.1771,0.3519,0.0574,0
70206,7.8655,-6.1469,0.9958,-6.5100,14.8400,-0.8400,-0.2226,0.5075,-0.0287,0
70245,7.6620,-6.0344,1.0652,-6.8600,10.2200,-3.3600,-0.2346,0.3495,-0.1149,0
70284,7.6477,-6.3192,1.0628,-5.5300,3.7800,-2.6600,-0.1891,0.1293,-0.0910,0
70323,7.6716,-6.3168,1.0556,-3.2200,4.4100,-2.8000,-0.1101,0.1508,-0.0957,0
70362,7.7291,-5.9865,1.2232,-5.9500,8.8900,-1.9600,-0.2035,0.3040,-0.0670,0
70401,7.7410,-5.8548,1.1322,-5.8100,6.6500,-0.4200,-0.1987,0.2274,-0.0144,0
70440,7.7817,-6.0679,1.1657,-9.2400,5.1100,0.8400,-0.3160,0.1747,0.0287,0
70479,7.7721,-6.1014,1.1825,-11.5500,5.6700,0.4200,-0.3950,0.1939,0.0144,0
70518,7.7698,-6.2187,1.0317,-11.6900,5.9500,0.9100,-0.3997,0.2035,0.0311,0
70557,7.7243,-6.3719,1.0221,-11.6200,9.3100,1.1200,-0.3973,0.3184,0.0383,0
70596,7.5495,-6.3695,0.9742,-10.9200,12.0400,-0.3500,-0.3734,0.4117,-0.0120,0
70635,7.5280,-6.2402,1.1202,-11.9700,11.6200,0.0000,-0.4093,0.3973,0.0000,0
70674,7.5400,-6.2378,1.0652,-11.9700,9.8000,0.9100,-0.4093,0.3351,0.0311,0
70713,7.5974,-6.4221,1.0101,-12.0400,7.3500,0.9800,-0.4117,0.2513,0.0335,0
70752,7.3892,-6.3001,1.0197,-11.3400,6.7900,1.0500,-0.3878,0.2322,0.0359,0
70791,7.5136,-6.2450,1.0221,-11.4800,4.8300,2.8000,-0.3926,0.1652,0.0957,0
70830,7.7458,-6.3623,0.8450,-10.7100,4.4100,3.5000,-0.3662,0.1508,0.1197,0
70869,7.7075,-6.4844,0.8545,-11.7600,8.1900,1.6800,-0.4021,0.2801,0.0574,0
70908,7.5448,-6.3384,1.0269,-16.1000,11.7600,-0.7000,-0.5505,0.4021,-0.0239,0
70947,7.4801,-6.2163,0.9335,-17.0800,11.7600,0.0700,-0.5840,0.4021,0.0024,0
70986,7.4849,-6.3096,0.7827,-16.3800,9.6600,2.3100,-0.5601,0.3303,0.0790,0
71025,7.4777,-6.4796,0.8928,-19.0400,9.9400,3.2200,-0.6511,0.3399,0.1101,0
71064,7.4873,-6.5562,0.8928,-17.6400,8.6100,3.0100,-0.6032,0.2944,0.1029,0
71103,7.4897,-6.5179,0.7564,-15.1200,8.4000,1.8900,-0.5170,0.2872,0.0646,0
71142,7.4706,-6.5442,0.6678,-16.6600,10.3600,0.7700,-0.5697,0.3543,0.0263,0
71181,7.3293,-6.5227,0.7612,-19.1100,12.3200,0.0700,-0.6535,0.4213,0.0024,0
71220,7.2767,-6.5538,0.7492,-19.5300,12.8100,0.7700,-0.6678,0.4380,0.0263,0
71259,7.2527,-6.7285,0.6750,-16.0300,8.8200,1.6100,-0.5481,0.3016,0.0551,0
71298,7.2001,-6.6232,0.7851,-15.6800,8.6800,2.1000,-0.5362,0.2968,0.0718,0
71337,7.3150,-6.7572,0.6032,-14.4200,6.4400,1.7500,-0.4931,0.2202,0.0598,0
71376,7.2982,-6.7644,0.6606,-12.9500,4.4800,1.6800,-0.4428,0.1532,0.0574,0
71415,7.3580,-6.6017,0.7109,-13.3700,8.1900,1.6100,-0.4572,0.2801,0.0551,0
71454,7.3963,-6.5538,0.5529,-11.7600,6.4400,1.1900,-0.4021,0.2202,0.0407,0
71493,7.3317,-6.6806,0.5888,-11.2000,5.8800,1.4000,-0.3830,0.2011,0.0479,0
71532,7.2623,-6.6615,0.6223,-12.5300,7.0000,1.0500,-0.4285,0.2394,0.0359,0
71571,7.2312,-6.6783,0.5122,-13.0900,7.5600,1.5400,-0.4476,0.2585,0.0527,0
71610,7.3245,-6.7932,0.5840,-13.5100,7.6300,3.0100,-0.4620,0.2609,0.1029,0
71649,7.3557,-6.7501,0.6271,-11.3400,7.9800,2.1000,-0.3878,0.2729,0.0718,0
71688,7.2815,-6.6663,0.5410,-10.1500,9.1700,1.1900,-0.3471,0.3136,0.0407,0
71727,7.2551,-6.5993,0.3973,-12.1800,9.5200,1.0500,-0.4165,0.3255,0.0359,0
71766,7.2336,-6.7501,0.4045,-14.6300,8.1200,2.0300,-0.5003,0.2777,0.0694,0
71805,7.1809,-6.8674,0.6008,-14.0000,9.4500,2.3800,-0.4787,0.3231,0.0814,0
71844,7.2264,-6.6902,0.5003,-10.8500,7.0000,2.0300,-0.3710,0.2394,0.0694,0
71883,7.2025,-6.7668,0.3734,-9.2400,6.4400,2.2400,-0.3160,0.2202,0.0766,0
71922,7.2455,-6.8075,0.5697,-12.5300,7.9100,3.5700,-0.4285,0.2705,0.1221,0
71961,7.2432,-6.7046,0.6104,-11.2000,9.1700,3.4300,-0.3830,0.3136,0.1173,0
72000,7.3533,-6.6711,0.5051,-9.7300,7.3500,1.8200,-0.3327,0.2513,0.0622,0
72039,7.3772,-6.6328,0.4572,-14.4200,9.9400,2.1000,-0.4931,0.3399,0.0718,0
72078,7.2719,-6.5586,0.5697,-18.9000,12.9500,4.2000,-0.6463,0.4428,0.1436,0
72117,7.2096,-6.6830,0.6008,-19.6000,14.9100,4.7600,-0.6702,0.5098,0.1628,0
72156,7.2432,-6.8051,0.5745,-20.3000,13.8600,4.2000,-0.6942,0.4739,0.1436,0
72195,7.1163,-6.8793,0.4404,-22.7500,13.5100,4.1300,-0.7779,0.4620,0.1412,0
72234,7.1666,-6.8602,0.4117,-23.9400,14.6300,4.3400,-0.8186,0.5003,0.1484,0
72273,7.1019,-6.5035,0.5457,-27.9300,14.3500,3.3600,-0.9551,0.4907,0.1149,0
72312,7.2647,-6.4245,0.2418,-32.1300,12.0400,5.2500,-1.0987,0.4117,0.1795,0
72351,7.3748,-6.5299,0.0000,-33.8800,17.5700,9.3800,-1.1585,0.6008,0.3207,0
72390,7.4706,-7.0110,-0.1652,-35.3500,21.3500,8.4700,-1.2088,0.7301,0.2896,0
72429,7.3557,-7.1211,-0.1676,-44.1700,32.0600,4.9700,-1.5104,1.0963,0.1699,0
72468,7.1402,-7.3198,-0.2585,-45.9200,41.2300,2.9400,-1.5702,1.4099,0.1005,0
72507,6.8195,-7.1378,-0.3543,-40.1800,45.6400,2.3100,-1.3739,1.5607,0.0790,0
72546,6.6950,-6.8674,-0.3734,-38.0100,44.1700,5.2500,-1.2997,1.5104,0.1795,0
72585,6.1828,-7.2025,-0.4883,-45.0100,42.1400,3.0800,-1.5391,1.4410,0.1053,0
72624,5.6035,-7.9086,-0.6056,-42.6300,36.3300,0.6300,-1.4577,1.2423,0.0215,0
72663,5.3665,-8.4232,-0.8091,-29.8900,21.7000,0.7700,-1.0221,0.7420,0.0263,0
72702,5.2157,-8.7775,-0.5673,-13.7200,7.0700,1.2600,-0.4692,0.2418,0.0431,0
72741,5.3953,-8.2102,-0.6271,-4.4800,-11.5500,-1.4700,-0.1532,-0.3950,-0.0503,0
72780,6.1134,-8.1815,-0.8330,18.2700,-36.7500,-2.8700,0.6247,-1.2567,-0.0981,0
72819,6.6064,-7.8487,-0.8497,26.1100,-33.8100,-5.8800,0.8928,-1.1561,-0.2011,0
72858,7.1019,-7.8200,-0.6295,33.9500,-30.2400,-6.2300,1.1609,-1.0341,-0.2130,0
72897,7.5735,-7.5280,-0.5745,39.9700,-24.7800,-10.2200,1.3668,-0.8473,-0.3495,0
72936,7.1450,-6.8554,-0.2801,32.4800,-22.6100,-21.8400,1.1106,-0.7731,-0.7468,0
72975,6.7596,-6.6806,-0.6080,35.1400,-20.7200,-19.5300,1.2016,-0.7085,-0.6678,0
73014,6.9057,-6.5418,-0.7109,50.0500,-22.1900,-10.4300,1.7115,-0.7588,-0.3567,0
73053,7.3940,-6.4341,-0.6894,56.9800,-19.9500,-2.1000,1.9484,-0.6822,-0.0718,0
73092,7.6525,-6.6495,-0.7037,69.6500,-19.7400,-2.5900,2.3817,-0.6750,-0.0886,0
73131,7.5687,-6.4461,-0.3662,62.7900,-24.5000,-8.4700,2.1471,-0.8378,-0.2896,0
73170,7.0756,-5.8237,-0.0957,48.5100,-17.5700,-8.1200,1.6588,-0.6008,-0.2777,0
73209,6.8314,-6.5873,-0.3447,46.6900,-12.8100,6.7900,1.5966,-0.4380,0.2322,0
73248,7.6740,-6.8123,0.1819,60.4100,-31.9900,17.8500,2.0657,-1.0939,0.6104,0
73287,8.5716,-6.1756,0.4931,79.3100,-36.4700,10.0800,2.7120,-1.2471,0.3447,0
73326,8.7511,-5.1008,0.4356,72.2400,-31.2900,-6.3000,2.4702,-1.0700,-0.2154,0
73365,8.7823,-4.7777,0.8617,24.6400,-27.8600,-13.6500,0.8426,-0.9527,-0.4668,0
73404,8.1910,-4.8998,2.5181,3.0100,-15.1200,-6.0900,0.1029,-0.5170,-0.2082,0
73443,8.0714,-5.5030,2.4080,-1.1900,-17.9900,5.4600,-0.0407,-0.6152,0.1867,0
73482,8.4113,-6.4126,2.3984,-11.1300,-9.5200,20.5100,-0.3806,-0.3255,0.7013,0
73521,8.3347,-7.0684,1.7234,-20.3700,-1.1900,36.4700,-0.6965,-0.0407,1.2471,0
73560,7.8631,-6.4963,1.8263,-30.1700,14.7000,32.6200,-1.0317,0.5027,1.1154,0
73599,7.2623,-6.5203,1.1011,-37.7300,13.6500,26.2500,-1.2902,0.4668,0.8976,0
73638,6.5346,-6.7285,0.2059,-43.6800,17.5000,22.7500,-1.4936,0.5984,0.7779,0
73677,5.5293,-6.9272,-0.2992,-41.0200,30.8000,15.1900,-1.4027,1.0532,0.5194,0
73716,5.0482,-7.4275,-0.0215,-53.2000,46.6200,8.8900,-1.8192,1.5942,0.3040,0
73755,5.2923,-7.9684,0.2537,-38.3600,33.6000,-1.6100,-1.3117,1.1489,-0.0551,0
73794,5.2181,-7.7099,-0.0048,-30.3100,29.4000,-35.4900,-1.0364,1.0053,-1.2136,0
73833,5.7399,-7.8583,0.9359,-30.1000,26.1100,-27.3700,-1.0293,0.8928,-0.9359,0
73872,5.4120,-7.3126,0.9981,-25.3400,28.0000,-26.1100,-0.8665,0.9575,-0.8928,0
73911,5.2804,-7.5998,0.3806,-31.0800,14.7700,-18.2000,-1.0628,0.5051,-0.6223,0
73950,8.0354,-9.9887,0.6176,-63.4900,10.3600,1.9600,-2.1710,0.3543,0.0670,0
73989,7.6979,-8.5836,0.3471,-75.4600,13.7900,12.6000,-2.5803,0.4715,0.4309,0
74028,6.8650,-6.8075,-0.0359,-85.9600,55.5800,1.9600,-2.9394,1.9006,0.0670,0
74067,7.5400,-8.1480,-1.2112,-96.3900,68.5300,-0.9800,-3.2960,2.3434,-0.0335,0
74106,7.5112,-7.1139,-1.6564,-86.3800,78.7500,-20.2300,-2.9538,2.6928,-0.6918,0
74145,7.4993,-5.8931,-1.2447,-62.7200,64.4000,-25.0600,-2.1447,2.2021,-0.8569,0
74184,7.2791,-6.4221,-1.7450,-45.2900,51.1000,-21.3500,-1.5487,1.7474,-0.7301,0
74223,7.6309,-6.4892,-1.4122,-29.1200,43.2600,-26.8100,-0.9958,1.4793,-0.9168,0
74262,7.7362,-5.4360,-0.5697,-3.7800,26.6000,-31.0800,-0.1293,0.9096,-1.0628,0
74301,7.8511,-5.0721,-0.5457,-2.1000,20.5800,-28.0700,-0.0718,0.7037,-0.9598,0
74340,7.6716,-5.8860,-0.1843,0.1400,24.9900,-21.7700,0.0048,0.8545,-0.7444,0
74379,7.4849,-6.4509,-0.2250,4.6200,18.1300,-14.4200,0.1580,0.6200,-0.4931,0
74418,6.8530,-6.6136,-0.5673,12.6700,27.9300,-5.4600,0.4332,0.9551,-0.1867,0
74457,7.0110,-5.8165,-0.3878,12.3200,35.3500,3.4300,0.4213,1.2088,0.1173,0
74496,6.8362,-5.9745,-0.3160,9.1000,24.9200,10.7100,0.3112,0.8521,0.3662,0
74535,7.1713,-6.6735,-0.6918,-10.4300,17.5700,16.3800,-0.3567,0.6008,0.5601,0
74574,7.0205,-6.1253,1.2471,-7.2800,17.9200,24.7100,-0.2489,0.6128,0.8450,0
74613,10.1299,-7.1163,1.9388,-11.9000,9.0300,46.6200,-0.4069,0.3088,1.5942,0
74652,10.6206,-5.6729,0.3184,-32.6200,-9.1000,27.6500,-1.1154,-0.3112,0.9455,0
74691,8.0737,-5.2564,-0.5673,-31.5700,-11.5500,39.4100,-1.0795,-0.3950,1.3476,0
74730,5.6969,-6.1349,2.9873,-38.7100,-2.0300,49.4200,-1.3237,-0.0694,1.6899,0
74769,7.9445,-8.6410,3.1117,-16.6600,-39.5500,38.5700,-0.5697,-1.3524,1.3189,0
74808,7.1211,-8.2317,0.0359,12.8100,-26.3200,9.8700,0.4380,-0.9000,0.3375,0
74847,6.1134,-7.2096,0.6295,8.3300,-23.1000,-5.0400,0.2848,-0.7899,-0.1723,0
74886,5.3737,-7.1139,0.1245,25.1300,-36.4000,-14.5600,0.8593,-1.2447,-0.4979,0
74925,5.2253,-6.7668,-0.5170,26.3900,-31.0100,-25.4100,0.9024,-1.0604,-0.8689,0
74964,4.7274,-6.3025,-0.3255,56.3500,-33.3900,-36.1200,1.9269,-1.1418,-1.2351,0
75003,5.7088,-7.0947,-1.6947,83.7200,-111.3700,-34.3000,2.8628,-3.8083,-1.1729,0
75042,7.9900,-6.3551,0.1101,80.8500,-101.7800,-12.0400,2.7647,-3.4804,-0.4117,0
75081,12.4493,-6.6328,0.0503,95.1300,-97.5100,18.6200,3.2530,-3.3343,0.6367,0
75120,10.4554,-4.8471,-0.9934,80.7800,-72.7300,-22.0500,2.7623,-2.4870,-0.7540,0
75159,8.0163,-5.1750,-0.9527,24.1500,-50.1900,-46.1300,0.8258,-1.7162,-1.5774,0
75198,6.5275,-5.6825,-1.9388,54.2500,-23.8700,-17.2200,1.8551,-0.8162,-0.5888,0
75237,8.0163,-5.5149,-1.5176,60.4800,-43.4700,-3.5000,2.0681,-1.4865,-0.1197,0
75276,9.7924,-4.6269,-1.0173,59.8500,-20.1600,2.3800,2.0466,-0.6894,0.0814,0
75315,9.9145,-4.3349,-1.1609,48.7200,-9.4500,-1.7500,1.6660,-0.3231,-0.0598,0
75354,8.8660,-4.2726,-1.0819,29.0500,-15.9600,2.8700,0.9934,-0.5457,0.0981,0
75393,8.8756,-4.3540,-0.6128,35.0000,-2.4500,17.3600,1.1968,-0.0838,0.5936,0
75432,8.5501,-4.6149,-0.6128,35.9800,6.7200,17.3600,1.2303,0.2298,0.5936,0
75471,8.3825,-3.7939,-1.1585,30.4500,-13.0900,8.1900,1.0412,-0.4476,0.2801,0
75510,8.9379,-2.9442,-0.9575,21.4900,-4.6900,19.4600,0.7348,-0.1604,0.6654,0
75549,8.9905,-3.4349,-0.7181,9.3100,13.7900,38.0800,0.3184,0.4715,1.3021,0
75588,10.6613,-4.6987,0.0694,-3.6400,-2.4500,33.5300,-0.1245,-0.0838,1.1466,0
75627,10.4147,-8.3418,0.9072,-10.5700,2.8700,8.5400,-0.3614,0.0981,0.2920,0
75666,7.1761,-8.6195,0.0981,-10.6400,16.7300,-18.1300,-0.3638,0.5721,-0.6200,0
75705,4.7825,-8.3945,1.1729,-29.4700,21.0700,-35.9100,-1.0077,0.7205,-1.2279,0
75744,5.0530,-9.5841,1.9365,-53.9000,38.3600,-29.6800,-1.8431,1.3117,-1.0149,0
75783,4.3253,-8.2269,1.5391,-16.6600,30.6600,-16.8700,-0.5697,1.0484,-0.5769,0
75822,3.7724,-7.6644,1.3069,3.4300,30.3800,-3.8500,0.1173,1.0388,-0.1317,0
75861,7.4682,-9.5243,0.7827,43.9600,-4.5500,10.5000,1.5032,-0.1556,0.3590,0
75900,8.0761,-6.9751,-0.9072,49.9800,-1.1900,2.8000,1.7091,-0.0407,0.0957,0
75939,6.4892,-4.9620,0.7492,20.3700,12.3200,-8.1900,0.6965,0.4213,-0.2801,0
75978,5.7830,-6.3288,0.4955,1.2600,-0.6300,14.4900,0.0431,-0.0215,0.4955,0
76017,5.9937,-8.0546,0.8306,-3.2200,-16.4500,23.1000,-0.1101,-0.5625,0.7899,0
76056,6.4197,-7.4538,1.1442,-5.6000,-19.1100,20.3000,-0.1915,-0.6535,0.6942,0
76095,6.5011,-7.5687,0.2729,4.8300,-5.7400,12.0400,0.1652,-0.1963,0.4117,0
76134,7.3174,-7.4634,0.8904,1.5400,-1.1200,-3.0100,0.0527,-0.0383,-0.1029,0
76173,7.6860,-8.4878,1.4553,3.3600,-7.0700,-22.9600,0.1149,-0.2418,-0.7851,0
76212,8.4448,-8.8804,1.8192,18.9000,-4.2000,-37.3800,0.6463,-0.1436,-1.2782,0
76251,8.2030,-6.6424,1.2638,30.1700,-24.5700,-53.9700,1.0317,-0.8402,-1.8455,0
76290,7.1809,-6.8506,1.4625,40.0400,-17.5700,-57.8900,1.3692,-0.6008,-1.9795,0
76329,6.1588,-5.1990,1.9221,21.8400,-9.3800,-57.8200,0.7468,-0.3207,-1.9771,0
76368,6.0822,-3.7580,1.0364,18.4800,1.8900,-49.4200,0.6319,0.0646,-1.6899,0
76407,7.8990,-2.4104,-0.7684,24.8500,17.0800,-24.3600,0.8497,0.5840,-0.8330,0
76446,10.0581,-3.8226,-1.0245,19.1800,15.4000,2.5200,0.6559,0.5266,0.0862,0
76485,10.4722,-4.6006,0.1484,-26.1100,26.4600,4.2000,-0.8928,0.9048,0.1436,0
76524,10.4052,-3.7437,-0.5003,-19.8800,41.7200,-1.6100,-0.6798,1.4266,-0.0551,0
76563,8.1551,-2.2907,0.0670,-22.8900,30.1700,-4.2700,-0.7827,1.0317,-0.1460,0
76602,7.4107,-1.3357,1.3620,-51.1700,-10.2200,11.6200,-1.7498,-0.3495,0.3973,0
76641,6.0487,-3.8083,-0.3806,-63.6300,-32.7600,50.6800,-2.1758,-1.1202,1.7330,0
76680,8.6243,-8.7344,1.1489,-67.9000,-15.6100,91.9800,-2.3218,-0.5338,3.1452,0
76719,7.9493,-9.0408,2.5899,-69.5100,1.9600,44.1700,-2.3769,0.0670,1.5104,0
76758,6.1277,-9.3017,0.5936,-31.9900,25.0600,0.4900,-1.0939,0.8569,0.0168,0
76797,6.7955,-8.7464,0.5362,3.2200,15.3300,1.6800,0.1101,0.5242,0.0574,0
76836,7.5759,-8.8541,0.5721,10.9200,29.3300,-8.2600,0.3734,1.0029,-0.2824,0
76875,8.6698,-6.9200,0.7301,-22.4700,41.6500,-18.4800,-0.7684,1.4242,-0.6319,0
76914,7.1618,-3.9854,2.5803,6.9300,17.5000,-21.0700,0.2370,0.5984,-0.7205,0
76953,7.1307,-6.9535,1.5726,-9.9400,-2.3100,-13.9300,-0.3399,-0.0790,-0.4763,0
76992,7.1235,-7.3461,1.0939,-18.2000,11.5500,-8.8900,-0.6223,0.3950,-0.3040,0
77031,5.9841,-6.7716,1.5415,-9.6600,-1.6800,-7.9800,-0.3303,-0.0574,-0.2729,0
77070,6.3192,-6.7812,1.4984,8.6800,3.9200,4.4800,0.2968,0.1340,0.1532,0
77109,6.9966,-6.2857,2.0801,10.7800,17.2200,12.6700,0.3686,0.5888,0.4332,0
77148,7.9325,-6.1540,1.9748,8.6800,16.2400,8.6800,0.2968,0.5553,0.2968,0
77187,7.6405,-5.9578,2.2476,-8.1200,17.4300,-1.2600,-0.2777,0.5960,-0.0431,0
77226,7.3676,-5.1607,2.4128,-14.7700,28.5600,-6.7200,-0.5051,0.9766,-0.2298,0
77265,7.4107,-4.7179,2.3793,-26.3900,29.6800,-7.5600,-0.9024,1.0149,-0.2585,0
77304,7.0325,-4.6676,2.5205,-40.8800,23.0300,-13.7900,-1.3979,0.7875,-0.4715,0
77343,6.9583,-5.4168,2.5971,-52.4300,13.5800,-22.3300,-1.7928,0.4644,-0.7636,0
77382,7.9732,-6.1947,2.5492,-45.3600,5.7400,-22.6100,-1.5511,0.1963,-0.7731,0
77421,8.9259,-6.2785,2.5205,-27.1600,14.5600,-19.7400,-0.9287,0.4979,-0.6750,0
77460,8.8158,-7.7650,1.9173,-3.6400,20.3000,-18.7600,-0.1245,0.6942,-0.6415,0
77499,7.9684,-5.9817,1.9006,-2.3100,-3.2200,-10.6400,-0.0790,-0.1101,-0.3638,0
77538,7.9541,-5.9386,0.0191,32.2000,-22.9600,-1.8900,1.1011,-0.7851,-0.0646,0
77577,8.5836,-7.7171,-2.7048,84.7000,-48.3000,-2.1700,2.8963,-1.6516,-0.0742,0
77616,8.9929,-7.9229,-1.4888,-5.0400,-29.5400,-13.0200,-0.1723,-1.0101,-0.4452,0
77655,9.4692,-5.9123,-1.6420,-4.0600,-18.2700,-16.2400,-0.1388,-0.6247,-0.5553,0
77694,8.8828,-4.6508,-1.6636,-5.1100,10.7100,-19.8100,-0.1747,0.3662,-0.6774,0
77733,7.6884,-4.3947,-0.7420,-15.0500,6.8600,-31.7100,-0.5146,0.2346,-1.0843,0
77772,7.4658,-4.4187,-0.5170,-13.1600,-0.2100,-28.6300,-0.4500,-0.0072,-0.9790,0
77811,7.7027,-6.2235,-0.4931,5.8800,7.2100,5.6700,0.2011,0.2465,0.1939,0
77850,8.0642,-6.4939,0.2537,17.6400,12.5300,20.5100,0.6032,0.4285,0.7013,0
77889,9.1700,-6.3360,1.1035,38.0800,3.7800,22.2600,1.3021,0.1293,0.7612,0
77928,8.8158,-5.9793,0.3902,67.8300,-17.7100,7.2800,2.3194,-0.6056,0.2489,0
77967,8.0809,-6.0487,0.4021,84.2100,-37.8700,-2.2400,2.8795,-1.2950,-0.0766,0
78006,7.9206,-4.7681,0.8210,76.2300,-35.7000,5.5300,2.6067,-1.2208,0.1891,0
78045,7.8344,-3.1692,0.6343,64.5400,-29.1200,25.6200,2.2069,-0.9958,0.8761,0
78084,7.7554,-3.0639,-0.7468,59.1500,-27.1600,46.2000,2.0226,-0.9287,1.5798,0
78123,8.8206,-4.8184,-0.9431,23.0300,-31.2900,58.4500,0.7875,-1.0700,1.9987,0
78162,9.4166,-7.0828,0.9718,-24.5700,-39.4800,62.2300,-0.8402,-1.3500,2.1279,0
78201,7.5831,-8.0929,1.2160,-25.8300,-48.2300,41.6500,-0.8833,-1.6492,1.4242,0
78240,6.1277,-9.6200,0.6319,9.5200,-30.9400,-1.8900,0.3255,-1.0580,-0.0646,0
78279,5.7687,-6.9751,-0.2705,39.2700,-31.5700,-2.9400,1.3428,-1.0795,-0.1005,0
78318,6.5059,-6.1564,-0.6463,63.2800,-43.3300,0.9100,2.1639,-1.4817,0.0311,0
78357,7.3557,-5.0841,-0.2968,48.5100,-41.4400,0.5600,1.6588,-1.4170,0.0191,0
78396,7.1953,-4.6389,0.3758,25.2000,-38.5000,-6.8600,0.8617,-1.3165,-0.2346,0
78435,7.5448,-6.4102,-0.8473,-9.1700,-36.1200,-23.8000,-0.3136,-1.2351,-0.8138,0
78474,7.7075,-7.8368,-2.1447,-6.9300,-22.0500,-33.5300,-0.2370,-0.7540,-1.1466,0
78513,5.9338,-6.6184,-2.4295,8.6100,-11.6200,-30.5900,0.2944,-0.3973,-1.0460,0
78552,5.9697,-6.8123,-1.9939,11.4100,-23.9400,-21.9100,0.3902,-0.8186,-0.7492,0
78591,13.1411,-9.7445,0.1963,2.3800,-29.6800,-5.7400,0.0814,-1.0149,-0.1963,0
78630,10.5464,-5.0003,1.4314,-8.5400,-27.1600,1.0500,-0.2920,-0.9287,0.0359,0
78669,7.7434,-4.6748,1.4146,-14.6300,12.8100,-19.8800,-0.5003,0.4380,-0.6798,0
78708,9.6272,-5.2062,0.7636,-44.0300,29.6800,-33.6700,-1.5056,1.0149,-1.1513,0
78747,8.6363,-3.8514,1.0364,-18.7600,35.2100,-26.8100,-0.6415,1.2040,-0.9168,0
78786,7.2527,-4.3205,-0.5170,-14.9100,37.5900,-17.4300,-0.5098,1.2854,-0.5960,0
78825,8.6746,-4.5790,-0.0120,-26.6700,35.0000,-13.5800,-0.9120,1.1968,-0.4644,0
78864,9.9097,-3.7556,0.3399,-28.9100,59.0800,-20.1600,-0.9886,2.0202,-0.6894,0
78903,10.0700,-3.1859,-0.6319,-50.6800,51.4500,-25.2700,-1.7330,1.7593,-0.8641,0
78942,9.1413,-4.2655,-0.9981,-67.4100,71.4700,1.7500,-2.3051,2.4439,0.0598,0
78981,8.0929,-5.5963,0.3136,-79.6600,58.1700,11.0600,-2.7240,1.9891,0.3782,0
79020,7.6740,-5.8884,0.5697,-83.3700,64.7500,5.6000,-2.8508,2.2141,0.1915,0
79059,8.0139,-6.0798,0.3902,-63.2100,78.3300,4.2000,-2.1615,2.6785,0.1436,0
79098,8.2724,-6.4006,-0.1029,-49.8400,69.6500,4.7600,-1.7043,2.3817,0.1628,0
79137,7.9828,-4.6796,1.9676,-45.2200,74.3400,8.6100,-1.5463,2.5420,0.2944,0
79176,8.0115,-4.5934,2.7264,-77.3500,58.5200,20.0200,-2.6450,2.0011,0.6846,0
79215,9.4860,-4.6532,0.3207,-78.9600,-16.7300,23.5200,-2.7000,-0.5721,0.8043,0
79254,9.7541,-6.9775,-0.2346,-64.6800,-21.8400,33.4600,-2.2117,-0.7468,1.1442,0
79293,7.1330,-4.5695,3.7413,-77.2100,23.7300,35.1400,-2.6402,0.8114,1.2016,0
79332,6.0966,-5.9482,3.6599,-49.2100,10.5700,27.1600,-1.6827,0.3614,0.9287,0
79371,7.8033,-7.2120,0.6008,-61.4600,-2.8000,18.9000,-2.1016,-0.0957,0.6463,0
79410,8.0761,-8.4639,0.7109,-14.9100,4.4800,14.5600,-0.5098,0.1532,0.4979,0
79449,7.0445,-7.1043,1.2471,-8.6100,-1.6800,-5.3900,-0.2944,-0.0574,-0.1843,0
79488,6.4604,-6.6639,0.4955,17.5700,4.9700,-14.2100,0.6008,0.1699,-0.4859,0
79527,5.6969,-7.1570,0.0144,43.1900,20.4400,-16.9400,1.4769,0.6989,-0.5793,0
79566,5.7759,-6.2259,1.9556,28.0700,-4.7600,-25.6200,0.9598,-0.1628,-0.8761,0
79605,7.6788,-5.6346,0.9479,36.0500,-33.9500,-18.2000,1.2327,-1.1609,-0.6223,0
79644,7.7626,-5.2564,0.9072,15.8900,-35.9100,-4.0600,0.5434,-1.2279,-0.1388,0
79683,7.0301,-6.9511,0.1364,8.8900,-45.3600,-1.4700,0.3040,-1.5511,-0.0503,0
79722,7.5567,-6.8937,2.4774,-15.8200,-18.0600,12.5300,-0.5410,-0.6176,0.4285,0
79761,6.8674,-7.4083,1.5630,8.8900,-14.4900,10.8500,0.3040,-0.4955,0.3710,0
79800,6.9966,-6.9320,1.2638,3.6400,-31.5700,1.9600,0.1245,-1.0795,0.0670,0
79839,7.4155,-8.3059,-0.5793,5.8800,-48.3700,8.3300,0.2011,-1.6540,0.2848,0
79878,7.3054,-7.5184,1.5846,-4.4100,-17.9200,1.1200,-0.1508,-0.6128,0.0383,0
79917,5.7663,-5.1152,1.0388,23.5900,-0.9100,-17.4300,0.8067,-0.0311,-0.5960,0
79956,7.8775,-5.1391,1.9029,30.2400,-20.3700,5.3900,1.0341,-0.6965,0.1843,0
79995,12.5499,-7.5256,0.6894,68.1800,-28.9800,33.7400,2.3314,-0.9910,1.1537,0
80034,8.9355,-2.6234,-1.3716,-2.0300,-16.3800,-35.2800,-0.0694,-0.5601,-1.2064,0
80073,11.4201,-3.1285,-1.0245,-4.3400,15.2600,-33.8100,-0.1484,0.5218,-1.1561,0
80112,9.0695,-3.5210,-1.5295,0.1400,-12.3900,-14.1400,0.0048,-0.4237,-0.4835,0
80151,10.0365,-5.1032,-0.7109,-13.5100,2.1000,-3.7800,-0.4620,0.0718,-0.1293,0
80190,8.8756,-4.6628,-0.5745,-1.6800,6.7200,-22.2600,-0.0574,0.2298,-0.7612,0
80229,8.0331,-4.2056,-0.1532,11.9700,3.0800,-21.6300,0.4093,0.1053,-0.7396,0
80268,8.0833,-3.7867,-0.6846,6.7900,7.0700,-8.3300,0.2322,0.2418,-0.2848,0
80307,8.2030,-3.4756,-0.6200,-7.5600,-1.5400,-2.9400,-0.2585,-0.0527,-0.1005,0
80346,8.6482,-4.3732,-0.6535,-18.6200,-2.8000,3.7100,-0.6367,-0.0957,0.1269,0
80385,8.9450,-5.5173,-1.0173,-5.3900,-5.3200,8.6100,-0.1843,-0.1819,0.2944,0
80424,8.8972,-4.6293,-0.3231,-10.0800,5.6000,6.5100,-0.3447,0.1915,0.2226,0
80463,9.1557,-5.0913,-0.8952,12.8800,4.4800,5.5300,0.4404,0.1532,0.1891,0
80502,9.2131,-4.9668,-0.3854,4.2700,0.7000,6.4400,0.1460,0.0239,0.2202,0
80541,8.7535,-3.5402,-0.4261,16.7300,10.4300,7.6300,0.5721,0.3567,0.2609,0
80580,8.8110,-2.8819,-0.5314,19.8100,12.9500,15.4000,0.6774,0.4428,0.5266,0
80619,8.6865,-2.9944,0.3614,-6.0200,2.8700,26.1100,-0.2059,0.0981,0.8928,0
80658,9.2466,-3.6910,0.8617,-32.7600,-4.7600,36.5400,-1.1202,-0.1628,1.2495,0
80697,8.7511,-4.3109,-0.0239,-41.8600,8.2600,38.0100,-1.4314,0.2824,1.2997,0
80736,9.3639,-6.4221,0.4189,-44.9400,3.0800,34.3700,-1.5367,0.1053,1.1753,0
80775,8.7081,-7.6549,0.7301,-36.9600,12.8100,22.8200,-1.2638,0.4380,0.7803,0
80814,7.9612,-8.8900,0.8761,-18.4100,25.8300,7.9800,-0.6295,0.8833,0.2729,0
80853,7.4394,-8.8684,0.1269,-8.8900,40.6000,-8.1200,-0.3040,1.3883,-0.2777,0
80892,5.3402,-7.0924,-0.3830,10.2900,61.9500,-28.4200,0.3519,2.1184,-0.9718,0
80931,5.7304,-6.8865,2.4080,11.2700,57.1900,-25.1300,0.3854,1.9556,-0.8593,0
80970,7.6166,-6.1110,2.3147,7.7700,17.9900,-2.7300,0.2657,0.6152,-0.0934,0
81009,7.5136,-5.6705,1.8311,4.4800,7.3500,5.5300,0.1532,0.2513,0.1891,0
81048,7.4107,-6.7094,1.7162,-4.0600,-1.4700,-0.4900,-0.1388,-0.0503,-0.0168,0
81087,6.7572,-6.3192,1.7809,-11.6200,-1.0500,-4.2000,-0.3973,-0.0359,-0.1436,0
81126,6.5107,-5.8548,1.4410,1.8200,-3.8500,0.0000,0.0622,-0.1317,0.0000,0
81165,6.6424,-6.1086,1.0317,13.3000,-0.9100,-7.2800,0.4548,-0.0311,-0.2489,0
81204,7.4514,-6.0511,2.0633,1.8200,10.2200,-24.5700,0.0622,0.3495,-0.8402,0
81243,7.9684,-5.1679,2.7000,4.6900,6.1600,-37.8700,0.1604,0.2106,-1.2950,0
81282,8.2581,-4.5527,2.2883,12.5300,-14.1400,-47.0400,0.4285,-0.4835,-1.6085,0
81321,9.8139,-5.0266,2.4607,21.4900,-24.9900,-31.9900,0.7348,-0.8545,-1.0939,0
81360,9.4118,-4.9046,1.1489,62.5100,-53.2700,8.1900,2.1375,-1.8216,0.2801,0
81399,9.0144,-6.9344,0.7013,-0.6300,-29.8900,-0.4900,-0.0215,-1.0221,-0.0168,0
81438,7.0947,-9.3903,-1.5080,-21.7000,28.0700,-12.8100,-0.7420,0.9598,-0.4380,0
81477,5.2397,-7.4155,-1.1849,-18.9700,42.8400,-23.1000,-0.6487,1.4649,-0.7899,0
81516,8.4663,-5.9099,-1.9628,38.3600,7.8400,-2.4500,1.3117,0.2681,-0.0838,0
81555,9.5099,-4.4234,-1.6301,6.0200,0.2100,-0.5600,0.2059,0.0072,-0.0191,0
81594,8.6889,-4.1865,-0.4285,-23.9400,-1.6100,-8.4000,-0.8186,-0.0551,-0.2872,0
81633,8.0474,-6.6256,-0.4117,-14.4200,2.7300,1.4700,-0.4931,0.0934,0.0503,0
81672,7.9541,-6.0798,0.0670,2.1700,17.5700,2.6600,0.0742,0.6008,0.0910,0
81711,7.9828,-4.8830,0.5673,17.8500,15.2600,9.1000,0.6104,0.5218,0.3112,0
81750,8.1767,-5.0123,0.2250,36.2600,-6.8600,16.2400,1.2399,-0.2346,0.5553,0
81789,7.9110,-5.2852,1.0987,4.2000,-18.4800,15.8900,0.1436,-0.6319,0.5434,0
81828,9.0647,-4.0596,0.6726,5.8800,-20.7900,28.0000,0.2011,-0.7109,0.9575,0
81867,9.4262,-4.7083,0.4069,-1.4000,-28.8400,27.6500,-0.0479,-0.9862,0.9455,0
81906,8.6793,-5.1894,0.8186,-17.2200,-17.8500,40.6000,-0.5888,-0.6104,1.3883,0
81945,8.1025,-5.6107,0.8569,-42.2100,-5.3900,60.4100,-1.4434,-0.1843,2.0657,0
81984,6.8865,-8.9522,-0.3088,-46.9000,-2.3800,29.7500,-1.6037,-0.0814,1.0173,0
82023,6.6639,-8.8613,-0.6032,-12.5300,14.1400,-11.9000,-0.4285,0.4835,-0.4069,0
82062,5.6562,-6.9655,-0.6391,-10.2200,24.7800,-28.0700,-0.3495,0.8473,-0.9598,0
82101,4.4378,-5.7567,-1.6827,25.6200,12.7400,-25.1300,0.8761,0.4356,-0.8593,0
82140,6.8243,-4.9907,-0.9503,9.8000,5.8100,-21.4900,0.3351,0.1987,-0.7348,0
82179,13.4164,-6.7788,1.4697,-17.0800,-26.6700,23.3100,-0.5840,-0.9120,0.7971,0
82218,8.3801,-5.7711,1.1154,-39.7600,5.3900,-8.4000,-1.3596,0.1843,-0.2872,0
82257,8.1025,-6.0128,1.2471,-20.7200,26.5300,-30.3100,-0.7085,0.9072,-1.0364,0
82296,9.4549,-5.0266,-0.4117,-16.5200,36.1900,-30.1700,-0.5649,1.2375,-1.0317,0
82335,7.6740,-3.9088,-0.4189,-16.1700,37.4500,-21.2100,-0.5529,1.2806,-0.7253,0
82374,7.5088,-4.5551,-0.0814,-36.4000,35.0700,3.2900,-1.2447,1.1992,0.1125,0
82413,9.5387,-4.9381,0.9383,-49.7700,27.7200,3.7100,-1.7019,0.9479,0.1269,0
82452,9.3160,-5.1798,-0.0551,-34.5100,36.9600,-13.0200,-1.1801,1.2638,-0.4452,0
82491,8.1216,-5.1607,0.2178,-45.4300,40.9500,-16.1700,-1.5535,1.4003,-0.5529,0
82530,8.1719,-4.6245,-0.2801,-51.3800,51.8000,-0.3500,-1.7569,1.7713,-0.0120,0
82569,8.2844,-4.1147,-0.6894,-50.6800,60.9000,8.4700,-1.7330,2.0825,0.2896,0
82608,7.8823,-3.4157,0.4309,-66.5000,60.2000,8.0500,-2.2740,2.0585,0.2753,0
82647,7.8631,-5.1750,0.8809,-84.0000,25.0600,10.6400,-2.8724,0.8569,0.3638,0
82686,8.3801,-6.7070,-0.4309,-55.9300,-2.4500,44.6600,-1.9125,-0.0838,1.5271,0
82725,8.7775,-8.1934,0.6032,-45.4300,2.8700,55.5800,-1.5535,0.0981,1.9006,0
82764,7.4059,-6.6064,-0.2633,-49.0700,35.4200,29.1900,-1.6779,1.2112,0.9981,0
82803,7.1642,-7.0636,-0.4931,-27.6500,55.4400,4.1300,-0.9455,1.8958,0.1412,0
82842,6.2498,-5.0075,0.6319,-26.3900,77.0000,-5.8800,-0.9024,2.6330,-0.2011,0
82881,6.1253,-4.1482,-0.6200,-50.4700,77.7000,-3.4300,-1.7258,2.6569,-0.1173,0
82920,8.4663,-5.3043,-0.2513,-11.4100,49.5600,21.7700,-0.3902,1.6947,0.7444,0
82959,8.1886,-3.9663,-0.2418,-40.5300,51.0300,30.2400,-1.3859,1.7450,1.0341,0
82998,5.5293,-5.7615,-1.8359,-41.2300,55.3700,45.0800,-1.4099,1.8934,1.5415,0
83037,4.6963,-7.2910,0.5745,-28.8400,45.2900,59.5000,-0.9862,1.5487,2.0346,0
83076,5.9817,-4.6891,-1.9149,-5.2500,42.3500,57.5400,-0.1795,1.4482,1.9676,0
83115,7.0828,-4.1458,1.1394,1.2600,40.8100,63.6300,0.0431,1.3955,2.1758,0
83154,4.9524,-3.2362,0.0096,-3.9900,33.0400,65.5900,-0.1364,1.1298,2.2428,0
83193,4.0788,-3.6335,-0.2872,14.5600,30.2400,78.1900,0.4979,1.0341,2.6737,0
83232,3.7437,-3.3367,0.3447,26.6000,50.7500,89.8100,0.9096,1.7354,3.0710,0
83271,0.5266,-4.3780,-0.0479,29.8900,64.9600,103.4600,1.0221,2.2213,3.5378,0
83310,-1.1801,-5.6586,0.9981,28.4200,79.5200,112.2800,0.9718,2.7192,3.8394,0
83349,-0.9024,-7.5878,2.2357,48.3000,53.6200,106.7500,1.6516,1.8335,3.6503,0
83388,0.8258,-8.8134,2.7814,90.2300,26.8800,143.5700,3.0854,0.9192,4.9094,0
83427,7.1761,-8.7296,5.9745,71.9600,47.3900,168.9100,2.4607,1.6205,5.7759,1
83466,4.0237,-11.4536,8.8014,42.5600,175.5600,225.6100,1.4553,6.0032,7.7147,0
83505,-18.9409,-30.0641,25.6694,67.0600,252.0000,234.8500,2.2931,8.6171,8.0307,0
83544,-22.4188,-28.6375,10.5296,146.3000,71.6800,147.1400,5.0027,2.4511,5.0314,0
83583,-6.9200,-5.1607,6.0009,5.7400,7.9800,148.8900,0.1963,0.2729,5.0913,0
83622,-3.7556,-2.0992,2.5540,58.6600,-15.1900,69.7200,2.0059,-0.5194,2.3841,0
83661,-4.0476,1.8575,2.9681,62.2300,25.4100,72.4500,2.1279,0.8689,2.4774,0
83700,-4.1051,4.6461,2.1375,16.3800,46.2700,77.0000,0.5601,1.5822,2.6330,0
83739,-4.6389,3.3750,3.8155,-39.3400,52.2900,56.1400,-1.3452,1.7880,1.9197,0
83778,-5.9027,0.9598,2.8436,-37.3100,24.3600,41.5100,-1.2758,0.8330,1.4194,0
83817,-7.8176,-0.2561,4.0692,-25.7600,58.9400,37.5900,-0.8809,2.0154,1.2854,0
83856,-8.5333,0.3088,4.2726,-7.9100,53.3400,35.9100,-0.2705,1.8240,1.2279,0
83895,-9.7613,-0.1125,3.0902,-3.9200,38.6400,29.4700,-0.1340,1.3213,1.0077,0
83934,-12.6959,1.4553,5.3043,-45.2200,17.2900,13.0900,-1.5463,0.5912,0.4476,0
83973,-11.4990,-1.1753,3.0064,-42.4900,46.9700,-1.9600,-1.4529,1.6061,-0.0670,0
84012,-10.2304,-3.1405,2.0202,-53.9000,35.2100,-20.0200,-1.8431,1.2040,-0.6846,0
84051,-9.9288,-2.6258,1.0604,-47.1100,39.9700,-24.8500,-1.6109,1.3668,-0.8497,0
84090,-8.2030,-3.5043,1.5104,-30.8000,22.4700,-34.4400,-1.0532,0.7684,-1.1777,0
84129,-7.8703,-5.7112,0.6367,-22.8900,34.2300,-35.5600,-0.7827,1.1705,-1.2160,0
84168,-9.4501,-5.4336,0.3423,-20.7900,41.7900,-28.2800,-0.7109,1.4290,-0.9670,0
84207,-8.6865,-4.9285,0.7779,-25.9000,42.9100,-30.1000,-0.8856,1.4673,-1.0293,0
84246,-7.6740,-5.7902,0.2442,-21.6300,51.7300,-31.0100,-0.7396,1.7689,-1.0604,0
84285,-7.1690,-5.8405,0.3686,-19.7400,50.2600,-19.4600,-0.6750,1.7186,-0.6654,0
84324,-7.8703,-5.8692,-0.0886,-15.3300,57.8200,-8.6100,-0.5242,1.9771,-0.2944,0
84363,-7.4682,-5.8596,-0.5697,-16.5900,56.0000,-5.1100,-0.5673,1.9149,-0.1747,0
84402,-8.2126,-5.5532,-1.0053,-14.7000,56.6300,0.6300,-0.5027,1.9365,0.0215,0
84441,-8.6243,-6.5610,-2.1591,-18.6900,58.5900,3.4300,-0.6391,2.0035,0.1173,0
84480,-9.0025,-4.8950,-2.4559,-13.2300,48.5100,7.4900,-0.4524,1.6588,0.2561,0
84519,-8.7416,-5.1655,-2.3506,-14.4900,38.7800,9.1700,-0.4955,1.3261,0.3136,0
84558,-8.3107,-4.6532,-2.4678,-14.4200,31.8500,11.9000,-0.4931,1.0891,0.4069,0
84597,-8.4017,-6.2067,-3.0710,-14.0000,31.7100,14.3500,-0.4787,1.0843,0.4907,0
84636,-8.9857,-4.8878,-3.3535,-6.7200,27.2300,16.1000,-0.2298,0.9311,0.5505,0
84675,-8.9738,-4.8998,-3.4780,-5.5300,18.7600,14.0700,-0.1891,0.6415,0.4811,0
84714,-8.6243,-4.1673,-3.1644,-4.2700,13.5100,13.5800,-0.1460,0.4620,0.4644,0
84753,-8.6075,-4.4187,-3.1381,-4.1300,10.9200,10.9900,-0.1412,0.3734,0.3758,0
84792,-8.6267,-4.5407,-3.2051,-3.5700,7.6300,9.1000,-0.1221,0.2609,0.3112,0
84831,-8.3275,-4.3899,-2.9777,-2.5200,1.8200,7.7000,-0.0862,0.0622,0.2633,0
84870,-8.2676,-4.0117,-2.6785,-3.0800,-0.4200,1.0500,-0.1053,-0.0144,0.0359,0
84909,-8.3370,-4.2439,-2.9322,-0.4200,4.6200,-2.3800,-0.0144,0.1580,-0.0814,0
84948,-8.5094,-4.3828,-3.0902,0.6300,3.3600,-4.7600,0.0215,0.1149,-0.1628,0
84987,-8.4280,-4.3492,-3.2003,1.7500,2.4500,-6.3000,0.0598,0.0838,-0.2154,0
85026,-8.1982,-4.3851,-2.9274,0.4900,-2.3800,-8.0500,0.0168,-0.0814,-0.2753,0
85065,-8.3945,-4.4881,-3.0950,-0.5600,-3.7800,-9.1000,-0.0191,-0.1293,-0.3112,0
85104,-8.1791,-4.4761,-2.9753,-1.6100,-5.7400,-10.7800,-0.0551,-0.1963,-0.3686,0
85143,-8.0211,-4.8735,-3.1213,-1.6800,-5.4600,-11.9700,-0.0574,-0.1867,-0.4093,0
85182,-7.8368,-4.5551,-2.8030,2.4500,-4.3400,-10.2900,0.0838,-0.1484,-0.3519,0
85221,-8.0761,-4.9620,-2.8939,3.4300,-0.5600,-11.4800,0.1173,-0.0191,-0.3926,0
85260,-7.7889,-4.8423,-2.7982,5.3900,3.7100,-9.8000,0.1843,0.1269,-0.3351,0
85299,-8.0283,-4.9620,-2.8724,3.7100,5.6000,-8.8200,0.1269,0.1915,-0.3016,0
85338,-7.7027,-4.8256,-2.7048,3.0800,5.0400,-5.8100,0.1053,0.1723,-0.1987,0
85377,-7.8320,-5.1128,-2.8532,2.5900,8.6100,-5.5300,0.0886,0.2944,-0.1891,0
85416,-7.4562,-4.7921,-2.7838,0.4200,6.8600,-3.7800,0.0144,0.2346,-0.1293,0
85455,-7.8918,-5.2062,-3.1117,0.9800,9.3800,-4.5500,0.0335,0.3207,-0.1556,0
85494,-7.7147,-4.8926,-2.9968,-0.2800,9.2400,-3.9200,-0.0096,0.3160,-0.1340,0
85533,-7.5878,-4.8567,-3.0016,-1.0500,11.4100,-5.9500,-0.0359,0.3902,-0.2035,0
85572,-7.4299,-5.0099,-3.0280,-1.4700,17.0100,-7.1400,-0.0503,0.5817,-0.2442,0
85611,-7.6979,-5.1942,-3.4684,1.9600,20.3000,-7.1400,0.0670,0.6942,-0.2442,0
85650,-7.6525,-5.3474,-3.6096,3.2200,20.0200,-6.8600,0.1101,0.6846,-0.2346,0
85689,-7.5783,-5.3785,-3.6671,2.9400,16.5200,-6.0200,0.1005,0.5649,-0.2059,0
85728,-7.3772,-5.4503,-3.7604,1.2600,15.6100,-6.5800,0.0431,0.5338,-0.2250,0
85767,-7.4777,-5.3043,-3.9088,4.6900,14.7000,-6.5100,0.1604,0.5027,-0.2226,0
85806,-7.2432,-5.2995,-3.7341,4.2000,11.5500,-5.6700,0.1436,0.3950,-0.1939,0
85845,-7.3030,-5.4407,-3.8825,6.6500,14.2800,-5.4600,0.2274,0.4883,-0.1867,0
85884,-7.0924,-5.7064,-4.0405,1.4000,9.7300,-6.5100,0.0479,0.3327,-0.2226,0
85923,-7.1737,-5.4168,-3.8179,1.8900,10.2200,-5.4600,0.0646,0.3495,-0.1867,0
85962,-7.0565,-5.6274,-3.9615,0.5600,8.1900,-5.6000,0.0191,0.2801,-0.1915,0
86001,-6.9535,-5.4599,-3.8274,-0.0700,8.6100,-4.9000,-0.0024,0.2944,-0.1676,0
86040,-6.9775,-5.5604,-4.1242,1.8200,11.7600,-5.2500,0.0622,0.4021,-0.1795,0
86079,-7.0182,-5.5269,-3.9112,-0.6300,8.5400,-5.1100,-0.0215,0.2920,-0.1747,0
86118,-6.8650,-5.5556,-4.2535,1.9600,9.5200,-5.2500,0.0670,0.3255,-0.1795,0
86157,-6.9870,-5.7256,-4.2846,1.3300,5.6700,-4.9700,0.0455,0.1939,-0.1699,0
86196,-6.8697,-5.4527,-4.0764,1.1900,5.9500,-5.6000,0.0407,0.2035,-0.1915,0
86235,-6.8362,-5.8596,-4.2703,3.0800,4.1300,-8.1900,0.1053,0.1412,-0.2801,0
86274,-6.6184,-5.7830,-4.3109,2.8700,4.6200,-8.1200,0.0981,0.1580,-0.2777,0
86313,-6.6519,-5.8381,-4.2415,6.0200,1.5400,-8.3300,0.2059,0.0527,-0.2848,0
86352,-6.5562,-5.9554,-4.1266,6.1600,2.1700,-6.9300,0.2106,0.0742,-0.2370,0
86391,-6.5466,-5.8907,-4.2128,7.1400,4.4100,-6.5100,0.2442,0.1508,-0.2226,0
86430,-6.5514,-5.9410,-4.1075,3.7800,4.6900,-5.6700,0.1293,0.1604,-0.1939,0
86469,-6.5035,-6.0535,-4.2894,2.8000,4.6900,-5.0400,0.0957,0.1604,-0.1723,0
86508,-6.4820,-6.1062,-4.3564,2.8700,2.1700,-3.9900,0.0981,0.0742,-0.1364,0
86547,-6.4916,-6.0511,-4.1937,3.2900,2.8000,-3.6400,0.1125,0.0957,-0.1245,0
86586,-6.4604,-6.0942,-4.2176,4.6900,-0.0700,-4.1300,0.1604,-0.0024,-0.1412,0
86625,-6.3910,-6.1660,-4.2272,2.7300,-0.9100,-3.6400,0.0934,-0.0311,-0.1245,0
86664,-6.1828,-6.0463,-4.1554,4.9000,1.1900,-3.4300,0.1676,0.0407,-0.1173,0
86703,-6.3408,-6.1947,-4.1290,6.3700,-0.2800,-4.2700,0.2178,-0.0096,-0.1460,0
86742,-6.2354,-6.1780,-4.1530,7.4200,3.3600,-5.8100,0.2537,0.1149,-0.1987,0
86781,-6.2354,-6.2737,-4.1195,6.8600,3.2900,-7.0000,0.2346,0.1125,-0.2394,0
86820,-6.4150,-6.3455,-4.1961,8.2600,3.1500,-7.2100,0.2824,0.1077,-0.2465,0
86859,-6.3336,-6.4772,-4.0955,5.0400,2.8000,-7.0000,0.1723,0.0957,-0.2394,0
86898,-6.0583,-6.4628,-4.2176,4.8300,2.7300,-6.7900,0.1652,0.0934,-0.2322,0
86937,-6.1445,-6.4796,-4.0405,7.3500,1.6100,-6.0200,0.2513,0.0551,-0.2059,0
86976,-5.9219,-6.5514,-4.1075,5.6700,1.8200,-5.9500,0.1939,0.0622,-0.2035,0
87015,-6.2043,-6.4006,-4.0165,8.0500,1.4000,-5.2500,0.2753,0.0479,-0.1795,0
87054,-6.0296,-6.5945,-3.9304,9.2400,-0.0700,-5.4600,0.3160,-0.0024,-0.1867,0
87093,-5.7806,-6.7213,-4.0764,9.4500,0.3500,-4.9000,0.3231,0.0120,-0.1676,0
87132,-6.0128,-6.5418,-3.8035,5.0400,-1.0500,-6.0900,0.1723,-0.0359,-0.2082,0
87171,-5.8836,-6.5705,-3.8609,4.4800,0.9800,-7.0700,0.1532,0.0335,-0.2418,0
87210,-6.0344,-6.6926,-3.9304,8.4000,-0.8400,-7.5600,0.2872,-0.0287,-0.2585,0
87249,-5.9338,-7.0086,-3.8873,3.4300,0.2800,-7.7000,0.1173,0.0096,-0.2633,0
87288,-5.7687,-6.9057,-3.9974,0.4900,2.3800,-7.4900,0.0168,0.0814,-0.2561,0
87327,-5.9602,-6.9463,-3.9998,3.7800,1.0500,-5.6000,0.1293,0.0359,-0.1915,0
87366,-5.8022,-7.0804,-4.0716,1.7500,-0.0700,-5.1100,0.0598,-0.0024,-0.1747,0
87405,-5.7040,-7.0612,-3.8107,3.3600,-1.2600,-2.8000,0.1149,-0.0431,-0.0957,0
87444,-5.7902,-6.9583,-3.9878,-0.0700,0.7000,-0.4900,-0.0024,0.0239,-0.0168,0
87483,-5.8764,-7.0421,-4.0596,2.9400,-3.3600,0.3500,0.1005,-0.1149,0.0120,0
87522,-5.7806,-7.0134,-3.7341,-1.0500,-1.7500,0.0000,-0.0359,-0.0598,0.0000,0
87561,-5.7735,-6.8889,-3.8538,0.6300,-2.5200,0.4200,0.0215,-0.0862,0.0144,0
87600,-5.7471,-6.9583,-3.7963,-0.0700,-2.6600,0.2800,-0.0024,-0.0910,0.0096,0
87639,-5.6657,-6.8267,-3.7149,-0.1400,-0.4900,-0.3500,-0.0048,-0.0168,-0.0120,0
87678,-5.7519,-6.9607,-3.8490,-0.2800,-1.1200,-0.4200,-0.0096,-0.0383,-0.0144,0
87717,-5.7759,-6.9368,-3.8083,-0.8400,0.2800,-0.0700,-0.0287,0.0096,-0.0024,0
87756,-5.7854,-6.9511,-3.8968,-1.3300,0.3500,-0.4900,-0.0455,0.0120,-0.0168,0
87795,-5.7376,-6.9775,-3.9519,-1.8900,0.2100,-0.0700,-0.0646,0.0072,-0.0024,0
87834,-5.7687,-6.9703,-3.9136,0.4200,-0.7700,0.4900,0.0144,-0.0263,0.0168,0
87873,-5.7543,-6.8793,-3.8250,-0.4200,0.0700,0.0700,-0.0144,0.0024,0.0024,0
87912,-5.7376,-6.9176,-3.9112,-0.2800,-0.0700,-0.4200,-0.0096,-0.0024,-0.0144,0
87951,-5.7615,-6.9751,-3.8729,0.9100,-1.0500,-0.1400,0.0311,-0.0359,-0.0048,0
87990,-5.7064,-6.9511,-3.8466,0.1400,0.1400,0.6300,0.0048,0.0048,0.0215,0
88029,-5.7423,-6.9104,-3.8921,0.0000,-0.4200,0.2800,0.0000,-0.0144,0.0096,0
88068,-5.7567,-6.9511,-3.8777,-0.2100,-0.0700,0.2100,-0.0072,-0.0024,0.0072,0
88107,-5.7328,-6.8961,-3.8681,0.1400,-0.6300,0.0000,0.0048,-0.0215,0.0000,0
88146,-5.7304,-6.9727,-3.8897,0.4900,-0.5600,0.1400,0.0168,-0.0191,0.0048,0
88185,-5.7376,-6.9057,-3.8657,-0.7000,0.2800,0.3500,-0.0239,0.0096,0.0120,0
88224,-5.7495,-6.9248,-3.8968,0.4900,-0.9100,0.4200,0.0168,-0.0311,0.0144,0
88263,-5.7471,-6.8913,-3.8729,-0.4900,0.2100,0.0700,-0.0168,0.0072,0.0024,0
88302,-5.6897,-6.8793,-3.8609,0.9100,-1.0500,0.0700,0.0311,-0.0359,0.0024,0
88341,-5.7663,-6.9751,-3.8633,1.1200,-0.7700,0.0700,0.0383,-0.0263,0.0024,0
88380,-5.7328,-6.9033,-3.8945,-1.3300,0.7000,-0.2100,-0.0455,0.0239,-0.0072,0
88419,-5.7160,-6.9440,-3.9208,0.4200,-0.4200,0.2800,0.0144,-0.0144,0.0096,0
88458,-5.6873,-6.9200,-3.8897,0.1400,-0.7700,0.4200,0.0048,-0.0263,0.0144,0
88497,-5.7830,-6.9463,-3.9328,0.0700,0.2800,0.7000,0.0024,0.0096,0.0239,0
88536,-5.7806,-6.9894,-4.0572,0.3500,0.2100,0.0700,0.0120,0.0072,0.0024,0
88575,-5.7806,-7.0828,-3.9112,4.8300,-1.8900,1.1900,0.1652,-0.0646,0.0407,0
88614,-5.6993,-6.5777,-3.6479,-4.9000,3.0800,0.2800,-0.1676,0.1053,0.0096,0
88653,-5.5868,-6.9296,-3.8873,-2.6600,0.3500,-1.1200,-0.0910,0.0120,-0.0383,0
88692,-5.8620,-7.1019,-4.0022,2.3100,-1.4700,1.4000,0.0790,-0.0503,0.0479,0
88731,-5.6514,-6.7261,-3.8202,-2.3800,3.6400,-0.2800,-0.0814,0.1245,-0.0096,0
88770,-5.6993,-6.9248,-3.9328,1.0500,-1.9600,-0.4200,0.0359,-0.0670,-0.0144,0
88809,-5.7471,-6.9487,-3.9328,0.7000,-0.8400,0.4200,0.0239,-0.0287,0.0144,0
88848,-5.6801,-6.8602,-3.9064,0.2800,-0.9100,0.0700,0.0096,-0.0311,0.0024,0
88887,-5.7902,-6.9799,-3.9878,-2.7300,1.6100,1.3300,-0.0934,0.0551,0.0455,0
88926,-5.6945,-6.8291,-4.0405,-1.2600,0.5600,0.7000,-0.0431,0.0191,0.0239,0
88965,-5.7519,-6.9176,-3.8945,1.5400,-1.7500,0.4200,0.0527,-0.0598,0.0144,0
89004,-5.7088,-6.8602,-3.9615,-0.2100,-0.0700,-0.1400,-0.0072,-0.0024,-0.0048,0
89043,-5.7567,-6.9033,-3.9351,2.3800,-1.7500,-0.9100,0.0814,-0.0598,-0.0311,0
89082,-5.6538,-7.0325,-3.9806,0.9800,-0.5600,0.0700,0.0335,-0.0191,0.0024,0
89121,-5.7639,-6.7979,-3.8992,-0.6300,0.7000,1.4000,-0.0215,0.0239,0.0479,0
89160,-5.7112,-6.8434,-3.8562,1.1200,-1.0500,0.2800,0.0383,-0.0359,0.0096,0
89199,-5.7328,-6.9320,-3.9687,-0.4200,0.0700,-0.0700,-0.0144,0.0024,-0.0024,0
89238,-5.7184,-6.8530,-3.8681,0.0000,-0.7700,0.0000,0.0000,-0.0263,0.0000,0
89277,-5.6777,-6.8793,-3.9710,-1.0500,0.2800,-0.8400,-0.0359,0.0096,-0.0287,0
89316,-5.6442,-6.7596,-3.7867,-0.1400,-0.2800,-0.9100,-0.0048,-0.0096,-0.0311,0
89355,-5.7256,-6.9440,-4.0764,-4.6900,0.7700,-2.1000,-0.1604,0.0263,-0.0718,0
89394,-5.7519,-7.0804,-4.1003,0.0700,-0.2800,-0.9100,0.0024,-0.0096,-0.0311,0
89433,-5.6298,-7.0086,-4.0620,-3.1500,1.9600,0.4900,-0.1077,0.0670,0.0168,0
89472,-5.8788,-7.0421,-4.1410,-0.1400,-0.5600,2.7300,-0.0048,-0.0191,0.0934,0
89511,-5.7064,-6.7549,-3.9926,-3.8500,3.8500,1.4700,-0.1317,0.1317,0.0503,0
89550,-5.6251,-6.6878,-3.9687,1.2600,-1.0500,0.6300,0.0431,-0.0359,0.0215,0
89589,-5.7902,-6.9679,-3.9950,2.8000,-2.0300,-0.4200,0.0957,-0.0694,-0.0144,0
89628,-5.6418,-6.9009,-4.1242,1.6100,-0.8400,-0.7000,0.0551,-0.0287,-0.0239,0
89667,-5.7304,-6.8410,-3.8633,1.6800,-1.1900,-1.1200,0.0574,-0.0407,-0.0383,0
89706,-5.6298,-6.9775,-4.1123,1.0500,-0.6300,-0.9100,0.0359,-0.0215,-0.0311,0
89745,-5.6586,-6.8554,-3.8873,1.8200,-1.2600,1.6100,0.0622,-0.0431,0.0551,0
89784,-5.7735,-6.9248,-4.0093,-0.3500,-0.7700,1.6100,-0.0120,-0.0263,0.0551,0
89823,-5.7136,-6.7596,-3.8897,-2.4500,2.6600,0.0700,-0.0838,0.0910,0.0024,0
89862,-5.6514,-6.9057,-4.0859,2.0300,-2.1000,-1.0500,0.0694,-0.0718,-0.0359,0
89901,-5.7759,-6.9296,-3.9136,-0.4900,2.0300,-1.2600,-0.0168,0.0694,-0.0431,0
89940,-5.6035,-6.9176,-4.1434,1.4700,-0.5600,-0.9800,0.0503,-0.0191,-0.0335,0
89979,-5.7040,-6.9033,-4.0093,1.8900,-0.7700,0.3500,0.0646,-0.0263,0.0120,0
90018,-5.7376,-7.0660,-4.1003,3.7100,-3.5000,1.0500,0.1269,-0.1197,0.0359,0
90057,-5.7806,-7.0421,-4.0141,-0.6300,-0.9100,3.1500,-0.0215,-0.0311,0.1077,0
90096,-5.6681,-6.8482,-4.0189,-4.4800,2.6600,3.3600,-0.1532,0.0910,0.1149,0
90135,-5.6274,-6.8841,-3.9974,0.1400,-4.0600,6.5100,0.0048,-0.1388,0.2226,0
90174,-5.6825,-6.8482,-4.0213,-0.0700,-1.6800,8.0500,-0.0024,-0.0574,0.2753,0
90213,-5.9099,-7.0732,-4.1841,0.4200,-3.0100,11.6900,0.0144,-0.1029,0.3997,0
90252,-6.1181,-7.0205,-4.3086,4.2000,-2.3100,13.3000,0.1436,-0.0790,0.4548,0
90291,-6.0607,-6.7070,-3.7987,-0.2100,-4.9700,16.2400,-0.0072,-0.1699,0.5553,0
90330,-5.8764,-6.6280,-3.7963,-6.0200,-0.1400,16.5900,-0.2059,-0.0048,0.5673,0
90369,-5.8429,-6.2139,-3.6312,-10.7800,4.6900,17.2900,-0.3686,0.1604,0.5912,0
90408,-6.2474,-6.3910,-4.3684,-6.6500,8.8900,14.3500,-0.2274,0.3040,0.4907,0
90447,-6.5155,-6.3791,-4.1649,-4.7600,4.2700,13.7200,-0.1628,0.1460,0.4692,0
90486,-6.4963,-6.2881,-4.3612,-11.0600,12.7400,7.4900,-0.3782,0.4356,0.2561,0
90525,-6.4772,-6.5275,-4.5000,-4.1300,5.2500,5.1100,-0.1412,0.1795,0.1747,0
90564,-6.2330,-6.1397,-4.4139,-8.1900,13.4400,1.6800,-0.2801,0.4596,0.0574,0
90603,-6.1852,-5.7759,-4.5766,-0.9100,12.3200,-0.7700,-0.0311,0.4213,-0.0263,0
90642,-6.3791,-5.9889,-4.4617,13.7900,3.9900,-9.5900,0.4715,0.1364,-0.3279,0
90681,-6.2354,-6.0990,-4.6365,15.8200,2.6600,-15.7500,0.5410,0.0910,-0.5386,0
90720,-6.4844,-6.1900,-3.8226,12.2500,3.5000,-19.3900,0.4189,0.1197,-0.6630,0
90759,-6.1397,-6.3408,-4.5599,7.4900,10.2900,-25.6900,0.2561,0.3519,-0.8785,0
90798,-5.9913,-6.8314,-3.8897,6.0200,8.6100,-26.7400,0.2059,0.2944,-0.9144,0
90837,-5.0602,-6.9655,-4.7011,3.0100,13.4400,-26.0400,0.1029,0.4596,-0.8904,0
90876,-4.9907,-7.5376,-4.4234,14.2100,13.8600,-22.4700,0.4859,0.4739,-0.7684,0
90915,-4.9883,-7.2360,-4.3708,19.1100,11.4800,-18.8300,0.6535,0.3926,-0.6439,0
90954,-4.8088,-7.6333,-4.6125,27.0200,15.9600,-17.5000,0.9239,0.5457,-0.5984,0
90993,-4.5838,-7.6644,-4.4163,36.2600,19.6000,-13.1600,1.2399,0.6702,-0.4500,0
91032,-5.1439,-7.5112,-3.9184,43.4000,14.4900,-12.6700,1.4841,0.4955,-0.4332,0
91071,-5.5389,-7.3437,-3.5234,33.6000,28.4900,-19.9500,1.1489,0.9742,-0.6822,0
91110,-5.0937,-7.8775,-3.8418,26.9500,20.2300,-26.6700,0.9216,0.6918,-0.9120,0
91149,-4.7753,-8.2868,-3.6814,24.1500,18.8300,-31.2200,0.8258,0.6439,-1.0676,0
91188,-4.2535,-8.3825,-4.5551,32.0600,8.4700,-35.9100,1.0963,0.2896,-1.2279,0
91227,-4.6197,-9.0839,-4.0931,44.7300,12.4600,-34.8600,1.5295,0.4261,-1.1920,0
91266,-4.7729,-9.0719,-4.0835,56.5600,-0.1400,-40.7400,1.9341,-0.0048,-1.3931,0
91305,-3.5354,-8.7440,-4.4474,41.5100,-3.9900,-40.0400,1.4194,-0.1364,-1.3692,0
91344,-4.3684,-8.3514,-1.7952,67.2000,1.3300,-43.1900,2.2979,0.0455,-1.4769,0
91383,-4.5407,-8.7224,-2.3194,66.9200,-29.8900,-47.9500,2.2883,-1.0221,-1.6396,0
91422,-4.0835,-9.3089,-1.8048,50.6800,-36.2600,-52.0800,1.7330,-1.2399,-1.7809,0
91461,-4.8758,-10.0389,-1.9843,58.1000,-41.7200,-51.0300,1.9867,-1.4266,-1.7450,0
91500,-3.7173,-9.9456,-1.2806,50.0500,-52.7100,-47.8800,1.7115,-1.8024,-1.6372,0
91539,-2.7647,-10.4387,-0.7109,65.3100,-45.7800,-31.9200,2.2333,-1.5654,-1.0915,0
91578,-1.5607,-10.1897,-0.6606,59.2900,-43.8200,-30.0300,2.0274,-1.4984,-1.0269,0
91617,-1.5822,-10.6254,0.4644,55.6500,-42.5600,-24.6400,1.9029,-1.4553,-0.8426,0
91656,-2.3601,-10.8432,1.4505,40.4600,-46.3400,-17.0100,1.3835,-1.5846,-0.5817,0
91695,-1.9484,-11.4009,2.2452,30.8000,-55.0900,-12.8100,1.0532,-1.8838,-0.4380,0
91734,-1.7258,-11.1256,2.2117,5.8100,-42.9100,-22.6800,0.1987,-1.4673,-0.7755,0
91773,-2.2045,-10.9413,2.2620,7.3500,-50.3300,-22.3300,0.2513,-1.7210,-0.7636,0
91812,-2.0944,-8.5238,2.4678,-7.0700,-62.7200,-26.7400,-0.2418,-2.1447,-0.9144,0
91851,-2.4487,-8.0953,2.9753,-0.4900,-62.7200,-36.0500,-0.0168,-2.1447,-1.2327,0
91890,-0.6271,-7.7171,1.5032,2.8700,-84.4900,-27.7200,0.0981,-2.8891,-0.9479,0
91929,-0.1795,-8.0690,2.1686,10.1500,-64.8200,-21.7700,0.3471,-2.2165,-0.7444,0
91968,-0.0407,-7.9780,1.5678,16.2400,-51.0300,-5.9500,0.5553,-1.7450,-0.2035,0
92007,1.5630,-7.8559,0.8330,18.0600,-60.3400,4.4100,0.6176,-2.0633,0.1508,0
92046,2.7479,-6.1110,-0.3160,-10.4300,-36.1900,11.4100,-0.3567,-1.2375,0.3902,0
92085,1.1226,-6.6663,-1.4697,-10.7100,-12.3200,12.6000,-0.3662,-0.4213,0.4309,0
92124,0.4548,-7.8392,-1.3428,-35.7700,-13.7200,5.5300,-1.2232,-0.4692,0.1891,0
92163,0.6511,-10.5224,-0.8856,-54.8100,-17.0800,-17.2200,-1.8742,-0.5840,-0.5888,0
92202,0.6726,-12.1693,-0.7420,-67.9700,-38.0800,-51.8000,-2.3242,-1.3021,-1.7713,0
92241,0.7013,-11.1759,-0.8114,-73.5000,-45.8500,-83.7900,-2.5133,-1.5678,-2.8652,0
92280,5.0482,-13.4068,-0.8617,-113.2600,-57.4000,-64.6100,-3.8729,-1.9628,-2.2093,0
92319,6.0990,-13.4283,-3.0351,-41.4400,-47.6000,-23.1700,-1.4170,-1.6277,-0.7923,0
92358,1.7138,-9.0456,-2.4224,-2.0300,9.9400,-40.6000,-0.0694,0.3399,-1.3883,0
92397,3.9998,-9.3759,0.0096,7.5600,-13.7200,-69.8600,0.2585,-0.4692,-2.3889,0
92436,5.4383,-10.6589,-0.6654,-0.2800,-28.3500,-71.2600,-0.0096,-0.9694,-2.4367,0
92475,7.0325,-10.2950,-1.8431,21.7000,-18.8300,-80.8500,0.7420,-0.6439,-2.7647,0
92514,6.3599,-8.8110,-1.0676,18.3400,3.9200,-78.3300,0.6271,0.1340,-2.6785,0
92553,7.6956,-8.2581,-1.6875,3.3600,17.0800,-76.7200,0.1149,0.5840,-2.6234,0
92592,7.7913,-7.7003,-1.9508,-11.3400,42.2100,-75.8800,-0.3878,1.4434,-2.5947,0
92631,6.1804,-7.2096,-1.8886,-18.4100,56.4200,-75.7400,-0.6295,1.9293,-2.5899,0
92670,4.3109,-7.2479,-0.8043,-17.7100,57.6100,-69.5100,-0.6056,1.9700,-2.3769,0
92709,3.9974,-6.3910,-0.3327,-12.8100,38.0800,-56.9800,-0.4380,1.3021,-1.9484,0
92748,4.2535,-5.4551,0.0215,-11.2000,28.6300,-42.0700,-0.3830,0.9790,-1.4386,0
92787,5.8405,-6.1852,0.2394,-14.2800,16.7300,-33.3200,-0.4883,0.5721,-1.1394,0
92826,6.8937,-6.5729,0.3399,-18.4100,4.2700,-30.6600,-0.6295,0.1460,-1.0484,0
92865,7.2096,-5.5915,0.1340,-1.0500,0.7000,-23.3100,-0.0359,0.0239,-0.7971,0
92904,6.6424,-4.5647,0.2824,3.0100,11.4100,-14.0000,0.1029,0.3902,-0.4787,0
92943,7.0732,-3.7652,0.6128,-12.1100,23.5200,-8.4700,-0.4141,0.8043,-0.2896,0
92982,7.2886,-4.1865,0.9335,-27.7200,39.6900,8.1900,-0.9479,1.3572,0.2801,0
93021,6.2594,-4.2942,1.3572,-44.8000,49.5600,24.1500,-1.5319,1.6947,0.8258,0
93060,6.1947,-5.2181,0.8114,-43.6100,64.4700,47.5300,-1.4912,2.2045,1.6253,0
93099,6.5466,-5.0530,-0.3806,-75.6700,68.9500,44.5200,-2.5875,2.3577,1.5224,0
93138,7.3078,-6.5969,-0.3686,-54.1100,47.3900,40.0400,-1.8503,1.6205,1.3692,0
93177,6.0176,-8.2461,-1.2902,-51.9400,30.8000,37.2400,-1.7761,1.0532,1.2734,0
93216,4.1937,-8.7727,-1.3644,-46.7600,40.0400,30.5900,-1.5990,1.3692,1.0460,0
93255,2.7407,-8.7918,-1.4410,-49.6300,43.2600,22.7500,-1.6971,1.4793,0.7779,0
93294,5.0482,-10.1083,-1.7402,3.0100,21.2800,22.4700,0.1029,0.7277,0.7684,0
93333,6.2211,-8.5094,-0.8450,-13.3700,32.4800,-0.6300,-0.4572,1.1106,-0.0215,0
93372,5.8333,-6.8362,-1.0125,-23.9400,40.4600,-13.5800,-0.8186,1.3835,-0.4644,0
93411,5.6227,-7.1761,-0.5649,-37.1000,57.1900,-15.5400,-1.2686,1.9556,-0.5314,0
93450,5.1008,-8.1240,0.1340,-49.6300,47.8800,-21.5600,-1.6971,1.6372,-0.7372,0
93489,4.4234,-8.9235,0.0359,-45.8500,53.6900,-24.5000,-1.5678,1.8359,-0.8378,0
93528,3.9567,-7.9062,0.2370,-58.4500,38.0800,-12.1100,-1.9987,1.3021,-0.4141,0
93567,5.7974,-9.2562,-3.2913,-62.7900,9.0300,5.6000,-2.1471,0.3088,0.1915,0
93606,6.7860,-9.2418,-2.6881,-52.5700,28.2100,0.5600,-1.7976,0.9646,0.0191,0
93645,7.3317,-7.1690,-1.2327,-43.0500,47.3900,-9.1700,-1.4721,1.6205,-0.3136,0
93684,8.1743,-7.8009,-1.3093,-49.4900,42.1400,-11.0600,-1.6923,1.4410,-0.3782,0
93723,8.1743,-7.1713,0.1388,-60.4800,66.2200,-9.3100,-2.0681,2.2644,-0.3184,0
93762,6.1660,-7.8176,-2.3529,-8.8900,69.1600,-18.0600,-0.3040,2.3649,-0.6176,0
93801,7.3221,-6.2665,-2.9418,4.2000,17.5000,-22.4700,0.1436,0.5984,-0.7684,0
93840,8.6722,-3.9351,-2.2907,-27.7900,48.8600,-21.1400,-0.9503,1.6708,-0.7229,0
93879,7.0253,-3.4085,-0.9431,-66.6400,77.9800,-16.3100,-2.2787,2.6665,-0.5577,0
93918,6.6208,-5.6538,-0.5817,-76.5800,73.3600,3.9200,-2.6186,2.5085,0.1340,0
93957,5.7040,-8.3873,1.9676,-57.4700,71.7500,21.2800,-1.9652,2.4535,0.7277,0
93996,7.3126,-10.0940,2.0729,-20.5800,8.8900,7.9100,-0.7037,0.3040,0.2705,0
94035,8.1527,-6.6400,0.3614,30.0300,16.1700,-0.5600,1.0269,0.5529,-0.0191,0
94074,8.4831,-6.2929,-1.7593,18.2700,15.9600,-7.9800,0.6247,0.5457,-0.2729,0
94113,7.5783,-6.1660,-0.0598,-10.2200,44.6600,-12.9500,-0.3495,1.5271,-0.4428,0
94152,8.2892,-5.5700,0.0215,-6.8600,36.6800,-1.4000,-0.2346,1.2543,-0.0479,0
94191,7.5687,-6.0128,-0.8641,-18.4100,51.4500,9.6600,-0.6295,1.7593,0.3303,0
94230,7.1809,-6.8769,-0.1460,-39.2000,59.1500,7.9800,-1.3404,2.0226,0.2729,0
94269,6.6926,-7.1139,-0.1939,-26.8100,60.7600,11.2000,-0.9168,2.0777,0.3830,0
94308,5.6227,-7.1833,-0.0335,-13.5100,51.3100,16.9400,-0.4620,1.7545,0.5793,0
94347,7.3126,-7.2886,0.6630,-17.4300,30.1700,27.6500,-0.5960,1.0317,0.9455,0
94386,8.1982,-8.3634,2.4559,-36.3300,0.0700,31.1500,-1.2423,0.0024,1.0652,0
94425,6.9703,-6.3503,1.7115,-41.0900,-32.6200,9.4500,-1.4051,-1.1154,0.3231,0
94464,5.0769,-5.6298,0.5362,-38.1500,-34.8600,10.6400,-1.3045,-1.1920,0.3638,0
94503,5.3833,-7.2671,-0.4739,-46.6900,-19.3900,36.3300,-1.5966,-0.6630,1.2423,0
94542,5.4719,-9.9264,0.8521,-49.2100,-14.7700,30.8700,-1.6827,-0.5051,1.0556,0
94581,6.0439,-9.2466,0.4309,-19.4600,-16.6600,2.1700,-0.6654,-0.5697,0.0742,0
94620,6.0487,-7.7099,-0.0168,3.0800,16.9400,-15.1900,0.1053,0.5793,-0.5194,0
94659,5.3594,-5.9793,2.5061,-11.3400,40.1100,-24.7100,-0.3878,1.3716,-0.8450,0
94698,5.7352,-6.3096,0.7157,2.0300,22.4700,-15.5400,0.0694,0.7684,-0.5314,0
94737,6.2570,-6.4844,0.5601,-8.6800,14.7700,1.9600,-0.2968,0.5051,0.0670,0
94776,7.3820,-8.0043,-0.3279,-32.4100,-7.0700,11.4800,-1.1083,-0.2418,0.3926,0
94815,7.1857,-10.0054,0.4428,-17.5000,-6.4400,5.5300,-0.5984,-0.2202,0.1891,0
94854,6.3814,-9.6009,0.3279,-10.0800,-10.2200,-1.4000,-0.3447,-0.3495,-0.0479,0
94893,5.7184,-8.2892,0.4763,-2.1000,-8.1200,8.3300,-0.0718,-0.2777,0.2848,0
94932,5.8836,-7.6788,0.4668,0.4900,-1.0500,8.8200,0.0168,-0.0359,0.3016,0
94971,5.5628,-7.3341,-0.1005,-2.4500,6.2300,-5.3900,-0.0838,0.2130,-0.1843,0
95010,5.6657,-7.0924,0.0000,1.4700,13.0200,-18.0600,0.0503,0.4452,-0.6176,0
95049,5.2684,-7.3102,-0.1652,13.2300,10.6400,-20.1600,0.4524,0.3638,-0.6894,0
95088,6.2283,-7.4945,-1.5559,-3.5700,-0.4900,-11.3400,-0.1221,-0.0168,-0.3878,0
95127,7.2240,-8.6722,-0.9263,4.7600,-12.1800,-1.6100,0.1628,-0.4165,-0.0551,0
95166,7.1594,-8.1288,-0.0886,5.7400,-16.1000,-3.0800,0.1963,-0.5505,-0.1053,0
95205,7.3174,-7.0588,-0.1221,15.8200,0.4900,-3.7100,0.5410,0.0168,-0.1269,0
95244,7.8559,-7.2120,-0.2896,51.5900,-3.8500,-4.6200,1.7641,-0.1317,-0.1580,0
95283,6.8578,-6.9272,0.1317,38.3600,3.3600,-19.7400,1.3117,0.1149,-0.6750,0
95322,6.0822,-6.2809,0.2394,16.1700,13.8600,-24.7800,0.5529,0.4739,-0.8473,0
95361,6.2474,-6.7740,-0.0934,31.3600,7.7700,-10.3600,1.0724,0.2657,-0.3543,0
95400,6.4269,-7.2767,0.5721,28.7700,-17.2900,-6.9300,0.9838,-0.5912,-0.2370,0
95439,6.4987,-6.9440,1.2950,20.5800,-30.0300,-11.2000,0.7037,-1.0269,-0.3830,0
95478,6.9224,-7.0134,1.0173,27.0200,-30.5200,-4.9000,0.9239,-1.0436,-0.1676,0
95517,7.8344,-6.9703,0.1699,66.2200,-22.0500,12.8800,2.2644,-0.7540,0.4404,0
95556,8.2605,-6.2354,-0.3016,68.1100,-28.0000,2.3800,2.3290,-0.9575,0.0814,0
95595,7.5735,-4.4641,-1.2734,39.9000,-30.5900,-19.6700,1.3644,-1.0460,-0.6726,0
95634,6.7644,-5.3378,-1.9963,9.3800,-19.6700,-2.5200,0.3207,-0.6726,-0.0862,0
95673,7.4394,-7.5184,-1.0101,-0.9800,-15.4000,23.4500,-0.0335,-0.5266,0.8019,0
95712,8.4041,-7.7865,0.3136,32.1300,-34.4400,19.8100,1.0987,-1.1777,0.6774,0
95751,8.5525,-6.1181,-0.8330,74.0600,-33.4600,-2.9400,2.5325,-1.1442,-0.1005,0
95790,7.5065,-6.0487,-1.4266,79.6600,-41.0900,-2.5200,2.7240,-1.4051,-0.0862,0
95829,6.8267,-7.1881,-1.1753,61.6000,-42.0000,10.2900,2.1064,-1.4362,0.3519,0
95868,9.6727,-7.0971,0.6750,62.5100,-22.1200,27.4400,2.1375,-0.7564,0.9383,0
95907,9.4525,-7.3796,0.4859,49.8400,-21.7700,20.5100,1.7043,-0.7444,0.7013,0
95946,6.2881,-6.6567,-1.1825,35.3500,-62.5100,-3.2900,1.2088,-2.1375,-0.1125,0
95985,3.2290,-6.5418,1.9029,6.5800,-72.4500,3.6400,0.2250,-2.4774,0.1245,0
96024,3.6886,-7.2049,1.8742,54.8800,-87.7800,18.5500,1.8766,-3.0016,0.6343,0
96063,5.6657,-8.3514,1.3883,88.2700,-129.4300,34.7900,3.0184,-4.4258,1.1896,0
96102,7.7578,-8.6027,0.3734,79.9400,-147.4900,27.7200,2.7335,-5.0434,0.9479,0
96141,8.3945,-7.0828,-0.9168,76.4400,-133.4200,6.6500,2.6139,-4.5623,0.2274,0
96180,7.2479,-6.1181,-0.2202,68.3900,-121.5200,-2.0300,2.3386,-4.1554,-0.0694,0
96219,6.8099,-7.2815,-1.3907,60.0600,-127.4700,-7.3500,2.0537,-4.3588,-0.2513,0
96258,6.6998,-8.4041,-2.1136,77.0700,-134.4000,-7.7700,2.6354,-4.5958,-0.2657,0
96297,7.1235,-7.6405,-1.7306,80.8500,-134.7500,-2.9400,2.7647,-4.6078,-0.1005,0
96336,6.7788,-6.6184,-2.0513,81.2000,-136.2200,0.9800,2.7766,-4.6580,0.0335,0
96375,6.4939,-6.6256,-2.3817,96.4600,-140.9100,-3.3600,3.2984,-4.8184,-0.1149,0
96414,6.5873,-6.8937,-3.0734,94.5700,-115.0100,-16.6600,3.2338,-3.9328,-0.5697,0
96453,6.2115,-7.0852,-1.8670,81.7600,-82.5300,-32.6900,2.7958,-2.8221,-1.1178,0
96492,6.2785,-6.9607,-1.3835,59.5700,-81.2700,-35.3500,2.0370,-2.7790,-1.2088,0
96531,7.0038,-7.0684,-0.8880,59.2900,-75.2500,-15.1200,2.0274,-2.5732,-0.5170,0
96570,8.3658,-6.4293,0.0503,68.6000,-84.4900,-0.3500,2.3458,-2.8891,-0.0120,0
96609,9.9863,-6.4461,0.7851,49.9800,-61.4600,15.4000,1.7091,-2.1016,0.5266,0
96648,10.1107,-7.4873,-3.3583,29.3300,-35.9100,21.7700,1.0029,-1.2279,0.7444,0
96687,6.4030,-8.5812,-2.1878,64.7500,21.2100,-3.4300,2.2141,0.7253,-0.1173,0
96726,5.9051,-8.4902,0.2465,18.3400,8.5400,-27.2300,0.6271,0.2920,-0.9311,0
96765,7.8559,-6.2091,-0.9287,87.5700,-32.4100,-15.7500,2.9944,-1.1083,-0.5386,0
96804,8.2437,-4.9309,-1.6851,99.8200,-10.6400,-13.0200,3.4133,-0.3638,-0.4452,0
96843,7.8416,-5.2564,-0.6798,57.4000,-18.3400,-32.5500,1.9628,-0.6271,-1.1130,0
96882,7.5208,-4.1937,-0.1388,14.5600,0.0000,-8.9600,0.4979,0.0000,-0.3064,0
96921,7.4203,-5.3282,-0.3590,9.7300,1.8200,0.8400,0.3327,0.0622,0.0287,0
96960,7.8320,-7.4729,-0.0359,-16.2400,-7.4900,-6.0200,-0.5553,-0.2561,-0.2059,0
96999,6.8554,-8.2102,0.4332,8.2600,-0.4900,-14.0700,0.2824,-0.0168,-0.4811,0
97038,6.8267,-7.3963,0.1843,26.4600,-19.7400,-13.6500,0.9048,-0.6750,-0.4668,0
97077,7.3580,-6.8243,-0.3207,45.2200,-29.2600,-6.3700,1.5463,-1.0005,-0.2178,0
97116,7.6046,-6.5059,-0.1053,35.4200,-22.2600,-7.2800,1.2112,-0.7612,-0.2489,0
97155,7.4801,-6.0392,0.1484,30.4500,-17.5000,-10.0100,1.0412,-0.5984,-0.3423,0
97194,7.1378,-6.3144,0.0814,25.0600,-16.6600,-4.0600,0.8569,-0.5697,-0.1388,0
97233,7.7674,-6.1923,0.6559,16.1000,-17.5000,-0.7700,0.5505,-0.5984,-0.0263,0
97272,7.8918,-6.1421,0.6152,28.8400,-20.8600,-3.7800,0.9862,-0.7133,-0.1293,0
97311,7.6094,-5.8884,0.3662,12.2500,-18.8300,-5.0400,0.4189,-0.6439,-0.1723,0
97350,7.4131,-6.3001,0.5027,10.7100,-12.7400,-0.9100,0.3662,-0.4356,-0.0311,0
97389,7.8200,-7.1378,0.3519,14.8400,-10.3600,0.8400,0.5075,-0.3543,0.0287,0
97428,7.3054,-6.9057,0.5290,16.3100,-10.5700,-1.6800,0.5577,-0.3614,-0.0574,0
97467,7.2815,-6.6160,0.4883,20.7200,-16.8000,-3.7100,0.7085,-0.5745,-0.1269,0
97506,7.2120,-6.2067,0.3543,15.8900,-16.8000,-2.5900,0.5434,-0.5745,-0.0886,0
97545,7.5448,-6.5155,0.0910,19.6700,-17.3600,3.6400,0.6726,-0.5936,0.1245,0
97584,7.4873,-6.6806,0.1388,17.7800,-18.2000,1.3300,0.6080,-0.6223,0.0455,0
97623,7.2025,-6.6759,0.6056,11.3400,-21.9800,-3.7800,0.3878,-0.7516,-0.1293,0
97662,7.4131,-6.6783,0.2059,16.3800,-33.4600,-2.6600,0.5601,-1.1442,-0.0910,0
97701,7.5088,-6.6280,0.1532,10.9900,-31.3600,-3.1500,0.3758,-1.0724,-0.1077,0
97740,7.5998,-6.7549,-0.0814,21.4200,-26.2500,-0.5600,0.7325,-0.8976,-0.0191,0
97779,6.8769,-6.4150,-0.0072,20.8600,-24.7100,-1.7500,0.7133,-0.8450,-0.0598,0
97818,7.2192,-6.4939,-0.1747,25.9700,-27.3700,6.3700,0.8880,-0.9359,0.2178,0
97857,7.6357,-6.5083,-0.1340,34.5800,-20.0900,16.7300,1.1825,-0.6870,0.5721,0
97896,7.8344,-6.4676,-0.8521,45.1500,-19.6000,18.2000,1.5439,-0.6702,0.6223,0
97935,7.5328,-6.3120,-0.1197,23.5900,-7.1400,12.8100,0.8067,-0.2442,0.4380,0
97974,7.6333,-6.9416,-0.5003,23.3100,0.1400,16.5200,0.7971,0.0048,0.5649,0
98013,7.1019,-7.3676,-0.1245,26.0400,3.4300,13.4400,0.8904,0.1173,0.4596,0
98052,7.0325,-7.1235,0.2298,24.1500,-3.6400,9.2400,0.8258,-0.1245,0.3160,0
98091,7.0588,-6.7333,0.2537,25.5500,-6.0900,8.5400,0.8737,-0.2082,0.2920,0
98130,6.9775,-6.5083,0.1604,31.9200,-2.8700,11.6900,1.0915,-0.0981,0.3997,0
98169,6.9846,-6.2259,0.2609,21.7700,-9.8700,17.5000,0.7444,-0.3375,0.5984,0
98208,7.2719,-6.6687,0.2705,11.9700,-19.4600,15.6800,0.4093,-0.6654,0.5362,0
98247,7.4586,-7.5878,0.5290,-4.3400,-18.0600,14.3500,-0.1484,-0.6176,0.4907,0
98286,7.1115,-7.9229,0.7013,0.1400,-27.0200,14.1400,0.0048,-0.9239,0.4835,0
98325,6.3767,-7.3221,0.8402,5.8800,-27.4400,13.0200,0.2011,-0.9383,0.4452,0
98364,5.8165,-7.0780,0.3495,16.1700,-33.3200,12.6000,0.5529,-1.1394,0.4309,0
98403,6.0894,-7.8368,0.1771,16.3800,-31.1500,20.2300,0.5601,-1.0652,0.6918,0
98442,5.7687,-8.0809,0.8019,2.0300,-36.2600,25.3400,0.0694,-1.2399,0.8665,0
98481,5.0937,-7.5663,0.5529,10.0100,-52.0800,17.4300,0.3423,-1.7809,0.5960,0
98520,5.1152,-8.0331,0.5577,2.3800,-55.7900,11.1300,0.0814,-1.9077,0.3806,0
98559,5.8620,-7.9876,0.7731,-25.4800,-59.0100,14.7000,-0.8713,-2.0178,0.5027,0
98598,5.6681,-8.6650,-0.8162,24.7800,-59.1500,5.3200,0.8473,-2.0226,0.1819,0
98637,5.4192,-9.0623,0.6200,24.0800,-38.0800,-8.6800,0.8234,-1.3021,-0.2968,0
98676,6.1588,-8.3969,-0.2082,35.2100,-49.6300,-11.2700,1.2040,-1.6971,-0.3854,0
98715,6.1636,-7.7530,-0.1125,39.2000,-46.6200,-14.0000,1.3404,-1.5942,-0.4787,0
98754,5.8142,-7.4658,-0.5577,38.9900,-53.0600,-13.8600,1.3333,-1.8144,-0.4739,0
98793,5.6418,-7.6142,-0.8545,37.2400,-52.4300,-14.9800,1.2734,-1.7928,-0.5122,0
98832,5.5963,-7.4035,-0.9910,30.1000,-51.3800,-22.3300,1.0293,-1.7569,-0.7636,0
98871,5.5532,-7.9421,-1.7186,39.4100,-64.5400,-27.6500,1.3476,-2.2069,-0.9455,0
98910,5.7208,-8.0881,-1.8838,45.4300,-54.2500,-25.6200,1.5535,-1.8551,-0.8761,0
98949,5.3378,-7.8272,-1.7115,52.5700,-62.3000,-28.1400,1.7976,-2.1303,-0.9622,0
98988,5.2181,-7.5112,-2.0633,59.8500,-72.4500,-25.4800,2.0466,-2.4774,-0.8713,0
99027,5.2804,-7.1809,-1.9963,53.2700,-79.6600,-19.3200,1.8216,-2.7240,-0.6606,0
99066,7.3509,-9.0527,-1.4027,55.0900,-81.5500,-8.8900,1.8838,-2.7886,-0.3040,0
99105,9.5075,-7.9660,-1.2974,78.8200,-74.6200,1.1900,2.6952,-2.5516,0.0407,0
99144,7.6142,-6.6017,-0.0862,75.2500,-36.4700,-3.6400,2.5732,-1.2471,-0.1245,0
99183,7.8128,-5.1559,1.0604,36.8900,-11.4100,-15.3300,1.2614,-0.3902,-0.5242,0
99222,7.8990,-5.6849,-0.1867,51.8000,-29.8200,-20.3700,1.7713,-1.0197,-0.6965,0
99261,7.6142,-6.6041,-0.8785,56.7700,-26.0400,-24.7100,1.9412,-0.8904,-0.8450,0
99300,6.4700,-6.4868,-0.3423,29.6100,-21.2800,-13.7900,1.0125,-0.7277,-0.4715,0
99339,6.7692,-6.3336,-0.0622,12.8800,-30.5900,-2.3100,0.4404,-1.0460,-0.0790,0
99378,7.3317,-7.2743,0.4715,55.4400,-19.8800,2.9400,1.8958,-0.6798,0.1005,0
99417,7.5136,-7.4442,-0.0096,75.0400,-33.2500,-2.3800,2.5660,-1.1370,-0.0814,0
99456,7.5208,-6.1325,-0.6654,70.5600,-27.5800,-2.8000,2.4128,-0.9431,-0.0957,0
99495,7.8966,-5.2516,-0.9790,57.1200,-16.2400,-6.2300,1.9532,-0.5553,-0.2130,0
99534,8.1958,-5.7208,-0.7277,18.6900,-0.0700,-10.9900,0.6391,-0.0024,-0.3758,0
99573,7.3245,-6.0200,-0.1795,-1.5400,11.1300,-9.0300,-0.0527,0.3806,-0.3088,0
99612,6.8362,-6.5179,0.7205,-1.7500,-0.9800,-4.3400,-0.0598,-0.0335,-0.1484,0
99651,7.4155,-6.9152,0.0957,28.3500,-20.1600,5.4600,0.9694,-0.6894,0.1867,0
99690,7.2360,-6.6136,-0.1197,39.5500,-16.1700,14.0000,1.3524,-0.5529,0.4787,0
99729,7.2168,-6.3096,0.4332,24.2200,4.6200,13.9300,0.8282,0.1580,0.4763,0
99768,8.0714,-5.8165,-0.0191,9.1000,1.6800,14.2100,0.3112,0.0574,0.4859,0
99807,8.2389,-5.0697,0.5410,-10.9900,15.8200,16.8000,-0.3758,0.5410,0.5745,0
99846,8.5812,-4.5407,0.2298,-21.9100,12.1100,16.1000,-0.7492,0.4141,0.5505,0
99885,8.5716,-5.7423,0.2753,-32.9000,3.7100,20.1600,-1.1250,0.1269,0.6894,0
99924,8.9690,-7.2168,1.4793,-48.9300,9.4500,25.0600,-1.6732,0.3231,0.8569,0
99963,8.7583,-7.2815,1.6516,-62.7200,11.1300,9.8700,-2.1447,0.3806,0.3375,0
100002,7.0205,-8.4472,0.9431,-39.9700,18.6200,1.1200,-1.3668,0.6367,0.0383,0
100041,5.9650,-8.5549,0.9958,-29.9600,49.9100,2.5900,-1.0245,1.7067,0.0886,0
100080,5.7735,-7.3198,1.5343,-24.4300,69.8600,0.1400,-0.8354,2.3889,0.0048,0
100119,6.8243,-7.8200,1.1442,-22.4000,64.4700,1.6800,-0.7660,2.2045,0.0574,0
100158,6.2067,-7.3557,1.0580,-8.6800,66.6400,-1.3300,-0.2968,2.2787,-0.0455,0
100197,5.0266,-7.3628,0.9958,-2.5200,67.6200,-7.2800,-0.0862,2.3123,-0.2489,0
100236,4.5240,-7.3748,1.8814,-11.2700,69.1600,-9.1000,-0.3854,2.3649,-0.3112,0
100275,5.3689,-7.7721,1.5654,-30.7300,41.9300,0.2100,-1.0508,1.4338,0.0072,0
100314,5.7687,-7.3413,1.5583,-30.3100,33.1100,0.9100,-1.0364,1.1322,0.0311,0
100353,5.3426,-7.5950,1.4936,-24.2200,33.6700,0.4200,-0.8282,1.1513,0.0144,0
100392,5.3833,-7.4753,1.8838,-30.8000,29.2600,1.1200,-1.0532,1.0005,0.0383,0
100431,5.2612,-7.8703,1.3907,-26.1100,29.6800,-1.5400,-0.8928,1.0149,-0.0527,0
100470,4.5719,-7.5041,1.5319,-30.4500,32.4100,-8.3300,-1.0412,1.1083,-0.2848,0
100509,4.5551,-6.9511,2.2548,-30.9400,35.4900,-16.3800,-1.0580,1.2136,-0.5601,0
100548,4.6197,-6.8937,2.5325,-34.7900,25.4100,-22.1900,-1.1896,0.8689,-0.7588,0
100587,5.0219,-7.1354,1.4841,-49.9100,14.1400,-26.1800,-1.7067,0.4835,-0.8952,0
100626,6.5825,-8.8684,3.4923,-51.8000,17.9900,-14.2800,-1.7713,0.6152,-0.4883,0
100665,8.3586,-10.2807,1.9795,-18.0600,16.8000,5.3900,-0.6176,0.5745,0.1843,0
100704,9.0599,-9.5075,0.5242,5.4600,70.6300,1.3300,0.1867,2.4152,0.0455,0
100743,7.2073,-6.4844,-0.0335,-30.8700,18.1300,-7.9100,-1.0556,0.6200,-0.2705,0
100782,4.5719,-6.4796,-1.9652,-33.1800,-18.6200,-26.7400,-1.1346,-0.6367,-0.9144,0
100821,7.9924,-6.7501,-1.2974,-19.3900,13.8600,-6.4400,-0.6630,0.4739,-0.2202,0
100860,9.9360,-5.1368,-0.9622,5.6000,-12.2500,-19.0400,0.1915,-0.4189,-0.6511,0
100899,8.5381,-5.7136,-0.0838,-8.2600,6.1600,-17.7100,-0.2824,0.2106,-0.6056,0
100938,7.1402,-7.2432,-0.5122,-4.4100,4.0600,-21.2800,-0.1508,0.1388,-0.7277,0
100977,6.1828,-7.1330,0.1245,0.0000,1.7500,-21.6300,0.0000,0.0598,-0.7396,0
101016,6.9200,-6.1923,-0.1747,10.5000,-16.5900,-9.8700,0.3590,-0.5673,-0.3375,0
101055,7.5543,-6.1612,-0.7325,28.7000,-11.4100,-5.3900,0.9814,-0.3902,-0.1843,0
101094,7.9445,-6.0320,-0.3590,8.2600,-12.9500,-9.1000,0.2824,-0.4428,-0.3112,0
101133,7.3293,-6.2330,-0.1293,12.2500,-13.0900,-7.7000,0.4189,-0.4476,-0.2633,0
101172,7.9517,-6.4628,-0.4715,23.4500,-19.4600,2.0300,0.8019,-0.6654,0.0694,0
101211,8.1575,-5.7567,-0.8737,19.6700,-24.4300,2.7300,0.6726,-0.8354,0.0934,0
101250,8.0378,-5.9985,-0.5434,30.3100,-5.7400,1.4700,1.0364,-0.1963,0.0503,0
101289,7.9732,-6.9703,-0.0311,29.3300,-1.4700,-4.4800,1.0029,-0.0503,-0.1532,0
101328,9.6799,-7.8727,1.0484,5.3200,-58.4500,-58.9400,0.1819,-1.9987,-2.0154,0
101367,11.7983,-6.9990,0.2848,16.2400,-56.0700,-93.1700,0.5553,-1.9173,-3.1859,0
101406,9.0982,-5.1750,0.6295,21.9100,5.6700,-51.5900,0.7492,0.1939,-1.7641,0
101445,4.4833,-1.7234,-0.0790,60.6900,34.6500,-10.5000,2.0753,1.1849,-0.3590,0
101484,4.2894,-2.2309,0.7995,57.9600,2.3800,28.0700,1.9819,0.0814,0.9598,0
101523,7.6309,-3.1476,0.6774,23.3100,-30.7300,44.3100,0.7971,-1.0508,1.5152,0
101562,8.1480,-4.0979,0.7205,-21.8400,-21.6300,35.2100,-0.7468,-0.7396,1.2040,0
101601,7.5208,-5.6131,0.0096,-38.1500,-13.9300,19.7400,-1.3045,-0.4763,0.6750,0
101640,8.6722,-8.6434,0.8689,-27.5800,6.6500,11.6900,-0.9431,0.2274,0.3997,0
101679,9.1724,-9.2107,2.7551,-30.7300,0.9100,12.9500,-1.0508,0.0311,0.4428,0
101718,7.8009,-7.8487,1.2591,12.2500,-2.1700,4.2000,0.4189,-0.0742,0.1436,0
101757,7.3916,-6.0607,0.6343,18.3400,-11.4100,11.7600,0.6271,-0.3902,0.4021,0
101796,6.6088,-6.4317,0.3638,2.9400,0.5600,16.2400,0.1005,0.0191,0.5553,0
101835,7.0253,-6.7046,1.0149,-15.8900,16.6600,11.9000,-0.5434,0.5697,0.4069,0
101874,6.7070,-6.6543,0.6583,-9.0300,6.2300,1.6800,-0.3088,0.2130,0.0574,0
101913,6.7620,-6.8817,0.8282,-17.1500,9.8700,0.2800,-0.5864,0.3375,0.0096,0
101952,6.2833,-7.1977,0.9096,-11.9000,12.0400,-5.7400,-0.4069,0.4117,-0.1963,0
101991,6.0894,-7.1043,1.2184,-13.6500,13.6500,-12.4600,-0.4668,0.4668,-0.4261,0
102030,5.9793,-7.4035,0.6559,-8.8200,6.2300,-14.9100,-0.3016,0.2130,-0.5098,0
102069,6.1708,-7.2575,0.7229,0.2800,1.8200,-16.4500,0.0096,0.0622,-0.5625,0
102108,7.3533,-7.2096,0.8545,0.6300,-0.1400,-14.4200,0.0215,-0.0048,-0.4931,0
102147,7.8727,-6.5107,1.0197,0.8400,0.7000,-11.1300,0.0287,0.0239,-0.3806,0
102186,8.4376,-5.8740,2.9873,-23.3800,-19.9500,-2.0300,-0.7995,-0.6822,-0.0694,0
102225,9.5722,-8.7440,-0.1364,21.0000,-50.8900,9.8000,0.7181,-1.7402,0.3351,0
102264,6.8985,-7.3676,0.4285,-31.2200,-34.6500,-10.4300,-1.0676,-1.1849,-0.3567,0
102303,6.3264,-6.7022,0.2585,-5.5300,-13.2300,-3.9200,-0.1891,-0.4524,-0.1340,0
102342,8.1647,-4.9716,0.5457,26.6700,9.5900,-7.3500,0.9120,0.3279,-0.2513,0
102381,8.7152,-4.6580,-1.7641,43.5400,-11.3400,-3.8500,1.4888,-0.3878,-0.1317,0
102420,8.1575,-4.1625,-1.4960,37.7300,-14.9100,0.1400,1.2902,-0.5098,0.0048,0
102459,11.3602,-2.7982,-1.5271,17.0100,1.4700,-5.8800,0.5817,0.0503,-0.2011,0
102498,11.5828,-2.2045,-2.4248,-12.1800,24.4300,-8.9600,-0.4165,0.8354,-0.3064,0
102537,8.4855,-4.6173,-1.0101,-55.9300,33.8100,-1.4000,-1.9125,1.1561,-0.0479,0
102576,7.3365,-6.0870,-0.5242,-77.0000,16.4500,1.6800,-2.6330,0.5625,0.0574,0
102615,4.3660,-6.2091,0.9335,-47.8100,47.8100,6.7900,-1.6349,1.6349,0.2322,0
102654,5.3211,-6.3910,0.4404,-40.2500,35.0000,39.6200,-1.3763,1.1968,1.3548,0
102693,7.4634,-8.3347,-0.9407,-30.1700,-18.6200,67.4100,-1.0317,-0.6367,2.3051,0
102732,9.3903,-9.7254,-1.8838,-8.4000,-19.1800,78.1200,-0.2872,-0.6559,2.6713,0
102771,8.3466,-9.2466,-2.2285,-17.7800,12.3900,32.2000,-0.6080,0.4237,1.1011,0
102810,7.3533,-9.4884,-2.7359,2.2400,11.1300,-5.9500,0.0766,0.3806,-0.2035,0
102849,6.4868,-7.3509,-0.7636,-1.4700,17.3600,-30.3800,-0.0503,0.5936,-1.0388,0
102888,4.8447,-5.8644,-0.3471,-1.6800,28.4200,-42.3500,-0.0574,0.9718,-1.4482,0
102927,3.5713,-5.1631,-0.7636,-2.1700,24.9200,-31.9200,-0.0742,0.8521,-1.0915,0
102966,4.2583,-5.1176,-0.2442,-22.1200,9.6600,-8.4700,-0.7564,0.3303,-0.2896,0
103005,5.9458,-7.7386,-0.8138,-29.8900,-24.8500,14.0000,-1.0221,-0.8497,0.4787,0
103044,7.6070,-9.3424,-2.5325,-21.4200,-24.0800,14.3500,-0.7325,-0.8234,0.4907,0
103083,8.2341,-8.1480,-1.4099,-26.6700,-5.4600,2.9400,-0.9120,-0.1867,0.1005,0
103122,7.6549,-6.2785,-0.3950,-21.1400,12.9500,0.5600,-0.7229,0.4428,0.0191,0
103161,8.2389,-4.6125,0.1460,-39.2700,31.3600,-5.8800,-1.3428,1.0724,-0.2011,0
103200,7.5591,-4.6820,-0.1652,-41.5800,53.6200,-3.7100,-1.4218,1.8335,-0.1269,0
103239,6.5634,-6.5179,-0.6798,-27.3000,42.8400,-3.2200,-0.9335,1.4649,-0.1101,0
103278,7.9182,-7.0469,-0.7229,-26.7400,25.2700,4.3400,-0.9144,0.8641,0.1484,0
103317,10.0437,-8.7679,-1.7067,-5.7400,7.3500,-13.9300,-0.1963,0.2513,-0.4763,0
103356,9.3280,-7.5400,-1.0987,5.4600,30.6600,-39.9000,0.1867,1.0484,-1.3644,0
103395,7.5376,-6.0990,-1.8694,16.2400,43.6100,-50.9600,0.5553,1.4912,-1.7426,0
103434,6.2283,-5.0913,-1.8024,25.4100,54.4600,-51.3100,0.8689,1.8623,-1.7545,0
103473,6.3240,-3.4684,-1.9652,19.1800,48.1600,-31.7100,0.6559,1.6468,-1.0843,0
103512,4.9764,-3.7365,-1.8359,6.0200,48.1600,6.7200,0.2059,1.6468,0.2298,0
103551,5.0793,-4.3181,2.5899,-42.1400,22.1200,44.3800,-1.4410,0.7564,1.5176,0
103590,9.7062,-6.2378,3.9806,-57.2600,-42.2100,58.4500,-1.9580,-1.4434,1.9987,0
103629,11.1974,-4.8136,-1.3380,-10.6400,-57.6100,31.9200,-0.3638,-1.9700,1.0915,0
103668,10.2352,-7.5495,-1.8072,-30.3800,-47.6000,45.0800,-1.0388,-1.6277,1.5415,0
103707,9.9456,-8.1862,3.1428,-92.4000,-38.9200,64.6100,-3.1596,-1.3309,2.2093,0
103746,11.6546,-9.0934,2.2500,-52.6400,-36.4700,41.2300,-1.8000,-1.2471,1.4099,0
103785,9.9719,-8.4974,-2.5277,-21.9800,15.6100,17.6400,-0.7516,0.5338,0.6032,0
103824,6.4580,-8.2892,-0.6678,-44.8000,53.5500,16.6600,-1.5319,1.8311,0.5697,0
103863,5.0434,-7.1115,-0.3399,-49.7700,46.6200,6.5800,-1.7019,1.5942,0.2250,0
103902,4.0548,-5.6969,-0.0455,-14.3500,47.8800,-13.4400,-0.4907,1.6372,-0.4596,0
103941,3.5976,-4.4498,-1.4338,0.3500,29.8200,-42.9100,0.0120,1.0197,-1.4673,0
103980,5.1200,-5.6945,-0.8952,-31.9200,30.0300,-43.7500,-1.0915,1.0269,-1.4960,0
104019,6.3144,-7.6668,-1.3476,-42.4900,-1.5400,-13.0900,-1.4529,-0.0527,-0.4476,0
104058,11.5445,-10.8647,-0.6415,-51.5900,-59.3600,51.1700,-1.7641,-2.0298,1.7498,0
104097,9.1748,-9.5339,-1.8335,-62.6500,-2.3800,53.4100,-2.1423,-0.0814,1.8263,0
104136,4.6389,-5.7088,1.0436,-47.3200,62.7900,6.0200,-1.6181,2.1471,0.2059,0
104175,9.2586,-5.1008,0.9886,-51.3100,90.2300,-14.0700,-1.7545,3.0854,-0.4811,0
104214,10.2974,-6.5658,-1.5391,-20.2300,65.8700,-2.4500,-0.6918,2.2524,-0.0838,0
104253,7.4514,-5.3115,-1.1274,-32.7600,67.3400,-5.0400,-1.1202,2.3027,-0.1723,0
104292,9.2131,-6.3982,-0.5290,-38.3600,53.5500,-17.0800,-1.3117,1.8311,-0.5840,0
104331,9.3711,-4.6915,-0.7133,-30.5200,66.2900,-26.7400,-1.0436,2.2668,-0.9144,0
104370,9.0887,-4.1482,-1.4745,-50.2600,100.9400,-43.3300,-1.7186,3.4516,-1.4817,0
104409,7.8894,-4.6700,-0.4404,-72.5900,111.6500,-29.4000,-2.4822,3.8179,-1.0053,0
104448,6.7740,-4.3014,0.3255,-64.1200,106.4700,-22.8200,-2.1926,3.6407,-0.7803,0
104487,6.3120,-6.0009,-1.7043,-43.8200,74.9000,-8.2600,-1.4984,2.5612,-0.2824,0
104526,7.5424,-7.8655,-0.4763,-30.8000,70.6300,11.0600,-1.0532,2.4152,0.3782,0
104565,8.2748,-7.4490,2.2716,-43.7500,66.7800,-0.6300,-1.4960,2.2835,-0.0215,0
104604,7.5184,-7.1235,2.3362,-37.1000,82.1800,-2.0300,-1.2686,2.8101,-0.0694,0
104643,6.7764,-5.3929,2.8532,-38.8500,52.5700,3.5700,-1.3285,1.7976,0.1221,0
104682,8.9283,-4.8950,1.5750,-67.5500,-7.2800,17.7800,-2.3099,-0.2489,0.6080,0
104721,7.8511,-3.7101,-0.3854,-87.8500,-46.4100,14.5600,-3.0040,-1.5870,0.4979,0
104760,7.0876,-4.0668,-0.3399,-120.3300,-44.8000,44.7300,-4.1147,-1.5319,1.5295,0
104799,9.0408,-7.0205,2.9442,-92.7500,-35.4200,61.8800,-3.1716,-1.2112,2.1160,0
104838,8.0690,-10.5966,0.0670,-36.2600,-12.8100,5.6700,-1.2399,-0.4380,0.1939,0
104877,5.9338,-8.4567,0.0838,-41.0900,41.1600,-2.8700,-1.4051,1.4075,-0.0981,0
104916,5.2110,-6.8697,0.4189,-50.1900,40.6000,1.6100,-1.7162,1.3883,0.0551,0
104955,5.4383,-6.6950,-0.3351,10.5700,15.8200,-0.9100,0.3614,0.5410,-0.0311,0
104994,4.3325,-6.0368,-0.3590,14.9100,12.1800,-21.1400,0.5098,0.4165,-0.7229,0
105033,3.9615,-5.8955,-1.2519,2.1700,-6.7900,-37.7300,0.0742,-0.2322,-1.2902,0
105072,7.6118,-6.2259,-1.6636,14.7700,-15.8200,-35.4200,0.5051,-0.5410,-1.2112,0
105111,8.0115,-6.2187,-1.8287,7.1400,-17.5700,-9.6600,0.2442,-0.6008,-0.3303,0
105150,4.5455,-6.5945,-3.3966,-39.1300,-13.5100,-1.4700,-1.3380,-0.4620,-0.0503,0
105189,12.9616,-8.6363,1.8024,-131.5300,-7.7700,20.6500,-4.4976,-0.2657,0.7061,0
105228,11.9921,-8.8014,-0.0144,-48.4400,6.5800,21.7000,-1.6564,0.2250,0.7420,0
105267,7.2743,-4.1147,1.4936,-6.6500,74.2700,0.0700,-0.2274,2.5397,0.0024,0
105306,8.0570,-3.7341,-0.1939,-10.0100,47.5300,0.2800,-0.3423,1.6253,0.0096,0
105345,9.7780,-6.3312,-1.7545,-8.4000,51.3800,-0.6300,-0.2872,1.7569,-0.0215,0
105384,9.4501,-6.5729,-1.1011,-39.8300,85.3300,-23.5900,-1.3620,2.9178,-0.8067,0
105423,8.3993,-6.6711,-0.6056,-36.5400,65.6600,-29.4700,-1.2495,2.2452,-1.0077,0
105462,8.6506,-5.3235,-0.6774,-14.1400,90.3000,-33.6700,-0.4835,3.0878,-1.1513,0
105501,7.7339,-4.9141,-0.9120,-9.3800,78.5400,-42.7700,-0.3207,2.6857,-1.4625,0
105540,6.7046,-5.4958,-0.1125,-19.6700,63.7000,-34.1600,-0.6726,2.1782,-1.1681,0
105579,5.7064,-5.6921,-0.0096,-38.0100,66.4300,-4.3400,-1.2997,2.2716,-0.1484,0
105618,5.5269,-8.0115,1.0771,-21.5600,51.8000,23.7300,-0.7372,1.7713,0.8114,0
105657,4.9979,-7.2623,2.7479,-37.8000,10.2900,29.9600,-1.2926,0.3519,1.0245,0
105696,9.7637,-5.4647,1.4410,-70.8400,-56.2100,45.3600,-2.4224,-1.9221,1.5511,0
105735,8.6075,-5.6681,-1.2184,-94.5000,-69.0900,36.0500,-3.2314,-2.3625,1.2327,0
105774,8.0522,-7.4586,1.8048,-68.4600,-55.0200,54.0400,-2.3410,-1.8814,1.8479,0
105813,8.7416,-9.7517,3.9136,-59.0100,-43.6800,33.2500,-2.0178,-1.4936,1.1370,0
105852,8.5525,-9.2131,-2.0083,24.3600,-36.0500,12.3200,0.8330,-1.2327,0.4213,0
105891,6.7860,-7.2216,-1.3644,25.5500,2.1000,22.1200,0.8737,0.0718,0.7564,0
105930,5.5652,-6.0176,-0.5146,20.5800,8.6800,7.7000,0.7037,0.2968,0.2633,0
105969,4.4737,-5.5772,-1.1872,12.2500,0.4900,-19.8100,0.4189,0.0168,-0.6774,0
106008,3.1931,-5.8381,-1.7186,3.5700,0.9100,-50.9600,0.1221,0.0311,-1.7426,0
106047,4.8591,-6.1612,-0.6200,2.5900,1.1900,-58.1000,0.0886,0.0407,-1.9867,0
106086,7.3892,-7.1953,-2.7982,5.9500,-61.5300,-18.4100,0.2035,-2.1040,-0.6295,0
106125,12.4733,-8.9785,-1.1346,-30.8000,-42.0700,39.1300,-1.0532,-1.4386,1.3380,0
106164,9.6105,-8.7655,0.3399,-37.1700,27.0900,25.6900,-1.2710,0.9263,0.8785,0
106203,8.1551,-4.4929,2.0059,17.1500,56.0000,1.2600,0.5864,1.9149,0.0431,0
106242,10.2424,-4.1817,-0.7636,28.5600,55.5800,-19.6700,0.9766,1.9006,-0.6726,0
106281,8.2581,-4.5000,-1.0532,-0.5600,71.6800,-24.4300,-0.0191,2.4511,-0.8354,0
106320,6.9033,-4.8902,-0.2944,-33.6000,63.9800,-30.2400,-1.1489,2.1878,-1.0341,0
106359,7.5950,-4.8591,-0.4332,-30.9400,34.3700,-18.7600,-1.0580,1.1753,-0.6415,0
106398,9.1940,-5.5341,-0.9096,-33.8800,50.4000,-19.1100,-1.1585,1.7234,-0.6535,0
106437,8.6769,-5.8692,-0.4692,-33.1800,77.1400,-23.9400,-1.1346,2.6378,-0.8186,0
106476,7.5376,-5.7328,-1.2902,-22.2600,84.0700,-26.5300,-0.7612,2.8748,-0.9072,0
106515,6.8147,-6.2498,-1.2974,-11.2000,78.9600,-11.4100,-0.3830,2.7000,-0.3902,0
106554,6.9440,-6.6543,0.4620,-16.8000,80.7100,6.7900,-0.5745,2.7599,0.2322,0
106593,6.5442,-6.2546,1.3572,-24.2900,20.7200,-3.0100,-0.8306,0.7085,-0.1029,0
106632,5.3929,-4.3181,1.8311,-35.3500,17.9900,5.6000,-1.2088,0.6152,0.1915,0
106671,7.7865,-3.7341,1.6923,-111.3000,-55.7200,26.5300,-3.8059,-1.9053,0.9072,0
106710,11.0945,-8.2269,-0.9455,-108.5000,-103.9500,47.9500,-3.7101,-3.5546,1.6396,0
106749,9.9911,-10.3597,2.2189,-69.3700,-58.5900,53.2700,-2.3721,-2.0035,1.8216,0
106788,9.5004,-9.3017,2.3027,-70.3500,-28.3500,5.9500,-2.4056,-0.9694,0.2035,0
106827,7.8559,-7.2479,-0.7205,-37.4500,6.3000,3.6400,-1.2806,0.2154,0.1245,0
106866,5.7950,-6.7477,-0.8186,-18.9700,37.1700,21.4200,-0.6487,1.2710,0.7325,0
106905,4.8328,-6.1349,-0.8617,-2.7300,23.7300,26.6700,-0.0934,0.8114,0.9120,0
106944,4.9046,-5.3258,-0.4524,8.5400,7.0700,5.3900,0.2920,0.2418,0.1843,0
106983,5.0051,-5.2852,-1.0197,17.1500,-3.9200,-25.9000,0.5864,-0.1340,-0.8856,0
107022,4.9812,-5.6155,-1.3620,-5.3200,4.9700,-41.5800,-0.1819,0.1699,-1.4218,0
107061,7.4753,-7.5041,-2.0178,-23.2400,-12.4600,-11.5500,-0.7947,-0.4261,-0.3950,0
107100,12.4158,-9.9719,-0.6176,-65.9400,-35.8400,30.0300,-2.2548,-1.2255,1.0269,0
107139,10.5679,-9.1078,-1.8072,-90.9300,12.4600,31.4300,-3.1093,0.4261,1.0747,0
107178,8.0187,-7.1977,1.9006,-40.7400,64.7500,-0.4200,-1.3931,2.2141,-0.0144,0
107217,9.1629,-5.6418,1.8000,-25.8300,82.4600,-14.4200,-0.8833,2.8197,-0.4931,0
107256,9.8379,-4.0381,-1.0388,17.8500,82.6700,-25.6900,0.6104,2.8269,-0.8785,0
107295,8.0211,-4.2439,-0.7899,-26.7400,94.4300,-34.8600,-0.9144,3.2290,-1.1920,0
107334,7.3341,-3.8992,-0.5840,-40.9500,86.5900,-36.7500,-1.4003,2.9609,-1.2567,0
107373,8.3227,-3.2290,-0.4189,-43.8200,74.1300,-22.5400,-1.4984,2.5349,-0.7708,0
107412,9.7038,-2.9370,-0.7612,-76.0900,97.6500,-14.9100,-2.6019,3.3391,-0.5098,0
107451,8.0785,-5.1894,-0.7133,-89.0400,110.1800,-12.6000,-3.0447,3.7676,-0.4309,0
107490,5.7854,-7.0229,-0.0742,-80.8500,71.1200,-12.2500,-2.7647,2.4319,-0.4189,0
107529,6.5634,-7.0469,0.3040,-57.4700,47.8100,1.6100,-1.9652,1.6349,0.0551,0
107568,7.8128,-7.0565,-0.3973,-49.7700,41.9300,12.1800,-1.7019,1.4338,0.4165,0
107607,6.6112,-7.5639,-0.1077,-42.9800,30.5200,26.7400,-1.4697,1.0436,0.9144,0
107646,6.7429,-5.0961,2.0705,-65.2400,1.5400,45.1500,-2.2309,0.0527,1.5439,0
107685,9.9815,-4.8399,3.0327,-117.0400,-44.3100,76.7900,-4.0022,-1.5152,2.6258,0
107724,10.5153,-7.8248,-1.6636,-103.3900,-70.7000,50.8200,-3.5354,-2.4176,1.7378,0
107763,8.2628,-9.9216,1.1178,-75.7400,-12.1100,50.6100,-2.5899,-0.4141,1.7306,0
107802,6.0846,-8.0618,3.3607,-95.2700,19.1100,-2.1700,-3.2577,0.6535,-0.0742,0
107841,5.5700,-6.7812,-0.3327,-21.4200,7.8400,4.9700,-0.7325,0.2681,0.1699,0
107880,5.4407,-6.3814,-1.1825,16.6600,4.7600,30.4500,0.5697,0.1628,1.0412,0
107919,5.0865,-6.5322,-0.8617,8.4000,13.8600,9.0300,0.2872,0.4739,0.3088,0
107958,5.8572,-6.3240,-1.7402,23.5200,-7.6300,-24.5700,0.8043,-0.2609,-0.8402,0
107997,5.8381,-7.0086,-2.2237,13.7900,-5.6700,-43.6100,0.4715,-0.1939,-1.4912,0
108036,6.6424,-7.3916,-1.5247,-21.0000,-4.3400,-30.2400,-0.7181,-0.1484,-1.0341,0
108075,5.9338,-8.9091,-2.3123,-21.2100,-13.5800,2.8700,-0.7253,-0.4644,0.0981,0
108114,10.1682,-9.1413,0.4572,-80.5700,-9.1700,51.7300,-2.7551,-0.3136,1.7689,0
108153,8.5477,-8.0809,-1.1202,-50.8200,14.7000,3.2200,-1.7378,0.5027,0.1101,0
108192,8.8756,-5.4790,1.4936,-45.8500,71.2600,-19.3200,-1.5678,2.4367,-0.6606,0
108231,10.4602,-5.0410,1.0269,-25.1300,69.5100,-10.9900,-0.8593,2.3769,-0.3758,0
108270,8.4974,-5.0745,-0.4404,11.8300,70.2100,-14.4200,0.4045,2.4008,-0.4931,0
108309,7.4227,-5.3402,-0.6223,-18.9700,74.8300,-25.2700,-0.6487,2.5588,-0.8641,0
108348,8.0378,-4.8782,-0.5721,-23.9400,73.7800,-22.6100,-0.8186,2.5229,-0.7731,0
108387,8.6075,-4.2008,-0.9981,-37.6600,81.1300,-18.8300,-1.2878,2.7742,-0.6439,0
108426,8.2198,-4.4617,-0.7301,-63.5600,94.5000,-16.9400,-2.1734,3.2314,-0.5793,0
108465,7.2240,-5.2732,0.1005,-70.0000,81.6900,-23.0300,-2.3936,2.7934,-0.7875,0
108504,6.3408,-6.0080,0.0215,-53.2000,64.4000,-19.1100,-1.8192,2.2021,-0.6535,0
108543,6.7620,-6.6495,0.5601,-55.7900,56.2800,-5.8100,-1.9077,1.9245,-0.1987,0
108582,7.8607,-6.2019,0.7971,-65.0300,51.8000,0.8400,-2.2237,1.7713,0.0287,0
108621,8.8325,-5.8429,-0.3997,-37.0300,49.3500,2.8700,-1.2662,1.6875,0.0981,0
108660,7.4945,-7.4323,-1.3572,-52.9900,65.2400,10.3600,-1.8120,2.2309,0.3543,0
108699,6.5083,-6.9080,1.3165,-78.3300,36.8200,20.2300,-2.6785,1.2591,0.6918,0
108738,10.3573,-7.1043,3.9160,-127.8900,-29.0500,39.8300,-4.3732,-0.9934,1.3620,0
108777,9.2634,-6.0870,-0.6630,-96.2500,-59.0800,24.3600,-3.2913,-2.0202,0.8330,0
108816,6.9440,-7.7769,2.3601,-75.4600,8.5400,47.3200,-2.5803,0.2920,1.6181,0
108855,6.7237,-7.7434,2.2859,-61.7400,-1.1900,17.9200,-2.1112,-0.0407,0.6128,0
108894,6.4580,-6.9631,-0.7731,-18.5500,9.3100,13.3700,-0.6343,0.3184,0.4572,0
108933,5.8692,-6.6783,-0.6439,-3.8500,16.6600,21.1400,-0.1317,0.5697,0.7229,0
108972,5.0578,-6.8243,-0.3231,-10.5700,24.9200,12.7400,-0.3614,0.8521,0.4356,0
109011,5.2660,-6.5514,-0.8019,-5.6000,18.9000,-13.7200,-0.1915,0.6463,-0.4692,0
109050,5.0147,-7.0277,-1.7019,13.4400,8.6800,-34.0900,0.4596,0.2968,-1.1657,0
109089,5.5604,-7.6932,-0.9742,-5.2500,4.3400,-36.8900,-0.1795,0.1484,-1.2614,0
109128,6.8626,-7.5543,-1.0484,-5.1100,-18.5500,-20.1600,-0.1747,-0.6343,-0.6894,0
109167,11.8701,-9.2131,1.0029,-10.4300,-27.5800,26.0400,-0.3567,-0.9431,0.8904,0
109206,9.3232,-7.3820,-1.4458,-59.3600,-2.0300,16.0300,-2.0298,-0.0694,0.5481,0
109245,7.7913,-6.0942,1.6229,-22.6800,48.7900,-23.5900,-0.7755,1.6684,-0.8067,0
109284,10.1036,-3.9304,-0.4452,-1.6100,67.1300,-29.4700,-0.0551,2.2955,-1.0077,0
109323,7.8870,-2.9873,-1.8575,-16.3800,66.5000,-19.8100,-0.5601,2.2740,-0.6774,0
109362,6.4892,-4.3995,-1.0580,-70.9800,64.0500,-18.1300,-2.4272,2.1902,-0.6200,0
109401,7.1067,-4.6891,-0.4404,-93.8000,67.5500,-6.1600,-3.2075,2.3099,-0.2106,0
109440,9.0599,-5.5580,1.7617,-85.8900,89.1100,14.9800,-2.9370,3.0471,0.5122,0
109479,13.7251,-8.6243,2.5612,-22.1200,28.9800,10.0100,-0.7564,0.9910,0.3423,0
109518,14.2398,-5.3426,2.3075,-17.1500,56.7000,-53.0600,-0.5864,1.9388,-1.8144,0
109557,11.2262,-5.8716,0.0455,-34.5800,83.8600,-58.0300,-1.1825,2.8676,-1.9843,0
109596,6.3025,-5.9889,-2.2835,-49.0700,93.4500,-40.1800,-1.6779,3.1955,-1.3739,0
109635,3.1692,-4.9333,-2.6498,-72.1000,88.4100,-12.8100,-2.4654,3.0232,-0.4380,0
109674,1.5391,-4.3828,-3.4851,-45.2200,88.4800,-0.8400,-1.5463,3.0256,-0.0287,0
109713,1.7426,-3.0303,0.1484,-62.0200,65.3100,17.6400,-2.1208,2.2333,0.6032,0
109752,10.5536,-6.8051,4.1242,-66.0100,9.0300,84.5600,-2.2572,0.3088,2.8915,0
109791,11.6714,-9.8474,1.4984,-25.4100,-92.6100,36.8900,-0.8689,-3.1668,1.2614,0
109830,10.7307,-7.2623,2.7287,-33.8100,-34.9300,4.8300,-1.1561,-1.1944,0.1652,0
109869,9.8307,-7.9828,1.4888,-10.8500,-40.3900,-8.4700,-0.3710,-1.3811,-0.2896,0
109908,8.7511,-8.0450,0.1723,3.9200,-24.7800,-5.6700,0.1340,-0.8473,-0.1939,0
109947,6.3791,-6.9751,-0.2011,-8.6100,-15.3300,-2.6600,-0.2944,-0.5242,-0.0910,0
109986,5.4527,-6.0631,-1.0795,6.1600,-18.9700,-5.9500,0.2106,-0.6487,-0.2035,0
110025,3.9998,-5.0578,-0.6678,19.8800,-17.0800,-9.4500,0.6798,-0.5840,-0.3231,0
110064,2.9873,-4.7466,-2.0537,19.8800,-26.1800,-14.5600,0.6798,-0.8952,-0.4979,0
110103,2.9705,-4.6604,-1.8575,11.8300,-54.0400,-12.6000,0.4045,-1.8479,-0.4309,0
110142,10.6804,-4.5814,2.3745,5.4600,-132.9300,25.0600,0.1867,-4.5455,0.8569,0
110181,12.7533,-9.5889,-0.4309,-56.5600,-69.5100,105.6300,-1.9341,-2.3769,3.6120,0
110220,10.5440,-10.1778,1.0029,33.3900,-20.3700,50.1900,1.1418,-0.6965,1.7162,0
110259,11.7935,-5.1032,-1.5583,41.0900,23.4500,-28.8400,1.4051,0.8019,-0.9862,0
110298,14.9985,-5.4934,0.4452,22.8200,45.7100,-35.2800,0.7803,1.5630,-1.2064,0
110337,8.8780,-6.6136,-0.8138,-10.9200,60.4100,-27.9300,-0.3734,2.0657,-0.9551,0
110376,8.8086,-6.0679,-0.0934,4.1300,45.5700,-28.4200,0.1412,1.5583,-0.9718,0
110415,9.8498,-4.3564,-0.5625,19.7400,55.0200,-36.2600,0.6750,1.8814,-1.2399,0
110454,7.3437,-3.2075,-1.0747,15.4700,64.0500,-43.8900,0.5290,2.1902,-1.5008,0
110493,5.4048,-4.7203,-1.5702,1.4700,51.8000,-25.2700,0.0503,1.7713,-0.8641,0
110532,4.9788,-4.9453,-0.0742,-28.4200,48.8600,-3.5000,-0.9718,1.6708,-0.1197,0
110571,5.9410,-4.6125,0.1005,-25.9000,36.7500,21.0000,-0.8856,1.2567,0.7181,0
110610,7.8368,-6.6112,2.9202,-38.0800,27.1600,43.1900,-1.3021,0.9287,1.4769,0
110649,10.9509,-6.2953,1.1250,-48.1600,-18.2700,46.0600,-1.6468,-0.6247,1.5750,0
110688,7.0924,-6.1373,-0.0670,-58.5900,-27.6500,27.2300,-2.0035,-0.9455,0.9311,0
110727,7.6501,-8.4926,2.3482,-53.8300,-49.7000,38.5700,-1.8407,-1.6995,1.3189,0
110766,8.9977,-8.6075,2.4343,-32.1300,-49.1400,13.8600,-1.0987,-1.6803,0.4739,0
110805,8.3275,-7.0349,-0.2130,1.6100,-15.8200,1.7500,0.0551,-0.5410,0.0598,0
110844,6.6304,-6.1995,-0.3638,9.3800,5.0400,6.4400,0.3207,0.1723,0.2202,0
110883,5.9171,-6.3025,-0.2896,11.5500,3.0800,1.8200,0.3950,0.1053,0.0622,0
110922,5.5987,-5.3498,0.1843,6.7200,4.7600,-13.5800,0.2298,0.1628,-0.4644,0
110961,5.5963,-4.7729,-0.3160,10.8500,5.1100,-26.7400,0.3710,0.1747,-0.9144,0
111000,6.2881,-5.9697,-2.0609,13.8600,-10.8500,-31.5700,0.4739,-0.3710,-1.0795,0
111039,5.8477,-4.7298,-2.1854,-2.3100,-15.2600,-21.7000,-0.0790,-0.5218,-0.7420,0
111078,13.6868,-8.8373,-1.8623,-53.4800,-44.8000,46.0600,-1.8287,-1.5319,1.5750,0
111117,10.8121,-10.1155,0.5003,-81.9000,-21.7000,48.5800,-2.8006,-0.7420,1.6612,0
111156,7.4777,-7.6309,3.0256,-34.0200,39.7600,-1.8900,-1.1633,1.3596,-0.0646,0
111195,7.9469,-5.3115,1.6492,17.0100,52.7800,-25.6900,0.5817,1.8048,-0.8785,0
111234,9.9073,-5.0578,-1.1322,78.5400,41.8600,-23.8000,2.6857,1.4314,-0.8138,0
111273,8.0426,-5.1942,-0.6463,23.9400,34.2300,-29.6100,0.8186,1.1705,-1.0125,0
111312,8.0737,-4.6820,-0.0287,1.6800,25.4100,-22.8900,0.0574,0.8689,-0.7827,0
111351,8.6937,-4.1913,0.3734,12.0400,52.9200,-7.4200,0.4117,1.8096,-0.2537,0
111390,9.1916,-4.5814,0.1149,-12.8800,56.9800,-16.3100,-0.4404,1.9484,-0.5577,0
111429,8.5621,-4.9716,0.3997,-38.5700,53.9700,-22.9600,-1.3189,1.8455,-0.7851,0
111468,7.3533,-5.0913,-0.5242,-28.0700,48.1600,-17.7800,-0.9598,1.6468,-0.6080,0
111507,5.7639,-5.8381,-0.2609,-29.5400,64.9600,3.9200,-1.0101,2.2213,0.1340,0
111546,6.2378,-7.1283,2.6833,-41.4400,51.4500,32.2000,-1.4170,1.7593,1.1011,0
111585,10.9246,-6.5179,3.0351,-44.1700,-27.0900,40.5300,-1.5104,-0.9263,1.3859,0
111624,9.4980,-5.2947,-0.9527,-28.1400,-12.8800,18.6200,-0.9622,-0.4404,0.6367,0
111663,6.9918,-5.3785,0.8258,-61.8800,-10.0100,24.9200,-2.1160,-0.3423,0.8521,0
111702,5.8094,-5.6921,3.9950,-91.6300,-21.7000,41.2300,-3.1333,-0.7420,1.4099,0
111741,7.9900,-9.5387,3.3942,-29.1200,-47.0400,20.3000,-0.9958,-1.6085,0.6942,0
111780,8.3610,-8.0235,-1.1849,-27.3000,0.3500,-11.2700,-0.9335,0.0120,-0.3854,0
111819,6.0009,-6.9416,-0.5410,-7.8400,19.5300,-16.2400,-0.2681,0.6678,-0.5553,0
111858,4.6341,-6.4413,-0.3519,1.2600,27.0200,-27.0200,0.0431,0.9239,-0.9239,0
111897,4.0548,-5.9243,-0.0527,18.7600,22.6100,-46.4800,0.6415,0.7731,-1.5894,0
111936,6.8051,-3.8179,-0.5745,8.4000,-25.9000,-32.0600,0.2872,-0.8856,-1.0963,0
111975,14.7448,-8.7152,-1.2926,-28.2100,-85.5400,17.9900,-0.9646,-2.9250,0.6152,0
112014,10.4387,-7.5783,1.4099,-80.4300,3.8500,22.5400,-2.7503,0.1317,0.7708,0
112053,7.7267,-7.9493,1.9628,-79.3800,48.7900,-2.9400,-2.7144,1.6684,-0.1005,0
112092,8.7224,-4.7897,0.5529,-14.2800,74.9700,-26.1800,-0.4883,2.5636,-0.8952,0
112131,11.4368,-2.7287,-0.7301,0.2100,73.7100,-35.3500,0.0072,2.5205,-1.2088,0
112170,7.6046,-2.0681,-0.7157,-31.2900,85.8900,-25.4800,-1.0700,2.9370,-0.8713,0
112209,7.7027,-3.6862,-0.3423,-68.8800,56.7000,-4.5500,-2.3553,1.9388,-0.1556,0
112248,9.8067,-4.5695,0.2250,-78.2600,67.6900,7.4900,-2.6761,2.3147,0.2561,0
112287,9.3711,-5.8979,-0.2968,-68.8100,64.1200,-8.6800,-2.3529,2.1926,-0.2968,0
112326,8.2676,-5.4982,0.0287,-81.6900,69.4400,-8.5400,-2.7934,2.3745,-0.2920,0
112365,8.4113,-5.0147,-0.7803,-60.6900,92.5400,5.1800,-2.0753,3.1644,0.1771,0
112404,8.1695,-4.3971,-0.0957,-67.6200,82.9500,1.6800,-2.3123,2.8365,0.0574,0
112443,8.7057,-4.1865,-0.5242,-106.5400,38.9900,3.2200,-3.6431,1.3333,0.1101,0
112482,7.8009,-4.1530,-0.9742,-86.3100,60.4100,13.3700,-2.9514,2.0657,0.4572,0
112521,7.5735,-5.5461,0.0096,-99.5400,63.3500,26.0400,-3.4038,2.1662,0.8904,0
112560,9.1006,-7.8870,2.7048,-110.4600,43.1200,33.1800,-3.7772,1.4745,1.1346,0
112599,7.1929,-6.7955,-0.3543,-73.0800,47.9500,41.1600,-2.4990,1.6396,1.4075,0
112638,7.0636,-6.5466,-0.7229,-54.6000,70.1400,27.0200,-1.8670,2.3984,0.9239,0
112677,6.8027,-3.4468,-1.0987,-60.2700,69.3000,14.7000,-2.0609,2.3697,0.5027,0
112716,6.3814,-4.2894,-0.6008,-69.3000,59.0800,21.6300,-2.3697,2.0202,0.7396,0
112755,4.8519,-5.4551,-1.5439,-79.4500,39.9700,14.6300,-2.7168,1.3668,0.5003,0
112794,4.2631,-4.5527,-1.2591,-38.8500,39.9000,35.3500,-1.3285,1.3644,1.2088,0
112833,5.5173,-7.0924,-5.4886,-43.1200,5.8100,45.4300,-1.4745,0.1987,1.5535,0
112872,6.1588,-7.8104,0.1747,-66.1500,53.5500,61.3200,-2.2620,1.8311,2.0968,0
112911,4.9740,-3.9447,-1.2926,9.9400,17.7100,84.9100,0.3399,0.6056,2.9035,0
112950,5.4455,-3.1357,-0.0862,63.3500,23.5200,81.2700,2.1662,0.8043,2.7790,0
112989,4.1218,-4.3205,0.4955,26.4600,61.6700,88.7600,0.9048,2.1088,3.0351,0
113028,0.3973,-3.1548,0.0072,39.4800,91.6300,127.9600,1.3500,3.1333,4.3756,0
113067,0.7277,-1.1274,-1.3739,4.6200,102.1300,132.7900,0.1580,3.4923,4.5407,0
113106,0.0598,-6.5011,0.1843,-24.0800,74.4100,96.3900,-0.8234,2.5444,3.2960,0
113145,0.3231,-8.2557,2.9585,-22.8200,57.1200,79.8700,-0.7803,1.9532,2.7311,0
113184,-1.4003,-12.1214,6.8913,24.0100,15.8900,122.4300,0.8210,0.5434,4.1865,0
113223,2.9178,-12.8108,2.7934,47.3200,-11.7600,213.0100,1.6181,-0.4021,7.2838,0
113262,-5.4814,-22.0885,6.1158,67.5500,93.0300,258.4400,2.3099,3.1811,8.8373,0
113301,-26.2989,-29.1091,23.1369,190.2600,205.1700,299.6000,6.5059,7.0158,10.2448,1
113340,-15.7310,-29.3005,3.9088,121.7300,45.5700,147.2800,4.1625,1.5583,5.0362,0
113379,-0.3423,-4.3014,5.0625,51.2400,49.9800,79.3100,1.7521,1.7091,2.7120,0
113418,-6.7405,-1.2447,1.0005,162.2600,-49.1400,26.2500,5.5485,-1.6803,0.8976,0
113457,-6.0368,0.6559,3.4684,146.9300,1.2600,38.8500,5.0243,0.0431,1.3285,0
113496,-7.5878,2.8843,3.4564,126.4900,-40.9500,54.1100,4.3253,-1.4003,1.8503,0
113535,-4.2583,3.9016,4.7250,-17.0800,-77.7700,39.0600,-0.5840,-2.6593,1.3357,0
113574,-3.0686,1.9771,3.9782,23.2400,-51.4500,36.8200,0.7947,-1.7593,1.2591,0
113613,-4.2463,-0.8569,4.5503,34.3700,-63.3500,7.9100,1.1753,-2.1662,0.2705,0
113652,-6.3886,0.9742,7.5663,28.9100,-24.2200,-5.1100,0.9886,-0.8282,-0.1747,0
113691,-8.8134,1.7498,7.3940,-31.5700,-2.1000,-17.7800,-1.0795,-0.0718,-0.6080,0
113730,-11.1376,-0.4692,8.6626,0.4900,-32.4100,-13.0900,0.0168,-1.1083,-0.4476,0
113769,-12.0855,-1.6253,8.6195,-34.5800,-24.5000,-10.3600,-1.1825,-0.8378,-0.3543,0
113808,-10.4817,-2.6952,6.8338,-23.1700,-56.9100,-5.3900,-0.7923,-1.9460,-0.1843,0
113847,-7.7434,-2.9729,6.1086,-29.7500,-69.8600,-14.4900,-1.0173,-2.3889,-0.4955,0
113886,-4.4953,-3.9471,5.7974,-33.3900,-73.9200,-33.6000,-1.1418,-2.5277,-1.1489,0
113925,-2.9298,-5.4910,6.4126,-13.3000,-74.5500,-38.9200,-0.4548,-2.5492,-1.3309,0
113964,-2.9585,-4.6149,6.9416,3.2200,-87.0100,-48.0900,0.1101,-2.9753,-1.6444,0
114003,-0.5769,-6.0607,8.0857,15.5400,-78.5400,-37.4500,0.5314,-2.6857,-1.2806,0
114042,4.5599,-7.8799,7.0445,37.1000,-63.6300,0.4200,1.2686,-2.1758,0.0144,0
114081,0.0431,-6.8362,8.9666,17.8500,-11.4100,14.2800,0.6104,-0.3902,0.4883,0
114120,-2.0920,-5.5676,7.0900,26.6000,-40.2500,6.2300,0.9096,-1.3763,0.2130,0
114159,-1.1178,-5.0458,7.0325,22.1900,-22.6800,-4.8300,0.7588,-0.7755,-0.1652,0
114198,-0.3806,-5.0075,9.2155,12.5300,-22.0500,-13.6500,0.4285,-0.7540,-0.4668,0
114237,0.9958,-5.6681,9.3496,11.2000,-35.1400,-4.2000,0.3830,-1.2016,-0.1436,0
114276,1.1154,-5.7926,9.8450,10.7800,-24.5000,0.7000,0.3686,-0.8378,0.0239,0
114315,0.5457,-4.6054,9.3448,45.2200,-15.8200,-10.5700,1.5463,-0.5410,-0.3614,0
114354,-0.4907,-2.3601,8.8277,47.8800,-10.9200,-8.8200,1.6372,-0.3734,-0.3016,0
114393,-1.0364,-1.5247,8.9905,14.3500,-2.3100,-2.8700,0.4907,-0.0790,-0.0981,0
114432,-1.0293,-2.0513,8.9618,-0.4900,0.9100,-0.2800,-0.0168,0.0311,-0.0096,0
114471,-0.5793,-2.9801,9.3950,-0.5600,-2.1700,2.1000,-0.0191,-0.0742,0.0718,0
114510,-0.3136,-3.9375,9.7301,3.1500,-0.7000,5.1800,0.1077,-0.0239,0.1771,0
114549,-0.3088,-3.1859,9.6272,2.6600,-0.5600,2.7300,0.0910,-0.0191,0.0934,0
114588,-0.3327,-2.8963,8.7368,-3.8500,3.5700,1.4000,-0.1317,0.1221,0.0479,0
114627,-0.6247,-3.5737,8.9426,-11.0600,6.0200,1.8900,-0.3782,0.2059,0.0646,0
114666,-0.9479,-3.9519,9.1868,-8.6800,4.0600,3.9200,-0.2968,0.1388,0.1340,0
114705,-1.0891,-3.9471,9.1724,-6.2300,7.9100,3.3600,-0.2130,0.2705,0.1149,0
114744,-1.1920,-4.0357,8.9139,-2.4500,3.9200,1.4700,-0.0838,0.1340,0.0503,0
114783,-1.2758,-4.1051,8.7009,-3.7100,3.5000,0.9100,-0.1269,0.1197,0.0311,0
114822,-1.2232,-4.1530,8.8110,-5.1100,1.4700,0.7000,-0.1747,0.0503,0.0239,0
114861,-1.0700,-4.1649,8.7918,0.6300,-0.5600,1.6100,0.0215,-0.0191,0.0551,0
114900,-1.2734,-3.9112,9.0647,3.5700,-2.2400,0.8400,0.1221,-0.0766,0.0287,0
114939,-1.1849,-3.6192,8.9809,6.4400,-5.7400,-0.5600,0.2202,-0.1963,-0.0191,0
114978,-0.9862,-3.6288,8.8900,4.0600,-5.7400,-0.7700,0.1388,-0.1963,-0.0263,0
115017,-0.8880,-3.6024,9.1964,2.1700,-3.3600,-0.2800,0.0742,-0.1149,-0.0096,0
115056,-0.8114,-3.7006,9.1293,2.1000,-4.4100,-0.1400,0.0718,-0.1508,-0.0048,0
115095,-0.7109,-3.5761,9.1054,3.1500,-5.7400,-0.6300,0.1077,-0.1963,-0.0215,0
115134,-0.5529,-3.5689,9.0097,2.4500,-4.8300,-2.3100,0.0838,-0.1652,-0.0790,0
115173,-0.6822,-3.7197,9.0192,0.7700,-1.1900,-1.4000,0.0263,-0.0407,-0.0479,0
115212,-0.7588,-3.6288,9.0767,1.1900,-0.7700,-0.3500,0.0407,-0.0263,-0.0120,0
115251,-0.7301,-3.6695,9.0551,-0.3500,0.0700,0.2100,-0.0120,0.0024,0.0072,0
115290,-0.6798,-3.6886,9.0240,-0.5600,0.9800,0.3500,-0.0191,0.0335,0.0120,0
115329,-0.8043,-3.7748,8.9690,-0.7000,1.8900,0.5600,-0.0239,0.0646,0.0191,0
115368,-0.9503,-3.8155,9.0910,0.0000,0.9100,0.3500,0.0000,0.0311,0.0120,0
115407,-0.9551,-3.6359,9.0144,0.5600,-2.1000,-0.0700,0.0191,-0.0718,-0.0024,0
115446,-0.8402,-3.7413,8.9211,0.4200,-0.4200,0.7000,0.0144,-0.0144,0.0239,0
115485,-0.8186,-3.8035,9.0767,0.7000,-0.1400,0.8400,0.0239,-0.0048,0.0287,0
115524,-0.8282,-3.6383,9.0767,1.4700,-1.6100,0.2100,0.0503,-0.0551,0.0072,0
115563,-0.7708,-3.6264,8.9738,1.1900,-1.4700,0.2100,0.0407,-0.0503,0.0072,0
115602,-0.7133,-3.7317,9.0671,0.5600,-1.3300,0.7000,0.0191,-0.0455,0.0239,0
115641,-0.8138,-3.7101,9.1629,0.4200,0.2800,0.6300,0.0144,0.0096,0.0215,0
115680,-0.8234,-3.5641,9.0504,0.7700,-1.1900,0.0000,0.0263,-0.0407,0.0000,0
115719,-0.7468,-3.6910,9.0097,-0.5600,0.1400,0.6300,-0.0191,0.0048,0.0215,0
115758,-0.7444,-3.7149,9.0192,-0.2100,0.1400,1.0500,-0.0072,0.0048,0.0359,0
115797,-0.7947,-3.6718,9.0504,-0.3500,-0.4900,1.0500,-0.0120,-0.0168,0.0359,0
115836,-0.8162,-3.7245,9.0216,-0.0700,-1.7500,0.9100,-0.0024,-0.0598,0.0311,0
115875,-0.8258,-3.7245,9.0791,0.4900,-0.6300,0.4200,0.0168,-0.0215,0.0144,0
115914,-0.7923,-3.6982,9.0480,-0.1400,0.0000,0.2800,-0.0048,0.0000,0.0096,0
115953,-0.8473,-3.7580,8.9929,0.5600,0.2100,0.2800,0.0191,0.0072,0.0096,0
115992,-0.8497,-3.7365,9.0097,0.5600,-0.3500,0.2800,0.0191,-0.0120,0.0096,0
116031,-0.8114,-3.7556,9.0408,0.8400,-1.8900,0.6300,0.0287,-0.0646,0.0215,0
116070,-0.7779,-3.6455,9.0599,1.3300,-2.5200,0.8400,0.0455,-0.0862,0.0287,0
116109,-0.7612,-3.6886,9.0192,0.7000,-1.4700,0.6300,0.0239,-0.0503,0.0215,0
116148,-0.7971,-3.7269,9.0384,0.9800,-0.7000,0.2800,0.0335,-0.0239,0.0096,0
116187,-0.7396,-3.6359,9.1533,0.9100,0.1400,-0.1400,0.0311,0.0048,-0.0048,0
116226,-0.6630,-3.6312,9.0264,1.8200,-0.8400,0.0000,0.0622,-0.0287,0.0000,0
116265,-0.7205,-3.5857,9.1030,0.8400,0.0700,0.1400,0.0287,0.0024,0.0048,0
116304,-0.7660,-3.6144,9.0480,-0.0700,0.2800,0.5600,-0.0024,0.0096,0.0191,0
116343,-0.8138,-3.7508,9.0073,-0.2800,-1.2600,0.9800,-0.0096,-0.0431,0.0335,0
116382,-0.8306,-3.7341,9.0839,0.3500,-0.2800,0.7000,0.0120,-0.0096,0.0239,0
116421,-0.8234,-3.7030,9.0288,0.7000,-0.3500,0.2800,0.0239,-0.0120,0.0096,0
116460,-0.7779,-3.6790,9.0599,0.8400,-0.7700,0.0000,0.0287,-0.0263,0.0000,0
116499,-0.6774,-3.6264,9.0623,0.9800,-0.6300,0.0700,0.0335,-0.0215,0.0024,0
116538,-0.7348,-3.7077,9.0216,0.2800,0.1400,0.1400,0.0096,0.0048,0.0048,0
116577,-0.7971,-3.6934,9.0839,0.4200,-0.5600,0.3500,0.0144,-0.0191,0.0120,0
116616,-0.8330,-3.6216,9.0695,0.8400,-0.7000,0.4900,0.0287,-0.0239,0.0168,0
116655,-0.7851,-3.6742,9.0360,0.4200,-0.7000,0.2100,0.0144,-0.0239,0.0072,0
116694,-0.8426,-3.7580,9.0575,0.7700,-1.8900,-0.1400,0.0263,-0.0646,-0.0048,0
116733,-0.8186,-3.6814,9.0551,1.5400,-0.8400,-0.4900,0.0527,-0.0287,-0.0168,0
116772,-0.7348,-3.6575,9.0527,1.6800,-2.1000,0.0000,0.0574,-0.0718,0.0000,0
116811,-0.6702,-3.5905,9.0168,1.3300,-3.2900,-0.0700,0.0455,-0.1125,-0.0024,0
116850,-0.6606,-3.6575,9.2371,0.2800,-1.2600,0.2800,0.0096,-0.0431,0.0096,0
116889,-0.6583,-3.5929,9.1293,1.3300,-1.0500,0.4900,0.0455,-0.0359,0.0168,0
116928,-0.6391,-3.5593,9.2347,-1.6800,0.9100,-0.2100,-0.0574,0.0311,-0.0072,0
116967,-0.6463,-3.7149,9.0408,-0.2800,-0.1400,0.0000,-0.0096,-0.0048,0.0000,0
117006,-0.7109,-3.4636,8.8660,1.4000,-0.1400,0.4900,0.0479,-0.0048,0.0168,0
117045,-0.9335,-3.6024,9.3903,-3.7800,1.8200,0.3500,-0.1293,0.0622,0.0120,0
117084,-0.9144,-3.8609,9.3903,-6.6500,-0.9800,1.0500,-0.2274,-0.0335,0.0359,0
117123,-0.8569,-3.7389,10.4195,-27.3000,7.7000,-3.9200,-0.9335,0.2633,-0.1340,0
117162,0.0766,-3.9136,8.9043,-6.9300,3.9200,-0.5600,-0.2370,0.1340,-0.0191,0
117201,-0.7157,-3.7054,8.5453,3.0800,13.9300,3.5700,0.1053,0.4763,0.1221,0
117240,-1.2495,-3.6168,8.4160,-1.8200,10.3600,1.7500,-0.0622,0.3543,0.0598,0
117279,-1.2088,-4.3947,8.5573,-14.0700,-3.3600,-6.6500,-0.4811,-0.1149,-0.2274,0
117318,-0.8641,-4.1721,8.2940,-25.2700,0.9100,-12.7400,-0.8641,0.0311,-0.4356,0
117357,-1.0412,-4.1195,10.0174,-6.5100,-1.1200,-11.4100,-0.2226,-0.0383,-0.3902,0
117396,0.0407,-3.5522,9.9815,4.6200,4.4800,-9.5200,0.1580,0.1532,-0.3255,0
117435,-0.8497,-3.4253,9.0097,-7.6300,12.0400,-6.7200,-0.2609,0.4117,-0.2298,0
117474,-1.0556,-4.5192,8.1288,-15.4700,15.5400,-0.9800,-0.5290,0.5314,-0.0335,0
117513,-1.4099,-4.9524,8.6075,-5.9500,20.2300,6.3700,-0.2035,0.6918,0.2178,0
117552,-1.0317,-3.9543,7.9924,6.0900,14.4200,6.3700,0.2082,0.4931,0.2178,0
117591,-0.4380,-3.6934,8.7416,-3.0800,10.6400,1.4700,-0.1053,0.3638,0.0503,0
117630,-0.0838,-3.9256,8.7559,-0.4200,22.1200,-1.5400,-0.0144,0.7564,-0.0527,0
117669,-0.5793,-4.0213,8.8158,-7.9100,30.1700,-14.5600,-0.2705,1.0317,-0.4979,0
117708,-0.8426,-3.7149,8.4926,-12.2500,45.4300,-20.1600,-0.4189,1.5535,-0.6894,0
117747,-1.6923,-4.3133,8.4184,-12.8800,57.7500,-19.1800,-0.4404,1.9748,-0.6559,0
117786,-1.8694,-4.4617,8.5333,-13.9300,60.6900,-16.2400,-0.4763,2.0753,-0.5553,0
117825,-2.0729,-4.2320,7.9780,-1.9600,60.4800,-10.3600,-0.0670,2.0681,-0.3543,0
117864,-2.1040,-3.2601,7.7985,-16.1000,57.8200,-15.4000,-0.5505,1.9771,-0.5266,0
117903,-2.8389,-3.9399,6.9631,-37.1700,73.2200,-15.7500,-1.2710,2.5037,-0.5386,0
117942,-3.7125,-4.7107,6.3455,-50.1900,67.0600,-13.8600,-1.7162,2.2931,-0.4739,0
117981,-3.7365,-4.6102,5.5700,-49.6300,64.1200,-6.3000,-1.6971,2.1926,-0.2154,0
118020,-4.9572,-5.5173,6.0104,-56.9800,65.5900,2.1000,-1.9484,2.2428,0.0718,0
118059,-6.1181,-6.2785,7.0397,-67.4800,48.0200,1.2600,-2.3075,1.6420,0.0431,0
118098,-5.0578,-6.5035,6.7166,-46.9700,14.9800,-8.6800,-1.6061,0.5122,-0.2968,0
118137,-3.7293,-6.0128,6.3814,-17.3600,0.9800,-6.3700,-0.5936,0.0335,-0.2178,0
118176,-3.5593,-5.4072,6.7453,-20.4400,-4.5500,3.5700,-0.6989,-0.1556,0.1221,0
118215,-4.2056,-5.7926,5.0003,-31.0800,3.7100,18.1300,-1.0628,0.1269,0.6200,0
118254,-6.1660,-7.9660,5.0985,-61.6000,20.2300,16.4500,-2.1064,0.6918,0.5625,0
118293,-7.3772,-9.1461,4.3588,-57.3300,29.3300,2.1000,-1.9604,1.0029,0.0718,0
118332,-6.3575,-8.7631,4.1506,-53.6200,10.1500,-9.5200,-1.8335,0.3471,-0.3255,0
118371,-5.5006,-7.8918,2.9705,-31.0100,-6.1600,-14.9800,-1.0604,-0.2106,-0.5122,0
118410,-5.0314,-7.1953,3.5330,-18.1300,-8.8900,-15.0500,-0.6200,-0.3040,-0.5146,0
118449,-4.8902,-6.4892,3.2625,-23.8000,-3.6400,-14.0700,-0.8138,-0.1245,-0.4811,0
118488,-5.0434,-7.7123,3.8633,-31.9900,6.3700,-15.9600,-1.0939,0.2178,-0.5457,0
118527,-5.3402,-9.0312,3.0399,-23.6600,1.1200,-19.6000,-0.8091,0.0383,-0.6702,0
118566,-5.3977,-8.5405,2.4559,0.9100,0.2800,-30.1000,0.0311,0.0096,-1.0293,0
118605,-5.9147,-8.1168,3.1859,-4.4100,4.4800,-39.7600,-0.1508,0.1532,-1.3596,0
118644,-4.8304,-8.0642,3.0232,6.7900,-25.6900,-34.8600,0.2322,-0.8785,-1.1920,0
118683,-3.4780,-8.5381,3.4995,10.7800,-35.7000,-34.5100,0.3686,-1.2208,-1.1801,0
118722,-2.8389,-9.0743,3.3415,24.0100,-29.8200,-38.3600,0.8210,-1.0197,-1.3117,0
118761,-4.0429,-10.4171,3.7221,27.5100,-16.1700,-42.7700,0.9407,-0.5529,-1.4625,0
118800,-3.1620,-8.6937,3.9351,40.0400,-28.1400,-46.1300,1.3692,-0.9622,-1.5774,0
118839,-3.7054,-8.8254,3.5665,44.1000,-21.8400,-49.7000,1.5080,-0.7468,-1.6995,0
118878,-4.4043,-9.0504,4.8304,35.4900,-39.8300,-56.2800,1.2136,-1.3620,-1.9245,0
118917,-4.3564,-8.0881,5.3761,35.0000,-43.4700,-53.5500,1.1968,-1.4865,-1.8311,0
118956,-2.6713,-7.0205,4.2176,22.9600,-65.1700,-44.8000,0.7851,-2.2285,-1.5319,0
118995,-1.8910,-6.9775,7.5783,-7.9100,-57.4000,-35.7000,-0.2705,-1.9628,-1.2208,0
119034,-0.4069,-7.5065,5.7112,-11.4100,-52.4300,-22.0500,-0.3902,-1.7928,-0.7540,0
119073,0.7827,-7.9253,6.4820,-37.3100,-63.2100,-24.0800,-1.2758,-2.1615,-0.8234,0
119112,0.9934,-8.5357,5.9889,-51.0300,-64.9600,-14.7700,-1.7450,-2.2213,-0.5051,0
119151,1.7833,-9.9121,6.4221,-41.1600,-74.1300,-12.8800,-1.4075,-2.5349,-0.4404,0
119190,3.0495,-10.1227,6.2283,-26.6700,-64.7500,-3.6400,-0.9120,-2.2141,-0.1245,0
119229,2.9298,-9.9719,5.7232,-3.2200,-40.2500,-2.6600,-0.1101,-1.3763,-0.0910,0
119268,1.3404,-9.5243,4.8112,-8.8200,-33.3200,-6.0900,-0.3016,-1.1394,-0.2082,0
119307,0.1819,-8.7847,5.3737,-11.5500,-43.5400,-0.7000,-0.3950,-1.4888,-0.0239,0
119346,0.6535,-7.7865,4.9094,-5.1800,-54.6700,19.6000,-0.1771,-1.8694,0.6702,0
119385,0.0479,-7.7410,3.2171,7.8400,-64.4700,24.1500,0.2681,-2.2045,0.8258,0
119424,-0.2777,-7.2455,2.7814,1.0500,-60.2700,33.1800,0.0359,-2.0609,1.1346,0
119463,-1.2327,-5.8118,2.8101,-13.0200,-86.9400,48.0200,-0.4452,-2.9729,1.6420,0
119502,0.1580,-7.3461,0.9455,-20.0900,-93.4500,61.8800,-0.6870,-3.1955,2.1160,0
119541,0.5840,-7.4658,1.2303,-49.7700,-83.0900,69.4400,-1.7019,-2.8413,2.3745,0
119580,2.7168,-7.6884,-0.1077,-82.1100,-70.1400,59.4300,-2.8077,-2.3984,2.0322,0
119619,2.3075,-8.7966,0.8521,-87.7100,-63.7700,41.7900,-2.9992,-2.1806,1.4290,0
119658,0.2130,-10.4123,-0.2394,-66.0100,-55.2300,20.7900,-2.2572,-1.8886,0.7109,0
119697,-2.4559,-9.5099,-0.3686,-63.0700,-70.9100,-8.7500,-2.1567,-2.4248,-0.2992,0
119736,-0.6942,-10.9844,-3.3870,-79.6600,-86.5900,-26.3900,-2.7240,-2.9609,-0.9024,0
119775,2.0035,-11.3387,-1.4649,-71.8900,-98.9800,-29.6100,-2.4583,-3.3846,-1.0125,0
119814,6.8626,-14.6156,0.1293,-60.6200,-77.2800,-12.0400,-2.0729,-2.6426,-0.4117,0
119853,4.0812,-12.2171,-4.4187,-7.4900,-57.0500,-34.5800,-0.2561,-1.9508,-1.1825,0
119892,4.0022,-9.8355,0.3686,-38.7100,-36.1200,-49.8400,-1.3237,-1.2351,-1.7043,0
119931,5.5796,-12.7677,-1.5295,-47.7400,-36.9600,-56.6300,-1.6325,-1.2638,-1.9365,0
119970,3.9974,-12.3703,-1.9388,-22.2600,-24.9200,-70.2800,-0.7612,-0.8521,-2.4032,0
120009,4.2128,-11.0395,-2.0466,-9.8000,-27.5800,-71.0500,-0.3351,-0.9431,-2.4295,0
120048,4.2343,-10.2304,-1.7138,-3.1500,-22.4700,-66.9900,-0.1077,-0.7684,-2.2907,0
120087,4.4546,-9.2395,-2.0873,2.1700,-16.1000,-66.5700,0.0742,-0.5505,-2.2764,0
120126,4.5383,-9.2897,-2.1136,13.3700,-16.3100,-70.4900,0.4572,-0.5577,-2.4104,0
120165,5.1727,-7.8535,-2.5133,34.3700,-27.9300,-65.7300,1.1753,-0.9551,-2.2476,0
120204,6.2474,-6.2091,-1.7833,49.1400,-49.4200,-58.1000,1.6803,-1.6899,-1.9867,0
120243,7.4538,-5.2660,-1.3069,45.2900,-42.0700,-49.4900,1.5487,-1.4386,-1.6923,0
120282,7.0780,-5.5126,-1.0197,27.7900,-6.7200,-40.3900,0.9503,-0.2298,-1.3811,0
120321,4.8280,-6.9607,-0.6463,35.5600,-14.0000,-34.5100,1.2160,-0.4787,-1.1801,0
120360,3.7341,-6.7118,-1.1992,56.7000,-34.1600,-27.3700,1.9388,-1.1681,-0.9359,0
120399,3.8681,-6.2235,-1.2423,55.7200,-42.4900,-20.7900,1.9053,-1.4529,-0.7109,0
120438,4.3732,-6.2953,-1.4122,53.4800,-33.8100,-20.6500,1.8287,-1.1561,-0.7061,0
120477,5.2014,-5.2277,-1.1681,54.8100,-47.3900,-21.9800,1.8742,-1.6205,-0.7516,0
120516,5.8501,-4.1697,-1.0676,67.2000,-67.8300,-17.2200,2.2979,-2.3194,-0.5888,0
120555,6.8027,-5.2780,-0.7971,57.9600,-74.9700,3.0800,1.9819,-2.5636,0.1053,0
120594,8.2126,-7.0780,0.1221,50.6100,-77.9100,3.2900,1.7306,-2.6641,0.1125,0
120633,7.6357,-6.6136,-0.0574,39.8300,-84.3500,-23.9400,1.3620,-2.8843,-0.8186,0
120672,8.3131,-7.7745,-1.2997,41.2300,-58.3800,-17.0100,1.4099,-1.9963,-0.5817,0
120711,7.7913,-9.9647,-2.5181,69.2300,-21.4900,11.8300,2.3673,-0.7348,0.4045,0
120750,4.4234,-9.8786,-1.1154,86.8700,-26.5300,22.4700,2.9705,-0.9072,0.7684,0
120789,3.0663,-9.1652,2.1375,56.8400,-53.9700,9.2400,1.9436,-1.8455,0.3160,0
120828,3.8873,-8.8206,1.5846,47.0400,-71.8900,-2.4500,1.6085,-2.4583,-0.0838,0
120867,5.0913,-7.3700,0.0287,57.1900,-68.0400,-12.8100,1.9556,-2.3266,-0.4380,0
120906,5.7447,-7.9349,-1.0580,77.0700,-65.3100,-24.4300,2.6354,-2.2333,-0.8354,0
120945,5.1224,-7.2743,0.9886,51.1700,-33.8100,-37.3100,1.7498,-1.1561,-1.2758,0
120984,5.6322,-5.0362,0.0263,41.5800,-49.6300,-40.6700,1.4218,-1.6971,-1.3907,0
121023,7.2838,-3.7030,-1.3309,89.1800,-51.5200,-35.0700,3.0495,-1.7617,-1.1992,0
121062,9.3017,-4.6461,-1.9724,137.8300,-59.1500,-41.3000,4.7131,-2.0226,-1.4122,0
121101,10.4219,-5.9003,1.3500,59.7800,-32.7600,-38.7100,2.0442,-1.1202,-1.3237,0
121140,9.2562,-7.4179,1.9939,-18.4100,-36.5400,-21.9800,-0.6295,-1.2495,-0.7516,0
121179,7.6644,-8.2341,2.5157,10.1500,-76.9300,-9.7300,0.3471,-2.6306,-0.3327,0
121218,6.3336,-8.4950,1.2974,60.2000,-19.3200,-14.2100,2.0585,-0.6606,-0.4859,0
121257,5.8979,-9.8977,0.4500,56.4200,-36.7500,-11.6900,1.9293,-1.2567,-0.3997,0
121296,5.1774,-7.6357,-0.4620,41.1600,-36.4700,-8.2600,1.4075,-1.2471,-0.2824,0
121335,7.2958,-5.6729,-0.0096,67.9000,-23.5900,-2.9400,2.3218,-0.8067,-0.1005,0
121374,7.8344,-5.0314,-0.9503,52.0100,5.3200,-9.9400,1.7785,0.1819,-0.3399,0
121413,7.5352,-5.9913,-0.6223,13.0200,5.5300,-11.3400,0.4452,0.1891,-0.3878,0
121452,7.0110,-6.6256,0.5697,4.3400,21.6300,-11.9000,0.1484,0.7396,-0.4069,0
121491,6.5155,-6.2905,0.8761,26.2500,20.4400,-6.5800,0.8976,0.6989,-0.2250,0
121530,7.4394,-6.4461,1.1657,48.0900,17.8500,4.1300,1.6444,0.6104,0.1412,0
121569,8.5644,-6.2019,0.8641,79.9400,6.4400,25.5500,2.7335,0.2202,0.8737,0
121608,8.1384,-6.7477,0.3495,52.7100,-25.6200,23.8700,1.8024,-0.8761,0.8162,0
121647,7.5256,-5.9267,1.1106,12.6700,2.0300,14.7000,0.4332,0.0694,0.5027,0
121686,7.0660,-5.5030,1.2902,9.5900,6.5800,21.0700,0.3279,0.2250,0.7205,0
121725,7.2623,-6.0224,1.7665,-8.2600,1.2600,21.9100,-0.2824,0.0431,0.7492,0
121764,8.2700,-6.1947,2.2907,-35.1400,-12.1100,16.6600,-1.2016,-0.4141,0.5697,0
121803,8.5070,-7.2862,0.6798,-33.7400,-42.9100,10.3600,-1.1537,-1.4673,0.3543,0
121842,7.4155,-8.0139,0.0814,-7.0700,-40.5300,14.4200,-0.2418,-1.3859,0.4931,0
121881,6.4006,-7.7267,2.8652,-18.4100,-20.6500,32.4100,-0.6295,-0.7061,1.1083,0
121920,6.3503,-7.2719,3.8681,-50.5400,-43.6800,28.4200,-1.7282,-1.4936,0.9718,0
121959,6.8003,-9.9911,2.4535,3.5700,-56.6300,14.7700,0.1221,-1.9365,0.5051,0
121998,5.8788,-9.7852,0.9981,0.6300,-46.2000,-18.5500,0.0215,-1.5798,-0.6343,0
122037,4.6341,-7.3916,0.2059,-14.1400,-19.4600,-30.7300,-0.4835,-0.6654,-1.0508,0
122076,3.7915,-6.2809,-1.0341,20.3700,-38.0800,-12.3200,0.6965,-1.3021,-0.4213,0
122115,4.6054,-5.0482,-0.6439,55.3700,-41.5800,-3.7100,1.8934,-1.4218,-0.1269,0
122154,6.4269,-5.1080,-1.1633,49.6300,-45.5000,-3.9200,1.6971,-1.5559,-0.1340,0
122193,7.5519,-6.0751,-1.6540,35.9100,-32.5500,1.4700,1.2279,-1.1130,0.0503,0
122232,8.2245,-7.2767,-1.5607,31.7100,-41.3000,-11.1300,1.0843,-1.4122,-0.3806,0
122271,7.3174,-7.2527,-1.5870,3.5700,-48.6500,-20.3700,0.1221,-1.6636,-0.6965,0
122310,6.9176,-7.4729,-1.6612,-1.3300,-58.1000,-7.5600,-0.0455,-1.9867,-0.2585,0
122349,9.6512,-9.2490,-0.5386,11.5500,-59.5700,20.6500,0.3950,-2.0370,0.7061,0
122388,9.6871,-7.4993,0.8833,13.7900,-19.3900,26.3200,0.4715,-0.6630,0.9000,0
122427,9.1341,-7.0445,1.3476,18.2000,-1.8200,-10.1500,0.6223,-0.0622,-0.3471,0
122466,9.9169,-5.0123,1.5080,7.4900,-3.9200,-41.3700,0.2561,-0.1340,-1.4146,0
122505,10.0653,-5.3187,2.1950,-58.3100,21.9100,-74.7600,-1.9939,0.7492,-2.5564,0
122544,7.0182,-4.9596,-0.6247,-20.5800,28.3500,-40.5300,-0.7037,0.9694,-1.3859,0
122583,7.5567,-4.0405,-1.1274,1.5400,62.8600,-4.4800,0.0527,2.1495,-0.1532,0
122622,8.8493,-3.3726,0.1436,20.6500,59.2200,-1.1200,0.7061,2.0250,-0.0383,0
122661,8.9259,-3.4708,-0.5912,-22.7500,39.8300,-6.6500,-0.7779,1.3620,-0.2274,0
122700,10.1131,-3.5976,0.0742,-62.4400,37.4500,-3.0800,-2.1351,1.2806,-0.1053,0
122739,9.9934,-3.1596,-0.4883,-72.7300,52.4300,-0.3500,-2.4870,1.7928,-0.0120,0
122778,9.0264,-3.0663,-0.3662,-77.0700,74.4800,12.7400,-2.6354,2.5468,0.4356,0
122817,9.5099,-3.4804,0.3279,-96.7400,95.7600,29.7500,-3.3080,3.2745,1.0173,0
122856,9.4262,-3.4181,1.0005,-130.9000,97.6500,36.8900,-4.4761,3.3391,1.2614,0
122895,9.8570,-5.2253,0.3016,-135.0300,44.9400,27.1600,-4.6173,1.5367,0.9287,0
122934,10.1873,-8.3059,-2.0059,-111.7200,55.2300,10.3600,-3.8202,1.8886,0.3543,0
122973,5.8405,-8.7440,-0.3471,-98.1400,101.7800,-10.5700,-3.3559,3.4804,-0.3614,0
123012,4.2966,-8.9977,-0.6008,-55.8600,97.0200,-4.5500,-1.9101,3.3176,-0.1556,0
123051,6.1421,-7.3437,0.1460,-47.5300,60.5500,21.9100,-1.6253,2.0705,0.7492,0
123090,7.1402,-6.7955,-0.1532,-42.4900,48.6500,30.2400,-1.4529,1.6636,1.0341,0
123129,6.6495,-6.0344,0.4979,-64.0500,62.5800,14.1400,-2.1902,2.1399,0.4835,0
123168,6.0703,-6.5681,0.9144,-63.2100,57.6800,1.5400,-2.1615,1.9724,0.0527,0
123207,5.9147,-7.0971,0.6295,-57.1200,52.3600,1.7500,-1.9532,1.7904,0.0598,0
123246,5.9961,-7.1690,0.1125,-52.7100,45.8500,5.5300,-1.8024,1.5678,0.1891,0
123285,6.0918,-7.2360,0.2872,-47.6000,58.5200,2.5900,-1.6277,2.0011,0.0886,0
123324,6.1684,-7.1977,1.6372,-45.0100,53.1300,-15.3300,-1.5391,1.8168,-0.5242,0
123363,5.7926,-7.5591,1.7976,-48.7900,43.5400,-31.1500,-1.6684,1.4888,-1.0652,0
123402,6.3072,-8.0666,1.3237,-45.9900,32.9000,-32.5500,-1.5726,1.1250,-1.1130,0
123441,6.1923,-8.1408,0.8880,-43.8900,42.4900,-42.9800,-1.5008,1.4529,-1.4697,0
123480,4.9261,-6.9942,0.2777,-19.6000,22.6800,-57.0500,-0.6702,0.7755,-1.9508,0
123519,8.9450,-11.0203,1.7282,0.9100,14.9100,-20.3000,0.0311,0.5098,-0.6942,0
123558,9.3807,-7.7099,2.0537,-2.0300,25.9700,16.5200,-0.0694,0.8880,0.5649,0
123597,6.7309,-6.2929,0.5434,5.0400,2.8700,-25.8300,0.1723,0.0981,-0.8833,0
123636,7.5495,-5.9458,0.3686,-3.0800,-19.9500,-22.4700,-0.1053,-0.6822,-0.7684,0
123675,8.9522,-4.1003,0.4620,-2.9400,17.0100,-6.3700,-0.1005,0.5817,-0.2178,0
123714,9.7996,-2.6928,-1.1011,-1.4700,26.1100,-1.9600,-0.0503,0.8928,-0.0670,0
123753,9.3113,-3.8921,-1.4649,-49.0700,30.7300,-5.5300,-1.6779,1.0508,-0.1891,0
123792,9.5458,-4.8328,-0.1293,-98.9800,50.7500,-11.3400,-3.3846,1.7354,-0.3878,0
123831,9.3256,-5.3929,0.0024,-66.0800,34.0200,-22.7500,-2.2596,1.1633,-0.7779,0
123870,8.3634,-6.3623,0.2513,-49.4200,29.4700,-11.7600,-1.6899,1.0077,-0.4021,0
123909,8.5094,-6.1780,1.0556,-31.1500,24.2900,-9.5900,-1.0652,0.8306,-0.3279,0
123948,8.5836,-5.4982,0.8665,-18.8300,22.6100,-8.6800,-0.6439,0.7731,-0.2968,0
123987,7.9014,-5.4240,0.4189,-7.7000,21.4200,-4.2700,-0.2633,0.7325,-0.1460,0
124026,7.7745,-5.6466,0.7588,-9.7300,28.7700,5.0400,-0.3327,0.9838,0.1723,0
124065,7.9469,-5.0673,0.7660,-8.1900,32.3400,13.0200,-0.2801,1.1059,0.4452,0
124104,7.4849,-4.4498,0.4141,-5.3900,23.1700,17.8500,-0.1843,0.7923,0.6104,0
124143,7.9349,-5.2349,-0.0383,8.0500,19.1800,27.6500,0.2753,0.6559,0.9455,0
124182,8.7727,-5.9123,1.3955,-14.6300,18.6900,37.5900,-0.5003,0.6391,1.2854,0
124221,7.7769,-5.3211,1.6444,-43.1200,21.4900,37.0300,-1.4745,0.7348,1.2662,0
124260,7.4203,-4.6197,0.7013,-53.4800,-1.4700,27.5800,-1.8287,-0.0503,0.9431,0
124299,7.7147,-4.3181,0.4332,-73.9900,3.2200,43.5400,-2.5301,0.1101,1.4888,0
124338,7.6525,-6.6088,2.5899,-89.3200,-4.3400,43.6100,-3.0543,-0.1484,1.4912,0
124377,6.9368,-8.0402,1.3404,-77.3500,-8.0500,24.7100,-2.6450,-0.2753,0.8450,0
124416,5.8596,-8.4639,1.2519,-56.5600,0.6300,12.6000,-1.9341,0.0215,0.4309,0
124455,5.6298,-8.9331,-0.2633,-13.1600,-7.9800,10.1500,-0.4500,-0.2729,0.3471,0
124494,5.8261,-8.3059,0.3279,-3.2200,-9.2400,5.5300,-0.1101,-0.3160,0.1891,0
124533,6.3479,-7.5974,0.2896,16.8000,-17.0100,-10.7800,0.5745,-0.5817,-0.3686,0
124572,5.7878,-6.6208,0.0551,21.3500,1.7500,-30.1000,0.7301,0.0598,-1.0293,0
124611,5.4814,-6.5849,0.6104,23.1700,-4.4800,-37.8700,0.7923,-0.1532,-1.2950,0
124650,6.6615,-6.0415,1.7474,-0.2800,-26.6000,-30.8700,-0.0096,-0.9096,-1.0556,0
124689,10.0341,-7.4155,0.3207,16.1700,-57.0500,-12.8100,0.5529,-1.9508,-0.4380,0
124728,9.8115,-7.4897,0.0048,43.2600,-32.9000,-3.1500,1.4793,-1.1250,-0.1077,0
124767,8.5190,-6.0775,1.4649,38.1500,-9.2400,-21.7000,1.3045,-0.3160,-0.7420,0
124806,7.1881,-6.1469,0.5146,64.1200,-14.6300,-25.2000,2.1926,-0.5003,-0.8617,0
124845,6.5873,-6.4293,-0.2681,55.7200,-30.3800,-19.3200,1.9053,-1.0388,-0.6606,0
124884,7.2934,-6.4293,0.0239,70.1400,-34.0900,-13.3700,2.3984,-1.1657,-0.4572,0
124923,8.1144,-6.3384,-0.1317,91.9800,-45.8500,-20.2300,3.1452,-1.5678,-0.6918,0
124962,8.3706,-4.9453,-0.7540,84.2800,-53.6200,-20.1600,2.8819,-1.8335,-0.6894,0
125001,8.4591,-4.6461,-0.4907,84.4200,-51.7300,-16.3800,2.8867,-1.7689,-0.5601,0
125040,9.3855,-3.8657,-0.3878,66.0100,-43.1200,-14.3500,2.2572,-1.4745,-0.4907,0
125079,8.9402,-4.3253,-0.6223,49.9800,-36.7500,-18.4100,1.7091,-1.2567,-0.6295,0
125118,8.6219,-5.1918,-0.6176,46.1300,-46.8300,-17.2200,1.5774,-1.6013,-0.5888,0
125157,8.3011,-5.2014,-0.3710,43.9600,-38.5000,-12.1100,1.5032,-1.3165,-0.4141,0
125196,8.5214,-4.7011,-0.1221,26.4600,-11.5500,-6.7200,0.9048,-0.3950,-0.2298,0
125235,9.1509,-4.6820,-1.1346,35.7000,-9.2400,0.9800,1.2208,-0.3160,0.0335,0
125274,8.8134,-4.9070,-0.9335,24.9900,-16.4500,8.8200,0.8545,-0.5625,0.3016,0
125313,8.3035,-5.0721,-0.3926,8.8200,-18.5500,18.5500,0.3016,-0.6343,0.6343,0
125352,8.3873,-5.2923,-0.2394,5.4600,-15.8900,18.8300,0.1867,-0.5434,0.6439,0
125391,8.7368,-5.4623,-0.5912,12.8800,-6.3000,14.0700,0.4404,-0.2154,0.4811,0
125430,8.4448,-5.0075,-0.8689,18.8300,1.9600,12.2500,0.6439,0.0670,0.4189,0
125469,8.3825,-4.7657,-0.6511,19.6700,1.8200,15.8900,0.6726,0.0622,0.5434,0
125508,8.5668,-4.4833,-0.3567,10.2900,2.6600,17.5000,0.3519,0.0910,0.5984,0
125547,8.6722,-4.0405,-0.1915,0.5600,4.9000,14.9800,0.0191,0.1676,0.5122,0
125586,8.4759,-4.2056,0.1197,-5.3900,5.7400,15.4700,-0.1843,0.1963,0.5290,0
125625,8.5501,-4.4282,-0.0742,-18.0600,-0.1400,11.1300,-0.6176,-0.0048,0.3806,0
125664,7.9565,-6.0392,-0.0096,-37.4500,-0.4200,7.3500,-1.2806,-0.0144,0.2513,0
125703,8.1527,-8.1240,0.8976,-55.8600,-7.6300,7.4900,-1.9101,-0.2609,0.2561,0
125742,7.4011,-9.9671,1.2088,-40.2500,-3.7100,8.5400,-1.3763,-0.1269,0.2920,0
125781,6.2187,-8.8636,1.5008,-4.9700,-3.7100,16.4500,-0.1699,-0.1269,0.5625,0
125820,6.4030,-7.0086,1.1035,-9.1000,-3.1500,22.6800,-0.3112,-0.1077,0.7755,0
125859,6.7812,-7.0493,-1.0484,-9.1000,7.5600,30.2400,-0.3112,0.2585,1.0341,0
125898,6.3503,-8.2365,-0.6606,-11.4100,-1.0500,26.8800,-0.3902,-0.0359,0.9192,0
125937,5.8165,-8.3442,0.7133,-12.8800,7.5600,11.8300,-0.4404,0.2585,0.4045,0
125976,6.3144,-7.3413,0.5122,-18.8300,25.6200,-1.8900,-0.6439,0.8761,-0.0646,0
126015,6.7884,-7.6070,-0.2992,1.8200,14.5600,-6.6500,0.0622,0.4979,-0.2274,0
126054,7.3916,-7.7291,-0.4261,15.4000,18.0600,-0.1400,0.5266,0.6176,-0.0048,0
126093,7.6932,-7.0924,0.4189,19.8100,10.6400,-2.1700,0.6774,0.3638,-0.0742,0
126132,6.9822,-5.7591,0.3231,0.7000,4.0600,4.2700,0.0239,0.1388,0.1460,0
126171,6.2833,-6.6256,-0.4261,-0.4200,-2.1700,11.4100,-0.0144,-0.0742,0.3902,0
126210,6.7979,-7.7937,0.0072,-4.4100,3.6400,8.8200,-0.1508,0.1245,0.3016,0
126249,6.8027,-7.7123,-0.5410,-7.4900,11.4800,-1.5400,-0.2561,0.3926,-0.0527,0
126288,6.3982,-7.8344,-0.6487,9.0300,11.5500,-11.9700,0.3088,0.3950,-0.4093,0
126327,5.8740,-7.2120,-0.4883,21.4200,7.9100,-20.0200,0.7325,0.2705,-0.6846,0
126366,5.6011,-6.1708,-0.9287,19.1100,2.9400,-30.1000,0.6535,0.1005,-1.0293,0
126405,5.9578,-5.1559,-1.7067,17.9900,-18.6900,-31.1500,0.6152,-0.6391,-1.0652,0
126444,9.5698,-7.4059,0.2178,19.0400,-54.0400,-23.0300,0.6511,-1.8479,-0.7875,0
126483,9.8235,-6.9822,-0.4524,-21.2100,-22.1900,-5.1800,-0.7253,-0.7588,-0.1771,0
126522,7.1139,-6.3719,0.3064,18.4100,-1.1200,-18.1300,0.6295,-0.0383,-0.6200,0
126561,7.2432,-5.9458,0.3590,8.8900,0.3500,-26.6700,0.3040,0.0120,-0.9120,0
126600,7.5424,-5.8070,0.1556,35.7700,-7.9100,-34.5100,1.2232,-0.2705,-1.1801,0
126639,7.0134,-5.9003,-0.4763,38.6400,-11.6200,-30.5200,1.3213,-0.3973,-1.0436,0
126678,8.2006,-5.7902,0.7109,41.7200,-12.6000,-17.9900,1.4266,-0.4309,-0.6152,0
126717,9.4190,-4.8112,0.4093,59.0100,-25.4100,-8.4000,2.0178,-0.8689,-0.2872,0
126756,9.7924,-3.9328,-0.3423,57.8900,-15.9600,-3.8500,1.9795,-0.5457,-0.1317,0
126795,9.2227,-3.8538,-0.1293,32.1300,-5.0400,-6.7900,1.0987,-0.1723,-0.2322,0
126834,8.6291,-4.4617,-0.6583,9.4500,-12.8800,-3.4300,0.3231,-0.4404,-0.1173,0
126873,8.3107,-4.9860,-0.3902,-6.9300,-8.1900,1.3300,-0.2370,-0.2801,0.0455,0
126912,8.3418,-5.6490,-0.2537,0.2100,-4.2700,8.3300,0.0072,-0.1460,0.2848,0
126951,8.5501,-5.4838,-0.2513,41.2300,15.6100,8.4000,1.4099,0.5338,0.2872,0
126990,8.4950,-4.8399,-0.2537,52.7100,17.3600,6.0200,1.8024,0.5936,0.2059,0
127029,8.3370,-4.6580,-0.9910,54.3200,2.5900,14.0700,1.8575,0.0886,0.4811,0
127068,8.8541,-4.3732,-0.5673,45.9200,-8.6800,29.8200,1.5702,-0.2968,1.0197,0
127107,9.2203,-4.2918,0.0000,29.9600,-11.5500,35.1400,1.0245,-0.3950,1.2016,0
127146,9.3376,-3.7915,0.5314,23.2400,-25.6900,28.5600,0.7947,-0.8785,0.9766,0
127185,9.6296,-4.4043,0.8809,13.0200,-39.9700,22.2600,0.4452,-1.3668,0.7612,0
127224,9.4405,-5.3354,1.4577,0.0700,-50.2600,15.4000,0.0024,-1.7186,0.5266,0
127263,8.7799,-6.4604,2.0035,2.1700,-57.4700,8.1200,0.0742,-1.9652,0.2777,0
127302,7.3987,-6.9655,2.0466,8.2600,-49.7000,8.4000,0.2824,-1.6995,0.2872,0
127341,5.8644,-6.7022,1.6564,21.7700,-39.6200,23.1000,0.7444,-1.3548,0.7899,0
127380,6.6878,-7.8870,0.9048,35.9800,-52.7800,22.4000,1.2303,-1.8048,0.7660,0
127419,6.3503,-7.9134,1.2303,-12.1100,-56.3500,20.3700,-0.4141,-1.9269,0.6965,0
127458,5.7974,-7.4107,0.5745,35.6300,-43.5400,4.2000,1.2184,-1.4888,0.1436,0
127497,6.3982,-6.9894,0.1843,69.9300,-40.8100,-10.0800,2.3912,-1.3955,-0.3447,0
127536,7.0947,-6.1134,-0.4021,63.1400,-47.6700,-15.1200,2.1591,-1.6301,-0.5170,0
127575,6.5610,-5.3402,-0.2705,51.8700,-49.8400,-10.8500,1.7737,-1.7043,-0.3710,0
127614,5.9386,-3.5019,0.6965,22.7500,-47.4600,-6.1600,0.7779,-1.6229,-0.2106,0
127653,7.5759,-4.8519,-0.9096,40.8100,-75.9500,2.7300,1.3955,-2.5971,0.0934,0
127692,11.1831,-9.0863,-0.8114,34.7200,-81.6900,27.3000,1.1872,-2.7934,0.9335,0
127731,9.7230,-9.1078,-0.0742,1.6800,-70.5600,32.8300,0.0574,-2.4128,1.1226,0
127770,7.7123,-8.6650,0.2489,-7.2100,-14.1400,23.0300,-0.2465,-0.4835,0.7875,0
127809,6.2043,-8.8924,-0.7348,49.4900,-8.5400,0.7000,1.6923,-0.2920,0.0239,0
127848,5.4695,-6.5562,-1.6181,47.6700,-16.8000,-5.9500,1.6301,-0.5745,-0.2035,0
127887,6.0080,-4.5192,-1.5032,41.5800,-18.3400,-9.1700,1.4218,-0.6271,-0.3136,0
127926,7.2862,-4.7969,-0.8689,31.9900,-11.6900,-14.3500,1.0939,-0.3997,-0.4907,0
127965,7.3245,-6.0751,-1.1322,7.0000,-6.9300,-13.7900,0.2394,-0.2370,-0.4715,0
128004,6.3791,-7.6429,-1.2710,-16.6600,-6.0200,-12.1800,-0.5697,-0.2059,-0.4165,0
128043,6.3886,-8.9211,-0.7923,-17.9900,-3.6400,-12.5300,-0.6152,-0.1245,-0.4285,0
128082,6.0463,-8.9091,-0.6271,-3.1500,-2.8000,-9.7300,-0.1077,-0.0957,-0.3327,0
128121,5.9434,-8.3490,-1.4960,11.6900,-20.3000,-8.6100,0.3997,-0.6942,-0.2944,0
128160,7.9589,-8.2700,-0.3495,15.1900,-24.5700,-6.7900,0.5194,-0.8402,-0.2322,0
128199,10.1897,-8.9690,-1.9484,-6.1600,-48.7200,-6.3000,-0.2106,-1.6660,-0.2154,0
128238,6.8362,-7.1378,-1.3596,-1.1900,-6.2300,-9.0300,-0.0407,-0.2130,-0.3088,0
128277,5.1415,-6.1445,-1.4075,-13.0900,8.2600,-2.9400,-0.4476,0.2824,-0.1005,0
128316,6.2474,-4.9429,0.1388,-18.5500,21.2100,1.3300,-0.6343,0.7253,0.0455,0
128355,8.4974,-5.8620,-1.0317,-56.9800,14.7700,11.9000,-1.9484,0.5051,0.4069,0
128394,8.4663,-7.1163,-0.6295,-38.0100,30.6600,4.4800,-1.2997,1.0484,0.1532,0
128433,8.0594,-8.1384,-0.4165,7.6300,35.0700,-9.8700,0.2609,1.1992,-0.3375,0
128472,8.1934,-7.0205,-0.9287,39.0600,25.3400,-16.5900,1.3357,0.8665,-0.5673,0
128511,8.4591,-4.9333,-1.1872,45.9900,38.9900,-26.3900,1.5726,1.3333,-0.9024,0
128550,8.2700,-3.3774,-1.0293,41.7900,45.9200,-40.7400,1.4290,1.5702,-1.3931,0
128589,8.3610,-2.5037,-0.4237,29.2600,60.1300,-36.4700,1.0005,2.0561,-1.2471,0
128628,7.6333,-3.3008,-0.4356,14.9800,76.9300,-18.1300,0.5122,2.6306,-0.6200,0
128667,7.4203,-4.8040,-0.4620,-37.8700,64.6100,-1.5400,-1.2950,2.2093,-0.0527,0
128706,9.0527,-7.0612,0.6295,-40.0400,41.2300,-5.5300,-1.3692,1.4099,-0.1891,0
128745,8.0307,-7.0182,0.7468,-2.3800,34.0900,-18.9700,-0.0814,1.1657,-0.6487,0
128784,7.7650,-6.0128,1.9149,2.3800,49.9800,-19.3900,0.0814,1.7091,-0.6630,0
128823,8.5932,-4.0022,2.1279,8.5400,39.2700,-8.6800,0.2920,1.3428,-0.2968,0
128862,9.4142,-3.9615,1.1729,20.5100,28.2800,-1.1200,0.7013,0.9670,-0.0383,0
128901,9.5746,-3.9543,-0.4093,10.1500,37.8000,0.7000,0.3471,1.2926,0.0239,0
128940,10.0796,-5.7687,-1.4410,-58.0300,60.0600,-3.9900,-1.9843,2.0537,-0.1364,0
128979,7.0325,-5.8285,-0.0790,-72.8700,73.2900,-3.6400,-2.4918,2.5061,-0.1245,0
129018,5.0578,-6.2785,3.6551,-89.6700,49.5600,8.3300,-3.0663,1.6947,0.2848,0
129057,7.9756,-7.0708,2.8149,-93.1700,-10.4300,25.6900,-3.1859,-0.3567,0.8785,0
129096,8.1503,-5.9219,0.3136,-85.0500,-35.8400,29.8900,-2.9083,-1.2255,1.0221,0
129135,4.5407,-3.7269,0.5697,-61.1800,-43.7500,44.0300,-2.0920,-1.4960,1.5056,0
129174,6.2043,-5.1990,1.5319,-50.3300,-101.2200,77.3500,-1.7210,-3.4612,2.6450,0
129213,9.3520,-11.9036,1.6732,-39.4100,-96.2500,28.0700,-1.3476,-3.2913,0.9598,0
129252,6.3096,-8.2006,-0.7133,11.2700,-12.3900,-6.0200,0.3854,-0.4237,-0.2059,0
129291,4.6484,-6.7788,-0.6223,11.4100,-1.4000,-3.0100,0.3902,-0.0479,-0.1029,0
129330,4.8328,-6.7309,-0.3806,20.6500,-20.3000,-3.3600,0.7061,-0.6942,-0.1149,0
129369,6.0439,-6.0822,-0.6271,42.5600,-38.9200,-6.6500,1.4553,-1.3309,-0.2274,0
129408,7.0062,-5.9003,-1.0341,37.2400,-29.8200,-19.7400,1.2734,-1.0197,-0.6750,0
129447,6.5562,-5.8165,-1.5894,41.2300,-29.6800,-37.3100,1.4099,-1.0149,-1.2758,0
129486,6.2833,-6.3623,-0.7708,39.0600,-16.5900,-48.7200,1.3357,-0.5673,-1.6660,0
129525,7.4323,-7.6166,0.4763,14.9800,-17.6400,-38.0800,0.5122,-0.6032,-1.3021,0
129564,6.6136,-7.8990,-1.4888,-3.0100,-40.1100,-12.6700,-0.1029,-1.3716,-0.4332,0
129603,6.6639,-9.2538,-2.5540,45.2900,-81.7600,15.5400,1.5487,-2.7958,0.5314,0
129642,6.0655,-8.9331,-1.9269,47.8800,-88.9000,0.8400,1.6372,-3.0399,0.0287,0
129681,10.2208,-8.5932,-1.2136,50.5400,-74.9000,-8.4700,1.7282,-2.5612,-0.2896,0
129720,10.8599,-5.8333,-2.8580,56.7700,-85.6100,6.3700,1.9412,-2.9274,0.2178,0
129759,7.5112,-4.7562,-0.0144,43.3300,-17.9200,6.2300,1.4817,-0.6128,0.2130,0
129798,8.1240,-2.6186,1.8575,-1.5400,16.2400,8.1900,-0.0527,0.5553,0.2801,0
129837,11.3961,-5.2181,2.3793,14.7000,53.2700,25.5500,0.5027,1.8216,0.8737,0
129876,9.5793,-6.7908,-1.6133,68.8100,37.1700,-21.9100,2.3529,1.2710,-0.7492,0
129915,7.5950,-5.7854,-1.1154,-0.1400,22.4700,-53.7600,-0.0048,0.7684,-1.8383,0
129954,7.0349,-5.5030,-1.1681,19.2500,24.6400,-39.9700,0.6583,0.8426,-1.3668,0
129993,7.6884,-4.8711,-0.6343,25.0600,40.2500,-23.4500,0.8569,1.3763,-0.8019,0
130032,8.0522,-5.2014,-1.1920,12.1800,31.4300,-22.0500,0.4165,1.0747,-0.7540,0
130071,7.3461,-6.0056,-0.0527,-19.1100,24.6400,-25.9000,-0.6535,0.8426,-0.8856,0
130110,6.6064,-6.7309,-0.2226,14.2100,19.2500,-15.1900,0.4859,0.6583,-0.5194,0
130149,6.9631,-6.1684,0.1723,36.6100,39.2700,1.8900,1.2519,1.3428,0.0646,0
130188,8.3514,-4.7562,0.6989,38.7100,53.3400,7.0700,1.3237,1.8240,0.2418,0
130227,9.1102,-3.9184,-0.3997,17.2200,32.9700,-7.9800,0.5888,1.1274,-0.2729,0
130266,9.1030,-5.2397,-1.6396,-17.7800,46.4800,-10.8500,-0.6080,1.5894,-0.3710,0
130305,9.5817,-6.6854,0.9096,-49.4200,53.8300,1.3300,-1.6899,1.8407,0.0455,0
130344,10.3669,-8.3873,3.8035,-53.6900,-1.7500,10.1500,-1.8359,-0.0598,0.3471,0
130383,9.4932,-6.9583,1.8886,-22.3300,-61.6700,1.3300,-0.7636,-2.1088,0.0455,0
130422,4.8280,-3.1883,2.0107,-1.8900,-38.0100,9.6600,-0.0646,-1.2997,0.3303,0
130461,5.3618,-3.6240,1.5607,-19.4600,-56.2100,42.2800,-0.6654,-1.9221,1.4458,0
130500,8.1216,-5.6993,2.1112,-46.4800,-75.8100,67.9000,-1.5894,-2.5923,2.3218,0
130539,9.0240,-7.4227,1.1681,-39.7600,-59.1500,18.9000,-1.3596,-2.0226,0.6463,0
130578,7.7003,-5.9865,-0.0120,-22.5400,-26.7400,-0.4200,-0.7708,-0.9144,-0.0144,0
130617,6.9248,-7.0110,-1.6349,-28.2100,-5.8800,4.9000,-0.9646,-0.2011,0.1676,0
130656,6.1852,-7.3461,-1.0628,-8.6800,-11.6900,8.1200,-0.2968,-0.3997,0.2777,0
130695,6.0631,-6.5993,-0.8091,3.2200,-9.8000,0.0000,0.1101,-0.3351,0.0000,0
130734,6.0080,-5.5772,-1.3931,7.2100,-14.0000,-17.8500,0.2465,-0.4787,-0.6104,0
130773,6.1588,-5.4695,-1.5678,14.6300,-5.3200,-33.0400,0.5003,-0.1819,-1.1298,0
130812,6.8386,-6.8793,-1.0101,9.8000,4.4800,-37.8000,0.3351,0.1532,-1.2926,0
130851,6.1038,-7.4155,-1.9436,5.4600,-8.4700,-32.1300,0.1867,-0.2896,-1.0987,0
130890,6.1038,-7.1905,-2.6162,8.3300,-41.8600,-15.0500,0.2848,-1.4314,-0.5146,0
130929,13.7730,-7.8344,1.0460,-12.1100,-86.9400,94.4300,-0.4141,-2.9729,3.2290,0
130968,9.4094,-5.0434,3.6742,-64.6800,16.6600,55.3700,-2.2117,0.5697,1.8934,0
131007,9.4070,-4.2008,1.1202,-41.1600,67.7600,26.6000,-1.4075,2.3170,0.9096,0
131046,10.5895,-5.2493,-2.4678,-7.2800,97.9300,-3.7800,-0.2489,3.3487,-0.1293,0
131085,8.4256,-4.6221,-2.6809,-54.8100,119.5600,-8.3300,-1.8742,4.0883,-0.2848,0
131124,5.7591,-5.4288,-1.9700,-91.2800,57.4000,-4.5500,-3.1213,1.9628,-0.1556,0
131163,7.0828,-7.9421,-2.1830,-79.3100,70.4900,16.8000,-2.7120,2.4104,0.5745,0
131202,8.1671,-6.5945,-1.8623,-73.9900,74.0600,16.1000,-2.5301,2.5325,0.5505,0
131241,8.1910,-6.2450,-1.9029,-50.7500,73.8500,10.6400,-1.7354,2.5253,0.3638,0
131280,6.1493,-4.9237,-1.2614,-59.7100,82.6000,12.1100,-2.0418,2.8245,0.4141,0
131319,9.7996,-6.0344,-1.6420,-56.6300,87.0800,21.8400,-1.9365,2.9777,0.7468,0
131358,7.6573,-5.1104,-3.7843,-70.5600,105.6300,12.2500,-2.4128,3.6120,0.4189,0
131397,5.8022,-5.7304,-2.3434,-64.1200,72.1000,18.2700,-2.1926,2.4654,0.6247,0
131436,7.5998,-6.5442,-2.0561,-53.6900,76.8600,21.0700,-1.8359,2.6282,0.7205,0
131475,9.1269,-12.8132,0.4692,-23.4500,57.1200,10.7800,-0.8019,1.9532,0.3686,0
131514,6.5418,-3.7030,-2.0944,-7.7000,65.6600,4.0600,-0.2633,2.2452,0.1388,0
131553,7.6070,-4.0548,0.6032,-39.5500,50.8900,12.0400,-1.3524,1.7402,0.4117,0
131592,7.6620,-4.7921,0.8138,-77.8400,31.1500,8.0500,-2.6617,1.0652,0.2753,0
131631,5.7639,-6.5466,-0.0311,-57.1900,35.0000,18.5500,-1.9556,1.1968,0.6343,0
131670,5.1870,-7.1833,1.1250,-44.8000,45.6400,21.2800,-1.5319,1.5607,0.7277,0
131709,4.2894,-7.1498,0.1221,-72.8000,53.2700,3.1500,-2.4894,1.8216,0.1077,0
131748,3.7724,-6.2665,-0.6654,-60.3400,43.8900,-9.8000,-2.0633,1.5008,-0.3351,0
131787,3.0782,-5.7280,-0.6463,-60.6900,31.8500,-11.7600,-2.0753,1.0891,-0.4021,0
131826,4.5479,-5.5509,0.2154,-64.0500,13.1600,-5.5300,-2.1902,0.4500,-0.1891,0
131865,6.9487,-6.6639,-1.8000,-73.7800,17.0100,21.0000,-2.5229,0.5817,0.7181,0
131904,6.0631,-10.6804,-1.3476,-43.5400,49.4900,81.6900,-1.4888,1.6923,2.7934,0
131943,0.2633,-5.7256,-0.5960,-91.2100,70.0700,66.5700,-3.1189,2.3960,2.2764,0
131982,3.7484,-8.3873,-1.7282,-65.5200,18.2000,64.6800,-2.2404,0.6223,2.2117,0
132021,6.2833,-7.5065,-1.2112,-52.7800,-2.4500,73.0100,-1.8048,-0.0838,2.4966,0
132060,4.1027,-6.8482,-1.1466,-50.2600,11.6900,82.3200,-1.7186,0.3997,2.8149,0
132099,4.8328,-6.9870,-1.0652,-51.8000,-3.0100,75.9500,-1.7713,-0.1029,2.5971,0
132138,5.0003,-7.8440,-1.1394,-42.7000,-6.7900,74.6200,-1.4601,-0.2322,2.5516,0
132177,4.0022,-11.5972,-2.3434,-27.3700,-1.6800,82.0400,-0.9359,-0.0574,2.8053,0
132216,3.3798,-13.2679,0.9910,49.5600,37.8000,98.0700,1.6947,1.2926,3.3535,0
132255,2.8724,-11.0754,-4.1482,79.6600,-19.0400,88.6900,2.7240,-0.6511,3.0327,0
132294,0.5194,-8.9283,-0.4380,31.5000,-27.1600,90.6500,1.0771,-0.9287,3.0998,0
132333,0.6846,-11.2621,-0.5362,-17.3600,-27.0200,77.5600,-0.5936,-0.9239,2.6522,0
132372,0.7779,-12.7605,-3.3655,-73.6400,-33.3200,62.3000,-2.5181,-1.1394,2.1303,0
132411,0.3303,-13.6892,-4.2559,-83.0200,-31.0800,62.4400,-2.8389,-1.0628,2.1351,0
132450,-0.5051,-13.2871,-5.4336,-87.8500,-30.2400,66.3600,-3.0040,-1.0341,2.2692,0
132489,-0.8545,-11.0084,-4.7945,-63.1400,-25.4100,54.9500,-2.1591,-0.8689,1.8790,0
132528,-1.5343,-9.7230,-4.6748,-42.7000,-20.3000,40.3200,-1.4601,-0.6942,1.3787,0
132567,-1.6277,-8.7081,-4.3325,-27.5100,-10.4300,22.7500,-0.9407,-0.3567,0.7779,0
132606,-1.3165,-8.4974,-4.4881,-22.8900,-1.1200,6.7900,-0.7827,-0.0383,0.2322,0
132645,-1.2064,-8.0905,-3.9399,-9.1000,2.9400,-1.0500,-0.3112,0.1005,-0.0359,0
132684,-1.0317,-8.6578,-4.3253,-12.6000,10.7800,-8.7500,-0.4309,0.3686,-0.2992,0
132723,-0.7636,-8.2461,-4.3947,-15.8900,14.0000,-13.2300,-0.5434,0.4787,-0.4524,0
132762,-0.5577,-9.0049,-5.0673,-12.3900,10.0800,-12.3200,-0.4237,0.3447,-0.4213,0
132801,-0.2777,-8.0833,-4.1745,-2.8700,4.3400,-9.8000,-0.0981,0.1484,-0.3351,0
132840,0.0622,-8.9738,-4.6556,-18.6900,13.2300,-8.6100,-0.6391,0.4524,-0.2944,0
132879,-0.2777,-9.4094,-5.3498,-1.5400,6.9300,-4.0600,-0.0527,0.2370,-0.1388,0
132918,-0.3040,-9.4740,-5.0985,2.1700,4.6900,-4.3400,0.0742,0.1604,-0.1484,0
132957,-0.3016,-9.0743,-5.1200,5.9500,1.6100,-4.8300,0.2035,0.0551,-0.1652,0
132996,-0.1077,-8.6769,-4.7562,15.4700,1.1900,-5.0400,0.5290,0.0407,-0.1723,0
133035,-0.1460,-8.5429,-4.4402,26.3900,2.0300,-5.6000,0.9024,0.0694,-0.1915,0
133074,-0.1077,-8.5022,-4.3684,25.4800,3.5700,-5.2500,0.8713,0.1221,-0.1795,0
133113,-0.1077,-8.4807,-4.0740,22.1200,5.0400,-5.3200,0.7564,0.1723,-0.1819,0
133152,-0.0144,-8.5932,-3.8226,17.4300,5.3900,-6.7200,0.5960,0.1843,-0.2298,0
133191,0.2609,-8.4448,-3.6503,6.3000,5.6000,-6.5100,0.2154,0.1915,-0.2226,0
133230,0.2465,-9.0767,-3.8753,0.2800,3.9200,-4.5500,0.0096,0.1340,-0.1556,0
133269,0.2226,-9.2442,-4.1625,-0.1400,0.9800,-2.2400,-0.0048,0.0335,-0.0766,0
133308,0.2394,-9.2035,-4.1769,2.8000,-1.1200,-1.0500,0.0957,-0.0383,-0.0359,0
133347,0.1580,-9.0575,-4.0812,9.8000,-2.1700,0.0000,0.3351,-0.0742,0.0000,0
133386,0.1652,-8.9235,-3.8370,11.9000,-2.2400,-0.0700,0.4069,-0.0766,-0.0024,0
133425,0.1484,-8.9546,-3.8083,11.4800,-3.0800,0.3500,0.3926,-0.1053,0.0120,0
133464,0.1173,-8.9474,-3.6958,11.9000,-3.8500,0.9100,0.4069,-0.1317,0.0311,0
133503,0.1795,-8.8732,-3.4923,10.3600,-3.7800,0.9800,0.3543,-0.1293,0.0335,0
133542,0.1293,-9.0073,-3.3128,5.4600,-1.8200,1.2600,0.1867,-0.0622,0.0431,0
133581,0.1293,-9.1581,-3.6192,-2.8000,-0.4200,0.9800,-0.0957,-0.0144,0.0335,0
133620,0.1340,-9.0982,-3.7077,-2.4500,-0.0700,0.5600,-0.0838,-0.0024,0.0191,0
133659,-0.0503,-9.6081,-3.7556,-0.9100,-1.9600,1.8200,-0.0311,-0.0670,0.0622,0
133698,0.2561,-8.7535,-3.6790,-9.1000,-0.4200,0.4900,-0.3112,-0.0144,0.0168,0
133737,0.1125,-8.5477,-3.2051,-9.1700,1.6800,1.6800,-0.3136,0.0574,0.0574,0
133776,0.0168,-9.2035,-4.3660,-17.4300,1.6800,1.1200,-0.5960,0.0574,0.0383,0
133815,-0.0407,-9.4764,-4.4163,-0.7700,0.1400,-0.1400,-0.0263,0.0048,-0.0048,0
133854,0.0120,-9.2754,-4.0022,9.0300,-0.0700,-1.4700,0.3088,-0.0024,-0.0503,0
133893,0.1293,-8.8062,-3.6790,6.0200,1.3300,-2.5900,0.2059,0.0455,-0.0886,0
133932,0.2848,-8.7368,-3.4588,0.7000,1.8200,-1.9600,0.0239,0.0622,-0.0670,0
133971,0.2442,-8.9714,-3.8585,-5.4600,0.5600,-0.6300,-0.1867,0.0191,-0.0215,0
134010,0.1676,-9.0192,-3.5905,0.0000,-3.0100,2.7300,0.0000,-0.1029,0.0934,0
134049,0.2035,-8.6578,-3.3056,-15.8200,-0.7000,2.4500,-0.5410,-0.0239,0.0838,0
134088,0.0455,-8.8038,-4.2607,-24.0800,3.1500,1.0500,-0.8234,0.1077,0.0359,0
134127,-0.0431,-9.5913,-4.8375,-11.3400,0.2800,0.7700,-0.3878,0.0096,0.0263,0
134166,-0.0168,-9.6129,-4.8782,4.9000,-2.1000,-0.1400,0.1676,-0.0718,-0.0048,0
134205,0.0048,-8.9809,-4.3373,15.4700,0.2800,-2.4500,0.5290,0.0096,-0.0838,0
134244,0.1867,-8.5788,-3.6814,14.4200,2.7300,-4.4800,0.4931,0.0934,-0.1532,0
134283,0.2537,-8.7392,-3.6742,3.7100,1.3300,-3.4300,0.1269,0.0455,-0.1173,0
134322,0.3830,-8.6410,-3.9280,-3.4300,0.0000,-1.7500,-0.1173,0.0000,-0.0598,0
134361,0.3160,-8.2868,-3.4421,-5.5300,-1.6800,1.4700,-0.1891,-0.0574,0.0503,0
134400,0.1317,-8.7942,-4.0165,-18.2000,-1.0500,1.8900,-0.6223,-0.0359,0.0646,0
134439,0.1005,-9.2754,-4.6652,-18.3400,-0.2800,0.6300,-0.6271,-0.0096,0.0215,0
134478,0.1867,-9.3017,-4.8543,-4.6200,-0.5600,0.2100,-0.1580,-0.0191,0.0072,0
134517,0.1867,-8.8589,-4.2990,8.7500,-0.8400,0.2100,0.2992,-0.0287,0.0072,0
134556,0.1819,-8.8732,-4.1889,7.4200,-1.3300,0.2100,0.2537,-0.0455,0.0072,0
134595,0.1723,-8.8636,-4.2463,6.2300,-1.4700,0.3500,0.2130,-0.0503,0.0120,0
134634,0.1676,-8.7871,-4.1290,8.1900,-1.1900,0.3500,0.2801,-0.0407,0.0120,0
134673,0.1939,-8.7296,-3.9950,7.4200,-0.2800,0.0700,0.2537,-0.0096,0.0024,0
134712,0.2082,-8.8038,-3.9256,5.5300,-0.5600,0.3500,0.1891,-0.0191,0.0120,0
134751,0.1795,-8.8876,-4.0213,1.8200,-0.9100,0.5600,0.0622,-0.0311,0.0191,0
134790,0.1747,-8.9379,-4.0022,1.2600,-1.1200,0.7700,0.0431,-0.0383,0.0263,0
134829,0.1652,-9.0336,-4.0764,-0.2800,-0.4900,0.6300,-0.0096,-0.0168,0.0215,0
134868,0.1388,-9.0001,-4.0692,-0.7700,-0.2100,0.4200,-0.0263,-0.0072,0.0144,0
134907,0.1221,-9.0192,-4.1506,-0.5600,-0.3500,0.1400,-0.0191,-0.0120,0.0048,0
134946,0.1771,-8.8182,-4.1793,2.5900,0.0000,-0.3500,0.0886,0.0000,-0.0120,0
134985,0.1412,-9.1796,-4.0453,8.3300,0.2800,-0.8400,0.2848,0.0096,-0.0287,0
135024,0.2944,-8.8110,-3.8394,7.1400,-0.1400,-0.5600,0.2442,-0.0048,-0.0191,0
135063,0.2011,-8.7296,-3.6599,3.1500,-2.8700,1.3300,0.1077,-0.0981,0.0455,0
135102,0.1221,-8.8828,-3.9351,-1.8900,-3.0100,1.8200,-0.0646,-0.1029,0.0622,0
135141,0.0598,-9.1030,-4.0907,-1.1900,-2.7300,1.2600,-0.0407,-0.0934,0.0431,0
135180,0.1005,-9.1964,-4.0716,0.9800,-1.4700,0.1400,0.0335,-0.0503,0.0048,0
135219,0.1795,-9.0743,-3.9854,2.7300,-0.3500,-0.1400,0.0934,-0.0120,-0.0048,0
135258,0.2178,-9.0073,-3.8394,4.2000,-0.3500,0.3500,0.1436,-0.0120,0.0120,0
135297,0.1867,-8.8134,-3.7963,0.4200,0.1400,0.9800,0.0144,0.0048,0.0335,0
135336,0.1197,-8.8134,-3.7939,-3.6400,0.9100,0.9800,-0.1245,0.0311,0.0335,0
135375,0.1173,-8.8086,-3.9184,-6.7900,1.4700,0.5600,-0.2322,0.0503,0.0191,0
135414,0.0838,-8.9642,-4.0955,-8.6800,1.1200,0.0700,-0.2968,0.0383,0.0024,0
135453,0.1364,-9.0216,-4.3133,-6.7200,0.4200,-0.4900,-0.2298,0.0144,-0.0168,0
135492,0.1795,-8.9690,-4.2559,0.0700,-0.7000,-0.2100,0.0024,-0.0239,-0.0072,0
135531,0.1652,-8.9474,-4.0883,2.8700,-1.4000,0.0000,0.0981,-0.0479,0.0000,0
135570,0.1556,-8.8924,-4.0405,1.5400,-1.4000,-0.2100,0.0527,-0.0479,-0.0072,0
135609,0.1747,-8.9762,-4.1482,-0.4900,-0.9100,-0.4900,-0.0168,-0.0311,-0.0168,0
135648,0.1508,-8.8804,-4.0788,1.1200,-0.9800,0.0700,0.0383,-0.0335,0.0024,0
135687,0.1293,-8.9402,-4.1242,0.9100,-0.5600,0.0000,0.0311,-0.0191,0.0000,0
135726,0.1939,-8.8636,-4.0261,0.9800,-0.0700,-0.0700,0.0335,-0.0024,-0.0024,0
135765,0.1699,-8.8780,-4.0405,-0.4200,0.0000,0.2100,-0.0144,0.0000,0.0072,0
135804,0.1580,-8.9283,-4.1314,-0.4900,-0.0700,0.2800,-0.0168,-0.0024,0.0096,0
135843,0.1580,-8.8828,-4.0716,0.1400,-0.1400,0.4200,0.0048,-0.0048,0.0144,0
135882,0.1436,-8.9043,-4.0931,0.0700,-0.4900,0.4900,0.0024,-0.0168,0.0168,0
135921,0.1436,-8.9331,-4.1625,-0.2800,-0.3500,0.2100,-0.0096,-0.0120,0.0072,0
135960,0.1628,-8.9355,-4.1506,0.6300,-0.3500,0.0700,0.0215,-0.0120,0.0024,0
135999,0.1795,-8.8828,-4.0764,1.4700,-0.2100,0.0000,0.0503,-0.0072,0.0000,0
136038,0.1771,-8.8421,-4.0022,1.0500,-0.7000,0.4200,0.0359,-0.0239,0.0144,0
136077,0.1652,-8.9402,-4.1410,-0.4900,-0.5600,0.4200,-0.0168,-0.0191,0.0144,0
136116,0.1532,-8.9714,-4.1506,0.8400,-0.7700,0.6300,0.0287,-0.0263,0.0215,0
136155,0.1317,-8.8948,-4.0692,0.9100,-0.8400,0.7000,0.0311,-0.0287,0.0239,0
136194,0.1364,-8.9235,-4.0979,0.4900,-0.4200,0.2100,0.0168,-0.0144,0.0072,0
136233,0.1915,-8.8804,-4.0907,0.2100,0.0700,0.0000,0.0072,0.0024,0.0000,0
136272,0.1723,-8.8613,-4.0524,0.9100,-0.9800,0.8400,0.0311,-0.0335,0.0287,0
136311,0.1484,-8.8924,-4.0692,-0.1400,-0.8400,0.9100,-0.0048,-0.0287,0.0311,0
136350,0.1221,-8.9450,-4.1482,0.0700,-1.1900,1.0500,0.0024,-0.0407,0.0359,0
136389,0.1173,-8.8924,-4.0907,1.0500,-1.2600,0.9800,0.0359,-0.0431,0.0335,0
136428,0.1029,-8.9355,-4.1075,0.9100,-1.1900,0.8400,0.0311,-0.0407,0.0287,0
136467,0.1173,-8.9402,-4.1195,0.7700,-1.1200,0.6300,0.0263,-0.0383,0.0215,0
136506,0.1077,-8.9546,-4.1075,1.3300,-0.8400,0.2800,0.0455,-0.0287,0.0096,0
136545,0.1077,-8.8996,-4.0644,1.9600,-0.5600,0.1400,0.0670,-0.0191,0.0048,0
136584,0.1269,-8.9019,-4.0620,2.1700,-0.4900,0.0000,0.0742,-0.0168,0.0000,0
136623,0.1197,-8.9235,-4.0453,1.4000,-0.2800,0.0000,0.0479,-0.0096,0.0000,0
136662,0.1436,-8.8804,-4.0261,1.0500,-0.3500,0.2100,0.0359,-0.0120,0.0072,0
136701,0.1005,-8.9163,-4.0141,-0.0700,-0.4200,0.2800,-0.0024,-0.0144,0.0096,0
136740,0.1221,-8.9235,-4.0285,0.3500,-0.4200,0.3500,0.0120,-0.0144,0.0120,0
136779,0.1149,-8.8900,-4.0141,0.0000,-0.4900,0.4200,0.0000,-0.0168,0.0144,0
136818,0.1077,-8.9690,-4.0835,-0.8400,-0.2100,0.1400,-0.0287,-0.0072,0.0048,0
136857,0.1197,-8.9522,-4.1218,-0.7000,-0.1400,0.0000,-0.0239,-0.0048,0.0000,0
136896,0.1508,-8.8804,-4.0261,0.4900,-0.5600,0.4200,0.0168,-0.0191,0.0144,0
136935,0.1843,-8.6698,-3.9758,0.4200,-0.6300,0.7700,0.0144,-0.0215,0.0263,0
136974,0.1987,-8.8206,-3.6814,1.5400,-0.2800,1.6100,0.0527,-0.0096,0.0551,0
137013,0.0455,-8.8277,-4.1434,-5.4600,-3.3600,3.2900,-0.1867,-0.1149,0.1125,0
137052,0.0574,-8.7296,-3.9734,-7.4200,-3.2900,3.5000,-0.2537,-0.1125,0.1197,0
137091,-0.1388,-8.5980,-4.1195,-10.5700,-0.3500,1.3300,-0.3614,-0.0120,0.0455,0
137130,0.3423,-7.9110,-4.1721,-15.3300,4.4800,-0.4200,-0.5242,0.1532,-0.0144,0
137169,-0.2489,-9.1796,-4.9477,-9.8700,3.2200,0.1400,-0.3375,0.1101,0.0048,0
137208,0.0957,-9.3879,-5.0721,-1.4700,7.6300,-5.8100,-0.0503,0.2609,-0.1987,0
137247,0.3758,-9.3137,-4.7945,16.0300,9.0300,-9.3100,0.5481,0.3088,-0.3184,0
137286,0.5649,-9.2059,-3.9519,40.4600,8.6800,-5.6000,1.3835,0.2968,-0.1915,0
137325,0.0862,-9.9145,-5.2110,52.9900,0.2100,-0.9100,1.8120,0.0072,-0.0311,0
137364,-0.0096,-11.1831,-4.6963,92.8900,30.1700,-5.0400,3.1764,1.0317,-0.1723,0
137403,-0.4548,-13.5097,-5.2780,93.3100,33.1100,-18.4800,3.1907,1.1322,-0.6319,0
137442,0.1005,-13.2751,-4.0476,61.8100,68.6700,-36.6800,2.1136,2.3482,-1.2543,0
137481,0.8593,-13.5049,-3.4540,23.1700,31.6400,-51.1700,0.7923,1.0819,-1.7498,0
137520,2.1639,-11.6810,-2.8389,0.4200,18.8300,-64.2600,0.0144,0.6439,-2.1974,0
137559,3.2171,-11.1591,-2.2883,7.1400,4.2700,-78.2600,0.2442,0.1460,-2.6761,0
137598,3.6264,-7.5519,-1.5032,-16.7300,22.8900,-93.1700,-0.5721,0.7827,-3.1859,0
137637,4.2296,-8.0857,-2.0849,-32.2700,29.2600,-93.6600,-1.1035,1.0005,-3.2027,0
137676,4.1362,-8.7416,-2.5899,-27.0900,46.9000,-76.2300,-0.9263,1.6037,-2.6067,0
137715,4.4187,-9.7948,-1.4865,-19.9500,50.6800,-53.1300,-0.6822,1.7330,-1.8168,0
137754,4.8232,-9.8163,-2.2548,-12.3200,65.0300,-44.2400,-0.4213,2.2237,-1.5128,0
137793,4.3612,-8.3107,-0.9144,-8.6100,77.9100,-39.9700,-0.2944,2.6641,-1.3668,0
137832,5.3258,-6.7764,-0.2035,-28.7700,84.8400,-26.7400,-0.9838,2.9011,-0.9144,0
137871,5.6825,-6.4341,-1.4482,-10.3600,85.0500,-10.5000,-0.3543,2.9083,-0.3590,0
137910,4.3086,-5.7806,-1.4912,-28.3500,96.3900,-15.7500,-0.9694,3.2960,-0.5386,0
137949,3.2458,-6.2498,-1.2423,-32.3400,89.6700,-21.0700,-1.1059,3.0663,-0.7205,0
137988,3.2817,-7.6884,-0.7277,-33.6700,76.2300,-19.8800,-1.1513,2.6067,-0.6798,0
138027,3.2721,-8.5429,-0.6774,-24.9900,51.0300,-16.6600,-0.8545,1.7450,-0.5697,0
138066,3.1285,-7.4179,-0.0598,-12.5300,52.0800,-14.4900,-0.4285,1.7809,-0.4955,0
138105,4.3109,-7.1067,0.4261,-13.4400,50.3300,-15.0500,-0.4596,1.7210,-0.5146,0
138144,3.8921,-6.9751,1.1130,-37.7300,35.9100,-25.1300,-1.2902,1.2279,-0.8593,0
138183,3.0064,-6.9368,0.1412,-36.2600,27.2300,-43.2600,-1.2399,0.9311,-1.4793,0
138222,2.6545,-5.8142,-0.4644,-49.0700,37.3800,-60.6900,-1.6779,1.2782,-2.0753,0
138261,9.7541,-8.5644,0.6535,-25.8300,43.6100,4.7600,-0.8833,1.4912,0.1628,0
138300,8.4878,-8.0809,-0.6463,-16.0300,31.9200,6.1600,-0.5481,1.0915,0.2106,0
138339,4.9955,-7.3796,0.6511,-61.6000,40.5300,-7.0000,-2.1064,1.3859,-0.2394,0
138378,6.7812,-5.8644,0.1005,-42.0700,30.4500,-27.4400,-1.4386,1.0412,-0.9383,0
138417,8.4615,-4.5886,-1.7282,-11.4800,19.1100,-14.8400,-0.3926,0.6535,-0.5075,0
138456,8.5716,-5.4455,-1.9245,-41.0200,37.2400,-8.1200,-1.4027,1.2734,-0.2777,0
138495,8.1503,-6.9416,-0.2801,-62.0900,31.4300,-20.7200,-2.1232,1.0747,-0.7085,0
138534,7.7721,-6.4126,-0.6870,-40.8800,51.0300,-29.3300,-1.3979,1.7450,-1.0029,0
138573,7.2503,-6.5873,-0.9790,-39.1300,53.2700,-23.5200,-1.3380,1.8216,-0.8043,0
138612,7.1067,-6.3096,-0.0479,-22.9600,57.6100,-14.2800,-0.7851,1.9700,-0.4883,0
138651,7.7674,-5.4001,0.2681,-2.7300,67.4100,-12.8100,-0.0934,2.3051,-0.4380,0
138690,8.4089,-4.7562,1.2255,9.8700,81.4100,-1.8200,0.3375,2.7838,-0.0622,0
138729,7.7027,-6.3192,0.3782,1.3300,55.7200,2.2400,0.0455,1.9053,0.0766,0
138768,8.2198,-7.2910,0.0024,-1.5400,41.3000,-5.9500,-0.0527,1.4122,-0.2035,0
138807,7.5615,-7.1618,0.3423,-10.8500,56.4200,-8.9600,-0.3710,1.9293,-0.3064,0
138846,7.9493,-7.1690,0.6846,-5.6000,69.6500,-4.1300,-0.1915,2.3817,-0.1412,0
138885,8.0594,-6.8913,-0.3614,-21.3500,70.4200,-8.0500,-0.7301,2.4080,-0.2753,0
138924,6.8338,-6.6304,2.3123,-34.0200,62.7200,-9.2400,-1.1633,2.1447,-0.3160,0
138963,5.5580,-6.7596,3.8968,-86.8700,9.0300,29.2600,-2.9705,0.3088,1.0005,0
139002,6.9870,-5.1966,1.9293,-90.0200,-86.5900,28.9100,-3.0782,-2.9609,0.9886,0
139041,8.0953,-6.1923,0.1005,-38.3600,-103.2500,13.6500,-1.3117,-3.5306,0.4668,0
139080,7.7171,-7.6620,1.0125,-15.4700,-35.0000,39.2700,-0.5290,-1.1968,1.3428,0
139119,5.5269,-6.8075,2.5205,-11.9700,-28.7700,29.7500,-0.4093,-0.9838,1.0173,0
139158,7.2575,-6.1493,-0.8019,12.3900,-65.6600,18.9000,0.4237,-2.2452,0.6463,0
139197,7.2503,-5.9865,-1.2351,0.0000,-30.8700,19.8100,0.0000,-1.0556,0.6774,0
139236,6.3025,-6.2713,-0.6822,-9.1000,-4.0600,13.8600,-0.3112,-0.1388,0.4739,0
139275,5.3115,-6.4126,-0.6247,-10.9900,5.5300,4.5500,-0.3758,0.1891,0.1556,0
139314,6.2378,-8.5573,-2.2117,-18.7600,6.2300,-6.3700,-0.6415,0.2130,-0.2178,0
139353,6.9679,-7.6740,-3.4804,12.6000,1.4700,7.7700,0.4309,0.0503,0.2657,0
139392,4.6556,-3.0016,-0.0886,11.4100,12.1100,33.3200,0.3902,0.4141,1.1394,0
139431,10.6397,0.0527,6.1828,-140.0700,91.5600,37.9400,-4.7897,3.1309,1.2974,0
139470,13.6725,-12.8921,3.7891,-46.6200,41.5100,12.8800,-1.5942,1.4194,0.4404,0
139509,4.8830,-18.6369,0.7947,-19.8100,54.6000,-23.8000,-0.6774,1.8670,-0.8138,0
139548,17.5741,-22.6031,-2.9059,-9.4500,-22.9600,-12.7400,-0.3231,-0.7851,-0.4356,0
139587,16.0996,-15.6137,-3.4062,33.8800,32.6200,-19.8800,1.1585,1.1154,-0.6798,0
139626,10.4267,-1.2016,-0.6104,0.4900,-43.7500,56.2100,0.0168,-1.4960,1.9221,0
139665,6.0415,2.1136,-4.4306,12.9500,-11.4100,121.2400,0.4428,-0.3902,4.1458,0
139704,0.3710,-0.1269,1.8599,53.3400,123.5500,137.4800,1.8240,4.2248,4.7011,0
139743,-2.1423,4.3995,-0.8306,-35.7000,37.3800,111.7900,-1.2208,1.2782,3.8226,0
139782,-4.7155,4.5024,2.4559,-98.3500,-9.2400,102.5500,-3.3631,-0.3160,3.5067,0
139821,-5.5173,0.1963,-0.0527,-50.7500,9.3100,115.5700,-1.7354,0.3184,3.9519,0
139860,-1.5295,-1.7641,-1.9029,39.9000,-80.7800,68.4600,1.3644,-2.7623,2.3410,0
139899,-1.8072,-3.3942,0.9718,-14.4200,-70.6300,31.2900,-0.4931,-2.4152,1.0700,0
139938,23.4744,-35.1865,5.4312,-22.7500,-143.4300,47.7400,-0.7779,-4.9046,1.6325,0
139977,13.7706,-8.4926,-4.4091,70.9100,-63.2100,-34.3000,2.4248,-2.1615,-1.1729,0
140016,2.3458,-2.5516,-2.6354,-40.8800,145.8800,-30.5900,-1.3979,4.9883,-1.0460,0
140055,-0.2106,-4.5886,-5.2493,20.7900,0.0700,36.6100,0.7109,0.0024,1.2519,0
140094,-0.9048,-10.8958,3.8681,5.7400,-5.1800,48.0900,0.1963,-0.1771,1.6444,0
140133,5.5030,-9.2945,-11.1759,26.8800,-70.4900,38.6400,0.9192,-2.4104,1.3213,0
140172,-3.3607,-4.6341,-0.1005,158.2000,-7.2100,49.4900,5.4096,-0.2465,1.6923,0
140211,5.2971,-5.4551,0.8162,122.8500,-55.0900,106.4700,4.2008,-1.8838,3.6407,0
140250,4.7155,-3.4085,1.5966,132.5100,-13.2300,140.7000,4.5312,-0.4524,4.8112,1
140289,1.7689,-3.9878,-3.7556,96.5300,43.8900,86.2400,3.3008,1.5008,2.9490,0
140328,11.1639,-14.0842,7.5136,118.9300,33.8800,140.2100,4.0668,1.1585,4.7945,0
140367,4.9141,-14.3642,6.4963,71.8200,94.7800,184.9400,2.4559,3.2410,6.3240,0
140406,-33.5325,-63.4458,48.4473,162.2600,219.3100,158.5500,5.5485,7.4993,5.4216,0
140445,-8.0211,14.9076,-2.7982,243.4600,117.3900,169.1900,8.3251,4.0141,5.7854,0
140484,-17.9643,4.8902,1.7402,114.5900,-27.5800,155.1200,3.9184,-0.9431,5.3043,0
140523,-1.7067,6.9751,5.0099,45.5000,-136.5000,-2.3800,1.5559,-4.6676,-0.0814,0
140562,-3.7604,-0.0455,1.6372,3.4300,75.2500,-20.5800,0.1173,2.5732,-0.7037,0
140601,-2.6881,-3.5474,2.8221,68.4600,-16.4500,-4.7600,2.3410,-0.5625,-0.1628,0
140640,-0.2059,-0.1963,5.0769,112.6300,13.2300,21.7700,3.8514,0.4524,0.7444,0
140679,-4.7705,3.4660,3.8131,16.0300,-13.3000,16.7300,0.5481,-0.4548,0.5721,0
140718,-12.7964,7.0660,6.1636,-44.3800,-4.5500,-10.1500,-1.5176,-0.1556,-0.3471,0
140757,-12.4733,-0.0910,6.6591,-61.5300,63.4200,-17.7800,-2.1040,2.1686,-0.6080,0
140796,-13.1483,-3.4085,9.6751,-75.6700,-11.4100,-24.2900,-2.5875,-0.3902,-0.8306,0
140835,-9.4477,-4.2703,4.6820,-43.2600,-50.6100,-17.9200,-1.4793,-1.7306,-0.6128,0
140874,-7.4538,-5.3139,3.8466,-31.5000,1.4700,-27.6500,-1.0771,0.0503,-0.9455,0
140913,-7.8847,-4.4019,5.1320,-28.9800,36.4000,-48.5800,-0.9910,1.2447,-1.6612,0
140952,-5.9721,-6.4221,3.8083,-26.0400,8.1900,-59.6400,-0.8904,0.2801,-2.0394,0
140991,-6.1062,-8.2102,4.6173,-17.3600,-13.7900,-55.3700,-0.5936,-0.4715,-1.8934,0
141030,-6.0655,-8.0618,4.0835,-16.2400,-39.7600,-51.3100,-0.5553,-1.3596,-1.7545,0
141069,-4.8735,-7.5950,5.4647,-11.2000,-70.7700,-48.6500,-0.3830,-2.4200,-1.6636,0
141108,-5.0410,-6.7213,5.7088,1.4700,-28.3500,-39.0600,0.0503,-0.9694,-1.3357,0
141147,-3.5139,-7.2073,3.4827,-33.8800,3.9200,-34.3000,-1.1585,0.1340,-1.1729,0
141186,-1.9724,-8.9450,5.0243,-14.6300,12.6000,-32.9700,-0.5003,0.4309,-1.1274,0
141225,-1.8383,-7.5878,5.4407,5.3200,6.2300,-31.0100,0.1819,0.2130,-1.0604,0
141264,-2.3936,-7.6309,6.0080,13.0900,-12.5300,-25.6200,0.4476,-0.4285,-0.8761,0
141303,-2.5516,-5.2995,5.4671,17.4300,0.2800,-10.2200,0.5960,0.0096,-0.3495,0
141342,-4.2822,-5.7663,6.0032,12.8800,9.5900,-2.1700,0.4404,0.3279,-0.0742,0
141381,-4.2511,-6.3455,5.7495,-0.3500,27.8600,6.7200,-0.0120,0.9527,0.2298,0
141420,-4.5599,-6.3455,5.6610,-0.5600,24.0100,10.4300,-0.0191,0.8210,0.3567,0
141459,-5.1655,-6.4054,5.6921,-0.4900,15.1900,10.5000,-0.0168,0.5194,0.3590,0
141498,-4.7370,-6.5418,5.2564,0.0700,-0.5600,4.1300,0.0024,-0.0191,0.1412,0
141537,-4.8088,-6.9511,5.1415,-1.5400,-0.6300,0.8400,-0.0527,-0.0215,0.0287,0
141576,-4.7610,-6.8745,5.3282,4.0600,3.0100,0.6300,0.1388,0.1029,0.0215,0
141615,-4.7921,-7.6644,4.9309,-1.5400,9.3100,2.1000,-0.0527,0.3184,0.0718,0
141654,-4.7274,-7.1378,4.7298,-3.5000,5.1100,3.1500,-0.1197,0.1747,0.1077,0
141693,-4.7442,-7.1905,5.0578,-2.5900,-1.8900,3.2200,-0.0886,-0.0646,0.1101,0
141732,-4.6389,-6.8410,5.1415,1.4000,-3.5000,3.0100,0.0479,-0.1197,0.1029,0
141771,-4.7203,-6.6998,5.3546,1.6800,-3.8500,2.8700,0.0574,-0.1317,0.0981,0
141810,-4.8256,-6.4509,5.3498,0.0000,-3.6400,2.1000,0.0000,-0.1245,0.0718,0
141849,-4.6772,-6.8817,5.1942,-2.9400,-1.4700,0.2800,-0.1005,-0.0503,0.0096,0
141888,-4.6221,-6.7644,5.3594,-0.9100,0.8400,-0.8400,-0.0311,0.0287,-0.0287,0
141927,-4.6867,-6.7501,5.2516,-1.0500,-0.0700,-3.2200,-0.0359,-0.0024,-0.1101,0
141966,-4.5814,-6.8985,5.3546,3.2200,-1.4000,-3.7100,0.1101,-0.0479,-0.1269,0
142005,-4.5695,-6.8195,5.2469,3.8500,-2.8700,-2.1000,0.1317,-0.0981,-0.0718,0
142044,-4.4953,-6.7046,5.4886,1.4700,1.6100,-1.0500,0.0503,0.0551,-0.0359,0
142083,-4.4211,-6.8123,5.2923,0.7000,-0.7700,-1.3300,0.0239,-0.0263,-0.0455,0
142122,-4.3181,-6.8626,5.3594,1.7500,-2.0300,0.2800,0.0598,-0.0694,0.0096,0
142161,-4.3923,-6.8626,5.3450,1.8200,-4.2700,1.0500,0.0622,-0.1460,0.0359,0
142200,-4.4498,-6.9152,5.2397,-0.6300,0.3500,1.5400,-0.0215,0.0120,0.0527,0
142239,-4.6484,-6.7572,5.2445,0.3500,0.6300,2.1000,0.0120,0.0215,0.0718,0
142278,-4.6532,-6.7955,5.3953,1.2600,0.3500,1.9600,0.0431,0.0120,0.0670,0
142317,-4.5934,-6.6806,5.3594,-0.1400,-3.1500,0.2800,-0.0048,-0.1077,0.0096,0
142356,-4.4617,-6.8099,5.3067,2.3100,-2.3800,0.7000,0.0790,-0.0814,0.0239,0
142395,-4.4713,-6.9128,5.4120,1.3300,-0.4200,0.2100,0.0455,-0.0144,0.0072,0
142434,-4.3684,-6.8075,5.2421,-0.5600,0.6300,-0.9800,-0.0191,0.0215,-0.0335,0
142473,-4.6437,-6.7860,5.3474,0.1400,0.4900,0.7000,0.0048,0.0168,0.0239,0
142512,-4.6484,-6.8961,5.1774,0.4200,-1.0500,0.7700,0.0144,-0.0359,0.0263,0
142551,-4.5599,-6.7668,5.3043,1.1900,-2.2400,0.4200,0.0407,-0.0766,0.0144,0
142590,-4.6389,-6.8889,5.3594,0.9100,-1.8200,0.2100,0.0311,-0.0622,0.0072,0
142629,-4.4402,-6.7979,5.2516,0.0000,-0.1400,0.4900,0.0000,-0.0048,0.0168,0
142668,-4.5168,-6.8458,5.4144,0.6300,-0.8400,0.5600,0.0215,-0.0287,0.0191,0
142707,-4.4737,-6.6783,5.3402,0.9100,-2.1000,0.0700,0.0311,-0.0718,0.0024,0
142746,-4.4833,-6.8147,5.4575,1.0500,-0.8400,-0.3500,0.0359,-0.0287,-0.0120,0
142785,-4.4187,-6.7453,5.3857,-1.2600,0.0700,0.3500,-0.0431,0.0024,0.0120,0
142824,-4.4761,-6.7860,5.3641,-0.4200,1.1900,0.9800,-0.0144,0.0407,0.0335,0
142863,-4.4857,-6.8721,5.3689,-0.7700,1.6100,0.3500,-0.0263,0.0551,0.0120,0
142902,-4.5551,-6.8602,5.2062,-0.8400,4.4100,0.0000,-0.0287,0.1508,0.0000,0
142941,-4.6006,-6.6759,5.3043,-0.7700,0.2100,0.4200,-0.0263,0.0072,0.0144,0
142980,-4.6221,-6.9080,5.3139,-0.4200,-2.3800,1.4700,-0.0144,-0.0814,0.0503,0
143019,-4.5503,-6.8937,5.1703,-1.8200,1.4000,1.5400,-0.0622,0.0479,0.0527,0
143058,-4.7011,-6.9679,5.1463,-0.5600,1.9600,1.2600,-0.0191,0.0670,0.0431,0
143097,-4.6484,-6.9440,5.2181,0.4200,-0.8400,0.3500,0.0144,-0.0287,0.0120,0
143136,-4.5024,-6.8243,5.2564,3.2900,-3.0800,-0.0700,0.1125,-0.1053,-0.0024,0
143175,-4.5790,-6.6806,5.3761,4.0600,-4.9000,0.2100,0.1388,-0.1676,0.0072,0
143214,-4.5407,-6.7142,5.3809,1.7500,-1.6800,0.5600,0.0598,-0.0574,0.0191,0
143253,-4.4761,-6.8075,5.4072,0.1400,1.7500,0.9100,0.0048,0.0598,0.0311,0
143292,-4.5742,-6.7908,5.2971,-2.3800,4.2700,1.1200,-0.0814,0.1460,0.0383,0
143331,-4.5695,-6.9320,5.2349,-1.4000,2.3800,0.2800,-0.0479,0.0814,0.0096,0
143370,-4.6700,-6.7860,5.2804,1.0500,0.2800,0.3500,0.0359,0.0096,0.0120,0
143409,-4.6173,-6.8027,5.3378,0.4200,-0.9100,0.3500,0.0144,-0.0311,0.0120,0
143448,-4.6317,-6.8027,5.2181,0.5600,-0.2800,0.3500,0.0191,-0.0096,0.0120,0
143487,-4.6628,-6.8578,5.2612,0.9100,1.0500,0.0700,0.0311,0.0359,0.0024,0
143526,-4.7250,-6.8362,5.2469,1.2600,-0.1400,-0.1400,0.0431,-0.0048,-0.0048,0
143565,-4.5336,-6.7405,5.3306,0.0000,-0.7700,-0.4200,0.0000,-0.0263,-0.0144,0
143604,-4.5455,-6.8410,5.2708,1.6100,-1.0500,-0.2800,0.0551,-0.0359,-0.0096,0
143643,-4.4857,-6.7549,5.2876,0.0700,-0.2100,-0.4200,0.0024,-0.0072,-0.0144,0
143682,-4.4546,-6.7142,5.4144,-1.4000,0.0000,0.9800,-0.0479,0.0000,0.0335,0
143721,-4.4426,-6.5945,5.3713,-3.5000,-0.3500,1.9600,-0.1197,-0.0120,0.0670,0
143760,-4.6748,-6.9822,5.2397,-2.5900,-0.2100,2.8700,-0.0886,-0.0072,0.0981,0
143799,-4.6508,-6.8171,5.1846,-4.6900,-0.2800,1.5400,-0.1604,-0.0096,0.0527,0
143838,-4.8423,-6.9870,5.1032,-3.0800,1.0500,1.1900,-0.1053,0.0359,0.0407,0
143877,-4.9453,-6.9463,5.0913,-5.6700,2.2400,-0.2800,-0.1939,0.0766,-0.0096,0
143916,-4.6556,-6.9751,4.9333,-1.9600,-0.4200,-1.4000,-0.0670,-0.0144,-0.0479,0
143955,-4.5647,-6.8003,5.1535,-0.2800,-0.3500,-0.8400,-0.0096,-0.0120,-0.0287,0
143994,-4.4450,-6.8602,5.3737,-1.2600,-2.4500,0.4200,-0.0431,-0.0838,0.0144,0
144033,-4.4570,-6.7812,5.1391,-2.3100,-0.7700,1.9600,-0.0790,-0.0263,0.0670,0
144072,-4.5336,-6.7237,5.2516,-0.4900,0.7700,3.0100,-0.0168,0.0263,0.1029,0
144111,-4.4929,-6.9320,5.1631,-1.8900,-0.2800,2.5200,-0.0646,-0.0096,0.0862,0
144150,-4.5312,-6.8219,5.2157,-1.6100,1.3300,1.8200,-0.0551,0.0455,0.0622,0
144189,-4.7562,-6.7477,5.1152,-1.2600,2.6600,1.4000,-0.0431,0.0910,0.0479,0
144228,-4.8447,-6.8865,5.0841,-4.3400,3.7800,1.3300,-0.1484,0.1293,0.0455,0
144267,-4.8184,-6.7764,4.9429,-6.4400,8.5400,-0.5600,-0.2202,0.2920,-0.0191,0
144306,-4.8735,-7.0660,5.0721,-0.4200,3.2900,-1.8900,-0.0144,0.1125,-0.0646,0
144345,-4.8375,-7.0947,4.8280,-1.6800,1.4000,-1.9600,-0.0574,0.0479,-0.0670,0
144384,-4.7657,-6.8434,4.8423,-2.1700,2.5900,-1.2600,-0.0742,0.0886,-0.0431,0
144423,-4.5479,-7.1259,4.9907,-2.0300,-0.2800,-0.4900,-0.0694,-0.0096,-0.0168,0
144462,-4.4737,-6.9751,4.8184,-1.1900,1.1200,0.5600,-0.0407,0.0383,0.0191,0
144501,-4.5958,-7.2025,4.8375,-2.4500,3.0800,2.4500,-0.0838,0.1053,0.0838,0
144540,-4.7801,-6.9176,4.9429,-2.1000,2.3800,3.0100,-0.0718,0.0814,0.1029,0
144579,-4.7562,-6.9009,4.8735,-3.2900,0.4200,2.5200,-0.1125,0.0144,0.0862,0
144618,-4.7777,-7.0062,4.8232,-4.8300,3.2200,3.5000,-0.1652,0.1101,0.1197,0
144657,-4.9524,-6.9104,4.6939,-6.7900,5.7400,2.6600,-0.2322,0.1963,0.0910,0
144696,-5.1032,-7.2144,4.5431,-2.8700,5.7400,0.6300,-0.0981,0.1963,0.0215,0
144735,-4.8830,-7.0493,4.5982,-0.5600,1.2600,-0.4900,-0.0191,0.0431,-0.0168,0
144774,-4.8806,-7.0924,4.7059,0.1400,3.5000,-0.6300,0.0048,0.1197,-0.0215,0
144813,-4.8926,-7.0971,4.6413,0.0000,4.7600,0.1400,0.0000,0.1628,0.0048,0
144852,-4.9189,-7.0541,4.5647,0.8400,3.3600,1.3300,0.0287,0.1149,0.0455,0
144891,-4.9070,-6.9679,4.6532,0.1400,4.2000,1.0500,0.0048,0.1436,0.0359,0
144930,-5.0793,-7.0229,4.5958,-0.7700,3.6400,1.0500,-0.0263,0.1245,0.0359,0
144969,-5.0338,-7.0421,4.5144,-9.1700,5.4600,-0.7700,-0.3136,0.1867,-0.0263,0
145008,-4.9836,-7.2264,4.4091,-1.4700,5.2500,0.3500,-0.0503,0.1795,0.0120,0
145047,-5.1415,-7.0971,4.4785,-0.0700,2.6600,0.3500,-0.0024,0.0910,0.0120,0
145086,-5.0602,-6.9655,4.3828,0.4200,1.8900,-0.4200,0.0144,0.0646,-0.0144,0
145125,-5.0171,-7.0229,4.5336,0.5600,1.8200,-0.2100,0.0191,0.0622,-0.0072,0
145164,-4.7897,-7.2479,4.2990,-2.5900,1.8200,-0.0700,-0.0886,0.0622,-0.0024,0
145203,-4.9141,-7.1426,4.5623,1.1200,3.9200,1.4700,0.0383,0.1340,0.0503,0
145242,-5.0243,-6.8530,4.4976,0.7700,5.6700,0.5600,0.0263,0.1939,0.0191,0
145281,-4.9955,-7.0924,4.2990,-0.7000,5.6000,1.3300,-0.0239,0.1915,0.0455,0
145320,-4.7633,-7.0445,4.5096,-1.1900,5.1800,3.0100,-0.0407,0.1771,0.1029,0
145359,-4.7346,-6.8314,4.3253,-7.0000,10.9200,4.6200,-0.2394,0.3734,0.1580,0
145398,-5.2852,-6.6064,4.7777,-4.6200,11.9000,7.4200,-0.1580,0.4069,0.2537,0
145437,-5.7711,-6.6806,3.8322,-9.1000,10.8500,3.3600,-0.3112,0.3710,0.1149,0
145476,-6.3096,-8.0307,3.0088,-3.7100,11.3400,3.0100,-0.1269,0.3878,0.1029,0
145515,-6.1181,-7.4753,3.8490,1.1200,3.1500,0.8400,0.0383,0.1077,0.0287,0
145554,-4.9117,-6.7118,4.1171,-2.0300,3.5700,0.2800,-0.0694,0.1221,0.0096,0
145593,-5.1727,-7.2791,4.6365,0.9100,2.6600,-1.1200,0.0311,0.0910,-0.0383,0
145632,-5.6849,-7.6405,3.4540,3.5000,-5.8800,-7.1400,0.1197,-0.2011,-0.2442,0
145671,-5.2684,-7.4538,3.4804,9.1700,3.2200,-5.6000,0.3136,0.1101,-0.1915,0
145710,-4.7873,-6.7932,4.6987,8.9600,4.6200,-0.2100,0.3064,0.1580,-0.0072,0
145749,-5.2157,-6.7166,4.4881,3.9200,-2.1700,-2.1000,0.1340,-0.0742,-0.0718,0
145788,-5.6346,-7.1498,3.9447,0.4200,-1.3300,-4.2000,0.0144,-0.0455,-0.1436,0
145827,-5.1296,-7.4801,3.7843,3.6400,-2.6600,2.2400,0.1245,-0.0910,0.0766,0
145866,-4.9141,-6.9655,4.9405,-0.2800,-0.7000,6.3700,-0.0096,-0.0239,0.2178,0
145905,-5.0290,-6.1253,4.2439,-4.9000,-1.4000,4.4100,-0.1676,-0.0479,0.1508,0
145944,-5.8118,-7.3820,3.6455,-7.8400,4.4100,2.4500,-0.2681,0.1508,0.0838,0
145983,-5.6227,-7.5663,3.7101,3.3600,-4.7600,2.5900,0.1149,-0.1628,0.0886,0
146022,-4.8974,-6.7381,4.2990,-10.0100,3.8500,0.3500,-0.3423,0.1317,0.0120,0
146061,-5.0051,-6.2689,4.6197,-7.1400,5.1800,2.5900,-0.2442,0.1771,0.0886,0
146100,-5.9961,-7.4442,4.1937,-11.2700,2.5200,1.5400,-0.3854,0.0862,0.0527,0
146139,-5.3833,-7.5400,3.1261,3.3600,-2.5900,1.1200,0.1149,-0.0886,0.0383,0
146178,-5.3306,-7.4610,4.2272,2.5200,-9.1700,0.2800,0.0862,-0.3136,0.0096,0
146217,-4.5623,-7.2623,3.9328,6.0900,-5.5300,2.7300,0.2082,-0.1891,0.0934,0
146256,-4.6891,-6.7453,4.7274,3.2200,8.6800,4.9000,0.1101,0.2968,0.1676,0
146295,-5.2564,-6.1923,4.5551,-3.3600,11.0600,4.5500,-0.1149,0.3782,0.1556,0
146334,-5.7376,-6.8506,3.8322,-7.0000,11.7600,-1.1900,-0.2394,0.4021,-0.0407,0
146373,-5.9458,-7.4897,3.5881,-0.0700,10.2900,-2.5900,-0.0024,0.3519,-0.0886,0
146412,-5.4216,-7.7099,3.6024,6.3700,-3.3600,-1.9600,0.2178,-0.1149,-0.0670,0
146451,-4.6173,-7.2288,4.6030,1.1200,14.4900,2.3100,0.0383,0.4955,0.0790,0
146490,-5.4360,-5.9243,4.7035,-11.5500,19.2500,4.8300,-0.3950,0.6583,0.1652,0
146529,-6.0559,-6.8434,3.1811,-25.2000,25.0600,2.5200,-0.8617,0.8569,0.0862,0
146568,-6.1445,-7.7051,2.9131,-1.0500,6.3000,3.6400,-0.0359,0.2154,0.1245,0
146607,-5.4336,-7.5950,3.0375,8.7500,-11.6900,4.2700,0.2992,-0.3997,0.1460,0
146646,-5.1368,-7.3174,3.3104,-4.6900,11.9700,4.4800,-0.1604,0.4093,0.1532,0
146685,-4.5910,-6.8386,4.2750,-24.2200,28.2100,12.4600,-0.8282,0.9646,0.4261,0
146724,-4.8639,-6.4293,3.6072,-19.7400,37.5200,19.6700,-0.6750,1.2830,0.6726,0
146763,-6.2809,-7.2599,2.5756,1.6800,46.4800,19.4600,0.0574,1.5894,0.6654,0
146802,-6.1277,-6.5179,2.5612,11.4100,38.9200,16.3100,0.3902,1.3309,0.5577,0
146841,-6.3527,-6.6639,2.6282,17.4300,2.8700,10.3600,0.5960,0.0981,0.3543,0
146880,-6.1828,-7.0182,2.8748,15.2600,53.2700,11.7600,0.5218,1.8216,0.4021,0
146919,-6.0176,-6.7955,3.9878,7.4200,59.5700,7.0000,0.2537,2.0370,0.2394,0
146958,-5.7256,-6.2474,3.2817,6.2300,47.8100,-9.5900,0.2130,1.6349,-0.3279,0
146997,-6.1971,-7.0708,1.6636,17.8500,59.6400,-26.0400,0.6104,2.0394,-0.8904,0
147036,-6.1373,-7.4179,1.3021,15.7500,66.3600,-24.6400,0.5386,2.2692,-0.8426,0
147075,-6.8051,-7.0971,-0.0646,18.4100,66.0100,-13.1600,0.6295,2.2572,-0.4500,0
147114,-6.8027,-6.1732,1.3285,11.5500,72.0300,-8.0500,0.3950,2.4631,-0.2753,0
147153,-6.3671,-6.6160,0.8067,15.6100,62.2300,-6.7900,0.5338,2.1279,-0.2322,0
147192,-7.1761,-7.3221,0.3471,26.3200,52.2200,-13.4400,0.9000,1.7857,-0.4596,0
147231,-8.4519,-8.0714,-0.2274,21.0700,35.7700,-23.0300,0.7205,1.2232,-0.7875,0
147270,-8.6267,-7.5639,-0.4213,9.7300,39.2700,-21.3500,0.3327,1.3428,-0.7301,0
147309,-8.7511,-7.2647,0.4213,15.7500,33.4600,-20.0900,0.5386,1.1442,-0.6870,0
147348,-6.8817,-5.9362,0.3088,-0.7700,13.4400,-28.8400,-0.0263,0.4596,-0.9862,0
147387,-6.1014,-6.8267,1.1489,-5.1800,-3.5000,-35.0000,-0.1771,-0.1197,-1.1968,0
147426,-5.4312,-7.7578,1.0771,-5.5300,5.5300,-36.3300,-0.1891,0.1891,-1.2423,0
147465,-5.1463,-8.6961,0.5194,-9.9400,14.6300,-33.3200,-0.3399,0.5003,-1.1394,0
147504,-5.2636,-8.5525,0.2633,-3.8500,22.6100,-36.4700,-0.1317,0.7731,-1.2471,0
147543,-5.6538,-8.1623,-0.4141,-1.4000,22.9600,-36.4700,-0.0479,0.7851,-1.2471,0
147582,-6.8147,-8.3083,-0.8258,6.4400,21.3500,-39.4100,0.2202,0.7301,-1.3476,0
147621,-7.1977,-8.2892,-0.4500,-2.3800,2.5900,-43.4700,-0.0814,0.0886,-1.4865,0
147660,-6.6687,-8.5142,-0.4404,-9.2400,-18.9700,-52.9200,-0.3160,-0.6487,-1.8096,0
147699,-5.4527,-8.2987,-1.0604,-6.6500,-25.6900,-56.6300,-0.2274,-0.8785,-1.9365,0
147738,-4.3756,-9.4214,-0.9144,1.4700,-62.7900,-61.4600,0.0503,-2.1471,-2.1016,0
147777,-3.2649,-9.0839,-0.8378,13.2300,-57.7500,-66.7800,0.4524,-1.9748,-2.2835,0
147816,-3.5043,-9.9216,0.7348,40.8100,-72.5200,-76.1600,1.3955,-2.4798,-2.6043,0
147855,-4.0429,-9.0504,0.9646,32.2000,-84.6300,-63.2100,1.1011,-2.8939,-2.1615,0
147894,-4.9213,-9.3041,1.7569,22.6800,-59.5700,-66.3600,0.7755,-2.0370,-2.2692,0
147933,-4.2415,-8.3562,1.7761,-11.5500,-58.1000,-62.3700,-0.3950,-1.9867,-2.1327,0
147972,-2.9897,-11.0179,1.4099,4.6200,-54.0400,-64.6800,0.1580,-1.8479,-2.2117,0
148011,0.3303,-9.7924,1.0460,-19.8800,-57.0500,-51.7300,-0.6798,-1.9508,-1.7689,0
148050,2.6258,-10.3812,0.6846,-25.8300,-46.6900,-51.3100,-0.8833,-1.5966,-1.7545,0
148089,0.4476,-12.7126,3.0088,-24.9200,-33.5300,-39.2700,-0.8521,-1.1466,-1.3428,0
148128,0.1101,-11.8150,2.9394,-37.3800,-42.2800,-42.3500,-1.2782,-1.4458,-1.4482,0
148167,-0.2896,-11.2573,2.4918,-35.4200,-46.1300,-50.2600,-1.2112,-1.5774,-1.7186,0
148206,0.0072,-12.1286,1.3835,-2.5900,-58.5900,-51.9400,-0.0886,-2.0035,-1.7761,0
148245,1.3093,-10.7427,0.8689,6.2300,-60.4100,-34.2300,0.2130,-2.0657,-1.1705,0
148284,2.3362,-8.4831,0.3375,9.2400,-36.3300,-7.7000,0.3160,-1.2423,-0.2633,0
148323,1.3476,-6.3982,-0.5601,11.2000,-19.3200,5.0400,0.3830,-0.6606,0.1723,0
148362,1.9676,-5.8381,-1.2926,-12.1100,-16.3100,20.2300,-0.4141,-0.5577,0.6918,0
148401,2.4846,-7.5280,-1.2160,-26.5300,-9.5200,35.4900,-0.9072,-0.3255,1.2136,0
148440,4.3995,-9.3783,-0.6032,-54.8800,-16.9400,38.9200,-1.8766,-0.5793,1.3309,0
148479,2.8030,-10.0078,-1.6732,-30.4500,15.8200,25.1300,-1.0412,0.5410,0.8593,0
148518,1.4553,-8.0235,-0.6630,-30.0300,20.8600,26.5300,-1.0269,0.7133,0.9072,0
148557,0.5122,-7.5184,-0.0239,5.9500,12.3900,32.4800,0.2035,0.4237,1.1106,0
148596,0.7875,-8.0091,-1.3859,-5.5300,24.5000,14.9800,-0.1891,0.8378,0.5122,0
148635,1.3524,-7.2695,1.2974,-9.5200,26.3200,-10.5700,-0.3255,0.9000,-0.3614,0
148674,0.0622,-12.4900,-0.9024,-79.2400,13.7900,-56.4900,-2.7096,0.4715,-1.9317,0
148713,4.9213,-17.8901,-4.6484,-95.9700,-8.8900,-44.1700,-3.2817,-0.3040,-1.5104,0
148752,2.4607,-9.1222,-3.5737,36.6100,71.3300,-20.4400,1.2519,2.4391,-0.6989,0
148791,-1.4003,-5.8501,-0.7085,-24.8500,48.8600,-59.9900,-0.8497,1.6708,-2.0513,0
148830,2.4415,-12.0735,-0.6056,-41.1600,-21.0700,-65.3800,-1.4075,-0.7205,-2.2357,0
148869,7.1378,-14.5438,-4.2080,-14.0000,-29.9600,-71.8200,-0.4787,-1.0245,-2.4559,0
148908,5.8405,-9.8642,-2.6330,20.2300,5.2500,-68.6700,0.6918,0.1795,-2.3482,0
148947,6.3551,-8.5333,-2.5875,10.1500,17.3600,-66.5700,0.3471,0.5936,-2.2764,0
148986,6.8410,-8.7823,-4.1147,-19.6000,42.6300,-72.8000,-0.6702,1.4577,-2.4894,0
149025,4.6676,-7.7889,-2.2141,-36.9600,70.1400,-70.2100,-1.2638,2.3984,-2.4008,0
149064,4.1266,-8.4089,-1.8096,-27.2300,44.0300,-70.0000,-0.9311,1.5056,-2.3936,0
149103,4.2942,-8.7464,-1.5128,-5.4600,19.6000,-69.3000,-0.1867,0.6702,-2.3697,0
149142,3.8729,-6.7429,-0.2968,13.6500,21.4900,-53.4100,0.4668,0.7348,-1.8263,0
149181,5.2564,-6.3695,-0.8067,23.1700,6.5800,-44.4500,0.7923,0.2250,-1.5200,0
149220,6.2809,-6.3599,-0.9239,30.0300,3.8500,-40.5300,1.0269,0.1317,-1.3859,0
149259,6.5658,-5.1990,-1.0724,30.3100,13.7900,-35.5600,1.0364,0.4715,-1.2160,0
149298,5.4575,-4.9357,-0.9958,20.3700,29.4700,-26.8800,0.6965,1.0077,-0.9192,0
149337,4.8998,-4.4641,-1.0388,15.4000,17.6400,-22.8200,0.5266,0.6032,-0.7803,0
149376,4.7849,-4.2750,-0.9766,4.9700,0.9100,-14.0700,0.1699,0.0311,-0.4811,0
149415,5.2852,-5.0338,-1.0364,-3.4300,18.4800,9.4500,-0.1173,0.6319,0.3231,0
149454,5.4001,-6.3455,-1.0460,-12.3900,25.4800,32.2700,-0.4237,0.8713,1.1035,0
149493,6.0248,-7.1283,-0.7731,-33.3200,1.1200,35.9100,-1.1394,0.0383,1.2279,0
149532,6.2402,-9.5913,0.3447,-54.1100,7.9800,17.5000,-1.8503,0.2729,0.5984,0
149571,7.0852,-8.7727,-1.5726,28.0000,0.3500,3.2900,0.9575,0.0120,0.1125,0
149610,6.1780,-7.0612,1.0149,-5.2500,7.4200,6.9300,-0.1795,0.2537,0.2370,0
149649,5.8955,-6.7501,0.4596,-8.8200,2.2400,43.2600,-0.3016,0.0766,1.4793,0
149688,5.6873,-7.8727,-0.7157,-12.5300,-2.2400,54.1100,-0.4285,-0.0766,1.8503,0
149727,5.7136,-7.9038,-1.3117,-33.6700,-6.0200,28.8400,-1.1513,-0.2059,0.9862,0
149766,5.1535,-7.8799,-1.6420,-27.7900,13.0900,2.8700,-0.9503,0.4476,0.0981,0
149805,5.7902,-8.2916,-1.6612,-4.9000,11.4100,-3.6400,-0.1676,0.3902,-0.1245,0
149844,4.5575,-8.2509,-1.3644,5.9500,28.0700,-14.7000,0.2035,0.9598,-0.5027,0
149883,3.4492,-7.8464,-1.1561,10.5000,30.9400,-30.4500,0.3590,1.0580,-1.0412,0
149922,3.3511,-7.3940,-1.6037,10.0100,31.4300,-25.9000,0.3423,1.0747,-0.8856,0
149961,3.3655,-8.0187,-2.7886,1.0500,-3.0800,-14.8400,0.0359,-0.1053,-0.5075,0
150000,4.1458,-8.6769,-1.9365,-23.4500,-27.3700,-13.0200,-0.8019,-0.9359,-0.4452,0
150039,8.0187,-9.6464,-2.9825,-39.5500,-49.3500,0.2800,-1.3524,-1.6875,0.0096,0
150078,7.5974,-9.7996,-3.6455,-20.5100,3.1500,-2.8000,-0.7013,0.1077,-0.0957,0
150117,7.3652,-7.9421,1.1442,-23.4500,38.7100,9.8000,-0.8019,1.3237,0.3351,0
150156,8.6410,-6.6567,2.0513,1.6100,48.3000,19.8800,0.0551,1.6516,0.6798,0
150195,7.5471,-5.6466,-0.1412,38.2200,48.2300,7.0000,1.3069,1.6492,0.2394,0
150234,7.7530,-6.4197,-1.6923,18.2000,57.6800,-5.4600,0.6223,1.9724,-0.1867,0
150273,6.6950,-6.9799,-1.3380,-12.3200,62.5100,-8.9600,-0.4213,2.1375,-0.3064,0
150312,6.8961,-7.5639,-0.4668,-27.1600,58.9400,0.6300,-0.9287,2.0154,0.0215,0
150351,7.5735,-7.4538,-0.2346,2.3800,39.8300,-7.4200,0.0814,1.3620,-0.2537,0
150390,7.4634,-6.7261,-0.0455,4.2700,46.8300,-15.0500,0.1460,1.6013,-0.5146,0
150429,6.9511,-7.6166,0.4069,7.0000,31.2200,-3.2200,0.2394,1.0676,-0.1101,0
150468,7.2096,-7.3676,-0.0048,-12.1100,36.1900,-3.9900,-0.4141,1.2375,-0.1364,0
150507,6.3671,-6.6136,-0.5625,-13.0200,39.9700,-1.7500,-0.4452,1.3668,-0.0598,0
150546,4.9261,-6.0224,-1.1011,4.5500,25.5500,6.5800,0.1556,0.8737,0.2250,0
150585,4.8184,-6.0751,-1.2064,1.4700,27.7900,18.4100,0.0503,0.9503,0.6295,0
150624,5.0578,-6.9080,0.7492,-51.1000,53.3400,26.5300,-1.7474,1.8240,0.9072,0
150663,7.5232,-8.7703,2.3841,-88.0600,57.0500,53.7600,-3.0112,1.9508,1.8383,0
150702,8.3514,-11.8677,4.2726,-26.6000,12.3200,46.6200,-0.9096,0.4213,1.5942,0
150741,6.4604,-8.0498,1.2926,-53.6900,-55.3000,-20.5800,-1.8359,-1.8910,-0.7037,0
150780,2.8221,-5.6298,-0.8378,-23.9400,-25.0600,-23.9400,-0.8186,-0.8569,-0.8186,0
150819,3.8059,-7.5160,0.5003,-38.7800,17.0100,18.8300,-1.3261,0.5817,0.6439,0
150858,4.3157,-9.1964,0.8593,-46.2000,-7.0700,23.2400,-1.5798,-0.2418,0.7947,0
150897,6.4772,-10.3310,0.2777,12.7400,-28.6300,-3.9200,0.4356,-0.9790,-0.1340,0
150936,5.1631,-8.7320,0.6606,1.7500,-1.5400,-32.4800,0.0598,-0.0527,-1.1106,0
150975,4.0668,-7.6908,0.2202,20.3700,-2.4500,-30.5200,0.6965,-0.0838,-1.0436,0
151014,5.0147,-7.8607,-1.2136,34.5100,-34.0900,-24.0100,1.1801,-1.1657,-0.8210,0
151053,5.3187,-7.4897,-1.5056,40.8800,-25.5500,-26.9500,1.3979,-0.8737,-0.9216,0
151092,4.9931,-7.1474,-0.4141,34.8600,-15.0500,-41.5800,1.1920,-0.5146,-1.4218,0
151131,4.6987,-7.0158,-0.7923,30.0300,-36.9600,-46.2000,1.0269,-1.2638,-1.5798,0
151170,4.1578,-7.2934,-1.8958,20.0900,-43.0500,-25.7600,0.6870,-1.4721,-0.8809,0
151209,3.8418,-7.8655,-3.1213,21.2800,-81.2000,-11.6200,0.7277,-2.7766,-0.3973,0
151248,6.5442,-10.4698,-3.4205,-13.3000,-56.9800,-0.7000,-0.4548,-1.9484,-0.0239,0
151287,9.0121,-9.8426,-0.7564,-23.3800,-14.7000,40.1100,-0.7995,-0.5027,1.3716,0
151326,8.8014,-5.4527,2.3745,59.1500,7.0000,27.3700,2.0226,0.2394,0.9359,0
151365,9.0695,-4.0764,2.4870,56.5600,41.3000,21.2800,1.9341,1.4122,0.7277,0
151404,9.4214,-7.3796,-0.1963,130.2000,27.5100,-3.8500,4.4522,0.9407,-0.1317,0
151443,6.1756,-7.1211,-0.9527,42.0700,-5.9500,-39.6900,1.4386,-0.2035,-1.3572,0
151482,5.5078,-6.3048,0.3997,-24.7800,32.5500,-34.4400,-0.8473,1.1130,-1.1777,0
151521,7.8368,-6.8314,1.0556,6.7200,25.8300,-6.6500,0.2298,0.8833,-0.2274,0
151560,8.2940,-7.1737,0.9862,28.8400,17.0100,-10.0100,0.9862,0.5817,-0.3423,0
151599,7.1833,-6.9152,1.4865,25.0600,10.1500,-24.1500,0.8569,0.3471,-0.8258,0
151638,5.8046,-6.6759,1.0125,39.9000,7.6300,-16.9400,1.3644,0.2609,-0.5793,0
151677,6.1014,-7.2886,-0.2274,30.8000,7.2800,-0.4200,1.0532,0.2489,-0.0144,0
151716,6.3862,-7.4299,1.1992,-2.8700,37.3100,10.6400,-0.0981,1.2758,0.3638,0
151755,6.5729,-6.3743,1.2327,6.2300,17.7800,19.6000,0.2130,0.6080,0.6702,0
151794,4.9860,-7.2623,-0.3423,6.8600,18.4100,31.7100,0.2346,0.6295,1.0843,0
151833,5.4503,-6.8721,1.1489,-29.7500,11.1300,43.2600,-1.0173,0.3806,1.4793,0
151872,8.0857,-5.1631,2.5301,-108.9200,-23.8700,56.9100,-3.7245,-0.8162,1.9460,0
151911,7.7482,-6.4245,0.0096,-122.5000,-87.8500,30.2400,-4.1889,-3.0040,1.0341,0
151950,7.5663,-10.9485,-0.6032,-30.1700,-73.2900,51.3100,-1.0317,-2.5061,1.7545,0
151989,3.6718,-11.5397,2.9801,-39.9700,-42.4900,10.3600,-1.3668,-1.4529,0.3543,0
152028,5.0458,-8.4113,0.5936,-25.7600,-69.0200,-17.4300,-0.8809,-2.3601,-0.5960,0
152067,5.1822,-7.7698,-1.4386,31.1500,-59.8500,-8.8900,1.0652,-2.0466,-0.3040,0
152106,4.1745,-7.3365,-1.5343,34.2300,-51.8000,-20.9300,1.1705,-1.7713,-0.7157,0
152145,4.7849,-7.1713,-0.4907,9.3800,-39.6200,-29.4700,0.3207,-1.3548,-1.0077,0
152184,5.9410,-8.0929,-0.8880,31.4300,-67.9000,-25.6900,1.0747,-2.3218,-0.8785,0
152223,5.2947,-8.7535,-1.9652,49.9100,-69.7200,-43.3300,1.7067,-2.3841,-1.4817,0
152262,5.2756,-7.2910,-2.3242,49.0000,-48.5100,-46.2000,1.6755,-1.6588,-1.5798,0
152301,5.3953,-7.5735,-2.3099,63.0700,-56.8400,-35.9800,2.1567,-1.9436,-1.2303,0
152340,4.9285,-7.7769,-1.4936,61.6000,-65.9400,-36.8900,2.1064,-2.2548,-1.2614,0
152379,4.4809,-8.1456,-2.8915,36.1200,-130.2700,-36.1900,1.2351,-4.4546,-1.2375,0
152418,5.6155,-8.4519,-6.3575,23.8000,-147.8400,-23.3100,0.8138,-5.0554,-0.7971,0
152457,10.6828,-9.6344,-2.0442,56.5600,-106.6800,3.9200,1.9341,-3.6479,0.1340,0
152496,12.0041,-9.5841,-1.4290,110.8100,-69.5100,36.4700,3.7891,-2.3769,1.2471,0
152535,8.1216,-7.4801,-0.8067,105.2800,-66.7800,-6.8600,3.6000,-2.2835,-0.2346,0
152574,5.8955,-4.6197,-0.3088,79.8000,-26.8800,-37.8700,2.7287,-0.9192,-1.2950,0
152613,6.1540,-5.7687,-1.8048,108.9200,-55.6500,-44.1700,3.7245,-1.9029,-1.5104,0
152652,6.4221,-7.0708,-1.4505,105.1400,-76.3700,-36.9600,3.5952,-2.6115,-1.2638,0
152691,7.0660,-5.9338,-0.9479,134.4700,-61.6000,-30.3800,4.5982,-2.1064,-1.0388,0
152730,7.5615,-5.1056,-1.9388,143.4300,-96.8100,-35.2100,4.9046,-3.3104,-1.2040,0
152769,7.2408,-4.9620,-2.3936,120.3300,-72.5900,-35.4900,4.1147,-2.4822,-1.2136,0
152808,6.7572,-5.7974,-1.7426,98.0700,-65.4500,-24.9900,3.3535,-2.2381,-0.8545,0
152847,6.5538,-6.7788,-0.9910,83.5100,-73.8500,-2.5200,2.8556,-2.5253,-0.0862,0
152886,6.6352,-7.6788,-0.3136,104.5100,-99.5400,5.3200,3.5737,-3.4038,0.1819,0
152925,7.4825,-7.9349,0.0120,145.0400,-124.6000,2.6600,4.9596,-4.2607,0.0910,0
152964,7.7554,-7.5376,0.1197,140.5600,-116.7600,-12.2500,4.8064,-3.9926,-0.4189,0
153003,7.8104,-6.2211,-0.1532,139.7200,-74.8300,-6.9300,4.7777,-2.5588,-0.2370,0
153042,8.1384,-6.5849,-1.3859,163.5900,-98.0000,16.8000,5.5939,-3.3511,0.5745,0
153081,8.3825,-5.6657,-0.3184,137.2700,-114.7300,27.0200,4.6939,-3.9232,0.9239,0
153120,8.5692,-3.4444,-0.4261,81.2700,-71.3300,32.4100,2.7790,-2.4391,1.1083,0
153159,7.8392,-3.4708,-2.2883,-11.2000,-37.3100,45.3600,-0.3830,-1.2758,1.5511,0
153198,4.4689,-5.9314,-2.7694,-30.6600,-30.8700,38.8500,-1.0484,-1.0556,1.3285,0
153237,4.3157,-7.9086,-0.8426,-70.6300,-29.3300,35.4200,-2.4152,-1.0029,1.2112,0
153276,5.9530,-14.0028,0.6080,-22.8900,-98.2100,32.9000,-0.7827,-3.3583,1.1250,0
153315,6.3479,-15.9105,-1.5391,105.6300,-106.6800,0.5600,3.6120,-3.6479,0.0191,0
153354,5.8764,-9.7684,-1.8263,109.9000,-82.9500,-44.5200,3.7580,-2.8365,-1.5224,0
153393,6.4556,-5.6298,-1.0580,91.5600,-81.1300,-49.1400,3.1309,-2.7742,-1.6803,0
153432,6.7357,-4.6293,-1.5774,60.6200,-57.5400,-34.8600,2.0729,-1.9676,-1.1920,0
153471,6.1253,-4.7586,-1.7641,42.1400,-58.7300,-25.9000,1.4410,-2.0083,-0.8856,0
153510,5.3163,-5.5317,-1.8910,21.6300,-41.8600,-20.7900,0.7396,-1.4314,-0.7109,0
153549,4.4402,-7.1019,-2.2357,18.1300,-48.0200,-10.0100,0.6200,-1.6420,-0.3423,0
153588,5.3235,-8.0450,-3.1165,35.2800,-87.5000,-8.8900,1.2064,-2.9921,-0.3040,0
153627,6.0200,-8.4807,-3.1189,37.1700,-83.0900,-20.5800,1.2710,-2.8413,-0.7037,0
153666,9.7086,-9.5387,-1.5056,35.7000,-67.9000,-20.7900,1.2208,-2.3218,-0.7109,0
153705,10.4817,-7.7745,-1.8407,72.8000,-78.2600,-10.9900,2.4894,-2.6761,-0.3758,0
153744,8.8565,-7.4825,-0.2442,85.0500,-68.7400,-25.3400,2.9083,-2.3506,-0.8665,0
153783,8.2102,-6.9176,2.4559,13.3700,-51.8700,-74.0600,0.4572,-1.7737,-2.5325,0
153822,8.3131,-4.6796,-0.5146,-21.3500,13.0900,-100.3800,-0.7301,0.4476,-3.4325,0
153861,7.2216,-6.4652,-0.6989,71.3300,2.2400,-74.9000,2.4391,0.0766,-2.5612,0
153900,7.4945,-5.5915,-2.4535,47.7400,-0.7000,-65.1700,1.6325,-0.0239,-2.2285,0
153939,7.9397,-1.9245,0.1891,61.3900,18.9700,-46.2000,2.0992,0.6487,-1.5798,0
153978,9.7230,-1.3093,-0.6989,15.7500,26.3200,-15.4000,0.5386,0.9000,-0.5266,0
154017,11.1591,-2.9514,-2.1950,-10.2200,35.4900,-6.8600,-0.3495,1.2136,-0.2346,0
154056,10.8552,-3.2793,-0.2011,-6.0900,36.8900,-13.3700,-0.2082,1.2614,-0.4572,0
154095,9.2682,-3.6838,0.9431,-19.5300,43.9600,-21.4900,-0.6678,1.5032,-0.7348,0
154134,7.1211,-4.3636,-0.1795,-16.4500,58.2400,-3.9200,-0.5625,1.9915,-0.1340,0
154173,6.7381,-4.2248,-0.7875,-21.0000,58.2400,25.9700,-0.7181,1.9915,0.8880,0
154212,7.3389,-2.8724,0.0215,-16.3800,54.9500,40.6000,-0.5601,1.8790,1.3883,0
154251,9.4429,-2.7575,0.5912,-53.4800,29.6100,59.7100,-1.8287,1.0125,2.0418,0
154290,8.3299,-4.5527,0.0766,-53.1300,1.8900,51.3800,-1.8168,0.0646,1.7569,0
154329,8.5285,-4.8423,-0.7348,-83.1600,-26.8100,39.6900,-2.8436,-0.9168,1.3572,0
154368,7.8104,-5.3330,1.9006,-99.4700,-16.5200,51.8700,-3.4014,-0.5649,1.7737,0
154407,9.2562,-10.0174,2.8748,-51.1700,-38.2900,48.8600,-1.7498,-1.3093,1.6708,0
154446,5.8931,-10.5200,-0.4069,-59.5000,44.3800,6.7200,-2.0346,1.5176,0.2298,0
154485,5.2756,-7.1570,0.5649,-18.6900,46.4800,-5.1100,-0.6391,1.5894,-0.1747,0
154524,4.9094,-5.9913,-0.4476,9.3800,11.4800,-24.7800,0.3207,0.3926,-0.8473,0
154563,4.2870,-5.2205,-0.1077,20.0900,2.1000,-41.3000,0.6870,0.0718,-1.4122,0
154602,4.4258,-4.2439,0.5051,12.7400,6.4400,-46.2700,0.4356,0.2202,-1.5822,0
154641,5.7974,-5.0314,0.1340,-9.6600,9.7300,-27.8600,-0.3303,0.3327,-0.9527,0
154680,7.7817,-7.7171,-0.7755,-19.9500,-20.9300,-5.5300,-0.6822,-0.7157,-0.1891,0
154719,7.1833,-10.0988,-3.0375,-16.5900,-47.6700,-15.9600,-0.5673,-1.6301,-0.5457,0
154758,5.3665,-9.5698,-3.0303,-10.1500,-45.8500,-20.8600,-0.3471,-1.5678,-0.7133,0
154797,13.3254,-10.8552,1.0891,-6.6500,-70.5600,21.1400,-0.2274,-2.4128,0.7229,0
154836,9.6057,-8.0307,0.2872,19.1800,-66.1500,19.5300,0.6559,-2.2620,0.6678,0
154875,7.4227,-4.2966,1.2327,15.8200,3.2900,-30.9400,0.5410,0.1125,-1.0580,0
154914,9.6727,-2.5947,-0.2322,-2.3100,18.2000,-47.5300,-0.0790,0.6223,-1.6253,0
154953,9.9551,-1.6420,-1.0963,35.3500,11.8300,-31.6400,1.2088,0.4045,-1.0819,0
154992,8.6075,-2.4798,-1.0317,-35.2800,20.3000,-16.3800,-1.2064,0.6942,-0.5601,0
155031,9.0216,-2.4822,-1.2423,-53.0600,49.5600,1.4700,-1.8144,1.6947,0.0503,0
155070,9.5339,-3.5881,-1.8359,-65.1700,61.3900,7.4900,-2.2285,2.0992,0.2561,0
155109,9.8067,-5.8165,-1.5942,-64.4700,50.1200,-0.3500,-2.2045,1.7138,-0.0120,0
155148,9.1150,-5.7136,-0.6965,-65.8700,69.5800,-6.7900,-2.2524,2.3793,-0.2322,0
155187,8.9235,-4.7083,-0.3830,-44.4500,84.4200,-10.8500,-1.5200,2.8867,-0.3710,0
155226,8.2557,-4.7538,-0.5170,-38.7100,88.9000,-5.4600,-1.3237,3.0399,-0.1867,0
155265,8.4256,-5.2947,-0.0191,-38.0800,67.9700,-3.4300,-1.3021,2.3242,-0.1173,0
155304,8.9091,-5.5413,1.6779,-20.1600,82.6000,-14.1400,-0.6894,2.8245,-0.4835,0
155343,8.3538,-3.6431,0.6487,-16.7300,104.7900,-10.0800,-0.5721,3.5833,-0.3447,0
155382,8.1839,-2.3673,0.1795,-25.4800,90.8600,-7.8400,-0.8713,3.1069,-0.2681,0
155421,7.6237,-4.5240,-0.3782,-78.8200,72.4500,-2.2400,-2.6952,2.4774,-0.0766,0
155460,8.2557,-6.9200,-0.7995,-84.6300,35.3500,6.9300,-2.8939,1.2088,0.2370,0
155499,7.7602,-8.5597,-0.4141,-78.6800,43.7500,13.6500,-2.6905,1.4960,0.4668,0
155538,5.6274,-7.9565,1.7952,-87.5000,59.9900,9.5200,-2.9921,2.0513,0.3255,0
155577,9.1317,-5.0769,5.0027,-114.5900,-1.7500,18.9700,-3.9184,-0.0598,0.6487,0
155616,9.0575,-4.1721,1.0364,-136.6400,-45.0800,14.6300,-4.6724,-1.5415,0.5003,0
155655,7.7530,-4.3109,0.6367,-89.3900,-56.9100,25.7600,-3.0567,-1.9460,0.8809,0
155694,8.4113,-6.3982,2.0825,-44.2400,-73.0100,48.0200,-1.5128,-2.4966,1.6420,0
155733,8.7129,-9.5650,3.7389,-31.7800,-29.0500,26.1800,-1.0867,-0.9934,0.8952,0
155772,6.7525,-6.4173,0.3734,-2.4500,1.6800,18.7600,-0.0838,0.0574,0.6415,0
155811,6.5179,-4.9309,0.3327,-25.9000,3.6400,24.2900,-0.8856,0.1245,0.8306,0
155850,8.4878,-5.7184,-0.7731,0.7000,-10.0100,18.2700,0.0239,-0.3423,0.6247,0
155889,7.4323,-6.6950,-1.4721,12.0400,-5.8100,2.5900,0.4117,-0.1987,0.0886,0
155928,5.7902,-6.4221,-1.5415,-15.1900,3.2900,-17.3600,-0.5194,0.1125,-0.5936,0
155967,4.5647,-6.3312,-1.4338,0.9800,6.8600,-33.1100,0.0335,0.2346,-1.1322,0
156006,5.0290,-5.5102,-0.5577,4.1300,15.8200,-41.5100,0.1412,0.5410,-1.4194,0
156045,7.8368,-6.1660,0.5649,-4.4100,-9.3100,-37.8000,-0.1508,-0.3184,-1.2926,0
156084,9.2035,-6.7764,0.0981,-34.5800,-8.9600,-22.4700,-1.1825,-0.3064,-0.7684,0
156123,7.8631,-8.9546,-3.3248,0.8400,-24.7100,7.2100,0.0287,-0.8450,0.2465,0
156162,6.3168,-10.2041,-2.1112,-5.6700,-32.8300,18.3400,-0.1939,-1.1226,0.6271,0
156201,7.9684,-8.9953,-1.1394,-10.9900,-9.9400,-3.7800,-0.3758,-0.3399,-0.1293,0
156240,10.9748,-7.5974,-0.7899,-17.9900,18.2000,-0.7700,-0.6152,0.6223,-0.0263,0
156279,8.6243,-5.1463,-0.1987,-30.1700,22.9600,-11.4800,-1.0317,0.7851,-0.3926,0
156318,7.7339,-4.4211,2.2883,-41.9300,54.8100,-13.0200,-1.4338,1.8742,-0.4452,0
156357,8.2102,-4.1601,1.9412,1.4700,61.8800,-2.9400,0.0503,2.1160,-0.1005,0
156396,9.4501,-2.8149,0.9479,30.5200,61.4600,-5.6700,1.0436,2.1016,-0.1939,0
156435,9.5889,-3.0710,-0.1317,5.2500,54.3200,-26.7400,0.1795,1.8575,-0.9144,0
156474,9.2658,-3.0136,-0.6271,-31.6400,74.2700,-38.5700,-1.0819,2.5397,-1.3189,0
156513,8.9666,-3.5258,-1.4601,-64.5400,99.8900,-28.9100,-2.2069,3.4157,-0.9886,0
156552,8.9594,-4.9213,-1.7258,-98.2100,95.9700,-16.8000,-3.3583,3.2817,-0.5745,0
156591,8.0450,-6.3096,-0.5290,-91.2800,68.4600,-17.9200,-3.1213,2.3410,-0.6128,0
156630,7.7745,-5.8501,1.4338,-49.0000,79.1700,-14.2800,-1.6755,2.7072,-0.4883,0
156669,9.2107,-5.2038,1.3596,-38.9200,72.5900,-7.7000,-1.3309,2.4822,-0.2633,0
156708,8.7248,-4.5814,1.6277,-57.6100,72.6600,-15.4000,-1.9700,2.4846,-0.5266,0
156747,8.3251,-4.3588,1.9388,-56.7700,58.1700,-10.5000,-1.9412,1.9891,-0.3590,0
156786,8.2198,-4.9955,1.0125,-41.3700,49.2800,0.7000,-1.4146,1.6851,0.0239,0
156825,8.1623,-6.5059,0.4380,-53.4800,61.5300,4.7600,-1.8287,2.1040,0.1628,0
156864,8.3466,-7.3509,0.1173,-67.0600,79.2400,-6.0200,-2.2931,2.7096,-0.2059,0
156903,8.1480,-7.2001,-0.6894,-83.0200,83.5100,-15.2600,-2.8389,2.8556,-0.5218,0
156942,6.4580,-7.9445,0.4261,-70.1400,72.1700,-14.3500,-2.3984,2.4678,-0.4907,0
156981,5.6346,-6.5466,5.0195,-86.9400,61.1100,-14.4900,-2.9729,2.0896,-0.4955,0
157020,8.7918,-3.9136,4.4785,-114.0300,-32.5500,-9.9400,-3.8992,-1.1130,-0.3399,0
157059,6.2402,-0.9216,1.6444,-114.5900,-77.0000,22.5400,-3.9184,-2.6330,0.7708,0
157098,8.8493,-7.8248,0.7157,-45.5000,-83.0200,61.5300,-1.5559,-2.8389,2.1040,0
157137,7.9493,-9.5985,3.8729,-38.0100,-50.4700,43.3300,-1.2997,-1.7258,1.4817,0
157176,6.9559,-6.3767,1.6660,-26.6700,-52.5700,9.0300,-0.9120,-1.7976,0.3088,0
157215,6.6735,-5.2493,-0.6271,-6.3700,-30.5900,17.0800,-0.2178,-1.0460,0.5840,0
157254,6.0894,-5.4790,-1.2040,-4.1300,0.3500,19.4600,-0.1412,0.0120,0.6654,0
157293,6.0200,-6.3886,-0.9431,-6.3700,-21.4200,15.3300,-0.2178,-0.7325,0.5242,0
157332,5.5748,-7.1115,-0.9718,-7.9800,-26.7400,5.7400,-0.2729,-0.9144,0.1963,0
157371,5.4096,-6.9775,-1.4841,-1.0500,-23.5200,-9.7300,-0.0359,-0.8043,-0.3327,0
157410,5.3163,-6.6567,-1.6708,25.4800,-19.3200,-25.7600,0.8713,-0.6606,-0.8809,0
157449,6.3814,-7.6477,-2.1950,24.0800,-29.0500,-32.2000,0.8234,-0.9934,-1.1011,0
157488,7.3150,-9.2442,-2.8389,24.4300,-59.9200,-22.7500,0.8354,-2.0490,-0.7779,0
157527,6.6519,-8.7009,-2.4918,50.6100,-85.5400,3.2200,1.7306,-2.9250,0.1101,0
157566,5.7017,-7.7003,-4.2750,37.8700,-88.6200,6.4400,1.2950,-3.0303,0.2202,0
157605,12.0280,-3.6838,-2.8867,-8.6800,-44.3800,-1.2600,-0.2968,-1.5176,-0.0431,0
157644,16.7268,-4.8687,0.5984,-92.2600,10.2200,26.6700,-3.1548,0.3495,0.9120,0
157683,9.8977,-5.1128,1.9125,-6.7200,43.8900,32.9700,-0.2298,1.5008,1.1274,0
157722,7.9277,-5.8572,0.7420,-4.2700,40.1100,-11.0600,-0.1460,1.3716,-0.3782,0
157761,9.0767,-3.4421,-2.2524,0.7000,15.2600,-48.0200,0.0239,0.5218,-1.6420,0
157800,9.8235,-3.2362,-0.7348,-15.6100,39.3400,-32.7600,-0.5338,1.3452,-1.1202,0
157839,7.0541,-2.5851,-1.8263,-35.3500,49.6300,-0.4900,-1.2088,1.6971,-0.0168,0
157878,8.0426,-4.3038,-1.7857,-52.5700,57.7500,3.7800,-1.7976,1.9748,0.1293,0
157917,8.8301,-5.9602,-1.1513,-61.7400,33.6700,-24.0800,-2.1112,1.1513,-0.8234,0
157956,7.0421,-5.9721,-1.1609,-31.2200,28.9800,-10.0800,-1.0676,0.9910,-0.3447,0
157995,8.9905,-4.6245,-0.4907,-26.0400,2.6600,-6.5800,-0.8904,0.0910,-0.2250,0
158034,10.2304,-3.8801,-1.6301,-12.8800,10.7100,-16.5900,-0.4404,0.3662,-0.5673,0
158073,10.4746,-4.2942,-2.2069,-24.2200,34.2300,-19.5300,-0.8282,1.1705,-0.6678,0
158112,7.8344,-4.3708,-1.0843,-40.6000,52.9200,-9.1000,-1.3883,1.8096,-0.3112,0
158151,8.1958,-4.3923,-1.1178,-37.1000,37.1700,4.4800,-1.2686,1.2710,0.1532,0
158190,8.9450,-4.2128,0.6965,-34.3700,41.2300,11.9000,-1.1753,1.4099,0.4069,0
158229,8.8062,-4.8902,0.7492,-37.1000,49.6300,7.6300,-1.2686,1.6971,0.2609,0
158268,8.3825,-3.6288,-1.1370,-17.9200,34.3000,-9.3800,-0.6128,1.1729,-0.3207,0
158307,10.0389,-4.8208,-1.8431,-50.2600,31.9900,-14.1400,-1.7186,1.0939,-0.4835,0
158346,9.0097,-5.0865,-0.1771,-44.8700,51.4500,-13.3700,-1.5343,1.7593,-0.4572,0
158385,7.5926,-4.8639,0.2059,-11.2700,22.8200,-22.6100,-0.3854,0.7803,-0.7731,0
158424,8.3227,-5.3258,-0.7468,-0.9800,26.4600,-4.6200,-0.0335,0.9048,-0.1580,0
158463,7.7506,-4.8016,0.4332,-12.3900,29.4000,-0.9800,-0.4237,1.0053,-0.0335,0
158502,8.2317,-3.8801,0.3375,18.4100,6.6500,-5.1100,0.6295,0.2274,-0.1747,0
158541,8.9091,-4.5168,0.2250,17.6400,4.9700,-10.0800,0.6032,0.1699,-0.3447,0
158580,9.2634,-4.5431,0.2896,6.3700,15.5400,-5.6000,0.2178,0.5314,-0.1915,0
158619,8.8613,-4.3277,0.2370,11.8300,16.3800,3.3600,0.4045,0.5601,0.1149,0
158658,9.3735,-4.6293,0.5410,3.5000,0.3500,5.6000,0.1197,0.0120,0.1915,0
158697,8.9235,-4.5383,0.2777,6.9300,1.8900,4.5500,0.2370,0.0646,0.1556,0
158736,8.7511,-4.0117,0.2824,7.0700,2.3800,1.9600,0.2418,0.0814,0.0670,0
158775,8.6961,-4.3349,0.3519,1.2600,-7.9100,5.8100,0.0431,-0.2705,0.1987,0
158814,9.0192,-4.7155,0.5625,3.7100,-5.3900,5.4600,0.1269,-0.1843,0.1867,0
158853,9.0408,-4.2559,0.3950,-0.6300,3.1500,3.5700,-0.0215,0.1077,0.1221,0
158892,9.2754,-4.3421,0.2059,-2.8700,1.1200,3.1500,-0.0981,0.0383,0.1077,0
158931,8.9043,-4.4737,0.3997,-4.1300,0.7000,0.5600,-0.1412,0.0239,0.0191,0
158970,8.6219,-4.6604,0.5314,-0.9800,3.7800,0.9100,-0.0335,0.1293,0.0311,0
159009,8.6889,-4.4953,0.2537,4.4100,5.7400,2.1700,0.1508,0.1963,0.0742,0
159048,8.6626,-4.3612,0.1723,4.3400,7.7700,2.5900,0.1484,0.2657,0.0886,0
159087,9.2634,-4.3947,0.5314,3.7800,2.6600,3.7100,0.1293,0.0910,0.1269,0
159126,9.2754,-4.5072,0.4835,0.7700,2.8700,0.8400,0.0263,0.0981,0.0287,0
159165,8.8996,-4.4378,0.6630,-6.0200,4.9000,-1.5400,-0.2059,0.1676,-0.0527,0
159204,8.6769,-4.4187,0.4763,-8.6100,1.3300,-0.9800,-0.2944,0.0455,-0.0335,0
159243,8.7775,-4.6772,0.2106,-2.5900,-1.3300,1.1200,-0.0886,-0.0455,0.0383,0
159282,8.6793,-4.7346,0.6559,-2.3100,-0.7700,-1.3300,-0.0790,-0.0263,-0.0455,0
159321,8.7631,-4.9955,0.2705,5.5300,3.3600,-1.6800,0.1891,0.1149,-0.0574,0
159360,8.6602,-4.7921,0.5170,5.1800,4.4100,-3.1500,0.1771,0.1508,-0.1077,0
159399,8.9091,-4.4689,0.5003,3.0800,2.8000,-1.5400,0.1053,0.0957,-0.0527,0
159438,8.6626,-4.5455,0.3279,2.9400,-0.2800,0.2800,0.1005,-0.0096,0.0096,0
159477,8.7894,-4.5527,0.3782,5.8800,-4.6200,2.9400,0.2011,-0.1580,0.1005,0
159516,8.9259,-4.4378,0.2968,3.9200,-3.9900,4.2000,0.1340,-0.1364,0.1436,0
159555,8.9426,-4.5144,0.3662,5.6000,0.7000,2.3100,0.1915,0.0239,0.0790,0
159594,8.9331,-4.5168,0.2992,4.2000,-1.8900,0.2800,0.1436,-0.0646,0.0096,0
159633,8.9139,-4.4570,0.4548,1.7500,-1.1200,0.0000,0.0598,-0.0383,0.0000,0
159672,8.8565,-4.4857,0.4668,2.8000,-0.2100,-0.1400,0.0957,-0.0072,-0.0048,0
159711,8.8230,-4.4115,0.6965,-1.1200,-2.2400,-1.2600,-0.0383,-0.0766,-0.0431,0
159750,9.9887,-3.4947,0.5457,-16.5900,-7.6300,-1.7500,-0.5673,-0.2609,-0.0598,0
159789,8.9426,-3.2218,0.7396,-24.6400,-10.0100,-2.3100,-0.8426,-0.3423,-0.0790,0
159828,8.0067,-4.2655,0.5242,-24.8500,-20.9300,3.2200,-0.8497,-0.7157,0.1101,0
159867,8.2652,-5.7735,0.7372,-21.0700,-16.9400,10.0100,-0.7205,-0.5793,0.3423,0
159906,8.5668,-5.3474,-0.4237,-29.4700,-3.5700,4.6900,-1.0077,-0.1221,0.1604,0
159945,9.2107,-5.2253,-1.1489,0.2800,-4.0600,3.2900,0.0096,-0.1388,0.1125,0
159984,8.6291,-4.4378,-0.6798,-24.7100,13.1600,-3.2200,-0.8450,0.4500,-0.1101,0
160023,9.3400,-4.8375,-0.4093,-52.6400,19.2500,-6.5100,-1.8000,0.6583,-0.2226,0
160062,8.6482,-5.0003,-1.2974,-27.1600,3.8500,-9.9400,-0.9287,0.1317,-0.3399,0
160101,7.9038,-4.8352,-1.1106,-21.8400,11.2000,-6.5800,-0.7468,0.3830,-0.2250,0
160140,8.7799,-4.5790,-2.3218,-21.0000,22.2600,-1.5400,-0.7181,0.7612,-0.0527,0
160179,8.9379,-5.6107,-0.8402,-41.5100,27.4400,0.5600,-1.4194,0.9383,0.0191,0
160218,7.8296,-5.9434,-1.0221,-22.1900,31.5700,-9.3100,-0.7588,1.0795,-0.3184,0
160257,7.7650,-5.3594,-1.0269,-5.6700,28.3500,-11.9000,-0.1939,0.9694,-0.4069,0
160296,7.9086,-4.9070,-0.9335,-9.9400,20.5100,-8.4700,-0.3399,0.7013,-0.2896,0
160335,8.6123,-4.6054,-0.6535,-12.6000,24.6400,-1.8900,-0.4309,0.8426,-0.0646,0
160374,9.5817,-4.9668,-0.7516,5.2500,32.9700,-5.4600,0.1795,1.1274,-0.1867,0
160413,8.8756,-5.1463,-0.6487,-3.7800,39.8300,-15.2600,-0.1293,1.3620,-0.5218,0
160452,8.2772,-6.2570,-0.5793,-8.6100,44.1000,-10.8500,-0.2944,1.5080,-0.3710,0
160491,7.8870,-6.3934,-1.4458,-2.2400,62.6500,1.1200,-0.0766,2.1423,0.0383,0
160530,7.4442,-6.3264,0.2082,-23.4500,69.5800,25.2000,-0.8019,2.3793,0.8617,0
160569,8.5285,-5.5580,1.6229,-20.3000,20.0200,55.9300,-0.6942,0.6846,1.9125,0
160608,9.4501,-3.0926,0.7875,-10.5700,-79.7300,43.8200,-0.3614,-2.7264,1.4984,0
160647,8.7847,-5.8070,2.0992,-21.0700,-75.6700,61.3900,-0.7205,-2.5875,2.0992,0
160686,9.3567,-8.1480,2.3362,1.6800,-80.9900,40.7400,0.0574,-2.7694,1.3931,0
160725,9.3328,-7.4753,-0.3614,14.8400,-59.2900,21.6300,0.5075,-2.0274,0.7396,0
160764,7.8320,-6.2618,0.2609,5.5300,-40.7400,35.4900,0.1891,-1.3931,1.2136,0
160803,7.9277,-5.5604,-0.2130,10.0100,-49.0700,28.7700,0.3423,-1.6779,0.9838,0
160842,7.2025,-5.6490,-1.0101,-1.1200,-17.2900,17.7100,-0.0383,-0.5912,0.6056,0
160881,5.2780,-5.9697,-1.3141,-10.2200,3.3600,-1.3300,-0.3495,0.1149,-0.0455,0
160920,3.8490,-6.0511,-0.8426,-26.4600,1.0500,-13.5800,-0.9048,0.0359,-0.4644,0
160959,4.6772,-6.5801,-0.9598,-24.7100,-20.5800,-14.1400,-0.8450,-0.7037,-0.4835,0
160998,6.5275,-5.1535,-1.9508,-22.2600,-30.5200,-0.0700,-0.7612,-1.0436,-0.0024,0
161037,8.6434,-5.4790,1.5966,-38.1500,-31.9900,17.5700,-1.3045,-1.0939,0.6008,0
161076,11.0036,-6.9703,-0.2082,17.7100,1.0500,31.7100,0.6056,0.0359,1.0843,0
161115,11.8940,-3.5905,0.1747,21.3500,41.0200,-2.9400,0.7301,1.4027,-0.1005,0
161154,12.3392,-5.4288,-0.3878,-38.0100,68.1800,-27.0900,-1.2997,2.3314,-0.9263,0
161193,11.0993,-6.3455,-0.3997,-35.5600,96.5300,-26.9500,-1.2160,3.3008,-0.9216,0
161232,9.9623,-6.6304,-1.5104,-45.7100,99.6100,-39.8300,-1.5630,3.4062,-1.3620,0
161271,8.9618,-5.7328,-0.3926,-24.9200,87.5000,-46.3400,-0.8521,2.9921,-1.5846,0
161310,7.6908,-3.3679,-0.6391,-22.2600,101.5700,-49.5600,-0.7612,3.4732,-1.6947,0
161349,5.8884,-3.3679,-0.8689,-44.2400,101.2900,-45.5000,-1.5128,3.4636,-1.5559,0
161388,3.6168,-4.0883,-0.7660,-87.9200,85.1200,-26.0400,-3.0064,2.9107,-0.8904,0
161427,3.8538,-4.8304,-0.4045,-72.2400,33.8100,12.2500,-2.4702,1.1561,0.4189,0
161466,4.1051,-4.7657,3.3056,-95.8300,11.9700,52.9900,-3.2769,0.4093,1.8120,0
161505,12.3153,-6.3072,-1.1896,-105.7700,-52.5000,68.4600,-3.6168,-1.7952,2.3410,0
161544,12.7749,-10.5368,-0.0622,-106.7500,-20.3000,47.0400,-3.6503,-0.6942,1.6085,0
161583,8.3466,-10.0126,3.9782,-76.4400,0.7000,19.3900,-2.6139,0.0239,0.6630,0
161622,8.1815,-7.7937,0.2274,-57.7500,6.3000,18.4100,-1.9748,0.2154,0.6295,0
161661,7.2982,-6.7596,-0.5721,-31.9200,29.3300,36.4700,-1.0915,1.0029,1.2471,0
161700,5.7950,-5.4575,-0.4931,-29.7500,36.8200,27.4400,-1.0173,1.2591,0.9383,0
161739,4.5407,-5.5126,-1.1418,-15.0500,18.7600,0.8400,-0.5146,0.6415,0.0287,0
161778,3.8322,-5.6035,-1.1083,-12.5300,25.6900,-24.7100,-0.4285,0.8785,-0.8450,0
161817,3.5737,-5.6251,-0.7564,-11.1300,15.3300,-45.1500,-0.3806,0.5242,-1.5439,0
161856,6.0846,-6.9655,0.8665,-32.9000,11.6200,-39.2700,-1.1250,0.3973,-1.3428,0
161895,5.7112,-9.6871,-4.0524,-6.4400,-36.4000,2.5200,-0.2202,-1.2447,0.0862,0
161934,6.6639,-10.2161,-2.9442,-13.3000,-42.3500,45.1500,-0.4548,-1.4482,1.5439,0
161973,12.1956,-7.8416,-1.8311,-48.0200,41.7200,29.5400,-1.6420,1.4266,1.0101,0
162012,7.3963,-4.4617,1.7210,-1.0500,67.2000,-28.7000,-0.0359,2.2979,-0.9814,0
162051,8.2485,-4.9644,1.4697,-14.4900,61.6000,-40.1100,-0.4955,2.1064,-1.3716,0
162090,8.5285,-3.7628,-0.8904,19.9500,53.6900,-32.2000,0.6822,1.8359,-1.1011,0
162129,8.2126,-2.4966,-0.4021,-11.6900,53.9000,-38.5700,-0.3997,1.8431,-1.3189,0
162168,7.6429,-1.7521,-1.1609,-50.4700,69.0200,-35.6300,-1.7258,2.3601,-1.2184,0
162207,8.6147,-2.9825,-1.1035,-74.1300,86.2400,-16.3800,-2.5349,2.9490,-0.5601,0
162246,8.9139,-5.4719,-1.4386,-87.8500,114.9400,-2.9400,-3.0040,3.9304,-0.1005,0
162285,8.0043,-7.1139,-0.0263,-91.1400,111.0900,-3.0100,-3.1165,3.7987,-0.1029,0
162324,7.8152,-6.9679,1.5295,-61.1100,87.2900,-19.6700,-2.0896,2.9849,-0.6726,0
162363,7.6453,-5.5269,1.6708,-19.6000,95.8300,-22.5400,-0.6702,3.2769,-0.7708,0
162402,8.7009,-5.5269,0.9407,-9.8700,56.7000,-14.7700,-0.3375,1.9388,-0.5051,0
162441,8.4735,-5.1583,1.3213,-34.3000,64.8900,-9.6600,-1.1729,2.2189,-0.3303,0
162480,6.6017,-6.2450,0.6630,-44.7300,61.1800,-3.8500,-1.5295,2.0920,-0.1317,0
162519,6.6615,-6.9200,2.0298,-53.2000,44.7300,-0.2800,-1.8192,1.5295,-0.0096,0
162558,7.0253,-4.9189,5.3330,-90.0900,44.1000,-0.9800,-3.0806,1.5080,-0.0335,0
162597,10.3453,-4.5958,2.1136,-139.5100,-18.1300,23.0300,-4.7705,-0.6200,0.7875,0
162636,8.5860,-2.5037,0.9048,-109.6200,-60.6200,21.5600,-3.7484,-2.0729,0.7372,0
162675,9.6583,-4.5790,1.7138,-111.4400,-59.8500,50.4000,-3.8107,-2.0466,1.7234,0
162714,8.6363,-10.0844,5.0147,-86.5200,-33.6000,49.9100,-2.9585,-1.1489,1.7067,0
162753,7.9780,-9.3232,1.5391,-86.1000,-2.9400,2.8700,-2.9442,-0.1005,0.0981,0
162792,6.5011,-6.9703,-0.3830,-62.1600,52.2200,17.9200,-2.1256,1.7857,0.6128,0
162831,6.1062,-6.4054,-0.6894,-31.6400,17.7100,12.8100,-1.0819,0.6056,0.4380,0
162870,5.3929,-6.2857,-0.1388,-7.0000,-0.6300,-0.9800,-0.2394,-0.0215,-0.0335,0
162909,4.0357,-5.9578,-0.1197,-7.2800,-9.5200,-10.2900,-0.2489,-0.3255,-0.3519,0
162948,4.7681,-7.3054,-1.6301,-23.2400,-6.1600,-12.7400,-0.7947,-0.2106,-0.4356,0
162987,7.9517,-10.4458,-0.7731,-3.7800,-3.5700,-6.1600,-0.1293,-0.1221,-0.2106,0
163026,7.8200,-8.4352,-1.0508,-1.4700,5.5300,-8.9600,-0.0503,0.1891,-0.3064,0
163065,6.5418,-7.8799,-0.3136,-28.2100,19.3900,0.2100,-0.9646,0.6630,0.0072,0
163104,5.6562,-6.1828,1.0197,-49.4200,48.3000,-14.9100,-1.6899,1.6516,-0.5098,0
163143,7.7051,-3.1237,0.5027,-41.6500,69.6500,-10.5700,-1.4242,2.3817,-0.3614,0
163182,10.1873,-3.2027,-1.1657,2.0300,76.1600,21.7700,0.0694,2.6043,0.7444,0
163221,10.6182,-6.1062,-1.2686,-29.6800,72.3100,6.7900,-1.0149,2.4726,0.2322,0
163260,10.2711,-8.2581,0.0981,-92.4700,50.9600,-39.9000,-3.1620,1.7426,-1.3644,0
163299,12.0065,-9.2012,-1.1322,-51.3100,78.3300,-42.0700,-1.7545,2.6785,-1.4386,0
163338,10.7953,-7.9206,-1.1633,-31.7800,97.6500,-52.0100,-1.0867,3.3391,-1.7785,0
163377,7.7075,-5.9554,-0.3710,-35.0000,105.9100,-63.9100,-1.1968,3.6216,-2.1854,0
163416,4.7490,-5.1080,-0.9359,-26.2500,115.1500,-50.2600,-0.8976,3.9375,-1.7186,0
163455,2.5971,-3.1788,0.6176,-69.1600,90.7200,-32.2700,-2.3649,3.1022,-1.1035,0
163494,-0.8450,-1.7138,0.4045,-51.5900,31.7100,-11.6200,-1.7641,1.0843,-0.3973,0
163533,-2.1471,0.1580,2.4439,-68.7400,-32.2000,22.9600,-2.3506,-1.1011,0.7851,0
163572,4.0165,-0.3447,1.0412,-137.6200,-106.3300,78.2600,-4.7059,-3.6359,2.6761,0
163611,22.3805,-19.9510,0.1173,50.7500,-157.6400,165.6900,1.7354,-5.3905,5.6657,0
163650,13.3469,-10.1538,1.5846,-106.8900,-34.5800,-21.6300,-3.6551,-1.1825,-0.7396,0
163689,10.1706,-10.8480,1.3165,-49.0700,-41.2300,-8.8900,-1.6779,-1.4099,-0.3040,0
163728,8.0163,-9.1605,-2.2620,5.8100,21.6300,6.3700,0.1987,0.7396,0.2178,0
163767,6.7429,-6.1588,-2.9633,31.4300,33.8800,-3.1500,1.0747,1.1585,-0.1077,0
163806,3.5689,-3.4636,-1.9532,41.5100,10.3600,-32.4100,1.4194,0.3543,-1.1083,0
163845,0.7971,-0.6343,-0.4356,19.6000,15.1200,-48.3000,0.6702,0.5170,-1.6516,0
163884,0.4811,1.8694,1.8814,-33.3900,13.7900,-39.3400,-1.1418,0.4715,-1.3452,0
163923,7.5495,0.7061,0.6487,-55.1600,-95.8300,31.6400,-1.8862,-3.2769,1.0819,0
163962,13.3158,-10.3357,-4.2774,-48.5100,-56.6300,166.0400,-1.6588,-1.9365,5.6777,0
164001,16.4826,-13.1195,1.4434,-35.6300,20.7900,14.7000,-1.2184,0.7109,0.5027,0
164040,12.3392,-6.3336,0.5386,34.5800,92.0500,-56.2100,1.1825,3.1476,-1.9221,0
164079,13.4427,-8.8397,-1.7928,-10.4300,105.9100,-44.6600,-0.3567,3.6216,-1.5271,0
164118,8.8972,-9.3543,-0.2848,-25.1300,91.2100,-47.4600,-0.8593,3.1189,-1.6229,0
164157,9.4525,-6.4676,1.2734,21.9800,117.9500,-73.5700,0.7516,4.0333,-2.5157,0
164196,4.0692,-3.5163,-0.8713,-1.1200,68.1100,-73.2900,-0.0383,2.3290,-2.5061,0
164235,0.4572,-3.0136,-0.8617,-37.2400,48.5800,-38.4300,-1.2734,1.6612,-1.3141,0
164274,-0.4404,-1.4888,1.5319,-43.6800,-13.2300,-0.6300,-1.4936,-0.4524,-0.0215,0
164313,-0.3040,0.2968,3.7748,-63.9100,-49.8400,36.7500,-2.1854,-1.7043,1.2567,0
164352,11.1544,-3.3631,2.6162,-127.8200,-84.6300,116.4100,-4.3708,-2.8939,3.9806,0
164391,21.8539,-18.3903,-5.5652,15.5400,-144.9000,95.8300,0.5314,-4.9548,3.2769,0
164430,9.5147,-6.5299,2.4248,-129.0100,34.4400,-16.8000,-4.4115,1.1777,-0.5745,0
164469,9.4357,-9.0982,2.1423,-54.0400,-2.3100,23.5200,-1.8479,-0.0790,0.8043,0
164508,8.6913,-10.5871,-2.2069,-1.3300,-9.1000,29.3300,-0.0455,-0.3112,1.0029,0
164547,6.7022,-7.7099,-2.8365,9.9400,28.7700,10.2900,0.3399,0.9838,0.3519,0
164586,3.5043,-4.7705,-1.4075,12.9500,33.5300,-51.9400,0.4428,1.1466,-1.7761,0
164625,-0.2082,-0.3088,3.2099,-11.6900,38.7800,-61.8100,-0.3997,1.3261,-2.1136,0
164664,3.6934,1.6133,-1.3739,-55.9300,-19.0400,-31.2200,-1.9125,-0.6511,-1.0676,0
164703,16.4754,-5.7974,-0.2274,-111.7200,-43.1900,93.7300,-3.8202,-1.4769,3.2051,0
164742,17.1672,-17.0140,-2.5277,-30.2400,17.8500,78.6100,-1.0341,0.6104,2.6881,0
164781,10.4363,-5.0482,0.6080,-21.0000,100.6600,-46.1300,-0.7181,3.4421,-1.5774,0
164820,13.4403,-6.4054,-0.2059,-4.1300,66.2900,-45.5000,-0.1412,2.2668,-1.5559,0
164859,11.6810,-6.2211,-2.0178,-41.9300,94.8500,-46.4800,-1.4338,3.2434,-1.5894,0
164898,10.0772,-4.7777,-0.5003,-67.9000,133.5600,-53.6900,-2.3218,4.5671,-1.8359,0
164937,7.8655,-7.5328,-1.5654,-80.0800,159.5300,-52.5700,-2.7383,5.4551,-1.7976,0
164976,3.9902,-4.8711,0.7396,-98.4900,166.9500,-24.5000,-3.3679,5.7088,-0.8378,0
165015,0.7755,-3.3463,-0.4548,-84.4200,87.8500,3.0100,-2.8867,3.0040,0.1029,0
165054,1.5176,-1.0125,2.4200,-84.0000,-10.1500,50.6100,-2.8724,-0.3471,1.7306,0
165093,2.8101,3.5210,-1.4793,-75.5300,-14.1400,89.1800,-2.5827,-0.4835,3.0495,0
165132,22.0263,-12.8682,6.2570,-69.7900,-61.8800,225.0500,-2.3865,-2.1160,7.6956,0
165171,19.2473,-15.1230,-8.0354,-135.1000,-11.0600,-1.1200,-4.6197,-0.3782,-0.0383,0
165210,8.7081,-12.3392,-0.8976,-12.2500,126.4900,-12.8800,-0.4189,4.3253,-0.4404,0
165249,3.5378,-5.9123,0.0527,-20.7200,109.2000,-12.4600,-0.7085,3.7341,-0.4261,0
165288,1.4242,-1.0173,4.5623,1.1200,72.7300,-17.5000,0.0383,2.4870,-0.5984,0
165327,1.5008,1.5511,-4.0644,-58.3800,80.5700,-37.0300,-1.9963,2.7551,-1.2662,0
165366,1.2854,2.3912,-1.3285,-50.0500,62.7200,-13.5800,-1.7115,2.1447,-0.4644,0
165405,-0.6128,4.3923,-2.0466,-34.5800,66.2200,20.2300,-1.1825,2.2644,0.6918,0
165444,8.9450,1.1489,-3.0232,-97.3000,-30.2400,114.6600,-3.3272,-1.0341,3.9208,0
165483,18.2515,-20.1162,-5.7639,-61.3200,96.6000,116.8300,-2.0968,3.3032,3.9950,0
165522,1.1585,-4.2607,-0.2154,0.6300,137.2700,28.1400,0.0215,4.6939,0.9622,0
165561,-3.8490,3.6288,-4.8687,14.2100,125.1600,43.5400,0.4859,4.2798,1.4888,0
165600,0.1149,-8.5597,-1.7617,-37.3800,40.0400,105.7700,-1.2782,1.3692,3.6168,0
165639,3.0136,-7.6525,-0.3064,-3.1500,61.8800,147.7700,-0.1077,2.1160,5.0530,0
165678,4.5455,-3.1261,-3.6479,43.1200,95.9700,113.1900,1.4745,3.2817,3.8705,0
165717,1.4027,-6.5131,1.7354,9.4500,120.9600,53.6900,0.3231,4.1362,1.8359,0
165756,6.8051,-14.9938,3.1333,43.8900,87.4300,53.1300,1.5008,2.9897,1.8168,1
165795,-0.0862,-17.4568,4.3756,101.7100,88.9700,113.8900,3.4780,3.0423,3.8945,0
165834,8.6865,-15.8435,5.3785,180.6000,127.4000,224.4900,6.1756,4.3564,7.6764,0
165873,-13.4259,-23.4026,24.4510,182.0700,266.2100,157.1500,6.2259,9.1030,5.3737,0
