timestamp_ms,waist_x,waist_y,waist_z,waist_gx,waist_gy,waist_gz,thigh_x,thigh_y,thigh_z,event_flag
318,9.9719,0.5122,-0.5481,7.9800,0.4200,-0.7700,0.2729,0.0144,-0.0263,0
357,9.9432,0.5218,-0.4548,6.2300,-0.2100,-1.2600,0.2130,-0.0072,-0.0431,0
8235,9.9647,0.9359,-0.5457,0.9800,-0.9100,0.6300,0.0335,-0.0311,0.0215,0
8274,9.9575,0.7660,-0.4787,-0.6300,-1.1200,1.5400,-0.0215,-0.0383,0.0527,0
8313,10.0006,0.8138,-0.4835,-1.9600,-0.3500,1.0500,-0.0670,-0.0120,0.0359,0
8352,9.9001,0.8378,-0.5338,-1.2600,-0.6300,0.2100,-0.0431,-0.0215,0.0072,0
8391,9.8929,0.6726,-0.4931,-0.7000,-0.6300,1.0500,-0.0239,-0.0215,0.0359,0
8430,9.9504,0.6822,-0.4811,-0.2800,-0.8400,1.7500,-0.0096,-0.0287,0.0598,0
8469,9.9551,0.7492,-0.5769,0.9100,-0.6300,1.3300,0.0311,-0.0215,0.0455,0
8508,9.9432,0.7684,-0.5170,1.1900,-0.6300,0.9100,0.0407,-0.0215,0.0311,0
8547,9.9623,0.7899,-0.4979,0.6300,-0.5600,0.7000,0.0215,-0.0191,0.0239,0
8586,9.9384,0.7803,-0.5817,-0.2100,-0.6300,0.2800,-0.0072,-0.0215,0.0096,0
8625,9.9839,0.7109,-0.4859,-1.1200,-0.7000,0.0000,-0.0383,-0.0239,0.0000,0
8664,9.9384,0.7420,-0.4668,-1.0500,0.0000,-0.0700,-0.0359,0.0000,-0.0024,0
8703,9.9288,0.6008,-0.5434,-0.1400,-0.9800,0.2100,-0.0048,-0.0335,0.0072,0
8742,9.9743,0.6439,-0.4668,-0.4900,-0.2100,0.5600,-0.0168,-0.0072,0.0191,0
8781,9.9145,0.7420,-0.5362,0.4200,0.0000,0.2800,0.0144,0.0000,0.0096,0
8820,9.8738,0.7301,-0.5170,1.1200,-1.1200,0.6300,0.0383,-0.0383,0.0215,0
8859,9.9791,0.6583,-0.4883,0.7700,-0.6300,1.6100,0.0263,-0.0215,0.0551,0
8898,9.9863,0.7013,-0.5769,1.0500,-0.5600,0.3500,0.0359,-0.0191,0.0120,0
8937,9.9169,0.7923,-0.5697,0.7000,0.2800,-0.3500,0.0239,0.0096,-0.0120,0
8976,9.9145,0.7301,-0.5314,-0.2100,0.0700,0.6300,-0.0072,0.0024,0.0215,0
9015,9.9504,0.6702,-0.5003,-0.1400,-0.8400,0.7700,-0.0048,-0.0287,0.0263,0
9054,9.9240,0.7109,-0.5146,0.6300,-0.3500,0.2100,0.0215,-0.0120,0.0072,0
9093,9.9456,0.6870,-0.5170,1.1900,-0.4200,0.3500,0.0407,-0.0144,0.0120,0
9132,9.9312,0.7372,-0.5051,1.6800,-0.2100,0.4900,0.0574,-0.0072,0.0168,0
9171,9.9839,0.7253,-0.5673,1.5400,-0.7700,0.2800,0.0527,-0.0263,0.0096,0
9210,9.9408,0.7612,-0.4979,0.4200,-0.1400,0.1400,0.0144,-0.0048,0.0048,0
9249,9.9001,0.7779,-0.5290,0.4200,0.0700,0.2100,0.0144,0.0024,0.0072,0
9288,9.9456,0.7109,-0.5146,0.0700,-1.2600,0.5600,0.0024,-0.0431,0.0191,0
9327,9.9432,0.6654,-0.4955,0.0000,-0.9100,0.7700,0.0000,-0.0311,0.0263,0
9366,9.9647,0.7348,-0.5170,0.3500,-0.2800,0.6300,0.0120,-0.0096,0.0215,0
9405,9.9384,0.7468,-0.5649,0.7700,-0.2100,0.3500,0.0263,-0.0072,0.0120,0
9444,9.9240,0.7157,-0.5242,-0.1400,-0.9100,0.4900,-0.0048,-0.0311,0.0168,0
9483,9.9623,0.7109,-0.5003,-0.5600,-0.9800,0.9100,-0.0191,-0.0335,0.0311,0
9522,9.9480,0.6726,-0.5386,0.7000,-0.1400,0.5600,0.0239,-0.0048,0.0191,0
9561,9.9456,0.7468,-0.5075,0.7700,-0.2800,0.0700,0.0263,-0.0096,0.0024,0
9600,9.9216,0.6918,-0.5481,-0.1400,-0.9800,0.9100,-0.0048,-0.0335,0.0311,0
9639,9.9480,0.7253,-0.4979,0.0000,-0.9800,0.9800,0.0000,-0.0335,0.0335,0
9678,9.9623,0.6511,-0.5601,1.5400,-1.0500,0.4200,0.0527,-0.0359,0.0144,0
9717,9.9336,0.6295,-0.5075,0.7000,-0.4900,0.2800,0.0239,-0.0168,0.0096,0
9756,9.9336,0.7277,-0.5481,1.4000,-0.1400,0.4200,0.0479,-0.0048,0.0144,0
9795,9.9767,0.7037,-0.5888,1.8900,-1.1200,0.3500,0.0646,-0.0383,0.0120,0
9834,9.9312,0.6559,-0.4787,0.8400,-0.2800,0.2800,0.0287,-0.0096,0.0096,0
9873,9.9528,0.7420,-0.5003,0.8400,0.2100,0.3500,0.0287,0.0072,0.0120,0
9912,9.9288,0.7612,-0.5936,1.1900,-0.7000,0.0000,0.0407,-0.0239,0.0000,0
9951,9.9264,0.6606,-0.5410,0.2800,-0.7700,0.6300,0.0096,-0.0263,0.0215,0
9990,9.9671,0.6702,-0.4739,0.0000,-0.4200,0.8400,0.0000,-0.0144,0.0287,0
10029,9.9456,0.7277,-0.5793,1.1200,-0.7000,0.2100,0.0383,-0.0239,0.0072,0
10068,9.9312,0.7133,-0.5242,0.2800,-0.2100,0.7700,0.0096,-0.0072,0.0263,0
10107,9.9504,0.7037,-0.5505,0.4900,-0.4900,0.6300,0.0168,-0.0168,0.0215,0
10146,9.9623,0.6822,-0.5888,0.9100,-0.8400,-0.1400,0.0311,-0.0287,-0.0048,0
10185,9.9384,0.6918,-0.6008,0.6300,0.0000,0.0000,0.0215,0.0000,0.0000,0
10224,9.9145,0.6583,-0.5362,0.1400,-0.2100,0.4200,0.0048,-0.0072,0.0144,0
10263,9.9384,0.6822,-0.5434,1.1200,-0.7700,0.3500,0.0383,-0.0263,0.0120,0
10302,9.9384,0.6583,-0.5984,1.5400,-1.0500,0.3500,0.0527,-0.0359,0.0120,0
10341,9.9432,0.6583,-0.5481,0.9100,-0.6300,0.9100,0.0311,-0.0215,0.0311,0
10380,9.9863,0.6965,-0.5266,1.5400,-0.4200,0.7000,0.0527,-0.0144,0.0239,0
10419,9.9623,0.7492,-0.5649,1.6100,-0.7000,0.0700,0.0551,-0.0239,0.0024,0
10458,9.9336,0.7348,-0.5529,0.7000,0.0700,0.3500,0.0239,0.0024,0.0120,0
10497,9.9240,0.7420,-0.5457,0.1400,-0.7000,0.4900,0.0048,-0.0239,0.0168,0
10536,9.9647,0.5936,-0.6247,0.2800,-1.1900,0.3500,0.0096,-0.0407,0.0120,0
10575,9.9767,0.6271,-0.4883,-0.1400,-0.3500,0.2100,-0.0048,-0.0120,0.0072,0
10614,9.8977,0.7348,-0.5529,1.1200,0.5600,0.0000,0.0383,0.0191,0.0000,0
10653,9.9169,0.7013,-0.5984,1.0500,-0.9800,0.4900,0.0359,-0.0335,0.0168,0
10692,9.9456,0.6678,-0.5745,0.2800,-2.2400,0.9800,0.0096,-0.0766,0.0335,0
10731,10.0126,0.7061,-0.5075,1.1900,-2.5900,0.2100,0.0407,-0.0886,0.0072,0
10770,10.0054,0.7253,-0.3782,2.3100,-1.9600,-1.5400,0.0790,-0.0670,-0.0527,0
10809,9.9288,0.6870,-0.5529,5.3200,-0.9100,-3.2200,0.1819,-0.0311,-0.1101,0
10848,9.8977,0.6918,-0.6008,6.3000,-0.7000,-2.2400,0.2154,-0.0239,-0.0766,0
10887,9.7804,0.4500,-0.6918,7.8400,-0.6300,-1.3300,0.2681,-0.0215,-0.0455,0
10926,9.9767,0.4189,-0.5649,14.9100,-0.9100,-2.5900,0.5098,-0.0311,-0.0886,0
10965,9.9839,0.5362,-0.3255,18.6200,-1.7500,-3.9200,0.6367,-0.0598,-0.1340,0
11004,10.0461,0.7803,-0.2729,20.6500,-1.8200,-5.1800,0.7061,-0.0622,-0.1771,0
11043,9.8594,0.6606,-0.5386,25.2000,-1.6800,-5.9500,0.8617,-0.0574,-0.2035,0
11082,9.8546,0.6319,-0.6080,29.2600,-4.1300,-5.8800,1.0005,-0.1412,-0.2011,0
11121,9.8786,0.5457,-0.6606,31.9900,-3.7100,-4.5500,1.0939,-0.1269,-0.1556,0
11160,9.9958,0.3303,-0.5984,35.9800,-2.1000,-5.6700,1.2303,-0.0718,-0.1939,0
11199,9.9647,0.8114,-0.5769,41.6500,2.8000,-6.5800,1.4242,0.0957,-0.2250,0
11238,9.9480,1.2184,-1.2088,52.8500,4.7600,-9.1700,1.8072,0.1628,-0.3136,0
11277,10.1107,1.2016,-1.2303,54.6000,-0.9100,-11.4800,1.8670,-0.0311,-0.3926,0
11316,9.8067,1.1202,-0.9144,49.8400,2.8700,-14.3500,1.7043,0.0981,-0.4907,0
11355,9.8690,0.8904,-1.2997,57.8200,0.2100,-21.2100,1.9771,0.0072,-0.7253,0
11394,9.7756,1.3931,-1.6803,57.6800,0.6300,-21.4200,1.9724,0.0215,-0.7325,0
11433,9.5937,1.5415,-1.7569,62.9300,7.4200,-15.6800,2.1519,0.2537,-0.5362,0
11472,9.4477,1.8455,-1.9915,59.3600,9.1700,-8.8900,2.0298,0.3136,-0.3040,0
11511,9.6057,2.4200,-1.9460,45.2900,7.0000,-2.5900,1.5487,0.2394,-0.0886,0
11550,9.5554,2.5253,-2.5325,25.4100,4.8300,1.2600,0.8689,0.1652,0.0431,0
11589,9.7062,1.8120,-2.5636,7.3500,-1.8900,4.0600,0.2513,-0.0646,0.1388,0
11628,9.6176,1.1059,-1.8120,-5.0400,-1.4000,6.7200,-0.1723,-0.0479,0.2298,0
11667,9.5698,1.4003,-1.5104,-3.5000,3.3600,6.7900,-0.1197,0.1149,0.2322,0
11706,9.6129,1.2160,-1.5463,6.7900,1.8900,9.0300,0.2322,0.0646,0.3088,0
11745,9.7062,1.0293,-0.9598,10.1500,0.2100,10.9900,0.3471,0.0072,0.3758,0
11784,9.7804,1.6636,-1.0436,12.2500,-2.5900,9.2400,0.4189,-0.0886,0.3160,0
11823,10.4123,1.2902,-1.9365,10.7100,-4.9000,12.6000,0.3662,-0.1676,0.4309,0
11862,10.7068,0.2418,-1.3093,12.0400,-4.8300,13.0900,0.4117,-0.1652,0.4476,0
11901,10.4219,0.0311,-0.8713,20.6500,-2.4500,8.8200,0.7061,-0.0838,0.3016,0
11940,9.7397,-0.1604,-0.8330,26.8100,9.1000,5.1100,0.9168,0.3112,0.1747,0
11979,9.8881,-0.0790,-0.8976,31.3600,10.5700,9.5200,1.0724,0.3614,0.3255,0
12018,10.1634,0.1436,-0.9886,37.7300,10.4300,12.6000,1.2902,0.3567,0.4309,0
12057,9.6057,0.4213,-0.6798,35.7700,9.5200,12.4600,1.2232,0.3255,0.4261,0
12096,9.9192,0.2992,-0.5146,37.2400,-5.8100,13.4400,1.2734,-0.1987,0.4596,0
12135,9.7014,-0.2633,-0.5410,40.3200,-4.1300,13.0900,1.3787,-0.1412,0.4476,0
12174,9.8905,-0.7061,-0.6319,39.4800,-2.1000,8.6100,1.3500,-0.0718,0.2944,0
12213,10.0270,-0.5912,-0.7684,44.9400,2.4500,8.1900,1.5367,0.0838,0.2801,0
12252,9.8977,-0.2465,-0.6511,41.2300,3.2200,-1.5400,1.4099,0.1101,-0.0527,0
12291,9.5530,-0.2848,-0.6702,46.4800,6.3700,-6.6500,1.5894,0.2178,-0.2274,0
12330,9.7565,-0.0981,-0.8282,48.9300,2.5900,-7.2100,1.6732,0.0886,-0.2465,0
12369,9.6272,-0.0191,-0.8282,44.3800,3.7100,-8.2600,1.5176,0.1269,-0.2824,0
12408,9.3567,0.1077,-0.7037,46.3400,-3.2200,-7.2100,1.5846,-0.1101,-0.2465,0
12447,9.8187,-0.0718,-1.1298,50.8200,-6.7900,-5.5300,1.7378,-0.2322,-0.1891,0
12486,10.1634,-0.3207,-1.4960,42.7000,-8.1900,-6.5800,1.4601,-0.2801,-0.2250,0
12525,10.0844,-0.3926,-1.2519,40.6000,-4.4800,-8.3300,1.3883,-0.1532,-0.2848,0
12564,9.8762,-0.4835,-1.3093,42.2100,-4.4100,-9.9400,1.4434,-0.1508,-0.3399,0
12603,9.7014,-0.2633,-1.2279,43.2600,-3.6400,-10.3600,1.4793,-0.1245,-0.3543,0
12642,9.7301,-0.1412,-1.2878,47.3200,-3.7100,-11.3400,1.6181,-0.1269,-0.3878,0
12681,9.8259,0.0383,-1.3093,41.4400,-7.2800,-8.7500,1.4170,-0.2489,-0.2992,0
12720,10.1251,0.0694,-1.3404,33.9500,-6.8600,-8.6100,1.1609,-0.2346,-0.2944,0
12759,9.8498,0.0886,-1.3572,27.5800,-8.4700,-8.6100,0.9431,-0.2896,-0.2944,0
12798,10.0054,-0.3231,-1.6660,32.6900,-7.3500,-9.9400,1.1178,-0.2513,-0.3399,0
12837,9.9528,-0.4380,-1.7713,28.2800,-4.1300,-12.8800,0.9670,-0.1412,-0.4404,0
12876,9.8857,-0.2992,-1.8455,34.9300,-4.8300,-16.9400,1.1944,-0.1652,-0.5793,0
12915,9.4190,-0.2178,-1.5942,36.8200,-2.7300,-21.6300,1.2591,-0.0934,-0.7396,0
12954,9.3113,0.0455,-1.6516,34.5100,-5.0400,-25.7600,1.1801,-0.1723,-0.8809,0
12993,11.6187,1.4769,-1.4075,28.2800,-3.2900,-17.8500,0.9670,-0.1125,-0.6104,0
13032,10.4746,1.7474,-1.4673,22.4000,9.4500,-9.5200,0.7660,0.3231,-0.3255,0
13071,9.4836,0.5051,-1.4649,20.8600,-0.4200,-8.0500,0.7133,-0.0144,-0.2753,0
13110,9.9719,0.5697,-1.0364,5.6000,-7.0700,-8.8200,0.1915,-0.2418,-0.3016,0
13149,10.0772,1.2974,-1.6899,-3.2200,-1.4000,-9.1000,-0.1101,-0.0479,-0.3112,0
13188,9.8666,1.7498,-1.9628,-8.0500,-0.2800,-9.4500,-0.2753,-0.0096,-0.3231,0
13227,9.4238,1.7952,-1.5319,-10.1500,-0.2100,-12.0400,-0.3471,-0.0072,-0.4117,0
13266,9.6966,1.5702,-1.4936,-7.3500,-8.2600,-9.1700,-0.2513,-0.2824,-0.3136,0
13305,9.5291,1.7426,-1.6779,-11.9700,-6.2300,-7.4900,-0.4093,-0.2130,-0.2561,0
13344,9.3615,1.7952,-1.6588,-14.1400,-4.4100,-9.1700,-0.4835,-0.1508,-0.3136,0
13383,9.4190,1.6636,-2.0226,-9.6600,-9.1700,-9.3100,-0.3303,-0.3136,-0.3184,0
13422,9.4932,1.2854,-2.1136,-13.0200,-14.8400,-6.5100,-0.4452,-0.5075,-0.2226,0
13461,9.3759,1.2423,-2.1734,-16.0300,-13.8600,-2.8700,-0.5481,-0.4739,-0.0981,0
13500,9.6942,1.5104,-2.3697,-13.4400,-10.5000,0.8400,-0.4596,-0.3590,0.0287,0
13539,9.6344,1.6468,-2.1662,-10.6400,-6.3000,0.0000,-0.3638,-0.2154,0.0000,0
13578,9.7589,1.7474,-2.0466,-5.1100,-6.2300,-1.8900,-0.1747,-0.2130,-0.0646,0
13617,9.6751,2.0825,-2.0537,-5.7400,-1.4000,-2.1700,-0.1963,-0.0479,-0.0742,0
13656,9.4956,2.0466,-2.0394,-6.3000,2.3800,-2.5200,-0.2154,0.0814,-0.0862,0
13695,9.5746,1.7258,-2.0059,-4.7600,-1.5400,-3.2200,-0.1628,-0.0527,-0.1101,0
13734,9.6966,1.8144,-1.9891,-4.3400,-3.9200,-2.9400,-0.1484,-0.1340,-0.1005,0
13773,9.7038,2.0968,-2.0944,-3.7800,0.5600,-4.4100,-0.1293,0.0191,-0.1508,0
13812,9.4525,2.1686,-1.9939,-1.3300,2.5200,-5.6700,-0.0455,0.0862,-0.1939,0
13851,9.3974,2.1040,-2.0968,-1.4000,-1.0500,-5.6700,-0.0479,-0.0359,-0.1939,0
13890,9.4908,2.1399,-2.0370,-6.5100,-5.6700,-4.4800,-0.2226,-0.1939,-0.1532,0
13929,9.5243,2.0657,-2.0466,-1.8200,-3.2200,-3.7100,-0.0622,-0.1101,-0.1269,0
13968,9.3160,2.0753,-2.1112,2.2400,-3.3600,-3.4300,0.0766,-0.1149,-0.1173,0
14007,9.6679,1.9748,-2.3912,2.7300,-5.8100,-2.2400,0.0934,-0.1987,-0.0766,0
14046,9.5458,2.1232,-2.3458,3.2900,-2.5900,-2.5900,0.1125,-0.0886,-0.0886,0
14085,9.4238,2.2141,-2.2333,2.3800,-4.6900,-2.3100,0.0814,-0.1604,-0.0790,0
14124,9.5147,2.0753,-2.5085,2.2400,-5.3200,-0.0700,0.0766,-0.1819,-0.0024,0
14163,9.5075,2.0729,-2.5636,-0.0700,-1.4000,0.4200,-0.0024,-0.0479,0.0144,0
14202,9.6559,2.0226,-2.4511,0.4200,1.2600,-0.6300,0.0144,0.0431,-0.0215,0
14241,9.5123,2.0298,-2.4631,4.0600,3.4300,-1.9600,0.1388,0.1173,-0.0670,0
14280,9.4932,2.0178,-2.4200,5.6000,5.3900,-0.8400,0.1915,0.1843,-0.0287,0
14319,9.5698,2.1950,-2.3123,3.8500,8.4700,1.0500,0.1317,0.2896,0.0359,0
14358,9.5817,2.2883,-2.1471,2.8000,11.3400,3.7100,0.0957,0.3878,0.1269,0
14397,9.6440,2.4367,-2.1232,2.3100,13.7900,5.6700,0.0790,0.4715,0.1939,0
14436,9.5099,2.3889,-2.2357,-3.9200,17.2900,5.3200,-0.1340,0.5912,0.1819,0
14475,9.2490,2.6282,-1.9484,-13.3700,12.5300,7.5600,-0.4572,0.4285,0.2585,0
14514,9.0097,2.5660,-2.4942,-23.3100,10.6400,12.5300,-0.7971,0.3638,0.4285,0
14553,9.2012,1.9125,-2.4487,-32.5500,6.3700,19.2500,-1.1130,0.2178,0.6583,0
14592,9.4621,1.5726,-2.5109,-34.2300,1.5400,22.8900,-1.1705,0.0527,0.7827,0
14631,9.5099,1.5367,-2.7168,-31.1500,5.6000,24.6400,-1.0652,0.1915,0.8426,0
14670,9.1557,1.7474,-2.4128,-29.6800,9.9400,24.1500,-1.0149,0.3399,0.8258,0
14709,9.1700,2.2357,-1.9532,-28.0700,3.2900,23.9400,-0.9598,0.1125,0.8186,0
14748,9.1844,1.9125,-1.6301,-26.9500,-4.7600,22.6100,-0.9216,-0.1628,0.7731,0
14787,9.2179,1.6755,-1.1178,-22.1200,-17.2200,20.5100,-0.7564,-0.5888,0.7013,0
14826,9.6895,1.4051,-1.1944,-23.9400,-23.3100,19.2500,-0.8186,-0.7971,0.6583,0
14865,10.3262,1.4529,-1.2040,-31.6400,-20.7900,16.4500,-1.0819,-0.7109,0.5625,0
14904,10.6349,1.0460,-1.2208,-53.2700,-16.3100,7.4900,-1.8216,-0.5577,0.2561,0
14943,10.2520,0.3088,-0.9239,-46.9000,-11.8300,11.3400,-1.6037,-0.4045,0.3878,0
14982,10.1107,-0.4907,-1.9006,-31.1500,-14.4900,12.9500,-1.0652,-0.4955,0.4428,0
15021,10.1921,-0.7660,-2.0083,-17.0100,-12.2500,14.2100,-0.5817,-0.4189,0.4859,0
15060,10.0341,-0.8952,-1.3979,-24.1500,-14.6300,12.3200,-0.8258,-0.5003,0.4213,0
15099,9.8666,-0.2992,-1.4266,-38.3600,-4.3400,12.1100,-1.3117,-0.1484,0.4141,0
15138,9.8283,-0.3806,-1.7091,-28.6300,1.9600,8.7500,-0.9790,0.0670,0.2992,0
15177,9.5506,-0.5027,-1.4769,-19.1800,4.6200,8.5400,-0.6559,0.1580,0.2920,0
15216,9.7038,-0.2489,-1.4290,-11.2700,0.4900,12.1100,-0.3854,0.0168,0.4141,0
15255,10.1323,-0.2944,-1.8431,-11.4100,-5.1100,14.0000,-0.3902,-0.1747,0.4787,0
15294,10.3692,-0.0981,-1.6205,-20.8600,-10.4300,13.3000,-0.7133,-0.3567,0.4548,0
15333,9.9145,-0.3016,-1.8263,-2.3100,-3.6400,4.6900,-0.0790,-0.1245,0.1604,0
15372,9.8067,-0.2537,-1.7115,-9.8700,2.9400,1.8900,-0.3375,0.1005,0.0646,0
15411,9.8474,-0.1173,-1.5032,-12.5300,7.9800,1.7500,-0.4285,0.2729,0.0598,0
15450,9.9097,0.1412,-1.4745,-12.3200,8.2600,3.6400,-0.4213,0.2824,0.1245,0
15489,9.7565,0.3255,-1.5224,-11.5500,5.3200,4.2000,-0.3950,0.1819,0.1436,0
15528,9.6631,0.2465,-1.4793,-19.9500,3.8500,2.7300,-0.6822,0.1317,0.0934,0
15567,9.8762,0.2106,-1.5463,-24.5700,1.6100,4.3400,-0.8402,0.0551,0.1484,0
15606,10.0365,0.1747,-1.7234,-24.7100,0.9800,7.9100,-0.8450,0.0335,0.2705,0
15645,10.0030,-0.2418,-1.7067,-24.9900,1.6800,6.3000,-0.8545,0.0574,0.2154,0
15684,10.0246,-0.3471,-1.6277,-19.2500,1.2600,3.2200,-0.6583,0.0431,0.1101,0
15723,9.8809,-0.1077,-1.4529,-14.0700,2.8700,2.5900,-0.4811,0.0981,0.0886,0
15762,9.6607,0.0239,-1.4362,-11.0600,4.1300,1.4700,-0.3782,0.1412,0.0503,0
15801,9.8809,0.1747,-1.8575,-2.8700,0.0700,0.4200,-0.0981,0.0024,0.0144,0
15840,9.8163,0.1173,-1.8623,-1.8200,-0.2800,0.9800,-0.0622,-0.0096,0.0335,0
15879,9.8594,0.1819,-1.7354,0.2100,-0.5600,1.8200,0.0072,-0.0191,0.0622,0
15918,9.8666,0.2872,-1.6420,0.9800,-0.2100,1.5400,0.0335,-0.0072,0.0527,0
15957,9.8809,0.2394,-1.6181,1.2600,0.5600,-0.2100,0.0431,0.0191,-0.0072,0
15996,9.8498,0.2992,-1.6133,3.0100,0.4900,-1.1900,0.1029,0.0168,-0.0407,0
16035,9.7948,0.4524,-1.6181,3.4300,0.4900,-0.7000,0.1173,0.0168,-0.0239,0
16074,9.8115,0.3710,-1.5559,1.4700,0.6300,-0.5600,0.0503,0.0215,-0.0191,0
16113,9.8953,0.3519,-1.6492,3.2900,-0.2100,-0.7700,0.1125,-0.0072,-0.0263,0
16152,9.8474,0.3040,-1.5870,3.3600,0.0000,-1.1900,0.1149,0.0000,-0.0407,0
16191,9.8067,0.2657,-1.5798,3.2900,-0.1400,-0.6300,0.1125,-0.0048,-0.0215,0
16230,9.9025,0.3136,-1.6803,4.2000,0.7700,-0.1400,0.1436,0.0263,-0.0048,0
16269,9.8259,0.3590,-1.6181,2.9400,0.2800,-0.7700,0.1005,0.0096,-0.0263,0
16308,9.8498,0.3662,-1.6061,1.7500,0.2800,-0.3500,0.0598,0.0096,-0.0120,0
16347,9.8474,0.3614,-1.5391,1.6100,0.4900,-0.2100,0.0551,0.0168,-0.0072,0
16386,9.7780,0.3878,-1.4817,2.8000,-0.0700,-0.2100,0.0957,-0.0024,-0.0072,0
16425,9.8690,0.3926,-1.6349,3.1500,-0.4900,0.4900,0.1077,-0.0168,0.0168,0
16464,9.9049,0.3662,-1.6325,0.2800,-0.3500,0.4900,0.0096,-0.0120,0.0168,0
16503,9.8762,0.3303,-1.5008,-0.4200,-0.0700,-0.2100,-0.0144,-0.0024,-0.0072,0
16542,9.8403,0.3351,-1.5128,-0.4200,-0.4200,-0.0700,-0.0144,-0.0144,-0.0024,0
16581,9.8426,0.3902,-1.5056,-1.4000,0.0000,0.2100,-0.0479,0.0000,0.0072,0
16620,9.8043,0.4117,-1.5032,-0.6300,-0.4900,0.4900,-0.0215,-0.0168,0.0168,0
16659,9.8522,0.3495,-1.5152,0.0700,-1.1900,1.2600,0.0024,-0.0407,0.0431,0
16698,9.9240,0.2561,-1.5511,-0.4200,-0.8400,0.4900,-0.0144,-0.0287,0.0168,0
16737,9.8498,0.3423,-1.5271,0.5600,0.0700,0.2100,0.0191,0.0024,0.0072,0
16776,9.7876,0.3734,-1.5391,0.4900,-0.1400,0.2800,0.0168,-0.0048,0.0096,0
16815,9.8331,0.3590,-1.5678,-0.2800,-1.0500,0.3500,-0.0096,-0.0359,0.0120,0
16854,9.9073,0.2681,-1.5966,0.0700,-1.8900,0.5600,0.0024,-0.0646,0.0191,0
16893,9.7924,0.2346,-1.4625,0.2100,-0.8400,1.0500,0.0072,-0.0287,0.0359,0
16932,9.8498,0.2896,-1.5439,1.4000,-1.4700,1.0500,0.0479,-0.0503,0.0359,0
16971,9.8953,0.3064,-1.6085,0.7700,-2.1700,1.3300,0.0263,-0.0742,0.0455,0
17010,9.7876,0.3088,-1.4721,-0.3500,-1.2600,1.3300,-0.0120,-0.0431,0.0455,0
17049,9.9264,0.2705,-1.6133,1.1200,-1.6100,1.2600,0.0383,-0.0551,0.0431,0
17088,9.8857,0.2848,-1.6755,0.4900,-0.9800,1.1900,0.0168,-0.0335,0.0407,0
17127,9.8594,0.2465,-1.6061,-0.0700,-1.4000,1.3300,-0.0024,-0.0479,0.0455,0
17166,9.8067,0.2896,-1.6540,-1.2600,-1.1900,1.4000,-0.0431,-0.0407,0.0479,0
17205,9.7996,0.3040,-1.6588,-0.1400,-1.3300,1.1900,-0.0048,-0.0455,0.0407,0
17244,9.8091,0.2633,-1.6157,-0.7000,-2.5200,1.2600,-0.0239,-0.0862,0.0431,0
17283,9.8690,0.2370,-1.6684,-1.4700,-2.5900,2.1700,-0.0503,-0.0886,0.0742,0
17322,9.8809,0.1221,-1.7210,0.2100,-1.9600,1.1200,0.0072,-0.0670,0.0383,0
17361,9.8977,0.1508,-1.6396,1.4000,-1.4700,0.4200,0.0479,-0.0503,0.0144,0
17400,9.7661,0.2442,-1.7091,0.8400,-0.7000,0.7700,0.0287,-0.0239,0.0263,0
17439,9.9288,0.2059,-1.7234,1.1900,-1.5400,1.2600,0.0407,-0.0527,0.0431,0
17478,9.9528,0.1293,-1.7043,1.7500,-0.7700,-0.0700,0.0598,-0.0263,-0.0024,0
17517,9.8786,0.1723,-1.7210,0.0700,0.7000,-1.7500,0.0024,0.0239,-0.0598,0
17556,9.8905,0.3471,-1.6061,-5.7400,1.0500,0.9800,-0.1963,0.0359,0.0335,0
17595,9.7182,0.4117,-1.4218,-7.6300,-0.0700,2.2400,-0.2609,-0.0024,0.0766,0
17634,9.7637,0.4285,-1.5415,-8.8900,-1.8200,3.5700,-0.3040,-0.0622,0.1221,0
17673,9.9097,0.3375,-1.5607,-13.1600,-3.2900,5.0400,-0.4500,-0.1125,0.1723,0
17712,10.1993,0.2920,-1.7593,-16.8000,-3.8500,6.0200,-0.5745,-0.1317,0.2059,0
17751,10.0581,0.0862,-1.6444,-16.5200,0.8400,4.9700,-0.5649,0.0287,0.1699,0
17790,9.9264,0.0168,-1.4625,-14.1400,4.4100,2.7300,-0.4835,0.1508,0.0934,0
17829,9.7373,0.3973,-1.4051,-12.6000,4.2700,1.7500,-0.4309,0.1460,0.0598,0
17868,9.5746,0.7492,-1.4865,-13.5100,4.3400,3.2200,-0.4620,0.1484,0.1101,0
17907,9.5746,0.6463,-1.3069,-18.2000,-0.2100,4.8300,-0.6223,-0.0072,0.1652,0
17946,9.9097,0.5481,-1.2950,-21.3500,-6.8600,8.1200,-0.7301,-0.2346,0.2777,0
17985,10.0365,0.3160,-1.4075,-22.7500,-5.8100,9.5900,-0.7779,-0.1987,0.3279,0
18024,9.9528,0.1436,-1.2327,-21.5600,-11.4100,11.0600,-0.7372,-0.3902,0.3782,0
18063,10.0294,0.2777,-1.4553,-22.2600,-7.0700,11.0600,-0.7612,-0.2418,0.3782,0
18102,10.0820,0.3830,-1.3716,-23.6600,-4.1300,11.7600,-0.8091,-0.1412,0.4021,0
18141,10.0605,0.4165,-1.5966,-26.1800,-2.7300,13.1600,-0.8952,-0.0934,0.4500,0
18180,10.3190,0.3758,-1.5224,-29.6100,-3.9900,17.3600,-1.0125,-0.1364,0.5936,0
18219,10.0341,-0.0910,-1.7402,-26.2500,-2.8700,16.8000,-0.8976,-0.0981,0.5745,0
18258,9.8474,-0.4141,-1.7282,-32.4100,0.3500,16.1700,-1.1083,0.0120,0.5529,0
18297,9.6751,-0.7660,-2.2524,-22.2600,2.2400,14.4900,-0.7612,0.0766,0.4955,0
18336,9.3903,-1.3404,-2.0920,-19.7400,3.0100,9.4500,-0.6750,0.1029,0.3231,0
18375,9.3520,-1.5726,-2.3577,-19.4600,1.5400,4.6200,-0.6654,0.0527,0.1580,0
18414,9.8690,-1.3093,-2.4846,-9.4500,0.6300,2.9400,-0.3231,0.0215,0.1005,0
18453,9.5004,-0.9359,-2.1615,-3.7100,0.9800,-1.6100,-0.1269,0.0335,-0.0551,0
18492,9.2418,-0.7564,-1.9149,-6.2300,-0.4900,-2.2400,-0.2130,-0.0168,-0.0766,0
18531,9.5123,-0.8976,-1.5200,-3.0800,-5.0400,-4.7600,-0.1053,-0.1723,-0.1628,0
18570,9.8857,-0.4739,-1.3500,-7.9800,-3.6400,-8.0500,-0.2729,-0.1245,-0.2753,0
18609,9.7828,-0.3255,-1.3476,-11.8300,-1.5400,-11.3400,-0.4045,-0.0527,-0.3878,0
18648,9.6536,-0.6559,-1.1106,-17.5700,1.1200,-12.3900,-0.6008,0.0383,-0.4237,0
18687,10.0724,-0.7013,-1.2040,-18.9700,-0.1400,-15.6100,-0.6487,-0.0048,-0.5338,0
18726,10.5536,-0.0742,-1.1466,-22.1900,5.2500,-16.1700,-0.7588,0.1795,-0.5529,0
18765,10.2017,0.4093,-1.4146,-29.2600,11.6900,-20.1600,-1.0005,0.3997,-0.6894,0
18804,10.8216,0.5457,-2.1806,-31.5700,9.8000,-9.1000,-1.0795,0.3351,-0.3112,0
18843,10.3238,0.4428,-1.6468,-33.0400,12.7400,-2.5900,-1.1298,0.4356,-0.0886,0
18882,10.0006,0.4332,-1.3716,-34.6500,10.7100,-3.5000,-1.1849,0.3662,-0.1197,0
18921,9.1676,0.6942,-0.4189,-43.0500,7.0000,-2.6600,-1.4721,0.2394,-0.0910,0
18960,9.4142,0.4811,-1.2255,-28.3500,-0.2800,-5.4600,-0.9694,-0.0096,-0.1867,0
18999,10.1155,0.5290,-1.4027,-29.7500,-12.7400,-10.2200,-1.0173,-0.4356,-0.3495,0
19038,10.4243,1.4242,-2.4678,-22.7500,-13.8600,-13.5800,-0.7779,-0.4739,-0.4644,0
19077,9.6942,2.1471,-2.0083,-29.3300,-9.0300,-15.8900,-1.0029,-0.3088,-0.5434,0
19116,9.1389,2.0490,-1.8455,-26.0400,-8.7500,-16.8700,-0.8904,-0.2992,-0.5769,0
19155,9.3160,1.8910,-1.4960,-26.8100,-19.7400,-14.9800,-0.9168,-0.6750,-0.5122,0
19194,9.6176,1.8335,-1.8623,-30.8700,-16.9400,-11.2700,-1.0556,-0.5793,-0.3854,0
19233,9.4573,2.0466,-2.2931,-28.4900,-11.2000,-6.5100,-0.9742,-0.3830,-0.2226,0
19272,9.5315,2.0609,-1.9221,-28.7000,-16.3800,-5.1100,-0.9814,-0.5601,-0.1747,0
19311,9.3783,2.0657,-1.8240,-32.0600,-14.4900,-3.2200,-1.0963,-0.4955,-0.1101,0
19350,9.6153,1.9125,-2.3123,-33.2500,-10.7800,0.7000,-1.1370,-0.3686,0.0239,0
19389,9.6081,2.1327,-1.9963,-31.0800,-14.4200,-0.7700,-1.0628,-0.4931,-0.0263,0
19428,9.6631,2.3721,-0.8210,-26.6000,-8.9600,-1.9600,-0.9096,-0.3064,-0.0670,0
19467,9.9097,2.4798,-3.6695,-24.5700,-7.9100,-4.0600,-0.8402,-0.2705,-0.1388,0
19506,9.7325,1.9891,-2.1351,-19.7400,-3.3600,-6.7200,-0.6750,-0.1149,-0.2298,0
19545,9.1724,1.9341,-1.5080,-21.7000,0.9800,-6.4400,-0.7420,0.0335,-0.2202,0
19584,9.1964,1.9676,-1.9724,-21.7000,-7.8400,0.2800,-0.7420,-0.2681,0.0096,0
19623,10.0724,2.1686,-1.8766,-17.9200,-5.6700,2.3100,-0.6128,-0.1939,0.0790,0
19662,9.8833,1.8503,-2.2835,-7.2800,-1.8200,0.0700,-0.2489,-0.0622,0.0024,0
19701,9.7852,1.8527,-1.2878,-7.0700,0.0700,-2.4500,-0.2418,0.0024,-0.0838,0
19740,9.2825,1.7282,-1.7737,-3.2200,1.0500,-4.5500,-0.1101,0.0359,-0.1556,0
19779,9.6823,1.7880,-1.7809,15.3300,-2.2400,-6.8600,0.5242,-0.0766,-0.2346,0
19818,9.6536,1.6420,-1.8383,20.9300,-0.4900,-8.6800,0.7157,-0.0168,-0.2968,0
19857,9.7684,1.9556,-1.7904,27.3000,0.9100,-10.3600,0.9335,0.0311,-0.3543,0
19896,9.6895,1.8263,-2.0920,39.4100,5.6700,-12.0400,1.3476,0.1939,-0.4117,0
19935,9.4094,2.0777,-1.6875,46.9000,5.5300,-12.5300,1.6037,0.1891,-0.4285,0
19974,9.1820,2.6210,-2.2285,51.7300,5.7400,-10.7800,1.7689,0.1963,-0.3686,0
20013,9.1030,2.4918,-2.6761,53.9000,5.1100,-6.0200,1.8431,0.1747,-0.2059,0
20052,9.4501,2.2716,-2.3984,54.6700,3.9900,-3.3600,1.8694,0.1364,-0.1149,0
20091,9.5506,2.0370,-2.8221,56.6300,8.2600,-5.4600,1.9365,0.2824,-0.1867,0
20130,9.5865,1.9748,-2.9897,63.4900,13.8600,-9.0300,2.1710,0.4739,-0.3088,0
20169,9.4764,1.9700,-2.9226,70.9100,14.2100,-9.8700,2.4248,0.4859,-0.3375,0
20208,9.2227,1.6372,-3.2051,78.0500,25.6200,-7.9100,2.6689,0.8761,-0.2705,0
20247,9.6368,2.0513,-3.1524,91.2100,34.7900,-8.1900,3.1189,1.1896,-0.2801,0
20286,9.6248,2.3936,-3.1620,97.5100,41.5800,-9.6600,3.3343,1.4218,-0.3303,0
20325,9.2107,2.2117,-3.0088,94.9200,43.6100,-11.1300,3.2458,1.4912,-0.3806,0
20364,9.3137,2.0657,-2.5923,96.6000,42.2800,-6.0900,3.3032,1.4458,-0.2082,0
20403,9.4525,1.8646,-1.9771,88.5500,42.7700,-2.2400,3.0280,1.4625,-0.0766,0
20442,9.5387,2.0011,-1.5702,82.9500,54.1100,0.0700,2.8365,1.8503,0.0024,0
20481,9.0791,2.3242,-1.4505,87.9200,46.6200,-1.1200,3.0064,1.5942,-0.0383,0
20520,8.9259,2.4607,-1.6660,92.8200,32.8300,-1.9600,3.1740,1.1226,-0.0670,0
20559,8.7248,2.0490,-1.6492,92.1200,19.7400,-1.6800,3.1500,0.6750,-0.0574,0
20598,9.8618,1.7498,-1.4027,82.9500,-0.2800,-1.1200,2.8365,-0.0096,-0.0383,0
20637,11.4272,1.7713,-1.3524,66.0800,-7.7700,1.0500,2.2596,-0.2657,0.0359,0
20676,10.8001,1.0747,-1.1489,59.1500,10.2900,2.8700,2.0226,0.3519,0.0981,0
20715,10.1371,0.2992,-0.4500,63.7000,20.6500,0.2100,2.1782,0.7061,0.0072,0
20754,10.1323,0.1293,-0.4787,77.8400,28.0000,-1.8200,2.6617,0.9575,-0.0622,0
20793,9.9671,0.4309,-0.1149,76.2300,30.0300,-0.6300,2.6067,1.0269,-0.0215,0
20832,9.8091,1.3261,0.3471,67.1300,27.9300,4.2700,2.2955,0.9551,0.1460,0
20871,9.4573,1.6875,-0.4596,53.1300,24.5700,-1.9600,1.8168,0.8402,-0.0670,0
20910,9.6679,0.9622,-0.4237,35.2800,17.9200,-9.5200,1.2064,0.6128,-0.3255,0
20949,9.7014,0.3255,-0.3351,38.7800,4.4800,-12.6000,1.3261,0.1532,-0.4309,0
20988,9.7278,0.7301,-0.7540,42.2100,10.5000,-16.8000,1.4434,0.3590,-0.5745,0
21027,9.2275,1.0484,-1.1370,42.2800,14.7000,-21.2100,1.4458,0.5027,-0.7253,0
21066,9.0934,0.9359,-1.0436,45.1500,5.6700,-18.8300,1.5439,0.1939,-0.6439,0
21105,9.3926,0.7612,-0.9503,36.7500,-9.1000,-11.1300,1.2567,-0.3112,-0.3806,0
21144,9.7110,1.3357,-1.2375,36.5400,-14.4900,-8.8900,1.2495,-0.4955,-0.3040,0
21183,9.9360,1.2160,-1.6420,37.5200,-20.0200,-1.6800,1.2830,-0.6846,-0.0574,0
21222,10.6661,1.5128,-0.0981,26.4600,-21.9100,4.2700,0.9048,-0.7492,0.1460,0
21261,10.7690,3.4397,0.2346,-6.3000,-16.1000,1.4000,-0.2154,-0.5505,0.0479,0
21300,10.3166,3.3894,-0.6678,-3.9900,-15.8900,-7.9100,-0.1364,-0.5434,-0.2705,0
21339,9.7158,1.6372,-0.2609,-5.7400,-18.5500,-9.4500,-0.1963,-0.6343,-0.3231,0
21378,9.4429,1.8359,-0.3064,-14.2100,-21.0700,-9.5200,-0.4859,-0.7205,-0.3255,0
21417,9.4238,2.4966,-1.2926,-7.9100,-15.6100,-0.7700,-0.2705,-0.5338,-0.0263,0
21456,9.5195,2.8652,-1.3859,-24.7800,-2.8000,4.8300,-0.8473,-0.0957,0.1652,0
21495,9.8067,2.8939,-2.3458,-22.2600,-0.3500,3.6400,-0.7612,-0.0120,0.1245,0
21534,9.6200,2.7264,-2.7168,-20.8600,-5.3200,-0.9800,-0.7133,-0.1819,-0.0335,0
21573,9.6105,2.7886,-2.2931,-38.8500,-7.0000,-4.9700,-1.3285,-0.2394,-0.1699,0
21612,9.3711,2.1974,-2.2309,-40.1800,-2.2400,-4.1300,-1.3739,-0.0766,-0.1412,0
21651,9.1581,2.2907,-1.8599,-45.5000,-0.7700,4.0600,-1.5559,-0.0263,0.1388,0
21690,9.4956,2.2141,-1.7354,-50.1900,9.5200,10.2200,-1.7162,0.3255,0.3495,0
21729,9.2490,2.7192,-1.3883,-53.4100,19.1100,11.4100,-1.8263,0.6535,0.3902,0
21768,9.2825,2.6139,-1.0245,-52.3600,21.7000,16.8000,-1.7904,0.7420,0.5745,0
21807,8.8038,2.3170,-0.8976,-40.8800,12.7400,18.0600,-1.3979,0.4356,0.6176,0
21846,9.3879,2.1327,-1.3069,-24.3600,-18.2000,10.4300,-0.8330,-0.6223,0.3567,0
21885,10.3166,2.5492,-1.3620,-28.0000,-25.2000,6.5800,-0.9575,-0.8617,0.2250,0
21924,9.8307,1.7426,-0.7061,-30.7300,-22.8200,7.0000,-1.0508,-0.7803,0.2394,0
21963,11.2022,0.6104,-0.2250,-18.4100,-14.4200,17.9900,-0.6295,-0.4931,0.6152,0
22002,9.8187,0.1867,0.8641,-16.1000,5.6700,21.1400,-0.5505,0.1939,0.7229,0
22041,9.3687,0.0024,-0.3973,-0.7700,8.7500,11.1300,-0.0263,0.2992,0.3806,0
22080,10.5560,0.1508,0.1652,-6.5100,-2.5900,6.1600,-0.2226,-0.0886,0.2106,0
22119,9.9360,0.2513,-0.3399,-13.5800,6.9300,-4.0600,-0.4644,0.2370,-0.1388,0
22158,10.1347,-0.8330,-0.2944,3.7800,13.9300,-14.3500,0.1293,0.4763,-0.4907,0
22197,9.8235,-0.5769,-0.4955,19.8100,13.9300,-22.2600,0.6774,0.4763,-0.7612,0
22236,9.9863,0.4572,-0.7971,50.6100,14.1400,-24.5700,1.7306,0.4835,-0.8402,0
22275,9.6703,1.4099,-0.4548,55.7900,14.6300,-19.8100,1.9077,0.5003,-0.6774,0
22314,9.1365,1.2686,-0.7037,50.0500,11.9000,-13.0200,1.7115,0.4069,-0.4452,0
22353,9.4094,0.8569,-1.0005,52.5000,7.7000,-14.0000,1.7952,0.2633,-0.4787,0
22392,10.1371,1.5247,-0.3112,59.2200,0.8400,-15.3300,2.0250,0.0287,-0.5242,0
22431,10.3429,2.8724,-0.2848,51.7300,17.5700,-15.5400,1.7689,0.6008,-0.5314,0
22470,9.9145,1.7665,-1.1729,45.7800,0.6300,-6.8600,1.5654,0.0215,-0.2346,0
22509,10.0700,1.8407,-0.2442,48.0900,1.8900,-10.7800,1.6444,0.0646,-0.3686,0
22548,9.8043,2.2907,-0.3447,43.0500,6.7200,-11.7600,1.4721,0.2298,-0.4021,0
22587,9.5770,2.8053,-0.7444,51.9400,11.2000,-10.1500,1.7761,0.3830,-0.3471,0
22626,8.9235,2.9585,-0.8952,40.3200,4.5500,-6.2300,1.3787,0.1556,-0.2130,0
22665,9.5219,3.1428,-0.3758,27.8600,0.6300,-2.5200,0.9527,0.0215,-0.0862,0
22704,9.5626,2.7383,-1.7354,33.4600,-2.2400,-5.2500,1.1442,-0.0766,-0.1795,0
22743,9.4381,2.9035,-1.1537,16.4500,-4.0600,-6.1600,0.5625,-0.1388,-0.2106,0
22782,9.3472,3.1859,-1.7426,9.5200,-0.2800,-6.3700,0.3255,-0.0096,-0.2178,0
22821,9.6033,3.0519,-2.2787,-0.0700,0.9800,-5.7400,-0.0024,0.0335,-0.1963,0
22860,9.4190,2.4822,-2.4559,-9.1000,-0.1400,-1.1200,-0.3112,-0.0048,-0.0383,0
22899,9.5913,2.1591,-1.6540,-23.1700,-5.2500,1.9600,-0.7923,-0.1795,0.0670,0
22938,9.7206,2.2548,-1.3835,-21.5600,2.2400,5.3200,-0.7372,0.0766,0.1819,0
22977,9.7086,3.0064,-1.4266,-23.0300,8.3300,5.9500,-0.7875,0.2848,0.2035,0
23016,8.9642,3.6862,-1.0412,-34.8600,11.2700,6.0200,-1.1920,0.3854,0.2059,0
23055,8.9714,4.0189,-2.0418,-41.8600,0.0000,12.5300,-1.4314,0.0000,0.4285,0
23094,9.7158,3.5498,-1.4051,-66.2900,-1.0500,20.3700,-2.2668,-0.0359,0.6965,0
23133,8.8325,3.7341,-0.2848,-70.5600,3.6400,14.9800,-2.4128,0.1245,0.5122,0
23172,8.8972,3.2769,-0.5553,-60.8300,-17.5700,3.4300,-2.0801,-0.6008,0.1173,0
23211,9.6703,2.6498,-0.1412,-50.8900,-22.4000,-0.2100,-1.7402,-0.7660,-0.0072,0
23250,9.9312,1.5654,-0.0957,-57.1900,-28.9800,11.1300,-1.9556,-0.9910,0.3806,0
23289,11.0778,0.8833,0.4500,-68.5300,-29.1900,28.8400,-2.3434,-0.9981,0.9862,0
23328,11.0538,0.1987,0.2753,-49.9800,-11.4100,31.3600,-1.7091,-0.3902,1.0724,0
23367,11.2357,-0.5170,-0.1388,-26.3900,1.4700,18.0600,-0.9024,0.0503,0.6176,0
23406,9.8331,0.3878,-0.5481,-20.6500,13.7200,8.0500,-0.7061,0.4692,0.2753,0
23445,8.6051,0.3088,-0.2322,-10.2900,16.5200,4.9700,-0.3519,0.5649,0.1699,0
23484,8.8924,0.3207,-0.4213,11.8300,16.9400,-5.9500,0.4045,0.5793,-0.2035,0
23523,9.7661,1.0939,0.3734,17.1500,10.0800,-13.2300,0.5864,0.3447,-0.4524,0
23562,9.8546,1.4170,0.7612,6.9300,9.4500,-14.0700,0.2370,0.3231,-0.4811,0
23601,9.8522,1.3859,0.4476,-16.9400,0.5600,-14.2800,-0.5793,0.0191,-0.4883,0
23640,9.8067,1.0987,-0.2274,6.7200,1.0500,-21.3500,0.2298,0.0359,-0.7301,0
23679,9.1293,1.4482,-0.2872,25.1300,-0.1400,-18.7600,0.8593,-0.0048,-0.6415,0
23718,9.6224,1.4888,0.1652,27.7200,-5.7400,-13.7200,0.9479,-0.1963,-0.4692,0
23757,11.5445,2.6881,-0.1628,2.8700,-10.9900,9.0300,0.0981,-0.3758,0.3088,0
23796,9.5722,1.5630,0.2346,-10.4300,-9.7300,5.8800,-0.3567,-0.3327,0.2011,0
23835,10.1754,1.5798,-0.3590,-7.0700,-10.7100,-2.2400,-0.2418,-0.3662,-0.0766,0
23874,9.6918,2.8389,-0.6128,-10.9200,-0.2100,-2.8000,-0.3734,-0.0072,-0.0957,0
23913,9.3376,3.7437,-0.7492,-18.2700,2.4500,3.2900,-0.6247,0.0838,0.1125,0
23952,9.0240,3.4205,-0.3231,-43.8900,-7.0700,10.1500,-1.5008,-0.2418,0.3471,0
23991,9.1988,2.7216,-0.9838,-54.1100,-7.4200,14.5600,-1.8503,-0.2537,0.4979,0
24030,9.5817,1.9556,-0.8593,-47.2500,-14.7000,17.0800,-1.6157,-0.5027,0.5840,0
24069,10.1442,1.9053,-0.6415,-47.0400,-18.4800,15.1200,-1.6085,-0.6319,0.5170,0
24108,9.8570,1.7689,-0.7779,-38.2900,-11.4100,10.5700,-1.3093,-0.3902,0.3614,0
24147,9.8403,1.2830,-0.5338,-33.7400,-11.0600,9.0300,-1.1537,-0.3782,0.3088,0
24186,10.1778,1.2327,-0.5529,-34.7200,-4.4100,8.9600,-1.1872,-0.1508,0.3064,0
24225,9.9934,1.7521,-0.6200,-23.3800,3.1500,1.4000,-0.7995,0.1077,0.0479,0
24264,9.6918,2.1351,-0.3255,-16.1700,-0.6300,1.2600,-0.5529,-0.0215,0.0431,0
24303,9.6631,2.2883,0.0263,-23.0300,0.7000,3.7800,-0.7875,0.0239,0.1293,0
24342,9.5626,2.3577,-0.1436,-35.5600,-1.8200,5.0400,-1.2160,-0.0622,0.1723,0
24381,9.6775,2.2213,-0.1484,-40.1100,-6.8600,4.7600,-1.3716,-0.2346,0.1628,0
24420,9.8259,1.8527,-0.2346,-38.9200,-6.3700,3.5700,-1.3309,-0.2178,0.1221,0
24459,9.7613,1.6971,-0.3471,-34.8600,-4.5500,4.1300,-1.1920,-0.1556,0.1412,0
24498,9.8211,1.5319,-0.3471,-33.3900,-3.6400,5.4600,-1.1418,-0.1245,0.1867,0
24537,9.9504,1.3835,-0.3375,-31.8500,-2.5200,6.8600,-1.0891,-0.0862,0.2346,0
24576,9.9504,1.1322,-0.4285,-28.8400,-2.0300,7.0700,-0.9862,-0.0694,0.2418,0
24615,9.9791,0.9742,-0.2059,-24.9900,-2.1000,5.8800,-0.8545,-0.0718,0.2011,0
24654,9.8953,1.1106,-0.0790,-17.0100,-2.1000,4.3400,-0.5817,-0.0718,0.1484,0
24693,10.0700,1.0388,-0.0383,-12.4600,-0.6300,2.6600,-0.4261,-0.0215,0.0910,0
24732,9.8020,1.2854,0.0168,-9.0300,-0.4900,1.5400,-0.3088,-0.0168,0.0527,0
24771,9.7278,1.1585,-0.2202,-7.0000,-2.1700,1.6800,-0.2394,-0.0742,0.0574,0
24810,9.9551,1.0412,0.0790,-5.8100,-2.3800,2.4500,-0.1987,-0.0814,0.0838,0
24849,9.8714,1.2016,-0.1149,-2.8000,-2.1000,1.5400,-0.0957,-0.0718,0.0527,0
24888,9.9958,1.1753,-0.2035,0.7000,-2.5200,1.6800,0.0239,-0.0862,0.0574,0
24927,9.9336,1.0939,-0.1843,1.6100,-0.7000,1.0500,0.0551,-0.0239,0.0359,0
24966,10.0341,1.0580,-0.1843,3.2900,-0.4200,0.5600,0.1125,-0.0144,0.0191,0
25005,9.9049,1.1825,-0.1604,3.9900,0.1400,-0.5600,0.1364,0.0048,-0.0191,0
25044,9.8546,1.2279,-0.0359,3.8500,0.7700,-0.7000,0.1317,0.0263,-0.0239,0
25083,9.9049,1.0556,-0.1747,3.7100,-0.4900,-0.2800,0.1269,-0.0168,-0.0096,0
25122,9.8498,1.2303,-0.1293,3.9900,-0.0700,0.0000,0.1364,-0.0024,0.0000,0
25161,9.9408,1.2351,-0.1317,5.5300,0.2800,-0.1400,0.1891,0.0096,-0.0048,0
25200,9.8977,1.2112,-0.1676,4.7600,0.2800,-0.9100,0.1628,0.0096,-0.0311,0
25239,9.8570,1.1777,-0.1747,6.5100,-0.9100,-0.4900,0.2226,-0.0311,-0.0168,0
25278,9.9384,1.2208,-0.1269,5.5300,0.0700,-0.2800,0.1891,0.0024,-0.0096,0
25317,9.8522,1.2974,-0.1293,7.8400,-0.3500,-0.3500,0.2681,-0.0120,-0.0120,0
25356,9.8474,1.2543,-0.1604,7.4900,-1.2600,-0.8400,0.2561,-0.0431,-0.0287,0
25395,9.9863,1.1250,-0.2178,7.7000,-1.6100,-0.9800,0.2633,-0.0551,-0.0335,0
25434,10.0485,1.2064,-0.1580,7.9100,0.3500,-2.1000,0.2705,0.0120,-0.0718,0
25473,9.8259,1.4625,-0.1269,10.2200,1.4700,-2.0300,0.3495,0.0503,-0.0694,0
25512,9.7876,1.2758,-0.1508,9.0300,0.6300,-1.6800,0.3088,0.0215,-0.0574,0
25551,9.9791,1.1992,-0.1580,12.6700,-0.0700,-2.1000,0.4332,-0.0024,-0.0718,0
25590,9.9911,1.4458,-0.2801,15.7500,0.4200,-2.8000,0.5386,0.0144,-0.0957,0
25629,9.8642,1.4505,-0.2394,15.7500,1.1200,-2.9400,0.5386,0.0383,-0.1005,0
25668,9.8187,1.5176,-0.1149,15.3300,0.3500,-2.6600,0.5242,0.0120,-0.0910,0
25707,9.7900,1.5152,-0.3734,14.8400,-1.6100,-2.8000,0.5075,-0.0551,-0.0957,0
25746,9.7661,1.6564,-0.6104,13.5800,-6.2300,-3.2900,0.4644,-0.2130,-0.1125,0
25785,9.6751,1.8934,-0.1915,5.9500,-8.1900,-1.8200,0.2035,-0.2801,-0.0622,0
25824,9.7206,1.6708,-0.7779,12.3200,-7.3500,-1.4000,0.4213,-0.2513,-0.0479,0
25863,10.0341,2.2261,-0.4739,3.7100,-7.9800,-4.6900,0.1269,-0.2729,-0.1604,0
25902,9.5746,2.6162,-0.3279,7.1400,-10.3600,-7.3500,0.2442,-0.3543,-0.2513,0
25941,9.2993,2.6402,-0.7947,1.2600,-15.6100,-4.2700,0.0431,-0.5338,-0.1460,0
25980,9.3496,1.9245,-1.1298,2.8700,-23.3100,0.3500,0.0981,-0.7971,0.0120,0
26019,9.9623,2.5564,-1.7043,-3.2900,-14.9100,6.5800,-0.1125,-0.5098,0.2250,0
26058,9.4046,3.2386,-1.8503,-16.3100,-3.5700,10.0800,-0.5577,-0.1221,0.3447,0
26097,9.3400,2.8700,-1.5702,-30.4500,-2.7300,11.4800,-1.0412,-0.0934,0.3926,0
26136,9.8331,2.4990,-0.7396,-42.8400,-2.4500,15.3300,-1.4649,-0.0838,0.5242,0
26175,9.7134,2.9131,-0.7013,-45.5000,3.1500,13.5800,-1.5559,0.1077,0.4644,0
26214,9.4932,3.3104,-0.6846,-42.2100,-3.0100,8.1200,-1.4434,-0.1029,0.2777,0
26253,9.2418,2.8173,-1.1274,-35.0000,-10.9900,7.3500,-1.1968,-0.3758,0.2513,0
26292,9.3615,2.3697,-1.0652,-35.4200,-12.6000,10.3600,-1.2112,-0.4309,0.3543,0
26331,9.6224,2.7958,-0.4500,-49.3500,-15.2600,11.5500,-1.6875,-0.5218,0.3950,0
26370,9.5889,2.6617,-0.9886,-47.6700,-22.1200,10.0800,-1.6301,-0.7564,0.3447,0
26409,11.5972,2.2309,-0.7444,-63.8400,-31.7800,18.6200,-2.1830,-1.0867,0.6367,0
26448,9.5267,0.9024,-2.2069,-105.2100,-10.1500,21.7700,-3.5976,-0.3471,0.7444,0
26487,9.3208,-0.6678,-1.5008,-104.0200,-2.2400,12.5300,-3.5569,-0.0766,0.4285,0
26526,10.4506,-0.5840,-1.4984,-95.7600,-6.4400,6.0200,-3.2745,-0.2202,0.2059,0
26565,9.9839,0.0431,-1.6372,-81.2700,-3.4300,10.1500,-2.7790,-0.1173,0.3471,0
26604,9.8953,-0.3016,-1.6444,-71.6100,0.9100,9.0300,-2.4487,0.0311,0.3088,0
26643,9.8977,-0.0766,-1.3380,-70.6300,-5.1100,13.3700,-2.4152,-0.1747,0.4572,0
26682,9.6176,0.3973,-0.8306,-65.5900,-3.2200,19.4600,-2.2428,-0.1101,0.6654,0
26721,9.8139,0.6080,-0.9311,-57.4700,-4.5500,18.8300,-1.9652,-0.1556,0.6439,0
26760,9.7828,0.9000,-0.6702,-56.4900,-4.2700,13.0200,-1.9317,-0.1460,0.4452,0
26799,10.0054,0.8737,-0.9216,-57.1200,-6.3700,8.6800,-1.9532,-0.2178,0.2968,0
26838,9.9695,0.9575,-1.1872,-62.3000,-7.6300,9.3100,-2.1303,-0.2609,0.3184,0
26877,9.5578,0.9479,-0.8186,-74.9700,-12.0400,10.8500,-2.5636,-0.4117,0.3710,0
26916,9.6536,0.6702,-0.6343,-80.9200,-16.3800,11.9700,-2.7670,-0.5601,0.4093,0
26955,9.5506,0.2968,-0.7540,-77.2100,-16.3800,10.1500,-2.6402,-0.5601,0.3471,0
26994,9.5889,-0.0096,-0.1699,-82.5300,-17.0800,5.6700,-2.8221,-0.5840,0.1939,0
27033,9.6488,0.0383,-0.1532,-83.4400,-13.2300,-0.2800,-2.8532,-0.4524,-0.0096,0
27072,9.8642,0.2848,-0.7540,-78.4000,-15.2600,-3.6400,-2.6809,-0.5218,-0.1245,0
27111,10.6469,0.7229,-0.7037,-74.2000,-11.8300,-0.3500,-2.5373,-0.4045,-0.0120,0
27150,9.7708,1.5080,-0.5410,-81.1300,-5.1100,-4.5500,-2.7742,-0.1747,-0.1556,0
27189,9.9791,1.1394,-1.0915,-69.6500,-14.4200,-4.2000,-2.3817,-0.4931,-0.1436,0
27228,10.5536,0.6774,-1.0077,-70.7700,-21.6300,0.6300,-2.4200,-0.7396,0.0215,0
27267,12.6552,1.3524,-1.6612,-73.0100,-10.9200,7.0700,-2.4966,-0.3734,0.2418,0
27306,8.8972,-0.0622,-1.6827,-52.6400,26.3200,-5.7400,-1.8000,0.9000,-0.1963,0
27345,9.9312,3.0495,-2.0681,-37.0300,10.1500,-7.9800,-1.2662,0.3471,-0.2729,0
27384,9.8738,4.7514,-0.9287,-46.2000,9.3100,-12.0400,-1.5798,0.3184,-0.4117,0
27423,8.5381,5.0506,-3.7221,-73.1500,-4.6200,-15.3300,-2.5014,-0.1580,-0.5242,0
27462,9.0839,3.2865,-2.0370,-96.8800,-18.3400,-11.9000,-3.3128,-0.6271,-0.4069,0
27501,9.9001,1.5750,-1.0077,-106.0500,-14.2100,-9.8700,-3.6264,-0.4859,-0.3375,0
27540,9.4549,0.2035,-1.4482,-99.2600,-22.9600,-9.2400,-3.3942,-0.7851,-0.3160,0
27579,10.0988,0.0359,-1.2279,-77.2800,-19.6000,-8.3300,-2.6426,-0.6702,-0.2848,0
27618,10.0533,0.6295,-1.1394,-61.2500,-7.4900,-9.1700,-2.0944,-0.2561,-0.3136,0
27657,8.9738,1.1872,-1.0436,-51.3100,-3.0800,-7.4900,-1.7545,-0.1053,-0.2561,0
27696,9.0025,1.4458,-0.7325,-44.7300,-17.2200,0.3500,-1.5295,-0.5888,0.0120,0
27735,9.6033,1.6923,-0.6032,-50.9600,-28.1400,3.3600,-1.7426,-0.9622,0.1149,0
27774,10.2304,2.1399,-1.1992,-37.5200,-27.7200,-2.8700,-1.2830,-0.9479,-0.0981,0
27813,10.2879,2.9825,-1.9436,-29.1200,-19.0400,-6.8600,-0.9958,-0.6511,-0.2346,0
27852,10.5057,2.6474,-1.8527,-24.1500,-11.2700,-5.0400,-0.8258,-0.3854,-0.1723,0
27891,10.3046,2.5516,-1.0436,-31.7100,-8.8200,-9.6600,-1.0843,-0.3016,-0.3303,0
27930,9.7493,3.0351,-1.5247,-31.0800,-4.2700,-21.0000,-1.0628,-0.1460,-0.7181,0
27969,9.6057,2.3793,-1.4434,-37.3800,-1.8200,-22.8200,-1.2782,-0.0622,-0.7803,0
28008,9.0958,0.9742,-1.1106,-38.2900,1.8900,-15.3300,-1.3093,0.0646,-0.5242,0
28047,8.7751,0.8617,-1.1130,-32.0600,1.1900,-0.6300,-1.0963,0.0407,-0.0215,0
28086,8.6602,1.1202,-0.3590,-31.9900,3.0800,21.0700,-1.0939,0.1053,0.7205,0
28125,9.2323,1.5128,1.3692,-29.8900,-2.3800,35.6300,-1.0221,-0.0814,1.2184,0
28164,10.1945,2.7886,0.2011,-18.0600,-12.1800,35.7000,-0.6176,-0.4165,1.2208,0
28203,11.7767,2.6689,-1.3213,2.8000,-20.7200,29.6100,0.0957,-0.7085,1.0125,0
28242,8.6578,1.8646,-0.2633,17.5000,-17.5000,35.3500,0.5984,-0.5984,1.2088,0
28281,9.4405,1.6061,0.1029,26.6700,-27.7200,43.4000,0.9120,-0.9479,1.4841,0
28320,11.6475,0.7348,-0.0239,28.2800,-15.5400,34.0900,0.9670,-0.5314,1.1657,0
28359,10.6038,0.3854,-0.6056,27.3000,-1.4000,11.9700,0.9335,-0.0479,0.4093,0
28398,9.7613,0.3854,-1.1513,37.5200,-0.2800,6.5800,1.2830,-0.0096,0.2250,0
28437,9.1198,-0.0646,-0.7205,33.5300,-2.8700,-1.8200,1.1466,-0.0981,-0.0622,0
28476,8.9905,-0.2657,0.0072,31.4300,-1.4000,-11.3400,1.0747,-0.0479,-0.3878,0
28515,9.8690,0.0263,1.2136,20.0200,0.2800,-10.1500,0.6846,0.0096,-0.3471,0
28554,9.4046,0.8809,0.6918,24.5700,28.9800,-7.5600,0.8402,0.9910,-0.2585,0
28593,10.4219,2.3194,-2.2548,33.9500,-12.5300,4.6900,1.1609,-0.4285,0.1604,0
28632,10.4722,2.6545,-2.1351,10.0800,-10.5700,-4.8300,0.3447,-0.3614,-0.1652,0
28671,11.9778,2.2787,-0.5434,-0.2100,3.4300,-20.1600,-0.0072,0.1173,-0.6894,0
28710,10.8935,2.3099,-1.1154,17.0800,5.0400,-8.6100,0.5840,0.1723,-0.2944,0
28749,8.8325,2.1208,0.0048,9.3100,15.9600,-15.2600,0.3184,0.5457,-0.5218,0
28788,9.1868,2.6928,-1.4003,3.9900,5.2500,-23.8000,0.1364,0.1795,-0.8138,0
28827,9.3879,2.7479,-1.1489,-7.4200,-5.5300,-27.7900,-0.2537,-0.1891,-0.9503,0
28866,9.6272,2.1256,-1.1585,-5.2500,-7.5600,-20.2300,-0.1795,-0.2585,-0.6918,0
28905,9.4932,1.8311,-1.0795,-2.5900,-0.6300,-11.9700,-0.0886,-0.0215,-0.4093,0
28944,9.3113,2.0729,-1.4218,2.9400,1.1900,-11.2700,0.1005,0.0407,-0.3854,0
28983,9.3304,2.0705,-1.5846,6.6500,-1.1200,-11.4800,0.2274,-0.0383,-0.3926,0
29022,9.5315,1.7952,-1.9173,13.7200,-2.4500,-11.5500,0.4692,-0.0838,-0.3950,0
29061,9.7469,1.2734,-1.7641,21.2100,-0.2100,-10.5700,0.7253,-0.0072,-0.3614,0
29100,10.1227,1.8646,-1.8886,45.4300,3.3600,-12.8100,1.5535,0.1149,-0.4380,0
29139,9.6775,2.2668,-1.4673,56.2800,6.3000,-16.8000,1.9245,0.2154,-0.5745,0
29178,9.7325,2.3386,-1.9197,72.1000,0.3500,-18.4100,2.4654,0.0120,-0.6295,0
29217,9.5482,3.0950,-1.9676,73.7800,8.0500,-17.5700,2.5229,0.2753,-0.6008,0
29256,8.9522,3.6048,-1.8216,66.3600,14.2800,-17.5700,2.2692,0.4883,-0.6008,0
29295,9.1317,2.9992,-2.0825,67.2000,11.9700,-14.4900,2.2979,0.4093,-0.4955,0
29334,9.3974,2.3649,-1.8718,63.6300,11.7600,-13.3000,2.1758,0.4021,-0.4548,0
29373,9.5626,2.4272,-1.9173,68.3900,17.2900,-11.0600,2.3386,0.5912,-0.3782,0
29412,9.4884,2.4319,-2.0657,77.8400,22.6800,-10.9200,2.6617,0.7755,-0.3734,0
29451,9.5075,2.3649,-2.0178,87.9200,28.5600,-11.3400,3.0064,0.9766,-0.3878,0
29490,9.6583,2.1830,-2.1998,95.2000,33.3900,-9.6600,3.2554,1.1418,-0.3303,0
29529,9.4692,2.4008,-1.8479,101.5000,47.1100,-6.6500,3.4708,1.6109,-0.2274,0
29568,9.2586,3.3990,-2.1232,108.6400,43.6800,-5.7400,3.7149,1.4936,-0.1963,0
29607,9.0384,3.5426,-1.7234,107.3800,46.4100,3.5700,3.6718,1.5870,0.1221,0
29646,9.3208,3.2434,-1.6899,102.9700,45.3600,11.3400,3.5210,1.5511,0.3878,0
29685,9.6129,2.8173,-1.1370,93.1000,41.6500,17.0800,3.1835,1.4242,0.5840,0
29724,9.6081,2.5564,-1.2806,87.9900,45.3600,13.7200,3.0088,1.5511,0.4692,0
29763,9.5099,2.5397,-1.1298,97.0900,28.4200,6.5100,3.3200,0.9718,0.2226,0
29802,9.5410,2.5468,-1.2997,83.7200,18.9700,2.5900,2.8628,0.6487,0.0886,0
29841,9.5004,2.3817,-1.1681,65.3100,14.5600,-0.2100,2.2333,0.4979,-0.0072,0
29880,9.4668,2.1950,-1.6109,51.5200,14.4900,4.2700,1.7617,0.4955,0.1460,0
29919,9.3472,1.5654,-1.4003,47.3200,15.4000,12.2500,1.6181,0.5266,0.4189,0
29958,10.1802,0.6511,-0.8761,49.1400,1.8200,10.6400,1.6803,0.0622,0.3638,0
29997,10.4363,-0.1963,-0.1460,33.7400,-0.7000,7.2800,1.1537,-0.0239,0.2489,0
30036,10.5631,-0.1532,-0.2992,30.0300,1.4000,5.2500,1.0269,0.0479,0.1795,0
30075,10.0988,-0.0598,-0.5003,29.6800,1.1900,6.5100,1.0149,0.0407,0.2226,0
30114,9.7254,0.0455,-0.8426,43.8200,2.3800,5.1100,1.4984,0.0814,0.1747,0
30153,9.4668,0.0311,-0.8904,40.3900,-2.0300,4.6200,1.3811,-0.0694,0.1580,0
30192,9.7541,0.2465,-0.8904,38.4300,-5.2500,2.5200,1.3141,-0.1795,0.0862,0
30231,10.2496,0.2968,-0.9575,48.9300,-3.0100,-0.0700,1.6732,-0.1029,-0.0024,0
30270,10.2208,0.5170,-0.9551,52.8500,0.4200,-5.3900,1.8072,0.0144,-0.1843,0
30309,9.7589,0.4428,-1.2255,61.3200,3.9900,-12.1100,2.0968,0.1364,-0.4141,0
30348,10.0677,0.3447,-1.6468,70.7000,4.2000,-16.8000,2.4176,0.1436,-0.5745,0
30387,9.6679,0.4069,-1.2830,68.2500,7.4900,-17.7100,2.3338,0.2561,-0.6056,0
30426,9.5123,0.7516,-0.9670,62.5100,6.3000,-18.4800,2.1375,0.2154,-0.6319,0
30465,9.5004,0.7372,-1.4577,63.7700,7.9100,-18.9700,2.1806,0.2705,-0.6487,0
30504,10.4722,1.1513,-0.7827,55.5800,7.0000,-17.2900,1.9006,0.2394,-0.5912,0
30543,10.6613,1.5271,-1.2303,50.6100,13.0200,-15.7500,1.7306,0.4452,-0.5386,0
30582,10.3405,2.2692,-0.5314,32.4100,10.7800,-7.6300,1.1083,0.3686,-0.2609,0
30621,9.2969,2.6162,-0.1317,26.2500,8.4700,-10.1500,0.8976,0.2896,-0.3471,0
30660,9.7541,1.9388,-0.8114,27.9300,2.3800,-9.4500,0.9551,0.0814,-0.3231,0
30699,9.4525,1.3548,-0.1747,16.9400,0.6300,-12.8100,0.5793,0.0215,-0.4380,0
30738,9.5889,1.0484,-0.8043,31.3600,1.2600,-14.2800,1.0724,0.0431,-0.4883,0
30777,10.2017,1.3093,-1.4745,44.5900,-1.2600,-9.3800,1.5247,-0.0431,-0.3207,0
30816,10.1706,2.0561,-1.8838,42.4900,6.6500,-10.2900,1.4529,0.2274,-0.3519,0
30855,9.3735,2.2979,-2.5612,36.7500,7.2800,-14.0000,1.2567,0.2489,-0.4787,0
30894,9.3567,2.2428,-2.0849,25.7600,-0.0700,-10.0800,0.8809,-0.0024,-0.3447,0
30933,9.6583,1.8599,-1.9771,19.1800,0.4200,-9.3100,0.6559,0.0144,-0.3184,0
30972,9.5770,2.1232,-1.6037,25.7600,7.0000,-11.9700,0.8809,0.2394,-0.4093,0
31011,9.2251,2.9202,-1.8407,33.3900,8.0500,-10.9900,1.1418,0.2753,-0.3758,0
31050,9.0025,2.5851,-2.2716,27.5800,9.1000,-6.5100,0.9431,0.3112,-0.2226,0
31089,9.7780,1.6396,-2.2500,16.1000,11.9000,2.8000,0.5505,0.4069,0.0957,0
31128,9.8666,1.2543,-1.7210,5.0400,18.7600,10.5000,0.1723,0.6415,0.3590,0
31167,9.5195,1.6229,-1.5870,4.2000,25.9700,8.7500,0.1436,0.8880,0.2992,0
31206,9.2777,2.7790,-1.2136,6.0200,13.3700,8.4000,0.2059,0.4572,0.2872,0
31245,9.9288,3.0280,-1.4817,-0.7700,0.2100,16.1000,-0.0263,0.0072,0.5505,0
31284,10.6541,2.6402,-1.3380,3.0100,13.4400,28.2800,0.1029,0.4596,0.9670,0
31323,9.8067,1.8240,0.1149,15.5400,3.8500,22.0500,0.5314,0.1317,0.7540,0
31362,9.7948,1.3979,0.1245,24.4300,-1.5400,20.1600,0.8354,-0.0527,0.6894,0
31401,9.3448,1.6612,0.3519,11.7600,1.8900,21.9100,0.4021,0.0646,0.7492,0
31440,9.4573,1.5559,-0.1771,7.1400,-7.4900,30.1700,0.2442,-0.2561,1.0317,0
31479,9.8283,0.5170,-0.2992,3.2200,-14.2800,28.8400,0.1101,-0.4883,0.9862,0
31518,10.1179,-0.0574,-0.4285,4.9700,-24.0800,23.6600,0.1699,-0.8234,0.8091,0
31557,10.8145,0.1245,-0.9742,8.1900,-15.4000,14.4900,0.2801,-0.5266,0.4955,0
31596,9.9169,0.3279,-0.3423,-3.0100,0.4200,1.8200,-0.1029,0.0144,0.0622,0
31635,9.6129,-0.1867,-0.7348,11.4100,7.0700,-10.2200,0.3902,0.2418,-0.3495,0
31674,9.9815,-0.4069,-0.9981,20.5800,8.7500,-15.8900,0.7037,0.2992,-0.5434,0
31713,9.4692,0.3710,-0.8952,22.1900,7.7700,-16.3800,0.7588,0.2657,-0.5601,0
31752,9.3280,0.1723,-1.6037,24.0800,0.9800,-27.7200,0.8234,0.0335,-0.9479,0
31791,9.5458,-0.2585,-1.4051,18.9000,-5.0400,-35.4200,0.6463,-0.1723,-1.2112,0
31830,10.0677,-0.2346,-1.3620,22.8900,-3.2900,-36.6800,0.7827,-0.1125,-1.2543,0
31869,9.8977,0.1436,-1.0771,25.5500,-0.7700,-26.0400,0.8737,-0.0263,-0.8904,0
31908,10.2280,0.1676,-1.1849,27.3700,-1.1900,-6.2300,0.9359,-0.0407,-0.2130,0
31947,13.3110,1.5870,0.4859,14.4900,15.8200,10.2900,0.4955,0.5410,0.3519,0
31986,10.3453,2.0035,-1.8096,23.7300,22.3300,3.6400,0.8114,0.7636,0.1245,0
32025,9.1317,0.0814,0.7253,12.6000,8.3300,-6.7200,0.4309,0.2848,-0.2298,0
32064,10.1203,1.3404,0.1532,11.1300,5.3900,-13.7200,0.3806,0.1843,-0.4692,0
32103,9.5458,2.8795,-0.2465,16.7300,1.8200,-13.7200,0.5721,0.0622,-0.4692,0
32142,9.0168,3.1357,-0.9598,20.3000,0.2800,-18.4100,0.6942,0.0096,-0.6295,0
32181,9.2131,3.4756,-1.1466,1.5400,-2.1700,-8.4700,0.0527,-0.0742,-0.2896,0
32220,9.1724,3.1069,-1.1489,-5.8100,-6.7200,-6.5100,-0.1987,-0.2298,-0.2226,0
32259,9.4309,2.8053,-1.6660,-3.9900,-10.5700,-6.1600,-0.1364,-0.3614,-0.2106,0
32298,9.6392,2.5444,-1.7761,-8.4000,-11.8300,-3.9900,-0.2872,-0.4045,-0.1364,0
32337,9.8091,2.4032,-1.5726,-9.7300,-15.4000,-5.7400,-0.3327,-0.5266,-0.1963,0
32376,9.5770,2.1782,-1.7498,-9.4500,-5.3900,-5.8800,-0.3231,-0.1843,-0.2011,0
32415,9.6751,2.1423,-1.3261,-5.1100,5.2500,-4.6200,-0.1747,0.1795,-0.1580,0
32454,9.2418,2.3984,-1.2040,-5.1800,13.1600,-0.4200,-0.1771,0.4500,-0.0144,0
32493,9.5315,2.6450,-1.2567,-0.9100,12.8800,2.5900,-0.0311,0.4404,0.0886,0
32532,9.7876,1.6947,-0.5194,-3.1500,12.1800,10.6400,-0.1077,0.4165,0.3638,0
32571,9.7397,0.5529,-0.0910,-5.2500,19.6700,14.8400,-0.1795,0.6726,0.5075,0
32610,9.7565,1.5343,-0.6846,1.5400,25.4800,12.6000,0.0527,0.8713,0.4309,0
32649,10.1251,3.1955,-0.2465,5.1100,10.7100,14.7000,0.1747,0.3662,0.5027,0
32688,9.8642,2.9777,-0.1197,10.7100,-1.2600,7.4200,0.3662,-0.0431,0.2537,0
32727,9.4645,2.8413,-0.1723,15.1200,3.0800,9.8700,0.5170,0.1053,0.3375,0
32766,9.4190,2.2596,-0.2035,-2.5900,6.5800,14.2100,-0.0886,0.2250,0.4859,0
32805,9.2586,1.7258,0.4668,-5.8100,1.4700,24.0800,-0.1987,0.0503,0.8234,0
32844,10.0317,0.5769,0.9263,-4.7600,-3.4300,30.1000,-0.1628,-0.1173,1.0293,0
32883,10.8312,0.1915,-0.6726,1.4700,-13.0900,24.8500,0.0503,-0.4476,0.8497,0
32922,10.5871,-0.3878,-0.6128,13.0200,-8.4000,-2.8000,0.4452,-0.2872,-0.0957,0
32961,9.5339,-0.1460,-0.6894,31.0800,-0.9800,-21.0700,1.0628,-0.0335,-0.7205,0
33000,9.5793,-0.0479,-1.9149,45.1500,0.4900,-28.7700,1.5439,0.0168,-0.9838,0
33039,9.8881,0.2202,-0.6989,51.5900,1.8200,-23.2400,1.7641,0.0622,-0.7947,0
33078,9.2323,1.1561,0.9718,40.3200,8.3300,-12.3900,1.3787,0.2848,-0.4237,0
33117,10.5368,2.8628,-0.9407,40.6000,11.9700,-8.1200,1.3883,0.4093,-0.2777,0
33156,10.6613,2.2428,-1.0676,24.0800,-2.9400,-11.3400,0.8234,-0.1005,-0.3878,0
33195,9.7110,3.0806,0.6630,24.0800,14.3500,-20.8600,0.8234,0.4907,-0.7133,0
33234,9.3424,2.3194,-0.4692,30.0300,8.0500,-21.6300,1.0269,0.2753,-0.7396,0
33273,9.2227,1.7138,-0.5457,23.5900,7.7000,-12.5300,0.8067,0.2633,-0.4285,0
33312,9.3041,1.9365,-1.6779,24.9200,17.0800,-1.5400,0.8521,0.5840,-0.0527,0
33351,10.3238,2.4008,-2.0035,14.2100,-1.7500,1.0500,0.4859,-0.0598,0.0359,0
33390,10.2903,2.4295,-2.0011,11.8300,-3.7100,-5.7400,0.4045,-0.1269,-0.1963,0
33429,9.4525,2.9059,-1.5607,2.7300,-0.9100,-10.4300,0.0934,-0.0311,-0.3567,0
33468,9.1533,3.0950,-1.0628,-3.2200,-3.9900,-8.7500,-0.1101,-0.1364,-0.2992,0
33507,8.7990,3.0567,-1.4769,-9.5200,3.1500,2.0300,-0.3255,0.1077,0.0694,0
33546,9.5506,2.0490,-0.5434,-18.6200,8.9600,16.7300,-0.6367,0.3064,0.5721,0
33585,10.3597,2.3553,-0.2537,-15.0500,20.0200,20.5800,-0.5146,0.6846,0.7037,0
33624,10.0222,2.6737,-0.1101,-10.0100,21.2100,9.5900,-0.3423,0.7253,0.3279,0
33663,9.4309,3.3176,-0.4213,-5.0400,5.1100,0.2100,-0.1723,0.1747,0.0072,0
33702,9.1916,3.0088,-0.5625,-15.4000,-3.1500,-2.1000,-0.5266,-0.1077,-0.0718,0
33741,8.1743,2.6593,-0.2513,-14.9800,0.7700,-4.1300,-0.5122,0.0263,-0.1412,0
33780,10.1634,3.0471,-0.0790,-12.1800,-13.5100,8.4000,-0.4165,-0.4620,0.2872,0
33819,10.9174,2.5014,0.0144,-15.3300,-7.4200,15.2600,-0.5242,-0.2537,0.5218,0
33858,10.5200,1.7474,0.5577,-18.1300,1.8200,10.2900,-0.6200,0.0622,0.3519,0
33897,10.6469,1.4673,-0.1699,-13.0900,6.2300,16.5200,-0.4476,0.2130,0.5649,0
33936,8.6123,0.3471,-2.0178,-19.3200,6.8600,19.1800,-0.6606,0.2346,0.6559,0
33975,9.2897,-0.1317,-0.3255,-30.8000,-3.0800,-1.1900,-1.0532,-0.1053,-0.0407,0
34014,8.5980,0.6511,-0.9239,-33.0400,-0.9800,-21.7700,-1.1298,-0.0335,-0.7444,0
34053,9.6559,2.0226,-0.7660,-14.4900,3.7800,-31.7100,-0.4955,0.1293,-1.0843,0
34092,12.8754,4.3732,-0.5266,-19.8800,-5.6700,-9.7300,-0.6798,-0.1939,-0.3327,0
34131,9.4118,2.4990,1.3979,-42.0700,26.3200,2.3100,-1.4386,0.9000,0.0790,0
34170,5.8381,1.7067,-0.3423,-19.1800,32.5500,4.6200,-0.6559,1.1130,0.1580,0
34209,9.9288,2.4152,-1.9867,-16.1700,10.2200,26.6000,-0.5529,0.3495,0.9096,0
34248,10.0150,1.8718,-2.2189,-55.9300,-4.2700,38.2900,-1.9125,-0.1460,1.3093,0
34287,8.2844,1.5966,1.6109,-80.2900,9.2400,49.2100,-2.7455,0.3160,1.6827,0
34326,9.9647,0.9311,0.0886,-53.3400,10.2900,44.5200,-1.8240,0.3519,1.5224,0
34365,8.8660,1.4099,-0.2561,-22.4700,12.6700,38.1500,-0.7684,0.4332,1.3045,0
34404,7.5807,2.0274,-0.9239,-15.9600,24.9900,33.6700,-0.5457,0.8545,1.1513,0
34443,5.8189,1.9388,-0.3136,-51.8000,4.9000,52.2900,-1.7713,0.1676,1.7880,0
34482,6.9272,-0.0024,-1.5463,-54.0400,-7.4900,62.9300,-1.8479,-0.2561,2.1519,0
34521,8.8206,-0.7325,-1.4099,-55.3700,2.2400,60.6200,-1.8934,0.0766,2.0729,0
34560,8.9091,0.1508,-1.2447,-76.5800,17.2900,62.8600,-2.6186,0.5912,2.1495,0
34599,7.3604,0.2681,0.3016,-72.1700,30.4500,71.7500,-2.4678,1.0412,2.4535,0
34638,6.9799,-0.3495,-2.6713,-51.6600,35.1400,74.5500,-1.7665,1.2016,2.5492,0
34677,7.2073,-1.0747,3.0639,-54.7400,56.2100,89.6000,-1.8718,1.9221,3.0639,0
34716,4.4929,0.1340,-0.8497,-21.2100,91.0000,90.7900,-0.7253,3.1117,3.1046,0
34755,5.2373,-2.6545,-0.8976,-30.1700,75.7400,82.6700,-1.0317,2.5899,2.8269,0
34794,4.9046,-3.2530,2.8867,-43.8900,98.7700,95.5500,-1.5008,3.3774,3.2673,0
34833,8.2222,-4.5671,0.0790,-4.8300,92.4700,129.2900,-0.1652,3.1620,4.4211,0
34872,11.8772,-2.4990,4.2343,-44.5900,109.2000,144.2700,-1.5247,3.7341,4.9333,0
34911,4.1003,-23.0986,17.2558,-58.5200,227.9200,237.0200,-2.0011,7.7937,8.1049,0
34950,8.0570,-36.7424,16.5592,-124.4600,221.7600,227.4300,-4.2559,7.5831,7.7769,0
34989,-0.2059,-17.6220,2.8460,59.3600,143.0800,101.3600,2.0298,4.8926,3.4660,1
35028,1.2782,-10.7833,4.1051,76.7200,97.5800,81.5500,2.6234,3.3367,2.7886,0
35067,-1.6396,-3.7293,4.3492,67.8300,56.2100,49.0000,2.3194,1.9221,1.6755,0
35106,-4.2032,-3.2362,4.3301,41.5800,60.4800,65.5900,1.4218,2.0681,2.2428,0
35145,-4.3373,-3.5881,4.3014,15.6800,62.3000,60.5500,0.5362,2.1303,2.0705,0
35184,-4.0740,-4.3229,5.2923,-4.7600,63.0700,51.4500,-0.1628,2.1567,1.7593,0
35223,-4.0046,-4.2032,4.5838,-4.1300,53.2700,51.3100,-0.1412,1.8216,1.7545,0
35262,-5.2397,-4.3229,4.3325,-12.6700,47.8100,51.2400,-0.4332,1.6349,1.7521,0
35301,-6.7429,-8.3035,4.9788,-36.6800,33.2500,30.0300,-1.2543,1.1370,1.0269,0
35340,-7.7937,-8.6865,5.2876,-25.1300,25.2700,25.6900,-0.8593,0.8641,0.8785,0
35379,-6.7261,-8.0498,4.0955,-13.6500,18.1300,20.6500,-0.4668,0.6200,0.7061,0
35418,-5.6945,-7.3461,4.4067,-15.0500,-3.7800,5.9500,-0.5146,-0.1293,0.2035,0
35457,-4.6437,-7.3078,4.4953,-16.0300,-13.7900,-3.3600,-0.5481,-0.4715,-0.1149,0
35496,-3.7365,-7.0182,4.9716,-13.7900,-20.4400,-7.7000,-0.4715,-0.6989,-0.2633,0
35535,-3.3008,-8.3897,4.8663,-12.2500,-18.4100,-12.1100,-0.4189,-0.6295,-0.4141,0
35574,-3.2123,-8.1982,4.9907,-8.4000,-15.8900,-23.4500,-0.2872,-0.5434,-0.8019,0
35613,-2.9250,-8.4041,5.4048,-7.1400,-15.0500,-32.7600,-0.2442,-0.5146,-1.1202,0
35652,-2.6139,-7.5926,4.9357,-9.8700,-13.4400,-40.4600,-0.3375,-0.4596,-1.3835,0
35691,-2.4822,-7.3533,5.5102,-15.1200,-11.4100,-43.4700,-0.5170,-0.3902,-1.4865,0
35730,-1.9197,-7.4945,4.3708,-17.3600,-12.3200,-43.1200,-0.5936,-0.4213,-1.4745,0
35769,-1.0197,-8.2916,5.0817,-20.2300,-11.1300,-40.9500,-0.6918,-0.3806,-1.4003,0
35808,-1.3117,-7.8990,4.5575,-21.0000,-6.3700,-43.7500,-0.7181,-0.2178,-1.4960,0
35847,-0.9551,-9.0767,4.2631,-25.0600,-6.9300,-55.2300,-0.8569,-0.2370,-1.8886,0
35886,-0.4428,-8.9235,4.1913,-20.6500,-6.3700,-61.1800,-0.7061,-0.2178,-2.0920,0
35925,-0.1939,-9.1940,3.7867,-19.8800,-0.4900,-62.2300,-0.6798,-0.0168,-2.1279,0
35964,-0.2633,-9.3448,4.0165,-18.6200,1.4000,-63.4900,-0.6367,0.0479,-2.1710,0
36003,-0.1029,-9.5937,3.3559,-12.8800,1.1200,-64.6800,-0.4404,0.0383,-2.2117,0
36042,0.7492,-9.6464,3.9495,-8.1200,1.5400,-63.7000,-0.2777,0.0527,-2.1782,0
36081,1.3428,-9.0049,3.7987,-5.6700,3.2200,-58.5900,-0.1939,0.1101,-2.0035,0
36120,2.0992,-8.9450,3.5593,-3.5700,3.7800,-54.7400,-0.1221,0.1293,-1.8718,0
36159,2.3936,-9.6009,4.0955,0.2100,8.0500,-55.7900,0.0072,0.2753,-1.9077,0
36198,2.4894,-9.5267,3.6192,7.0700,12.3200,-55.7200,0.2418,0.4213,-1.9053,0
36237,3.1117,-9.3065,3.4564,15.4000,5.8800,-53.6200,0.5266,0.2011,-1.8335,0
36276,2.9322,-8.8469,3.4277,17.6400,8.5400,-52.0100,0.6032,0.2920,-1.7785,0
36315,3.7149,-9.2371,3.7221,20.2300,-2.7300,-48.4400,0.6918,-0.0934,-1.6564,0
36354,3.4923,-8.5166,3.7652,17.9900,-0.9800,-49.2800,0.6152,-0.0335,-1.6851,0
36393,3.6527,-8.5046,3.7173,20.0900,-1.5400,-54.8100,0.6870,-0.0527,-1.8742,0
36432,3.6886,-9.0025,3.7532,17.0800,-2.2400,-72.6600,0.5840,-0.0766,-2.4846,0
36471,4.1937,-8.1599,3.6240,18.2000,-4.6900,-66.2200,0.6223,-0.1604,-2.2644,0
36510,4.0979,-7.8990,4.1099,27.8600,-12.6700,-58.1700,0.9527,-0.4332,-1.9891,0
36549,4.4976,-6.4772,4.6532,28.9100,-35.4900,-50.4000,0.9886,-1.2136,-1.7234,0
36588,5.5054,-6.7788,5.2253,24.0100,-39.6900,-41.1600,0.8210,-1.3572,-1.4075,0
36627,5.0051,-7.2240,5.3115,28.5600,-38.5700,-48.4400,0.9766,-1.3189,-1.6564,0
36666,6.7525,-6.9487,5.8740,16.6600,-68.5300,-28.9800,0.5697,-2.3434,-0.9910,0
36705,7.1522,-7.0014,6.7596,14.0700,-52.5700,-14.7000,0.4811,-1.7976,-0.5027,0
36744,6.4868,-6.8243,6.3791,24.1500,-53.3400,-9.5200,0.8258,-1.8240,-0.3255,0
36783,6.1301,-6.3192,5.2110,24.0100,-58.0300,-4.4100,0.8210,-1.9843,-0.1508,0
36822,7.3987,-5.6825,5.3689,17.7800,-64.8200,-2.2400,0.6080,-2.2165,-0.0766,0
36861,7.3676,-5.7591,4.9285,16.5900,-58.5900,-2.5200,0.5673,-2.0035,-0.0862,0
36900,7.1259,-6.4245,4.2320,17.0100,-54.9500,-10.0100,0.5817,-1.8790,-0.3423,0
36939,7.2815,-6.6136,4.3995,22.7500,-56.9100,-7.9800,0.7779,-1.9460,-0.2729,0
36978,6.8434,-7.1809,1.3500,44.5200,-42.8400,-5.7400,1.5224,-1.4649,-0.1963,0
37017,6.5849,-5.9219,2.3338,42.0700,-39.4800,-1.4000,1.4386,-1.3500,-0.0479,0
37056,6.3695,-4.2224,0.3088,63.7000,-10.4300,-1.5400,2.1782,-0.3567,-0.0527,0
37095,7.2408,-2.6234,1.4697,39.6900,-39.8300,3.1500,1.3572,-1.3620,0.1077,0
37134,7.2025,-3.4588,-0.5769,28.9800,-31.9200,-0.9100,0.9910,-1.0915,-0.0311,0
37173,6.6806,-4.5958,0.3686,1.9600,-50.1900,7.0700,0.0670,-1.7162,0.2418,0
37212,9.5243,-3.6599,1.5750,-8.8900,-67.9000,20.7200,-0.3040,-2.3218,0.7085,0
37251,10.9318,-4.9740,0.4955,-8.6800,-33.1100,-4.9700,-0.2968,-1.1322,-0.1699,0
37290,9.4525,-5.3546,0.7468,-14.2800,-33.5300,-21.7000,-0.4883,-1.1466,-0.7420,0
37329,9.0144,-5.0937,2.3649,-27.7900,-22.4000,-17.5000,-0.9503,-0.7660,-0.5984,0
37368,8.0450,-5.7112,-1.4697,-12.9500,-22.6100,-33.6000,-0.4428,-0.7731,-1.1489,0
37407,8.5573,-4.0405,0.6128,-21.4900,-51.7300,-31.6400,-0.7348,-1.7689,-1.0819,0
37446,10.4458,-4.4546,1.6061,-47.0400,-38.2200,-9.3100,-1.6085,-1.3069,-0.3184,0
37485,14.7520,-5.3761,0.6798,-35.7700,-42.2100,-10.0100,-1.2232,-1.4434,-0.3423,0
37524,13.5432,-5.8716,-1.5678,-75.8100,49.0000,-34.4400,-2.5923,1.6755,-1.1777,0
37563,8.0881,-5.3282,-0.1197,-38.0800,42.0000,-49.3500,-1.3021,1.4362,-1.6875,0
37602,6.5634,-5.7854,2.4391,-31.0100,2.3800,-51.5900,-1.0604,0.0814,-1.7641,0
37641,11.9084,-6.0368,1.8814,-5.3200,-26.8800,-47.7400,-0.1819,-0.9192,-1.6325,0
37680,10.5607,-3.3200,0.3973,25.4100,-6.9300,-65.1000,0.8689,-0.2370,-2.2261,0
37719,10.7905,-1.8886,0.5386,40.0400,4.9700,-57.7500,1.3692,0.1699,-1.9748,0
37758,10.2998,-1.0891,-0.1412,37.9400,12.9500,-55.5800,1.2974,0.4428,-1.9006,0
37797,9.5410,-1.7880,-0.1987,12.1800,10.9200,-54.5300,0.4165,0.3734,-1.8646,0
37836,8.9498,-2.2309,-0.3136,-12.5300,4.2000,-57.6800,-0.4285,0.1436,-1.9724,0
37875,9.0168,-2.5061,-0.7468,-26.0400,2.3100,-60.5500,-0.8904,0.0790,-2.0705,0
37914,9.5793,-2.4343,-0.7348,-11.0600,6.8600,-55.2300,-0.3782,0.2346,-1.8886,0
37953,8.7392,-1.2782,0.5601,-1.0500,14.5600,-52.5700,-0.0359,0.4979,-1.7976,0
37992,6.7572,0.0910,1.3333,8.1900,7.7700,-49.3500,0.2801,0.2657,-1.6875,0
38031,7.6788,0.8737,1.1801,10.9200,-4.7600,-45.9900,0.3734,-0.1628,-1.5726,0
38070,10.1442,0.8713,0.7923,2.9400,-1.0500,-31.2900,0.1005,-0.0359,-1.0700,0
38109,8.7296,0.9862,0.5984,3.2900,3.3600,-35.4900,0.1125,0.1149,-1.2136,0
38148,7.4897,1.2758,1.2734,7.4900,-3.2900,-30.5200,0.2561,-0.1125,-1.0436,0
38187,7.1522,1.0867,0.2729,10.4300,-14.1400,-28.9100,0.3567,-0.4835,-0.9886,0
38226,7.1642,1.0269,0.7061,5.8100,-23.9400,-22.9600,0.1987,-0.8186,-0.7851,0
38265,8.2078,0.8952,-0.0479,7.1400,-30.1000,-6.5100,0.2442,-1.0293,-0.2226,0
38304,8.9235,0.5194,0.1556,-3.3600,-28.8400,9.7300,-0.1149,-0.9862,0.3327,0
38343,10.4219,0.8378,-0.2944,0.4200,-27.1600,14.4900,0.0144,-0.9287,0.4955,0
38382,10.6445,0.7899,-0.5098,0.9100,-18.6900,-0.6300,0.0311,-0.6391,-0.0215,0
38421,9.5051,2.3649,-1.0005,-8.6800,-12.8800,-7.5600,-0.2968,-0.4404,-0.2585,0
38460,9.7421,1.7186,-0.7133,-37.8000,-11.7600,-1.6800,-1.2926,-0.4021,-0.0574,0
38499,10.4147,1.5176,-0.8402,-36.4700,1.1900,0.4900,-1.2471,0.0407,0.0168,0
38538,9.8905,1.6157,-0.7971,-46.0600,8.4700,-5.1800,-1.5750,0.2896,-0.1771,0
38577,9.0192,0.5625,-1.6492,-53.2700,8.8200,-3.0800,-1.8216,0.3016,-0.1053,0
38616,9.1078,-1.2471,-0.9455,-58.3800,4.2000,5.1100,-1.9963,0.1436,0.1747,0
38655,9.7134,-1.0125,-0.6750,-46.4100,-2.5900,13.7200,-1.5870,-0.0886,0.4692,0
38694,9.8738,-0.0024,-0.0981,-41.3700,5.1800,16.5900,-1.4146,0.1771,0.5673,0
38733,9.3520,-0.1245,-0.4069,-28.2800,14.9800,10.6400,-0.9670,0.5122,0.3638,0
38772,9.8642,0.9622,2.1519,-33.2500,-2.6600,17.0100,-1.1370,-0.0910,0.5817,0
38811,12.0999,1.5846,-0.0574,-9.1700,-16.5900,21.8400,-0.3136,-0.5673,0.7468,0
38850,12.0975,1.3692,0.3782,-15.3300,-14.7700,20.9300,-0.5242,-0.5051,0.7157,0
38889,9.7421,0.8043,1.4912,-28.4200,-6.3000,20.7200,-0.9718,-0.2154,0.7085,0
38928,8.8589,0.5194,0.7899,-20.1600,2.2400,27.2300,-0.6894,0.0766,0.9311,0
38967,9.1868,-0.2059,0.6128,-14.6300,-7.8400,37.6600,-0.5003,-0.2681,1.2878,0
39006,9.7876,-0.2130,1.7162,-32.4100,-14.7000,37.1000,-1.1083,-0.5027,1.2686,0
39045,10.1155,-0.4165,0.6247,-26.5300,-5.1100,30.9400,-0.9072,-0.1747,1.0580,0
39084,10.1275,-0.3447,0.2968,-24.3600,1.5400,19.0400,-0.8330,0.0527,0.6511,0
39123,9.5243,-0.2705,0.3375,-23.5200,7.9100,7.9100,-0.8043,0.2705,0.2705,0
39162,9.0121,-1.1274,0.0766,-26.3200,10.1500,3.9900,-0.9000,0.3471,0.1364,0
39201,8.9355,-1.6875,0.1245,-25.6900,3.5000,-2.5900,-0.8785,0.1197,-0.0886,0
39240,9.2395,-1.7665,0.1005,-15.4700,-4.6900,-7.0000,-0.5290,-0.1604,-0.2394,0
39279,9.4429,-1.7402,-0.1556,-11.2700,-3.5000,-15.2600,-0.3854,-0.1197,-0.5218,0
39318,9.7206,-1.6899,-0.0718,-10.7100,-7.9100,-17.7100,-0.3662,-0.2705,-0.6056,0
39357,9.6679,-1.8958,0.0311,-6.6500,-5.6700,-15.9600,-0.2274,-0.1939,-0.5457,0
39396,9.7445,-2.1423,-0.2777,5.6700,-6.7900,-8.9600,0.1939,-0.2322,-0.3064,0
39435,9.4621,-2.3865,0.0718,13.2300,-10.3600,-0.4900,0.4524,-0.3543,-0.0168,0
39474,12.1645,-1.5511,1.9484,1.6100,-14.2800,13.5800,0.0551,-0.4883,0.4644,0
39513,13.9645,1.0484,-1.3763,-4.6200,-4.4800,28.1400,-0.1580,-0.1532,0.9622,0
39552,10.2591,-1.5152,-0.5505,-9.8000,-10.5000,3.3600,-0.3351,-0.3590,0.1149,0
39591,9.5817,-0.7779,1.8551,-38.5700,-8.6100,-16.1700,-1.3189,-0.2944,-0.5529,0
39630,10.4315,0.2585,-0.4668,-15.0500,-10.3600,-18.4100,-0.5146,-0.3543,-0.6295,0
39669,9.6559,0.7923,-1.1059,-7.3500,-18.8300,-16.3800,-0.2513,-0.6439,-0.5601,0
39708,9.4070,0.9814,-0.3806,-23.8700,-12.0400,-15.8900,-0.8162,-0.4117,-0.5434,0
39747,9.3208,0.5505,-0.1819,-12.5300,-8.4000,-16.5900,-0.4285,-0.2872,-0.5673,0
39786,9.4118,0.9048,-0.9575,-6.2300,-6.9300,-12.1100,-0.2130,-0.2370,-0.4141,0
39825,9.5770,1.7115,-1.5080,-6.7900,-7.2800,-4.0600,-0.2322,-0.2489,-0.1388,0
39864,9.5698,1.9652,-1.6827,-19.0400,-8.7500,-5.0400,-0.6511,-0.2992,-0.1723,0
39903,10.2304,1.2088,-1.5415,-36.4700,-13.7900,-4.3400,-1.2471,-0.4715,-0.1484,0
39942,10.3166,0.8330,-1.4912,-43.9600,-4.9000,-5.6700,-1.5032,-0.1676,-0.1939,0
39981,10.0892,0.7133,-1.1729,-41.4400,8.0500,-9.5200,-1.4170,0.2753,-0.3255,0
40020,9.7397,0.9216,-0.7827,-39.2000,16.6600,-13.0900,-1.3404,0.5697,-0.4476,0
40059,9.5434,0.9981,-1.1202,-38.1500,26.3900,-12.3900,-1.3045,0.9024,-0.4237,0
40098,9.7278,0.6918,-0.4524,-46.0600,35.7000,-7.4200,-1.5750,1.2208,-0.2537,0
40137,9.7852,0.7157,-0.4021,-54.0400,43.2600,2.1700,-1.8479,1.4793,0.0742,0
40176,9.7182,0.5793,-0.7468,-46.2700,27.5800,7.9100,-1.5822,0.9431,0.2705,0
40215,10.0270,0.7923,-1.0317,-50.6800,21.7700,10.9900,-1.7330,0.7444,0.3758,0
40254,10.0557,0.4883,-1.1059,-71.1200,24.1500,15.4000,-2.4319,0.8258,0.5266,0
40293,9.9911,0.1843,0.5936,-81.1300,12.9500,20.0200,-2.7742,0.4428,0.6846,0
40332,11.5828,0.2035,2.2045,-70.4900,-6.3000,22.6800,-2.4104,-0.2154,0.7755,0
40371,11.8916,0.1412,0.9694,-44.3800,-3.0800,17.1500,-1.5176,-0.1053,0.5864,0
40410,10.3238,-0.0120,0.6343,-30.3800,5.2500,11.0600,-1.0388,0.1795,0.3782,0
40449,8.8732,0.1317,1.1106,-23.5200,-6.6500,17.9200,-0.8043,-0.2274,0.6128,0
40488,8.4783,0.3016,0.9981,-8.0500,-7.1400,28.0000,-0.2753,-0.2442,0.9575,0
40527,8.7655,-0.0574,0.7181,11.9000,-12.1800,33.5300,0.4069,-0.4165,1.1466,0
40566,9.0360,-0.5051,1.8910,-2.6600,-29.0500,31.9200,-0.0910,-0.9934,1.0915,0
40605,9.7852,-0.5912,1.8072,-16.5200,-25.9000,26.7400,-0.5649,-0.8856,0.9144,0
40644,11.1974,-2.2883,1.0053,-8.4000,-12.3200,22.4000,-0.2872,-0.4213,0.7660,0
40683,10.8815,-2.5181,1.1729,14.0700,-11.1300,6.0200,0.4811,-0.3806,0.2059,0
40722,9.2059,-2.2548,0.5553,35.6300,-4.4100,-7.4900,1.2184,-0.1508,-0.2561,0
40761,8.3849,-2.0777,0.2633,42.3500,-2.7300,-14.0700,1.4482,-0.0934,-0.4811,0
40800,8.4759,-2.5660,-0.2202,47.8800,-5.5300,-19.9500,1.6372,-0.1891,-0.6822,0
40839,9.0192,-2.3889,0.0431,41.4400,-10.7800,-21.9100,1.4170,-0.3686,-0.7492,0
40878,9.6703,-2.5277,0.0239,39.7600,-21.7700,-21.6300,1.3596,-0.7444,-0.7396,0
40917,9.6966,-1.1226,1.6181,55.6500,-20.8600,-21.9100,1.9029,-0.7133,-0.7492,0
40956,9.9719,-0.6798,0.1388,95.0600,-12.8100,-18.4800,3.2506,-0.4380,-0.6319,0
40995,10.4698,-0.4332,-0.8665,93.8700,-39.2700,-9.8000,3.2099,-1.3428,-0.3351,0
41034,12.1238,0.2992,0.7109,85.2600,-33.3200,-15.0500,2.9155,-1.1394,-0.5146,0
41073,11.3626,1.0508,-0.6152,107.3800,0.0000,-24.2900,3.6718,0.0000,-0.8306,0
41112,9.7038,-0.0718,0.2992,96.6000,10.0100,-30.6600,3.3032,0.3423,-1.0484,0
41151,9.4549,0.1676,-0.4787,101.0100,14.9100,-37.5200,3.4540,0.5098,-1.2830,0
41190,9.8043,0.3686,-1.2519,117.6700,18.3400,-35.1400,4.0237,0.6271,-1.2016,0
41229,9.6368,0.4763,-1.4745,123.9000,10.5700,-34.3700,4.2367,0.3614,-1.1753,0
41268,9.2107,0.0790,-1.8311,127.6800,10.7100,-35.0000,4.3660,0.3662,-1.1968,0
41307,8.8134,0.8402,-2.1399,123.2700,5.9500,-22.6100,4.2152,0.2035,-0.7731,0
41346,9.4022,0.6726,-2.6881,123.5500,6.4400,-8.1200,4.2248,0.2202,-0.2777,0
41385,10.0940,0.5625,-2.3601,98.2100,6.0900,-9.5200,3.3583,0.2082,-0.3255,0
41424,9.9575,0.3710,-1.5511,84.0000,7.2800,-15.6100,2.8724,0.2489,-0.5338,0
41463,9.6296,0.4524,-1.2686,92.4000,21.9100,-23.0300,3.1596,0.7492,-0.7875,0
41502,10.2448,1.0676,-1.5176,96.7400,42.7000,-18.3400,3.3080,1.4601,-0.6271,0
41541,10.3860,1.5271,-1.9173,96.8800,26.5300,-3.5700,3.3128,0.9072,-0.1221,0
41580,9.8043,1.2399,-1.6995,93.6600,21.0700,6.9300,3.2027,0.7205,0.2370,0
41619,9.8115,1.1083,-1.6013,86.4500,29.8900,11.1300,2.9561,1.0221,0.3806,0
41658,9.9025,1.7210,-1.8718,90.7200,37.3800,14.4900,3.1022,1.2782,0.4955,0
41697,9.9097,1.7569,-1.8958,92.8900,36.1900,11.3400,3.1764,1.2375,0.3878,0
41736,9.8091,1.5726,-1.3716,94.5000,22.9600,6.6500,3.2314,0.7851,0.2274,0
41775,10.0820,1.4601,-0.5984,104.1600,17.0800,3.0100,3.5617,0.5840,0.1029,0
41814,9.6775,0.8665,-0.2705,95.7600,15.8200,6.3700,3.2745,0.5410,0.2178,0
41853,9.7589,0.9575,0.0694,83.6500,12.3900,15.4700,2.8604,0.4237,0.5290,0
41892,10.4387,1.3141,-0.9048,81.8300,1.2600,23.5200,2.7982,0.0431,0.8043,0
41931,9.2634,1.2686,-0.1843,50.8900,0.7000,29.5400,1.7402,0.0239,1.0101,0
41970,8.6865,0.5362,1.7617,34.3700,-20.8600,41.1600,1.1753,-0.7133,1.4075,0
42009,11.7264,-1.3572,1.2519,49.9100,-45.2900,43.8900,1.7067,-1.5487,1.5008,0
42048,11.7121,-2.3889,1.6803,36.6100,-27.1600,27.3700,1.2519,-0.9287,0.9359,0
42087,10.3046,-2.0226,0.2968,59.8500,-5.6700,9.4500,2.0466,-0.1939,0.3231,0
42126,9.3017,-1.7402,-0.1963,74.0600,4.8300,0.6300,2.5325,0.1652,0.0215,0
42165,9.2155,-1.2926,-0.3662,73.9900,4.6200,-3.2900,2.5301,0.1580,-0.1125,0
42204,9.5578,-0.8737,-0.3519,69.6500,9.5200,-0.7700,2.3817,0.3255,-0.0263,0
42243,9.4525,-0.7540,-0.4883,63.5600,1.2600,-5.1800,2.1734,0.0431,-0.1771,0
42282,9.4525,-1.1442,-0.9168,65.3800,-8.2600,-9.7300,2.2357,-0.2824,-0.3327,0
42321,9.8450,-1.2591,-0.9311,62.7200,-18.0600,-9.0300,2.1447,-0.6176,-0.3088,0
42360,9.8187,-1.1609,-0.8354,70.4900,-19.9500,-14.7700,2.4104,-0.6822,-0.5051,0
42399,9.4740,-0.9790,-1.0221,75.6700,-16.6600,-10.1500,2.5875,-0.5697,-0.3471,0
42438,10.7355,-0.6678,-0.3662,76.7200,-27.1600,-5.0400,2.6234,-0.9287,-0.1723,0
42477,11.3004,0.6415,-2.0825,87.2200,-24.0800,4.2700,2.9825,-0.8234,0.1460,0
42516,10.4458,0.3088,-0.4237,65.1700,-22.1200,3.1500,2.2285,-0.7564,0.1077,0
42555,9.8331,0.5362,-0.5817,54.7400,-12.0400,-10.9200,1.8718,-0.4117,-0.3734,0
42594,10.3956,0.9838,-0.1436,49.9100,-15.8200,-12.1100,1.7067,-0.5410,-0.4141,0
42633,10.1610,1.0652,-1.1801,57.1900,-19.6000,-16.0300,1.9556,-0.6702,-0.5481,0
42672,9.4621,0.5481,-1.1944,35.6300,-10.9900,-21.0700,1.2184,-0.3758,-0.7205,0
42711,9.4381,0.2992,-0.9551,26.6000,-12.3900,-10.8500,0.9096,-0.4237,-0.3710,0
42750,10.1634,0.9958,-1.2208,26.2500,-11.5500,-2.4500,0.8976,-0.3950,-0.0838,0
42789,10.7714,0.7157,-1.1035,28.8400,-2.8700,-11.6900,0.9862,-0.0981,-0.3997,0
42828,9.8618,0.7444,-1.2519,32.2000,-0.3500,-24.7100,1.1011,-0.0120,-0.8450,0
42867,9.3543,0.4045,-1.4888,33.6000,6.2300,-16.2400,1.1489,0.2130,-0.5553,0
42906,9.9480,0.5338,-1.7904,38.3600,14.1400,-10.1500,1.3117,0.4835,-0.3471,0
42945,9.6488,1.4051,-1.7904,33.2500,13.7900,-11.4800,1.1370,0.4715,-0.3926,0
42984,9.6320,1.7641,-1.7689,18.2000,13.7200,-7.2100,0.6223,0.4692,-0.2465,0
43023,10.1347,1.6420,-1.2950,15.3300,11.0600,-2.1700,0.5242,0.3782,-0.0742,0
43062,9.6607,0.3710,-2.3577,27.0900,6.1600,-3.7800,0.9263,0.2106,-0.1293,0
43101,9.7900,0.5170,-1.6253,10.9900,3.0800,3.7800,0.3758,0.1053,0.1293,0
43140,10.1442,0.4835,-1.5319,9.8700,19.0400,7.9800,0.3375,0.6511,0.2729,0
43179,10.0461,0.1771,-0.8162,-0.9100,33.1100,12.1100,-0.0311,1.1322,0.4141,0
43218,9.8570,0.0790,-1.0388,-0.3500,42.1400,11.6900,-0.0120,1.4410,0.3997,0
43257,9.9216,0.6630,-0.6511,12.7400,33.0400,8.8900,0.4356,1.1298,0.3040,0
43296,9.8498,1.4410,-0.0144,19.9500,25.1300,3.9200,0.6822,0.8593,0.1340,0
43335,9.6823,1.4410,0.4141,20.2300,8.1900,4.0600,0.6918,0.2801,0.1388,0
43374,10.3381,1.3309,0.3495,18.2700,-5.4600,3.9900,0.6247,-0.1867,0.1364,0
43413,10.3884,1.2375,-0.1676,12.2500,-3.9900,-3.2900,0.4189,-0.1364,-0.1125,0
43452,10.0700,1.0795,0.1843,-3.6400,2.4500,-5.3900,-0.1245,0.0838,-0.1843,0
43491,10.0557,0.2489,0.5122,-9.4500,1.6100,1.1900,-0.3231,0.0551,0.0407,0
43530,10.1490,-0.1891,0.9311,-13.4400,-4.4100,6.1600,-0.4596,-0.1508,0.2106,0
43569,10.0174,-1.0293,0.6535,-8.3300,-1.7500,1.4000,-0.2848,-0.0598,0.0479,0
43608,10.4267,-1.2519,1.1370,-8.4700,0.4200,6.3000,-0.2896,0.0144,0.2154,0
43647,9.8403,-1.2519,1.0676,-7.5600,3.2900,6.7900,-0.2585,0.1125,0.2322,0
43686,9.3520,-0.6247,0.3662,-5.0400,4.6200,5.6700,-0.1723,0.1580,0.1939,0
43725,9.7086,-1.3069,0.9072,-6.5800,5.1800,-2.1700,-0.2250,0.1771,-0.0742,0
43764,9.4980,-1.5678,0.0981,-7.9800,7.0700,-8.9600,-0.2729,0.2418,-0.3064,0
43803,9.3926,-1.3811,0.0096,11.3400,3.7800,-11.3400,0.3878,0.1293,-0.3878,0
43842,9.4884,-0.7708,0.7516,25.5500,4.4100,-13.7200,0.8737,0.1508,-0.4692,0
43881,9.8020,-0.0957,0.3806,29.2600,6.1600,-16.6600,1.0005,0.2106,-0.5697,0
43920,10.4363,0.6511,0.3207,13.0900,-7.9100,-9.6600,0.4476,-0.2705,-0.3303,0
43959,10.9820,0.6056,0.1364,3.1500,-8.0500,-0.8400,0.1077,-0.2753,-0.0287,0
43998,10.3429,0.3854,1.1992,0.7000,-3.2200,1.0500,0.0239,-0.1101,0.0359,0
44037,9.7445,-0.1269,1.4960,2.7300,-14.8400,0.7000,0.0934,-0.5075,0.0239,0
44076,9.4621,-0.3854,0.3112,-1.8900,-6.2300,-1.2600,-0.0646,-0.2130,-0.0431,0
44115,10.2017,0.1580,0.0215,11.2700,-7.2800,-2.8000,0.3854,-0.2489,-0.0957,0
44154,10.3549,0.5290,0.0838,3.0800,-6.9300,-1.8200,0.1053,-0.2370,-0.0622,0
44193,9.6081,1.0245,0.1699,-5.4600,-1.4700,5.1800,-0.1867,-0.0503,0.1771,0
44232,10.0581,0.8713,0.0120,-11.1300,-0.1400,7.9800,-0.3806,-0.0048,0.2729,0
44271,10.4147,0.6080,-0.2011,-3.9200,-8.4000,-1.5400,-0.1340,-0.2872,-0.0527,0
44310,10.0078,0.5984,-0.4955,-11.4100,-11.9000,-9.4500,-0.3902,-0.4069,-0.3231,0
44349,9.7206,0.5434,-0.2729,-15.1900,-6.3700,-5.2500,-0.5194,-0.2178,-0.1795,0
44388,9.7565,0.8186,-0.4931,-16.0300,-5.9500,-0.2800,-0.5481,-0.2035,-0.0096,0
44427,9.8881,0.5721,-0.6223,-26.8100,-8.1900,-0.0700,-0.9168,-0.2801,-0.0024,0
44466,10.1012,0.1987,-0.5984,-31.0800,-10.0800,-1.6100,-1.0628,-0.3447,-0.0551,0
44505,10.0198,0.1173,-0.5817,-26.9500,-11.4800,-0.6300,-0.9216,-0.3926,-0.0215,0
44544,10.0700,0.5027,-0.5529,-26.3900,-10.4300,0.0000,-0.9024,-0.3567,0.0000,0
44583,10.2041,0.4452,-0.3830,-26.6000,-5.1800,-1.8200,-0.9096,-0.1771,-0.0622,0
44622,9.7972,0.4644,-0.4189,-23.3800,-6.6500,-4.0600,-0.7995,-0.2274,-0.1388,0
44661,9.6176,0.2442,-0.7372,-22.8200,-6.7200,-0.2100,-0.7803,-0.2298,-0.0072,0
44700,9.7062,0.1101,-0.9000,-22.7500,-10.3600,4.9700,-0.7779,-0.3543,0.1699,0
44739,9.9815,0.6415,-0.9000,-21.3500,-7.8400,7.7000,-0.7301,-0.2681,0.2633,0
44778,9.9025,1.2926,-0.7899,-16.1700,-5.8800,8.1200,-0.5529,-0.2011,0.2777,0
44817,9.6966,1.3189,-0.7372,-15.7500,-8.6100,6.5800,-0.5386,-0.2944,0.2250,0
44856,9.8474,0.8785,-1.5343,-10.9900,-18.2700,5.2500,-0.3758,-0.6247,0.1795,0
44895,10.0317,0.4309,-1.7521,-19.4600,-17.5000,3.2900,-0.6654,-0.5984,0.1125,0
44934,10.2950,0.3040,-1.7952,-25.5500,-11.7600,5.5300,-0.8737,-0.4021,0.1891,0
44973,9.9623,0.1029,-1.7234,-26.2500,-3.6400,9.6600,-0.8976,-0.1245,0.3303,0
45012,10.1466,0.0814,-1.2040,-30.5900,-0.4900,8.2600,-1.0460,-0.0168,0.2824,0
45051,9.9695,0.1628,-1.2184,-19.5300,4.0600,5.8100,-0.6678,0.1388,0.1987,0
45090,10.0557,0.7468,-1.1059,-14.3500,12.0400,6.1600,-0.4907,0.4117,0.2106,0
45129,10.2137,0.6606,-0.9527,-11.0600,25.9700,3.0800,-0.3782,0.8880,0.1053,0
45168,9.6631,1.4194,-1.0173,-7.7000,34.2300,0.2100,-0.2633,1.1705,0.0072,0
45207,9.5985,1.6947,-1.5080,5.6000,35.0700,5.0400,0.1915,1.1992,0.1723,0
45246,9.3926,1.4386,-0.8928,0.1400,27.3700,12.6700,0.0048,0.9359,0.4332,0
45285,9.4262,0.9072,-1.4745,12.6700,17.0800,17.6400,0.4332,0.5840,0.6032,0
45324,9.7254,0.5457,-0.7803,5.2500,6.5100,18.6200,0.1795,0.2226,0.6367,0
45363,9.8163,0.9958,0.0215,2.0300,-8.8200,11.9000,0.0694,-0.3016,0.4069,0
45402,9.7637,0.9048,0.6630,5.3900,-21.1400,6.5100,0.1843,-0.7229,0.2226,0
45441,10.8312,0.4476,0.9551,10.0100,-18.5500,1.3300,0.3423,-0.6343,0.0455,0
45480,12.3751,0.1317,0.4859,6.0200,3.5700,-7.4900,0.2059,0.1221,-0.2561,0
45519,10.8097,-1.0939,0.4835,-8.8200,2.1000,-6.0900,-0.3016,0.0718,-0.2082,0
45558,9.9169,-1.5918,1.6923,-29.1900,4.9000,10.9900,-0.9981,0.1676,0.3758,0
45597,9.0144,-2.0705,1.1250,-9.8000,9.5900,11.3400,-0.3351,0.3279,0.3878,0
45636,8.2628,-2.1591,0.6104,3.0100,13.5100,-1.8200,0.1029,0.4620,-0.0622,0
45675,9.5817,-1.5798,1.3117,2.8000,5.6000,-5.6700,0.0957,0.1915,-0.1939,0
45714,9.9504,-1.3380,0.4093,2.0300,13.1600,-11.1300,0.0694,0.4500,-0.3806,0
45753,9.9312,-1.4482,0.2968,1.6100,14.1400,-10.7800,0.0551,0.4835,-0.3686,0
45792,10.0222,-1.5128,0.2442,10.2900,18.0600,-9.6600,0.3519,0.6176,-0.3303,0
45831,9.7254,-1.0341,0.4117,16.3100,16.3100,-11.4100,0.5577,0.5577,-0.3902,0
45870,9.1150,-0.1269,0.6535,23.1700,11.1300,-14.2800,0.7923,0.3806,-0.4883,0
45909,9.2514,0.0096,0.1245,20.0900,-2.7300,-13.0200,0.6870,-0.0934,-0.4452,0
45948,10.0150,-0.1101,0.1532,15.1900,-12.5300,-8.1900,0.5194,-0.4285,-0.2801,0
45987,11.5110,0.0024,0.9311,17.6400,-14.9100,7.5600,0.6032,-0.5098,0.2585,0
46026,10.4195,0.0694,1.3285,10.8500,-7.1400,7.5600,0.3710,-0.2442,0.2585,0
46065,9.2251,-0.2489,1.6085,10.9200,0.9100,-0.2100,0.3734,0.0311,-0.0072,0
46104,10.2591,0.1005,0.3686,26.3900,-9.7300,-4.3400,0.9024,-0.3327,-0.1484,0
46143,10.4411,0.2920,0.0551,27.8600,-0.4900,-9.5900,0.9527,-0.0168,-0.3279,0
46182,9.7397,0.6583,0.2154,17.5000,-4.1300,-8.1900,0.5984,-0.1412,-0.2801,0
46221,9.3950,0.8378,0.7396,2.9400,-2.1000,5.7400,0.1005,-0.0718,0.1963,0
46260,10.0964,0.6606,0.4644,-0.2100,5.5300,11.2700,-0.0072,0.1891,0.3854,0
46299,10.5320,0.5481,0.4931,6.2300,3.0100,1.6100,0.2130,0.1029,0.0551,0
46338,10.1012,0.7277,0.4213,8.7500,3.4300,-9.3800,0.2992,0.1173,-0.3207,0
46377,9.7421,0.7420,0.2681,0.2800,7.9100,-2.0300,0.0096,0.2705,-0.0694,0
46416,10.0700,0.6128,0.5505,-9.5900,5.3200,1.1200,-0.3279,0.1819,0.0383,0
46455,10.0605,0.5960,0.4811,-4.1300,4.7600,-3.0100,-0.1412,0.1628,-0.1029,0
46494,9.9264,0.4261,0.3064,0.7000,4.1300,-4.4800,0.0239,0.1412,-0.1532,0
46533,9.9623,0.5697,0.6965,-5.2500,2.3800,-3.1500,-0.1795,0.0814,-0.1077,0
46572,9.8905,0.5290,0.3973,-2.8700,2.3800,-2.3800,-0.0981,0.0814,-0.0814,0
46611,9.7900,0.5122,0.2418,-2.1000,-0.2800,-1.9600,-0.0718,-0.0096,-0.0670,0
46650,10.0389,0.3064,0.3064,-0.8400,-1.5400,-1.4000,-0.0287,-0.0527,-0.0479,0
46689,9.7493,0.3710,0.3447,-2.0300,-1.8200,-1.5400,-0.0694,-0.0622,-0.0527,0
46728,9.7565,0.9838,0.5386,-3.2200,-5.1100,-0.2100,-0.1101,-0.1747,-0.0072,0
46767,10.2687,0.9335,0.2082,-6.3700,-6.0200,-2.1700,-0.2178,-0.2059,-0.0742,0
46806,10.1945,0.8521,0.1556,7.4200,-6.5100,-5.8800,0.2537,-0.2226,-0.2011,0
46845,9.8929,0.5505,-0.4141,12.7400,-1.0500,-7.0000,0.4356,-0.0359,-0.2394,0
46884,9.8211,0.8210,-1.2662,5.8800,1.0500,-3.8500,0.2011,0.0359,-0.1317,0
46923,10.0509,0.6870,-0.6223,-11.0600,-0.4200,0.0000,-0.3782,-0.0144,0.0000,0
46962,9.9575,-0.1963,0.1484,-19.6700,1.3300,0.6300,-0.6726,0.0455,0.0215,0
47001,9.9863,-0.4883,0.7588,-5.3200,0.2100,3.0800,-0.1819,0.0072,0.1053,0
47040,10.5919,0.5529,0.5817,19.6700,3.2200,1.6100,0.6726,0.1101,0.0551,0
47079,10.4674,1.6157,0.2178,22.8900,11.1300,-6.2300,0.7827,0.3806,-0.2130,0
47118,9.1868,1.8958,0.3830,13.1600,15.8900,-6.6500,0.4500,0.5434,-0.2274,0
47157,9.5746,1.9652,0.9000,3.1500,7.8400,8.1900,0.1077,0.2681,0.2801,0
47196,10.0317,1.6540,1.1059,-28.0700,4.8300,12.6700,-0.9598,0.1652,0.4332,0
47235,10.4794,0.3447,0.3782,-45.7100,5.6000,10.9900,-1.5630,0.1915,0.3758,0
47274,9.4788,-1.5678,1.1346,-43.0500,-5.2500,6.5100,-1.4721,-0.1795,0.2226,0
47313,9.4214,-1.3380,-0.1029,-8.1200,-4.4100,-13.7200,-0.2777,-0.1508,-0.4692,0
47352,10.0317,-0.3734,0.6271,4.4800,-0.3500,-32.2700,0.1532,-0.0120,-1.1035,0
47391,10.1706,0.2657,0.4261,13.9300,11.7600,-23.9400,0.4763,0.4021,-0.8186,0
47430,10.5224,-0.2824,0.3806,19.5300,13.2300,-9.1700,0.6678,0.4524,-0.3136,0
47469,9.8833,0.9048,1.6133,3.3600,14.5600,-13.0900,0.1149,0.4979,-0.4476,0
47508,9.4621,1.0604,0.0287,-1.1200,14.2800,-16.8700,-0.0383,0.4883,-0.5769,0
47547,10.0389,1.0149,0.0790,-2.7300,10.2900,-11.5500,-0.0934,0.3519,-0.3950,0
47586,9.9025,1.6708,0.8593,-18.3400,15.3300,-8.5400,-0.6271,0.5242,-0.2920,0
47625,9.6344,1.6229,1.7785,-26.6000,23.1000,-11.5500,-0.9096,0.7899,-0.3950,0
47664,9.4549,2.5349,1.9245,-14.5600,20.4400,-9.6600,-0.4979,0.6989,-0.3303,0
47703,8.6171,2.8843,0.7731,-30.1700,17.5700,-9.1700,-1.0317,0.6008,-0.3136,0
47742,7.9660,1.7521,-0.8402,-46.0600,23.5200,-1.3300,-1.5750,0.8043,-0.0455,0
47781,9.2490,2.8269,0.5649,-63.5600,25.9000,19.1800,-2.1734,0.8856,0.6559,0
47820,8.5525,3.0926,0.9048,-72.5900,15.8200,10.1500,-2.4822,0.5410,0.3471,0
47859,8.0283,0.4189,-0.1053,-86.1000,12.8800,6.5800,-2.9442,0.4404,0.2250,0
47898,9.7661,-0.6918,2.0154,-72.0300,12.3200,17.0800,-2.4631,0.4213,0.5840,0
47937,8.2964,0.9072,0.7636,-55.5800,40.6000,7.5600,-1.9006,1.3883,0.2585,0
47976,6.8769,2.5660,-2.7192,-22.1900,56.3500,22.6800,-0.7588,1.9269,0.7755,0
48015,8.4017,1.4625,-0.9072,-61.4600,51.3100,44.3100,-2.1016,1.7545,1.5152,0
48054,7.1426,-1.0197,0.5888,-105.5600,54.9500,28.8400,-3.6096,1.8790,0.9862,0
48093,10.5512,-3.3846,-0.9790,-76.5800,47.5300,11.3400,-2.6186,1.6253,0.3878,0
48132,12.4733,0.3638,0.9790,-35.7700,88.6200,33.4600,-1.2232,3.0303,1.1442,0
48171,7.5902,-1.9053,-0.9886,-45.7800,117.2500,37.1700,-1.5654,4.0093,1.2710,0
48210,6.3982,-1.0556,0.2226,-69.0900,125.0200,11.6200,-2.3625,4.2750,0.3973,0
48249,8.0211,-2.3147,-4.7370,-57.4000,137.1300,1.7500,-1.9628,4.6891,0.0598,0
48288,8.1312,-0.4524,1.1777,-91.7000,148.5400,0.6300,-3.1357,5.0793,0.0215,0
48327,8.7320,1.6875,3.9471,-124.0400,189.1400,18.1300,-4.2415,6.4676,0.6200,0
48366,7.4107,-2.6210,2.2740,-207.1300,238.9800,98.0000,-7.0828,8.1719,3.3511,0
48405,-1.8096,-12.4015,19.4340,-187.2500,232.5400,90.3000,-6.4030,7.9517,3.0878,0
48444,-6.9751,-33.5469,28.3144,-127.4000,213.0100,56.2800,-4.3564,7.2838,1.9245,0
48483,-10.7020,-25.3247,11.0754,98.8400,119.9800,45.9200,3.3798,4.1027,1.5702,0
48522,-11.0466,-9.1796,6.2306,159.7400,83.3000,22.0500,5.4623,2.8484,0.7540,0
48561,-2.6474,-2.8006,5.8094,166.3900,-7.1400,-1.1200,5.6897,-0.2442,-0.0383,0
48600,1.3739,1.8934,3.9591,112.9800,31.5700,37.2400,3.8633,1.0795,1.2734,0
48639,-0.5817,2.5325,5.4719,77.7700,57.6800,37.4500,2.6593,1.9724,1.2806,0
48678,-4.2032,2.0059,6.5442,20.5800,43.3300,11.6200,0.7037,1.4817,0.3973,0
48717,-9.5291,-0.5170,8.2844,-32.2700,34.2300,2.9400,-1.1035,1.1705,0.1005,0
48756,-9.9934,-3.7676,9.2012,-35.9100,3.4300,4.4100,-1.2279,0.1173,0.1508,0
48795,-6.2737,-6.0128,10.8982,-35.0000,-7.0700,-7.2800,-1.1968,-0.2418,-0.2489,0
48834,-4.5838,-4.4474,9.7876,-2.6600,-3.0800,-13.1600,-0.0910,-0.1053,-0.4500,0
48873,-5.2038,-1.7545,8.9091,6.3000,4.5500,-22.1900,0.2154,0.1556,-0.7588,0
48912,-4.6461,-0.7971,8.2461,-14.5600,-11.1300,-30.4500,-0.4979,-0.3806,-1.0412,0
48951,-2.3170,0.2729,7.8200,-36.4000,-23.1000,-29.5400,-1.2447,-0.7899,-1.0101,0
48990,0.2753,-1.5247,7.8990,-50.4700,-37.9400,-30.4500,-1.7258,-1.2974,-1.0412,0
49029,0.8904,-2.4822,8.9905,-44.9400,-28.7700,-35.2800,-1.5367,-0.9838,-1.2064,1
49068,-0.2130,-3.3056,10.7091,-41.0900,-37.1000,-39.0600,-1.4051,-1.2686,-1.3357,0
49107,-0.0910,-2.8891,9.6129,-47.4600,-39.8300,-36.0500,-1.6229,-1.3620,-1.2327,0
49146,1.6875,-3.4947,7.1857,-45.2900,-38.1500,-31.5000,-1.5487,-1.3045,-1.0771,0
49185,1.7450,-4.7322,8.4783,-63.9100,-41.1600,-32.6900,-2.1854,-1.4075,-1.1178,0
49224,1.7043,-6.2689,7.4873,-62.5800,-37.7300,-38.8500,-2.1399,-1.2902,-1.3285,0
49263,1.4410,-6.8865,7.2910,-46.9000,-31.2200,-39.6200,-1.6037,-1.0676,-1.3548,0
49302,1.0053,-6.6878,7.2360,-41.5100,-23.5200,-35.0000,-1.4194,-0.8043,-1.1968,0
49341,1.1250,-6.4509,6.9775,-35.9100,-17.5700,-37.9400,-1.2279,-0.6008,-1.2974,0
49380,0.7827,-7.0732,7.1690,-43.5400,-27.7900,-36.2600,-1.4888,-0.9503,-1.2399,0
49419,1.0364,-7.6812,6.6759,-36.0500,-37.6600,-30.8700,-1.2327,-1.2878,-1.0556,0
49458,1.6492,-7.8272,6.7381,-24.2200,-38.1500,-31.0100,-0.8282,-1.3045,-1.0604,0
49497,2.7599,-6.8745,6.1852,-12.8100,-29.1200,-39.2700,-0.4380,-0.9958,-1.3428,0
49536,3.1237,-6.1229,6.1756,-5.7400,-23.0300,-44.3100,-0.1963,-0.7875,-1.5152,0
49575,4.0022,-5.4743,6.0894,-12.8100,-28.0000,-43.7500,-0.4380,-0.9575,-1.4960,0
49614,5.1176,-6.6878,5.7663,-14.0000,-24.0100,-38.2200,-0.4787,-0.8210,-1.3069,0
49653,5.1966,-6.9511,5.6466,-21.2800,-11.5500,-40.6700,-0.7277,-0.3950,-1.3907,0
49692,5.2684,-7.6261,6.0870,-18.6900,-2.9400,-45.9200,-0.6391,-0.1005,-1.5702,0
49731,5.8692,-7.2862,5.8740,-16.3800,-2.4500,-44.7300,-0.5601,-0.0838,-1.5295,0
49770,5.8548,-7.6381,5.8644,-11.1300,-7.4200,-50.1900,-0.3806,-0.2537,-1.7162,0
49809,5.1176,-6.7549,5.6394,-10.2200,-2.4500,-44.5200,-0.3495,-0.0838,-1.5224,0
49848,5.4766,-6.9487,5.5341,-7.2100,-13.9300,-31.2900,-0.2465,-0.4763,-1.0700,0
49887,6.5825,-7.6644,5.9267,-7.4200,-23.1700,-26.7400,-0.2537,-0.7923,-0.9144,0
49926,6.4939,-7.6405,4.8758,1.5400,-15.0500,-17.5700,0.0527,-0.5146,-0.6008,0
49965,5.7591,-7.2384,5.3235,5.7400,-7.9800,-21.4900,0.1963,-0.2729,-0.7348,0
50004,5.5724,-6.4916,5.7136,-1.6800,-14.0700,-34.3700,-0.0574,-0.4811,-1.1753,0
50043,6.4054,-6.6783,6.1014,-1.0500,-43.4000,-42.0000,-0.0359,-1.4841,-1.4362,0
50082,8.0905,-7.1881,6.4006,-1.2600,-52.3600,-33.6700,-0.0431,-1.7904,-1.1513,0
50121,6.7525,-7.1354,6.1780,21.5600,-31.3600,-33.8100,0.7372,-1.0724,-1.1561,0
50160,5.4958,-5.6274,5.9482,30.4500,-31.5000,-18.4100,1.0412,-1.0771,-0.6295,0
50199,5.3641,-4.3708,7.5687,29.3300,-43.1900,-11.9000,1.0029,-1.4769,-0.4069,0
50238,4.5886,-4.6317,5.8165,28.1400,-53.5500,-12.1100,0.9622,-1.8311,-0.4141,0
50277,5.7184,-4.6604,6.9416,18.3400,-71.8900,-13.5800,0.6271,-2.4583,-0.4644,0
50316,6.5681,-5.3977,5.7567,25.6900,-73.4300,-3.0800,0.8785,-2.5109,-0.1053,0
50355,7.9995,-5.2899,3.3224,42.5600,-66.2900,6.9300,1.4553,-2.2668,0.2370,0
50394,8.4543,-2.7910,1.7282,51.3800,-47.7400,15.4000,1.7569,-1.6325,0.5266,0
50433,8.4878,-1.8096,0.7899,33.3900,-33.0400,22.5400,1.1418,-1.1298,0.7708,0
50472,7.8751,-2.2093,0.0934,10.1500,-19.1100,22.4000,0.3471,-0.6535,0.7660,0
50511,8.0570,-3.6958,1.1825,-14.0700,-23.4500,29.8200,-0.4811,-0.8019,1.0197,0
50550,8.0426,-3.9328,0.5577,-12.6000,-5.6000,35.2100,-0.4309,-0.1915,1.2040,0
50589,7.7027,-4.7179,-0.2657,-18.6900,-19.2500,15.2600,-0.6391,-0.6583,0.5218,0
50628,7.2647,-4.0835,3.1093,-40.9500,-38.5700,7.0000,-1.4003,-1.3189,0.2394,0
50667,6.4102,-6.6950,-0.4955,-7.3500,-27.6500,-5.5300,-0.2513,-0.9455,-0.1891,0
50706,9.2801,-5.9578,2.3027,-23.4500,-81.7600,-11.8300,-0.8019,-2.7958,-0.4045,0
50745,10.1730,-5.1415,2.2381,-23.8700,-44.5200,-13.4400,-0.8162,-1.5224,-0.4596,0
50784,9.6368,-5.4096,-0.3327,-2.3800,-41.6500,-18.9700,-0.0814,-1.4242,-0.6487,0
50823,8.9785,-6.1469,2.6665,-31.2900,3.3600,-20.7900,-1.0700,0.1149,-0.7109,0
50862,7.7386,-5.2349,-1.5654,-7.5600,-6.3700,-21.0700,-0.2585,-0.2178,-0.7205,0
50901,9.3520,-4.9548,2.1495,-16.3800,-15.1200,-18.6200,-0.5601,-0.5170,-0.6367,0
50940,10.5272,-5.4862,4.1290,-26.6700,36.3300,-5.8100,-0.9120,1.2423,-0.1987,0
50979,15.5754,-5.5700,2.4702,-11.9700,53.4100,-12.3900,-0.4093,1.8263,-0.4237,0
51018,9.4621,-5.1415,-0.9646,12.7400,46.4100,-70.2800,0.4356,1.5870,-2.4032,0
51057,8.1168,-3.4181,4.6293,26.3900,21.3500,-56.1400,0.9024,0.7301,-1.9197,0
51096,9.6272,-2.6857,2.5995,27.1600,-12.6700,-23.5200,0.9287,-0.4332,-0.8043,0
51135,10.6900,-4.2176,1.8359,17.9200,-23.7300,-43.7500,0.6128,-0.8114,-1.4960,0
51174,10.5655,-3.3296,1.0604,31.5000,-11.9700,-57.3300,1.0771,-0.4093,-1.9604,0
51213,11.0945,-2.6019,0.6535,44.1000,2.1700,-60.6200,1.5080,0.0742,-2.0729,0
51252,10.7259,-1.5942,0.0838,25.4800,-0.6300,-70.1400,0.8713,-0.0215,-2.3984,0
51291,8.8852,-0.6032,-0.0263,-4.4100,-16.3100,-84.5600,-0.1508,-0.5577,-2.8915,0
51330,9.2299,-0.3662,1.3476,-32.1300,-16.6600,-72.2400,-1.0987,-0.5697,-2.4702,0
51369,8.6985,-0.1915,2.1208,-36.5400,-19.5300,-60.6900,-1.2495,-0.6678,-2.0753,0
51408,9.5099,0.5649,1.9388,-24.6400,-15.4700,-57.4700,-0.8426,-0.5290,-1.9652,0
51447,9.1461,1.0604,1.7138,-23.4500,-10.2200,-47.6000,-0.8019,-0.3495,-1.6277,0
51486,9.1988,1.1394,1.3572,-27.1600,-1.3300,-30.5900,-0.9287,-0.0455,-1.0460,0
51525,8.7583,0.7827,1.6612,-31.7100,-2.0300,-22.4000,-1.0843,-0.0694,-0.7660,0
51564,8.6243,0.9263,1.7426,-24.0800,-8.0500,-16.8700,-0.8234,-0.2753,-0.5769,0
51603,8.9402,0.9000,0.5457,-15.8200,-14.0700,-15.6800,-0.5410,-0.4811,-0.5362,0
51642,9.1437,0.1580,0.2513,-21.4200,1.9600,-6.6500,-0.7325,0.0670,-0.2274,0
51681,8.2150,0.1340,0.3279,-1.8900,-5.2500,-7.2100,-0.0646,-0.1795,-0.2465,0
51720,8.3227,0.6702,-0.3327,-11.4100,-3.6400,6.7900,-0.3902,-0.1245,0.2322,0
51759,7.9493,0.4620,-0.5864,-26.5300,-11.4100,7.4900,-0.9072,-0.3902,0.2561,0
51798,7.3724,0.9263,-0.4045,-39.8300,-18.4800,16.5200,-1.3620,-0.6319,0.5649,0
51837,7.5687,0.3543,-0.4237,-67.2700,12.2500,39.6200,-2.3003,0.4189,1.3548,0
51876,7.2360,0.6128,1.0508,-70.1400,-0.8400,49.0000,-2.3984,-0.0287,1.6755,0
51915,7.1761,-0.3926,2.6474,-67.8300,-21.9100,35.2800,-2.3194,-0.7492,1.2064,0
51954,12.6815,-0.0862,3.1141,-37.2400,-31.7800,59.2900,-1.2734,-1.0867,2.0274,0
51993,13.7754,-2.7383,1.3787,-9.9400,-47.1100,54.4600,-0.3399,-1.6109,1.8623,0
52032,12.2913,-2.6809,1.9700,-8.8900,-38.2900,42.2800,-0.3040,-1.3093,1.4458,0
52071,12.0783,-3.1381,1.9604,-16.2400,-13.0200,32.0600,-0.5553,-0.4452,1.0963,0
52110,9.4716,-2.5899,1.7952,-5.8100,13.0200,8.1200,-0.1987,0.4452,0.2777,0
52149,7.8320,-1.3883,0.7731,10.9200,7.1400,1.7500,0.3734,0.2442,0.0598,0
52188,7.3413,-0.9455,0.3806,5.7400,-2.3800,-7.9800,0.1963,-0.0814,-0.2729,0
52227,7.3963,-0.7971,0.3973,-5.6000,-11.0600,-12.0400,-0.1915,-0.3782,-0.4117,0
52266,8.5309,-1.2662,0.1293,-23.5900,-16.5200,-1.9600,-0.8067,-0.5649,-0.0670,0
52305,9.7852,-2.4008,0.6774,-33.6000,-16.5900,-2.4500,-1.1489,-0.5673,-0.0838,0
52344,10.5105,-2.1806,0.7660,-43.4000,-22.4000,-15.6100,-1.4841,-0.7660,-0.5338,0
52383,10.5655,-2.3841,0.3375,-41.2300,-20.5100,-23.8000,-1.4099,-0.7013,-0.8138,0
52422,9.7230,-2.5923,-0.4309,-39.6200,-13.6500,-25.6200,-1.3548,-0.4668,-0.8761,0
52461,9.2323,-3.1022,-0.1388,-40.1100,-10.2900,-19.3200,-1.3716,-0.3519,-0.6606,0
52500,8.8948,-4.0022,-0.0024,-49.0700,-11.9700,-16.5200,-1.6779,-0.4093,-0.5649,0
52539,13.6294,-2.3506,3.5761,-62.3000,-11.5500,-0.4200,-2.1303,-0.3950,-0.0144,0
52578,12.5211,-3.3679,-2.8508,-35.9800,-17.5000,17.2200,-1.2303,-0.5984,0.5888,0
52617,9.4118,-1.9221,-0.0838,-60.0600,5.4600,-18.3400,-2.0537,0.1867,-0.6271,0
52656,10.0653,-0.5242,0.4500,-39.0600,-4.3400,-25.9700,-1.3357,-0.1484,-0.8880,0
52695,9.6248,1.8144,-0.6559,-9.5900,11.6900,-22.8200,-0.3279,0.3997,-0.7803,0
52734,9.1102,3.0327,-0.5386,-22.3300,15.6800,-14.8400,-0.7636,0.5362,-0.5075,0
52773,9.1652,2.5660,-0.5625,-41.7200,9.3800,-13.9300,-1.4266,0.3207,-0.4763,0
52812,9.1509,2.4343,-0.8593,-52.5700,2.6600,-8.8900,-1.7976,0.0910,-0.3040,0
52851,9.4190,2.2189,-1.2040,-66.4300,-0.4200,-1.8900,-2.2716,-0.0144,-0.0646,0
52890,10.2759,1.5224,-2.2213,-69.0900,-12.9500,0.8400,-2.3625,-0.4428,0.0287,0
52929,10.4578,0.2274,-1.6636,-81.6200,-5.6700,-0.7000,-2.7910,-0.1939,-0.0239,0
52968,10.6493,0.0431,-0.8976,-79.8000,7.7000,-6.4400,-2.7287,0.2633,-0.2202,0
53007,10.2065,0.3112,-1.1083,-79.3100,19.1800,-11.4100,-2.7120,0.6559,-0.3902,0
53046,9.4692,-0.4787,-1.1561,-85.7500,25.6900,-6.2300,-2.9322,0.8785,-0.2130,0
53085,8.9187,-0.2059,0.5457,-95.5500,42.9100,7.9800,-3.2673,1.4673,0.2729,0
53124,8.1623,-0.7684,1.1178,-90.1600,43.9600,25.2700,-3.0830,1.5032,0.8641,0
53163,8.8325,-1.0101,2.3793,-56.4200,17.3600,40.5300,-1.9293,0.5936,1.3859,0
53202,12.4613,-0.2489,0.4309,-31.2200,-16.5200,51.5900,-1.0676,-0.5649,1.7641,0
53241,12.8993,-0.3878,-1.7378,-2.0300,-22.6100,42.4200,-0.0694,-0.7731,1.4505,0
53280,9.5650,-0.6415,1.2902,-24.8500,-13.7900,29.9600,-0.8497,-0.4715,1.0245,0
53319,8.3969,-1.5008,2.4654,-33.2500,-34.5800,27.1600,-1.1370,-1.1825,0.9287,0
53358,9.9001,-3.1069,0.5960,-15.8900,-35.6300,21.9800,-0.5434,-1.2184,0.7516,0
53397,9.5698,-3.9519,0.5457,-11.8300,-11.2000,11.2700,-0.4045,-0.3830,0.3854,0
53436,8.7296,-4.3038,0.8473,7.0000,-1.3300,-13.2300,0.2394,-0.0455,-0.4524,0
53475,9.3950,-4.0668,0.6056,53.0600,-14.1400,-19.8800,1.8144,-0.4835,-0.6798,0
53514,8.9785,-3.0782,-0.0910,63.7700,-17.2200,-33.8100,2.1806,-0.5888,-1.1561,0
53553,8.6769,-2.0777,1.0987,83.1600,-10.4300,-29.3300,2.8436,-0.3567,-1.0029,0
53592,9.1844,-1.3596,2.5803,101.9200,-5.6000,-22.1200,3.4851,-0.1915,-0.7564,0
53631,11.4655,-0.8186,-1.1130,101.2900,-6.9300,-5.7400,3.4636,-0.2370,-0.1963,0
53670,14.5079,1.7162,0.6942,91.7700,3.2900,12.1800,3.1381,0.1125,0.4165,0
53709,10.0485,0.6726,-1.3452,120.6100,11.0600,-30.3100,4.1242,0.3782,-1.0364,0
53748,10.4817,-2.9873,0.1819,117.2500,5.4600,-33.4600,4.0093,0.1867,-1.1442,0
53787,9.4094,-1.5798,-2.8030,149.1000,-0.4900,-53.9700,5.0985,-0.0168,-1.8455,0
53826,8.5070,0.3638,-3.1524,176.7500,-5.8100,-36.8900,6.0439,-0.1987,-1.2614,0
53865,9.5243,1.1466,-2.4750,151.0600,-11.7600,-24.2200,5.1655,-0.4021,-0.8282,0
53904,9.6655,0.5338,-1.4242,117.1800,-9.6600,-21.5600,4.0070,-0.3303,-0.7372,0
53943,9.4285,-0.7755,-1.4290,111.0900,2.6600,-13.6500,3.7987,0.0910,-0.4668,0
53982,10.1012,-0.7037,-1.4075,117.9500,16.5900,-2.5200,4.0333,0.5673,-0.0862,0
54021,10.3549,-0.2178,-1.9077,116.2000,25.3400,-3.3600,3.9734,0.8665,-0.1149,0
54060,10.1059,-0.1245,-2.0346,112.5600,27.8600,-10.1500,3.8490,0.9527,-0.3471,0
54099,10.4052,-0.3519,-2.0992,135.5200,21.9800,-7.9100,4.6341,0.7516,-0.2705,0
54138,10.1969,-0.0598,-1.9053,154.6300,36.8200,-6.7200,5.2876,1.2591,-0.2298,0
54177,9.5243,1.4745,-2.0633,161.0700,36.8900,-2.5900,5.5078,1.2614,-0.0886,0
54216,9.7637,2.4798,-1.7617,161.6300,25.6900,7.8400,5.5269,0.8785,0.2681,0
54255,9.9073,1.9843,-0.9766,141.4700,10.0800,9.4500,4.8375,0.3447,0.3231,0
54294,9.3639,1.0963,-0.2848,118.3700,5.6000,10.2900,4.0476,0.1915,0.3519,0
54333,9.8020,0.5673,0.8282,96.0400,9.2400,14.5600,3.2841,0.3160,0.4979,0
54372,9.5530,0.4739,-0.0574,71.2600,4.2000,12.3200,2.4367,0.1436,0.4213,0
54411,9.8355,-0.8186,0.5051,30.4500,0.9100,22.9600,1.0412,0.0311,0.7851,0
54450,11.1232,-2.2021,1.3931,14.9800,-0.7700,28.3500,0.5122,-0.0263,0.9694,0
54489,11.2381,-3.8011,1.2710,50.9600,-3.2900,7.9100,1.7426,-0.1125,0.2705,0
54528,9.9073,-3.1931,0.4285,85.8900,-1.5400,-2.6600,2.9370,-0.0527,-0.0910,0
54567,9.2203,-1.4960,0.2633,111.8600,-2.0300,7.9800,3.8250,-0.0694,0.2729,0
54606,9.2562,-1.2208,-0.9766,135.5200,0.8400,10.4300,4.6341,0.0287,0.3567,0
54645,9.9073,-1.0029,-1.0532,135.3800,-5.2500,9.1000,4.6293,-0.1795,0.3112,0
54684,9.4190,-0.1460,-1.1513,110.6700,-20.3700,0.2800,3.7843,-0.6965,0.0096,0
54723,8.8708,-0.0981,-1.0484,139.3000,-32.7600,-13.5100,4.7633,-1.1202,-0.4620,0
54762,8.7511,-0.2609,-0.9766,136.5000,-28.3500,-18.8300,4.6676,-0.9694,-0.6439,0
54801,11.3291,0.8761,-0.6104,116.8300,-16.8000,-8.4000,3.9950,-0.5745,-0.2872,0
54840,12.9520,2.0968,-0.8473,109.5500,-7.8400,4.0600,3.7460,-0.2681,0.1388,0
54879,10.6302,1.6133,0.3184,112.3500,-16.6600,-17.4300,3.8418,-0.5697,-0.5960,0
54918,10.3262,-0.0527,0.3016,109.8300,-1.2600,-32.0600,3.7556,-0.0431,-1.0963,0
54957,8.9570,0.6176,-0.4596,103.5300,-3.0800,-35.8400,3.5402,-0.1053,-1.2255,0
54996,9.1796,1.0628,-1.6827,106.6800,-0.9100,-19.9500,3.6479,-0.0311,-0.6822,0
55035,9.5650,1.7545,-1.9484,87.8500,13.2300,-7.8400,3.0040,0.4524,-0.2681,0
55074,9.9049,1.0149,-1.9771,67.0600,22.8200,-4.4800,2.2931,0.7803,-0.1532,0
55113,10.0485,0.3255,-1.0077,32.9700,33.1800,-3.0100,1.1274,1.1346,-0.1029,0
55152,10.2783,-0.0120,-0.8450,33.5300,35.7000,-8.2600,1.1466,1.2208,-0.2824,0
55191,9.8091,0.1963,-0.4620,45.7800,46.1300,-11.3400,1.5654,1.5774,-0.3878,0
55230,9.7301,0.6870,0.5649,44.3800,46.4800,-6.0200,1.5176,1.5894,-0.2059,0
55269,10.1251,2.7383,1.3285,39.3400,36.2600,3.4300,1.3452,1.2399,0.1173,0
55308,10.3740,3.0399,0.7947,38.5700,17.2900,4.9000,1.3189,0.5912,0.1676,0
55347,9.5410,2.2165,-0.0910,27.9300,-5.3200,9.8700,0.9551,-0.1819,0.3375,0
55386,9.1269,1.4553,-0.5888,16.1700,-13.7900,21.1400,0.5529,-0.4715,0.7229,0
55425,11.2022,0.4404,0.2801,-1.9600,-3.1500,35.0700,-0.0670,-0.1077,1.1992,0
55464,11.0179,-0.3088,0.9455,-3.4300,5.3200,26.6000,-0.1173,0.1819,0.9096,0
55503,9.9575,-0.0503,0.6965,16.8700,8.9600,14.6300,0.5769,0.3064,0.5003,0
55542,9.6248,-0.0503,0.4883,24.7100,8.1900,18.8300,0.8450,0.2801,0.6439,0
55581,8.9738,-0.0168,0.8545,18.7600,11.4800,20.7200,0.6415,0.3926,0.7085,0
55620,8.7105,0.0120,1.1681,8.1900,6.5800,25.1300,0.2801,0.2250,0.8593,0
55659,9.0671,-0.5817,1.1130,3.2200,-18.2700,23.0300,0.1101,-0.6247,0.7875,0
55698,10.7714,-1.4793,1.1705,6.0900,-16.3800,10.0100,0.2082,-0.5601,0.3423,0
55737,9.8714,-0.9263,1.1370,8.8900,-15.8900,-12.0400,0.3040,-0.5434,-0.4117,0
55776,10.0006,-0.8880,0.8880,16.3800,-11.1300,-17.1500,0.5601,-0.3806,-0.5864,0
55815,9.4333,-0.4285,0.8569,21.5600,-7.4900,-19.1800,0.7372,-0.2561,-0.6559,0
55854,9.4621,-0.9455,0.9359,3.3600,-5.6700,-17.6400,0.1149,-0.1939,-0.6032,0
55893,9.4070,-1.0724,1.2830,27.1600,-2.9400,-16.3100,0.9287,-0.1005,-0.5577,0
55932,9.2418,-1.1250,0.6918,44.0300,-7.0700,-10.2900,1.5056,-0.2418,-0.3519,0
55971,10.6708,0.0574,0.6846,51.0300,-28.9800,-7.5600,1.7450,-0.9910,-0.2585,0
56010,12.0185,0.8521,0.2154,40.8800,-14.2800,-2.3800,1.3979,-0.4883,-0.0814,0
56049,10.6661,0.4596,-0.1029,53.8300,-16.0300,-15.1200,1.8407,-0.5481,-0.5170,0
56088,9.1461,0.1436,1.1466,27.5100,-12.9500,-16.2400,0.9407,-0.4428,-0.5553,0
56127,9.5243,0.9742,-0.2154,31.6400,-3.6400,-3.1500,1.0819,-0.1245,-0.1077,0
56166,10.4482,1.4505,-0.5003,30.5900,-0.1400,1.7500,1.0460,-0.0048,0.0598,0
56205,10.3908,1.1872,-0.6247,25.9700,10.0800,-9.4500,0.8880,0.3447,-0.3231,0
56244,9.4405,0.8234,-0.0862,17.5000,-1.3300,-12.1100,0.5984,-0.0455,-0.4141,0
56283,9.7804,1.0317,0.0383,16.8700,-2.2400,-3.8500,0.5769,-0.0766,-0.1317,0
56322,10.1921,1.0460,-0.5912,17.3600,4.2700,-0.7000,0.5936,0.1460,-0.0239,0
56361,10.1059,0.6870,-0.3758,8.4700,6.3000,-1.5400,0.2896,0.2154,-0.0527,0
56400,9.9312,1.1633,-0.4117,6.8600,9.3800,-1.6800,0.2346,0.3207,-0.0574,0
56439,9.8187,1.0341,-0.1077,8.1900,10.9200,-4.3400,0.2801,0.3734,-0.1484,0
56478,10.1442,2.0059,0.0120,6.4400,3.3600,-5.8100,0.2202,0.1149,-0.1987,0
56517,9.9169,1.9053,-0.7396,23.2400,-2.6600,-6.0200,0.7947,-0.0910,-0.2059,0
56556,9.6272,1.3620,-0.2394,-5.4600,-9.7300,-1.4000,-0.1867,-0.3327,-0.0479,0
56595,10.6972,2.2740,-0.1652,-12.1800,5.3900,11.4100,-0.4165,0.1843,0.3902,0
56634,10.4746,2.1615,0.0766,-17.5000,8.6800,17.0100,-0.5984,0.2968,0.5817,0
56673,9.7756,2.0346,0.0311,-5.5300,-3.0800,15.1900,-0.1891,-0.1053,0.5194,0
56712,9.2418,2.1016,0.7947,-30.5200,3.9900,9.8000,-1.0436,0.1364,0.3351,0
56751,9.8067,2.7670,0.2322,-61.3900,25.6900,12.5300,-2.0992,0.8785,0.4285,0
56790,11.4392,2.8053,0.4835,-78.8900,34.8600,23.9400,-2.6976,1.1920,0.8186,0
56829,10.5296,2.5875,1.0077,-65.7300,34.7200,12.7400,-2.2476,1.1872,0.4356,0
56868,10.0341,2.2716,1.1585,-59.0800,28.4200,-1.0500,-2.0202,0.9718,-0.0359,0
56907,9.7996,1.5439,0.6295,-50.6800,17.3600,-8.5400,-1.7330,0.5936,-0.2920,0
56946,8.8876,-0.7564,-0.7372,-80.1500,4.1300,-19.6700,-2.7407,0.1412,-0.6726,0
56985,9.6464,-1.7785,1.1178,-99.6800,11.8300,-7.8400,-3.4085,0.4045,-0.2681,0
57024,9.6176,-1.3763,2.0346,-73.2900,7.6300,-7.3500,-2.5061,0.2609,-0.2513,0
57063,8.9115,-0.0144,1.5750,-61.3200,3.9200,-6.7200,-2.0968,0.1340,-0.2298,0
57102,8.8254,0.2801,1.7402,-64.2600,-9.0300,-6.9300,-2.1974,-0.3088,-0.2370,0
57141,8.8134,-0.2442,1.4146,-72.0300,-15.6100,-9.6600,-2.4631,-0.5338,-0.3303,0
57180,8.8852,-0.2585,1.5104,-75.2500,-25.6200,-13.0900,-2.5732,-0.8761,-0.4476,0
57219,9.3520,-0.3782,1.1035,-80.2900,-20.1600,-13.3000,-2.7455,-0.6894,-0.4548,0
57258,9.4836,-0.5218,1.8096,-82.2500,-18.8300,-17.9200,-2.8125,-0.6439,-0.6128,0
57297,9.4740,-0.5003,2.2069,-83.5800,-23.5900,-27.0900,-2.8580,-0.8067,-0.9263,0
57336,9.5458,0.8043,2.8341,-95.6200,-25.1300,-28.2100,-3.2697,-0.8593,-0.9646,0
57375,9.4262,1.4458,2.0250,-118.8600,-26.1800,-17.0800,-4.0644,-0.8952,-0.5840,0
57414,11.8006,-0.9766,0.6056,-134.9600,-13.7200,-13.4400,-4.6149,-0.4692,-0.4596,0
57453,10.0748,-2.7383,0.2944,-149.5900,-1.3300,26.8100,-5.1152,-0.0455,0.9168,0
57492,7.7362,-2.3242,1.7378,-134.3300,-2.7300,0.2800,-4.5934,-0.0934,0.0096,0
57531,10.1706,-1.2519,-2.3290,-54.1800,1.8900,-9.9400,-1.8527,0.0646,-0.3399,0
57570,11.5780,2.5660,-2.8628,-49.0700,-13.5800,-18.4800,-1.6779,-0.4644,-0.6319,0
57609,10.1012,2.8245,-2.4990,-91.9100,-32.2700,-35.9100,-3.1428,-1.1035,-1.2279,0
57648,9.1629,2.1902,-1.3333,-141.4000,-38.6400,-41.1600,-4.8352,-1.3213,-1.4075,0
57687,9.9049,1.2495,-1.2782,-142.8000,-32.2700,-41.4400,-4.8830,-1.1035,-1.4170,0
57726,10.0892,-0.0503,-0.7588,-125.0900,-14.2100,-41.5800,-4.2774,-0.4859,-1.4218,0
57765,9.7158,-0.1029,-0.8091,-110.8800,8.1200,-30.9400,-3.7915,0.2777,-1.0580,0
57804,9.5746,-0.4189,-0.9646,-112.0700,23.8000,-19.6000,-3.8322,0.8138,-0.6702,0
57843,9.4956,-0.9575,-0.5434,-92.0500,15.4000,-10.7100,-3.1476,0.5266,-0.3662,0
57882,9.8929,-2.2835,-0.2848,-80.5700,35.5600,5.3200,-2.7551,1.2160,0.1819,0
57921,11.2501,0.0168,0.3207,-71.0500,46.2000,7.1400,-2.4295,1.5798,0.2442,0
57960,11.5421,1.3811,0.1221,-66.9200,54.3200,3.3600,-2.2883,1.8575,0.1149,0
57999,11.0993,-0.2968,-1.1322,-61.0400,41.4400,-4.4100,-2.0873,1.4170,-0.1508,0
58038,9.5075,-1.2830,1.3955,-52.4300,7.2800,11.2000,-1.7928,0.2489,0.3830,0
58077,10.4578,-0.2370,1.0412,-16.9400,-41.7200,40.9500,-0.5793,-1.4266,1.4003,0
58116,8.2844,1.6420,-0.2250,6.1600,-67.6200,40.8800,0.2106,-2.3123,1.3979,0
58155,6.0463,2.3338,2.8460,-13.4400,-88.5500,38.5000,-0.4596,-3.0280,1.3165,0
58194,9.6105,0.7037,2.0298,19.1100,-107.3800,62.0900,0.6535,-3.6718,2.1232,0
58233,15.2451,-2.7647,2.0513,39.7600,-84.4900,63.6300,1.3596,-2.8891,2.1758,0
58272,11.5421,-1.8814,1.0436,4.8300,-24.0100,10.2900,0.1652,-0.8210,0.3519,0
58311,9.5626,-1.2926,-0.0096,19.0400,-29.0500,31.9900,0.6511,-0.9934,1.0939,0
58350,9.2012,-1.8982,-0.3902,65.2400,-16.6600,5.6000,2.2309,-0.5697,0.1915,0
58389,7.6740,-2.1567,-0.9024,73.3600,-8.1200,-5.9500,2.5085,-0.2777,-0.2035,0
58428,7.1905,-1.8838,-1.3931,80.6400,-4.4100,-19.1100,2.7575,-0.1508,-0.6535,0
58467,7.6046,-1.1537,-2.2357,94.8500,-23.8000,-44.7300,3.2434,-0.8138,-1.5295,0
58506,10.0437,0.1484,-0.5577,55.8600,-24.3600,-45.6400,1.9101,-0.8330,-1.5607,0
58545,11.1472,0.1963,-2.8460,51.5200,-21.6300,5.7400,1.7617,-0.7396,0.1963,0
58584,8.6171,-3.8609,-2.2859,64.1200,-10.2900,26.3200,2.1926,-0.3519,0.9000,0
58623,16.9661,-0.4237,-1.5104,24.2900,-55.5800,43.8900,0.8306,-1.9006,1.5008,0
58662,14.0148,-1.0005,1.8479,23.4500,-28.2800,30.4500,0.8019,-0.9670,1.0412,0
58701,10.8623,1.4841,1.0652,37.5200,37.5900,17.5000,1.2830,1.2854,0.5984,0
58740,9.7948,1.3117,0.6152,65.3800,58.8700,1.1200,2.2357,2.0131,0.0383,0
58779,8.8972,1.7904,-1.1825,87.3600,27.0200,-34.7900,2.9873,0.9239,-1.1896,0
58818,9.6344,2.7575,-1.1370,68.1100,21.2100,-55.5800,2.3290,0.7253,-1.9006,0
58857,7.9277,2.2141,-1.4146,9.9400,41.2300,-52.6400,0.3399,1.4099,-1.8000,0
58896,7.8104,0.3710,-1.5271,-48.3700,63.7700,-9.8700,-1.6540,2.1806,-0.3375,0
58935,9.2227,-1.0580,-0.7181,-28.2100,32.6200,6.3700,-0.9646,1.1154,0.2178,0
58974,10.4913,-2.4080,-0.2035,26.1100,-7.7000,-11.4800,0.8928,-0.2633,-0.3926,0
59013,9.7924,-4.3397,3.2506,31.8500,34.7200,-2.7300,1.0891,1.1872,-0.0934,0
59052,8.8349,-2.6258,1.2614,66.7800,28.7000,35.7000,2.2835,0.9814,1.2208,0
59091,10.0581,-0.5745,-1.1825,139.1600,-34.5800,74.4100,4.7586,-1.1825,2.5444,0
59130,12.1238,2.9561,-1.5726,141.9600,-85.6800,59.2200,4.8543,-2.9298,2.0250,0
59169,12.6145,1.6229,-0.0694,96.6000,-72.4500,12.4600,3.3032,-2.4774,0.4261,0
59208,11.6905,0.4213,4.1961,106.1200,-69.6500,-14.1400,3.6288,-2.3817,-0.4835,0
59247,10.8528,-1.7737,0.5769,145.5300,-43.9600,-42.2100,4.9764,-1.5032,-1.4434,0
59286,8.9690,-2.3218,-0.0359,149.1700,1.1200,-29.0500,5.1008,0.0383,-0.9934,0
59325,8.1743,-3.5282,-1.4099,177.0300,15.1900,-20.7900,6.0535,0.5194,-0.7109,0
59364,6.9200,-1.9652,-2.6665,209.5100,-3.5700,-35.7700,7.1642,-0.1221,-1.2232,0
59403,7.4658,-0.4859,-2.6354,192.6400,-15.0500,-42.7000,6.5873,-0.5146,-1.4601,0
59442,9.0336,0.1436,-2.8724,177.8700,-16.8700,-40.9500,6.0822,-0.5769,-1.4003,0
59481,10.0030,0.6606,-1.4912,163.8700,-28.7700,-44.5200,5.6035,-0.9838,-1.5224,0
59520,12.6648,3.6192,-0.2226,171.1500,-40.2500,-17.9200,5.8525,-1.3763,-0.6128,0
59559,15.4055,2.4224,-1.1944,212.5200,15.0500,6.1600,7.2671,0.5146,0.2106,0
59598,12.3201,2.4272,-1.6085,164.2900,56.9100,-17.9900,5.6179,1.9460,-0.6152,0
59637,8.0402,-0.3973,-4.7059,186.7600,47.3900,-79.3100,6.3862,1.6205,-2.7120,0
59676,8.5070,-0.9503,-2.8245,107.8000,-9.8700,-14.9800,3.6862,-0.3375,-0.5122,0
59715,10.7068,0.5242,-3.0543,113.5400,34.8600,-3.5700,3.8825,1.1920,-0.1221,0
59754,9.1509,2.4846,-2.7383,84.6300,103.3200,-12.6700,2.8939,3.5330,-0.4332,0
59793,8.9857,3.5593,-3.2362,73.7800,60.2000,-8.1900,2.5229,2.0585,-0.2801,0
59832,9.4908,2.8580,-2.5756,71.1200,-13.2300,-7.1400,2.4319,-0.4524,-0.2442,0
59871,10.2161,1.8503,-1.5271,59.5000,-8.0500,-2.4500,2.0346,-0.2753,-0.0838,0
59910,9.9934,0.2274,-1.5678,65.9400,22.5400,9.4500,2.2548,0.7708,0.3231,0
59949,9.8833,-0.6056,-1.5942,64.4000,38.7800,6.4400,2.2021,1.3261,0.2202,0
59988,9.3903,-0.3136,-1.0532,82.0400,16.7300,-1.8200,2.8053,0.5721,-0.0622,0
60027,9.2347,1.2399,-0.4261,116.0600,-10.1500,1.0500,3.9687,-0.3471,0.0359,0
60066,10.9605,1.4793,-1.3955,125.4400,-21.9100,13.2300,4.2894,-0.7492,0.4524,0
60105,13.0310,2.5564,1.1466,44.9400,-1.6800,56.2800,1.5367,-0.0574,1.9245,0
60144,9.7397,0.1125,1.9388,32.2700,3.0800,46.2700,1.1035,0.1053,1.5822,0
60183,10.6828,-2.5157,2.6043,35.8400,1.0500,46.2000,1.2255,0.0359,1.5798,0
60222,10.3286,-2.1854,1.1729,52.9200,-3.5700,24.5000,1.8096,-0.1221,0.8378,0
60261,8.4160,-1.0987,0.5410,33.8800,22.4000,-0.4900,1.1585,0.7660,-0.0168,0
60300,7.9182,-0.8497,0.0574,55.3000,18.6200,7.7000,1.8910,0.6367,0.2633,0
60339,8.6722,-0.4261,0.0646,81.2700,6.7200,12.8100,2.7790,0.2298,0.4380,0
60378,9.6559,-0.0574,0.8641,56.9100,-0.9100,5.1100,1.9460,-0.0311,0.1747,0
60417,9.5123,-0.0215,-0.0957,40.8800,-2.9400,-4.9700,1.3979,-0.1005,-0.1699,0
60456,9.5099,-1.3428,-0.5098,20.8600,-8.8200,-11.0600,0.7133,-0.3016,-0.3782,0
60495,9.7708,-1.5008,-0.4141,7.4200,-14.4200,-23.3100,0.2537,-0.4931,-0.7971,0
60534,9.2131,-1.6612,-0.7923,20.3000,-27.3700,-26.6700,0.6942,-0.9359,-0.9120,0
60573,10.5105,-0.9407,0.9694,0.5600,-32.6900,-15.9600,0.0191,-1.1178,-0.5457,0
60612,14.1991,2.1495,-0.4356,-23.1700,-13.6500,21.0000,-0.7923,-0.4668,0.7181,0
60651,10.2232,0.2202,2.0753,-54.3200,-28.7700,-2.1700,-1.8575,-0.9838,-0.0742,0
60690,10.4746,-0.0886,3.6814,-52.2900,0.3500,-13.0200,-1.7880,0.0120,-0.4452,0
60729,9.6799,2.4990,-0.1077,-2.7300,10.7100,-38.9200,-0.0934,0.3662,-1.3309,0
60768,10.4770,2.5492,-0.7205,2.4500,28.9800,-20.9300,0.0838,0.9910,-0.7157,0
60807,9.9695,2.9897,0.3255,-47.6000,12.2500,-29.4000,-1.6277,0.4189,-1.0053,0
60846,9.5458,2.3170,-0.5457,-89.4600,-8.1200,-58.3100,-3.0591,-0.2777,-1.9939,0
60885,9.8977,2.2596,0.7660,-129.8500,4.2000,-51.7300,-4.4402,0.1436,-1.7689,0
60924,7.4394,2.7647,1.7330,-158.1300,1.2600,-53.9700,-5.4072,0.0431,-1.8455,0
60963,6.5083,-0.9479,-0.4452,-153.8600,-35.1400,-14.4200,-5.2612,-1.2016,-0.4931,0
61002,9.2514,2.9681,1.8934,-156.1000,-29.6800,80.5000,-5.3378,-1.0149,2.7527,0
61041,19.8217,2.9274,-5.4838,-120.4700,-1.5400,125.3000,-4.1195,-0.0527,4.2846,0
61080,24.1853,-6.6447,3.2410,-181.8600,-15.8200,91.0700,-6.2187,-0.5410,3.1141,0
61119,15.7621,-8.5238,2.1902,-54.8800,78.1900,65.7300,-1.8766,2.6737,2.2476,0
61158,12.3440,-2.5325,1.0053,-7.3500,124.9500,71.4000,-0.2513,4.2726,2.4415,0
61197,6.1708,0.8737,-2.1184,-43.7500,97.9300,41.4400,-1.4960,3.3487,1.4170,0
61236,0.9886,0.9383,-1.8120,-53.2700,68.5300,-2.5900,-1.8216,2.3434,-0.0886,0
61275,1.2662,1.3093,-3.7293,-80.5700,-23.4500,-63.0000,-2.7551,-0.8019,-2.1543,0
61314,2.5181,-0.4979,-2.1136,-96.6000,-15.1900,-97.4400,-3.3032,-0.5194,-3.3319,0
61353,2.2811,-0.8019,3.5617,-107.8700,39.4100,-79.7300,-3.6886,1.3476,-2.7264,0
61392,2.6737,-0.8737,-0.0120,-93.5900,62.5800,-32.3400,-3.2003,2.1399,-1.1059,0
61431,2.5612,1.9006,-1.6995,-91.2100,54.3200,38.1500,-3.1189,1.8575,1.3045,0
61470,20.0731,0.0311,0.6678,-162.6800,41.0900,52.6400,-5.5628,1.4051,1.8000,0
61509,11.2669,-2.9298,-1.7833,-172.6200,-14.6300,-48.1600,-5.9027,-0.5003,-1.6468,0
61548,9.8714,-4.3636,1.1202,-156.3100,2.4500,-44.8700,-5.3450,0.0838,-1.5343,0
61587,9.3615,-2.1088,1.6708,-71.8200,54.1800,6.5800,-2.4559,1.8527,0.2250,0
61626,7.0397,-0.0934,-7.4394,-10.5000,79.6600,55.1600,-0.3590,2.7240,1.8862,0
61665,5.4599,-0.2585,-1.7689,-61.1100,140.4200,93.4500,-2.0896,4.8016,3.1955,0
61704,3.8466,0.2418,-1.5846,-84.5600,113.8900,52.9200,-2.8915,3.8945,1.8096,0
61743,2.0274,-1.7665,-0.1340,-141.5400,120.4000,30.3100,-4.8399,4.1171,1.0364,0
61782,7.2216,-5.4001,-4.0740,-153.8600,91.6300,48.4400,-5.2612,3.1333,1.6564,0
61821,9.1126,-7.3844,4.8399,-163.3800,178.0100,133.5600,-5.5868,6.0870,4.5671,0
61860,8.7009,-10.5272,4.3804,-94.1500,268.5900,169.1200,-3.2194,9.1844,5.7830,0
61899,-3.4971,-19.2808,23.9053,-37.5200,231.0000,91.7000,-1.2830,7.8990,3.1357,0
61938,-3.6024,-60.1929,26.5909,-34.8600,180.1800,91.1400,-1.1920,6.1612,3.1165,0
61977,-4.9500,-13.1674,3.7508,275.3100,166.4600,58.8000,9.4142,5.6921,2.0107,1
 62016,-14.1249,2.9777,4.4713,251.2300,57.6800,170.0300,8.5908,1.9724,5.8142,0
62055,-4.6604,6.1277,2.7479,125.0200,51.7300,-74.1300,4.2750,1.7689,-2.5349,0
62094,-1.3907,2.2716,3.4109,50.2600,21.9100,35.9800,1.7186,0.7492,1.2303,0
62133,-6.3575,1.6803,7.4706,-21.0700,51.4500,38.1500,-0.7205,1.7593,1.3045,0
62172,-4.9979,-0.6965,6.5466,-12.3200,59.3600,41.7200,-0.4213,2.0298,1.4266,0
62211,-4.5240,-2.9729,6.3216,-40.4600,65.5200,18.1300,-1.3835,2.2404,0.6200,0
62250,-6.4437,-1.8886,6.1397,-31.5700,71.1900,3.5700,-1.0795,2.4343,0.1221,0
62289,-8.4759,-1.9700,6.2091,-40.4600,51.8000,-10.0100,-1.3835,1.7713,-0.3423,0
62328,-8.5357,-4.0859,6.0607,-59.6400,14.0000,-4.4800,-2.0394,0.4787,-0.1532,0
62367,-6.7692,-4.8758,7.2096,-57.4000,-11.0600,-5.1100,-1.9628,-0.3782,-0.1747,0
62406,-4.8615,-5.4910,6.9487,-56.9800,-17.0800,-18.4100,-1.9484,-0.5840,-0.6295,0
62445,-4.0668,-5.7591,6.9655,-61.8100,-17.7100,-36.7500,-2.1136,-0.6056,-1.2567,0
62484,-3.8107,-6.1732,5.6921,-46.4800,-19.1100,-50.4700,-1.5894,-0.6535,-1.7258,0
62523,-3.6264,-7.3604,7.3461,-53.4100,-22.1900,-54.8800,-1.8263,-0.7588,-1.8766,0
62562,-2.3218,-7.7602,6.0200,-52.9900,-22.9600,-61.7400,-1.8120,-0.7851,-2.1112,0
62601,-1.1561,-7.5950,7.2982,-44.9400,-22.4000,-67.3400,-1.5367,-0.7660,-2.3027,0
62640,-0.0551,-7.3820,6.0798,-41.7900,-11.7600,-57.0500,-1.4290,-0.4021,-1.9508,0
62679,1.0388,-8.3586,6.3743,-46.4800,-6.4400,-46.3400,-1.5894,-0.2202,-1.5846,0
62718,0.4189,-8.2964,4.7753,-44.5900,-0.6300,-50.1200,-1.5247,-0.0215,-1.7138,0
62757,0.3997,-9.5291,4.0524,-50.7500,6.1600,-52.7800,-1.7354,0.2106,-1.8048,0
62796,0.1604,-9.2395,4.1434,-44.3800,9.3100,-55.4400,-1.5176,0.3184,-1.8958,0
62835,0.5745,-9.3759,4.1721,-36.6100,6.7200,-47.0400,-1.2519,0.2298,-1.6085,0
62874,0.8378,-8.2940,4.4378,-26.6000,8.5400,-37.6600,-0.9096,0.2920,-1.2878,0
62913,0.6918,-8.2269,3.7915,-28.7700,10.8500,-26.2500,-0.9838,0.3710,-0.8976,0
62952,0.8019,-9.1437,4.3349,-29.9600,9.8000,-24.6400,-1.0245,0.3351,-0.8426,0
62991,0.8904,-8.2581,4.2535,-32.6200,17.7800,-26.9500,-1.1154,0.6080,-0.9216,0
63030,1.8383,-8.8684,3.6647,-39.8300,15.1200,-27.9300,-1.3620,0.5170,-0.9551,0
63069,2.0801,-8.7224,3.8609,-38.7800,23.1000,-28.4200,-1.3261,0.7899,-0.9718,0
63108,1.8024,-8.3394,2.8795,-44.5900,30.1000,-32.7600,-1.5247,1.0293,-1.1202,0
63147,2.1686,-8.9546,2.6833,-46.8300,33.1800,-36.9600,-1.6013,1.1346,-1.2638,0
63186,2.0777,-9.1581,2.1734,-48.1600,35.5600,-26.3200,-1.6468,1.2160,-0.9000,0
63225,1.9724,-9.9839,1.6205,-40.1800,40.6000,-24.1500,-1.3739,1.3883,-0.8258,0
63264,1.0101,-9.5434,1.6085,-36.1200,42.7000,-24.7800,-1.2351,1.4601,-0.8473,0
63303,1.1346,-10.2352,1.8048,-32.4100,36.3300,-27.7900,-1.1083,1.2423,-0.9503,0
63342,1.2399,-10.1347,0.9958,-29.6800,30.5200,-35.3500,-1.0149,1.0436,-1.2088,0
63381,2.0537,-10.2831,2.1902,-31.9200,27.5800,-35.1400,-1.0915,0.9431,-1.2016,0
63420,1.5343,-9.8139,0.7013,-26.8100,29.2600,-37.5900,-0.9168,1.0005,-1.2854,0
63459,2.4750,-10.2256,0.9287,-27.8600,16.5200,-37.4500,-0.9527,0.5649,-1.2806,0
63498,2.7096,-10.3094,0.6080,-14.9100,15.4700,-41.9300,-0.5098,0.5290,-1.4338,0
63537,3.0471,-10.2448,0.2872,-12.0400,11.3400,-41.6500,-0.4117,0.3878,-1.4242,0
63576,2.8843,-9.4262,-0.3327,-5.1800,6.5100,-39.2000,-0.1771,0.2226,-1.3404,0
63615,3.0567,-10.7044,0.1412,9.8700,1.3300,-49.6300,0.3375,0.0455,-1.6971,0
63654,2.8532,-9.8020,0.9192,13.9300,-1.4000,-43.3300,0.4763,-0.0479,-1.4817,0
63693,3.6575,-10.0892,0.5577,13.3000,4.8300,-45.9900,0.4548,0.1652,-1.5726,0
63732,4.1889,-10.0198,0.4739,18.4100,9.3800,-47.6700,0.6295,0.3207,-1.6301,0
63771,4.7274,-10.4458,0.8880,27.2300,7.2800,-45.2900,0.9311,0.2489,-1.5487,0
63810,4.4163,-9.7062,0.8689,26.0400,15.8200,-38.9200,0.8904,0.5410,-1.3309,0
63849,4.3875,-9.4645,2.0274,31.3600,8.8900,-28.2100,1.0724,0.3040,-0.9646,0
63888,5.8142,-7.2336,3.1716,22.0500,-8.2600,-20.6500,0.7540,-0.2824,-0.7061,0
63927,5.1607,-7.9565,3.0902,-9.3100,13.5800,-25.4800,-0.3184,0.4644,-0.8713,0
63966,3.6575,-8.7272,3.1572,-14.0700,-1.8200,-34.2300,-0.4811,-0.0622,-1.1705,0
64005,5.7184,-8.6458,2.9250,3.5700,-36.5400,-24.0100,0.1221,-1.2495,-0.8210,0
64044,6.7525,-8.4160,2.8341,1.4000,-34.7900,-28.8400,0.0479,-1.1896,-0.9862,0
64083,6.8530,-7.6190,1.9867,-0.1400,-24.5000,-33.8800,-0.0048,-0.8378,-1.1585,0
64122,6.6854,-7.3485,2.4750,-4.2700,-9.3800,-43.7500,-0.1460,-0.3207,-1.4960,0
64161,5.8525,-6.8362,2.0561,9.1000,-8.4000,-44.2400,0.3112,-0.2872,-1.5128,0
64200,5.4024,-7.5136,1.8431,15.4000,-15.8900,-46.5500,0.5266,-0.5434,-1.5918,0
64239,7.7769,-6.1947,1.2447,20.3000,-39.2000,-44.6600,0.6942,-1.3404,-1.5271,0
64278,7.6788,-4.9165,0.9694,13.1600,-36.1200,-49.9100,0.4500,-1.2351,-1.7067,0
64317,9.8235,-4.0429,0.8665,-17.6400,-49.6300,-45.6400,-0.6032,-1.6971,-1.5607,0
64356,13.8759,-4.6317,1.0532,-36.4700,-45.1500,-45.2900,-1.2471,-1.5439,-1.5487,0
64395,12.8060,-6.9631,0.6846,-65.1000,26.6700,-59.5700,-2.2261,0.9120,-2.0370,0
64434,10.4817,-7.6118,-2.6665,-50.6800,16.5900,-68.4600,-1.7330,0.5673,-2.3410,0
64473,5.6059,-5.9889,0.7588,-27.5100,9.5900,-83.9300,-0.9407,0.3279,-2.8700,0
64512,9.5051,-3.8370,2.2811,-7.9100,-40.8100,-61.3200,-0.2705,-1.3955,-2.0968,0
64551,13.8017,-2.7503,-0.0981,-13.3000,-10.2900,-83.9300,-0.4548,-0.3519,-2.8700,0
64590,11.8389,-2.8125,-0.2705,-11.5500,22.8900,-72.8700,-0.3950,0.7827,-2.4918,0
64629,10.3812,-2.9226,-0.3495,-24.3600,37.5200,-66.2200,-0.8330,1.2830,-2.2644,0
64668,10.0461,-1.3572,0.0072,-35.9800,35.8400,-64.1200,-1.2303,1.2255,-2.1926,0
64707,10.0916,-1.0388,-1.6995,-72.2400,33.1100,-74.4100,-2.4702,1.1322,-2.5444,0
64746,9.4166,-1.6205,-2.1615,-92.6800,41.7200,-81.9700,-3.1692,1.4266,-2.8030,0
64785,7.8679,-2.9729,-0.9144,-99.0500,44.9400,-78.9600,-3.3870,1.5367,-2.7000,0
64824,5.3187,-3.1979,-1.2112,-85.4000,38.0800,-70.6300,-2.9202,1.3021,-2.4152,0
64863,3.8992,-3.7508,0.2489,-63.3500,27.7200,-69.5800,-2.1662,0.9479,-2.3793,0
64902,4.8782,-2.5684,0.7708,-33.5300,11.2000,-48.7900,-1.1466,0.3830,-1.6684,0
64941,7.7123,-0.8833,0.8641,7.7700,2.5900,-21.7000,0.2657,0.0886,-0.7420,0
64980,10.0413,1.1849,1.8982,4.6900,-6.5100,-8.9600,0.1604,-0.2226,-0.3064,0
65019,8.6386,0.4859,3.1668,-0.8400,-23.1000,-28.9800,-0.0287,-0.7899,-0.9910,0
65058,8.8421,2.0777,2.3577,-3.7800,-33.7400,-22.4000,-0.1293,-1.1537,-0.7660,0
65097,10.3357,0.4668,-0.2705,-3.0100,-30.3800,-17.8500,-0.1029,-1.0388,-0.6104,0
65136,9.6918,-0.0742,1.5630,-23.1000,-22.1900,-23.2400,-0.7899,-0.7588,-0.7947,0
65175,8.1216,0.2202,0.4500,-1.4000,-36.1200,-22.1900,-0.0479,-1.2351,-0.7588,0
65214,7.9995,1.2567,0.0335,18.4800,-31.0100,-5.8100,0.6319,-1.0604,-0.1987,0
65253,8.2628,2.2261,0.2489,15.6800,-43.3300,6.7900,0.5362,-1.4817,0.2322,0
65292,8.6889,2.4846,-0.1556,-18.1300,-34.9300,5.3900,-0.6200,-1.1944,0.1843,0
65331,10.3070,2.2452,-0.6870,-35.4200,-16.1000,8.6100,-1.2112,-0.5505,0.2944,0
65370,10.1131,1.3357,-1.0364,-41.1600,-11.1300,1.6800,-1.4075,-0.3806,0.0574,0
65409,10.7259,1.0508,-0.3136,-43.8200,-16.5200,2.7300,-1.4984,-0.5649,0.0934,0
65448,10.0892,1.5607,-0.4572,-39.6200,-9.5200,3.6400,-1.3548,-0.3255,0.1245,0
65487,10.1347,1.2854,0.2753,-56.2100,11.2700,7.4200,-1.9221,0.3854,0.2537,0
65526,10.2496,0.9814,-0.7420,-42.8400,5.3900,11.4100,-1.4649,0.1843,0.3902,0
65565,9.3448,-0.6319,-0.3375,-42.6300,4.4100,6.1600,-1.4577,0.1508,0.2106,0
65604,10.1586,-1.7450,-0.7684,-43.2600,18.9000,18.2700,-1.4793,0.6463,0.6247,0
65643,10.1969,-2.7886,-0.3064,-32.4800,42.0700,20.7200,-1.1106,1.4386,0.7085,0
65682,9.4070,-2.2500,0.7061,-19.3900,64.2600,15.6800,-0.6630,2.1974,0.5362,0
65721,7.5783,-0.6176,1.4482,-1.6100,62.1600,12.9500,-0.0551,2.1256,0.4428,0
65760,8.7583,0.5864,0.6463,16.6600,36.8900,42.1400,0.5697,1.2614,1.4410,0
65799,9.4716,3.4923,0.2896,2.1700,-0.8400,81.2000,0.0742,-0.0287,2.7766,0
65838,10.7929,2.9538,0.1532,-22.7500,-37.6600,59.5000,-0.7779,-1.2878,2.0346,0
65877,12.6671,-2.7982,3.5378,-60.9700,-40.8100,50.5400,-2.0849,-1.3955,1.7282,0
65916,9.9288,-4.1817,2.0370,-2.8700,-37.5200,-6.7900,-0.0981,-1.2830,-0.2322,0
65955,9.2825,-4.1889,-0.4309,52.3600,-36.9600,-27.7900,1.7904,-1.2638,-0.9503,0
65994,8.5908,-3.6671,-0.6606,63.2800,-15.6800,-16.3100,2.1639,-0.5362,-0.5577,0
66033,6.9296,-4.1578,-2.2907,86.5200,-2.3100,-23.7300,2.9585,-0.0790,-0.8114,0
66072,6.9416,-2.3458,-1.3045,103.6700,-9.5900,-25.6200,3.5450,-0.3279,-0.8761,0
66111,10.4195,-0.1412,0.3710,130.5500,-43.6800,-12.1100,4.4641,-1.4936,-0.4141,0
66150,16.2049,6.4221,-1.7019,72.8000,-19.3200,22.6800,2.4894,-0.6606,0.7755,0
66189,10.3214,0.3926,-3.4708,100.5900,-32.7600,6.3000,3.4397,-1.1202,0.2154,0
66228,8.2628,0.5649,2.5492,20.3700,-24.5000,-25.6200,0.6965,-0.8378,-0.8761,0
66267,11.3028,-0.8785,1.1083,50.4700,6.8600,-26.1100,1.7258,0.2346,-0.8928,0
66306,10.2998,-0.8737,-1.8287,91.7700,-7.7700,-25.0600,3.1381,-0.2657,-0.8569,0
66345,9.0863,0.0096,-1.7330,85.5400,-0.7000,-39.2000,2.9250,-0.0239,-1.3404,0
66384,10.4075,-0.0694,-1.8599,81.4100,13.3000,-32.4800,2.7838,0.4548,-1.1106,0
66423,8.9594,0.5146,-1.9269,77.1400,22.8200,-32.9700,2.6378,0.7803,-1.1274,0
66462,8.8301,0.2561,-1.8048,65.8700,30.0300,-23.3100,2.2524,1.0269,-0.7971,0
66501,9.8809,0.2298,-1.9341,66.9900,36.7500,-7.0000,2.2907,1.2567,-0.2394,0
66540,10.1634,0.0359,-2.0011,74.4800,35.2800,-4.7600,2.5468,1.2064,-0.1628,0
66579,9.6440,0.1125,-1.6947,78.0500,40.5300,-5.2500,2.6689,1.3859,-0.1795,0
66618,10.2472,0.1747,-1.6301,88.2000,40.1800,6.3700,3.0160,1.3739,0.2178,0
66657,10.3812,0.1843,-1.7857,71.4700,42.0000,10.9200,2.4439,1.4362,0.3734,0
66696,12.0616,0.6343,-0.8450,44.6600,51.5200,10.9200,1.5271,1.7617,0.3734,0
66735,11.7264,0.5457,-1.2423,37.9400,20.8600,7.2800,1.2974,0.7133,0.2489,0
66774,8.9881,1.4673,-0.8019,70.7700,6.8600,1.8900,2.4200,0.2346,0.0646,0
66813,7.5304,0.9455,0.1604,67.6200,-8.8200,14.2100,2.3123,-0.3016,0.4859,0
66852,6.6495,1.2232,1.7450,57.3300,-29.9600,36.6100,1.9604,-1.0245,1.2519,0
66891,7.6261,1.6516,1.6827,46.7600,-61.3200,62.0200,1.5990,-2.0968,2.1208,0
66930,12.1477,0.3160,2.2428,42.9100,-63.0000,80.9200,1.4673,-2.1543,2.7670,0
66969,13.9573,-1.8575,1.8838,56.4900,-43.2600,49.2800,1.9317,-1.4793,1.6851,0
67008,11.2238,-1.7043,1.3739,56.4200,-30.8000,-1.9600,1.9293,-1.0532,-0.0670,0
67047,9.1413,-1.8623,1.1322,52.5000,-17.1500,-6.7900,1.7952,-0.5864,-0.2322,0
67086,9.4716,-2.3242,-0.6630,68.3200,-17.0100,1.4700,2.3362,-0.5817,0.0503,0
67125,8.8684,-1.5128,-1.4410,81.8300,-7.7000,4.4100,2.7982,-0.2633,0.1508,0
67164,8.8493,-1.4027,-1.6732,100.9400,-14.1400,3.9900,3.4516,-0.4835,0.1364,0
67203,8.6841,-2.4080,-1.7498,99.0500,-25.0600,-13.1600,3.3870,-0.8569,-0.4500,0
67242,9.5243,-1.7545,-0.5194,83.3000,-36.4000,-28.8400,2.8484,-1.2447,-0.9862,0
67281,10.3094,-0.7301,0.8067,83.6500,-31.3600,-20.8600,2.8604,-1.0724,-0.7133,0
67320,10.7427,-1.2567,-0.6774,86.4500,-34.5800,-1.4000,2.9561,-1.1825,-0.0479,0
67359,14.5797,1.3333,-5.2397,41.7200,-23.1700,48.5100,1.4266,-0.7923,1.6588,0
67398,11.7336,-0.2657,1.9508,12.3900,-25.9700,11.3400,0.4237,-0.8880,0.3878,0
67437,11.3650,0.9670,-0.2633,6.3000,18.3400,-16.3100,0.2154,0.6271,-0.5577,0
67476,10.3214,-0.0622,0.1963,36.4700,28.7000,-35.5600,1.2471,0.9814,-1.2160,0
67515,8.6482,-0.7636,-1.5367,74.8300,39.0600,-47.3900,2.5588,1.3357,-1.6205,0
67554,8.5070,-0.1843,-1.8192,89.3200,24.0800,-39.8300,3.0543,0.8234,-1.3620,0
67593,8.9785,1.6372,-1.1561,76.7900,22.7500,-28.9100,2.6258,0.7779,-0.9886,0
67632,9.1389,0.9934,-1.4338,34.8600,43.5400,-12.8100,1.1920,1.4888,-0.4380,0
67671,9.8211,-0.6271,-0.6894,21.7700,29.4000,-0.7000,0.7444,1.0053,-0.0239,0
67710,10.5560,-1.3739,-0.6247,46.6900,19.3900,-11.9700,1.5966,0.6630,-0.4093,0
67749,10.3142,-1.0532,0.0838,64.6800,47.3200,-22.0500,2.2117,1.6181,-0.7540,0
67788,9.5123,-1.1083,0.6822,72.5900,74.1300,-19.5300,2.4822,2.5349,-0.6678,0
67827,8.6626,-0.4021,1.1274,95.0600,52.8500,6.5800,3.2506,1.8072,0.2250,0
67866,9.2658,1.1346,-0.3255,108.9900,15.7500,50.3300,3.7269,0.5386,1.7210,0
67905,12.2961,2.3625,-1.2112,87.2200,0.7000,76.8600,2.9825,0.0239,2.6282,0
67944,10.7115,1.8623,-1.4769,68.3900,-28.8400,74.1300,2.3386,-0.9862,2.5349,0
67983,11.0155,3.1333,1.7545,21.8400,-29.6100,43.6100,0.7468,-1.0125,1.4912,0
68022,9.6224,0.1891,2.7000,15.1900,-47.3900,46.3400,0.5194,-1.6205,1.5846,0
68061,10.4961,-4.5000,1.1753,54.1800,-46.4800,0.7000,1.8527,-1.5894,0.0239,0
68100,8.8062,-2.3386,-0.8928,112.2800,-28.8400,1.7500,3.8394,-0.9862,0.0598,0
68139,9.9551,-2.3458,-1.8359,108.6400,-24.9900,-11.0600,3.7149,-0.8545,-0.3782,0
68178,8.7105,-0.1412,-0.9216,101.7800,-17.5000,-17.2200,3.4804,-0.5984,-0.5888,0
68217,8.5860,-0.0072,-0.5745,106.6100,-11.1300,-17.1500,3.6455,-0.3806,-0.5864,0
68256,9.8403,-0.0335,0.3040,89.7400,-7.5600,-12.1800,3.0686,-0.2585,-0.4165,0
68295,10.4626,0.0503,-0.1652,71.7500,-20.5800,-17.7100,2.4535,-0.7037,-0.6056,0
68334,9.6799,-0.0239,0.1532,54.6700,-22.0500,-28.7700,1.8694,-0.7540,-0.9838,0
68373,9.9049,-0.4668,0.8665,43.6800,-16.7300,-20.7900,1.4936,-0.5721,-0.7109,0
68412,9.4333,-1.0077,0.7947,49.3500,-6.5100,-8.6100,1.6875,-0.2226,-0.2944,0
68451,11.6379,-1.2950,0.2082,44.1000,-6.5800,8.2600,1.5080,-0.2250,0.2824,0
68490,13.0046,-1.2758,-1.5798,49.9100,5.8100,26.6000,1.7067,0.1987,0.9096,0
68529,10.5153,0.2657,1.2040,35.1400,42.4900,-5.8100,1.2016,1.4529,-0.1987,0
68568,9.0767,0.7420,-0.9287,86.5200,40.2500,-19.3200,2.9585,1.3763,-0.6606,0
68607,9.4357,1.6396,-1.9149,79.5200,12.4600,-29.1200,2.7192,0.4261,-0.9958,0
68646,9.3663,2.1543,-1.8240,62.6500,2.8700,-33.4600,2.1423,0.0981,-1.1442,0
68685,9.7349,2.1399,-1.1968,28.2800,-0.1400,-28.0700,0.9670,-0.0048,-0.9598,0
68724,9.1485,0.6726,-0.9120,-14.0700,9.8000,-18.4100,-0.4811,0.3351,-0.6295,0
68763,9.8259,-0.2322,-0.0934,-11.2700,10.4300,-10.7800,-0.3854,0.3567,-0.3686,0
68802,10.6637,-0.3997,-0.1891,19.3900,12.6700,-14.0000,0.6630,0.4332,-0.4787,0
68841,10.2328,0.1699,0.0503,34.6500,2.3100,-30.3800,1.1849,0.0790,-1.0388,0
68880,9.9049,-0.1269,0.5649,21.9800,17.4300,-27.0900,0.7516,0.5960,-0.9263,0
68919,9.6847,-1.5128,0.4332,6.7200,35.7000,-5.6700,0.2298,1.2208,-0.1939,0
68958,9.3783,-1.6827,0.0622,-1.0500,53.4100,33.6700,-0.0359,1.8263,1.1513,0
68997,13.5887,3.1548,-0.4404,14.7000,42.0700,70.0700,0.5027,1.4386,2.3960,0
69036,11.4272,3.4014,0.0455,-5.8100,-16.9400,48.2300,-0.1987,-0.5793,1.6492,0
69075,5.9841,1.1489,-0.1891,-16.5900,9.8000,21.9800,-0.5673,0.3351,0.7516,0
69114,7.0732,-1.3859,2.8077,-37.2400,-57.1200,59.1500,-1.2734,-1.9532,2.0226,0
69153,9.7828,-3.1620,-0.5003,16.8000,-55.0900,61.1800,0.5745,-1.8838,2.0920,0
69192,9.0049,-1.3644,-1.3979,-0.4900,-26.2500,27.7200,-0.0168,-0.8976,0.9479,0
69231,11.0658,-2.5229,1.2974,49.7700,-6.0200,19.6000,1.7019,-0.2059,0.6702,0
69270,14.3930,-4.4426,4.8423,57.8200,28.5600,6.4400,1.9771,0.9766,0.2202,0
69309,19.1802,-8.9618,-5.7615,139.9300,32.5500,-38.4300,4.7849,1.1130,-1.3141,0
69348,16.3510,0.0646,3.3583,116.7600,49.0000,-68.1100,3.9926,1.6755,-2.3290,0
69387,13.7227,6.4533,1.8814,143.8500,47.5300,-80.7800,4.9189,1.6253,-2.7623,0
69426,5.2301,3.5282,-0.5769,91.2100,37.9400,-56.7700,3.1189,1.2974,-1.9412,0
69465,0.4117,1.2997,-3.0351,49.4900,75.2500,-14.2100,1.6923,2.5732,-0.4859,0
69504,-2.6258,0.3351,-0.4285,-18.2000,54.3900,7.2100,-0.6223,1.8599,0.2465,0
69543,-2.5492,-1.1657,1.3165,-53.9000,-9.6600,24.5700,-1.8431,-0.3303,0.8402,0
69582,5.0602,-1.1513,2.8197,-28.3500,-27.6500,41.8600,-0.9694,-0.9455,1.4314,0
69621,18.3018,1.3739,0.2154,41.3700,32.1300,62.3700,1.4146,1.0987,2.1327,0
69660,12.8610,-2.2021,-0.0407,67.8300,-67.0600,-35.2800,2.3194,-2.2931,-1.2064,0
69699,6.1469,2.4248,3.2410,61.4600,-9.4500,-33.3900,2.1016,-0.3231,-1.1418,0
69738,10.3716,1.8934,-1.8048,26.3200,-8.9600,-0.9800,0.9000,-0.3064,-0.0335,0
69777,9.4190,2.2859,-3.4660,10.5000,-1.7500,-5.1800,0.3590,-0.0598,-0.1771,0
69816,9.2131,1.6301,5.4048,-6.4400,41.6500,-52.1500,-0.2202,1.4242,-1.7833,0
69855,17.5191,1.0364,0.9742,-63.8400,76.3700,-3.1500,-2.1830,2.6115,-0.1077,0
69894,4.8423,1.3333,-1.4888,-71.9600,78.3300,-42.7700,-2.4607,2.6785,-1.4625,0
69933,13.1339,-3.6335,0.9575,-64.9600,81.2700,-24.7100,-2.2213,2.7790,-0.8450,0
69972,10.5392,0.5673,-2.5397,-53.2000,99.9600,-11.0600,-1.8192,3.4181,-0.3782,0
70011,9.7325,-1.7809,-2.0274,-74.4800,131.2500,-56.9100,-2.5468,4.4881,-1.9460,0
70050,12.0400,-3.1716,-4.9812,-58.1000,138.9500,-49.4900,-1.9867,4.7514,-1.6923,0
70089,5.2038,-2.0657,-2.1471,-29.8900,172.4800,-81.9700,-1.0221,5.8979,-2.8030,0
70128,3.6312,-0.5960,-1.7880,-61.1800,149.1000,-135.9400,-2.0920,5.0985,-4.6484,0
70167,0.3064,1.0556,3.7221,-126.9800,150.7100,-142.4500,-4.3421,5.1535,-4.8711,0
70206,-3.4612,6.0679,7.6477,-161.4200,127.5400,-96.6000,-5.5197,4.3612,-3.3032,0
70245,6.7932,4.9716,15.2140,-253.6100,59.4300,8.3300,-8.6722,2.0322,0.2848,1
70284,3.5306,-8.0163,28.7883,-199.6400,189.0700,1.4000,-6.8267,6.4652,0.0479,0
70323,-15.9321,-23.0938,25.6694,111.0900,104.7200,21.8400,3.7987,3.5809,0.7468,0
70362,-15.9177,6.8219,9.1222,252.4200,48.8600,63.0700,8.6315,1.6708,2.1567,0
70401,-8.9594,7.8966,4.5742,135.1700,24.0100,53.5500,4.6221,0.8210,1.8311,0
70440,-2.2859,4.1865,2.2764,3.9900,-11.6900,35.0700,0.1364,-0.3997,1.1992,0
70479,1.0005,1.1896,3.3918,-40.6000,0.1400,6.6500,-1.3883,0.0048,0.2274,0
70518,-1.9006,1.4553,5.4910,-32.3400,15.0500,-18.6900,-1.1059,0.5146,-0.6391,0
70557,-6.1229,0.1699,9.9911,-54.8800,26.3900,-10.4300,-1.8766,0.9024,-0.3567,0
70596,-7.5783,-0.8210,11.5182,-53.1300,8.4000,-6.6500,-1.8168,0.2872,-0.2274,0
70635,-4.1793,-1.7019,12.8419,-49.2100,-22.9600,-12.6000,-1.6827,-0.7851,-0.4309,0
70674,-1.4529,-1.7091,12.5905,-40.0400,-23.3100,-22.4000,-1.3692,-0.7971,-0.7660,0
70713,1.5271,-0.9670,9.6081,-43.4000,-7.6300,-39.5500,-1.4841,-0.2609,-1.3524,0
70752,0.3351,-0.4500,8.2916,-23.0300,1.6100,-53.6900,-0.7875,0.0551,-1.8359,0
70791,3.0256,-1.1202,5.8764,-45.5000,-14.4200,-42.3500,-1.5559,-0.4931,-1.4482,0
70830,3.2003,-3.3583,8.1503,-61.5300,-9.8000,-50.3300,-2.1040,-0.3351,-1.7210,0
70869,1.3883,-2.7670,9.9240,-64.4000,-5.8800,-59.0100,-2.2021,-0.2011,-2.0178,0
70908,1.2136,-2.3218,11.4057,-32.6200,-11.6900,-54.2500,-1.1154,-0.3997,-1.8551,0
70947,1.7426,-2.2189,11.1783,5.6700,-15.7500,-45.8500,0.1939,-0.5386,-1.5678,0
70986,2.9155,-0.8617,9.7230,-19.3200,-17.4300,-40.9500,-0.6606,-0.5960,-1.4003,0
71025,2.3865,-1.0532,8.6506,-54.3200,-18.6200,-32.3400,-1.8575,-0.6367,-1.1059,0
71064,2.8772,-1.9556,7.8631,-85.0500,-5.7400,-22.6800,-2.9083,-0.1963,-0.7755,0
71103,3.1668,-4.7466,7.9708,-101.7800,0.6300,-5.8100,-3.4804,0.0215,-0.1987,0
71142,1.5870,-6.6998,8.1288,-80.0100,-9.2400,-2.7300,-2.7359,-0.3160,-0.0934,0
71181,0.6726,-7.5400,8.3610,-30.1700,-8.5400,-8.4000,-1.0317,-0.2920,-0.2872,0
71220,0.7564,-4.7969,8.0331,-19.7400,-15.4000,-3.6400,-0.6750,-0.5266,-0.1245,0
71259,1.7162,-4.7035,7.9445,-38.4300,-14.0700,0.4200,-1.3141,-0.4811,0.0144,0
71298,1.5343,-5.0075,7.6525,-63.8400,-10.2200,0.6300,-2.1830,-0.3495,0.0215,0
71337,1.1513,-7.1737,7.5759,-57.1200,-9.0300,-1.3300,-1.9532,-0.3088,-0.0455,0
71376,0.5362,-6.2857,7.0588,-21.1400,-19.6000,-5.9500,-0.7229,-0.6702,-0.2035,0
71415,1.0388,-6.4868,7.4658,-39.6200,-32.9000,-8.7500,-1.3548,-1.1250,-0.2992,0
71454,1.9029,-5.8118,7.1618,-36.4700,-39.3400,-13.0200,-1.2471,-1.3452,-0.4452,0
71493,2.8030,-5.4695,6.8793,-19.2500,-44.7300,-21.2100,-0.6583,-1.5295,-0.7253,0
71532,3.1500,-4.1314,7.1833,-27.5100,-48.9300,-28.0000,-0.9407,-1.6732,-0.9575,0
71571,3.3894,-5.0003,6.5442,-47.1100,-32.4100,-30.5900,-1.6109,-1.1083,-1.0460,0
71610,3.0782,-8.0211,5.4024,-59.6400,-14.6300,-30.9400,-2.0394,-0.5003,-1.0580,0
71649,2.0753,-8.4280,5.0625,-49.7700,-16.8700,-45.0800,-1.7019,-0.5769,-1.5415,0
71688,2.5037,-8.7152,5.3163,-39.9000,-24.6400,-45.6400,-1.3644,-0.8426,-1.5607,0
71727,3.5378,-7.9924,5.4264,-36.3300,-35.7000,-53.9000,-1.2423,-1.2208,-1.8431,0
71766,4.1482,-8.3035,4.2583,-34.8600,-27.5100,-44.8700,-1.1920,-0.9407,-1.5343,0
71805,4.8878,-8.7511,4.3780,-25.9700,-19.4600,-52.5700,-0.8880,-0.6654,-1.7976,0
71844,3.9878,-7.8799,3.9830,-17.6400,-14.0700,-46.1300,-0.6032,-0.4811,-1.5774,0
71883,6.6495,-9.1892,3.4397,-24.5000,-48.7200,-41.9300,-0.8378,-1.6660,-1.4338,0
71922,9.8666,-9.5051,3.3511,-15.1200,-43.6800,-36.8900,-0.5170,-1.4936,-1.2614,0
71961,8.0402,-8.4328,2.4535,4.7600,18.6200,-28.5600,0.1628,0.6367,-0.9766,0
72000,7.9445,-6.8961,3.9040,17.5700,3.5700,-34.0900,0.6008,0.1221,-1.1657,0
72039,8.9163,-5.3067,2.7024,5.4600,18.3400,-21.7000,0.1867,0.6271,-0.7420,0
72078,6.6567,-6.2546,4.4737,-24.5000,14.9100,-27.7200,-0.8378,0.5098,-0.9479,0
72117,6.4580,-6.7932,4.4929,-31.8500,-7.8400,-20.3000,-1.0891,-0.2681,-0.6942,0
72156,7.0158,-8.8708,5.1032,-29.1200,-29.2600,-19.3200,-0.9958,-1.0005,-0.6606,0
72195,7.3126,-7.8751,5.1152,4.0600,-26.1800,-14.1400,0.1388,-0.8952,-0.4835,0
72234,7.1785,-6.9942,4.0716,15.7500,-18.4100,-11.8300,0.5386,-0.6295,-0.4045,0
72273,5.4743,-4.8758,5.8118,6.6500,-9.5200,-0.4900,0.2274,-0.3255,-0.0168,0
72312,4.7825,-5.6681,1.1681,51.0300,20.0200,0.4200,1.7450,0.6846,0.0144,0
72351,4.4857,-5.3211,1.6899,20.1600,-22.2600,-31.5700,0.6894,-0.7612,-1.0795,0
72390,4.3469,-4.7897,3.4062,-27.5100,-54.8100,-5.6700,-0.9407,-1.8742,-0.1939,0
72429,7.0684,-6.7620,2.5540,-2.3100,-70.0000,23.0300,-0.0790,-2.3936,0.7875,0
72468,10.3022,-7.0301,1.8287,20.7200,-72.1700,9.4500,0.7085,-2.4678,0.3231,0
72507,8.7464,-5.9817,1.0388,4.4100,-16.4500,-30.2400,0.1508,-0.5625,-1.0341,0
72546,4.3014,-6.2785,1.9795,13.8600,-55.0200,-49.7000,0.4739,-1.8814,-1.6995,0
72585,8.3299,-5.5939,1.7402,-6.1600,-92.0500,-25.3400,-0.2106,-3.1476,-0.8665,0
72624,15.5563,-8.8397,7.5041,-26.8800,-62.5100,-27.2300,-0.9192,-2.1375,-0.9311,0
72663,13.8017,-7.3916,-2.0035,14.4200,5.7400,-33.3200,0.4931,0.1963,-1.1394,0
72702,11.5852,-4.9716,-0.9335,53.7600,6.0200,-79.3800,1.8383,0.2059,-2.7144,0
72741,8.0426,-2.6354,2.2572,41.3000,-6.5800,-66.5000,1.4122,-0.2250,-2.2740,0
72780,9.6248,-1.4577,2.0083,33.2500,-42.9800,-50.4700,1.1370,-1.4697,-1.7258,0
72819,15.2810,-2.1998,0.4596,7.4200,-21.4200,-83.0900,0.2537,-0.7325,-2.8413,0
72858,12.0663,-2.7048,-1.5367,-6.8600,3.9200,-90.4400,-0.2346,0.1340,-3.0926,0
72897,8.7344,-1.1657,0.6128,-20.3000,17.0800,-87.3600,-0.6942,0.5840,-2.9873,0
72936,7.9182,-0.6678,1.8503,-56.8400,-8.1900,-89.7400,-1.9436,-0.2801,-3.0686,0
72975,7.8009,-1.5224,1.7474,-87.0100,-18.9000,-93.1000,-2.9753,-0.6463,-3.1835,0
73014,7.1713,-1.1130,3.1452,-64.1900,-18.4100,-75.3200,-2.1950,-0.6295,-2.5756,0
73053,8.3059,-0.5362,2.4559,-34.5800,-8.8900,-49.6300,-1.1825,-0.3040,-1.6971,0
73092,8.3945,0.8234,2.1375,-30.8700,-13.3000,-40.8800,-1.0556,-0.4548,-1.3979,0
73131,7.5471,2.2428,2.0322,-43.5400,-21.5600,-36.4000,-1.4888,-0.7372,-1.2447,0
73170,7.6979,2.8652,0.9216,-75.2500,-23.7300,-23.5900,-2.5732,-0.8114,-0.8067,0
73209,8.2222,1.3045,0.2059,-110.0400,-17.5000,-16.3800,-3.7628,-0.5984,-0.5601,0
73248,8.0905,1.3859,0.5505,-112.5600,-12.9500,-16.6600,-3.8490,-0.4428,-0.5697,0
73287,9.1030,2.2907,-0.7564,-112.4200,-22.0500,-12.3200,-3.8442,-0.7540,-0.4213,0
73326,10.6589,1.2495,-0.2274,-135.7300,-25.8300,-10.9900,-4.6413,-0.8833,-0.3758,0
73365,9.9504,1.5200,-0.3351,-148.8900,-23.3100,-14.8400,-5.0913,-0.7971,-0.5075,0
73404,10.2208,-0.2609,-1.0317,-147.4200,-26.4600,-3.7800,-5.0410,-0.9048,-0.1293,0
73443,10.1395,-1.0317,-0.0120,-140.0000,-21.2800,-3.7800,-4.7873,-0.7277,-0.1293,0
73482,9.3160,-1.3500,-0.1891,-124.8100,-1.0500,-13.7900,-4.2679,-0.0359,-0.4715,0
73521,8.1192,-1.8623,-0.1077,-115.5700,-1.1900,-10.6400,-3.9519,-0.0407,-0.3638,0
73560,7.0900,-2.4008,0.4668,-108.7800,17.7800,1.6800,-3.7197,0.6080,0.0574,0
73599,6.8267,-2.7048,-0.1867,-86.5900,22.6800,22.4700,-2.9609,0.7755,0.7684,0
73638,6.0655,-1.3428,0.4380,-61.9500,32.4100,25.5500,-2.1184,1.1083,0.8737,0
73677,13.7467,0.5362,6.4197,-64.0500,23.2400,64.9600,-2.1902,0.7947,2.2213,0
73716,16.1020,2.7359,-0.2920,-31.9900,-22.6100,72.5900,-1.0939,-0.7731,2.4822,0
73755,10.3405,0.3758,-0.7372,-23.8700,-22.1200,-12.6000,-0.8162,-0.7564,-0.4309,0
73794,7.5950,2.2021,3.8490,-116.5500,-18.4100,-0.7700,-3.9854,-0.6295,-0.0263,0
73833,7.6692,0.7995,3.6790,-117.0400,-11.2000,24.5700,-4.0022,-0.3830,0.8402,0
73872,10.9198,-3.2721,1.2423,-75.3200,2.0300,18.8300,-2.5756,0.0694,0.6439,0
73911,8.6865,-2.7886,0.7779,-63.9100,-10.4300,7.9100,-2.1854,-0.3567,0.2705,0
73950,8.1432,-1.9987,0.5553,-40.7400,-6.2300,15.8900,-1.3931,-0.2130,0.5434,0
73989,8.6291,-1.9748,0.1077,-48.0200,-5.4600,4.1300,-1.6420,-0.1867,0.1412,0
74028,8.4495,-2.1064,-0.3471,-55.7900,-11.2000,-20.7200,-1.9077,-0.3830,-0.7085,0
74067,10.1778,-1.4003,-1.5008,-59.8500,-25.6900,-25.2000,-2.0466,-0.8785,-0.8617,0
74106,15.5204,-1.3261,0.3830,-110.4600,-19.1800,-4.5500,-3.7772,-0.6559,-0.1556,0
74145,13.0142,-2.9992,0.0694,-144.4100,-19.1800,-3.2200,-4.9381,-0.6559,-0.1101,0
74184,9.1174,-0.7109,1.5918,-131.6700,-27.0200,-30.5200,-4.5024,-0.9239,-1.0436,0
74223,8.1575,1.3524,1.2543,-101.7800,-4.5500,-19.4600,-3.4804,-0.1556,-0.6654,0
74262,10.7977,0.9431,-0.0934,-75.6000,31.0800,-14.7700,-2.5851,1.0628,-0.5051,0
74301,9.2012,1.7186,-0.3423,-76.0200,14.7700,-10.9200,-2.5995,0.5051,-0.3734,0
74340,9.7876,1.8814,-0.5960,-95.3400,14.9100,-4.9000,-3.2601,0.5098,-0.1676,0
74379,10.5607,1.9077,-1.3835,-115.1500,-1.7500,-17.1500,-3.9375,-0.0598,-0.5864,0
74418,10.3262,1.1585,-1.6229,-151.9000,0.0700,-24.5700,-5.1942,0.0024,-0.8402,0
74457,9.7206,-0.4237,-1.1561,-158.2700,0.4900,-18.4800,-5.4120,0.0168,-0.6319,0
74496,10.0437,-1.9149,-0.8880,-150.0800,4.9700,-12.5300,-5.1320,0.1699,-0.4285,0
74535,9.4908,-2.5397,-0.0359,-119.8400,-11.5500,-5.3900,-4.0979,-0.3950,-0.1843,0
74574,10.1107,-1.5415,-0.2489,-92.6800,6.7900,11.9000,-3.1692,0.2322,0.4069,0
74613,8.9714,-0.6439,0.2346,-69.7200,19.8100,18.7600,-2.3841,0.6774,0.6415,0
74652,10.0317,-0.0718,-0.2346,-52.2900,10.0100,30.6600,-1.7880,0.3423,1.0484,0
74691,11.5397,-1.0388,1.0005,-64.6800,20.1600,41.0900,-2.2117,0.6894,1.4051,0
74730,13.1171,1.4577,0.7301,-56.9800,32.9700,22.4000,-1.9484,1.1274,0.7660,0
74769,9.9312,1.7354,0.2920,-61.6700,30.4500,-1.6800,-2.1088,1.0412,-0.0574,0
74808,7.6046,1.4482,0.2226,-87.7100,26.3900,-5.0400,-2.9992,0.9024,-0.1723,0
74847,6.8482,-1.3237,-0.3184,-104.7200,-2.1700,7.1400,-3.5809,-0.0742,0.2442,0
74886,9.6799,-2.9609,1.7809,-122.9900,-7.6300,41.8600,-4.2056,-0.2609,1.4314,0
74925,10.5296,-4.4761,1.6229,-104.0900,-2.5200,31.9900,-3.5593,-0.0862,1.0939,0
74964,9.6320,-3.6623,1.2950,-66.5000,5.6000,-3.5000,-2.2740,0.1915,-0.1197,0
75003,9.3663,-3.4636,2.8053,-48.5100,7.0000,-21.2100,-1.6588,0.2394,-0.7253,0
75042,8.4855,-2.7527,1.4888,-27.9300,0.4900,-33.1800,-0.9551,0.0168,-1.1346,0
75081,8.6530,-1.9532,-0.0239,-20.4400,4.8300,-34.7200,-0.6989,0.1652,-1.1872,0
75120,8.6147,-2.1567,-0.2322,-26.8800,16.8000,-26.8800,-0.9192,0.5745,-0.9192,0
75159,8.2533,-1.9029,-0.1891,-44.0300,-21.9100,-18.2000,-1.5056,-0.7492,-0.6223,0
75198,13.7180,-2.1088,2.3817,-66.5700,-22.9600,-13.7200,-2.2764,-0.7851,-0.4692,0
75237,13.1746,-1.1130,1.2088,-59.6400,-26.3200,-17.5000,-2.0394,-0.9000,-0.5984,0
75276,9.1269,-1.8072,0.9886,-32.4800,-24.4300,-20.8600,-1.1106,-0.8354,-0.7133,0
75315,8.7129,-0.5362,1.1633,-20.3700,-41.8600,-5.7400,-0.6965,-1.4314,-0.1963,0
75354,9.2610,0.1699,1.4936,-43.7500,-25.2700,4.9700,-1.4960,-0.8641,0.1699,0
75393,10.0677,0.3375,0.8689,-51.9400,-4.0600,15.3300,-1.7761,-0.1388,0.5242,0
75432,10.1227,-0.4261,0.1173,-36.8200,6.2300,16.1000,-1.2591,0.2130,0.5505,0
75471,10.6613,-1.0795,0.2992,-16.1700,12.4600,10.5000,-0.5529,0.4261,0.3590,0
75510,10.3692,0.0024,0.5553,-3.0100,28.2800,4.3400,-0.1029,0.9670,0.1484,0
75549,10.2328,2.5492,-0.1484,2.1700,24.5000,-4.5500,0.0742,0.8378,-0.1556,0
75588,9.7014,3.4397,-0.9239,-25.9700,9.8000,-18.2700,-0.8880,0.3351,-0.6247,0
75627,9.1365,0.6630,-0.4811,-92.6800,-28.9800,-10.0100,-3.1692,-0.9910,-0.3423,0
75666,10.3956,-0.1053,0.5936,-106.1900,-12.7400,8.6800,-3.6312,-0.4356,0.2968,0
75705,10.3381,-0.8689,-0.1053,-96.2500,11.4800,12.6000,-3.2913,0.3926,0.4309,0
75744,10.3190,-0.4572,1.6516,-96.7400,31.7100,11.0600,-3.3080,1.0843,0.3782,0
75783,10.4075,1.0005,2.1351,-81.2000,40.0400,11.0600,-2.7766,1.3692,0.3782,0
75822,10.0677,1.3787,1.4027,-59.5000,17.7800,1.8200,-2.0346,0.6080,0.0622,0
75861,9.6918,0.3160,0.9072,-54.6700,4.4800,0.7000,-1.8694,0.1532,0.0239,0
75900,9.5434,0.3567,1.4625,-53.2700,13.2300,0.8400,-1.8216,0.4524,0.0287,0
75939,9.9719,0.4524,1.0293,-45.7800,8.8900,10.1500,-1.5654,0.3040,0.3471,0
75978,11.0586,0.4069,0.6894,-48.0200,6.0900,18.5500,-1.6420,0.2082,0.6343,0
76017,10.9820,-1.1298,-0.2872,-70.4200,-0.3500,5.5300,-2.4080,-0.0120,0.1891,0
76056,9.4309,-2.9992,-0.7133,-100.3100,10.8500,-12.3200,-3.4301,0.3710,-0.4213,0
76095,8.3586,-4.1147,0.1484,-99.3300,4.8300,-9.7300,-3.3966,0.1652,-0.3327,0
76134,9.0192,-4.0692,1.4362,-71.2600,1.5400,0.4200,-2.4367,0.0527,0.0144,0
76173,9.3974,-3.2697,2.2117,-37.2400,-10.4300,3.0800,-1.2734,-0.3567,0.1053,0
76212,9.5626,-2.5995,1.2567,-22.3300,-20.3000,0.1400,-0.7636,-0.6942,0.0048,0
76251,9.1246,-2.4248,0.6511,-12.1800,-18.4100,9.0300,-0.4165,-0.6295,0.3088,0
76290,8.4256,-2.4535,1.2255,-17.2200,-17.9900,15.3300,-0.5888,-0.6152,0.5242,0
76329,8.5333,-2.2668,2.1902,-28.9800,-15.2600,8.2600,-0.9910,-0.5218,0.2824,0
76368,8.8684,-1.9580,2.6330,-25.6900,-7.7700,1.6800,-0.8785,-0.2657,0.0574,0
76407,9.0312,-1.6564,2.6210,-20.5100,-8.5400,-2.4500,-0.7013,-0.2920,-0.0838,0
76446,10.1395,-1.4601,2.5325,-37.5900,-7.8400,2.2400,-1.2854,-0.2681,0.0766,0
76485,12.6671,-0.5769,3.3774,-85.6100,42.7000,16.1700,-2.9274,1.4601,0.5529,0
76524,13.7132,-0.9192,0.2657,-80.4300,64.5400,15.3300,-2.7503,2.2069,0.5242,0
76563,12.0137,-1.1178,-2.6833,7.0000,52.5000,-15.4700,0.2394,1.7952,-0.5290,0
76602,10.0796,0.1771,-2.8317,26.0400,-36.3300,-49.7000,0.8904,-1.2423,-1.6995,0
76641,10.2639,1.2016,-2.0609,-13.5100,-50.6100,-57.4700,-0.4620,-1.7306,-1.9652,0
76680,8.7200,2.6067,-2.1662,-41.6500,-32.9700,-59.7100,-1.4242,-1.1274,-2.0418,0
76719,8.3227,1.7545,-1.9317,-70.4200,-22.2600,-46.3400,-2.4080,-0.7612,-1.5846,0
76758,9.1796,-0.6319,-1.1202,-77.1400,-24.5700,-37.7300,-2.6378,-0.8402,-1.2902,0
76797,10.1706,-2.5157,-1.1920,-51.9400,-12.7400,-33.6000,-1.7761,-0.4356,-1.1489,0
76836,9.9073,-2.4367,-0.5338,-39.3400,6.0900,-20.0200,-1.3452,0.2082,-0.6846,0
76875,9.7613,-1.3644,-0.5936,-23.1000,17.8500,-13.0200,-0.7899,0.6104,-0.4452,0
76914,10.1083,0.3854,-0.3303,-12.4600,31.2200,-16.8000,-0.4261,1.0676,-0.5745,0
76953,10.1658,0.8761,0.0335,-23.4500,31.5700,-2.7300,-0.8019,1.0795,-0.0934,0
76992,10.0461,-0.3638,-0.2130,-11.6900,14.4900,5.2500,-0.3997,0.4955,0.1795,0
77031,10.1825,-0.8091,0.0096,-4.6900,11.6900,2.5200,-0.1604,0.3997,0.0862,0
77070,10.0054,-0.1556,-0.0359,-2.9400,26.9500,2.5200,-0.1005,0.9216,0.0862,0
77109,10.2137,-0.4189,-1.1346,3.0100,39.4100,3.3600,0.1029,1.3476,0.1149,0
77148,9.3352,-0.6535,-0.1795,21.9100,11.9000,14.0700,0.7492,0.4069,0.4811,0
77187,9.8833,0.0574,0.8282,19.8800,1.2600,26.8800,0.6798,0.0431,0.9192,0
77226,11.0490,-0.0168,-0.0694,24.3600,-3.2200,52.0800,0.8330,-0.1101,1.7809,0
77265,11.2956,0.7684,-0.4763,21.1400,9.2400,59.0800,0.7229,0.3160,2.0202,0
77304,9.3184,2.8748,1.1729,-9.3100,4.9700,61.0400,-0.3184,0.1699,2.0873,0
77343,7.9110,-0.5697,1.6923,-30.1700,-7.5600,41.5800,-1.0317,-0.2585,1.4218,0
77382,11.0778,-3.1452,1.9293,25.3400,-39.1300,20.5100,0.8665,-1.3380,0.7013,0
77421,10.3022,-2.5684,1.1274,51.5200,-33.1800,4.2700,1.7617,-1.1346,0.1460,0
77460,9.1605,-1.4410,0.2992,82.3900,-7.4900,25.0600,2.8173,-0.2561,0.8569,0
77499,9.1509,-1.0891,-0.4620,90.8600,-6.0200,32.1300,3.1069,-0.2059,1.0987,0
77538,8.8660,-0.5769,-0.1508,68.7400,-8.4000,25.9000,2.3506,-0.2872,0.8856,0
77577,7.9206,-0.7923,-0.9934,51.1000,-14.5600,3.9200,1.7474,-0.4979,0.1340,0
77616,8.1384,-1.4266,-1.1106,19.6700,-21.7000,-20.4400,0.6726,-0.7420,-0.6989,0
77655,9.6727,-1.8718,-0.7372,6.2300,-33.3900,-33.3200,0.2130,-1.1418,-1.1394,0
77694,10.2304,-2.4152,-0.4548,18.2700,-25.6200,-39.5500,0.6247,-0.8761,-1.3524,0
77733,10.5919,-1.6564,0.1867,33.3200,-23.5200,-34.9300,1.1394,-0.8043,-1.1944,0
77772,11.2597,-1.2136,1.5966,37.5900,-19.9500,-15.2600,1.2854,-0.6822,-0.5218,0
77811,10.7594,-2.5756,-0.5027,59.9200,-28.4900,-3.7100,2.0490,-0.9742,-0.1269,0
77850,15.0392,1.2902,-0.7037,-6.9300,-21.2800,35.8400,-0.2370,-0.7277,1.2255,0
77889,10.1706,0.7899,-0.9096,-12.6700,-12.0400,8.1200,-0.4332,-0.4117,0.2777,0
77928,9.9336,-0.9622,1.0604,-30.5900,-7.7000,-35.8400,-1.0460,-0.2633,-1.2255,0
77967,9.4453,-0.6606,0.5338,-1.8200,15.7500,-40.6000,-0.0622,0.5386,-1.3883,0
78006,8.8708,0.3519,-0.1149,33.3200,29.4000,-26.6000,1.1394,1.0053,-0.9096,0
78045,9.1293,2.9944,-0.5984,30.3800,45.8500,0.4900,1.0388,1.5678,0.0168,0
78084,9.8738,3.2601,-0.4787,15.8200,22.1900,-18.0600,0.5410,0.7588,-0.6176,0
78123,9.9911,2.9944,-0.0598,-23.8000,23.3800,-25.7600,-0.8138,0.7995,-0.8809,0
78162,10.5751,2.2189,-0.9981,-29.4700,30.6600,-12.1100,-1.0077,1.0484,-0.4141,0
78201,10.6541,1.0364,-0.3184,-38.4300,11.5500,-6.8600,-1.3141,0.3950,-0.2346,0
78240,10.4746,0.5936,-0.4404,-45.0800,3.9200,-2.8700,-1.5415,0.1340,-0.0981,0
78279,10.0868,-0.5098,0.4021,-32.5500,28.2800,7.2800,-1.1130,0.9670,0.2489,0
78318,9.0623,0.6606,0.7612,-35.6300,42.5600,14.8400,-1.2184,1.4553,0.5075,0
78357,7.7937,2.4128,2.3529,-41.2300,35.7700,24.5000,-1.4099,1.2232,0.8378,0
78396,9.5291,3.0399,0.1364,-62.6500,58.8700,34.5100,-2.1423,2.0131,1.1801,0
78435,7.7961,1.2279,-0.7612,-92.9600,22.4700,30.8000,-3.1788,0.7684,1.0532,0
78474,10.8121,-1.1322,2.3960,-95.1300,-5.9500,42.3500,-3.2530,-0.2035,1.4482,0
78513,13.5049,-2.6282,3.3990,-67.4100,-0.7700,32.9000,-2.3051,-0.0263,1.1250,0
78552,10.0629,-0.8713,0.6511,-12.5300,8.1200,-15.4000,-0.4285,0.2777,-0.5266,0
78591,6.7501,-1.9101,-0.9263,-3.9900,21.4200,-30.6600,-0.1364,0.7325,-1.0484,0
78630,5.1703,-0.1891,0.1125,16.7300,14.7700,-19.1800,0.5721,0.5051,-0.6559,0
78669,7.6573,2.4008,-0.3638,-15.8900,-0.2800,-4.1300,-0.5434,-0.0096,-0.1412,0
78708,10.5248,1.6947,2.6210,-51.4500,-4.4800,38.0100,-1.7593,-0.1532,1.2997,0
78747,5.7328,1.2040,-2.1447,-21.0700,8.4700,31.7100,-0.7205,0.2896,1.0843,0
78786,6.7261,-1.2830,-0.2537,-23.8000,13.3700,67.4100,-0.8138,0.4572,2.3051,0
78825,4.9836,1.9341,0.3543,-57.8900,24.7800,79.5900,-1.9795,0.8473,2.7216,0
78864,13.4714,4.6796,0.3567,-90.2300,55.5800,61.8800,-3.0854,1.9006,2.1160,0
78903,13.0429,2.7838,-1.5224,-144.9000,50.6800,28.6300,-4.9548,1.7330,0.9790,0
78942,6.2187,-4.9213,-2.5564,-130.1300,75.6700,12.8100,-4.4498,2.5875,0.4380,0
78981,4.2272,-4.7753,-2.1974,-56.6300,104.5100,61.0400,-1.9365,3.5737,2.0873,0
79020,1.6492,-2.9705,0.6559,-53.2000,124.1800,60.7600,-1.8192,4.2463,2.0777,0
79059,0.8378,-2.7623,-0.8880,-54.1100,94.0100,65.8700,-1.8503,3.2147,2.2524,0
79098,4.6365,-3.2936,-0.8378,-59.1500,87.7800,91.1400,-2.0226,3.0016,3.1165,0
79137,5.7112,-4.0022,-0.0503,-44.3100,133.9800,155.7500,-1.5152,4.5814,5.3258,0
79176,6.0463,-7.4897,10.7474,-130.4100,166.8800,200.2000,-4.4594,5.7064,6.8458,0
79215,0.0072,-29.1809,31.3782,-172.7600,187.8800,227.2200,-5.9075,6.4245,7.7698,0
79254,10.3692,-58.4192,5.3881,-42.8400,107.8000,144.0600,-1.4649,3.6862,4.9261,0
79293,0.1628,-13.2033,-6.4963,175.7000,120.5400,112.3500,6.0080,4.1218,3.8418,0
79332,7.5735,5.6681,1.8120,105.2800,22.8200,108.6400,3.6000,0.7803,3.7149,1
79371,-2.8580,-5.0961,2.2141,46.6200,116.8300,76.7900,1.5942,3.9950,2.6258,0
79410,-4.7873,-1.7474,6.1397,46.5500,87.2200,84.8400,1.5918,2.9825,2.9011,0
79449,-5.0434,-0.3543,5.0937,12.6700,104.2300,70.2800,0.4332,3.5641,2.4032,0
79488,-4.0596,-2.9466,6.2857,-23.3100,98.4900,81.4800,-0.7971,3.3679,2.7862,0
79527,-4.2726,-2.7024,4.5527,-9.1000,108.2900,93.4500,-0.3112,3.7030,3.1955,0
79566,-7.7793,-3.7365,4.5910,-23.4500,114.8000,75.4600,-0.8019,3.9256,2.5803,0
79605,-12.5475,-3.4277,2.9011,-54.8800,81.8300,36.2600,-1.8766,2.7982,1.2399,0
79644,-9.2323,-6.4341,2.1926,-81.6200,48.6500,39.4100,-2.7910,1.6636,1.3476,0
79683,-6.4939,-5.4671,0.5960,-80.7100,43.8900,45.0800,-2.7599,1.5008,1.5415,0
79722,-7.0612,-5.4910,0.9096,-72.8000,56.4200,33.5300,-2.4894,1.9293,1.1466,0
79761,-7.7506,-5.1822,1.4912,-75.3900,60.8300,18.2000,-2.5780,2.0801,0.6223,0
79800,-7.1690,-4.6149,1.7019,-81.1300,48.6500,13.3000,-2.7742,1.6636,0.4548,0
79839,-6.2953,-4.5790,1.8407,-89.0400,38.3600,7.0000,-3.0447,1.3117,0.2394,0
79878,-4.9644,-5.2708,-0.6870,-99.8900,36.1900,0.0700,-3.4157,1.2375,0.0024,0
79917,-5.3929,-6.9655,-1.5966,-94.8500,48.9300,-11.6900,-3.2434,1.6732,-0.3997,0
79956,-6.4652,-7.4490,-3.3200,-87.7800,66.5700,-9.1700,-3.0016,2.2764,-0.3136,0
79995,-8.1025,-7.2336,-4.8423,-87.7100,69.0900,-8.4700,-2.9992,2.3625,-0.2896,0
80034,-7.5280,-8.1408,-5.8907,-88.9700,60.9000,-22.6800,-3.0423,2.0825,-0.7755,0
80073,-5.4743,-6.3599,-6.1038,-83.0200,67.1300,-25.2000,-2.8389,2.2955,-0.8617,0
80112,-5.3426,-7.5783,-5.8596,-75.0400,75.2500,-20.7900,-2.5660,2.5732,-0.7109,0
80151,-5.1344,-6.7477,-6.0056,-62.0200,84.5600,-12.8800,-2.1208,2.8915,-0.4404,0
80190,-5.1631,-7.5663,-7.0182,-61.5300,96.0400,-9.5900,-2.1040,3.2841,-0.3279,0
80229,-5.4695,-6.6615,-7.9397,-58.9400,92.6800,-7.9800,-2.0154,3.1692,-0.2729,0
80268,-4.6724,-6.9272,-8.4974,-62.8600,78.1200,-16.6600,-2.1495,2.6713,-0.5697,0
80307,-4.1458,-5.1296,-7.2671,-60.4800,65.8000,-19.6700,-2.0681,2.2500,-0.6726,0
80346,-2.7383,-5.7040,-8.4711,-61.3200,54.8800,-24.0100,-2.0968,1.8766,-0.8210,0
80385,-3.0423,-4.9357,-8.6291,-60.4800,59.3600,-9.1700,-2.0681,2.0298,-0.3136,0
80424,-2.6067,-4.7873,-9.7684,-52.4300,44.4500,-5.3200,-1.7928,1.5200,-0.1819,0
80463,-2.5636,-4.3636,-8.4950,-32.6900,31.1500,1.1900,-1.1178,1.0652,0.0407,0
80502,-2.2428,-4.6556,-9.3759,-14.7000,23.6600,-2.8700,-0.5027,0.8091,-0.0981,0
80541,-2.0992,-3.9471,-9.4333,3.0800,10.7100,-1.6800,0.1053,0.3662,-0.0574,0
80580,-2.0250,-4.5024,-8.9618,27.7900,2.2400,-1.2600,0.9503,0.0766,-0.0431,0
80619,-2.0131,-4.4474,-9.0934,31.8500,-3.8500,2.3800,1.0891,-0.1317,0.0814,0
80658,-1.9388,-4.8088,-8.5764,34.7900,-4.2700,7.7700,1.1896,-0.1460,0.2657,0
80697,-2.3123,-4.8304,-8.8325,35.3500,0.2100,7.1400,1.2088,0.0072,0.2442,0
80736,-2.3410,-5.1966,-8.2940,39.3400,-2.8000,1.8900,1.3452,-0.0957,0.0646,0
80775,-2.3075,-5.1727,-8.0426,35.3500,-3.8500,-0.9800,1.2088,-0.1317,-0.0335,0
80814,-2.4008,-5.0458,-7.1666,26.7400,-7.0700,-5.3200,0.9144,-0.2418,-0.1819,0
80853,-2.1662,-5.4647,-7.6261,16.3100,-2.3800,-10.0800,0.5577,-0.0814,-0.3447,0
80892,-1.6372,-6.0798,-8.8373,16.8700,-9.1700,-8.8200,0.5769,-0.3136,-0.3016,0
80931,-3.1213,-5.4982,-7.8440,13.3000,-15.6100,-3.2900,0.4548,-0.5338,-0.1125,0
80970,-1.9987,-5.8884,-7.3533,20.2300,-19.8100,-13.6500,0.6918,-0.6774,-0.4668,0
81009,-2.0298,-5.8907,-7.6836,13.5100,-15.9600,-1.3300,0.4620,-0.5457,-0.0455,0
81048,-2.5564,-6.4628,-7.5256,14.8400,-12.6700,7.0700,0.5075,-0.4332,0.2418,0
81087,-2.5229,-5.8788,-7.1426,14.6300,-8.6800,6.9300,0.5003,-0.2968,0.2370,0
81126,-2.5325,-6.3072,-7.4897,15.1200,-5.1100,4.7600,0.5170,-0.1747,0.1628,0
81165,-2.6258,-5.7304,-6.9416,14.9800,-0.2100,7.0700,0.5122,-0.0072,0.2418,0
81204,-2.8413,-6.1445,-7.2144,16.0300,-1.9600,8.6800,0.5481,-0.0670,0.2968,0
81243,-3.0256,-5.9554,-7.0804,13.6500,-4.2000,5.2500,0.4668,-0.1436,0.1795,0
81282,-3.1405,-6.0775,-6.9799,12.3900,-4.8300,0.7000,0.4237,-0.1652,0.0239,0
81321,-3.0208,-6.1445,-6.8626,11.7600,-6.3700,-3.3600,0.4021,-0.2178,-0.1149,0
81360,-2.9992,-6.2977,-6.7860,7.3500,-6.9300,-7.5600,0.2513,-0.2370,-0.2585,0
81399,-2.8652,-6.3192,-6.6639,4.0600,-5.6000,-10.0100,0.1388,-0.1915,-0.3423,0
81438,-2.6785,-6.6328,-6.9320,1.8900,-4.3400,-10.2200,0.0646,-0.1484,-0.3495,0
81477,-2.7455,-6.3958,-6.8123,1.8200,-0.7700,-8.4700,0.0622,-0.0263,-0.2896,0
81516,-2.6115,-6.6447,-7.0253,0.8400,-1.6100,-5.2500,0.0287,-0.0551,-0.1795,0
81555,-2.5995,-6.5562,-6.8530,1.1200,-1.1900,-2.1000,0.0383,-0.0407,-0.0718,0
81594,-2.6857,-6.4796,-6.7022,-0.6300,0.4200,0.4200,-0.0215,0.0144,0.0144,0
81633,-2.6498,-6.5442,-6.9272,-2.3800,0.4900,2.0300,-0.0814,0.0168,0.0694,0
81672,-2.7623,-6.4604,-6.8745,-1.1900,1.8200,2.9400,-0.0407,0.0622,0.1005,0
81711,-2.6833,-6.5562,-6.9009,-2.3100,0.7000,3.7800,-0.0790,0.0239,0.1293,0
81750,-2.8197,-6.4317,-6.9009,-2.1700,1.5400,3.8500,-0.0742,0.0527,0.1317,0
81789,-2.7958,-6.4844,-6.9918,-2.2400,-0.5600,2.5900,-0.0766,-0.0191,0.0886,0
81828,-2.8819,-6.3455,-6.8362,-1.2600,0.0700,0.5600,-0.0431,0.0024,0.0191,0
81867,-2.7766,-6.4533,-7.0182,-0.5600,0.2800,-1.2600,-0.0191,0.0096,-0.0431,0
81906,-2.7335,-6.4868,-7.0469,0.7000,-0.4200,-1.6800,0.0239,-0.0144,-0.0574,0
81945,-2.7838,-6.4126,-6.9535,2.1700,-0.6300,-1.1900,0.0742,-0.0215,-0.0407,0
81984,-2.7718,-6.4628,-7.0158,2.7300,-1.5400,-1.8200,0.0934,-0.0527,-0.0622,0
82023,-2.7359,-6.4245,-6.7860,3.7100,-1.8200,-2.6600,0.1269,-0.0622,-0.0910,0
82062,-2.7144,-6.5155,-6.9392,2.1700,-1.4000,-1.8200,0.0742,-0.0479,-0.0622,0
82101,-2.7240,-6.4916,-6.8506,2.3800,-1.2600,-1.1200,0.0814,-0.0431,-0.0383,0
82140,-2.7623,-6.4245,-6.7932,0.3500,-2.5900,-1.4000,0.0120,-0.0886,-0.0479,0
82179,-2.7862,-6.5155,-6.8769,-1.4700,-3.1500,-2.3100,-0.0503,-0.1077,-0.0790,0
82218,-2.6905,-6.4939,-6.8027,-1.4700,-5.1100,-2.0300,-0.0503,-0.1747,-0.0694,0
82257,-2.7934,-6.5538,-6.9463,-0.1400,-2.0300,-1.9600,-0.0048,-0.0694,-0.0670,0
82296,-2.8053,-6.5179,-7.0421,1.6800,-3.3600,-1.7500,0.0574,-0.1149,-0.0598,0
82335,-2.8221,-6.4317,-6.8578,5.6000,-3.3600,-3.4300,0.1915,-0.1149,-0.1173,0
82374,-2.7694,-6.5873,-6.8386,4.6200,-4.8300,-3.9900,0.1580,-0.1652,-0.1364,0
82413,-2.7766,-6.4437,-6.6902,5.3200,-0.9800,-4.9700,0.1819,-0.0335,-0.1699,0
82452,-2.5995,-6.8482,-7.0301,3.6400,-3.7100,-4.8300,0.1245,-0.1269,-0.1652,0
82491,-2.7527,-6.4796,-6.6711,5.4600,0.2800,-1.9600,0.1867,0.0096,-0.0670,0
82530,-2.7240,-6.6400,-6.6926,3.9900,-3.0100,-2.3100,0.1364,-0.1029,-0.0790,0
82569,-2.6857,-6.6902,-6.6998,3.2200,-1.4000,-2.4500,0.1101,-0.0479,-0.0838,0
82608,-2.6881,-6.7357,-6.6663,2.4500,-2.2400,-1.4700,0.0838,-0.0766,-0.0503,0
82647,-2.5612,-6.7309,-6.8147,2.3100,0.0700,-0.7700,0.0790,0.0024,-0.0263,0
82686,-2.6617,-6.8602,-6.8243,1.8200,-0.2800,2.8000,0.0622,-0.0096,0.0957,0
82725,-2.7455,-6.5801,-6.6783,4.5500,1.2600,2.5200,0.1556,0.0431,0.0862,0
82764,-2.7958,-6.8506,-6.7046,3.4300,-3.0100,3.3600,0.1173,-0.1029,0.1149,0
82803,-2.8101,-6.3982,-6.3001,5.8100,-1.1200,0.8400,0.1987,-0.0383,0.0287,0
82842,-2.7838,-6.9033,-6.8243,3.5700,0.5600,-1.4000,0.1221,0.0191,-0.0479,0
82881,-2.7647,-6.8314,-6.6160,5.9500,0.2800,-1.7500,0.2035,0.0096,-0.0598,0
82920,-2.6761,-6.6974,-6.4604,4.5500,-0.2800,-1.4700,0.1556,-0.0096,-0.0503,0
82959,-2.7647,-6.7692,-6.3886,2.9400,-1.9600,-0.7700,0.1005,-0.0670,-0.0263,0
82998,-2.6474,-6.7213,-6.4628,1.2600,0.0700,-1.7500,0.0431,0.0024,-0.0598,0
83037,-2.6761,-6.9224,-6.5993,0.2100,-0.2100,-0.2100,0.0072,-0.0072,-0.0072,0
83076,-2.7407,-6.7836,-6.5466,1.3300,0.3500,-0.2800,0.0455,0.0120,-0.0096,0
83115,-2.7240,-6.8674,-6.5538,0.4200,-0.9100,-0.5600,0.0144,-0.0311,-0.0191,0
83154,-2.7192,-6.8003,-6.5227,-1.1900,-3.2900,-1.5400,-0.0407,-0.1125,-0.0527,0
83193,-2.6378,-6.9104,-6.5059,-1.5400,-2.3800,-1.6800,-0.0527,-0.0814,-0.0574,0
83232,-2.5947,-6.8961,-6.6711,-1.9600,0.2100,-0.1400,-0.0670,0.0072,-0.0048,0
83271,-2.7407,-6.8171,-6.6280,0.0700,1.6800,1.4000,0.0024,0.0574,0.0479,0
83310,-2.7359,-6.8147,-6.5777,0.3500,1.1200,0.2800,0.0120,0.0383,0.0096,0
83349,-2.7024,-6.8219,-6.5921,0.6300,-0.3500,-0.5600,0.0215,-0.0120,-0.0191,0
83388,-2.6857,-6.7836,-6.4916,0.7000,0.3500,-0.7700,0.0239,0.0120,-0.0263,0
83427,-2.6498,-6.8027,-6.5993,-0.6300,-0.3500,-0.8400,-0.0215,-0.0120,-0.0287,0
83466,-2.6306,-6.8841,-6.6256,0.4900,-0.3500,0.0700,0.0168,-0.0120,0.0024,0
83505,-2.6593,-6.8051,-6.4963,0.0700,0.9100,0.7000,0.0024,0.0311,0.0239,0
83544,-2.6952,-6.7979,-6.5753,-1.3300,0.4900,0.4900,-0.0455,0.0168,0.0168,0
83583,-2.6857,-6.8003,-6.6280,-1.5400,-0.8400,-0.3500,-0.0527,-0.0287,-0.0120,0
83622,-2.6234,-6.8506,-6.6735,-1.1900,-1.3300,0.1400,-0.0407,-0.0455,0.0048,0
83661,-2.6426,-6.7979,-6.5586,-0.2800,-0.3500,0.7000,-0.0096,-0.0120,0.0239,0
83700,-2.6665,-6.7501,-6.5873,-1.3300,0.2800,0.8400,-0.0455,0.0096,0.0287,0
83739,-2.6641,-6.7836,-6.6543,-0.7000,-0.7000,0.6300,-0.0239,-0.0239,0.0215,0
83778,-2.6545,-6.7955,-6.6376,-0.2800,-0.0700,0.5600,-0.0096,-0.0024,0.0191,0
83817,-2.6857,-6.8171,-6.6926,0.2100,-0.9100,0.6300,0.0072,-0.0311,0.0215,0
83856,-2.7024,-6.7429,-6.6328,1.0500,-1.5400,0.1400,0.0359,-0.0527,0.0048,0
83895,-2.6928,-6.8075,-6.6711,1.0500,-1.4000,-0.9100,0.0359,-0.0479,-0.0311,0
83934,-2.6809,-6.7884,-6.6232,1.4700,-1.4000,-1.1900,0.0503,-0.0479,-0.0407,0
83973,-2.6641,-6.7955,-6.6256,1.8900,-1.4700,-1.1200,0.0646,-0.0503,-0.0383,0
84012,-2.6402,-6.7979,-6.5418,0.9800,-0.9800,-0.9100,0.0335,-0.0335,-0.0311,0
84051,-2.6115,-6.8769,-6.6376,0.4200,-1.3300,0.1400,0.0144,-0.0455,0.0048,0
84090,-2.6857,-6.7955,-6.6232,1.1200,-0.7000,1.1900,0.0383,-0.0239,0.0407,0
84129,-2.6928,-6.8123,-6.6232,2.0300,-2.2400,0.6300,0.0694,-0.0766,0.0215,0
84168,-2.7168,-6.7860,-6.4724,1.2600,-2.2400,0.3500,0.0431,-0.0766,0.0120,0
84207,-2.6545,-6.8195,-6.5442,1.2600,-1.3300,0.0000,0.0431,-0.0455,0.0000,0
84246,-2.6713,-6.8243,-6.4987,0.4900,-0.7700,0.8400,0.0168,-0.0263,0.0287,0
84285,-2.7168,-6.8027,-6.5873,-0.3500,-0.3500,0.9800,-0.0120,-0.0120,0.0335,0
84324,-2.7144,-6.8314,-6.5969,0.4900,-0.8400,0.4200,0.0168,-0.0287,0.0144,0
84363,-2.6761,-6.8147,-6.5610,0.2800,-0.8400,0.3500,0.0096,-0.0287,0.0120,0
84402,-2.7000,-6.8171,-6.5586,-0.0700,-0.6300,0.9100,-0.0024,-0.0215,0.0311,0
84441,-2.7120,-6.8219,-6.5969,0.2100,-0.5600,0.5600,0.0072,-0.0191,0.0191,0
84480,-2.7000,-6.7932,-6.5825,0.6300,-0.6300,0.8400,0.0215,-0.0215,0.0287,0
84519,-2.7287,-6.7979,-6.5538,0.4200,-0.5600,0.6300,0.0144,-0.0191,0.0215,0
84558,-2.7287,-6.8051,-6.5729,0.5600,-0.4900,0.2100,0.0191,-0.0168,0.0072,0
84597,-2.7144,-6.8099,-6.5562,0.5600,-0.3500,-0.0700,0.0191,-0.0120,-0.0024,0
84636,-2.7120,-6.8123,-6.5873,0.5600,-0.4200,-0.2100,0.0191,-0.0144,-0.0072,0
84675,-2.6761,-6.7932,-6.5562,0.8400,-0.7000,-0.2100,0.0287,-0.0239,-0.0072,0
84714,-2.6617,-6.8554,-6.5801,0.4200,-0.2100,0.4200,0.0144,-0.0072,0.0144,0
84753,-2.7287,-6.8434,-6.6041,0.2100,-0.0700,1.1200,0.0072,-0.0024,0.0383,0
84792,-2.7311,-6.7932,-6.5418,0.2800,-0.3500,0.4900,0.0096,-0.0120,0.0168,0
84831,-2.7168,-6.8267,-6.5921,0.2800,-0.4900,0.1400,0.0096,-0.0168,0.0048,0
84870,-2.6952,-6.8123,-6.5490,0.9100,-0.7000,0.1400,0.0311,-0.0239,0.0048,0
84909,-2.7287,-6.7908,-6.5586,1.0500,-0.5600,0.0000,0.0359,-0.0191,0.0000,0
84948,-2.6905,-6.8123,-6.5394,0.3500,-0.4200,0.0000,0.0120,-0.0144,0.0000,0
84987,-2.7000,-6.8171,-6.5418,0.1400,-0.2800,0.3500,0.0048,-0.0096,0.0120,0
85026,-2.7335,-6.8075,-6.5729,-0.2100,-0.3500,0.2800,-0.0072,-0.0120,0.0096,0
85065,-2.7048,-6.8099,-6.5729,0.1400,-0.8400,-0.3500,0.0048,-0.0287,-0.0120,0
85104,-2.7120,-6.8075,-6.5562,0.4900,-1.1200,-0.6300,0.0168,-0.0383,-0.0215,0
85143,-2.6905,-6.8291,-6.5945,-0.2800,-0.9800,-0.3500,-0.0096,-0.0335,-0.0120,0
85182,-2.6857,-6.8410,-6.5969,0.9800,-1.1200,-0.1400,0.0335,-0.0383,-0.0048,0
85221,-2.7000,-6.8195,-6.5681,0.4900,-0.7000,0.0000,0.0168,-0.0239,0.0000,0
85260,-2.7216,-6.8171,-6.5442,-0.2800,-0.7700,0.0000,-0.0096,-0.0263,0.0000,0
85299,-2.6928,-6.8219,-6.5897,0.2100,-0.2100,-0.1400,0.0072,-0.0072,-0.0048,0
85338,-2.6737,-6.8314,-6.5634,0.4900,-0.9800,0.2800,0.0168,-0.0335,0.0096,0
85377,-2.7072,-6.8314,-6.6136,-0.1400,-0.2100,0.4900,-0.0048,-0.0072,0.0168,0
85416,-2.7096,-6.8051,-6.5825,0.8400,-0.3500,0.2800,0.0287,-0.0120,0.0096,0
85455,-2.7024,-6.8171,-6.5729,0.6300,-0.3500,0.2800,0.0215,-0.0120,0.0096,0
85494,-2.7168,-6.8219,-6.5897,0.4200,-0.5600,0.0000,0.0144,-0.0191,0.0000,0
85533,-2.7048,-6.8147,-6.5562,0.6300,-0.3500,-0.2800,0.0215,-0.0120,-0.0096,0
85572,-2.6761,-6.8219,-6.5825,0.7700,-0.4900,-0.3500,0.0263,-0.0168,-0.0120,0
85611,-2.6809,-6.8314,-6.5658,0.8400,-0.5600,0.0000,0.0287,-0.0191,0.0000,0
85650,-2.7048,-6.8147,-6.5921,0.3500,-0.4900,0.3500,0.0120,-0.0168,0.0120,0
85689,-2.6809,-6.8171,-6.5514,0.7000,-0.4900,0.2100,0.0239,-0.0168,0.0072,0
85728,-2.6881,-6.8338,-6.6112,-0.3500,-0.7000,0.7700,-0.0120,-0.0239,0.0263,0
85767,-2.6857,-6.8075,-6.5586,0.5600,-0.2100,0.9100,0.0191,-0.0072,0.0311,0
85806,-2.6641,-6.8817,-6.5394,0.4200,-0.2800,2.3100,0.0144,-0.0096,0.0790,0
85845,-2.7168,-6.9846,-6.6735,-1.6800,1.1900,0.4200,-0.0574,0.0407,0.0144,0
85884,-2.7527,-6.5299,-6.2905,-1.5400,1.2600,-0.2800,-0.0527,0.0431,-0.0096,0
85923,-2.6402,-6.6567,-6.6974,-2.0300,-2.2400,-0.6300,-0.0694,-0.0766,-0.0215,0
85962,-2.6713,-7.1378,-6.9344,-0.8400,-6.9300,0.6300,-0.0287,-0.2370,0.0215,0
86001,-2.5923,-7.0397,-6.6567,-1.4000,-9.6600,5.6000,-0.0479,-0.3303,0.1915,0
86040,-2.4750,-6.8099,-6.3048,-4.4800,-14.0000,11.3400,-0.1532,-0.4787,0.3878,0
86079,-2.6761,-6.6663,-6.3192,-8.3300,-6.3700,19.8100,-0.2848,-0.2178,0.6774,0
86118,-3.2793,-5.4527,-4.8447,-27.7900,-9.8000,19.2500,-0.9503,-0.3351,0.6583,0
86157,-3.3463,-6.1660,-6.5418,-18.4800,-4.1300,18.5500,-0.6319,-0.1412,0.6343,0
86196,-3.7365,-6.3384,-6.8386,-18.1300,-0.2100,11.4800,-0.6200,-0.0072,0.3926,0
86235,-3.5043,-6.5634,-7.4729,-15.1900,0.7000,-1.6800,-0.5194,0.0239,-0.0574,0
86274,-3.0950,-6.4820,-7.3006,0.8400,4.9700,-1.6100,0.0287,0.1699,-0.0551,0
86313,-3.0447,-6.1038,-6.7812,7.4200,6.7900,1.8900,0.2537,0.2322,0.0646,0
86352,-3.0447,-6.0775,-6.6280,15.4000,18.2700,-1.3300,0.5266,0.6247,-0.0455,0
86391,-2.9873,-6.0511,-6.4293,23.4500,31.2900,-5.9500,0.8019,1.0700,-0.2035,0
86430,-2.9466,-6.4150,-7.3413,18.9700,46.4100,-20.5100,0.6487,1.5870,-0.7013,0
86469,-2.8293,-6.8650,-6.5346,18.2700,45.7800,-24.8500,0.6247,1.5654,-0.8497,0
86508,-2.6210,-6.5729,-7.6740,21.3500,53.2700,-38.0100,0.7301,1.8216,-1.2997,0
86547,-2.2237,-7.4969,-7.7075,30.5200,38.0800,-45.5700,1.0436,1.3021,-1.5583,0
86586,-2.1136,-7.3413,-7.1354,42.4200,27.3000,-51.6600,1.4505,0.9335,-1.7665,0
86625,-1.1896,-8.1049,-7.7099,51.8000,10.4300,-58.2400,1.7713,0.3567,-1.9915,0
86664,-0.8473,-7.7482,-6.0272,50.5400,-4.6900,-51.5900,1.7282,-0.1604,-1.7641,0
86703,-0.2465,-8.2628,-6.1038,45.3600,-3.3600,-43.9600,1.5511,-0.1149,-1.5032,0
86742,-0.1604,-7.9062,-5.1176,41.7200,-6.1600,-38.2200,1.4266,-0.2106,-1.3069,0
86781,0.0838,-8.1001,-5.2612,37.8700,-1.5400,-35.8400,1.2950,-0.0527,-1.2255,0
86820,0.2011,-8.0714,-4.5144,36.8200,-0.7000,-37.1700,1.2591,-0.0239,-1.2710,0
86859,0.1149,-8.5884,-5.1104,31.7800,2.8000,-38.4300,1.0867,0.0957,-1.3141,0
86898,0.3950,-8.8684,-5.0554,31.1500,-2.8000,-38.7800,1.0652,-0.0957,-1.3261,0
86937,0.7277,-9.1724,-5.2421,31.4300,-1.6100,-38.7800,1.0747,-0.0551,-1.3261,0
86976,0.6942,-8.8565,-3.9399,29.9600,-5.4600,-34.3700,1.0245,-0.1867,-1.1753,0
87015,1.6205,-8.7368,-4.4498,29.5400,-2.4500,-31.0100,1.0101,-0.0838,-1.0604,0
87054,1.7378,-8.4855,-3.9304,26.8100,1.8900,-24.5700,0.9168,0.0646,-0.8402,0
87093,2.0107,-8.7751,-3.6144,25.2700,9.5900,-22.2600,0.8641,0.3279,-0.7612,0
87132,2.8030,-8.7129,-3.4660,24.4300,24.1500,-15.0500,0.8354,0.8258,-0.5146,0
87171,2.8532,-8.6841,-3.0902,25.6900,36.1900,-14.0700,0.8785,1.2375,-0.4811,0
87210,2.9801,-8.9091,-3.5282,30.7300,44.4500,-14.6300,1.0508,1.5200,-0.5003,0
87249,2.8173,-9.3256,-4.1242,26.3200,45.9200,-18.9000,0.9000,1.5702,-0.6463,0
87288,2.3242,-9.9432,-3.1548,35.9100,49.4900,-19.8100,1.2279,1.6923,-0.6774,0
87327,2.1064,-9.3926,-3.1955,34.7900,41.1600,-28.3500,1.1896,1.4075,-0.9694,0
87366,2.0418,-9.2921,-2.5612,40.6000,39.7600,-28.7000,1.3883,1.3596,-0.9814,0
87405,2.2476,-9.3879,-1.8934,41.9300,30.5900,-38.6400,1.4338,1.0460,-1.3213,0
87444,3.4875,-9.3735,-1.8862,44.9400,34.7200,-42.8400,1.5367,1.1872,-1.4649,0
87483,3.8322,-10.1466,-1.6588,53.9000,40.0400,-49.3500,1.8431,1.3692,-1.6875,0
87522,3.9495,-9.8929,-1.9795,50.3300,36.0500,-47.7400,1.7210,1.2327,-1.6325,0
87561,4.0572,-11.9538,-1.8024,83.6500,67.2000,-51.2400,2.8604,2.2979,-1.7521,0
87600,3.4444,-10.5296,-0.1269,86.3100,45.2900,-39.6200,2.9514,1.5487,-1.3548,0
87639,4.9405,-10.1299,-0.2777,88.4800,21.7700,-38.7100,3.0256,0.7444,-1.3237,0
87678,4.6102,-8.2293,1.4194,73.2900,11.2000,-23.5900,2.5061,0.3830,-0.8067,0
87717,5.9195,-7.9349,1.7426,73.5700,-16.3100,-28.6300,2.5157,-0.5577,-0.9790,0
87756,4.9979,-7.3772,3.8921,53.7600,-11.7600,-34.7900,1.8383,-0.4021,-1.1896,0
87795,4.1242,-7.0828,4.0022,43.7500,-24.8500,-30.4500,1.4960,-0.8497,-1.0412,0
87834,5.3474,-7.1785,5.0003,27.5100,-48.0900,-20.9300,0.9407,-1.6444,-0.7157,0
87873,6.5466,-7.2958,4.8064,26.3200,-43.1900,-23.1700,0.9000,-1.4769,-0.7923,0
87912,6.5681,-7.4825,4.3971,30.4500,-34.2300,-28.2800,1.0412,-1.1705,-0.9670,0
87951,6.2713,-9.0671,2.8030,47.1800,-9.9400,-31.4300,1.6133,-0.3399,-1.0747,0
87990,7.7386,-7.0373,4.4306,50.9600,-39.7600,-30.5200,1.7426,-1.3596,-1.0436,0
88029,6.0559,-6.7740,3.1716,51.8000,-22.9600,-25.6200,1.7713,-0.7851,-0.8761,0
88068,6.1636,-5.5173,2.0298,42.0700,-28.7700,-10.9900,1.4386,-0.9838,-0.3758,0
88107,5.0338,-5.7615,0.9718,40.1800,-38.2200,-16.8700,1.3739,-1.3069,-0.5769,0
88146,5.2780,-4.7250,0.3160,31.0800,-48.5800,1.6100,1.0628,-1.6612,0.0551,0
88185,5.9338,-3.8011,0.3614,22.0500,-59.0100,14.3500,0.7540,-2.0178,0.4907,0
88224,6.1636,-3.0615,1.5391,-5.3900,-53.0600,20.2300,-0.1843,-1.8144,0.6918,0
88263,5.9458,-2.8987,1.4793,-31.5000,-51.8000,26.6000,-1.0771,-1.7713,0.9096,0
88302,7.8583,-5.5796,0.5697,-35.8400,-52.9900,15.0500,-1.2255,-1.8120,0.5146,0
88341,7.9062,-7.5998,2.4439,-48.3000,-46.6900,-5.2500,-1.6516,-1.5966,-0.1795,0
88380,6.1277,-8.4065,-1.7306,-16.4500,-31.9900,-31.1500,-0.5625,-1.0939,-1.0652,0
88419,7.1307,-8.2269,1.4960,-8.5400,-56.9100,-48.8600,-0.2920,-1.9460,-1.6708,0
88458,12.0999,-8.1025,-0.9958,3.8500,-41.4400,-56.9800,0.1317,-1.4170,-1.9484,0
88497,14.9626,-8.0546,-0.3255,27.8600,-25.4100,-40.3200,0.9527,-0.8689,-1.3787,0
88536,12.3679,-3.9734,0.9814,51.6600,1.4700,-40.1800,1.7665,0.0503,-1.3739,0
88575,8.4639,-2.8197,1.1466,51.9400,0.9100,-68.3200,1.7761,0.0311,-2.3362,0
88614,11.2908,-3.0854,1.6085,28.2100,-17.9900,-72.5200,0.9646,-0.6152,-2.4798,0
88653,11.4655,-3.3942,-0.6559,16.2400,-5.1100,-85.7500,0.5553,-0.1747,-2.9322,0
88692,10.4411,-4.8663,-0.3016,16.2400,16.5200,-82.2500,0.5553,0.5649,-2.8125,0
88731,9.5746,-3.2410,-1.0005,33.2500,14.7000,-77.9800,1.1370,0.5027,-2.6665,0
88770,8.7727,-1.2950,0.2944,15.0500,14.4900,-83.9300,0.5146,0.4955,-2.8700,0
88809,7.7267,-1.0652,0.6942,-6.7200,11.2700,-81.0600,-0.2298,0.3854,-2.7718,0
88848,6.8817,-0.6798,0.5481,-14.9800,-4.2000,-72.3800,-0.5122,-0.1436,-2.4750,0
88887,7.7841,-0.1388,1.7545,-27.2300,-8.7500,-50.6100,-0.9311,-0.2992,-1.7306,0
88926,9.4908,0.2896,1.1920,-31.5000,-5.9500,-41.3000,-1.0771,-0.2035,-1.4122,0
88965,10.0964,0.1628,1.5200,-41.6500,-0.9100,-34.0200,-1.4242,-0.0311,-1.1633,0
89004,8.9714,0.2059,1.0915,-38.1500,-1.4700,-35.2800,-1.3045,-0.0503,-1.2064,0
89043,7.7171,0.0096,0.7708,-33.5300,-4.0600,-32.0600,-1.1466,-0.1388,-1.0963,0
89082,7.0517,-0.2035,0.5793,-30.1700,-2.3100,-22.8900,-1.0317,-0.0790,-0.7827,0
89121,6.8913,-0.2489,0.1915,-24.5000,-11.6200,-15.1200,-0.8378,-0.3973,-0.5170,0
89160,7.4993,0.2944,0.3782,-21.0000,-16.2400,-4.6900,-0.7181,-0.5553,-0.1604,0
89199,8.8206,0.6678,0.4692,-19.1100,-22.6100,7.4900,-0.6535,-0.7731,0.2561,0
89238,9.6559,0.7684,-0.0527,-31.0100,-14.9100,13.0200,-1.0604,-0.5098,0.4452,0
89277,10.0629,0.3638,0.0790,-40.0400,-9.7300,11.0600,-1.3692,-0.3327,0.3782,0
89316,10.7068,0.6200,-0.0072,-40.9500,5.8100,7.7000,-1.4003,0.1987,0.2633,0
89355,10.2591,1.3548,0.1747,-47.6700,26.1800,0.9800,-1.6301,0.8952,0.0335,0
89394,9.8403,0.4380,0.2322,-46.4800,24.1500,-5.5300,-1.5894,0.8258,-0.1891,0
89433,9.7708,-0.2561,0.5075,-60.0600,13.0200,-3.2900,-2.0537,0.4452,-0.1125,0
89472,9.5674,-0.5769,-0.1819,-63.7700,14.3500,2.9400,-2.1806,0.4907,0.1005,0
89511,8.9618,-0.2992,-0.3231,-73.6400,42.2100,12.8100,-2.5181,1.4434,0.4380,0
89550,8.9785,0.0072,1.9436,-75.2500,59.4300,18.5500,-2.5732,2.0322,0.6343,0
89589,12.3703,-1.0771,6.8027,-88.0600,54.0400,37.6600,-3.0112,1.8479,1.2878,0
89628,13.1411,-0.1676,2.3889,-9.8700,-34.0200,11.9700,-0.3375,-1.1633,0.4093,0
89667,9.1820,1.3955,0.4931,18.6200,-21.9800,-27.3700,0.6367,-0.7516,-0.9359,0
89706,6.4317,0.9503,1.0628,-10.9200,-9.5200,-24.0100,-0.3734,-0.3255,-0.8210,0
89745,7.0493,0.8306,2.0992,-58.4500,-2.3800,31.2200,-1.9987,-0.0814,1.0676,0
89784,8.9881,0.0191,2.8436,-83.7900,-23.8000,69.5800,-2.8652,-0.8138,2.3793,0
89823,11.6953,-1.1849,1.4458,-96.9500,-31.7100,40.0400,-3.3152,-1.0843,1.3692,0
89862,10.7259,-2.3170,1.1872,-112.1400,-3.0100,4.4100,-3.8346,-0.1029,0.1508,0
89901,9.1988,-3.1022,1.7569,-100.4500,1.1200,-9.8700,-3.4349,0.0383,-0.3375,0
89940,8.0785,-3.7700,1.9891,-75.4600,5.0400,-8.5400,-2.5803,0.1723,-0.2920,0
89979,7.6166,-3.3367,1.5415,-56.3500,7.0000,-7.9800,-1.9269,0.2394,-0.2729,0
90018,8.1432,-2.4200,1.2806,-47.4600,21.3500,-12.7400,-1.6229,0.7301,-0.4356,0
90057,9.1150,-0.4452,0.0862,-51.3800,15.7500,-21.7000,-1.7569,0.5386,-0.7420,0
90096,10.4794,-0.4835,-2.0968,-73.8500,-1.4000,-16.4500,-2.5253,-0.0479,-0.5625,0
90135,11.7217,-2.8053,-0.1484,-141.0500,6.3700,-11.4100,-4.8232,0.2178,-0.3902,0
90174,13.7347,-2.7862,2.2859,-175.6300,7.4200,-17.6400,-6.0056,0.2537,-0.6032,0
90213,9.7493,-3.2458,1.6540,-149.2400,3.4300,-31.0800,-5.1032,0.1173,-1.0628,0
90252,9.5722,-1.2830,1.5918,-120.4700,24.2900,-17.9200,-4.1195,0.8306,-0.6128,0
90291,9.8403,-0.5936,0.9910,-125.5100,36.6800,-22.7500,-4.2918,1.2543,-0.7779,0
90330,9.2658,-0.6798,0.4476,-121.3100,3.5000,-27.2300,-4.1482,0.1197,-0.9311,0
90369,9.4932,-1.2471,0.3950,-105.2800,0.1400,-7.9100,-3.6000,0.0048,-0.2705,0
90408,10.2041,-0.4428,0.6942,-83.8600,25.1300,2.9400,-2.8676,0.8593,0.1005,0
90447,11.1161,0.4452,-0.2202,-75.5300,26.0400,-7.4200,-2.5827,0.8904,-0.2537,0
90486,10.3908,0.6654,-0.7444,-104.0900,8.6100,-25.6200,-3.5593,0.2944,-0.8761,0
90525,10.0222,0.4692,-0.6439,-140.6300,3.2900,-29.4700,-4.8088,0.1125,-1.0077,0
90564,9.8259,0.0311,-0.1580,-155.1200,17.0100,-24.6400,-5.3043,0.5817,-0.8426,0
90603,9.8809,-1.1609,0.3423,-144.9700,34.1600,-16.5200,-4.9572,1.1681,-0.5649,0
90642,10.2639,-1.5511,0.8091,-122.9200,34.0900,-16.0300,-4.2032,1.1657,-0.5481,0
90681,10.0198,-1.3644,0.7899,-103.5300,29.4000,-16.9400,-3.5402,1.0053,-0.5793,0
90720,9.8714,-0.2872,0.8928,-108.4300,25.9700,-12.6700,-3.7077,0.8880,-0.4332,0
90759,9.6440,0.3399,0.2513,-112.5600,27.0200,-8.4000,-3.8490,0.9239,-0.2872,0
90798,9.7038,0.1795,-0.0527,-115.2900,26.3200,-0.0700,-3.9423,0.9000,-0.0024,0
90837,9.7804,0.2011,1.3763,-133.0700,8.5400,5.8800,-4.5503,0.2920,0.2011,0
90876,9.8259,0.2130,1.6708,-131.6000,-9.9400,6.5100,-4.5000,-0.3399,0.2226,0
90915,9.8690,-0.0934,1.6899,-115.7100,-31.2900,-1.1200,-3.9567,-1.0700,-0.0383,0
90954,9.8546,0.3734,1.6779,-107.4500,-43.1900,-5.2500,-3.6742,-1.4769,-0.1795,0
90993,10.0844,0.3543,1.4170,-106.4700,-28.2800,-7.7700,-3.6407,-0.9670,-0.2657,0
91032,11.3482,0.0622,0.9551,-114.8700,-6.3700,-5.1800,-3.9280,-0.2178,-0.1771,0
91071,10.7068,-0.9479,1.4817,-125.8600,9.6600,-7.7700,-4.3038,0.3303,-0.2657,0
91110,10.4482,-1.8886,-0.7708,-124.1800,27.6500,-12.5300,-4.2463,0.9455,-0.4285,0
91149,9.4094,-3.6455,-0.1293,-112.7700,46.4100,-22.1900,-3.8562,1.5870,-0.7588,0
91188,9.1150,-4.1099,0.4859,-113.3300,45.5000,-24.5700,-3.8753,1.5559,-0.8402,0
91227,9.1509,-2.9849,-0.0527,-77.9800,34.3000,-12.8100,-2.6665,1.1729,-0.4380,0
91266,9.2275,-2.3266,-0.2537,-53.2000,32.2700,-8.4700,-1.8192,1.1035,-0.2896,0
91305,9.1198,-2.4702,0.4285,-58.3100,16.8000,-13.2300,-1.9939,0.5745,-0.4524,0
91344,8.9091,-2.5827,1.2088,-59.0800,1.0500,-8.0500,-2.0202,0.0359,-0.2753,0
91383,9.1509,-1.6253,2.0394,-71.1200,-3.8500,7.3500,-2.4319,-0.1317,0.2513,0
91422,9.5626,-2.0777,1.4362,-63.9100,2.0300,10.7100,-2.1854,0.0694,0.3662,0
91461,9.5530,-2.3123,1.5559,-55.0900,5.7400,-0.4900,-1.8838,0.1963,-0.0168,0
91500,9.2993,-2.2141,2.6234,-62.0900,3.0800,-10.5700,-2.1232,0.1053,-0.3614,0
91539,8.9283,-1.8240,2.6282,-57.0500,-0.6300,-9.3800,-1.9508,-0.0215,-0.3207,0
91578,8.6722,-1.6612,2.2500,-55.3700,-2.1000,-14.4200,-1.8934,-0.0718,-0.4931,0
91617,9.6799,-1.7378,1.9365,-64.8900,-2.4500,-19.6700,-2.2189,-0.0838,-0.6726,0
91656,11.0802,-0.3495,3.9854,-88.5500,14.0000,-21.0700,-3.0280,0.4787,-0.7205,0
91695,12.1980,-0.4883,2.4176,-59.0100,33.3200,-24.8500,-2.0178,1.1394,-0.8497,0
91734,11.2836,-1.2064,2.0633,-57.1900,47.8100,-16.7300,-1.9556,1.6349,-0.5721,0
91773,9.4022,-1.3189,2.4008,-65.9400,41.5100,-26.3900,-2.2548,1.4194,-0.9024,0
91812,7.5807,-2.3242,0.0024,-40.0400,49.8400,-31.9900,-1.3692,1.7043,-1.0939,0
91851,10.0677,-3.6120,0.6247,-2.1700,41.2300,-30.8000,-0.0742,1.4099,-1.0532,0
91890,11.1974,-1.3763,-0.0407,11.0600,26.8800,-4.0600,0.3782,0.9192,-0.1388,0
91929,10.1897,0.7372,1.0245,17.9900,-13.4400,-30.1000,0.6152,-0.4596,-1.0293,0
91968,9.5578,1.6349,0.3758,2.7300,-29.3300,-22.4000,0.0934,-1.0029,-0.7660,0
92007,10.0844,-0.3112,0.7588,-17.2200,-34.0200,-1.6800,-0.5888,-1.1633,-0.0574,0
92046,10.2280,-0.8091,2.0801,-20.8600,-9.4500,2.3800,-0.7133,-0.3231,0.0814,0
92085,9.8115,-0.7013,2.1495,-19.2500,-3.7800,-6.3700,-0.6583,-0.1293,-0.2178,0
92124,9.7756,-0.4596,1.5894,-14.9800,-8.2600,-8.4700,-0.5122,-0.2824,-0.2896,0
92163,9.8187,-0.2705,2.0849,-13.3700,-12.6700,-3.9200,-0.4572,-0.4332,-0.1340,0
92202,9.7565,0.2154,2.0825,-18.5500,-14.8400,-0.7000,-0.6343,-0.5075,-0.0239,0
92241,10.1179,-0.6056,0.9144,-11.0600,-17.2200,-2.7300,-0.3782,-0.5888,-0.0934,0
92280,9.6751,-0.1628,0.4883,-9.3100,3.3600,-2.3100,-0.3184,0.1149,-0.0790,0
92319,10.0150,-1.1705,1.8335,-21.8400,1.7500,-7.7000,-0.7468,0.0598,-0.2633,0
92358,11.2549,-0.2537,1.6277,-26.7400,-16.2400,-18.9700,-0.9144,-0.5553,-0.6487,0
92397,11.7001,0.7325,0.7684,-32.9000,-39.9000,-40.4600,-1.1250,-1.3644,-1.3835,0
92436,11.6786,0.1364,0.4596,-12.3900,-32.9000,-87.0100,-0.4237,-1.1250,-2.9753,0
92475,8.2748,0.2585,0.3040,0.8400,-2.3100,-74.2000,0.0287,-0.0790,-2.5373,0
92514,7.4346,1.5343,-0.4500,28.0000,17.2200,-29.6100,0.9575,0.5888,-1.0125,0
92553,7.9804,1.8814,-0.4835,30.8000,7.0000,19.2500,1.0532,0.2394,0.6583,0
92592,9.9791,2.6761,1.1370,14.4200,4.5500,40.0400,0.4931,0.1556,1.3692,0
92631,10.3046,2.3123,1.3644,7.4900,8.6100,35.2800,0.2561,0.2944,1.2064,0
92670,9.7637,1.5822,1.1154,14.2100,-7.9100,20.4400,0.4859,-0.2705,0.6989,0
92709,9.2610,0.3207,1.8431,6.9300,-22.1200,19.1800,0.2370,-0.7564,0.6559,0
92748,10.2950,0.1628,1.7306,3.5700,-26.2500,41.2300,0.1221,-0.8976,1.4099,0
92787,11.0634,-0.3136,1.1346,7.2100,-8.1200,56.5600,0.2465,-0.2777,1.9341,0
92826,10.8863,0.7851,0.5553,10.7100,-26.8100,28.8400,0.3662,-0.9168,0.9862,0
92865,8.6315,0.9359,0.0120,5.6700,-10.2900,28.8400,0.1939,-0.3519,0.9862,0
92904,10.7379,-1.5822,0.9359,-10.9200,-15.1900,51.3100,-0.3734,-0.5194,1.7545,0
92943,11.6092,-2.9466,0.7157,-20.2300,-13.1600,37.5200,-0.6918,-0.4500,1.2830,0
92982,10.5296,-3.2601,-0.6774,-2.5900,-5.0400,5.3200,-0.0886,-0.1723,0.1819,0
93021,8.9067,-2.4128,-0.0048,15.6100,9.5900,-7.2800,0.5338,0.3279,-0.2489,0
93060,8.4424,-1.8024,-0.5864,32.7600,14.7700,-21.2800,1.1202,0.5051,-0.7277,0
93099,7.8176,-1.1011,-0.0718,31.0800,16.5200,-30.1000,1.0628,0.5649,-1.0293,0
93138,8.8158,-1.0795,0.5984,20.7200,13.6500,-31.5000,0.7085,0.4668,-1.0771,0
93177,10.2591,-1.2495,0.1747,-16.6600,1.0500,-21.2100,-0.5697,0.0359,-0.7253,0
93216,10.3477,-1.1992,-0.3207,10.4300,-10.1500,-21.8400,0.3567,-0.3471,-0.7468,0
93255,13.0286,-0.5649,2.5564,-0.4200,-18.3400,-12.1800,-0.0144,-0.6271,-0.4165,0
93294,11.4488,0.5290,0.2513,2.1000,-2.8700,6.6500,0.0718,-0.0981,0.2274,0
93333,9.5243,-1.3907,1.5798,-23.8700,-9.8700,-9.7300,-0.8162,-0.3375,-0.3327,0
93372,9.6942,-0.0144,1.2423,0.7000,-22.0500,-24.5700,0.0239,-0.7540,-0.8402,0
93411,8.9211,1.8670,0.1197,9.1000,-7.1400,-24.7800,0.3112,-0.2442,-0.8473,0
93450,9.3472,2.0490,-0.6750,-3.9900,-4.1300,-9.5900,-0.1364,-0.1412,-0.3279,0
93489,10.0222,1.0508,-0.5697,-11.9700,3.1500,-4.7600,-0.4093,0.1077,-0.1628,0
93528,9.9982,1.2160,-0.4500,-8.5400,-6.0900,-13.7900,-0.2920,-0.2082,-0.4715,0
93567,10.0557,1.9269,-0.1484,-5.9500,-6.7200,-12.7400,-0.2035,-0.2298,-0.4356,0
93606,10.3573,1.8144,-0.6965,-3.9200,4.6900,-14.4200,-0.1340,0.1604,-0.4931,0
93645,9.8594,1.4649,-0.4237,-1.3300,-1.8200,-18.7600,-0.0455,-0.0622,-0.6415,0
93684,10.2950,1.0580,0.0431,3.0100,4.4800,-13.2300,0.1029,0.1532,-0.4524,0
93723,9.9216,1.3237,0.1412,4.0600,8.0500,-11.6200,0.1388,0.2753,-0.3973,0
93762,10.0054,0.5290,-0.4117,-8.5400,19.8100,-11.1300,-0.2920,0.6774,-0.3806,0
93801,10.3764,0.7516,0.2418,-8.6800,36.7500,-3.9200,-0.2968,1.2567,-0.1340,0
93840,9.7349,0.9718,0.5434,-0.5600,39.6900,1.3300,-0.0191,1.3572,0.0455,0
93879,9.6200,0.9048,0.3902,1.2600,27.5100,9.9400,0.0431,0.9407,0.3399,0
93918,9.4094,1.8455,0.8258,-16.8000,-0.3500,23.7300,-0.5745,-0.0120,0.8114,0
93957,10.2759,2.0011,-0.0239,-24.0100,-26.2500,42.8400,-0.8210,-0.8976,1.4649,0
93996,11.1998,0.7612,-0.2777,-21.0700,-22.5400,55.0200,-0.7205,-0.7708,1.8814,0
94035,7.8009,0.0335,1.1849,-37.5900,-16.6600,40.6000,-1.2854,-0.5697,1.3883,0
94074,8.5166,-1.1322,2.7886,-32.4100,-43.6100,45.8500,-1.1083,-1.4912,1.5678,0
94113,12.0017,-0.7253,2.5253,-22.6100,-46.5500,98.2800,-0.7731,-1.5918,3.3607,0
94152,12.1381,-1.8862,-0.5242,-1.8900,-17.5700,40.8800,-0.0646,-0.6008,1.3979,0
94191,10.1179,-1.8431,-0.2394,3.9900,6.7200,25.9700,0.1364,0.2298,0.8880,0
94230,9.6105,-2.0729,0.7181,3.5000,7.2100,29.9600,0.1197,0.2465,1.0245,0
94269,8.0067,-2.1950,0.0503,8.6100,14.5600,12.9500,0.2944,0.4979,0.4428,0
94308,7.8464,-2.1256,-0.0886,19.2500,18.4100,-6.3000,0.6583,0.6295,-0.2154,0
94347,6.9751,-1.9412,-0.1843,28.9100,12.1100,-25.7600,0.9886,0.4141,-0.8809,0
94386,6.7812,-2.3482,-0.4644,20.5800,-15.1200,-34.7200,0.7037,-0.5170,-1.1872,0
94425,10.0988,-2.9873,-0.7301,18.6200,-38.3600,-27.4400,0.6367,-1.3117,-0.9383,0
94464,12.2004,-2.9801,-0.2920,40.1800,-28.2100,-35.1400,1.3739,-0.9646,-1.2016,0
94503,10.5871,-1.1705,1.7306,55.0900,-14.7000,-47.8800,1.8838,-0.5027,-1.6372,0
94542,10.1012,0.4763,0.4955,74.6900,-34.5100,-45.1500,2.5540,-1.1801,-1.5439,0
94581,13.6940,2.3697,1.9077,28.9800,-24.9200,1.6800,0.9910,-0.8521,0.0574,0
94620,12.2124,1.3548,-0.8976,-0.4200,-10.2200,9.0300,-0.0144,-0.3495,0.3088,0
94659,9.8115,-0.7037,-0.1029,-9.5900,-18.6900,-47.8800,-0.3279,-0.6391,-1.6372,0
94698,9.5004,0.6702,-2.1112,30.3800,-12.0400,-47.6700,1.0388,-0.4117,-1.6301,0
94737,9.3496,1.9053,-1.8599,35.4200,-2.0300,-31.0100,1.2112,-0.0694,-1.0604,0
94776,8.4998,1.7665,-1.7952,20.7900,9.6600,-20.7900,0.7109,0.3303,-0.7109,0
94815,9.2969,1.6061,-1.6277,11.4100,1.0500,-15.1900,0.3902,0.0359,-0.5194,0
94854,10.1227,1.9652,-1.5247,10.7100,7.7000,-16.8700,0.3662,0.2633,-0.5769,0
94893,9.8690,1.8934,-1.0747,1.8900,14.2100,-21.0700,0.0646,0.4859,-0.7205,0
94932,9.8690,2.9968,-0.4620,-10.9200,25.2700,-11.7600,-0.3734,0.8641,-0.4021,0
94971,10.0868,3.1907,-1.7545,-11.8300,29.4700,-9.9400,-0.4045,1.0077,-0.3399,0
95010,10.2879,2.3482,-1.3213,-19.6000,14.0000,-4.2700,-0.6702,0.4787,-0.1460,0
95049,10.0557,2.1088,-1.1585,-29.8200,17.5700,7.1400,-1.0197,0.6008,0.2442,0
95088,9.0097,2.5325,-1.5271,-54.9500,19.5300,22.6100,-1.8790,0.6678,0.7731,0
95127,9.1724,1.3093,-1.9819,-64.2600,10.0100,26.3900,-2.1974,0.3423,0.9024,0
95166,10.1323,2.1806,0.0694,-98.1400,11.2000,34.3000,-3.3559,0.3830,1.1729,0
95205,10.9916,1.3811,-1.5080,-65.3800,12.3200,11.3400,-2.2357,0.4213,0.3878,0
95244,11.6163,0.5673,0.9551,-61.6000,30.1000,12.6700,-2.1064,1.0293,0.4332,0
95283,8.2820,1.4529,1.3716,-44.5900,39.4800,14.6300,-1.5247,1.3500,0.5003,0
95322,7.0708,1.0436,0.1819,-46.2700,11.6200,26.6000,-1.5822,0.3973,0.9096,0
95361,7.1283,1.1298,-0.4548,-48.9300,-15.1200,52.6400,-1.6732,-0.5170,1.8000,0
95400,9.1293,1.4075,0.7061,-50.7500,-10.0100,54.2500,-1.7354,-0.3423,1.8551,0
95439,8.7823,0.9527,-0.7995,-59.9900,5.9500,24.8500,-2.0513,0.2035,0.8497,0
95478,5.5604,-0.9024,-0.4356,-59.9200,16.8700,4.7600,-2.0490,0.5769,0.1628,0
95517,5.9243,-1.5870,-2.2165,-43.2600,0.6300,7.2100,-1.4793,0.0215,0.2465,0
95556,8.8565,0.0191,1.0029,-23.0300,18.9000,65.3800,-0.7875,0.6463,2.2357,0
95595,7.7267,-0.9024,-2.7431,-35.2800,24.0800,64.6800,-1.2064,0.8234,2.2117,0
95634,7.8368,-0.5984,0.6391,-44.4500,42.7700,83.8600,-1.5200,1.4625,2.8676,0
95673,5.4096,1.0771,1.4529,-23.5200,54.3900,51.6600,-0.8043,1.8599,1.7665,0
95712,9.7301,1.8742,-4.2990,-78.9600,16.8000,29.4000,-2.7000,0.5745,1.0053,0
95751,10.2496,-2.8293,1.0029,-107.9400,65.3100,66.7100,-3.6910,2.2333,2.2811,0
95790,8.4352,-2.6617,-0.2370,-80.2900,82.3900,102.0600,-2.7455,2.8173,3.4899,0
95829,6.8793,-3.6766,-1.9508,-62.3700,133.9100,104.4400,-2.1327,4.5790,3.5713,0
95868,4.1458,-5.4072,-0.0886,-49.7700,135.7300,98.0700,-1.7019,4.6413,3.3535,0
95907,1.3692,-1.7115,1.3500,-41.5100,118.6500,107.8000,-1.4194,4.0572,3.6862,0
95946,6.9248,-4.1889,3.2242,-5.5300,112.4200,141.6800,-0.1891,3.8442,4.8447,0
95985,11.9826,-9.7732,26.5790,-166.1100,242.7600,245.8400,-5.6801,8.3011,8.4065,0
96024,-2.4559,-58.6849,15.0321,-101.1500,184.3100,199.2900,-3.4588,6.3025,6.8147,0
96063,1.7091,-16.6861,-10.6134,162.8200,7.1400,44.6600,5.5676,0.2442,1.5271,0
96102,-0.0359,-6.4844,2.4846,142.0300,132.8600,3.0100,4.8567,4.5431,0.1029,0
96141,-0.6702,3.2194,4.3229,168.5600,31.9200,35.7700,5.7639,1.0915,1.2232,1
96180,-1.0269,0.0144,4.7274,107.5200,65.8000,63.6300,3.6766,2.2500,2.1758,0
96219,-2.7575,1.4194,5.4216,78.4700,48.7900,82.8800,2.6833,1.6684,2.8341,0
96258,-4.3995,-1.7330,8.0881,24.7100,67.5500,69.6500,0.8450,2.3099,2.3817,0
96297,-6.6041,-3.3463,6.3240,19.9500,71.1200,49.9100,0.6822,2.4319,1.7067,0
96336,-8.2509,-5.3594,7.0708,5.8100,54.4600,37.5200,0.1987,1.8623,1.2830,0
96375,-8.0594,-5.1990,7.0325,0.3500,28.3500,44.3100,0.0120,0.9694,1.5152,0
96414,-8.1456,-5.8213,6.6256,0.3500,-13.7200,45.9200,0.0120,-0.4692,1.5702,0
96453,-8.0283,-5.3546,5.7064,-5.2500,-26.4600,24.3600,-0.1795,-0.9048,0.8330,0
96492,-5.9362,-5.9961,5.9410,-9.7300,-34.4400,19.0400,-0.3327,-1.1777,0.6511,0
96531,-4.7418,-6.8099,5.9075,-3.9900,-41.2300,10.8500,-0.1364,-1.4099,0.3710,0
96570,-4.3660,-6.6495,6.8291,7.6300,-52.0800,3.4300,0.2609,-1.7809,0.1173,0
96609,-3.6551,-6.0009,6.5969,23.5200,-57.6800,-3.0800,0.8043,-1.9724,-0.1053,0
96648,-3.6623,-6.1205,7.5663,33.1100,-64.0500,-14.2800,1.1322,-2.1902,-0.4883,0
96687,-2.8053,-5.4599,7.3868,40.0400,-71.6800,-15.3300,1.3692,-2.4511,-0.5242,0
96726,-3.2075,-6.0727,9.1964,40.1100,-72.1000,-18.5500,1.3716,-2.4654,-0.6343,0
96765,-2.4870,-5.0243,8.3011,39.5500,-82.1100,-21.7000,1.3524,-2.8077,-0.7420,0
96804,-0.6104,-4.7155,8.8349,32.9000,-84.9100,-21.1400,1.1250,-2.9035,-0.7229,0
96843,1.0412,-3.6240,8.6650,25.2700,-80.8500,-21.7700,0.8641,-2.7647,-0.7444,0
96882,5.8764,-3.5857,8.0833,8.3300,-63.2100,-25.7600,0.2848,-2.1615,-0.8809,0
96921,7.6573,-3.6551,7.2264,25.2000,-37.3800,-27.8600,0.8617,-1.2782,-0.9527,0
96960,4.9788,-3.5952,7.7865,31.5700,-19.6700,-32.1300,1.0795,-0.6726,-1.0987,0
96999,3.7796,-2.9514,7.6716,28.2100,-7.6300,-29.1900,0.9646,-0.2609,-0.9981,0
97038,3.9160,-2.1806,8.7440,23.6600,-2.3100,-17.6400,0.8091,-0.0790,-0.6032,0
97077,4.0213,-1.8311,8.4328,14.7700,3.3600,-12.3900,0.5051,0.1149,-0.4237,0
97116,3.3439,-3.3822,8.7105,6.2300,7.2800,-13.9300,0.2130,0.2489,-0.4763,0
97155,1.9795,-4.4043,9.0144,14.2800,14.6300,-7.2800,0.4883,0.5003,-0.2489,0
97194,1.1681,-3.2793,8.8230,26.7400,17.5000,5.2500,0.9144,0.5984,0.1795,0
97233,0.7731,-2.3984,9.6368,21.1400,14.7700,9.9400,0.7229,0.5051,0.3399,0
97272,0.8904,-2.2835,9.9767,14.7000,6.4400,3.7100,0.5027,0.2202,0.1269,0
97311,1.1729,-2.2787,9.8187,11.2700,-4.2000,-0.3500,0.3854,-0.1436,-0.0120,0
97350,1.2734,-2.8867,9.2825,6.5100,-8.8200,1.3300,0.2226,-0.3016,0.0455,0
97389,1.6755,-2.9131,9.2275,6.3700,-11.6200,1.8900,0.2178,-0.3973,0.0646,0
97428,2.1016,-2.9131,9.1198,5.4600,-12.3900,-1.6800,0.1867,-0.4237,-0.0574,0
97467,2.3649,-3.0280,9.3137,6.1600,-8.7500,-5.1800,0.2106,-0.2992,-0.1771,0
97506,2.5827,-2.8867,9.2203,6.5100,-5.8800,-5.6000,0.2226,-0.2011,-0.1915,0
97545,2.8795,-2.6617,9.0863,4.1300,-1.4700,-2.7300,0.1412,-0.0503,-0.0934,0
97584,2.4152,-2.6091,9.2442,6.0200,1.7500,-0.6300,0.2059,0.0598,-0.0215,0
97623,1.9077,-2.4056,9.3400,5.6700,2.3100,-0.1400,0.1939,0.0790,-0.0048,0
97662,1.7641,-2.4176,9.3232,4.3400,0.9100,0.8400,0.1484,0.0311,0.0287,0
97701,1.9388,-2.5780,9.1772,3.9200,-1.6100,1.6800,0.1340,-0.0551,0.0574,0
97740,2.1112,-2.4870,9.3184,4.2700,-1.7500,1.9600,0.1460,-0.0598,0.0670,0
97779,2.1495,-2.2740,9.3783,5.4600,-0.9800,1.8900,0.1867,-0.0335,0.0646,0
97818,2.1830,-2.1639,9.3735,0.1400,-0.2100,1.4700,0.0048,-0.0072,0.0503,0
97857,1.9963,-2.2668,9.4692,-0.3500,0.4200,0.4900,-0.0120,0.0144,0.0168,0
97896,1.9556,-2.3769,9.2490,-1.4700,-0.3500,-0.6300,-0.0503,-0.0120,-0.0215,0
97935,2.0418,-2.5684,9.3041,-3.0800,-1.3300,-0.9800,-0.1053,-0.0455,-0.0335,0
97974,2.0585,-2.6019,9.2610,-1.1900,-1.4700,-0.4900,-0.0407,-0.0503,-0.0168,0
98013,2.1662,-2.5875,9.1246,-0.4900,-1.2600,-0.0700,-0.0168,-0.0431,-0.0024,0
98052,2.3027,-2.6785,9.2275,-0.5600,0.2100,0.2100,-0.0191,0.0072,0.0072,0
98091,2.0873,-2.6665,9.2586,2.1700,1.1200,0.7700,0.0742,0.0383,0.0263,0
98130,2.0274,-2.5708,9.3017,1.4000,0.3500,0.9100,0.0479,0.0120,0.0311,0
98169,2.0825,-2.5133,9.2395,2.0300,-0.2100,0.1400,0.0694,-0.0072,0.0048,0
98208,2.0322,-2.3769,9.3256,2.3100,0.0700,0.0700,0.0790,0.0024,0.0024,0
98247,1.9987,-2.3242,9.3041,0.7000,-0.9800,0.2100,0.0239,-0.0335,0.0072,0
98286,2.1232,-2.4272,9.2897,0.9800,-1.1200,0.6300,0.0335,-0.0383,0.0215,0
98325,2.1279,-2.4583,9.2658,1.4700,-1.0500,0.6300,0.0503,-0.0359,0.0215,0
98364,2.1950,-2.4942,9.2490,0.3500,-1.0500,0.2100,0.0120,-0.0359,0.0072,0
98403,2.1208,-2.5205,9.2873,0.3500,0.1400,-0.2100,0.0120,0.0048,-0.0072,0
98442,2.0394,-2.5444,9.2706,1.1200,0.0000,0.3500,0.0383,0.0000,0.0120,0
98481,2.0873,-2.5301,9.2035,1.4000,-0.6300,0.3500,0.0479,-0.0215,0.0120,0
98520,2.0825,-2.3673,9.3304,2.3800,-0.4200,0.7700,0.0814,-0.0144,0.0263,0
98559,2.0250,-2.3841,9.3280,1.4700,-0.9100,1.0500,0.0503,-0.0311,0.0359,0
98598,2.0968,-2.4583,9.3448,1.0500,-0.9800,0.7000,0.0359,-0.0335,0.0239,0
98637,2.1950,-2.4654,9.1820,0.2100,-0.9100,0.7000,0.0072,-0.0311,0.0239,0
98676,2.0298,-2.3889,9.3184,1.0500,-0.3500,0.5600,0.0359,-0.0120,0.0191,0
98715,2.0346,-2.3817,9.2706,0.6300,-0.4900,0.3500,0.0215,-0.0168,0.0120,0
98754,2.2189,-2.4463,9.2490,0.0700,-0.0700,0.9800,0.0024,-0.0024,0.0335,0
98793,2.1232,-2.4607,9.3184,0.7000,0.7000,1.2600,0.0239,0.0239,0.0431,0
98832,2.0513,-2.4343,9.2562,1.1200,0.8400,0.9800,0.0383,0.0287,0.0335,0
98871,2.0873,-2.4319,9.3304,0.6300,0.4200,0.4200,0.0215,0.0144,0.0144,0
98910,2.0849,-2.4128,9.3017,1.6800,-0.0700,0.7000,0.0574,-0.0024,0.0239,0
98949,2.0107,-2.3673,9.3041,1.9600,-0.4900,0.5600,0.0670,-0.0168,0.0191,0
98988,2.0992,-2.3577,9.3687,0.4200,-0.9100,0.2100,0.0144,-0.0311,0.0072,0
99027,2.0298,-2.4176,9.3352,0.3500,-0.9800,0.0000,0.0120,-0.0335,0.0000,0
99066,2.0226,-2.4487,9.2921,1.1900,-1.4000,-0.2800,0.0407,-0.0479,-0.0096,0
99105,2.0968,-2.4272,9.2825,1.0500,-1.3300,0.8400,0.0359,-0.0455,0.0287,0
99144,2.0849,-2.3984,9.2777,1.6100,-0.7700,1.1200,0.0551,-0.0263,0.0383,0
99183,2.0825,-2.3673,9.3232,0.9800,-0.8400,0.6300,0.0335,-0.0287,0.0215,0
99222,2.2045,-2.4032,9.2849,0.6300,-0.3500,0.4200,0.0215,-0.0120,0.0144,0
99261,2.1806,-2.3386,9.2777,1.4700,0.2800,0.0700,0.0503,0.0096,0.0024,0
99300,2.0585,-2.3266,9.3160,1.0500,0.4900,0.3500,0.0359,0.0168,0.0120,0
99339,2.0585,-2.3170,9.3017,0.4900,-0.6300,0.5600,0.0168,-0.0215,0.0191,0
99378,2.0466,-2.3960,9.3352,-0.2100,-0.7000,0.6300,-0.0072,-0.0239,0.0215,0
99417,2.0992,-2.4415,9.1964,-0.3500,-1.8200,0.3500,-0.0120,-0.0622,0.0120,0
99456,2.1399,-2.4295,9.3232,0.0700,-1.7500,0.2800,0.0024,-0.0598,0.0096,0
99495,2.1423,-2.3386,9.3280,0.6300,-0.7000,0.6300,0.0215,-0.0239,0.0215,0
99534,2.0873,-2.3649,9.2801,0.7700,-0.1400,0.2800,0.0263,-0.0048,0.0096,0
99573,2.2141,-2.4272,9.2418,0.1400,-0.9800,-0.0700,0.0048,-0.0335,-0.0024,0
99612,2.1232,-2.3577,9.3017,1.4700,0.7000,0.3500,0.0503,0.0239,0.0120,0
99651,1.9508,-2.3458,9.2634,1.6800,0.7700,0.2800,0.0574,0.0263,0.0096,0
99690,2.0729,-2.3601,9.3137,1.1900,0.0000,0.3500,0.0407,0.0000,0.0120,0
99729,2.1710,-2.3769,9.3137,1.1200,0.0700,0.7700,0.0383,0.0024,0.0263,0
99768,2.1232,-2.3912,9.3017,1.0500,0.2800,0.3500,0.0359,0.0096,0.0120,0
99807,2.0561,-2.3625,9.2945,0.7000,0.0700,-0.4200,0.0239,0.0024,-0.0144,0
99846,2.0705,-2.3912,9.3256,1.1200,0.2100,-0.4200,0.0383,0.0072,-0.0144,0
99885,2.0944,-2.3338,9.2610,1.7500,-0.0700,-0.0700,0.0598,-0.0024,-0.0024,0
99924,2.1088,-2.4224,9.2993,1.8200,0.0000,0.0000,0.0622,0.0000,0.0000,0
99963,2.1160,-2.2931,9.3472,2.1700,0.2800,0.2800,0.0742,0.0096,0.0096,0
100002,2.0753,-2.2835,9.3663,1.4000,-0.0700,0.4200,0.0479,-0.0024,0.0144,0
100041,2.0609,-2.2859,9.3280,1.2600,-0.2100,0.0700,0.0431,-0.0072,0.0024,0
100080,2.0633,-2.3242,9.3400,0.7700,-0.2100,-0.2100,0.0263,-0.0072,-0.0072,0
100119,2.1088,-2.2740,9.3448,0.8400,-0.2100,0.3500,0.0287,-0.0072,0.0120,0
100158,2.0131,-2.2524,9.3256,0.7000,-0.3500,0.6300,0.0239,-0.0120,0.0215,0
100197,2.1064,-2.2907,9.3232,0.2100,-0.4900,0.2800,0.0072,-0.0168,0.0096,0
100236,2.1184,-2.2955,9.3304,0.2800,-0.2100,0.2100,0.0096,-0.0072,0.0072,0
100275,2.0202,-2.3218,9.3137,0.4900,0.2800,0.0700,0.0168,0.0096,0.0024,0
100314,2.0609,-2.3266,9.3472,0.2800,-0.4900,-0.2100,0.0096,-0.0168,-0.0072,0
100353,2.0777,-2.2859,9.3424,0.5600,-0.4200,-0.0700,0.0191,-0.0144,-0.0024,0
100392,2.0705,-2.3147,9.2897,0.2800,-0.6300,0.2100,0.0096,-0.0215,0.0072,0
100431,2.0825,-2.3529,9.3184,0.6300,-0.4200,0.2100,0.0215,-0.0144,0.0072,0
100470,2.0466,-2.3051,9.3017,1.0500,-0.2100,0.1400,0.0359,-0.0072,0.0048,0
100509,2.1016,-2.2979,9.2993,0.9100,-0.6300,0.3500,0.0311,-0.0215,0.0120,0
100548,2.1088,-2.3338,9.3232,1.1200,-0.4900,0.6300,0.0383,-0.0168,0.0215,0
100587,2.0657,-2.3482,9.3639,0.9800,-1.0500,0.1400,0.0335,-0.0359,0.0048,0
100626,2.0849,-2.2572,9.3113,0.8400,-1.0500,0.4200,0.0287,-0.0359,0.0144,0
100665,2.0968,-2.2045,9.3567,0.6300,-0.7000,0.9100,0.0215,-0.0239,0.0311,0
100704,2.0849,-2.2069,9.3926,0.7700,-0.2800,0.9800,0.0263,-0.0096,0.0335,0
100743,2.0250,-2.2261,9.3280,0.2100,-0.2800,0.2800,0.0072,-0.0096,0.0096,0
100782,2.0322,-2.2093,9.3472,-0.5600,-0.7000,0.4200,-0.0191,-0.0239,0.0144,0
100821,2.0992,-2.3003,9.3089,-0.6300,-0.9100,0.4900,-0.0215,-0.0311,0.0168,0
100860,2.1615,-2.3458,9.2634,0.0700,-0.5600,0.2100,0.0024,-0.0191,0.0072,0
100899,2.0777,-2.3960,9.3041,0.9100,0.1400,0.4200,0.0311,0.0048,0.0144,0
100938,2.0490,-2.3123,9.2993,1.3300,-0.4200,0.6300,0.0455,-0.0144,0.0215,0
100977,2.1351,-2.3458,9.3711,1.0500,-0.7700,0.7000,0.0359,-0.0263,0.0239,0
101016,2.0849,-2.2189,9.3280,1.6100,-0.3500,0.7700,0.0551,-0.0120,0.0263,0
101055,2.0442,-2.2021,9.3663,0.6300,-0.6300,0.8400,0.0215,-0.0215,0.0287,0
101094,2.0849,-2.1615,9.3400,0.0000,-1.1200,0.8400,0.0000,-0.0383,0.0287,0
101133,2.0681,-2.2452,9.3759,-0.2800,-0.8400,1.0500,-0.0096,-0.0287,0.0359,0
101172,2.1327,-2.3075,9.3400,-0.1400,-1.1200,0.3500,-0.0048,-0.0383,0.0120,0
101211,2.0873,-2.3170,9.4429,-0.5600,-0.7000,0.2100,-0.0191,-0.0239,0.0072,0
101250,2.0442,-2.3051,9.5004,-6.1600,-2.9400,-0.0700,-0.2106,-0.1005,-0.0024,0
101289,2.1686,-2.1830,9.2442,-3.3600,-0.9100,-0.8400,-0.1149,-0.0311,-0.0287,0
101328,2.1184,-2.3936,9.2490,-3.2200,-1.2600,0.0700,-0.1101,-0.0431,0.0024,0
101367,2.3003,-2.5349,9.3089,-8.3300,-1.1900,1.3300,-0.2848,-0.0407,0.0455,0
101406,2.2811,-2.8915,9.9528,-25.4100,5.4600,3.1500,-0.8689,0.1867,0.1077,0
101445,2.5157,-1.8838,9.8139,-24.0800,15.4000,2.6600,-0.8234,0.5266,0.0910,0
101484,1.8646,-2.1639,9.4381,-11.3400,10.3600,-5.5300,-0.3878,0.3543,-0.1891,0
101523,1.6157,-2.1878,9.0791,-17.5700,9.1700,-3.0800,-0.6008,0.3136,-0.1053,0
101562,1.9341,-2.3362,9.2466,-22.7500,3.0800,-3.5000,-0.7779,0.1053,-0.1197,0
101601,1.9412,-2.7886,9.4309,-25.4800,4.6900,3.2200,-0.8713,0.1604,0.1101,0
101640,2.0298,-2.6809,9.5482,-22.1900,6.5100,3.9200,-0.7588,0.2226,0.1340,0
101679,2.2165,-1.6923,9.1796,-19.8100,15.1900,4.6900,-0.6774,0.5194,0.1604,0
101718,2.4367,-2.0992,9.1748,-32.2700,20.6500,9.8700,-1.1035,0.7061,0.3375,0
101757,2.2764,-2.5564,8.6339,-47.0400,27.7900,-0.2800,-1.6085,0.9503,-0.0096,0
101796,1.7426,-2.8508,8.7033,-54.0400,34.9300,-8.2600,-1.8479,1.1944,-0.2824,0
101835,1.7306,-3.2554,8.2581,-62.8600,35.7700,-8.8900,-2.1495,1.2232,-0.3040,0
101874,1.6013,-3.7173,7.7793,-70.8400,40.0400,-3.5700,-2.4224,1.3692,-0.1221,0
101913,1.2662,-4.1625,7.3676,-74.8300,41.9300,-1.8200,-2.5588,1.4338,-0.0622,0
101952,0.6080,-4.5503,6.8075,-82.1100,45.8500,-0.9800,-2.8077,1.5678,-0.0335,0
101991,-0.2106,-4.9620,6.4556,-86.5200,47.3200,3.9900,-2.9585,1.6181,0.1364,0
102030,-0.8067,-6.0631,6.1158,-92.3300,39.7600,3.5000,-3.1572,1.3596,0.1197,0
102069,-1.6636,-7.6860,6.2283,-100.3800,38.0800,0.1400,-3.4325,1.3021,0.0048,0
102108,-1.4458,-8.9618,4.9285,-79.5200,28.0000,0.0000,-2.7192,0.9575,0.0000,0
102147,-1.3021,-8.3251,5.6610,-56.4900,12.2500,2.3100,-1.9317,0.4189,0.0790,0
102186,-1.4434,-7.8440,4.5072,-49.2100,19.1800,-3.7800,-1.6827,0.6559,-0.1293,0
102225,-1.3021,-8.7152,5.6849,-79.3800,28.0000,-8.9600,-2.7144,0.9575,-0.3064,0
102264,-2.2045,-9.5363,4.9070,-67.1300,22.8900,-17.7100,-2.2955,0.7827,-0.6056,0
102303,-1.0724,-10.1945,5.1248,-60.8300,8.8200,-20.3700,-2.0801,0.3016,-0.6965,0
102342,-0.6965,-10.0126,3.3966,-45.1500,15.7500,-27.7900,-1.5439,0.5386,-0.9503,0
102381,-0.7325,-9.3496,3.1500,-35.2800,20.8600,-37.7300,-1.2064,0.7133,-1.2902,0
102420,-0.7468,-9.1988,2.6833,-32.1300,11.9000,-41.7200,-1.0987,0.4069,-1.4266,0
102459,-0.8210,-9.3639,2.5540,-40.0400,12.4600,-35.9100,-1.3692,0.4261,-1.2279,0
102498,-0.2537,-9.7373,3.3702,-38.1500,8.6800,-39.4800,-1.3045,0.2968,-1.3500,0
102537,0.2801,-9.8355,3.4373,-32.9000,11.5500,-48.1600,-1.1250,0.3950,-1.6468,0
102576,1.4386,-10.0700,2.4319,-18.4100,13.1600,-59.2200,-0.6295,0.4500,-2.0250,0
102615,1.6205,-9.6847,2.4631,-27.0200,18.6200,-67.9700,-0.9239,0.6367,-2.3242,0
102654,1.5176,-10.3262,1.9412,-16.1700,26.6000,-67.4800,-0.5529,0.9096,-2.3075,0
102693,1.9676,-9.5195,1.4817,-24.5700,12.8800,-63.2800,-0.8402,0.4404,-2.1639,0
102732,2.4966,-9.8929,2.0753,-13.7900,9.5200,-71.0500,-0.4715,0.3255,-2.4295,0
102771,2.9561,-9.3998,2.5444,-7.8400,10.9200,-73.4300,-0.2681,0.3734,-2.5109,0
102810,3.1692,-9.3041,2.2213,-5.1800,13.3000,-76.3700,-0.1771,0.4548,-2.6115,0
