timestamp_ms,waist_x,waist_y,waist_z,waist_gx,waist_gy,waist_gz,thigh_x,thigh_y,thigh_z,event_flag
684638,-5.8788,-7.9565,-1.8862,49.2800,28.5600,16.1700,1.6851,0.9766,0.5529,0
684677,-6.2546,-8.2102,-1.0915,43.1200,29.3300,17.5700,1.4745,1.0029,0.6008,0
684716,-6.0463,-8.1384,-1.2351,36.2600,30.5200,11.6200,1.2399,1.0436,0.3973,0
684755,-7.0205,-8.3442,-1.9460,31.3600,27.3700,0.5600,1.0724,0.9359,0.0191,0
684794,-6.8745,-6.5945,-2.6713,50.1900,30.6600,-15.8900,1.7162,1.0484,-0.5434,0
684833,-7.2240,-6.9894,-1.9652,65.7300,48.7900,0.2100,2.2476,1.6684,0.0072,0
684872,-7.9062,-6.6998,-1.7402,76.7900,56.6300,8.8900,2.6258,1.9365,0.3040,0
684911,-7.2719,-5.3665,-1.4146,72.9400,54.7400,17.3600,2.4942,1.8718,0.5936,0
684950,-7.9948,-5.1655,-0.3255,61.9500,49.9800,21.8400,2.1184,1.7091,0.7468,0
684989,-8.3897,-5.6538,-0.1388,44.9400,32.1300,13.5800,1.5367,1.0987,0.4644,0
685028,-6.6950,-6.2235,-1.4122,45.2200,17.7800,-0.7000,1.5463,0.6080,-0.0239,0
685067,-6.2474,-6.3025,-1.6684,48.8600,24.8500,3.7800,1.6708,0.8497,0.1293,0
685106,-6.6112,-6.0463,-1.4099,52.2200,42.9800,4.7600,1.7857,1.4697,0.1628,0
685145,-6.6759,-6.1062,-1.0580,48.3700,58.1700,7.7700,1.6540,1.9891,0.2657,0
685184,-6.8482,-5.7998,-0.5625,56.5600,71.7500,7.8400,1.9341,2.4535,0.2681,0
685223,-7.5615,-6.0655,0.1173,50.8900,79.1000,13.7200,1.7402,2.7048,0.4692,0
685262,-8.1216,-6.2737,-0.2681,52.8500,71.4700,1.6100,1.8072,2.4439,0.0551,0
685301,-7.5448,-6.1660,0.0838,46.7600,68.2500,-5.4600,1.5990,2.3338,-0.1867,0
685340,-7.6237,-5.5173,0.2274,31.2200,61.2500,-7.6300,1.0676,2.0944,-0.2609,0
685379,-7.2527,-6.8793,-0.3040,19.6700,52.3600,2.3800,0.6726,1.7904,0.0814,0
685418,-8.7081,-6.8434,-0.4356,34.1600,53.1300,-0.4200,1.1681,1.8168,-0.0144,0
685457,-8.4926,-9.3783,-2.2069,71.6800,18.6200,12.3900,2.4511,0.6367,0.4237,0
685496,-7.8272,-6.3647,-0.8067,26.0400,-3.3600,-12.3200,0.8904,-0.1149,-0.4213,0
685535,-7.4418,-5.9386,-0.4069,9.1700,7.9100,-17.8500,0.3136,0.2705,-0.6104,0
685574,-5.1415,-8.2916,-2.3218,6.4400,23.8700,-9.3100,0.2202,0.8162,-0.3184,0
685613,-3.4325,-8.2987,-4.3995,17.7800,17.9200,-31.9200,0.6080,0.6128,-1.0915,0
685652,-5.0961,-5.6514,-4.3277,5.0400,22.5400,-23.0300,0.1723,0.7708,-0.7875,0
685691,-5.6466,-6.7022,-1.8934,18.7600,51.8000,9.4500,0.6415,1.7713,0.3231,0
685730,-6.3695,-7.8152,-1.9077,10.0100,57.3300,20.0200,0.3423,1.9604,0.6846,0
685769,-6.6950,-7.8799,-2.6857,4.7600,40.8100,5.3200,0.1628,1.3955,0.1819,0
685808,-6.5418,-7.0469,-2.8269,5.3900,31.1500,-4.0600,0.1843,1.0652,-0.1388,0
685847,-5.9099,-7.2144,-2.1279,16.3100,35.2100,-0.2800,0.5577,1.2040,-0.0096,0
685886,-6.2929,-7.2695,-2.2764,32.6200,31.9900,-4.8300,1.1154,1.0939,-0.1652,0
685925,-6.2019,-6.9487,-2.6426,42.8400,43.0500,-8.1200,1.4649,1.4721,-0.2777,0
685964,-6.2665,-7.8033,-1.9077,40.6700,41.3700,-1.7500,1.3907,1.4146,-0.0598,0
686003,-6.3647,-7.7027,-1.6229,49.2800,32.2700,-5.8800,1.6851,1.1035,-0.2011,0
686042,-6.1229,-7.0732,-1.4027,50.4700,23.8000,-14.1400,1.7258,0.8138,-0.4835,0
686081,-5.7423,-7.4011,-1.2016,51.3800,17.0800,-16.1700,1.7569,0.5840,-0.5529,0
686120,-5.5102,-7.7985,-1.8718,45.9900,8.4000,-17.2200,1.5726,0.2872,-0.5888,0
686159,-5.3977,-8.0666,-1.5104,35.8400,12.1800,-5.5300,1.2255,0.4165,-0.1891,0
686198,-5.2804,-9.2083,-1.3237,33.1100,30.1700,3.2900,1.1322,1.0317,0.1125,0
686237,-5.6897,-8.5549,-2.0035,38.1500,23.3800,-15.9600,1.3045,0.7995,-0.5457,0
686276,-5.7591,-8.0833,-0.8091,40.8800,32.7600,-13.7200,1.3979,1.1202,-0.4692,0
686315,-5.8477,-8.3993,-0.2513,33.3200,33.7400,-10.2900,1.1394,1.1537,-0.3519,0
686354,-5.7543,-7.4969,-1.0412,38.2900,20.7200,-20.8600,1.3093,0.7085,-0.7133,0
686393,-5.5149,-6.1253,-0.5457,40.1100,19.1100,-12.1100,1.3716,0.6535,-0.4141,0
686432,-6.0511,-7.9589,1.3979,20.4400,29.6800,17.7100,0.6989,1.0149,0.6056,0
686471,-7.2216,-10.9653,0.6152,-14.0000,24.2900,24.5700,-0.4787,0.8306,0.8402,0
686510,-6.3025,-9.0264,-1.4434,-9.1000,-27.5800,-20.7200,-0.3112,-0.9431,-0.7085,0
686549,-3.5306,-7.6596,-0.5290,-13.3000,-43.1900,-10.2900,-0.4548,-1.4769,-0.3519,0
686588,-2.5444,-6.8458,0.0957,-34.5100,-48.9300,5.6000,-1.1801,-1.6732,0.1915,0
686627,-3.0519,-7.1067,-0.8785,-53.9000,-29.4000,48.3000,-1.8431,-1.0053,1.6516,0
686666,-3.9280,-7.2671,-1.7569,-58.0300,-2.5200,72.1700,-1.9843,-0.0862,2.4678,0
686705,-6.3647,-8.9690,-0.8330,-51.8700,21.1400,83.0900,-1.7737,0.7229,2.8413,0
686744,-8.7296,-9.1940,-0.5649,-33.3200,16.0300,58.8700,-1.1394,0.5481,2.0131,0
686783,-8.1312,-8.1767,-0.0862,-28.0000,-19.1100,25.7600,-0.9575,-0.6535,0.8809,0
686822,-6.1540,-6.8075,0.7109,-27.9300,-56.0000,-12.7400,-0.9551,-1.9149,-0.4356,0
686861,-6.6352,-6.7070,-1.2040,-39.6200,-70.2800,-14.7700,-1.3548,-2.4032,-0.5051,0
686900,-5.3019,-6.8889,-2.2452,-31.8500,-59.9900,-17.9900,-1.0891,-2.0513,-0.6152,0
686939,-4.5407,-6.7644,-2.2237,-26.4600,-38.4300,-17.6400,-0.9048,-1.3141,-0.6032,0
686978,-5.5030,-7.0110,-1.6564,-29.8200,-18.6200,1.0500,-1.0197,-0.6367,0.0359,0
687017,-6.2929,-7.1354,-1.1322,-26.5300,1.0500,8.2600,-0.9072,0.0359,0.2824,0
687056,-7.0182,-7.1474,-1.0963,-32.5500,2.5900,18.4800,-1.1130,0.0886,0.6319,0
687095,-6.6112,-6.3455,-1.2878,-28.8400,-1.8900,24.1500,-0.9862,-0.0646,0.8258,0
687134,-7.4155,-6.3240,-1.6133,-29.4700,-15.6100,25.8300,-1.0077,-0.5338,0.8833,0
687173,-7.4873,-5.2636,-1.1106,-26.0400,-15.4700,20.7900,-0.8904,-0.5290,0.7109,0
687212,-6.9248,-6.1181,-0.6630,-20.7200,-5.7400,17.4300,-0.7085,-0.1963,0.5960,0
687251,-7.0541,-5.8261,-1.6181,-28.0700,-4.2700,3.2900,-0.9598,-0.1460,0.1125,0
687290,-7.9158,-6.1684,-1.4697,-30.5200,-8.9600,-5.2500,-1.0436,-0.3064,-0.1795,0
687329,-8.2748,-5.5006,-0.9575,-23.3100,-10.0100,-12.8800,-0.7971,-0.3423,-0.4404,0
687368,-7.5759,-4.9453,-1.4027,-20.7200,-3.1500,-7.4200,-0.7085,-0.1077,-0.2537,0
687407,-9.0599,-11.3028,-3.6862,-5.0400,-4.8300,42.1400,-0.1723,-0.1652,1.4410,0
687446,-6.1732,-8.1671,-2.4607,6.0200,-16.6600,14.7000,0.2059,-0.5697,0.5027,0
687485,-7.6285,-6.2546,-1.6899,5.5300,2.8700,13.7900,0.1891,0.0981,0.4715,0
687524,-5.8142,-7.8224,-1.8575,44.3100,28.2100,-5.2500,1.5152,0.9646,-0.1795,0
687563,-6.1229,-7.3940,-2.5971,29.5400,16.5900,-28.1400,1.0101,0.5673,-0.9622,0
687602,-6.2953,-7.2049,-2.8389,16.5200,6.7900,-35.9100,0.5649,0.2322,-1.2279,0
687641,-6.5370,-5.6993,-3.2314,3.9900,-6.4400,-44.5200,0.1364,-0.2202,-1.5224,0
687680,-5.0937,-6.5945,-3.1788,1.5400,7.3500,-4.2000,0.0527,0.2513,-0.1436,0
687719,-4.9668,-7.9972,-3.2123,42.2100,42.3500,-17.7800,1.4434,1.4482,-0.6080,0
687758,-5.9075,-7.1043,-2.8030,55.3000,44.8700,-25.2000,1.8910,1.5343,-0.8617,0
687797,-6.7692,-6.0894,-2.0011,30.7300,43.8200,-17.6400,1.0508,1.4984,-0.6032,0
687836,-7.0469,-6.4963,-1.5630,23.2400,33.6000,-12.2500,0.7947,1.1489,-0.4189,0
687875,-7.5759,-6.2450,-2.1040,35.9800,10.0800,-19.8100,1.2303,0.3447,-0.6774,0
687914,-7.3772,-6.7213,-1.4314,55.0900,3.6400,-25.1300,1.8838,0.1245,-0.8593,0
687953,-6.6112,-7.9612,-1.1106,58.8700,-12.0400,-37.4500,2.0131,-0.4117,-1.2806,0
687992,-5.6562,-9.0001,-1.2016,53.2000,-24.9900,-45.8500,1.8192,-0.8545,-1.5678,0
688031,-4.9213,-8.2700,-1.6325,40.8100,-22.1200,-46.4800,1.3955,-0.7564,-1.5894,0
688070,-5.6514,-8.2557,-2.6306,50.3300,0.3500,-26.0400,1.7210,0.0120,-0.8904,0
688109,-6.7213,-8.5668,-2.7575,61.6700,30.0300,-12.6700,2.1088,1.0269,-0.4332,0
688148,-6.6424,-5.9554,-0.9096,46.3400,49.2800,-2.3800,1.5846,1.6851,-0.0814,0
688187,-6.1062,-8.0115,2.9370,19.3900,65.0300,53.9000,0.6630,2.2237,1.8431,0
688226,-7.1498,-10.5344,0.6319,-50.1900,53.8300,71.4700,-1.7162,1.8407,2.4439,0
688265,-3.9806,-7.7626,-1.6540,-73.6400,13.1600,37.5200,-2.5181,0.4500,1.2830,0
688304,-1.9508,-5.5102,-0.7061,-79.8700,19.8800,61.5300,-2.7311,0.6798,2.1040,0
688343,-5.5245,-8.1767,-0.3734,-99.5400,24.5000,130.2700,-3.4038,0.8378,4.4546,0
688382,-9.2131,-10.2879,-1.0412,-75.8800,11.7600,101.4300,-2.5947,0.4021,3.4684,0
688421,-7.8009,-7.2958,-0.9694,-17.7100,3.2900,21.7700,-0.6056,0.1125,0.7444,0
688460,-7.5902,-6.2570,-0.7875,-7.7700,-25.4100,-7.6300,-0.2657,-0.8689,-0.2609,0
688499,-7.0947,-5.1846,-0.8067,-20.0200,-36.7500,5.5300,-0.6846,-1.2567,0.1891,0
688538,-6.0822,-4.7346,-1.8886,-25.2700,-33.0400,3.0800,-0.8641,-1.1298,0.1053,0
688577,-5.4743,-4.6939,-2.5420,-20.1600,-18.2700,-7.9800,-0.6894,-0.6247,-0.2729,0
688616,-6.5299,-4.4905,-2.5827,-31.0100,-0.8400,-5.8100,-1.0604,-0.0287,-0.1987,0
688655,-7.5974,-5.3953,-2.2740,-30.1700,21.6300,-10.2200,-1.0317,0.7396,-0.3495,0
688694,-8.3993,-7.1618,-2.0274,-31.7800,19.3900,12.9500,-1.0867,0.6630,0.4428,0
688733,-9.3352,-5.8668,-3.0399,-37.3800,7.2100,20.3700,-1.2782,0.2465,0.6965,0
688772,-10.8145,-3.5641,-2.6833,-44.9400,13.6500,34.0200,-1.5367,0.4668,1.1633,0
688811,-11.1544,-5.6705,0.0191,-35.5600,-4.0600,24.3600,-1.2160,-0.1388,0.8330,0
688850,-12.6600,-7.8104,-7.6525,-26.8800,-44.5900,10.3600,-0.9192,-1.5247,0.3543,0
688889,-6.9990,-8.1480,-2.4822,9.3800,-55.4400,-47.4600,0.3207,-1.8958,-1.6229,0
688928,-5.0195,-8.2461,-1.7210,14.3500,-55.5800,-46.3400,0.4907,-1.9006,-1.5846,0
688967,-3.6479,-7.9660,-2.0154,21.0000,-45.7100,-64.5400,0.7181,-1.5630,-2.2069,0
689006,-5.0458,-6.5466,-2.6402,8.1200,-49.0000,-68.0400,0.2777,-1.6755,-2.3266,0
689045,-4.6221,-6.4628,-3.5809,-2.8000,-3.4300,-42.4200,-0.0957,-0.1173,-1.4505,0
689084,-4.0859,-6.2115,-3.7125,1.1900,8.8900,-27.4400,0.0407,0.3040,-0.9383,0
689123,-5.2038,-7.1546,-2.9035,22.8200,19.9500,-6.8600,0.7803,0.6822,-0.2346,0
689162,-6.5011,-7.4801,-2.1495,41.0900,19.9500,-14.5600,1.4051,0.6822,-0.4979,0
689201,-6.8243,-6.4628,-1.7641,27.6500,10.8500,-35.4200,0.9455,0.3710,-1.2112,0
689240,-6.9487,-5.6442,-1.0436,22.7500,-10.4300,-48.7200,0.7779,-0.3567,-1.6660,0
689279,-6.7572,-7.0612,-1.3189,44.7300,-20.0200,-45.7100,1.5295,-0.6846,-1.5630,0
689318,-5.9075,-8.0283,-1.4434,91.5600,-30.7300,-62.0200,3.1309,-1.0508,-2.1208,0
689357,-5.8979,-8.0833,-2.0370,66.4300,-27.8600,-45.1500,2.2716,-0.9527,-1.5439,0
689396,-6.0487,-8.5932,-0.8234,37.6600,-17.0800,-25.8300,1.2878,-0.5840,-0.8833,0
689435,-6.8913,-8.3682,-1.1418,38.5000,-5.0400,-20.0200,1.3165,-0.1723,-0.6846,0
689474,-6.5801,-8.5549,0.5673,36.6100,38.4300,7.0700,1.2519,1.3141,0.2418,0
689513,-6.6735,-9.3208,1.0939,-46.1300,47.2500,50.1200,-1.5774,1.6157,1.7138,0
689552,-5.1439,-8.8517,0.2059,-71.9600,23.9400,40.8100,-2.4607,0.8186,1.3955,0
689591,-2.0059,-6.6471,-0.5984,-88.8300,-14.4900,35.9800,-3.0375,-0.4955,1.2303,0
689630,-1.9771,-6.3814,-1.2136,-131.3900,17.9200,108.7100,-4.4929,0.6128,3.7173,0
689669,-7.2719,-10.8576,-1.3213,-98.9800,3.2900,121.2400,-3.3846,0.1125,4.1458,0
689708,-7.3676,-8.2293,-1.1801,-28.9800,0.3500,41.7200,-0.9910,0.0120,1.4266,0
689747,-6.9128,-6.5705,-0.8497,-7.0000,-2.5900,18.1300,-0.2394,-0.0886,0.6200,0
689786,-7.4849,-5.8548,-1.5224,-2.1700,-25.0600,5.8800,-0.0742,-0.8569,0.2011,0
689825,-5.9554,-4.1003,-1.2016,-5.4600,-31.4300,4.3400,-0.1867,-1.0747,0.1484,0
689864,-5.7017,-4.2272,-1.6372,-16.8000,-16.7300,6.7200,-0.5745,-0.5721,0.2298,0
689903,-6.1493,-4.6149,-2.0154,-23.0300,-9.0300,-7.7000,-0.7875,-0.3088,-0.2633,0
689942,-7.2934,-4.7562,-2.0777,-30.4500,11.0600,-15.8200,-1.0412,0.3782,-0.5410,0
689981,-8.5836,-6.4102,-2.3697,-30.4500,20.2300,-12.8100,-1.0412,0.6918,-0.4380,0
690020,-8.4998,-7.5017,-2.4056,-27.8600,14.4900,9.0300,-0.9527,0.4955,0.3088,0
690059,-9.1485,-3.8992,-2.4774,-35.5600,1.3300,11.4800,-1.2160,0.0455,0.3926,0
690098,-9.4764,-3.9806,-1.2806,-42.7700,3.2200,27.3700,-1.4625,0.1101,0.9359,0
690137,-13.5456,-9.2418,-4.6006,-38.1500,-19.7400,27.7200,-1.3045,-0.6750,0.9479,0
690176,-8.7272,-7.9493,-6.3360,-19.1800,-63.9800,-15.1900,-0.6559,-2.1878,-0.5194,0
690215,-5.6825,-6.7405,-2.3003,4.6200,-32.4100,-7.4900,0.1580,-1.1083,-0.2561,0
690254,-5.4312,-8.7320,-1.4697,25.3400,-19.4600,-40.6000,0.8665,-0.6654,-1.3883,0
690293,-6.4102,-7.1330,-1.6444,11.4800,-49.3500,-78.7500,0.3926,-1.6875,-2.6928,0
690332,-4.6820,-5.1224,-3.0160,-6.7900,-61.8800,-71.9600,-0.2322,-2.1160,-2.4607,0
690371,-4.3397,-5.9697,-4.1721,-21.4900,-6.0200,-37.8700,-0.7348,-0.2059,-1.2950,0
690410,-4.7777,-5.8979,-3.2601,-0.7000,1.3300,-19.9500,-0.0239,0.0455,-0.6822,0
690449,-6.4437,-7.0205,-1.8311,43.4000,-2.3100,-21.6300,1.4841,-0.0790,-0.7396,0
690488,-7.0038,-7.2862,-1.5798,51.0300,-5.6000,-44.2400,1.7450,-0.1915,-1.5128,0
690527,-6.6639,-6.2929,-1.7186,31.7100,-28.3500,-62.2300,1.0843,-0.9694,-2.1279,0
690566,-6.1086,-6.4413,-2.0298,21.3500,-37.3100,-52.0800,0.7301,-1.2758,-1.7809,0
690605,-5.8381,-8.1240,-1.6732,57.7500,-35.1400,-56.2800,1.9748,-1.2016,-1.9245,0
690644,-5.9314,-7.8679,-1.7641,79.3800,-24.2200,-48.7900,2.7144,-0.8282,-1.6684,0
690683,-6.2570,-8.9259,-1.3452,45.3600,-20.6500,-23.5900,1.5511,-0.7061,-0.8067,0
690722,-6.2665,-8.6123,-2.0442,37.6600,-12.1100,-28.9800,1.2878,-0.4141,-0.9910,0
690761,-5.0578,-6.8913,-0.0910,39.8300,23.9400,5.6000,1.3620,0.8186,0.1915,0
690800,-7.6022,-9.5913,-0.7588,-80.3600,36.9600,69.2300,-2.7479,1.2638,2.3673,0
690839,-3.0327,-7.4658,-1.2950,-76.0900,-4.6200,36.0500,-2.6019,-0.1580,1.2327,0
690878,-0.5529,-4.2463,-0.6583,-99.6100,3.0100,60.2700,-3.4062,0.1029,2.0609,0
690917,-5.8931,-9.5554,0.0646,-140.2800,49.5600,153.3700,-4.7969,1.6947,5.2445,0
690956,-9.6583,-9.9623,-1.8503,-89.5300,5.4600,95.6200,-3.0615,0.1867,3.2697,0
690995,-7.5088,-6.1660,-0.7348,-48.5100,-11.9700,26.2500,-1.6588,-0.4093,0.8976,0
691034,-8.3706,-5.8548,-0.8641,-46.0600,-43.2600,-3.5000,-1.5750,-1.4793,-0.1197,0
691073,-7.8966,-4.8016,-1.7952,-51.4500,-62.2300,-7.9100,-1.7593,-2.1279,-0.2705,0
691112,-6.6352,-4.3971,-2.2357,-57.9600,-59.6400,-15.0500,-1.9819,-2.0394,-0.5146,0
691151,-6.6878,-4.7250,-3.2003,-70.8400,-49.7000,-19.3200,-2.4224,-1.6995,-0.6606,0
691190,-6.2402,-4.9812,-2.5899,-68.3900,-41.0900,-34.2300,-2.3386,-1.4051,-1.1705,0
691229,-7.3844,-4.5623,-2.9322,-49.9800,-13.8600,-36.8200,-1.7091,-0.4739,-1.2591,0
691268,-7.7267,-7.2120,-2.6737,-69.3000,-25.1300,-2.8000,-2.3697,-0.8593,-0.0957,0
691307,-7.6405,-6.0392,-3.0136,-83.5100,-38.0800,16.1000,-2.8556,-1.3021,0.5505,0
691346,-7.3652,-3.1859,-3.1452,-91.1400,-24.9200,0.4200,-3.1165,-0.8521,0.0144,0
691385,-11.9299,-9.9719,-6.6232,-84.4200,-34.7900,7.9100,-2.8867,-1.1896,0.2705,0
691424,-7.8775,-8.1336,-4.7298,-35.0000,-65.1000,-40.9500,-1.1968,-2.2261,-1.4003,0
691463,-6.2450,-6.6232,-4.1578,-15.1900,-50.8900,-30.4500,-0.5194,-1.7402,-1.0412,0
691502,-5.4336,-8.0378,-2.5229,-23.4500,-29.5400,-31.0800,-0.8019,-1.0101,-1.0628,0
691541,-6.7644,-7.4706,-2.3099,-24.2200,-62.3000,-75.3900,-0.8282,-2.1303,-2.5780,0
691580,-5.9817,-4.1793,-4.0812,-22.4000,-85.7500,-105.4200,-0.7660,-2.9322,-3.6048,0
691619,-4.8088,-5.0243,-5.1439,-49.6300,-63.6300,-74.4800,-1.6971,-2.1758,-2.5468,0
691658,-4.4163,-5.3570,-4.7059,-63.9100,-41.7200,-36.6100,-2.1854,-1.4266,-1.2519,0
691697,-6.8865,-6.8147,-3.9830,-17.2200,-36.5400,-34.4400,-0.5888,-1.2495,-1.1777,0
691736,-7.5711,-6.7237,-2.7311,-16.7300,-41.3000,-35.4200,-0.5721,-1.4122,-1.2112,0
691775,-6.9057,-6.2977,-1.5678,-22.1200,-49.0000,-51.8000,-0.7564,-1.6755,-1.7713,0
691814,-5.9003,-6.2211,-2.4463,-6.9300,-82.1100,-90.7900,-0.2370,-2.8077,-3.1046,0
691853,-6.5610,-6.8051,-3.4205,-2.2400,-94.9200,-91.3500,-0.0766,-3.2458,-3.1237,0
691892,-6.7453,-7.8128,-3.0184,9.8000,-88.9000,-57.5400,0.3351,-3.0399,-1.9676,0
691931,-4.9046,-7.5974,-2.3960,39.0600,-81.2700,-46.4100,1.3357,-2.7790,-1.5870,0
691970,-4.6389,-7.8631,-2.2428,28.6300,-73.1500,-33.5300,0.9790,-2.5014,-1.1466,0
692009,-6.2426,-8.5070,-2.9346,13.7200,-65.4500,-19.7400,0.4692,-2.2381,-0.6750,0
692048,-7.0062,-8.8660,-3.3200,19.8100,-59.6400,-18.4800,0.6774,-2.0394,-0.6319,0
692087,-6.8769,-8.2676,-3.0495,12.7400,-47.8800,-22.4000,0.4356,-1.6372,-0.7660,0
692126,-6.3336,-6.5083,-0.3519,-2.8700,-29.6800,36.1200,-0.0981,-1.0149,1.2351,0
692165,-7.5639,-9.6871,-0.0527,-72.9400,-43.9600,71.2600,-2.4942,-1.5032,2.4367,0
692204,-2.3769,-7.3485,-1.0173,-115.2900,-89.7400,38.7800,-3.9423,-3.0686,1.3261,0
692243,-0.0479,-5.2062,-0.4476,-162.8200,-51.6600,99.9600,-5.5676,-1.7665,3.4181,0
692282,-6.9272,-12.0352,-1.9963,-173.3200,-46.2700,171.1500,-5.9267,-1.5822,5.8525,0
692321,-6.9128,-8.6147,-1.5583,-96.3900,-44.1000,87.2200,-3.2960,-1.5080,2.9825,0
692360,-7.2336,-7.7817,-1.4817,-74.2700,-59.5000,60.1300,-2.5397,-2.0346,2.0561,0
692399,-6.6352,-4.4857,-1.1561,-110.9500,-73.5700,106.8900,-3.7939,-2.5157,3.6551,0
692438,-8.4232,-4.1554,-1.5918,-163.7300,-90.6500,167.3700,-5.5987,-3.0998,5.7232,0
692477,-8.8421,-3.6934,-2.0513,-180.4600,-97.2300,169.3300,-6.1708,-3.3248,5.7902,0
692516,-9.5291,-2.8053,-2.5014,-146.4400,-110.8100,143.2200,-5.0075,-3.7891,4.8974,0
692555,-9.0288,-1.2208,-1.3907,-85.6100,-76.5800,99.5400,-2.9274,-2.6186,3.4038,0
692594,-8.7464,-0.1340,-1.0077,-66.4300,-69.4400,67.0600,-2.2716,-2.3745,2.2931,0
692633,-8.0761,-0.0239,-0.7348,-52.4300,-51.0300,48.6500,-1.7928,-1.7450,1.6636,0
692672,-8.3347,-0.5481,-0.3590,-41.0200,-26.2500,41.4400,-1.4027,-0.8976,1.4170,0
692711,-9.2466,-0.0838,-0.8378,-30.7300,-0.9800,20.2300,-1.0508,-0.0335,0.6918,0
692750,-9.6942,-0.1652,-0.9311,-13.7900,10.7100,5.4600,-0.4715,0.3662,0.1867,0
692789,-9.8283,0.9096,-0.0574,-13.2300,11.7600,0.1400,-0.4524,0.4021,0.0048,0
692828,-9.4238,0.8976,0.9192,-22.5400,21.6300,0.1400,-0.7708,0.7396,0.0048,0
692867,-8.9355,1.3165,0.5338,-29.7500,29.7500,-17.9200,-1.0173,1.0173,-0.6128,0
692906,-8.6913,1.5224,0.5338,-38.5000,23.9400,-28.3500,-1.3165,0.8186,-0.9694,0
692945,-8.5094,1.3141,0.0431,-36.9600,33.3200,-17.9200,-1.2638,1.1394,-0.6128,0
692984,-9.2466,1.2734,-0.2154,-37.9400,52.9200,-42.1400,-1.2974,1.8096,-1.4410,0
693023,-10.5272,0.9383,-0.7540,6.1600,89.6000,-85.0500,0.2106,3.0639,-2.9083,0
693062,-11.2262,-0.2561,-1.6013,-12.8100,82.3900,-90.6500,-0.4380,2.8173,-3.0998,0
693101,-10.4937,-1.3285,-2.0920,-51.3100,45.7800,-73.5000,-1.7545,1.5654,-2.5133,0
693140,-9.2801,-3.9112,-2.4607,-52.5000,17.2900,-60.3400,-1.7952,0.5912,-2.0633,0
693179,-7.7219,-3.9471,-3.1644,-18.2700,18.6200,-76.8600,-0.6247,0.6367,-2.6282,0
693218,-8.0235,-3.5426,-2.2644,-0.3500,31.5700,-72.9400,-0.0120,1.0795,-2.4942,0
693257,-11.1879,-5.8572,-6.5035,15.8900,39.0600,-68.4600,0.5434,1.3357,-2.3410,0
693296,-14.7137,-9.9192,-9.2442,49.2100,52.5700,-57.1200,1.6827,1.7976,-1.9532,0
693335,-8.8852,-7.5112,-4.1673,89.6000,45.1500,-28.3500,3.0639,1.5439,-0.9694,0
693374,-7.7123,-3.7867,-1.1849,53.7600,17.3600,-68.0400,1.8383,0.5936,-2.3266,0
693413,-6.7644,-4.4713,-3.0016,14.8400,22.8200,-82.3900,0.5075,0.7803,-2.8173,0
693452,-5.6251,-4.0237,-5.8309,-17.7800,1.1900,-79.5200,-0.6080,0.0407,-2.7192,0
693491,-5.2373,-5.1200,-4.8304,-4.4100,-4.0600,-54.9500,-0.1508,-0.1388,-1.8790,0
693530,-4.7897,-4.8591,-4.0548,7.0700,14.8400,-25.2000,0.2418,0.5075,-0.8617,0
693569,-7.5591,-5.1679,-2.4990,-3.7100,25.4800,-21.7700,-0.1269,0.8713,-0.7444,0
693608,-7.3389,-5.0003,-2.8556,-11.4100,-8.9600,-45.0800,-0.3902,-0.3064,-1.5415,0
693647,-6.3958,-5.3618,-4.5336,-15.1200,-39.1300,-47.9500,-0.5170,-1.3380,-1.6396,0
693686,-5.3282,-4.5862,-4.2272,-17.0100,-36.6100,-33.8100,-0.5817,-1.2519,-1.1561,0
693725,-6.0751,-5.2780,-4.6891,-12.0400,-26.8100,-27.5800,-0.4117,-0.9168,-0.9431,0
693764,-6.1134,-5.7806,-4.8591,-5.1800,-24.5700,-25.9700,-0.1771,-0.8402,-0.8880,0
693803,-6.4939,-5.5221,-4.0165,-1.3300,-15.3300,-12.6000,-0.0455,-0.5242,-0.4309,0
693842,-5.9075,-5.4192,-3.2242,13.9300,-17.2900,-15.1200,0.4763,-0.5912,-0.5170,0
693881,-5.8046,-5.6514,-4.0213,16.9400,-31.3600,-16.1700,0.5793,-1.0724,-0.5529,0
693920,-6.6400,-6.4126,-4.7298,35.9800,-36.8900,-28.4200,1.2303,-1.2614,-0.9718,0
693959,-6.2785,-5.7088,-3.6910,58.0300,-30.3800,-34.7900,1.9843,-1.0388,-1.1896,0
693998,-7.6620,-6.9152,-4.4809,62.0900,-18.2700,-20.3000,2.1232,-0.6247,-0.6942,0
694037,-8.7751,-7.0924,-3.9782,75.1100,-4.3400,-24.9200,2.5684,-0.1484,-0.8521,0
694076,-8.0402,-6.2953,-2.3170,99.2600,10.9900,-46.2000,3.3942,0.3758,-1.5798,0
694115,-5.9865,-6.2498,2.7048,66.1500,8.3300,-22.6100,2.2620,0.2848,-0.7731,0
694154,-9.3711,-12.6336,-1.7282,-92.2600,-32.4800,68.1100,-3.1548,-1.1106,2.3290,0
694193,-4.6748,-8.9091,-7.4658,-120.9600,-95.1300,14.2100,-4.1362,-3.2530,0.4859,0
694232,-1.1729,-7.2767,-2.8963,-106.6100,-23.4500,87.2200,-3.6455,-0.8019,2.9825,0
694271,-3.8490,-8.9905,-0.5194,-73.4300,-12.1800,163.1000,-2.5109,-0.4165,5.5772,0
694310,-8.9426,-8.0402,-0.4261,-47.0400,9.2400,108.0100,-1.6085,0.3160,3.6934,0
694349,-8.2317,-5.2828,-1.1561,-18.9700,-38.6400,11.6200,-0.6487,-1.3213,0.3973,0
694388,-7.4538,-3.5067,-0.4668,-15.8900,-52.9200,-1.5400,-0.5434,-1.8096,-0.0527,0
694427,-6.8913,-3.9615,-1.1537,-51.8700,-57.6800,23.1000,-1.7737,-1.9724,0.7899,0
694466,-6.3336,-4.6221,-2.3721,-42.6300,-38.9900,10.5000,-1.4577,-1.3333,0.3590,0
694505,-7.1330,-3.9495,-2.3912,-42.2800,-32.5500,-6.5100,-1.4458,-1.1130,-0.2226,0
694544,-6.8506,-3.6096,-2.2357,-39.9000,-22.4700,-22.5400,-1.3644,-0.7684,-0.7708,0
694583,-7.2288,-3.8873,-1.1322,-48.9300,-7.8400,-26.6000,-1.6732,-0.2681,-0.9096,0
694622,-8.7320,-3.8897,-1.6923,-68.4600,-9.1000,-32.4100,-2.3410,-0.3112,-1.1083,0
694661,-8.9211,-5.1559,-2.6498,-57.2600,-7.4200,-35.4200,-1.9580,-0.2537,-1.2112,0
694700,-8.2724,-6.9775,-3.5689,-51.8000,-30.1000,-1.5400,-1.7713,-1.0293,-0.0527,0
694739,-6.5777,-3.9710,-1.9317,-47.6700,-18.7600,21.5600,-1.6301,-0.6415,0.7372,0
694778,-14.0818,-8.8110,-11.4129,-21.4900,-24.1500,92.4700,-0.7348,-0.8258,3.1620,0
694817,-7.7051,-5.0817,-3.1740,21.4200,-22.7500,-17.1500,0.7325,-0.7779,-0.5864,0
694856,-9.5387,-9.3735,-1.9341,2.5200,-13.2300,-44.3800,0.0862,-0.4524,-1.5176,0
694895,-7.2623,-6.4245,-2.0944,-22.9600,-31.5700,-87.2900,-0.7851,-1.0795,-2.9849,0
694934,-5.4120,-3.1165,-3.2697,-43.3300,-59.3600,-106.6800,-1.4817,-2.0298,-3.6479,0
694973,-4.1889,-5.1679,-5.0506,-46.9700,-41.0200,-69.3700,-1.6061,-1.4027,-2.3721,0
695012,-3.8633,-5.5054,-4.9812,-26.0400,-19.2500,-47.3900,-0.8904,-0.6583,-1.6205,0
695051,-4.3181,-5.6442,-3.6407,9.1000,-11.4800,-24.2900,0.3112,-0.3926,-0.8306,0
695090,-6.8434,-5.7639,-2.9370,48.2300,2.5200,-22.0500,1.6492,0.0862,-0.7540,0
695129,-8.2389,-6.2330,-2.0896,25.2000,8.0500,-12.2500,0.8617,0.2753,-0.4189,0
695168,-8.5094,-6.6208,-1.6755,25.8300,-14.4200,-55.1600,0.8833,-0.4931,-1.8862,0
695207,-7.9948,-6.8817,-1.7880,45.5700,-56.1400,-116.8300,1.5583,-1.9197,-3.9950,0
695246,-5.0506,-7.4801,-2.4726,81.7600,-64.3300,-126.1400,2.7958,-2.1998,-4.3133,0
695285,-5.1128,-8.4974,-3.3559,22.2600,-38.9200,-43.1200,0.7612,-1.3309,-1.4745,0
695324,-6.4916,-7.9732,-3.7963,33.3200,-4.7600,-16.8700,1.1394,-0.1628,-0.5769,0
695363,-5.2349,-6.7477,-2.9873,69.7200,35.0000,4.2700,2.3841,1.1968,0.1460,0
695402,-6.4317,-9.0144,0.3567,0.0000,77.0700,106.1200,0.0000,2.6354,3.6288,0
695441,-6.3072,-8.9187,-0.1508,-91.7000,58.7300,103.5300,-3.1357,2.0083,3.5402,0
695480,-2.8604,-6.4700,-0.8976,-92.1900,14.0000,46.2000,-3.1524,0.4787,1.5798,0
695519,-4.0764,-6.4269,-1.7067,-134.1200,21.0700,130.7600,-4.5862,0.7205,4.4713,0
695558,-10.7355,-10.6613,-2.2333,-104.3700,10.4300,151.6900,-3.5689,0.3567,5.1870,0
695597,-7.4706,-6.6328,-0.6965,-28.8400,-2.8700,27.3700,-0.9862,-0.0981,0.9359,0
695636,-8.4543,-6.1876,-1.0293,-43.8200,-44.8700,9.7300,-1.4984,-1.5343,0.3327,0
695675,-7.8751,-3.8992,-0.8880,-42.0700,-62.0900,-20.1600,-1.4386,-2.1232,-0.6894,0
695714,-6.8745,-3.8849,-2.3410,-60.0600,-52.9200,-11.2000,-2.0537,-1.8096,-0.3830,0
695753,-6.2737,-4.2535,-3.0519,-59.4300,-45.7800,-20.0200,-2.0322,-1.5654,-0.6846,0
695792,-6.5634,-4.2559,-2.5827,-63.1400,-37.0300,-26.3900,-2.1591,-1.2662,-0.9024,0
695831,-7.3916,-3.9878,-2.6306,-67.4100,-21.7700,-26.0400,-2.3051,-0.7444,-0.8904,0
695870,-8.1456,-4.6963,-3.0830,-53.6200,-17.6400,-31.9900,-1.8335,-0.6032,-1.0939,0
695909,-8.0235,-6.0751,-3.4780,-48.6500,-16.2400,0.3500,-1.6636,-0.5553,0.0120,0
695948,-8.5190,-4.0692,-3.4564,-45.6400,-18.7600,1.2600,-1.5607,-0.6415,0.0431,0
695987,-9.1078,-3.1835,-2.4678,-71.0500,-21.7700,19.9500,-2.4295,-0.7444,0.6822,0
696026,-14.6850,-9.3137,-5.4647,-58.1700,-38.3600,35.9800,-1.9891,-1.3117,1.2303,0
696065,-8.0929,-6.4676,-5.0913,-28.4900,-64.0500,-33.1100,-0.9742,-2.1902,-1.1322,0
696104,-6.9128,-6.9535,-0.8402,-32.0600,-49.3500,-10.9900,-1.0963,-1.6875,-0.3758,0
696143,-6.1014,-7.6596,-3.0184,-19.6700,-50.6100,-74.8300,-0.6726,-1.7306,-2.5588,0
696182,-6.7764,-5.9219,-4.6173,-24.9900,-57.4700,-90.9300,-0.8545,-1.9652,-3.1093,0
696221,-4.8854,-5.6466,-4.6532,-29.4000,-12.1800,-49.4900,-1.0053,-0.4165,-1.6923,0
696260,-4.6389,-4.7131,-3.6599,-9.0300,9.3100,-57.6100,-0.3088,0.3184,-1.9700,0
696299,-4.9979,-5.2540,-3.2147,17.5700,16.5900,-26.1800,0.6008,0.5673,-0.8952,0
696338,-6.5658,-6.6878,-2.6713,55.6500,6.3700,-13.5100,1.9029,0.2178,-0.4620,0
696377,-7.8703,-6.1900,-2.1782,51.5900,5.1800,-29.6800,1.7641,0.1771,-1.0149,0
696416,-8.4855,-5.6011,-1.4625,23.9400,-10.5000,-54.8800,0.8186,-0.3590,-1.8766,0
696455,-7.4011,-7.7386,-1.2495,49.2100,-23.6600,-94.3600,1.6827,-0.8091,-3.2266,0
696494,-4.8687,-7.9828,-1.0891,96.4600,-36.4700,-130.9000,3.2984,-1.2471,-4.4761,0
696533,-4.5934,-7.1067,-2.8077,40.5300,-28.2100,-19.3200,1.3859,-0.9646,-0.6606,0
696572,-7.6812,-9.2706,-2.9944,17.9200,-7.8400,-12.1800,0.6128,-0.2681,-0.4165,0
696611,-6.3025,-6.6830,-3.4468,51.1700,42.2100,-5.4600,1.7498,1.4434,-0.1867,0
696650,-5.3043,-8.3035,0.2585,37.5200,81.5500,66.1500,1.2830,2.7886,2.2620,0
696689,-5.4766,-9.3089,0.3064,-62.3000,68.1100,114.1700,-2.1303,2.3290,3.9040,0
696728,-3.4732,-7.5256,-0.6367,-80.2900,30.7300,78.6800,-2.7455,1.0508,2.6905,0
696767,-2.6689,-5.5078,-1.4386,-99.2600,31.0800,105.7000,-3.3942,1.0628,3.6144,0
696806,-10.6373,-11.4272,-2.6976,-89.4600,10.5000,161.5600,-3.0591,0.3590,5.5245,0
696845,-8.9091,-7.4059,-1.0364,-9.8000,10.2900,48.8600,-0.3351,0.3519,1.6708,0
696884,-7.5998,-5.3713,-0.3255,5.8100,-11.2000,19.4600,0.1987,-0.3830,0.6654,0
696923,-7.7674,-4.5072,-1.1130,11.7600,-29.4000,-5.1800,0.4021,-1.0053,-0.1771,0
696962,-6.3168,-3.2314,-1.3117,-2.2400,-40.4600,-4.6900,-0.0766,-1.3835,-0.1604,0
697001,-6.1014,-3.9902,-1.6899,-9.7300,-1.8200,-2.2400,-0.3327,-0.0622,-0.0766,0
697040,-6.9631,-3.9591,-1.3716,-29.4000,9.6600,-7.3500,-1.0053,0.3303,-0.2513,0
697079,-8.7272,-4.7203,-1.2279,-39.6200,26.5300,-15.6100,-1.3548,0.9072,-0.5338,0
697118,-9.2418,-5.5078,-2.3458,-34.3000,14.5600,-5.6000,-1.1729,0.4979,-0.1915,0
697157,-9.5530,-4.1482,-2.8604,-23.7300,6.5100,9.9400,-0.8114,0.2226,0.3399,0
697196,-9.9982,-3.0591,-0.6391,-43.2600,16.3100,34.2300,-1.4793,0.5577,1.1705,0
697235,-14.7089,-7.2073,-2.0873,-55.5100,-13.3000,50.1200,-1.8982,-0.4548,1.7138,0
697274,-10.7451,-8.4950,-4.7370,-6.0900,-52.9900,-16.3800,-0.2082,-1.8120,-0.5601,0
697313,-6.1732,-8.1288,-2.1447,5.6700,-49.3500,-45.5000,0.1939,-1.6875,-1.5559,0
697352,-5.4336,-7.9325,-1.7928,14.3500,-46.6900,-76.3700,0.4907,-1.5966,-2.6115,0
697391,-5.5006,-6.6639,-2.1591,0.7700,-52.4300,-80.2200,0.0263,-1.7928,-2.7431,0
697430,-4.4402,-5.3378,-4.3205,-8.8900,-9.5200,-54.8800,-0.3040,-0.3255,-1.8766,0
697469,-3.7556,-5.9482,-4.3851,16.3100,19.3200,-40.3200,0.5577,0.6606,-1.3787,0
697508,-5.3115,-5.7687,-3.7173,55.2300,34.7900,-14.5600,1.8886,1.1896,-0.4979,0
697547,-7.5854,-6.3910,-2.2524,79.8000,32.7600,-4.5500,2.7287,1.1202,-0.1556,0
697586,-8.6578,-6.7644,-1.3476,58.9400,31.9200,-31.7800,2.0154,1.0915,-1.0867,0
697625,-7.1833,-7.0110,-0.8521,47.1100,25.8300,-63.3500,1.6109,0.8833,-2.1662,0
697664,-6.2115,-7.1067,-1.0460,67.8300,10.5000,-80.6400,2.3194,0.3590,-2.7575,0
697703,-5.8165,-6.1540,-2.1351,81.0600,3.4300,-66.5700,2.7718,0.1173,-2.2764,0
697742,-5.8740,-7.3940,-0.6319,57.6100,16.9400,-19.2500,1.9700,0.5793,-0.6583,0
697781,-7.5280,-9.1940,-0.1340,33.2500,26.3200,-17.9900,1.1370,0.9000,-0.6152,0
697820,-7.1474,-7.5017,-1.8958,31.7100,16.3100,-35.7700,1.0843,0.5577,-1.2232,0
697859,-4.9979,-8.7942,1.2519,29.8200,46.3400,30.5900,1.0197,1.5846,1.0460,0
697898,-5.6681,-10.4052,-1.8263,-26.0400,62.7900,69.7200,-0.8904,2.1471,2.3841,0
697937,-3.0256,-8.3753,-1.9676,-32.5500,37.2400,65.2400,-1.1130,1.2734,2.2309,0
697976,-0.5529,-4.6245,-0.9311,-59.8500,49.0000,99.4000,-2.0466,1.6755,3.3990,0
698015,-8.5357,-10.1395,-1.9245,-92.6100,46.6200,212.4500,-3.1668,1.5942,7.2647,0
698054,-10.2950,-9.3113,-2.5301,9.3800,53.4800,100.1700,0.3207,1.8287,3.4253,0
698093,-6.6136,-5.2157,-0.0574,64.6800,50.4700,34.9300,2.2117,1.7258,1.1944,0
698132,-6.7740,-4.1051,-0.4069,65.2400,24.7800,13.2300,2.2309,0.8473,0.4524,0
698171,-6.8267,-3.2506,-0.1269,40.6700,7.3500,14.9800,1.3907,0.2513,0.5122,0
698210,-6.8219,-3.6120,-0.0239,11.1300,18.6200,17.5000,0.3806,0.6367,0.5984,0
698249,-7.9229,-4.1937,-0.4907,-9.3100,15.0500,0.0000,-0.3184,0.5146,0.0000,0
698288,-7.7721,-4.0022,-1.7354,-14.9100,17.5000,-22.1900,-0.5098,0.5984,-0.7588,0
698327,-9.1724,-6.1397,-2.1184,-18.4800,25.9700,-10.5700,-0.6319,0.8880,-0.3614,0
698366,-9.4836,-4.0237,-2.7718,-9.1700,32.7600,19.6000,-0.3136,1.1202,0.6702,0
698405,-10.2567,-1.3548,-0.4500,-31.2200,32.0600,44.1700,-1.0676,1.0963,1.5104,0
698444,-14.7161,-9.2012,0.6463,-55.7200,-9.7300,60.6200,-1.9053,-0.3327,2.0729,0
698483,-10.1371,-10.3118,-6.5059,-14.3500,-81.5500,-31.8500,-0.4907,-2.7886,-1.0891,0
698522,-3.2218,-6.2785,-2.0107,14.1400,-35.1400,-55.5800,0.4835,-1.2016,-1.9006,0
698561,-5.0219,-7.8368,-1.2926,22.3300,-10.1500,-34.8600,0.7636,-0.3471,-1.1920,0
698600,-6.7094,-7.6453,-3.3870,23.1700,-24.5000,-67.3400,0.7923,-0.8378,-2.3027,0
698639,-5.8884,-6.1732,-4.2990,4.6900,3.0100,-53.6200,0.1604,0.1029,-1.8335,0
698678,-4.2822,-6.5322,-4.6772,15.4000,34.5100,-35.2800,0.5266,1.1801,-1.2064,0
698717,-5.0314,-4.7274,-4.4641,42.0000,49.9100,-37.5900,1.4362,1.7067,-1.2854,0
698756,-6.1229,-5.7280,-3.4421,81.7600,54.6000,-7.5600,2.7958,1.8670,-0.2585,0
698795,-7.6908,-5.3905,-1.4936,78.0500,42.7000,-10.7100,2.6689,1.4601,-0.3662,0
698834,-8.0977,-5.2277,-1.4027,62.2300,33.8100,-26.4600,2.1279,1.1561,-0.9048,0
698873,-7.1259,-7.7027,-1.0628,80.2200,32.2700,-41.3700,2.7431,1.1035,-1.4146,0
698912,-6.0535,-8.2126,-0.9048,101.3600,15.3300,-67.8300,3.4660,0.5242,-2.3194,0
698951,-5.5245,-6.2665,-1.3045,71.8200,11.4800,-50.6800,2.4559,0.3926,-1.7330,0
698990,-7.1737,-7.0397,0.4452,42.1400,13.7900,-14.1400,1.4410,0.4715,-0.4835,0
699029,-6.7596,-9.0527,-2.3506,41.2300,17.4300,-17.5000,1.4099,0.5960,-0.5984,0
699068,-6.1852,-8.7464,0.8186,39.0600,50.5400,16.4500,1.3357,1.7282,0.5625,0
699107,-7.0588,-10.7044,-1.7091,-21.9100,58.9400,63.0000,-0.7492,2.0154,2.1543,0
699146,-5.7064,-9.2035,-2.4487,-37.3100,33.1100,65.5200,-1.2758,1.1322,2.2404,0
699185,-0.9287,-5.8309,-0.2633,-51.5200,21.4900,121.5900,-1.7617,0.7348,4.1578,0
699224,-7.9948,-10.2184,-2.1974,-57.1900,15.8200,139.3000,-1.9556,0.5410,4.7633,0
699263,-7.7602,-7.9373,-1.6755,20.7900,26.1800,57.7500,0.7109,0.8952,1.9748,0
699302,-6.4078,-4.8567,-0.7516,41.9300,15.5400,17.7100,1.4338,0.5314,0.6056,0
699341,-6.8362,-4.3540,-0.5505,34.5800,1.2600,18.2000,1.1825,0.0431,0.6223,0
699380,-6.3958,-4.1266,-0.5697,28.9100,0.0700,13.5100,0.9886,0.0024,0.4620,0
699419,-6.3910,-3.8681,-0.6463,6.4400,8.5400,9.2400,0.2202,0.2920,0.3160,0
699458,-6.9655,-3.8346,-0.9407,-6.7900,18.4100,-1.3300,-0.2322,0.6295,-0.0455,0
699497,-7.8918,-3.9256,-1.1705,-17.0800,25.0600,-8.3300,-0.5840,0.8569,-0.2848,0
699536,-8.8277,-6.2737,-1.3357,-11.2000,38.0100,-7.2800,-0.3830,1.2997,-0.2489,0
699575,-9.1198,-6.0080,-2.6067,-3.5000,45.9200,32.3400,-0.1197,1.5702,1.1059,0
699614,-9.4860,-1.2734,-1.2495,-22.6100,22.6800,40.6700,-0.7731,0.7755,1.3907,0
699653,-12.2626,-11.8701,-3.8801,-18.5500,-8.1200,71.8200,-0.6343,-0.2777,2.4559,0
699692,-9.0432,-7.4346,-4.2320,9.1000,-49.5600,-28.4900,0.3112,-1.6947,-0.9742,0
699731,-6.9559,-6.8458,-2.0729,24.5000,-38.5700,-59.1500,0.8378,-1.3189,-2.0226,0
699770,-5.1870,-7.9876,-2.5181,30.9400,-34.0900,-85.0500,1.0580,-1.1657,-2.9083,0
699809,-4.6772,-6.4963,-3.1476,4.9700,-36.1200,-69.8600,0.1699,-1.2351,-2.3889,0
699848,-4.6580,-5.0314,-4.3397,-5.3200,-6.8600,-48.2300,-0.1819,-0.2346,-1.6492,0
699887,-4.6532,-5.5293,-4.1793,2.8700,30.7300,-29.8200,0.0981,1.0508,-1.0197,0
699926,-5.5963,-5.1439,-3.5378,19.4600,32.5500,-19.6000,0.6654,1.1130,-0.6702,0
699965,-7.0612,-6.4293,-2.5995,40.1100,33.1800,6.0200,1.3716,1.1346,0.2059,0
700004,-6.8841,-6.7213,-1.9508,58.5900,23.9400,-13.0900,2.0035,0.8186,-0.4476,0
700043,-7.2120,-5.6729,-1.5942,52.2200,10.7800,-33.1800,1.7857,0.3686,-1.1346,0
700082,-7.4634,-5.9195,-0.9598,57.5400,0.2800,-47.7400,1.9676,0.0096,-1.6325,0
700121,-5.7208,-7.7937,-0.5864,104.7200,-5.5300,-82.8100,3.5809,-0.1891,-2.8317,0
700160,-4.9237,-8.7751,-2.8436,94.5700,6.4400,-65.7300,3.2338,0.2202,-2.2476,0
700199,-6.2378,-6.9775,-2.1686,53.6200,31.9200,-28.4900,1.8335,1.0915,-0.9742,0
700238,-6.6208,-6.7285,-1.3285,41.0900,35.9100,-5.4600,1.4051,1.2279,-0.1867,0
700277,-6.5634,-9.2466,3.3511,27.2300,67.9000,46.4100,0.9311,2.3218,1.5870,0
700316,-7.1211,-11.8342,-1.0364,-30.0300,63.0000,80.3600,-1.0269,2.1543,2.7479,0
700355,-4.2511,-9.1605,-2.7886,-57.6100,16.6600,52.9200,-1.9700,0.5697,1.8096,0
700394,-0.5194,-5.8501,-1.8168,-59.1500,32.5500,91.2100,-2.0226,1.1130,3.1189,0
700433,-6.2450,-9.3759,-1.5104,-52.9900,44.7300,143.0800,-1.8120,1.5295,4.8926,0
700472,-8.8948,-8.9738,-1.0843,17.7800,63.8400,68.3200,0.6080,2.1830,2.3362,0
700511,-7.2623,-5.9362,-0.1412,63.4900,57.9600,26.8800,2.1710,1.9819,0.9192,0
700550,-7.6740,-4.4953,-0.4332,44.0300,16.6600,19.6700,1.5056,0.5697,0.6726,0
700589,-6.0032,-3.7221,-0.4715,37.5900,5.2500,1.4000,1.2854,0.1795,0.0479,0
700628,-5.9578,-3.9423,-1.0341,15.8900,11.4800,0.4900,0.5434,0.3926,0.0168,0
700667,-6.3743,-3.5593,-1.3883,9.4500,18.5500,-6.7900,0.3231,0.6343,-0.2322,0
700706,-7.3892,-4.3540,-1.0580,1.0500,33.6700,-4.5500,0.0359,1.1513,-0.1556,0
700745,-8.1120,-5.4288,-1.3452,-13.9300,42.1400,2.5900,-0.4763,1.4410,0.0886,0
700784,-8.4424,-5.7040,-2.8030,-12.3200,41.7200,23.8700,-0.4213,1.4266,0.8162,0
700823,-9.9958,-4.0955,-2.4367,-3.9200,37.0300,47.2500,-0.1340,1.2662,1.6157,0
700862,-11.6115,-4.5671,-0.1604,-8.4700,58.8000,86.1700,-0.2896,2.0107,2.9466,0
700901,-12.3440,-6.6998,0.4787,-6.8600,32.7600,33.0400,-0.2346,1.1202,1.1298,0
700940,-11.2645,-13.4642,-5.1032,33.2500,-37.1700,-13.3700,1.1370,-1.2710,-0.4572,0
700979,-2.0753,-7.1929,-1.9891,71.2600,22.6800,-24.7800,2.4367,0.7755,-0.8473,0
701018,-6.1588,-7.7937,-0.7779,63.2800,23.0300,-19.9500,2.1639,0.7875,-0.6822,0
701057,-5.6083,-6.8410,-3.3726,52.3600,15.9600,-39.9700,1.7904,0.5457,-1.3668,0
701096,-5.1032,-7.6285,-5.7376,25.9000,28.0700,-33.9500,0.8856,0.9598,-1.1609,0
701135,-3.0423,-6.0583,-6.3886,63.0000,72.1000,-33.2500,2.1543,2.4654,-1.1370,0
701174,-5.3833,-4.6508,-4.8375,94.3600,105.2800,-2.5200,3.2266,3.6000,-0.0862,0
701213,-7.1091,-5.7759,-3.1452,106.6800,109.2700,22.8200,3.6479,3.7365,0.7803,0
701252,-7.9014,-5.4862,-1.8120,116.4800,102.1300,8.9600,3.9830,3.4923,0.3064,0
701291,-8.5429,-6.0152,-0.7396,89.1100,83.6500,5.9500,3.0471,2.8604,0.2035,0
701330,-8.5405,-6.9320,-0.6750,75.5300,63.4900,0.2100,2.5827,2.1710,0.0072,0
701369,-7.3509,-5.5604,-0.3734,66.3600,36.6100,-14.6300,2.2692,1.2519,-0.5003,0
701408,-7.3820,-5.9482,-0.0622,37.8700,26.4600,-11.5500,1.2950,0.9048,-0.3950,0
701447,-6.0320,-8.3011,-1.7545,48.0900,18.3400,-11.0600,1.6444,0.6271,-0.3782,0
701486,-7.0565,-8.6003,-3.1907,79.1700,10.7800,-37.8700,2.7072,0.3686,-1.2950,0
701525,-7.7267,-6.0487,-2.5109,78.5400,24.5700,-33.6000,2.6857,0.8402,-1.1489,0
701564,-7.4227,-6.7070,-0.1963,79.5900,47.8800,-14.7000,2.7216,1.6372,-0.5027,0
701603,-7.8440,-7.5400,0.9910,55.5800,58.9400,-11.0600,1.9006,2.0154,-0.3782,0
701642,-7.0397,-6.4054,-0.1652,40.5300,41.2300,-27.8600,1.3859,1.4099,-0.9527,0
701681,-3.9710,-7.2767,3.1309,23.8700,39.4800,4.2700,0.8162,1.3500,0.1460,0
701720,-3.7173,-11.2860,0.7755,-59.7800,37.5900,73.2900,-2.0442,1.2854,2.5061,0
701759,-2.3170,-10.8432,-4.3086,-104.5100,7.6300,70.9100,-3.5737,0.2609,2.4248,0
701798,-4.9429,-10.1658,-6.2618,-94.4300,19.4600,125.7900,-3.2290,0.6654,4.3014,0
701837,-5.7711,-7.1402,-1.3285,1.4700,47.6000,79.8700,0.0503,1.6277,2.7311,0
701876,-7.9493,-7.7458,0.4787,31.5700,55.7200,85.4000,1.0795,1.9053,2.9202,0
701915,-7.7554,-5.8070,-0.8617,49.5600,-0.9100,13.3000,1.6947,-0.0311,0.4548,0
701954,-6.9272,-5.7567,-1.1442,38.3600,-8.4700,13.5800,1.3117,-0.2896,0.4644,0
701993,-6.0751,-4.9261,-1.3117,24.8500,3.7100,16.2400,0.8497,0.1269,0.5553,0
702032,-6.2235,-4.3875,-1.6253,15.7500,17.9900,18.6200,0.5386,0.6152,0.6367,0
702071,-6.8506,-3.8777,-0.9575,16.1700,22.8200,4.4100,0.5529,0.7803,0.1508,0
702110,-7.8799,-4.1123,-0.6056,4.4800,24.8500,-14.1400,0.1532,0.8497,-0.4835,0
702149,-8.2030,-5.3043,-1.1489,-13.5800,17.4300,-14.7700,-0.4644,0.5960,-0.5051,0
702188,-7.4777,-5.6657,-2.7264,-7.3500,29.2600,14.6300,-0.2513,1.0005,0.5003,0
702227,-8.2054,-3.6551,-3.0208,-14.5600,38.0100,59.6400,-0.4979,1.2997,2.0394,0
702266,-10.2879,-3.8011,-0.0024,-2.3800,55.2300,78.7500,-0.0814,1.8886,2.6928,0
702305,-15.4007,-16.0900,-4.9165,55.7900,-31.6400,-12.1800,1.9077,-1.0819,-0.4165,0
702344,-4.7394,-6.7549,-0.8569,54.8100,21.0700,-9.4500,1.8742,0.7205,-0.3231,0
702383,-6.4126,-7.8607,-0.6080,54.8800,20.7900,-51.9400,1.8766,0.7109,-1.7761,0
702422,-5.5221,-6.6352,-2.6593,35.2800,-12.1800,-76.3700,1.2064,-0.4165,-2.6115,0
702461,-4.4953,-6.4389,-4.6628,5.6700,3.8500,-33.9500,0.1939,0.1317,-1.1609,0
702500,-2.7623,-6.5131,-4.6676,42.4200,51.9400,-30.0300,1.4505,1.7761,-1.0269,0
702539,-4.3492,-5.3785,-4.4378,69.5100,77.2800,-13.0200,2.3769,2.6426,-0.4452,0
702578,-7.0038,-7.1378,-3.9136,89.8800,95.8300,10.5000,3.0734,3.2769,0.3590,0
702617,-7.3485,-6.4030,-2.1734,117.6000,85.4700,-15.8900,4.0213,2.9226,-0.5434,0
702656,-6.4365,-6.4150,-1.6708,96.1100,79.4500,-11.7600,3.2865,2.7168,-0.4021,0
702695,-8.0594,-6.7405,-1.6253,79.3100,69.5800,-5.6700,2.7120,2.3793,-0.1939,0
702734,-8.2652,-6.2115,-0.4548,100.9400,49.3500,-23.4500,3.4516,1.6875,-0.8019,0
702773,-5.8812,-7.7386,0.5434,77.7700,31.2900,-7.2800,2.6593,1.0700,-0.2489,0
702812,-7.4107,-9.4309,-1.2279,69.3000,30.9400,-25.9700,2.3697,1.0580,-0.8880,0
702851,-7.0852,-7.3198,-2.5229,61.6000,39.5500,-37.8000,2.1064,1.3524,-1.2926,0
702890,-6.9727,-6.7644,-2.0322,65.3800,67.2700,-9.3800,2.2357,2.3003,-0.3207,0
702929,-5.6969,-7.7769,2.1184,72.5200,91.4900,33.7400,2.4798,3.1285,1.1537,0
702968,-6.8817,-10.3573,0.2082,0.7000,96.8100,83.7900,0.0239,3.3104,2.8652,0
703007,-4.5527,-7.5136,-3.5378,-34.5800,48.5100,45.1500,-1.1825,1.6588,1.5439,0
703046,-1.6396,-4.0740,-2.1256,-44.7300,56.8400,96.4600,-1.5295,1.9436,3.2984,0
703085,-5.9626,-7.8703,-1.0245,-41.6500,44.9400,138.3900,-1.4242,1.5367,4.7322,0
703124,-9.3137,-8.6363,-0.6630,-9.6600,37.1000,92.3300,-0.3303,1.2686,3.1572,0
703163,-8.4807,-6.9200,-1.0676,27.5100,19.4600,33.0400,0.9407,0.6654,1.1298,0
703202,-6.6806,-4.7274,-1.1513,44.5900,-11.9700,9.5900,1.5247,-0.4093,0.3279,0
703241,-6.3982,-3.8250,-1.6420,23.3800,-7.5600,21.8400,0.7995,-0.2585,0.7468,0
703280,-6.5705,-3.8250,-1.4194,7.7700,10.3600,17.9200,0.2657,0.3543,0.6128,0
703319,-7.5184,-3.8107,-0.7684,-8.6100,7.7000,1.1900,-0.2944,0.2633,0.0407,0
703358,-8.2676,-3.8657,-0.8689,-27.6500,11.5500,-14.5600,-0.9455,0.3950,-0.4979,0
703397,-9.0001,-4.6963,-1.3787,-27.7200,9.8000,-31.5700,-0.9479,0.3351,-1.0795,0
703436,-7.5663,-6.6759,-2.4559,-18.5500,11.2700,-1.0500,-0.6343,0.3854,-0.0359,0
703475,-9.4357,-4.0524,-3.4397,-26.4600,5.7400,33.1100,-0.9048,0.1963,1.1322,0
703514,-9.8020,-3.4564,0.4931,-29.9600,29.3300,71.1200,-1.0245,1.0029,2.4319,0
703553,-16.3533,-11.9155,-4.7969,-7.0000,2.0300,91.9800,-0.2394,0.0694,3.1452,0
703592,-8.4735,-6.2259,-2.9561,15.3300,-43.6100,-46.7600,0.5242,-1.4912,-1.5990,0
703631,-6.4724,-7.4729,-2.2548,27.5100,-24.3600,-48.5100,0.9407,-0.8330,-1.6588,0
703670,-5.4024,-7.6142,-2.1064,19.8800,-22.6800,-58.5900,0.6798,-0.7755,-2.0035,0
703709,-5.7519,-6.2785,-2.9753,2.0300,-33.3900,-64.9600,0.0694,-1.1418,-2.2213,0
703748,-4.7992,-5.7519,-4.0165,-0.7700,-3.5000,-56.1400,-0.0263,-0.1197,-1.9197,0
703787,-4.9500,-5.7974,-4.1051,-2.3100,23.1700,-31.3600,-0.0790,0.7923,-1.0724,0
703826,-5.5580,-5.5772,-3.0974,23.7300,28.2800,-15.7500,0.8114,0.9670,-0.5386,0
703865,-6.9966,-6.0296,-2.3649,49.9800,23.3100,-12.9500,1.7091,0.7971,-0.4428,0
703904,-7.6022,-5.7902,-1.4242,40.1100,17.6400,-19.2500,1.3716,0.6032,-0.6583,0
703943,-7.4562,-6.4365,-1.0843,28.8400,6.5100,-30.4500,0.9862,0.2226,-1.0412,0
703982,-6.9822,-7.3030,-1.5798,45.1500,-9.1700,-49.3500,1.5439,-0.3136,-1.6875,0
704021,-6.3695,-7.3030,-1.9365,77.9800,-21.9100,-84.7700,2.6665,-0.7492,-2.8987,0
704060,-5.0506,-6.4533,-1.4410,31.8500,2.3100,-25.4100,1.0891,0.0790,-0.8689,0
704099,-7.1330,-8.7679,-1.2591,37.8000,1.4000,-13.6500,1.2926,0.0479,-0.4668,0
704138,-6.1588,-8.5525,-4.3612,60.9700,5.8800,-44.2400,2.0849,0.2011,-1.5128,0
704177,-5.7112,-9.6081,-0.0838,36.9600,65.4500,25.7600,1.2638,2.2381,0.8809,0
704216,-6.9822,-10.8767,-0.4213,-29.4000,64.0500,57.3300,-1.0053,2.1902,1.9604,0
704255,-5.7256,-9.5123,-0.8067,-28.2100,50.8200,49.8400,-0.9646,1.7378,1.7043,0
704294,-2.3889,-6.5562,-0.5146,-49.1400,18.2000,49.9800,-1.6803,0.6223,1.7091,0
704333,-2.9825,-4.0357,-0.9646,-92.2600,48.0900,124.6000,-3.1548,1.6444,4.2607,0
704372,-8.4591,-9.4429,-1.9843,-56.9100,25.8300,143.3600,-1.9460,0.8833,4.9022,0
704411,-8.2174,-7.6261,-1.1872,12.6000,25.2700,58.5900,0.4309,0.8641,2.0035,0
704450,-6.6232,-5.4192,-0.4739,35.2800,12.6700,11.7600,1.2064,0.4332,0.4021,0
704489,-6.9894,-5.9123,-1.2543,23.8700,1.0500,22.9600,0.8162,0.0359,0.7851,0
704528,-6.7333,-4.4163,-1.8431,6.9300,9.5200,20.3000,0.2370,0.3255,0.6942,0
704567,-7.1283,-4.5838,-1.5726,12.3200,21.6300,12.3200,0.4213,0.7396,0.4213,0
704606,-7.8535,-3.9639,-1.3285,6.7200,18.7600,-4.5500,0.2298,0.6415,-0.1556,0
704645,-8.1839,-3.6312,-1.0293,-13.2300,13.8600,-27.0900,-0.4524,0.4739,-0.9263,0
704684,-8.2676,-4.4737,-1.4697,-21.9800,15.1900,-39.2700,-0.7516,0.5194,-1.3428,0
704723,-7.5735,-6.4078,-2.4056,-23.3800,24.2900,5.6000,-0.7995,0.8306,0.1915,0
704762,-8.9546,-4.2343,-2.8149,-16.7300,25.0600,40.7400,-0.5721,0.8569,1.3931,0
704801,-11.6283,-3.7604,0.0670,-20.9300,32.9000,66.8500,-0.7157,1.1250,2.2859,0
704840,-14.7305,-13.7227,-6.3910,1.5400,-38.1500,51.6600,0.0527,-1.3045,1.7665,0
704879,-5.2349,-6.0080,-2.2237,37.4500,-23.7300,-42.2100,1.2806,-0.8114,-1.4434,0
704918,-5.3163,-7.4634,-1.0005,32.9000,3.7100,-31.1500,1.1250,0.1269,-1.0652,0
704957,-5.3689,-8.1312,-3.1452,23.1000,-18.4100,-63.0700,0.7899,-0.6295,-2.1567,0
704996,-5.2397,-6.4533,-4.1817,10.0100,-8.2600,-47.0400,0.3423,-0.2824,-1.6085,0
705035,-4.2343,-6.5155,-4.2391,22.4700,30.5900,-29.4000,0.7684,1.0460,-1.0053,0
705074,-4.6508,-5.7615,-4.6173,40.1100,50.2600,-19.9500,1.3716,1.7186,-0.6822,0
705113,-6.2665,-6.4126,-3.9160,61.3200,70.9100,-2.3100,2.0968,2.4248,-0.0790,0
705152,-6.5825,-6.4437,-2.6474,85.6800,67.2000,-17.2900,2.9298,2.2979,-0.5912,0
705191,-6.9344,-5.5676,-1.7545,78.6800,57.3300,-27.0900,2.6905,1.9604,-0.9263,0
705230,-7.2216,-5.9817,-1.0604,54.6700,44.3800,-8.8200,1.8694,1.5176,-0.3016,0
705269,-7.6668,-7.1211,-0.9287,72.3100,32.1300,-23.5900,2.4726,1.0987,-0.8067,0
705308,-6.5777,-6.8314,-0.5170,85.6100,19.8100,-34.9300,2.9274,0.6774,-1.1944,0
705347,-6.1397,-7.0636,-0.0263,74.7600,3.9200,-30.5900,2.5564,0.1340,-1.0460,0
705386,-6.4676,-8.4256,-0.3519,55.6500,18.9000,-19.3200,1.9029,0.6463,-0.6606,0
705425,-7.6525,-7.8272,-3.3128,56.8400,18.1300,-45.2200,1.9436,0.6200,-1.5463,0
705464,-7.2479,-5.6705,-0.6559,47.2500,48.0200,-9.1700,1.6157,1.6420,-0.3136,0
705503,-6.2450,-9.9934,2.2692,25.3400,78.9600,61.4600,0.8665,2.7000,2.1016,0
705542,-5.9434,-10.3262,-1.6755,-33.3900,51.1000,50.9600,-1.1418,1.7474,1.7426,0
705581,-1.7880,-6.4293,-2.8867,-49.2100,5.6000,37.5200,-1.6827,0.1915,1.2830,0
705620,-1.2160,-3.5115,-1.7641,-74.5500,32.4800,110.8100,-2.5492,1.1106,3.7891,0
705659,-6.5634,-8.1958,-0.9287,-53.9000,37.1700,162.2600,-1.8431,1.2710,5.5485,0
705698,-9.1700,-8.5956,-1.3739,-20.7900,26.6700,104.7200,-0.7109,0.9120,3.5809,0
705737,-7.9014,-5.8907,-1.1394,7.9800,15.7500,34.5100,0.2729,0.5386,1.1801,0
705776,-8.0474,-4.5383,-1.2758,13.0200,-5.1100,10.5000,0.4452,-0.1747,0.3590,0
705815,-7.3724,-3.9160,-0.7708,14.2800,-8.4700,4.4100,0.4883,-0.2896,0.1508,0
705854,-7.1713,-4.2176,-1.4099,-7.9100,-3.2900,-1.9600,-0.2705,-0.1125,-0.0670,0
705893,-7.0876,-3.6431,-1.4888,-18.9700,-0.1400,-22.6800,-0.6487,-0.0048,-0.7755,0
705932,-8.0402,-3.9902,-0.9192,-44.6600,1.2600,-19.4600,-1.5271,0.0431,-0.6654,0
705971,-8.4759,-5.6131,-2.0418,-41.3700,-2.8000,-11.5500,-1.4146,-0.0957,-0.3950,0
706010,-9.2418,-5.7687,-3.4038,-35.7000,0.3500,27.3700,-1.2208,0.0120,0.9359,0
706049,-8.8110,-3.1788,-1.2519,-39.2000,16.3100,47.3900,-1.3404,0.5577,1.6205,0
706088,-14.7233,-7.5974,-2.3697,-34.3000,5.3200,51.8700,-1.1729,0.1819,1.7737,0
706127,-12.1932,-8.3825,-5.5844,-3.7100,-56.9800,-24.4300,-0.1269,-1.9484,-0.8354,0
706166,-6.6806,-7.3269,-3.6838,17.5000,-50.7500,-59.2200,0.5984,-1.7354,-2.0250,0
706205,-3.7963,-7.4203,-2.8413,27.0200,-26.8800,-67.2700,0.9239,-0.9192,-2.3003,0
706244,-4.6365,-7.0780,-2.6354,13.9300,-25.0600,-69.2300,0.4763,-0.8569,-2.3673,0
706283,-5.0625,-5.4264,-3.5522,-1.0500,-25.2000,-62.0200,-0.0359,-0.8617,-2.1208,0
706322,-5.2133,-6.0128,-3.3415,-12.6000,16.3100,-18.8300,-0.4309,0.5577,-0.6439,0
706361,-5.8477,-6.1564,-3.4564,0.5600,24.5700,-18.6200,0.0191,0.8402,-0.6367,0
706400,-7.0804,-6.7405,-2.9083,30.2400,14.0000,-19.7400,1.0341,0.4787,-0.6750,0
706439,-7.3700,-6.1086,-1.6923,41.1600,4.4100,-47.8100,1.4075,0.1508,-1.6349,0
706478,-7.5711,-6.5418,-1.1154,27.4400,-11.2000,-62.5800,0.9383,-0.3830,-2.1399,0
706517,-6.4197,-6.0942,-2.0681,27.0200,-37.4500,-71.2600,0.9239,-1.2806,-2.4367,0
706556,-6.3934,-7.2312,-1.5128,39.1300,-41.0900,-70.3500,1.3380,-1.4051,-2.4056,0
706595,-6.3096,-8.2054,-1.1011,52.7800,-41.0900,-58.8700,1.8048,-1.4051,-2.0131,0
706634,-5.8381,-8.9019,-1.6085,44.8700,-34.8600,-46.6900,1.5343,-1.1920,-1.5966,0
706673,-6.1517,-8.7416,-3.2841,20.5100,-25.1300,-51.3100,0.7013,-0.8593,-1.7545,0
706712,-6.2330,-6.2929,-5.3091,28.5600,31.1500,-4.2700,0.9766,1.0652,-0.1460,0
706751,-5.9458,-10.2328,1.4936,13.0900,72.5900,93.5200,0.4476,2.4822,3.1979,0
706790,-5.2038,-9.8139,-0.1699,-73.4300,43.7500,71.8900,-2.5109,1.4960,2.4583,0
706829,-1.4075,-6.0559,-1.7186,-72.3100,1.4700,36.4700,-2.4726,0.0503,1.2471,0
706868,-3.5641,-6.5753,-2.3697,-110.3900,15.1900,138.2500,-3.7748,0.5194,4.7274,0
706907,-8.4280,-9.0527,-0.6630,-83.5100,8.9600,142.4500,-2.8556,0.3064,4.8711,0
706946,-8.1958,-8.1336,0.1652,-40.5300,-0.3500,47.1100,-1.3859,-0.0120,1.6109,0
706985,-8.3347,-6.1086,-0.8569,-40.8100,-41.8600,-1.4000,-1.3955,-1.4314,-0.0479,0
707024,-7.7937,-4.9764,-1.8694,-40.2500,-61.2500,-25.1300,-1.3763,-2.0944,-0.8593,0
707063,-6.3144,-4.6006,-2.1519,-52.2200,-65.1000,-9.0300,-1.7857,-2.2261,-0.3088,0
707102,-5.2373,-3.7101,-1.9508,-49.6300,-45.5700,-15.9600,-1.6971,-1.5583,-0.5457,0
707141,-5.0243,-4.0740,-2.0011,-57.6800,-15.7500,-8.7500,-1.9724,-0.5386,-0.2992,0
707180,-8.0977,-4.4139,-3.2554,-78.3300,-1.4000,-11.5500,-2.6785,-0.0479,-0.3950,0
707219,-9.6153,-6.7908,-3.6096,-51.1700,-7.0700,-12.6700,-1.7498,-0.2418,-0.4332,0
707258,-9.4716,-6.4868,-4.0572,-28.6300,-18.4100,-3.0100,-0.9790,-0.6295,-0.1029,0
707297,-9.6296,-3.0758,-2.4846,-49.7700,-18.6200,14.4200,-1.7019,-0.6367,0.4931,0
707336,-9.5650,-1.9795,-1.8838,-56.9800,-25.5500,19.5300,-1.9484,-0.8737,0.6678,0
707375,-14.5174,-11.8940,-9.4285,-27.6500,-44.6600,21.4900,-0.9455,-1.5271,0.7348,0
707414,-4.9381,-6.8410,-4.3636,8.7500,-65.4500,-76.7200,0.2992,-2.2381,-2.6234,0
707453,-4.8471,-7.7386,-1.5415,3.2900,-35.2100,-24.8500,0.1125,-1.2040,-0.8497,0
707492,-4.9405,-7.8870,-2.0968,8.2600,-16.3100,-52.5000,0.2824,-0.5577,-1.7952,0
707531,-6.0583,-6.5466,-3.7748,-2.5900,-34.0200,-80.7800,-0.0886,-1.1633,-2.7623,0
707570,-5.5102,-5.6466,-4.0429,-18.9000,-11.0600,-48.7200,-0.6463,-0.3782,-1.6660,0
707609,-4.9979,-5.9889,-3.3726,-10.7100,3.8500,-50.1900,-0.3662,0.1317,-1.7162,0
707648,-5.1368,-5.9793,-2.8580,2.8000,4.2000,-32.2000,0.0957,0.1436,-1.1011,0
707687,-5.6490,-6.5681,-2.8772,27.0200,0.9800,-36.7500,0.9239,0.0335,-1.2567,0
707726,-6.3072,-6.3408,-2.2213,34.6500,-1.8900,-57.2600,1.1849,-0.0646,-1.9580,0
707765,-7.0588,-6.4389,-1.8599,16.3100,-17.9900,-54.4600,0.5577,-0.6152,-1.8623,0
707804,-6.4939,-8.4639,-2.4439,45.0800,-34.7200,-63.6300,1.5415,-1.1872,-2.1758,0
707843,-5.3258,-7.8081,-2.4631,67.4800,-38.5000,-77.7000,2.3075,-1.3165,-2.6569,0
707882,-4.9764,-8.7272,-1.8048,64.2600,-24.5700,-43.8200,2.1974,-0.8402,-1.4984,0
707921,-5.6251,-7.6501,-2.0154,42.9100,-6.6500,-28.5600,1.4673,-0.2274,-0.9766,0
707960,-5.7663,-8.0187,-4.8016,43.0500,9.7300,-23.9400,1.4721,0.3327,-0.8186,0
707999,-6.0918,-9.2777,0.6654,50.5400,70.6300,43.8200,1.7282,2.4152,1.4984,0
708038,-7.7434,-11.2477,1.0412,-42.9800,58.3100,52.8500,-1.4697,1.9939,1.8072,0
708077,-1.9532,-7.6668,-1.1944,-54.3200,1.7500,32.4100,-1.8575,0.0598,1.1083,0
708116,-1.2567,-5.5963,-1.6301,-86.0300,7.4200,98.7000,-2.9418,0.2537,3.3750,0
708155,-6.3623,-9.8977,-1.5319,-89.8100,22.7500,179.6900,-3.0710,0.7779,6.1445,0
708194,-7.8679,-9.4549,-1.1106,-30.2400,15.4000,105.1400,-1.0341,0.5266,3.5952,0
708233,-7.3987,-6.8243,-0.8665,-0.8400,10.2900,42.0700,-0.0287,0.3519,1.4386,0
708272,-7.7793,-6.1780,-1.4242,-4.3400,-10.7800,24.7100,-0.1484,-0.3686,0.8450,0
708311,-7.5519,-5.1990,-1.6444,-3.6400,-20.0200,10.4300,-0.1245,-0.6846,0.3567,0
708350,-6.3025,-4.6149,-1.6564,-0.8400,-2.0300,6.3700,-0.0287,-0.0694,0.2178,0
708389,-6.5825,-4.0955,-1.2974,-10.6400,1.2600,-5.1800,-0.3638,0.0431,-0.1771,0
708428,-7.2503,-3.7101,-0.9335,-25.2000,5.3900,-21.1400,-0.8617,0.1843,-0.7229,0
708467,-8.1432,-3.9615,-1.1872,-46.3400,5.6700,-23.8700,-1.5846,0.1939,-0.8162,0
708506,-8.0378,-7.4825,-4.0955,-34.0900,-0.9100,32.6200,-1.1657,-0.0311,1.1154,0
708545,-9.3232,-2.8245,-3.1524,-39.6200,-4.7600,43.1900,-1.3548,-0.1628,1.4769,0
708584,-10.7546,-3.5761,-0.0311,-31.7800,18.9000,54.9500,-1.0867,0.6463,1.8790,0
708623,-16.9230,-10.9437,-5.5269,-28.2100,-18.8300,41.6500,-0.9646,-0.6439,1.4242,0
708662,-7.3293,-8.2102,-5.6729,8.0500,-60.4100,-61.4600,0.2753,-2.0657,-2.1016,0
708701,-4.4570,-6.0990,-3.0136,25.3400,-38.2900,-57.4000,0.8665,-1.3093,-1.9628,0
708740,-4.4306,-7.9086,-1.9508,22.2600,-17.3600,-33.6700,0.7612,-0.5936,-1.1513,0
708779,-5.8979,-7.0205,-2.1686,7.0700,-39.8300,-56.0000,0.2418,-1.3620,-1.9149,0
708818,-5.9937,-5.5341,-4.3684,-5.4600,-33.1100,-64.6100,-0.1867,-1.1322,-2.2093,0
708857,-4.7227,-6.4628,-4.2320,-11.7600,5.6700,-44.5200,-0.4021,0.1939,-1.5224,0
708896,-4.6030,-5.7017,-3.9064,4.2000,16.7300,-35.0700,0.1436,0.5721,-1.1992,0
708935,-5.5604,-6.4939,-3.1668,45.4300,16.2400,-14.1400,1.5535,0.5553,-0.4835,0
708974,-7.6740,-5.4144,-1.8886,45.2200,14.0000,-30.8700,1.5463,0.4787,-1.0556,0
709013,-8.2820,-6.1780,-1.3333,33.1800,9.4500,-34.5100,1.1346,0.3231,-1.1801,0
709052,-7.2025,-7.2312,-1.7354,46.8300,-14.7000,-61.6700,1.6013,-0.5027,-2.1088,0
709091,-6.3216,-8.1192,-1.3117,76.0900,-32.2000,-88.1300,2.6019,-1.1011,-3.0136,0
709130,-5.1727,-7.5471,-1.4841,58.8000,-30.1700,-59.2200,2.0107,-1.0317,-2.0250,0
709169,-6.7381,-7.4969,-1.8144,30.3800,-14.0000,-22.0500,1.0388,-0.4787,-0.7540,0
709208,-6.9822,-7.3724,-2.6426,47.8100,-16.6600,-28.2100,1.6349,-0.5697,-0.9646,0
709247,-5.1008,-7.4873,-0.6080,56.2100,27.0200,21.4200,1.9221,0.9239,0.7325,0
709286,-7.8176,-9.7684,-0.2633,-53.9700,31.9200,86.8700,-1.8455,1.0915,2.9705,0
709325,-5.4982,-8.5884,-1.8072,-99.6800,3.9900,60.2700,-3.4085,0.1364,2.0609,0
709364,-1.8646,-6.1014,-1.9293,-93.1000,-18.0600,84.0000,-3.1835,-0.6176,2.8724,0
709403,-8.1336,-10.7091,-1.2710,-125.8600,10.5000,171.0800,-4.3038,0.3590,5.8501,0
709442,-8.7344,-8.2485,-1.5008,-69.2300,-19.0400,59.4300,-2.3673,-0.6511,2.0322,0
709481,-7.6046,-5.7136,-0.5051,-51.9400,-28.4200,-5.8100,-1.7761,-0.9718,-0.1987,0
709520,-8.7129,-5.0099,-0.9766,-69.6500,-57.8200,-23.2400,-2.3817,-1.9771,-0.7947,0
709559,-7.8679,-4.3181,-1.6803,-85.4700,-81.2700,-15.6100,-2.9226,-2.7790,-0.5338,0
709598,-6.9583,-4.0907,-2.3745,-91.4200,-71.6800,-31.5000,-3.1261,-2.4511,-1.0771,0
709637,-6.7333,-4.5934,-3.5833,-95.0600,-63.9100,-36.9600,-3.2506,-2.1854,-1.2638,0
709676,-7.4203,-3.7772,-4.1314,-94.7800,-49.5600,-39.4100,-3.2410,-1.6947,-1.3476,0
709715,-7.4466,-4.0500,-3.9974,-75.1800,-33.4600,-41.0900,-2.5708,-1.1442,-1.4051,0
709754,-7.1785,-6.1947,-3.3559,-66.9200,-28.2100,-24.0100,-2.2883,-0.9646,-0.8210,0
709793,-8.0737,-5.0219,-3.4325,-87.7800,-45.7100,-14.2800,-3.0016,-1.5630,-0.4883,0
709832,-8.0857,-2.6450,-3.4516,-97.9300,-49.1400,6.0900,-3.3487,-1.6803,0.2082,0
709871,-13.8185,-10.1131,-9.0192,-127.6800,-54.3900,45.0100,-4.3660,-1.8599,1.5391,0
709910,-6.9463,-6.0511,-5.3713,-58.3100,-77.1400,-61.2500,-1.9939,-2.6378,-2.0944,0
709949,-8.1073,-8.0522,-2.5851,-50.4000,-78.6800,-35.6300,-1.7234,-2.6905,-1.2184,0
709988,-5.2277,-6.2785,-2.4511,-48.7900,-58.9400,-83.2300,-1.6684,-2.0154,-2.8460,0
710027,-5.6705,-5.7136,-4.7466,-52.9900,-76.3700,-119.7000,-1.8120,-2.6115,-4.0931,0
710066,-5.3641,-4.2176,-6.1947,-62.2300,-78.5400,-92.0500,-2.1279,-2.6857,-3.1476,0
710105,-4.5934,-4.6269,-4.6867,-70.5600,-50.4700,-64.1200,-2.4128,-1.7258,-2.1926,0
710144,-4.9070,-5.5820,-4.0835,-58.9400,-44.1700,-47.1800,-2.0154,-1.5104,-1.6133,0
710183,-6.5993,-7.3437,-3.6551,-26.8100,-59.8500,-44.5900,-0.9168,-2.0466,-1.5247,0
710222,-6.8362,-6.3288,-3.1979,-13.0900,-59.1500,-69.6500,-0.4476,-2.0226,-2.3817,0
710261,-7.4801,-5.9147,-2.9538,-31.4300,-68.5300,-69.0900,-1.0747,-2.3434,-2.3625,0
710300,-7.1498,-6.9607,-3.5929,-4.8300,-75.3200,-67.0600,-0.1652,-2.5756,-2.2931,0
710339,-6.0463,-6.4413,-3.0615,26.8800,-82.6000,-67.2700,0.9192,-2.8245,-2.3003,0
710378,-7.4849,-7.5495,-3.4038,34.4400,-85.2600,-39.2000,1.1777,-2.9155,-1.3404,0
710417,-7.4993,-8.9642,-3.9710,41.3000,-72.0300,-51.9400,1.4122,-2.4631,-1.7761,0
710456,-5.4024,-6.4485,-4.2152,19.8100,-56.4900,-53.2000,0.6774,-1.9317,-1.8192,0
710495,-5.9267,-7.0995,-1.6325,-15.4700,-52.7800,10.9900,-0.5290,-1.8048,0.3758,0
710534,-6.4892,-8.5836,-2.4511,-80.8500,-49.2800,64.7500,-2.7647,-1.6851,2.2141,0
710573,-2.2309,-6.8075,-2.2285,-94.9200,-58.7300,51.4500,-3.2458,-2.0083,1.7593,0
710612,-1.1154,-5.7471,-0.2920,-127.6100,-36.5400,122.7100,-4.3636,-1.2495,4.1961,0
710651,-10.4817,-13.0860,-2.9944,-158.9700,-69.2300,188.5100,-5.4360,-2.3673,6.4461,0
710690,-10.0796,-8.6650,-3.2362,-102.4800,-59.1500,5.0400,-3.5043,-2.0226,0.1723,0
710729,-7.6692,-3.5402,-1.7737,-84.3500,-83.5800,36.3300,-2.8843,-2.8580,1.2423,0
710768,-8.3682,-4.5479,-1.9245,-108.4300,-86.0300,76.0200,-3.7077,-2.9418,2.5995,0
710807,-6.5514,-4.4115,-2.2381,-120.8900,-82.2500,102.5500,-4.1338,-2.8125,3.5067,0
710846,-7.5878,-3.6982,-3.1620,-142.6600,-77.5600,138.1100,-4.8782,-2.6522,4.7227,0
710885,-8.4663,-2.4918,-2.7742,-126.1400,-61.3200,121.8000,-4.3133,-2.0968,4.1649,0
710924,-9.0527,-2.6378,-2.0896,-103.9500,-63.2100,130.9700,-3.5546,-2.1615,4.4785,0
710963,-9.8881,-1.5104,-2.0226,-92.3300,-66.9200,109.3400,-3.1572,-2.2883,3.7389,0
711002,-9.9432,-0.8138,-1.5966,-73.4300,-65.2400,96.0400,-2.5109,-2.2309,3.2841,0
711041,-10.4674,0.1293,-0.9000,-51.6600,-42.2100,76.0200,-1.7665,-1.4434,2.5995,0
711080,-10.7115,0.4261,-1.2734,-21.7000,-18.6200,24.9900,-0.7420,-0.6367,0.8545,0
711119,-9.3160,0.2920,-0.8043,-12.8800,-13.0200,-0.4200,-0.4404,-0.4452,-0.0144,0
711158,-9.0456,0.0168,0.3160,-9.9400,10.5700,-21.8400,-0.3399,0.3614,-0.7468,0
711197,-9.4956,1.0341,-0.2154,-12.2500,37.0300,-28.0000,-0.4189,1.2662,-0.9575,0
711236,-9.2849,0.9335,-0.7229,-7.7700,46.6900,-26.9500,-0.2657,1.5966,-0.9216,0
711275,-9.2945,0.9646,0.0981,-12.8100,47.8800,-53.8300,-0.4380,1.6372,-1.8407,0
711314,-8.7847,0.4237,0.4692,-14.4200,56.2800,-89.1100,-0.4931,1.9245,-3.0471,0
711353,-8.6195,0.3638,-0.0287,-20.6500,71.8200,-101.1500,-0.7061,2.4559,-3.4588,0
711392,-8.8732,-0.6918,-0.7085,-36.8200,55.3000,-80.0100,-1.2591,1.8910,-2.7359,0
711431,-9.5099,-1.3548,-1.4984,-32.7600,51.8000,-71.4000,-1.1202,1.7713,-2.4415,0
711470,-10.3190,-2.9681,-1.7857,-23.5900,33.3200,-50.9600,-0.8067,1.1394,-1.7426,0
711509,-9.0695,-3.5187,-2.8580,-1.1900,18.6200,-88.7600,-0.0407,0.6367,-3.0351,0
711548,-9.9360,-6.4461,-8.6937,-5.6700,35.7700,-79.7300,-0.1939,1.2232,-2.7264,0
711587,-11.0012,-9.8618,-8.4328,57.6800,3.4300,-41.3700,1.9724,0.1173,-1.4146,0
711626,-6.9894,-4.9524,-2.7694,93.9400,52.7800,-13.0900,3.2123,1.8048,-0.4476,0
711665,-8.7847,-3.3607,-0.9144,43.4700,52.0100,-40.7400,1.4865,1.7785,-1.3931,0
711704,-8.8780,-4.9812,-3.5809,-5.9500,35.1400,-41.0900,-0.2035,1.2016,-1.4051,0
711743,-7.8727,-4.2726,-5.5844,-26.6000,-15.6800,-82.9500,-0.9096,-0.5362,-2.8365,0
711782,-6.0846,-3.8298,-5.0386,-16.3800,-23.1700,-60.1300,-0.5601,-0.7923,-2.0561,0
711821,-4.7992,-4.0213,-4.8399,13.0200,4.8300,-37.8000,0.4452,0.1652,-1.2926,0
711860,-6.9392,-4.7705,-3.9351,16.9400,37.8000,-3.4300,0.5793,1.2926,-0.1173,0
711899,-8.0618,-4.9309,-2.5516,7.3500,20.4400,-13.0900,0.2513,0.6989,-0.4476,0
711938,-6.6687,-4.4139,-2.8987,0.3500,-6.7900,-36.6800,0.0120,-0.2322,-1.2543,0
711977,-6.0846,-4.7562,-3.6599,-0.5600,-10.7800,-33.4600,-0.0191,-0.3686,-1.1442,0
712016,-6.1780,-4.9644,-3.7939,8.5400,-16.5200,-29.6100,0.2920,-0.5649,-1.0125,0
712055,-6.4963,-5.3450,-3.4468,8.6100,-14.9100,1.9600,0.2944,-0.5098,0.0670,0
712094,-6.8171,-5.9985,-3.0375,28.9100,-17.2200,-9.8000,0.9886,-0.5888,-0.3351,0
712133,-8.4448,-6.6830,-2.7599,25.3400,-24.9200,-18.9700,0.8665,-0.8521,-0.6487,0
712172,-7.5998,-6.1947,-2.9849,30.1000,-26.1800,-59.8500,1.0293,-0.8952,-2.0466,0
712211,-7.6788,-7.2192,-3.9160,41.7200,-27.0200,-81.4100,1.4266,-0.9239,-2.7838,0
712250,-7.1091,-6.4078,-4.4091,70.7700,-30.5900,-108.5000,2.4200,-1.0460,-3.7101,0
712289,-6.6064,-6.2426,-3.0256,68.9500,-26.2500,-94.5700,2.3577,-0.8976,-3.2338,0
712328,-6.2330,-6.1373,-2.1806,44.9400,-24.0800,-55.7200,1.5367,-0.8234,-1.9053,0
712367,-6.5849,-7.3580,-2.7982,21.2800,-7.5600,-22.7500,0.7277,-0.2585,-0.7779,0
712406,-5.5509,-7.3557,-1.3811,-2.6600,-3.2900,5.6000,-0.0910,-0.1125,0.1915,0
712445,-8.5070,-11.6618,-2.0801,-84.2800,-6.7200,103.5300,-2.8819,-0.2298,3.5402,0
712484,-5.2110,-7.1115,-2.5349,-78.1900,-22.7500,32.0600,-2.6737,-0.7779,1.0963,0
712523,-1.5702,-4.9094,-2.3649,-87.2200,-26.5300,90.2300,-2.9825,-0.9072,3.0854,0
712562,-7.3269,-9.6583,-2.4439,-100.7300,-22.5400,186.9700,-3.4444,-0.7708,6.3934,0
712601,-9.8714,-9.3304,-2.7455,-53.5500,-8.6100,87.0100,-1.8311,-0.2944,2.9753,0
712640,-7.7362,-6.1900,-1.9867,-29.4000,-22.6800,14.8400,-1.0053,-0.7755,0.5075,0
712679,-8.0905,-5.2014,-1.0843,-35.0000,-50.2600,10.8500,-1.1968,-1.7186,0.3710,0
712718,-7.2791,-3.8226,-0.9958,-38.7100,-60.2000,-5.3900,-1.3237,-2.0585,-0.1843,0
712757,-6.7525,-3.3559,-2.1806,-57.8900,-59.8500,-7.0000,-1.9795,-2.0466,-0.2394,0
712796,-6.5777,-4.1195,-3.7006,-56.6300,-44.1700,-12.2500,-1.9365,-1.5104,-0.4189,0
712835,-6.4963,-3.4780,-3.1931,-45.4300,-21.5600,-19.1800,-1.5535,-0.7372,-0.6559,0
712874,-7.8942,-2.6474,-2.4894,-56.6300,-7.5600,-8.6100,-1.9365,-0.2585,-0.2944,0
712913,-8.9355,-5.8046,-2.5564,-31.6400,-3.9200,-2.8000,-1.0819,-0.1340,-0.0957,0
712952,-8.1886,-4.4905,-3.6695,-39.7600,-19.6700,12.4600,-1.3596,-0.6726,0.4261,0
712991,-7.9325,-1.1322,-1.8431,-62.0200,-12.4600,35.4900,-2.1208,-0.4261,1.2136,0
713030,-16.5903,-8.1862,-6.7764,-64.6100,-20.2300,92.8900,-2.2093,-0.6918,3.1764,0
713069,-9.6679,-8.7871,-4.8543,-3.5000,-44.1700,-21.2800,-0.1197,-1.5104,-0.7277,0
713108,-7.5136,-6.5825,-2.6809,-7.3500,-61.9500,-50.5400,-0.2513,-2.1184,-1.7282,0
713147,-6.2091,-6.7453,-2.9346,-15.7500,-27.2300,-82.3900,-0.5386,-0.9311,-2.8173,0
713186,-5.9362,-5.4743,-4.1578,-34.9300,-42.8400,-102.3400,-1.1944,-1.4649,-3.4995,0
713225,-4.7538,-4.2439,-5.9841,-33.6000,-34.5100,-97.5100,-1.1489,-1.1801,-3.3343,0
713264,-4.1961,-4.9644,-5.1296,-31.2200,-4.5500,-32.6200,-1.0676,-0.1556,-1.1154,0
713303,-4.2966,-4.9596,-4.1218,3.2900,12.6700,-16.1700,0.1125,0.4332,-0.5529,0
713342,-6.4317,-4.8064,-3.5785,35.9800,10.4300,6.1600,1.2303,0.3567,0.2106,0
713381,-9.3926,-5.7088,-2.0777,31.9200,16.3800,4.0600,1.0915,0.5601,0.1388,0
713420,-9.6488,-5.8501,-1.1561,32.7600,-2.8000,-56.9100,1.1202,-0.0957,-1.9460,0
713459,-8.1575,-7.9397,-2.1351,70.4900,-37.1700,-133.7700,2.4104,-1.2710,-4.5742,0
713498,-5.1822,-6.5035,-2.6593,100.2400,-39.3400,-178.9200,3.4277,-1.3452,-6.1181,0
713537,-6.1110,-6.2594,-4.9883,16.5900,-42.9800,-75.8800,0.5673,-1.4697,-2.5947,0
713576,-7.0756,-7.4777,-4.1147,12.1100,-3.5700,-23.6600,0.4141,-0.1221,-0.8091,0
713615,-5.7711,-7.4634,-1.3572,41.2300,11.9700,38.2900,1.4099,0.4093,1.3093,0
713654,-7.8296,-9.7756,-2.3123,-55.0200,20.0200,98.8400,-1.8814,0.6846,3.3798,0
713693,-5.2876,-8.7488,-2.2931,-87.9900,11.9000,80.7800,-3.0088,0.4069,2.7623,0
713732,-2.4391,-6.1612,-1.7713,-107.0300,-24.8500,63.9100,-3.6599,-0.8497,2.1854,0
713771,-4.2487,-7.0277,-1.6947,-143.9200,4.5500,155.7500,-4.9213,0.1556,5.3258,0
713810,-10.3836,-10.0892,-3.0040,-38.8500,-14.9100,55.1600,-1.3285,-0.5098,1.8862,0
713849,-8.1001,-5.0458,-1.5391,-21.9800,-25.9700,21.5600,-0.7516,-0.8880,0.7372,0
713888,-8.4878,-4.5910,-0.6798,-26.0400,-31.8500,-5.8100,-0.8904,-1.0891,-0.1987,0
713927,-7.5041,-3.5043,-1.3835,-38.5000,-52.5000,-18.3400,-1.3165,-1.7952,-0.6271,0
713966,-6.0344,-3.1835,-1.7043,-47.4600,-37.3800,-29.4000,-1.6229,-1.2782,-1.0053,0
714005,-6.4054,-3.8514,-2.7359,-48.7900,-26.1800,-26.2500,-1.6684,-0.8952,-0.8976,0
714044,-6.4916,-3.2386,-3.0974,-56.7000,-14.8400,-22.5400,-1.9388,-0.5075,-0.7708,0
714083,-7.6644,-4.3469,-3.1476,-48.8600,-0.5600,-16.1700,-1.6708,-0.0191,-0.5529,0
714122,-8.6003,-7.0517,-4.1649,-32.5500,6.4400,24.9200,-1.1130,0.2202,0.8521,0
714161,-10.9389,-3.4229,-3.3942,-38.2200,11.5500,33.4600,-1.3069,0.3950,1.1442,0
714200,-10.9437,-2.4822,-0.1269,-45.6400,7.7000,44.8700,-1.5607,0.2633,1.5343,0
714239,-12.3488,-2.9011,-0.0957,-66.3600,-46.1300,39.2700,-2.2692,-1.5774,1.3428,0
714278,-7.8368,-7.7745,-6.2642,-28.4200,-71.5400,-54.8100,-0.9718,-2.4463,-1.8742,0
714317,-5.7232,-5.3881,-2.6545,-5.5300,-47.6000,-48.9300,-0.1891,-1.6277,-1.6732,0
714356,-5.9697,-8.5573,-3.3391,5.6000,-29.2600,-53.0600,0.1915,-1.0005,-1.8144,0
714395,-6.5681,-6.8314,-4.3899,-3.2200,-35.8400,-93.6600,-0.1101,-1.2255,-3.2027,0
714434,-5.0075,-4.2320,-4.6006,-11.4800,-7.4900,-79.8700,-0.3926,-0.2561,-2.7311,0
714473,-4.5575,-5.2062,-4.6652,-5.6700,20.3000,-56.9100,-0.1939,0.6942,-1.9460,0
714512,-4.2463,-4.9979,-4.2822,19.6700,35.9100,-41.9300,0.6726,1.2279,-1.4338,0
714551,-5.5724,-5.5987,-3.5043,66.0100,24.0800,-25.4800,2.2572,0.8234,-0.8713,0
714590,-6.5849,-5.1918,-2.4702,89.4600,24.5000,-42.5600,3.0591,0.8378,-1.4553,0
714629,-8.3993,-6.9727,-1.8216,50.5400,24.2900,-40.8100,1.7282,0.8306,-1.3955,0
714668,-7.0517,-7.4825,-1.8814,45.3600,17.6400,-73.0800,1.5511,0.6032,-2.4990,0
714707,-5.6083,-6.0152,-1.3428,77.4900,1.7500,-66.5000,2.6498,0.0598,-2.2740,0
714746,-6.3048,-8.1910,-2.3147,49.0700,10.2900,-17.0800,1.6779,0.3519,-0.5840,0
714785,-8.1910,-9.2538,-2.9609,27.0900,25.4100,-26.3200,0.9263,0.8689,-0.9000,0
714824,-6.5825,-6.0463,-4.2008,38.6400,34.8600,-36.2600,1.3213,1.1920,-1.2399,0
714863,-4.2750,-7.2264,-0.1915,60.5500,70.7000,24.2200,2.0705,2.4176,0.8282,0
714902,-6.0415,-10.4554,0.1508,-12.0400,84.4200,121.1700,-0.4117,2.8867,4.1434,0
714941,-5.2516,-9.3184,-2.8173,-60.8300,61.6000,101.5700,-2.0801,2.1064,3.4732,0
714980,-2.2189,-5.0003,-2.4511,-50.6100,23.0300,60.6200,-1.7306,0.7875,2.0729,0
715019,-6.7094,-8.1192,-1.3069,-88.4800,26.8100,195.8600,-3.0256,0.9168,6.6974,0
715058,-11.2310,-9.8762,-1.7354,-50.8200,-6.1600,141.1200,-1.7378,-0.2106,4.8256,0
715097,-8.4136,-6.2546,-1.2327,1.8900,8.1200,32.2000,0.0646,0.2777,1.1011,0
715136,-7.8392,-4.7155,-2.0346,-13.7200,-31.1500,-1.6100,-0.4692,-1.0652,-0.0551,0
715175,-6.2618,-3.8035,-1.7976,-7.1400,-25.8300,-3.5000,-0.2442,-0.8833,-0.1197,0
715214,-6.3719,-3.7748,-2.0490,-24.3600,-9.8000,9.9400,-0.8330,-0.3351,0.3399,0
715253,-7.0828,-3.8992,-2.5684,-35.9800,-1.7500,2.0300,-1.2303,-0.0598,0.0694,0
715292,-7.2503,-3.5593,-2.2716,-43.1900,9.3800,-9.1700,-1.4769,0.3207,-0.3136,0
715331,-7.8009,-3.1835,-2.2979,-51.5200,21.4200,-13.5100,-1.7617,0.7325,-0.4620,0
715370,-7.8918,-4.6748,-3.4109,-44.7300,32.9000,3.8500,-1.5295,1.1250,0.1317,0
715409,-9.0216,-4.9165,-3.6359,-41.5100,17.2200,9.1700,-1.4194,0.5888,0.3136,0
715448,-8.6003,-5.1870,-1.6325,-45.7800,0.6300,-7.3500,-1.5654,0.0215,-0.2513,0
715487,-9.1700,-4.8423,-4.4785,-69.4400,-15.8200,36.9600,-2.3745,-0.5410,1.2638,0
715526,-10.0389,-12.2363,-9.6176,-32.2700,-43.6100,10.8500,-1.1035,-1.4912,0.3710,0
715565,-9.7708,-7.8535,-9.5650,19.6000,10.7100,-23.3800,0.6702,0.3662,-0.7995,0
715604,-5.3641,-4.7538,-2.4583,56.8400,50.5400,-45.7800,1.9436,1.7282,-1.5654,0
715643,-4.6389,-1.0604,-3.9902,22.4000,85.8900,-36.3300,0.7660,2.9370,-1.2423,0
715682,-7.8128,-4.6748,-5.1272,5.8800,73.7100,-0.9800,0.2011,2.5205,-0.0335,0
715721,-8.6315,-5.9650,-7.1570,3.0100,21.8400,-18.5500,0.1029,0.7468,-0.6343,0
715760,-5.4695,-5.2062,-5.1487,8.4000,20.7900,-33.6000,0.2872,0.7109,-1.1489,0
715799,-5.0362,-4.3109,-4.5336,17.8500,39.6900,-48.9300,0.6104,1.3572,-1.6732,0
715838,-5.1080,-4.8758,-5.2133,10.4300,38.3600,-29.3300,0.3567,1.3117,-1.0029,0
715877,-5.1966,-5.9841,-6.8147,26.0400,25.8300,-7.9100,0.8904,0.8833,-0.2705,0
715916,-6.3814,-5.7854,-6.0104,33.4600,16.0300,-7.3500,1.1442,0.5481,-0.2513,0
715955,-6.2259,-6.1181,-5.0985,29.4700,14.7000,-20.6500,1.0077,0.5027,-0.7061,0
715994,-5.8788,-5.6945,-4.5599,17.7800,9.1700,-24.4300,0.6080,0.3136,-0.8354,0
716033,-5.4360,-5.2062,-3.9591,-8.7500,-11.4800,-19.8100,-0.2992,-0.3926,-0.6774,0
716072,-5.7495,-5.8620,-5.3330,-21.0000,-30.2400,-17.1500,-0.7181,-1.0341,-0.5864,0
716111,-5.9937,-6.1086,-6.1540,-15.7500,-39.9700,-25.7600,-0.5386,-1.3668,-0.8809,0
716150,-5.4766,-5.3713,-5.2660,-10.5000,-35.8400,-31.9200,-0.3590,-1.2255,-1.0915,0
716189,-5.5173,-5.0697,-4.8399,-11.6900,-35.2800,-26.6700,-0.3997,-1.2064,-0.9120,0
716228,-6.0607,-5.0769,-4.8423,-15.5400,-44.0300,-22.2600,-0.5314,-1.5056,-0.7612,0
716267,-6.1421,-4.8423,-5.2636,-11.2000,-58.5200,-25.9000,-0.3830,-2.0011,-0.8856,0
716306,-6.0894,-4.8399,-5.7256,0.2800,-69.8600,-19.9500,0.0096,-2.3889,-0.6822,0
716345,-6.3647,-4.2343,-5.4886,13.0200,-69.7900,-7.7000,0.4452,-2.3865,-0.2633,0
716384,-5.9889,-3.8179,-6.0272,27.3000,-65.1700,9.3800,0.9335,-2.2285,0.3207,0
716423,-4.8495,-4.3923,-6.0439,47.4600,-47.0400,37.8000,1.6229,-1.6085,1.2926,0
716462,-9.0264,-6.2522,-1.2375,-9.9400,-1.1200,104.2300,-0.3399,-0.0383,3.5641,0
716501,-9.4932,-5.3737,-0.6439,-46.1300,-17.9200,76.3000,-1.5774,-0.6128,2.6091,0
716540,-8.8589,-6.3120,-0.5410,-60.5500,-48.8600,53.7600,-2.0705,-1.6708,1.8383,0
716579,-10.4889,-6.0392,-1.9724,-73.7100,-54.4600,5.8100,-2.5205,-1.8623,0.1987,0
716618,-8.4519,-4.3540,-2.6402,-87.5700,-75.3900,-52.9900,-2.9944,-2.5780,-1.8120,0
716657,-7.7339,-4.1961,-3.5378,-102.8300,-83.7900,-53.8300,-3.5163,-2.8652,-1.8407,0
716696,-7.5232,-4.4617,-3.3607,-94.8500,-78.3300,-42.6300,-3.2434,-2.6785,-1.4577,0
716735,-7.1091,-4.7681,-3.1931,-88.1300,-83.8600,-23.6600,-3.0136,-2.8676,-0.8091,0
716774,-6.9033,-4.2535,-3.3391,-91.5600,-69.3000,-15.3300,-3.1309,-2.3697,-0.5242,0
716813,-7.9134,-4.0333,-3.3176,-98.6300,-64.3300,-14.2100,-3.3726,-2.1998,-0.4859,0
716852,-8.0019,-3.8346,-3.5809,-84.9100,-47.9500,-26.6700,-2.9035,-1.6396,-0.9120,0
716891,-8.2485,-2.9849,-3.5857,-82.9500,-33.8100,-31.0100,-2.8365,-1.1561,-1.0604,0
716930,-8.9379,-3.6048,-2.3960,-73.8500,-28.9800,-33.6000,-2.5253,-0.9910,-1.1489,0
716969,-8.9881,-4.2655,-3.3296,-73.5000,-41.0200,-15.1200,-2.5133,-1.4027,-0.5170,0
717008,-8.2006,-2.9538,-3.9088,-70.7000,-41.3000,-4.0600,-2.4176,-1.4122,-0.1388,0
717047,-8.5764,-1.8886,-3.1596,-75.0400,-21.3500,14.9100,-2.5660,-0.7301,0.5098,0
717086,-16.2432,-9.1054,-7.6860,-59.7800,-55.2300,41.9300,-2.0442,-1.8886,1.4338,0
717125,-8.4304,-5.1750,-5.2133,-3.4300,-35.7700,-41.0200,-0.1173,-1.2232,-1.4027,0
717164,-8.2174,-7.6309,-0.9503,-6.1600,-21.7700,-14.0700,-0.2106,-0.7444,-0.4811,0
717203,-6.3288,-8.0690,-2.2644,2.4500,-24.5000,-70.7700,0.0838,-0.8378,-2.4200,0
717242,-6.8769,-5.4551,-2.8389,-17.9900,-44.3100,-103.8100,-0.6152,-1.5152,-3.5498,0
717281,-5.6011,-4.5168,-4.3109,-45.6400,-24.3600,-75.9500,-1.5607,-0.8330,-2.5971,0
717320,-4.2391,-4.9141,-5.0649,-22.5400,-2.6600,-66.3600,-0.7708,-0.0910,-2.2692,0
717359,-4.8232,-5.3570,-3.8849,24.2200,19.8100,-23.0300,0.8282,0.6774,-0.7875,0
717398,-6.5370,-5.9889,-3.4062,56.4900,17.5000,-13.9300,1.9317,0.5984,-0.4763,0
717437,-7.8152,-5.7064,-2.0035,45.1500,28.9800,-25.9700,1.5439,0.9910,-0.8880,0
717476,-8.0331,-6.5370,-1.5774,26.3200,18.0600,-31.9900,0.9000,0.6176,-1.0939,0
717515,-7.2671,-6.5251,-1.7402,45.7100,4.7600,-60.2000,1.5630,0.1628,-2.0585,0
717554,-6.6280,-6.4030,-1.8790,66.9900,-5.7400,-82.1100,2.2907,-0.1963,-2.8077,0
717593,-5.7735,-7.4275,-2.0633,50.4000,0.3500,-49.4900,1.7234,0.0120,-1.6923,0
717632,-6.8171,-9.0958,-3.2099,36.4000,14.0700,-24.4300,1.2447,0.4811,-0.8354,0
717671,-6.9152,-7.2575,-5.1391,44.8000,21.0700,-34.1600,1.5319,0.7205,-1.1681,0
717710,-5.4024,-8.1336,0.1364,75.0400,71.3300,26.7400,2.5660,2.4391,0.9144,0
717749,-7.7339,-9.6918,-1.2160,-9.2400,70.0000,94.0100,-0.3160,2.3936,3.2147,0
717788,-6.4580,-7.1522,-2.8604,-32.3400,21.0700,72.1000,-1.1059,0.7205,2.4654,0
717827,-1.6349,-4.1841,0.2801,-55.0200,36.1200,104.4400,-1.8814,1.2351,3.5713,0
717866,-8.1264,-9.3520,-1.8910,-78.3300,15.8900,186.2000,-2.6785,0.5434,6.3671,0
717905,-9.8163,-8.4495,-2.7790,-16.4500,13.6500,76.6500,-0.5625,0.4668,2.6210,0
717944,-7.4586,-5.5820,-0.9694,9.0300,5.1800,36.7500,0.3088,0.1771,1.2567,0
717983,-7.1953,-3.8083,-0.9168,16.8700,-8.4000,4.0600,0.5769,-0.2872,0.1388,0
718022,-7.3461,-3.8633,-1.3572,3.3600,-14.3500,6.5800,0.1149,-0.4907,0.2250,0
718061,-7.0732,-3.4373,-1.5391,-15.6100,-9.1000,11.9000,-0.5338,-0.3112,0.4069,0
718100,-7.3748,-3.3104,-1.4817,-24.7100,1.6100,-5.2500,-0.8450,0.0551,-0.1795,0
718139,-7.9445,-2.6139,-1.5295,-37.3100,16.3800,-11.9700,-1.2758,0.5601,-0.4093,0
718178,-9.3687,-4.9979,-1.7857,-34.5800,22.2600,-2.7300,-1.1825,0.7612,-0.0934,0
718217,-9.2012,-6.3671,-2.6474,-28.8400,-5.4600,23.7300,-0.9862,-0.1867,0.8114,0
718256,-9.3879,-0.7731,-1.4745,-74.7600,5.1800,51.9400,-2.5564,0.1771,1.7761,0
718295,-15.3025,-8.0378,-3.6024,-71.9600,-14.9800,52.7800,-2.4607,-0.5122,1.8048,0
718334,-11.8605,-9.5698,-5.4096,-38.6400,-49.8400,-35.2800,-1.3213,-1.7043,-1.2064,0
718373,-7.1881,-5.5245,-4.6844,-35.1400,-71.9600,-80.0100,-1.2016,-2.4607,-2.7359,0
718412,-4.3851,-5.4575,-3.2793,-33.8800,-29.3300,-68.2500,-1.1585,-1.0029,-2.3338,0
718451,-5.5006,-5.4168,-4.0381,-33.3200,-34.4400,-87.0100,-1.1394,-1.1777,-2.9753,0
718490,-6.0798,-4.9213,-4.6820,-32.4800,-36.9600,-85.4700,-1.1106,-1.2638,-2.9226,0
718529,-5.9338,-4.5671,-5.1248,-38.5000,-33.8800,-49.3500,-1.3165,-1.1585,-1.6875,0
718568,-5.7304,-4.4713,-4.6484,-38.7800,-4.5500,-29.9600,-1.3261,-0.1556,-1.0245,0
718607,-6.2642,-5.1344,-4.1601,-18.2700,-2.5900,-15.1200,-0.6247,-0.0886,-0.5170,0
718646,-8.2868,-4.9860,-3.2530,7.1400,-15.1900,-31.0100,0.2442,-0.5194,-1.0604,0
718685,-8.4328,-4.6102,-2.5373,1.5400,-14.0700,-51.8700,0.0527,-0.4811,-1.7737,0
718724,-7.8440,-4.9812,-3.3104,18.8300,-33.1100,-83.6500,0.6439,-1.1322,-2.8604,0
718763,-6.8650,-6.3168,-2.8819,59.1500,-43.7500,-126.0700,2.0226,-1.4960,-4.3109,0
718802,-6.2283,-7.2025,-3.3942,64.0500,-58.1000,-124.0400,2.1902,-1.9867,-4.2415,0
718841,-6.1660,-7.4658,-5.3618,-0.6300,-65.4500,-67.7600,-0.0215,-2.2381,-2.3170,0
718880,-7.0349,-7.4873,-5.3857,-3.3600,-37.5900,-35.4200,-0.1149,-1.2854,-1.2112,0
718919,-6.4126,-5.6322,-4.0453,66.5000,-3.9900,-6.3700,2.2740,-0.1364,-0.2178,0
718958,-6.4341,-8.7057,-1.7809,32.6900,29.9600,86.0300,1.1178,1.0245,2.9418,0
718997,-7.3557,-9.1269,-2.4391,-93.5200,7.2100,77.1400,-3.1979,0.2465,2.6378,0
719036,-4.0500,-7.7889,-1.2782,-92.1200,-18.8300,36.1900,-3.1500,-0.6439,1.2375,0
719075,-1.4194,-3.7341,-1.2830,-92.3300,-35.6300,37.3800,-3.1572,-1.2184,1.2782,0
719114,-5.2277,-7.0253,-1.0388,-102.9700,-25.8300,170.7300,-3.5210,-0.8833,5.8381,0
719153,-11.0203,-7.6884,-2.0753,-58.5900,-28.5600,49.8400,-2.0035,-0.9766,1.7043,0
719192,-8.2581,-5.1439,-1.3333,-56.5600,-58.3100,-30.6600,-1.9341,-1.9939,-1.0484,0
719231,-8.0043,-4.9524,-1.0293,-61.3900,-65.5200,-40.5300,-2.0992,-2.2404,-1.3859,0
719270,-7.4131,-3.5929,-1.2950,-67.5500,-64.6100,-38.6400,-2.3099,-2.2093,-1.3213,0
719309,-7.7362,-3.7101,-3.4492,-83.5100,-56.2100,-28.1400,-2.8556,-1.9221,-0.9622,0
719348,-6.3791,-4.0213,-3.8035,-74.6200,-45.3600,-27.3700,-2.5516,-1.5511,-0.9359,0
719387,-6.7908,-2.5133,-3.4468,-69.6500,-15.3300,-22.6800,-2.3817,-0.5242,-0.7755,0
719426,-8.6482,-3.8585,-2.6139,-83.1600,-11.6900,-8.0500,-2.8436,-0.3997,-0.2753,0
719465,-7.9565,-3.3248,-2.2213,-92.7500,-22.1900,-3.4300,-3.1716,-0.7588,-0.1173,0
719504,-7.7578,-3.7006,-1.6588,-131.3900,-55.8600,13.9300,-4.4929,-1.9101,0.4763,0
719543,-10.0892,-4.8758,-4.4234,-154.5600,-49.6300,34.2300,-5.2852,-1.6971,1.1705,0
719582,-8.7248,-7.0588,-6.9679,-108.9900,-79.1700,-80.5700,-3.7269,-2.7072,-2.7551,0
719621,-6.7333,-5.1607,-4.3062,-104.0900,-54.1100,-103.1100,-3.5593,-1.8503,-3.5258,0
719660,-6.8721,-7.1450,-6.1923,-125.0200,-47.6700,-73.7100,-4.2750,-1.6301,-2.5205,0
719699,-5.3857,-4.2726,-5.9530,-106.1900,-55.4400,-109.4100,-3.6312,-1.8958,-3.7413,0
719738,-4.1625,-3.1213,-4.4617,-118.1600,-65.8000,-99.6100,-4.0405,-2.2500,-3.4062,0
719777,-5.4431,-3.4708,-4.6125,-126.7700,-60.7600,-82.8100,-4.3349,-2.0777,-2.8317,0
719816,-6.4748,-3.8897,-5.5628,-135.5900,-63.8400,-65.5200,-4.6365,-2.1830,-2.2404,0
719855,-6.2618,-4.3014,-5.9650,-127.3300,-81.7600,-72.9400,-4.3540,-2.7958,-2.4942,0
719894,-6.9392,-4.2128,-6.5849,-104.1600,-91.2100,-77.0700,-3.5617,-3.1189,-2.6354,0
719933,-7.1857,-5.8572,-6.9392,-81.2000,-91.8400,-75.5300,-2.7766,-3.1405,-2.5827,0
719972,-6.4652,-4.5671,-6.0296,-60.2000,-81.4100,-83.3700,-2.0585,-2.7838,-2.8508,0
720011,-7.8200,-4.3756,-5.5676,-57.5400,-93.2400,-89.3900,-1.9676,-3.1883,-3.0567,0
720050,-6.5322,-4.6772,-5.6634,-35.0700,-80.0100,-79.8000,-1.1992,-2.7359,-2.7287,0
720089,-6.1205,-4.9812,-5.8022,1.4000,-78.6800,-91.2800,0.0479,-2.6905,-3.1213,0
720128,-6.4389,-4.6461,-5.7495,-1.3300,-89.4600,-86.4500,-0.0455,-3.0591,-2.9561,0
720167,-6.1205,-5.6921,-6.3527,-1.4000,-82.9500,-75.6000,-0.0479,-2.8365,-2.5851,0
720206,-6.5442,-6.5801,-7.2073,-1.1200,-70.4200,-61.6700,-0.0383,-2.4080,-2.1088,0
720245,-5.0434,-4.0764,-6.5083,-26.8800,-67.8300,-28.3500,-0.9192,-2.3194,-0.9694,0
720284,-4.1554,-5.5820,-2.3673,-52.3600,-13.6500,49.0700,-1.7904,-0.4668,1.6779,0
720323,-10.3836,-9.2706,-3.4277,-73.3600,3.9200,102.5500,-2.5085,0.1340,3.5067,0
720362,-10.4123,-8.5932,-2.6091,-34.7200,-24.3600,55.2300,-1.1872,-0.8330,1.8886,0
720401,-7.5567,-6.9128,0.3399,-24.5700,-44.6600,24.7800,-0.8402,-1.5271,0.8473,0
720440,-7.0349,-5.7040,0.7253,-49.0700,-65.7300,37.7300,-1.6779,-2.2476,1.2902,0
720479,-7.0277,-6.9487,-0.4644,-33.6000,-77.0700,-8.4000,-1.1489,-2.6354,-0.2872,0
720518,-6.6735,-5.4360,-2.1088,-79.8000,-87.7100,-36.1200,-2.7287,-2.9992,-1.2351,0
720557,-7.7243,-5.8405,-2.3793,-85.5400,-65.7300,-27.7200,-2.9250,-2.2476,-0.9479,0
720596,-6.9990,-5.9793,-2.2213,-56.7700,-52.5000,-7.2800,-1.9412,-1.7952,-0.2489,0
720635,-5.7902,-4.6149,-2.1279,-20.9300,-41.3000,-14.9800,-0.7157,-1.4122,-0.5122,0
720674,-6.7381,-3.9495,-1.9077,-23.8000,-33.8800,-4.8300,-0.8138,-1.1585,-0.1652,0
720713,-8.2581,-3.5569,-0.9144,-53.2700,-32.9000,12.9500,-1.8216,-1.1250,0.4428,0
720752,-8.8924,-3.5952,-0.8138,-63.2100,-35.1400,8.4700,-2.1615,-1.2016,0.2896,0
720791,-9.1748,-2.7240,-1.7115,-72.4500,-37.3800,-10.8500,-2.4774,-1.2782,-0.3710,0
720830,-8.7535,-3.7724,-2.4894,-89.6000,-37.7300,-14.7700,-3.0639,-1.2902,-0.5051,0
720869,-8.4208,-4.3373,-2.9729,-82.0400,-27.3700,8.8900,-2.8053,-0.9359,0.3040,0
720908,-7.7865,-4.0835,-1.7904,-59.7100,-15.5400,33.3900,-2.0418,-0.5314,1.1418,0
720947,-15.2355,-8.5261,-7.0804,-47.5300,-23.2400,86.5200,-1.6253,-0.7947,2.9585,0
720986,-8.9211,-6.9009,-3.7197,8.1200,-21.7000,-9.7300,0.2777,-0.7420,-0.3327,0
721025,-8.6051,-8.5261,-1.3237,-16.8700,-15.7500,4.0600,-0.5769,-0.5386,0.1388,0
721064,-6.5346,-7.4466,-3.6288,-11.6900,-8.4000,-67.9700,-0.3997,-0.2872,-2.3242,0
721103,-6.8674,-5.3761,-4.5814,-23.2400,-25.6200,-95.3400,-0.7947,-0.8761,-3.2601,0
721142,-5.3235,-4.3612,-4.9596,-31.3600,-6.9300,-56.7000,-1.0724,-0.2370,-1.9388,0
721181,-4.4594,-4.3253,-4.4713,-11.2000,18.6200,-45.8500,-0.3830,0.6367,-1.5678,0
721220,-5.3570,-4.4713,-4.1769,9.3100,28.5600,-16.2400,0.3184,0.9766,-0.5553,0
721259,-6.8362,-5.9721,-3.3224,48.3700,26.5300,-13.0900,1.6540,0.9072,-0.4476,0
721298,-8.0426,-5.4072,-3.0567,54.6700,23.7300,-28.7700,1.8694,0.8114,-0.9838,0
721337,-8.0235,-4.9405,-2.9490,35.2800,0.8400,-54.6000,1.2064,0.0287,-1.8670,0
721376,-6.3144,-6.7237,-3.3726,51.5900,-8.0500,-67.2700,1.7641,-0.2753,-2.3003,0
721415,-6.1780,-7.4251,-3.7437,64.4000,-6.0900,-58.9400,2.2021,-0.2082,-2.0154,0
721454,-6.8027,-5.9243,-3.8945,49.8400,8.6100,-19.3900,1.7043,0.2944,-0.6630,0
721493,-6.7094,-5.8285,-3.0543,58.8700,24.5700,14.5600,2.0131,0.8402,0.4979,0
721532,-8.7511,-9.7780,-1.9197,10.1500,49.4200,115.0100,0.3471,1.6899,3.9328,0
721571,-8.0235,-8.1886,-3.7843,-90.3000,28.7000,90.5800,-3.0878,0.9814,3.0974,0
721610,-4.4211,-6.7381,-1.9508,-111.4400,4.4100,93.5900,-3.8107,0.1508,3.2003,0
721649,-8.2724,-8.0187,-1.0771,-112.0000,5.9500,136.5000,-3.8298,0.2035,4.6676,0
721688,-11.0826,-8.0666,-2.4678,-43.3300,-40.1800,66.3600,-1.4817,-1.3739,2.2692,0
721727,-6.5801,-3.7365,-1.3787,8.0500,-38.8500,-30.8700,0.2753,-1.3285,-1.0556,0
721766,-7.3892,-2.9897,-0.0694,-24.5000,-42.5600,11.1300,-0.8378,-1.4553,0.3806,0
721805,-7.5041,-2.5420,-1.2471,-41.4400,-46.3400,-24.7800,-1.4170,-1.5846,-0.8473,0
721844,-5.8046,-2.5444,-1.9149,-58.2400,-35.1400,-27.8600,-1.9915,-1.2016,-0.9527,0
721883,-6.7189,-3.7987,-2.7647,-56.9100,-23.8000,-25.6900,-1.9460,-0.8138,-0.8785,0
721922,-7.7458,-3.3319,-2.4391,-57.7500,-10.2900,-35.9100,-1.9748,-0.3519,-1.2279,0
721961,-8.8469,-3.7987,-2.5085,-62.5100,-4.3400,-39.6200,-2.1375,-0.1484,-1.3548,0
722000,-9.2059,-5.6203,-3.9304,-65.4500,-23.2400,-9.8000,-2.2381,-0.7947,-0.3351,0
722039,-8.8206,-3.3846,-3.7030,-66.5000,-45.7800,8.6100,-2.2740,-1.5654,0.2944,0
722078,-10.3214,1.7426,-2.9992,-70.6300,-19.6700,44.1000,-2.4152,-0.6726,1.5080,0
722117,-15.5443,-8.9570,-9.6583,-71.6100,-76.6500,52.0100,-2.4487,-2.6210,1.7785,0
722156,-6.8889,-8.0666,-3.6718,-16.5900,-58.0300,-47.1100,-0.5673,-1.9843,-1.6109,0
722195,-7.0756,-9.0216,-3.6527,-25.3400,-52.5000,-48.1600,-0.8665,-1.7952,-1.6468,0
722234,-7.1211,-5.5509,-4.7370,-9.2400,-33.4600,-92.8200,-0.3160,-1.1442,-3.1740,0
722273,-6.1612,-5.0410,-3.9447,-27.3700,7.0700,-58.7300,-0.9359,0.2418,-2.0083,0
722312,-5.3929,-5.3067,-3.9710,-17.4300,1.2600,-85.2600,-0.5960,0.0431,-2.9155,0
722351,-4.3421,-3.7389,-4.0740,0.9100,12.4600,-78.9600,0.0311,0.4261,-2.7000,0
722390,-4.8950,-5.6634,-3.2458,41.7900,11.5500,-39.7600,1.4290,0.3950,-1.3596,0
722429,-6.8745,-6.7740,-3.3726,72.0300,4.9700,-53.4800,2.4631,0.1699,-1.8287,0
722468,-7.3963,-6.4724,-2.4008,56.4200,7.7700,-73.2900,1.9293,0.2657,-2.5061,0
722507,-7.3293,-6.0415,-2.0178,34.7900,-8.0500,-76.7200,1.1896,-0.2753,-2.6234,0
722546,-7.2360,-7.7650,-0.9192,53.2000,-27.7900,-83.5800,1.8192,-0.9503,-2.8580,0
722585,-5.9099,-7.9684,-2.4176,67.1300,-28.1400,-71.5400,2.2955,-0.9622,-2.4463,0
722624,-6.3192,-8.9163,-3.1907,15.1900,-16.5200,-35.5600,0.5194,-0.5649,-1.2160,0
722663,-6.8434,-5.8429,-4.5934,45.9200,22.8900,-16.4500,1.5702,0.7827,-0.5625,0
722702,-4.2631,-8.0642,-1.0939,31.7100,67.8300,92.1200,1.0843,2.3194,3.1500,0
722741,-3.7796,-9.5722,-0.7061,-100.6600,62.8600,144.8300,-3.4421,2.1495,4.9524,0
722780,-3.3200,-5.4312,-1.7450,-144.5500,23.5200,94.4300,-4.9429,0.8043,3.2290,0
722819,-8.7511,-9.5913,-2.2811,-148.6800,-7.6300,182.7700,-5.0841,-0.2609,6.2498,0
722858,-9.9192,-9.2825,-1.7761,-68.9500,-23.5900,106.6800,-2.3577,-0.8067,3.6479,0
722897,-6.4126,-5.1368,-0.6750,-24.6400,-33.8800,6.3000,-0.8426,-1.1585,0.2154,0
722936,-8.4591,-4.9165,-1.6109,-31.5700,-54.6000,-2.2400,-1.0795,-1.8670,-0.0766,0
722975,-8.0043,-3.8968,-1.8311,-39.4100,-61.1100,-26.1100,-1.3476,-2.0896,-0.8928,0
723014,-5.8955,-2.7455,-2.6761,-54.7400,-57.3300,-9.2400,-1.8718,-1.9604,-0.3160,0
723053,-5.3546,-2.8221,-3.2194,-38.9900,-24.9900,-9.8700,-1.3333,-0.8545,-0.3375,0
723092,-5.8070,-3.2003,-2.4654,-56.3500,6.0900,-5.6000,-1.9269,0.2082,-0.1915,0
723131,-9.5578,-4.9285,-1.6803,-60.8300,23.8000,-9.1700,-2.0801,0.8138,-0.3136,0
723170,-10.0629,-7.1211,-4.2559,-33.6000,-7.2800,-7.2800,-1.1489,-0.2489,-0.2489,0
723209,-9.2921,-3.2194,-4.8758,-35.3500,-29.1900,4.4100,-1.2088,-0.9981,0.1508,0
723248,-9.5267,-2.3889,-0.4931,-34.7900,-5.8100,26.8800,-1.1896,-0.1987,0.9192,0
723287,-14.0602,-10.6230,-3.4421,-48.5800,-29.8900,77.1400,-1.6612,-1.0221,2.6378,0
723326,-8.4424,-10.1059,-5.9961,11.4800,-47.3900,-30.0300,0.3926,-1.6205,-1.0269,0
723365,-5.9434,-6.3862,-3.1572,23.8700,-42.1400,-69.3700,0.8162,-1.4410,-2.3721,0
723404,-6.0679,-7.0134,-2.8365,15.2600,-34.3000,-68.9500,0.5218,-1.1729,-2.3577,0
723443,-5.6705,-5.7519,-4.8064,-8.3300,-36.6800,-72.1000,-0.2848,-1.2543,-2.4654,0
723482,-6.2689,-5.6801,-5.4312,-10.0800,3.7100,-43.9600,-0.3447,0.1269,-1.5032,0
723521,-4.4713,-4.5024,-4.8519,27.0200,25.8300,-70.0700,0.9239,0.8833,-2.3960,0
723560,-6.7979,-4.7466,-2.3817,30.5200,39.4100,-14.5600,1.0436,1.3476,-0.4979,0
723599,-6.9703,-7.0373,-1.1657,48.6500,30.8000,-21.1400,1.6636,1.0532,-0.7229,0
723638,-6.2761,-6.2498,-2.0298,68.0400,12.0400,-82.1100,2.3266,0.4117,-2.8077,0
723677,-6.7860,-5.5772,-2.0849,51.1700,-6.2300,-84.2100,1.7498,-0.2130,-2.8795,0
723716,-6.2043,-6.4963,-1.1872,68.0400,-1.6800,-79.5200,2.3266,-0.0574,-2.7192,0
723755,-6.4533,-8.2269,-0.7731,82.2500,-6.5800,-60.6200,2.8125,-0.2250,-2.0729,0
723794,-6.5442,-8.3370,-2.8580,45.5000,5.1800,-50.4000,1.5559,0.1771,-1.7234,0
723833,-9.1389,-8.2916,-4.1961,11.8300,0.1400,-40.5300,0.4045,0.0048,-1.3859,0
723872,-6.9320,-5.3785,-4.1051,34.5100,19.1100,-19.2500,1.1801,0.6535,-0.6583,0
723911,-4.7442,-10.1538,0.9455,18.6200,62.4400,76.9300,0.6367,2.1351,2.6306,0
723950,-5.1607,-9.7397,-0.2537,-75.3200,36.4000,94.1500,-2.5756,1.2447,3.2194,0
723989,-2.7216,-7.6190,-2.7670,-117.0400,-8.0500,64.8200,-4.0022,-0.2753,2.2165,0
724028,-5.1535,-7.7889,-2.6402,-117.6700,4.2000,185.6400,-4.0237,0.1436,6.3479,0
724067,-11.0538,-10.1873,-2.5349,-58.5200,-6.0900,134.1900,-2.0011,-0.2082,4.5886,0
724106,-6.9870,-5.3426,-0.4237,-1.4700,-0.7000,20.1600,-0.0503,-0.0239,0.6894,0
724145,-8.6554,-5.1008,-1.2232,-14.3500,-32.9000,6.3700,-0.4907,-1.1250,0.2178,0
724184,-7.8894,-3.8202,-1.5080,-22.1900,-48.0200,-12.7400,-0.7588,-1.6420,-0.4356,0
724223,-5.6274,-3.6503,-2.1399,-26.6700,-33.8800,-3.0100,-0.9120,-1.1585,-0.1029,0
724262,-5.6801,-3.5282,-2.4319,-26.0400,-19.0400,-6.5100,-0.8904,-0.6511,-0.2226,0
724301,-6.7525,-2.8795,-2.0968,-36.8900,-0.9100,-5.8100,-1.2614,-0.0311,-0.1987,0
724340,-8.2940,-3.2721,-1.7857,-50.8200,10.1500,-5.9500,-1.7378,0.3471,-0.2035,0
724379,-9.8403,-4.8112,-2.7814,-47.2500,-0.7000,-0.0700,-1.6157,-0.0239,-0.0024,0
724418,-9.1317,-4.5096,-2.8748,-43.4700,-24.7100,17.5000,-1.4865,-0.8450,0.5984,0
724457,-11.2956,-0.1604,-1.6516,-70.1400,-15.3300,34.7900,-2.3984,-0.5242,1.1896,0
724496,-17.9308,-10.9653,-11.0443,-40.7400,-56.2800,50.8200,-1.3931,-1.9245,1.7378,0
724535,-5.1152,-6.9511,-3.9926,25.9700,-48.6500,-59.8500,0.8880,-1.6636,-2.0466,0
724574,-6.3551,-7.7961,-2.0466,13.5100,-20.8600,-52.4300,0.4620,-0.7133,-1.7928,0
724613,-7.3940,-5.7280,-2.4870,1.6100,-15.5400,-93.0300,0.0551,-0.5314,-3.1811,0
724652,-5.4647,-4.8136,-4.2655,-19.3200,-30.1700,-93.5200,-0.6606,-1.0317,-3.1979,0
724691,-4.6054,-5.6274,-5.2062,-20.7200,-3.4300,-54.1100,-0.7085,-0.1173,-1.8503,0
724730,-3.3367,-4.6030,-4.7801,13.8600,29.8900,-46.7600,0.4739,1.0221,-1.5990,0
724769,-5.0386,-4.5407,-3.8418,53.6900,39.6200,-21.9800,1.8359,1.3548,-0.7516,0
724808,-7.1091,-6.0032,-2.6210,91.3500,39.4800,-15.4000,3.1237,1.3500,-0.5266,0
724847,-8.8756,-6.1852,-1.3428,92.7500,35.9800,-52.1500,3.1716,1.2303,-1.7833,0
724886,-6.5993,-6.6687,-1.8192,47.6000,7.3500,-81.7600,1.6277,0.2513,-2.7958,0
724925,-6.3910,-6.5179,-0.8450,40.7400,-10.5000,-75.6000,1.3931,-0.3590,-2.5851,0
724964,-5.5149,-7.8679,-1.0173,61.8800,-7.0000,-48.5800,2.1160,-0.2394,-1.6612,0
725003,-7.3676,-10.2855,-2.7359,13.9300,4.9000,-23.3100,0.4763,0.1676,-0.7971,0
725042,-5.7878,-6.3814,-6.1732,23.3800,11.3400,-55.0200,0.7995,0.3878,-1.8814,0
725081,-3.4756,-6.8506,-0.8234,65.4500,77.9100,37.8000,2.2381,2.6641,1.2926,0
725120,-6.9631,-10.4770,0.5314,-21.4900,83.7200,138.1800,-0.7348,2.8628,4.7250,0
725159,-6.1780,-10.5631,-1.1011,-77.4200,69.4400,126.3500,-2.6474,2.3745,4.3205,0
725198,-1.8407,-4.6987,-1.3237,-70.5600,26.0400,58.5200,-2.4128,0.8904,2.0011,0
725237,-9.0097,-10.6397,-2.3577,-103.5300,4.3400,208.5300,-3.5402,0.1484,7.1307,0
725276,-10.1371,-8.5812,-1.8718,-14.3500,3.2900,71.6800,-0.4907,0.1125,2.4511,0
725315,-6.9392,-6.1636,-1.2327,23.0300,-6.7900,17.2200,0.7875,-0.2322,0.5888,0
725354,-7.2432,-5.4001,-2.5133,12.8100,-21.5600,9.7300,0.4380,-0.7372,0.3327,0
725393,-6.3168,-4.0764,-2.3553,3.0800,-23.3100,3.8500,0.1053,-0.7971,0.1317,0
725432,-6.2330,-2.8700,-1.7617,4.6900,2.5900,-2.8700,0.1604,0.0886,-0.0981,0
725471,-6.7884,-3.2889,-1.1130,-3.0100,12.6700,-4.6900,-0.1029,0.4332,-0.1604,0
725510,-7.8009,-3.6958,-0.9024,-23.3100,21.4900,-10.7800,-0.7971,0.7348,-0.3686,0
725549,-8.8206,-5.0985,-1.9029,-34.5100,17.7100,7.5600,-1.1801,0.6056,0.2585,0
725588,-9.0599,-6.0080,-2.6354,-14.4900,19.2500,30.3100,-0.4955,0.6583,1.0364,0
725627,-10.0677,-2.4966,-2.2692,-49.0000,-10.1500,51.9400,-1.6755,-0.3471,1.7761,0
725666,-10.3166,-2.6234,-0.4596,-30.3100,14.1400,50.8200,-1.0364,0.4835,1.7378,0
725705,-16.6454,-12.5570,-6.3743,4.2000,-15.1900,75.4600,0.1436,-0.5194,2.5803,0
725744,-5.5197,-8.8613,-4.9500,27.5100,-17.7800,-48.6500,0.9407,-0.6080,-1.6636,0
725783,-6.8865,-5.5054,-1.9149,29.5400,7.4900,-67.4800,1.0101,0.2561,-2.3075,0
725822,-7.1426,-5.4910,-2.0729,8.1200,-18.9700,-75.3200,0.2777,-0.6487,-2.5756,0
725861,-5.2876,-4.7562,-4.1745,-5.5300,-18.6900,-70.2100,-0.1891,-0.6391,-2.4008,0
725900,-5.0027,-6.5753,-6.1852,1.3300,2.4500,-32.4100,0.0455,0.0838,-1.1083,0
725939,-3.8466,-5.1487,-5.5509,38.5700,32.4800,-35.9800,1.3189,1.1106,-1.2303,0
725978,-5.7854,-5.6251,-4.4019,76.2300,48.7900,-9.3100,2.6067,1.6684,-0.3184,0
726017,-7.2862,-5.9410,-3.0782,95.7600,49.4200,-10.0100,3.2745,1.6899,-0.3423,0
726056,-7.4825,-5.8189,-2.2572,96.8800,46.9700,-32.5500,3.3128,1.6061,-1.1130,0
726095,-7.3676,-6.3072,-1.5702,77.9100,30.7300,-31.7100,2.6641,1.0508,-1.0843,0
726134,-7.1809,-7.6620,-1.6109,80.7800,27.9300,-44.8700,2.7623,0.9551,-1.5343,0
726173,-5.9147,-6.8961,-1.2734,86.6600,26.1100,-58.5900,2.9633,0.8928,-2.0035,0
726212,-5.0290,-9.2993,-2.1088,32.9700,19.3900,-18.0600,1.1274,0.6630,-0.6176,0
726251,-5.4719,-8.6817,-4.1147,54.7400,39.4800,-22.8200,1.8718,1.3500,-0.7803,0
726290,-5.6562,-6.1900,-4.6245,83.7200,66.3600,-19.3200,2.8628,2.2692,-0.6606,0
726329,-5.0913,-6.3168,-2.5947,89.3900,103.9500,25.6200,3.0567,3.5546,0.8761,0
726368,-6.0966,-11.2717,1.6133,75.4600,115.9200,87.9200,2.5803,3.9639,3.0064,0
726407,-7.3557,-9.8618,-2.7766,25.9700,100.1700,59.8500,0.8880,3.4253,2.0466,0
726446,-5.2828,-5.8836,-2.4104,24.9200,76.0900,37.5200,0.8521,2.6019,1.2830,0
726485,-2.5636,-4.8495,-1.4242,17.0100,81.4800,97.4400,0.5817,2.7862,3.3319,0
726524,-4.8136,-5.5078,-1.5032,14.7700,84.5600,134.4000,0.5051,2.8915,4.5958,0
726563,-9.5482,-9.5578,-1.4194,26.1800,73.7100,124.3200,0.8952,2.5205,4.2511,0
726602,-9.3137,-7.3772,-1.4529,62.2300,54.7400,46.6200,2.1279,1.8718,1.5942,0
726641,-8.2509,-5.1176,0.0359,71.1200,35.9800,-5.1100,2.4319,1.2303,-0.1747,0
726680,-6.7237,-5.2516,0.4715,75.3200,29.3300,-18.4100,2.5756,1.0029,-0.6295,0
726719,-6.7333,-3.6000,-0.1532,44.3100,24.7800,-37.8000,1.5152,0.8473,-1.2926,0
726758,-6.1253,-3.7365,-1.0412,5.3900,30.5900,-25.4800,0.1843,1.0460,-0.8713,0
726797,-6.8865,-6.5753,-3.3367,12.9500,48.0200,1.6100,0.4428,1.6420,0.0551,0
726836,-8.0115,-7.1091,-3.0136,37.4500,51.5200,8.2600,1.2806,1.7617,0.2824,0
726875,-9.6823,-8.2150,-1.7043,16.4500,42.9800,27.3000,0.5625,1.4697,0.9335,0
726914,-5.4455,-8.2413,-2.2285,39.5500,43.5400,17.8500,1.3524,1.4888,0.6104,0
726953,-5.5628,-6.8745,-2.9059,49.9100,37.1700,-19.9500,1.7067,1.2710,-0.6822,0
726992,-6.9918,-6.7189,-4.5766,45.9200,17.6400,-33.1800,1.5702,0.6032,-1.1346,0
727031,-5.5221,-6.0846,-5.0554,46.6900,35.7000,-33.1100,1.5966,1.2208,-1.1322,0
727070,-4.8040,-5.4814,-4.4091,50.6800,72.7300,3.1500,1.7330,2.4870,0.1077,0
727109,-7.2838,-8.0283,-5.2804,84.0700,84.4200,37.5900,2.8748,2.8867,1.2854,0
727148,-6.4102,-5.8740,-4.6748,68.0400,91.2100,43.4700,2.3266,3.1189,1.4865,0
727187,-6.4102,-5.5221,-2.5995,51.1000,112.1400,75.5300,1.7474,3.8346,2.5827,0
727226,-7.2910,-6.6424,-3.0184,75.0400,96.0400,68.6000,2.5660,3.2841,2.3458,0
727265,-6.2091,-7.7506,-4.0931,111.7200,78.7500,51.0300,3.8202,2.6928,1.7450,0
727304,-5.2062,-7.3437,-4.5790,130.9000,74.5500,31.6400,4.4761,2.5492,1.0819,0
727343,-4.9764,-7.6118,-4.7155,115.0100,96.0400,54.6700,3.9328,3.2841,1.8694,0
727382,-5.8572,-7.3604,-5.4072,103.3900,118.0900,70.0700,3.5354,4.0381,2.3960,0
727421,-7.2527,-6.1110,-4.7681,117.6000,125.7200,54.5300,4.0213,4.2990,1.8646,0
727460,-8.2772,-5.1631,-3.0806,113.8900,122.6400,57.4000,3.8945,4.1937,1.9628,0
727499,-10.5583,-4.6604,-2.2357,120.4000,118.5800,49.8400,4.1171,4.0548,1.7043,0
727538,-9.5793,-3.3918,-1.8168,137.6900,81.8300,26.1800,4.7083,2.7982,0.8952,0
727577,-7.9900,-2.6593,-0.7779,108.5700,55.3000,28.5600,3.7125,1.8910,0.9766,0
727616,-8.5956,-2.7575,0.2920,67.5500,47.7400,30.1000,2.3099,1.6325,1.0293,0
727655,-9.0384,-5.5485,-0.6367,45.8500,33.1100,28.5600,1.5678,1.1322,0.9766,0
727694,-7.5376,-4.7274,-1.1035,47.3900,28.2100,2.1000,1.6205,0.9646,0.0718,0
727733,-6.9727,-4.3109,-0.6128,39.1300,39.6900,17.0100,1.3380,1.3572,0.5817,0
727772,-7.7745,-5.8165,-0.6702,22.9600,40.4600,37.1000,0.7851,1.3835,1.2686,0
727811,-7.1833,-5.6155,-0.8091,39.0600,43.4000,18.5500,1.3357,1.4841,0.6343,0
727850,-6.8219,-5.3594,-0.7348,52.6400,61.2500,18.0600,1.8000,2.0944,0.6176,0
727889,-8.9785,-7.0612,-0.9527,51.8000,66.2900,35.3500,1.7713,2.2668,1.2088,0
727928,-8.7368,-6.7836,0.2992,49.4200,59.9200,4.0600,1.6899,2.0490,0.1388,0
727967,-8.2772,-4.9812,0.5122,38.6400,41.3700,13.6500,1.3213,1.4146,0.4668,0
728006,-7.7362,-5.9817,-4.2320,60.9700,17.7800,19.6000,2.0849,0.6080,0.6702,0
728045,-6.2594,-4.6054,-1.6995,58.8000,55.4400,49.1400,2.0107,1.8958,1.6803,0
728084,-8.3011,-5.2445,-3.4588,47.9500,64.6800,22.4700,1.6396,2.2117,0.7684,0
728123,-6.5777,-5.2062,-5.3953,42.3500,50.3300,-13.0900,1.4482,1.7210,-0.4476,0
728162,-5.0697,-5.5844,-6.8817,45.9200,29.5400,-6.7900,1.5702,1.0101,-0.2322,0
728201,-6.0200,-4.4234,-6.1612,46.3400,67.9000,14.6300,1.5846,2.3218,0.5003,0
728240,-8.1791,-5.7854,-3.9926,38.4300,85.8900,38.0800,1.3141,2.9370,1.3021,0
728279,-7.8607,-4.9955,-2.9657,39.3400,72.2400,12.1100,1.3452,2.4702,0.4141,0
728318,-8.1671,-5.4743,-2.0561,37.2400,42.4900,1.1200,1.2734,1.4529,0.0383,0
728357,-8.2461,-5.7352,-2.8365,38.6400,25.9000,-19.6000,1.3213,0.8856,-0.6702,0
728396,-7.7099,-5.3881,-3.0902,35.6300,17.7800,-46.2000,1.2184,0.6080,-1.5798,0
728435,-7.1043,-5.3546,-2.1519,28.0000,-0.7700,-50.4000,0.9575,-0.0263,-1.7234,0
728474,-7.4203,-5.3378,-2.7958,29.2600,-15.8900,-46.9700,1.0005,-0.5434,-1.6061,0
728513,-6.9655,-6.0822,-2.7048,43.8200,-16.1000,-44.9400,1.4984,-0.5505,-1.5367,0
728552,-6.7764,-6.7979,-2.5732,42.0000,-19.7400,-37.6600,1.4362,-0.6750,-1.2878,0
728591,-6.6232,-7.5232,-2.7168,45.9200,-20.6500,-41.0900,1.5702,-0.7061,-1.4051,0
728630,-7.0565,-7.1187,-3.0136,56.4200,-21.7000,-36.8900,1.9293,-0.7420,-1.2614,0
728669,-7.1953,-6.7142,-3.2649,44.0300,-23.4500,-28.8400,1.5056,-0.8019,-0.9862,0
728708,-6.2929,-6.9080,-2.3889,23.8000,-9.1000,1.0500,0.8138,-0.3112,0.0359,0
728747,-7.4873,-8.4113,-2.0633,-27.7900,-3.3600,67.4800,-0.9503,-0.1149,2.3075,0
728786,-5.9769,-7.2073,-3.5713,-78.0500,-8.6100,64.6800,-2.6689,-0.2944,2.2117,0
728825,-2.4678,-6.7716,-2.3721,-86.6600,-20.8600,74.3400,-2.9633,-0.7133,2.5420,0
728864,-5.6298,-9.8331,-1.0652,-126.9100,8.8200,170.0300,-4.3397,0.3016,5.8142,0
728903,-11.0251,-9.0073,-2.7599,-97.7900,-28.3500,94.2900,-3.3439,-0.9694,3.2242,0
728942,-8.7775,-5.8189,-0.6965,-64.9600,-30.5900,-11.3400,-2.2213,-1.0460,-0.3878,0
728981,-9.5004,-4.6580,-1.5032,-79.2400,-56.0700,-23.9400,-2.7096,-1.9173,-0.8186,0
729020,-9.1198,-3.8777,-3.1500,-76.2300,-72.0300,-30.1700,-2.6067,-2.4631,-1.0317,0
729059,-6.7788,-2.4104,-3.0423,-85.6800,-77.6300,-39.6900,-2.9298,-2.6545,-1.3572,0
729098,-6.0798,-3.4995,-3.0423,-96.9500,-60.9000,-16.3800,-3.3152,-2.0825,-0.5601,0
729137,-6.9416,-2.9250,-3.7293,-93.3800,-39.3400,-17.9900,-3.1931,-1.3452,-0.6152,0
729176,-7.3868,-2.4487,-3.8921,-96.1800,-36.2600,-19.8100,-3.2889,-1.2399,-0.6774,0
729215,-8.2365,-3.6048,-3.8466,-88.3400,-18.0600,-18.6900,-3.0208,-0.6176,-0.6391,0
729254,-9.3448,-5.9865,-3.8729,-75.6700,-21.3500,-25.6900,-2.5875,-0.7301,-0.8785,0
729293,-8.1312,-5.1104,-4.0812,-65.9400,-50.4700,-34.3000,-2.2548,-1.7258,-1.1729,0
729332,-7.8511,-3.4804,-3.8155,-56.7700,-32.5500,1.1200,-1.9412,-1.1130,0.0383,0
729371,-8.5238,-2.7264,-3.4875,-36.6100,-10.5700,10.7800,-1.2519,-0.3614,0.3686,0
729410,-13.7539,-10.1179,-5.9673,-22.1900,-1.3300,47.4600,-0.7588,-0.0455,1.6229,0
729449,-7.4514,-9.3711,-7.2336,8.9600,-42.2100,-3.2200,0.3064,-1.4434,-0.1101,0
729488,-7.2240,-7.6118,-2.4367,32.4100,-26.8100,-13.0200,1.1083,-0.9168,-0.4452,0
729527,-7.1666,-8.8804,-1.9987,33.0400,-12.8800,-56.2100,1.1298,-0.4404,-1.9221,0
729566,-5.0051,-4.3516,-3.8921,15.7500,-29.8900,-100.9400,0.5386,-1.0221,-3.4516,0
729605,-6.7860,-6.1636,-6.4293,-10.8500,-21.2100,-62.5800,-0.3710,-0.7253,-2.1399,0
729644,-3.8897,-6.3336,-5.1870,22.2600,25.7600,-47.1800,0.7612,0.8809,-1.6133,0
729683,-4.0548,-4.9788,-4.1625,43.1900,54.5300,-17.0800,1.4769,1.8646,-0.5840,0
729722,-6.0344,-5.8907,-4.5814,59.8500,56.8400,4.3400,2.0466,1.9436,0.1484,0
729761,-7.0373,-4.7490,-2.6857,63.9100,68.7400,3.3600,2.1854,2.3506,0.1149,0
729800,-7.1067,-4.9548,-2.9777,62.4400,64.8200,13.6500,2.1351,2.2165,0.4668,0
729839,-7.6166,-3.9543,-1.9556,68.1800,52.2900,10.3600,2.3314,1.7880,0.3543,0
729878,-6.5251,-5.2971,-1.6995,69.4400,42.8400,21.2800,2.3745,1.4649,0.7277,0
729917,-6.1134,-5.0123,-2.3889,47.3900,37.4500,31.0100,1.6205,1.2806,1.0604,0
729956,-5.7854,-8.0043,-2.7479,12.0400,44.5900,89.1800,0.4117,1.5247,3.0495,0
729995,-7.7482,-7.4753,-5.8022,-6.1600,62.3000,110.2500,-0.2106,2.1303,3.7700,0
730034,-7.2767,-6.4892,-3.7054,14.4200,70.6300,138.2500,0.4931,2.4152,4.7274,0
730073,-10.7738,-6.1540,-1.8599,29.4700,73.5700,113.6800,1.0077,2.5157,3.8873,0
730112,-10.8935,-6.9655,-1.7809,46.9700,51.2400,48.6500,1.6061,1.7521,1.6636,0
730151,-8.2724,-3.8514,-2.2357,43.3300,17.7100,23.1700,1.4817,0.6056,0.7923,0
730190,-8.5644,-2.0394,-1.4266,17.2200,3.9900,21.9800,0.5888,0.1364,0.7516,0
730229,-7.9086,-2.6043,0.5936,-14.0700,-0.7700,14.6300,-0.4811,-0.0263,0.5003,0
730268,-9.0168,-1.9580,-0.2059,-26.6000,-8.3300,0.9100,-0.9096,-0.2848,0.0311,0
730307,-9.5961,-2.4894,-1.2638,-43.6100,-27.0200,-0.2100,-1.4912,-0.9239,-0.0072,0
730346,-8.0929,-4.5886,-1.9556,-59.7800,-22.1900,-14.0700,-2.0442,-0.7588,-0.4811,0
730385,-8.2317,-8.8421,-4.7897,-72.8000,-31.5000,5.3900,-2.4894,-1.0771,0.1843,0
730424,-8.1097,-10.0413,-9.8977,-37.3800,-50.3300,-41.8600,-1.2782,-1.7210,-1.4314,0
730463,-6.3671,-5.8788,-8.2461,20.4400,0.0000,-55.3700,0.6989,0.0000,-1.8934,0
730502,-5.6729,-4.2679,-4.3086,44.9400,28.7000,-33.3900,1.5367,0.9814,-1.1418,0
730541,-5.9051,-3.0686,-3.4373,-7.2100,33.2500,-10.0800,-0.2465,1.1370,-0.3447,0
730580,-9.0527,-6.3527,-5.8453,-22.8200,32.9000,23.3800,-0.7803,1.1250,0.7995,0
730619,-10.3549,-4.2104,-5.9219,-24.3600,-30.6600,-64.1200,-0.8330,-1.0484,-2.1926,0
730658,-5.8477,-3.8226,-4.0764,-23.6600,-36.4700,-64.8900,-0.8091,-1.2471,-2.2189,0
730697,-6.0296,-4.4091,-5.5652,-38.3600,-22.2600,-36.4000,-1.3117,-0.7612,-1.2447,0
730736,-6.7429,-4.7969,-5.9602,-37.8000,-27.0200,-21.2800,-1.2926,-0.9239,-0.7277,0
730775,-7.8296,-4.6221,-5.6849,-31.6400,-43.4700,-19.3900,-1.0819,-1.4865,-0.6630,0
730814,-8.0761,-3.3918,-5.0003,-22.5400,-51.0300,-34.5800,-0.7708,-1.7450,-1.1825,0
730853,-7.5926,-3.8250,-4.5479,-32.6200,-63.2100,-38.6400,-1.1154,-2.1615,-1.3213,0
730892,-6.6854,-3.5641,-4.6844,-47.1100,-77.7700,-47.9500,-1.6109,-2.6593,-1.6396,0
730931,-7.0445,-3.2290,-4.9620,-57.4000,-82.6700,-35.9800,-1.9628,-2.8269,-1.2303,0
730970,-7.5471,-3.1189,-6.1564,-66.7800,-81.1300,-24.4300,-2.2835,-2.7742,-0.8354,0
731009,-9.6679,-5.7399,-5.1942,-89.5300,-64.5400,8.4700,-3.0615,-2.2069,0.2896,0
731048,-9.7062,-5.0171,-4.0093,-84.4200,-76.3000,-12.6700,-2.8867,-2.6091,-0.4332,0
731087,-6.5059,-3.7125,-2.2165,-85.6800,-83.5100,4.9700,-2.9298,-2.8556,0.1699,0
731126,-9.5075,-4.8328,-1.4601,-93.9400,-45.8500,15.7500,-3.2123,-1.5678,0.5386,0
731165,-11.1927,-6.0104,-2.3793,-112.2100,-60.4100,-28.9800,-3.8370,-2.0657,-0.9910,0
731204,-9.5817,-3.8490,-3.1596,-132.0200,-88.5500,-77.7700,-4.5144,-3.0280,-2.6593,0
731243,-7.9062,-3.7843,-1.6755,-132.4400,-88.7600,-59.5700,-4.5288,-3.0351,-2.0370,0
731282,-7.3102,-3.8538,-1.8910,-118.3000,-75.7400,-72.5200,-4.0453,-2.5899,-2.4798,0
731321,-7.5567,-3.2769,-1.8718,-123.6200,-80.2900,-69.0900,-4.2272,-2.7455,-2.3625,0
731360,-8.7775,-3.4875,-3.4133,-136.0100,-94.2900,-80.2900,-4.6508,-3.2242,-2.7455,0
731399,-7.8128,-2.9897,-2.8149,-144.6200,-101.8500,-74.2700,-4.9453,-3.4827,-2.5397,0
731438,-7.5950,-2.2572,-3.8490,-144.1300,-109.4100,-63.3500,-4.9285,-3.7413,-2.1662,0
731477,-7.5304,-2.5708,-4.7155,-137.8300,-95.6200,-43.1900,-4.7131,-3.2697,-1.4769,0
731516,-8.0570,-4.1434,-5.1368,-140.5600,-89.5300,-49.6300,-4.8064,-3.0615,-1.6971,0
731555,-7.3030,-4.2487,-6.0224,-120.8200,-76.0900,-57.7500,-4.1314,-2.6019,-1.9748,0
731594,-6.7668,-3.0902,-6.6017,-124.6700,-74.6900,-31.4300,-4.2631,-2.5540,-1.0747,0
731633,-5.7208,-2.8652,-4.9165,-105.2800,-60.8300,-25.2000,-3.6000,-2.0801,-0.8617,0
731672,-7.9253,-5.6825,-4.3445,-111.5100,-70.4900,-0.2800,-3.8131,-2.4104,-0.0096,0
731711,-10.4602,-8.9809,-9.1102,-83.0900,-66.1500,9.3100,-2.8413,-2.2620,0.3184,0
731750,-7.3748,-5.3091,-2.0920,-58.0300,-37.5900,-15.4700,-1.9843,-1.2854,-0.5290,0
731789,-8.1743,-8.8636,-1.2806,-70.3500,-21.8400,0.1400,-2.4056,-0.7468,0.0048,0
731828,-5.9099,-5.6705,-4.0381,-73.5700,-27.8600,-78.2600,-2.5157,-0.9527,-2.6761,0
731867,-6.8386,-5.1272,-5.1846,-71.4700,-45.5700,-82.0400,-2.4439,-1.5583,-2.8053,0
731906,-4.7610,-4.3684,-5.1296,-61.7400,-48.5100,-59.1500,-2.1112,-1.6588,-2.0226,0
731945,-6.1756,-4.1913,-4.3684,-73.7100,-25.8300,-27.6500,-2.5205,-0.8833,-0.9455,0
731984,-7.6620,-5.8716,-4.8375,-44.2400,-60.8300,-67.2000,-1.5128,-2.0801,-2.2979,0
732023,-6.5011,-5.1152,-5.6418,-26.3200,-68.2500,-95.2000,-0.9000,-2.3338,-3.2554,0
732062,-5.9219,-5.0530,-5.0075,0.4200,-39.4800,-80.6400,0.0144,-1.3500,-2.7575,0
732101,-5.4503,-4.8088,-4.5048,26.3200,-31.7800,-63.2100,0.9000,-1.0867,-2.1615,0
732140,-6.4030,-5.4575,-4.6676,45.5000,-20.3000,-51.5900,1.5559,-0.6942,-1.7641,0
732179,-6.9176,-7.1139,-6.0392,54.3200,-31.1500,-55.0200,1.8575,-1.0652,-1.8814,0
732218,-6.6878,-5.8644,-5.5915,58.1000,-21.9100,-52.8500,1.9867,-0.7492,-1.8072,0
732257,-5.0410,-6.7261,-1.0915,47.9500,11.9000,2.8000,1.6396,0.4069,0.0957,0
732296,-8.1192,-9.8091,-3.3631,-54.3900,2.3800,82.7400,-1.8599,0.0814,2.8293,0
732335,-8.2102,-8.4256,-4.4450,-61.1800,-4.2700,50.3300,-2.0920,-0.1460,1.7210,0
732374,-6.6783,-8.6291,-1.7809,-32.0600,-9.8000,64.9600,-1.0963,-0.3351,2.2213,0
732413,-5.8429,-7.4729,2.0537,-57.3300,8.1900,87.5000,-1.9604,0.2801,2.9921,0
732452,-10.0150,-8.7129,-1.1633,-30.1000,-18.3400,47.8800,-1.0293,-0.6271,1.6372,0
732491,-7.1977,-5.7806,-1.3452,-10.9200,-43.2600,-13.3700,-0.3734,-1.4793,-0.4572,0
732530,-5.4360,-4.8663,-0.6750,-12.6700,-29.4000,-17.4300,-0.4332,-1.0053,-0.5960,0
732569,-6.3671,-5.8189,-1.4817,-12.5300,-21.8400,1.8200,-0.4285,-0.7468,0.0622,0
732608,-6.1181,-4.8040,-2.5516,-3.0800,-15.2600,-2.4500,-0.1053,-0.5218,-0.0838,0
732647,-7.2719,-4.9572,-2.6809,-22.0500,-14.4900,22.0500,-0.7540,-0.4955,0.7540,0
732686,-6.7237,-4.6078,-2.6833,-5.5300,0.9100,16.3100,-0.1891,0.0311,0.5577,0
732725,-7.8918,-4.5742,-1.2327,-10.2200,7.2800,20.0200,-0.3495,0.2489,0.6846,0
732764,-8.4902,-5.0338,-0.9144,-18.2000,2.2400,10.6400,-0.6223,0.0766,0.3638,0
732803,-7.8727,-5.3306,-1.3069,-19.5300,-2.3800,-8.5400,-0.6678,-0.0814,-0.2920,0
732842,-7.4538,-5.6418,-2.2692,-16.3800,3.2200,-7.9800,-0.5601,0.1101,-0.2729,0
732881,-7.5663,-5.1320,-1.9101,-10.9900,7.3500,7.7700,-0.3758,0.2513,0.2657,0
732920,-8.3155,-4.0548,-1.7617,-7.5600,8.8900,18.2700,-0.2585,0.3040,0.6247,0
732959,-9.1030,-3.5929,-1.0819,-9.3800,22.2600,31.0800,-0.3207,0.7612,1.0628,0
732998,-9.6176,-4.0979,-0.7731,-17.2900,34.4400,45.0100,-0.5912,1.1777,1.5391,0
733037,-13.0286,-10.0940,-1.5583,-11.7600,6.7900,33.8100,-0.4021,0.2322,1.1561,0
733076,-10.6804,-8.4855,-7.7578,5.3200,-36.5400,-16.3100,0.1819,-1.2495,-0.5577,0
733115,-4.8974,-4.9500,-1.6540,42.9100,11.4800,-15.9600,1.4673,0.3926,-0.5457,0
733154,-6.7764,-7.2192,-0.8737,30.8000,31.2900,5.3900,1.0532,1.0700,0.1843,0
733193,-7.0038,-6.7405,-3.3942,16.9400,2.9400,-28.5600,0.5793,0.1005,-0.9766,0
733232,-6.3072,-6.1325,-4.4450,13.3000,-8.8900,-55.8600,0.4548,-0.3040,-1.9101,0
733271,-6.0798,-6.0607,-4.9237,15.4000,23.7300,-26.4600,0.5266,0.8114,-0.9048,0
733310,-5.0961,-5.4336,-4.8591,32.9700,42.4200,-10.8500,1.1274,1.4505,-0.3710,0
733349,-5.8237,-5.6825,-5.0721,62.5800,52.6400,3.5700,2.1399,1.8000,0.1221,0
733388,-6.1517,-6.0846,-4.4713,73.1500,59.7100,14.2800,2.5014,2.0418,0.4883,0
733427,-6.1804,-5.8237,-3.6192,73.9200,68.8100,22.4700,2.5277,2.3529,0.7684,0
733466,-7.6477,-6.0463,-3.5498,61.3200,62.9300,38.8500,2.0968,2.1519,1.3285,0
733505,-8.3969,-7.1019,-3.1644,77.7700,59.8500,18.7600,2.6593,2.0466,0.6415,0
733544,-7.7267,-5.5868,-2.9777,91.6300,60.1300,-14.5600,3.1333,2.0561,-0.4979,0
733583,-7.2982,-6.2594,-3.3511,81.9700,54.1100,-10.2900,2.8030,1.8503,-0.3519,0
733622,-6.6041,-5.1152,-2.7742,91.9800,60.6900,-20.0900,3.1452,2.0753,-0.6870,0
733661,-6.2354,-5.5413,-1.4769,101.0100,58.0300,-12.4600,3.4540,1.9843,-0.4261,0
733700,-6.9894,-6.4078,-1.9006,95.6200,58.8700,5.3200,3.2697,2.0131,0.1819,0
733739,-7.3437,-5.3282,-1.5894,82.4600,46.4800,1.6800,2.8197,1.5894,0.0574,0
733778,-4.8854,-8.7296,0.9551,72.1700,54.6700,27.5800,2.4678,1.8694,0.9431,0
733817,-7.4777,-11.3052,-3.3798,36.9600,50.4700,47.9500,1.2638,1.7258,1.6396,0
733856,-5.4072,-7.5783,-5.8596,23.3800,38.9200,14.2100,0.7995,1.3309,0.4859,0
733895,-5.3163,-5.6490,-4.7801,22.9600,44.5200,33.2500,0.7851,1.5224,1.1370,0
733934,-5.8381,-5.0937,-2.5995,55.6500,62.3000,54.5300,1.9029,2.1303,1.8646,0
733973,-7.4323,-7.2360,-1.3668,53.2000,64.6100,86.0300,1.8192,2.2093,2.9418,0
734012,-8.2628,-7.8296,-1.2016,42.3500,53.8300,60.2700,1.4482,1.8407,2.0609,0
734051,-8.7320,-7.0229,-1.3811,60.0600,31.7800,14.8400,2.0537,1.0867,0.5075,0
734090,-7.0828,-7.0134,-0.4811,65.6600,19.1100,-0.4900,2.2452,0.6535,-0.0168,0
734129,-7.0445,-7.2886,-0.6200,55.8600,15.1200,-1.1900,1.9101,0.5170,-0.0407,0
734168,-7.3317,-6.9703,-1.7617,58.1000,13.5100,-14.5600,1.9867,0.4620,-0.4979,0
734207,-5.8836,-6.0751,-1.5630,66.9200,25.4100,-22.1200,2.2883,0.8689,-0.7564,0
734246,-6.1134,-6.1397,-1.3117,68.3200,37.0300,-14.8400,2.3362,1.2662,-0.5075,0
734285,-6.5466,-6.9727,-0.8138,62.6500,42.8400,-14.6300,2.1423,1.4649,-0.5003,0
734324,-5.8812,-6.4796,-1.2543,59.2200,45.8500,-18.2700,2.0250,1.5678,-0.6247,0
734363,-6.2833,-7.3724,-0.5601,64.6800,63.1400,-19.5300,2.2117,2.1591,-0.6678,0
734402,-6.5442,-7.6118,-0.2657,62.7200,73.9900,-18.6900,2.1447,2.5301,-0.6391,0
734441,-6.1181,-6.3360,-0.4883,44.3800,67.9000,-5.6700,1.5176,2.3218,-0.1939,0
734480,-5.6298,-6.5227,-0.1556,47.3900,72.1000,7.0000,1.6205,2.4654,0.2394,0
734519,-6.2067,-6.4533,-0.4572,43.1200,62.0200,25.7600,1.4745,2.1208,0.8809,0
734558,-6.0224,-6.8099,-0.4739,42.4200,58.9400,21.8400,1.4505,2.0154,0.7468,0
734597,-6.0056,-6.8841,-0.7779,27.9300,67.3400,24.5700,0.9551,2.3027,0.8402,0
734636,-5.7160,-6.2689,-0.6200,26.6000,79.5900,31.0800,0.9096,2.7216,1.0628,0
734675,-6.8195,-6.3599,-1.0939,36.1900,85.5400,41.5800,1.2375,2.9250,1.4218,0
734714,-7.0684,-5.9721,-0.2681,62.1600,95.2000,45.7100,2.1256,3.2554,1.5630,0
734753,-7.0732,-5.9841,0.7301,52.9900,94.4300,56.7000,1.8120,3.2290,1.9388,0
734792,-8.6530,-7.1139,0.3279,33.2500,82.4600,77.2100,1.1370,2.8197,2.6402,0
734831,-12.9496,-9.8067,-0.4452,49.8400,58.8700,76.9300,1.7043,2.0131,2.6306,0
734870,-11.3530,-9.0480,-4.3014,101.5000,-3.5700,31.2900,3.4708,-0.1221,1.0700,0
734909,-4.6867,-5.2301,-3.3655,109.0600,39.5500,-43.6100,3.7293,1.3524,-1.4912,0
734948,-8.2293,-1.8144,-6.0009,25.3400,58.4500,-68.4600,0.8665,1.9987,-2.3410,0
734987,-7.3293,-6.1732,-6.1780,9.0300,96.1800,25.2000,0.3088,3.2889,0.8617,0
735026,-4.5695,-4.5527,-5.5556,81.5500,106.9600,13.7900,2.7886,3.6575,0.4715,0
735065,-6.1660,-4.9764,-3.4085,109.9000,103.5300,25.0600,3.7580,3.5402,0.8569,0
735104,-9.5506,-6.3455,-1.7617,85.4700,91.8400,2.5900,2.9226,3.1405,0.0886,0
735143,-9.0121,-5.6969,0.0670,44.2400,69.2300,-31.7800,1.5128,2.3673,-1.0867,0
735182,-7.4083,-6.7884,-1.4434,36.8200,13.9300,-30.0300,1.2591,0.4763,-1.0269,0
735221,-6.7979,-5.4312,-3.1428,24.8500,1.1900,-28.8400,0.8497,0.0407,-0.9862,0
735260,-7.0229,-5.7256,-2.6115,-1.5400,27.7200,3.9200,-0.0527,0.9479,0.1340,0
735299,-6.3982,-5.3211,-0.7660,31.0100,49.2800,-19.1800,1.0604,1.6851,-0.6559,0
735338,-6.9033,-6.0368,-1.3907,59.0100,17.0800,-16.5900,2.0178,0.5840,-0.5673,0
735377,-7.3269,-6.6304,-2.5181,72.2400,5.8800,-34.6500,2.4702,0.2011,-1.1849,0
735416,-7.8081,-7.6908,-3.7221,65.5200,9.8700,-27.3700,2.2404,0.3375,-0.9359,0
735455,-8.0905,-5.7232,-3.0998,83.7200,28.2800,-36.8200,2.8628,0.9670,-1.2591,0
735494,-8.3323,-5.7352,-0.8904,53.6900,23.5900,9.1700,1.8359,0.8067,0.3136,0
735533,-7.0493,-11.4512,-2.1040,-23.7300,29.4000,108.6400,-0.8114,1.0053,3.7149,0
735572,-5.3833,-8.8230,-5.9027,-105.9800,-26.1800,92.6100,-3.6240,-0.8952,3.1668,0
735611,-2.4415,-6.2881,-3.5091,-103.6000,11.9700,119.6300,-3.5426,0.4093,4.0907,0
735650,-6.3910,-9.2299,-1.2375,-85.6100,14.9800,176.1200,-2.9274,0.5122,6.0224,0
735689,-9.6583,-8.4543,-1.3692,-42.9800,0.2100,109.0600,-1.4697,0.0072,3.7293,0
735728,-8.1958,-5.0793,-0.1460,-19.6000,-10.2900,22.2600,-0.6702,-0.3519,0.7612,0
735767,-7.5280,-3.2554,0.3758,-31.7800,-34.3000,1.1900,-1.0867,-1.1729,0.0407,0
735806,-7.9229,-3.1931,-0.5553,-49.0700,-52.1500,4.2700,-1.6779,-1.7833,0.1460,0
735845,-7.3126,-2.4750,-1.2758,-68.1100,-64.7500,-18.2700,-2.3290,-2.2141,-0.6247,0
735884,-6.5251,-3.4253,-2.2596,-81.1300,-50.1200,-10.2200,-2.7742,-1.7138,-0.3495,0
735923,-6.8314,-2.9681,-3.3798,-81.6900,-18.9700,-18.7600,-2.7934,-0.6487,-0.6415,0
735962,-8.8804,-3.2194,-3.2673,-84.2800,-9.9400,0.9100,-2.8819,-0.3399,0.0311,0
736001,-10.8145,-6.4341,-3.8466,-56.2800,-8.9600,8.8900,-1.9245,-0.3064,0.3040,0
736040,-10.7355,-3.8514,-2.7024,-57.4700,-24.9900,-3.7800,-1.9652,-0.8545,-0.1293,0
736079,-10.0485,-3.4540,-0.7372,-67.6900,-21.9800,11.6200,-2.3147,-0.7516,0.3973,0
736118,-11.7169,-3.6886,-1.6372,-63.6300,-60.8300,-23.8000,-2.1758,-2.0801,-0.8138,0
736157,-15.1781,-13.0621,-11.3363,-18.9700,-129.0100,-51.3100,-0.6487,-4.4115,-1.7545,0
736196,-1.1657,-4.5838,-4.4641,49.9100,-75.4600,-109.5500,1.7067,-2.5803,-3.7460,0
736235,-6.3384,-9.3184,-2.8604,14.9100,-32.9000,-43.8200,0.5098,-1.1250,-1.4984,0
736274,-6.8985,-5.7591,-1.7019,-23.9400,-31.5700,-78.8200,-0.8186,-1.0795,-2.6952,0
736313,-6.8889,-3.6958,-2.8867,-73.7100,-26.2500,-75.1800,-2.5205,-0.8976,-2.5708,0
736352,-6.7094,-5.7208,-5.0266,-68.3200,-16.1700,-60.4800,-2.3362,-0.5529,-2.0681,0
736391,-6.3431,-5.6634,-2.2452,-49.4200,-27.7900,-28.4200,-1.6899,-0.9503,-0.9718,0
736430,-6.5442,-5.2469,-1.7450,-16.3100,-5.5300,-62.7200,-0.5577,-0.1891,-2.1447,0
736469,-6.6519,-4.9022,-1.6277,-31.2900,-24.5000,-51.5900,-1.0700,-0.8378,-1.7641,0
736508,-6.9224,-4.7250,-2.2740,-18.5500,-25.9000,-95.6900,-0.6343,-0.8856,-3.2721,0
736547,-6.9775,-6.4604,-3.3655,-4.2000,-59.9200,-70.4200,-0.1436,-2.0490,-2.4080,0
736586,-5.8620,-7.9014,-3.8705,53.9700,-55.0200,-95.5500,1.8455,-1.8814,-3.2673,0
736625,-5.9003,-7.1043,-3.4229,27.7200,-49.9800,-66.4300,0.9479,-1.7091,-2.2716,0
736664,-6.7908,-8.0283,-1.9125,26.1100,-52.1500,-44.9400,0.8928,-1.7833,-1.5367,0
736703,-8.0618,-8.5094,-3.6072,13.6500,-55.3700,-40.2500,0.4668,-1.8934,-1.3763,0
736742,-7.4801,-7.8248,-4.6437,-8.5400,-31.5000,-42.8400,-0.2920,-1.0771,-1.4649,0
736781,-6.6160,-10.2974,-2.7359,-30.5200,-11.9000,37.7300,-1.0436,-0.4069,1.2902,0
736820,-4.3660,-8.3083,-2.1902,-76.0200,-46.2000,43.6800,-2.5995,-1.5798,1.4936,0
736859,-0.1867,-5.4168,-1.2591,-112.4900,-47.2500,83.8600,-3.8466,-1.6157,2.8676,0
736898,-4.2703,-8.1767,-1.9915,-161.8400,-23.8700,195.3700,-5.5341,-0.8162,6.6806,0
736937,-10.7020,-9.8115,-2.9729,-119.0000,-33.5300,129.5700,-4.0692,-1.1466,4.4306,0
736976,-8.1144,-6.1732,-1.3596,-55.8600,-38.7800,8.0500,-1.9101,-1.3261,0.2753,0
737015,-8.0259,-5.3402,-1.5535,-65.3100,-69.6500,-7.1400,-2.2333,-2.3817,-0.2442,0
737054,-7.7171,-4.3373,-1.8886,-80.7100,-84.3500,-12.2500,-2.7599,-2.8843,-0.4189,0
737093,-7.1594,-3.9232,-2.5133,-87.7800,-70.7000,-12.8100,-3.0016,-2.4176,-0.4380,0
737132,-5.9554,-3.6312,-3.0567,-68.6700,-58.5200,-22.1900,-2.3482,-2.0011,-0.7588,0
737171,-5.2780,-3.7293,-2.2428,-58.9400,-36.3300,-16.3100,-2.0154,-1.2423,-0.5577,0
737210,-7.3652,-2.8006,-2.5995,-80.4300,-14.0000,-14.4200,-2.7503,-0.4787,-0.4931,0
737249,-8.8301,-3.5713,-3.4588,-86.5200,-21.8400,-18.4100,-2.9585,-0.7468,-0.6295,0
737288,-8.9714,-6.8482,-6.0679,-43.4700,-28.8400,-0.4200,-1.4865,-0.9862,-0.0144,0
737327,-8.1168,-2.5756,-2.2979,-55.4400,-21.9800,23.5200,-1.8958,-0.7516,0.8043,0
737366,-11.5278,1.6109,-2.6785,-51.1000,-13.0900,58.5200,-1.7474,-0.4476,2.0011,0
737405,-17.7488,-10.5129,-11.7839,-61.3200,-65.0300,49.2100,-2.0968,-2.2237,1.6827,0
737444,-5.3019,-7.7913,-3.2601,14.2800,-56.0700,-79.8700,0.4883,-1.9173,-2.7311,0
737483,-6.6878,-8.1312,-1.6492,-9.0300,-32.9000,-23.1000,-0.3088,-1.1250,-0.7899,0
737522,-7.2886,-6.6136,-2.6713,-21.2100,-24.5700,-70.2100,-0.7253,-0.8402,-2.4008,0
737561,-6.3336,-6.3360,-5.2421,-25.6200,-39.9700,-97.4400,-0.8761,-1.3668,-3.3319,0
737600,-2.6761,-5.6035,-6.9511,-6.5800,-8.8900,-82.0400,-0.2250,-0.3040,-2.8053,0
737639,-2.4176,-3.4756,-5.4790,12.8800,38.7100,-46.5500,0.4404,1.3237,-1.5918,0
737678,-5.2229,-5.6993,-4.3492,40.8800,46.6200,14.8400,1.3979,1.5942,0.5075,0
737717,-7.2958,-5.9458,-3.4492,85.6100,49.4200,-22.2600,2.9274,1.6899,-0.7612,0
737756,-7.6142,-5.9626,-1.9484,79.8700,45.5000,-24.0800,2.7311,1.5559,-0.8234,0
737795,-7.6620,-7.4011,-0.8019,75.1800,40.3200,-28.0700,2.5708,1.3787,-0.9598,0
737834,-6.5251,-7.6094,-1.8120,88.4100,31.2900,-62.3700,3.0232,1.0700,-2.1327,0
737873,-6.0870,-6.3503,-2.6091,67.9000,30.5200,-65.2400,2.3218,1.0436,-2.2309,0
737912,-4.8375,-6.8410,-1.3309,42.4900,51.8000,-29.4700,1.4529,1.7713,-1.0077,0
737951,-5.2612,-8.2964,-0.3950,62.9300,69.8600,10.6400,2.1519,2.3889,0.3638,0
737990,-7.0301,-7.4873,-1.1657,64.5400,68.7400,16.8700,2.2069,2.3506,0.5769,0
738029,-5.4001,-11.4919,1.0053,27.1600,59.1500,67.9700,0.9287,2.0226,2.3242,0
738068,-7.2743,-10.6421,-6.6136,-17.6400,47.6700,94.4300,-0.6032,1.6301,3.2290,0
738107,-2.4870,-4.2942,-4.2008,12.0400,75.5300,44.8000,0.4117,2.5827,1.5319,0
738146,-5.3785,-5.9841,-0.2920,44.3800,70.4900,184.2400,1.5176,2.4104,6.3001,0
738185,-8.4878,-8.6913,-0.8641,96.1800,108.8500,105.6300,3.2889,3.7221,3.6120,0
738224,-6.9152,-5.2110,-0.5362,94.8500,67.6900,16.0300,3.2434,2.3147,0.5481,0
738263,-7.4825,-3.6335,-0.2489,55.0200,38.0100,47.6700,1.8814,1.2997,1.6301,0
738302,-7.5711,-2.8915,0.6295,53.6200,27.5800,29.6800,1.8335,0.9431,1.0149,0
738341,-8.3011,-4.0788,0.2346,11.9000,10.6400,41.5800,0.4069,0.3638,1.4218,0
738380,-8.5836,-4.3828,-0.3184,10.6400,23.7300,3.8500,0.3638,0.8114,0.1317,0
738419,-8.9043,-3.7556,0.2298,3.7800,37.5200,-7.2100,0.1293,1.2830,-0.2465,0
738458,-9.8091,-4.5671,-0.7396,-3.5700,33.5300,-1.2600,-0.1221,1.1466,-0.0431,0
738497,-7.9349,-4.5766,-0.7612,-14.2100,7.2800,16.1000,-0.4859,0.2489,0.5505,0
738536,-10.5368,-3.8633,-0.4189,3.8500,16.8000,49.4200,0.1317,0.5745,1.6899,0
738575,-15.1134,-11.6929,-8.2150,67.2700,7.8400,-23.2400,2.3003,0.2681,-0.7947,0
738614,-6.9870,-6.1947,-1.0053,46.2700,27.5100,-1.7500,1.5822,0.9407,-0.0598,0
738653,-7.8894,-7.1690,-2.5181,33.9500,29.4000,-53.1300,1.1609,1.0053,-1.8168,0
738692,-7.0110,-6.1660,-3.6312,11.9700,-0.7700,-58.8000,0.4093,-0.0263,-2.0107,0
738731,-5.5915,-4.5048,-3.6407,7.0000,6.5800,-41.9300,0.2394,0.2250,-1.4338,0
738770,-5.3163,-4.9836,-4.0070,10.1500,31.0800,-22.3300,0.3471,1.0628,-0.7636,0
738809,-6.0320,-5.2301,-4.2966,27.9300,32.9000,-25.4800,0.9551,1.1250,-0.8713,0
738848,-6.3336,-5.2588,-4.0165,44.3800,38.0800,-19.6000,1.5176,1.3021,-0.6702,0
738887,-6.2091,-5.7304,-3.3008,77.4200,42.3500,-28.9100,2.6474,1.4482,-0.9886,0
738926,-6.7166,-5.5221,-1.8551,84.7700,29.3300,-34.8600,2.8987,1.0029,-1.1920,0
738965,-8.1551,-6.6639,-1.8407,72.6600,23.5900,-18.9700,2.4846,0.8067,-0.6487,0
739004,-7.3078,-7.0110,-2.2668,79.5900,15.2600,-60.6900,2.7216,0.5218,-2.0753,0
739043,-6.3791,-7.8296,-0.9479,66.0100,6.1600,-55.5800,2.2572,0.2106,-1.9006,0
739082,-6.5322,-8.7129,-2.1998,44.9400,13.0900,-34.7900,1.5367,0.4476,-1.1896,0
739121,-6.8530,-7.6214,-4.5551,38.6400,22.7500,-28.4200,1.3213,0.7779,-0.9718,0
739160,-4.3708,-7.3724,0.2992,65.1700,70.5600,26.1100,2.2285,2.4128,0.8928,0
739199,-6.6184,-9.8379,-0.6822,-1.8900,72.0300,112.7000,-0.0646,2.4631,3.8538,0
739238,-5.5532,-8.6769,-2.4319,-57.2600,56.8400,96.8100,-1.9580,1.9436,3.3104,0
739277,-2.7024,-5.1990,-1.6277,-80.0800,40.6700,104.1600,-2.7383,1.3907,3.5617,0
739316,-8.4232,-9.6033,-2.1686,-80.2200,5.8800,170.0300,-2.7431,0.2011,5.8142,0
739355,-8.9953,-8.6243,-1.7091,-6.0900,7.8400,59.7800,-0.2082,0.2681,2.0442,0
739394,-6.5370,-5.2660,-1.0604,21.0700,2.9400,29.5400,0.7205,0.1005,1.0101,0
739433,-7.2336,-4.5216,-1.3380,23.1700,-17.6400,9.5200,0.7923,-0.6032,0.3255,0
739472,-6.9296,-3.9112,-1.7474,-4.4800,-29.0500,8.0500,-0.1532,-0.9934,0.2753,0
739511,-6.6830,-3.5929,-1.8599,-13.2300,-12.2500,1.8900,-0.4524,-0.4189,0.0646,0
739550,-6.8051,-3.4397,-1.4912,-17.8500,12.6700,-3.6400,-0.6104,0.4332,-0.1245,0
739589,-8.1216,-2.5851,-1.7043,-42.6300,21.1400,-10.8500,-1.4577,0.7229,-0.3710,0
739628,-8.4089,-5.9386,-1.4649,-37.5200,20.9300,-9.5200,-1.2830,0.7157,-0.3255,0
739667,-8.8158,-5.8644,-4.1362,-9.1000,15.5400,28.0000,-0.3112,0.5314,0.9575,0
739706,-9.1581,-1.6037,-2.0011,-28.4900,-4.9700,32.0600,-0.9742,-0.1699,1.0963,0
739745,-11.6068,-3.3272,1.2782,-51.4500,8.7500,86.8000,-1.7593,0.2992,2.9681,0
739784,-17.4137,-8.9929,-8.0977,-35.8400,-56.3500,49.0000,-1.2255,-1.9269,1.6755,0
739823,-6.9894,-6.5634,-4.7849,2.3800,-57.0500,-63.1400,0.0814,-1.9508,-2.1591,0
739862,-5.5173,-7.3628,-3.7700,17.1500,-29.6100,-59.9200,0.5864,-1.0125,-2.0490,0
739901,-6.1229,-7.2049,-2.8365,11.6900,-34.7200,-68.8100,0.3997,-1.1872,-2.3529,0
739940,-5.7782,-4.5096,-4.5527,-4.6900,-23.8000,-79.6600,-0.1604,-0.8138,-2.7240,0
739979,-4.9165,-5.6370,-4.9285,-5.4600,22.0500,-52.0100,-0.1867,0.7540,-1.7785,0
740018,-4.7992,-4.3349,-4.6939,16.8700,36.8200,-44.2400,0.5769,1.2591,-1.5128,0
740057,-6.2737,-5.4024,-2.9322,54.3900,33.5300,-8.6100,1.8599,1.1466,-0.2944,0
740096,-8.0091,-5.2277,-2.0609,75.5300,16.5900,-19.7400,2.5827,0.5673,-0.6750,0
740135,-9.1652,-4.5503,-0.5146,44.5900,14.2100,-38.7800,1.5247,0.4859,-1.3261,0
740174,-8.3658,-5.9243,-0.6391,21.2800,3.2200,-50.3300,0.7277,0.1101,-1.7210,0
740213,-6.6639,-7.1785,-1.3907,52.6400,-5.1100,-97.1600,1.8000,-0.1747,-3.3224,0
740252,-5.8931,-6.1732,-1.6325,54.4600,-28.0700,-92.9600,1.8623,-0.9598,-3.1788,0
740291,-5.2971,-7.0804,-2.5636,4.9700,-32.4100,-23.5200,0.1699,-1.1083,-0.8043,0
740330,-7.0038,-9.2227,-2.5420,10.2900,0.7000,11.6200,0.3519,0.0239,0.3973,0
740369,-5.9243,-8.3945,-1.1849,31.0800,14.2800,40.5300,1.0628,0.4883,1.3859,0
740408,-7.4634,-8.8445,-3.4181,-65.4500,16.1000,93.8700,-2.2381,0.5505,3.2099,0
740447,-5.3402,-6.8626,-3.6982,-77.0700,0.8400,52.5700,-2.6354,0.0287,1.7976,0
740486,-1.7976,-3.4492,-1.3261,-73.6400,9.1000,68.3900,-2.5181,0.3112,2.3386,0
740525,-8.0953,-10.5799,-0.8928,-117.1100,19.1100,224.7000,-4.0046,0.6535,7.6836,0
740564,-11.2932,-9.0192,-2.7718,-51.3100,0.2800,62.4400,-1.7545,0.0096,2.1351,0
740603,-8.1671,-5.4168,-1.8886,-40.5300,-35.0700,-13.3000,-1.3859,-1.1992,-0.4548,0
740642,-8.7559,-4.3756,-1.2112,-53.4100,-38.5700,-40.8100,-1.8263,-1.3189,-1.3955,0
740681,-8.4113,-3.7532,-1.1681,-68.1100,-52.7800,-31.2900,-2.3290,-1.8048,-1.0700,0
740720,-7.7745,-2.4439,-2.5253,-73.7100,-51.4500,-49.8400,-2.5205,-1.7593,-1.7043,0
740759,-6.7285,-0.8713,-2.8053,-90.8600,-53.4100,-64.1200,-3.1069,-1.8263,-2.1926,0
740798,-7.0301,-2.8676,-2.4224,-126.5600,-35.0700,-27.0900,-4.3277,-1.1992,-0.9263,0
740837,-7.4227,-6.3168,-2.9011,-152.7400,-65.8700,-35.7000,-5.2229,-2.2524,-1.2208,0
740876,-8.9666,-9.4621,-4.9333,-170.9400,-95.1300,-28.1400,-5.8453,-3.2530,-0.9622,0
740915,-9.9504,-9.0623,-8.5429,-103.4600,-115.7100,-79.3100,-3.5378,-3.9567,-2.7120,0
740954,-3.0303,-4.3732,-5.5341,-28.4900,-63.1400,-81.2000,-0.9742,-2.1591,-2.7766,0
740993,-5.4024,-6.1732,-7.6237,-12.2500,-24.4300,-31.8500,-0.4189,-0.8354,-1.0891,0
741032,-5.3450,-4.4905,-5.4336,6.2300,21.2800,-31.2200,0.2130,0.7277,-1.0676,0
741071,-7.7243,-4.1314,-4.2583,-5.6700,30.5900,-6.0900,-0.1939,1.0460,-0.2082,0
741110,-8.6722,-4.8830,-3.4014,-17.7100,23.2400,6.0200,-0.6056,0.7947,0.2059,0
741149,-7.7075,-5.9985,-4.4378,-2.6600,1.8200,-23.3800,-0.0910,0.0622,-0.7995,0
741188,-6.9440,-5.2205,-4.2415,-2.3800,1.4000,-31.1500,-0.0814,0.0479,-1.0652,0
741227,-6.3431,-4.8088,-3.6695,-3.9200,-17.2200,-14.0000,-0.1340,-0.5888,-0.4787,0
741266,-6.7716,-5.2229,-4.0859,-11.9700,1.6800,-12.6700,-0.4093,0.0574,-0.4332,0
741305,-6.8721,-5.3737,-3.8155,-11.0600,2.8700,-12.0400,-0.3782,0.0981,-0.4117,0
741344,-7.0110,-5.4144,-4.2415,-15.7500,3.0100,-1.4000,-0.5386,0.1029,-0.0479,0
741383,-7.5041,-5.7902,-4.2583,-5.6000,0.8400,-9.8000,-0.1915,0.0287,-0.3351,0
741422,-6.6902,-5.5461,-3.9040,-9.3100,-6.5100,-13.0200,-0.3184,-0.2226,-0.4452,0
741461,-6.3791,-5.7615,-4.2726,-13.0200,-8.4000,-10.2200,-0.4452,-0.2872,-0.3495,0
741500,-6.0248,-5.5700,-4.5934,-11.2000,-4.5500,-8.7500,-0.3830,-0.1556,-0.2992,0
741539,-6.6400,-6.0535,-4.5168,-6.9300,-1.5400,-0.2100,-0.2370,-0.0527,-0.0072,0
741578,-6.4652,-6.1181,-4.2774,-2.7300,0.6300,-0.0700,-0.0934,0.0215,-0.0024,0
