timestamp_ms,waist_x,waist_y,waist_z,waist_gx,waist_gy,waist_gz,thigh_x,thigh_y,thigh_z,event_flag
788261,-6.8051,-4.1051,-5.5532,-3.9900,-48.1600,-51.3800,-0.1364,-1.6468,-1.7569,0
788300,-6.7955,-4.3708,-4.1434,2.9400,-37.3800,-51.3100,0.1005,-1.2782,-1.7545,0
788339,-7.3174,-4.2248,-3.3870,6.7900,-37.3800,-64.6100,0.2322,-1.2782,-2.2093,0
788378,-7.7386,-4.5695,-3.3607,7.7700,-31.9200,-72.1700,0.2657,-1.0915,-2.4678,0
788417,-8.9498,-6.3886,-4.7681,0.4900,-50.0500,-54.2500,0.0168,-1.7115,-1.8551,0
788456,-7.7889,-6.3575,-3.9232,-32.6200,-54.6000,-28.2800,-1.1154,-1.8670,-0.9670,0
788495,-5.7591,-6.0152,-2.4942,-81.7600,-49.6300,2.8700,-2.7958,-1.6971,0.0981,0
788534,-6.1181,-4.9979,-1.7019,-88.6200,-57.6100,37.1700,-3.0303,-1.9700,1.2710,0
788573,-8.9857,-8.4472,-1.6636,-69.5800,-66.5000,58.2400,-2.3793,-2.2740,1.9915,0
788612,-8.5597,-5.5580,-1.2351,-93.5900,-80.0100,-23.0300,-3.2003,-2.7359,-0.7875,0
788651,-7.8918,-3.8801,-1.5319,-120.2600,-96.3900,-52.9900,-4.1123,-3.2960,-1.8120,0
788690,-8.6698,-4.8471,-2.4726,-110.6000,-118.1600,-46.9700,-3.7820,-4.0405,-1.6061,0
788729,-7.3700,-4.7274,-3.4588,-78.5400,-108.2200,-39.0600,-2.6857,-3.7006,-1.3357,0
788768,-6.7716,-5.1200,-4.3421,-87.5700,-80.5700,-12.9500,-2.9944,-2.7551,-0.4428,0
788807,-7.0756,-4.6891,-3.7173,-92.7500,-65.4500,1.3300,-3.1716,-2.2381,0.0455,0
788846,-7.8416,-3.8681,-3.1237,-83.3000,-57.8900,-1.7500,-2.8484,-1.9795,-0.0598,0
788885,-8.1408,-3.5857,-2.9538,-81.9700,-56.4200,-11.0600,-2.8030,-1.9293,-0.3782,0
788924,-8.0594,-3.1285,-2.9202,-82.1800,-47.8100,-24.9200,-2.8101,-1.6349,-0.8521,0
788963,-7.7602,-3.6742,-3.0734,-79.0300,-40.1800,-25.4100,-2.7024,-1.3739,-0.8689,0
789002,-7.4155,-4.6556,-3.1333,-60.8300,-24.1500,-15.8900,-2.0801,-0.8258,-0.5434,0
789041,-9.2251,-4.0046,-3.7030,-44.5200,-14.0700,8.3300,-1.5224,-0.4811,0.2848,0
789080,-8.1743,-3.1069,-2.6641,-49.4900,-15.4700,9.3100,-1.6923,-0.5290,0.3184,0
789119,-11.9299,-7.0349,-3.1022,-43.1200,-19.9500,25.2000,-1.4745,-0.6822,0.8617,0
789158,-9.6272,-7.2408,-5.2804,4.1300,-33.4600,-19.1800,0.1412,-1.1442,-0.6559,0
789197,-8.6171,-8.3586,-2.1375,-5.1800,-34.3000,-19.6700,-0.1771,-1.1729,-0.6726,0
789236,-5.9482,-7.8655,-1.4170,-2.4500,-20.5100,-72.5900,-0.0838,-0.7013,-2.4822,0
789275,-6.6304,-5.7663,-2.8508,-48.0200,-31.9900,-52.0100,-1.6420,-1.0939,-1.7785,0
789314,-5.5580,-4.4665,-4.7633,-43.7500,-17.5700,-73.0100,-1.4960,-0.6008,-2.4966,0
789353,-4.0740,-5.2828,-5.6490,-14.6300,3.0100,-56.7700,-0.5003,0.1029,-1.9412,0
789392,-4.6867,-3.8322,-4.3086,7.0700,15.4000,-35.8400,0.2418,0.5266,-1.2255,0
789431,-6.6711,-6.0631,-3.1596,34.9300,31.2200,-11.0600,1.1944,1.0676,-0.3782,0
789470,-8.0690,-6.7979,-2.3889,34.7900,20.5100,-33.8100,1.1896,0.7013,-1.1561,0
789509,-7.8894,-5.7782,-1.9436,-0.4200,-2.0300,-34.6500,-0.0144,-0.0694,-1.1849,0
789548,-7.3150,-6.0751,-1.9317,31.6400,-23.8000,-67.7600,1.0819,-0.8138,-2.3170,0
789587,-6.7572,-6.2546,-2.2716,70.7000,-24.7100,-75.8800,2.4176,-0.8450,-2.5947,0
789626,-6.4748,-8.6291,-2.9107,78.7500,-43.7500,-92.4700,2.6928,-1.4960,-3.1620,0
789665,-5.3187,-8.5549,-2.9538,35.2800,-13.1600,-64.0500,1.2064,-0.4500,-2.1902,0
789704,-6.1277,-8.0283,-1.9197,19.1100,-6.4400,-36.9600,0.6535,-0.2202,-1.2638,0
789743,-6.1780,-6.6950,-4.3373,33.5300,9.3800,-22.8200,1.1466,0.3207,-0.7803,0
789782,-5.7208,-8.4855,-0.6606,46.2000,52.4300,46.3400,1.5798,1.7928,1.5846,0
789821,-5.5868,-8.8780,-0.9359,-21.0700,44.9400,114.2400,-0.7205,1.5367,3.9064,0
789860,-3.4062,-7.4682,-1.7330,-93.8700,31.6400,109.0600,-3.2099,1.0819,3.7293,0
789899,-3.5809,-4.7418,-2.2907,-108.5000,5.0400,222.6700,-3.7101,0.1723,7.6142,0
789938,-9.1293,-7.5256,-1.8670,-48.4400,0.0000,106.6800,-1.6564,0.0000,3.6479,0
789977,-6.9296,-5.0458,-0.5003,-14.9100,-1.4700,7.6300,-0.5098,-0.0503,0.2609,0
790016,-8.2748,-4.2176,-1.3309,-36.1900,-46.5500,15.7500,-1.2375,-1.5918,0.5386,0
790055,-8.1456,-3.8992,-1.6205,-28.0700,-53.9000,-7.4900,-0.9598,-1.8431,-0.2561,0
790094,-6.6088,-3.6479,-2.0801,-35.9800,-52.8500,-12.1100,-1.2303,-1.8072,-0.4141,0
790133,-6.6447,-3.7748,-1.9915,-41.5800,-29.3300,-12.6000,-1.4218,-1.0029,-0.4309,0
790172,-6.7501,-3.4421,-2.5085,-53.3400,-11.9000,-20.1600,-1.8240,-0.4069,-0.6894,0
790211,-7.6214,-3.4373,-2.3936,-67.6900,4.4100,-10.0100,-2.3147,0.1508,-0.3423,0
790250,-8.8325,-4.9429,-3.0830,-50.6800,5.8800,-11.4100,-1.7330,0.2011,-0.3902,0
790289,-9.0312,-5.0266,-4.0046,-38.0800,-15.4000,-5.6000,-1.3021,-0.5266,-0.1915,0
790328,-9.7948,-2.7359,-3.0351,-46.4800,-13.3700,10.9200,-1.5894,-0.4572,0.3734,0
790367,-10.0509,-0.7444,-1.1322,-78.7500,-25.3400,27.0200,-2.6928,-0.8665,0.9239,0
790406,-18.2994,-9.3567,-9.5315,-82.5300,-65.1700,37.3800,-2.8221,-2.2285,1.2782,0
790445,-5.7806,-7.9565,-6.0607,-12.9500,-66.3600,-93.5200,-0.4428,-2.2692,-3.1979,0
790484,-6.4006,-7.7434,-2.9370,-18.9700,-49.2100,-41.0900,-0.6487,-1.6827,-1.4051,0
790523,-6.9655,-6.7812,-3.5187,-13.5100,-33.3900,-83.8600,-0.4620,-1.1418,-2.8676,0
790562,-6.1038,-4.9644,-5.5006,-32.9700,-48.2300,-115.5000,-1.1274,-1.6492,-3.9495,0
790601,-4.1817,-4.4929,-5.8716,-42.0000,-10.9200,-68.4600,-1.4362,-0.3734,-2.3410,0
790640,-3.4492,-4.1266,-4.8471,-5.8100,17.0100,-58.9400,-0.1987,0.5817,-2.0154,0
790679,-5.6634,-4.5790,-3.7987,13.6500,23.1700,-13.0900,0.4668,0.7923,-0.4476,0
790718,-7.0086,-5.7232,-2.6569,38.9200,13.0900,-1.2600,1.3309,0.4476,-0.0431,0
790757,-7.7386,-5.5772,-2.1375,39.5500,13.2300,-17.9900,1.3524,0.4524,-0.6152,0
790796,-7.9110,-4.7155,-1.9125,6.5100,-5.2500,-26.2500,0.2226,-0.1795,-0.8976,0
790835,-9.1174,-6.6950,-1.2375,29.4700,-28.2800,-71.1200,1.0077,-0.9670,-2.4319,0
790874,-7.3987,-7.4993,-1.5942,77.3500,-51.5200,-109.4100,2.6450,-1.7617,-3.7413,0
790913,-6.4485,-7.4203,-2.3147,76.7200,-33.5300,-125.9300,2.6234,-1.1466,-4.3062,0
790952,-6.8123,-5.7926,-3.3942,16.8700,-28.7700,-67.6200,0.5769,-0.9838,-2.3123,0
790991,-6.8123,-5.2493,-4.3253,8.4700,-38.2200,-13.2300,0.2896,-1.3069,-0.4524,0
791030,-5.0817,-7.7147,-1.0556,31.9900,9.7300,59.6400,1.0939,0.3327,2.0394,0
791069,-5.5509,-8.1839,-1.8263,-55.1600,-2.1700,132.7200,-1.8862,-0.0742,4.5383,0
791108,-2.5827,-5.7567,-3.2075,-152.1800,4.6900,143.9200,-5.2038,0.1604,4.9213,0
791147,-9.9839,-13.7491,-6.2139,-163.2400,-6.3700,251.3000,-5.5820,-0.2178,8.5932,0
791186,-10.1682,-8.3514,-0.8258,-85.8900,0.2100,94.8500,-2.9370,0.0072,3.2434,0
791225,-9.0910,-6.3312,1.2734,-63.0700,-31.2900,-6.5100,-2.1567,-1.0700,-0.2226,0
791264,-10.2759,-3.5210,-1.1418,-86.6600,-93.4500,24.7800,-2.9633,-3.1955,0.8473,0
791303,-8.0857,-2.3314,-1.4027,-104.4400,-96.8100,19.9500,-3.5713,-3.3104,0.6822,0
791342,-6.7884,-4.1003,-3.1548,-108.1500,-90.5800,10.2900,-3.6982,-3.0974,0.3519,0
791381,-6.8147,-3.8083,-4.4617,-100.8700,-65.0300,11.1300,-3.4492,-2.2237,0.3806,0
791420,-6.4892,-3.1716,-3.7484,-67.2700,-28.4900,8.0500,-2.3003,-0.9742,0.2753,0
791459,-6.9128,-3.2721,-3.0280,-23.1000,0.0700,-6.3700,-0.7899,0.0024,-0.2178,0
791498,-7.9612,-1.7880,-3.1333,-12.4600,15.3300,-25.8300,-0.4261,0.5242,-0.8833,0
791537,-8.4759,-1.1753,-2.4942,-30.6600,30.8000,-25.2700,-1.0484,1.0532,-0.8641,0
791576,-10.0557,-1.7952,-2.0298,-60.9000,32.6900,-5.1100,-2.0825,1.1178,-0.1747,0
791615,-11.3482,-2.6952,-2.5660,-74.7600,8.0500,-34.0900,-2.5564,0.2753,-1.1657,0
791654,-10.5033,-3.9758,-3.6790,-79.9400,-20.1600,-48.1600,-2.7335,-0.6894,-1.6468,0
791693,-10.3692,-2.3506,-4.5599,-67.5500,-37.7300,-43.0500,-2.3099,-1.2902,-1.4721,0
791732,-13.2919,-12.7366,-10.8456,15.1900,-41.5100,0.8400,0.5194,-1.4194,0.0287,0
791771,-3.4349,-5.2301,-1.4218,70.0000,20.4400,-35.8400,2.3936,0.6989,-1.2255,0
791810,-8.7176,-6.0009,0.7396,51.3800,49.7000,5.2500,1.7569,1.6995,0.1795,0
791849,-8.1240,-4.3253,-0.2418,18.1300,21.1400,-89.1800,0.6200,0.7229,-3.0495,0
791888,-7.2934,-5.3067,-4.2583,-46.8300,-20.1600,-57.0500,-1.6013,-0.6894,-1.9508,0
791927,-4.9309,-6.1110,-6.8075,-1.2600,-10.5700,-58.5200,-0.0431,-0.3614,-2.0011,0
791966,-2.8987,-4.7083,-6.1445,33.2500,33.8100,-62.3000,1.1370,1.1561,-2.1303,0
792005,-4.8735,-4.4929,-5.0003,67.1300,70.0700,-35.4900,2.2955,2.3960,-1.2136,0
792044,-6.3144,-6.0775,-3.5593,124.4600,80.6400,-25.9000,4.2559,2.7575,-0.8856,0
792083,-6.9775,-5.3522,-1.6755,144.6900,83.1600,-49.2100,4.9477,2.8436,-1.6827,0
792122,-7.8751,-7.7817,-0.8785,77.7700,46.2000,-45.1500,2.6593,1.5798,-1.5439,0
792161,-6.9296,-6.5610,-1.0125,56.6300,20.5800,-56.1400,1.9365,0.7037,-1.9197,0
792200,-6.5418,-7.4873,-0.7660,60.9700,26.0400,-38.4300,2.0849,0.8904,-1.3141,0
792239,-7.2408,-9.1748,-2.2787,64.7500,46.7600,-20.6500,2.2141,1.5990,-0.7061,0
792278,-6.4556,-7.4155,-3.2769,37.2400,62.3700,-29.6100,1.2734,2.1327,-1.0125,0
792317,-4.1099,-7.4897,-0.7779,43.1200,76.3000,25.1300,1.4745,2.6091,0.8593,0
792356,-5.2181,-9.4501,-1.8694,37.5900,97.6500,119.8400,1.2854,3.3391,4.0979,0
792395,-5.3881,-8.5692,-2.3769,-23.1000,76.4400,143.9900,-0.7899,2.6139,4.9237,0
792434,-2.5205,-5.0434,-1.0963,-38.6400,71.6100,147.6300,-1.3213,2.4487,5.0482,0
792473,-9.3855,-11.3363,-3.0303,-36.4000,17.3600,223.5100,-1.2447,0.5936,7.6429,0
792512,-9.9671,-8.3418,-0.8043,42.2100,56.3500,69.1600,1.4434,1.9269,2.3649,0
792551,-7.3461,-5.3881,0.0622,56.7700,37.5200,26.6000,1.9412,1.2830,0.9096,0
792590,-7.3341,-3.8945,-0.7995,39.7600,-12.3200,13.5100,1.3596,-0.4213,0.4620,0
792629,-6.7955,-3.1309,-1.0149,24.0100,-10.5000,-0.1400,0.8210,-0.3590,-0.0048,0
792668,-7.0301,-3.2266,-0.9311,5.6700,6.2300,3.5000,0.1939,0.2130,0.1197,0
792707,-6.8003,-3.2147,-0.8019,-8.1200,20.0200,11.8300,-0.2777,0.6846,0.4045,0
792746,-9.0312,-3.9399,-1.5176,-17.0100,32.2700,15.0500,-0.5817,1.1035,0.5146,0
792785,-10.9533,-3.9830,-1.3524,-15.0500,23.1000,7.0000,-0.5146,0.7899,0.2394,0
792824,-10.0653,-3.6982,-0.7420,-38.4300,7.0000,19.7400,-1.3141,0.2394,0.6750,0
792863,-12.2339,-2.9657,-1.1944,-47.8100,1.4000,61.3900,-1.6349,0.0479,2.0992,0
792902,-14.5581,-11.7839,-8.2102,3.0100,-50.1900,52.2200,0.1029,-1.7162,1.7857,0
792941,-5.8357,-5.8788,-2.6354,25.9000,-24.5700,-63.4200,0.8856,-0.8402,-2.1686,0
792980,-4.9357,-6.9392,-3.0256,13.3000,-7.4200,-62.2300,0.4548,-0.2537,-2.1279,0
793019,-6.4221,-5.3211,-4.9548,13.9300,1.1900,-68.3900,0.4763,0.0407,-2.3386,0
793058,-4.6197,-4.9117,-4.0309,28.4900,30.6600,-35.0700,0.9742,1.0484,-1.1992,0
793097,-5.0506,-4.6963,-3.8825,42.9100,50.6100,-10.0100,1.4673,1.7306,-0.3423,0
793136,-6.7836,-5.3570,-3.9639,70.4200,56.5600,0.7000,2.4080,1.9341,0.0239,0
793175,-8.2126,-5.5628,-2.8006,87.9900,49.5600,-10.2200,3.0088,1.6947,-0.3495,0
793214,-7.7721,-4.9022,-1.8503,86.8700,36.4000,-33.4600,2.9705,1.2447,-1.1442,0
793253,-7.3078,-5.9338,-1.9556,62.6500,20.7900,-12.7400,2.1423,0.7109,-0.4356,0
793292,-7.6237,-5.6298,-2.4367,60.0600,11.2000,-35.5600,2.0537,0.3830,-1.2160,0
793331,-7.3940,-5.8955,-1.4242,76.7900,22.1200,-49.4200,2.6258,0.7564,-1.6899,0
793370,-5.6251,-6.7596,-1.2734,84.9800,19.3200,-42.2800,2.9059,0.6606,-1.4458,0
793409,-5.9650,-7.8583,-2.8436,66.1500,16.5200,-21.0700,2.2620,0.5649,-0.7205,0
793448,-5.4647,-6.5777,-4.2224,65.5200,35.3500,-0.1400,2.2404,1.2088,-0.0048,0
793487,-6.4102,-8.5261,-2.3386,33.1800,73.2200,107.7300,1.1346,2.5037,3.6838,0
793526,-7.7075,-6.5610,-3.5546,-17.3600,87.8500,115.5700,-0.5936,3.0040,3.9519,0
793565,-6.3910,-7.0062,-0.7444,-36.8900,74.0600,141.8200,-1.2614,2.5325,4.8495,0
793604,-9.1533,-8.4711,0.1317,-70.8400,72.2400,213.1500,-2.4224,2.4702,7.2886,0
793643,-12.0616,-8.4256,-1.0819,19.0400,43.4700,71.8900,0.6511,1.4865,2.4583,0
793682,-8.2174,-5.1056,-0.8402,62.5800,12.0400,0.8400,2.1399,0.4117,0.0287,0
793721,-6.8530,-3.0375,-0.4644,38.0100,2.1700,2.6600,1.2997,0.0742,0.0910,0
793760,-7.7698,-3.6766,-0.5793,14.4200,-11.5500,9.3100,0.4931,-0.3950,0.3184,0
793799,-7.7482,-3.3008,-1.8527,11.2000,-7.0700,-12.6700,0.3830,-0.2418,-0.4332,0
793838,-6.7525,-3.1117,-1.8120,5.9500,4.5500,-19.0400,0.2035,0.1556,-0.6511,0
793877,-6.8506,-3.6312,-2.0873,-5.9500,16.0300,-6.0900,-0.2035,0.5481,-0.2082,0
793916,-7.6166,-4.2822,-2.3386,-5.0400,35.2100,-5.8800,-0.1723,1.2040,-0.2011,0
793955,-8.4855,-4.4689,-2.7359,-1.9600,33.8100,2.8000,-0.0670,1.1561,0.0957,0
793994,-9.1269,-3.2649,-2.5277,-5.3200,34.3000,17.5700,-0.1819,1.1729,0.6008,0
794033,-9.1964,-3.7652,-1.4960,-13.7200,40.3900,44.0300,-0.4692,1.3811,1.5056,0
794072,-14.6060,-10.9629,-2.0274,-7.0700,14.0000,60.2700,-0.2418,0.4787,2.0609,0
794111,-8.6123,-7.2025,-7.6261,-29.6100,-34.3700,-2.7300,-1.0125,-1.1753,-0.0934,0
794150,-6.4006,-5.7328,-1.9795,12.2500,29.3300,18.9000,0.4189,1.0029,0.6463,0
794189,-6.9080,-7.1953,-3.9687,27.4400,56.0000,28.0700,0.9383,1.9149,0.9598,0
794228,-6.6304,-6.1708,-5.1511,55.0900,73.0800,-9.8000,1.8838,2.4990,-0.3351,0
794267,-7.1187,-4.0692,-5.8620,52.1500,49.5600,-13.9300,1.7833,1.6947,-0.4763,0
794306,-6.8865,-3.9543,-4.4450,51.3800,49.1400,3.8500,1.7569,1.6803,0.1317,0
794345,-6.3575,-4.1410,-4.7322,42.7000,49.3500,13.0900,1.4601,1.6875,0.4476,0
794384,-7.3628,-4.5168,-6.3767,40.6700,48.3700,20.3700,1.3907,1.6540,0.6965,0
794423,-6.8219,-4.8375,-5.6634,50.9600,49.2800,8.6100,1.7426,1.6851,0.2944,0
794462,-6.1421,-3.6551,-4.3923,52.8500,43.8900,18.0600,1.8072,1.5008,0.6176,0
794501,-6.5394,-4.5000,-4.2487,53.2000,44.0300,36.3300,1.8192,1.5056,1.2423,0
794540,-6.8506,-4.4139,-5.4264,48.8600,42.7000,33.3900,1.6708,1.4601,1.1418,0
794579,-7.2767,-4.3899,-4.7346,52.9900,41.2300,31.2200,1.8120,1.4099,1.0676,0
794618,-7.0708,-4.4737,-4.9046,45.3600,40.8100,30.0300,1.5511,1.3955,1.0269,0
794657,-8.2652,-4.3684,-5.5197,47.4600,44.5900,29.9600,1.6229,1.5247,1.0245,0
794696,-8.6937,-4.5503,-4.7586,51.3800,37.8000,15.8900,1.7569,1.2926,0.5434,0
794735,-8.0546,-3.4780,-5.4383,47.1100,28.3500,6.0200,1.6109,0.9694,0.2059,0
794774,-8.0929,-4.1362,-4.0165,46.7600,21.0700,8.2600,1.5990,0.7205,0.2824,0
794813,-6.7429,-5.5796,-3.3511,37.5900,10.7100,8.5400,1.2854,0.3662,0.2920,0
794852,-6.6376,-6.2665,-3.8490,38.9900,14.4200,8.0500,1.3333,0.4931,0.2753,0
794891,-5.5868,-5.3809,-4.3133,41.3000,19.8100,1.8200,1.4122,0.6774,0.0622,0
794930,-5.2325,-4.2990,-4.0812,47.2500,33.6700,12.3900,1.6157,1.1513,0.4237,0
794969,-6.2618,-4.2942,-3.6766,54.7400,51.2400,29.1200,1.8718,1.7521,0.9958,0
795008,-10.1442,-8.3011,-4.1937,48.0900,42.0000,43.4000,1.6444,1.4362,1.4841,0
795047,-7.9397,-5.7017,-3.1022,44.1700,16.0300,4.9700,1.5104,0.5481,0.1699,0
795086,-6.6854,-4.4641,-2.6306,27.7200,13.4400,26.8800,0.9479,0.4596,0.9192,0
795125,-6.6304,-5.4862,-4.4211,23.6600,17.3600,28.4900,0.8091,0.5936,0.9742,0
795164,-6.8530,-6.7453,-5.9673,51.3100,11.4100,-4.2000,1.7545,0.3902,-0.1436,0
795203,-5.7806,-4.4665,-5.6131,46.6200,9.8700,7.7700,1.5942,0.3375,0.2657,0
795242,-6.4772,-6.0583,-5.9506,63.1400,42.2800,31.5700,2.1591,1.4458,1.0795,0
795281,-6.9128,-5.2469,-5.1272,71.9600,59.7800,23.8700,2.4607,2.0442,0.8162,0
795320,-6.8506,-4.5503,-4.0883,77.4900,56.2800,23.2400,2.6498,1.9245,0.7947,0
795359,-6.6783,-4.8519,-3.9567,80.4300,56.3500,36.8900,2.7503,1.9269,1.2614,0
795398,-6.6304,-5.1774,-4.3828,84.2100,54.6000,43.4000,2.8795,1.8670,1.4841,0
795437,-7.6166,-5.3522,-4.6963,85.8200,52.0100,39.6900,2.9346,1.7785,1.3572,0
795476,-8.1120,-5.5030,-5.0027,80.5000,55.7900,33.4600,2.7527,1.9077,1.1442,0
795515,-7.4131,-5.4934,-4.5240,86.2400,51.5200,16.3800,2.9490,1.7617,0.5601,0
795554,-6.2402,-5.5844,-4.6221,83.4400,52.4300,14.2800,2.8532,1.7928,0.4883,0
795593,-6.0009,-4.4378,-5.9051,86.1000,62.9300,16.8000,2.9442,2.1519,0.5745,0
795632,-5.3163,-4.1362,-5.4766,101.5700,79.7300,31.5000,3.4732,2.7264,1.0771,0
795671,-5.8189,-8.8660,-1.4099,73.5700,119.1400,100.4500,2.5157,4.0740,3.4349,0
795710,-10.6206,-8.4495,-2.5636,73.1500,90.0200,19.9500,2.5014,3.0782,0.6822,0
795749,-8.1456,-7.0086,-3.3822,77.9800,34.0200,-20.5100,2.6665,1.1633,-0.7013,0
795788,-6.5514,-6.4556,-1.4960,90.0900,42.8400,-22.7500,3.0806,1.4649,-0.7779,0
795827,-6.6759,-5.4096,-1.1753,96.6700,44.8700,-19.8800,3.3056,1.5343,-0.6798,0
795866,-5.2923,-5.0314,-0.9407,69.0900,44.6600,-2.3800,2.3625,1.5271,-0.0814,0
795905,-5.9602,-5.8213,-0.4069,40.5300,49.5600,14.2100,1.3859,1.6947,0.4859,0
795944,-7.6549,-8.4376,-0.0407,18.5500,37.5900,19.5300,0.6343,1.2854,0.6678,0
795983,-8.1982,-9.0168,-0.5697,24.0100,8.3300,-15.2600,0.8210,0.2848,-0.5218,0
796022,-5.9578,-6.7189,-0.9622,16.5900,-22.0500,-36.1900,0.5673,-0.7540,-1.2375,0
796061,-5.1344,-6.4868,-2.6545,-2.6600,-32.0600,-19.6000,-0.0910,-1.0963,-0.6702,0
796100,-5.7830,-7.9206,-3.4947,25.6900,-3.6400,3.5700,0.8785,-0.1245,0.1221,0
796139,-5.4910,-7.9660,-1.9484,40.3200,21.2800,10.8500,1.3787,0.7277,0.3710,0
796178,-5.8644,-7.6932,-1.2878,29.8200,30.9400,27.0200,1.0197,1.0580,0.9239,0
796217,-6.3838,-6.9727,-0.4572,30.8000,20.1600,13.0900,1.0532,0.6894,0.4476,0
796256,-7.1330,-7.1330,-0.1317,36.6100,6.3700,1.8200,1.2519,0.2178,0.0622,0
796295,-7.3365,-6.2330,-0.5505,23.6600,-6.1600,-8.4700,0.8091,-0.2106,-0.2896,0
796334,-6.7405,-5.8836,-1.3596,-1.4700,-12.3200,-5.9500,-0.0503,-0.4213,-0.2035,0
796373,-5.8477,-7.1498,-1.3285,-7.5600,-0.3500,-3.5000,-0.2585,-0.0120,-0.1197,0
796412,-5.8070,-7.0660,-0.6128,-12.3200,9.0300,-1.9600,-0.4213,0.3088,-0.0670,0
796451,-6.4724,-7.5591,-0.7013,-22.5400,2.2400,-0.9800,-0.7708,0.0766,-0.0335,0
796490,-5.9817,-7.5519,-1.2614,-23.1000,-10.9900,-8.8200,-0.7899,-0.3758,-0.3016,0
796529,-5.2373,-7.4825,-2.0107,-18.3400,-16.2400,-6.3700,-0.6271,-0.5553,-0.2178,0
796568,-5.7112,-7.9541,-2.3051,-10.3600,-7.2100,5.3900,-0.3543,-0.2465,0.1843,0
796607,-6.0655,-7.6118,-1.5678,-12.6700,-1.4000,7.7700,-0.4332,-0.0479,0.2657,0
796646,-6.3862,-7.9373,-0.9958,-20.9300,-0.5600,10.2200,-0.7157,-0.0191,0.3495,0
796685,-6.8314,-7.4753,-1.4290,-26.9500,-13.7200,2.3800,-0.9216,-0.4692,0.0814,0
796724,-6.1756,-7.1354,-1.8431,-28.0700,-25.1300,-9.5900,-0.9598,-0.8593,-0.3279,0
796763,-6.8147,-9.0743,-2.0585,-26.3200,-28.9100,-8.7500,-0.9000,-0.9886,-0.2992,0
796802,-5.5341,-7.5328,-3.0878,-22.9600,-32.2000,-24.5000,-0.7851,-1.1011,-0.8378,0
796841,-4.5383,-6.9703,-2.9394,-19.1100,-18.6900,-13.3700,-0.6535,-0.6391,-0.4572,0
796880,-5.0673,-8.0522,-2.8795,-10.2900,-9.5200,3.0800,-0.3519,-0.3255,0.1053,0
796919,-5.5580,-7.4825,-2.4511,5.1100,-1.8900,-1.8900,0.1747,-0.0646,-0.0646,0
796958,-5.5724,-7.4011,-2.1734,1.3300,2.9400,1.6800,0.0455,0.1005,0.0574,0
796997,-5.9554,-8.0522,-2.8077,1.8900,0.7700,1.7500,0.0646,0.0263,0.0598,0
797036,-6.0032,-6.9751,-2.7168,4.7600,-0.4200,-3.5700,0.1628,-0.0144,-0.1221,0
797075,-5.7806,-6.9224,-2.2404,5.0400,8.6800,1.6800,0.1723,0.2968,0.0574,0
797114,-5.9985,-7.6094,-2.2548,4.4800,2.8000,3.0800,0.1532,0.0957,0.1053,0
797153,-6.0535,-7.4562,-2.3266,1.6800,-2.1000,0.2800,0.0574,-0.0718,0.0096,0
797192,-6.3623,-7.4969,-1.6253,-5.6700,-3.6400,-1.8200,-0.1939,-0.1245,-0.0622,0
797231,-6.0798,-6.9727,-1.6684,-14.0000,-7.7000,-8.6800,-0.4787,-0.2633,-0.2968,0
797270,-6.0966,-7.6573,-2.1519,-14.1400,-11.8300,-13.0900,-0.4835,-0.4045,-0.4476,0
797309,-5.8860,-7.6549,-2.2668,-5.6700,-11.6900,-19.8800,-0.1939,-0.3997,-0.6798,0
797348,-5.6849,-7.2455,-2.7551,-8.4000,-11.2000,-18.2000,-0.2872,-0.3830,-0.6223,0
797387,-6.2618,-7.8679,-2.7168,-0.4200,-3.0800,-14.2800,-0.0144,-0.1053,-0.4883,0
797426,-5.7471,-7.7674,-2.7216,-15.5400,-12.7400,-11.7600,-0.5314,-0.4356,-0.4021,0
797465,-5.3067,-7.4107,-2.7144,2.7300,-10.2200,-5.5300,0.0934,-0.3495,-0.1891,0
797504,-5.0219,-7.7650,-2.1926,0.0700,-6.9300,4.7600,0.0024,-0.2370,0.1628,0
797543,-5.5580,-7.1450,-2.7982,0.0700,-3.7100,10.4300,0.0024,-0.1269,0.3567,0
797582,-5.4240,-8.3299,-2.9226,9.4500,1.8900,13.9300,0.3231,0.0646,0.4763,0
797621,-5.6849,-7.7913,-3.0974,16.5900,-1.4000,8.8200,0.5673,-0.0479,0.3016,0
797660,-5.3833,-7.4227,-2.5803,20.0900,5.9500,12.2500,0.6870,0.2035,0.4189,0
797699,-5.5173,-7.0876,-2.1016,20.3700,15.8200,14.0000,0.6965,0.5410,0.4787,0
797738,-5.6945,-6.9176,-1.6325,22.6800,23.0300,15.6100,0.7755,0.7875,0.5338,0
797777,-6.6998,-7.3365,-1.4434,17.5000,20.3000,15.8900,0.5984,0.6942,0.5434,0
797816,-6.7979,-7.9900,-1.1872,10.5700,13.8600,8.4700,0.3614,0.4739,0.2896,0
797855,-5.9554,-7.5998,-1.5056,8.1900,9.7300,-3.0100,0.2801,0.3327,-0.1029,0
797894,-5.5963,-7.2025,-1.1130,6.7900,9.6600,0.4900,0.2322,0.3303,0.0168,0
797933,-6.0439,-7.2240,-0.8641,-3.0800,5.6000,3.6400,-0.1053,0.1915,0.1245,0
797972,-6.8650,-7.7745,-1.4242,-4.9000,-0.9800,-1.8200,-0.1676,-0.0335,-0.0622,0
798011,-6.2163,-7.5759,-1.7378,-7.7000,-12.2500,-9.7300,-0.2633,-0.4189,-0.3327,0
798050,-5.6897,-8.4807,-2.5875,-11.2000,-13.9300,-5.2500,-0.3830,-0.4763,-0.1795,0
798089,-4.9117,-7.7865,-2.9322,0.5600,-9.3100,-6.1600,0.0191,-0.3184,-0.2106,0
798128,-4.8016,-7.4011,-2.5756,9.0300,7.2800,8.2600,0.3088,0.2489,0.2824,0
798167,-6.0272,-7.5735,-2.2524,12.1100,15.6800,15.6800,0.4141,0.5362,0.5362,0
798206,-6.2474,-6.9416,-1.5990,11.0600,15.8900,13.3700,0.3782,0.5434,0.4572,0
798245,-6.0128,-6.7596,-1.1585,7.8400,17.2900,8.4000,0.2681,0.5912,0.2872,0
798284,-6.4317,-7.3389,-0.7971,0.9100,15.1200,10.6400,0.0311,0.5170,0.3638,0
798323,-7.8535,-7.9995,-1.1106,-2.5200,2.0300,-12.1100,-0.0862,0.0694,-0.4141,0
798362,-7.0038,-7.0804,-1.5702,-4.4800,-16.3800,-29.9600,-0.1532,-0.5601,-1.0245,0
798401,-5.6514,-8.1695,-3.0854,6.3700,-30.6600,-33.7400,0.2178,-1.0484,-1.1537,0
798440,-4.2487,-7.9038,-4.4594,1.2600,-32.3400,-12.8100,0.0431,-1.1059,-0.4380,0
798479,-3.8202,-7.1498,-3.4492,4.5500,-2.0300,14.2800,0.1556,-0.0694,0.4883,0
798518,-5.0817,-7.0062,-2.5923,24.3600,23.8000,28.2800,0.8330,0.8138,0.9670,0
798557,-5.9697,-6.6902,-1.2710,27.7900,39.4100,39.2000,0.9503,1.3476,1.3404,0
798596,-6.5658,-6.8817,-0.4045,25.4800,38.4300,30.8000,0.8713,1.3141,1.0532,0
798635,-7.3796,-7.3245,-0.4476,15.1200,28.2800,15.8900,0.5170,0.9670,0.5434,0
798674,-6.6519,-7.5759,-1.3237,3.1500,13.3000,4.9700,0.1077,0.4548,0.1699,0
798713,-6.1900,-7.7362,-1.8646,-5.0400,7.0000,-2.3800,-0.1723,0.2394,-0.0814,0
798752,-6.2498,-7.6716,-1.6396,-4.0600,1.4000,-10.9200,-0.1388,0.0479,-0.3734,0
798791,-5.2780,-7.1522,-0.8426,-13.4400,7.4200,-1.6100,-0.4596,0.2537,-0.0551,0
798830,-5.7998,-7.3485,-0.9910,-12.6700,9.6600,5.8800,-0.4332,0.3303,0.2011,0
798869,-6.9440,-7.9445,-1.9580,-11.7600,8.4700,3.9900,-0.4021,0.2896,0.1364,0
798908,-6.2618,-7.9589,-2.2692,-10.2200,-8.5400,-10.7100,-0.3495,-0.2920,-0.3662,0
798947,-4.6652,-7.2910,-2.0849,-14.7700,-2.5900,-8.7500,-0.5051,-0.0886,-0.2992,0
798986,-6.1780,-7.9349,-3.3750,-11.4100,6.0900,3.4300,-0.3902,0.2082,0.1173,0
799025,-5.6203,-8.1503,-2.3362,6.1600,16.1000,6.6500,0.2106,0.5505,0.2274,0
799064,-5.6897,-6.0200,-1.5726,-7.5600,25.3400,3.6400,-0.2585,0.8665,0.1245,0
799103,-6.9224,-7.2838,-2.0729,-6.3000,25.2700,17.7800,-0.2154,0.8641,0.6080,0
799142,-7.0947,-7.7051,-2.9107,-8.6100,7.9800,17.7800,-0.2944,0.2729,0.6080,0
799181,-6.2450,-6.3001,-3.4923,-3.4300,5.3200,13.9300,-0.1173,0.1819,0.4763,0
799220,-6.4556,-6.9440,-4.5862,1.5400,9.5900,9.5900,0.0527,0.3279,0.3279,0
799259,-5.2852,-6.2833,-4.0548,19.5300,24.4300,10.9900,0.6678,0.8354,0.3758,0
799298,-5.5221,-5.9410,-3.5641,24.2200,37.0300,27.7900,0.8282,1.2662,0.9503,0
799337,-7.8104,-6.4892,-3.0327,26.6700,38.1500,36.6800,0.9120,1.3045,1.2543,0
799376,-8.5309,-5.9793,-2.4295,17.9200,32.2000,24.7100,0.6128,1.1011,0.8450,0
799415,-7.7267,-6.3408,-2.5061,6.1600,15.0500,7.4200,0.2106,0.5146,0.2537,0
799454,-7.0828,-6.1971,-2.9418,-3.5700,5.6000,-4.4800,-0.1221,0.1915,-0.1532,0
799493,-6.2881,-5.5915,-3.4133,-16.1000,-4.2000,-5.1800,-0.5505,-0.1436,-0.1771,0
799532,-6.2833,-6.2498,-3.9351,-11.7600,3.2900,8.8900,-0.4021,0.1125,0.3040,0
799571,-7.0756,-6.6304,-4.6437,-8.7500,-0.6300,10.9200,-0.2992,-0.0215,0.3734,0
799610,-5.8381,-6.1110,-4.7729,-2.1700,-1.5400,-10.0100,-0.0742,-0.0527,-0.3423,0
799649,-5.6514,-5.5030,-3.9256,0.5600,9.3100,9.6600,0.0191,0.3184,0.3303,0
799688,-6.7860,-5.3187,-3.6718,4.8300,5.0400,16.1700,0.1652,0.1723,0.5529,0
799727,-6.6567,-4.8998,-3.8322,3.6400,-4.5500,13.1600,0.1245,-0.1556,0.4500,0
799766,-6.2426,-4.8232,-3.9351,-2.3100,-7.4900,25.2000,-0.0790,-0.2561,0.8617,0
799805,-7.1163,-5.2181,-3.0854,0.1400,3.7100,50.9600,0.0048,0.1269,1.7426,0
799844,-7.9445,-7.0852,-3.4253,3.9900,10.9200,73.4300,0.1364,0.3734,2.5109,0
799883,-8.4184,-7.5041,-4.5742,18.1300,11.0600,58.2400,0.6200,0.3782,1.9915,0
799922,-6.6447,-5.3426,-3.1788,28.4200,-1.1900,11.8300,0.9718,-0.0407,0.4045,0
799961,-7.5088,-5.0434,-2.4248,17.7800,29.4700,16.7300,0.6080,1.0077,0.5721,0
800000,-8.1503,-4.1027,-2.5014,20.3700,37.4500,13.3000,0.6965,1.2806,0.4548,0
800039,-8.1097,-2.1950,-1.2351,7.3500,36.9600,7.9100,0.2513,1.2638,0.2705,0
800078,-9.9192,-5.5844,0.2848,-16.8700,4.4100,-1.2600,-0.5769,0.1508,-0.0431,0
800117,-10.6302,-5.3761,-6.0344,-37.4500,-34.8600,-40.7400,-1.2806,-1.1920,-1.3931,0
800156,-4.6628,-5.9793,-4.6820,-1.8200,-33.1100,-22.3300,-0.0622,-1.1322,-0.7636,0
800195,-4.6341,-7.0541,-5.1008,34.7200,11.7600,-3.7100,1.1872,0.4021,-0.1269,0
800234,-5.9889,-6.5538,-3.5665,41.7900,35.2800,-2.9400,1.4290,1.2064,-0.1005,0
800273,-7.1498,-4.3947,-4.0788,25.4100,33.6700,-5.1800,0.8689,1.1513,-0.1771,0
800312,-7.1019,-5.4455,-4.8998,5.1800,16.0300,-11.7600,0.1771,0.5481,-0.4021,0
800351,-7.1283,-6.0655,-5.8309,4.9000,14.2800,-17.9200,0.1676,0.4883,-0.6128,0
800390,-6.1564,-5.6322,-5.0482,18.3400,17.7100,-21.1400,0.6271,0.6056,-0.7229,0
800429,-4.8878,-4.9213,-5.1032,34.3700,15.2600,-20.3700,1.1753,0.5218,-0.6965,0
800468,-3.8250,-6.8937,-4.7059,52.1500,5.1800,-4.6200,1.7833,0.1771,-0.1580,0
800507,-6.8338,-6.5753,-2.8819,66.9900,21.0700,23.4500,2.2907,0.7205,0.8019,0
800546,-9.2945,-7.1833,-2.5444,33.7400,40.1100,2.7300,1.1537,1.3716,0.0934,0
800585,-9.1174,-7.6812,-1.6732,1.2600,8.3300,-21.4900,0.0431,0.2848,-0.7348,0
800624,-7.3676,-6.6543,-2.1662,-18.9700,-12.9500,-39.2700,-0.6487,-0.4428,-1.3428,0
800663,-4.5455,-6.2426,-3.4373,-8.1900,-19.6000,-49.2100,-0.2801,-0.6702,-1.6827,0
800702,-3.9663,-5.9219,-4.1841,6.7200,-2.8700,-16.3800,0.2298,-0.0981,-0.5601,0
800741,-5.5197,-6.4485,-2.7311,18.9000,7.2800,7.7700,0.6463,0.2489,0.2657,0
800780,-6.2163,-6.1660,-2.4128,11.2700,1.8900,11.7600,0.3854,0.0646,0.4021,0
800819,-7.3078,-7.0684,-2.8748,-1.1200,-8.6800,5.9500,-0.0383,-0.2968,0.2035,0
800858,-7.2144,-7.5639,-2.8341,-4.0600,-19.1800,-12.9500,-0.1388,-0.6559,-0.4428,0
800897,-5.8620,-6.9751,-3.3415,-6.0200,-18.4100,-17.9200,-0.2059,-0.6295,-0.6128,0
800936,-5.5365,-6.7189,-3.1069,-6.5100,-10.7800,-5.6000,-0.2226,-0.3686,-0.1915,0
800975,-6.0942,-7.0086,-3.0663,-1.7500,-4.9000,-0.2100,-0.0598,-0.1676,-0.0072,0
801014,-6.4820,-6.9440,-3.0447,-3.6400,-6.8600,4.8300,-0.1245,-0.2346,0.1652,0
801053,-6.3862,-6.6950,-2.9753,-6.8600,-10.9900,2.6600,-0.2346,-0.3758,0.0910,0
801092,-6.4269,-6.6376,-2.7838,-10.7800,-12.3900,3.9900,-0.3686,-0.4237,0.1364,0
801131,-6.7908,-6.8554,-2.8772,-13.8600,-13.6500,10.2900,-0.4739,-0.4668,0.3519,0
801170,-6.4868,-6.6064,-2.9059,-15.6800,-15.9600,9.9400,-0.5362,-0.5457,0.3399,0
801209,-6.4796,-6.2929,-2.9250,-16.6600,-14.1400,10.6400,-0.5697,-0.4835,0.3638,0
801248,-6.7405,-6.3623,-2.9585,-13.3000,-15.1200,11.3400,-0.4548,-0.5170,0.3878,0
801287,-6.8865,-6.0894,-2.8748,-13.4400,-18.0600,11.2700,-0.4596,-0.6176,0.3854,0
801326,-7.3221,-6.4173,-2.8053,-13.5800,-19.5300,11.4100,-0.4644,-0.6678,0.3902,0
801365,-7.0900,-6.1971,-2.9250,-14.9100,-21.7700,6.3000,-0.5098,-0.7444,0.2154,0
801404,-7.0373,-6.1804,-3.1117,-18.1300,-23.8000,3.5700,-0.6200,-0.8138,0.1221,0
801443,-6.9296,-6.3264,-3.0974,-19.3900,-23.6600,7.7700,-0.6630,-0.8091,0.2657,0
801482,-6.6328,-6.2665,-3.2482,-17.0100,-22.6100,7.5600,-0.5817,-0.7731,0.2585,0
801521,-6.6998,-5.8213,-3.2194,-14.2100,-17.8500,8.0500,-0.4859,-0.6104,0.2753,0
801560,-7.3126,-5.7591,-2.9705,-11.4800,-11.6900,13.1600,-0.3926,-0.3997,0.4500,0
801599,-7.8224,-5.9267,-2.4942,-10.6400,-11.1300,6.9300,-0.3638,-0.3806,0.2370,0
801638,-7.8559,-5.8620,-2.6857,-16.1700,-16.0300,1.5400,-0.5529,-0.5481,0.0527,0
801677,-7.3963,-6.1110,-2.8149,-17.9200,-22.1200,-6.0200,-0.6128,-0.7564,-0.2059,0
801716,-6.8314,-5.5461,-2.8628,-21.2100,-22.5400,-9.1700,-0.7253,-0.7708,-0.3136,0
801755,-7.5088,-5.9171,-3.0902,-21.5600,-18.4100,-0.5600,-0.7372,-0.6295,-0.0191,0
801794,-7.3030,-6.4054,-2.8891,-15.3300,-21.7700,-7.5600,-0.5242,-0.7444,-0.2585,0
801833,-6.7142,-5.8142,-3.0375,-17.7800,-20.5800,-5.4600,-0.6080,-0.7037,-0.1867,0
801872,-6.7094,-5.7567,-3.3056,-8.6800,-10.4300,-3.5700,-0.2968,-0.3567,-0.1221,0
801911,-7.2120,-5.6442,-2.5564,-15.1900,-4.9700,7.2800,-0.5194,-0.1699,0.2489,0
801950,-7.8751,-5.4695,-2.8772,-14.0700,-3.5700,10.2900,-0.4811,-0.1221,0.3519,0
801989,-7.8033,-5.6083,-2.7311,-11.3400,-5.1100,5.1800,-0.3878,-0.1747,0.1771,0
802028,-7.7434,-5.7399,-3.2123,-10.0800,-4.9000,-4.9700,-0.3447,-0.1676,-0.1699,0
802067,-7.2982,-5.3211,-3.1548,-14.7700,1.2600,-10.5700,-0.5051,0.0431,-0.3614,0
802106,-7.5519,-5.3809,-2.8221,-24.4300,0.7000,-6.6500,-0.8354,0.0239,-0.2274,0
802145,-7.4059,-5.3139,-3.2123,-26.3900,-6.0900,-9.5900,-0.9024,-0.2082,-0.3279,0
802184,-6.7812,-5.5580,-3.4301,-17.9900,-10.9200,-10.2200,-0.6152,-0.3734,-0.3495,0
802223,-7.5687,-5.4288,-3.9112,-18.6900,-16.1700,-2.3800,-0.6391,-0.5529,-0.0814,0
802262,-7.6405,-5.7974,-3.5809,-9.9400,-7.7000,-0.4900,-0.3399,-0.2633,-0.0168,0
802301,-7.4801,-5.5724,-4.1027,3.0100,-10.6400,-20.1600,0.1029,-0.3638,-0.6894,0
802340,-7.2647,-5.5389,-4.0716,15.6800,-10.7800,-20.5800,0.5362,-0.3686,-0.7037,0
802379,-7.0804,-5.9410,-3.6742,40.6000,0.9800,-28.2800,1.3883,0.0335,-0.9670,0
802418,-6.7142,-6.0248,-3.3296,45.5000,2.3100,-33.7400,1.5559,0.0790,-1.1537,0
802457,-6.6208,-6.3743,-3.2601,29.6800,5.7400,-30.1700,1.0149,0.1963,-1.0317,0
802496,-6.5993,-7.1737,-3.1022,22.3300,16.0300,-18.0600,0.7636,0.5481,-0.6176,0
802535,-6.5442,-6.8362,-3.3248,12.6700,10.2200,-5.8800,0.4332,0.3495,-0.2011,0
802574,-6.4796,-6.1684,-2.4846,14.0000,17.2200,8.6800,0.4787,0.5888,0.2968,0
802613,-7.0373,-6.3695,-1.5678,21.9100,20.8600,10.8500,0.7492,0.7133,0.3710,0
802652,-7.1570,-6.8721,-1.7210,21.7700,4.2000,4.2000,0.7444,0.1436,0.1436,0
802691,-6.9727,-6.7142,-2.4918,10.5000,-1.7500,2.6600,0.3590,-0.0598,0.0910,0
802730,-6.8075,-6.7333,-2.8006,10.6400,5.2500,-1.1200,0.3638,0.1795,-0.0383,0
802769,-5.6083,-6.6041,-2.3529,14.5600,12.2500,5.6000,0.4979,0.4189,0.1915,0
802808,-6.1421,-6.8386,-2.3051,15.5400,14.9100,14.3500,0.5314,0.5098,0.4907,0
802847,-6.9152,-7.2049,-2.4774,27.1600,18.2700,13.3700,0.9287,0.6247,0.4572,0
802886,-6.7955,-6.7213,-2.0825,23.2400,16.2400,11.7600,0.7947,0.5553,0.4021,0
802925,-6.6447,-6.7094,-2.0633,19.9500,15.5400,13.5100,0.6822,0.5314,0.4620,0
802964,-7.0732,-6.5562,-2.4391,17.9900,8.8900,12.7400,0.6152,0.3040,0.4356,0
803003,-7.1259,-6.0846,-2.3386,21.4900,15.1200,17.3600,0.7348,0.5170,0.5936,0
803042,-7.1043,-6.0080,-1.8024,30.3800,24.4300,21.5600,1.0388,0.8354,0.7372,0
803081,-7.2719,-6.2977,-1.1633,31.5000,18.1300,18.4800,1.0771,0.6200,0.6319,0
803120,-8.0474,-7.1235,-1.5966,18.2700,3.0100,10.3600,0.6247,0.1029,0.3543,0
803159,-6.9200,-6.4796,-2.4702,10.5000,-1.4700,0.2100,0.3590,-0.0503,0.0072,0
803198,-7.1067,-6.3168,-2.2117,14.4900,13.0900,12.6000,0.4955,0.4476,0.4309,0
803237,-7.3078,-6.0487,-1.9628,21.7000,13.5100,12.1800,0.7420,0.4620,0.4165,0
803276,-7.4370,-6.3479,-1.4888,27.0900,20.0200,14.0000,0.9263,0.6846,0.4787,0
803315,-7.4514,-6.5299,-1.8766,25.2700,16.5900,15.3300,0.8641,0.5673,0.5242,0
803354,-7.3174,-5.8812,-1.8646,20.7200,15.6800,9.6600,0.7085,0.5362,0.3303,0
803393,-7.3676,-5.4479,-1.2208,14.3500,12.3200,7.9100,0.4907,0.4213,0.2705,0
803432,-7.8176,-5.7376,-0.9886,1.1900,4.2000,13.7200,0.0407,0.1436,0.4692,0
803471,-8.3011,-5.8836,-1.2638,-13.2300,-3.5700,11.4800,-0.4524,-0.1221,0.3926,0
803510,-8.0714,-6.1134,-1.5176,-17.9200,-6.8600,3.9900,-0.6128,-0.2346,0.1364,0
803549,-7.7051,-5.8596,-1.7880,-27.7200,-14.6300,0.3500,-0.9479,-0.5003,0.0120,0
803588,-7.6644,-6.1971,-2.2692,-27.1600,-16.4500,-0.7700,-0.9287,-0.5625,-0.0263,0
803627,-7.1211,-6.1660,-2.5061,-12.9500,-8.6100,-0.1400,-0.4428,-0.2944,-0.0048,0
803666,-7.3748,-5.8572,-2.8604,-5.6000,3.2900,9.5900,-0.1915,0.1125,0.3279,0
803705,-6.9344,-6.1445,-2.4511,14.9800,17.5700,9.0300,0.5122,0.6008,0.3088,0
803744,-7.9014,-6.1445,-3.0639,5.9500,10.8500,13.5800,0.2035,0.3710,0.4644,0
803783,-7.7099,-4.9836,-2.6474,8.6100,19.8100,11.3400,0.2944,0.6774,0.3878,0
803822,-8.0354,-5.1727,-1.8144,17.5000,24.0100,10.8500,0.5984,0.8210,0.3710,0
803861,-8.2389,-5.0195,-1.4888,14.6300,11.6900,7.0000,0.5003,0.3997,0.2394,0
803900,-8.4639,-5.0602,-1.7067,3.6400,2.3100,4.6200,0.1245,0.0790,0.1580,0
803939,-8.5644,-5.2876,-1.7785,-11.2700,-4.9000,-0.9100,-0.3854,-0.1676,-0.0311,0
803978,-8.0594,-5.3618,-2.0585,-17.7100,-8.6100,-9.9400,-0.6056,-0.2944,-0.3399,0
804017,-7.6477,-5.6466,-2.3936,-21.3500,-11.1300,-13.9300,-0.7301,-0.3806,-0.4763,0
804056,-7.4538,-5.4288,-2.6809,-18.6200,-10.5000,-11.0600,-0.6367,-0.3590,-0.3782,0
804095,-7.0349,-5.9793,-3.1764,-5.8100,-6.9300,-8.8900,-0.1987,-0.2370,-0.3040,0
804134,-6.8314,-5.9745,-3.6288,0.1400,-1.5400,-2.8000,0.0048,-0.0527,-0.0957,0
804173,-6.5035,-5.8955,-3.3798,11.7600,12.0400,5.6000,0.4021,0.4117,0.1915,0
804212,-7.5184,-5.6059,-3.0782,17.9900,17.3600,13.8600,0.6152,0.5936,0.4739,0
804251,-8.1647,-5.0937,-2.0107,21.1400,20.5800,12.3200,0.7229,0.7037,0.4213,0
804290,-8.7248,-5.1200,-1.4338,15.1900,14.0700,4.1300,0.5194,0.4811,0.1412,0
804329,-8.7392,-5.1631,-1.4410,1.4700,0.2100,-8.3300,0.0503,0.0072,-0.2848,0
804368,-8.1216,-5.1822,-1.8670,-11.4100,-13.0900,-18.9700,-0.3902,-0.4476,-0.6487,0
804407,-7.7674,-5.2684,-2.5947,-18.9000,-21.6300,-23.1700,-0.6463,-0.7396,-0.7923,0
804446,-7.0684,-5.7567,-2.5205,-16.1000,-21.7700,-20.1600,-0.5505,-0.7444,-0.6894,0
804485,-7.0947,-6.3958,-2.6569,-15.2600,-22.6100,-10.7100,-0.5218,-0.7731,-0.3662,0
804524,-7.2432,-5.9673,-2.9992,-14.6300,-14.1400,-2.8000,-0.5003,-0.4835,-0.0957,0
804563,-7.2216,-6.2306,-2.7335,-4.3400,-7.9100,-1.8900,-0.1484,-0.2705,-0.0646,0
804602,-7.4921,-6.1038,-2.4200,-1.8900,-8.4700,-4.4800,-0.0646,-0.2896,-0.1532,0
804641,-7.4562,-5.8094,-2.1878,-2.4500,-3.9200,-4.2700,-0.0838,-0.1340,-0.1460,0
804680,-7.5232,-5.7280,-2.2261,-0.7000,-4.2000,-8.3300,-0.0239,-0.1436,-0.2848,0
804719,-7.6118,-6.0631,-2.3099,-1.5400,-10.1500,-11.0600,-0.0527,-0.3471,-0.3782,0
804758,-7.4299,-5.7782,-2.3960,-10.9900,-14.8400,-9.2400,-0.3758,-0.5075,-0.3160,0
804797,-7.3221,-6.0607,-2.4176,-8.8200,-9.5200,-6.8600,-0.3016,-0.3255,-0.2346,0
804836,-7.3796,-6.1971,-2.5037,-8.5400,-11.9000,-7.7700,-0.2920,-0.4069,-0.2657,0
804875,-7.0397,-6.1493,-2.5684,-6.1600,-9.3100,-7.4200,-0.2106,-0.3184,-0.2537,0
804914,-6.9392,-6.0822,-2.5229,-4.6200,-7.0700,-3.9200,-0.1580,-0.2418,-0.1340,0
804953,-7.0947,-6.2570,-2.4248,4.6200,-3.2200,-0.4900,0.1580,-0.1101,-0.0168,0
804992,-7.2503,-6.1732,-2.8030,7.2100,0.2800,0.3500,0.2465,0.0096,0.0120,0
805031,-7.3317,-6.3814,-2.9442,9.1700,8.0500,3.6400,0.3136,0.2753,0.1245,0
805070,-7.0876,-6.0224,-2.4343,13.5800,14.4200,4.9000,0.4644,0.4931,0.1676,0
805109,-7.3269,-6.0822,-2.2213,25.3400,19.3200,2.6600,0.8665,0.6606,0.0910,0
805148,-7.2001,-6.0607,-2.0585,40.6000,21.0000,0.5600,1.3883,0.7181,0.0191,0
805187,-7.2503,-6.3288,-1.7186,31.2900,6.5100,0.1400,1.0700,0.2226,0.0048,0
805226,-7.9589,-5.6681,-1.3165,-2.8000,-3.2900,2.7300,-0.0957,-0.1125,0.0934,0
805265,-8.4639,-5.7663,-0.4213,-19.2500,-5.6700,-2.3100,-0.6583,-0.1939,-0.0790,0
805304,-8.2030,-5.6011,-0.6391,-23.8000,-20.5800,-18.9000,-0.8138,-0.7037,-0.6463,0
805343,-6.9344,-6.1253,-1.4314,-25.9700,-33.6700,-24.7100,-0.8880,-1.1513,-0.8450,0
805382,-7.2073,-6.8195,-3.2936,-40.1800,-46.4800,-0.3500,-1.3739,-1.5894,-0.0120,0
805421,-5.3761,-6.9296,-3.9280,-8.8200,-5.4600,-2.7300,-0.3016,-0.1867,-0.0934,0
805460,-5.9602,-6.8410,-2.9849,21.0000,18.0600,11.7600,0.7181,0.6176,0.4021,0
805499,-7.1067,-6.5346,-2.4511,30.5200,25.3400,22.3300,1.0436,0.8665,0.7636,0
805538,-7.7769,-6.3408,-1.8383,29.9600,21.4900,13.8600,1.0245,0.7348,0.4739,0
805577,-7.4370,-6.1900,-0.8473,24.8500,21.3500,5.6000,0.8497,0.7301,0.1915,0
805616,-8.1288,-6.3455,-1.2327,6.3000,9.1700,-0.0700,0.2154,0.3136,-0.0024,0
805655,-7.5495,-6.0344,-1.5032,-4.8300,2.9400,-7.2100,-0.1652,0.1005,-0.2465,0
805694,-7.0852,-6.1469,-2.0394,-5.5300,-1.4000,-3.4300,-0.1891,-0.0479,-0.1173,0
805733,-7.1737,-6.4054,-2.3266,-3.7800,-0.9100,3.7800,-0.1293,-0.0311,0.1293,0
805772,-7.1881,-6.2115,-2.0705,0.2100,2.1000,-1.1900,0.0072,0.0718,-0.0407,0
805811,-7.1450,-6.0870,-1.7976,4.1300,1.8200,-1.4700,0.1412,0.0622,-0.0503,0
805850,-7.2360,-6.2187,-1.8958,-0.2100,-5.3200,0.9800,-0.0072,-0.1819,0.0335,0
805889,-7.2910,-6.4365,-1.7474,-0.2800,-4.3400,-1.4700,-0.0096,-0.1484,-0.0503,0
805928,-7.0924,-6.6543,-1.9867,2.2400,-2.5900,-2.8000,0.0766,-0.0886,-0.0957,0
805967,-6.8961,-6.6830,-2.4080,2.7300,-1.4700,-0.9100,0.0934,-0.0503,-0.0311,0
806006,-6.7716,-6.5586,-2.4295,8.1900,5.2500,0.7700,0.2801,0.1795,0.0263,0
806045,-6.9751,-6.4006,-2.2357,13.7200,9.8700,3.3600,0.4692,0.3375,0.1149,0
806084,-6.9128,-6.2689,-2.0154,16.3800,10.8500,5.9500,0.5601,0.3710,0.2035,0
806123,-7.3700,-6.4844,-1.6899,14.0000,7.9100,5.1100,0.4787,0.2705,0.1747,0
806162,-7.4107,-6.3862,-1.4673,9.6600,6.5100,2.9400,0.3303,0.2226,0.1005,0
806201,-7.5041,-6.4700,-1.9221,0.9100,3.7100,3.3600,0.0311,0.1269,0.1149,0
806240,-7.0134,-6.2498,-2.0896,-0.4200,3.2900,0.6300,-0.0144,0.1125,0.0215,0
806279,-6.9559,-6.3527,-1.7402,5.1100,2.5200,2.8000,0.1747,0.0862,0.0957,0
806318,-7.6788,-6.1158,-1.6085,-0.5600,-1.1200,3.0800,-0.0191,-0.0383,0.1053,0
806357,-7.2910,-6.2330,-1.7617,-0.7700,-1.6800,-1.0500,-0.0263,-0.0574,-0.0359,0
806396,-7.1378,-6.3408,-1.9604,-2.5900,-5.8100,-1.7500,-0.0886,-0.1987,-0.0598,0
806435,-7.2623,-6.2785,-2.0753,-5.1100,-6.3700,-0.3500,-0.1747,-0.2178,-0.0120,0
806474,-7.1570,-6.6136,-2.2165,-5.7400,-2.3100,0.6300,-0.1963,-0.0790,0.0215,0
806513,-6.9894,-6.3791,-2.4224,-3.5700,2.0300,2.3100,-0.1221,0.0694,0.0790,0
806552,-7.2886,-6.1110,-2.1232,-0.0700,3.9200,2.8700,-0.0024,0.1340,0.0981,0
806591,-7.4299,-6.2306,-2.0585,3.5000,7.0000,3.4300,0.1197,0.2394,0.1173,0
806630,-7.3006,-6.1445,-2.1519,6.2300,9.5900,2.1000,0.2130,0.3279,0.0718,0
806669,-7.1953,-5.9889,-2.0011,8.3300,9.8000,2.0300,0.2848,0.3351,0.0694,0
806708,-7.4969,-5.9865,-1.5511,4.4100,2.7300,2.8700,0.1508,0.0934,0.0981,0
806747,-7.6860,-6.1923,-1.6444,-3.9200,-1.6800,0.3500,-0.1340,-0.0574,0.0120,0
806786,-7.4921,-6.2450,-2.1136,-7.0000,-6.1600,-3.7800,-0.2394,-0.2106,-0.1293,0
806825,-7.1450,-6.2019,-2.3338,-3.6400,-4.6900,-4.9000,-0.1245,-0.1604,-0.1676,0
806864,-7.0397,-6.1397,-2.3984,3.5700,2.1000,-2.0300,0.1221,0.0718,-0.0694,0
806903,-7.0995,-6.1708,-2.1208,10.5700,6.1600,0.2800,0.3614,0.2106,0.0096,0
806942,-7.2910,-6.0583,-1.9149,10.5000,3.6400,0.4200,0.3590,0.1245,0.0144,0
806981,-7.5783,-6.1158,-1.7809,7.4900,1.8900,1.0500,0.2561,0.0646,0.0359,0
807020,-7.6118,-6.0751,-1.7019,5.1100,-2.1700,-3.5700,0.1747,-0.0742,-0.1221,0
807059,-7.3437,-6.1181,-1.4027,-1.1200,-8.6800,-7.5600,-0.0383,-0.2968,-0.2585,0
807098,-7.3963,-6.1397,-1.6420,-17.7100,-18.3400,-5.3200,-0.6056,-0.6271,-0.1819,0
807137,-7.4586,-6.1636,-2.0107,-29.0500,-23.7300,-5.0400,-0.9934,-0.8114,-0.1723,0
807176,-7.2001,-6.5753,-2.3553,-23.1700,-18.5500,-9.7300,-0.7923,-0.6343,-0.3327,0
807215,-6.8626,-6.5681,-2.3194,-16.2400,-12.5300,-10.3600,-0.5553,-0.4285,-0.3543,0
807254,-6.9440,-6.5777,-2.1639,-13.7900,-8.0500,-6.4400,-0.4715,-0.2753,-0.2202,0
807293,-6.8338,-6.4126,-2.1686,-8.3300,-4.9000,-3.7800,-0.2848,-0.1676,-0.1293,0
807332,-6.9751,-6.4413,-2.1351,-1.1900,-1.7500,-1.2600,-0.0407,-0.0598,-0.0431,0
807371,-7.0301,-6.5370,-2.1112,3.3600,0.2800,-0.5600,0.1149,0.0096,-0.0191,0
807410,-7.2503,-6.4676,-2.2452,-2.6600,0.3500,2.1700,-0.0910,0.0120,0.0742,0
807449,-7.1929,-6.2737,-2.1232,-3.8500,1.6800,0.7000,-0.1317,0.0574,0.0239,0
807488,-7.0660,-6.2689,-2.1950,2.5200,4.9700,2.1700,0.0862,0.1699,0.0742,0
807527,-6.9942,-6.3048,-2.2644,10.5000,6.3700,2.0300,0.3590,0.2178,0.0694,0
807566,-7.0708,-6.3048,-2.1902,13.7900,8.1900,3.9200,0.4715,0.2801,0.1340,0
807605,-7.1570,-6.4772,-2.0394,15.4000,11.8300,6.7900,0.5266,0.4045,0.2322,0
807644,-7.3557,-6.3982,-1.8575,14.6300,10.7100,4.1300,0.5003,0.3662,0.1412,0
807683,-7.1713,-6.2905,-1.8934,13.2300,9.7300,3.0100,0.4524,0.3327,0.1029,0
807722,-7.2719,-6.1014,-1.9436,9.4500,6.7200,3.9900,0.3231,0.2298,0.1364,0
807761,-7.3365,-6.3551,-1.6923,10.3600,7.0000,3.8500,0.3543,0.2394,0.1317,0
807800,-7.4634,-6.2235,-1.8646,7.5600,4.1300,1.4700,0.2585,0.1412,0.0503,0
807839,-7.2096,-6.0798,-1.8790,4.6900,2.8700,1.6800,0.1604,0.0981,0.0574,0
807878,-7.2815,-6.2713,-1.8096,5.3200,1.1900,1.6800,0.1819,0.0407,0.0574,0
807917,-7.0947,-6.2163,-1.8766,3.7800,-2.1700,2.1700,0.1293,-0.0742,0.0742,0
807956,-7.0205,-6.3527,-2.0250,3.6400,-3.1500,5.0400,0.1245,-0.1077,0.1723,0
807995,-7.1450,-6.5729,-1.8287,4.6900,-3.0100,4.6200,0.1604,-0.1029,0.1580,0
808034,-7.0253,-6.8003,-1.8910,6.5800,-2.4500,2.5900,0.2250,-0.0838,0.0886,0
808073,-7.0110,-6.7285,-2.5037,6.7900,7.9100,0.2100,0.2322,0.2705,0.0072,0
808112,-6.8314,-6.4676,-2.4032,12.1100,19.8800,3.5000,0.4141,0.6798,0.1197,0
808151,-6.6064,-6.4413,-2.4056,16.6600,23.8700,6.2300,0.5697,0.8162,0.2130,0
808190,-6.9440,-6.0655,-1.9580,12.9500,20.0200,9.0300,0.4428,0.6846,0.3088,0
808229,-7.3533,-6.6471,-1.5511,15.3300,20.4400,11.2000,0.5242,0.6989,0.3830,0
808268,-7.8128,-6.2953,-2.1327,6.6500,15.8200,4.7600,0.2274,0.5410,0.1628,0
808307,-7.6764,-5.9027,-1.9412,0.0000,18.9700,2.1700,0.0000,0.6487,0.0742,0
808346,-7.6549,-5.9913,-1.9245,1.5400,20.1600,-2.8700,0.0527,0.6894,-0.0981,0
808385,-7.8727,-5.4886,-2.3936,-0.7000,12.8100,-6.2300,-0.0239,0.4380,-0.2130,0
808424,-7.3485,-5.3689,-2.1232,3.2900,10.4300,-7.7700,0.1125,0.3567,-0.2657,0
808463,-7.5304,-5.6251,-1.8623,0.0700,7.4200,-5.1100,0.0024,0.2537,-0.1747,0
808502,-7.7410,-6.0128,-1.8694,-12.8800,-2.1000,-6.6500,-0.4404,-0.0718,-0.2274,0
808541,-7.4682,-6.0392,-2.1615,-28.9100,-12.8800,-9.1000,-0.9886,-0.4404,-0.3112,0
808580,-7.0277,-6.1852,-2.5803,-31.2900,-16.3800,-10.9900,-1.0700,-0.5601,-0.3758,0
808619,-6.8386,-6.3623,-2.5708,-29.0500,-15.2600,-10.8500,-0.9934,-0.5218,-0.3710,0
808658,-6.7572,-6.3192,-3.0758,-24.6400,-15.9600,-11.1300,-0.8426,-0.5457,-0.3806,0
808697,-6.7285,-6.3791,-2.8963,-20.4400,-10.4300,-5.9500,-0.6989,-0.3567,-0.2035,0
808736,-7.1354,-6.3503,-2.6306,-21.4200,-10.5000,-4.9000,-0.7325,-0.3590,-0.1676,0
808775,-7.3628,-6.2977,-2.5444,-27.3000,-12.1100,-7.3500,-0.9335,-0.4141,-0.2513,0
808814,-7.1402,-5.9290,-2.5851,-30.6600,-16.1000,-15.1900,-1.0484,-0.5505,-0.5194,0
808853,-7.1091,-6.0439,-2.6306,-30.8000,-16.8000,-17.1500,-1.0532,-0.5745,-0.5864,0
808892,-6.9727,-6.1612,-3.3104,-29.2600,-21.7700,-17.0800,-1.0005,-0.7444,-0.5840,0
808931,-6.7213,-5.9961,-3.3367,-22.1900,-14.1400,-13.1600,-0.7588,-0.4835,-0.4500,0
808970,-6.9033,-6.1134,-3.4468,-16.1700,-8.7500,-9.0300,-0.5529,-0.2992,-0.3088,0
809009,-7.0205,-6.0320,-3.2171,-5.8800,-4.0600,-7.3500,-0.2011,-0.1388,-0.2513,0
809048,-6.9559,-6.1086,-3.1452,-6.6500,-9.4500,-3.0100,-0.2274,-0.3231,-0.1029,0
809087,-7.0182,-6.0918,-3.2123,-4.8300,-10.0800,-0.5600,-0.1652,-0.3447,-0.0191,0
809126,-6.8075,-6.2785,-3.1022,0.0000,-6.2300,-0.7000,0.0000,-0.2130,-0.0239,0
809165,-6.8721,-6.5394,-3.3296,2.3800,-3.9900,-0.3500,0.0814,-0.1364,-0.0120,0
809204,-6.3455,-6.6878,-3.6359,11.6900,2.1700,-2.5200,0.3997,0.0742,-0.0862,0
809243,-6.4413,-6.6280,-3.6168,11.4100,7.2100,2.5200,0.3902,0.2465,0.0862,0
809282,-6.6543,-6.2713,-2.8580,13.7900,14.2100,5.1800,0.4715,0.4859,0.1771,0
809321,-6.9966,-6.6136,-2.4559,14.8400,12.2500,2.4500,0.5075,0.4189,0.0838,0
809360,-6.4533,-6.7572,-2.7838,8.2600,2.8000,0.6300,0.2824,0.0957,0.0215,0
809399,-6.4126,-6.5155,-3.7772,8.5400,-1.3300,1.9600,0.2920,-0.0455,0.0670,0
809438,-6.5322,-6.1301,-3.2936,12.4600,9.9400,7.9100,0.4261,0.3399,0.2705,0
809477,-7.0038,-6.4150,-2.7910,14.7700,14.9800,10.3600,0.5051,0.5122,0.3543,0
809516,-7.4562,-6.0870,-2.8772,13.3000,13.8600,6.3000,0.4548,0.4739,0.2154,0
809555,-7.5208,-5.6562,-2.6450,11.3400,10.3600,2.0300,0.3878,0.3543,0.0694,0
809594,-7.3245,-5.8285,-2.2381,6.3000,7.9800,-0.2800,0.2154,0.2729,-0.0096,0
809633,-6.9990,-6.1134,-2.3960,0.4900,-3.1500,-0.7700,0.0168,-0.1077,-0.0263,0
809672,-7.0947,-6.2737,-2.7287,-5.1100,-10.9200,0.0700,-0.1747,-0.3734,0.0024,0
809711,-6.8195,-6.2474,-2.8700,-4.4100,-10.5000,0.2100,-0.1508,-0.3590,0.0072,0
809750,-6.8602,-6.5514,-2.9155,-4.6200,-9.6600,1.6100,-0.1580,-0.3303,0.0551,0
809789,-6.6376,-6.2761,-2.9873,-1.6100,-8.8900,-0.3500,-0.0551,-0.3040,-0.0120,0
809828,-6.5705,-6.4724,-3.2266,8.8900,-0.7000,6.3700,0.3040,-0.0239,0.2178,0
809867,-6.8003,-6.5394,-3.2123,13.3700,5.7400,8.6800,0.4572,0.1963,0.2968,0
809906,-6.4939,-6.3862,-2.9226,21.1400,12.4600,9.3800,0.7229,0.4261,0.3207,0
809945,-6.8099,-6.4604,-2.6665,22.6800,14.5600,14.2100,0.7755,0.4979,0.4859,0
809984,-7.2671,-6.3910,-2.4894,18.3400,12.6000,14.7000,0.6271,0.4309,0.5027,0
810023,-6.8817,-6.3192,-2.4894,19.9500,12.6700,12.9500,0.6822,0.4332,0.4428,0
810062,-7.1809,-6.5203,-2.5133,19.9500,11.8300,11.9000,0.6822,0.4045,0.4069,0
810101,-7.2288,-6.2761,-2.5229,15.7500,10.0100,7.9800,0.5386,0.3423,0.2729,0
810140,-7.1259,-6.0631,-2.4391,12.4600,10.5700,5.4600,0.4261,0.3614,0.1867,0
810179,-7.1618,-6.1636,-2.5301,10.5700,9.5200,6.3700,0.3614,0.3255,0.2178,0
810218,-7.2862,-6.0439,-2.5516,12.2500,7.9100,4.4100,0.4189,0.2705,0.1508,0
810257,-7.4729,-6.0128,-2.2764,8.4700,6.8600,4.9700,0.2896,0.2346,0.1699,0
810296,-7.3820,-5.8955,-2.2500,3.2200,5.3900,2.1000,0.1101,0.1843,0.0718,0
810335,-7.2240,-6.0439,-2.2668,3.1500,1.0500,1.1900,0.1077,0.0359,0.0407,0
810374,-7.4131,-6.0679,-2.4200,2.4500,-2.7300,0.2100,0.0838,-0.0934,0.0072,0
810413,-7.1881,-6.0655,-2.3912,2.5200,-1.1900,0.1400,0.0862,-0.0407,0.0048,0
810452,-7.0277,-6.1349,-2.3649,3.0100,-2.5900,1.9600,0.1029,-0.0886,0.0670,0
810491,-7.2503,-6.4150,-2.4104,-0.9800,-6.5800,4.4100,-0.0335,-0.2250,0.1508,0
810530,-7.1139,-6.2259,-2.6785,-1.9600,-6.5800,1.1200,-0.0670,-0.2250,0.0383,0
810569,-6.9057,-6.3168,-2.6737,-0.5600,-2.1000,1.2600,-0.0191,-0.0718,0.0431,0
810608,-6.9894,-6.5370,-2.7718,-0.5600,-1.2600,2.6600,-0.0191,-0.0431,0.0910,0
810647,-7.0660,-6.2139,-2.7240,0.4200,2.7300,2.3800,0.0144,0.0934,0.0814,0
810686,-7.4203,-6.1421,-2.5684,2.1000,6.4400,2.9400,0.0718,0.2202,0.1005,0
810725,-7.4323,-5.9769,-2.3290,0.9800,7.0000,0.2100,0.0335,0.2394,0.0072,0
810764,-7.6309,-6.0487,-2.2979,-3.9900,3.5700,-2.2400,-0.1364,0.1221,-0.0766,0
810803,-7.5160,-5.9027,-2.5157,-5.1100,1.7500,-5.3900,-0.1747,0.0598,-0.1843,0
810842,-7.3413,-5.6346,-2.8030,-0.0700,2.7300,-8.0500,-0.0024,0.0934,-0.2753,0
810881,-7.0684,-5.6203,-2.6665,4.9000,4.4100,-4.3400,0.1676,0.1508,-0.1484,0
810920,-7.0541,-5.8931,-2.5014,6.5800,4.1300,2.2400,0.2250,0.1412,0.0766,0
810959,-7.3916,-5.8931,-2.8030,4.5500,0.2100,6.5800,0.1556,0.0072,0.2250,0
810998,-7.5711,-5.8836,-2.5684,5.0400,0.2800,3.7100,0.1723,0.0096,0.1269,0
811037,-7.2408,-5.9793,-2.3099,1.6800,-3.0100,1.1200,0.0574,-0.1029,0.0383,0
811076,-7.3150,-6.2115,-2.5803,-3.7800,-6.0200,1.9600,-0.1293,-0.2059,0.0670,0
811115,-7.3006,-6.0775,-2.5827,-5.5300,-5.6700,-1.2600,-0.1891,-0.1939,-0.0431,0
811154,-7.4921,-6.1014,-2.5492,-12.1800,-8.0500,-4.1300,-0.4165,-0.2753,-0.1412,0
811193,-7.4682,-5.8429,-2.1471,-13.3700,-7.5600,-6.9300,-0.4572,-0.2585,-0.2370,0
811232,-7.7386,-6.0080,-2.1160,-18.4100,-11.3400,-11.7600,-0.6295,-0.3878,-0.4021,0
811271,-7.4203,-5.9362,-2.6593,-22.1200,-15.5400,-15.3300,-0.7564,-0.5314,-0.5242,0
811310,-6.8697,-6.0798,-3.1381,-21.9800,-16.3800,-14.7000,-0.7516,-0.5601,-0.5027,0
811349,-6.7501,-5.9506,-3.3798,-15.1200,-11.9000,-10.2200,-0.5170,-0.4069,-0.3495,0
811388,-7.0134,-5.9338,-3.0878,-6.7900,-4.9700,-4.8300,-0.2322,-0.1699,-0.1652,0
811427,-7.6261,-5.8620,-2.7192,-8.1200,-3.9200,-2.9400,-0.2777,-0.1340,-0.1005,0
811466,-7.4562,-5.6634,-1.7737,-13.4400,-9.4500,-7.2800,-0.4596,-0.3231,-0.2489,0
811505,-7.2958,-6.0487,-1.4697,-25.8300,-24.0100,-9.8700,-0.8833,-0.8210,-0.3375,0
811544,-6.9751,-6.9104,-2.6833,-28.4200,-33.9500,-12.0400,-0.9718,-1.1609,-0.4117,0
811583,-7.0612,-7.3054,-4.8519,-18.1300,-10.9900,-16.5200,-0.6200,-0.3758,-0.5649,0
811622,-5.7017,-5.5054,-3.9351,11.3400,19.0400,1.6800,0.3878,0.6511,0.0574,0
811661,-6.8937,-6.0966,-2.6833,26.3200,27.3700,17.5700,0.9000,0.9359,0.6008,0
811700,-7.8942,-5.9506,-1.5343,22.7500,12.1800,11.7600,0.7779,0.4165,0.4021,0
811739,-8.1120,-5.7974,-1.2854,4.2700,-1.8900,3.2900,0.1460,-0.0646,0.1125,0
811778,-7.7913,-6.3216,-1.8910,-8.4000,-9.1700,-9.8700,-0.2872,-0.3136,-0.3375,0
811817,-7.3245,-6.7644,-2.6833,-20.2300,-16.5900,-12.4600,-0.6918,-0.5673,-0.4261,0
811856,-6.6232,-6.3216,-3.3343,-18.2000,-22.6800,-18.4800,-0.6223,-0.7755,-0.6319,0
811895,-6.1349,-6.1301,-3.3750,-9.8700,-13.6500,-7.4900,-0.3375,-0.4668,-0.2561,0
811934,-6.3479,-6.2187,-3.1644,3.9900,-4.6900,4.8300,0.1364,-0.1604,0.1652,0
811973,-6.9344,-6.7788,-2.8508,10.3600,0.1400,9.5900,0.3543,0.0048,0.3279,0
812012,-7.0325,-6.6926,-2.8987,8.2600,2.3100,6.2300,0.2824,0.0790,0.2130,0
812051,-6.7788,-6.3599,-2.5732,14.4900,6.9300,2.1000,0.4955,0.2370,0.0718,0
812090,-6.9559,-6.0918,-2.4367,19.8100,7.8400,2.9400,0.6774,0.2681,0.1005,0
812129,-7.0684,-6.2570,-2.2476,17.5700,5.8100,7.8400,0.6008,0.1987,0.2681,0
812168,-7.3772,-6.3288,-2.4559,15.7500,3.9900,6.5800,0.5386,0.1364,0.2250,0
812207,-7.0780,-6.2235,-2.2811,14.5600,4.2700,4.4800,0.4979,0.1460,0.1532,0
812246,-7.2073,-6.2570,-2.2764,12.0400,1.6800,2.9400,0.4117,0.0574,0.1005,0
812285,-7.0876,-6.1756,-2.4152,10.5000,-0.3500,1.7500,0.3590,-0.0120,0.0598,0
812324,-7.2049,-6.2283,-2.1734,10.3600,1.0500,1.6800,0.3543,0.0359,0.0574,0
812363,-6.9583,-6.2737,-1.8144,7.2800,-0.7000,1.7500,0.2489,-0.0239,0.0598,0
812402,-7.2049,-6.5586,-2.0992,-1.3300,-7.0000,2.8700,-0.0455,-0.2394,0.0981,0
812441,-7.2551,-6.6088,-2.4678,-3.5000,-7.2100,-0.3500,-0.1197,-0.2465,-0.0120,0
812480,-7.1091,-6.7189,-2.3553,-0.5600,4.3400,-3.2900,-0.0191,0.1484,-0.1125,0
812519,-6.6974,-6.3288,-2.5349,2.1000,10.0100,1.4700,0.0718,0.3423,0.0503,0
812558,-6.8626,-6.1517,-2.2093,11.1300,12.8800,5.0400,0.3806,0.4404,0.1723,0
812597,-7.1929,-6.1397,-1.9939,14.5600,10.4300,6.7200,0.4979,0.3567,0.2298,0
812636,-7.4131,-6.2402,-2.0274,11.9700,9.1700,7.9800,0.4093,0.3136,0.2729,0
812675,-7.6309,-6.1134,-1.8192,4.2700,5.6700,4.7600,0.1460,0.1939,0.1628,0
812714,-7.5184,-5.9913,-1.8479,-2.7300,3.2900,1.4000,-0.0934,0.1125,0.0479,0
812753,-7.4969,-6.1373,-1.8000,-9.6600,-4.8300,-0.7000,-0.3303,-0.1652,-0.0239,0
812792,-7.4059,-6.0679,-1.9245,-11.7600,-10.4300,-6.3700,-0.4021,-0.3567,-0.2178,0
812831,-7.4035,-6.1229,-2.2692,-14.5600,-12.1800,-6.7900,-0.4979,-0.4165,-0.2322,0
812870,-7.0876,-6.2115,-2.5636,-12.5300,-9.9400,-5.9500,-0.4285,-0.3399,-0.2035,0
812909,-6.6663,-6.4006,-2.3697,-8.0500,-5.3900,0.8400,-0.2753,-0.1843,0.0287,0
812948,-7.4107,-6.5251,-2.5732,-12.7400,-5.3200,-1.8200,-0.4356,-0.1819,-0.0622,0
812987,-6.8482,-6.0703,-2.7168,-6.4400,1.7500,-4.5500,-0.2202,0.0598,-0.1556,0
813026,-7.3221,-5.9506,-2.3984,-3.5000,2.8700,-0.9800,-0.1197,0.0981,-0.0335,0
813065,-7.5998,-5.8764,-1.6325,-0.6300,4.4100,0.0000,-0.0215,0.1508,0.0000,0
813104,-7.7219,-5.7447,-1.5247,-4.2000,-3.2200,-3.5700,-0.1436,-0.1101,-0.1221,0
813143,-7.7339,-6.0870,-1.8886,-17.9200,-15.8200,-6.0900,-0.6128,-0.5410,-0.2082,0
813182,-7.3174,-6.2905,-2.5133,-25.2000,-22.2600,-11.9700,-0.8617,-0.7612,-0.4093,0
813221,-7.0301,-6.1876,-3.0136,-24.3600,-20.9300,-15.2600,-0.8330,-0.7157,-0.5218,0
813260,-6.7381,-6.3934,-2.9083,-19.8800,-13.1600,-11.6900,-0.6798,-0.4500,-0.3997,0
813299,-6.8841,-6.1445,-3.0399,-14.5600,-10.1500,-6.2300,-0.4979,-0.3471,-0.2130,0
813338,-6.8362,-6.2570,-2.5803,-8.7500,-5.0400,-1.4700,-0.2992,-0.1723,-0.0503,0
813377,-7.1498,-6.2522,-2.6665,-2.3100,-5.3900,-1.3300,-0.0790,-0.1843,-0.0455,0
813416,-7.1330,-6.2211,-2.4942,-0.4200,-4.6900,-3.8500,-0.0144,-0.1604,-0.1317,0
813455,-7.2025,-6.1397,-2.7503,-6.3700,-4.4100,-3.2200,-0.2178,-0.1508,-0.1101,0
813494,-7.0158,-6.1517,-2.8604,0.2100,0.7700,-2.4500,0.0072,0.0263,-0.0838,0
813533,-6.8530,-6.1995,-2.8987,10.9900,2.4500,-4.7600,0.3758,0.0838,-0.1628,0
813572,-6.7405,-6.2354,-2.6067,21.2800,5.5300,-3.0100,0.7277,0.1891,-0.1029,0
813611,-6.9344,-6.7022,-2.4056,18.6200,3.5700,-0.9800,0.6367,0.1221,-0.0335,0
813650,-7.3293,-6.3551,-2.3721,3.4300,-1.9600,0.0000,0.1173,-0.0670,0.0000,0
813689,-7.2096,-6.3671,-1.9317,2.3100,-1.5400,-6.5800,0.0790,-0.0527,-0.2250,0
813728,-7.1450,-6.4197,-1.5607,-4.4800,-12.3200,-11.3400,-0.1532,-0.4213,-0.3878,0
813767,-7.3604,-6.4700,-2.3601,-18.2000,-23.7300,-12.3200,-0.6223,-0.8114,-0.4213,0
813806,-6.8099,-6.3455,-2.7718,-25.3400,-21.6300,-9.5900,-0.8665,-0.7396,-0.3279,0
813845,-6.8195,-6.5131,-2.5229,-20.3700,-18.7600,-10.5700,-0.6965,-0.6415,-0.3614,0
813884,-6.9296,-6.6471,-2.5732,-15.4700,-15.4700,-10.5000,-0.5290,-0.5290,-0.3590,0
813923,-6.8051,-6.1756,-2.9753,-16.8000,-15.4000,-7.8400,-0.5745,-0.5266,-0.2681,0
813962,-6.9535,-6.4939,-2.3410,-13.1600,-7.8400,-3.1500,-0.4500,-0.2681,-0.1077,0
814001,-6.7860,-6.3623,-1.8862,-10.2200,-10.0100,-4.5500,-0.3495,-0.3423,-0.1556,0
814040,-6.9894,-6.6615,-2.1064,-13.2300,-12.8800,-4.6900,-0.4524,-0.4404,-0.1604,0
814079,-6.9009,-6.6591,-2.5995,-19.1100,-13.1600,-5.6700,-0.6535,-0.4500,-0.1939,0
814118,-6.2881,-6.9655,-2.9753,-15.1200,-9.3100,-2.9400,-0.5170,-0.3184,-0.1005,0
814157,-6.3384,-6.8243,-2.9514,-3.0100,-2.1000,-3.2900,-0.1029,-0.0718,-0.1125,0
814196,-6.4820,-6.8961,-2.5277,1.2600,2.1000,0.2800,0.0431,0.0718,0.0096,0
814235,-6.8841,-6.8745,-2.4391,0.4900,3.9900,-1.0500,0.0168,0.1364,-0.0359,0
814274,-7.2695,-6.4676,-2.2955,-5.2500,2.9400,-5.8100,-0.1795,0.1005,-0.1987,0
814313,-7.1115,-6.4437,-1.8287,-9.8000,1.7500,-9.4500,-0.3351,0.0598,-0.3231,0
814352,-7.1929,-6.2402,-1.9724,-14.7700,-5.8800,-17.3600,-0.5051,-0.2011,-0.5936,0
814391,-6.9128,-6.4221,-2.2117,-17.9200,-10.2200,-20.2300,-0.6128,-0.3495,-0.6918,0
814430,-6.7501,-6.4389,-2.8269,-18.6200,-15.6100,-24.3600,-0.6367,-0.5338,-0.8330,0
814469,-6.7788,-6.5394,-2.8891,-22.5400,-17.4300,-20.7900,-0.7708,-0.5960,-0.7109,0
814508,-6.4461,-6.5658,-2.6569,-22.3300,-17.0100,-20.6500,-0.7636,-0.5817,-0.7061,0
814547,-6.2498,-6.6088,-3.0256,-26.6000,-21.7700,-16.7300,-0.9096,-0.7444,-0.5721,0
814586,-6.3120,-6.6591,-3.2577,-21.2100,-20.8600,-13.0200,-0.7253,-0.7133,-0.4452,0
814625,-6.5299,-6.7764,-2.8149,-9.6600,-18.4100,-16.3100,-0.3303,-0.6295,-0.5577,0
814664,-6.6447,-6.6519,-2.4487,-15.7500,-21.0700,-17.1500,-0.5386,-0.7205,-0.5864,0
814703,-5.7639,-7.2408,-2.5492,-24.2900,-27.7200,-21.4200,-0.8306,-0.9479,-0.7325,0
814742,-5.5389,-7.4682,-3.1979,-28.0700,-31.1500,-18.8300,-0.9598,-1.0652,-0.6439,0
814781,-5.7423,-7.8248,-3.6910,-24.0800,-24.7800,-14.4200,-0.8234,-0.8473,-0.4931,0
814820,-6.0751,-7.1642,-3.4995,-22.2600,-15.9600,-14.5600,-0.7612,-0.5457,-0.4979,0
814859,-5.2876,-7.1187,-2.8748,-13.2300,-8.7500,-11.8300,-0.4524,-0.2992,-0.4045,0
814898,-5.6538,-7.5926,-3.3391,-10.6400,-9.9400,-4.9000,-0.3638,-0.3399,-0.1676,0
814937,-6.2665,-6.9799,-3.2601,-13.6500,-9.0300,-5.3900,-0.4668,-0.3088,-0.1843,0
814976,-6.3455,-7.2288,-2.3721,-6.2300,-4.0600,-10.6400,-0.2130,-0.1388,-0.3638,0
815015,-6.6974,-6.8338,-2.5995,-19.1100,-16.7300,-17.3600,-0.6535,-0.5721,-0.5936,0
815054,-5.5963,-6.7716,-3.1237,-24.0800,-23.0300,-15.1200,-0.8234,-0.7875,-0.5170,0
815093,-4.8878,-7.3557,-4.1937,-20.2300,-21.2100,-9.2400,-0.6918,-0.7253,-0.3160,0
815132,-4.4617,-7.3006,-4.6197,-1.7500,-1.8200,14.0700,-0.0598,-0.0622,0.4811,0
815171,-7.4346,-7.3820,-2.4463,3.7800,14.4200,17.5700,0.1293,0.4931,0.6008,0
815210,-7.7267,-6.9152,-1.4242,11.8300,8.4700,-13.5100,0.4045,0.2896,-0.4620,0
815249,-7.1115,-6.6902,-1.3859,-8.6800,-12.3900,-21.9800,-0.2968,-0.4237,-0.7516,0
815288,-6.4197,-6.5418,-2.4415,-38.8500,-38.9200,-17.2900,-1.3285,-1.3309,-0.5912,0
815327,-5.2469,-7.1618,-3.9423,-39.9000,-44.2400,-21.2100,-1.3644,-1.5128,-0.7253,0
815366,-4.9955,-7.2025,-3.9040,-24.9200,-29.9600,-20.8600,-0.8521,-1.0245,-0.7133,0
815405,-5.2062,-6.8697,-3.3774,-10.9900,-21.3500,-19.3200,-0.3758,-0.7301,-0.6606,0
815444,-5.4743,-7.4035,-3.1788,-8.8900,-15.8900,-16.1700,-0.3040,-0.5434,-0.5529,0
815483,-5.2373,-7.6884,-3.2242,-14.0000,-15.3300,-14.4900,-0.4787,-0.5242,-0.4955,0
815522,-4.8974,-7.9876,-3.6431,-21.0700,-18.4100,-7.7700,-0.7205,-0.6295,-0.2657,0
815561,-4.7681,-7.8344,-3.8968,-17.8500,-12.0400,0.9800,-0.6104,-0.4117,0.0335,0
815600,-4.6221,-7.4825,-3.5809,-13.6500,-3.7800,7.4200,-0.4668,-0.1293,0.2537,0
815639,-5.9243,-7.5495,-3.5426,-8.0500,3.5700,13.1600,-0.2753,0.1221,0.4500,0
815678,-6.4892,-6.9966,-3.4756,-2.2400,-3.0800,0.7000,-0.0766,-0.1053,0.0239,0
815717,-6.0583,-7.2336,-3.6910,0.7700,-1.1900,-4.9700,0.0263,-0.0407,-0.1699,0
815756,-6.2378,-6.8243,-3.0758,-4.9700,-4.1300,-2.1700,-0.1699,-0.1412,-0.0742,0
815795,-4.9955,-5.8668,-2.6210,-16.6600,-11.0600,-5.7400,-0.5697,-0.3782,-0.1963,0
815834,-6.0870,-7.4394,-3.4516,-27.1600,-5.2500,4.4100,-0.9287,-0.1795,0.1508,0
815873,-6.2043,-7.9636,-3.8585,-13.2300,-12.6700,-6.6500,-0.4524,-0.4332,-0.2274,0
815912,-5.6873,-7.1259,-3.4971,-11.0600,-14.9100,-12.9500,-0.3782,-0.5098,-0.4428,0
815951,-5.6346,-7.1929,-4.2607,4.1300,-7.3500,-6.8600,0.1412,-0.2513,-0.2346,0
815990,-5.6514,-6.8051,-3.8011,15.1900,6.0200,-3.5000,0.5194,0.2059,-0.1197,0
816029,-4.9500,-7.3317,-4.0788,20.2300,15.6800,1.9600,0.6918,0.5362,0.0670,0
816068,-5.0314,-7.5328,-3.9998,22.1900,17.0100,7.2100,0.7588,0.5817,0.2465,0
816107,-4.1362,-7.3533,-3.6551,17.9200,12.7400,11.3400,0.6128,0.4356,0.3878,0
816146,-5.3905,-7.0493,-2.8269,18.2000,19.9500,15.6800,0.6223,0.6822,0.5362,0
816185,-6.2235,-6.8650,-2.0944,14.4200,22.9600,13.6500,0.4931,0.7851,0.4668,0
816224,-7.3892,-8.9833,-2.8891,-1.8200,10.0100,16.0300,-0.0622,0.3423,0.5481,0
816263,-5.7759,-7.4921,-2.9992,-0.6300,-7.4200,-12.6700,-0.0215,-0.2537,-0.4332,0
816302,-4.4570,-6.6208,-3.4325,-5.1100,2.2400,-12.8800,-0.1747,0.0766,-0.4404,0
816341,-4.4378,-7.1929,-3.3990,1.0500,11.9000,-2.1700,0.0359,0.4069,-0.0742,0
816380,-6.4796,-7.2743,-4.0022,-3.9200,6.3700,15.0500,-0.1340,0.2178,0.5146,0
816419,-5.8979,-7.6190,-3.4421,11.3400,7.9100,9.2400,0.3878,0.2705,0.3160,0
816458,-6.5035,-7.0014,-3.0327,6.6500,3.1500,3.5700,0.2274,0.1077,0.1221,0
816497,-5.8884,-6.5801,-2.8628,-2.4500,1.1200,-10.2200,-0.0838,0.0383,-0.3495,0
816536,-6.4796,-6.6208,-3.7293,-6.0900,-2.1000,-7.9100,-0.2082,-0.0718,-0.2705,0
816575,-6.2163,-7.2886,-3.8801,11.9000,-15.7500,-14.6300,0.4069,-0.5386,-0.5003,0
816614,-4.9764,-7.3006,-4.1218,10.6400,-15.6800,-13.5100,0.3638,-0.5362,-0.4620,0
816653,-5.0841,-6.6376,-4.7729,15.8200,-3.8500,0.0700,0.5410,-0.1317,0.0024,0
816692,-5.7256,-6.2426,-3.4229,21.7700,11.6200,13.1600,0.7444,0.3973,0.4500,0
816731,-6.4604,-7.2312,-2.9322,20.8600,13.3700,8.3300,0.7133,0.4572,0.2848,0
816770,-5.8118,-6.6088,-2.7383,5.6000,2.7300,6.8600,0.1915,0.0934,0.2346,0
816809,-5.7735,-6.6495,-3.2410,1.8900,9.2400,17.0100,0.0646,0.3160,0.5817,0
816848,-6.1852,-7.9397,-3.1548,0.5600,12.4600,21.0000,0.0191,0.4261,0.7181,0
816887,-6.0822,-7.0277,-3.9567,3.7100,8.5400,14.4200,0.1269,0.2920,0.4931,0
816926,-4.8639,-7.2503,-3.2793,10.7800,19.8100,24.5700,0.3686,0.6774,0.8402,0
816965,-6.1517,-7.6022,-3.6695,19.8800,24.6400,26.8100,0.6798,0.8426,0.9168,0
817004,-6.4916,-7.0086,-3.0423,27.7900,29.3300,14.9100,0.9503,1.0029,0.5098,0
817043,-6.2043,-6.6591,-2.1974,24.2900,31.4300,12.4600,0.8306,1.0747,0.4261,0
817082,-5.9673,-6.8937,-2.1447,23.4500,22.7500,11.4100,0.8019,0.7779,0.3902,0
817121,-5.8644,-7.7554,-2.3817,11.5500,6.5800,14.9100,0.3950,0.2250,0.5098,0
817160,-5.9003,-7.2719,-3.4851,2.8700,-5.3200,8.4000,0.0981,-0.1819,0.2872,0
817199,-6.1684,-6.8075,-3.5857,4.4100,-1.8900,14.6300,0.1508,-0.0646,0.5003,0
817238,-6.5346,-6.2450,-3.2577,11.9000,8.2600,17.0800,0.4069,0.2824,0.5840,0
817277,-7.0445,-6.8482,-2.9418,23.1700,16.5900,16.1700,0.7923,0.5673,0.5529,0
817316,-6.7979,-7.0158,-2.8269,24.1500,10.9900,4.3400,0.8258,0.3758,0.1484,0
817355,-5.8812,-6.4820,-2.0107,10.1500,9.5900,2.1000,0.3471,0.3279,0.0718,0
817394,-6.5394,-7.0086,-3.5067,0.8400,4.6200,11.6200,0.0287,0.1580,0.3973,0
817433,-7.1330,-7.1666,-4.2535,8.4700,1.0500,13.2300,0.2896,0.0359,0.4524,0
817472,-6.0128,-7.0253,-3.8490,22.6100,3.5700,3.5000,0.7731,0.1221,0.1197,0
817511,-4.9860,-6.2929,-3.1979,21.7000,10.2200,11.0600,0.7420,0.3495,0.3782,0
817550,-5.2277,-6.4461,-3.6958,29.1900,30.5900,28.6300,0.9981,1.0460,0.9790,0
817589,-5.9913,-6.8051,-3.7604,43.4700,53.0600,40.6700,1.4865,1.8144,1.3907,0
817628,-6.9440,-7.0086,-2.5277,41.1600,59.2200,43.2600,1.4075,2.0250,1.4793,0
817667,-7.8033,-7.0038,-1.8742,21.6300,50.8900,38.9200,0.7396,1.7402,1.3309,0
817706,-7.4346,-5.5868,-1.9101,20.9300,35.2800,20.2300,0.7157,1.2064,0.6918,0
817745,-6.9080,-6.6926,-1.3333,8.4700,19.1800,24.9900,0.2896,0.6559,0.8545,0
817784,-7.2216,-6.2354,-1.9269,-7.7000,6.3000,19.1100,-0.2633,0.2154,0.6535,0
817823,-6.8410,-7.3461,-3.5043,4.9000,6.8600,6.7200,0.1676,0.2346,0.2298,0
817862,-5.8285,-6.2163,-4.0237,10.2900,11.4100,1.6800,0.3519,0.3902,0.0574,0
817901,-7.0684,-5.0793,-4.8447,16.4500,18.9000,10.2900,0.5625,0.6463,0.3519,0
817940,-7.5807,-5.4838,-3.4516,24.5700,30.6600,12.7400,0.8402,1.0484,0.4356,0
817979,-6.8650,-5.2995,-3.4516,13.3700,29.1200,9.2400,0.4572,0.9958,0.3160,0
818018,-7.4658,-5.8764,-4.4043,16.7300,47.6000,13.1600,0.5721,1.6277,0.4500,0
818057,-7.5184,-5.6753,-3.3463,19.6700,53.9700,5.8800,0.6726,1.8455,0.2011,0
818096,-7.0732,-4.5455,-3.2960,6.8600,41.0200,-5.7400,0.2346,1.4027,-0.1963,0
818135,-7.0756,-5.4264,-3.2960,1.9600,38.3600,-0.1400,0.0670,1.3117,-0.0048,0
818174,-7.6596,-6.9655,-3.3032,4.1300,21.4900,3.9200,0.1412,0.7348,0.1340,0
818213,-6.6064,-5.9458,-4.9165,3.4300,17.1500,-8.4000,0.1173,0.5864,-0.2872,0
818252,-6.6663,-5.8189,-3.6934,-0.2800,26.1100,-3.9200,-0.0096,0.8928,-0.1340,0
818291,-6.3168,-5.2971,-3.9950,-7.5600,14.3500,-10.2900,-0.2585,0.4907,-0.3519,0
818330,-5.2205,-5.2325,-4.7370,-9.8000,3.8500,-13.2300,-0.3351,0.1317,-0.4524,0
818369,-5.0913,-6.4054,-4.8423,-1.4000,7.2800,-5.1800,-0.0479,0.2489,-0.1771,0
818408,-5.7639,-5.3594,-5.3330,-1.4000,13.4400,9.7300,-0.0479,0.4596,0.3327,0
818447,-5.2445,-5.8692,-4.7801,4.4100,11.4100,11.2000,0.1508,0.3902,0.3830,0
818486,-6.4245,-6.6519,-4.7227,-2.8000,11.1300,4.2700,-0.0957,0.3806,0.1460,0
818525,-7.1570,-6.5394,-6.2187,-4.2000,12.1100,-0.4200,-0.1436,0.4141,-0.0144,0
818564,-5.9003,-6.5634,-6.0224,3.2200,2.3800,-5.0400,0.1101,0.0814,-0.1723,0
818603,-6.0703,-6.5131,-5.3067,3.9900,-2.1700,4.0600,0.1364,-0.0742,0.1388,0
818642,-6.0104,-5.9913,-5.2804,4.8300,-9.0300,7.9100,0.1652,-0.3088,0.2705,0
818681,-5.9362,-5.6586,-4.4689,-1.8200,-16.6600,12.2500,-0.0622,-0.5697,0.4189,0
818720,-7.4562,-5.9267,-4.3588,-2.5900,-21.2800,5.3900,-0.0886,-0.7277,0.1843,0
818759,-6.9152,-5.9243,-4.2367,-3.6400,-35.2800,-5.6700,-0.1245,-1.2064,-0.1939,0
818798,-6.4245,-5.6227,-4.1697,-2.8700,-38.7100,-5.9500,-0.0981,-1.3237,-0.2035,0
818837,-6.3431,-5.7088,-4.2080,-4.1300,-35.4200,-3.0100,-0.1412,-1.2112,-0.1029,0
818876,-6.5394,-5.7064,-3.9758,-2.3100,-29.7500,0.4900,-0.0790,-1.0173,0.0168,0
818915,-6.7285,-5.4814,-3.8131,-2.9400,-32.0600,3.3600,-0.1005,-1.0963,0.1149,0
818954,-6.6495,-5.1990,-3.5881,-2.7300,-27.7900,5.6000,-0.0934,-0.9503,0.1915,0
818993,-7.0349,-5.1942,-3.3702,-5.1800,-24.3600,11.6200,-0.1771,-0.8330,0.3973,0
819032,-7.7267,-5.4431,-3.4923,-7.4200,-27.7900,13.0200,-0.2537,-0.9503,0.4452,0
819071,-7.4753,-5.4503,-3.5881,-7.7700,-31.2200,10.5000,-0.2657,-1.0676,0.3590,0
819110,-7.3844,-5.2540,-3.4971,-5.8800,-26.4600,8.2600,-0.2011,-0.9048,0.2824,0
819149,-7.2982,-5.1631,-3.5665,-3.2200,-22.3300,9.2400,-0.1101,-0.7636,0.3160,0
819188,-7.4083,-4.9141,-3.4205,-3.2200,-15.4000,11.0600,-0.1101,-0.5266,0.3782,0
819227,-8.1839,-5.2373,-3.1859,-3.1500,-11.8300,11.3400,-0.1077,-0.4045,0.3878,0
819266,-7.9828,-5.2181,-3.2266,-5.6700,-13.0900,0.8400,-0.1939,-0.4476,0.0287,0
819305,-7.6142,-5.0338,-3.1213,-11.5500,-15.4000,-5.1100,-0.3950,-0.5266,-0.1747,0
819344,-7.4945,-5.0362,-2.9897,-16.3100,-20.9300,-10.1500,-0.5577,-0.7157,-0.3471,0
819383,-7.3174,-5.5078,-2.9921,-22.6100,-25.8300,-11.3400,-0.7731,-0.8833,-0.3878,0
819422,-7.5974,-5.7878,-3.3535,-29.3300,-28.0000,-11.8300,-1.0029,-0.9575,-0.4045,0
819461,-6.9942,-5.8477,-3.2625,-30.5200,-28.4900,-20.0900,-1.0436,-0.9742,-0.6870,0
819500,-8.1432,-5.8596,-3.4277,-24.5000,-23.2400,-24.1500,-0.8378,-0.7947,-0.8258,0
819539,-7.3748,-5.4838,-3.0854,-22.1200,-21.6300,-32.3400,-0.7564,-0.7396,-1.1059,0
819578,-7.0995,-6.1708,-3.1093,-29.4000,-22.6800,-25.4800,-1.0053,-0.7755,-0.8713,0
819617,-6.9535,-5.8931,-3.5091,-21.2100,-21.0000,-25.2700,-0.7253,-0.7181,-0.8641,0
819656,-6.8841,-6.2522,-2.6545,-15.4700,-9.5200,-19.3200,-0.5290,-0.3255,-0.6606,0
819695,-7.1785,-5.8477,-3.0040,-19.9500,-14.4900,-18.2700,-0.6822,-0.4955,-0.6247,0
819734,-7.3006,-6.3408,-2.7359,-31.0800,-15.9600,-12.6000,-1.0628,-0.5457,-0.4309,0
819773,-7.1857,-6.3934,-3.1907,-28.2100,-17.8500,-19.6700,-0.9646,-0.6104,-0.6726,0
819812,-6.7309,-6.1493,-3.1907,-22.4000,-15.2600,-21.7000,-0.7660,-0.5218,-0.7420,0
819851,-5.7998,-6.2498,-3.4540,-17.1500,-14.9800,-21.2100,-0.5864,-0.5122,-0.7253,0
819890,-5.8501,-6.5203,-3.5354,-12.7400,-8.4700,-13.6500,-0.4356,-0.2896,-0.4668,0
819929,-7.3652,-6.2929,-3.8633,-8.4000,-5.4600,-2.3100,-0.2872,-0.1867,-0.0790,0
819968,-6.6041,-5.6394,-3.4397,2.8000,0.4200,-1.4000,0.0957,0.0144,-0.0479,0
820007,-7.1618,-6.6471,-3.2099,-2.9400,0.0700,3.2200,-0.1005,0.0024,0.1101,0
820046,-7.6525,-5.5915,-3.2673,0.7000,-0.3500,-11.9000,0.0239,-0.0120,-0.4069,0
820085,-6.9966,-5.9554,-2.6641,15.0500,11.5500,-14.7000,0.5146,0.3950,-0.5027,0
820124,-6.3623,-5.9434,-3.0471,23.1700,5.8800,-19.4600,0.7923,0.2011,-0.6654,0
820163,-5.9841,-6.5658,-3.3080,17.8500,5.8100,-8.8200,0.6104,0.1987,-0.3016,0
820202,-6.2833,-6.9128,-3.7532,21.4900,7.1400,-4.4800,0.7348,0.2442,-0.1532,0
820241,-6.5203,-7.2503,-3.3966,28.3500,20.3700,1.0500,0.9694,0.6965,0.0359,0
820280,-6.4509,-7.4251,-3.3008,32.8300,21.5600,4.4100,1.1226,0.7372,0.1508,0
820319,-5.6753,-6.9009,-3.3894,30.3800,20.3000,8.5400,1.0388,0.6942,0.2920,0
820358,-6.0104,-6.4987,-2.9202,30.3100,29.9600,17.4300,1.0364,1.0245,0.5960,0
820397,-7.3102,-6.9655,-2.3865,30.2400,27.7200,24.0100,1.0341,0.9479,0.8210,0
820436,-6.7094,-6.5634,-2.0681,25.3400,21.4200,14.4200,0.8665,0.7325,0.4931,0
820475,-6.1660,-6.2091,-2.5325,19.7400,21.4200,21.5600,0.6750,0.7325,0.7372,0
820514,-7.5424,-6.9272,-2.7455,25.6900,22.9600,21.7700,0.8785,0.7851,0.7444,0
820553,-7.4777,-6.9559,-2.8149,23.4500,12.6000,10.8500,0.8019,0.4309,0.3710,0
820592,-6.4054,-6.5299,-2.7551,14.2100,7.8400,5.5300,0.4859,0.2681,0.1891,0
820631,-6.4150,-6.6495,-2.9250,15.0500,10.1500,5.3900,0.5146,0.3471,0.1843,0
820670,-7.3940,-7.0229,-2.9466,21.7000,8.8900,3.0100,0.7420,0.3040,0.1029,0
820709,-6.3096,-6.9775,-2.3194,26.1100,5.8100,-0.7000,0.8928,0.1987,-0.0239,0
820748,-6.2019,-6.7333,-2.3506,14.1400,9.3100,7.2100,0.4835,0.3184,0.2465,0
820787,-7.4658,-6.8817,-2.3817,16.0300,12.8100,6.3000,0.5481,0.4380,0.2154,0
820826,-7.6477,-6.3288,-2.4678,18.2000,4.6900,-5.2500,0.6223,0.1604,-0.1795,0
820865,-7.9828,-4.5383,-1.4027,9.3800,1.0500,-26.7400,0.3207,0.0359,-0.9144,0
820904,-7.1546,-5.5580,-3.0088,2.2400,-5.2500,-7.7700,0.0766,-0.1795,-0.2657,0
820943,-6.8602,-6.1852,-3.0016,15.8900,-3.7800,-1.5400,0.5434,-0.1293,-0.0527,0
820982,-5.7304,-5.1679,-2.7742,12.6700,14.0000,12.1100,0.4332,0.4787,0.4141,0
821021,-6.2953,-5.6155,-2.1519,12.1100,31.0800,28.2800,0.4141,1.0628,0.9670,0
821060,-7.5424,-6.5466,-2.1064,14.7700,29.8200,27.7900,0.5051,1.0197,0.9503,0
821099,-7.1666,-6.2450,-1.7689,9.4500,19.9500,15.0500,0.3231,0.6822,0.5146,0
821138,-6.5849,-6.0080,-1.9173,-3.9200,14.0700,10.2900,-0.1340,0.4811,0.3519,0
821177,-6.9942,-7.1785,-2.3194,-8.1900,12.9500,18.9700,-0.2801,0.4428,0.6487,0
821216,-7.5112,-7.6357,-2.3362,-4.4100,12.5300,17.1500,-0.1508,0.4285,0.5864,0
821255,-7.0469,-7.0014,-2.6234,-8.4000,3.0800,7.4900,-0.2872,0.1053,0.2561,0
821294,-6.6615,-6.9679,-2.3290,-5.9500,2.0300,5.0400,-0.2035,0.0694,0.1723,0
821333,-6.6759,-7.1690,-2.6617,-3.3600,3.4300,-1.3300,-0.1149,0.1173,-0.0455,0
821372,-6.6471,-6.7716,-2.8436,-2.8000,12.6700,-1.6100,-0.0957,0.4332,-0.0551,0
821411,-6.6591,-7.3652,-2.8293,-7.9800,6.3700,-2.8700,-0.2729,0.2178,-0.0981,0
821450,-7.0469,-7.4993,-3.0782,-7.1400,1.3300,-10.5000,-0.2442,0.0455,-0.3590,0
821489,-6.8195,-6.2402,-3.5665,-4.4100,3.2200,-13.2300,-0.1508,0.1101,-0.4524,0
821528,-6.0272,-7.0708,-1.5128,-12.1100,2.2400,-5.8800,-0.4141,0.0766,-0.2011,0
821567,-8.9546,-4.9596,-3.3774,-2.5200,9.0300,-13.8600,-0.0862,0.3088,-0.4739,0
821606,-6.8697,-5.5891,-2.8819,-0.4900,6.7200,-25.7600,-0.0168,0.2298,-0.8809,0
821645,-5.7663,-5.8285,-3.2673,-6.4400,6.7900,-20.4400,-0.2202,0.2322,-0.6989,0
821684,-6.7046,-4.7250,-3.7676,-1.6100,13.2300,-10.0100,-0.0551,0.4524,-0.3423,0
821723,-7.5687,-6.6854,-3.7221,2.3800,18.2700,2.2400,0.0814,0.6247,0.0766,0
821762,-6.7237,-6.9918,-4.1554,6.0900,35.9100,-17.9900,0.2082,1.2279,-0.6152,0
821801,-6.9080,-5.2971,-4.4976,10.2200,38.9900,-7.8400,0.3495,1.3333,-0.2681,0
821840,-7.0325,-5.9338,-3.2960,7.3500,25.1300,-8.8900,0.2513,0.8593,-0.3040,0
821879,-7.0804,-6.8123,-3.9184,1.5400,14.6300,-28.0000,0.0527,0.5003,-0.9575,0
821918,-5.6179,-5.8884,-5.1104,5.6000,9.3800,-26.2500,0.1915,0.3207,-0.8976,0
821957,-4.7394,-5.9458,-4.1721,11.9000,15.2600,-19.1800,0.4069,0.5218,-0.6559,0
821996,-5.4479,-5.8453,-3.7939,-0.4900,21.0000,-4.2000,-0.0168,0.7181,-0.1436,0
822035,-5.2229,-6.3360,-3.5857,0.0000,20.0200,-9.2400,0.0000,0.6846,-0.3160,0
822074,-4.9764,-7.3557,-4.0524,-1.1200,10.5700,-21.4900,-0.0383,0.3614,-0.7348,0
822113,-5.1990,-6.7046,-5.2110,-3.0800,10.8500,-17.9900,-0.1053,0.3710,-0.6152,0
822152,-4.7897,-6.7142,-4.2080,3.4300,20.1600,-16.1000,0.1173,0.6894,-0.5505,0
822191,-4.4689,-7.5328,-4.0093,2.5200,18.6200,-21.6300,0.0862,0.6367,-0.7396,0
822230,-5.1918,-7.9517,-5.0889,-2.6600,20.1600,-2.6600,-0.0910,0.6894,-0.0910,0
822269,-5.0745,-7.8009,-5.0027,0.1400,13.5100,-9.3800,0.0048,0.4620,-0.3207,0
822308,-4.9931,-8.2844,-4.7586,4.6200,4.9700,-19.5300,0.1580,0.1699,-0.6678,0
822347,-4.4665,-8.3634,-5.2277,-2.1000,-2.4500,-8.1200,-0.0718,-0.0838,-0.2777,0
822386,-3.9016,-7.2455,-4.6245,1.7500,0.4200,-0.0700,0.0598,0.0144,-0.0024,0
822425,-3.8992,-7.4945,-3.9136,4.8300,1.8900,7.4200,0.1652,0.0646,0.2537,0
822464,-5.4743,-8.5740,-4.8711,-5.7400,-8.6100,14.0000,-0.1963,-0.2944,0.4787,0
822503,-5.5126,-7.5663,-4.9764,0.1400,-26.6700,11.4100,0.0048,-0.9120,0.3902,0
822542,-4.6748,-6.8793,-3.8466,-0.7700,-39.6200,-1.5400,-0.0263,-1.3548,-0.0527,0
822581,-5.3665,-7.6596,-3.7580,-5.3200,-29.2600,3.0100,-0.1819,-1.0005,0.1029,0
822620,-5.6586,-7.3461,-4.2487,-1.2600,-31.3600,3.0800,-0.0431,-1.0724,0.1053,0
822659,-5.2157,-7.0660,-3.9232,-1.1200,-44.5900,2.3100,-0.0383,-1.5247,0.0790,0
822698,-5.1320,-7.0301,-3.3702,-3.2200,-44.1000,9.7300,-0.1101,-1.5080,0.3327,0
822737,-5.4958,-6.8386,-3.4181,-4.1300,-40.5300,12.3200,-0.1412,-1.3859,0.4213,0
822776,-6.0104,-7.1498,-3.3559,-7.6300,-36.6100,14.6300,-0.2609,-1.2519,0.5003,0
822815,-5.6777,-6.3312,-3.3248,-5.8800,-36.1200,9.6600,-0.2011,-1.2351,0.3303,0
822854,-5.5676,-6.1971,-2.9155,-8.8900,-26.8100,13.4400,-0.3040,-0.9168,0.4596,0
822893,-6.0894,-6.5825,-2.6713,-11.5500,-20.5100,26.8100,-0.3950,-0.7013,0.9168,0
822932,-6.8219,-6.2546,-2.6905,-12.7400,-22.1900,29.0500,-0.4356,-0.7588,0.9934,0
822971,-7.0182,-6.4413,-2.9538,-12.4600,-24.9200,30.7300,-0.4261,-0.8521,1.0508,0
823010,-6.8578,-5.8931,-3.1237,-5.3200,-23.2400,24.9200,-0.1819,-0.7947,0.8521,0
823049,-7.2815,-6.2953,-2.9849,-7.2800,-17.9900,36.0500,-0.2489,-0.6152,1.2327,0
823088,-8.1958,-6.3623,-3.3750,-9.8000,-17.5700,22.9600,-0.3351,-0.6008,0.7851,0
823127,-7.1642,-5.2469,-3.0303,-7.4900,-11.5500,2.5200,-0.2561,-0.3950,0.0862,0
823166,-7.0325,-5.6274,-2.9394,-8.9600,-15.5400,3.5000,-0.3064,-0.5314,0.1197,0
823205,-7.1163,-5.7040,-2.8987,-11.3400,-15.7500,5.2500,-0.3878,-0.5386,0.1795,0
823244,-7.4299,-5.7902,-3.0471,-15.5400,-19.6000,8.0500,-0.5314,-0.6702,0.2753,0
823283,-7.5543,-6.0009,-3.4038,-15.6100,-19.3900,7.0000,-0.5338,-0.6630,0.2394,0
823322,-7.5184,-6.1110,-3.5378,-15.3300,-19.3900,-8.6800,-0.5242,-0.6630,-0.2968,0
823361,-6.4987,-5.6346,-3.2099,-16.5200,-22.4000,-21.0000,-0.5649,-0.7660,-0.7181,0
823400,-6.4413,-5.4001,-3.2601,-19.8100,-19.2500,-10.6400,-0.6774,-0.6583,-0.3638,0
823439,-7.0517,-5.9243,-2.9968,-13.5800,-14.4200,-0.3500,-0.4644,-0.4931,-0.0120,0
823478,-6.8841,-6.4317,-2.9155,-9.2400,-12.6000,-0.6300,-0.3160,-0.4309,-0.0215,0
823517,-7.4706,-6.1181,-2.7240,-15.4700,-11.7600,-0.9100,-0.5290,-0.4021,-0.0311,0
823556,-7.9612,-6.2067,-2.4391,-20.4400,-20.8600,-14.4900,-0.6989,-0.7133,-0.4955,0
823595,-7.4729,-5.6466,-3.1405,-20.5800,-22.8900,-30.3100,-0.7037,-0.7827,-1.0364,0
823634,-6.5610,-5.7926,-3.8801,-18.9700,-19.2500,-24.5700,-0.6487,-0.6583,-0.8402,0
823673,-6.3838,-6.0942,-3.1141,-9.5900,-9.0300,-12.2500,-0.3279,-0.3088,-0.4189,0
823712,-7.1857,-5.9602,-2.7982,-7.2800,-7.2100,-6.7900,-0.2489,-0.2465,-0.2322,0
823751,-7.1977,-6.0870,-3.0758,-1.4000,-0.8400,-11.8300,-0.0479,-0.0287,-0.4045,0
823790,-7.2862,-6.9224,-2.5971,-4.1300,-5.1800,-12.9500,-0.1412,-0.1771,-0.4428,0
823829,-7.4466,-5.7902,-2.7670,-2.9400,-14.0700,-21.9100,-0.1005,-0.4811,-0.7492,0
823868,-6.6567,-6.0679,-2.6593,0.2800,-2.1000,-12.7400,0.0096,-0.0718,-0.4356,0
823907,-6.5227,-6.8482,-2.9753,17.5700,5.1100,-14.1400,0.6008,0.1747,-0.4835,0
823946,-6.3743,-7.1330,-2.7216,28.9100,6.4400,-3.1500,0.9886,0.2202,-0.1077,0
823985,-6.5945,-6.7213,-2.2524,13.9300,16.1700,14.9800,0.4763,0.5529,0.5122,0
824024,-6.3001,-7.1833,-2.5014,9.5200,6.7900,6.2300,0.3255,0.2322,0.2130,0
824063,-6.5610,-7.7889,-2.4224,12.1100,10.0100,12.4600,0.4141,0.3423,0.4261,0
824102,-6.6376,-7.0062,-3.5378,13.7200,2.9400,12.6000,0.4692,0.1005,0.4309,0
824141,-5.3235,-6.4556,-3.2841,29.5400,12.8800,18.7600,1.0101,0.4404,0.6415,0
824180,-5.9889,-6.7501,-3.2027,48.0200,29.2600,25.9700,1.6420,1.0005,0.8880,0
824219,-7.5088,-5.5868,-1.9173,47.5300,32.9000,19.1100,1.6253,1.1250,0.6535,0
824258,-7.5256,-5.6418,-1.1442,45.3600,35.7000,16.9400,1.5511,1.2208,0.5793,0
824297,-8.1647,-6.0918,-1.7809,32.5500,27.0200,14.0000,1.1130,0.9239,0.4787,0
824336,-8.4160,-5.5221,-1.5726,16.8700,21.3500,-4.7600,0.5769,0.7301,-0.1628,0
824375,-7.0253,-5.3211,-2.3123,3.0800,18.9700,-9.6600,0.1053,0.6487,-0.3303,0
824414,-6.6639,-5.3067,-2.0490,4.5500,32.9700,-1.8200,0.1556,1.1274,-0.0622,0
824453,-6.6208,-5.3282,-2.3410,10.5700,42.5600,9.1700,0.3614,1.4553,0.3136,0
824492,-7.3772,-6.5897,-1.0676,6.5800,42.5600,21.5600,0.2250,1.4553,0.7372,0
824531,-8.6913,-8.7105,-1.8407,-13.5800,11.4100,24.4300,-0.4644,0.3902,0.8354,0
824570,-7.6573,-6.8793,-4.6796,-26.9500,-11.7600,8.7500,-0.9216,-0.4021,0.2992,0
824609,-5.8716,-6.0392,-2.3745,-18.0600,1.3300,-0.7000,-0.6176,0.0455,-0.0239,0
824648,-7.3221,-5.1679,-3.4014,-13.0900,17.0100,19.8800,-0.4476,0.5817,0.6798,0
824687,-7.1498,-7.0517,-3.1596,23.8700,16.6600,14.5600,0.8162,0.5697,0.4979,0
824726,-7.3820,-6.0751,-4.7490,44.3800,46.4100,30.4500,1.5176,1.5870,1.0412,0
824765,-6.8195,-5.6011,-4.8423,74.4100,42.9100,20.6500,2.5444,1.4673,0.7061,0
824804,-6.6591,-5.0769,-2.9849,76.5100,46.2700,29.4000,2.6162,1.5822,1.0053,0
824843,-7.8176,-4.5000,-2.8532,49.2100,45.7100,31.0100,1.6827,1.5630,1.0604,0
824882,-8.7871,-4.9285,-4.1745,11.5500,15.8200,0.0700,0.3950,0.5410,0.0024,0
824921,-8.0378,-5.9290,-5.4360,0.2100,-6.3000,-23.7300,0.0072,-0.2154,-0.8114,0
824960,-6.1134,-5.2660,-6.1229,3.6400,9.9400,-20.7200,0.1245,0.3399,-0.7085,0
824999,-6.2043,-6.4461,-5.9841,21.4200,22.8900,-12.5300,0.7325,0.7827,-0.4285,0
825038,-7.3748,-6.6902,-6.0272,46.8300,22.0500,-17.0800,1.6013,0.7540,-0.5840,0
825077,-5.8261,-7.6046,-6.1828,85.9600,29.8900,-27.0900,2.9394,1.0221,-0.9263,0
825116,-5.5006,-6.3791,-3.8250,130.8300,55.7200,-53.1300,4.4737,1.9053,-1.8168,0
825155,-6.9535,-4.3732,-0.6487,110.9500,96.5300,-24.7800,3.7939,3.3008,-0.8473,0
825194,-6.9703,-4.1051,1.3835,67.3400,96.7400,-19.0400,2.3027,3.3080,-0.6511,0
825233,-9.1820,-7.4323,-0.3495,24.0800,43.6800,-25.6900,0.8234,1.4936,-0.8785,0
825272,-6.6639,-7.5807,-1.8670,-6.1600,-30.3100,-69.0200,-0.2106,-1.0364,-2.3601,0
825311,-4.6461,-8.3562,-2.9370,-7.7700,-23.1700,-14.7000,-0.2657,-0.7923,-0.5027,0
825350,-4.1195,-7.9660,-1.1035,-0.8400,5.1800,-14.0000,-0.0287,0.1771,-0.4787,0
825389,-4.5934,-7.3892,-1.7306,12.5300,4.0600,-26.5300,0.4285,0.1388,-0.9072,0
825428,-4.4234,-8.6123,-1.3309,13.8600,5.3900,-13.1600,0.4739,0.1843,-0.4500,0
825467,-5.3594,-8.5429,-0.9359,10.6400,9.1700,5.1100,0.3638,0.3136,0.1747,0
825506,-5.9482,-8.4328,-0.3590,-4.9000,0.0000,-12.9500,-0.1676,0.0000,-0.4428,0
825545,-3.9974,-7.3126,-1.3548,-14.4900,-11.4800,-26.6700,-0.4955,-0.3926,-0.9120,0
825584,-3.9998,-8.0833,-2.1471,-24.5700,-19.3200,-4.4800,-0.8402,-0.6606,-0.1532,0
825623,-4.3205,-8.8086,-2.8389,-18.1300,-14.4900,5.9500,-0.6200,-0.4955,0.2035,0
825662,-4.8543,-8.9642,-2.0896,-8.5400,-4.5500,9.7300,-0.2920,-0.1556,0.3327,0
825701,-5.2253,-8.1336,-2.6857,-15.9600,-8.8900,7.1400,-0.5457,-0.3040,0.2442,0
825740,-4.9070,-8.2652,-3.0184,-7.7000,-13.7900,4.0600,-0.2633,-0.4715,0.1388,0
825779,-4.3971,-7.6142,-2.8556,-9.9400,-21.1400,3.2200,-0.3399,-0.7229,0.1101,0
825818,-4.3325,-7.6214,-3.1069,-5.5300,-15.2600,8.1200,-0.1891,-0.5218,0.2777,0
825857,-4.4498,-8.1216,-2.6545,-5.7400,-9.1700,15.9600,-0.1963,-0.3136,0.5457,0
825896,-4.5838,-8.2557,-2.3338,-11.2000,-8.9600,12.6000,-0.3830,-0.3064,0.4309,0
825935,-5.0985,-7.6190,-2.6210,-9.0300,-6.1600,15.8900,-0.3088,-0.2106,0.5434,0
825974,-5.6107,-7.9660,-2.6091,-17.0100,-17.8500,15.4000,-0.5817,-0.6104,0.5266,0
826013,-5.5102,-7.7171,-3.0950,-7.8400,-17.9200,15.6100,-0.2681,-0.6128,0.5338,0
826052,-5.1344,-7.6549,-2.0322,-12.6000,-10.9900,19.9500,-0.4309,-0.3758,0.6822,0
826091,-5.2923,-7.3150,-2.4295,-22.5400,-10.0800,23.1700,-0.7708,-0.3447,0.7923,0
826130,-5.7423,-7.4275,-2.0274,-17.0800,-6.2300,24.4300,-0.5840,-0.2130,0.8354,0
826169,-5.7902,-7.8990,-2.8532,-22.1200,-15.3300,25.8300,-0.7564,-0.5242,0.8833,0
826208,-5.6131,-7.3078,-3.7437,-2.1700,-4.6900,17.0800,-0.0742,-0.1604,0.5840,0
826247,-6.4533,-7.1330,-3.0998,3.7100,9.5200,17.4300,0.1269,0.3255,0.5960,0
826286,-6.8841,-6.5059,-2.5181,2.6600,17.1500,18.0600,0.0910,0.5864,0.6176,0
826325,-7.2288,-6.4389,-2.2883,-0.9800,17.7800,15.7500,-0.0335,0.6080,0.5386,0
826364,-7.1642,-6.6136,-1.5391,-15.9600,4.4100,10.9200,-0.5457,0.1508,0.3734,0
826403,-6.8434,-6.1110,-2.4224,-35.2100,-10.6400,4.5500,-1.2040,-0.3638,0.1556,0
826442,-6.7955,-5.8931,-3.4612,-29.2600,-8.3300,-10.9900,-1.0005,-0.2848,-0.3758,0
826481,-6.6806,-6.1971,-3.2290,-35.3500,-14.6300,-12.6700,-1.2088,-0.5003,-0.4332,0
826520,-6.4030,-6.8985,-3.2410,-26.3200,-10.0100,-13.0900,-0.9000,-0.3423,-0.4476,0
826559,-6.1397,-6.5873,-3.4995,-39.1300,-17.9900,-21.6300,-1.3380,-0.6152,-0.7396,0
826598,-6.5729,-7.3341,-5.0937,-30.0300,-11.7600,-15.4000,-1.0269,-0.4021,-0.5266,0
826637,-6.1517,-7.1330,-4.1530,-1.4700,-10.9200,-13.2300,-0.0503,-0.3734,-0.4524,0
826676,-5.6705,-6.5442,-4.2583,10.8500,-7.6300,-6.7200,0.3710,-0.2609,-0.2298,0
826715,-6.0894,-6.3216,-3.0280,15.4000,-11.8300,4.4800,0.5266,-0.4045,0.1532,0
826754,-6.3743,-6.5011,-2.8197,7.8400,-11.6200,11.6200,0.2681,-0.3973,0.3973,0
826793,-6.4078,-6.8530,-2.3817,7.7000,-12.6000,10.0100,0.2633,-0.4309,0.3423,0
826832,-6.6424,-6.7596,-2.7096,1.2600,-20.8600,15.1200,0.0431,-0.7133,0.5170,0
826871,-6.7261,-6.9870,-2.3338,4.3400,-17.0800,23.1000,0.1484,-0.5840,0.7899,0
826910,-6.7572,-6.9344,-1.7689,2.5900,-13.4400,26.3900,0.0886,-0.4596,0.9024,0
826949,-6.3336,-6.9368,-0.8833,1.1900,-9.5200,21.9800,0.0407,-0.3255,0.7516,0
826988,-6.1947,-7.8894,-0.2705,-28.7000,-36.2600,2.5200,-0.9814,-1.2399,0.0862,0
827027,-7.4418,-3.9160,-3.1476,-18.8300,-44.3800,-8.5400,-0.6439,-1.5176,-0.2920,0
827066,-8.0546,-6.3312,-3.8825,-47.0400,-55.3000,29.4000,-1.6085,-1.8910,1.0053,0
827105,-5.9793,-4.2990,-2.2093,-5.9500,-29.0500,57.4700,-0.2035,-0.9934,1.9652,0
827144,-7.1402,-5.8716,-2.4870,-7.0700,-20.2300,78.8900,-0.2418,-0.6918,2.6976,0
827183,-11.0658,-6.5370,-2.8030,-33.7400,-1.8200,63.6300,-1.1537,-0.0622,2.1758,0
827222,-11.9227,-5.8620,-3.4468,-52.3600,-2.8700,5.8800,-1.7904,-0.0981,0.2011,0
827261,-9.1461,-2.7766,-4.1625,-52.0100,-14.2100,-49.0000,-1.7785,-0.4859,-1.6755,0
827300,-7.7530,-4.0453,-4.8615,-59.3600,-25.8300,-47.2500,-2.0298,-0.8833,-1.6157,0
827339,-5.8142,-5.1750,-5.6873,-31.8500,-28.9100,-41.3000,-1.0891,-0.9886,-1.4122,0
827378,-7.0469,-5.5461,-5.5030,-12.5300,-4.6900,-28.9800,-0.4285,-0.1604,-0.9910,0
827417,-6.7477,-5.0458,-4.3756,8.4000,24.9900,-23.1000,0.2872,0.8545,-0.7899,0
827456,-6.7692,-4.0405,-4.1242,9.1000,26.4600,-19.2500,0.3112,0.9048,-0.6583,0
827495,-6.9966,-4.1338,-2.9633,5.1800,21.0000,-9.8700,0.1771,0.7181,-0.3375,0
827534,-8.6722,-4.5862,-2.8987,4.2000,-6.0900,-13.4400,0.1436,-0.2082,-0.4596,0
827573,-8.7727,-4.5838,-2.7192,-2.3800,-27.5800,-31.8500,-0.0814,-0.9431,-1.0891,0
827612,-8.0594,-4.9883,-2.8532,-14.9800,-46.2700,-39.1300,-0.5122,-1.5822,-1.3380,0
827651,-6.6400,-5.4719,-3.4564,-28.7700,-45.0100,-49.8400,-0.9838,-1.5391,-1.7043,0
827690,-6.2378,-6.4533,-3.6072,-40.4600,-37.9400,-34.3700,-1.3835,-1.2974,-1.1753,0
827729,-6.6424,-6.7405,-4.2008,-35.1400,-24.9200,-31.7100,-1.2016,-0.8521,-1.0843,0
827768,-7.0684,-6.3288,-4.9860,-45.0100,-26.8800,-25.2700,-1.5391,-0.9192,-0.8641,0
827807,-5.6107,-5.7663,-2.7934,-9.3800,-6.3700,-20.5800,-0.3207,-0.2178,-0.7037,0
827846,-7.6190,-7.8057,-2.8053,-18.9700,-9.7300,14.8400,-0.6487,-0.3327,0.5075,0
827885,-7.4753,-7.3437,-2.1303,-16.4500,-13.0200,7.7700,-0.5625,-0.4452,0.2657,0
827924,-6.1732,-7.1881,-2.7718,0.7700,-3.0100,-0.8400,0.0263,-0.1029,-0.0287,0
827963,-6.3671,-7.0804,-2.8891,10.6400,6.6500,-0.9800,0.3638,0.2274,-0.0335,0
828002,-6.1397,-6.3791,-1.9939,26.1800,3.5000,-9.5200,0.8952,0.1197,-0.3255,0
828041,-6.2283,-6.5801,-2.4343,47.7400,2.8700,-19.8800,1.6325,0.0981,-0.6798,0
828080,-6.9727,-6.7620,-2.1686,50.6800,6.0200,-12.6700,1.7330,0.2059,-0.4332,0
828119,-7.1857,-6.0846,-1.7378,21.4900,4.2700,8.8200,0.7348,0.1460,0.3016,0
828158,-7.0038,-6.7022,-1.4290,7.0000,4.6200,15.6100,0.2394,0.1580,0.5338,0
828197,-7.1259,-7.0229,-1.9101,11.6200,-7.0000,-4.8300,0.3973,-0.2394,-0.1652,0
828236,-6.1923,-6.4221,-2.4654,9.1700,-5.6700,-9.7300,0.3136,-0.1939,-0.3327,0
828275,-5.8357,-6.9009,-2.5444,10.2200,2.3100,1.1200,0.3495,0.0790,0.0383,0
828314,-7.0876,-7.4801,-2.7599,14.8400,8.8900,5.7400,0.5075,0.3040,0.1963,0
828353,-6.9080,-7.5831,-2.6976,16.7300,8.7500,6.4400,0.5721,0.2992,0.2202,0
828392,-5.6274,-6.8219,-2.0513,21.0000,12.8800,0.7700,0.7181,0.4404,0.0263,0
828431,-5.8812,-6.9775,-2.8532,26.4600,11.5500,16.5200,0.9048,0.3950,0.5649,0
828470,-8.1982,-7.9062,-3.0878,26.2500,17.2900,25.0600,0.8976,0.5912,0.8569,0
828509,-7.9062,-7.5041,-1.7952,34.2300,16.7300,-1.4000,1.1705,0.5721,-0.0479,0
828548,-6.3408,-6.4221,-0.5649,38.9900,14.9100,-12.5300,1.3333,0.5098,-0.4285,0
828587,-5.2421,-5.7160,-1.0532,28.1400,1.0500,-4.2700,0.9622,0.0359,-0.1460,0
828626,-5.2564,-6.1469,-0.9455,13.3700,-11.3400,9.8700,0.4572,-0.3878,0.3375,0
828665,-9.9647,-8.3490,-0.8354,7.1400,-3.9200,15.2600,0.2442,-0.1340,0.5218,0
828704,-7.9612,-6.7955,-1.1346,18.4100,-9.9400,-39.0600,0.6295,-0.3399,-1.3357,0
828743,-6.0918,-4.1218,-0.4763,-5.3200,2.7300,-30.3100,-0.1819,0.0934,-1.0364,0
828782,-7.6836,-6.0870,-0.7923,-2.3100,6.6500,-2.1000,-0.0790,0.2274,-0.0718,0
828821,-7.0876,-5.3474,-0.9598,-2.0300,-3.9200,-4.2700,-0.0694,-0.1340,-0.1460,0
828860,-8.4591,-6.6064,-1.8359,-22.4700,-13.7200,-2.6600,-0.7684,-0.4692,-0.0910,0
828899,-6.6352,-6.1923,-3.1189,-21.6300,-16.1700,4.9000,-0.7396,-0.5529,0.1676,0
828938,-5.7902,-6.3743,-2.8532,-1.8900,7.6300,14.8400,-0.0646,0.2609,0.5075,0
828977,-6.4724,-6.4317,-2.1734,10.1500,17.1500,29.3300,0.3471,0.5864,1.0029,0
829016,-6.6041,-6.8075,-1.2806,14.8400,21.7700,33.8100,0.5075,0.7444,1.1561,0
829055,-7.0086,-7.2168,-1.1849,11.4100,18.5500,29.9600,0.3902,0.6343,1.0245,0
829094,-7.7769,-7.9158,-1.8479,3.5700,6.0900,22.8200,0.1221,0.2082,0.7803,0
829133,-7.1211,-7.5902,-2.1447,5.9500,-0.4200,8.8200,0.2035,-0.0144,0.3016,0
829172,-6.5227,-6.4820,-1.8599,4.9000,2.0300,8.1200,0.1676,0.0694,0.2777,0
829211,-7.1211,-6.9703,-0.5386,6.6500,6.7900,12.9500,0.2274,0.2322,0.4428,0
829250,-8.0714,-6.9703,-0.8880,-1.4700,-1.8200,4.4100,-0.0503,-0.0622,0.1508,0
829289,-8.1839,-6.5753,-1.1202,-8.6800,-11.3400,-20.8600,-0.2968,-0.3878,-0.7133,0
829328,-7.5280,-7.2982,-1.3931,-9.4500,-21.4200,-33.4600,-0.3231,-0.7325,-1.1442,0
829367,-7.1450,-7.3700,-2.7407,-12.6000,-33.6700,-35.9100,-0.4309,-1.1513,-1.2279,0
829406,-6.1277,-6.1923,-2.0202,5.0400,-21.0700,-37.1700,0.1723,-0.7205,-1.2710,0
829445,-5.2852,-5.4072,-1.4242,11.4800,-8.4700,-22.1200,0.3926,-0.2896,-0.7564,0
829484,-6.5203,-5.9051,-1.4841,8.6100,3.0100,3.2200,0.2944,0.1029,0.1101,0
829523,-6.8171,-6.2426,-1.6037,9.1700,0.6300,2.2400,0.3136,0.0215,0.0766,0
829562,-7.8942,-6.8099,-1.9628,0.7000,1.1200,5.2500,0.0239,0.0383,0.1795,0
829601,-6.8865,-4.8543,-2.9681,-1.1900,-3.4300,0.5600,-0.0407,-0.1173,0.0191,0
829640,-6.2474,-5.5389,-2.6641,-0.3500,13.7900,22.6100,-0.0120,0.4715,0.7731,0
829679,-6.5155,-6.3384,-1.5247,8.9600,28.3500,36.2600,0.3064,0.9694,1.2399,0
829718,-8.4998,-7.1402,-1.4649,8.9600,21.3500,42.6300,0.3064,0.7301,1.4577,0
829757,-8.1168,-5.9578,-1.0867,9.2400,16.8000,22.4700,0.3160,0.5745,0.7684,0
829796,-7.7315,-5.9458,-1.2806,9.3800,10.0100,11.4800,0.3207,0.3423,0.3926,0
829835,-7.0421,-6.6160,-1.2519,16.0300,9.2400,11.8300,0.5481,0.3160,0.4045,0
829874,-7.4155,-6.7477,-0.7348,20.5100,13.7200,15.6800,0.7013,0.4692,0.5362,0
829913,-7.7626,-6.4317,-0.3567,23.4500,9.8000,18.9700,0.8019,0.3351,0.6487,0
829952,-8.0402,-6.6591,-0.8904,23.5900,3.8500,21.2100,0.8067,0.1317,0.7253,0
829991,-7.4562,-6.5203,-1.2351,21.0000,-1.2600,14.7000,0.7181,-0.0431,0.5027,0
830030,-7.2791,-5.7112,-0.5410,18.2000,5.4600,6.0200,0.6223,0.1867,0.2059,0
830069,-7.4825,-5.8788,-0.1125,12.3900,4.3400,9.5900,0.4237,0.1484,0.3279,0
830108,-7.2743,-5.5341,-0.2633,10.7800,2.1000,5.3900,0.3686,0.0718,0.1843,0
830147,-7.1426,-5.7376,-0.4141,7.3500,0.9100,2.8700,0.2513,0.0311,0.0981,0
830186,-7.6836,-6.1469,-0.2250,-4.8300,2.1700,7.0000,-0.1652,0.0742,0.2394,0
830225,-7.7315,-6.4916,-0.6104,-17.0100,-1.6100,-6.4400,-0.5817,-0.0551,-0.2202,0
830264,-7.0397,-6.0798,-1.8670,-23.8700,-8.8200,-14.7700,-0.8162,-0.3016,-0.5051,0
830303,-6.8482,-5.3019,-2.3386,-20.5800,-2.3100,-9.1000,-0.7037,-0.0790,-0.3112,0
830342,-7.5304,-5.3474,-1.4673,-8.6100,21.4900,11.2700,-0.2944,0.7348,0.3854,0
830381,-8.5716,-5.6634,-1.1130,-10.0100,31.6400,33.6700,-0.3423,1.0819,1.1513,0
830420,-8.0522,-5.1966,-0.4093,-11.8300,30.8000,26.1800,-0.4045,1.0532,0.8952,0
830459,-8.3418,-5.6993,-0.4787,-17.1500,7.8400,22.8200,-0.5864,0.2681,0.7803,0
830498,-7.2479,-5.5796,-0.8043,-9.8700,9.1000,7.0000,-0.3375,0.3112,0.2394,0
830537,-6.7309,-6.1349,-0.6056,-1.8200,12.6700,7.7700,-0.0622,0.4332,0.2657,0
830576,-7.2432,-7.7985,-2.4750,30.5200,22.3300,23.5200,1.0436,0.7636,0.8043,0
830615,-9.2993,-10.3238,-3.0615,42.4200,11.3400,12.5300,1.4505,0.3878,0.4285,0
830654,-6.7716,-7.2360,-1.0053,36.3300,17.9200,-42.5600,1.2423,0.6128,-1.4553,0
830693,-5.8189,-6.4173,-1.4888,25.2700,34.3000,-43.1900,0.8641,1.1729,-1.4769,0
830732,-7.7698,-6.6280,-4.3229,21.4200,38.2200,-21.4900,0.7325,1.3069,-0.7348,0
830771,-8.1910,-5.5700,-6.1852,10.0100,54.1100,21.0000,0.3423,1.8503,0.7181,0
830810,-7.1833,-4.0046,-6.4676,56.8400,66.4300,8.4000,1.9436,2.2716,0.2872,0
830849,-5.9003,-4.5527,-6.4341,87.7100,79.8000,12.0400,2.9992,2.7287,0.4117,0
830888,-6.0727,-4.6461,-7.0182,99.1200,104.7200,17.9900,3.3894,3.5809,0.6152,0
830927,-7.0253,-3.0112,-5.3163,90.9300,119.7000,37.2400,3.1093,4.0931,1.2734,0
830966,-8.2748,-3.9064,-2.9442,102.1300,113.8900,46.3400,3.4923,3.8945,1.5846,0
831005,-9.1341,-4.0046,-1.4194,89.8100,85.8900,40.6700,3.0710,2.9370,1.3907,0
831044,-9.0097,-3.9543,-1.7952,73.3600,60.6200,38.7800,2.5085,2.0729,1.3261,0
831083,-8.5549,-5.0841,-2.5995,60.0600,48.9300,27.1600,2.0537,1.6732,0.9287,0
831122,-8.1503,-4.6341,-2.7096,58.1000,37.1000,3.5700,1.9867,1.2686,0.1221,0
831161,-8.0642,-3.8585,-2.6737,46.2000,32.2700,3.4300,1.5798,1.1035,0.1173,0
831200,-8.4472,-4.6580,-2.5420,47.8100,18.6200,2.3100,1.6349,0.6367,0.0790,0
831239,-8.3538,-4.5766,-2.2548,51.6600,0.7700,-11.8300,1.7665,0.0263,-0.4045,0
831278,-7.7410,-4.3157,-1.9484,38.2200,-2.6600,-11.4100,1.3069,-0.0910,-0.3902,0
831317,-8.1312,-4.7538,-2.2189,30.8000,-8.8200,-9.1000,1.0532,-0.3016,-0.3112,0
831356,-8.4184,-5.9841,-2.1495,38.7800,-9.3100,-15.4000,1.3261,-0.3184,-0.5266,0
831395,-7.9038,-6.6471,-2.8963,47.8100,-12.3200,-29.0500,1.6349,-0.4213,-0.9934,0
831434,-8.6171,-6.2929,-2.6402,45.5000,-17.3600,-40.2500,1.5559,-0.5936,-1.3763,0
831473,-8.8589,-6.7501,-1.7904,35.1400,-15.5400,-31.5000,1.2016,-0.5314,-1.0771,0
831512,-8.0283,-5.8165,-0.3064,9.8000,-14.0700,-37.8000,0.3351,-0.4811,-1.2926,0
831551,-8.6865,-6.3288,-2.4032,-33.1100,-36.8900,-13.6500,-1.1322,-1.2614,-0.4668,0
831590,-6.5610,-5.2277,-5.4360,-85.2600,-65.4500,1.3300,-2.9155,-2.2381,0.0455,0
831629,-1.6995,-5.3211,-3.7963,-81.1300,-48.7900,42.2100,-2.7742,-1.6684,1.4434,0
831668,-3.0303,-6.0296,-1.9987,-86.9400,-28.2100,131.2500,-2.9729,-0.9646,4.4881,0
831707,-8.8804,-9.1605,-1.3763,-91.2800,-45.3600,119.9800,-3.1213,-1.5511,4.1027,0
831746,-12.0209,-8.3706,0.0981,-97.6500,-42.7700,24.6400,-3.3391,-1.4625,0.8426,0
831785,-9.5602,-3.9136,0.3447,-106.1900,-85.6800,-51.1700,-3.6312,-2.9298,-1.7498,0
831824,-9.3328,-3.1165,-0.8761,-128.6600,-129.9200,-35.0000,-4.3995,-4.4426,-1.1968,0
831863,-8.0785,-3.5785,-3.1979,-138.6700,-135.4500,-35.5600,-4.7418,-4.6317,-1.2160,0
831902,-6.7046,-4.9524,-4.5216,-126.2800,-109.9700,-43.5400,-4.3181,-3.7604,-1.4888,0
831941,-4.9381,-4.6413,-4.5144,-93.7300,-66.2900,-14.2800,-3.2051,-2.2668,-0.4883,0
831980,-6.6232,-3.7006,-4.0500,-71.8900,-23.8700,18.1300,-2.4583,-0.8162,0.6200,0
832019,-8.4663,-3.9447,-2.8891,-63.8400,-22.9600,19.1100,-2.1830,-0.7851,0.6535,0
832058,-9.1269,-4.3253,-2.5325,-58.9400,-25.5500,6.9300,-2.0154,-0.8737,0.2370,0
832097,-10.3190,-2.7096,-3.7484,-64.8900,-30.1700,16.7300,-2.2189,-1.0317,0.5721,0
832136,-9.7062,-1.9484,-2.3386,-66.2200,-6.3000,43.0500,-2.2644,-0.2154,1.4721,0
832175,-11.1807,-2.8197,-1.1035,-55.5800,-6.5100,12.9500,-1.9006,-0.2226,0.4428,0
832214,-14.5892,-7.8081,-9.3472,-33.6700,-62.2300,-22.6100,-1.1513,-2.1279,-0.7731,0
832253,-5.9697,-6.9057,-3.2290,-7.7700,-40.2500,-64.1200,-0.2657,-1.3763,-2.1926,0
832292,-5.5915,-9.2227,-2.7886,-19.4600,-25.3400,-30.9400,-0.6654,-0.8665,-1.0580,0
832331,-6.0727,-5.6681,-2.9059,-40.1800,-22.8200,-44.1700,-1.3739,-0.7803,-1.5104,0
832370,-6.4126,-3.5857,-3.9974,-29.4000,-10.9200,-101.2200,-1.0053,-0.3734,-3.4612,0
832409,-5.8931,-5.3354,-4.5120,-21.9100,3.5700,-34.7200,-0.7492,0.1221,-1.1872,0
832448,-5.6777,-4.7179,-3.5378,4.4100,8.7500,-37.3100,0.1508,0.2992,-1.2758,0
832487,-6.3551,-5.4838,-2.9250,32.5500,1.2600,-27.3000,1.1130,0.0431,-0.9335,0
832526,-7.7123,-5.8429,-2.6330,38.2900,3.8500,-31.8500,1.3093,0.1317,-1.0891,0
832565,-8.1097,-5.3139,-1.6995,12.0400,2.2400,-52.6400,0.4117,0.0766,-1.8000,0
832604,-7.8679,-6.8171,-0.5098,18.4800,-13.4400,-83.2300,0.6319,-0.4596,-2.8460,0
832643,-5.8022,-7.3557,-1.2016,58.4500,-38.1500,-139.3000,1.9987,-1.3045,-4.7633,0
832682,-5.3689,-6.6352,-4.0070,32.3400,-52.9200,-100.3100,1.1059,-1.8096,-3.4301,0
832721,-6.8147,-8.7990,-3.8202,0.5600,-19.3200,-24.0100,0.0191,-0.6606,-0.8210,0
832760,-7.9780,-8.9043,-2.6569,28.4200,7.6300,-14.9800,0.9718,0.2609,-0.5122,0
832799,-7.8727,-5.7782,-3.9351,50.8200,21.7000,-37.7300,1.7378,0.7420,-1.2902,0
832838,-5.4312,-6.4556,1.0963,32.8300,44.2400,61.4600,1.1226,1.5128,2.1016,0
832877,-5.6825,-9.3735,-1.1801,-65.7300,22.6100,124.7400,-2.2476,0.7731,4.2655,0
832916,-2.6952,-5.3354,-3.2194,-91.0700,6.5800,67.0600,-3.1141,0.2250,2.2931,0
832955,-4.8064,-7.7865,-2.9825,-96.1100,11.6200,170.2400,-3.2865,0.3973,5.8213,0
832994,-11.9754,-11.6115,-2.7359,-89.0400,-8.8900,217.2800,-3.0447,-0.3040,7.4299,0
833033,-9.3256,-7.3341,-0.4428,-55.0900,-6.5800,75.9500,-1.8838,-0.2250,2.5971,0
833072,-8.2987,-4.0931,-0.7875,-54.1100,-52.5700,-4.8300,-1.8503,-1.7976,-0.1652,0
833111,-8.7751,-3.7125,-1.4194,-55.8600,-70.9800,-18.8300,-1.9101,-2.4272,-0.6439,0
833150,-7.2288,-3.3702,-1.5032,-62.8600,-83.5800,-22.4000,-2.1495,-2.8580,-0.7660,0
833189,-6.1181,-2.3912,-1.7450,-61.9500,-54.3900,-29.6100,-2.1184,-1.8599,-1.0125,0
833228,-6.5155,-3.1835,-2.5516,-74.7600,-33.8800,-17.8500,-2.5564,-1.1585,-0.6104,0
833267,-7.3772,-2.4774,-3.2984,-85.0500,-6.6500,-5.8100,-2.9083,-0.2274,-0.1987,0
833306,-8.7033,-4.7801,-3.3367,-65.0300,-12.0400,-8.5400,-2.2237,-0.4117,-0.2920,0
833345,-9.7158,-5.5054,-4.1506,-29.5400,-24.5700,-10.6400,-1.0101,-0.8402,-0.3638,0
833384,-9.3256,-2.2883,-1.6875,-55.0200,-13.3700,36.7500,-1.8814,-0.4572,1.2567,0
833423,-11.9754,-8.0307,1.6420,-100.9400,-49.3500,46.9700,-3.4516,-1.6875,1.6061,0
833462,-13.8927,-5.9171,-10.7929,-35.4900,-91.0000,-4.9000,-1.2136,-3.1117,-0.1676,0
833501,-5.5437,-6.0511,-4.0572,26.9500,-46.4800,-60.2700,0.9216,-1.5894,-2.0609,0
833540,-6.8721,-8.7416,-2.4631,4.1300,-23.3800,-50.5400,0.1412,-0.7995,-1.7282,0
833579,-7.1187,-5.9482,-3.9687,-23.8700,-18.5500,-94.3600,-0.8162,-0.6343,-3.2266,0
833618,-5.5652,-2.7120,-4.4234,-36.2600,1.0500,-99.8200,-1.2399,0.0359,-3.4133,0
833657,-5.1655,-4.6963,-3.8633,-29.1900,18.2700,-51.3800,-0.9981,0.6247,-1.7569,0
833696,-5.6370,-3.3487,-2.9442,-16.1700,22.0500,-54.6700,-0.5529,0.7540,-1.8694,0
833735,-7.1522,-5.3594,-1.6660,14.6300,-4.0600,-24.4300,0.5003,-0.1388,-0.8354,0
833774,-8.1934,-5.1774,-1.0604,18.7600,-14.6300,-49.0000,0.6415,-0.5003,-1.6755,0
833813,-7.8392,-5.4575,-1.3045,-15.3300,-29.8200,-59.3600,-0.5242,-1.0197,-2.0298,0
833852,-6.8721,-6.4078,-1.4266,-13.7200,-32.6200,-66.0800,-0.4692,-1.1154,-2.2596,0
833891,-6.8434,-8.2269,-2.2955,45.1500,-60.6900,-118.0200,1.5439,-2.0753,-4.0357,0
833930,-6.2115,-8.2485,-5.4982,76.7200,-76.0900,-151.2000,2.6234,-2.6019,-5.1703,0
833969,-7.7219,-5.8189,-6.2402,46.1300,-2.0300,-49.1400,1.5774,-0.0694,-1.6803,0
834008,-8.3514,-5.9099,-1.6995,41.7900,34.7200,-25.1300,1.4290,1.1872,-0.8593,0
834047,-6.7046,-6.5131,-0.8880,-6.6500,42.6300,10.6400,-0.2274,1.4577,0.3638,0
834086,-4.4163,-10.9581,0.3902,-24.8500,18.9700,40.0400,-0.8497,0.6487,1.3692,0
834125,-4.6054,-10.1706,-2.3362,-117.2500,-24.9200,84.2800,-4.0093,-0.8521,2.8819,0
834164,-2.3290,-7.4179,-4.3181,-136.6400,-20.8600,140.7700,-4.6724,-0.7133,4.8136,0
834203,-6.7692,-12.1238,-4.2798,-72.2400,-6.5100,182.5600,-2.4702,-0.2226,6.2426,0
834242,-8.1312,-9.3783,-1.2950,-27.3700,33.3900,108.5000,-0.9359,1.1418,3.7101,0
834281,-8.0761,-6.1756,-1.0700,-7.6300,-1.4700,34.7200,-0.2609,-0.0503,1.1872,0
834320,-7.1546,-4.7083,-1.3285,16.8700,-35.2800,-10.2200,0.5769,-1.2064,-0.3495,0
834359,-6.8937,-3.4277,-1.0819,-13.8600,-45.9900,16.4500,-0.4739,-1.5726,0.5625,0
834398,-6.6232,-2.1208,-1.0149,-21.3500,-32.9000,3.2900,-0.7301,-1.1250,0.1125,0
834437,-4.7681,-1.8431,-1.4625,-24.7800,-26.5300,-15.4700,-0.8473,-0.9072,-0.5290,0
834476,-5.8740,-1.9939,-1.4912,-52.5000,-5.0400,-1.6800,-1.7952,-0.1723,-0.0574,0
834515,-8.6051,-4.6628,-2.5205,-59.4300,5.1800,7.5600,-2.0322,0.1771,0.2585,0
834554,-9.8929,-6.4485,-3.1093,-42.0700,11.6200,-10.0100,-1.4386,0.3973,-0.3423,0
834593,-9.5123,-4.2415,-3.5809,-49.6300,-3.1500,53.4100,-1.6971,-0.1077,1.8263,0
834632,-11.7288,-9.9839,-0.6559,-53.5500,-27.3000,40.3900,-1.8311,-0.9335,1.3811,0
834671,-13.5217,-10.9868,-9.8355,38.5700,-45.7800,3.7800,1.3189,-1.5654,0.1293,0
834710,-2.3482,-5.7639,-0.7540,76.0900,0.8400,-39.9000,2.6019,0.0287,-1.3644,0
834749,-7.4323,-7.2815,-1.6109,48.0900,38.9900,-50.4700,1.6444,1.3333,-1.7258,0
834788,-6.3503,-4.6867,-3.2984,14.5600,19.7400,-86.5900,0.4979,0.6750,-2.9609,0
834827,-5.0458,-5.8596,-5.5437,-3.2900,12.9500,-43.6100,-0.1125,0.4428,-1.4912,0
834866,-3.8968,-6.3479,-5.5389,40.6700,40.8800,-21.9800,1.3907,1.3979,-0.7516,0
834905,-3.2338,-5.6370,-5.9602,64.4700,75.0400,-14.5600,2.2045,2.5660,-0.4979,0
834944,-5.9290,-5.2852,-5.6227,92.7500,101.5000,7.7700,3.1716,3.4708,0.2657,0
834983,-6.7166,-6.3527,-4.6125,115.5700,107.8000,4.2700,3.9519,3.6862,0.1460,0
835022,-6.7572,-5.3402,-2.9274,118.7900,97.5100,-9.9400,4.0620,3.3343,-0.3399,0
835061,-8.3394,-6.3048,-1.9771,95.8300,85.0500,6.0200,3.2769,2.9083,0.2059,0
835100,-8.5860,-5.7471,-0.6223,81.8300,77.7000,-1.0500,2.7982,2.6569,-0.0359,0
835139,-7.6022,-6.8506,0.2824,89.1100,51.5900,-12.2500,3.0471,1.7641,-0.4189,0
835178,-7.5088,-8.4663,-0.8306,79.2400,28.4200,-19.2500,2.7096,0.9718,-0.6583,0
835217,-7.4059,-7.1426,-2.5229,68.8800,33.5300,-41.5100,2.3553,1.1466,-1.4194,0
835256,-6.2665,-4.5312,-3.4181,62.5800,54.6000,-17.5000,2.1399,1.8670,-0.5984,0
835295,-4.6269,-8.0163,0.9239,81.4800,84.6300,62.7900,2.7862,2.8939,2.1471,0
835334,-7.3245,-9.7134,-3.9304,-0.2100,60.9000,141.8900,-0.0072,2.0825,4.8519,0
835373,-3.3343,-5.5891,-4.9046,0.0700,58.9400,70.7700,0.0024,2.0154,2.4200,0
835412,-8.6147,-9.6536,-4.2056,-21.4900,28.4900,220.9900,-0.7348,0.9742,7.5567,0
835451,-8.9690,-9.0432,-0.4404,48.7900,55.3700,117.3900,1.6684,1.8934,4.0141,0
835490,-7.2886,-6.4054,-0.5888,37.0300,33.6700,39.3400,1.2662,1.1513,1.3452,0
835529,-7.6716,-3.8657,-0.8785,37.7300,-3.3600,30.8000,1.2902,-0.1149,1.0532,0
835568,-6.4437,-3.1979,-0.8043,39.9700,-14.8400,9.4500,1.3668,-0.5075,0.3231,0
835607,-6.7285,-2.3817,-0.3614,22.0500,-7.1400,7.7000,0.7540,-0.2442,0.2633,0
835646,-7.4610,-3.1788,-0.0670,5.5300,24.8500,4.3400,0.1891,0.8497,0.1484,0
835685,-8.6817,-4.3899,-0.0215,-21.8400,38.3600,7.0700,-0.7468,1.3117,0.2418,0
835724,-10.2855,-5.4144,-1.1801,-16.1700,23.8000,-0.1400,-0.5529,0.8138,-0.0048,0
835763,-10.5583,-4.4929,-1.3045,-17.2900,2.6600,13.0200,-0.5912,0.0910,0.4452,0
835802,-11.1089,-2.7287,0.5984,-56.8400,-14.0000,31.5700,-1.9436,-0.4787,1.0795,0
835841,-15.0249,-9.1892,-10.1754,-13.3000,-51.0300,75.3200,-0.4548,-1.7450,2.5756,0
835880,-6.0439,-3.4660,-2.7982,27.2300,-11.4800,-19.7400,0.9311,-0.3926,-0.6750,0
835919,-6.4461,-7.0158,-2.2716,19.6000,7.2800,-56.0700,0.6702,0.2489,-1.9173,0
835958,-7.6405,-5.8118,-4.1410,-12.9500,-2.5900,-76.3700,-0.4428,-0.0886,-2.6115,0
835997,-5.5724,-4.8495,-4.3181,-6.5800,-16.5900,-62.1600,-0.2250,-0.5673,-2.1256,0
836036,-4.9046,-4.5575,-4.8447,1.0500,-0.0700,-37.5900,0.0359,-0.0024,-1.2854,0
836075,-5.3761,-5.0865,-4.7897,11.4100,28.4900,-14.8400,0.3902,0.9742,-0.5075,0
836114,-6.6519,-5.3785,-4.0740,36.5400,31.7800,-7.7000,1.2495,1.0867,-0.2633,0
836153,-7.6381,-5.5580,-2.6569,64.0500,29.6100,-29.4000,2.1902,1.0125,-1.0053,0
836192,-7.4227,-4.8256,-1.3045,57.4000,15.5400,-47.7400,1.9628,0.5314,-1.6325,0
836231,-7.8823,-5.1774,-1.2734,45.9200,5.0400,-54.1800,1.5702,0.1723,-1.8527,0
836270,-7.4155,-7.6118,-2.3482,69.5800,-1.8200,-82.7400,2.3793,-0.0622,-2.8293,0
836309,-6.5011,-6.9104,-2.5157,62.3000,-12.7400,-93.7300,2.1303,-0.4356,-3.2051,0
836348,-6.2019,-6.7166,-1.5200,31.7100,-11.2000,-51.1000,1.0843,-0.3830,-1.7474,0
836387,-6.6591,-8.8972,-2.7455,37.3800,8.5400,-18.3400,1.2782,0.2920,-0.6271,0
836426,-6.0535,-5.2516,-5.4048,57.7500,20.9300,-45.1500,1.9748,0.7157,-1.5439,0
836465,-6.0463,-6.3072,-1.0101,60.4800,57.1200,46.2000,2.0681,1.9532,1.5798,0
836504,-8.6243,-9.8690,-0.2346,-24.7800,57.7500,127.6100,-0.8473,1.9748,4.3636,0
836543,-6.0822,-8.4615,-2.4128,-63.0700,30.6600,86.5900,-2.1567,1.0484,2.9609,0
836582,-2.0896,-3.8202,-1.7378,-58.8000,7.0000,43.7500,-2.0107,0.2394,1.4960,0
836621,-6.4078,-9.8187,-1.6301,-91.4900,15.6100,205.8700,-3.1285,0.5338,7.0397,0
836660,-9.6942,-8.6913,-1.4673,-45.3600,-10.6400,106.1900,-1.5511,-0.3638,3.6312,0
836699,-8.3634,-5.0865,-0.8019,-22.4000,-11.2700,22.4700,-0.7660,-0.3854,0.7684,0
836738,-8.3370,-4.7322,-1.0053,-38.5000,-38.6400,8.6100,-1.3165,-1.3213,0.2944,0
836777,-8.1240,-4.2918,-1.6396,-44.5900,-50.9600,-2.5900,-1.5247,-1.7426,-0.0886,0
836816,-6.8626,-3.5282,-2.0131,-43.1900,-34.5100,-19.6700,-1.4769,-1.1801,-0.6726,0
836855,-6.6400,-3.4253,-1.9532,-47.8800,-15.5400,-14.1400,-1.6372,-0.5314,-0.4835,0
836894,-8.1815,-3.4421,-1.7402,-68.1800,-10.9900,-7.2800,-2.3314,-0.3758,-0.2489,0
836933,-8.6865,-3.7724,-2.3075,-72.3100,-8.4700,-10.1500,-2.4726,-0.2896,-0.3471,0
836972,-8.2581,-5.1320,-2.5301,-60.4100,-5.3200,-6.5100,-2.0657,-0.1819,-0.2226,0
837011,-8.3634,-5.0889,-2.8173,-71.6800,-26.6000,-0.0700,-2.4511,-0.9096,-0.0024,0
837050,-8.8589,-4.0524,-2.0059,-85.1200,-20.2300,11.4800,-2.9107,-0.6918,0.3926,0
837089,-9.0599,-5.9314,-0.3758,-88.8300,-32.8300,9.5200,-3.0375,-1.1226,0.3255,0
837128,-10.2184,-1.3333,-4.1195,-101.5700,-47.6700,10.2900,-3.4732,-1.6301,0.3519,0
837167,-15.4725,-9.5913,-11.0610,-72.1000,-55.4400,48.3700,-2.4654,-1.8958,1.6540,0
837206,-6.3264,-4.9405,-4.6245,-14.3500,-42.4900,-33.2500,-0.4907,-1.4529,-1.1370,0
837245,-6.4461,-5.4168,-1.7234,-8.3300,-25.2000,-53.3400,-0.2848,-0.8617,-1.8240,0
837284,-8.6698,-6.3575,-5.1080,-58.8700,-2.2400,-84.9100,-2.0131,-0.0766,-2.9035,0
837323,-7.2862,-4.0740,-5.1391,-68.5300,-22.6100,-105.4900,-2.3434,-0.7731,-3.6072,0
837362,-5.6059,-3.6407,-5.0506,-65.7300,-20.9300,-63.9800,-2.2476,-0.7157,-2.1878,0
837401,-4.8782,-3.9902,-5.7136,-29.0500,-9.3100,-42.6300,-0.9934,-0.3184,-1.4577,0
837440,-5.4982,-4.6389,-4.5934,-7.1400,18.3400,-10.7100,-0.2442,0.6271,-0.3662,0
837479,-9.6272,-5.7543,-2.5229,-15.1200,17.2900,-12.8800,-0.5170,0.5912,-0.4404,0
837518,-10.6278,-4.2631,-1.4314,-29.0500,-11.2000,-59.9900,-0.9934,-0.3830,-2.0513,0
837557,-8.2293,-4.2391,-2.0083,-56.9100,-70.9100,-71.8900,-1.9460,-2.4248,-2.4583,0
837596,-6.0918,-5.8907,-5.4599,-64.2600,-101.5700,-74.7600,-2.1974,-3.4732,-2.5564,0
837635,-5.7256,-6.4652,-8.7871,-49.8400,-78.7500,-51.5200,-1.7043,-2.6928,-1.7617,0
837674,-3.6431,-5.9937,-6.7860,-14.2800,-49.5600,-43.8900,-0.4883,-1.6947,-1.5008,0
837713,-3.3942,-6.1564,-3.6503,-0.4200,2.4500,6.8600,-0.0144,0.0838,0.2346,0
837752,-8.8804,-7.7147,-5.3258,-21.9800,6.9300,0.0000,-0.7516,0.2370,0.0000,0
837791,-7.1019,-4.6030,-4.1697,-11.9700,21.9100,-19.9500,-0.4093,0.7492,-0.6822,0
837830,-7.2360,-6.6639,-3.6982,6.7200,13.7200,-3.0100,0.2298,0.4692,-0.1029,0
837869,-6.6519,-5.4312,-3.0806,14.6300,11.4100,-3.9900,0.5003,0.3902,-0.1364,0
837908,-7.8799,-5.7519,-3.0303,14.0700,11.6200,-4.4800,0.4811,0.3973,-0.1532,0
837947,-7.2096,-5.4647,-3.5139,7.7700,4.2700,-16.3100,0.2657,0.1460,-0.5577,0
837986,-6.5658,-5.2014,-3.3272,3.7100,4.2700,-10.7100,0.1269,0.1460,-0.3662,0
838025,-7.1378,-5.6179,-3.1979,11.3400,13.9300,2.1000,0.3878,0.4763,0.0718,0
838064,-7.2144,-5.4360,-2.4152,7.7700,8.6800,9.9400,0.2657,0.2968,0.3399,0
838103,-7.6309,-5.5269,-2.6857,-0.8400,3.4300,7.0000,-0.0287,0.1173,0.2394,0
838142,-7.7434,-6.2306,-3.3702,-7.4200,-7.0700,-5.6700,-0.2537,-0.2418,-0.1939,0
838181,-6.7884,-6.2665,-3.6120,-6.6500,-10.6400,-9.1700,-0.2274,-0.3638,-0.3136,0
838220,-6.4628,-6.0703,-3.8873,-3.3600,-2.1700,-6.4400,-0.1149,-0.0742,-0.2202,0
838259,-6.5634,-6.3264,-3.8633,-1.0500,2.9400,0.6300,-0.0359,0.1005,0.0215,0
838298,-6.7118,-6.1445,-3.3272,3.5700,6.0200,-2.0300,0.1221,0.2059,-0.0694,0
838337,-6.7309,-5.9171,-3.2865,1.0500,3.0800,0.7000,0.0359,0.1053,0.0239,0
838376,-6.8937,-6.0487,-3.3008,1.0500,0.2800,-0.5600,0.0359,0.0096,-0.0191,0
838415,-7.0397,-6.3934,-3.4373,-3.6400,-2.2400,-2.1000,-0.1245,-0.0766,-0.0718,0
838454,-6.6112,-6.4892,-3.5737,-2.5900,-2.2400,-3.1500,-0.0886,-0.0766,-0.1077,0
838493,-6.4533,-6.2402,-3.5761,-0.4900,-0.0700,-2.5200,-0.0168,-0.0024,-0.0862,0
838532,-6.7237,-6.3192,-3.4971,-0.4900,1.4700,-0.4900,-0.0168,0.0503,-0.0168,0
838571,-6.6711,-6.1780,-3.4947,-1.6800,1.1900,-2.3800,-0.0574,0.0407,-0.0814,0
838610,-6.5610,-6.3551,-3.2960,-0.8400,-0.2800,-2.5900,-0.0287,-0.0096,-0.0886,0
838649,-6.6639,-6.4413,-3.4827,-3.4300,-1.8200,-2.6600,-0.1173,-0.0622,-0.0910,0
838688,-6.5370,-6.3072,-3.4899,-0.2100,-1.2600,-2.7300,-0.0072,-0.0431,-0.0934,0
