timestamp_ms,waist_x,waist_y,waist_z,waist_gx,waist_gy,waist_gz,thigh_x,thigh_y,thigh_z,event_flag
318,-3.4708,-8.8445,-2.3123,-0.5600,0.0700,0.2800,-0.0191,0.0024,0.0096,0
357,-3.5593,-8.8062,-2.2045,-0.4200,-0.5600,0.2100,-0.0144,-0.0191,0.0072,0
41424,6.6639,-7.1546,0.3830,-12.0400,8.3300,-0.0700,-0.4117,0.2848,-0.0024,0
41463,6.6112,-6.9966,-0.4931,-6.0900,10.0100,-1.2600,-0.2082,0.3423,-0.0431,0
41502,6.3360,-6.7908,-0.0742,-9.1000,7.7700,-2.4500,-0.3112,0.2657,-0.0838,0
41541,6.0775,-6.9416,-0.0191,-10.7100,4.1300,-4.3400,-0.3662,0.1412,-0.1484,0
41580,6.3431,-7.2623,0.2394,-7.0700,1.8900,-1.7500,-0.2418,0.0646,-0.0598,0
41619,6.8434,-7.2671,0.1388,-4.0600,1.2600,1.6100,-0.1388,0.0431,0.0551,0
41658,7.1977,-7.2240,-0.0527,0.2800,-3.3600,4.3400,0.0096,-0.1149,0.1484,0
41697,7.3868,-7.4658,-0.3447,-3.9200,-2.7300,9.8000,-0.1340,-0.0934,0.3351,0
41736,7.3868,-8.0019,-0.0431,-4.9700,1.1900,10.1500,-0.1699,0.0407,0.3471,0
41775,7.1737,-7.7195,0.3016,-9.8700,8.2600,4.6200,-0.3375,0.2824,0.1580,0
41814,6.9918,-7.4586,-0.0407,-7.7000,7.5600,-1.2600,-0.2633,0.2585,-0.0431,0
41853,6.4892,-7.4753,-0.1843,-9.1700,7.6300,-2.8000,-0.3136,0.2609,-0.0957,0
41892,6.0966,-7.4586,0.0694,-9.4500,7.4200,-4.4100,-0.3231,0.2537,-0.1508,0
41931,6.3814,-7.0588,0.0766,6.3000,7.0000,-8.0500,0.2154,0.2394,-0.2753,0
41970,6.3934,-7.0947,0.0934,10.8500,5.3900,-11.8300,0.3710,0.1843,-0.4045,0
42009,6.6352,-7.3652,0.4237,15.0500,2.8700,-10.6400,0.5146,0.0981,-0.3638,0
42048,6.6926,-7.0588,0.5051,24.3600,-2.1700,-13.5100,0.8330,-0.0742,-0.4620,0
42087,7.0014,-6.4652,0.1891,28.4900,-5.2500,-14.1400,0.9742,-0.1795,-0.4835,0
42126,7.3509,-6.5346,0.3207,18.9700,-7.4200,-9.5200,0.6487,-0.2537,-0.3255,0
42165,7.5376,-6.8291,0.4309,9.0300,-6.1600,-5.4600,0.3088,-0.2106,-0.1867,0
42204,7.4299,-6.9487,0.4021,9.2400,-1.8900,-7.1400,0.3160,-0.0646,-0.2442,0
42243,7.2479,-6.7620,0.4811,14.8400,-2.0300,-11.0600,0.5075,-0.0694,-0.3782,0
42282,7.2791,-6.4628,0.5984,14.5600,-2.8700,-13.7900,0.4979,-0.0981,-0.4715,0
42321,7.2025,-6.2450,0.4548,14.1400,-7.0700,-11.0600,0.4835,-0.2418,-0.3782,0
42360,7.4346,-6.5705,0.5242,12.3200,-6.0900,-5.1800,0.4213,-0.2082,-0.1771,0
42399,7.5184,-6.3240,0.5817,10.7800,-2.4500,-7.4900,0.3686,-0.0838,-0.2561,0
42438,7.4275,-6.1373,0.4955,9.6600,-6.3700,-7.9100,0.3303,-0.2178,-0.2705,0
42477,7.5065,-6.2354,0.5936,5.3900,-7.4200,-5.2500,0.1843,-0.2537,-0.1795,0
42516,7.4131,-6.3312,0.5266,4.4800,-6.5100,-2.1000,0.1532,-0.2226,-0.0718,0
42555,7.5160,-6.5179,0.3782,3.7100,-8.4000,0.6300,0.1269,-0.2872,0.0215,0
42594,7.6525,-6.4485,0.3758,6.1600,-4.8300,0.7700,0.2106,-0.1652,0.0263,0
42633,7.4945,-6.2163,0.3854,8.9600,-2.7300,-0.0700,0.3064,-0.0934,-0.0024,0
42672,7.3078,-6.0822,0.4285,7.8400,-1.8900,-1.8200,0.2681,-0.0646,-0.0622,0
42711,7.6142,-6.1636,0.3878,3.4300,-2.3100,-0.0700,0.1173,-0.0790,-0.0024,0
42750,7.5448,-6.1995,0.3567,0.8400,0.1400,0.5600,0.0287,0.0048,0.0191,0
42789,7.7003,-6.1660,0.4045,-3.4300,-5.0400,4.4800,-0.1173,-0.1723,0.1532,0
42828,7.8942,-6.6878,0.4404,-10.6400,-3.5700,5.2500,-0.3638,-0.1221,0.1795,0
42867,7.9397,-6.8482,0.5003,-11.2000,-1.2600,4.6900,-0.3830,-0.0431,0.1604,0
42906,8.0019,-6.9176,0.4644,-5.7400,-0.6300,2.7300,-0.1963,-0.0215,0.0934,0
42945,7.8751,-6.7213,0.5027,-0.5600,2.1700,-0.7700,-0.0191,0.0742,-0.0263,0
42984,7.5783,-6.2235,0.5434,2.5200,4.8300,-3.8500,0.0862,0.1652,-0.1317,0
43023,7.4562,-5.8860,0.5649,0.8400,5.9500,-3.2900,0.0287,0.2035,-0.1125,0
43062,7.1498,-5.8501,0.5290,-0.9100,4.1300,0.0700,-0.0311,0.1412,0.0024,0
43101,7.2432,-6.4389,0.6822,-4.3400,3.2900,2.3800,-0.1484,0.1125,0.0814,0
43140,7.4418,-6.5634,0.5338,0.4900,-2.1700,2.0300,0.0168,-0.0742,0.0694,0
43179,7.7315,-6.7333,0.3567,1.6100,-0.9100,0.4900,0.0551,-0.0311,0.0168,0
43218,7.6549,-6.5681,0.3423,-0.1400,3.2900,0.9800,-0.0048,0.1125,0.0335,0
43257,7.5663,-6.7285,0.6080,-1.1200,5.6700,2.2400,-0.0383,0.1939,0.0766,0
43296,7.2455,-6.7094,0.5817,4.4800,4.2700,1.8200,0.1532,0.1460,0.0622,0
43335,6.9942,-6.4580,0.5338,6.5100,2.3100,-0.1400,0.2226,0.0790,-0.0048,0
43374,7.3844,-6.1397,0.4979,5.1800,-6.0900,-1.6100,0.1771,-0.2082,-0.0551,0
43413,7.7674,-5.9697,0.4763,7.2800,-8.5400,-1.4700,0.2489,-0.2920,-0.0503,0
43452,7.5567,-6.2067,0.4380,-5.7400,-3.2900,0.8400,-0.1963,-0.1125,0.0287,0
43491,7.3604,-6.6687,0.4644,-14.1400,0.9100,-0.8400,-0.4835,0.0311,-0.0287,0
43530,7.5352,-6.8769,0.6654,-17.2200,0.9100,-1.3300,-0.5888,0.0311,-0.0455,0
43569,7.5328,-6.6088,0.4237,-11.2700,6.5800,-1.7500,-0.3854,0.2250,-0.0598,0
43608,7.5567,-6.3958,0.3567,-5.5300,5.1100,-0.9100,-0.1891,0.1747,-0.0311,0
43647,7.4682,-6.3312,0.4955,-10.6400,7.0000,-0.7000,-0.3638,0.2394,-0.0239,0
43686,7.4035,-6.3096,0.6367,-13.0200,6.0200,0.0000,-0.4452,0.2059,0.0000,0
43725,7.7674,-6.4150,0.4787,-13.3000,1.2600,2.4500,-0.4548,0.0431,0.0838,0
43764,8.0019,-6.5921,0.0862,-14.4900,0.0700,4.4800,-0.4955,0.0024,0.1532,0
43803,7.7650,-6.4509,0.0790,-19.1100,8.6100,2.2400,-0.6535,0.2944,0.0766,0
43842,7.1881,-6.8171,0.3279,-20.2300,14.0000,2.1700,-0.6918,0.4787,0.0742,0
43881,7.4706,-6.7596,0.3064,-12.3900,8.0500,2.6600,-0.4237,0.2753,0.0910,0
43920,7.5136,-6.6447,0.3279,-11.2000,12.8800,-0.2100,-0.3830,0.4404,-0.0072,0
43959,7.3533,-6.5753,0.3064,-6.7200,15.9600,-2.5900,-0.2298,0.5457,-0.0886,0
43998,7.0588,-6.6232,0.5290,-4.6200,11.4100,-3.9900,-0.1580,0.3902,-0.1364,0
44037,7.2432,-6.5227,0.3184,0.1400,-0.4200,-3.0100,0.0048,-0.0144,-0.1029,0
44076,7.2934,-6.5442,0.2561,2.3100,-2.5900,-0.7700,0.0790,-0.0886,-0.0263,0
44115,7.3820,-6.5849,0.3303,10.7100,-9.7300,0.2100,0.3662,-0.3327,0.0072,0
44154,7.4969,-6.4963,0.4141,11.6200,-12.7400,-2.7300,0.3973,-0.4356,-0.0934,0
44193,7.6596,-6.5322,0.4380,12.8800,-13.6500,-1.8900,0.4404,-0.4668,-0.0646,0
44232,7.9182,-6.2450,0.4548,14.0700,-15.6100,1.6100,0.4811,-0.5338,0.0551,0
44271,7.7745,-6.9152,0.5577,8.9600,-10.2900,2.8000,0.3064,-0.3519,0.0957,0
44310,7.6596,-7.3365,0.6080,9.8000,-3.6400,-1.2600,0.3351,-0.1245,-0.0431,0
44349,7.6166,-7.3580,0.8258,11.9700,5.3200,-3.2200,0.4093,0.1819,-0.1101,0
44388,7.4945,-6.6759,0.7444,27.0200,7.0000,-3.6400,0.9239,0.2394,-0.1245,0
44427,6.6902,-5.3641,0.4428,34.8600,3.5700,-3.8500,1.1920,0.1221,-0.1317,0
44466,7.0780,-5.0745,0.5266,32.1300,-5.8800,1.6800,1.0987,-0.2011,0.0574,0
44505,7.7985,-5.2086,-0.0527,18.2000,-7.3500,5.1800,0.6223,-0.2513,0.1771,0
44544,7.8894,-5.6945,0.1556,1.8200,-0.4200,1.4700,0.0622,-0.0144,0.0503,0
44583,7.7698,-6.4365,0.7181,-20.3700,9.3100,1.8200,-0.6965,0.3184,0.0622,0
44622,7.7458,-6.5322,1.0604,-16.2400,5.3900,1.7500,-0.5553,0.1843,0.0598,0
44661,7.6956,-7.0421,1.0388,-5.8800,-1.1200,0.9800,-0.2011,-0.0383,0.0335,0
44700,7.5519,-7.6453,0.5817,4.4100,-8.0500,0.7700,0.1508,-0.2753,0.0263,0
44739,7.2264,-7.3916,0.3710,10.0100,-8.0500,-3.3600,0.3423,-0.2753,-0.1149,0
44778,7.3892,-6.4197,0.4045,17.3600,-6.1600,-4.7600,0.5936,-0.2106,-0.1628,0
44817,7.6932,-5.7184,0.7923,16.3800,-3.3600,-4.9000,0.5601,-0.1149,-0.1676,0
44856,7.5663,-5.1032,0.9359,4.6200,-1.4000,-7.0700,0.1580,-0.0479,-0.2418,0
44895,7.5424,-5.1631,1.0005,-11.0600,1.8900,-2.3800,-0.3782,0.0646,-0.0814,0
44934,7.7243,-5.6035,0.8497,-15.7500,0.9100,6.6500,-0.5386,0.0311,0.2274,0
44973,7.6070,-6.4676,0.9192,-19.7400,4.5500,8.9600,-0.6750,0.1556,0.3064,0
45012,7.4945,-7.2312,0.7588,-4.9700,3.1500,3.6400,-0.1699,0.1077,0.1245,0
45051,7.3317,-6.7932,0.7085,2.3100,0.7000,0.4200,0.0790,0.0239,0.0144,0
45090,7.5711,-6.7022,0.6319,5.1100,-0.9800,-0.5600,0.1747,-0.0335,-0.0191,0
45129,7.6429,-6.4293,0.7875,0.9800,1.9600,-3.8500,0.0335,0.0670,-0.1317,0
45168,7.5687,-6.0822,0.8689,-2.8000,6.1600,-7.6300,-0.0957,0.2106,-0.2609,0
45207,7.6046,-5.5580,0.5075,-1.8200,1.2600,-8.4000,-0.0622,0.0431,-0.2872,0
45246,8.0091,-5.0985,0.8426,-10.1500,-3.2200,-7.0700,-0.3471,-0.1101,-0.2418,0
45285,8.2652,-4.8375,0.5362,-26.3900,4.2000,0.0000,-0.9024,0.1436,0.0000,0
45324,8.6889,-5.2229,0.0718,-26.3900,1.5400,11.4100,-0.9024,0.0527,0.3902,0
45363,8.4376,-5.6801,0.0598,-42.2100,0.8400,16.3100,-1.4434,0.0287,0.5577,0
45402,8.0905,-6.2043,-0.0814,-42.9100,6.8600,17.7800,-1.4673,0.2346,0.6080,0
45441,7.9493,-6.5418,0.3207,-33.4600,11.4800,12.2500,-1.1442,0.3926,0.4189,0
45480,8.0378,-6.9009,-0.4141,-20.5800,14.9100,4.5500,-0.7037,0.5098,0.1556,0
45519,7.6333,-6.9583,-0.5242,-11.7600,23.4500,0.4900,-0.4021,0.8019,0.0168,0
45558,7.1881,-6.8482,0.1460,-8.6800,23.8000,-0.0700,-0.2968,0.8138,-0.0024,0
45597,7.1929,-6.4676,0.4668,-8.4700,26.3200,1.8200,-0.2896,0.9000,0.0622,0
45636,7.5687,-5.9338,0.7923,-7.6300,25.8300,8.8900,-0.2609,0.8833,0.3040,0
45675,7.6692,-6.8626,0.1149,-2.3800,17.4300,19.0400,-0.0814,0.5960,0.6511,0
45714,6.7166,-7.6908,0.2011,-3.5700,31.9200,29.8200,-0.1221,1.0915,1.0197,0
45753,4.6676,-7.5567,0.2609,3.5000,16.7300,35.7700,0.1197,0.5721,1.2232,0
45792,5.6777,-6.9320,1.7330,-13.4400,-12.0400,60.0600,-0.4596,-0.4117,2.0537,0
45831,6.6926,-6.8123,0.1484,-6.5100,-12.5300,77.4900,-0.2226,-0.4285,2.6498,0
45870,4.2583,-8.1695,-0.9551,38.8500,-0.3500,92.1900,1.3285,-0.0120,3.1524,0
45909,3.4875,-9.9719,0.7564,28.3500,20.0900,66.2900,0.9694,0.6870,2.2668,0
45948,4.1625,-9.8283,1.3716,39.4100,31.2200,44.8000,1.3476,1.0676,1.5319,0
45987,4.7873,-9.5985,0.7755,37.3800,31.7100,24.1500,1.2782,1.0843,0.8258,0
46026,4.1266,-9.5291,0.9383,15.8900,35.4200,3.2900,0.5434,1.2112,0.1125,0
46065,2.9418,-10.0198,1.4697,-8.4000,28.4200,-8.3300,-0.2872,0.9718,-0.2848,0
46104,1.2423,-9.7996,1.3237,-24.9900,8.8200,-11.8300,-0.8545,0.3016,-0.4045,0
46143,1.1298,-9.5123,0.6104,-32.6900,-17.9900,-29.8200,-1.1178,-0.6152,-1.0197,0
46182,0.9622,-8.7631,-0.5529,-33.3900,-25.2000,-54.2500,-1.1418,-0.8617,-1.8551,0
46221,1.2232,-7.9445,0.6918,-23.0300,-38.7100,-71.1200,-0.7875,-1.3237,-2.4319,0
46260,4.7059,-8.2485,1.2088,-13.6500,-52.0800,-70.8400,-0.4668,-1.7809,-2.4224,0
46299,9.5602,-9.0623,0.7540,13.5800,-30.8700,-73.7100,0.4644,-1.0556,-2.5205,0
46338,9.4573,-7.5017,0.0574,-9.6600,-4.9700,-48.5800,-0.3303,-0.1699,-1.6612,0
46377,6.1588,-7.3317,1.8168,-29.1200,-1.6800,-36.8900,-0.9958,-0.0574,-1.2614,0
46416,7.0612,-8.2509,0.7755,-21.4200,-7.1400,-33.3900,-0.7325,-0.2442,-1.1418,0
46455,6.7740,-7.3987,0.1005,-7.8400,-15.5400,-46.5500,-0.2681,-0.5314,-1.5918,0
46494,6.1397,-4.0620,-1.4793,-5.1100,-32.9000,-65.5900,-0.1747,-1.1250,-2.2428,0
46533,6.5801,-1.3811,-2.2213,7.5600,-35.4900,-46.6200,0.2585,-1.2136,-1.5942,0
46572,10.2903,-2.9873,-1.3069,8.4000,-18.0600,-7.4200,0.2872,-0.6176,-0.2537,0
46611,11.7791,-6.2546,-1.7665,-7.8400,-26.8100,-12.9500,-0.2681,-0.9168,-0.4428,0
46650,9.8714,-7.4753,-0.7923,-9.6600,-19.8100,-19.3200,-0.3303,-0.6774,-0.6606,0
46689,8.9498,-6.8913,-0.9958,4.9700,-8.1200,-11.2700,0.1699,-0.2777,-0.3854,0
46728,8.3777,-7.0971,-2.0825,16.3800,-12.6000,-7.3500,0.5601,-0.4309,-0.2513,0
46767,7.3509,-6.8578,-2.1782,37.8000,-3.0100,-1.8900,1.2926,-0.1029,-0.0646,0
46806,5.4240,-6.8506,-2.5325,39.9700,-8.9600,7.2800,1.3668,-0.3064,0.2489,0
46845,6.4413,-6.8865,-3.4827,56.3500,-2.8000,17.1500,1.9269,-0.0957,0.5864,0
46884,6.3814,-7.1474,-4.6820,97.8600,22.2600,4.0600,3.3463,0.7612,0.1388,0
46923,7.5400,-5.9602,-3.6647,119.0700,42.6300,33.5300,4.0716,1.4577,1.1466,0
46962,7.4179,-3.4612,-0.0479,128.2400,0.8400,72.4500,4.3851,0.0287,2.4774,0
47001,7.1642,-1.3500,1.6803,79.6600,-35.0000,58.9400,2.7240,-1.1968,2.0154,0
47040,7.2575,-2.3458,1.7258,39.2000,-82.5300,53.2700,1.3404,-2.8221,1.8216,0
47079,8.7296,-5.8142,1.5702,12.1800,-136.8500,104.0200,0.4165,-4.6796,3.5569,0
47118,9.5602,-10.6780,2.4272,20.2300,-175.6300,87.2900,0.6918,-6.0056,2.9849,0
47157,9.1102,-9.2275,0.1699,48.8600,-110.3900,33.1800,1.6708,-3.7748,1.1346,0
47196,7.5256,-8.7751,-0.9862,49.4900,-105.7000,31.3600,1.6923,-3.6144,1.0724,0
47235,7.3293,-9.6105,-0.3064,36.4700,-111.1600,65.0300,1.2471,-3.8011,2.2237,0
47274,7.3293,-8.3730,-1.0101,45.1500,-108.2200,63.0700,1.5439,-3.7006,2.1567,0
47313,5.5461,-7.7410,-1.7210,56.4200,-103.6000,54.0400,1.9293,-3.5426,1.8479,0
47352,4.2703,-7.8535,-1.5080,63.3500,-95.0600,44.9400,2.1662,-3.2506,1.5367,0
47391,4.7298,-8.4232,-2.2811,44.8700,-54.7400,14.9100,1.5343,-1.8718,0.5098,0
47430,0.5027,-8.4328,-2.4176,81.7600,-52.7800,-16.3100,2.7958,-1.8048,-0.5577,0
47469,-1.1944,-6.2642,-2.5085,47.3200,-91.8400,-47.4600,1.6181,-3.1405,-1.6229,0
47508,0.7013,-6.5059,-2.8724,4.9700,-89.5300,-78.5400,0.1699,-3.0615,-2.6857,0
47547,1.0652,-4.6221,-2.2357,-10.3600,-75.2500,-101.9900,-0.3543,-2.5732,-3.4875,0
47586,8.3849,-6.1923,-2.9681,32.4100,-70.8400,-122.0800,1.1083,-2.4224,-4.1745,0
47625,13.1507,-6.5777,-1.2926,62.1600,-60.4100,-74.0600,2.1256,-2.0657,-2.5325,0
47664,10.3190,-3.4756,-1.0101,-38.8500,-20.2300,-56.8400,-1.3285,-0.6918,-1.9436,0
47703,9.5865,-8.2676,-0.0191,-20.4400,-16.2400,-20.6500,-0.6989,-0.5553,-0.7061,0
47742,7.5807,-8.3993,0.2394,29.9600,-14.0000,-22.6100,1.0245,-0.4787,-0.7731,0
47781,6.4150,-5.1559,-1.7545,91.2800,-35.2100,-37.2400,3.1213,-1.2040,-1.2734,0
47820,9.0144,-3.5187,-3.5115,67.9000,-34.5800,-24.5000,2.3218,-1.1825,-0.8378,0
47859,9.8163,-4.8926,-2.8197,16.1000,-33.0400,-31.8500,0.5505,-1.1298,-1.0891,0
47898,9.1988,-8.0426,-0.7564,22.3300,10.5000,-25.6900,0.7636,0.3590,-0.8785,0
47937,8.4591,-8.0618,-0.8569,25.9700,0.7700,-32.4800,0.8880,0.0263,-1.1106,0
47976,8.0977,-7.5854,-1.7115,54.1100,-10.4300,-24.6400,1.8503,-0.3567,-0.8426,0
48015,7.3078,-6.2283,-1.6325,73.1500,-23.5900,-20.5800,2.5014,-0.8067,-0.7037,0
48054,7.5136,-6.4173,-1.4051,78.0500,-38.5700,-12.9500,2.6689,-1.3189,-0.4428,0
48093,6.8697,-6.6256,-2.4272,92.0500,-38.9900,-2.4500,3.1476,-1.3333,-0.0838,0
48132,7.5663,-7.8416,-3.9064,122.2200,-18.2700,12.4600,4.1793,-0.6247,0.4261,0
48171,6.1181,-6.9799,-2.3194,147.9800,28.4900,29.6800,5.0602,0.9742,1.0149,0
48210,5.0530,-4.5192,-0.1388,145.8100,1.1200,46.3400,4.9860,0.0383,1.5846,0
48249,6.0966,-2.3242,-0.1987,170.0300,-56.4900,52.2200,5.8142,-1.9317,1.7857,0
48288,9.7900,-2.4248,-1.8144,129.6400,-101.5700,72.9400,4.4330,-3.4732,2.4942,0
48327,9.1557,-1.4936,0.7516,29.4000,-120.6100,77.4200,1.0053,-4.1242,2.6474,0
48366,8.3706,-5.2660,3.0878,12.0400,-128.7300,107.3100,0.4117,-4.4019,3.6695,0
48405,6.6112,-9.3424,3.2817,43.5400,-145.1800,96.4600,1.4888,-4.9644,3.2984,0
48444,7.3604,-10.3501,-0.2872,62.3700,-148.0500,53.0600,2.1327,-5.0625,1.8144,0
48483,7.4394,-8.9211,-1.2327,57.8200,-108.2200,43.9600,1.9771,-3.7006,1.5032,0
48522,7.3245,-9.7637,-0.8497,43.5400,-121.7300,55.8600,1.4888,-4.1625,1.9101,0
48561,7.2503,-10.1323,-0.7899,67.9000,-121.7300,66.5000,2.3218,-4.1625,2.2740,0
48600,6.1493,-8.6985,-0.5553,84.9100,-106.9600,59.4300,2.9035,-3.6575,2.0322,0
48639,4.4115,-8.9474,-0.7133,70.2800,-90.3700,55.7200,2.4032,-3.0902,1.9053,0
48678,3.6216,-9.2730,0.0144,48.3000,-82.0400,40.5300,1.6516,-2.8053,1.3859,0
48717,2.7599,-9.6200,-1.5415,62.2300,-85.6100,16.3800,2.1279,-2.9274,0.5601,0
48756,0.8976,-8.0474,-1.9365,64.6100,-91.4200,-13.3000,2.2093,-3.1261,-0.4548,0
48795,-0.0957,-6.6854,-2.5205,27.0200,-83.1600,-52.2200,0.9239,-2.8436,-1.7857,0
48834,1.5176,-6.0176,-2.6952,4.1300,-53.8300,-86.4500,0.1412,-1.8407,-2.9561,0
48873,1.6061,-5.3689,-1.4888,20.4400,-71.6100,-108.8500,0.6989,-2.4487,-3.7221,0
48912,8.2581,-7.3006,0.0479,72.0300,-59.8500,-120.8200,2.4631,-2.0466,-4.1314,0
48951,12.6217,-7.0373,-1.6971,79.3800,-72.8000,-74.6900,2.7144,-2.4894,-2.5540,0
48990,9.0456,-5.6131,-0.3567,-0.7700,-48.6500,-47.0400,-0.0263,-1.6636,-1.6085,0
49029,8.1432,-8.2174,1.0317,-2.3800,-68.6000,-35.2100,-0.0814,-2.3458,-1.2040,0
49068,9.1533,-8.3490,0.6678,26.6000,-58.3800,-33.8100,0.9096,-1.9963,-1.1561,0
49107,5.8094,-6.1014,0.0048,46.4100,-57.2600,-55.8600,1.5870,-1.9580,-1.9101,0
49146,5.4216,-3.8011,-2.2309,48.6500,-65.5200,-36.7500,1.6636,-2.2404,-1.2567,0
49185,9.1317,-3.6671,-1.2088,62.6500,-44.1700,-5.3900,2.1423,-1.5104,-0.1843,0
49224,11.4201,-5.8357,-2.4463,34.5800,-36.9600,-18.2700,1.1825,-1.2638,-0.6247,0
49263,9.3807,-6.6543,-0.9598,19.1100,-66.6400,-16.8700,0.6535,-2.2787,-0.5769,0
49302,9.7589,-9.3280,-2.4726,42.0700,-46.8300,-22.4000,1.4386,-1.6013,-0.7660,0
49341,8.5261,-6.4868,-2.7551,49.2100,-4.2700,-28.0000,1.6827,-0.1460,-0.9575,0
49380,7.8870,-6.6304,-3.2577,49.7700,7.4900,-32.1300,1.7019,0.2561,-1.0987,0
49419,7.7698,-6.8243,-3.0543,46.6900,42.1400,-6.1600,1.5966,1.4410,-0.2106,0
49458,5.9961,-5.9314,-3.3439,93.1000,72.0300,21.8400,3.1835,2.4631,0.7468,0
49497,4.6532,-3.8131,-2.3625,76.6500,28.4200,60.0600,2.6210,0.9718,2.0537,0
49536,7.0229,-6.1876,0.0072,57.6800,-41.5100,97.2300,1.9724,-1.4194,3.3248,0
49575,8.9163,-3.7054,2.2620,13.5100,-38.9900,86.5900,0.4620,-1.3333,2.9609,0
49614,3.7437,-0.4620,3.0686,15.9600,-34.7200,68.5300,0.5457,-1.1872,2.3434,0
49653,9.7158,-6.2235,4.0500,-7.2800,-107.8000,147.3500,-0.2489,-3.6862,5.0386,0
49692,9.1054,-17.3300,5.0554,29.8900,-121.4500,142.5200,1.0221,-4.1530,4.8735,0
49731,5.4360,-9.6440,1.7162,-21.8400,-105.5600,101.9900,-0.7468,-3.6096,3.4875,0
49770,3.9208,-12.9879,0.5817,90.7200,-98.5600,106.6800,3.1022,-3.3702,3.6479,0
49809,-2.3266,-2.8915,-9.5554,59.4300,-78.7500,48.7200,2.0322,-2.6928,1.6660,0
49848,-4.3014,4.0812,-5.1248,125.5100,-91.4900,85.5400,4.2918,-3.1285,2.9250,0
49887,0.2777,3.3224,-2.2381,70.5600,-136.2900,91.7700,2.4128,-4.6604,3.1381,0
49926,12.8682,-7.3509,4.2655,-4.1300,-108.9200,129.9900,-0.1412,-3.7245,4.4450,0
49965,5.2923,-7.8870,0.1628,61.9500,-112.8400,162.9600,2.1184,-3.8585,5.5724,0
50004,0.9718,-0.0838,-4.3301,92.6100,-13.9300,113.1900,3.1668,-0.4763,3.8705,1
50043,-4.6078,-0.6870,2.6905,59.0800,-16.3800,95.4100,2.0202,-0.5601,3.2625,0
50082,-2.4990,-4.4378,-1.6468,8.1200,-100.3100,119.0000,0.2777,-3.4301,4.0692,0
50121,5.5269,-19.2927,2.4439,115.5700,-168.5600,185.5700,3.9519,-5.7639,6.3455,0
50160,15.6233,-18.6489,2.0442,115.3600,-110.1800,204.4000,3.9447,-3.7676,6.9894,0
50199,12.6241,-15.9129,7.1402,191.3100,15.4000,154.2100,6.5418,0.5266,5.2732,0
50238,-10.6493,-16.6095,19.3358,110.2500,137.9000,236.4600,3.7700,4.7155,8.0857,0
50277,-22.4045,-29.0157,17.8063,144.7600,83.7200,258.2300,4.9500,2.8628,8.8301,0
50316,-23.8454,-13.5504,18.9457,109.5500,-55.8600,165.8300,3.7460,-1.9101,5.6705,0
50355,-14.4289,1.5798,12.2411,57.8200,-5.4600,129.2900,1.9771,-0.1867,4.4211,0
50394,-15.5228,6.2809,8.2222,-17.8500,-7.7700,82.4600,-0.6104,-0.2657,2.8197,0
50433,-6.5921,0.3088,1.9293,-2.3800,-98.9800,25.4100,-0.0814,-3.3846,0.8689,0
50472,-3.1979,0.6319,2.3434,-3.0100,-42.7700,17.7100,-0.1029,-1.4625,0.6056,0
50511,0.6702,1.6229,-0.9934,-37.0300,-38.5000,20.3700,-1.2662,-1.3165,0.6965,0
50550,0.9000,-0.8617,0.0287,-7.7000,-32.4800,12.4600,-0.2633,-1.1106,0.4261,0
50589,0.5027,-0.0311,0.2561,31.3600,-14.2800,3.2900,1.0724,-0.4883,0.1125,0
50628,0.1843,2.5875,1.3237,28.4200,13.9300,11.0600,0.9718,0.4763,0.3782,0
50667,-1.9053,3.6455,2.9633,28.0000,-20.2300,23.3100,0.9575,-0.6918,0.7971,0
50706,-5.9626,4.4450,5.5006,3.0100,-5.9500,21.9800,0.1029,-0.2035,0.7516,0
50745,-9.3089,6.0679,7.4179,-44.3100,14.7000,5.5300,-1.5152,0.5027,0.1891,0
50784,-15.7238,3.3296,11.4799,-81.5500,-2.0300,5.8800,-2.7886,-0.0694,0.2011,0
50823,-15.1733,-0.4285,10.8599,-74.2700,-102.4800,4.0600,-2.5397,-3.5043,0.1388,0
50862,-12.7533,-1.8383,12.0400,-90.3000,-100.8000,-20.5800,-3.0878,-3.4468,-0.7037,0
50901,-7.8990,-6.2235,5.9554,-89.3900,-133.0000,-26.2500,-3.0567,-4.5479,-0.8976,0
50940,-8.2581,-5.9506,6.6783,-56.0700,-87.0100,-67.8300,-1.9173,-2.9753,-2.3194,0
50979,-2.8700,-5.4503,4.3828,20.3000,-87.3600,-66.2200,0.6942,-2.9873,-2.2644,0
51018,-0.5505,-2.4822,5.1415,18.3400,-92.4000,-30.4500,0.6271,-3.1596,-1.0412,0
51057,5.2947,-4.5814,8.9235,-19.9500,-54.7400,19.6700,-0.6822,-1.8718,0.6726,0
51096,2.2692,-7.8033,6.0822,19.0400,-7.0000,40.6000,0.6511,-0.2394,1.3883,0
51135,-3.0543,-5.6155,7.4586,18.9000,32.2000,-2.5200,0.6463,1.1011,-0.0862,0
51174,-4.7107,-3.4660,8.0091,20.3000,6.5100,-33.0400,0.6942,0.2226,-1.1298,0
51213,-3.6647,-4.1721,8.6123,5.5300,-22.9600,-13.5800,0.1891,-0.7851,-0.4644,0
51252,-3.5330,-5.2205,9.1820,2.5900,-17.2900,2.5900,0.0886,-0.5912,0.0886,0
51291,-3.2889,-4.6556,8.8421,32.0600,-33.7400,11.6200,1.0963,-1.1537,0.3973,0
51330,-2.1136,-3.0208,9.3280,52.4300,-54.8800,18.4800,1.7928,-1.8766,0.6319,0
51369,0.1173,-0.3303,10.3836,47.6700,-42.2100,24.5700,1.6301,-1.4434,0.8402,0
51408,-1.2255,0.3184,9.5051,21.1400,5.0400,21.5600,0.7229,0.1723,0.7372,0
51447,-2.7072,-0.1149,9.3735,-7.0700,22.1900,9.3100,-0.2418,0.7588,0.3184,0
51486,-3.3894,-1.2232,9.0791,-20.5100,11.0600,2.3100,-0.7013,0.3782,0.0790,0
51525,-3.0639,-2.8221,8.5285,-15.1900,-5.8800,1.2600,-0.5194,-0.2011,0.0431,0
51564,-3.0351,-3.3008,8.6267,-10.0800,3.9900,3.7800,-0.3447,0.1364,0.1293,0
51603,-2.7527,-3.2865,8.7871,-3.4300,7.6300,0.9800,-0.1173,0.2609,0.0335,0
51642,-2.9155,-2.5660,9.0719,-1.2600,13.5100,-7.4900,-0.0431,0.4620,-0.2561,0
51681,-3.3080,-2.3314,9.1796,-3.3600,13.5100,-9.3800,-0.1149,0.4620,-0.3207,0
51720,-3.2841,-2.8891,8.9139,-6.9300,10.7100,-7.3500,-0.2370,0.3662,-0.2513,0
51759,-3.4397,-3.4540,8.6099,-6.5100,5.3900,-4.9000,-0.2226,0.1843,-0.1676,0
51798,-3.5809,-3.5402,8.5118,-3.9900,3.2900,-2.1700,-0.1364,0.1125,-0.0742,0
51837,-3.5569,-3.3631,8.3825,-2.0300,2.3100,0.4900,-0.0694,0.0790,0.0168,0
51876,-3.5019,-3.3056,8.5405,-0.8400,3.5000,2.6600,-0.0287,0.1197,0.0910,0
51915,-3.3918,-3.2793,8.5956,0.3500,-0.3500,2.8700,0.0120,-0.0120,0.0981,0
51954,-3.0663,-2.9226,8.6841,4.2700,-2.6600,2.4500,0.1460,-0.0910,0.0838,0
51993,-3.0734,-2.6905,8.9307,4.4800,-5.4600,2.4500,0.1532,-0.1867,0.0838,0
52032,-3.3631,-2.6833,9.0216,4.0600,-3.5700,1.0500,0.1388,-0.1221,0.0359,0
52071,-3.3726,-2.9155,8.7344,3.0100,-5.0400,-1.3300,0.1029,-0.1723,-0.0455,0
52110,-3.1022,-2.8532,8.7751,3.5000,3.0100,-2.3100,0.1197,0.1029,-0.0790,0
52149,-2.9442,-2.6498,8.9426,1.4000,3.3600,-2.5200,0.0479,0.1149,-0.0862,0
52188,-2.8341,-2.3745,8.9211,3.6400,0.4900,-1.8200,0.1245,0.0168,-0.0622,0
52227,-3.1740,-2.3482,8.8182,0.2800,-0.3500,-0.4200,0.0096,-0.0120,-0.0144,0
52266,-3.4014,-2.8532,8.6530,-5.3900,2.3100,0.4900,-0.1843,0.0790,0.0168,0
52305,-3.1213,-3.1189,8.9019,-2.8000,2.0300,0.2100,-0.0957,0.0694,0.0072,0
52344,-3.1261,-2.8245,8.8828,3.5700,-1.4700,1.1200,0.1221,-0.0503,0.0383,0
52383,-3.3104,-2.2548,8.9642,1.8900,0.8400,1.6800,0.0646,0.0287,0.0574,0
52422,-3.6072,-2.8101,8.6889,-3.8500,1.0500,-0.3500,-0.1317,0.0359,-0.0120,0
52461,-3.3032,-3.4038,8.8277,-1.8200,0.7000,-3.6400,-0.0622,0.0239,-0.1245,0
52500,-2.6067,-2.8077,9.2849,2.3100,0.7000,-3.2200,0.0790,0.0239,-0.1101,0
52539,-2.9681,-2.6091,8.7464,-3.4300,6.5100,2.7300,-0.1173,0.2226,0.0934,0
52578,-3.4971,-2.3410,8.6698,-3.9900,3.5000,0.6300,-0.1364,0.1197,0.0215,0
52617,-3.2434,-2.4535,8.6003,-7.4200,-3.0100,-0.8400,-0.2537,-0.1029,-0.0287,0
52656,-3.3870,-3.3966,8.5094,-8.6100,0.7000,-2.0300,-0.2944,0.0239,-0.0694,0
52695,-3.3463,-4.3277,8.4017,-7.2800,5.6700,-4.1300,-0.2489,0.1939,-0.1412,0
52734,-3.3679,-3.9040,8.4735,6.5800,3.6400,-4.1300,0.2250,0.1245,-0.1412,0
52773,-3.1381,-2.9131,8.5070,10.9900,-1.5400,-1.6100,0.3758,-0.0527,-0.0551,0
52812,-3.6910,-2.7216,8.8421,4.9000,4.6900,1.4000,0.1676,0.1604,0.0479,0
52851,-3.4851,-2.9226,8.8684,1.9600,-0.5600,1.1200,0.0670,-0.0191,0.0383,0
52890,-2.6450,-2.5732,8.8493,1.6800,-4.4100,4.2000,0.0574,-0.1508,0.1436,0
52929,-3.7437,-2.6833,8.8517,-1.9600,3.2200,7.7700,-0.0670,0.1101,0.2657,0
52968,-3.5378,-2.3912,8.7224,-1.3300,0.5600,1.5400,-0.0455,0.0191,0.0527,0
53007,-3.7556,-3.0854,8.4878,-5.5300,-1.8200,-3.6400,-0.1891,-0.0622,-0.1245,0
53046,-3.7700,-3.9040,8.5573,-2.5200,1.5400,-5.7400,-0.0862,0.0527,-0.1963,0
53085,-3.1069,-3.5139,8.4663,6.2300,-1.8900,-4.6200,0.2130,-0.0646,-0.1580,0
53124,-3.0064,-2.8508,8.6075,8.2600,0.0000,-0.7700,0.2824,0.0000,-0.0263,0
53163,-3.2936,-2.7910,8.8277,3.0100,0.4900,1.1200,0.1029,0.0168,0.0383,0
53202,-2.9561,-2.5851,8.9187,0.6300,-1.2600,2.3800,0.0215,-0.0431,0.0814,0
53241,-3.3846,-2.7407,8.8541,-3.1500,-1.0500,5.0400,-0.1077,-0.0359,0.1723,0
53280,-3.4373,-2.7048,8.8996,-0.7000,-2.3100,4.6900,-0.0239,-0.0790,0.1604,0
53319,-3.6527,-2.7910,8.6386,-1.4700,-0.7000,1.4700,-0.0503,-0.0239,0.0503,0
53358,-3.7389,-3.2362,8.5621,-1.5400,0.8400,-1.6800,-0.0527,0.0287,-0.0574,0
53397,-3.3966,-3.2290,8.5309,2.4500,-0.4900,-2.7300,0.0838,-0.0168,-0.0934,0
53436,-3.1740,-3.0399,8.5764,2.7300,-0.2100,-1.1900,0.0934,-0.0072,-0.0407,0
53475,-3.0208,-2.8915,8.9402,1.7500,0.1400,0.4200,0.0598,0.0048,0.0144,0
53514,-3.2410,-2.5995,8.8948,-0.2100,-0.9100,3.0800,-0.0072,-0.0311,0.1053,0
53553,-3.6383,-2.6522,8.8493,-2.5200,-1.1900,3.9200,-0.0862,-0.0407,0.1340,0
53592,-3.3343,-2.7503,8.5908,-2.6600,-1.4700,2.5200,-0.0910,-0.0503,0.0862,0
53631,-3.2960,-2.9681,8.6410,-2.3100,-0.2800,-0.4900,-0.0790,-0.0096,-0.0168,0
53670,-3.7580,-3.1668,8.6363,-3.2900,1.4700,-4.2700,-0.1125,0.0503,-0.1460,0
53709,-3.6527,-3.4660,8.5309,-0.2800,3.0800,-6.7900,-0.0096,0.1053,-0.2322,0
53748,-3.1907,-3.4085,8.4735,6.7900,1.9600,-5.6700,0.2322,0.0670,-0.1939,0
53787,-2.8724,-2.7670,8.5812,9.3800,-0.2100,-2.3800,0.3207,-0.0072,-0.0814,0
53826,-3.0663,-2.4152,8.7918,4.0600,-0.4900,1.1900,0.1388,-0.0168,0.0407,0
53865,-3.3798,-2.7192,9.0432,-1.1900,-3.0100,3.5000,-0.0407,-0.1029,0.1197,0
53904,-3.3343,-2.9370,8.8565,-2.5200,-2.1700,2.8700,-0.0862,-0.0742,0.0981,0
53943,-3.6120,-3.0184,8.7152,-3.2900,2.3100,2.2400,-0.1125,0.0790,0.0766,0
53982,-3.5952,-3.1069,8.6554,-3.7800,1.8200,0.9800,-0.1293,0.0622,0.0335,0
54021,-3.5737,-3.1883,8.6195,-0.9100,1.5400,-0.6300,-0.0311,0.0527,-0.0215,0
54060,-2.8436,-2.8772,9.0504,0.0700,0.0700,-2.3100,0.0024,0.0024,-0.0790,0
54099,-2.3721,-2.2165,8.6698,0.9800,1.4000,0.7000,0.0335,0.0479,0.0239,0
54138,-3.6599,-2.4200,8.8732,-3.6400,6.7200,0.9100,-0.1245,0.2298,0.0311,0
54177,-4.2391,-2.7623,8.5094,-13.9300,6.9300,-0.3500,-0.4763,0.2370,-0.0120,0
54216,-3.9974,-3.7652,8.4328,-10.8500,-0.5600,-3.0800,-0.3710,-0.0191,-0.1053,0
54255,-3.6120,-4.2200,8.0642,-4.9700,0.2100,-3.4300,-0.1699,0.0072,-0.1173,0
54294,-3.2003,-4.0668,8.2772,3.1500,2.8700,-0.4200,0.1077,0.0981,-0.0144,0
54333,-3.4684,-2.5851,8.5477,8.8200,2.6600,3.5700,0.3016,0.0910,0.1221,0
54372,-3.9208,-2.5205,8.8014,-0.6300,-2.3800,3.0800,-0.0215,-0.0814,0.1053,0
54411,-3.8538,-3.4588,8.6147,-5.2500,-4.4800,3.0800,-0.1795,-0.1532,0.1053,0
54450,-3.5426,-3.8753,8.7679,-2.1700,-5.0400,2.1000,-0.0742,-0.1723,0.0718,0
54489,-2.5588,-3.1165,8.5716,5.1100,-2.5200,5.1800,0.1747,-0.0862,0.1771,0
54528,-3.6431,-2.2285,8.6793,6.2300,5.0400,6.0900,0.2130,0.1723,0.2082,0
54567,-4.2607,-2.0178,8.5477,-5.2500,5.1800,1.1900,-0.1795,0.1771,0.0407,0
54606,-4.0979,-3.2434,8.4400,-8.8200,-3.3600,-4.8300,-0.3016,-0.1149,-0.1652,0
54645,-3.3750,-4.1937,8.2557,-2.3100,-8.1200,-5.5300,-0.0790,-0.2777,-0.1891,0
54684,-3.3415,-4.2463,8.7320,9.8700,-5.5300,-2.5900,0.3375,-0.1891,-0.0886,0
54723,-2.5468,-2.9394,8.5644,13.2300,-1.9600,0.5600,0.4524,-0.0670,0.0191,0
54762,-3.6455,-1.9149,8.8445,5.7400,5.3200,8.1900,0.1963,0.1819,0.2801,0
54801,-4.1578,-2.1662,8.8517,-10.3600,0.7700,3.9900,-0.3543,0.0263,0.1364,0
54840,-3.8609,-3.4971,8.3706,-13.5800,-7.9100,-2.1700,-0.4644,-0.2705,-0.0742,0
54879,-3.7820,-4.3516,8.3658,-4.6200,-6.7900,-4.4100,-0.1580,-0.2322,-0.1508,0
54918,-3.1788,-3.8921,8.4352,9.5900,-4.6200,-2.1000,0.3279,-0.1580,-0.0718,0
54957,-3.2649,-2.8221,8.8277,13.8600,-1.0500,0.9100,0.4739,-0.0359,0.0311,0
54996,-2.8915,-1.9963,8.6147,6.9300,-0.7000,3.8500,0.2370,-0.0239,0.1317,0
55035,-3.1668,-2.4415,8.8732,-2.8000,1.1900,6.4400,-0.0957,0.0407,0.2202,0
55074,-3.5234,-2.7335,8.9211,-7.4900,-2.5900,5.1100,-0.2561,-0.0886,0.1747,0
55113,-3.7030,-3.4205,8.4136,-8.3300,-2.8700,0.4200,-0.2848,-0.0981,0.0144,0
55152,-3.7987,-3.9902,8.3107,-2.3100,0.4200,-3.6400,-0.0790,0.0144,-0.1245,0
55191,-3.4636,-3.7437,8.4567,11.9700,-1.4000,-3.0800,0.4093,-0.0479,-0.1053,0
55230,-3.1788,-2.5373,8.6626,13.5100,-1.2600,-0.5600,0.4620,-0.0431,-0.0191,0
55269,-3.3296,-2.4415,8.7248,7.4200,-0.9800,0.0700,0.2537,-0.0335,0.0024,0
55308,-3.3894,-2.7072,8.9379,4.2700,-2.8000,1.8900,0.1460,-0.0957,0.0646,0
55347,-3.3679,-2.7982,9.0767,1.5400,-3.1500,3.4300,0.0527,-0.1077,0.1173,0
55386,-3.3200,-2.9035,8.9666,0.7000,-2.6600,2.9400,0.0239,-0.0910,0.1005,0
55425,-3.4229,-2.7407,8.6961,-0.8400,-1.1900,0.2100,-0.0287,-0.0407,0.0072,0
55464,-3.3535,-2.9490,8.4543,-2.1700,1.0500,-1.8900,-0.0742,0.0359,-0.0646,0
55503,-3.1381,-2.9609,8.5046,1.3300,1.9600,-2.6600,0.0455,0.0670,-0.0910,0
55542,-3.3176,-2.6952,8.8445,3.0800,0.1400,-2.1700,0.1053,0.0048,-0.0742,0
55581,-3.3966,-2.7048,8.8996,0.1400,-0.0700,-1.5400,0.0048,-0.0024,-0.0527,0
55620,-3.2601,-3.0519,8.7727,-1.0500,0.7700,0.8400,-0.0359,0.0263,0.0287,0
55659,-3.3319,-2.8149,8.7296,0.0000,-0.8400,1.6100,0.0000,-0.0287,0.0551,0
55698,-3.4492,-2.8030,8.7057,-2.6600,-0.0700,0.7700,-0.0910,-0.0024,0.0263,0
55737,-3.4038,-3.1692,8.6195,-3.1500,1.7500,0.0700,-0.1077,0.0598,0.0024,0
55776,-3.3200,-3.1883,8.5166,0.1400,1.1200,0.1400,0.0048,0.0383,0.0048,0
55815,-3.5067,-2.9968,8.6841,3.0100,0.4900,0.2800,0.1029,0.0168,0.0096,0
55854,-3.3990,-2.7862,8.7559,2.7300,-0.6300,0.5600,0.0934,-0.0215,0.0191,0
55893,-3.5019,-2.7168,8.8062,0.7700,-0.4200,1.1200,0.0263,-0.0144,0.0383,0
55932,-3.4277,-2.8413,8.7535,-0.9800,-1.1200,0.7000,-0.0335,-0.0383,0.0239,0
55971,-3.2697,-2.9729,8.6243,0.2800,-1.7500,0.4200,0.0096,-0.0598,0.0144,0
56010,-3.3702,-2.8173,8.6841,0.7000,-0.2800,0.1400,0.0239,-0.0096,0.0048,0
56049,-3.4085,-2.7383,8.6482,-0.4900,0.2100,-0.7000,-0.0168,0.0072,-0.0239,0
56088,-3.4612,-3.0758,8.7631,-0.8400,0.5600,-2.1700,-0.0287,0.0191,-0.0742,0
56127,-3.3056,-3.0519,8.7081,0.4200,0.7700,-1.4000,0.0144,0.0263,-0.0479,0
56166,-3.2554,-3.0854,8.6722,1.8900,-0.5600,0.2800,0.0646,-0.0191,0.0096,0
56205,-3.1333,-2.9968,8.6458,1.7500,-1.6800,1.8200,0.0598,-0.0574,0.0622,0
56244,-3.1955,-2.9777,8.5764,1.0500,0.1400,3.1500,0.0359,0.0048,0.1077,0
56283,-3.4157,-2.7910,8.5932,2.9400,1.1900,3.0800,0.1005,0.0407,0.1053,0
56322,-3.5426,-2.7240,8.8206,3.0800,2.1700,1.7500,0.1053,0.0742,0.0598,0
56361,-3.7437,-2.6761,8.8445,0.8400,2.3800,0.4200,0.0287,0.0814,0.0144,0
56400,-3.9447,-2.8772,8.8158,-2.0300,0.2800,-0.4200,-0.0694,0.0096,-0.0144,0
56439,-3.7221,-3.1093,8.6410,-1.8200,-2.4500,-2.0300,-0.0622,-0.0838,-0.0694,0
56478,-3.4253,-3.0758,8.5549,1.5400,-2.8000,-2.1700,0.0527,-0.0957,-0.0742,0
56517,-3.3990,-2.8843,8.6123,2.8700,-2.1000,-1.3300,0.0981,-0.0718,-0.0455,0
56556,-2.9178,-2.9083,8.6602,1.6100,-1.4000,0.7700,0.0551,-0.0479,0.0263,0
56595,-2.9418,-2.8413,8.7823,2.7300,-1.9600,2.8000,0.0934,-0.0670,0.0957,0
56634,-3.1596,-2.7575,8.7583,1.0500,-1.2600,2.6600,0.0359,-0.0431,0.0910,0
56673,-3.4660,-2.7311,8.8206,0.0700,0.1400,1.7500,0.0024,0.0048,0.0598,0
56712,-3.6335,-2.7287,8.6650,-0.5600,1.7500,1.4000,-0.0191,0.0598,0.0479,0
56751,-3.5426,-2.7479,8.7081,-0.9800,3.9200,0.7700,-0.0335,0.1340,0.0263,0
56790,-3.8705,-2.8556,8.7966,-1.6800,3.0100,0.1400,-0.0574,0.1029,0.0048,0
56829,-3.6072,-3.1955,8.5070,-1.4000,-1.0500,-1.1900,-0.0479,-0.0359,-0.0407,0
56868,-3.1572,-3.0327,8.5692,3.5700,-2.6600,-1.2600,0.1221,-0.0910,-0.0431,0
56907,-3.5091,-2.7359,8.7440,2.5200,-1.5400,-1.1200,0.0862,-0.0527,-0.0383,0
56946,-3.3511,-2.7670,8.8373,0.6300,-1.5400,0.2800,0.0215,-0.0527,0.0096,0
56985,-3.4301,-2.9992,8.7344,0.1400,-0.1400,1.6800,0.0048,-0.0048,0.0574,0
57024,-3.4875,-2.8173,8.7344,0.9800,-0.3500,0.7000,0.0335,-0.0120,0.0239,0
57063,-3.4756,-2.8053,8.6434,0.9800,-1.2600,-0.0700,0.0335,-0.0431,-0.0024,0
57102,-3.2841,-2.8532,8.6458,2.3100,-1.6800,0.1400,0.0790,-0.0574,0.0048,0
57141,-3.2386,-2.7096,8.6339,1.7500,-1.2600,0.8400,0.0598,-0.0431,0.0287,0
57180,-3.3942,-2.7311,8.7607,0.2100,0.5600,1.7500,0.0072,0.0191,0.0598,0
57219,-3.4397,-2.8580,8.9019,0.0000,0.1400,1.6800,0.0000,0.0048,0.0574,0
57258,-3.3415,-2.8269,8.8086,0.0700,-0.4900,1.1200,0.0024,-0.0168,0.0383,0
57297,-3.4325,-2.7527,8.7272,0.3500,-0.5600,0.4200,0.0120,-0.0191,0.0144,0
57336,-3.4875,-2.6976,8.7081,-0.8400,-0.4200,-0.7000,-0.0287,-0.0144,-0.0239,0
57375,-3.3104,-2.9059,8.5668,-2.1000,-0.0700,-0.9100,-0.0718,-0.0024,-0.0311,0
57414,-3.4397,-3.0998,8.5908,-0.1400,0.9100,0.4200,-0.0048,0.0311,0.0144,0
57453,-3.4851,-2.9514,8.6961,1.2600,-0.2100,0.8400,0.0431,-0.0072,0.0287,0
57492,-3.4923,-2.8843,8.7727,1.6800,-1.2600,1.1200,0.0574,-0.0431,0.0383,0
57531,-3.3918,-2.7910,8.7894,2.7300,-1.9600,1.4000,0.0934,-0.0670,0.0479,0
57570,-3.4014,-2.6761,8.7703,2.2400,-1.6800,1.1900,0.0766,-0.0574,0.0407,0
57609,-3.4038,-2.6282,8.7894,1.9600,-0.9100,0.2100,0.0670,-0.0311,0.0072,0
57648,-3.3726,-2.5684,8.8062,0.6300,-0.4200,-0.7700,0.0215,-0.0144,-0.0263,0
57687,-3.3391,-2.7000,8.8062,-1.0500,0.5600,-1.1200,-0.0359,0.0191,-0.0383,0
57726,-3.3726,-2.8676,8.6817,-0.4900,0.9100,-1.4700,-0.0168,0.0311,-0.0503,0
57765,-3.4397,-2.8724,8.6482,-0.4200,0.9800,-1.8900,-0.0144,0.0335,-0.0646,0
57804,-3.4732,-2.9274,8.6458,-0.6300,0.3500,-1.8900,-0.0215,0.0120,-0.0646,0
57843,-3.4708,-3.0878,8.6458,-0.6300,0.5600,-1.0500,-0.0215,0.0191,-0.0359,0
57882,-3.3846,-3.0615,8.6243,0.7000,-0.5600,0.4900,0.0239,-0.0191,0.0168,0
57921,-3.4157,-2.9346,8.6458,1.8900,-1.5400,1.4700,0.0646,-0.0527,0.0503,0
57960,-3.5187,-2.8341,8.7129,2.1000,-0.9800,1.3300,0.0718,-0.0335,0.0455,0
57999,-3.3343,-2.7479,8.7440,1.6800,-2.8000,1.0500,0.0574,-0.0957,0.0359,0
58038,-3.3224,-2.6354,8.7823,1.1200,-1.6100,1.3300,0.0383,-0.0551,0.0455,0
58077,-3.4157,-2.7599,8.7942,-1.1200,0.6300,0.9100,-0.0383,0.0215,0.0311,0
58116,-3.2745,-2.8508,8.7200,-0.7000,0.7700,0.4900,-0.0239,0.0263,0.0168,0
58155,-3.3894,-2.8963,8.6506,-1.5400,2.4500,0.7000,-0.0527,0.0838,0.0239,0
58194,-3.5354,-2.8149,8.6889,0.0700,0.4900,0.2800,0.0024,0.0168,0.0096,0
58233,-3.5809,-2.8221,8.7224,0.2100,-1.8200,0.0700,0.0072,-0.0622,0.0024,0
58272,-3.5163,-2.8341,8.7296,0.2100,-1.1900,0.0700,0.0072,-0.0407,0.0024,0
58311,-3.4373,-2.9514,8.7057,0.9100,-1.2600,-0.0700,0.0311,-0.0431,-0.0024,0
58350,-3.3176,-2.9107,8.7152,1.4700,-1.1900,-0.3500,0.0503,-0.0407,-0.0120,0
58389,-3.4014,-2.8484,8.6913,0.3500,-0.0700,-0.2100,0.0120,-0.0024,-0.0072,0
58428,-3.4038,-2.9226,8.6075,0.1400,0.1400,0.5600,0.0048,0.0048,0.0191,0
58467,-3.3415,-2.8053,8.7033,0.9100,-0.7000,0.9100,0.0311,-0.0239,0.0311,0
58506,-3.5354,-2.8149,8.7392,-0.2100,-0.6300,1.1900,-0.0072,-0.0215,0.0407,0
58545,-3.4516,-2.9083,8.6913,0.4200,-0.9800,0.1400,0.0144,-0.0335,0.0048,0
58584,-3.2625,-2.8077,8.7392,1.3300,-1.2600,-0.4900,0.0455,-0.0431,-0.0168,0
58623,-3.3774,-2.8030,8.7894,1.6100,-1.1200,0.2100,0.0551,-0.0383,0.0072,0
58662,-3.2769,-2.8556,8.6913,0.2100,-0.2800,0.7700,0.0072,-0.0096,0.0263,0
58701,-3.2506,-2.7886,8.7224,-0.2800,0.6300,1.4000,-0.0096,0.0215,0.0479,0
58740,-3.4947,-2.6881,8.7009,-1.3300,1.4700,1.4000,-0.0455,0.0503,0.0479,0
58779,-3.5546,-2.8963,8.6339,-1.4700,1.4700,0.7000,-0.0503,0.0503,0.0239,0
58818,-3.6958,-2.8939,8.7129,-0.1400,-0.1400,0.0000,-0.0048,-0.0048,0.0000,0
58857,-3.8250,-3.0064,8.7416,0.4200,-1.5400,-1.9600,0.0144,-0.0527,-0.0670,0
58896,-3.5187,-3.0950,8.7320,0.9100,-2.8000,-2.5900,0.0311,-0.0957,-0.0886,0
58935,-2.9921,-2.8891,8.8158,2.5200,-4.2000,0.4200,0.0862,-0.1436,0.0144,0
58974,-3.0208,-2.5636,8.8206,2.3800,-4.2000,3.6400,0.0814,-0.1436,0.1245,0
59013,-3.2577,-2.6617,8.5692,-2.3100,-0.4200,3.6400,-0.0790,-0.0144,0.1245,0
59052,-3.4373,-2.9825,8.5238,-4.0600,3.2200,0.9100,-0.1388,0.1101,0.0311,0
59091,-3.7532,-3.1237,8.5381,-15.5400,12.2500,-2.3100,-0.5314,0.4189,-0.0790,0
59130,-3.9423,-3.2266,8.6769,-8.4700,9.0300,-2.2400,-0.2896,0.3088,-0.0766,0
59169,-3.7125,-3.2625,8.7823,1.7500,-3.4300,0.0700,0.0598,-0.1173,0.0024,0
59208,-3.4325,-3.2721,8.6746,1.3300,-7.0700,2.3800,0.0455,-0.2418,0.0814,0
59247,-3.4421,-2.9418,8.4855,1.8200,-5.1800,5.1800,0.0622,-0.1771,0.1771,0
59286,-3.3870,-2.9155,8.2748,2.5900,-3.7800,6.1600,0.0886,-0.1293,0.2106,0
59325,-3.3487,-2.9131,8.2916,5.2500,-4.4800,4.9000,0.1795,-0.1532,0.1676,0
59364,-3.5187,-2.7311,8.7200,5.8800,-5.3200,1.6100,0.2011,-0.1819,0.0551,0
59403,-3.3918,-2.7814,8.7607,4.8300,-6.1600,-1.6800,0.1652,-0.2106,-0.0574,0
59442,-3.3248,-3.0375,8.7894,3.6400,-3.0800,-3.5700,0.1245,-0.1053,-0.1221,0
59481,-3.5187,-2.9801,9.1629,4.9000,0.0000,-4.4800,0.1676,0.0000,-0.1532,0
59520,-3.0854,-2.2572,9.0623,5.3900,-2.5200,-3.4300,0.1843,-0.0862,-0.1173,0
59559,-3.0399,-2.3865,8.7823,-3.2200,2.3800,0.1400,-0.1101,0.0814,0.0048,0
59598,-2.9873,-2.5397,8.3706,-4.5500,2.5200,2.3100,-0.1556,0.0862,0.0790,0
59637,-3.2482,-2.9298,8.6339,-2.8000,-2.6600,1.2600,-0.0957,-0.0910,0.0431,0
59676,-3.9782,-3.3726,9.1174,-0.9100,-2.5200,-0.2800,-0.0311,-0.0862,-0.0096,0
59715,-3.4732,-2.9801,9.2801,0.1400,-4.8300,-2.2400,0.0048,-0.1652,-0.0766,0
59754,-2.9538,-2.6330,8.9977,-4.3400,1.6800,-0.4900,-0.1484,0.0574,-0.0168,0
59793,-3.5833,-3.0280,8.7607,-5.6700,7.7700,0.4200,-0.1939,0.2657,0.0144,0
59832,-3.2841,-2.7144,8.2724,-1.3300,0.8400,-1.0500,-0.0455,0.0287,-0.0359,0
59871,-2.8484,-2.9681,8.0402,1.8200,0.0000,-0.0700,0.0622,0.0000,-0.0024,0
59910,-3.2936,-2.7647,8.4519,7.1400,0.5600,2.4500,0.2442,0.0191,0.0838,0
59949,-2.9921,-2.4080,9.1054,-2.1000,2.2400,2.7300,-0.0718,0.0766,0.0934,0
59988,-3.0471,-3.1285,8.7344,-16.7300,8.7500,2.5900,-0.5721,0.2992,0.0886,0
60027,-3.2506,-3.7149,8.7631,-18.8300,18.2000,1.5400,-0.6439,0.6223,0.0527,0
60066,-3.5234,-4.1003,8.2030,-18.7600,21.8400,3.9900,-0.6415,0.7468,0.1364,0
60105,-4.0931,-3.8035,8.5668,0.8400,12.2500,3.0100,0.0287,0.4189,0.1029,0
60144,-3.6240,-2.5444,8.4783,9.3100,8.6100,-2.6600,0.3184,0.2944,-0.0910,0
60183,-3.1955,-2.4678,7.5735,-0.8400,19.0400,-4.5500,-0.0287,0.6511,-0.1556,0
60222,-4.4091,-3.2625,8.0618,-3.4300,26.0400,-2.3100,-0.1173,0.8904,-0.0790,0
60261,-4.7394,-3.5809,8.2054,1.1900,20.0200,0.2100,0.0407,0.6846,0.0072,0
60300,-4.5240,-3.5163,8.0259,6.7200,9.8000,1.2600,0.2298,0.3351,0.0431,0
60339,-4.1051,-3.2554,7.9780,10.0800,4.4800,1.8200,0.3447,0.1532,0.0622,0
60378,-4.1147,-2.9418,8.0019,9.1000,5.1800,2.1700,0.3112,0.1771,0.0742,0
60417,-4.3469,-2.6785,8.6746,-5.2500,17.7800,1.6100,-0.1795,0.6080,0.0551,0
60456,-4.1961,-3.1668,8.3897,-6.0200,19.3200,1.2600,-0.2059,0.6606,0.0431,0
60495,-4.9668,-3.6168,8.4232,1.5400,17.4300,-1.1900,0.0527,0.5960,-0.0407,0
60534,-4.7538,-3.1165,7.6022,5.0400,13.7200,-3.2900,0.1723,0.4692,-0.1125,0
60573,-4.6030,-2.8532,7.8272,8.1900,14.5600,-6.0200,0.2801,0.4979,-0.2059,0
60612,-4.4043,-2.3960,7.6261,5.1800,17.5000,-7.4200,0.1771,0.5984,-0.2537,0
60651,-4.6341,-2.6928,8.3706,7.2100,23.0300,-9.4500,0.2465,0.7875,-0.3231,0
60690,-3.9734,-3.1141,8.0594,6.7200,27.0900,-13.0200,0.2298,0.9263,-0.4452,0
60729,-4.4211,-3.2889,8.0019,12.3200,34.3000,-15.6100,0.4213,1.1729,-0.5338,0
60768,-4.8136,-2.7814,7.5495,11.2000,42.0700,-16.9400,0.3830,1.4386,-0.5793,0
60807,-5.0530,-2.9274,7.2527,8.3300,46.4100,-16.4500,0.2848,1.5870,-0.5625,0
60846,-5.2062,-2.6234,7.0325,7.7000,48.5800,-12.6700,0.2633,1.6612,-0.4332,0
60885,-5.3306,-2.5420,6.6543,3.9200,53.9000,-10.3600,0.1340,1.8431,-0.3543,0
60924,-5.8692,-2.7958,6.5418,-1.4000,66.5700,-12.1100,-0.0479,2.2764,-0.4141,0
60963,-6.6711,-3.3056,6.0415,-7.2100,68.0400,-10.5000,-0.2465,2.3266,-0.3590,0
61002,-6.8051,-3.8394,5.3785,-6.5100,69.6500,-8.6800,-0.2226,2.3817,-0.2968,0
61041,-6.7381,-4.0835,4.8352,3.0100,73.0800,-4.6900,0.1029,2.4990,-0.1604,0
61080,-7.6381,-4.3469,4.4617,-0.2100,75.7400,-4.9000,-0.0072,2.5899,-0.1676,0
61119,-9.1246,-3.4397,4.5623,4.6900,53.9000,-14.1400,0.1604,1.8431,-0.4835,0
61158,-9.3232,-3.0040,4.6915,8.4700,13.6500,-29.5400,0.2896,0.4668,-1.0101,0
61197,-7.8224,-2.6761,4.8782,-2.6600,-1.1900,-42.8400,-0.0910,-0.0407,-1.4649,0
61236,-6.1732,-2.4295,5.5915,4.0600,-7.4200,-48.3700,0.1388,-0.2537,-1.6540,0
61275,-5.1727,-2.6665,5.2660,-6.6500,1.1900,-46.5500,-0.2274,0.0407,-1.5918,0
61314,-5.0171,-3.7125,5.1727,-19.1100,26.7400,-40.8100,-0.6535,0.9144,-1.3955,0
61353,-5.7017,-5.5221,4.6987,-3.0100,52.2900,-30.8000,-0.1029,1.7880,-1.0532,0
61392,-8.4783,-6.3814,2.5109,-11.0600,78.4700,-24.7100,-0.3782,2.6833,-0.8450,0
61431,-10.1993,-6.3192,3.3535,0.0700,49.0700,-25.5500,0.0024,1.6779,-0.8737,0
61470,-9.8738,-5.6107,3.3487,18.6900,26.7400,-35.4900,0.6391,0.9144,-1.2136,0
61509,-8.7224,-4.6269,2.8436,17.8500,16.2400,-43.6100,0.6104,0.5553,-1.4912,0
61548,-8.4352,-4.9285,2.5205,-0.4900,13.9300,-48.3000,-0.0168,0.4763,-1.6516,0
61587,-8.0953,-5.1344,3.6335,-21.4200,0.2100,-44.5900,-0.7325,0.0072,-1.5247,0
61626,-7.1666,-6.2259,3.1883,-11.3400,-13.3000,-45.2200,-0.3878,-0.4548,-1.5463,0
61665,-6.0535,-6.8578,3.2434,-18.9000,-11.0600,-49.2800,-0.6463,-0.3782,-1.6851,0
61704,-5.9027,-6.5945,2.9897,-10.8500,-14.4200,-48.1600,-0.3710,-0.4931,-1.6468,0
61743,-6.2330,-6.6495,2.7168,-15.6800,-8.0500,-44.4500,-0.5362,-0.2753,-1.5200,0
61782,-6.0224,-7.0301,3.2482,-13.6500,-34.3700,-39.5500,-0.4668,-1.1753,-1.3524,0
61821,-5.6777,-7.6549,3.5857,-25.4100,-28.2800,-25.9700,-0.8689,-0.9670,-0.8880,0
61860,-4.4378,-8.9785,2.7096,-31.5700,4.2700,-30.6600,-1.0795,0.1460,-1.0484,0
61899,-6.3647,-8.6937,2.2045,-12.1800,56.4900,-45.5700,-0.4165,1.9317,-1.5583,0
61938,-7.2791,-9.0480,2.4176,-11.9000,48.5800,-45.8500,-0.4069,1.6612,-1.5678,0
61977,-6.2330,-9.1868,1.7689,-2.1000,-2.4500,-43.7500,-0.0718,-0.0838,-1.4960,0
62016,-5.2828,-8.9379,1.7976,-5.4600,-18.0600,-38.9900,-0.1867,-0.6176,-1.3333,0
62055,-4.9979,-9.0336,1.2327,-3.5000,-27.3700,-39.0600,-0.1197,-0.9359,-1.3357,0
62094,-4.9596,-8.5214,2.2764,4.2700,-38.7100,-36.6800,0.1460,-1.3237,-1.2543,0
62133,-4.8304,-8.6339,2.0442,8.1900,-42.5600,-35.7700,0.2801,-1.4553,-1.2232,0
62172,-4.7681,-10.2974,2.3458,12.2500,-47.6000,-22.4700,0.4189,-1.6277,-0.7684,0
62211,-4.5599,-10.7379,3.0950,16.3100,-45.5000,-19.8800,0.5577,-1.5559,-0.6798,0
62250,-4.0644,-10.9868,2.8149,16.1000,-48.3700,-20.9300,0.5505,-1.6540,-0.7157,0
62289,-3.2386,-9.5243,3.7963,19.7400,-38.6400,-30.6600,0.6750,-1.3213,-1.0484,0
62328,-2.9250,-9.0001,3.7628,1.1200,-43.6100,-36.5400,0.0383,-1.4912,-1.2495,0
62367,-2.3051,-9.3065,3.5258,-11.2000,-45.6400,-40.6700,-0.3830,-1.5607,-1.3907,0
62406,-2.8939,-9.1605,4.4498,-25.8300,-40.5300,-42.0700,-0.8833,-1.3859,-1.4386,0
62445,-2.3721,-10.4123,2.8748,21.3500,-49.1400,-32.6900,0.7301,-1.6803,-1.1178,0
62484,-2.5061,-10.5990,5.3713,-14.2800,-85.1900,-18.5500,-0.4883,-2.9131,-0.6343,0
62523,-1.1442,-11.1304,4.5048,20.2300,-95.3400,3.9900,0.6918,-3.2601,0.1364,0
62562,-0.2202,-10.7714,5.2516,50.0500,-82.1100,16.8700,1.7115,-2.8077,0.5769,0
62601,-0.4356,-8.4328,5.4958,66.7800,-85.6800,26.8800,2.2835,-2.9298,0.9192,0
62640,-0.1699,-6.0798,4.1841,73.3600,-96.2500,38.4300,2.5085,-3.2913,1.3141,0
62679,-0.8426,-5.7447,4.7562,64.1200,-89.7400,54.0400,2.1926,-3.0686,1.8479,0
62718,-0.7875,-5.9027,5.9195,53.8300,-75.5300,70.2800,1.8407,-2.5827,2.4032,0
62757,-1.9365,-4.8878,4.8926,77.2800,-88.2000,72.6600,2.6426,-3.0160,2.4846,0
62796,-1.3692,-2.3099,5.0410,35.4200,-63.7700,64.3300,1.2112,-2.1806,2.1998,0
62835,-1.6947,-2.3314,3.4397,19.5300,-75.7400,62.2300,0.6678,-2.5899,2.1279,0
62874,-1.8910,-0.2753,3.8107,-25.6900,-79.4500,47.2500,-0.8785,-2.7168,1.6157,0
62913,-0.2705,-5.4383,2.6641,-40.6700,-99.6800,28.7000,-1.3907,-3.4085,0.9814,0
62952,-0.6822,-4.6197,5.0458,-41.9300,-101.0100,12.8800,-1.4338,-3.4540,0.4404,0
62991,1.8335,-5.8740,4.7346,-44.8000,-80.5700,12.0400,-1.5319,-2.7551,0.4117,0
63030,2.4846,-6.3336,4.9309,-31.0100,-58.8700,9.7300,-1.0604,-2.0131,0.3327,0
63069,2.7766,-5.5915,4.8974,-63.2100,-49.0700,12.0400,-2.1615,-1.6779,0.4117,0
63108,2.4487,-8.5956,5.1008,-109.5500,-52.5700,19.6700,-3.7460,-1.7976,0.6726,0
63147,3.2410,-12.9185,4.9261,-107.5900,-50.9600,2.3100,-3.6790,-1.7426,0.0790,0
63186,5.3450,-11.6810,0.1987,-81.9700,-22.1200,-10.9900,-2.8030,-0.7564,-0.3758,0
63225,4.2774,-13.3852,4.8375,-104.5100,-8.8900,-8.6800,-3.5737,-0.3040,-0.2968,0
63264,4.5982,-16.5664,0.3136,-142.1700,29.6100,-19.4600,-4.8615,1.0125,-0.6654,0
63303,1.4649,-16.9063,-0.3830,-77.4900,17.0800,-49.2100,-2.6498,0.5840,-1.6827,0
63342,3.2865,-15.0751,-0.1819,-25.5500,-1.0500,-42.4200,-0.8737,-0.0359,-1.4505,0
63381,2.9059,-10.7474,0.7013,-6.1600,14.0000,-34.0200,-0.2106,0.4787,-1.1633,0
63420,3.5210,-11.2549,1.9173,-6.9300,4.9000,-40.6000,-0.2370,0.1676,-1.3883,0
63459,3.5019,-11.2381,0.1460,-30.6600,5.6700,-54.6700,-1.0484,0.1939,-1.8694,0
63498,3.0926,-10.5607,0.3255,-27.7200,28.9800,-65.5200,-0.9479,0.9910,-2.2404,0
63537,3.4349,-9.5626,0.0886,-24.2200,29.6800,-69.7900,-0.8282,1.0149,-2.3865,0
63576,4.7227,-9.6751,-1.2758,-21.7700,21.7700,-71.4700,-0.7444,0.7444,-2.4439,0
63615,4.2463,-6.9751,-0.2106,-38.9200,34.8600,-70.3500,-1.3309,1.1920,-2.4056,0
63654,5.2277,-8.2054,-1.4075,-53.7600,31.0800,-67.6200,-1.8383,1.0628,-2.3123,0
63693,4.9692,-7.9253,-0.2896,-52.3600,18.5500,-70.9100,-1.7904,0.6343,-2.4248,0
63732,6.0392,-8.3011,0.1412,-25.9700,-1.2600,-66.0800,-0.8880,-0.0431,-2.2596,0
63771,5.7017,-7.7123,1.6396,18.2700,-17.2200,-56.5600,0.6247,-0.5888,-1.9341,0
63810,5.7950,-5.5126,1.9891,31.1500,-24.2200,-52.8500,1.0652,-0.8282,-1.8072,0
63849,5.7184,-5.2349,0.0790,38.2900,-42.5600,-45.9900,1.3093,-1.4553,-1.5726,0
63888,4.3014,-4.4785,0.3207,44.4500,-45.2200,-34.1600,1.5200,-1.5463,-1.1681,0
63927,3.8226,-3.0854,-0.2537,32.4100,-42.1400,-26.9500,1.1083,-1.4410,-0.9216,0
63966,3.9016,-2.2045,-0.1436,27.7200,-30.3100,-21.6300,0.9479,-1.0364,-0.7396,0
64005,4.2631,-1.9221,-0.6152,17.5000,-19.3900,-16.6600,0.5984,-0.6630,-0.5697,0
64044,4.6867,-3.3774,-1.5535,0.6300,-18.6900,1.0500,0.0215,-0.6391,0.0359,0
64083,5.6251,-3.1261,-2.1998,-5.3900,-27.0900,29.7500,-0.1843,-0.9263,1.0173,0
64122,7.0253,-3.8322,-1.4577,-18.5500,19.2500,65.5200,-0.6343,0.6583,2.2404,0
64161,8.8948,-7.4131,-0.9838,13.2300,67.3400,93.1000,0.4524,2.3027,3.1835,0
64200,12.0352,-12.3129,3.5593,17.4300,94.5700,103.4600,0.5960,3.2338,3.5378,0
64239,14.4648,-12.4900,4.2774,12.3900,18.2000,52.4300,0.4237,0.6223,1.7928,0
64278,12.7581,-9.2777,3.4373,-5.2500,14.3500,19.1800,-0.1795,0.4907,0.6559,0
64317,11.1328,-8.4184,1.9819,-46.6900,55.7200,10.0100,-1.5966,1.9053,0.3423,0
64356,8.8062,-7.4873,0.4548,-79.3800,97.3700,17.2200,-2.7144,3.3296,0.5888,0
64395,2.9538,-8.9977,-3.4038,-69.3000,110.2500,30.3100,-2.3697,3.7700,1.0364,0
64434,-1.4099,-10.0820,-0.4045,-88.8300,125.0200,34.5100,-3.0375,4.2750,1.1801,0
64473,-2.3577,-10.2472,-0.0910,-68.9500,98.2100,48.3700,-2.3577,3.3583,1.6540,0
64512,-0.5218,-8.5309,-1.6253,1.1200,29.8200,45.0800,0.0383,1.0197,1.5415,0
64551,0.9910,-7.7745,-0.6511,-3.5000,17.5000,33.7400,-0.1197,0.5984,1.1537,0
64590,1.4841,-7.0229,0.6822,-1.1900,13.7900,22.8900,-0.0407,0.4715,0.7827,0
64629,1.9029,-7.2408,0.8904,-6.9300,28.2100,14.8400,-0.2370,0.9646,0.5075,0
64668,2.2692,-8.9307,0.6942,-4.9700,19.4600,1.3300,-0.1699,0.6654,0.0455,0
64707,3.1955,-10.4387,0.5266,-10.0100,5.1100,-12.6700,-0.3423,0.1747,-0.4332,0
64746,3.1069,-10.0461,0.3351,-2.3800,18.3400,-22.7500,-0.0814,0.6271,-0.7779,0
64785,3.9232,-9.3735,0.5673,-15.9600,22.8200,-25.2000,-0.5457,0.7803,-0.8617,0
64824,4.7250,-9.6296,0.9072,-16.7300,34.2300,-20.7200,-0.5721,1.1705,-0.7085,0
64863,4.6628,-9.9528,1.0867,-38.0100,59.7100,-22.9600,-1.2997,2.0418,-0.7851,0
64902,4.9357,-10.2974,0.9718,-27.0200,53.4800,-27.3700,-0.9239,1.8287,-0.9359,0
64941,3.4827,-9.5434,0.2370,-15.8200,47.3200,-25.5500,-0.5410,1.6181,-0.8737,0
64980,2.8508,-8.8684,0.6200,-9.2400,35.7700,-18.8300,-0.3160,1.2232,-0.6439,0
65019,3.2338,-8.8445,0.8043,-7.0000,27.3000,-18.4800,-0.2394,0.9335,-0.6319,0
65058,2.7096,-8.2628,0.0957,-1.5400,31.6400,-28.0700,-0.0527,1.0819,-0.9598,0
65097,1.8575,-7.4275,-0.1364,-7.7000,32.6200,-42.4200,-0.2633,1.1154,-1.4505,0
65136,1.8383,-7.4442,0.4524,-14.2800,14.9100,-51.6600,-0.4883,0.5098,-1.7665,0
65175,4.4785,-11.3722,0.7325,1.3300,-4.3400,-31.8500,0.0455,-0.1484,-1.0891,0
65214,6.3934,-11.1544,-0.1747,-9.6600,-3.9200,-14.9100,-0.3303,-0.1340,-0.5098,0
65253,4.4474,-8.3538,0.8282,3.3600,8.4000,-31.5700,0.1149,0.2872,-1.0795,0
65292,4.7562,-8.2413,0.1939,-5.6000,-17.5000,-36.4700,-0.1915,-0.5984,-1.2471,0
65331,6.5729,-8.5549,-0.0191,-41.7900,-31.8500,-32.1300,-1.4290,-1.0891,-1.0987,0
65370,6.0272,-7.6764,-0.2585,-1.8200,-33.6000,-35.7700,-0.0622,-1.1489,-1.2232,0
65409,6.7908,-7.2982,-0.0263,7.2800,-46.2000,-39.6900,0.2489,-1.5798,-1.3572,0
65448,7.2671,-6.5131,-0.1101,10.5700,-35.9800,-39.7600,0.3614,-1.2303,-1.3596,0
65487,6.5514,-5.7735,-0.8689,16.8700,-31.0800,-35.8400,0.5769,-1.0628,-1.2255,0
65526,6.2570,-4.5814,-1.6133,8.6800,-31.6400,-26.6700,0.2968,-1.0819,-0.9120,0
65565,6.6352,-4.3469,-2.7048,3.8500,-21.9800,-9.8000,0.1317,-0.7516,-0.3351,0
65604,7.4323,-3.9710,-2.0083,-15.6100,4.4100,-6.9300,-0.5338,0.1508,-0.2370,0
65643,9.3448,-7.4275,-2.6210,-53.1300,0.7000,-5.3900,-1.8168,0.0239,-0.1843,0
65682,8.5525,-8.8421,-3.1237,-37.2400,-2.1700,-3.6400,-1.2734,-0.0742,-0.1245,0
65721,7.8487,-9.2969,-1.3380,-23.8000,2.7300,-6.9300,-0.8138,0.0934,-0.2370,0
65760,8.4424,-7.5184,-1.6396,-18.9000,7.7000,-10.7800,-0.6463,0.2633,-0.3686,0
65799,9.2634,-6.9583,-2.0346,-22.3300,21.8400,-32.7600,-0.7636,0.7468,-1.1202,0
65838,8.3442,-8.7823,-0.7564,-45.2900,-22.9600,-47.3900,-1.5487,-0.7851,-1.6205,0
65877,8.5022,-7.4251,-1.4194,-11.2000,-44.8700,-66.2200,-0.3830,-1.5343,-2.2644,0
65916,6.1373,-4.5359,-1.9724,-23.3800,-1.8900,-66.7100,-0.7995,-0.0646,-2.2811,0
65955,5.7639,-2.8077,-1.4458,-23.2400,13.5100,-22.3300,-0.7947,0.4620,-0.7636,0
65994,6.8530,-1.8910,-3.1596,21.9100,4.1300,10.4300,0.7492,0.1412,0.3567,0
66033,6.2570,-1.2112,-2.3912,10.7800,2.2400,-0.0700,0.3686,0.0766,-0.0024,0
66072,7.2479,-1.5559,-2.5205,-2.0300,17.9200,2.1700,-0.0694,0.6128,0.0742,0
66111,10.1754,-4.3038,-2.0250,-27.0900,-3.4300,13.3700,-0.9263,-0.1173,0.4572,0
66150,11.4416,-7.3533,-1.4793,-32.7600,-10.8500,10.2200,-1.1202,-0.3710,0.3495,0
66189,9.0767,-8.2245,-1.9365,-2.9400,-0.8400,-21.4900,-0.1005,-0.0287,-0.7348,0
66228,8.2078,-7.8320,-2.3218,0.7700,34.3700,-17.2200,0.0263,1.1753,-0.5888,0
66267,8.1623,-9.0144,-3.2123,37.6600,10.5000,12.8100,1.2878,0.3590,0.4380,0
66306,8.6243,-8.2605,-4.0620,56.9100,1.6100,6.8600,1.9460,0.0551,0.2346,0
66345,8.2341,-6.6663,-3.5354,52.0100,10.3600,-2.0300,1.7785,0.3543,-0.0694,0
66384,8.1216,-6.3910,-3.7245,76.2300,27.0900,-4.4100,2.6067,0.9263,-0.1508,0
66423,7.4323,-4.0859,-2.1327,94.7100,112.0000,-6.7900,3.2386,3.8298,-0.2322,0
66462,5.7160,-1.6732,-0.8426,65.4500,139.5100,17.0800,2.2381,4.7705,0.5840,0
66501,8.0043,-1.8862,2.2907,5.3200,29.2600,43.1900,0.1819,1.0005,1.4769,0
66540,8.9283,-4.0668,0.9742,-5.5300,-42.7000,47.6000,-0.1891,-1.4601,1.6277,0
66579,8.4831,-7.2767,0.4883,-29.8900,-73.2900,51.5900,-1.0221,-2.5061,1.7641,0
66618,7.2503,-6.0104,2.1088,-37.8000,-78.1900,45.5000,-1.2926,-2.6737,1.5559,0
66657,5.0219,-4.0835,0.8928,-7.4900,-65.4500,46.6900,-0.2561,-2.2381,1.5966,0
66696,6.9655,-7.4370,-0.4117,30.8700,-86.3100,73.6400,1.0556,-2.9514,2.5181,0
66735,4.4354,-8.6769,0.9359,8.4000,-69.9300,59.6400,0.2872,-2.3912,2.0394,0
66774,5.0051,-7.6118,0.1293,24.7800,-69.7200,49.0700,0.8473,-2.3841,1.6779,0
66813,7.1929,-7.6357,-1.9317,67.7600,-65.0300,55.5100,2.3170,-2.2237,1.8982,0
66852,7.0636,-8.3586,-0.6391,52.0100,-71.1200,52.7100,1.7785,-2.4319,1.8024,0
66891,6.5753,-8.2317,-1.0053,23.1700,-73.0100,42.3500,0.7923,-2.4966,1.4482,0
66930,5.1415,-8.9833,0.1293,32.0600,-54.7400,35.6300,1.0963,-1.8718,1.2184,0
66969,6.0607,-9.9264,-0.8976,53.2000,-59.1500,32.0600,1.8192,-2.0226,1.0963,0
67008,5.6777,-9.5123,-0.9958,46.6900,-48.5800,33.3200,1.5966,-1.6612,1.1394,0
67047,5.2325,-8.8158,-0.0383,31.5000,-47.6000,37.0300,1.0771,-1.6277,1.2662,0
67086,4.6963,-9.0575,-0.7660,26.3900,-38.7800,32.8300,0.9024,-1.3261,1.1226,0
67125,4.0213,-9.2466,-1.0317,7.4200,-41.0200,24.9200,0.2537,-1.4027,0.8521,0
67164,2.6498,-8.4304,-0.9575,11.7600,-46.4100,7.1400,0.4021,-1.5870,0.2442,0
67203,2.3912,-8.6506,-1.3261,26.4600,-48.8600,-10.2200,0.9048,-1.6708,-0.3495,0
67242,1.9077,-7.4682,-1.3668,31.8500,-51.5900,-20.3700,1.0891,-1.7641,-0.6965,0
67281,2.3075,-7.5280,-1.6899,16.9400,-51.2400,-28.0700,0.5793,-1.7521,-0.9598,0
67320,3.1165,-8.3323,-1.4673,1.9600,-42.4900,-35.0700,0.0670,-1.4529,-1.1992,0
67359,2.9083,-8.8421,-2.3529,18.4100,-32.9700,-47.6700,0.6295,-1.1274,-1.6301,0
67398,2.0753,-8.3849,-1.3309,9.7300,-35.0000,-68.5300,0.3327,-1.1968,-2.3434,0
67437,3.8394,-7.8128,-1.1154,4.2000,-44.7300,-83.9300,0.1436,-1.5295,-2.8700,0
67476,8.8301,-10.1442,-0.7157,29.8900,-47.2500,-78.8200,1.0221,-1.6157,-2.6952,0
67515,9.0599,-10.0916,-1.4865,27.9300,-40.7400,-63.2100,0.9551,-1.3931,-2.1615,0
67554,6.3240,-8.5884,-1.2543,-1.1200,-25.6900,-53.4100,-0.0383,-0.8785,-1.8263,0
67593,6.4341,-7.8727,-0.7468,4.6900,-26.1800,-35.9800,0.1604,-0.8952,-1.2303,0
67632,6.2953,-8.5453,-0.6415,16.5900,-30.1000,-34.2300,0.5673,-1.0293,-1.1705,0
67671,5.8237,-7.6716,-1.1681,35.0000,-32.7600,-31.6400,1.1968,-1.1202,-1.0819,0
67710,5.8309,-6.7932,-1.7043,47.0400,-35.0000,-26.1800,1.6085,-1.1968,-0.8952,0
67749,6.0487,-6.3934,-1.2614,42.3500,-37.8000,-28.2800,1.4482,-1.2926,-0.9670,0
67788,6.5059,-6.1684,-1.9173,43.3300,-38.0800,-34.8600,1.4817,-1.3021,-1.1920,0
67827,6.4102,-5.9219,-2.0657,27.2300,-34.6500,-39.2000,0.9311,-1.1849,-1.3404,0
67866,6.5610,-5.5078,-2.2524,27.1600,-41.6500,-41.0200,0.9287,-1.4242,-1.4027,0
67905,8.3035,-4.9836,-2.6043,30.5200,-42.0700,-39.4100,1.0436,-1.4386,-1.3476,0
67944,8.9379,-5.0123,-2.4008,42.8400,-26.1100,-31.9900,1.4649,-0.8928,-1.0939,0
67983,8.7033,-4.8950,-1.9724,35.7700,-19.7400,-25.2000,1.2232,-0.6750,-0.8617,0
68022,8.6386,-5.2660,-1.5822,29.3300,-13.3700,-24.5700,1.0029,-0.4572,-0.8402,0
68061,8.5740,-6.0679,-1.4721,31.9200,-17.2900,-30.3800,1.0915,-0.5912,-1.0388,0
68100,8.6123,-5.6298,-1.5726,43.5400,-17.7800,-28.9100,1.4888,-0.6080,-0.9886,0
68139,7.7985,-5.3474,-1.4505,52.2200,-25.5500,-21.4900,1.7857,-0.8737,-0.7348,0
68178,8.8589,-5.3450,-1.2040,60.3400,-31.4300,-9.6600,2.0633,-1.0747,-0.3303,0
68217,8.8517,-4.3229,-1.1705,64.1200,-10.4300,-3.0800,2.1926,-0.3567,-0.1053,0
68256,8.8421,-4.4594,-1.1849,83.6500,-12.9500,-3.3600,2.8604,-0.4428,-0.1149,0
68295,8.0953,-3.6695,-1.2878,45.7100,-13.3000,-21.0000,1.5630,-0.4548,-0.7181,0
68334,9.2179,-2.1567,-1.2902,33.3200,-15.4700,-26.6700,1.1394,-0.5290,-0.9120,0
68373,8.8421,-2.1758,-0.7468,-6.3000,-14.2800,-21.2100,-0.2154,-0.4883,-0.7253,0
68412,8.4974,-5.1344,-1.9365,9.9400,-50.1900,2.6600,0.3399,-1.7162,0.0910,0
68451,8.8517,-7.1857,-0.5721,-7.8400,-47.3200,12.2500,-0.2681,-1.6181,0.4189,0
68490,8.8948,-7.0349,-2.2476,33.3200,-7.4200,-2.5900,1.1394,-0.2537,-0.0886,0
68529,9.0767,-7.6477,-1.9365,26.7400,-2.2400,-6.2300,0.9144,-0.0766,-0.2130,0
68568,8.7559,-5.7471,-1.3787,23.8000,6.9300,-16.3800,0.8138,0.2370,-0.5601,0
68607,8.6123,-4.7083,-1.5439,36.4000,7.7000,-6.9300,1.2447,0.2633,-0.2370,0
68646,8.1647,-5.7806,-2.4008,47.6000,4.1300,4.8300,1.6277,0.1412,0.1652,0
68685,7.6644,-5.9793,-2.1615,46.8300,17.2900,10.1500,1.6013,0.5912,0.3471,0
68724,7.6429,-6.1493,-2.5420,60.0600,15.8200,17.4300,2.0537,0.5410,0.5960,0
68763,7.4011,-6.0056,-1.1466,64.7500,34.1600,23.8000,2.2141,1.1681,0.8138,0
68802,9.0743,-6.3120,-0.2442,74.1300,29.9600,21.4900,2.5349,1.0245,0.7348,0
68841,8.7559,-5.4216,-0.0838,68.5300,30.3800,1.2600,2.3434,1.0388,0.0431,0
68880,7.8081,-5.5987,-0.2226,56.4200,13.5100,4.3400,1.9293,0.4620,0.1484,0
68919,8.1862,-4.9740,0.6822,34.4400,-8.1900,26.0400,1.1777,-0.2801,0.8904,0
68958,9.3711,-6.2235,0.7755,29.6100,-24.5000,39.6200,1.0125,-0.8378,1.3548,0
68997,8.2437,-5.6251,2.1902,23.5900,2.1000,24.6400,0.8067,0.0718,0.8426,0
69036,6.6424,-3.7149,1.5080,17.1500,-6.7200,13.5100,0.5864,-0.2298,0.4620,0
69075,5.9506,-3.9567,1.0173,12.5300,-45.0800,25.9000,0.4285,-1.5415,0.8856,0
69114,6.2091,-5.0171,1.9173,-7.1400,-71.6800,34.7900,-0.2442,-2.4511,1.1896,0
69153,7.8847,-5.8764,3.2577,-5.2500,-84.4900,38.7800,-0.1795,-2.8891,1.3261,0
69192,5.3211,-5.9362,2.2189,20.3700,-87.8500,31.2900,0.6965,-3.0040,1.0700,0
69231,7.6860,-8.0570,1.9987,30.5200,-79.2400,44.8000,1.0436,-2.7096,1.5319,0
69270,7.7961,-7.0708,0.6056,12.1800,-56.6300,40.3200,0.4165,-1.9365,1.3787,0
69309,8.7416,-6.8530,-0.0551,14.0700,-75.9500,46.9000,0.4811,-2.5971,1.6037,0
69348,7.8368,-7.1809,0.4787,14.3500,-85.3300,55.5100,0.4907,-2.9178,1.8982,0
69387,7.6668,-8.9738,-1.7545,26.3200,-78.3300,60.9000,0.9000,-2.6785,2.0825,0
69426,5.9434,-8.6578,-0.7325,29.8200,-59.4300,71.8900,1.0197,-2.0322,2.4583,0
69465,5.3498,-9.2418,-0.6798,36.4700,-54.3200,65.3100,1.2471,-1.8575,2.2333,0
69504,4.9381,-8.9043,-1.5463,39.2000,-28.8400,28.6300,1.3404,-0.9862,0.9790,0
69543,3.3296,-8.1264,-1.0556,31.2900,-5.3200,-15.8900,1.0700,-0.1819,-0.5434,0
69582,1.6468,-7.8416,-3.3415,-9.3100,-5.4600,-46.2700,-0.3184,-0.1867,-1.5822,0
69621,0.5936,-6.7596,-2.8173,-1.8900,-12.0400,-75.7400,-0.0646,-0.4117,-2.5899,0
69660,1.1537,-5.5987,-2.0681,-13.0200,-14.2100,-97.2300,-0.4452,-0.4859,-3.3248,0
69699,6.2306,-6.1660,-0.6511,34.3000,-34.1600,-98.2100,1.1729,-1.1681,-3.3583,0
69738,11.9371,-7.6788,-1.5822,81.4800,-57.3300,-44.4500,2.7862,-1.9604,-1.5200,0
69777,8.4902,-5.1535,-0.9886,1.7500,-23.7300,-51.3100,0.0598,-0.8114,-1.7545,0
69816,9.0049,-7.0373,-0.6583,-19.8100,-19.2500,-30.2400,-0.6774,-0.6583,-1.0341,0
69855,9.7230,-8.4711,0.0048,-23.2400,-5.6700,-13.0900,-0.7947,-0.1939,-0.4476,0
69894,8.0809,-8.7248,-1.3476,-18.1300,4.7600,-15.3300,-0.6200,0.1628,-0.5242,0
69933,6.1756,-7.2360,0.1053,-6.7900,-0.2100,-19.9500,-0.2322,-0.0072,-0.6822,0
69972,7.2647,-6.2354,-0.2944,9.8000,-12.8100,-19.0400,0.3351,-0.4380,-0.6511,0
70011,7.5543,-5.0602,-0.5003,12.7400,-14.0700,-19.1800,0.4356,-0.4811,-0.6559,0
70050,7.2647,-4.4522,-0.5122,12.7400,-15.1900,-14.9800,0.4356,-0.5194,-0.5122,0
70089,7.9421,-3.9208,-0.7348,24.9900,-12.8100,-9.3100,0.8545,-0.4380,-0.3184,0
70128,8.9402,-3.9375,-1.4338,28.4900,-9.5900,-13.8600,0.9742,-0.3279,-0.4739,0
70167,9.2825,-4.5192,-1.2878,-1.6800,-14.2100,-14.2100,-0.0574,-0.4859,-0.4859,0
70206,9.5291,-5.6753,-0.8067,-10.0800,-8.2600,-5.7400,-0.3447,-0.2824,-0.1963,0
70245,9.3376,-6.1923,-1.1083,-18.0600,-13.8600,-4.7600,-0.6176,-0.4739,-0.1628,0
70284,8.4113,-6.2450,-1.7162,-15.0500,-6.7200,-3.5700,-0.5146,-0.2298,-0.1221,0
70323,8.2389,-6.6830,-1.7928,-8.1900,-7.5600,-1.1900,-0.2801,-0.2585,-0.0407,0
70362,8.5190,-6.2330,-1.4817,6.8600,-0.7000,-10.2200,0.2346,-0.0239,-0.3495,0
70401,8.2269,-5.4479,-1.6899,14.5600,-0.6300,-15.6800,0.4979,-0.0215,-0.5362,0
70440,7.7817,-5.6993,-1.5942,8.7500,-0.7000,-13.2300,0.2992,-0.0239,-0.4524,0
70479,8.2317,-5.3474,-1.1968,13.8600,-3.7800,-12.7400,0.4739,-0.1293,-0.4356,0
70518,8.8924,-3.9567,-1.5415,20.3000,1.6800,-0.1400,0.6942,0.0574,-0.0048,0
70557,7.9852,-4.6078,-2.0442,0.9800,7.4900,2.6600,0.0335,0.2561,0.0910,0
70596,7.6860,-5.2852,-2.3338,-7.9100,8.0500,7.5600,-0.2705,0.2753,0.2585,0
70635,7.2647,-6.5035,-2.8843,1.8900,16.1700,5.2500,0.0646,0.5529,0.1795,0
70674,7.0804,-6.0751,-2.2141,7.1400,29.4700,4.4100,0.2442,1.0077,0.1508,0
70713,8.5932,-5.6179,-0.9503,16.6600,32.2000,13.3000,0.5697,1.1011,0.4548,0
70752,8.6075,-6.0009,-0.8306,30.8000,29.5400,16.0300,1.0532,1.0101,0.5481,0
70791,8.3897,-5.6610,-0.3782,20.7900,12.3200,11.9000,0.7109,0.4213,0.4069,0
70830,9.2514,-5.7232,-0.4548,10.6400,17.6400,11.2700,0.3638,0.6032,0.3854,0
70869,8.0905,-6.1995,-1.0317,12.2500,35.6300,19.1100,0.4189,1.2184,0.6535,0
70908,5.5030,-5.3881,0.4763,3.9200,36.2600,42.0000,0.1340,1.2399,1.4362,0
70947,1.6277,-4.2559,1.3452,12.6700,9.8000,69.9300,0.4332,0.3351,2.3912,0
70986,5.1487,-7.7267,0.9958,8.3300,-68.6000,102.4800,0.2848,-2.3458,3.5043,0
71025,6.2618,-7.7051,1.9580,-14.6300,-73.0800,100.3100,-0.5003,-2.4990,3.4301,0
71064,5.8261,-7.5184,-0.4907,16.3800,-75.8800,56.4900,0.5601,-2.5947,1.9317,0
71103,6.2091,-7.3413,0.0862,28.9800,-74.2700,39.7600,0.9910,-2.5397,1.3596,0
71142,6.8530,-8.6099,0.1532,26.4600,-69.6500,35.5600,0.9048,-2.3817,1.2160,0
71181,5.9123,-9.2514,0.1149,15.0500,-62.6500,15.6100,0.5146,-2.1423,0.5338,0
71220,7.0301,-10.3429,-0.7037,6.5100,-61.8100,-10.4300,0.2226,-2.1136,-0.3567,0
71259,7.8894,-9.8211,-1.7593,3.6400,-49.5600,-36.1900,0.1245,-1.6947,-1.2375,0
71298,7.6573,-9.8953,-1.0652,40.1100,-43.2600,-53.7600,1.3716,-1.4793,-1.8383,0
71337,6.9463,-8.2078,-0.9838,81.1300,-31.7800,-61.1800,2.7742,-1.0867,-2.0920,0
71376,4.8399,-6.4269,-1.1825,101.5700,-32.6900,-73.9200,3.4732,-1.1178,-2.5277,0
71415,3.7245,-5.7806,0.0048,89.0400,-30.6600,-92.1900,3.0447,-1.0484,-3.1524,0
71454,7.0660,-5.0554,0.8426,129.6400,-49.0700,-57.1900,4.4330,-1.6779,-1.9556,0
71493,9.7637,-1.8694,1.2710,133.6300,-93.2400,-46.4100,4.5695,-3.1883,-1.5870,0
71532,10.2065,-3.7365,-1.6109,62.6500,-71.6100,-62.7200,2.1423,-2.4487,-2.1447,0
71571,6.6184,-5.7854,-0.3399,35.4900,-41.3000,-11.9700,1.2136,-1.4122,-0.4093,0
71610,7.4466,-7.5854,-1.1466,31.6400,-58.6600,25.9700,1.0819,-2.0059,0.8880,0
71649,9.3759,-6.8913,-1.6229,30.8700,-43.3300,18.4100,1.0556,-1.4817,0.6295,0
71688,8.8086,-7.9972,-1.8646,22.4000,-37.1700,3.0100,0.7660,-1.2710,0.1029,0
71727,8.1886,-7.6477,-1.2734,12.5300,-32.3400,-3.9200,0.4285,-1.1059,-0.1340,0
71766,9.0934,-6.1301,-0.9120,20.7200,-16.1700,-10.0100,0.7085,-0.5529,-0.3423,0
71805,7.6644,-6.2809,-1.5176,23.2400,-4.9700,-7.3500,0.7947,-0.1699,-0.2513,0
71844,6.8314,-6.3503,-0.9407,19.6700,-0.4200,3.7100,0.6726,-0.0144,0.1269,0
71883,8.0019,-5.6681,-0.4524,30.0300,17.0100,11.9000,1.0269,0.5817,0.4069,0
71922,8.6674,-4.0070,0.0957,23.2400,25.3400,16.0300,0.7947,0.8665,0.5481,0
71961,9.2466,-2.8748,0.0574,0.1400,35.9800,31.2900,0.0048,1.2303,1.0700,0
72000,7.3652,-1.0341,0.2346,-28.3500,58.2400,55.4400,-0.9694,1.9915,1.8958,0
72039,8.0761,-9.5961,1.8790,-20.1600,-20.5100,87.2200,-0.6894,-0.7013,2.9825,0
72078,5.3019,-9.3974,0.3543,-42.0000,-19.8100,66.4300,-1.4362,-0.6774,2.2716,0
72117,4.0668,-9.5674,0.2537,18.0600,4.1300,76.0900,0.6176,0.1412,2.6019,0
72156,4.9405,-9.6129,0.9814,4.8300,21.4900,73.1500,0.1652,0.7348,2.5014,0
72195,5.0506,-10.0006,-0.1795,-15.1900,23.1700,50.6800,-0.5194,0.7923,1.7330,0
72234,4.6867,-8.8038,-0.0311,-25.6200,57.1900,27.6500,-0.8761,1.9556,0.9455,0
72273,3.4444,-8.1982,0.5769,-25.9700,68.6700,29.2600,-0.8880,2.3482,1.0005,0
72312,2.5109,-8.8397,-0.0670,-26.5300,67.5500,23.3800,-0.9072,2.3099,0.7995,0
72351,3.0447,-8.7488,-0.2944,-54.0400,57.4000,4.2000,-1.8479,1.9628,0.1436,0
72390,3.1093,-9.7062,-0.2130,-39.4100,53.4800,0.3500,-1.3476,1.8287,0.0120,0
72429,2.9777,-10.2424,-0.3782,-22.4700,52.5000,1.1200,-0.7684,1.7952,0.0383,0
72468,2.5923,-8.7990,0.5098,-7.7000,48.7200,-9.3100,-0.2633,1.6660,-0.3184,0
72507,2.6498,-7.9589,-0.1891,-15.4000,51.5900,-22.4700,-0.5266,1.7641,-0.7684,0
72546,1.4649,-9.1150,-1.4314,-29.9600,54.1100,-39.6900,-1.0245,1.8503,-1.3572,0
72585,1.3787,-9.5841,0.2944,-71.0500,56.0000,-60.0600,-2.4295,1.9149,-2.0537,0
72624,1.4266,-10.5177,0.5817,-47.0400,20.7900,-66.4300,-1.6085,0.7109,-2.2716,0
72663,4.1458,-8.8158,-0.3950,-33.9500,-6.4400,-67.5500,-1.1609,-0.2202,-2.3099,0
72702,7.6429,-7.9038,-1.5343,-14.2100,4.6900,-68.6700,-0.4859,0.1604,-2.3482,0
72741,7.7171,-6.6735,-0.1771,-32.8300,24.5700,-54.9500,-1.1226,0.8402,-1.8790,0
72780,6.9727,-7.3963,-0.9646,-67.0600,39.1300,-42.2100,-2.2931,1.3380,-1.4434,0
72819,6.4245,-8.9929,-0.6511,-85.8900,20.1600,-34.3700,-2.9370,0.6894,-1.1753,0
72858,6.6567,-9.4118,0.6606,-73.7100,8.1900,-34.0900,-2.5205,0.2801,-1.1657,0
72897,8.1216,-7.1618,0.4332,-4.9000,9.4500,-29.8900,-0.1676,0.3231,-1.0221,0
72936,7.3987,-3.5234,-1.1106,4.3400,3.1500,-19.3900,0.1484,0.1077,-0.6630,0
72975,9.3783,-3.8226,-1.5008,-14.9100,9.3100,2.2400,-0.5098,0.3184,0.0766,0
73014,10.2256,-4.0524,-1.0556,-36.8200,25.2700,1.5400,-1.2591,0.8641,0.0527,0
73053,9.6871,-4.9309,-1.1729,-52.5000,23.6600,-1.8200,-1.7952,0.8091,-0.0622,0
73092,8.5836,-6.4413,-1.0484,-74.4100,19.3200,-6.7200,-2.5444,0.6606,-0.2298,0
73131,7.7195,-7.0780,-1.5559,-64.3300,27.0200,-18.2700,-2.1998,0.9239,-0.6247,0
73170,6.8291,-7.0062,-2.0178,-36.6100,8.0500,-16.1700,-1.2519,0.2753,-0.5529,0
73209,7.6309,-6.1469,-1.2112,-25.8300,10.0100,-8.3300,-0.8833,0.3423,-0.2848,0
73248,9.0360,-5.0003,-1.1561,-13.5800,11.7600,-5.1800,-0.4644,0.4021,-0.1771,0
73287,8.4472,-4.3373,-1.6085,-26.0400,16.7300,-7.7000,-0.8904,0.5721,-0.2633,0
73326,7.7075,-5.2516,-0.8713,-35.4900,25.7600,0.1400,-1.2136,0.8809,0.0048,0
73365,6.9966,-6.1995,-1.3572,-27.6500,19.2500,1.6800,-0.9455,0.6583,0.0574,0
73404,7.4658,-5.5317,-1.6085,-6.8600,18.6900,7.0700,-0.2346,0.6391,0.2418,0
73443,6.7142,-5.9147,-2.1950,3.7100,13.7900,9.9400,0.1269,0.4715,0.3399,0
73482,8.0235,-5.9578,-1.1585,-2.2400,12.5300,12.9500,-0.0766,0.4285,0.4428,0
73521,9.0025,-5.7112,-1.8718,-6.5800,34.5800,11.9000,-0.2250,1.1825,0.4069,0
73560,8.0594,-5.5365,-2.9322,-3.5000,42.0700,12.8800,-0.1197,1.4386,0.4404,0
73599,8.1623,-6.7142,-2.2787,-24.6400,22.3300,24.3600,-0.8426,0.7636,0.8330,0
73638,8.5477,-7.9253,-1.1657,-23.5900,47.3200,29.2600,-0.8067,1.6181,1.0005,0
73677,7.5304,-7.1666,-0.3806,-10.2200,47.8800,17.6400,-0.3495,1.6372,0.6032,0
73716,8.2078,-6.9080,-0.8593,0.6300,33.8800,16.1000,0.0215,1.1585,0.5505,0
73755,9.0863,-6.9607,-1.4242,1.6100,36.4000,9.1700,0.0551,1.2447,0.3136,0
73794,7.7674,-7.0517,-0.2154,16.1700,40.8100,9.5200,0.5529,1.3955,0.3255,0
73833,7.0469,-5.3522,0.7684,9.1000,26.8100,18.2000,0.3112,0.9168,0.6223,0
73872,7.4227,-5.0793,-0.2824,10.0800,20.3700,31.1500,0.3447,0.6965,1.0652,0
73911,7.4035,-7.5543,0.3519,18.4800,27.5800,38.7100,0.6319,0.9431,1.3237,0
73950,7.0756,-7.3916,1.9173,12.9500,20.7900,24.7800,0.4428,0.7109,0.8473,0
73989,7.1139,-5.4934,2.9298,24.9200,9.7300,15.7500,0.8521,0.3327,0.5386,0
74028,5.9219,-3.9926,1.9628,5.2500,-13.0200,25.0600,0.1795,-0.4452,0.8569,0
74067,5.7495,-3.8921,1.6636,-27.5100,-36.0500,53.3400,-0.9407,-1.2327,1.8240,0
74106,4.7849,-5.8955,1.1346,-46.4100,-44.3100,71.8900,-1.5870,-1.5152,2.4583,0
74145,5.6921,-6.3791,1.9700,-55.2300,-48.7900,74.1300,-1.8886,-1.6684,2.5349,0
74184,7.3987,-8.0594,1.5319,-37.4500,-43.8200,55.7900,-1.2806,-1.4984,1.9077,0
74223,8.0283,-6.6687,0.7157,-41.6500,-43.6100,39.4100,-1.4242,-1.4912,1.3476,0
74262,6.2474,-9.8139,1.1370,-64.2600,-20.1600,53.2700,-2.1974,-0.6894,1.8216,0
74301,5.3498,-8.9019,-2.4535,-55.5100,-30.1700,33.3200,-1.8982,-1.0317,1.1394,0
74340,1.1849,-8.5309,-2.2931,-10.4300,7.4900,4.4800,-0.3567,0.2561,0.1532,0
74379,-1.0436,-7.2934,-0.9072,20.4400,-20.1600,-36.5400,0.6989,-0.6894,-1.2495,0
74418,0.8378,-4.2655,-0.5314,57.5400,-75.7400,-51.1000,1.9676,-2.5899,-1.7474,0
74457,8.6315,-7.1139,0.5218,68.6700,-91.2100,24.4300,2.3482,-3.1189,0.8354,0
74496,7.3700,-3.8394,-0.3327,63.4200,-79.2400,38.7800,2.1686,-2.7096,1.3261,0
74535,6.0463,-3.0351,0.2561,51.7300,-83.3000,64.0500,1.7689,-2.8484,2.1902,0
74574,3.1069,-4.5934,-0.5338,-4.3400,-68.9500,101.0100,-0.1484,-2.3577,3.4540,0
74613,2.7527,-4.8112,-0.2681,-31.2200,-61.5300,97.3000,-1.0676,-2.1040,3.3272,0
74652,3.6479,-6.4078,-1.7354,15.5400,-82.3900,84.5600,0.5314,-2.8173,2.8915,0
74691,5.4886,-6.5993,-1.1609,19.2500,-108.0800,75.2500,0.6583,-3.6958,2.5732,0
74730,3.4492,-5.5030,-0.8880,10.9200,-115.6400,124.5300,0.3734,-3.9543,4.2583,0
74769,2.5684,-8.0067,-0.9503,44.6600,-131.1800,148.4700,1.5271,-4.4857,5.0769,0
74808,3.4181,-5.0673,-1.3739,38.5000,-98.2100,154.2800,1.3165,-3.3583,5.2756,1
74847,0.9622,-3.9950,-0.8043,89.6000,-70.7700,151.4100,3.0639,-2.4200,5.1774,0
74886,2.2955,-0.9503,-1.5607,30.3100,-30.1000,145.1800,1.0364,-1.0293,4.9644,0
74925,-11.5613,-4.5312,6.9822,53.4800,96.7400,221.9700,1.8287,3.3080,7.5902,0
74964,-28.6255,-16.4922,-1.8024,78.4000,-118.1600,341.5300,2.6809,-4.0405,11.6786,0
75003,-32.7235,-16.5089,-8.8636,-327.2500,188.7900,208.8100,-11.1903,6.4556,7.1402,0
75042,-30.7750,-18.3903,-5.5915,-39.6200,-2.0300,191.3800,-1.3548,-0.0694,6.5442,0
75081,-24.8292,-10.0844,-3.3726,40.8100,-127.2600,170.0300,1.3955,-4.3516,5.8142,0
75120,-18.3473,-7.9206,-0.6822,12.8800,-43.6100,34.7200,0.4404,-1.4912,1.1872,0
75159,-8.4208,-1.7330,-1.2997,-54.1100,2.9400,-35.9800,-1.8503,0.1005,-1.2303,0
75198,-5.6777,-0.0838,-2.4391,-27.7200,27.2300,-26.6700,-0.9479,0.9311,-0.9120,0
75237,-1.9412,5.1870,0.2777,13.5100,-44.7300,-16.3100,0.4620,-1.5295,-0.5577,0
75276,-0.1197,2.4798,-0.1604,2.2400,-43.1200,39.4800,0.0766,-1.4745,1.3500,0
75315,2.5851,1.3309,0.3423,-58.5900,27.3000,73.4300,-2.0035,0.9335,2.5109,0
75354,1.8431,-1.2997,0.3830,-57.7500,34.5800,87.5000,-1.9748,1.1825,2.9921,0
75393,-1.3045,-2.1208,0.3973,16.4500,22.1200,79.2400,0.5625,0.7564,2.7096,0
75432,-4.9237,-1.5247,-1.1250,19.7400,34.2300,40.7400,0.6750,1.1705,1.3931,0
75471,-10.1825,1.4218,-0.4763,41.8600,16.5200,5.8800,1.4314,0.5649,0.2011,0
75510,-17.2534,3.9328,-0.4715,67.6200,-179.3400,0.9800,2.3123,-6.1325,0.0335,0
75549,-16.2744,-4.8902,-4.1003,7.4200,-68.7400,-29.4700,0.2537,-2.3506,-1.0077,0
75588,-15.9369,0.4117,1.1513,-24.2200,10.7800,-58.8700,-0.8282,0.3686,-2.0131,0
75627,-16.8273,-2.1639,-2.4343,-33.1800,57.4000,-110.6700,-1.1346,1.9628,-3.7843,0
75666,-12.5810,-2.0920,-2.5780,-23.4500,39.4100,-129.7800,-0.8019,1.3476,-4.4378,0
75705,-9.7373,-2.6785,-1.6540,3.2900,25.7600,-133.7000,0.1125,0.8809,-4.5719,0
75744,-7.4777,-3.5187,0.0503,23.8000,10.0800,-150.4300,0.8138,0.3447,-5.1439,0
75783,-4.8184,-4.8878,-0.6894,15.2600,-45.0100,-164.8500,0.5218,-1.5391,-5.6370,0
75822,-4.4594,-4.5766,-1.0747,72.3100,-26.3200,-154.7000,2.4726,-0.9000,-5.2899,0
75861,-3.4109,-5.8525,2.7766,64.8900,-13.5800,-142.5200,2.2189,-0.4644,-4.8735,0
75900,-2.6641,-7.2144,2.3649,83.6500,6.6500,-129.6400,2.8604,0.2274,-4.4330,0
75939,-2.2548,-9.3926,2.4511,103.1100,14.3500,-94.0100,3.5258,0.4907,-3.2147,0
75978,-2.5468,-14.4265,1.7186,9.3800,24.2200,-21.7700,0.3207,0.8282,-0.7444,0
76017,-6.7692,-9.1820,1.8287,-56.7000,16.4500,34.9300,-1.9388,0.5625,1.1944,0
76056,-6.1229,-7.7865,-1.0843,-49.2100,26.5300,14.9800,-1.6827,0.9072,0.5122,0
76095,-5.0123,-8.0546,0.1939,-16.5200,16.6600,3.9900,-0.5649,0.5697,0.1364,0
76134,-4.2535,-6.6926,0.6343,-1.0500,14.3500,12.0400,-0.0359,0.4907,0.4117,0
76173,-4.0285,-5.5580,1.2854,-7.0000,26.8100,14.6300,-0.2394,0.9168,0.5003,0
76212,-5.3187,-6.3575,0.3303,11.4800,24.9200,10.9200,0.3926,0.8521,0.3734,0
76251,-6.8961,-7.9206,-0.9096,-9.5900,13.0200,7.7000,-0.3279,0.4452,0.2633,0
76290,-7.2144,-9.5674,-1.3572,-32.4100,18.0600,3.4300,-1.1083,0.6176,0.1173,0
76329,-7.1474,-9.2323,-1.3285,-17.1500,14.8400,1.6100,-0.5864,0.5075,0.0551,0
76368,-6.4197,-8.3466,-0.9981,0.0700,7.0700,-4.5500,0.0024,0.2418,-0.1556,0
76407,-5.9865,-7.8104,-0.6918,14.1400,1.1200,-10.1500,0.4835,0.0383,-0.3471,0
76446,-5.3953,-7.5974,-0.3279,15.2600,-3.4300,-12.1100,0.5218,-0.1173,-0.4141,0
76485,-5.2397,-7.7602,-0.0598,11.4100,-2.8700,-8.5400,0.3902,-0.0981,-0.2920,0
76524,-5.2684,-7.9732,0.0670,7.4200,-4.2000,-4.0600,0.2537,-0.1436,-0.1388,0
76563,-5.4934,-8.1815,0.0311,-0.1400,0.0000,-0.2100,-0.0048,0.0000,-0.0072,0
76602,-5.5748,-8.1671,-0.1101,-2.4500,-0.8400,2.9400,-0.0838,-0.0287,0.1005,0
76641,-5.6035,-7.9565,-0.1029,-2.5200,-0.8400,3.5000,-0.0862,-0.0287,0.1197,0
76680,-5.6298,-7.8966,-0.1340,-2.8000,-1.8200,3.0800,-0.0957,-0.0622,0.1053,0
76719,-5.5844,-7.9397,-0.2298,-3.5000,-0.7700,1.9600,-0.1197,-0.0263,0.0670,0
76758,-5.6562,-7.9062,-0.2633,-3.5700,1.6100,0.4900,-0.1221,0.0551,0.0168,0
76797,-5.6825,-7.9301,-0.2992,-3.6400,1.7500,-0.7700,-0.1245,0.0598,-0.0263,0
76836,-5.6634,-8.0378,-0.3399,-2.4500,2.4500,-2.4500,-0.0838,0.0838,-0.0838,0
76875,-5.6442,-8.1073,-0.3471,-1.8900,2.6600,-2.4500,-0.0646,0.0910,-0.0838,0
76914,-5.5293,-8.0043,-0.3136,-1.1900,1.3300,-2.3100,-0.0407,0.0455,-0.0790,0
76953,-5.4647,-8.0019,-0.3662,-2.1700,1.6800,-1.7500,-0.0742,0.0574,-0.0598,0
76992,-5.4838,-8.0211,-0.3614,-1.6800,0.0000,-0.0700,-0.0574,0.0000,-0.0024,0
77031,-5.5580,-8.0091,-0.3997,-2.0300,0.3500,0.4900,-0.0694,0.0120,0.0168,0
77070,-5.5365,-8.0235,-0.4117,-1.9600,0.9800,0.0700,-0.0670,0.0335,0.0024,0
77109,-5.5796,-8.0163,-0.4117,-1.4700,0.5600,0.0700,-0.0503,0.0191,0.0024,0
77148,-5.5652,-8.0163,-0.4332,-1.7500,0.7000,-0.2800,-0.0598,0.0239,-0.0096,0
77187,-5.5580,-8.0642,-0.4931,-1.9600,1.3300,-0.9800,-0.0670,0.0455,-0.0335,0
77226,-5.5269,-8.0402,-0.4763,-0.8400,0.6300,-0.9800,-0.0287,0.0215,-0.0335,0
77265,-5.4814,-8.0091,-0.4548,-1.4000,1.1900,-0.7700,-0.0479,0.0407,-0.0263,0
77304,-5.4886,-8.0283,-0.5194,-2.5900,1.7500,-0.5600,-0.0886,0.0598,-0.0191,0
77343,-5.5317,-8.0905,-0.5386,-0.2100,-0.0700,-0.2100,-0.0072,-0.0024,-0.0072,0
77382,-5.5197,-8.0714,-0.5529,-1.1900,0.6300,-0.2800,-0.0407,0.0215,-0.0096,0
77421,-5.4671,-8.0546,-0.5888,-0.2800,-0.0700,0.2800,-0.0096,-0.0024,0.0096,0
77460,-5.5149,-8.0283,-0.5481,0.6300,-0.8400,0.7000,0.0215,-0.0287,0.0239,0
77499,-5.5389,-8.0402,-0.5505,-0.2100,-0.0700,0.2100,-0.0072,-0.0024,0.0072,0
77538,-5.4982,-8.0498,-0.5673,0.2800,0.2100,-0.6300,0.0096,0.0072,-0.0215,0
77577,-5.4814,-8.0331,-0.5266,0.2100,0.2800,-0.5600,0.0072,0.0096,-0.0191,0
77616,-5.4743,-8.0115,-0.5003,-1.2600,0.7700,-0.4200,-0.0431,0.0263,-0.0144,0
77655,-5.4719,-8.0426,-0.6056,-1.5400,0.7000,-0.2800,-0.0527,0.0239,-0.0096,0
77694,-5.4886,-8.0522,-0.5625,-1.3300,0.9100,-0.3500,-0.0455,0.0311,-0.0120,0
77733,-5.4551,-8.0929,-0.6702,-1.6100,1.1200,-0.4900,-0.0551,0.0383,-0.0168,0
77772,-5.4886,-8.0283,-0.6200,-0.7700,0.4200,0.0700,-0.0263,0.0144,0.0024,0
77811,-5.4623,-8.0737,-0.6989,-0.9100,0.8400,-0.1400,-0.0311,0.0287,-0.0048,0
77850,-5.5461,-8.1144,-0.6487,1.3300,-1.3300,0.6300,0.0455,-0.0455,0.0215,0
77889,-5.4886,-8.0570,-0.6559,0.2100,-0.2100,0.0000,0.0072,-0.0072,0.0000,0
77928,-5.4599,-8.0235,-0.6176,0.0700,0.1400,-0.0700,0.0024,0.0048,-0.0024,0
77967,-5.4527,-8.0402,-0.6367,-0.2100,-0.0700,-0.1400,-0.0072,-0.0024,-0.0048,0
78006,-5.4527,-8.0450,-0.6391,-0.5600,0.5600,-0.2800,-0.0191,0.0191,-0.0096,0
78045,-5.4336,-8.0474,-0.6439,-0.7700,0.6300,-0.1400,-0.0263,0.0215,-0.0048,0
78084,-5.4910,-8.0977,-0.6846,-0.1400,-0.4900,0.4200,-0.0048,-0.0168,0.0144,0
78123,-5.5054,-8.0785,-0.6894,0.0700,-0.1400,0.0700,0.0024,-0.0048,0.0024,0
78162,-5.4383,-8.0426,-0.6678,0.0700,-0.1400,0.0000,0.0024,-0.0048,0.0000,0
78201,-5.4695,-8.0809,-0.6918,-0.1400,-0.2100,0.2100,-0.0048,-0.0072,0.0072,0
78240,-5.4431,-8.0259,-0.6630,0.4900,0.0000,0.3500,0.0168,0.0000,0.0120,0
78279,-5.4647,-8.0450,-0.6439,-1.7500,1.3300,0.0000,-0.0598,0.0455,0.0000,0
78318,-5.4407,-8.0977,-0.7636,-2.5200,2.3100,-0.4900,-0.0862,0.0790,-0.0168,0
78357,-5.4623,-8.1025,-0.7612,3.1500,-2.8000,0.8400,0.1077,-0.0957,0.0287,0
78396,-5.4838,-8.0761,-0.7492,3.2200,-3.0800,1.1200,0.1101,-0.1053,0.0383,0
78435,-5.4623,-8.0426,-0.6104,3.1500,-2.8700,1.3300,0.1077,-0.0981,0.0455,0
78474,-5.5149,-8.0331,-0.6391,1.6800,-1.8200,0.4200,0.0574,-0.0622,0.0144,0
78513,-5.5006,-8.0498,-0.6128,0.7000,-0.4900,-0.7000,0.0239,-0.0168,-0.0239,0
78552,-5.3977,-8.0043,-0.5529,-1.9600,1.9600,-1.4700,-0.0670,0.0670,-0.0503,0
78591,-5.3618,-8.0187,-0.6535,-4.4100,3.0100,-0.9100,-0.1508,0.1029,-0.0311,0
78630,-5.4288,-8.0642,-0.7396,-4.9000,2.9400,-0.2800,-0.1676,0.1005,-0.0096,0
78669,-5.4743,-8.1360,-0.8976,-2.9400,1.8200,-0.4900,-0.1005,0.0622,-0.0168,0
78708,-5.4599,-8.1192,-0.8761,1.6800,-1.6100,0.5600,0.0574,-0.0551,0.0191,0
78747,-5.4671,-8.1312,-0.8689,3.4300,-2.3800,0.9100,0.1173,-0.0814,0.0311,0
78786,-5.4599,-8.0546,-0.7205,5.8100,-3.6400,1.4000,0.1987,-0.1245,0.0479,0
78825,-5.4503,-8.0714,-0.6726,4.8300,-3.2900,0.9800,0.1652,-0.1125,0.0335,0
78864,-5.4527,-8.0450,-0.5840,4.8300,-2.9400,1.0500,0.1652,-0.1005,0.0359,0
78903,-5.4695,-8.0211,-0.5314,2.0300,-1.6100,0.6300,0.0694,-0.0551,0.0215,0
78942,-5.4407,-7.9804,-0.5457,-1.4000,0.8400,-0.2100,-0.0479,0.0287,-0.0072,0
78981,-5.4216,-8.0091,-0.6200,-4.4800,3.0100,-0.8400,-0.1532,0.1029,-0.0287,0
79020,-5.4575,-8.0690,-0.7540,-5.3200,3.0800,-0.9800,-0.1819,0.1053,-0.0335,0
79059,-5.4288,-8.0929,-0.8234,-4.1300,2.9400,-1.1200,-0.1412,0.1005,-0.0383,0
79098,-5.4407,-8.1384,-0.8689,-0.0700,0.1400,0.2100,-0.0024,0.0048,0.0072,0
79137,-5.4814,-8.1336,-0.8282,2.4500,-1.8200,0.7000,0.0838,-0.0622,0.0239,0
79176,-5.4455,-8.0690,-0.7516,3.2200,-2.2400,0.7700,0.1101,-0.0766,0.0263,0
79215,-5.4503,-8.0402,-0.6965,2.3100,-1.6800,0.5600,0.0790,-0.0574,0.0191,0
79254,-5.4336,-8.0618,-0.7133,1.3300,-0.9800,0.2100,0.0455,-0.0335,0.0072,0
79293,-5.4192,-8.0259,-0.6798,0.5600,-0.3500,0.1400,0.0191,-0.0120,0.0048,0
79332,-5.4623,-8.0426,-0.6798,-1.2600,0.7000,-0.0700,-0.0431,0.0239,-0.0024,0
79371,-5.4001,-8.0761,-0.7851,-2.1700,1.6800,-0.7000,-0.0742,0.0574,-0.0239,0
79410,-5.4455,-8.0881,-0.7684,-0.5600,0.1400,0.2800,-0.0191,0.0048,0.0096,0
79449,-5.4671,-8.1001,-0.8186,-1.1900,0.4200,-0.0700,-0.0407,0.0144,-0.0024,0
79488,-5.4312,-8.0809,-0.8067,0.0700,-0.2100,0.2100,0.0024,-0.0072,0.0072,0
79527,-5.4455,-8.0833,-0.8019,0.9100,-1.0500,0.3500,0.0311,-0.0359,0.0120,0
79566,-5.4192,-8.0594,-0.7564,-0.1400,0.2800,-0.2100,-0.0048,0.0096,-0.0072,0
79605,-5.3977,-8.0857,-0.7995,0.2100,-0.2100,0.0000,0.0072,-0.0072,0.0000,0
79644,-5.4431,-8.0977,-0.7684,1.0500,-0.9100,0.3500,0.0359,-0.0311,0.0120,0
79683,-5.4072,-8.0666,-0.7636,0.1400,-0.2100,0.0000,0.0048,-0.0072,0.0000,0
79722,-5.4168,-8.0570,-0.7612,-0.2100,-0.2100,0.2100,-0.0072,-0.0072,0.0072,0
79761,-5.3833,-8.0426,-0.7995,-0.8400,0.2100,0.2100,-0.0287,0.0072,0.0072,0
79800,-5.4360,-8.0618,-0.7636,-0.9100,0.2100,0.5600,-0.0311,0.0072,0.0191,0
79839,-5.4455,-8.1025,-0.8737,-0.5600,0.0700,0.1400,-0.0191,0.0024,0.0048,0
79878,-5.4719,-8.0881,-0.8138,0.1400,-0.0700,0.2100,0.0048,-0.0024,0.0072,0
79917,-5.4240,-8.1120,-0.8450,0.3500,-0.0700,-0.3500,0.0120,-0.0024,-0.0120,0
79956,-5.4240,-8.0809,-0.7995,1.1200,-0.7000,-0.0700,0.0383,-0.0239,-0.0024,0
79995,-5.3977,-8.2533,-1.3476,8.1200,-4.6200,1.4000,0.2777,-0.1580,0.0479,0
80034,-5.3977,-8.4184,-1.0652,29.5400,-16.1000,7.9100,1.0101,-0.5505,0.2705,0
80073,-5.4743,-7.6166,0.6583,20.0900,-11.2700,10.9900,0.6870,-0.3854,0.3758,0
80112,-5.1439,-7.1187,0.0742,-11.4100,3.0800,7.2100,-0.3902,0.1053,0.2465,0
80151,-5.7782,-7.9852,-0.5314,-15.5400,3.2200,6.0200,-0.5314,0.1101,0.2059,0
80190,-5.9937,-8.8349,-1.3955,-5.3900,3.6400,-2.1700,-0.1843,0.1245,-0.0742,0
80229,-5.3833,-7.6501,-0.3830,2.1700,6.0200,-0.2100,0.0742,0.2059,-0.0072,0
80268,-5.4599,-7.7051,-0.3734,-2.8700,-0.4200,3.7800,-0.0981,-0.0144,0.1293,0
80307,-5.8860,-8.3299,-1.0532,-0.1400,-3.7800,4.0600,-0.0048,-0.1293,0.1388,0
80346,-5.5820,-8.4495,-1.0724,15.4000,-8.0500,3.8500,0.5266,-0.2753,0.1317,0
80385,-5.2253,-6.8458,0.5553,2.3100,0.9800,10.7800,0.0790,0.0335,0.3686,0
80424,-5.9769,-7.7243,-0.4811,-8.4000,1.3300,0.6300,-0.2872,0.0455,0.0215,0
80463,-6.1301,-8.6506,-1.2327,7.9100,0.6300,-3.5000,0.2705,0.0215,-0.1197,0
80502,-5.2397,-7.3437,0.1101,10.3600,-1.4700,-1.8900,0.3543,-0.0503,-0.0646,0
80541,-5.5030,-7.2360,0.0574,-5.2500,-1.8200,4.6200,-0.1795,-0.0622,0.1580,0
80580,-6.0679,-8.1791,-1.0412,-9.3800,1.3300,0.1400,-0.3207,0.0455,0.0048,0
80619,-5.9003,-8.1097,-0.7396,-2.1000,3.4300,-5.6700,-0.0718,0.1173,-0.1939,0
80658,-5.4264,-8.3131,-0.9934,1.6800,1.8200,-7.3500,0.0574,0.0622,-0.2513,0
80697,-5.1894,-7.7985,-0.5410,15.3300,-5.0400,7.2100,0.5242,-0.1723,0.2465,0
80736,-5.8189,-6.8099,0.4787,-8.0500,-2.9400,13.8600,-0.2753,-0.1005,0.4739,0
80775,-6.1971,-8.3227,-1.2567,-13.8600,1.8900,1.0500,-0.4739,0.0646,0.0359,0
80814,-6.2115,-8.2174,-0.7779,-0.8400,4.6900,-7.1400,-0.0287,0.1604,-0.2442,0
80853,-5.6131,-8.0737,-0.8378,0.5600,4.1300,-11.8300,0.0191,0.1412,-0.4045,0
80892,-5.2564,-8.3179,-1.0341,11.6900,-4.8300,1.2600,0.3997,-0.1652,0.0431,0
80931,-5.2876,-7.5783,-0.3590,16.5900,-10.8500,17.5000,0.5673,-0.3710,0.5984,0
80970,-5.9650,-6.6639,0.7325,-8.1900,-3.0800,15.7500,-0.2801,-0.1053,0.5386,0
81009,-6.2953,-8.2198,-1.1992,-17.2900,5.8100,-2.7300,-0.5912,0.1987,-0.0934,0
81048,-6.1038,-8.2652,-0.8880,-2.7300,7.0700,-9.6600,-0.0934,0.2418,-0.3303,0
81087,-5.6035,-7.9684,-0.7133,-0.8400,5.4600,-10.8500,-0.0287,0.1867,-0.3710,0
81126,-5.3163,-8.2365,-1.0747,4.8300,-2.3800,-1.3300,0.1652,-0.0814,-0.0455,0
81165,-5.4647,-7.6333,-0.5577,9.8000,-7.2100,11.1300,0.3351,-0.2465,0.3806,0
81204,-5.9243,-7.2862,0.0718,-1.4700,-5.7400,9.5200,-0.0503,-0.1963,0.3255,0
81243,-6.0631,-8.0259,-0.9886,-9.6600,5.1800,-3.5700,-0.3303,0.1771,-0.1221,0
81282,-5.7759,-8.0354,-0.7277,-2.6600,5.6000,-7.4900,-0.0910,0.1915,-0.2561,0
81321,-5.6131,-8.1767,-1.1513,3.0100,-1.0500,-0.6300,0.1029,-0.0359,-0.0215,0
81360,-5.5987,-7.8368,-0.6774,12.5300,-8.5400,9.9400,0.4285,-0.2920,0.3399,0
81399,-5.9171,-7.2025,0.1317,0.9800,-5.2500,9.1000,0.0335,-0.1795,0.3112,0
81438,-6.0176,-7.9182,-0.8378,-7.6300,2.3800,-3.2200,-0.2609,0.0814,-0.1101,0
81477,-5.7328,-7.9445,-0.6128,-3.5700,6.2300,-7.5600,-0.1221,0.2130,-0.2585,0
81516,-5.6346,-7.9924,-0.8569,-4.6900,4.8300,-4.8300,-0.1604,0.1652,-0.1652,0
81555,-5.6418,-8.1049,-1.0532,2.3800,-1.8900,0.8400,0.0814,-0.0646,0.0287,0
81594,-5.6514,-8.0737,-0.9407,14.5600,-9.6600,8.4700,0.4979,-0.3303,0.2896,0
81633,-5.7974,-7.0493,0.2561,4.5500,-4.7600,8.8900,0.1556,-0.1628,0.3040,0
81672,-5.8931,-7.7315,-0.6487,-9.1700,2.4500,-2.2400,-0.3136,0.0838,-0.0766,0
81711,-5.9099,-8.1312,-0.7803,-4.6900,6.0200,-5.8800,-0.1604,0.2059,-0.2011,0
81750,-5.8118,-7.9684,-0.7564,-5.3900,6.5100,-6.2300,-0.1843,0.2226,-0.2130,0
81789,-5.6370,-8.0354,-1.0053,-0.4200,1.5400,-1.9600,-0.0144,0.0527,-0.0670,0
81828,-5.6801,-8.0115,-0.9048,6.9300,-5.7400,2.1700,0.2370,-0.1963,0.0742,0
81867,-5.6945,-7.9589,-0.8521,12.5300,-9.2400,3.9200,0.4285,-0.3160,0.1340,0
81906,-5.6945,-7.8057,-0.4213,10.5700,-5.8100,4.1300,0.3614,-0.1987,0.1412,0
81945,-5.4838,-7.3365,-0.2154,-6.4400,2.3800,4.0600,-0.2202,0.0814,0.1388,0
81984,-5.6418,-7.6979,-0.4093,-14.8400,4.1300,4.4100,-0.5075,0.1412,0.1508,0
82023,-5.9147,-8.0235,-0.9527,-18.0600,4.0600,6.8600,-0.6176,0.1388,0.2346,0
82062,-5.9434,-7.7051,-1.0436,-16.0300,3.9900,7.0000,-0.5481,0.1364,0.2394,0
82101,-5.8525,-7.6740,-1.0724,-13.5800,4.2700,1.9600,-0.4644,0.1460,0.0670,0
82140,-5.6322,-7.5974,-0.9120,-13.6500,5.1100,3.2900,-0.4668,0.1747,0.1125,0
82179,-5.8836,-7.8104,-1.1609,-18.2700,2.1700,10.1500,-0.6247,0.0742,0.3471,0
82218,-6.0679,-7.7506,-1.5439,-12.7400,-1.2600,12.7400,-0.4356,-0.0431,0.4356,0
82257,-6.1493,-7.6860,-1.5535,-4.6900,-6.8600,13.6500,-0.1604,-0.2346,0.4668,0
82296,-6.0727,-7.4658,-1.4505,-3.7100,-9.9400,14.9100,-0.1269,-0.3399,0.5098,0
82335,-6.0487,-7.1857,-1.1298,-11.9000,-5.0400,16.4500,-0.4069,-0.1723,0.5625,0
82374,-6.1636,-7.2695,-1.1872,-17.7100,-5.7400,20.1600,-0.6056,-0.1963,0.6894,0
82413,-6.4485,-7.3413,-1.1322,-16.1000,-11.4100,25.1300,-0.5505,-0.3902,0.8593,0
82452,-6.5346,-7.1857,-1.8646,-24.2200,-8.4700,29.1900,-0.8282,-0.2896,0.9981,0
82491,-6.6112,-6.8291,-1.4745,-27.1600,-8.7500,31.7100,-0.9287,-0.2992,1.0843,0
82530,-6.7716,-6.7022,-1.8287,-27.5100,-10.1500,36.6100,-0.9407,-0.3471,1.2519,0
82569,-6.9487,-6.6041,-1.8216,-17.7800,-17.3600,43.5400,-0.6080,-0.5936,1.4888,0
82608,-6.6998,-5.9314,-1.2686,-25.1300,-4.6900,51.5900,-0.8593,-0.1604,1.7641,0
82647,-6.4652,-5.3258,-1.5128,-48.5100,44.1000,48.3700,-1.6588,1.5080,1.6540,0
82686,-7.4203,-5.1080,-1.7569,-57.6800,47.6700,40.4600,-1.9724,1.6301,1.3835,0
82725,-8.0953,-5.5796,-4.0141,-59.7800,42.0700,32.0600,-2.0442,1.4386,1.0963,0
82764,-8.8613,-5.5772,-4.8040,-29.8200,16.0300,26.3900,-1.0197,0.5481,0.9024,0
82803,-8.7176,-5.5173,-4.5934,-14.5600,-0.4900,17.2200,-0.4979,-0.0168,0.5888,0
82842,-8.8158,-5.1344,-4.6437,17.0100,-27.1600,14.0700,0.5817,-0.9287,0.4811,0
82881,-8.8469,-4.9405,-4.4713,31.2200,-35.2100,7.6300,1.0676,-1.2040,0.2609,0
82920,-8.2844,-4.4043,-2.6426,36.1200,-36.4000,2.8700,1.2351,-1.2447,0.0981,0
82959,-8.1623,-4.5383,-3.1859,47.8100,-35.0700,-6.5800,1.6349,-1.1992,-0.2250,0
82998,-7.5448,-4.1913,-1.3668,25.5500,-21.4200,-15.2600,0.8737,-0.7325,-0.5218,0
83037,-7.3604,-4.6652,-1.2543,10.0100,-13.3700,-17.9900,0.3423,-0.4572,-0.6152,0
83076,-7.3485,-4.9381,-1.7354,22.6800,2.1700,-18.6200,0.7755,0.0742,-0.6367,0
83115,-7.3700,-5.3977,-1.3548,5.9500,2.2400,-16.5900,0.2035,0.0766,-0.5673,0
83154,-7.3317,-5.7208,-1.0101,-19.5300,26.3900,-12.8100,-0.6678,0.9024,-0.4380,0
83193,-7.5232,-6.0248,-2.7335,-1.4000,28.7000,-7.9800,-0.0479,0.9814,-0.2729,0
83232,-8.8517,-6.0511,-3.2171,19.1800,34.3000,-8.9600,0.6559,1.1729,-0.3064,0
83271,-9.2418,-5.9721,-4.2487,28.7000,15.8200,-16.1000,0.9814,0.5410,-0.5505,0
83310,-7.9948,-5.4719,-2.4463,23.1700,4.6900,-22.6800,0.7923,0.1604,-0.7755,0
83349,-7.1929,-5.4575,-2.0466,34.5100,-1.3300,-29.6100,1.1801,-0.0455,-1.0125,0
83388,-6.4293,-5.7232,-1.8000,24.1500,7.6300,-29.5400,0.8258,0.2609,-1.0101,0
83427,-6.5514,-6.1014,-1.6684,23.5200,10.0100,-27.6500,0.8043,0.3423,-0.9455,0
83466,-6.6088,-6.3838,-1.7809,19.1800,12.3200,-23.8000,0.6559,0.4213,-0.8138,0
83505,-6.8243,-6.7405,-1.9628,16.0300,10.7800,-21.9100,0.5481,0.3686,-0.7492,0
83544,-7.0876,-7.4993,-2.3099,20.9300,4.7600,-18.4100,0.7157,0.1628,-0.6295,0
83583,-7.0828,-7.4107,-2.2835,22.2600,5.1100,-18.7600,0.7612,0.1747,-0.6415,0
83622,-6.6376,-7.1019,-1.9412,15.2600,7.7000,-19.0400,0.5218,0.2633,-0.6511,0
83661,-6.2833,-6.9272,-1.9077,15.2600,3.5700,-18.9000,0.5218,0.1221,-0.6463,0
83700,-6.2187,-7.1809,-1.6899,16.1000,0.5600,-17.0100,0.5505,0.0191,-0.5817,0
83739,-6.2737,-7.5328,-1.7641,16.8000,-0.6300,-15.3300,0.5745,-0.0215,-0.5242,0
83778,-6.1564,-7.5352,-1.6803,13.0200,0.1400,-13.5100,0.4452,0.0048,-0.4620,0
83817,-6.2259,-7.4801,-1.5798,17.2900,-0.5600,-12.9500,0.5912,-0.0191,-0.4428,0
83856,-6.0894,-7.6740,-1.6971,17.4300,-1.6100,-12.7400,0.5960,-0.0551,-0.4356,0
83895,-6.2761,-7.7745,-1.4434,16.7300,-2.3800,-12.1800,0.5721,-0.0814,-0.4165,0
83934,-6.0679,-7.8200,-1.4553,13.7900,-4.4100,-10.9900,0.4715,-0.1508,-0.3758,0
83973,-5.8405,-7.7530,-1.1944,15.1200,-5.3900,-8.6100,0.5170,-0.1843,-0.2944,0
84012,-5.5772,-7.6070,-0.9670,14.4900,-6.3700,-6.5800,0.4955,-0.2178,-0.2250,0
84051,-5.5724,-7.7985,-0.8880,15.0500,-3.9200,-4.6900,0.5146,-0.1340,-0.1604,0
84090,-5.6705,-7.8392,-0.7636,13.3000,-3.8500,-3.9200,0.4548,-0.1317,-0.1340,0
84129,-5.6538,-7.7650,-0.7684,12.8100,-4.0600,-2.1000,0.4380,-0.1388,-0.0718,0
84168,-5.6610,-7.7195,-0.4931,11.9700,-3.5000,-1.9600,0.4093,-0.1197,-0.0670,0
84207,-5.6035,-7.6190,-0.5338,11.2000,-3.0100,-1.6100,0.3830,-0.1029,-0.0551,0
84246,-5.7447,-7.7961,-0.3231,9.4500,-2.0300,-0.9100,0.3231,-0.0694,-0.0311,0
84285,-5.6514,-7.6022,-0.3614,4.7600,-2.1000,-0.5600,0.1628,-0.0718,-0.0191,0
84324,-5.6610,-7.7769,-0.4117,5.8800,-1.3300,0.1400,0.2011,-0.0455,0.0048,0
84363,-5.7711,-7.7051,-0.2465,2.4500,-0.9800,0.0000,0.0838,-0.0335,0.0000,0
84402,-5.6083,-7.6357,-0.3375,-0.8400,-1.0500,-0.3500,-0.0287,-0.0359,-0.0120,0
84441,-5.7112,-7.7482,-0.2250,-0.3500,-0.3500,-0.9100,-0.0120,-0.0120,-0.0311,0
84480,-5.5509,-7.8320,-0.4835,-2.8700,-0.2100,-0.3500,-0.0981,-0.0072,-0.0120,0
84519,-5.8692,-7.9948,-0.5649,-0.6300,-0.4200,0.1400,-0.0215,-0.0144,0.0048,0
84558,-5.6466,-7.8559,-0.5075,-3.9200,-0.4900,-0.1400,-0.1340,-0.0168,-0.0048,0
84597,-5.7950,-8.0785,-0.6319,2.5900,-1.5400,0.4900,0.0886,-0.0527,0.0168,0
84636,-5.6610,-7.8870,-0.5601,0.0700,-3.0100,-0.2100,0.0024,-0.1029,-0.0072,0
84675,-5.7136,-7.7530,-0.3973,3.1500,-1.8900,0.6300,0.1077,-0.0646,0.0215,0
84714,-5.8716,-8.0953,-0.4524,4.2700,-6.6500,0.7700,0.1460,-0.2274,0.0263,0
84753,-5.4192,-7.9301,-0.4093,-2.4500,-3.4300,0.6300,-0.0838,-0.1173,0.0215,0
84792,-5.8572,-7.8918,-0.4883,6.5800,-2.0300,1.9600,0.2250,-0.0694,0.0670,0
84831,-5.7759,-7.8775,-0.5864,1.1900,-1.4000,0.9100,0.0407,-0.0479,0.0311,0
84870,-6.0224,-8.2820,-0.7229,13.3700,-2.2400,0.2800,0.4572,-0.0766,0.0096,0
84909,-5.7399,-7.5807,0.1317,1.6100,-4.2000,1.1200,0.0551,-0.1436,0.0383,0
84948,-5.3809,-7.5160,0.3686,0.4200,-3.7800,2.4500,0.0144,-0.1293,0.0838,0
84987,-5.7495,-7.7482,-0.4045,0.9800,-1.8900,1.2600,0.0335,-0.0646,0.0431,0
85026,-5.9458,-7.8990,-0.3279,3.2200,-2.2400,0.3500,0.1101,-0.0766,0.0120,0
85065,-5.9602,-7.9948,-0.3782,3.6400,-0.1400,0.2100,0.1245,-0.0048,0.0072,0
85104,-5.7735,-8.0857,-0.5960,4.0600,0.7000,-1.0500,0.1388,0.0239,-0.0359,0
85143,-5.5485,-7.8751,0.0574,0.9100,-1.6800,1.1900,0.0311,-0.0574,0.0407,0
85182,-5.4360,-7.4753,0.7420,3.9900,-1.6800,3.5000,0.1364,-0.0574,0.1197,0
85221,-5.6777,-7.7171,-0.2537,-0.6300,0.3500,3.8500,-0.0215,0.0120,0.1317,0
85260,-6.1636,-8.1288,-0.2896,3.1500,1.6800,1.1900,0.1077,0.0574,0.0407,0
85299,-6.0511,-7.7219,-0.5817,4.1300,0.1400,-0.9800,0.1412,0.0048,-0.0335,0
85338,-5.9290,-7.9014,0.1005,4.3400,-1.6100,-1.4700,0.1484,-0.0551,-0.0503,0
85377,-5.3594,-7.4323,0.6654,6.0200,-6.2300,1.6100,0.2059,-0.2130,0.0551,0
85416,-5.8716,-8.0857,-0.0910,7.3500,-2.4500,0.9100,0.2513,-0.0838,0.0311,0
85455,-6.0751,-7.9182,-0.1412,-3.3600,2.3800,-2.3100,-0.1149,0.0814,-0.0790,0
85494,-5.6945,-7.6716,-0.4093,0.1400,2.3100,-1.7500,0.0048,0.0790,-0.0598,0
85533,-6.0224,-8.0690,-0.4404,18.2000,5.3900,-3.2900,0.6223,0.1843,-0.1125,0
85572,-5.3618,-7.9852,-0.1867,10.7800,0.6300,-2.5900,0.3686,0.0215,-0.0886,0
85611,-5.6849,-7.8344,0.5936,13.8600,1.9600,-1.4000,0.4739,0.0670,-0.0479,0
85650,-5.7256,-7.6429,0.7612,4.1300,1.8200,-1.1200,0.1412,0.0622,-0.0383,0
85689,-5.7304,-7.9014,-0.1317,4.0600,3.8500,-0.3500,0.1388,0.1317,-0.0120,0
85728,-5.9314,-8.0211,-0.1747,10.7800,4.2000,-4.7600,0.3686,0.1436,-0.1628,0
85767,-5.6394,-7.7219,0.2322,7.3500,3.2200,-6.3700,0.2513,0.1101,-0.2178,0
85806,-5.4814,-7.7817,0.1269,13.4400,4.9700,-8.7500,0.4596,0.1699,-0.2992,0
85845,-5.6418,-7.7123,0.8258,7.2100,-0.1400,-9.8000,0.2465,-0.0048,-0.3351,0
85884,-5.4766,-7.5950,0.8138,-8.8200,8.2600,-8.8200,-0.3016,0.2824,-0.3016,0
85923,-5.8644,-7.6094,0.1891,-12.3900,11.9000,-12.6000,-0.4237,0.4069,-0.4309,0
85962,-6.1780,-8.0642,-0.7444,-12.6700,3.5000,-19.6000,-0.4332,0.1197,-0.6702,0
86001,-5.6945,-8.2389,-1.2016,-5.9500,-2.0300,-25.8300,-0.2035,-0.0694,-0.8833,0
86040,-5.2899,-8.2628,-0.6128,6.5800,-1.9600,-24.1500,0.2250,-0.0670,-0.8258,0
86079,-5.0171,-8.6865,0.0359,14.7000,2.2400,-21.9100,0.5027,0.0766,-0.7492,0
86118,-5.1942,-9.1605,0.2226,19.5300,0.7700,-23.5200,0.6678,0.0263,-0.8043,0
86157,-4.9883,-9.0216,0.6176,11.8300,4.8300,-24.7800,0.4045,0.1652,-0.8473,0
86196,-4.1290,-9.2706,0.6511,6.3000,-1.1900,-25.2700,0.2154,-0.0407,-0.8641,0
86235,-3.7484,-9.0839,0.5290,7.5600,3.2900,-20.8600,0.2585,0.1125,-0.7133,0
86274,-4.6293,-8.7894,0.4045,11.5500,0.4900,-20.3000,0.3950,0.0168,-0.6942,0
86313,-5.1463,-8.2748,0.5410,2.9400,-9.4500,-26.4600,0.1005,-0.3231,-0.9048,0
86352,-4.8184,-8.3634,-0.4955,-13.0900,-22.6800,-26.6700,-0.4476,-0.7755,-0.9120,0
86391,-4.1769,-9.8043,-0.9766,-10.8500,-34.5800,-23.2400,-0.3710,-1.1825,-0.7947,0
86430,-2.6809,-9.6751,-0.5793,1.5400,-27.9300,-13.7900,0.0527,-0.9551,-0.4715,0
86469,-3.4564,-11.1304,-0.9431,27.3700,-17.5700,-9.0300,0.9359,-0.6008,-0.3088,0
86508,-4.4234,-11.9706,-0.0215,35.6300,-17.7100,-9.1700,1.2184,-0.6056,-0.3136,0
86547,-4.7466,-11.6810,-0.1915,38.9200,-21.6300,-7.6300,1.3309,-0.7396,-0.2609,0
86586,-5.2828,-10.2639,0.5936,50.3300,-30.2400,-8.7500,1.7210,-1.0341,-0.2992,0
86625,-5.8453,-10.2639,1.8311,39.4800,-51.7300,-3.7800,1.3500,-1.7689,-0.1293,0
86664,-4.1147,-10.0820,1.9676,25.7600,-70.6300,10.2900,0.8809,-2.4152,0.3519,0
86703,-2.7599,-9.8307,1.6492,32.4800,-77.4200,23.3800,1.1106,-2.6474,0.7995,0
86742,-2.7240,-8.6315,2.2859,15.8900,-67.7600,29.1200,0.5434,-2.3170,0.9958,0
86781,-3.6623,-7.7147,4.3708,0.5600,-75.3200,32.2700,0.0191,-2.5756,1.1035,0
86820,-1.6923,-7.9421,3.9471,0.2800,-105.5600,45.5000,0.0096,-3.6096,1.5559,0
86859,0.1101,-7.7721,5.0865,-0.4200,-92.4700,52.9200,-0.0144,-3.1620,1.8096,0
86898,-0.0766,-7.7219,4.4450,17.2200,-60.8300,49.9800,0.5888,-2.0801,1.7091,0
86937,-2.1567,-8.3299,5.5532,15.1200,-38.8500,39.2700,0.5170,-1.3285,1.3428,0
86976,-3.9112,-8.4687,5.7136,14.1400,-44.2400,39.1300,0.4835,-1.5128,1.3380,0
87015,-4.5575,-6.6352,5.4862,27.1600,-47.6000,35.9100,0.9287,-1.6277,1.2279,0
87054,-4.0907,-6.7572,4.2750,39.3400,-44.7300,0.7700,1.3452,-1.5295,0.0263,0
87093,-2.9083,-7.7147,3.9902,20.1600,-25.8300,-3.8500,0.6894,-0.8833,-0.1317,0
87132,-4.2128,-6.8554,4.7825,33.9500,-30.3800,-11.2000,1.1609,-1.0388,-0.3830,0
87171,-4.2008,-5.6179,3.6024,31.1500,-50.6100,-1.1200,1.0652,-1.7306,-0.0383,0
87210,-4.3373,-3.9567,4.9500,-0.7000,-58.5200,-10.5700,-0.0239,-2.0011,-0.3614,0
87249,-2.6522,-6.2570,4.7107,-26.2500,-71.6100,-22.8200,-0.8976,-2.4487,-0.7803,0
87288,-4.5144,-7.7745,5.6729,-18.5500,-68.1800,-28.7000,-0.6343,-2.3314,-0.9814,0
87327,-2.8413,-7.5232,5.8931,-21.5600,-75.8100,-41.3700,-0.7372,-2.5923,-1.4146,0
87366,-2.4439,-6.3599,5.3067,5.1800,-76.3000,-39.5500,0.1771,-2.6091,-1.3524,0
87405,-2.4942,-4.7514,5.6370,15.8900,-68.4600,-31.3600,0.5434,-2.3410,-1.0724,0
87444,-1.8192,-4.7633,4.2391,16.8000,-57.7500,-19.9500,0.5745,-1.9748,-0.6822,0
87483,-1.6899,-3.6742,7.1163,4.5500,-56.4900,-9.3100,0.1556,-1.9317,-0.3184,0
87522,0.7277,-6.7788,6.6064,-35.5600,-67.4800,-4.6900,-1.2160,-2.3075,-0.1604,0
87561,0.6511,-8.1647,7.4706,-30.1700,-58.3100,-16.9400,-1.0317,-1.9939,-0.5793,0
87600,-0.1963,-9.2299,6.4389,-27.4400,-57.4000,-20.3700,-0.9383,-1.9628,-0.6965,0
87639,1.6205,-9.9695,6.4341,-40.1100,-79.8000,-29.6100,-1.3716,-2.7287,-1.0125,0
87678,4.2296,-10.8097,4.1099,-21.4900,-86.1700,-31.7100,-0.7348,-2.9466,-1.0843,0
87717,3.0615,-9.7301,3.1165,-15.6100,-60.6900,-36.8900,-0.5338,-2.0753,-1.2614,0
87756,2.1351,-10.5847,2.5277,-14.7000,-80.7100,-27.3700,-0.5027,-2.7599,-0.9359,0
87795,4.2320,-8.6698,2.6785,-15.8900,-89.1100,-26.5300,-0.5434,-3.0471,-0.9072,0
87834,6.6735,-9.3543,2.4870,-26.6700,-66.9900,-34.6500,-0.9120,-2.2907,-1.1849,0
87873,6.1900,-9.9911,1.7330,-31.2900,-45.6400,-45.1500,-1.0700,-1.5607,-1.5439,0
87912,4.6963,-11.0443,1.5942,-43.2600,-33.3900,-49.1400,-1.4793,-1.1418,-1.6803,0
87951,5.3187,-10.9605,0.1747,-28.6300,-40.7400,-53.9000,-0.9790,-1.3931,-1.8431,0
87990,6.1923,-9.6942,0.6989,-20.3000,-34.5800,-46.8300,-0.6942,-1.1825,-1.6013,0
88029,6.0679,-8.7727,0.1532,-14.3500,-40.3200,-44.8000,-0.4907,-1.3787,-1.5319,0
88068,5.5772,-6.8386,0.3734,-23.6600,-30.3100,-57.4700,-0.8091,-1.0364,-1.9652,0
88107,5.8118,-5.7711,1.1561,-31.7800,-34.5100,-61.0400,-1.0867,-1.1801,-2.0873,0
88146,5.6562,-6.3288,1.4912,-24.3600,-33.6700,-46.9000,-0.8330,-1.1513,-1.6037,0
88185,3.7484,-6.1038,1.7665,-8.5400,-35.0700,-36.8200,-0.2920,-1.1992,-1.2591,0
88224,4.7035,-6.3671,1.3859,19.9500,-39.5500,-24.4300,0.6822,-1.3524,-0.8354,0
88263,6.0224,-6.3814,0.5745,35.8400,-35.5600,-24.7800,1.2255,-1.2160,-0.8473,0
88302,7.3030,-5.4743,-0.6630,39.6200,-29.3300,-37.1000,1.3548,-1.0029,-1.2686,0
88341,7.8200,-4.6700,-0.9072,39.9700,-32.1300,-31.5700,1.3668,-1.0987,-1.0795,0
88380,7.5017,-6.1876,-0.6846,27.7900,-47.5300,-17.2900,0.9503,-1.6253,-0.5912,0
88419,7.3724,-4.4665,-2.1016,26.0400,-52.2200,1.4700,0.8904,-1.7857,0.0503,0
88458,7.2767,-2.9226,-2.4295,13.9300,-32.1300,29.1200,0.4763,-1.0987,0.9958,0
88497,7.1283,-3.6000,-2.1926,1.4000,5.8800,58.6600,0.0479,0.2011,2.0059,0
88536,5.3498,-5.6562,0.4859,-2.5900,38.7100,74.1300,-0.0886,1.3237,2.5349,0
88575,5.8979,-9.3807,3.6838,28.0000,5.1100,95.6200,0.9575,0.1747,3.2697,0
88614,7.8703,-10.3190,4.5742,13.4400,-77.0000,61.3200,0.4596,-2.6330,2.0968,0
88653,7.3174,-11.6355,-1.3380,-6.3000,-123.0600,22.8200,-0.2154,-4.2080,0.7803,0
88692,5.9506,-8.9905,0.9934,30.5200,-83.3000,43.2600,1.0436,-2.8484,1.4793,0
88731,6.6735,-9.0216,3.5522,23.7300,8.2600,28.2100,0.8114,0.2824,0.9646,0
88770,6.0894,-10.3980,0.5697,32.4800,-49.0700,38.0100,1.1106,-1.6779,1.2997,0
88809,5.5341,-8.1240,4.3660,3.2200,-76.2300,43.1200,0.1101,-2.6067,1.4745,0
88848,6.6543,-5.6059,2.4822,32.2700,-39.0600,42.0000,1.1035,-1.3357,1.4362,0
88887,5.0147,-7.1211,0.2442,13.5100,-14.1400,29.4700,0.4620,-0.4835,1.0077,0
88926,3.8849,-8.8158,1.2327,-14.3500,6.3000,27.5100,-0.4907,0.2154,0.9407,0
88965,3.2960,-9.9097,2.4176,1.0500,18.2000,15.8200,0.0359,0.6223,0.5410,0
89004,2.9490,-7.6285,0.1747,7.5600,10.9900,-7.6300,0.2585,0.3758,-0.2609,0
89043,1.4075,-6.8147,-1.9365,9.8000,-3.2200,-31.3600,0.3351,-0.1101,-1.0724,0
89082,1.3069,-7.2240,-0.6798,-44.5200,-2.2400,-42.5600,-1.5224,-0.0766,-1.4553,0
89121,1.3524,-7.4682,-1.7952,-51.1000,1.4000,-47.2500,-1.7474,0.0479,-1.6157,0
89160,2.1710,-6.8841,-1.3548,-10.2900,-26.0400,-65.9400,-0.3519,-0.8904,-2.2548,0
89199,4.9812,-6.2091,-1.9867,-0.4200,-37.7300,-77.3500,-0.0144,-1.2902,-2.6450,0
89238,8.3107,-8.1982,-1.5463,-6.3700,-20.5800,-72.1700,-0.2178,-0.7037,-2.4678,0
89277,10.6421,-9.4453,0.7277,-16.0300,35.7000,-45.2200,-0.5481,1.2208,-1.5463,0
89316,10.3429,-7.5735,0.5194,-34.7900,62.0200,-31.9900,-1.1896,2.1208,-1.0939,0
89355,8.7009,-7.6022,0.4859,-70.0000,48.4400,-29.8200,-2.3936,1.6564,-1.0197,0
89394,7.1378,-7.5831,1.4434,-114.9400,72.8000,-35.2100,-3.9304,2.4894,-1.2040,0
89433,7.0900,-6.8410,0.2274,-105.6300,72.0300,-14.6300,-3.6120,2.4631,-0.5003,0
89472,6.1756,-6.2905,-1.9245,-47.3900,49.1400,0.3500,-1.6205,1.6803,0.0120,0
89511,7.9373,-6.0559,-1.5774,-42.3500,28.4200,2.3800,-1.4482,0.9718,0.0814,0
89550,9.3926,-6.2785,-1.2638,-58.8000,45.8500,-3.2900,-2.0107,1.5678,-0.1125,0
89589,8.9594,-4.9524,-0.5769,-69.5100,66.9200,-2.9400,-2.3769,2.2883,-0.1005,0
89628,10.0557,-6.0942,-1.4888,-83.3700,63.7700,-5.7400,-2.8508,2.1806,-0.1963,0
89667,9.0216,-7.9253,-1.5104,-74.2000,77.0700,-12.8100,-2.5373,2.6354,-0.4380,0
89706,6.2929,-7.2408,-0.6032,-73.3600,62.3700,-9.5200,-2.5085,2.1327,-0.3255,0
89745,7.2862,-6.5035,-0.9455,-47.2500,55.7900,0.9100,-1.6157,1.9077,0.0311,0
89784,7.2503,-6.1900,-1.7641,-56.1400,59.4300,2.3100,-1.9197,2.0322,0.0790,0
89823,7.4394,-6.4126,-0.6032,-71.8200,72.4500,12.1800,-2.4559,2.4774,0.4165,0
89862,6.2857,-6.1469,-1.1681,-85.4000,90.3000,22.4700,-2.9202,3.0878,0.7684,0
89901,5.1918,-6.3671,-0.1005,-84.2100,95.9700,34.5800,-2.8795,3.2817,1.1825,0
89940,5.7088,-7.3652,-0.2154,-62.2300,85.0500,34.3000,-2.1279,2.9083,1.1729,0
89979,6.3886,-7.1690,0.4692,-46.3400,61.3900,26.1100,-1.5846,2.0992,0.8928,0
90018,8.1288,-5.5796,0.5218,-47.4600,64.3300,29.3300,-1.6229,2.1998,1.0029,0
90057,8.2437,-5.6346,-0.3016,-60.3400,72.7300,24.1500,-2.0633,2.4870,0.8258,0
90096,8.4783,-8.3347,-1.3045,-65.1000,47.1800,20.7900,-2.2261,1.6133,0.7109,0
90135,8.2509,-8.0498,0.2370,-57.0500,31.0800,12.1100,-1.9508,1.0628,0.4141,0
90174,8.1551,-5.6873,-0.1436,-33.8800,39.6900,11.2700,-1.1585,1.3572,0.3854,0
90213,9.3974,-6.9607,1.1561,-42.7000,48.0900,26.4600,-1.4601,1.6444,0.9048,0
90252,10.7594,-4.5862,1.0412,-48.1600,48.6500,42.4200,-1.6468,1.6636,1.4505,0
90291,5.7352,-4.6867,-2.1016,-78.8200,88.1300,50.5400,-2.6952,3.0136,1.7282,0
90330,0.1843,-7.2623,-4.3109,-99.4700,93.0300,69.7900,-3.4014,3.1811,2.3865,0
90369,-1.0364,-9.6727,-2.6354,-53.9000,45.9200,79.1000,-1.8431,1.5702,2.7048,0
90408,1.3404,-10.8288,-0.2465,1.7500,32.6900,50.7500,0.0598,1.1178,1.7354,0
90447,6.0559,-11.0658,-0.8186,9.9400,22.7500,8.3300,0.3399,0.7779,0.2848,0
90486,6.2426,-9.1437,0.1819,7.4200,31.1500,-24.3600,0.2537,1.0652,-0.8330,0
90525,3.5234,-6.1923,1.3859,-56.5600,34.0900,-54.1800,-1.9341,1.1657,-1.8527,0
90564,6.2091,-8.2820,1.7545,-61.5300,33.7400,-94.0800,-2.1040,1.1537,-3.2171,0
90603,5.6610,-6.3288,-2.1040,-17.9900,41.0200,-105.4900,-0.6152,1.4027,-3.6072,0
90642,10.6780,-9.0049,2.0466,-13.1600,18.9700,-41.8600,-0.4500,0.6487,-1.4314,0
90681,8.1862,-7.4658,-0.3471,-27.7900,39.2700,-9.8000,-0.9503,1.3428,-0.3351,0
90720,5.5173,-5.8189,0.3662,-15.6800,17.7100,-13.5800,-0.5362,0.6056,-0.4644,0
90759,7.1522,-5.7471,-1.3811,-28.7000,15.8900,-9.1700,-0.9814,0.5434,-0.3136,0
90798,8.1168,-7.1019,-1.5918,-25.6200,41.3700,-9.6600,-0.8761,1.4146,-0.3303,0
90837,7.7003,-7.2168,-0.2322,-20.5100,34.5100,1.6100,-0.7013,1.1801,0.0551,0
90876,8.0666,-7.4682,-0.3303,-14.0700,27.5100,-4.4100,-0.4811,0.9407,-0.1508,0
90915,9.3376,-7.3892,-0.4428,-19.9500,27.7900,-10.2900,-0.6822,0.9503,-0.3519,0
90954,8.8469,-7.4466,-0.2059,-12.7400,29.8900,-0.9800,-0.4356,1.0221,-0.0335,0
90993,6.4437,-6.1038,0.2035,-19.1800,40.6700,4.0600,-0.6559,1.3907,0.1388,0
91032,6.2283,-5.4264,1.0149,-24.0800,44.3100,8.1200,-0.8234,1.5152,0.2777,0
91071,7.8392,-6.5921,0.0551,-8.1200,37.2400,19.3900,-0.2777,1.2734,0.6630,0
91110,5.7519,-5.8692,0.4668,-17.6400,42.6300,16.8700,-0.6032,1.4577,0.5769,0
91149,7.5088,-6.2115,0.1556,-30.2400,38.4300,29.7500,-1.0341,1.3141,1.0173,0
91188,7.1881,-6.8075,-0.0934,-39.5500,34.6500,30.7300,-1.3524,1.1849,1.0508,0
91227,5.9219,-8.3825,2.0466,-31.3600,22.8200,19.7400,-1.0724,0.7803,0.6750,0
91266,7.4179,-7.0469,1.9125,-16.7300,4.0600,21.4200,-0.5721,0.1388,0.7325,0
91305,7.1785,-5.7519,-0.0934,-35.8400,-10.4300,46.4100,-1.2255,-0.3567,1.5870,0
91344,4.2104,-7.0325,-0.4141,-7.9800,-4.4100,75.2500,-0.2729,-0.1508,2.5732,0
91383,2.7599,-8.2198,-0.3399,-17.5000,-5.1100,75.8100,-0.5984,-0.1747,2.5923,0
91422,2.9753,-9.2107,-0.2370,-2.3100,-5.6000,53.1300,-0.0790,-0.1915,1.8168,0
91461,3.9447,-9.7062,-0.3543,-3.9900,-1.1200,23.5900,-0.1364,-0.0383,0.8067,0
91500,3.9950,-9.9384,0.3088,-13.4400,7.7000,-17.5000,-0.4596,0.2633,-0.5984,0
91539,4.0812,-8.8445,0.0838,-14.6300,-2.3100,-42.7700,-0.5003,-0.0790,-1.4625,0
91578,5.8884,-9.5004,0.2824,5.5300,-4.9700,-60.9700,0.1891,-0.1699,-2.0849,0
91617,7.4275,-8.2796,0.1963,31.7800,1.7500,-50.4000,1.0867,0.0598,-1.7234,0
91656,7.0421,-6.7189,1.0412,30.3800,-5.3200,-34.0200,1.0388,-0.1819,-1.1633,0
91695,8.1073,-7.5519,2.1064,16.1000,-18.6900,-10.5000,0.5505,-0.6391,-0.3590,0
91734,7.0780,-7.2551,0.8043,0.3500,-21.9800,0.9100,0.0120,-0.7516,0.0311,0
91773,6.0368,-7.2982,0.8210,5.6000,-22.8900,6.5100,0.1915,-0.7827,0.2226,0
91812,7.1785,-6.8626,0.9934,-9.6600,-18.6900,17.5000,-0.3303,-0.6391,0.5984,0
91851,6.2642,-7.1139,-0.3782,-14.4900,-25.4100,32.1300,-0.4955,-0.8689,1.0987,0
91890,5.0985,-7.6668,-0.4237,-18.5500,-8.4000,26.1800,-0.6343,-0.2872,0.8952,0
91929,4.1817,-7.6405,0.5960,-29.0500,10.3600,4.3400,-0.9934,0.3543,0.1484,0
91968,4.6006,-8.9498,-0.8091,-7.7700,29.9600,-12.1100,-0.2657,1.0245,-0.4141,0
92007,5.3139,-8.2676,-0.7827,-14.9800,25.2000,-35.1400,-0.5122,0.8617,-1.2016,0
92046,5.3091,-7.2886,-0.4859,14.0000,3.7800,-51.4500,0.4787,0.1293,-1.7593,0
92085,7.6094,-7.5735,-0.1747,20.6500,-14.1400,-46.2000,0.7061,-0.4835,-1.5798,0
92124,8.3203,-6.7166,1.1585,11.9000,3.2200,-21.7700,0.4069,0.1101,-0.7444,0
92163,8.2628,-6.9344,0.4141,-11.8300,3.3600,-2.0300,-0.4045,0.1149,-0.0694,0
92202,6.8362,-7.8152,-0.6942,-20.1600,12.3200,-2.8000,-0.6894,0.4213,-0.0957,0
92241,6.3144,-8.5285,-0.9838,-36.4700,5.1800,-11.6200,-1.2471,0.1771,-0.3973,0
92280,6.1780,-8.3155,-0.4069,-26.3200,0.0700,-15.7500,-0.9000,0.0024,-0.5386,0
92319,6.9080,-8.1958,-0.1795,-8.9600,-2.8700,-13.5800,-0.3064,-0.0981,-0.4644,0
92358,6.9775,-7.4155,-0.0981,3.9200,-0.9800,-14.8400,0.1340,-0.0335,-0.5075,0
92397,6.4293,-6.7022,0.3399,10.8500,10.2200,-12.3900,0.3710,0.3495,-0.4237,0
92436,6.8674,-5.7280,0.2681,2.3800,3.4300,-9.4500,0.0814,0.1173,-0.3231,0
92475,7.4131,-5.3665,0.2178,7.0000,1.4700,-5.0400,0.2394,0.0503,-0.1723,0
92514,8.1743,-5.5102,0.1029,-5.6000,5.5300,-4.5500,-0.1915,0.1891,-0.1556,0
92553,7.6716,-6.3288,-0.4476,-16.2400,4.9000,-4.9000,-0.5553,0.1676,-0.1676,0
92592,6.7692,-6.6232,0.5505,-14.4200,0.6300,-5.6000,-0.4931,0.0215,-0.1915,0
92631,7.4897,-6.4556,0.5434,-10.5700,8.6100,-6.8600,-0.3614,0.2944,-0.2346,0
92670,7.3461,-6.1564,-0.5481,3.4300,12.3900,-14.1400,0.1173,0.4237,-0.4835,0
92709,6.1229,-6.3886,0.2872,2.1000,9.9400,-25.5500,0.0718,0.3399,-0.8737,0
92748,6.6567,-6.3144,0.6439,-9.4500,19.7400,-25.5500,-0.3231,0.6750,-0.8737,0
92787,6.2689,-4.6652,-0.6080,3.4300,24.0800,-27.5800,0.1173,0.8234,-0.9431,0
92826,6.1564,-4.4976,-1.1657,-8.4700,-2.6600,-7.8400,-0.2896,-0.0910,-0.2681,0
92865,8.8421,-6.2474,-1.2447,4.6900,8.8200,14.5600,0.1604,0.3016,0.4979,0
92904,9.4549,-6.9535,0.0694,-13.1600,-2.2400,11.3400,-0.4500,-0.0766,0.3878,0
92943,9.4740,-7.9110,-0.6152,-24.6400,-6.7900,-7.7000,-0.8426,-0.2322,-0.2633,0
92982,9.1102,-9.9216,-0.3399,-13.3700,-3.7100,1.8200,-0.4572,-0.1269,0.0622,0
93021,8.7224,-8.4950,-0.5386,1.1900,1.7500,4.4100,0.0407,0.0598,0.1508,0
93060,7.7219,-6.9511,-0.6343,8.6800,14.0700,3.5700,0.2968,0.4811,0.1221,0
93099,7.5136,-7.7291,-1.5774,-0.5600,18.4800,6.0900,-0.0191,0.6319,0.2082,0
93138,6.2905,-7.4634,-1.1825,-1.1200,19.0400,7.9800,-0.0383,0.6511,0.2729,0
93177,5.6681,-6.3264,0.3375,-0.1400,27.5800,3.4300,-0.0048,0.9431,0.1173,0
93216,6.6663,-6.1205,0.4524,27.4400,11.2700,20.6500,0.9383,0.3854,0.7061,0
93255,7.8487,-6.0415,0.9886,35.7000,7.9800,24.9900,1.2208,0.2729,0.8545,0
93294,8.0929,-6.0009,0.1556,30.4500,5.6000,14.8400,1.0412,0.1915,0.5075,0
93333,7.9780,-5.7878,-0.4979,36.8200,10.9200,17.0800,1.2591,0.3734,0.5840,0
93372,7.3485,-6.3025,0.5745,25.9700,9.2400,23.5900,0.8880,0.3160,0.8067,0
93411,7.6620,-5.4671,1.7617,13.4400,-2.6600,21.7700,0.4596,-0.0910,0.7444,0
93450,7.5424,-5.1774,0.9383,7.2800,-19.4600,18.1300,0.2489,-0.6654,0.6200,0
93489,6.5538,-6.4533,0.6104,-18.3400,-9.1000,34.7900,-0.6271,-0.3112,1.1896,0
93528,4.9668,-5.9051,1.2064,-62.4400,-28.3500,59.4300,-2.1351,-0.9694,2.0322,0
93567,3.9998,-8.0857,1.0245,-52.5700,-44.3800,72.8700,-1.7976,-1.5176,2.4918,0
93606,4.7825,-10.0533,0.5553,-45.7800,-46.6900,58.7300,-1.5654,-1.5966,2.0083,0
93645,5.1966,-9.7517,-2.2045,-3.7800,-60.6200,51.2400,-0.1293,-2.0729,1.7521,0
93684,5.1128,-10.0150,-0.6463,6.1600,-44.9400,56.2100,0.2106,-1.5367,1.9221,0
93723,5.8764,-9.8953,-0.8833,21.2800,-37.3100,59.1500,0.7277,-1.2758,2.0226,0
93762,5.3115,-8.8397,-0.5505,11.3400,-17.8500,39.2000,0.3878,-0.6104,1.3404,0
93801,5.0913,-9.3615,-0.6487,-6.4400,2.1700,25.2000,-0.2202,0.0742,0.8617,0
93840,3.4492,-8.7559,-0.1436,2.9400,6.6500,21.7000,0.1005,0.2274,0.7420,0
93879,2.5037,-7.3700,-0.5434,-8.4700,-8.6800,12.6700,-0.2896,-0.2968,0.4332,0
93918,1.8766,-6.8267,-1.2375,-27.8600,-8.6800,-3.7100,-0.9527,-0.2968,-0.1269,0
93957,1.6349,-9.5147,-3.1811,-45.3600,8.8200,-29.6100,-1.5511,0.3016,-1.0125,0
93996,0.2609,-9.6416,-4.4282,15.6800,1.4700,-40.1100,0.5362,0.0503,-1.3716,0
94035,-0.4476,-6.9272,-2.1351,19.7400,-6.7900,-55.8600,0.6750,-0.2322,-1.9101,0
94074,2.4319,-6.6160,-1.9748,3.7800,-19.0400,-78.2600,0.1293,-0.6511,-2.6761,0
94113,7.4490,-9.7182,-1.4529,18.8300,-2.0300,-106.4000,0.6439,-0.0694,-3.6383,0
94152,8.6793,-9.6559,-0.2657,47.2500,-25.2700,-69.9300,1.6157,-0.8641,-2.3912,0
94191,10.7020,-7.3269,-1.1992,29.8900,17.2900,-25.4100,1.0221,0.5912,-0.8689,0
94230,7.0445,-8.5357,-0.3854,-23.3100,37.8700,-12.3900,-0.7971,1.2950,-0.4237,0
94269,6.3719,-8.9929,2.6522,-46.9700,41.6500,-35.2800,-1.6061,1.4242,-1.2064,0
94308,7.7554,-7.8918,0.3088,-5.6000,23.8700,-49.2100,-0.1915,0.8162,-1.6827,0
94347,6.7932,-5.9362,-1.4841,40.6700,12.0400,-45.7800,1.3907,0.4117,-1.5654,0
94386,6.0559,-5.2899,-0.7396,23.5900,3.7100,-28.7000,0.8067,0.1269,-0.9814,0
94425,8.0091,-5.3067,-0.6295,18.4100,22.0500,-7.9100,0.6295,0.7540,-0.2705,0
94464,7.6908,-5.9171,0.2489,-8.6800,18.3400,-20.8600,-0.2968,0.6271,-0.7133,0
94503,8.7847,-5.8142,0.2130,-17.9900,18.0600,-31.6400,-0.6152,0.6176,-1.0819,0
94542,8.7799,-6.6471,-0.7013,4.0600,16.5200,-19.3900,0.1388,0.5649,-0.6630,0
94581,5.9338,-7.2647,-1.8886,-31.0800,-5.6700,-10.4300,-1.0628,-0.1939,-0.3567,0
94620,6.6950,-8.6099,-0.5553,-6.2300,-1.1200,5.1800,-0.2130,-0.0383,0.1771,0
94659,4.9860,-9.6703,-3.2147,26.2500,23.0300,-16.9400,0.8976,0.7875,-0.5793,0
94698,1.4553,-9.3184,-2.9585,46.1300,63.9800,-7.9800,1.5774,2.1878,-0.2729,0
94737,4.6006,-6.5705,-0.8234,54.3900,36.5400,36.8900,1.8599,1.2495,1.2614,0
94776,2.1232,-3.5809,0.0910,45.9900,22.4000,78.4700,1.5726,0.7660,2.6833,0
94815,0.4309,0.3782,1.1896,-49.9800,-12.4600,106.8900,-1.7091,-0.4261,3.6551,0
94854,3.4516,-1.1705,0.6965,-86.5200,-57.0500,160.0200,-2.9585,-1.9508,5.4719,0
94893,13.1076,-5.0290,3.9447,-118.5100,-89.1100,192.5700,-4.0524,-3.0471,6.5849,0
94932,12.0520,-9.9264,2.4391,-115.7800,-161.7000,111.3000,-3.9591,-5.5293,3.8059,0
94971,8.8254,-12.7294,-3.6168,-92.4000,-213.2900,102.2000,-3.1596,-7.2934,3.4947,0
95010,7.6142,-18.9481,-1.0532,-64.8200,-208.2500,150.0100,-2.2165,-7.1211,5.1296,0
95049,6.0056,-10.0437,-5.3594,-33.7400,-133.4200,46.7600,-1.1537,-4.5623,1.5990,0
95088,6.2402,-8.5118,-0.0598,80.0100,-53.6900,2.5900,2.7359,-1.8359,0.0886,0
95127,2.4463,-2.4248,-3.8155,25.2000,14.5600,-18.6200,0.8617,0.4979,-0.6367,0
95166,-4.7322,3.3918,-6.9846,126.2800,-32.9000,19.4600,4.3181,-1.1250,0.6654,0
95205,-1.6037,2.7000,-0.3064,116.9700,-111.4400,114.6600,3.9998,-3.8107,3.9208,0
95244,3.9782,2.0896,1.1561,-51.9400,-105.6300,171.2200,-1.7761,-3.6120,5.8548,0
95283,4.4522,-3.6575,0.5840,-121.7300,-53.2000,124.8100,-4.1625,-1.8192,4.2679,0
95322,4.5503,-9.7517,-3.8801,40.3900,-133.0700,104.1600,1.3811,-4.5503,3.5617,0
95361,-0.0790,-6.2737,-5.0793,112.4900,-74.6900,151.8300,3.8466,-2.5540,5.1918,0
95400,-1.9724,-4.7992,0.8186,35.4900,-63.1400,179.8300,1.2136,-2.1591,6.1493,0
95439,-3.3535,-5.9745,1.7067,-32.8300,-68.4600,218.4700,-1.1226,-2.3410,7.4706,0
95478,-5.6155,-13.4211,6.6376,510.8600,-190.5400,321.6500,17.4688,-6.5155,10.9988,1
95517,-20.5901,-15.2451,-1.0963,-24.0800,13.1600,365.1200,-0.8234,0.4500,12.4852,0
95556,-38.0732,1.8910,16.9709,102.2700,-73.4300,311.1500,3.4971,-2.5109,10.6397,0
95595,-36.9937,-4.2894,8.9905,-0.5600,-93.1700,152.3900,-0.0191,-3.1859,5.2110,0
95634,-23.1130,-1.5990,6.4173,-77.9800,21.1400,35.8400,-2.6665,0.7229,1.2255,0
95673,-10.9030,2.9992,5.4599,-62.9300,125.4400,-71.1900,-2.1519,4.2894,-2.4343,0
95712,-16.8393,4.1745,0.6319,-56.0000,98.2100,-50.5400,-1.9149,3.3583,-1.7282,0
95751,-4.2942,0.1939,-1.3452,-28.4900,-36.5400,27.8600,-0.9742,-1.2495,0.9527,0
95790,0.6391,0.3112,-2.2141,-15.9600,-44.0300,7.7000,-0.5457,-1.5056,0.2633,0
95829,4.0093,1.6325,-1.5008,7.7000,-56.9800,-2.1700,0.2633,-1.9484,-0.0742,0
95868,4.0596,0.9311,0.4380,17.8500,-81.3400,8.1900,0.6104,-2.7814,0.2801,0
95907,3.2362,-0.1819,0.4524,12.3200,-37.9400,16.0300,0.4213,-1.2974,0.5481,0
95946,0.9838,2.3817,0.0096,5.3200,12.1100,7.8400,0.1819,0.4141,0.2681,0
95985,-3.7413,1.1753,-0.5122,-3.6400,36.0500,8.6800,-0.1245,1.2327,0.2968,0
96024,-8.5070,1.5607,1.2495,-19.3200,56.5600,-12.3200,-0.6606,1.9341,-0.4213,0
96063,-22.6199,4.3684,1.8072,-24.2900,161.4200,-0.8400,-0.8306,5.5197,-0.0287,0
96102,-23.9532,4.2822,2.8628,-21.3500,73.9200,-21.9100,-0.7301,2.5277,-0.7492,0
96141,-23.6755,-3.6264,3.6455,-31.9200,-42.0000,-52.7800,-1.0915,-1.4362,-1.8048,0
96180,-15.8507,-3.6144,-0.3997,-11.9700,-89.8800,-92.8200,-0.4093,-3.0734,-3.1740,0
96219,-15.6400,-1.7474,1.5750,-51.7300,-32.8300,-110.9500,-1.7689,-1.1226,-3.7939,0
96258,-10.9724,-1.8670,0.5625,-83.7900,-92.4700,-123.9000,-2.8652,-3.1620,-4.2367,0
96297,-3.7748,-0.9216,-0.2106,-4.4100,-53.6200,-97.2300,-0.1508,-1.8335,-3.3248,0
96336,0.1532,-4.1601,-0.3734,6.2300,-78.7500,-49.2100,0.2130,-2.6928,-1.6827,0
96375,4.0644,-6.5538,0.2992,-41.2300,-36.1200,29.6100,-1.4099,-1.2351,1.0125,0
96414,-3.5809,-4.9477,1.1274,39.5500,68.5300,52.5000,1.3524,2.3434,1.7952,0
96453,-10.6086,-0.3662,2.8460,34.5100,107.8000,52.5000,1.1801,3.6862,1.7952,0
96492,-19.2951,-3.7413,3.5761,73.1500,53.1300,60.6900,2.5014,1.8168,2.0753,0
96531,-12.4206,-4.2463,0.8210,-3.8500,31.7100,7.9100,-0.1317,1.0843,0.2705,0
96570,-10.9102,-4.1937,0.9790,-32.5500,22.3300,-13.5100,-1.1130,0.7636,-0.4620,0
96609,-11.5421,-4.3899,1.8646,-24.3600,-0.0700,-9.9400,-0.8330,-0.0024,-0.3399,0
96648,-9.7948,-2.9681,0.8809,0.0000,-76.7900,-17.1500,0.0000,-2.6258,-0.5864,0
96687,-7.5208,-1.3141,0.2585,-4.3400,-54.7400,-16.8000,-0.1484,-1.8718,-0.5745,0
96726,-7.3604,-1.2375,1.7785,-1.9600,-27.4400,-0.4200,-0.0670,-0.9383,-0.0144,0
96765,-7.2934,-2.4511,1.6540,-4.0600,-16.3100,1.6800,-0.1388,-0.5577,0.0574,0
96804,-8.0881,-3.7221,2.3147,6.7900,3.0800,4.8300,0.2322,0.1053,0.1652,0
96843,-9.6416,-3.9160,3.1740,13.2300,11.4100,-0.0700,0.4524,0.3902,-0.0024,0
96882,-9.3759,-3.0016,3.4109,3.5700,4.9700,-5.3900,0.1221,0.1699,-0.1843,0
96921,-8.7942,-3.4804,2.6785,-5.6700,-0.0700,-7.6300,-0.1939,-0.0024,-0.2609,0
96960,-8.7344,-4.0572,2.6474,-10.5000,3.2900,-4.2700,-0.3590,0.1125,-0.1460,0
96999,-8.3011,-3.3176,2.3266,-8.4000,-1.6100,1.6800,-0.2872,-0.0551,0.0574,0
97038,-7.9397,-2.4726,2.1471,-6.3700,6.0900,4.1300,-0.2178,0.2082,0.1412,0
97077,-8.4735,-2.6545,1.3548,-6.1600,13.4400,2.7300,-0.2106,0.4596,0.0934,0
97116,-9.6176,-3.5139,1.1705,-3.7800,16.0300,-0.1400,-0.1293,0.5481,-0.0048,0
97155,-10.0461,-4.0668,1.4553,2.0300,13.0900,-3.0100,0.0694,0.4476,-0.1029,0
97194,-9.7661,-4.2679,1.3835,10.0100,5.3900,-4.1300,0.3423,0.1843,-0.1412,0
97233,-9.1940,-3.2051,2.5612,6.5100,0.1400,-4.2000,0.2226,0.0048,-0.1436,0
97272,-8.1264,-2.4248,2.3936,2.4500,-16.9400,0.0700,0.0838,-0.5793,0.0024,0
97311,-8.8996,-3.6862,1.7402,-2.5200,-4.2000,-1.4700,-0.0862,-0.1436,-0.0503,0
97350,-9.3639,-4.5910,1.7162,-3.3600,1.9600,-1.4700,-0.1149,0.0670,-0.0503,0
97389,-8.9809,-4.2559,1.3955,4.4800,8.2600,0.8400,0.1532,0.2824,0.0287,0
97428,-8.9690,-3.4133,2.1375,7.3500,12.8100,0.9800,0.2513,0.4380,0.0335,0
97467,-8.5980,-2.5157,2.1662,3.6400,3.1500,1.2600,0.1245,0.1077,0.0431,0
97506,-8.6913,-2.8915,1.8982,1.8200,0.9800,0.2800,0.0622,0.0335,0.0096,0
97545,-9.2155,-3.2530,1.8742,-0.4900,1.1900,-1.8200,-0.0168,0.0407,-0.0622,0
97584,-8.9211,-3.2075,2.0705,-3.2900,-5.1100,-3.2900,-0.1125,-0.1747,-0.1125,0
97623,-8.7488,-4.0572,1.4745,-2.2400,-3.9900,-0.9800,-0.0766,-0.1364,-0.0335,0
97662,-9.6847,-4.4522,1.4170,2.7300,9.6600,1.4000,0.0934,0.3303,0.0479,0
97701,-9.7589,-4.0812,2.9155,4.9700,5.3200,-0.1400,0.1699,0.1819,-0.0048,0
97740,-8.2987,-2.4224,2.3506,4.6900,-14.2100,2.8700,0.1604,-0.4859,0.0981,0
97779,-8.1216,-2.3314,1.9867,-1.8900,-16.4500,4.9700,-0.0646,-0.5625,0.1699,0
97818,-8.8182,-3.4732,1.5176,-5.1100,-2.2400,1.6800,-0.1747,-0.0766,0.0574,0
97857,-9.2754,-4.0285,1.5008,0.4900,2.8700,-2.1000,0.0168,0.0981,-0.0718,0
97896,-8.9881,-3.7676,1.9867,4.0600,3.0800,-3.1500,0.1388,0.1053,-0.1077,0
97935,-8.8469,-3.6455,2.0585,6.2300,8.5400,-1.8200,0.2130,0.2920,-0.0622,0
97974,-8.9953,-3.3152,2.0801,3.8500,10.0800,-0.8400,0.1317,0.3447,-0.0287,0
98013,-9.0408,-3.2530,2.1112,2.9400,6.0200,-1.4000,0.1005,0.2059,-0.0479,0
98052,-8.9307,-3.4133,1.9795,1.3300,4.5500,-2.5900,0.0455,0.1556,-0.0886,0
98091,-8.8110,-3.1381,1.8766,0.0700,0.7000,-1.6800,0.0024,0.0239,-0.0574,0
98130,-8.7176,-3.2577,1.6636,-1.6800,2.2400,-1.8200,-0.0574,0.0766,-0.0622,0
98169,-9.0623,-3.3679,1.6229,-4.5500,5.2500,-3.7800,-0.1556,0.1795,-0.1293,0
98208,-9.2897,-3.6982,1.6923,1.4700,-0.6300,-3.0800,0.0503,-0.0215,-0.1053,0
98247,-8.9450,-3.8202,1.7450,0.7700,-1.9600,-2.5900,0.0263,-0.0670,-0.0886,0
98286,-8.9857,-3.7054,1.6444,-1.6800,0.9800,-1.0500,-0.0574,0.0335,-0.0359,0
98325,-9.1078,-3.6814,1.6061,-0.2800,0.5600,-0.1400,-0.0096,0.0191,-0.0048,0
98364,-9.0599,-3.7317,1.6085,-1.4000,1.7500,0.0700,-0.0479,0.0598,0.0024,0
98403,-8.8684,-3.5665,1.6779,1.3300,0.5600,0.1400,0.0455,0.0191,0.0048,0
98442,-8.8014,-3.3966,1.8144,2.1000,0.4200,0.4200,0.0718,0.0144,0.0144,0
98481,-8.4950,-3.5905,1.3141,-6.0900,1.9600,0.4200,-0.2082,0.0670,0.0144,0
98520,-9.5746,-3.9232,1.7689,-5.6000,2.7300,6.1600,-0.1915,0.0934,0.2106,0
98559,-9.4860,-3.4636,1.7067,0.2100,-1.4000,6.9300,0.0072,-0.0479,0.2370,0
98598,-8.5429,-3.3463,1.6157,4.3400,3.5700,-2.5200,0.1484,0.1221,-0.0862,0
98637,-8.0546,-3.2649,1.6947,7.7000,11.2700,-5.6000,0.2633,0.3854,-0.1915,0
98676,-8.1408,-3.4062,1.3668,10.1500,18.5500,-8.2600,0.3471,0.6343,-0.2824,0
98715,-8.8636,-3.1572,1.7354,10.2200,27.0200,-12.8800,0.3495,0.9239,-0.4404,0
98754,-8.7655,-3.4181,1.4099,18.0600,17.8500,-15.2600,0.6176,0.6104,-0.5218,0
98793,-9.2179,-3.8179,1.5200,17.8500,14.0000,-17.0100,0.6104,0.4787,-0.5817,0
98832,-9.1844,-3.8633,1.5415,21.9100,15.6100,-20.9300,0.7492,0.5338,-0.7157,0
98871,-8.8541,-3.6048,1.4817,24.2900,8.8200,-25.5500,0.8306,0.3016,-0.8737,0
98910,-8.6195,-3.7269,0.9910,26.0400,1.5400,-30.3800,0.8904,0.0527,-1.0388,0
98949,-9.0312,-4.1027,1.2854,24.4300,-1.4000,-39.5500,0.8354,-0.0479,-1.3524,0
98988,-8.8660,-4.5814,1.8096,33.0400,-12.6700,-46.2000,1.1298,-0.4332,-1.5798,0
99027,-8.2006,-4.4402,2.0777,46.6200,-21.8400,-59.7100,1.5942,-0.7468,-2.0418,0
99066,-7.3221,-4.7131,2.6067,50.9600,-25.1300,-69.2300,1.7426,-0.8593,-2.3673,0
99105,-7.1163,-5.8142,2.4654,57.1200,-17.0800,-77.9100,1.9532,-0.5840,-2.6641,0
99144,-5.0937,-5.6059,2.9107,53.6200,4.9700,-78.8900,1.8335,0.1699,-2.6976,0
99183,-5.2852,-6.1445,3.1716,31.3600,29.2600,-48.7200,1.0724,1.0005,-1.6660,0
99222,-10.0892,-8.2461,2.2093,-11.2700,-22.7500,18.9000,-0.3854,-0.7779,0.6463,0
99261,-9.8091,-9.0671,1.9652,-27.8600,-16.2400,31.9900,-0.9527,-0.5553,1.0939,0
99300,-8.7009,-7.6046,0.9335,-31.7800,14.7000,14.7000,-1.0867,0.5027,0.5027,0
99339,-7.6525,-6.0918,1.2423,1.9600,17.3600,-1.8900,0.0670,0.5936,-0.0646,0
99378,-6.4604,-5.0865,2.4798,11.8300,10.7800,-5.6700,0.4045,0.3686,-0.1939,0
99417,-6.1277,-4.7825,2.5756,17.2900,0.3500,-8.3300,0.5912,0.0120,-0.2848,0
99456,-6.6974,-5.5485,2.6857,27.6500,-11.4100,2.9400,0.9455,-0.3902,0.1005,0
99495,-7.8775,-6.1301,3.2075,9.3100,-6.3700,6.3000,0.3184,-0.2178,0.2154,0
99534,-7.6405,-5.8070,3.0591,0.0000,1.9600,1.6800,0.0000,0.0670,0.0574,0
99573,-7.3580,-5.5700,3.0375,-2.3800,3.9900,-4.7600,-0.0814,0.1364,-0.1628,0
99612,-7.0349,-5.5485,2.8341,-5.3900,3.0100,-9.5900,-0.1843,0.1029,-0.3279,0
99651,-6.7668,-5.6490,2.8125,-6.5100,1.0500,-9.9400,-0.2226,0.0359,-0.3399,0
99690,-6.8410,-5.9626,2.5564,-5.9500,-2.5900,-7.2800,-0.2035,-0.0886,-0.2489,0
99729,-7.2360,-6.4628,2.4391,-4.6200,-2.7300,-2.5200,-0.1580,-0.0934,-0.0862,0
99768,-7.3700,-6.4006,2.4343,-7.9100,0.8400,0.0000,-0.2705,0.0287,0.0000,0
99807,-7.2982,-6.2881,2.3482,-5.3900,1.2600,0.7000,-0.1843,0.0431,0.0239,0
99846,-7.2934,-6.2761,2.3003,-2.3100,1.6800,0.9100,-0.0790,0.0574,0.0311,0
99885,-7.4083,-6.2857,2.3362,2.3100,-0.3500,0.4200,0.0790,-0.0120,0.0144,0
99924,-7.2958,-6.1205,2.5157,4.6200,-1.4700,-0.5600,0.1580,-0.0503,-0.0191,0
99963,-7.0924,-6.0559,2.6019,4.7600,-1.7500,0.1400,0.1628,-0.0598,0.0048,0
100002,-7.1115,-5.9937,2.7264,2.0300,-1.1900,0.5600,0.0694,-0.0407,0.0191,0
100041,-7.0924,-6.0032,2.6976,-0.5600,0.0000,-0.4200,-0.0191,0.0000,-0.0144,0
100080,-7.1474,-6.0607,2.6330,-2.0300,0.7000,-0.9800,-0.0694,0.0239,-0.0335,0
100119,-7.1259,-6.1517,2.5301,-2.3800,0.9100,-1.1200,-0.0814,0.0311,-0.0383,0
100158,-7.1690,-6.1445,2.4822,-1.6800,0.4900,-0.4900,-0.0574,0.0168,-0.0168,0
100197,-7.1929,-6.1995,2.4654,-0.2100,-0.4900,0.0700,-0.0072,-0.0168,0.0024,0
100236,-7.1929,-6.1158,2.5133,-0.9800,0.2100,-0.0700,-0.0335,0.0072,-0.0024,0
100275,-7.1690,-6.2067,2.4319,0.7000,-0.6300,-0.4900,0.0239,-0.0215,-0.0168,0
100314,-7.2168,-6.2235,2.4870,1.3300,-0.0700,0.0000,0.0455,-0.0024,0.0000,0
100353,-7.2384,-6.1708,2.5109,1.5400,0.1400,-0.2100,0.0527,0.0048,-0.0072,0
100392,-7.0325,-6.0751,2.5923,0.7700,0.0700,-0.8400,0.0263,0.0024,-0.0287,0
100431,-7.0062,-6.0392,2.5875,-0.4900,-0.3500,0.0700,-0.0168,-0.0120,0.0024,0
100470,-7.1283,-6.1253,2.5133,-1.5400,-0.2800,0.3500,-0.0527,-0.0096,0.0120,0
100509,-7.2120,-6.2187,2.4415,-1.2600,0.6300,-0.2100,-0.0431,0.0215,-0.0072,0
100548,-7.2264,-6.2067,2.4918,-0.4900,0.3500,-0.2100,-0.0168,0.0120,-0.0072,0
100587,-7.1690,-6.1684,2.4894,-0.2800,0.1400,-0.3500,-0.0096,0.0048,-0.0120,0
100626,-7.1546,-6.1828,2.4511,0.0700,-0.2800,-0.5600,0.0024,-0.0096,-0.0191,0
100665,-7.0995,-6.1923,2.4846,0.2800,-0.1400,-0.4200,0.0096,-0.0048,-0.0144,0
100704,-7.1091,-6.1205,2.4750,-0.2800,0.0700,-0.1400,-0.0096,0.0024,-0.0048,0
100743,-7.1091,-6.2043,2.4607,0.0000,0.0700,-0.2100,0.0000,0.0024,-0.0072,0
100782,-7.1953,-6.2043,2.5061,0.2800,-0.1400,-0.0700,0.0096,-0.0048,-0.0024,0
100821,-7.1235,-6.2019,2.4559,-0.0700,0.0700,0.1400,-0.0024,0.0024,0.0048,0
100860,-7.1330,-6.1708,2.4870,0.1400,-0.4900,0.1400,0.0048,-0.0168,0.0048,0
100899,-7.1402,-6.1636,2.4750,-0.3500,-0.4900,0.0000,-0.0120,-0.0168,0.0000,0
100938,-7.1187,-6.1828,2.4511,-0.4900,-0.2100,-0.3500,-0.0168,-0.0072,-0.0120,0
100977,-7.1402,-6.2235,2.4295,0.1400,-0.4900,-0.2100,0.0048,-0.0168,-0.0072,0
101016,-7.1450,-6.2259,2.4295,0.4200,-0.5600,0.3500,0.0144,-0.0191,0.0120,0
101055,-7.1522,-6.2139,2.4654,0.4200,-0.2800,0.0700,0.0144,-0.0096,0.0024,0
101094,-7.1402,-6.2067,2.4535,0.3500,-0.4900,0.0000,0.0120,-0.0168,0.0000,0
101133,-7.0947,-6.1971,2.4726,0.2100,-0.2800,0.0000,0.0072,-0.0096,0.0000,0
101172,-7.0852,-6.1684,2.4583,-0.2100,-0.3500,0.2800,-0.0072,-0.0120,0.0096,0
101211,-7.1043,-6.1780,2.4439,-0.7000,0.0700,0.4900,-0.0239,0.0024,0.0168,0
101250,-7.2360,-6.2091,2.4487,-0.4900,-0.0700,-0.4900,-0.0168,-0.0024,-0.0168,0
101289,-7.1139,-6.2283,2.4224,-0.8400,0.3500,-1.0500,-0.0287,0.0120,-0.0359,0
101328,-7.1019,-6.2139,2.4128,-0.3500,-0.1400,-0.6300,-0.0120,-0.0048,-0.0215,0
101367,-7.1043,-6.2354,2.3960,-0.2800,-0.1400,-0.6300,-0.0096,-0.0048,-0.0215,0
101406,-7.0612,-6.2378,2.3936,-0.1400,-0.0700,-0.4200,-0.0048,-0.0024,-0.0144,0
101445,-7.1211,-6.2761,2.3984,0.5600,-0.5600,0.2100,0.0191,-0.0191,0.0072,0
101484,-7.1594,-6.2689,2.4152,0.3500,-0.0700,0.3500,0.0120,-0.0024,0.0120,0
101523,-7.1330,-6.2354,2.4056,0.1400,0.0000,0.0700,0.0048,0.0000,0.0024,0
101562,-7.0947,-6.2474,2.3769,0.6300,-0.4200,0.2800,0.0215,-0.0144,0.0096,0
101601,-7.1163,-6.2043,2.4415,0.6300,-0.2800,0.3500,0.0215,-0.0096,0.0120,0
101640,-7.1115,-6.2402,2.3984,0.7000,-0.5600,-0.0700,0.0239,-0.0191,-0.0024,0
101679,-7.0971,-6.2546,2.4152,0.5600,0.0000,0.0700,0.0191,0.0000,0.0024,0
101718,-7.1091,-6.2450,2.4200,-0.2800,0.1400,-0.2800,-0.0096,0.0048,-0.0096,0
101757,-7.0612,-6.2091,2.4152,-0.4900,0.2100,-0.1400,-0.0168,0.0072,-0.0048,0
101796,-7.0876,-6.2306,2.3625,-0.3500,-0.4200,0.1400,-0.0120,-0.0144,0.0048,0
101835,-7.1402,-6.2642,2.3625,0.4200,-0.2100,0.2100,0.0144,-0.0072,0.0072,0
101874,-7.1546,-6.3096,2.3601,0.9100,-0.1400,-0.1400,0.0311,-0.0048,-0.0048,0
101913,-7.1402,-6.2929,2.4439,1.1200,-0.0700,0.1400,0.0383,-0.0024,0.0048,0
101952,-7.0636,-6.1588,2.4415,-0.1400,0.0700,0.0700,-0.0048,0.0024,0.0024,0
101991,-7.0708,-6.2091,2.3865,-0.3500,-0.6300,0.1400,-0.0120,-0.0215,0.0048,0
102030,-7.0876,-6.2737,2.3601,0.0000,-0.7000,0.1400,0.0000,-0.0239,0.0048,0
102069,-7.0947,-6.2642,2.3865,0.2100,-0.4900,0.2800,0.0072,-0.0168,0.0096,0
102108,-7.1259,-6.2618,2.3745,0.2100,-0.3500,0.5600,0.0072,-0.0120,0.0191,0
102147,-7.1450,-6.2833,2.3769,0.4900,-0.0700,0.5600,0.0168,-0.0024,0.0191,0
102186,-7.1426,-6.2354,2.3865,0.5600,-0.3500,0.4900,0.0191,-0.0120,0.0168,0
102225,-7.1283,-6.2187,2.4008,0.4200,-0.4900,0.2100,0.0144,-0.0168,0.0072,0
102264,-7.1402,-6.2330,2.4176,0.2100,-0.5600,-0.4900,0.0072,-0.0191,-0.0168,0
102303,-7.0804,-6.2498,2.3649,-0.3500,0.3500,-1.1200,-0.0120,0.0120,-0.0383,0
102342,-7.0205,-6.2618,2.3506,-0.0700,0.0000,-0.7700,-0.0024,0.0000,-0.0263,0
102381,-7.0804,-6.3048,2.3697,0.5600,-0.4200,0.0000,0.0191,-0.0144,0.0000,0
102420,-7.1259,-6.2785,2.3697,0.1400,0.0000,0.2100,0.0048,0.0000,0.0072,0
102459,-7.1091,-6.2881,2.3577,0.4900,-0.4200,0.2100,0.0168,-0.0144,0.0072,0
102498,-7.1091,-6.2737,2.3793,0.8400,-0.7700,0.4900,0.0287,-0.0263,0.0168,0
102537,-7.0995,-6.2546,2.3697,0.6300,-0.4900,0.4900,0.0215,-0.0168,0.0168,0
102576,-7.1115,-6.2235,2.3003,1.4700,-1.2600,-0.0700,0.0503,-0.0431,-0.0024,0
102615,-7.1402,-6.3360,2.3410,2.3100,-0.2800,0.2800,0.0790,-0.0096,0.0096,0
102654,-7.0780,-6.2953,2.3960,2.4500,-0.7000,0.4200,0.0838,-0.0239,0.0144,0
102693,-7.0349,-6.1517,2.4439,0.5600,0.6300,0.7700,0.0191,0.0215,0.0263,0
102732,-7.1929,-6.3886,2.1734,3.2200,-1.1900,0.7000,0.1101,-0.0407,0.0239,0
102771,-7.2982,-6.3838,2.5109,4.9700,0.2800,0.5600,0.1699,0.0096,0.0191,0
102810,-6.8817,-6.0080,2.7024,-0.9800,1.1900,-0.1400,-0.0335,0.0407,-0.0048,0
102849,-6.7596,-6.0320,2.4319,-1.7500,-0.3500,1.1900,-0.0598,-0.0120,0.0407,0
102888,-7.0780,-6.1540,2.3529,-2.5900,0.1400,2.0300,-0.0886,0.0048,0.0694,0
102927,-7.3150,-6.2737,2.3434,-0.3500,-0.5600,0.9800,-0.0120,-0.0191,0.0335,0
102966,-7.3748,-6.3479,2.4248,1.3300,-2.2400,-0.7000,0.0455,-0.0766,-0.0239,0
103005,-7.2192,-6.4509,2.2644,1.1200,0.3500,-0.9800,0.0383,0.0120,-0.0335,0
103044,-6.9009,-6.1229,2.4008,0.6300,-0.5600,-0.0700,0.0215,-0.0191,-0.0024,0
103083,-6.9655,-6.2019,2.3889,0.7000,-0.4200,0.7700,0.0239,-0.0144,0.0263,0
103122,-7.1522,-6.2426,2.4894,0.4200,-1.0500,0.7000,0.0144,-0.0359,0.0239,0
103161,-7.1283,-6.2426,2.4726,-1.4000,0.0000,0.2100,-0.0479,0.0000,0.0072,0
103200,-7.1546,-6.2402,2.4176,-1.4000,-0.5600,0.3500,-0.0479,-0.0191,0.0120,0
103239,-7.1402,-6.2235,2.3889,-1.9600,0.0700,0.0000,-0.0670,0.0024,0.0000,0
103278,-7.1163,-6.2115,2.3458,-1.4700,-0.0700,-0.8400,-0.0503,-0.0024,-0.0287,0
103317,-7.0852,-6.3264,2.3147,-0.4900,-0.7700,-1.0500,-0.0168,-0.0263,-0.0359,0
103356,-7.0852,-6.3575,2.3147,0.2800,-0.6300,-0.2100,0.0096,-0.0215,-0.0072,0
103395,-7.0947,-6.3072,2.3529,0.4200,-0.4900,0.2800,0.0144,-0.0168,0.0096,0
103434,-7.0660,-6.2809,2.3434,0.9100,-0.7700,0.7000,0.0311,-0.0263,0.0239,0
103473,-7.1426,-6.2642,2.4104,1.0500,-0.7000,0.6300,0.0359,-0.0239,0.0215,0
103512,-7.0971,-6.1971,2.4511,-0.2100,-0.0700,-0.0700,-0.0072,-0.0024,-0.0024,0
103551,-7.0732,-6.2642,2.3625,-0.2800,-0.4200,-0.3500,-0.0096,-0.0144,-0.0120,0
103590,-7.0708,-6.2665,2.3529,-0.4900,0.1400,-0.0700,-0.0168,0.0048,-0.0024,0
103629,-7.0852,-6.2809,2.3649,-0.2800,-0.1400,-0.0700,-0.0096,-0.0048,-0.0024,0
103668,-7.1187,-6.2857,2.3338,-0.2800,-0.2800,0.1400,-0.0096,-0.0096,0.0048,0
103707,-7.1091,-6.3025,2.3601,0.2100,-0.4900,0.0700,0.0072,-0.0168,0.0024,0
103746,-7.1019,-6.2881,2.3410,-0.1400,-0.2800,0.0700,-0.0048,-0.0096,0.0024,0
103785,-7.0517,-6.2881,2.3266,0.8400,-0.7700,0.2100,0.0287,-0.0263,0.0072,0
103824,-7.0708,-6.2809,2.3529,1.0500,-1.0500,0.5600,0.0359,-0.0359,0.0191,0
103863,-7.1067,-6.3072,2.3769,1.0500,-0.8400,0.4900,0.0359,-0.0287,0.0168,0
103902,-7.0852,-6.2570,2.3865,-0.0700,-0.4200,0.2800,-0.0024,-0.0144,0.0096,0
103941,-7.0828,-6.2737,2.3793,-0.2800,-0.2800,0.1400,-0.0096,-0.0096,0.0048,0
103980,-7.0541,-6.2546,2.3529,-0.7000,0.1400,0.0000,-0.0239,0.0048,0.0000,0
104019,-7.0971,-6.2402,2.3553,-0.5600,-0.2100,0.4200,-0.0191,-0.0072,0.0144,0
104058,-7.1522,-6.3791,2.2907,0.4900,-0.5600,-0.4200,0.0168,-0.0191,-0.0144,0
104097,-7.1378,-6.3144,2.3625,0.3500,0.4900,-0.2800,0.0120,0.0168,-0.0096,0
104136,-7.0636,-6.2665,2.3482,0.4200,-0.3500,-0.2800,0.0144,-0.0120,-0.0096,0
104175,-7.0541,-6.2857,2.3506,0.0700,-0.0700,-0.0700,0.0024,-0.0024,-0.0024,0
104214,-7.0421,-6.2594,2.3506,0.0700,-0.2100,0.0700,0.0024,-0.0072,0.0024,0
104253,-7.0756,-6.3048,2.3386,-0.1400,-0.1400,0.2100,-0.0048,-0.0048,0.0072,0
104292,-7.0947,-6.3599,2.3051,0.2100,-0.1400,0.2100,0.0072,-0.0048,0.0072,0
104331,-7.1235,-6.3192,2.3242,0.7700,0.0700,0.6300,0.0263,0.0024,0.0215,0
104370,-7.1043,-6.2881,2.3290,1.0500,0.0000,0.2100,0.0359,0.0000,0.0072,0
104409,-7.0636,-6.2426,2.3529,1.1900,-0.2800,-0.0700,0.0407,-0.0096,-0.0024,0
104448,-7.0636,-6.2881,2.3577,1.1200,-0.4900,0.0000,0.0383,-0.0168,0.0000,0
104487,-7.0660,-6.2905,2.3865,0.8400,-0.4900,0.2100,0.0287,-0.0168,0.0072,0
104526,-7.0684,-6.2570,2.3601,-0.2800,-0.2800,0.2100,-0.0096,-0.0096,0.0072,0
104565,-7.0588,-6.3719,2.2620,0.9100,-1.0500,0.3500,0.0311,-0.0359,0.0120,0
104604,-7.2001,-6.3958,2.2859,2.5900,-1.8200,1.6800,0.0886,-0.0622,0.0574,0
104643,-7.2791,-6.6615,1.9748,5.3200,0.4900,1.1200,0.1819,0.0168,0.0383,0
104682,-7.2743,-6.7932,1.9676,9.4500,3.1500,1.7500,0.3231,0.1077,0.0598,0
104721,-7.1498,-6.0392,2.9849,7.9100,5.3200,3.7800,0.2705,0.1819,0.1293,0
104760,-6.5322,-5.3043,3.0375,-3.4300,-0.9100,4.9000,-0.1173,-0.0311,0.1676,0
104799,-7.3461,-6.2498,2.2668,3.2900,-6.3700,3.2900,0.1125,-0.2178,0.1125,0
104838,-7.3940,-6.7572,2.1615,1.3300,1.5400,-2.8700,0.0455,0.0527,-0.0981,0
104877,-6.9416,-6.0200,2.7503,-1.8900,3.9200,0.6300,-0.0646,0.1340,0.0215,0
104916,-7.0900,-5.8118,2.5014,-1.4000,-4.7600,5.6700,-0.0479,-0.1628,0.1939,0
104955,-7.5687,-6.5466,2.1327,3.8500,-3.2900,2.3100,0.1317,-0.1125,0.0790,0
104994,-7.0732,-6.0272,2.6091,0.7000,2.0300,-2.1700,0.0239,0.0694,-0.0742,0
105033,-6.9416,-5.8453,2.5851,0.8400,-2.1000,-0.7700,0.0287,-0.0718,-0.0263,0
105072,-7.1546,-6.1708,2.5109,-0.4200,-3.4300,0.7000,-0.0144,-0.1173,0.0239,0
105111,-7.1498,-6.2043,2.5109,-1.5400,-2.3800,0.1400,-0.0527,-0.0814,0.0048,0
105150,-7.2312,-6.2546,2.3410,-2.1000,-0.6300,-0.7000,-0.0718,-0.0215,-0.0239,0
105189,-7.3126,-6.2953,2.3984,-2.5900,2.6600,-2.8700,-0.0886,0.0910,-0.0981,0
105228,-7.1115,-6.2235,2.3027,0.5600,0.8400,-2.0300,0.0191,0.0287,-0.0694,0
105267,-7.1426,-6.2737,2.3386,1.5400,-1.6100,-0.4200,0.0527,-0.0551,-0.0144,0
105306,-7.1977,-6.3791,2.3075,2.5200,-0.9100,-0.0700,0.0862,-0.0311,-0.0024,0
105345,-7.0971,-6.2498,2.5061,3.2900,0.0000,-0.4200,0.1125,0.0000,-0.0144,0
105384,-6.9607,-6.0559,2.6282,-0.2100,1.3300,-0.0700,-0.0072,0.0455,-0.0024,0
105423,-7.0517,-6.1277,2.4319,-1.1200,-1.3300,1.2600,-0.0383,-0.0455,0.0431,0
105462,-7.2025,-6.2091,2.4487,-0.4200,-1.1200,0.7000,-0.0144,-0.0383,0.0239,0
105501,-7.1570,-6.2330,2.3793,-0.5600,-0.9800,-0.3500,-0.0191,-0.0335,-0.0120,0
105540,-7.1546,-6.2833,2.3338,0.2800,-0.2800,-0.2800,0.0096,-0.0096,-0.0096,0
105579,-7.1594,-6.2737,2.4032,0.9100,0.2800,-0.2100,0.0311,0.0096,-0.0072,0
105618,-7.1378,-6.2450,2.5133,0.5600,-0.1400,-0.2800,0.0191,-0.0048,-0.0096,0
105657,-7.0229,-6.1923,2.3817,-0.7000,-17.8500,0.5600,-0.0239,-0.6104,0.0191,0
105696,-7.1402,-6.2163,2.4104,1.4000,-1.1900,0.9800,0.0479,-0.0407,0.0335,0
105735,-7.1713,-6.2283,2.4702,1.1200,-0.9800,0.3500,0.0383,-0.0335,0.0120,0
105774,-7.0804,-6.2163,2.4415,0.0000,-0.4900,0.0700,0.0000,-0.0168,0.0024,0
105813,-7.1067,-6.1876,2.4535,0.0000,-0.4200,0.2800,0.0000,-0.0144,0.0096,0
105852,-7.1163,-6.2115,2.4343,-0.2800,-0.6300,0.0700,-0.0096,-0.0215,0.0024,0
105891,-7.0947,-6.1684,2.4678,-0.5600,-0.3500,-0.3500,-0.0191,-0.0120,-0.0120,0
105930,-7.0732,-6.2259,2.3912,-0.6300,-0.7700,-0.4900,-0.0215,-0.0263,-0.0168,0
105969,-7.1474,-6.2689,2.4104,-0.6300,-0.5600,-0.2800,-0.0215,-0.0191,-0.0096,0
106008,-7.1498,-6.3120,2.3649,-0.7000,-0.0700,-0.7700,-0.0239,-0.0024,-0.0263,0
106047,-7.1163,-6.2761,2.3529,-0.2800,0.5600,-0.4200,-0.0096,0.0191,-0.0144,0
106086,-7.0493,-6.2761,2.3553,0.7000,0.1400,-0.0700,0.0239,0.0048,-0.0024,0
106125,-7.1546,-6.3025,2.3841,1.2600,-0.7700,0.3500,0.0431,-0.0263,0.0120,0
106164,-7.0732,-6.2594,2.4391,0.7700,0.7000,0.1400,0.0263,0.0239,0.0048,0
106203,-7.0397,-6.1588,2.4248,0.0700,0.1400,0.4200,0.0024,0.0048,0.0144,0
106242,-7.1019,-6.2091,2.4104,0.0700,-0.1400,0.4900,0.0024,-0.0048,0.0168,0
106281,-7.1402,-6.2187,2.4224,-0.2800,-0.3500,0.0700,-0.0096,-0.0120,0.0024,0
106320,-7.1043,-6.3216,2.3817,0.2800,-1.1200,-0.3500,0.0096,-0.0383,-0.0120,0
106359,-7.0445,-6.3001,2.3506,-0.1400,0.0700,0.4200,-0.0048,0.0024,0.0144,0
106398,-7.1426,-6.2330,2.3649,0.4900,-0.2100,1.1200,0.0168,-0.0072,0.0383,0
106437,-7.1929,-6.2546,2.3841,0.9800,-0.1400,0.2100,0.0335,-0.0048,0.0072,0
106476,-7.1019,-6.2522,2.4104,0.7700,-0.0700,-0.5600,0.0263,-0.0024,-0.0191,0
106515,-7.0397,-6.1708,2.4559,0.2800,-0.2800,0.0000,0.0096,-0.0096,0.0000,0
106554,-7.0708,-6.2737,2.3553,-0.2800,0.2100,-0.1400,-0.0096,0.0072,-0.0048,0
106593,-7.1402,-6.2785,2.4224,0.2800,-0.0700,0.1400,0.0096,-0.0024,0.0048,0
106632,-7.0780,-6.2665,2.3482,-0.3500,0.0000,0.2100,-0.0120,0.0000,0.0072,0
106671,-7.1330,-6.2594,2.3553,0.4200,-0.5600,0.7000,0.0144,-0.0191,0.0239,0
106710,-7.1402,-6.2522,2.3745,0.8400,-0.7700,0.4200,0.0287,-0.0263,0.0144,0
106749,-7.0828,-6.2330,2.4032,0.4900,-0.0700,-0.1400,0.0168,-0.0024,-0.0048,0
106788,-7.0684,-6.2594,2.3745,0.4200,-0.6300,-0.0700,0.0144,-0.0215,-0.0024,0
106827,-7.0900,-6.2665,2.3889,0.4200,-0.3500,0.2800,0.0144,-0.0120,0.0096,0
106866,-7.0995,-6.2857,2.3721,0.3500,-0.3500,0.2100,0.0120,-0.0120,0.0072,0
106905,-7.0924,-6.2330,2.3889,-0.0700,-0.1400,0.5600,-0.0024,-0.0048,0.0191,0
106944,-7.1354,-6.2689,2.3793,0.2800,-0.5600,0.2800,0.0096,-0.0191,0.0096,0
106983,-7.1091,-6.2474,2.3889,0.0700,-0.2100,-0.0700,0.0024,-0.0072,-0.0024,0
107022,-7.0804,-6.2402,2.3601,0.1400,-0.7000,0.2800,0.0048,-0.0239,0.0096,0
107061,-7.1067,-6.3120,2.3338,0.0700,-0.2800,0.1400,0.0024,-0.0096,0.0048,0
107100,-7.1737,-6.3072,2.4008,0.5600,-0.4900,0.2800,0.0191,-0.0168,0.0096,0
107139,-7.0947,-6.2642,2.3482,0.0700,-0.2100,0.0700,0.0024,-0.0072,0.0024,0
107178,-7.0636,-6.2115,2.4032,0.4200,-0.4200,0.4200,0.0144,-0.0144,0.0144,0
107217,-7.1115,-6.2570,2.3841,0.0700,-0.7000,0.2100,0.0024,-0.0239,0.0072,0
107256,-7.0732,-6.2546,2.3673,-0.6300,0.3500,-0.1400,-0.0215,0.0120,-0.0048,0
107295,-7.1043,-6.2809,2.3721,0.0000,-0.6300,0.0700,0.0000,-0.0215,0.0024,0
107334,-7.1067,-6.3072,2.3242,-0.0700,-0.4900,0.2800,-0.0024,-0.0168,0.0096,0
107373,-7.1354,-6.2881,2.3529,0.2800,-0.7000,0.4200,0.0096,-0.0239,0.0144,0
107412,-7.1043,-6.2929,2.3314,0.7700,-0.6300,0.2100,0.0263,-0.0215,0.0072,0
107451,-7.0900,-6.2761,2.3649,0.4900,-0.6300,0.2100,0.0168,-0.0215,0.0072,0
107490,-7.0971,-6.2211,2.4104,0.0000,-0.4200,0.4200,0.0000,-0.0144,0.0144,0
107529,-7.1019,-6.2522,2.3793,-0.1400,-0.4900,-0.0700,-0.0048,-0.0168,-0.0024,0
107568,-7.0612,-6.3072,2.3386,-0.9100,0.0700,-0.2100,-0.0311,0.0024,-0.0072,0
107607,-7.1091,-6.2977,2.3458,-0.2100,-0.4200,0.3500,-0.0072,-0.0144,0.0120,0
107646,-7.1402,-6.3120,2.3099,0.0000,-0.2800,0.4200,0.0000,-0.0096,0.0144,0
107685,-7.1091,-6.2689,2.3410,0.5600,-0.3500,0.1400,0.0191,-0.0120,0.0048,0
107724,-7.0995,-6.2546,2.3697,0.4200,-0.6300,0.1400,0.0144,-0.0215,0.0048,0
107763,-7.0708,-6.2857,2.3386,0.1400,-0.2800,-0.0700,0.0048,-0.0096,-0.0024,0
107802,-7.0924,-6.2953,2.3458,0.7000,-0.4200,0.0700,0.0239,-0.0144,0.0024,0
107841,-7.0541,-6.2929,2.3529,0.6300,-0.4200,0.2100,0.0215,-0.0144,0.0072,0
107880,-7.0900,-6.2522,2.3625,0.4200,-0.9800,0.6300,0.0144,-0.0335,0.0215,0
107919,-7.1259,-6.2857,2.3601,0.3500,-0.1400,0.2800,0.0120,-0.0048,0.0096,0
107958,-7.0732,-6.2642,2.3817,0.2800,-0.3500,0.0000,0.0096,-0.0120,0.0000,0
107997,-7.0660,-6.1995,2.4128,-0.6300,-0.1400,0.0700,-0.0215,-0.0048,0.0024,0
108036,-7.0804,-6.2594,2.3410,-1.1200,-0.0700,-0.6300,-0.0383,-0.0024,-0.0215,0
108075,-7.0565,-6.3120,2.2931,-1.2600,0.6300,-1.0500,-0.0431,0.0215,-0.0359,0
108114,-7.1474,-6.3719,2.2931,-0.7000,0.1400,-0.7000,-0.0239,0.0048,-0.0239,0
108153,-7.1043,-6.3575,2.2692,-0.4900,0.5600,-0.5600,-0.0168,0.0191,-0.0191,0
108192,-7.0541,-6.3001,2.3051,0.2100,-0.1400,-0.0700,0.0072,-0.0048,-0.0024,0
108231,-7.0971,-6.3408,2.2787,0.3500,-0.6300,0.0700,0.0120,-0.0215,0.0024,0
108270,-7.0349,-6.3408,2.2764,0.4200,0.0000,0.2100,0.0144,0.0000,0.0072,0
108309,-7.1115,-6.3192,2.2955,1.2600,-0.4900,0.7000,0.0431,-0.0168,0.0239,0
108348,-7.1043,-6.3001,2.3506,1.1900,-0.2800,0.2100,0.0407,-0.0096,0.0072,0
108387,-7.0229,-6.3096,2.2859,0.2100,0.0000,0.4900,0.0072,0.0000,0.0168,0
108426,-7.0517,-6.3791,2.1806,0.9100,-0.2100,1.4000,0.0311,-0.0072,0.0479,0
108465,-6.8841,-6.1660,2.2883,-2.3800,4.9000,1.1200,-0.0814,0.1676,0.0383,0
108504,-7.0325,-6.1780,2.5277,-2.9400,2.3100,4.2700,-0.1005,0.0790,0.1460,0
108543,-7.3006,-6.2953,2.3075,-8.2600,2.1700,4.4800,-0.2824,0.0742,0.1532,0
108582,-7.4299,-6.4963,2.0107,-6.7200,1.2600,2.1000,-0.2298,0.0431,0.0718,0
108621,-7.1953,-6.3479,2.0609,-4.4100,3.0800,0.0000,-0.1508,0.1053,0.0000,0
108660,-6.9152,-6.0751,2.0561,-4.8300,4.2700,-0.1400,-0.1652,0.1460,-0.0048,0
108699,-6.9224,-6.1397,2.2309,-7.0000,-0.7000,3.0800,-0.2394,-0.0239,0.1053,0
108738,-7.1043,-6.3360,2.1016,-12.3200,-3.3600,7.7700,-0.4213,-0.1149,0.2657,0
108777,-6.9033,-6.0511,2.1567,-22.6100,-1.5400,14.8400,-0.7731,-0.0527,0.5075,0
108816,-7.5184,-6.4317,1.5056,-7.4200,-15.1900,25.3400,-0.2537,-0.5194,0.8665,0
108855,-8.2676,-6.3599,2.0729,-6.3000,-7.9800,22.4000,-0.2154,-0.2729,0.7660,0
108894,-7.6812,-5.9985,1.7857,-13.7900,-0.4900,11.4800,-0.4715,-0.0168,0.3926,0
108933,-7.2432,-5.9362,1.8383,-13.5800,2.0300,9.5200,-0.4644,0.0694,0.3255,0
108972,-7.2886,-5.8788,1.6732,-11.3400,2.8000,13.5800,-0.3878,0.0957,0.4644,0
109011,-7.5902,-5.8213,1.6181,-6.3000,-0.2100,15.4700,-0.2154,-0.0072,0.5290,0
109050,-8.3562,-7.0445,0.1915,2.8000,0.9800,14.5600,0.0957,0.0335,0.4979,0
109089,-8.2126,-5.9985,2.4128,4.1300,22.1900,18.9000,0.1412,0.7588,0.6463,0
109128,-6.5442,-4.1673,2.1615,-21.9100,21.2800,18.7600,-0.7492,0.7277,0.6415,0
109167,-7.8057,-5.1655,1.6157,3.7800,-13.6500,22.0500,0.1293,-0.4668,0.7540,0
109206,-8.4998,-5.8165,1.8096,-21.2800,-2.5200,19.6000,-0.7277,-0.0862,0.6702,0
109245,-8.7966,-5.7519,0.6726,-10.4300,14.4200,20.1600,-0.3567,0.4931,0.6894,0
109284,-9.0001,-5.5939,1.4075,-15.1200,13.5800,16.9400,-0.5170,0.4644,0.5793,0
109323,-7.4370,-4.6102,1.1011,-31.0100,14.9100,18.9700,-1.0604,0.5098,0.6487,0
109362,-7.6812,-4.5216,1.1896,-6.4400,2.4500,23.9400,-0.2202,0.0838,0.8186,0
109401,-8.8732,-5.0482,1.0149,-13.3000,-9.3800,21.8400,-0.4548,-0.3207,0.7468,0
109440,-9.1533,-5.4575,0.5745,-20.3000,6.1600,18.6900,-0.6942,0.2106,0.6391,0
109479,-8.5621,-4.7466,0.8091,-27.6500,14.6300,15.4700,-0.9455,0.5003,0.5290,0
109518,-7.7721,-4.1051,0.7037,-17.3600,7.0700,11.9700,-0.5936,0.2418,0.4093,0
109557,-8.3777,-4.1649,0.7875,2.3100,-4.6200,12.0400,0.0790,-0.1580,0.4117,0
109596,-9.4309,-5.3498,0.0335,2.6600,-7.0700,9.4500,0.0910,-0.2418,0.3231,0
109635,-9.1676,-4.9620,0.9359,-8.4700,15.1200,4.8300,-0.2896,0.5170,0.1652,0
109674,-7.3389,-3.0495,0.7133,13.5100,-7.4200,3.7100,0.4620,-0.2537,0.1269,0
109713,-8.9163,-4.4594,0.7875,12.0400,-8.1200,1.5400,0.4117,-0.2777,0.0527,0
109752,-10.1251,-5.6131,0.0191,6.0900,1.1900,-4.2000,0.2082,0.0407,-0.1436,0
109791,-8.8780,-4.8304,0.8186,-10.9900,16.8700,-8.8900,-0.3758,0.5769,-0.3040,0
109830,-7.1713,-3.2434,0.6223,14.2800,-13.6500,-1.5400,0.4883,-0.4668,-0.0527,0
109869,-8.2245,-3.6407,1.3955,12.6700,-13.5800,-1.8200,0.4332,-0.4644,-0.0622,0
109908,-9.9121,-4.8878,0.6343,3.9900,-2.3100,-6.7200,0.1364,-0.0790,-0.2298,0
109947,-9.8618,-5.9482,0.0120,-7.1400,-0.1400,-14.0000,-0.2442,-0.0048,-0.4787,0
109986,-7.9900,-5.3737,0.4835,-9.5200,6.7900,-9.1000,-0.3255,0.2322,-0.3112,0
110025,-6.3360,-3.4229,1.1705,14.0000,-6.4400,4.2700,0.4787,-0.2202,0.1460,0
110064,-7.9612,-3.3655,1.6349,16.1700,-8.9600,8.5400,0.5529,-0.3064,0.2920,0
110103,-9.9192,-4.6963,0.8450,1.4700,-6.7900,-5.5300,0.0503,-0.2322,-0.1891,0
110142,-8.9474,-5.6562,0.2226,-5.2500,2.5200,-14.3500,-0.1795,0.0862,-0.4907,0
110181,-7.7482,-5.2445,0.6319,-4.6200,12.0400,-7.0000,-0.1580,0.4117,-0.2394,0
110220,-7.0732,-3.5282,1.4122,11.7600,-6.4400,9.1000,0.4021,-0.2202,0.3112,0
110259,-8.7105,-3.6383,1.7761,16.8700,-10.7800,7.8400,0.5769,-0.3686,0.2681,0
110298,-9.8522,-5.0051,1.0987,-5.9500,-4.4800,-5.7400,-0.2035,-0.1532,-0.1963,0
110337,-9.0168,-5.7136,0.5817,-26.9500,10.5000,-16.4500,-0.9216,0.3590,-0.5625,0
110376,-7.9828,-5.4719,-0.0742,-3.7800,11.5500,-14.1400,-0.1293,0.3950,-0.4835,0
110415,-7.2240,-4.6844,1.1825,7.4200,7.6300,-2.3800,0.2537,0.2609,-0.0814,0
110454,-7.3221,-3.2649,1.7450,26.0400,-6.2300,4.1300,0.8904,-0.2130,0.1412,0
110493,-8.8804,-3.8777,1.5918,29.3300,-19.2500,-5.5300,1.0029,-0.6583,-0.1891,0
110532,-9.3974,-4.7322,1.3141,9.8700,-30.9400,-32.2000,0.3375,-1.0580,-1.1011,0
110571,-8.6746,-6.0296,1.3165,6.2300,-12.1800,-37.4500,0.2130,-0.4165,-1.2806,0
110610,-7.7147,-6.0511,0.9000,4.8300,4.9700,-31.7800,0.1652,0.1699,-1.0867,0
110649,-7.1833,-5.2445,1.3931,15.8200,4.6200,-19.8800,0.5410,0.1580,-0.6798,0
110688,-7.5615,-5.3139,1.6564,14.4900,-5.8800,-13.4400,0.4955,-0.2011,-0.4596,0
110727,-8.2054,-6.1517,1.5822,13.8600,-8.5400,-12.8100,0.4739,-0.2920,-0.4380,0
110766,-8.0043,-6.0056,1.6277,3.6400,3.5700,-13.0900,0.1245,0.1221,-0.4476,0
110805,-7.8751,-5.9434,1.6013,10.2900,-0.4900,-13.1600,0.3519,-0.0168,-0.4500,0
110844,-7.9062,-6.2306,1.5104,15.7500,-2.0300,-12.6700,0.5386,-0.0694,-0.4332,0
110883,-7.9708,-6.0775,1.7809,27.3700,-4.8300,-11.2000,0.9359,-0.1652,-0.3830,0
110922,-7.7745,-5.7256,2.1256,33.1800,2.5200,-20.3700,1.1346,0.0862,-0.6965,0
110961,-7.1283,-5.6227,2.0083,36.7500,10.7100,-36.4000,1.2567,0.3662,-1.2447,0
111000,-6.0104,-6.1277,2.5277,18.9700,8.0500,-20.5800,0.6487,0.2753,-0.7037,0
111039,-7.2432,-6.6088,2.0920,4.8300,-0.2100,9.9400,0.1652,-0.0072,0.3399,0
111078,-8.0642,-6.1493,2.4272,-7.9100,-2.4500,19.2500,-0.2705,-0.0838,0.6583,0
111117,-7.8033,-6.1062,1.8048,-17.9200,1.6800,8.2600,-0.6128,0.0574,0.2824,0
111156,-7.5065,-5.9937,1.5200,-1.2600,3.5000,-2.6600,-0.0431,0.1197,-0.0910,0
111195,-7.3485,-5.9195,2.0920,6.8600,1.6800,-6.3700,0.2346,0.0574,-0.2178,0
111234,-7.3126,-5.9817,2.3170,6.8600,-6.2300,-5.8100,0.2346,-0.2130,-0.1987,0
111273,-6.9942,-6.2187,2.1543,3.2900,-4.9000,-2.3100,0.1125,-0.1676,-0.0790,0
111312,-7.4418,-6.4868,2.0585,0.5600,-0.3500,5.1800,0.0191,-0.0120,0.1771,0
111351,-7.3940,-5.9745,2.0873,-3.9200,3.2200,5.5300,-0.1340,0.1101,0.1891,0
111390,-7.2838,-5.7399,2.1591,1.5400,-0.7700,1.3300,0.0527,-0.0263,0.0455,0
111429,-7.2791,-6.0128,2.0873,3.2900,-1.7500,-0.8400,0.1125,-0.0598,-0.0287,0
111468,-7.3963,-6.2306,2.1854,0.4200,-1.1900,-0.0700,0.0144,-0.0407,-0.0024,0
111507,-7.2838,-6.1349,2.2644,-1.9600,0.6300,1.4700,-0.0670,0.0215,0.0503,0
111546,-7.4059,-6.2330,1.9628,-2.8700,1.6100,3.2900,-0.0981,0.0551,0.1125,0
111585,-7.2838,-6.3719,1.8910,6.5800,-1.8200,5.6000,0.2250,-0.0622,0.1915,0
111624,-7.1713,-5.7184,2.2787,-1.8200,8.7500,7.9800,-0.0622,0.2992,0.2729,0
111663,-7.5974,-5.4743,2.0011,1.8900,-0.9100,7.4900,0.0646,-0.0311,0.2561,0
111702,-7.4227,-6.0344,2.2069,5.8800,-3.8500,3.1500,0.2011,-0.1317,0.1077,0
111741,-7.7626,-6.1660,2.0753,0.7700,3.9900,2.6600,0.0263,0.1364,0.0910,0
111780,-7.7195,-6.0679,2.0466,-1.3300,3.1500,1.1900,-0.0455,0.1077,0.0407,0
111819,-7.6405,-5.9099,2.2309,1.2600,-1.9600,0.9800,0.0431,-0.0670,0.0335,0
111858,-7.3389,-5.6490,2.2428,-6.9300,-2.0300,1.5400,-0.2370,-0.0694,0.0527,0
111897,-7.2001,-5.5221,2.2381,-9.1700,-4.4800,4.4100,-0.3136,-0.1532,0.1508,0
111936,-7.7554,-5.9865,2.0202,-7.9800,-8.8200,5.4600,-0.2729,-0.3016,0.1867,0
111975,-7.7315,-6.1134,1.8694,-16.2400,3.9900,2.2400,-0.5553,0.1364,0.0766,0
112014,-7.7243,-6.1971,1.7043,-10.8500,8.3300,-0.0700,-0.3710,0.2848,-0.0024,0
112053,-7.5112,-5.9171,1.7809,-5.4600,7.7700,-1.4700,-0.1867,0.2657,-0.0503,0
112092,-7.5065,-5.9602,1.6540,-3.7100,1.1200,-1.1200,-0.1269,0.0383,-0.0383,0
112131,-7.5041,-6.2450,1.5295,0.9100,-2.8000,-0.2800,0.0311,-0.0957,-0.0096,0
112170,-7.6309,-5.9171,2.0801,-3.1500,0.7000,1.8900,-0.1077,0.0239,0.0646,0
112209,-7.7099,-5.8716,1.8168,-5.2500,3.7800,-1.8900,-0.1795,0.1293,-0.0646,0
112248,-7.4586,-6.1373,1.6851,-2.2400,-1.4700,-2.8000,-0.0766,-0.0503,-0.0957,0
112287,-7.4203,-5.9506,1.8024,-2.6600,3.1500,1.4000,-0.0910,0.1077,0.0479,0
112326,-7.6573,-5.9913,1.5702,3.0800,-0.8400,-1.4000,0.1053,-0.0287,-0.0479,0
112365,-7.4275,-6.1158,1.6636,1.4000,0.9800,-2.4500,0.0479,0.0335,-0.0838,0
112404,-7.3987,-5.9147,1.8838,1.6100,0.8400,-1.1200,0.0551,0.0287,-0.0383,0
112443,-7.6285,-5.8596,1.6229,1.3300,-1.4700,-1.2600,0.0455,-0.0503,-0.0431,0
112482,-7.7243,-6.3144,1.4194,3.3600,-3.5700,-1.1200,0.1149,-0.1221,-0.0383,0
112521,-7.6932,-6.2426,1.6396,-2.3100,2.3100,-1.4000,-0.0790,0.0790,-0.0479,0
112560,-7.4299,-5.8429,1.7976,-4.0600,2.5900,-1.6800,-0.1388,0.0886,-0.0574,0
112599,-7.3796,-5.7352,1.8096,-2.5900,-0.9800,-1.7500,-0.0886,-0.0335,-0.0598,0
112638,-7.4706,-5.7639,1.8527,-4.4800,-2.3800,-4.8300,-0.1532,-0.0814,-0.1652,0
112677,-7.5280,-6.0751,1.6037,-6.4400,-3.0100,-7.1400,-0.2202,-0.1029,-0.2442,0
112716,-7.1594,-6.2977,1.7402,-6.7200,-3.5700,-6.0900,-0.2298,-0.1221,-0.2082,0
112755,-6.9559,-6.1995,1.6660,2.3800,-0.9100,0.0700,0.0814,-0.0311,0.0024,0
112794,-7.3221,-5.9602,1.9245,4.6900,-2.4500,-0.5600,0.1604,-0.0838,-0.0191,0
112833,-7.1929,-6.0870,1.8240,4.4800,-1.0500,-2.1000,0.1532,-0.0359,-0.0718,0
112872,-7.1905,-6.1493,1.7426,2.1000,1.4700,-0.9800,0.0718,0.0503,-0.0335,0
112911,-7.6357,-6.1780,1.6444,0.5600,3.9200,-2.0300,0.0191,0.1340,-0.0694,0
112950,-7.6740,-6.4461,1.2638,0.9100,0.0700,-5.3200,0.0311,0.0024,-0.1819,0
112989,-7.2982,-6.5011,1.3237,3.9200,-0.1400,-5.2500,0.1340,-0.0048,-0.1795,0
113028,-7.3054,-6.5155,1.4793,9.5200,-1.5400,-1.4000,0.3255,-0.0527,-0.0479,0
113067,-7.4227,-6.3168,1.6803,7.2100,0.9100,0.4200,0.2465,0.0311,0.0144,0
113106,-7.3413,-6.3767,1.6492,5.9500,1.0500,0.2800,0.2035,0.0359,0.0096,0
113145,-7.1450,-6.5466,1.7450,5.8100,2.0300,2.3100,0.1987,0.0694,0.0790,0
113184,-7.1139,-5.9673,2.2859,1.1900,9.8000,3.0800,0.0407,0.3351,0.1053,0
113223,-6.9846,-5.5748,2.0107,7.5600,2.6600,2.4500,0.2585,0.0910,0.0838,0
113262,-7.1785,-5.7782,2.1423,7.2100,-0.9800,3.3600,0.2465,-0.0335,0.1149,0
113301,-7.5065,-6.0583,1.6349,3.2200,-2.8000,2.1000,0.1101,-0.0957,0.0718,0
113340,-7.6932,-6.1229,1.6708,0.0700,-4.7600,0.5600,0.0024,-0.1628,0.0191,0
113379,-7.6477,-6.2330,1.6301,-4.4100,-3.0100,-2.1700,-0.1508,-0.1029,-0.0742,0
113418,-7.2910,-6.2378,1.8670,-1.9600,-0.8400,-2.5900,-0.0670,-0.0287,-0.0886,0
113457,-7.4251,-6.3048,1.4122,0.2800,1.4000,-1.3300,0.0096,0.0479,-0.0455,0
113496,-7.7650,-6.6998,1.4410,3.7800,0.2800,-2.8000,0.1293,0.0096,-0.0957,0
113535,-7.4011,-6.5514,1.7138,1.8200,1.3300,-2.8000,0.0622,0.0455,-0.0957,0
113574,-7.1283,-6.1540,1.7904,-5.8100,5.3900,0.2800,-0.1987,0.1843,0.0096,0
113613,-7.1067,-5.8429,1.8024,-1.8900,0.3500,1.4000,-0.0646,0.0120,0.0479,0
113652,-7.2073,-6.1134,1.7593,7.9800,-9.3800,3.7800,0.2729,-0.3207,0.1293,0
113691,-7.3987,-6.2665,1.8335,5.6000,-4.2000,3.8500,0.1915,-0.1436,0.1317,0
113730,-7.5424,-6.1612,1.8048,0.0000,3.7100,1.1200,0.0000,0.1269,0.0383,0
113769,-7.7003,-6.3431,1.5942,-2.0300,2.6600,-1.1900,-0.0694,0.0910,-0.0407,0
113808,-7.4634,-6.2019,1.7617,-2.8700,3.9200,-2.1000,-0.0981,0.1340,-0.0718,0
113847,-7.1905,-5.9362,1.7976,-0.5600,1.2600,-1.8200,-0.0191,0.0431,-0.0622,0
113886,-7.1330,-6.0176,1.7713,4.8300,-4.8300,-0.5600,0.1652,-0.1652,-0.0191,0
113925,-7.3485,-6.2785,1.7665,8.4700,-5.6000,-0.3500,0.2896,-0.1915,-0.0120,0
113964,-7.2815,-6.2019,1.9580,3.7100,-0.7000,-1.1200,0.1269,-0.0239,-0.0383,0
114003,-7.2264,-6.2115,1.8216,2.8700,0.8400,-0.4200,0.0981,0.0287,-0.0144,0
114042,-7.3389,-6.0990,1.9149,-0.2800,0.7700,0.5600,-0.0096,0.0263,0.0191,0
114081,-7.3844,-6.1325,1.7928,-1.8900,0.4900,0.0700,-0.0646,0.0168,0.0024,0
114120,-7.4610,-6.3336,1.7354,-1.6800,0.2100,0.7000,-0.0574,0.0072,0.0239,0
114159,-7.4227,-6.2306,1.7426,-2.1700,0.7000,0.0700,-0.0742,0.0239,0.0024,0
114198,-7.3748,-6.3025,1.6492,-0.8400,0.9100,-0.6300,-0.0287,0.0311,-0.0215,0
114237,-7.2934,-6.1445,1.7545,-0.5600,1.1900,-0.4200,-0.0191,0.0407,-0.0144,0
114276,-7.3724,-6.2235,1.8168,0.2800,-0.1400,-0.3500,0.0096,-0.0048,-0.0120,0
114315,-7.2886,-6.2330,1.6755,1.1900,-1.4700,-0.2800,0.0407,-0.0503,-0.0096,0
114354,-7.3485,-6.1947,1.7976,2.8700,-1.2600,0.2800,0.0981,-0.0431,0.0096,0
114393,-7.2815,-6.1828,1.8527,1.9600,-1.4700,0.0700,0.0670,-0.0503,0.0024,0
114432,-7.2862,-6.1517,1.8790,0.7000,-0.4200,0.0700,0.0239,-0.0144,0.0024,0
114471,-7.2216,-6.0152,1.8814,-0.5600,-0.2100,0.2100,-0.0191,-0.0072,0.0072,0
114510,-7.3054,-6.2402,1.7115,-0.1400,0.0000,0.7000,-0.0048,0.0000,0.0239,0
114549,-7.4538,-6.3838,1.7498,-0.3500,3.5000,0.2100,-0.0120,0.1197,0.0072,0
114588,-7.4993,-6.3096,1.5846,0.2100,0.6300,0.9800,0.0072,0.0215,0.0335,0
114627,-7.3509,-6.1804,1.7833,1.2600,-1.1200,0.8400,0.0431,-0.0383,0.0287,0
114666,-7.3509,-6.1469,1.7569,2.0300,-3.1500,0.9100,0.0694,-0.1077,0.0311,0
114705,-7.2934,-6.0368,1.9365,1.3300,-1.9600,-0.2100,0.0455,-0.0670,-0.0072,0
114744,-7.1953,-6.0487,1.8718,0.9100,-0.9100,-1.8200,0.0311,-0.0311,-0.0622,0
114783,-7.3126,-6.3623,1.7521,3.5000,-1.6800,-0.7000,0.1197,-0.0574,-0.0239,0
114822,-7.3868,-6.2187,1.9221,0.0700,1.2600,0.2800,0.0024,0.0431,0.0096,0
114861,-7.2862,-6.0918,1.8120,-2.0300,0.6300,0.0000,-0.0694,0.0215,0.0000,0
114900,-7.3317,-6.2211,1.7474,0.2100,-1.0500,-0.4200,0.0072,-0.0359,-0.0144,0
114939,-7.3557,-6.1564,1.8503,-1.0500,0.4200,-1.4700,-0.0359,0.0144,-0.0503,0
114978,-7.2671,-6.2809,1.7498,-0.2800,0.7000,-1.8900,-0.0096,0.0239,-0.0646,0
115017,-7.2982,-6.3408,1.8000,0.4200,0.6300,-1.0500,0.0144,0.0215,-0.0359,0
115056,-7.2527,-6.1828,1.7904,-1.0500,0.7000,-0.2800,-0.0359,0.0239,-0.0096,0
115095,-7.3006,-6.2833,1.7186,0.2100,-0.8400,-0.0700,0.0072,-0.0287,-0.0024,0
115134,-7.2910,-6.2881,1.7641,0.2100,-0.2800,-0.1400,0.0072,-0.0096,-0.0048,0
115173,-7.2527,-6.2689,1.7282,0.1400,-0.4900,0.4200,0.0048,-0.0168,0.0144,0
115212,-7.3078,-6.2546,1.8216,0.4200,-0.9100,0.9800,0.0144,-0.0311,0.0335,0
115251,-7.2862,-6.2235,1.7258,-0.6300,-0.2800,0.4200,-0.0215,-0.0096,0.0144,0
115290,-7.3485,-6.2618,1.7593,0.2100,-0.7000,0.7000,0.0072,-0.0239,0.0239,0
115329,-7.3820,-6.3072,1.7306,2.2400,-1.6100,-0.2800,0.0766,-0.0551,-0.0096,0
115368,-7.2575,-6.2546,1.8024,0.8400,-0.8400,-0.4900,0.0287,-0.0287,-0.0168,0
115407,-7.2479,-6.2330,1.7593,0.7000,-0.8400,0.3500,0.0239,-0.0287,0.0120,0
115446,-7.2623,-6.1947,1.7928,-0.5600,-0.2800,0.0700,-0.0191,-0.0096,0.0024,0
115485,-7.2719,-6.2570,1.8000,-0.2100,-0.2100,-0.3500,-0.0072,-0.0072,-0.0120,0
115524,-7.2695,-6.2953,1.6995,0.4200,-0.6300,0.3500,0.0144,-0.0215,0.0120,0
115563,-7.3844,-6.4293,1.7162,2.1700,-0.2100,0.9100,0.0742,-0.0072,0.0311,0
115602,-7.3150,-6.2809,1.7115,-0.7700,1.5400,0.9100,-0.0263,0.0527,0.0311,0
115641,-7.3102,-6.2283,1.7737,0.9800,0.2100,1.1900,0.0335,0.0072,0.0407,0
115680,-7.2767,-6.1756,1.7689,0.2100,0.7000,0.5600,0.0072,0.0239,0.0191,0
115719,-7.2503,-6.1684,1.7713,2.6600,-1.0500,0.4900,0.0910,-0.0359,0.0168,0
115758,-7.3030,-6.1900,1.8311,2.2400,-0.7000,0.4900,0.0766,-0.0239,0.0168,0
115797,-7.2934,-6.2450,1.8048,1.0500,-0.2800,-0.1400,0.0359,-0.0096,-0.0048,0
115836,-7.2934,-6.2450,1.8359,-0.2800,0.0700,0.0000,-0.0096,0.0024,0.0000,0
115875,-7.2455,-6.1373,1.8359,-1.6100,-0.2100,0.0700,-0.0551,-0.0072,0.0024,0
115914,-7.2719,-6.2187,1.7498,0.4900,-1.5400,-0.2100,0.0168,-0.0527,-0.0072,0
115953,-7.3054,-6.2977,1.7833,-0.2100,-0.9100,0.0000,-0.0072,-0.0311,0.0000,0
115992,-7.2862,-6.3168,1.6827,-0.1400,-0.2800,-0.0700,-0.0048,-0.0096,-0.0024,0
116031,-7.2910,-6.3288,1.6684,-0.4200,0.6300,0.5600,-0.0144,0.0215,0.0191,0
116070,-7.2791,-6.2211,1.7210,-0.1400,1.5400,0.9800,-0.0048,0.0527,0.0335,0
116109,-7.2647,-6.2211,1.7809,-0.5600,-1.2600,2.3800,-0.0191,-0.0431,0.0814,0
116148,-7.2575,-6.2402,1.7904,-6.1600,2.6600,1.9600,-0.2106,0.0910,0.0670,0
116187,-6.9248,-5.9817,1.9819,-10.9900,2.2400,6.4400,-0.3758,0.0766,0.2202,0
116226,-7.2216,-6.4963,1.2614,-7.5600,-8.1200,16.5200,-0.2585,-0.2777,0.5649,0
116265,-7.4993,-6.3671,1.7450,-14.2100,-3.5000,24.5700,-0.4859,-0.1197,0.8402,0
116304,-7.4562,-5.5700,1.4314,-18.6900,1.7500,22.9600,-0.6391,0.0598,0.7851,0
116343,-8.0905,-6.2091,1.2878,-17.0100,-7.2100,23.6600,-0.5817,-0.2465,0.8091,0
116382,-8.2676,-6.3144,1.0580,-31.3600,4.2000,24.8500,-1.0724,0.1436,0.8497,0
116421,-8.0019,-5.7160,0.9551,-34.1600,14.5600,25.4800,-1.1681,0.4979,0.8713,0
116460,-7.7530,-5.4288,0.7133,-31.7800,13.3000,25.0600,-1.0867,0.4548,0.8569,0
116499,-7.5232,-5.6442,0.4261,-20.8600,4.2000,31.7800,-0.7133,0.1436,1.0867,0
116538,-7.7267,-5.1296,0.8019,-9.8700,-1.8200,42.7000,-0.3375,-0.0622,1.4601,0
116577,-8.1839,-5.0075,0.6271,0.9100,1.4000,48.9300,0.0311,0.0479,1.6732,0
116616,-8.4639,-4.2966,1.0341,5.0400,9.8000,43.4000,0.1723,0.3351,1.4841,0
116655,-8.3107,-3.5546,1.9724,-16.8000,-1.2600,34.8600,-0.5745,-0.0431,1.1920,0
116694,-8.1599,-3.2386,1.5391,-36.9600,-11.6200,27.5800,-1.2638,-0.3973,0.9431,0
116733,-8.3562,-4.2798,-0.0072,-18.6900,7.7000,21.7000,-0.6391,0.2633,0.7420,0
116772,-10.1490,-4.7897,-0.8497,-37.8700,21.8400,24.0100,-1.2950,0.7468,0.8210,0
116811,-10.9701,-4.9668,-1.5391,-15.3300,21.7000,23.5200,-0.5242,0.7420,0.8043,0
116850,-10.8767,-5.2876,-1.7426,-16.4500,19.6700,18.8300,-0.5625,0.6726,0.6439,0
116889,-10.5919,-4.5383,-1.4027,13.0200,3.4300,9.8700,0.4452,0.1173,0.3375,0
116928,-9.5674,-3.1452,0.9000,5.3200,10.7800,-3.5700,0.1819,0.3686,-0.1221,0
116967,-8.3945,-1.3500,0.9742,6.3700,-11.9000,-23.3800,0.2178,-0.4069,-0.7995,0
117006,-7.2168,-1.5990,0.8809,13.7200,-31.2900,-34.0900,0.4692,-1.0700,-1.1657,0
117045,-6.0798,-1.5176,1.4960,0.8400,-17.4300,-44.8000,0.0287,-0.5960,-1.5319,0
117084,-6.4628,-3.9758,0.7827,31.0100,-19.6000,-45.5000,1.0604,-0.6702,-1.5559,0
117123,-7.9349,-5.5676,1.5176,31.8500,1.7500,-37.1700,1.0891,0.0598,-1.2710,0
117162,-8.7105,-5.4431,-0.2561,20.0900,17.0100,-27.8600,0.6870,0.5817,-0.9527,0
117201,-9.7684,-6.0128,0.1508,49.3500,13.0900,-26.9500,1.6875,0.4476,-0.9216,0
117240,-9.0073,-5.9817,-0.3567,33.3200,20.7900,-26.6700,1.1394,0.7109,-0.9120,0
117279,-8.5716,-6.1900,0.0766,44.6600,12.8800,-28.0000,1.5271,0.4404,-0.9575,0
117318,-8.5573,-5.3785,1.1178,34.8600,26.9500,-31.7100,1.1920,0.9216,-1.0843,0
117357,-7.9469,-4.7921,2.2740,25.2000,29.0500,-35.0700,0.8617,0.9934,-1.1992,0
117396,-6.7453,-4.0979,1.6971,13.9300,4.9000,-33.9500,0.4763,0.1676,-1.1609,0
117435,-7.1354,-5.3091,0.4644,20.8600,3.0100,-31.2900,0.7133,0.1029,-1.0700,0
117474,-8.3514,-5.1703,1.2184,1.8200,17.6400,-36.1900,0.0622,0.6032,-1.2375,0
117513,-7.9301,-5.3354,0.2561,-7.9800,10.0100,-40.9500,-0.2729,0.3423,-1.4003,0
117552,-7.0134,-6.2809,0.0191,-15.5400,15.1200,-44.1000,-0.5314,0.5170,-1.5080,0
117591,-6.8410,-6.6041,0.3973,-12.9500,11.7600,-39.3400,-0.4428,0.4021,-1.3452,0
117630,-6.2905,-7.5017,-0.2346,-16.3800,11.9700,-31.0100,-0.5601,0.4093,-1.0604,0
117669,-7.8416,-8.3418,-0.3160,0.2100,16.4500,-34.2300,0.0072,0.5625,-1.1705,0
117708,-7.8487,-8.6195,-1.1154,2.7300,-3.2900,-32.9000,0.0934,-0.1125,-1.1250,0
117747,-8.1839,-8.7823,-1.2279,13.4400,1.4700,-33.7400,0.4596,0.0503,-1.1537,0
117786,-6.9176,-8.7966,-0.5051,9.3800,-0.5600,-33.9500,0.3207,-0.0191,-1.1609,0
117825,-6.7357,-9.3232,-1.0604,13.1600,-0.9800,-29.3300,0.4500,-0.0335,-1.0029,0
117864,-6.8626,-8.7775,-0.6846,15.7500,-12.7400,-26.1800,0.5386,-0.4356,-0.8952,0
117903,-6.2426,-9.1988,-0.9096,30.2400,-34.2300,-23.3800,1.0341,-1.1705,-0.7995,0
117942,-6.6830,-9.3304,-0.2968,44.4500,-36.9600,-17.9200,1.5200,-1.2638,-0.6128,0
117981,-6.1612,-10.6421,-1.2686,42.2100,-54.2500,-9.3800,1.4434,-1.8551,-0.3207,0
118020,-5.5868,-10.8982,1.4290,58.0300,-54.5300,9.8000,1.9843,-1.8646,0.3351,0
118059,-5.8836,-9.6631,1.2088,37.8700,-43.0500,18.6200,1.2950,-1.4721,0.6367,0
118098,-4.7586,-8.6123,3.5617,53.2700,-38.6400,19.4600,1.8216,-1.3213,0.6654,0
118137,-5.7830,-7.4442,4.5623,38.9200,-38.1500,17.7100,1.3309,-1.3045,0.6056,0
118176,-5.9817,-7.2503,3.9519,41.5100,-53.2000,27.3000,1.4194,-1.8192,0.9335,0
118215,-5.0745,-7.4658,3.4181,33.6000,-56.5600,31.1500,1.1489,-1.9341,1.0652,0
118254,-5.4790,-5.8118,4.9094,26.4600,-42.3500,36.7500,0.9048,-1.4482,1.2567,0
118293,-4.6508,-4.8950,5.7615,18.9000,-45.2200,43.1200,0.6463,-1.5463,1.4745,0
118332,-5.9362,-4.8232,5.7567,18.4100,-39.4100,29.2600,0.6295,-1.3476,1.0005,0
118371,-8.6865,-4.9189,5.3067,2.1000,-62.2300,26.3200,0.0718,-2.1279,0.9000,0
118410,-6.8314,-5.1942,6.5179,-12.6000,-91.6300,5.6000,-0.4309,-3.1333,0.1915,0
118449,-6.7046,-6.0535,4.9860,-20.7200,-75.1800,-5.6000,-0.7085,-2.5708,-0.1915,0
118488,-8.9307,-7.3389,4.7705,-35.8400,-81.3400,-40.5300,-1.2255,-2.7814,-1.3859,0
118527,-6.4939,-6.6687,1.8216,-65.4500,-165.0600,-65.1700,-2.2381,-5.6442,-2.2285,0
118566,-4.7394,-4.5958,1.0556,-32.6900,-178.0800,-73.1500,-1.1178,-6.0894,-2.5014,0
118605,-3.8202,-1.5535,3.5019,-17.5000,-191.7300,-73.9900,-0.5984,-6.5562,-2.5301,0
118644,0.1963,-1.7569,5.4862,-14.7700,-200.4800,-63.2800,-0.5051,-6.8554,-2.1639,0
118683,1.1849,-5.4120,6.5011,-10.1500,-179.5500,-42.0700,-0.3471,-6.1397,-1.4386,0
118722,3.4277,-8.4184,5.5126,-24.3600,-150.0100,-28.6300,-0.8330,-5.1296,-0.9790,0
118761,5.9937,-14.0435,3.4085,-14.0000,-143.3600,-12.0400,-0.4787,-4.9022,-0.4117,0
118800,3.3128,-8.1719,4.3660,25.4100,-123.8300,-22.4000,0.8689,-4.2343,-0.7660,0
118839,5.2469,-5.3809,4.1865,12.4600,-126.9800,-49.5600,0.4261,-4.3421,-1.6947,0
118878,8.8086,-8.9379,1.6971,-35.1400,-114.6600,-61.0400,-1.2016,-3.9208,-2.0873,0
118917,7.2934,-10.7570,1.1609,-36.7500,-64.8900,-37.3100,-1.2567,-2.2189,-1.2758,0
118956,5.7399,-7.4251,0.3231,-20.7200,-52.2900,-44.1700,-0.7085,-1.7880,-1.5104,0
118995,6.3001,-5.6873,1.1657,-37.1700,-46.7600,-52.5700,-1.2710,-1.5990,-1.7976,0
119034,6.0846,-6.3623,1.7737,-51.1000,-29.8900,-34.7900,-1.7474,-1.0221,-1.1896,0
119073,4.8615,-7.7219,1.7138,-42.9800,-37.1000,-29.0500,-1.4697,-1.2686,-0.9934,0
119112,5.4312,-8.2198,1.9029,-22.5400,-47.1800,-23.1700,-0.7708,-1.6133,-0.7923,0
119151,7.0445,-8.8780,1.7043,-10.0800,-54.3200,-20.0200,-0.3447,-1.8575,-0.6846,0
119190,9.5195,-9.6009,0.6798,-1.1900,-54.1800,-21.4900,-0.0407,-1.8527,-0.7348,0
119229,8.4376,-6.1756,0.4093,4.4100,-39.1300,-25.4800,0.1508,-1.3380,-0.8713,0
119268,8.6554,-4.6987,-0.5529,11.0600,-21.8400,-4.6200,0.3782,-0.7468,-0.1580,0
119307,8.0905,-6.9224,-0.6128,-3.0800,-8.1900,-4.9000,-0.1053,-0.2801,-0.1676,0
119346,6.4939,-8.3706,-0.2346,-32.4100,-10.1500,-18.1300,-1.1083,-0.3471,-0.6200,0
119385,4.6867,-7.4323,-1.2638,-7.6300,-27.3700,-4.3400,-0.2609,-0.9359,-0.1484,0
119424,3.2936,-3.6718,-2.9035,-2.8700,-38.2200,28.5600,-0.0981,-1.3069,0.9766,0
119463,3.6742,-2.3194,-3.9016,-0.7000,-35.0000,70.4900,-0.0239,-1.1968,2.4104,0
119502,1.2375,-4.7825,-2.2141,16.3100,22.6100,105.8400,0.5577,0.7731,3.6192,0
119541,2.6593,-5.0961,1.8192,-47.6700,92.4700,126.3500,-1.6301,3.1620,4.3205,0
119580,5.8165,-16.2289,7.0205,45.5700,54.3900,111.3000,1.5583,1.8599,3.8059,0
119619,10.1945,-10.7786,3.3248,76.3700,-91.0700,-1.8900,2.6115,-3.1141,-0.0646,0
119658,7.9277,-6.6854,1.7378,-13.5800,-73.6400,-20.0200,-0.4644,-2.5181,-0.6846,0
119697,4.5575,-8.3801,4.9692,5.0400,-25.0600,32.2000,0.1723,-0.8569,1.1011,0
119736,4.3851,-10.6421,3.5426,-15.8200,-81.8300,26.6000,-0.5410,-2.7982,0.9096,0
119775,4.3181,-10.0485,2.2261,14.9800,-118.0200,47.3200,0.5122,-4.0357,1.6181,0
119814,6.0990,-10.3621,1.5822,27.3000,-130.3400,32.3400,0.9335,-4.4570,1.1059,0
119853,4.4402,-8.6027,0.1652,5.9500,-138.4600,-4.9000,0.2035,-4.7346,-0.1676,0
119892,3.4923,-7.7698,1.3141,29.1200,-114.1000,7.9100,0.9958,-3.9016,0.2705,0
119931,3.5905,-7.2623,0.8569,22.2600,-112.7000,21.4900,0.7612,-3.8538,0.7348,0
119970,3.5163,-8.0761,-0.1005,38.7800,-140.8400,17.0800,1.3261,-4.8160,0.5840,0
120009,3.9663,-8.9426,-0.6822,50.9600,-146.5800,13.1600,1.7426,-5.0123,0.4500,0
120048,4.0740,-8.2054,-1.2710,68.1100,-131.5300,24.2900,2.3290,-4.4976,0.8306,0
120087,4.0405,-8.0091,-0.8665,64.4700,-128.1700,28.0000,2.2045,-4.3828,0.9575,0
120126,4.0955,-8.0833,-0.8162,39.9000,-117.6000,23.7300,1.3644,-4.0213,0.8114,0
120165,3.2889,-9.1413,-0.9239,15.4000,-101.7100,15.6800,0.5266,-3.4780,0.5362,0
120204,2.8293,-10.2017,-0.9096,8.1900,-104.2300,6.5100,0.2801,-3.5641,0.2226,0
120243,3.7652,-10.8025,-1.7091,3.9900,-110.8100,-6.9300,0.1364,-3.7891,-0.2370,0
120282,3.1117,-10.2974,-1.8934,21.0000,-86.1700,-22.3300,0.7181,-2.9466,-0.7636,0
120321,1.1298,-10.4004,-2.8915,27.6500,-88.0600,-28.4200,0.9455,-3.0112,-0.9718,0
120360,0.4979,-9.3065,-3.1524,40.3200,-96.2500,-38.0100,1.3787,-3.2913,-1.2997,0
120399,1.2232,-8.2964,-3.1979,36.6800,-98.9800,-48.6500,1.2543,-3.3846,-1.6636,0
120438,2.2333,-7.5759,-2.6833,45.6400,-109.1300,-63.0000,1.5607,-3.7317,-2.1543,0
120477,5.0673,-7.0086,-2.4583,54.4600,-104.4400,-77.0700,1.8623,-3.5713,-2.6354,0
120516,8.4400,-8.1240,-2.4535,75.7400,-78.1900,-58.8700,2.5899,-2.6737,-2.0131,0
120555,6.9033,-7.1713,-0.2298,52.0800,-47.6000,-53.4100,1.7809,-1.6277,-1.8263,0
120594,6.8243,-7.3772,0.1604,20.9300,-35.6300,-51.8700,0.7157,-1.2184,-1.7737,0
120633,6.9511,-8.3730,-0.5601,23.3800,-30.8700,-39.0600,0.7995,-1.0556,-1.3357,0
120672,6.7572,-9.1389,-1.1154,15.4000,-26.8100,-33.9500,0.5266,-0.9168,-1.1609,0
120711,5.2253,-8.1862,-0.2322,16.6600,-51.1000,-26.5300,0.5697,-1.7474,-0.9072,0
120750,5.6394,-8.2820,-0.8043,38.5700,-48.3000,-18.6900,1.3189,-1.6516,-0.6391,0
120789,5.7017,-8.5860,-0.2681,49.7700,-41.7200,-17.2200,1.7019,-1.4266,-0.5888,0
120828,6.1181,-6.8219,-0.5840,42.7700,-34.8600,-16.5900,1.4625,-1.1920,-0.5673,0
120867,6.5322,-6.5299,-0.9670,30.4500,-38.7800,-14.9800,1.0412,-1.3261,-0.5122,0
120906,7.1283,-7.0373,-1.5535,22.0500,-39.4100,-12.2500,0.7540,-1.3476,-0.4189,0
120945,6.4126,-7.2288,0.2178,29.3300,-20.1600,-13.6500,1.0029,-0.6894,-0.4668,0
120984,6.7166,-7.8464,-0.5912,20.3000,-21.4200,-13.3700,0.6942,-0.7325,-0.4572,0
121023,5.5891,-8.0115,-0.0551,39.3400,-16.8700,-11.7600,1.3452,-0.5769,-0.4021,0
121062,6.4293,-6.7381,0.5194,34.0900,-4.5500,-11.7600,1.1657,-0.1556,-0.4021,0
121101,6.6160,-5.3043,-0.3375,48.3700,-22.1200,-21.3500,1.6540,-0.7564,-0.7301,0
121140,6.8338,-4.5120,-1.4194,20.6500,-20.0900,-19.1100,0.7061,-0.6870,-0.6535,0
121179,6.8434,-6.6926,-0.6822,-4.3400,-1.8900,-4.1300,-0.1484,-0.0646,-0.1412,0
121218,6.8386,-9.8977,0.3184,-8.5400,-3.4300,7.0000,-0.2920,-0.1173,0.2394,0
121257,7.4777,-10.4004,-0.6654,19.4600,-47.2500,-10.1500,0.6654,-1.6157,-0.3471,0
121296,7.6094,-9.6153,-0.5912,41.7200,-35.4900,-6.1600,1.4266,-1.2136,-0.2106,0
121335,8.2389,-7.9541,-0.6798,36.9600,-32.5500,-6.2300,1.2638,-1.1130,-0.2130,0
121374,8.0115,-7.9972,-1.8144,51.4500,-47.3900,-3.7800,1.7593,-1.6205,-0.1293,0
121413,6.9152,-7.6094,-1.0341,40.4600,-27.8600,-0.1400,1.3835,-0.9527,-0.0048,0
121452,6.2953,-6.5131,-0.6439,48.4400,-17.8500,4.4800,1.6564,-0.6104,0.1532,0
121491,6.0607,-6.3216,-1.4146,59.4300,-29.4700,9.8000,2.0322,-1.0077,0.3351,0
121530,6.4533,-7.0947,-0.2202,61.6700,-9.6600,19.8100,2.1088,-0.3303,0.6774,0
121569,7.3365,-7.2432,1.0029,68.1800,-18.4800,21.0700,2.3314,-0.6319,0.7205,0
121608,7.5663,-6.8219,0.2202,58.6600,-42.7000,-1.7500,2.0059,-1.4601,-0.0598,0
121647,6.6519,-7.6596,-0.2968,33.7400,-42.0000,9.5900,1.1537,-1.4362,0.3279,0
121686,5.9003,-7.2743,1.4841,14.0000,-31.7800,23.3800,0.4787,-1.0867,0.7995,0
121725,5.9769,-6.7166,1.7306,44.3100,-31.2200,32.0600,1.5152,-1.0676,1.0963,0
121764,5.5628,-5.6370,0.1101,35.7700,-47.6700,22.9600,1.2232,-1.6301,0.7851,0
121803,4.9524,-6.0559,-0.1867,19.0400,-39.8300,32.3400,0.6511,-1.3620,1.1059,0
121842,4.2966,-7.2049,0.5649,2.6600,-46.9000,59.7800,0.0910,-1.6037,2.0442,0
121881,3.2434,-7.3580,0.6104,-2.5200,-60.2000,66.4300,-0.0862,-2.0585,2.2716,0
121920,4.0572,-8.5142,0.9575,2.1700,-66.5000,61.3900,0.0742,-2.2740,2.0992,0
121959,4.2463,-8.8660,-0.3279,-19.4600,-90.1600,41.1600,-0.6654,-3.0830,1.4075,0
121998,4.5479,-11.0084,-1.0053,22.0500,-91.2800,34.0900,0.7540,-3.1213,1.1657,0
122037,4.5048,-10.8887,1.4601,4.1300,-64.0500,8.1900,0.1412,-2.1902,0.2801,0
122076,5.5197,-9.6392,-1.6947,56.8400,-92.2600,9.7300,1.9436,-3.1548,0.3327,0
122115,6.7046,-8.8014,-0.7612,33.8800,-75.5300,6.8600,1.1585,-2.5827,0.2346,0
122154,6.5346,-8.5142,-0.4811,20.0200,-51.2400,3.9200,0.6846,-1.7521,0.1340,0
122193,5.2086,-9.2849,0.1915,17.0100,-37.5200,5.1100,0.5817,-1.2830,0.1747,0
122232,4.6532,-9.1964,-0.3351,23.4500,-34.1600,-0.2100,0.8019,-1.1681,-0.0072,0
122271,3.6671,-8.6650,0.0934,24.0800,-28.2100,-3.2200,0.8234,-0.9646,-0.1101,0
122310,3.4564,-8.0235,-0.1340,39.6200,-32.5500,2.1000,1.3548,-1.1130,0.0718,0
122349,3.3319,-7.9301,0.3590,43.6800,-24.1500,2.8000,1.4936,-0.8258,0.0957,0
122388,3.1285,-7.8176,1.3428,8.0500,-13.7200,-4.4800,0.2753,-0.4692,-0.1532,0
122427,3.4325,-8.4136,-3.1141,32.8300,-29.4700,-22.6800,1.1226,-1.0077,-0.7755,0
122466,1.4003,-7.7698,-1.8718,8.8200,-23.3100,-36.8200,0.3016,-0.7971,-1.2591,0
122505,1.7809,-8.6506,-1.6708,-24.9900,-36.6800,-56.7700,-0.8545,-1.2543,-1.9412,0
122544,3.8035,-8.5261,-0.7444,14.9800,-49.2800,-77.4900,0.5122,-1.6851,-2.6498,0
122583,9.8977,-9.2538,0.3327,72.3800,-47.1800,-58.4500,2.4750,-1.6133,-1.9987,0
122622,9.4980,-7.8272,-0.7444,66.8500,-58.6600,-43.0500,2.2859,-2.0059,-1.4721,0
122661,7.7793,-7.2527,-0.2848,-24.5700,13.5100,-48.0200,-0.8402,0.4620,-1.6420,0
122700,5.9219,-9.0934,-1.2662,-35.9100,30.1700,-24.0800,-1.2279,1.0317,-0.8234,0
122739,4.8998,-9.0504,2.5325,-38.5000,24.1500,-17.7800,-1.3165,0.8258,-0.6080,0
122778,4.4354,-7.7602,1.0053,4.6900,-6.9300,-38.1500,0.1604,-0.2370,-1.3045,0
122817,5.2971,-4.4474,-1.0915,29.7500,-15.9600,-31.5000,1.0173,-0.5457,-1.0771,0
122856,7.7865,-4.9812,-1.7426,7.5600,17.8500,1.9600,0.2585,0.6104,0.0670,0
122895,9.6799,-6.4796,-0.8689,-36.2600,32.2700,-6.4400,-1.2399,1.1035,-0.2202,0
122934,8.7200,-7.4993,-1.3452,-69.7900,-1.7500,4.4100,-2.3865,-0.0598,0.1508,0
122973,7.5184,-11.4488,-0.0910,-44.4500,-30.9400,-2.3100,-1.5200,-1.0580,-0.0790,0
123012,9.6009,-9.1724,-0.1987,-33.5300,-40.9500,-48.3700,-1.1466,-1.4003,-1.6540,0
123051,9.1102,-6.4221,-1.7593,-15.1200,-20.5800,-66.5000,-0.5170,-0.7037,-2.2740,0
123090,8.0546,-6.3048,-1.8263,-16.4500,-2.1700,-37.8700,-0.5625,-0.0742,-1.2950,0
123129,6.1325,-4.8328,-0.7229,0.2100,41.9300,-10.0100,0.0072,1.4338,-0.3423,0
123168,6.8913,-7.2791,-3.0998,46.9700,-0.8400,-9.1000,1.6061,-0.0287,-0.3112,0
123207,7.1642,-5.8453,-1.4505,34.9300,19.5300,-13.2300,1.1944,0.6678,-0.4524,0
123246,6.9224,-4.1266,-2.8317,22.8200,37.3800,-16.5200,0.7803,1.2782,-0.5649,0
123285,6.8123,-4.2942,-2.4822,34.5800,73.9200,-1.3300,1.1825,2.5277,-0.0455,0
123324,6.4245,-4.3205,-0.3686,35.6300,31.7100,37.1700,1.2184,1.0843,1.2710,0
123363,7.1330,-6.1086,-0.4237,6.0900,-24.7100,61.6000,0.2082,-0.8450,2.1064,0
123402,6.6041,-8.0785,3.2410,9.5900,-29.9600,32.6200,0.3279,-1.0245,1.1154,0
123441,5.7352,-7.6620,0.6152,61.7400,-29.6100,29.3300,2.1112,-1.0125,1.0029,0
123480,6.1134,-7.2934,0.0215,35.9100,-27.2300,39.7600,1.2279,-0.9311,1.3596,0
123519,4.9907,-7.6118,1.6181,23.5200,-18.3400,43.2600,0.8043,-0.6271,1.4793,0
123558,4.0189,-6.7716,1.2471,54.1800,-45.9200,66.7100,1.8527,-1.5702,2.2811,0
123597,4.4976,-5.9578,1.4099,57.7500,-91.9800,69.7200,1.9748,-3.1452,2.3841,0
123636,6.7525,-7.3030,0.1819,49.3500,-85.5400,54.9500,1.6875,-2.9250,1.8790,0
123675,9.0097,-9.4285,-1.5104,15.5400,-46.7600,50.8900,0.5314,-1.5990,1.7402,0
123714,6.7501,-10.0605,-0.0120,11.6200,-36.5400,45.1500,0.3973,-1.2495,1.5439,0
123753,6.1517,-10.4458,0.9958,28.0000,-30.6600,44.1000,0.9575,-1.0484,1.5080,0
123792,5.9937,-10.5488,-0.1197,30.0300,-17.7100,38.5700,1.0269,-0.6056,1.3189,0
123831,4.3349,-9.5123,0.8473,18.7600,-0.9100,15.0500,0.6415,-0.0311,0.5146,0
123870,2.0944,-9.3352,-0.2346,11.1300,-5.1800,-13.8600,0.3806,-0.1771,-0.4739,0
123909,0.9263,-7.9421,-0.3423,-0.9100,-8.1900,-42.4900,-0.0311,-0.2801,-1.4529,0
123948,0.2968,-6.7477,0.0574,-30.3100,-19.5300,-60.4800,-1.0364,-0.6678,-2.0681,0
123987,1.7617,-5.8836,-2.2979,-47.5300,-5.9500,-92.6800,-1.6253,-0.2035,-3.1692,0
124026,4.3492,-6.8530,-0.0144,7.5600,-14.0700,-91.1400,0.2585,-0.4811,-3.1165,0
124065,10.7044,-9.3472,0.8521,38.5700,-39.1300,-52.6400,1.3189,-1.3380,-1.8000,0
124104,8.1360,-6.8602,-0.0598,16.3800,-18.9000,-45.7100,0.5601,-0.6463,-1.5630,0
124143,7.0612,-6.9344,-1.1011,-26.6000,-7.6300,-44.2400,-0.9096,-0.2609,-1.5128,0
124182,7.4107,-7.8918,-1.4505,-40.5300,-2.0300,-26.3900,-1.3859,-0.0694,-0.9024,0
124221,6.9080,-7.8894,-0.3543,-41.0900,-12.3900,-25.6900,-1.4051,-0.4237,-0.8785,0
124260,8.3179,-8.1934,-0.2202,-14.3500,-12.3900,-29.6800,-0.4907,-0.4237,-1.0149,0
124299,6.7166,-6.1660,1.9580,-30.8700,-15.3300,-39.4100,-1.0556,-0.5242,-1.3476,0
124338,6.2522,-6.3671,-0.0622,2.2400,-12.8100,-40.1100,0.0766,-0.4380,-1.3716,0
124377,5.1918,-4.3086,-2.2357,35.4900,-15.8900,-36.6800,1.2136,-0.5434,-1.2543,0
124416,7.9062,-2.9274,-2.4487,22.3300,21.9100,21.2100,0.7636,0.7492,0.7253,0
124455,11.2166,-3.4995,-1.5463,-16.8700,29.4700,39.3400,-0.5769,1.0077,1.3452,0
124494,10.0724,-6.3910,-0.6008,-72.4500,23.6600,11.6900,-2.4774,0.8091,0.3997,0
124533,9.2514,-9.0839,-0.6056,-40.1800,11.6200,-6.8600,-1.3739,0.3973,-0.2346,0
124572,8.4495,-10.1969,-1.4458,-16.0300,10.0100,-12.3200,-0.5481,0.3423,-0.4213,0
124611,7.9277,-8.0546,-1.1274,14.7700,17.9200,-3.9200,0.5051,0.6128,-0.1340,0
124650,8.2269,-6.6830,-0.9838,24.7800,11.8300,1.6800,0.8473,0.4045,0.0574,0
124689,7.4634,-5.9147,-1.4266,12.0400,16.5900,-12.5300,0.4117,0.5673,-0.4285,0
124728,6.3336,-6.2474,-1.7162,13.0200,18.0600,-9.9400,0.4452,0.6176,-0.3399,0
124767,5.6107,-5.4001,-1.0317,18.6200,41.7200,13.3000,0.6367,1.4266,0.4548,0
124806,4.7945,-5.9003,-0.0168,45.5000,21.7000,32.3400,1.5559,0.7420,1.1059,0
124845,5.7040,-4.6820,1.5583,22.1900,-14.7700,27.0900,0.7588,-0.5051,0.9263,0
124884,8.0450,-5.8716,2.5468,31.4300,-51.7300,37.5900,1.0747,-1.7689,1.2854,0
124923,6.8913,-4.2726,-0.7755,47.7400,-43.4700,67.0600,1.6325,-1.4865,2.2931,0
124962,8.2078,-5.5700,-1.6636,20.5100,-69.8600,49.9800,0.7013,-2.3889,1.7091,0
125001,6.7668,-5.0985,-0.0072,-31.7800,-74.5500,55.3700,-1.0867,-2.5492,1.8934,0
125040,6.8410,-6.8578,-0.2082,-51.2400,-82.2500,80.4300,-1.7521,-2.8125,2.7503,0
125079,5.3235,-10.8887,-1.0628,-8.2600,-85.1200,84.7000,-0.2824,-2.9107,2.8963,0
125118,6.0846,-12.9927,-2.6833,9.3100,-68.6700,70.5600,0.3184,-2.3482,2.4128,0
125157,5.6897,-12.1764,-2.6330,74.1300,-42.6300,58.9400,2.5349,-1.4577,2.0154,0
125196,5.3282,-8.5381,-1.6301,46.6200,-26.8100,37.0300,1.5942,-0.9168,1.2662,0
125235,4.9022,-8.3323,-1.5343,16.0300,5.7400,3.2200,0.5481,0.1963,0.1101,0
125274,4.2655,-8.9498,-1.8623,0.8400,13.3000,-20.0900,0.0287,0.4548,-0.6870,0
125313,3.0926,-8.2820,-0.4596,5.8800,1.4700,-41.5100,0.2011,0.0503,-1.4194,0
125352,2.9753,-7.5232,-1.0101,-22.9600,9.7300,-67.2000,-0.7851,0.3327,-2.2979,0
125391,3.1955,-6.6352,-2.6115,-19.1100,15.8200,-92.6800,-0.6535,0.5410,-3.1692,0
125430,3.1285,-5.9410,-1.8335,-1.8200,35.8400,-113.8900,-0.0622,1.2255,-3.8945,0
125469,6.3743,-6.6878,-0.9168,41.5100,11.9000,-116.9000,1.4194,0.4069,-3.9974,0
125508,8.2317,-7.4825,-0.5840,73.9900,10.2200,-69.4400,2.5301,0.3495,-2.3745,0
125547,10.8169,-5.1535,1.3572,54.8800,7.9800,-40.0400,1.8766,0.2729,-1.3692,0
125586,10.6445,-5.8955,0.1939,7.9100,11.2000,0.4200,0.2705,0.3830,0.0144,0
125625,5.1104,-8.1264,-0.8330,-56.4200,-24.7100,7.4200,-1.9293,-0.8450,0.2537,0
125664,4.8232,-8.9474,0.0096,-53.2000,-21.2800,-10.8500,-1.8192,-0.7277,-0.3710,0
125703,7.0660,-8.3490,0.0814,-7.0000,-1.7500,-45.0800,-0.2394,-0.0598,-1.5415,0
125742,5.3570,-6.2713,-1.2399,53.7600,-14.8400,-52.3600,1.8383,-0.5075,-1.7904,0
125781,5.9075,-2.3362,-1.8407,13.0200,0.7000,-8.4000,0.4452,0.0239,-0.2872,0
125820,7.5376,-4.8663,-1.4697,-3.7800,13.5800,29.8200,-0.1293,0.4644,1.0197,0
125859,9.0192,-6.4628,-2.3218,-47.6000,6.3000,18.8300,-1.6277,0.2154,0.6439,0
125898,9.3041,-7.2838,-1.9221,-37.6600,14.1400,11.9000,-1.2878,0.4835,0.4069,0
125937,8.2724,-8.7511,-1.8623,-26.0400,6.4400,20.5800,-0.8904,0.2202,0.7037,0
125976,8.5788,-8.5166,-1.4146,-7.2800,10.8500,19.5300,-0.2489,0.3710,0.6678,0
126015,7.6261,-6.6902,-0.2896,4.4100,34.0200,11.6900,0.1508,1.1633,0.3997,0
126054,8.1671,-5.7256,-0.9239,29.4000,26.5300,10.2900,1.0053,0.9072,0.3519,0
126093,8.6075,-5.2301,0.2489,26.8100,37.3800,15.4000,0.9168,1.2782,0.5266,0
126132,8.8469,-4.8304,0.4692,-1.9600,36.1900,14.3500,-0.0670,1.2375,0.4907,0
126171,8.2198,-4.8352,0.6128,-32.3400,43.6100,11.9000,-1.1059,1.4912,0.4069,0
126210,8.3825,-6.5370,2.4056,-37.1000,33.3200,30.9400,-1.2686,1.1394,1.0580,0
126249,7.3174,-7.2408,1.8263,-32.1300,0.3500,58.3100,-1.0987,0.0120,1.9939,0
126288,5.9410,-6.8003,-0.4644,-28.2100,-29.3300,50.8900,-0.9646,-1.0029,1.7402,0
126327,4.0405,-9.9097,-0.0766,-14.0700,-18.9700,85.5400,-0.4811,-0.6487,2.9250,0
126366,2.3793,-9.3280,1.2088,9.8700,-5.9500,87.9200,0.3375,-0.2035,3.0064,0
126405,0.9000,-8.3418,-0.9934,58.5900,23.4500,61.9500,2.0035,0.8019,2.1184,0
126444,1.1992,-8.5477,-0.0215,48.1600,-11.2000,26.8800,1.6468,-0.3830,0.9192,0
126483,3.3415,-8.4424,0.9958,-18.1300,3.8500,-5.7400,-0.6200,0.1317,-0.1963,0
126522,3.6240,-8.5405,0.5003,-34.8600,14.9800,-25.0600,-1.1920,0.5122,-0.8569,0
126561,3.4851,-8.2030,0.3112,-47.9500,26.3200,-52.6400,-1.6396,0.9000,-1.8000,0
126600,4.3086,-8.8780,-0.7779,-59.1500,7.4900,-64.8900,-2.0226,0.2561,-2.2189,0
126639,5.1391,-10.3645,0.0359,-43.1200,-12.0400,-60.6200,-1.4745,-0.4117,-2.0729,0
126678,6.6304,-10.8623,-0.5266,15.7500,-25.2700,-60.0600,0.5386,-0.8641,-2.0537,0
126717,6.4461,-7.1522,0.6343,31.3600,-14.9100,-50.5400,1.0724,-0.5098,-1.7282,0
126756,6.8626,-6.9535,1.5870,34.9300,-12.3200,-40.6000,1.1944,-0.4213,-1.3883,0
126795,7.6596,-5.6897,0.2513,17.5700,-23.6600,-46.4100,0.6008,-0.8091,-1.5870,0
126834,6.9200,-3.7604,-0.4452,35.4900,-18.6900,-45.2200,1.2136,-0.6391,-1.5463,0
126873,7.3341,-1.7641,-2.1710,26.6700,-31.2200,-32.6200,0.9120,-1.0676,-1.1154,0
126912,7.3652,-4.4450,-1.4529,-3.9900,-34.4400,-1.9600,-0.1364,-1.1777,-0.0670,0
126951,7.5280,-8.8038,-2.3147,2.2400,-19.9500,16.9400,0.0766,-0.6822,0.5793,0
126990,6.2259,-7.2073,-0.9072,12.6000,23.2400,25.9700,0.4309,0.7947,0.8880,0
127029,7.3341,-6.6112,-2.3984,10.0800,38.5700,29.8200,0.3447,1.3189,1.0197,0
127068,7.1809,-5.8237,-1.3165,24.2200,30.6600,29.9600,0.8282,1.0484,1.0245,0
127107,4.3133,-5.7399,0.1915,31.0800,37.3800,54.6000,1.0628,1.2782,1.8670,0
127146,4.2439,-6.5610,0.9742,16.9400,6.3700,39.6200,0.5793,0.2178,1.3548,0
127185,5.6705,-5.6107,-0.9000,-9.7300,-10.4300,33.3200,-0.3327,-0.3567,1.1394,0
127224,9.5841,-10.6373,-1.6540,0.4900,0.0700,36.1900,0.0168,0.0024,1.2375,0
127263,6.6783,-7.5424,0.2394,32.7600,37.8000,42.8400,1.1202,1.2926,1.4649,0
127302,5.3187,-7.9325,0.2513,24.9200,44.1000,27.4400,0.8521,1.5080,0.9383,0
127341,4.6125,-7.8344,0.0718,0.0700,42.7700,7.7000,0.0024,1.4625,0.2633,0
127380,5.8381,-8.7488,0.7612,-10.4300,18.3400,21.4200,-0.3567,0.6271,0.7325,0
127419,6.3072,-10.3884,1.6851,-4.2000,16.2400,15.4700,-0.1436,0.5553,0.5290,0
127458,6.4939,-10.9174,0.8450,-10.0100,19.5300,1.4000,-0.3423,0.6678,0.0479,0
127497,5.8907,-11.0012,1.2088,-3.0800,15.2600,0.8400,-0.1053,0.5218,0.0287,0
127536,5.7830,-11.3291,0.6176,0.4900,7.0000,6.1600,0.0168,0.2394,0.2106,0
127575,5.8165,-10.9509,1.2997,0.8400,7.1400,-0.8400,0.0287,0.2442,-0.0287,0
127614,6.5777,-11.5445,1.0747,-6.3000,-1.9600,-7.1400,-0.2154,-0.0670,-0.2442,0
127653,6.7955,-11.7408,1.0173,-2.8700,-0.7700,-16.0300,-0.0981,-0.0263,-0.5481,0
127692,6.3647,-10.7762,1.3572,5.8800,-0.0700,-22.5400,0.2011,-0.0024,-0.7708,0
127731,6.2163,-10.1514,1.0173,8.4700,-6.3000,-22.4000,0.2896,-0.2154,-0.7660,0
127770,5.8764,-9.1437,1.0676,19.8800,-9.5200,-28.8400,0.6798,-0.3255,-0.9862,0
127809,5.6681,-8.1719,0.9646,-0.9100,-18.5500,-30.6600,-0.0311,-0.6343,-1.0484,0
127848,5.6610,-7.4251,0.4692,-4.6900,-14.7700,-32.6200,-0.1604,-0.5051,-1.1154,0
127887,4.9860,-6.0200,0.0263,-5.1100,-8.5400,-28.7700,-0.1747,-0.2920,-0.9838,0
127926,4.9764,-4.4091,-0.4356,-20.5100,-12.0400,-31.8500,-0.7013,-0.4117,-1.0891,0
127965,6.3862,-4.4785,-0.3040,-33.0400,4.2000,-28.8400,-1.1298,0.1436,-0.9862,0
128004,7.3652,-5.7639,-0.0287,-26.2500,13.7900,-11.2700,-0.8976,0.4715,-0.3854,0
128043,6.0368,-5.7687,0.4787,-1.7500,15.4000,1.1200,-0.0598,0.5266,0.0383,0
128082,4.9477,-5.6035,1.0891,-11.2700,14.8400,3.7800,-0.3854,0.5075,0.1293,0
128121,4.7107,-4.7011,1.4386,-5.8100,19.0400,14.2100,-0.1987,0.6511,0.4859,0
128160,4.6341,-4.6796,2.4870,-16.5900,29.4700,33.1800,-0.5673,1.0077,1.1346,0
128199,5.8429,-4.9716,3.4923,-25.4800,16.7300,43.7500,-0.8713,0.5721,1.4960,0
128238,5.8453,-6.8721,1.1657,6.5100,4.4100,33.1100,0.2226,0.1508,1.1322,0
128277,5.9075,-7.2073,1.3548,-6.7900,-4.9000,48.0900,-0.2322,-0.1676,1.6444,0
128316,5.5365,-9.0001,0.5553,-8.1900,0.7000,84.0700,-0.2801,0.0239,2.8748,0
128355,4.3133,-10.2783,0.6798,-19.1800,-0.7700,100.1700,-0.6559,-0.0263,3.4253,0
128394,2.3912,-11.1544,0.7588,-9.1000,20.4400,73.1500,-0.3112,0.6989,2.5014,0
128433,1.5894,-11.4703,0.0239,-20.9300,24.2900,33.1100,-0.7157,0.8306,1.1322,0
128472,2.0657,-11.8461,0.6511,-18.4800,0.0000,9.9400,-0.6319,0.0000,0.3399,0
128511,2.7024,-10.6349,-0.3184,-6.4400,-10.4300,-19.1100,-0.2202,-0.3567,-0.6535,0
128550,2.0585,-9.1988,-1.3213,-1.8900,-4.2700,-48.7200,-0.0646,-0.1460,-1.6660,0
128589,0.4380,-7.5136,-0.1029,-23.0300,0.1400,-65.1000,-0.7875,0.0048,-2.2261,0
128628,0.8426,-6.4676,1.0556,-51.0300,-25.2000,-68.3200,-1.7450,-0.8617,-2.3362,0
128667,6.5993,-8.4543,0.6989,-27.5100,-14.2800,-63.2800,-0.9407,-0.4883,-2.1639,0
128706,7.5376,-9.1054,-1.0388,24.8500,-8.4000,-47.2500,0.8497,-0.2872,-1.6157,0
128745,4.9141,-7.1857,1.0508,4.6200,0.2100,-54.3900,0.1580,0.0072,-1.8599,0
128784,5.5915,-6.2450,0.8450,-23.3100,-3.5700,-43.1900,-0.7971,-0.1221,-1.4769,0
128823,9.4094,-7.5711,-0.0766,-0.8400,7.0000,-17.0800,-0.0287,0.2394,-0.5840,0
128862,8.7559,-5.6969,-0.2609,-16.2400,19.1800,-29.5400,-0.5553,0.6559,-1.0101,0
128901,7.7626,-6.2330,0.2202,-23.5200,1.0500,-40.6700,-0.8043,0.0359,-1.3907,0
128940,5.4288,-5.8860,-2.0035,-19.3900,-47.0400,-37.9400,-0.6630,-1.6085,-1.2974,0
128979,5.6059,-4.4641,-2.1208,-35.1400,-25.9700,-26.7400,-1.2016,-0.8880,-0.9144,0
129018,8.0666,-5.7232,-1.8623,-21.6300,-10.7100,-5.8800,-0.7396,-0.3662,-0.2011,0
129057,9.4166,-7.1091,-1.0724,-24.5000,8.4000,-1.6800,-0.8378,0.2872,-0.0574,0
129096,9.6942,-10.0126,-1.0364,17.9900,22.0500,-26.0400,0.6152,0.7540,-0.8904,0
129135,5.4671,-8.7296,0.3279,25.2700,21.1400,-14.1400,0.8641,0.7229,-0.4835,0
129174,7.1067,-6.5346,-0.8569,27.2300,-30.3100,30.9400,0.9311,-1.0364,1.0580,0
129213,7.1833,-8.5238,-3.2984,0.0700,-43.9600,45.1500,0.0024,-1.5032,1.5439,0
129252,6.5634,-7.1139,-3.1620,4.7600,-31.8500,86.1000,0.1628,-1.0891,2.9442,0
129291,6.1876,-4.8495,-0.8641,9.7300,-40.0400,171.5000,0.3327,-1.3692,5.8644,0
129330,1.1968,-3.4492,1.8814,-3.0800,-93.8700,166.4600,-0.1053,-3.2099,5.6921,0
129369,1.8168,-4.4306,-1.6755,73.2200,-198.0300,179.4800,2.5037,-6.7716,6.1373,0
129408,-0.0431,-10.7762,3.2577,30.3100,-91.1400,97.0900,1.0364,-3.1165,3.3200,0
129447,4.5479,-8.0091,-7.4035,76.3700,-162.2600,-4.5500,2.6115,-5.5485,-0.1556,0
129486,4.9979,-1.1513,-5.9841,120.7500,-75.7400,-79.8000,4.1290,-2.5899,-2.7287,0
129525,9.6416,-1.5295,1.5104,94.2900,-168.1400,34.3700,3.2242,-5.7495,1.1753,0
129564,11.4057,-1.2232,0.1508,83.1600,-98.0000,145.4600,2.8436,-3.3511,4.9740,1
129603,5.0506,-6.2211,0.4093,53.9700,-33.6000,66.9200,1.8455,-1.1489,2.2883,0
129642,-1.4865,-7.0565,-2.1519,0.7700,0.2100,46.5500,0.0263,0.0072,1.5918,0
129681,-1.1011,-6.7166,-0.5290,12.6000,-35.1400,86.8700,0.4309,-1.2016,2.9705,0
129720,2.2452,-8.8613,-1.4601,54.5300,-102.8300,173.2500,1.8646,-3.5163,5.9243,0
129759,6.3336,-10.8456,0.0862,119.2100,-95.4800,187.6700,4.0764,-3.2649,6.4173,0
129798,5.2397,-7.4466,1.0915,120.9600,-19.9500,163.8000,4.1362,-0.6822,5.6011,0
129837,0.5625,-3.3655,0.5577,129.0800,56.9800,212.4500,4.4139,1.9484,7.2647,0
129876,-17.8733,1.4170,13.8424,180.6000,158.4800,352.3800,6.1756,5.4192,12.0496,0
129915,-32.8001,-15.5419,4.4211,76.0900,-31.0800,411.2500,2.6019,-1.0628,14.0626,0
129954,-35.7969,-13.6964,10.1275,18.6900,71.8200,245.9100,0.6391,2.4559,8.4089,0
129993,-22.6965,-8.8589,11.8892,-91.2800,89.1100,153.7900,-3.1213,3.0471,5.2588,0
130032,-17.0834,2.9705,3.4612,-42.8400,-8.3300,47.5300,-1.4649,-0.2848,1.6253,0
130071,-13.9813,2.6833,0.7325,-26.1800,-45.2200,7.9100,-0.8952,-1.5463,0.2705,0
130110,-9.3711,1.7833,-1.1633,9.5200,-41.0900,16.1000,0.3255,-1.4051,0.5505,0
130149,-3.9184,2.6354,-0.3447,39.8300,-45.3600,43.9600,1.3620,-1.5511,1.5032,0
130188,-1.4769,1.1154,-0.3997,0.4200,-39.6900,59.0800,0.0144,-1.3572,2.0202,0
130227,1.7545,0.8186,-0.2202,-27.6500,-20.5100,59.4300,-0.9455,-0.7013,2.0322,0
130266,3.8562,0.2968,-0.1317,-37.1000,11.6900,80.1500,-1.2686,0.3997,2.7407,0
130305,1.5367,-0.0622,0.3950,-3.5000,36.4000,94.5700,-0.1197,1.2447,3.2338,0
130344,-1.2303,2.6952,1.7091,1.7500,44.5900,79.9400,0.0598,1.5247,2.7335,0
130383,-3.9016,5.8931,1.7234,10.1500,60.9000,50.1200,0.3471,2.0825,1.7138,0
130422,-9.2107,9.4214,2.2381,-12.9500,38.2900,-3.2900,-0.4428,1.3093,-0.1125,0
130461,-12.7868,7.3198,2.7359,-52.5000,9.6600,-18.2000,-1.7952,0.3303,-0.6223,0
130500,-15.7238,2.3912,4.1625,-40.7400,-67.7600,-10.5700,-1.3931,-2.3170,-0.3614,0
130539,-14.9387,0.9239,3.6790,-45.1500,-44.5900,-33.5300,-1.5439,-1.5247,-1.1466,0
130578,-16.1762,0.6319,5.8165,-78.4000,-36.1200,-49.0000,-2.6809,-1.2351,-1.6755,0
130617,-14.2110,-0.8473,2.5373,-57.8900,-66.5700,-70.9100,-1.9795,-2.2764,-2.4248,0
130656,-11.9395,-0.5912,1.2208,-69.4400,-34.3700,-95.1300,-2.3745,-1.1753,-3.2530,0
130695,-9.5291,-1.6732,0.8234,-37.6600,-45.0800,-114.0300,-1.2878,-1.5415,-3.8992,0
130734,-7.7362,-2.5923,1.0005,-40.1800,-58.8700,-116.6200,-1.3739,-2.0131,-3.9878,0
130773,-6.1181,-3.0136,2.6474,-32.2700,-73.6400,-104.8600,-1.1035,-2.5181,-3.5857,0
130812,-6.0990,-3.9112,3.8777,-30.3100,-89.3200,-92.4000,-1.0364,-3.0543,-3.1596,0
130851,-6.0056,-4.5982,5.5149,-41.7200,-84.2800,-82.2500,-1.4266,-2.8819,-2.8125,0
130890,-3.9088,-6.6735,6.4556,-50.0500,-92.9600,-38.2200,-1.7115,-3.1788,-1.3069,0
130929,-3.4373,-11.4081,7.7267,-35.1400,-57.1900,-27.2300,-1.2016,-1.9556,-0.9311,0
130968,-2.6737,-9.7278,7.0900,6.1600,-58.5200,-24.8500,0.2106,-2.0011,-0.8497,0
131007,-1.8934,-6.7596,6.4030,27.0200,-26.2500,-33.0400,0.9239,-0.8976,-1.1298,0
131046,-1.3524,-3.3655,4.4785,30.8000,1.4700,-33.8800,1.0532,0.0503,-1.1585,0
131085,-2.4702,-2.6617,6.1588,32.4100,37.0300,-15.7500,1.1083,1.2662,-0.5386,0
131124,-2.5373,-2.7072,5.4838,19.2500,41.7900,-4.8300,0.6583,1.4290,-0.1652,0
131163,-4.0788,-3.9710,6.8961,13.9300,47.5300,0.4200,0.4763,1.6253,0.0144,0
131202,-5.8596,-5.2229,8.0929,4.9700,40.9500,4.3400,0.1699,1.4003,0.1484,0
131241,-6.8506,-5.7184,6.6280,11.4800,38.1500,24.6400,0.3926,1.3045,0.8426,0
131280,-7.0660,-4.6532,5.3785,7.7700,13.0900,22.4700,0.2657,0.4476,0.7684,0
131319,-6.9870,-3.7915,6.3743,-9.4500,34.3000,16.8700,-0.3231,1.1729,0.5769,0
131358,-6.6735,-3.8873,5.2923,-23.3800,40.7400,17.9900,-0.7995,1.3931,0.6152,0
131397,-7.4035,-4.4330,4.3828,-13.8600,36.7500,13.1600,-0.4739,1.2567,0.4500,0
131436,-7.9182,-4.8471,3.7173,-19.2500,33.3900,0.7000,-0.6583,1.1418,0.0239,0
131475,-8.3299,-5.3091,3.5641,-17.7800,35.8400,-9.2400,-0.6080,1.2255,-0.3160,0
131514,-7.8464,-5.9697,3.6072,-6.4400,18.3400,-11.9700,-0.2202,0.6271,-0.4093,0
131553,-7.2312,-6.0511,3.8921,3.8500,9.0300,-11.6900,0.1317,0.3088,-0.3997,0
131592,-6.8961,-5.5820,3.9806,5.6000,8.6800,-10.5000,0.1915,0.2968,-0.3590,0
131631,-7.1570,-4.9836,4.1913,8.2600,10.8500,-6.1600,0.2824,0.3710,-0.2106,0
131670,-7.5759,-5.0554,4.3253,4.2700,19.5300,-2.4500,0.1460,0.6678,-0.0838,0
131709,-7.4107,-5.3929,4.5048,-0.4900,11.8300,-1.6800,-0.0168,0.4045,-0.0574,0
131748,-7.0205,-5.5054,3.9830,-0.1400,5.8800,0.2800,-0.0048,0.2011,0.0096,0
131787,-7.0660,-5.6346,4.1099,-1.8200,11.2000,-3.9900,-0.0622,0.3830,-0.1364,0
131826,-6.8697,-5.3378,3.9639,2.3100,5.3200,-5.1100,0.0790,0.1819,-0.1747,0
131865,-6.6663,-5.2301,4.0476,6.4400,2.6600,-2.9400,0.2202,0.0910,-0.1005,0
131904,-7.1953,-4.8998,4.2822,2.5900,7.3500,-0.2100,0.0886,0.2513,-0.0072,0
131943,-7.4801,-4.9524,4.1506,-3.2200,4.9000,0.6300,-0.1101,0.1676,0.0215,0
131982,-7.2862,-5.3211,3.7628,-3.5700,2.8700,0.6300,-0.1221,0.0981,0.0215,0
132021,-7.1785,-5.2660,3.9208,-1.9600,4.4800,0.2800,-0.0670,0.1532,0.0096,0
132060,-7.4227,-5.2157,3.8777,-2.5200,4.9000,1.1200,-0.0862,0.1676,0.0383,0
132099,-7.5902,-5.6011,3.8633,-3.0100,2.6600,0.3500,-0.1029,0.0910,0.0120,0
132138,-7.3078,-5.4623,3.8035,-0.2100,-1.4000,-1.6100,-0.0072,-0.0479,-0.0551,0
132177,-7.0636,-5.2612,3.8490,0.6300,-0.8400,-2.4500,0.0215,-0.0287,-0.0838,0
132216,-7.1378,-5.3211,3.7820,0.1400,-1.1900,-1.9600,0.0048,-0.0407,-0.0670,0
132255,-7.1833,-5.4120,3.9160,0.3500,-0.2100,-1.0500,0.0120,-0.0072,-0.0359,0
132294,-7.1809,-5.3833,3.9136,0.7700,-1.3300,-0.0700,0.0263,-0.0455,-0.0024,0
132333,-7.1977,-5.4001,3.9710,0.4900,-0.0700,0.4900,0.0168,-0.0024,0.0168,0
132372,-7.1713,-5.3282,3.9375,0.5600,-0.8400,0.7000,0.0191,-0.0287,0.0239,0
132411,-7.1761,-5.2038,3.9758,0.4900,-1.6800,0.2100,0.0168,-0.0574,0.0072,0
132450,-7.2025,-5.0506,4.0524,0.4200,-4.0600,-0.1400,0.0144,-0.1388,-0.0048,0
132489,-7.1067,-5.3067,3.8155,-1.2600,-4.4100,-0.6300,-0.0431,-0.1508,-0.0215,0
132528,-7.2144,-5.7352,3.8059,-2.4500,-1.1900,-0.4200,-0.0838,-0.0407,-0.0144,0
132567,-7.1857,-5.4120,3.9208,0.8400,-3.0800,0.2100,0.0287,-0.1053,0.0072,0
132606,-7.0995,-5.2157,4.0165,0.0000,-3.0800,-0.2800,0.0000,-0.1053,-0.0096,0
132645,-7.0708,-5.4216,3.8753,-1.0500,-1.8900,0.0000,-0.0359,-0.0646,0.0000,0
132684,-7.1881,-5.4647,3.9758,0.6300,-0.8400,0.1400,0.0215,-0.0287,0.0048,0
132723,-7.0780,-5.3546,3.9687,0.7700,-1.1200,-0.2800,0.0263,-0.0383,-0.0096,0
132762,-7.0397,-5.3258,4.0261,0.3500,-0.7700,0.1400,0.0120,-0.0263,0.0048,0
132801,-7.0756,-5.3306,4.0070,-0.2800,0.0000,0.4900,-0.0096,0.0000,0.0168,0
132840,-7.0493,-5.3163,4.0668,-0.9800,-0.3500,0.3500,-0.0335,-0.0120,0.0120,0
132879,-7.0924,-5.3833,3.9136,-0.9800,-0.5600,0.5600,-0.0335,-0.0191,0.0191,0
132918,-7.1929,-5.4288,3.8897,-1.1200,0.5600,0.8400,-0.0383,0.0191,0.0287,0
132957,-7.1905,-5.3546,3.9304,-0.8400,0.0000,0.4200,-0.0287,0.0000,0.0144,0
132996,-7.1139,-5.3570,3.9399,-0.7700,0.0700,0.0000,-0.0263,0.0024,0.0000,0
133035,-7.1498,-5.4264,3.8729,-0.8400,0.8400,0.0700,-0.0287,0.0287,0.0024,0
133074,-7.1809,-5.4575,3.8633,-0.2100,0.0700,0.1400,-0.0072,0.0024,0.0048,0
133113,-7.1474,-5.3905,3.9136,-17.9200,-0.8400,-0.2100,-0.6128,-0.0287,-0.0072,0
133152,-7.1163,-5.4623,3.8609,-0.1400,-0.6300,0.2800,-0.0048,-0.0215,0.0096,0
133191,-7.1450,-5.4407,3.8992,-0.2800,0.2100,0.4200,-0.0096,0.0072,0.0144,0
133230,-7.1450,-5.4455,3.9184,0.0700,-0.4200,0.2100,0.0024,-0.0144,0.0072,0
133269,-7.0708,-5.3378,3.8945,0.2800,-0.6300,0.2100,0.0096,-0.0215,0.0072,0
133308,-7.1354,-5.3977,3.9184,-0.1400,0.4900,0.2800,-0.0048,0.0168,0.0096,0
133347,-7.1163,-5.3833,3.9423,-0.2100,-0.2800,0.1400,-0.0072,-0.0096,0.0048,0
133386,-7.0828,-5.4551,3.8155,0.0000,0.2100,0.2100,0.0000,0.0072,0.0072,0
133425,-7.1881,-5.3713,3.9304,0.3500,0.7700,0.2800,0.0120,0.0263,0.0096,0
133464,-7.1354,-5.3737,3.8801,0.1400,-0.4200,0.2800,0.0048,-0.0144,0.0096,0
133503,-7.1522,-5.4264,3.8753,-0.4200,-0.1400,0.2100,-0.0144,-0.0048,0.0072,0
133542,-7.1618,-5.4312,3.8585,-0.2800,-0.3500,0.0700,-0.0096,-0.0120,0.0024,0
133581,-7.0924,-5.4551,3.8633,0.2100,-0.4900,0.1400,0.0072,-0.0168,0.0048,0
133620,-7.1330,-5.4216,3.8705,0.0700,-0.0700,0.4200,0.0024,-0.0024,0.0144,0
133659,-7.1426,-5.4551,3.8490,0.0700,-0.0700,0.4200,0.0024,-0.0024,0.0144,0
133698,-7.1139,-5.4024,3.8753,0.2800,0.0700,0.2800,0.0096,0.0024,0.0096,0
133737,-7.1618,-5.4407,3.8394,0.5600,0.4900,0.3500,0.0191,0.0168,0.0120,0
133776,-7.1211,-5.3929,3.8131,0.4900,-0.2100,0.2800,0.0168,-0.0072,0.0096,0
133815,-7.1043,-5.4527,3.8729,0.2800,-0.2800,0.3500,0.0096,-0.0096,0.0120,0
133854,-7.1809,-5.4096,3.8633,0.4900,-0.0700,0.4900,0.0168,-0.0024,0.0168,0
133893,-7.2527,-5.4216,3.8609,0.4900,-0.0700,0.0700,0.0168,-0.0024,0.0024,0
133932,-7.1498,-5.3977,3.8945,0.7000,-1.3300,-0.1400,0.0239,-0.0455,-0.0048,0
133971,-7.0421,-5.3785,3.8562,0.2800,-1.8200,0.0000,0.0096,-0.0622,0.0000,0
134010,-7.1115,-5.4216,3.8657,-0.2800,-0.5600,0.1400,-0.0096,-0.0191,0.0048,0
134049,-7.0900,-5.4982,3.8298,0.2800,-0.2800,0.2800,0.0096,-0.0096,0.0096,0
134088,-7.0995,-5.4719,3.8729,0.3500,0.8400,0.2800,0.0120,0.0287,0.0096,0
134127,-7.1402,-5.4383,3.8490,0.8400,1.1900,0.3500,0.0287,0.0407,0.0120,0
134166,-7.1378,-5.3618,3.8825,0.7700,0.7700,0.4900,0.0263,0.0263,0.0168,0
134205,-7.1833,-5.3881,3.8131,0.2800,0.2800,0.4200,0.0096,0.0096,0.0144,0
134244,-7.1809,-5.4695,3.8131,-0.0700,-0.3500,0.2800,-0.0024,-0.0120,0.0096,0
134283,-7.1618,-5.3498,3.8274,0.5600,-1.1900,0.2100,0.0191,-0.0407,0.0072,0
134322,-7.1330,-5.4695,3.8179,-0.1400,-0.8400,-0.0700,-0.0048,-0.0287,-0.0024,0
134361,-7.0995,-5.4910,3.8442,0.6300,-0.4900,0.2100,0.0215,-0.0168,0.0072,0
134400,-7.1905,-5.4623,3.8226,1.0500,0.2100,0.4200,0.0359,0.0072,0.0144,0
134439,-7.2384,-5.3929,3.9351,0.9100,-1.3300,-0.0700,0.0311,-0.0455,-0.0024,0
134478,-7.0708,-5.4096,3.8298,0.2100,-0.7700,-0.0700,0.0072,-0.0263,-0.0024,0
134517,-7.1259,-5.3905,3.8442,0.0700,-0.5600,-0.0700,0.0024,-0.0191,-0.0024,0
134556,-7.0373,-5.4599,3.7915,0.7700,-0.4200,0.1400,0.0263,-0.0144,0.0048,0
134595,-7.1187,-5.4695,3.8585,0.7700,1.4700,0.2800,0.0263,0.0503,0.0096,0
134634,-7.1761,-5.3953,3.9040,0.6300,1.1900,0.2100,0.0215,0.0407,0.0072,0
134673,-7.1618,-5.4001,3.8609,0.4200,0.2800,0.1400,0.0144,0.0096,0.0048,0
134712,-7.1330,-5.4288,3.8179,0.1400,-0.2800,0.2100,0.0048,-0.0096,0.0072,0
134751,-7.1977,-5.4527,3.8274,0.0700,-0.0700,0.2100,0.0024,-0.0024,0.0072,0
134790,-7.1857,-5.4192,3.8585,0.3500,-0.6300,0.0000,0.0120,-0.0215,0.0000,0
134829,-7.1211,-5.4072,3.8179,-0.0700,-1.1200,0.2100,-0.0024,-0.0383,0.0072,0
134868,-7.0780,-5.4910,3.8011,0.0700,-0.5600,0.4900,0.0024,-0.0191,0.0168,0
134907,-7.2073,-5.4288,3.8657,0.4200,0.4200,0.2100,0.0144,0.0144,0.0072,0
134946,-7.1498,-5.4072,3.8370,0.5600,-0.7700,0.1400,0.0191,-0.0263,0.0048,0
134985,-7.0756,-5.4360,3.8538,0.3500,0.2100,0.2800,0.0120,0.0072,0.0096,0
135024,-7.0924,-5.3594,3.8873,-0.7000,0.2100,0.3500,-0.0239,0.0072,0.0120,0
135063,-7.2001,-5.5413,3.7843,-1.2600,1.2600,0.3500,-0.0431,0.0431,0.0120,0
135102,-7.2551,-5.4838,3.7197,0.3500,1.1200,-0.1400,0.0120,0.0383,-0.0048,0
135141,-7.2384,-5.4096,3.7030,1.5400,-0.6300,-0.3500,0.0527,-0.0215,-0.0120,0
135180,-7.2001,-5.3977,3.8274,1.4000,-2.3100,-0.4200,0.0479,-0.0790,-0.0144,0
135219,-7.1546,-5.4264,3.9160,0.2800,-3.0800,-0.0700,0.0096,-0.1053,-0.0024,0
135258,-7.1019,-5.5293,3.8801,-0.4900,-3.7800,0.0700,-0.0168,-0.1293,0.0024,0
135297,-6.9583,-5.4671,3.8609,-0.2800,-3.2900,0.4900,-0.0096,-0.1125,0.0168,0
135336,-7.0182,-5.2540,3.9184,-0.9100,-0.4900,0.4900,-0.0311,-0.0168,0.0168,0
135375,-7.0229,-5.5102,3.7580,-0.3500,1.1900,0.2100,-0.0120,0.0407,0.0072,0
135414,-7.1307,-5.5341,3.7580,1.6100,3.2200,0.1400,0.0551,0.1101,0.0048,0
135453,-7.3054,-5.4671,3.8274,2.5200,3.1500,0.0000,0.0862,0.1077,0.0000,0
135492,-7.2455,-5.4575,3.8107,2.3800,0.2800,0.0000,0.0814,0.0096,0.0000,0
135531,-7.1833,-5.4096,3.8849,1.1900,-0.2100,-0.2100,0.0407,-0.0072,-0.0072,0
135570,-7.1115,-5.4001,3.8681,0.2100,-1.8900,-0.2800,0.0072,-0.0646,-0.0096,0
135609,-7.0493,-5.4479,3.8418,-0.4200,-2.0300,0.2800,-0.0144,-0.0694,0.0096,0
135648,-7.0876,-5.5149,3.8035,-0.3500,-1.1900,0.7000,-0.0120,-0.0407,0.0239,0
135687,-7.1618,-5.5604,3.6958,0.7000,0.3500,0.3500,0.0239,0.0120,0.0120,0
135726,-7.2551,-5.9290,3.3176,2.3100,3.7800,0.0700,0.0790,0.1293,0.0024,0
135765,-7.8009,-7.4059,3.7125,1.7500,15.6100,3.6400,0.0598,0.5338,0.1245,0
135804,-5.9817,-3.7413,4.2104,28.1400,-15.0500,12.6700,0.9622,-0.5146,0.4332,0
135843,-6.5107,-3.4205,4.8998,2.5200,4.9700,8.5400,0.0862,0.1699,0.2920,0
135882,-7.7650,-4.2152,4.1937,-13.5800,4.2000,7.1400,-0.4644,0.1436,0.2442,0
135921,-8.4041,-6.4341,3.4827,-17.0800,7.0000,4.1300,-0.5840,0.2394,0.1412,0
135960,-7.5112,-6.0679,3.0160,-8.9600,-3.6400,0.7700,-0.3064,-0.1245,0.0263,0
135999,-6.9176,-5.4216,3.5163,-7.2800,5.0400,-1.8900,-0.2489,0.1723,-0.0646,0
136038,-6.4604,-4.2535,3.4804,-7.7700,6.0200,5.1100,-0.2657,0.2059,0.1747,0
136077,-7.3245,-5.2804,3.0399,-10.2200,12.8100,10.3600,-0.3495,0.4380,0.3543,0
136116,-8.5022,-6.6328,4.1003,-20.8600,24.9900,11.6200,-0.7133,0.8545,0.3973,0
136155,-7.3868,-5.3905,3.5569,4.8300,-14.7700,18.9000,0.1652,-0.5051,0.6463,0
136194,-6.9607,-4.5407,3.8753,-1.5400,2.3800,21.9100,-0.0527,0.0814,0.7492,0
136233,-7.1905,-5.2995,3.2482,-6.4400,9.1000,27.9300,-0.2202,0.3112,0.9551,0
136272,-7.5352,-5.9961,2.1710,-2.9400,28.7700,38.0800,-0.1005,0.9838,1.3021,0
136311,-7.5807,-5.1224,3.7077,3.0100,49.4900,44.0300,0.1029,1.6923,1.5056,0
136350,-6.4868,-3.8753,3.2793,23.6600,30.8700,52.5000,0.8091,1.0556,1.7952,0
136389,-6.3096,-3.1285,2.7527,27.8600,55.9300,55.7900,0.9527,1.9125,1.9077,0
136428,-7.6477,-2.7072,2.2740,30.4500,72.0300,54.2500,1.0412,2.4631,1.8551,0
136467,-10.4746,-2.9155,1.8479,44.2400,79.6600,34.8600,1.5128,2.7240,1.1920,0
136506,-10.5464,-2.7168,1.2327,44.2400,56.4200,11.0600,1.5128,1.9293,0.3782,0
136545,-10.2161,-3.0447,1.5726,23.1700,18.0600,14.5600,0.7923,0.6176,0.4979,0
136584,-9.1700,-3.6120,1.5224,11.5500,6.1600,32.6200,0.3950,0.2106,1.1154,0
136623,-8.7535,-3.2793,0.9455,16.8000,20.0900,22.8200,0.5745,0.6870,0.7803,0
136662,-9.8283,-3.6718,1.8718,-4.6900,29.6800,2.2400,-0.1604,1.0149,0.0766,0
136701,-10.0868,-3.5785,0.5075,12.5300,33.9500,1.4700,0.4285,1.1609,0.0503,0
136740,-10.7977,-3.2913,0.9694,18.4100,4.5500,-5.6700,0.6295,0.1556,-0.1939,0
136779,-9.3328,-1.9652,1.6636,13.9300,-17.9900,-25.1300,0.4763,-0.6152,-0.8593,0
136818,-9.0695,0.9958,1.3548,12.8800,-2.2400,-32.3400,0.4404,-0.0766,-1.1059,0
136857,-9.4501,1.2734,0.0000,39.6200,6.0900,-44.1000,1.3548,0.2082,-1.5080,0
136896,-9.2586,0.8737,0.0862,12.1800,5.9500,-61.0400,0.4165,0.2035,-2.0873,0
136935,-7.6190,-1.9365,0.1508,46.4800,-33.3200,-62.3000,1.5894,-1.1394,-2.1303,0
136974,-6.9104,-4.0835,2.7551,12.8100,-56.2100,-61.1800,0.4380,-1.9221,-2.0920,0
137013,-7.7027,-5.5700,2.4176,9.5900,-32.3400,-56.9800,0.3279,-1.1059,-1.9484,0
137052,-9.2586,-5.4647,2.0418,25.3400,6.7200,-62.5100,0.8665,0.2298,-2.1375,0
137091,-8.9283,-6.2809,0.9527,14.4900,-11.4800,-52.0100,0.4955,-0.3926,-1.7785,0
137130,-8.7679,-7.3389,1.9341,13.7200,-2.9400,-47.8100,0.4692,-0.1005,-1.6349,0
137169,-8.0426,-7.2192,2.1327,16.3800,20.3700,-44.9400,0.5601,0.6965,-1.5367,0
137208,-7.6381,-6.5275,1.9412,25.8300,22.6100,-38.5700,0.8833,0.7731,-1.3189,0
137247,-7.0445,-6.1301,1.8742,35.0000,17.5700,-30.3100,1.1968,0.6008,-1.0364,0
137286,-7.1785,-6.1181,1.6875,19.2500,28.9800,-23.8000,0.6583,0.9910,-0.8138,0
137325,-8.5788,-5.4383,3.5234,16.5900,44.3800,-27.5800,0.5673,1.5176,-0.9431,0
137364,-8.7775,-4.3684,2.6450,-16.9400,36.4000,-45.0800,-0.5793,1.2447,-1.5415,0
137403,-8.3921,-4.4785,1.6636,-30.6600,15.8900,-56.6300,-1.0484,0.5434,-1.9365,0
137442,-5.9817,-7.0828,1.2974,-40.6700,7.2800,-50.3300,-1.3907,0.2489,-1.7210,0
137481,-5.6346,-7.8607,0.4165,-35.3500,6.5100,-41.5800,-1.2088,0.2226,-1.4218,0
137520,-5.4072,-8.6746,-0.0479,-17.9200,16.3800,-36.6100,-0.6128,0.5601,-1.2519,0
137559,-8.7775,-8.9259,-0.8665,2.8000,16.1700,-32.2000,0.0957,0.5529,-1.1011,0
