timestamp_ms,waist_x,waist_y,waist_z,waist_gx,waist_gy,waist_gz,thigh_x,thigh_y,thigh_z,event_flag
283172,-9.5147,-2.7096,1.4793,-31.5700,3.5000,3.7100,-1.0795,0.1197,0.1269,0
283211,-9.2347,-1.2830,0.0024,-66.8500,-6.5800,-12.1100,-2.2859,-0.2250,-0.4141,0
283250,-9.8259,-0.8114,0.2537,-65.5900,-0.3500,-23.5900,-2.2428,-0.0120,-0.8067,0
283289,-9.7086,-1.9245,0.2633,-4.9700,0.9800,-21.2800,-0.1699,0.0335,-0.7277,0
283328,-9.3017,-2.5875,0.6583,-2.5200,5.3900,-18.3400,-0.0862,0.1843,-0.6271,0
283367,-8.6315,-3.0686,0.7253,-6.9300,4.4100,-16.0300,-0.2370,0.1508,-0.5481,0
283406,-8.3801,-2.8843,0.7301,-13.0200,10.2900,-18.2700,-0.4452,0.3519,-0.6247,0
283445,-9.2514,-4.2176,0.7636,-23.2400,6.5800,-10.9200,-0.7947,0.2250,-0.3734,0
283484,-8.8158,-3.7556,0.2968,-29.0500,-15.7500,-15.4000,-0.9934,-0.5386,-0.5266,0
283523,-7.9086,-2.7168,0.3160,-16.4500,-16.9400,-24.5700,-0.5625,-0.5793,-0.8402,0
283562,-7.9780,-3.1213,0.9024,0.9800,-5.6700,5.0400,0.0335,-0.1939,0.1723,0
283601,-9.9025,-4.1961,1.2232,7.7000,-11.0600,50.8200,0.2633,-0.3782,1.7378,0
283640,-12.8586,-5.0027,0.5481,-45.0800,-48.3700,62.8600,-1.5415,-1.6540,2.1495,0
283679,-11.1735,-4.0644,-0.7301,-15.6100,-52.6400,10.2900,-0.5338,-1.8000,0.3519,0
283718,-7.6908,-3.6862,0.9742,18.3400,-36.2600,-31.0800,0.6271,-1.2399,-1.0628,0
283757,-7.0876,-5.7232,3.2171,8.6100,-58.7300,-24.2900,0.2944,-2.0083,-0.8306,0
283796,-8.0498,-5.8357,1.1346,-23.3800,-103.1100,-27.3700,-0.7995,-3.5258,-0.9359,0
283835,-8.5022,-4.6724,3.1261,-111.7200,-80.2900,0.3500,-3.8202,-2.7455,0.0120,0
283874,-7.5854,-2.8939,1.5942,-81.7600,-61.8800,19.3900,-2.7958,-2.1160,0.6630,0
283913,-6.7381,-5.5820,3.3152,-70.4900,-44.2400,1.8900,-2.4104,-1.5128,0.0646,0
283952,-7.9900,-5.1966,2.9107,-50.4000,-40.8800,14.0000,-1.7234,-1.3979,0.4787,0
283991,-7.9253,-5.2732,2.8843,-78.6800,-40.9500,14.0700,-2.6905,-1.4003,0.4811,0
284030,-7.8104,-4.5168,2.7670,-61.6000,-37.6600,1.5400,-2.1064,-1.2878,0.0527,0
284069,-8.3514,-4.1961,2.6665,-18.5500,-56.7700,19.3900,-0.6343,-1.9412,0.6630,0
284108,-7.0732,-5.2301,3.8202,-29.9600,-18.2000,17.8500,-1.0245,-0.6223,0.6104,0
284147,-6.9966,-4.7346,3.7101,0.7700,-12.1100,15.4000,0.0263,-0.4141,0.5266,0
284186,-7.5471,-4.9812,2.9944,-15.9600,-4.1300,23.3800,-0.5457,-0.1412,0.7995,0
284225,-7.9972,-4.7418,3.5474,0.6300,4.9700,20.0900,0.0215,0.1699,0.6870,0
284264,-7.8847,-4.5575,3.2386,2.6600,14.9800,7.6300,0.0910,0.5122,0.2609,0
284303,-7.9756,-4.2439,3.4229,-14.0000,32.4100,-1.0500,-0.4787,1.1083,-0.0359,0
284342,-8.2006,-4.5144,2.8676,12.5300,29.5400,-0.7000,0.4285,1.0101,-0.0239,0
284381,-8.0570,-4.0931,3.0399,-13.7900,23.6600,-3.6400,-0.4715,0.8091,-0.1245,0
284420,-8.0546,-4.4737,2.3147,-7.2800,14.7700,10.5700,-0.2489,0.5051,0.3614,0
284459,-8.3323,-4.7442,2.2237,-18.0600,13.9300,21.7700,-0.6176,0.4763,0.7444,0
284498,-8.7440,-4.3157,2.3745,-14.7000,14.5600,8.4000,-0.5027,0.4979,0.2872,0
284537,-8.4735,-4.7514,2.6737,2.0300,16.8700,-0.9100,0.0694,0.5769,-0.0311,0
284576,-8.7464,-4.5312,1.6899,-21.8400,29.9600,7.9100,-0.7468,1.0245,0.2705,0
284615,-8.8158,-3.7724,0.8713,-18.7600,44.6600,0.2100,-0.6415,1.5271,0.0072,0
284654,-8.5812,-2.8389,0.8904,-5.1800,60.4800,3.2900,-0.1771,2.0681,0.1125,0
284693,-9.3783,-4.3708,0.5793,7.2800,55.0200,36.6800,0.2489,1.8814,1.2543,0
284732,-8.9307,-3.4780,0.3854,53.2700,24.7800,-17.0100,1.8216,0.8473,-0.5817,0
284771,-9.6942,-4.5695,1.0915,15.8900,5.9500,20.5800,0.5434,0.2035,0.7037,0
284810,-8.6722,-4.6054,1.3333,51.4500,15.4700,-7.4200,1.7593,0.5290,-0.2537,0
284849,-8.1001,-4.8304,2.1471,48.7200,38.7800,10.4300,1.6660,1.3261,0.3567,0
284888,-9.3232,-4.5096,0.1676,-13.5800,-4.4800,16.4500,-0.4644,-0.1532,0.5625,0
284927,-9.6871,-3.4875,-0.3016,3.0100,2.6600,5.6700,0.1029,0.0910,0.1939,0
284966,-9.2490,-3.5689,-0.3136,9.5900,11.1300,12.4600,0.3279,0.3806,0.4261,0
285005,-8.7248,-3.5737,0.2226,17.2200,9.1000,24.9200,0.5888,0.3112,0.8521,0
285044,-8.8684,-3.9232,0.3997,12.3900,-5.3200,37.2400,0.4237,-0.1819,1.2734,0
285083,-9.3639,-3.5163,0.2346,-11.6900,-18.1300,37.1000,-0.3997,-0.6200,1.2686,0
285122,-9.7349,-2.1734,0.1867,-7.4900,-6.5800,20.8600,-0.2561,-0.2250,0.7133,0
285161,-10.1083,-1.9748,0.1652,24.5000,1.1900,-3.1500,0.8378,0.0407,-0.1077,0
285200,-9.9887,-1.4338,0.5290,25.5500,20.9300,12.1800,0.8737,0.7157,0.4165,0
285239,-9.2921,-2.6641,1.6181,30.5200,16.6600,8.5400,1.0436,0.5697,0.2920,0
285278,-9.7469,-1.5607,0.3973,6.0200,5.3900,-4.8300,0.2059,0.1843,-0.1652,0
285317,-9.6512,-1.8048,0.1029,24.1500,-4.1300,1.4700,0.8258,-0.1412,0.0503,0
285356,-9.7732,-1.2447,-0.2705,22.7500,10.0800,-14.6300,0.7779,0.3447,-0.5003,0
285395,-9.7589,-2.0226,0.6726,34.8600,29.2600,-5.1800,1.1920,1.0005,-0.1771,0
285434,-9.2179,-3.6048,1.0724,13.9300,24.2200,5.6000,0.4763,0.8282,0.1915,0
285473,-9.1581,-3.2003,0.0168,18.5500,14.6300,-12.8100,0.6343,0.5003,-0.4380,0
285512,-8.9881,-2.1208,-0.5146,13.0200,23.5200,-42.0000,0.4452,0.8043,-1.4362,0
285551,-9.4621,-1.4984,-0.6750,38.5000,23.7300,-44.1000,1.3165,0.8114,-1.5080,0
285590,-9.2993,-1.8742,-0.3112,46.5500,0.1400,-43.1900,1.5918,0.0048,-1.4769,0
285629,-9.6153,-3.6623,0.0718,82.7400,-22.2600,-27.6500,2.8293,-0.7612,-0.9455,0
285668,-9.0982,-3.5665,-0.4309,23.2400,-30.8700,26.8800,0.7947,-1.0556,0.9192,0
285707,-10.0892,-3.6599,0.0287,29.6800,-3.4300,42.3500,1.0149,-0.1173,1.4482,0
285746,-10.1036,-3.4397,0.6630,87.8500,10.2900,27.3700,3.0040,0.3519,0.9359,0
285785,-9.2131,-2.2213,1.9771,36.6100,-2.7300,35.0700,1.2519,-0.0934,1.1992,0
285824,-9.4022,-6.0559,2.9298,110.6000,12.3900,12.5300,3.7820,0.4237,0.4285,0
285863,-8.1839,-5.6729,3.6216,65.5200,11.0600,-7.9800,2.2404,0.3782,-0.2729,0
285902,-9.0216,-3.4133,2.4367,-7.7000,1.1900,-12.3900,-0.2633,0.0407,-0.4237,0
285941,-8.6099,-3.6910,2.4415,15.0500,2.3800,-19.6000,0.5146,0.0814,-0.6702,0
285980,-8.7464,-3.3990,2.4583,-11.2000,21.1400,-20.4400,-0.3830,0.7229,-0.6989,0
286019,-7.8799,-3.9471,3.2434,12.9500,21.0700,-13.8600,0.4428,0.7205,-0.4739,0
286058,-9.1222,-3.5857,1.9245,-1.1200,-9.1000,2.5900,-0.0383,-0.3112,0.0886,0
286097,-9.0121,-3.9710,1.5056,-2.1700,-1.7500,-5.6000,-0.0742,-0.0598,-0.1915,0
286136,-9.0001,-3.4133,1.3644,-11.6900,17.2900,-9.7300,-0.3997,0.5912,-0.3327,0
286175,-8.8325,-3.4038,1.0053,-17.8500,21.8400,-14.9100,-0.6104,0.7468,-0.5098,0
286214,-8.7559,-2.9561,0.9072,-10.0100,26.8100,-9.8000,-0.3423,0.9168,-0.3351,0
286253,-9.0408,-3.3056,0.5218,-13.5100,23.0300,0.4900,-0.4620,0.7875,0.0168,0
286292,-9.3807,-3.2745,-0.0120,-2.1000,7.7000,18.5500,-0.0718,0.2633,0.6343,0
286331,-10.1466,-3.8490,-0.6487,-39.4800,-17.6400,50.4000,-1.3500,-0.6032,1.7234,0
286370,-7.7171,-2.5181,1.7857,-25.2000,1.8900,21.6300,-0.8617,0.0646,0.7396,0
286409,-9.1533,-3.3463,0.8354,3.5700,0.0000,22.8900,0.1221,0.0000,0.7827,0
286448,-9.8450,-4.0046,0.3710,-7.3500,-11.7600,38.5700,-0.2513,-0.4021,1.3189,0
286487,-9.7565,-2.7766,-0.1963,-43.4700,0.8400,25.1300,-1.4865,0.0287,0.8593,0
286526,-9.1605,-0.4907,0.8593,-38.2900,11.8300,-2.8000,-1.3093,0.4045,-0.0957,0
286565,-9.6105,0.1723,0.1077,-34.2300,7.0700,-16.5900,-1.1705,0.2418,-0.5673,0
286604,-10.5631,0.3567,0.1532,3.9900,14.6300,-47.1800,0.1364,0.5003,-1.6133,0
286643,-10.6565,-2.4631,-0.5529,68.1800,27.2300,-36.3300,2.3314,0.9311,-1.2423,0
286682,-8.5333,-1.4673,2.3170,-6.0900,-16.8000,-13.7900,-0.2082,-0.5745,-0.4715,0
286721,-10.2184,-1.9915,-2.1184,-11.9000,2.4500,-8.9600,-0.4069,0.0838,-0.3064,0
286760,-9.0504,-1.0987,-0.9096,7.5600,11.6900,-23.6600,0.2585,0.3997,-0.8091,0
286799,-9.1413,-1.1466,-1.2662,38.0100,8.8900,-36.3300,1.2997,0.3040,-1.2423,0
286838,-9.1198,-2.1782,-0.8952,76.7200,6.5100,-31.0100,2.6234,0.2226,-1.0604,0
286877,-9.4980,-1.9508,-2.4032,38.8500,-1.9600,-14.4900,1.3285,-0.0670,-0.4955,0
286916,-8.7200,-0.9144,-1.1394,20.3700,-25.9000,24.2900,0.6965,-0.8856,0.8306,0
286955,-8.0666,-0.9551,-0.0527,88.5500,-45.2900,51.1700,3.0280,-1.5487,1.7498,0
286994,-8.4902,-6.8362,6.0607,42.7700,-86.1000,19.2500,1.4625,-2.9442,0.6583,0
287033,-9.5434,-6.2881,1.2064,-6.0900,-98.4200,-28.9800,-0.2082,-3.3655,-0.9910,0
287072,-9.9958,-10.3190,11.1687,283.2200,-48.1600,-6.3700,9.6847,-1.6468,-0.2178,0
287111,-9.9192,-2.1567,5.1032,-71.0500,-20.1600,-33.6000,-2.4295,-0.6894,-1.1489,0
287150,-9.4477,-4.6030,4.9261,-12.1800,28.8400,-42.3500,-0.4165,0.9862,-1.4482,0
287189,-6.5394,-2.5037,4.4426,29.7500,29.3300,-3.4300,1.0173,1.0029,-0.1173,0
287228,-5.8094,-4.9429,3.2817,-17.2900,29.6100,27.9300,-0.5912,1.0125,0.9551,0
287267,-7.0253,-4.4785,-0.3375,-52.0100,26.3200,31.5000,-1.7785,0.9000,1.0771,0
287306,-6.0152,-4.9883,1.0724,-56.1400,52.5700,28.1400,-1.9197,1.7976,0.9622,0
287345,-10.0294,-5.1032,-0.7301,-109.6900,80.5000,28.7000,-3.7508,2.7527,0.9814,0
287384,-11.1424,-2.6450,0.2489,24.4300,92.6100,-9.8000,0.8354,3.1668,-0.3351,0
287423,-11.7408,3.4038,-2.3506,-159.1800,50.6800,113.7500,-5.4431,1.7330,3.8897,0
287462,-8.8852,0.8569,1.8838,157.8500,76.0200,59.9200,5.3977,2.5995,2.0490,0
287501,-11.7288,-3.2577,6.8458,45.0100,-33.1100,-44.1000,1.5391,-1.1322,-1.5080,0
287540,-13.8999,0.9048,-3.8753,-77.9100,-109.6900,-48.6500,-2.6641,-3.7508,-1.6636,0
287579,-9.4142,-2.9011,0.4931,49.2100,-30.1000,-13.5100,1.6827,-1.0293,-0.4620,0
287618,-6.6041,0.6989,-0.9048,80.0100,21.8400,-50.1200,2.7359,0.7468,-1.7138,0
287657,-5.8453,-0.9886,0.6247,47.3200,30.4500,-36.6100,1.6181,1.0412,-1.2519,0
287696,-6.0846,-1.3859,1.2064,84.2800,-43.3300,-8.4700,2.8819,-1.4817,-0.2896,0
287735,-6.6256,-7.2647,5.4503,135.7300,-76.2300,25.6200,4.6413,-2.6067,0.8761,0
287774,-11.1615,-8.3753,5.1296,21.5600,-71.6800,63.0000,0.7372,-2.4511,2.1543,0
287813,-15.3767,-8.4376,5.3115,-56.4200,-44.5200,47.1100,-1.9293,-1.5224,1.6109,0
287852,-11.6331,-3.5474,4.0644,-36.7500,9.8700,-34.9300,-1.2567,0.3375,-1.1944,0
287891,-10.1251,-2.6426,4.2272,-3.2200,43.4000,-26.2500,-0.1101,1.4841,-0.8976,0
287930,-8.9570,-2.9992,1.5870,-48.6500,76.0200,-9.2400,-1.6636,2.5995,-0.3160,0
287969,-6.5610,-4.3373,1.4721,-20.6500,84.4200,35.4200,-0.7061,2.8867,1.2112,0
288008,-4.7514,-3.7891,-0.1915,-62.3000,55.0900,10.5000,-2.1303,1.8838,0.3590,0
288047,-4.6796,-1.5870,-0.6152,-22.6800,46.4800,-9.1700,-0.7755,1.5894,-0.3136,0
288086,-9.2562,3.5522,-1.1202,-102.9000,40.2500,84.1400,-3.5187,1.3763,2.8772,0
288125,-16.1666,0.7325,4.2128,24.6400,33.6000,17.5700,0.8426,1.1489,0.6008,0
288164,-10.0581,1.2279,1.1202,199.1500,-41.7900,-122.5700,6.8099,-1.4290,-4.1913,0
288203,-14.3906,-9.4501,7.0205,30.8700,43.0500,49.4900,1.0556,1.4721,1.6923,0
288242,-10.2807,-3.3822,0.4452,31.7100,-15.1200,17.3600,1.0843,-0.5170,0.5936,0
288281,-8.8517,-4.1242,-1.4003,-16.3100,-41.5800,-10.3600,-0.5577,-1.4218,-0.3543,0
288320,-6.3192,-1.1849,-2.4702,-29.8900,-10.2900,-95.0600,-1.0221,-0.3519,-3.2506,0
288359,-5.2971,0.4835,-1.6061,16.3100,0.2100,-94.5000,0.5577,0.0072,-3.2314,0
288398,-3.4875,7.6716,0.7851,-103.6700,-25.2000,22.1200,-3.5450,-0.8617,0.7564,0
288437,-6.7237,-6.4772,3.5378,154.5600,-81.4800,67.1300,5.2852,-2.7862,2.2955,0
288476,-13.7682,-8.9115,2.5851,91.9100,-136.7800,115.8500,3.1428,-4.6772,3.9615,0
288515,-14.6658,-6.0559,4.0117,-91.7000,-20.4400,24.7800,-3.1357,-0.6989,0.8473,0
288554,-10.5871,-0.5912,3.8968,31.2200,23.9400,-65.8000,1.0676,0.8186,-2.2500,0
288593,-10.1227,-3.5234,-0.1125,9.8000,49.6300,-58.3800,0.3351,1.6971,-1.9963,0
288632,-6.8913,-1.6372,1.7833,-1.6800,76.4400,-24.6400,-0.0574,2.6139,-0.8426,0
288671,-5.3067,-3.9806,1.0412,-3.0800,98.9800,25.3400,-0.1053,3.3846,0.8665,0
288710,-7.1690,-3.6718,-1.1346,-26.7400,88.4100,17.7800,-0.9144,3.0232,0.6080,0
288749,-7.7027,-2.4774,-1.7258,-28.6300,48.5100,24.2200,-0.9790,1.6588,0.8282,0
288788,-9.0049,-0.1915,-1.3787,-7.7700,16.0300,30.2400,-0.2657,0.5481,1.0341,0
288827,-13.2727,-1.3500,0.7037,-14.3500,-15.1900,7.4900,-0.4907,-0.5194,0.2561,0
288866,-9.5028,2.1303,-1.0819,16.5900,-50.8900,-27.5100,0.5673,-1.7402,-0.9407,0
288905,-14.3906,-5.6993,5.8596,130.4100,22.8200,-10.2200,4.4594,0.7803,-0.3495,0
288944,-11.8940,-3.7867,0.5888,-62.5100,-31.2200,-79.6600,-2.1375,-1.0676,-2.7240,0
288983,-8.5405,1.0843,0.1125,-58.8000,82.0400,-39.2000,-2.0107,2.8053,-1.3404,0
289022,-4.0596,-1.9197,1.5559,40.3200,-17.9900,8.6800,1.3787,-0.6152,0.2968,0
289061,-7.1283,0.2250,-3.0256,-96.1800,-42.0000,-11.9700,-3.2889,-1.4362,-0.4093,0
289100,-6.7572,-0.0981,-1.1777,32.4800,-59.2900,29.3300,1.1106,-2.0274,1.0029,0
289139,-8.4687,-3.0615,2.7192,51.8700,-84.9800,92.4000,1.7737,-2.9059,3.1596,0
289178,-14.5605,-8.0594,3.1069,-100.1000,-138.2500,121.8000,-3.4229,-4.7274,4.1649,0
289217,-11.5709,-3.0950,4.5216,-17.0100,-52.5700,-7.9100,-0.5817,-1.7976,-0.2705,0
289256,-12.7342,-3.4588,2.0107,33.9500,-18.2000,-60.2000,1.1609,-0.6223,-2.0585,0
289295,-9.8163,-2.5636,2.2428,46.3400,35.9800,-70.0000,1.5846,1.2303,-2.3936,0
289334,-7.1498,-2.9274,2.8317,18.4100,77.8400,-25.5500,0.6295,2.6617,-0.8737,0
289373,-4.9285,-2.9083,0.7899,-8.2600,73.5700,1.4000,-0.2824,2.5157,0.0479,0
289412,-7.6501,-3.7508,0.0503,-35.7000,14.4900,-11.0600,-1.2208,0.4955,-0.3782,0
289451,-11.8988,-2.0322,0.0287,-14.5600,18.6900,60.6900,-0.4979,0.6391,2.0753,0
289490,-11.9969,-1.6516,-1.1944,-77.1400,-21.5600,35.2800,-2.6378,-0.7372,1.2064,0
289529,-10.2544,-0.3638,1.0915,-39.3400,60.4100,-22.6100,-1.3452,2.0657,-0.7731,0
289568,-10.0126,-0.6870,1.9748,47.2500,39.6900,-27.3700,1.6157,1.3572,-0.9359,0
289607,-9.6057,-0.6654,0.8258,-36.1200,1.6800,-28.3500,-1.2351,0.0574,-0.9694,0
289646,-9.3472,-2.0011,-1.6684,3.7800,-0.1400,-40.4600,0.1293,-0.0048,-1.3835,0
289685,-6.0535,1.6851,1.1274,-59.7100,-7.9800,-60.2700,-2.0418,-0.2729,-2.0609,0
289724,-6.9727,-1.3237,-1.2399,31.9900,-67.2700,-31.3600,1.0939,-2.3003,-1.0724,0
289763,-8.4519,-2.0609,2.8676,37.5200,-161.1400,5.4600,1.2830,-5.5102,0.1867,0
289802,-10.3836,-4.6532,1.1298,48.8600,-124.3200,75.8800,1.6708,-4.2511,2.5947,0
289841,-12.4469,-5.5149,6.4317,-14.7000,2.3800,24.2200,-0.5027,0.0814,0.8282,0
289880,-9.1269,-4.3038,3.1979,-14.6300,10.2900,-6.3000,-0.5003,0.3519,-0.2154,0
289919,-6.8314,-4.8064,3.0543,-0.7000,39.6900,-38.7800,-0.0239,1.3572,-1.3261,0
289958,-5.3570,-1.8718,1.8527,-24.9900,104.5100,-33.5300,-0.8545,3.5737,-1.1466,0
289997,-4.0381,-3.7891,0.8617,-4.5500,144.6900,38.5000,-0.1556,4.9477,1.3165,0
290036,-10.9461,-6.5514,4.2104,-77.2100,110.8100,42.9100,-2.6402,3.7891,1.4673,0
290075,-21.8013,8.0259,-8.4663,-420.7000,35.7000,2.3800,-14.3858,1.2208,0.0814,0
290114,-1.6085,2.0178,0.3567,159.3900,22.5400,-109.9000,5.4503,0.7708,-3.7580,0
290153,-3.8035,-3.4468,6.5777,40.0400,38.9900,-30.1000,1.3692,1.3333,-1.0293,0
290192,-2.2500,2.3075,6.2977,-188.3700,-160.6500,106.4700,-6.4413,-5.4934,3.6407,0
290231,-5.6993,-3.7724,-2.3051,-32.4800,-200.7600,43.0500,-1.1106,-6.8650,1.4721,0
290270,-13.9597,-6.4604,5.2133,-113.9600,-133.2100,96.8100,-3.8968,-4.5551,3.3104,0
290309,-11.0227,-3.3918,-0.3064,-72.1000,-137.4100,21.2100,-2.4654,-4.6987,0.7253,0
290348,-10.7833,-0.5912,7.5950,28.4900,-16.0300,-107.3800,0.9742,-0.5481,-3.6718,0
290387,-12.2794,-3.9351,6.5681,63.7700,-27.2300,-52.3600,2.1806,-0.9311,-1.7904,0
290426,-9.0144,-3.0615,3.5091,11.2700,-1.6100,13.7900,0.3854,-0.0551,0.4715,0
290465,-5.4575,-7.7482,5.4120,65.8700,86.1000,19.2500,2.2524,2.9442,0.6583,0
290504,-2.9466,-3.4660,6.4604,-70.0700,42.0700,14.1400,-2.3960,1.4386,0.4835,0
290543,-5.7160,-3.3367,-0.2011,-56.3500,-20.9300,30.5900,-1.9269,-0.7157,1.0460,0
290582,-13.8927,-1.6636,3.1022,-66.7100,-37.1700,-3.0800,-2.2811,-1.2710,-0.1053,0
290621,-17.1744,3.9974,-5.5078,-219.9400,-54.7400,-85.1200,-7.5208,-1.8718,-2.9107,0
290660,-6.7620,2.9490,3.8777,44.9400,16.1700,-115.9900,1.5367,0.5529,-3.9663,0
290699,-10.9078,-2.1040,-3.3774,10.9900,-36.9600,-11.4800,0.3758,-1.2638,-0.3926,0
290738,-9.8905,-5.6346,4.1625,80.5000,23.1000,13.0200,2.7527,0.7899,0.4452,0
290777,-10.1873,-4.8016,5.5987,19.8100,37.1700,22.6100,0.6774,1.2710,0.7731,0
290816,-10.5464,-2.7096,3.5857,-89.8100,30.3100,12.3200,-3.0710,1.0364,0.4213,0
290855,-11.3794,-1.5319,1.8096,23.1000,21.7000,4.7600,0.7899,0.7420,0.1628,0
290894,-11.6666,-2.7718,2.9968,11.2700,33.8800,42.8400,0.3854,1.1585,1.4649,0
290933,-10.2950,-0.6128,2.6522,-89.9500,3.4300,-27.3000,-3.0758,0.1173,-0.9335,0
290972,-8.6793,-1.2662,0.9216,-2.3800,-17.2200,-70.2100,-0.0814,-0.5888,-2.4008,0
291011,-6.7094,-2.1758,2.3051,17.2200,43.9600,-17.2200,0.5888,1.5032,-0.5888,0
291050,-5.0338,-7.4634,3.8897,17.1500,0.1400,86.0300,0.5864,0.0048,2.9418,0
291089,-7.0158,-6.4078,2.1974,-123.6200,-46.7600,57.2600,-4.2272,-1.5990,1.9580,0
291128,-8.8014,-4.6748,2.7192,-92.2600,-63.0000,74.3400,-3.1548,-2.1543,2.5420,0
291167,-9.8067,-4.9237,1.8838,-108.6400,-65.2400,47.1800,-3.7149,-2.2309,1.6133,0
291206,-8.8349,-3.2386,1.6923,-96.6000,-35.4900,-1.6800,-3.3032,-1.2136,-0.0574,0
291245,-7.5735,-3.9280,0.6511,-10.9900,9.0300,20.1600,-0.3758,0.3088,0.6894,0
291284,-7.6333,-4.4881,3.8394,3.0100,59.7800,3.6400,0.1029,2.0442,0.1245,0
291323,-8.1456,-3.1093,5.2804,1.1900,29.6100,-3.4300,0.0407,1.0125,-0.1173,0
291362,-6.6400,-3.4612,2.5349,-8.3300,-3.2200,3.2200,-0.2848,-0.1101,0.1101,0
291401,-6.2857,-1.3548,1.4529,-25.7600,3.7800,17.9200,-0.8809,0.1293,0.6128,0
291440,-8.5668,-3.0591,1.2614,-14.5600,-11.8300,58.3100,-0.4979,-0.4045,1.9939,0
291479,-10.6613,-5.4671,-2.4870,-52.2200,-67.2700,68.3900,-1.7857,-2.3003,2.3386,0
291518,-11.0203,-1.2662,0.7516,-3.0100,27.0900,-27.3700,-0.1029,0.9263,-0.9359,0
291557,-14.5198,3.1046,1.4386,-118.0900,-24.0100,17.2900,-4.0381,-0.8210,0.5912,0
291596,-12.2267,-2.5229,2.0801,137.7600,55.8600,18.2000,4.7107,1.9101,0.6223,0
291635,-9.9336,-2.7216,-0.2322,14.2100,39.8300,-43.2600,0.4859,1.3620,-1.4793,0
291674,-7.9373,0.5936,-0.0766,19.4600,29.7500,-56.1400,0.6654,1.0173,-1.9197,0
291713,-6.4509,2.0992,-0.7755,34.7200,2.0300,-85.0500,1.1872,0.0694,-2.9083,0
291752,-7.2623,6.6902,-1.9029,-5.2500,-5.4600,-30.7300,-0.1795,-0.1867,-1.0508,0
291791,-6.6495,-1.2734,3.2984,249.2000,64.5400,21.0700,8.5214,2.2069,0.7205,0
291830,-17.9427,-17.2007,11.4368,236.6000,-58.8700,163.8000,8.0905,-2.0131,5.6011,0
291869,-8.0139,-10.9485,6.2761,48.2300,25.5500,33.2500,1.6492,0.8737,1.1370,0
291908,-7.3652,-2.6689,9.1581,-24.9200,70.7000,-53.6900,-0.8521,2.4176,-1.8359,0
291947,-8.6817,-4.0141,1.3787,68.6000,49.7000,-48.8600,2.3458,1.6995,-1.6708,0
291986,-7.4394,-2.9178,3.5187,15.6800,28.0700,-31.8500,0.5362,0.9598,-1.0891,0
292025,-9.0743,-2.7982,-2.1519,-77.2800,-11.1300,-32.9000,-2.6426,-0.3806,-1.1250,0
292064,-6.6735,-4.0764,0.1053,-43.6100,109.7600,-38.0800,-1.4912,3.7532,-1.3021,0
292103,-9.8259,1.9269,1.6229,-63.7000,88.6200,-17.0100,-2.1782,3.0303,-0.5817,0
292142,-13.5552,-3.1931,3.0615,93.5200,55.7900,24.2900,3.1979,1.9077,0.8306,0
292181,-10.0796,0.8306,2.7192,-54.8800,-110.3900,33.9500,-1.8766,-3.7748,1.1609,0
292220,-11.1568,-1.6851,-0.5505,17.6400,-15.6100,-16.6600,0.6032,-0.5338,-0.5697,0
292259,-9.5985,1.3237,0.1532,77.0700,41.7200,-63.1400,2.6354,1.4266,-2.1591,0
292298,-7.6956,1.4338,2.3170,114.8000,41.2300,-55.2300,3.9256,1.4099,-1.8886,0
292337,-10.8264,-5.8812,2.0226,102.1300,-31.0800,5.8100,3.4923,-1.0628,0.1987,0
292376,-8.3347,-7.0373,-0.5314,-7.6300,-47.2500,49.0700,-0.2609,-1.6157,1.6779,0
292415,-6.9559,-5.2086,4.1554,13.3000,16.6600,28.9100,0.4548,0.5697,0.9886,0
292454,-8.4926,-1.1442,0.7157,66.2200,27.5800,-11.7600,2.2644,0.9431,-0.4021,0
292493,-8.0259,-7.9349,2.9011,47.8800,-7.0700,81.9000,1.6372,-0.2418,2.8006,0
292532,-7.3269,-3.2027,1.1801,-85.3300,-8.1200,53.6900,-2.9178,-0.2777,1.8359,0
292571,-13.8209,0.8689,-0.1101,-84.2800,114.8000,-17.6400,-2.8819,3.9256,-0.6032,0
292610,-11.0131,2.3745,-2.0274,79.3800,-57.3300,-68.3900,2.7144,-1.9604,-2.3386,0
292649,-6.1780,2.6665,-5.1104,-33.1800,-14.4200,-108.0800,-1.1346,-0.4931,-3.6958,0
292688,-5.0985,0.0239,4.3277,182.2800,16.9400,-135.5900,6.2330,0.5793,-4.6365,0
292727,-9.3113,-0.3567,4.9572,176.6800,-30.6600,-7.9800,6.0415,-1.0484,-0.2729,0
292766,-8.5190,-13.2416,6.6854,307.7200,-26.6000,60.0600,10.5224,-0.9096,2.0537,0
292805,-6.5490,-8.2006,6.7692,-52.8500,40.1100,-31.9900,-1.8072,1.3716,-1.0939,0
292844,-7.0253,-5.0745,7.8894,122.2200,58.4500,-46.1300,4.1793,1.9987,-1.5774,0
292883,-11.1424,-4.6293,7.0397,56.9100,25.5500,-30.8000,1.9460,0.8737,-1.0532,0
292922,-11.0275,-6.7333,4.3253,-87.8500,-17.5000,7.9800,-3.0040,-0.5984,0.2729,0
292961,-7.3772,-2.9035,4.6939,28.8400,74.4800,-93.1700,0.9862,2.5468,-3.1859,0
293000,-7.3868,-7.7698,2.9992,68.0400,58.2400,91.6300,2.3266,1.9915,3.1333,0
293039,-8.2964,-5.3282,2.9849,-64.7500,51.3100,32.1300,-2.2141,1.7545,1.0987,0
293078,-8.9809,-4.3684,0.4883,17.0100,45.2900,-9.7300,0.5817,1.5487,-0.3327,0
293117,-9.2682,1.1657,1.6372,-18.2700,42.4900,-27.3700,-0.6247,1.4529,-0.9359,0
293156,-10.7331,1.3093,-1.2614,-80.2200,-13.3000,-5.5300,-2.7431,-0.4548,-0.1891,0
293195,-9.0288,1.9795,-1.2327,36.4000,-23.5200,-162.3300,1.2447,-0.8043,-5.5509,0
293234,-11.5326,-3.3104,3.6431,63.9100,7.0000,-85.2600,2.1854,0.2394,-2.9155,0
293273,-9.1389,-4.3851,0.1173,-22.6800,-10.7800,-41.0200,-0.7755,-0.3686,-1.4027,0
293312,-8.1934,-5.4455,4.1434,35.0000,42.9800,64.8200,1.1968,1.4697,2.2165,0
293351,-8.0402,-2.7096,0.6846,-38.5000,24.7800,21.8400,-1.3165,0.8473,0.7468,0
293390,-8.6913,-1.4553,0.5218,-47.7400,15.6800,-33.8100,-1.6325,0.5362,-1.1561,0
293429,-8.7105,0.0957,-0.8019,114.5900,27.7900,-32.2700,3.9184,0.9503,-1.1035,0
293468,-6.7788,-2.1662,2.8867,135.1000,73.9900,37.8700,4.6197,2.5301,1.2950,0
293507,-7.5495,-1.4218,1.1274,24.6400,-51.5200,-4.2700,0.8426,-1.7617,-0.1460,0
293546,-10.2831,-11.4368,3.1381,154.4900,-86.8700,111.2300,5.2828,-2.9705,3.8035,0
293585,-9.5602,-7.1283,1.2255,-11.8300,-70.2800,46.1300,-0.4045,-2.4032,1.5774,0
293624,-11.1903,-6.8889,4.4761,45.5000,33.3200,-4.9700,1.5559,1.1394,-0.1699,0
293663,-9.4429,-6.3934,3.1859,-32.4100,15.2600,2.4500,-1.1083,0.5218,0.0838,0
293702,-7.8607,-5.1607,3.2147,-52.3600,18.1300,7.9100,-1.7904,0.6200,0.2705,0
293741,-7.1546,-3.8777,2.6928,-33.1800,33.6000,9.1700,-1.1346,1.1489,0.3136,0
293780,-5.9578,-3.7365,1.6372,-27.3000,18.6200,-0.9800,-0.9335,0.6367,-0.0335,0
293819,-7.1330,-4.2966,0.3997,-62.7900,20.3700,28.4900,-2.1471,0.6965,0.9742,0
293858,-9.7708,-4.9500,1.7904,-34.2300,25.4800,17.0800,-1.1705,0.8713,0.5840,0
293897,-12.2124,-2.7790,-0.5577,-94.2200,-44.8700,9.7300,-3.2218,-1.5343,0.3327,0
293936,-8.5429,-1.1801,1.5391,-34.1600,-1.6100,15.5400,-1.1681,-0.0551,0.5314,0
293975,-9.8546,0.0742,2.6857,-28.7700,74.3400,-43.9600,-0.9838,2.5420,-1.5032,0
294014,-14.1057,1.5535,-1.2160,-134.4000,-34.5800,18.2000,-4.5958,-1.1825,0.6223,0
294053,-10.0844,1.4003,-0.5745,-14.9100,-43.7500,-10.4300,-0.5098,-1.4960,-0.3567,0
294092,-9.8450,-1.6133,1.0317,48.0900,-48.2300,-104.8600,1.6444,-1.6492,-3.5857,0
294131,-9.7062,2.6737,-2.3577,36.2600,-41.2300,-137.2700,1.2399,-1.4099,-4.6939,0
294170,-2.4774,-1.6899,-0.3064,207.9700,11.3400,-43.1900,7.1115,0.3878,-1.4769,0
294209,-4.8543,-6.5418,7.0182,128.8000,105.6300,91.9800,4.4043,3.6120,3.1452,0
294248,-6.5466,-12.5618,2.9250,-110.5300,29.1200,57.1900,-3.7796,0.9958,1.9556,0
294287,-10.3190,-10.1730,3.4780,-108.0100,-28.2800,76.6500,-3.6934,-0.9670,2.6210,0
294326,-10.5943,-4.9860,2.4176,-125.8600,-67.7600,-59.0800,-4.3038,-2.3170,-2.0202,0
294365,-13.0645,4.7825,-1.4218,-141.1200,-62.5800,-23.3800,-4.8256,-2.1399,-0.7995,0
294404,-9.7732,2.9107,1.6229,-92.7500,2.3100,26.2500,-3.1716,0.0790,0.8976,0
294443,-10.5224,-4.4617,3.5593,194.4600,88.9000,-60.3400,6.6495,3.0399,-2.0633,0
294482,-10.4099,-2.9226,6.3503,-68.8800,-19.1100,-23.3100,-2.3553,-0.6535,-0.7971,0
294521,-10.6373,-4.7274,3.3870,-82.9500,-100.7300,-8.8900,-2.8365,-3.4444,-0.3040,0
294560,-11.3937,-2.5588,1.7306,-85.6100,-31.2900,-7.7700,-2.9274,-1.0700,-0.2657,0
294599,-9.2658,-1.6468,2.8221,-86.8000,-14.9100,-8.3300,-2.9681,-0.5098,-0.2848,0
294638,-9.7397,-1.2638,-0.1915,-48.3000,-13.5100,-21.9100,-1.6516,-0.4620,-0.7492,0
294677,-10.3525,0.9024,2.2309,-34.0900,2.0300,-61.8100,-1.1657,0.0694,-2.1136,0
294716,-9.9623,-1.5271,-0.2872,-60.6200,28.2100,68.1800,-2.0729,0.9646,2.3314,0
294755,-8.8230,-5.5939,0.9168,13.0900,30.1000,58.4500,0.4476,1.0293,1.9987,0
294794,-6.6998,-7.1163,1.0843,-37.2400,0.0000,45.9900,-1.2734,0.0000,1.5726,0
294833,-5.4192,-4.8399,4.7777,-31.7100,-58.2400,15.3300,-1.0843,-1.9915,0.5242,0
294872,-7.5088,-8.0546,1.7354,-12.1800,-95.1300,19.0400,-0.4165,-3.2530,0.6511,0
294911,-9.9934,-4.6748,3.1405,-167.7200,-85.1200,20.6500,-5.7352,-2.9107,0.7061,0
294950,-10.0557,-4.7250,1.8862,-217.3500,-135.0300,-12.6000,-7.4323,-4.6173,-0.4309,0
294989,-9.9456,-2.7575,1.1466,-158.2000,-77.5600,24.4300,-5.4096,-2.6522,0.8354,0
295028,-8.9977,-3.7532,2.5899,-156.9400,-79.4500,34.7200,-5.3665,-2.7168,1.1872,0
295067,-9.2849,-3.8514,1.4027,-111.0900,-70.7700,38.2900,-3.7987,-2.4200,1.3093,0
295106,-8.0737,-3.7365,2.4870,-115.9900,-43.6800,22.1200,-3.9663,-1.4936,0.7564,0
295145,-6.2306,-1.8455,2.8939,-81.3400,-34.7900,-3.0100,-2.7814,-1.1896,-0.1029,0
295184,-8.4232,-0.3255,3.8035,-136.8500,-53.6200,20.3000,-4.6796,-1.8335,0.6942,0
295223,-8.1958,-1.1681,1.3452,-68.8100,-81.9000,69.2300,-2.3529,-2.8006,2.3673,0
295262,-10.2161,-7.0229,2.0322,-67.9000,-79.4500,105.9800,-2.3218,-2.7168,3.6240,0
295301,-10.0844,-6.3455,0.1987,-142.3100,-63.2800,70.5600,-4.8663,-2.1639,2.4128,0
295340,-10.0724,-2.3386,3.7580,-48.9300,27.4400,-30.1000,-1.6732,0.9383,-1.0293,0
295379,-16.7866,1.3524,-0.2178,-279.7200,-29.9600,28.0000,-9.5650,-1.0245,0.9575,0
295418,-11.9012,-1.0053,-0.3590,-33.2500,3.9900,-0.9100,-1.1370,0.1364,-0.0311,0
295457,-9.9312,0.1771,-0.0574,-54.3200,89.0400,-82.7400,-1.8575,3.0447,-2.8293,0
295496,-7.1737,1.1609,2.8748,45.2900,104.7200,-44.5900,1.5487,3.5809,-1.5247,0
295535,-6.0487,-0.6726,3.7652,87.9200,51.1000,-10.1500,3.0064,1.7474,-0.3471,0
295574,-6.9990,-1.3596,2.4559,-14.4900,-126.2800,-26.3200,-0.4955,-4.3181,-0.9000,0
295613,-16.5688,-5.8812,3.5450,43.5400,-33.8100,73.9900,1.4888,-1.1561,2.5301,0
295652,-6.8697,-7.6166,-5.5389,82.9500,-70.7000,27.3700,2.8365,-2.4176,0.9359,0
295691,-6.9990,5.6131,6.8650,-146.6500,22.3300,-13.9300,-5.0147,0.7636,-0.4763,0
295730,-12.7342,-26.6723,-1.2447,559.0200,-80.5700,136.9200,19.1156,-2.7551,4.6820,0
295769,-10.8599,-1.5415,3.7149,-140.7000,-110.6700,37.8700,-4.8112,-3.7843,1.2950,0
295808,-13.0741,-6.2953,3.2769,-195.0200,-66.8500,-54.1100,-6.6687,-2.2859,-1.8503,0
295847,-9.1317,-0.8593,2.5420,-109.2700,-51.8000,11.9000,-3.7365,-1.7713,0.4069,0
295886,-9.1461,-4.5240,1.4194,-131.6700,-78.5400,70.4200,-4.5024,-2.6857,2.4080,0
295925,-6.0679,-3.9016,4.4211,-58.9400,-14.0700,39.4100,-2.0154,-0.4811,1.3476,0
295964,-4.5647,-4.3612,5.5868,-107.1700,7.2800,9.3800,-3.6647,0.2489,0.3207,0
296003,-5.7998,-2.9681,4.2391,-185.5000,-4.6900,48.7900,-6.3431,-0.1604,1.6684,0
296042,-9.4501,-1.8575,2.2381,-366.1700,-129.0100,116.3400,-12.5211,-4.4115,3.9782,0
296081,-13.0908,-3.3487,4.7370,-92.4000,-80.5700,4.2700,-3.1596,-2.7551,0.1460,0
296120,-14.2158,3.9375,0.2059,-256.2700,-129.8500,-102.2000,-8.7631,-4.4402,-3.4947,0
296159,-10.9581,-0.8282,2.2907,-73.9900,-46.7600,-51.3100,-2.5301,-1.5990,-1.7545,0
296198,-12.1860,1.4051,2.5516,-129.4300,-28.9800,2.9400,-4.4258,-0.9910,0.1005,0
296237,-10.4195,-3.8226,0.7109,-52.8500,1.7500,12.8800,-1.8072,0.0598,0.4404,0
296276,-10.0485,-0.0886,4.0117,-152.6000,40.6000,70.7000,-5.2181,1.3883,2.4176,0
296315,-9.7230,-5.2612,2.6043,-47.3900,-36.2600,142.1700,-1.6205,-1.2399,4.8615,0
296354,-9.2323,-0.4404,2.4750,-264.3900,-39.8300,18.7600,-9.0408,-1.3620,0.6415,0
296393,-9.3328,-0.6128,1.0125,-124.3200,-29.1200,11.1300,-4.2511,-0.9958,0.3806,0
296432,-9.3974,0.7181,2.2237,-104.7200,-10.5700,-23.8700,-3.5809,-0.3614,-0.8162,0
296471,-8.9402,0.9910,1.4577,-120.7500,-21.0000,38.9900,-4.1290,-0.7181,1.3333,0
296510,-9.1581,-0.9981,1.0101,-54.4600,-12.4600,-0.2800,-1.8623,-0.4261,-0.0096,0
296549,-10.1442,-1.2997,1.1130,-80.7800,-10.0100,-52.4300,-2.7623,-0.3423,-1.7928,0
296588,-10.6134,-3.6790,2.3194,-69.9300,-19.6000,-34.0200,-2.3912,-0.6702,-1.1633,0
296627,-8.3323,-3.7054,1.3404,-97.7200,-44.5900,-4.5500,-3.3415,-1.5247,-0.1556,0
296666,-7.9206,-2.6378,0.4715,-81.2700,-17.8500,20.6500,-2.7790,-0.6104,0.7061,0
296705,-7.1498,-3.5905,1.0173,-72.5900,-76.5800,47.1800,-2.4822,-2.6186,1.6133,0
296744,-7.5567,-7.3245,3.3726,-214.1300,-221.5500,85.3300,-7.3221,-7.5759,2.9178,0
296783,-8.8708,-4.1554,-1.0867,-187.4600,-171.9200,32.0600,-6.4102,-5.8788,1.0963,0
296822,-9.8809,-6.8362,6.0655,-210.2100,-97.3700,-14.0700,-7.1881,-3.3296,-0.4811,0
296861,-9.3639,-3.2458,2.9370,-128.1000,-101.8500,23.5900,-4.3804,-3.4827,0.8067,0
296900,-10.4195,-3.8322,2.6785,-223.8600,-125.0200,52.6400,-7.6549,-4.2750,1.8000,0
296939,-8.7607,-4.1314,3.4157,-124.2500,-64.7500,38.4300,-4.2487,-2.2141,1.3141,0
296978,-7.9708,-2.3027,3.9878,-129.2200,-52.5700,9.8700,-4.4187,-1.7976,0.3375,0
297017,-7.1450,-0.7420,4.0429,-123.5500,-31.7800,-10.7800,-4.2248,-1.0867,-0.3686,0
297056,-6.3312,-1.1298,4.6724,-61.7400,-41.8600,12.8100,-2.1112,-1.4314,0.4380,0
297095,-5.9793,-0.5362,3.1285,-134.3300,-67.2000,49.3500,-4.5934,-2.2979,1.6875,0
297134,-8.7775,-2.1806,2.3290,-28.4900,-79.8700,71.4700,-0.9742,-2.7311,2.4439,0
297173,-13.5839,-2.2021,0.6271,-131.1800,-89.0400,47.8100,-4.4857,-3.0447,1.6349,0
297212,-12.1693,-6.1732,-4.6125,-80.8500,-54.3900,44.5200,-2.7647,-1.8599,1.5224,0
297251,-9.7469,1.0580,5.3450,-25.6200,137.3400,-64.8900,-0.8761,4.6963,-2.2189,0
297290,-11.5732,-3.7700,1.3596,-91.6300,-80.6400,96.6000,-3.1333,-2.7575,3.3032,0
297329,-11.9419,-1.2016,-0.9335,-65.6600,48.5800,61.3200,-2.2452,1.6612,2.0968,0
297368,-10.3549,-3.2386,3.4157,-106.6800,2.3800,-39.0600,-3.6479,0.0814,-1.3357,0
297407,-9.5123,0.0598,1.9221,-93.1000,-3.8500,-32.0600,-3.1835,-0.1317,-1.0963,0
297446,-7.8057,-1.3548,0.0646,-12.3200,65.4500,7.4200,-0.4213,2.2381,0.2537,0
297485,-6.7118,-0.7396,3.4540,-29.8200,138.4600,55.1600,-1.0197,4.7346,1.8862,0
297524,-4.5647,-1.1466,2.5205,-64.8900,42.0700,57.2600,-2.2189,1.4386,1.9580,0
297563,-8.0307,-2.4511,1.7067,-26.9500,-74.9000,27.7200,-0.9216,-2.5612,0.9479,0
297602,-15.4749,-8.3969,-3.9064,-114.3100,-239.5400,54.8800,-3.9088,-8.1910,1.8766,0
297641,-12.4062,2.2333,-4.4665,-176.0500,-99.9600,23.8000,-6.0200,-3.4181,0.8138,0
297680,-10.9581,-6.6184,4.3708,4.1300,-97.7900,-12.6700,0.1412,-3.3439,-0.4332,0
297719,-11.0395,-5.2373,2.2859,-51.1700,-151.9000,-99.8200,-1.7498,-5.1942,-3.4133,0
297758,-9.7517,-4.2894,1.8359,-158.0600,-188.6500,-102.2700,-5.4048,-6.4509,-3.4971,0
297797,-7.3102,-4.2679,2.8700,-47.2500,17.8500,41.2300,-1.6157,0.6104,1.4099,0
297836,-5.6610,-3.2936,4.9285,-117.6000,-26.8100,30.1000,-4.0213,-0.9168,1.0293,0
297875,-6.0009,-1.1681,2.6426,-150.9900,-26.1800,44.6600,-5.1631,-0.8952,1.5271,0
297914,-7.3102,-3.9184,3.4062,-62.8600,-10.2200,81.1300,-2.1495,-0.3495,2.7742,0
297953,-8.0450,-3.4038,3.5234,-137.9000,-71.1900,98.0000,-4.7155,-2.4343,3.3511,0
297992,-18.1558,-4.8088,0.4835,-169.1900,-83.3000,73.2900,-5.7854,-2.8484,2.5061,0
298031,-8.5525,2.0059,1.4386,-115.0800,-14.9800,-25.5500,-3.9351,-0.5122,-0.8737,0
298070,-11.1687,-2.6593,2.7647,-75.8800,30.6600,57.1900,-2.5947,1.0484,1.9556,0
298109,-9.8450,-0.5625,2.4056,-103.7400,42.2100,11.9700,-3.5474,1.4434,0.4093,0
298148,-9.2059,0.0072,-1.5463,-58.8700,10.7100,18.3400,-2.0131,0.3662,0.6271,0
298187,-8.8660,-2.5564,1.9341,11.6200,78.0500,48.0900,0.3973,2.6689,1.6444,0
298226,-8.3394,-1.5846,1.1801,-103.7400,-49.4900,-3.6400,-3.5474,-1.6923,-0.1245,0
298265,-6.6615,-1.2136,0.5098,10.6400,-25.9700,-11.5500,0.3638,-0.8880,-0.3950,0
298304,-5.4719,-1.0293,0.6367,-13.2300,-16.5900,-15.5400,-0.4524,-0.5673,-0.5314,0
298343,-5.8836,-1.5391,2.4248,-62.1600,-31.3600,-2.6600,-2.1256,-1.0724,-0.0910,0
298382,-13.5887,0.3806,-2.7096,-126.9800,-147.0700,-22.6800,-4.3421,-5.0290,-0.7755,0
298421,-11.6977,-4.3516,7.3054,133.3500,93.7300,1.7500,4.5599,3.2051,0.0598,0
298460,-18.1222,-10.1969,4.5766,0.4900,-97.7900,106.3300,0.0168,-3.3439,3.6359,0
298499,-21.1933,-2.4080,0.7540,-36.5400,-31.9900,-29.3300,-1.2495,-1.0939,-1.0029,0
298538,-16.9637,-5.7471,2.0394,55.1600,113.0500,17.9900,1.8862,3.8657,0.6152,0
298577,-12.4541,-6.0487,2.6713,-44.6600,55.5800,106.0500,-1.5271,1.9006,3.6264,0
298616,-8.8804,-0.9718,-1.8670,-17.5000,46.6900,-8.4000,-0.5984,1.5966,-0.2872,0
298655,-3.0256,0.3471,-0.0551,39.6900,100.5200,-76.0200,1.3572,3.4373,-2.5995,0
298694,4.0213,-2.1112,3.2362,43.9600,78.0500,-50.5400,1.5032,2.6689,-1.7282,0
298733,2.8748,1.0867,0.3207,-115.5000,-62.9300,-179.6200,-3.9495,-2.1519,-6.1421,0
298772,2.7072,3.5091,1.8192,-59.9200,-63.7000,-175.7000,-2.0490,-2.1782,-6.0080,0
298811,5.2516,4.6820,4.8758,-6.7200,-212.7300,-99.6800,-0.2298,-7.2743,-3.4085,0
298850,-16.1595,-10.7977,4.0046,387.2400,36.8900,-84.7700,13.2416,1.2614,-2.8987,0
298889,-25.9327,-22.5648,1.4865,-279.0200,-132.0200,373.6600,-9.5410,-4.5144,12.7773,0
298928,-23.0627,-11.0610,8.9163,300.9300,158.5500,191.6600,10.2903,5.4216,6.5538,0
298967,-20.7265,-1.4505,6.9033,-111.3000,51.5900,77.7000,-3.8059,1.7641,2.6569,0
299006,-15.8722,-4.4570,0.5984,14.7000,44.8700,-36.1900,0.5027,1.5343,-1.2375,0
299045,-12.4110,-5.9961,3.0351,43.6100,42.3500,-58.1700,1.4912,1.4482,-1.9891,0
299084,-8.5788,-2.6928,-0.8689,-156.5900,-27.6500,-52.1500,-5.3546,-0.9455,-1.7833,0
299123,-4.1984,-2.4678,0.8952,-60.7600,-26.3200,-195.8600,-2.0777,-0.9000,-6.6974,0
299162,0.2537,0.6343,-0.5984,-7.4900,5.0400,-63.4200,-0.2561,0.1723,-2.1686,0
299201,1.2040,3.4540,-0.1293,-67.9000,48.5100,-61.6000,-2.3218,1.6588,-2.1064,0
299240,6.4054,5.2828,3.0663,-25.3400,43.6800,-33.1100,-0.8665,1.4936,-1.1322,0
299279,4.6796,4.0453,2.1040,-32.9000,-78.7500,0.7000,-1.1250,-2.6928,0.0239,0
299318,-14.3044,-8.3897,4.8280,333.6900,-150.6400,32.3400,11.4105,-5.1511,1.1059,0
299357,-16.2002,-25.2361,-0.2729,-172.5500,-166.3900,212.1000,-5.9003,-5.6897,7.2527,0
299396,-27.7949,-0.0862,3.9519,209.5100,89.5300,-49.8400,7.1642,3.0615,-1.7043,0
299435,-16.1547,0.7684,8.9091,-209.5100,97.7200,102.7600,-7.1642,3.3415,3.5139,0
299474,-17.9499,-9.1844,0.7827,92.7500,87.9900,76.8600,3.1716,3.0088,2.6282,0
299513,-15.2858,-5.1032,1.0412,-23.7300,-35.2100,0.4200,-0.8114,-1.2040,0.0144,0
299552,-11.1855,-4.1266,-2.4607,-59.7100,42.6300,-26.1100,-2.0418,1.4577,-0.8928,0
299591,-2.1064,-0.5817,0.9527,76.6500,84.9800,-88.0600,2.6210,2.9059,-3.0112,0
299630,-0.1005,0.0718,0.9503,38.2200,43.6100,-62.7200,1.3069,1.4912,-2.1447,0
299669,1.5678,2.9849,3.4684,-119.4900,-49.0700,-110.1100,-4.0859,-1.6779,-3.7652,0
299708,2.7670,4.8352,0.3710,7.2100,-28.7000,-230.0200,0.2465,-0.9814,-7.8655,0
299747,10.4698,10.4004,3.4229,-72.1000,-113.5400,-51.8700,-2.4654,-3.8825,-1.7737,0
299786,-7.3102,-4.3397,4.5599,393.7500,-47.8800,-61.0400,13.4642,-1.6372,-2.0873,0
299825,-25.3678,-25.4085,-15.1350,106.2600,-59.5700,409.7100,3.6335,-2.0370,14.0100,0
299864,-20.9731,-7.9565,24.0800,-29.9600,198.7300,102.9700,-1.0245,6.7955,3.5210,0
299903,-22.3781,-2.4966,0.7133,-6.4400,52.6400,74.2700,-0.2202,1.8000,2.5397,0
299942,-11.4153,-1.0341,6.6759,-237.4400,45.0100,62.9300,-8.1192,1.5391,2.1519,0
299981,-15.1948,-7.1163,1.8287,201.9500,93.2400,-142.2400,6.9057,3.1883,-4.8639,0
300020,-11.7288,-3.9734,-11.2214,57.1900,-103.6000,-7.7700,1.9556,-3.5426,-0.2657,0
300059,-7.6764,-1.3644,1.2064,-68.9500,59.7800,-75.9500,-2.3577,2.0442,-2.5971,0
300098,-3.6503,0.9646,0.7516,-62.5100,59.0800,-77.8400,-2.1375,2.0202,-2.6617,0
300137,-1.0388,2.4032,-0.4428,-69.4400,22.5400,-26.3900,-2.3745,0.7708,-0.9024,0
300176,1.9245,0.6152,-0.5098,-1.4000,57.7500,-21.2800,-0.0479,1.9748,-0.7277,0
300215,2.8556,3.1644,1.0987,-19.6700,103.2500,-87.9900,-0.6726,3.5306,-3.0088,0
300254,4.2200,1.9724,2.3721,138.1100,0.7000,-48.0900,4.7227,0.0239,-1.6444,0
300293,-14.7592,-6.7046,14.5414,213.7800,-153.9300,130.8300,7.3102,-5.2636,4.4737,0
300332,-27.6465,-18.7566,-14.2254,186.8300,-302.4000,254.3100,6.3886,-10.3405,8.6961,0
300371,-13.7347,-5.4048,2.7383,47.5300,-19.8800,-81.1300,1.6253,-0.6798,-2.7742,0
300410,-16.2959,4.7514,13.1171,-120.7500,110.9500,130.7600,-4.1290,3.7939,4.4713,0
300449,-16.3342,-6.0655,3.5952,-95.0600,-12.1800,-35.9100,-3.2506,-0.4165,-1.2279,0
300488,-11.5517,-6.0080,1.1011,66.0100,61.1800,-56.2100,2.2572,2.0920,-1.9221,0
300527,-8.6961,0.1891,1.8431,-58.5200,59.5000,51.9400,-2.0011,2.0346,1.7761,0
300566,-4.7849,0.1556,0.0168,-36.8900,78.4700,-49.6300,-1.2614,2.6833,-1.6971,0
300605,-1.0245,-1.1250,1.0317,83.0200,62.7900,-74.9700,2.8389,2.1471,-2.5636,0
300644,1.1346,0.1269,1.3811,-97.9300,-19.6000,-77.6300,-3.3487,-0.6702,-2.6545,0
300683,2.7647,1.2638,-0.0144,-32.4800,-25.8300,-156.1700,-1.1106,-0.8833,-5.3402,0
300722,7.0756,7.1259,1.4888,-19.1100,-81.2700,-107.2400,-0.6535,-2.7790,-3.6671,0
300761,-10.7115,-3.1405,-4.2056,317.3800,-157.1500,15.6800,10.8528,-5.3737,0.5362,0
300800,-27.5771,-12.5020,10.8576,-198.7300,14.9800,273.2100,-6.7955,0.5122,9.3424,0
300839,-19.2042,-6.2450,7.0541,-0.4200,28.7700,87.9200,-0.0144,0.9838,3.0064,0
300878,-15.2882,2.2644,4.2296,-74.9700,60.2000,12.3900,-2.5636,2.0585,0.4237,0
300917,-14.0794,-2.2189,5.3426,-88.8300,-14.8400,-13.4400,-3.0375,-0.5075,-0.4596,0
300956,-13.6749,-2.2620,0.9886,-9.5200,56.8400,-28.9100,-0.3255,1.9436,-0.9886,0
300995,-10.8121,-0.9335,-2.0346,-25.9700,78.4000,-74.5500,-0.8880,2.6809,-2.5492,0
301034,-5.5149,-1.2950,0.6463,74.0600,113.1900,-72.8000,2.5325,3.8705,-2.4894,0
301073,-1.3141,0.3590,1.6899,-4.4800,24.5700,-97.9300,-0.1532,0.8402,-3.3487,0
301112,0.7708,1.1609,0.3160,-30.6600,-26.1100,-121.8000,-1.0484,-0.8928,-4.1649,0
301151,1.2830,2.3506,0.2394,37.1000,-18.2000,-92.8900,1.2686,-0.6223,-3.1764,0
301190,0.9192,0.9287,0.9886,68.3900,-16.6600,-55.8600,2.3386,-0.5697,-1.9101,0
301229,-4.8782,-6.2378,5.9458,100.9400,-98.6300,114.5900,3.4516,-3.3726,3.9184,0
301268,-28.8194,-10.9868,-7.5902,189.6300,-179.9000,168.7000,6.4844,-6.1517,5.7687,0
301307,-20.5374,-7.3700,4.9836,85.6100,21.9100,47.8100,2.9274,0.7492,1.6349,0
301346,-14.9698,1.3548,8.2892,-58.8000,27.5100,38.5000,-2.0107,0.9407,1.3165,0
301385,-18.8140,-8.7942,2.0513,-64.8200,36.8200,79.5900,-2.2165,1.2591,2.7216,0
301424,-11.2453,-3.9088,1.9269,-5.1800,56.4200,-18.6900,-0.1771,1.9293,-0.6391,0
301463,-9.8857,-3.3080,0.3016,-6.8600,61.3900,-9.0300,-0.2346,2.0992,-0.3088,0
301502,-5.4695,-1.1561,0.1604,27.0900,64.0500,-33.6700,0.9263,2.1902,-1.1513,0
301541,-2.0513,0.7133,0.5170,74.0600,66.4300,-69.2300,2.5325,2.2716,-2.3673,0
301580,-0.3590,-0.8737,1.6061,-15.6100,-13.1600,-45.5000,-0.5338,-0.4500,-1.5559,0
301619,1.6181,2.1112,2.6857,-100.1000,21.3500,-113.4700,-3.4229,0.7301,-3.8801,0
301658,3.7700,4.9979,2.9490,-60.9000,-7.7700,-96.8800,-2.0825,-0.2657,-3.3128,0
301697,-0.0551,2.6833,-2.3123,210.7000,-166.0400,10.7100,7.2049,-5.6777,0.3662,0
301736,-26.7896,-12.2028,8.2485,108.0100,-39.0600,249.6900,3.6934,-1.3357,8.5381,0
301775,-26.2343,-2.3170,9.7158,73.2900,-90.0900,32.9700,2.5061,-3.0806,1.1274,0
301814,-14.4648,-3.8897,5.6610,-112.0000,68.3200,105.7700,-3.8298,2.3362,3.6168,0
301853,-17.1265,-5.8429,6.4892,-8.7500,93.2400,81.6900,-0.2992,3.1883,2.7934,0
301892,-14.9435,-3.0040,2.2141,-23.8000,22.9600,-15.1900,-0.8138,0.7851,-0.5194,0
301931,-11.9778,-4.2535,-1.1298,-106.6100,56.8400,-8.6800,-3.6455,1.9436,-0.2968,0
301970,-6.9320,-2.3817,0.2465,36.2600,85.3300,-65.9400,1.2399,2.9178,-2.2548,0
302009,-3.0830,-0.5936,0.9287,31.2200,21.0700,-58.1700,1.0676,0.7205,-1.9891,0
302048,-0.6535,0.3136,-0.4428,-27.9300,-16.9400,-47.4600,-0.9551,-0.5793,-1.6229,0
302087,0.2202,1.0341,0.3279,-20.8600,19.0400,-71.8900,-0.7133,0.6511,-2.4583,0
302126,2.0466,3.1117,2.2955,-67.5500,43.7500,-126.5600,-2.3099,1.4960,-4.3277,0
302165,4.4617,3.6120,-2.5612,73.9900,-67.6900,-111.0200,2.5301,-2.3147,-3.7963,0
302204,-28.9846,-10.4530,4.4378,147.0000,-125.3700,240.7300,5.0266,-4.2870,8.2317,0
302243,-16.9470,-4.1099,4.6102,47.6700,66.5700,39.0600,1.6301,2.2764,1.3357,0
302282,-15.9416,-8.2437,4.6197,-21.7700,-28.4200,96.2500,-0.7444,-0.9718,3.2913,0
302321,-14.8477,-0.4356,6.5227,-101.8500,19.3200,17.9900,-3.4827,0.6606,0.6152,0
302360,-17.4401,-1.1585,2.7359,-4.5500,53.7600,14.4200,-0.1556,1.8383,0.4931,0
302399,-13.9669,-12.7078,-1.4194,128.7300,8.9600,56.2800,4.4019,0.3064,1.9245,0
302438,-10.6756,-1.4649,0.9622,-58.2400,63.6300,-3.9200,-1.9915,2.1758,-0.1340,0
302477,-6.3671,-3.5163,-1.0628,68.2500,80.4300,-54.0400,2.3338,2.7503,-1.8479,0
302516,-1.7210,-2.1279,1.1442,123.6900,90.2300,-72.6600,4.2296,3.0854,-2.4846,0
302555,0.9934,-0.3423,2.6593,-19.4600,15.0500,-33.6700,-0.6654,0.5146,-1.1513,0
302594,0.7947,1.1489,0.9479,-84.4900,-20.9300,-110.9500,-2.8891,-0.7157,-3.7939,0
302633,4.6484,3.3607,1.0963,-103.8100,-73.9900,-159.3200,-3.5498,-2.5301,-5.4479,0
302672,1.3907,6.3503,3.4660,392.2800,-38.8500,-56.5600,13.4140,-1.3285,-1.9341,0
302711,-38.6118,-7.1713,16.5712,-6.4400,16.3100,212.8000,-0.2202,0.5577,7.2767,0
302750,-19.4555,-12.6983,7.7243,-183.1900,-55.6500,205.5900,-6.2642,-1.9029,7.0301,0
302789,-12.0496,0.7995,7.0924,-148.6100,88.9000,-23.1700,-5.0817,3.0399,-0.7923,0
302828,-17.7847,-4.4019,4.6939,-47.4600,55.5800,47.8800,-1.6229,1.9006,1.6372,0
302867,-17.7847,-5.2660,4.6628,71.4000,57.5400,21.2100,2.4415,1.9676,0.7253,0
302906,-13.0094,-5.9985,-2.6713,-83.6500,14.8400,10.3600,-2.8604,0.5075,0.3543,0
302945,-6.8314,-2.2596,0.8043,-10.7100,80.0100,-29.3300,-0.3662,2.7359,-1.0029,0
302984,-1.7904,-0.3973,1.0891,32.6900,57.7500,-82.1800,1.1178,1.9748,-2.8101,0
303023,0.3207,-0.5170,0.2035,-30.6600,-6.3700,-90.1600,-1.0484,-0.2178,-3.0830,0
303062,2.1471,2.9131,2.0011,-129.1500,11.4800,-106.7500,-4.4163,0.3926,-3.6503,0
303101,4.1075,5.7208,-0.6559,-131.5300,37.1700,-78.9600,-4.4976,1.2710,-2.7000,0
303140,-6.4580,-4.6556,11.4536,225.3300,-56.9800,44.3800,7.7051,-1.9484,1.5176,0
303179,-28.7141,-12.4182,-1.0652,175.9800,-204.7500,169.6800,6.0176,-7.0014,5.8022,0
303218,-13.3924,-4.5862,3.4780,29.0500,36.9600,5.5300,0.9934,1.2638,0.1891,0
303257,-12.7653,-3.1716,8.6003,54.6700,37.1000,53.0600,1.8694,1.2686,1.8144,0
303296,-18.5076,-12.0137,0.0790,-101.2900,-16.4500,154.0700,-3.4636,-0.5625,5.2684,0
303335,-14.6491,-2.5923,5.1942,-54.3900,79.3800,10.2900,-1.8599,2.7144,0.3519,0
303374,-13.8161,-2.5349,0.1819,60.6900,50.2600,-61.1800,2.0753,1.7186,-2.0920,0
303413,-8.9019,-0.7277,0.3184,33.3900,53.0600,-32.8300,1.1418,1.8144,-1.1226,0
303452,-4.9524,-1.6492,-0.7971,0.9800,38.0800,-30.4500,0.0335,1.3021,-1.0412,0
303491,-2.6665,-1.0508,0.3734,84.0000,68.3900,-61.3200,2.8724,2.3386,-2.0968,0
303530,0.6295,-1.7713,1.1154,40.6000,17.4300,-45.7800,1.3883,0.5960,-1.5654,0
303569,4.6293,1.8599,4.1099,-62.8600,47.5300,-115.3600,-2.1495,1.6253,-3.9447,0
303608,4.3325,6.2642,2.7000,-102.4100,-215.8100,-47.9500,-3.5019,-7.3796,-1.6396,0
303647,-17.1887,-12.0041,4.2200,395.3600,-94.7100,91.8400,13.5193,-3.2386,3.1405,0
303686,-15.8866,-14.7544,-6.7070,49.8400,-153.5800,90.7900,1.7043,-5.2516,3.1046,0
303725,-17.3922,-13.6797,6.6711,149.2400,41.5800,34.0200,5.1032,1.4218,1.1633,0
303764,-17.2438,7.9948,5.2732,-177.8700,10.3600,78.1200,-6.0822,0.3543,2.6713,0
303803,-18.6656,-10.1227,6.9104,3.0800,3.0800,113.2600,0.1053,0.1053,3.8729,0
303842,-13.6892,-2.0513,2.4846,4.6200,44.4500,-31.9200,0.1580,1.5200,-1.0915,0
303881,-10.8719,-3.6766,0.4572,-25.6200,90.0200,-19.6700,-0.8761,3.0782,-0.6726,0
303920,-7.9756,-3.4277,1.2519,32.6200,58.6600,-40.3200,1.1154,2.0059,-1.3787,0
303959,-3.5210,-0.5314,0.1364,44.1000,43.0500,-48.0900,1.5080,1.4721,-1.6444,0
303998,-1.3787,-0.7253,0.1388,24.9900,10.7100,-53.0600,0.8545,0.3662,-1.8144,0
304037,2.6545,1.1513,2.0346,-150.7800,-18.8300,-80.7800,-5.1559,-0.6439,-2.7623,0
304076,5.0266,5.1176,-1.4266,-61.3200,21.7700,-122.6400,-2.0968,0.7444,-4.1937,0
304115,-4.0572,-0.2585,5.5891,258.8600,-42.7000,-45.9900,8.8517,-1.4601,-1.5726,0
304154,-28.5202,-4.0572,-1.9700,-58.8700,-230.7900,182.7000,-2.0131,-7.8918,6.2474,0
304193,-18.7231,-5.4479,4.1745,-65.5200,5.1800,43.7500,-2.2404,0.1771,1.4960,0
304232,-15.1326,-7.9158,7.2575,-47.8800,25.6900,68.8100,-1.6372,0.8785,2.3529,0
304271,-12.8874,-6.1828,3.4804,-157.7100,33.6000,113.9600,-5.3929,1.1489,3.8968,0
304310,-13.6270,-0.7660,3.2865,74.9000,72.8000,-38.4300,2.5612,2.4894,-1.3141,0
304349,-10.3740,0.7109,-1.6253,-1.7500,27.5100,-49.0000,-0.0598,0.9407,-1.6755,0
304388,-7.4706,-1.4458,0.2729,-6.0900,62.0900,-2.1000,-0.2082,2.1232,-0.0718,0
304427,-6.3025,-5.6179,0.8880,62.0900,62.8600,-111.9300,2.1232,2.1495,-3.8274,0
304466,-4.7705,-0.5553,1.1130,-77.4900,-6.9300,-81.9000,-2.6498,-0.2370,-2.8006,0
304505,-5.1774,-1.5032,0.2777,-49.5600,29.4000,-22.3300,-1.6947,1.0053,-0.7636,0
304544,-8.1599,0.0646,0.6942,-37.6600,10.2200,-40.0400,-1.2878,0.3495,-1.3692,0
304583,-10.6278,-1.5319,0.9958,-41.0200,-7.5600,-2.5200,-1.4027,-0.2585,-0.0862,0
304622,-10.9892,-2.7647,-0.2202,46.9700,-20.5100,40.4600,1.6061,-0.7013,1.3835,0
304661,-11.2740,-5.1391,0.6223,-1.0500,-27.0200,-0.1400,-0.0359,-0.9239,-0.0048,0
304700,-10.5847,-2.0490,-1.2567,-56.4900,-27.0200,-14.9100,-1.9317,-0.9239,-0.5098,0
304739,-10.2137,-1.2974,-0.4763,6.5100,-7.4900,-24.6400,0.2226,-0.2561,-0.8426,0
304778,-9.9192,-2.3434,-1.2375,48.3700,-27.7900,-0.8400,1.6540,-0.9503,-0.0287,0
304817,-8.9833,-4.0093,0.6846,34.2300,-7.0000,34.3700,1.1705,-0.2394,1.1753,0
304856,-8.9043,-3.7556,1.3069,5.9500,-32.6200,32.5500,0.2035,-1.1154,1.1130,0
304895,-8.8277,-10.2831,2.2404,-21.0700,-49.9800,66.0100,-0.7205,-1.7091,2.2572,0
304934,-7.1905,-6.0942,1.9197,5.9500,-3.9900,-10.9200,0.2035,-0.1364,-0.3734,0
304973,-7.9612,-4.2703,2.4463,-2.4500,7.1400,-22.8200,-0.0838,0.2442,-0.7803,0
305012,-8.9115,-4.2511,1.2806,-18.2000,-1.3300,-4.8300,-0.6223,-0.0455,-0.1652,0
305051,-7.8104,-4.0716,1.8503,2.4500,12.1800,-3.0800,0.0838,0.4165,-0.1053,0
305090,-8.1001,-3.4804,1.5080,-13.7200,20.4400,2.2400,-0.4692,0.6989,0.0766,0
305129,-8.1671,-4.5192,2.0035,-11.4800,14.0700,18.8300,-0.3926,0.4811,0.6439,0
305168,-8.2006,-3.5139,1.6277,-7.9100,4.1300,18.4100,-0.2705,0.1412,0.6295,0
305207,-9.1030,-2.8795,0.4452,-24.1500,2.2400,20.8600,-0.8258,0.0766,0.7133,0
305246,-9.2275,-2.9585,-0.3279,0.0000,37.5900,22.8900,0.0000,1.2854,0.7827,0
305285,-8.9881,-3.2769,0.7516,18.2700,33.3900,12.2500,0.6247,1.1418,0.4189,0
305324,-9.1006,-2.9155,0.9263,28.0000,14.0000,7.2100,0.9575,0.4787,0.2465,0
305363,-11.2166,-4.5144,1.0005,40.8800,10.1500,13.5100,1.3979,0.3471,0.4620,0
305402,-10.3238,-3.6910,-0.1532,-3.4300,-23.0300,22.9600,-0.1173,-0.7875,0.7851,0
305441,-9.1102,-3.3870,1.2591,16.7300,-4.1300,30.4500,0.5721,-0.1412,1.0412,0
305480,-8.7200,-3.7700,0.5840,-22.4000,-17.9900,41.0900,-0.7660,-0.6152,1.4051,0
305519,-8.2078,-1.8646,4.2583,7.4900,-4.7600,-18.4800,0.2561,-0.1628,-0.6319,0
305558,-10.3956,0.7301,0.4500,-72.8700,-27.3000,-71.6800,-2.4918,-0.9335,-2.4511,0
305597,-10.0365,0.4285,0.9072,18.6900,4.1300,-61.8800,0.6391,0.1412,-2.1160,0
305636,-9.5602,0.1364,1.1154,-3.6400,-1.8900,-78.8200,-0.1245,-0.0646,-2.6952,0
305675,-9.2825,-2.2668,2.3458,46.3400,-15.2600,-48.2300,1.5846,-0.5218,-1.6492,0
305714,-10.4985,-5.4623,0.8306,41.7900,-25.6900,29.1900,1.4290,-0.8785,0.9981,0
305753,-8.9498,-5.0602,1.1537,-3.3600,-16.7300,53.7600,-0.1149,-0.5721,1.8383,0
305792,-8.2054,-3.2171,1.7330,24.7100,20.4400,8.6100,0.8450,0.6989,0.2944,0
305831,-8.7248,-1.0221,2.0992,-6.9300,13.6500,2.2400,-0.2370,0.4668,0.0766,0
305870,-9.0073,-4.1003,1.0580,-38.9200,-14.4900,22.0500,-1.3309,-0.4955,0.7540,0
305909,-8.8852,-5.0745,1.0460,7.0000,-20.9300,-4.3400,0.2394,-0.7157,-0.1484,0
305948,-9.6583,-3.4468,1.5846,2.4500,-14.7000,-34.3700,0.0838,-0.5027,-1.1753,0
305987,-9.1006,-4.6796,0.0407,0.9100,1.4700,0.4200,0.0311,0.0503,0.0144,0
306026,-7.4777,-3.6790,0.2154,0.9100,6.0200,-4.7600,0.0311,0.2059,-0.1628,0
306065,-8.1719,-3.4708,1.0341,33.8100,3.8500,1.1900,1.1561,0.1317,0.0407,0
306104,-6.7142,-2.5612,1.9580,-73.2200,-4.2700,-27.2300,-2.5037,-0.1460,-0.9311,0
306143,-8.1480,-2.8245,1.4338,-7.4900,-14.0000,-31.1500,-0.2561,-0.4787,-1.0652,0
306182,-8.2293,-2.4343,1.7976,-10.2200,-26.0400,-27.6500,-0.3495,-0.8904,-0.9455,0
306221,-8.4998,-3.8897,1.9388,1.0500,-26.3200,-2.1700,0.0359,-0.9000,-0.0742,0
306260,-8.3586,-3.9280,2.6713,20.0900,-8.8200,-8.1900,0.6870,-0.3016,-0.2801,0
306299,-7.4993,-2.3482,2.5373,-34.0900,-6.7200,-19.1100,-1.1657,-0.2298,-0.6535,0
306338,-8.3275,-3.9591,2.4942,23.5200,-11.6900,-7.3500,0.8043,-0.3997,-0.2513,0
306377,-8.1862,-3.4780,2.2883,0.9800,-1.2600,-6.8600,0.0335,-0.0431,-0.2346,0
306416,-7.8104,-3.4804,2.5253,28.0700,-5.8100,-5.3200,0.9598,-0.1987,-0.1819,0
306455,-8.8062,-4.6054,2.5277,53.4800,0.3500,-1.9600,1.8287,0.0120,-0.0670,0
306494,-7.9589,-3.8945,3.5187,-5.1100,5.7400,2.1700,-0.1747,0.1963,0.0742,0
306533,-7.7434,-3.7149,2.9585,6.9300,-13.7900,-8.3300,0.2370,-0.4715,-0.2848,0
306572,-8.5381,-4.2703,3.3631,-8.1200,-8.1200,4.4800,-0.2777,-0.2777,0.1532,0
306611,-8.2413,-3.7652,2.8197,-13.1600,-8.1900,0.6300,-0.4500,-0.2801,0.0215,0
306650,-8.8780,-4.3588,2.3625,-27.4400,-11.2000,11.9000,-0.9383,-0.3830,0.4069,0
306689,-9.0049,-3.8753,2.3362,-22.3300,-1.1200,-7.8400,-0.7636,-0.0383,-0.2681,0
306728,-9.1676,-4.1817,2.6498,-8.8200,0.9100,-12.8800,-0.3016,0.0311,-0.4404,0
306767,-8.8206,-4.0070,2.8293,-12.9500,0.2100,-1.1200,-0.4428,0.0072,-0.0383,0
306806,-9.3974,-4.4139,3.0136,-0.9100,-3.6400,-8.9600,-0.0311,-0.1245,-0.3064,0
306845,-10.2783,-4.3612,3.4732,-6.6500,-9.8000,2.4500,-0.2274,-0.3351,0.0838,0
306884,-11.3243,-5.5485,3.5139,3.7800,-9.7300,8.8200,0.1293,-0.3327,0.3016,0
306923,-12.1836,-5.4958,3.9782,2.0300,-3.7100,1.0500,0.0694,-0.1269,0.0359,0
306962,-11.5182,-5.5221,3.8442,1.6800,-0.0700,-2.9400,0.0574,-0.0024,-0.1005,0
307001,-10.8839,-5.2588,3.4516,0.9800,5.8100,0.5600,0.0335,0.1987,0.0191,0
307040,-10.8935,-5.1798,3.3152,10.0100,11.6200,3.8500,0.3423,0.3973,0.1317,0
307079,-9.9815,-4.6652,3.0160,9.6600,17.4300,-2.7300,0.3303,0.5960,-0.0934,0
307118,-8.8780,-4.3205,2.7048,9.6600,14.7000,-3.9900,0.3303,0.5027,-0.1364,0
307157,-8.0737,-3.8035,2.6737,16.8000,10.9200,-1.7500,0.5745,0.3734,-0.0598,0
307196,-7.7937,-3.8633,2.7359,19.3200,4.9000,0.2800,0.6606,0.1676,0.0096,0
307235,-7.8248,-4.0548,2.6498,17.6400,-0.4900,5.1100,0.6032,-0.0168,0.1747,0
307274,-7.8416,-4.1769,2.7192,7.1400,-2.4500,2.0300,0.2442,-0.0838,0.0694,0
307313,-7.9804,-4.0979,2.6162,3.2900,-5.7400,8.3300,0.1125,-0.1963,0.2848,0
307352,-8.6961,-3.8179,2.4535,-20.7900,-10.3600,0.0000,-0.7109,-0.3543,0.0000,0
307391,-8.7105,-3.9399,2.4607,-10.0100,-3.2900,5.4600,-0.3423,-0.1125,0.1867,0
307430,-8.1503,-3.5163,2.1471,-21.8400,-2.4500,2.8000,-0.7468,-0.0838,0.0957,0
307469,-8.0905,-3.5378,2.2787,-9.7300,1.5400,1.8900,-0.3327,0.0527,0.0646,0
307508,-7.9924,-3.7437,2.2428,-8.4000,0.9100,9.7300,-0.2872,0.0311,0.3327,0
307547,-7.9110,-3.2123,1.7857,-14.1400,1.3300,11.9000,-0.4835,0.0455,0.4069,0
307586,-8.1575,-3.2530,1.7665,-17.9900,4.4800,12.6000,-0.6152,0.1532,0.4309,0
307625,-8.8254,-3.4732,2.1016,-16.3100,8.8900,13.3700,-0.5577,0.3040,0.4572,0
307664,-8.8804,-3.4205,1.8335,-1.0500,11.3400,12.7400,-0.0359,0.3878,0.4356,0
307703,-8.4735,-3.2577,1.8431,-2.2400,13.2300,15.5400,-0.0766,0.4524,0.5314,0
307742,-8.5261,-3.7173,1.8934,-17.5000,21.1400,19.3900,-0.5984,0.7229,0.6630,0
307781,-8.1791,-3.8849,1.3668,14.0000,18.5500,10.5700,0.4787,0.6343,0.3614,0
307820,-7.4418,-3.1596,1.1059,-16.4500,12.5300,2.1000,-0.5625,0.4285,0.0718,0
307859,-8.1839,-3.3343,0.4213,-4.7600,3.0800,2.8700,-0.1628,0.1053,0.0981,0
307898,-8.1958,-2.7575,0.4692,-8.4000,-3.0800,0.1400,-0.2872,-0.1053,0.0048,0
307937,-9.1365,-3.0447,1.3380,-0.7000,7.5600,0.0000,-0.0239,0.2585,0.0000,0
307976,-8.8397,-3.4899,0.5577,1.4000,-0.4200,-6.2300,0.0479,-0.0144,-0.2130,0
308015,-7.7650,-2.8006,1.2136,7.7000,-6.2300,-0.0700,0.2633,-0.2130,-0.0024,0
308054,-8.5022,-3.4827,0.3614,27.2300,-20.5800,3.5000,0.9311,-0.7037,0.1197,0
308093,-7.5328,-3.6216,0.2130,15.6100,-25.1300,0.4900,0.5338,-0.8593,0.0168,0
308132,-9.7493,-4.7490,1.3237,37.6600,-25.4100,9.8700,1.2878,-0.8689,0.3375,0
308171,-8.0905,-3.4947,1.2854,-25.9700,-0.2800,-16.5200,-0.8880,-0.0096,-0.5649,0
308210,-7.0876,-2.3362,0.1963,-16.8000,13.0900,-46.4800,-0.5745,0.4476,-1.5894,0
308249,-8.0546,-2.3625,2.3314,-18.9000,-16.2400,-28.1400,-0.6463,-0.5553,-0.9622,0
308288,-6.8697,-1.9460,1.6157,25.8300,-3.8500,-16.2400,0.8833,-0.1317,-0.5553,0
308327,-6.2857,-2.5803,3.7125,21.0000,-8.3300,-26.1800,0.7181,-0.2848,-0.8952,0
308366,-8.3873,-5.3115,2.6881,85.4000,-32.5500,19.9500,2.9202,-1.1130,0.6822,0
308405,-7.8966,-4.9524,3.2434,9.1000,3.7800,-26.7400,0.3112,0.1293,-0.9144,0
308444,-9.9551,-5.1032,3.0830,24.2900,-14.3500,3.2900,0.8306,-0.4907,0.1125,0
308483,-8.6746,-3.8202,2.6258,0.9800,8.9600,-23.7300,0.0335,0.3064,-0.8114,0
308522,-8.6363,-4.0572,2.9274,-6.0900,-0.0700,-1.4700,-0.2082,-0.0024,-0.0503,0
308561,-9.7182,-3.6814,3.3942,5.5300,4.7600,1.8900,0.1891,0.1628,0.0646,0
308600,-8.5692,-3.7748,2.7718,2.3100,-2.0300,-12.8800,0.0790,-0.0694,-0.4404,0
308639,-8.9785,-3.7724,3.8274,-3.2900,-3.8500,-10.2200,-0.1125,-0.1317,-0.3495,0
308678,-9.0432,-4.6484,2.9849,-10.5000,-5.4600,0.6300,-0.3590,-0.1867,0.0215,0
308717,-8.8780,-4.1697,3.0423,-13.5100,4.9700,5.5300,-0.4620,0.1699,0.1891,0
308756,-10.0844,-5.3570,3.3870,-8.1200,-2.3800,3.5000,-0.2777,-0.0814,0.1197,0
308795,-10.3286,-5.7376,3.2673,-14.0700,0.0700,4.8300,-0.4811,0.0024,0.1652,0
308834,-11.3937,-5.1631,4.2918,0.0000,0.8400,-0.3500,0.0000,0.0287,-0.0120,0
308873,-10.9294,-4.5623,4.2176,-7.7000,2.8700,-4.2000,-0.2633,0.0981,-0.1436,0
308912,-11.5397,-5.3354,4.2822,8.5400,-3.0800,14.2100,0.2920,-0.1053,0.4859,0
308951,-11.0538,-5.3330,3.7604,6.3700,8.3300,0.7700,0.2178,0.2848,0.0263,0
308990,-9.9647,-4.7250,3.4564,11.7600,8.5400,-2.1000,0.4021,0.2920,-0.0718,0
309029,-8.8684,-4.0788,3.1285,4.7600,9.6600,-5.4600,0.1628,0.3303,-0.1867,0
309068,-8.7488,-3.9280,3.0519,7.5600,6.5800,3.9200,0.2585,0.2250,0.1340,0
309107,-8.2365,-3.7389,2.9178,1.0500,-1.2600,-1.9600,0.0359,-0.0431,-0.0670,0
309146,-7.9780,-3.9687,2.9226,-4.4100,-0.7700,3.7800,-0.1508,-0.0263,0.1293,0
309185,-8.4328,-4.2774,2.7742,-11.4800,1.5400,8.7500,-0.3926,0.0527,0.2992,0
309224,-7.6932,-3.7197,2.7814,-34.7200,0.2100,1.6800,-1.1872,0.0072,0.0574,0
309263,-7.7171,-3.6718,2.2835,-22.8200,5.6700,3.2900,-0.7803,0.1939,0.1125,0
309302,-7.4251,-3.7796,1.9053,-13.0900,4.2000,9.4500,-0.4476,0.1436,0.3231,0
309341,-7.0277,-3.2242,2.2381,-20.4400,-0.2100,12.7400,-0.6989,-0.0072,0.4356,0
309380,-7.7434,-3.5737,1.9029,-6.4400,-2.1700,13.5100,-0.2202,-0.0742,0.4620,0
309419,-8.5884,-3.8250,1.7737,-1.6800,-2.5200,18.4100,-0.0574,-0.0862,0.6295,0
309458,-8.5884,-3.8777,1.4434,-18.3400,2.1700,18.3400,-0.6271,0.0742,0.6271,0
309497,-7.7339,-2.7647,1.8168,-19.9500,14.0700,16.1000,-0.6822,0.4811,0.5505,0
309536,-8.8182,-3.8992,1.8694,24.3600,16.0300,22.6100,0.8330,0.5481,0.7731,0
309575,-8.4950,-3.7269,1.4817,2.6600,13.9300,8.6800,0.0910,0.4763,0.2968,0
309614,-8.1719,-3.7317,1.7138,7.8400,20.7200,7.4200,0.2681,0.7085,0.2537,0
309653,-7.9972,-4.0955,1.1633,0.5600,11.3400,5.2500,0.0191,0.3878,0.1795,0
309692,-7.6094,-3.5857,0.7803,-14.1400,3.7100,0.7700,-0.4835,0.1269,0.0263,0
309731,-7.7817,-2.7479,0.9838,-17.9900,3.4300,-7.6300,-0.6152,0.1173,-0.2609,0
309770,-9.9791,-3.0926,0.4620,-4.7600,-5.6700,-0.2100,-0.1628,-0.1939,-0.0072,0
309809,-9.1748,-2.7742,1.2614,14.1400,6.7200,-3.1500,0.4835,0.2298,-0.1077,0
309848,-9.1605,-3.1022,1.0221,-3.4300,-2.5200,1.4700,-0.1173,-0.0862,0.0503,0
309887,-8.2198,-2.9466,1.1130,2.8000,0.6300,-2.8700,0.0957,0.0215,-0.0981,0
309926,-8.0594,-3.1883,0.9862,7.9800,-12.7400,2.8000,0.2729,-0.4356,0.0957,0
309965,-9.1413,-3.5857,0.8258,10.7100,-27.0200,11.6900,0.3662,-0.9239,0.3997,0
310004,-9.0168,-4.1003,0.4189,11.4100,-20.3700,5.8800,0.3902,-0.6965,0.2011,0
310043,-7.8847,-3.6072,0.8952,-10.8500,-6.5800,-0.9100,-0.3710,-0.2250,-0.0311,0
310082,-8.3658,-3.0543,1.2136,10.7100,-4.9000,-11.1300,0.3662,-0.1676,-0.3806,0
310121,-7.9182,-3.2865,0.6080,10.7100,-6.2300,-18.2000,0.3662,-0.2130,-0.6223,0
310160,-6.8937,-2.2692,0.9431,-7.3500,3.5000,-37.0300,-0.2513,0.1197,-1.2662,0
310199,-8.8613,-2.9226,2.1615,51.7300,-7.3500,15.9600,1.7689,-0.2513,0.5457,0
310238,-7.1690,-3.9375,2.7240,19.2500,-4.9000,-1.6800,0.6583,-0.1676,-0.0574,0
310277,-7.2384,-3.4014,2.8149,9.0300,4.7600,-26.1100,0.3088,0.1628,-0.8928,0
310316,-8.7440,-3.6000,2.6354,-17.5700,-13.5800,-26.8100,-0.6008,-0.4644,-0.9168,0
310355,-8.5453,-2.1327,2.5660,-4.2000,-2.8700,-25.3400,-0.1436,-0.0981,-0.8665,0
310394,-9.1030,-3.8083,2.8748,56.4200,-19.3200,8.5400,1.9293,-0.6606,0.2920,0
310433,-9.9791,-4.2894,2.4750,30.1700,1.5400,6.4400,1.0317,0.0527,0.2202,0
310472,-8.6075,-4.4905,3.1955,24.9900,13.7900,-9.3100,0.8545,0.4715,-0.3184,0
310511,-9.0025,-4.6820,3.6695,16.9400,-8.7500,-6.5800,0.5793,-0.2992,-0.2250,0
310550,-9.1293,-4.0931,3.3583,-2.1700,-0.0700,-4.4800,-0.0742,-0.0024,-0.1532,0
310589,-7.6190,-3.8657,2.4272,-3.4300,1.0500,-12.8800,-0.1173,0.0359,-0.4404,0
310628,-8.3921,-4.0979,3.3511,-8.8900,9.1000,3.2200,-0.3040,0.3112,0.1101,0
310667,-8.2150,-3.9926,2.6354,-10.3600,1.8200,2.5900,-0.3543,0.0622,0.0886,0
310706,-8.6937,-3.8298,3.7245,-5.9500,2.6600,-7.0700,-0.2035,0.0910,-0.2418,0
310745,-8.8014,-4.6078,3.3128,-7.7000,-7.7000,-2.3800,-0.2633,-0.2633,-0.0814,0
310784,-9.8546,-4.8711,3.6240,-7.3500,-8.6100,11.2700,-0.2513,-0.2944,0.3854,0
310823,-11.2094,-5.2684,3.7700,7.0000,-16.4500,14.7700,0.2394,-0.5625,0.5051,0
310862,-11.2046,-5.1798,4.0117,2.7300,-6.9300,-1.6800,0.0934,-0.2370,-0.0574,0
310901,-11.5685,-5.1750,4.0883,1.8900,-4.6900,5.0400,0.0646,-0.1604,0.1723,0
310940,-11.4440,-5.4360,3.6742,3.3600,3.9900,-0.7000,0.1149,0.1364,-0.0239,0
310979,-10.7139,-4.5599,3.5641,9.2400,5.1100,-1.1900,0.3160,0.1747,-0.0407,0
311018,-10.1802,-4.3086,3.5976,14.0000,8.0500,-3.1500,0.4787,0.2753,-0.1077,0
311057,-9.2131,-4.1745,3.2577,2.9400,6.8600,-3.2200,0.1005,0.2346,-0.1101,0
311096,-8.1599,-3.6168,3.2745,-4.2000,3.8500,-2.2400,-0.1436,0.1317,-0.0766,0
311135,-7.7243,-3.7317,2.6905,-11.8300,-1.4700,-2.8000,-0.4045,-0.0503,-0.0957,0
311174,-7.8655,-3.4708,2.6043,-21.9100,-1.8200,4.6200,-0.7492,-0.0622,0.1580,0
311213,-7.6716,-3.6024,2.9011,-15.8900,-0.9100,10.4300,-0.5434,-0.0311,0.3567,0
311252,-7.8679,-3.7772,2.5588,-10.8500,0.9800,6.8600,-0.3710,0.0335,0.2346,0
311291,-7.5256,-3.5881,2.4990,-16.5900,0.7000,8.5400,-0.5673,0.0239,0.2920,0
311330,-7.6190,-3.4253,2.2285,-19.6000,-0.6300,10.7100,-0.6702,-0.0215,0.3662,0
311369,-7.6477,-3.4564,2.1591,-28.1400,-0.2100,15.0500,-0.9622,-0.0072,0.5146,0
311408,-8.2317,-3.6024,1.8934,-2.4500,1.8200,17.7100,-0.0838,0.0622,0.6056,0
311447,-7.9612,-3.2841,1.8575,-10.7800,5.2500,8.1200,-0.3686,0.1795,0.2777,0
311486,-8.7727,-3.4014,1.9676,-0.9100,15.6100,28.0000,-0.0311,0.5338,0.9575,0
311525,-9.1006,-3.7197,1.3285,3.1500,18.8300,3.9200,0.1077,0.6439,0.1340,0
311564,-9.1868,-3.4109,1.3500,9.2400,17.9900,9.5200,0.3160,0.6152,0.3255,0
311603,-8.4663,-3.2362,0.9742,11.5500,24.9200,3.1500,0.3950,0.8521,0.1077,0
311642,-7.6166,-3.3463,0.6104,17.5000,36.5400,4.4800,0.5984,1.2495,0.1532,0
311681,-6.8362,-3.0351,0.7612,-8.8200,32.8300,0.9100,-0.3016,1.1226,0.0311,0
311720,-6.5155,-2.4822,0.6750,-16.2400,9.0300,-2.1000,-0.5553,0.3088,-0.0718,0
311759,-9.5195,-3.9519,1.1872,29.1900,-14.9800,0.1400,0.9981,-0.5122,0.0048,0
311798,-9.7900,-3.5067,1.0173,-7.7700,-16.5900,8.3300,-0.2657,-0.5673,0.2848,0
311837,-9.8259,-3.4133,1.7593,12.8800,-2.1700,3.7800,0.4404,-0.0742,0.1293,0
311876,-9.9599,-3.7197,1.0508,3.7800,-12.2500,10.7800,0.1293,-0.4189,0.3686,0
311915,-8.5118,-3.5210,0.5194,-20.3700,-13.6500,10.4300,-0.6965,-0.4668,0.3567,0
311954,-7.8009,-3.2673,0.1364,-20.9300,-15.3300,-2.8000,-0.7157,-0.5242,-0.0957,0
311993,-6.4939,-1.9125,1.3045,-2.6600,-15.1900,-16.1000,-0.0910,-0.5194,-0.5505,0
312032,-8.1862,-2.9753,0.7420,14.1400,-23.7300,-21.4900,0.4835,-0.8114,-0.7348,0
312071,-6.6974,-2.6713,1.6013,11.9000,-11.5500,-34.9300,0.4069,-0.3950,-1.1944,0
312110,-9.2873,-3.6407,2.9178,49.3500,-16.1000,-8.6800,1.6875,-0.5505,-0.2968,0
312149,-8.2365,-3.6479,1.5654,9.5900,-2.0300,-19.9500,0.3279,-0.0694,-0.6822,0
312188,-8.4256,-3.6575,2.6498,-4.2000,0.9100,-19.0400,-0.1436,0.0311,-0.6511,0
312227,-8.7679,-4.8040,2.4152,27.5800,4.0600,0.2800,0.9431,0.1388,0.0096,0
312266,-7.6788,-4.0333,3.3080,-29.6100,3.0100,-23.1000,-1.0125,0.1029,-0.7899,0
312305,-8.1049,-4.4306,2.9346,50.8200,-0.4900,-21.6300,1.7378,-0.0168,-0.7396,0
312344,-8.3825,-3.8777,3.3918,19.8800,-6.2300,3.7800,0.6798,-0.2130,0.1293,0
312383,-8.1120,-2.5564,2.8030,-6.3700,4.3400,-11.7600,-0.2178,0.1484,-0.4021,0
312422,-9.0815,-4.1338,2.7072,8.4700,-1.9600,7.5600,0.2896,-0.0670,0.2585,0
312461,-9.0144,-3.6503,2.4774,-6.1600,8.4000,-5.9500,-0.2106,0.2872,-0.2035,0
312500,-8.9426,-4.1889,3.0088,-7.6300,10.5700,6.3700,-0.2609,0.3614,0.2178,0
312539,-9.8283,-4.2176,3.0567,-9.5900,2.5900,4.9000,-0.3279,0.0886,0.1676,0
312578,-9.5410,-4.9572,3.1788,0.2800,5.6700,-17.4300,0.0096,0.1939,-0.5960,0
312617,-10.4889,-4.8232,3.6718,-2.4500,-2.3800,-8.2600,-0.0838,-0.0814,-0.2824,0
312656,-10.7714,-5.1703,3.9543,-1.4700,-0.8400,-4.0600,-0.0503,-0.0287,-0.1388,0
312695,-11.0179,-5.2397,4.0093,5.1100,-4.9700,3.0800,0.1747,-0.1699,0.1053,0
312734,-11.7767,-5.7017,4.1003,8.7500,-6.7900,9.6600,0.2992,-0.2322,0.3303,0
312773,-11.0802,-5.3330,3.4923,5.1800,5.1800,-0.8400,0.1771,0.1771,-0.0287,0
312812,-10.7307,-4.5766,3.5713,10.7100,3.9900,3.9200,0.3662,0.1364,0.1340,0
312851,-9.6607,-4.3301,2.9801,11.3400,4.4800,-3.2200,0.3878,0.1532,-0.1101,0
312890,-8.8780,-4.2367,3.1979,12.5300,-3.6400,1.9600,0.4285,-0.1245,0.0670,0
312929,-8.3610,-3.8897,2.9585,-8.8900,-4.9700,0.4200,-0.3040,-0.1699,0.0144,0
312968,-7.8224,-4.1075,2.7407,-36.8200,-6.5100,-0.5600,-1.2591,-0.2226,-0.0191,0
313007,-7.8440,-3.7484,2.5157,-22.4000,-5.0400,6.4400,-0.7660,-0.1723,0.2202,0
313046,-7.6740,-3.3798,2.3123,-16.1000,-4.3400,3.1500,-0.5505,-0.1484,0.1077,0
313085,-7.5041,-3.4875,2.0298,-16.5200,-2.7300,10.4300,-0.5649,-0.0934,0.3567,0
313124,-7.5519,-3.3894,2.1016,-25.5500,-4.5500,14.3500,-0.8737,-0.1556,0.4907,0
313163,-8.1480,-3.2984,1.6229,-29.4700,3.0100,18.0600,-1.0077,0.1029,0.6176,0
313202,-7.9038,-3.0854,1.9197,-21.8400,4.1300,16.8000,-0.7468,0.1412,0.5745,0
313241,-8.3131,-3.4253,1.8000,-9.1700,5.6700,18.5500,-0.3136,0.1939,0.6343,0
313280,-8.6793,-3.3200,1.4505,1.0500,9.8700,23.7300,0.0359,0.3375,0.8114,0
313319,-8.8469,-3.7963,1.8551,11.4100,27.8600,16.6600,0.3902,0.9527,0.5697,0
313358,-8.2676,-3.8131,1.2495,2.9400,20.9300,6.3000,0.1005,0.7157,0.2154,0
313397,-7.6190,-2.9538,0.3327,-5.6700,23.5900,7.2100,-0.1939,0.8067,0.2465,0
313436,-7.0038,-3.3367,0.0191,8.9600,9.5900,-0.7000,0.3064,0.3279,-0.0239,0
313475,-7.1929,-2.1878,0.6678,-11.8300,3.9900,-9.3100,-0.4045,0.1364,-0.3184,0
313514,-8.9929,-3.4875,0.8617,16.1000,-1.8200,-3.4300,0.5505,-0.0622,-0.1173,0
313553,-10.2304,-3.5163,1.5008,15.6100,-5.9500,-1.4700,0.5338,-0.2035,-0.0503,0
313592,-10.3262,-3.6695,1.4721,-8.4700,-3.2900,4.7600,-0.2896,-0.1125,0.1628,0
313631,-9.5865,-3.2625,1.4553,-9.3100,-2.3100,0.0000,-0.3184,-0.0790,0.0000,0
313670,-8.1767,-3.1357,0.9383,-2.7300,-5.5300,4.0600,-0.0934,-0.1891,0.1388,0
313709,-7.6956,-3.1022,0.3064,-6.7900,-11.9700,4.3400,-0.2322,-0.4093,0.1484,0
313748,-7.7339,-3.3559,0.4117,5.1800,-28.4900,6.0900,0.1771,-0.9742,0.2082,0
313787,-8.3466,-3.3990,0.6343,28.8400,-27.4400,-0.1400,0.9862,-0.9383,-0.0048,0
313826,-6.9128,-3.1859,0.0742,7.2800,-8.0500,-21.9100,0.2489,-0.2753,-0.7492,0
313865,-8.0857,-3.1931,2.4200,9.7300,-17.8500,-8.8900,0.3327,-0.6104,-0.3040,0
313904,-8.4017,-3.8442,1.1226,25.3400,-15.8200,-4.9000,0.8665,-0.5410,-0.1676,0
313943,-6.7453,-2.9801,0.7133,-24.9900,14.9100,-66.3600,-0.8545,0.5098,-2.2692,0
313982,-6.3384,-0.6870,4.4881,-23.8000,-43.5400,-28.4200,-0.8138,-1.4888,-0.9718,0
314021,-10.1419,-5.5413,0.9072,67.9700,2.6600,10.9200,2.3242,0.0910,0.3734,0
314060,-8.6817,-2.3290,3.7939,21.2100,22.3300,-10.9900,0.7253,0.7636,-0.3758,0
314099,-9.4046,-5.3187,3.1524,83.3000,-7.2800,-1.5400,2.8484,-0.2489,-0.0527,0
314138,-8.6363,-4.1601,3.8897,5.9500,25.9700,-38.0800,0.2035,0.8880,-1.3021,0
314177,-8.6243,-4.1123,3.6383,-5.3200,-7.9100,4.0600,-0.1819,-0.2705,0.1388,0
314216,-9.0192,-3.8250,3.2721,0.7700,-8.3300,-3.9900,0.0263,-0.2848,-0.1364,0
314255,-9.6057,-4.6389,2.9131,-22.4000,3.5700,3.7100,-0.7660,0.1221,0.1269,0
314294,-8.8277,-3.3367,2.9083,-12.3200,8.2600,-5.8100,-0.4213,0.2824,-0.1987,0
314333,-9.1772,-3.9998,3.4612,-0.0700,5.5300,3.9200,-0.0024,0.1891,0.1340,0
314372,-9.9288,-5.3139,4.2080,-10.1500,4.8300,0.9800,-0.3471,0.1652,0.0335,0
314411,-10.5368,-4.8375,4.3133,2.7300,-4.8300,-7.3500,0.0934,-0.1652,-0.2513,0
314450,-11.0060,-5.2421,3.7389,0.4900,-7.2100,-1.2600,0.0168,-0.2465,-0.0431,0
314489,-11.8150,-5.0985,4.3301,7.4200,-1.8900,8.8200,0.2537,-0.0646,0.3016,0
314528,-11.9562,-5.6490,3.7915,9.2400,1.4700,8.8900,0.3160,0.0503,0.3040,0
314567,-11.5206,-5.2732,3.8992,13.1600,5.4600,-0.6300,0.4500,0.1867,-0.0215,0
314606,-10.3046,-4.8016,3.5546,11.0600,4.5500,-9.8000,0.3782,0.1556,-0.3351,0
314645,-9.1772,-4.2320,3.6982,1.2600,0.9800,1.0500,0.0431,0.0335,0.0359,0
314684,-7.8344,-3.9950,3.3104,-29.6800,-4.0600,1.4000,-1.0149,-0.1388,0.0479,0
314723,-6.7692,-3.4636,3.1237,-47.1800,-6.3000,4.3400,-1.6133,-0.2154,0.1484,0
314762,-6.9224,-4.0117,3.2936,-12.8800,-4.6200,14.6300,-0.4404,-0.1580,0.5003,0
314801,-7.0565,-3.8298,2.6737,-44.5200,-4.5500,26.1100,-1.5224,-0.1556,0.8928,0
314840,-6.9080,-3.5833,2.2404,-35.4200,-3.5000,18.0600,-1.2112,-0.1197,0.6176,0
314879,-6.6304,-3.2649,2.5397,-51.5200,-7.1400,24.8500,-1.7617,-0.2442,0.8497,0
314918,-7.6908,-3.9088,1.9412,-35.2800,-2.6600,39.6900,-1.2064,-0.0910,1.3572,0
314957,-7.5783,-4.1051,1.8670,-38.5700,9.0300,47.8800,-1.3189,0.3088,1.6372,0
314996,-8.0283,-3.9950,1.6396,-15.8200,23.3100,42.4200,-0.5410,0.7971,1.4505,0
315035,-7.5807,-2.7216,0.7731,-17.9900,26.3900,19.5300,-0.6152,0.9024,0.6678,0
315074,-7.5543,-2.6498,1.5678,-45.4300,43.5400,47.3900,-1.5535,1.4888,1.6205,0
315113,-9.9049,-3.4804,1.3955,-61.3900,6.6500,33.2500,-2.0992,0.2274,1.1370,0
315152,-11.0347,-2.6139,0.2442,-81.4100,-42.8400,3.6400,-2.7838,-1.4649,0.1245,0
315191,-10.9174,-1.2902,-0.4811,1.2600,55.5800,-54.8800,0.0431,1.9006,-1.8766,0
315230,-9.0097,0.6128,1.4338,-43.0500,23.9400,-46.4800,-1.4721,0.8186,-1.5894,0
315269,-9.4285,-2.2859,-0.4021,-39.2000,-16.5200,-15.4000,-1.3404,-0.5649,-0.5266,0
315308,-9.2514,-2.1375,-0.3136,-53.1300,41.7900,-5.1800,-1.8168,1.4290,-0.1771,0
315347,-9.2945,-3.6479,1.2830,-48.1600,24.7800,-13.7900,-1.6468,0.8473,-0.4715,0
315386,-9.4525,0.0239,0.7899,-89.3200,-14.7700,-26.7400,-3.0543,-0.5051,-0.9144,0
315425,-9.3472,-2.0729,0.7013,-28.9100,-4.4800,9.5200,-0.9886,-0.1532,0.3255,0
315464,-9.8738,-3.2793,-0.2609,-54.1100,8.4700,-12.1800,-1.8503,0.2896,-0.4165,0
315503,-9.2586,-1.6612,1.7138,-75.3200,10.0100,-24.3600,-2.5756,0.3423,-0.8330,0
315542,-9.7062,-0.8952,-0.3040,-34.5100,22.2600,-12.5300,-1.1801,0.7612,-0.4285,0
315581,-11.5924,-4.0429,-0.1580,-6.7900,55.5800,29.8900,-0.2322,1.9006,1.0221,0
315620,-11.6786,-1.4362,-2.7694,-87.9900,-59.2200,42.5600,-3.0088,-2.0250,1.4553,0
315659,-8.8254,-2.2716,-5.8836,42.1400,-22.8900,-46.3400,1.4410,-0.7827,-1.5846,0
315698,-6.0631,0.6535,2.1136,-18.2000,-5.0400,50.1900,-0.6223,-0.1723,1.7162,0
315737,-9.5913,-7.8655,-1.6444,-37.1700,-158.9700,112.9100,-1.2710,-5.4360,3.8609,0
315776,-10.1107,-7.3078,-0.3184,-2.2400,-137.9700,-80.1500,-0.0766,-4.7179,-2.7407,0
315815,-11.0802,-3.8179,1.4793,-165.6200,-166.2500,-67.6900,-5.6634,-5.6849,-2.3147,0
315854,-8.7033,-4.0309,-0.3255,-190.2600,-171.5700,-16.3100,-6.5059,-5.8668,-0.5577,0
315893,-9.7397,-1.9652,1.2447,-164.7800,-32.6200,17.0800,-5.6346,-1.1154,0.5840,0
315932,-7.9373,-2.8436,4.8735,-52.1500,-19.1100,6.8600,-1.7833,-0.6535,0.2346,0
315971,-9.2586,-3.9351,1.2543,-39.2700,-48.8600,-2.4500,-1.3428,-1.6708,-0.0838,0
316010,-7.6979,-3.7101,3.4947,-50.4700,-38.1500,28.8400,-1.7258,-1.3045,0.9862,0
316049,-7.5471,-4.0046,2.6162,-60.6900,-37.9400,54.4600,-2.0753,-1.2974,1.8623,0
316088,-7.2264,-3.0639,3.6383,-115.5000,-4.5500,37.1700,-3.9495,-0.1556,1.2710,0
316127,-7.3748,-3.0543,4.7657,-43.8200,-0.7700,20.1600,-1.4984,-0.0263,0.6894,0
316166,-9.9408,-2.7383,2.3889,-75.8800,-30.0300,18.6200,-2.5947,-1.0269,0.6367,0
316205,-8.4089,-2.2069,2.1471,-37.8000,-36.1900,11.5500,-1.2926,-1.2375,0.3950,0
316244,-14.3810,-3.4995,4.5383,16.8000,-45.1500,38.3600,0.5745,-1.5439,1.3117,0
316283,-8.6602,-3.0591,1.3596,18.5500,-24.7100,3.6400,0.6343,-0.8450,0.1245,0
316322,-12.1956,-6.1493,1.9843,0.2100,-0.2100,36.4700,0.0072,-0.0072,1.2471,0
316361,-10.5512,-3.9591,-2.9346,-85.0500,-12.7400,11.7600,-2.9083,-0.4356,0.4021,0
316400,-8.2628,-0.1819,1.4051,-77.2800,73.0100,-50.8900,-2.6426,2.4966,-1.7402,0
316439,-9.2179,1.6708,-0.4811,-48.5800,49.9800,-38.2200,-1.6612,1.7091,-1.3069,0
316478,-8.4855,-0.3399,-0.0431,20.0200,66.0100,-28.0700,0.6846,2.2572,-0.9598,0
316517,-9.8235,-1.2926,-1.4817,36.6800,57.6100,-47.4600,1.2543,1.9700,-1.6229,0
316556,-9.2754,-2.0370,1.3213,14.4900,70.6300,29.4000,0.4955,2.4152,1.0053,0
316595,-9.9240,-4.3349,-0.1604,17.8500,26.1100,105.2800,0.6104,0.8928,3.6000,0
316634,-9.8666,-5.8022,-1.0317,12.1100,69.3000,35.9100,0.4141,2.3697,1.2279,0
316673,-8.7871,-2.6952,0.3231,-2.5900,78.9600,-27.0200,-0.0886,2.7000,-0.9239,0
316712,-8.2078,-1.2160,0.1939,-8.2600,44.8700,-24.7100,-0.2824,1.5343,-0.8450,0
316751,-9.6320,-2.5229,-1.0891,-20.7200,43.9600,12.5300,-0.7085,1.5032,0.4285,0
316790,-10.9485,0.4548,-2.7647,22.3300,56.7700,51.3800,0.7636,1.9412,1.7569,0
316829,-10.9006,-3.1883,0.3638,187.1800,59.0100,90.5100,6.4006,2.0178,3.0950,0
316868,-6.6160,0.4476,1.6037,217.6300,40.3200,-42.8400,7.4418,1.3787,-1.4649,0
316907,-9.2323,-4.1386,-1.2088,200.6900,-56.7700,29.4000,6.8626,-1.9412,1.0053,0
316946,-11.5373,-4.0931,-4.1195,2.8000,-199.1500,72.8000,0.0957,-6.8099,2.4894,0
316985,-13.8017,-3.5809,-0.5649,-35.7700,-343.0700,41.5100,-1.2232,-11.7312,1.4194,0
317024,-12.7150,-0.7588,-5.0937,-110.1800,-185.3600,-45.9900,-3.7676,-6.3384,-1.5726,0
317063,-7.6285,-7.2647,-0.8354,137.0600,-45.4300,12.1800,4.6867,-1.5535,0.4165,0
317102,-6.9368,-5.6897,1.4912,10.7800,31.9200,-48.3700,0.3686,1.0915,-1.6540,0
317141,-7.3604,-3.5641,4.1745,-42.7000,-0.8400,-86.1000,-1.4601,-0.0287,-2.9442,0
317180,-8.6339,-0.9886,2.1950,-1.3300,-38.7800,-23.8000,-0.0455,-1.3261,-0.8138,0
317219,-7.8966,-2.6569,2.3170,-7.9100,-18.9000,-15.7500,-0.2705,-0.6463,-0.5386,0
317258,-7.2838,-1.4075,1.1561,-25.1300,19.1800,-43.0500,-0.8593,0.6559,-1.4721,0
317297,-7.7458,-3.1165,4.1841,-1.9600,32.9000,19.4600,-0.0670,1.1250,0.6654,0
317336,-10.1347,-5.0051,2.8221,61.2500,47.8800,51.2400,2.0944,1.6372,1.7521,0
317375,-9.8690,-3.4851,3.0591,35.2100,24.5000,17.7800,1.2040,0.8378,0.6080,0
317414,-8.9977,2.2141,9.6799,53.2000,43.6800,87.7800,1.8192,1.4936,3.0016,0
317453,-9.2131,-6.5011,6.7357,1.4000,-22.5400,52.2200,0.0479,-0.7708,1.7857,0
317492,-16.6478,-5.2493,6.5442,-1.1900,-76.0200,123.8300,-0.0407,-2.5995,4.2343,0
317531,-15.1853,-1.7378,-7.2312,-189.3500,-157.7100,-48.6500,-6.4748,-5.3929,-1.6636,0
317570,-7.5160,-3.2889,0.4452,65.3100,66.5000,-34.1600,2.2333,2.2740,-1.1681,0
317609,-9.2969,-3.1716,0.5481,-73.1500,57.1900,-31.0800,-2.5014,1.9556,-1.0628,0
317648,-9.2227,-1.9676,1.1729,-73.5700,75.6000,-26.3200,-2.5157,2.5851,-0.9000,0
317687,-9.5123,1.3357,0.0239,-118.9300,52.3600,-70.7000,-4.0668,1.7904,-2.4176,0
317726,-8.5644,1.2997,-1.4075,101.2200,116.2700,-74.1300,3.4612,3.9758,-2.5349,0
317765,-8.8565,-0.0311,1.3811,106.2600,132.0200,2.0300,3.6335,4.5144,0.0694,0
317804,-9.6344,-1.0676,0.0957,138.0400,45.7800,39.9700,4.7203,1.5654,1.3668,0
317843,-9.1389,-4.5048,1.6301,24.0800,-12.9500,69.5100,0.8234,-0.4428,2.3769,0
317882,-11.1065,-3.2625,-1.4314,-77.3500,15.6800,41.3000,-2.6450,0.5362,1.4122,0
317921,-8.7057,-3.0303,1.7115,48.7900,96.3900,33.8800,1.6684,3.2960,1.1585,0
317960,-8.7894,-2.5181,-0.7851,41.3700,88.9000,-3.1500,1.4146,3.0399,-0.1077,0
317999,-9.0934,-1.7689,-0.0503,84.2100,95.6200,2.2400,2.8795,3.2697,0.0766,0
318038,-10.2903,-1.5870,0.0670,11.9700,98.7000,149.6600,0.4093,3.3750,5.1176,0
318077,-9.6847,-6.5538,-0.0287,91.4200,36.4700,64.1200,3.1261,1.2471,2.1926,0
318116,-4.9572,-3.7125,1.4242,218.2600,12.6000,-27.0200,7.4634,0.4309,-0.9239,0
318155,-9.5291,1.7761,0.5960,39.4100,-164.3600,42.2100,1.3476,-5.6203,1.4434,0
318194,-8.6291,-1.5463,-3.2458,-24.0800,-288.9600,-15.0500,-0.8234,-9.8809,-0.5146,0
318233,-11.8868,-4.0668,-3.3679,36.1900,-118.0900,-39.4100,1.2375,-4.0381,-1.3476,0
318272,-12.7174,-7.8918,1.9963,91.4200,-108.5000,22.4700,3.1261,-3.7101,0.7684,0
318311,-7.8128,-6.2139,5.1128,-39.0600,-41.5800,65.5200,-1.3357,-1.4218,2.2404,0
318350,-9.3615,-5.9769,0.6774,-138.4600,-25.7600,-17.4300,-4.7346,-0.8809,-0.5960,0
318389,-7.6979,-4.5455,4.1865,-35.9100,21.9800,-17.9200,-1.2279,0.7516,-0.6128,0
318428,-6.5777,-2.2524,4.2320,-147.7700,9.4500,0.7700,-5.0530,0.3231,0.0263,0
318467,-7.4394,-3.7867,3.3200,-154.9800,-7.2100,21.1400,-5.2995,-0.2465,0.7229,0
318506,-6.7142,-2.0322,5.3785,-200.1300,-52.0100,-29.0500,-6.8434,-1.7785,-0.9934,0
318545,-8.7871,-1.7091,-0.0024,-78.7500,-75.8800,16.4500,-2.6928,-2.5947,0.5625,0
318584,-9.5028,-2.5732,2.1926,-247.2400,-9.8700,32.4100,-8.4543,-0.3375,1.1083,0
318623,-13.7993,0.3016,-1.9317,-35.0700,-60.1300,1.0500,-1.1992,-2.0561,0.0359,0
318662,-10.2807,0.7037,1.3835,-94.2900,-23.2400,38.9900,-3.2242,-0.7947,1.3333,0
318701,-7.5519,-2.6713,0.9455,-112.7000,-2.8000,58.8700,-3.8538,-0.0957,2.0131,0
318740,-6.5705,-0.3255,4.1003,-274.3300,13.9300,58.8700,-9.3807,0.4763,2.0131,0
318779,-11.7193,-1.5319,-0.4811,-139.4400,160.3700,137.2700,-4.7681,5.4838,4.6939,0
318818,-9.8714,-2.7934,6.4461,-3.8500,217.6300,-14.1400,-0.1317,7.4418,-0.4835,0
318857,-9.8403,2.8652,4.7059,-204.1200,-100.9400,-30.1700,-6.9799,-3.4516,-1.0317,0
318896,-12.8706,0.1173,-7.6237,-217.9100,-109.4800,-62.7200,-7.4514,-3.7437,-2.1447,0
318935,-8.1934,1.0628,1.9508,-89.6000,-17.2900,-126.2800,-3.0639,-0.5912,-4.3181,0
318974,-10.2544,0.8904,-2.0059,-120.5400,-15.6100,-106.4000,-4.1218,-0.5338,-3.6383,0
319013,-11.7241,0.4069,-1.6923,-94.9900,-13.0200,-61.8800,-3.2482,-0.4452,-2.1160,0
319052,-10.4339,-1.3333,-1.1920,-79.7300,-37.3800,12.1100,-2.7264,-1.2782,0.4141,0
319091,-10.1658,-0.7803,0.7468,-98.4900,-25.6900,-26.1100,-3.3679,-0.8785,-0.8928,0
319130,-10.4387,0.0598,0.4021,-54.3200,-29.7500,-64.8900,-1.8575,-1.0173,-2.2189,0
319169,-11.6498,-2.6139,0.5098,32.9000,-59.1500,-42.2800,1.1250,-2.0226,-1.4458,0
319208,-10.8791,-3.3798,-0.6965,-60.2000,-111.8600,20.9300,-2.0585,-3.8250,0.7157,0
319247,-8.3131,-2.0226,-1.9676,-38.8500,-50.6100,35.7000,-1.3285,-1.7306,1.2208,0
319286,-7.2408,-4.3253,-0.3854,-16.3100,-24.8500,127.6100,-0.5577,-0.8497,4.3636,0
319325,-9.0336,-9.9743,0.8210,-73.2200,-107.6600,100.7300,-2.5037,-3.6814,3.4444,0
319364,-9.5913,-6.2689,1.8192,-126.0700,-145.6000,41.5100,-4.3109,-4.9788,1.4194,0
319403,-9.4692,-5.2899,4.9716,-144.6200,-57.6100,-169.4000,-4.9453,-1.9700,-5.7926,0
319442,-9.7230,-2.5181,2.0250,-45.7100,-63.0700,-24.5000,-1.5630,-2.1567,-0.8378,0
319481,-8.4831,-1.2782,3.7580,-103.8800,-76.0900,24.0100,-3.5522,-2.6019,0.8210,0
319520,-8.4639,-6.5897,2.8772,-214.3400,-38.0100,-3.6400,-7.3293,-1.2997,-0.1245,0
319559,-6.7213,-2.5205,3.5713,-21.9800,-85.9600,24.0100,-0.7516,-2.9394,0.8210,0
319598,-6.6543,-5.1703,2.4918,4.6200,-3.5000,-15.0500,0.1580,-0.1197,-0.5146,0
319637,-5.1320,-2.3936,3.0950,-32.3400,-37.4500,15.2600,-1.1059,-1.2806,0.5218,0
319676,-7.3820,-2.0442,2.2620,-105.6300,-86.2400,129.6400,-3.6120,-2.9490,4.4330,0
319715,-9.6344,-2.4846,0.8258,-31.9200,-100.6600,96.3200,-1.0915,-3.4421,3.2936,0
319754,-15.5994,2.0154,-0.8880,4.0600,-39.4100,-0.4900,0.1388,-1.3476,-0.0168,0
319793,-10.3238,0.5434,1.8718,-119.1400,58.8000,-24.8500,-4.0740,2.0107,-0.8497,0
319832,-12.9592,-4.5814,2.8580,-10.8500,119.7000,-85.7500,-0.3710,4.0931,-2.9322,0
319871,-14.4193,-4.3229,3.7628,125.5800,8.4000,-43.6800,4.2942,0.2872,-1.4936,0
319910,-11.3028,-3.3822,8.0235,-125.8600,18.3400,37.8000,-4.3038,0.6271,1.2926,0
319949,-11.1831,0.8473,4.2224,-54.1800,91.2800,-49.2800,-1.8527,3.1213,-1.6851,0
319988,-9.5339,0.1867,1.3739,-53.9000,65.3100,-25.9700,-1.8431,2.2333,-0.8880,0
320027,-6.9248,2.2811,0.0120,-78.4000,103.0400,85.1900,-2.6809,3.5234,2.9131,0
320066,-5.0721,-6.5681,0.2824,55.7900,112.9800,100.8700,1.9077,3.8633,3.4492,0
320105,-1.2950,-3.5665,-1.3380,-90.7900,-67.5500,-47.4600,-3.1046,-2.3099,-1.6229,0
320144,-2.1710,-3.6431,3.4062,-23.9400,-208.3900,-31.2200,-0.8186,-7.1259,-1.0676,0
320183,-15.8459,-1.6396,-5.4647,2.8700,-381.9200,72.8000,0.0981,-13.0597,2.4894,0
320222,-14.3666,-3.9256,3.4157,-151.2000,-72.1700,76.5100,-5.1703,-2.4678,2.6162,0
320261,-10.5272,-4.2224,-1.2614,-46.6900,-68.8100,20.3700,-1.5966,-2.3529,0.6965,0
320300,-10.7618,-1.4601,3.0375,-15.8900,-28.5600,1.9600,-0.5434,-0.9766,0.0670,0
320339,-8.9618,-1.0747,6.4676,-56.4900,-4.3400,-15.4000,-1.9317,-0.1484,-0.5266,0
320378,-9.3089,-3.6790,5.2086,-127.8900,-33.9500,-16.8000,-4.3732,-1.1609,-0.5745,0
320417,-6.3791,-4.0405,3.4564,-99.3300,-18.6900,-47.2500,-3.3966,-0.6391,-1.6157,0
320456,-4.6484,-1.9508,3.2793,-13.7900,-5.6000,-10.0800,-0.4715,-0.1915,-0.3447,0
320495,-3.9663,-2.0968,1.7043,-85.8900,-21.2100,57.0500,-2.9370,-0.7253,1.9508,0
320534,-7.5328,1.0484,0.6032,-88.9700,-92.8900,58.2400,-3.0423,-3.1764,1.9915,0
320573,-19.4507,-4.0070,-5.1152,83.5100,-98.7000,75.5300,2.8556,-3.3750,2.5827,0
320612,-13.4786,-4.3157,0.5553,-103.8800,28.5600,-9.1000,-3.5522,0.9766,-0.3112,0
320651,-9.1581,-1.3452,5.5030,-36.4700,77.0700,-41.9300,-1.2471,2.6354,-1.4338,0
320690,-13.0310,-3.8179,4.2607,-51.7300,18.4800,51.7300,-1.7689,0.6319,1.7689,0
320729,-10.8121,-5.0937,2.8101,-101.2200,118.6500,17.5000,-3.4612,4.0572,0.5984,0
320768,-10.0365,1.5295,4.3780,7.6300,117.7400,-71.5400,0.2609,4.0261,-2.4463,0
320807,-9.0456,2.6905,0.7301,-65.8700,215.6700,83.3700,-2.2524,7.3748,2.8508,0
320846,-1.5176,-3.5019,4.2032,43.8900,37.6600,52.7100,1.5008,1.2878,1.8024,0
320885,-2.8819,-2.4870,-0.1676,41.8600,-163.4500,3.2900,1.4314,-5.5891,0.1125,0
320924,-15.1565,-3.7939,3.4038,-211.4000,-450.8000,178.5700,-7.2288,-15.4150,6.1062,0
320963,-15.2020,-5.4623,-6.2330,-219.3100,-142.3800,-3.0800,-7.4993,-4.8687,-0.1053,0
321002,-9.7684,7.8751,0.1843,-60.0600,-170.5900,-84.1400,-2.0537,-5.8333,-2.8772,0
321041,-11.1544,-6.0344,1.7928,-150.3600,-32.2000,33.2500,-5.1415,-1.1011,1.1370,0
321080,-7.6884,-6.3743,5.8022,-46.6200,-12.8100,0.4200,-1.5942,-0.4380,0.0144,0
321119,-5.5485,-6.2594,5.2516,-87.5000,-18.9700,7.8400,-2.9921,-0.6487,0.2681,0
321158,-4.7179,-1.4841,4.2439,-207.3400,17.3600,2.5900,-7.0900,0.5936,0.0886,0
321197,-3.4062,-2.6115,4.3133,-180.2500,-21.7700,8.5400,-6.1636,-0.7444,0.2920,0
321236,-11.4512,7.5256,-2.2692,-57.4000,-171.3600,-73.2900,-1.9628,-5.8596,-2.5061,0
321275,-14.5892,-2.1232,-3.0950,-23.3100,-127.8900,107.8000,-0.7971,-4.3732,3.6862,0
321314,-13.1435,-0.2753,2.1232,-126.6300,33.8100,13.7900,-4.3301,1.1561,0.4715,0
321353,-10.7546,0.5075,1.4529,-31.6400,14.3500,13.6500,-1.0819,0.4907,0.4668,0
321392,-11.9826,-4.7681,3.7796,89.8800,8.3300,5.4600,3.0734,0.2848,0.1867,0
321431,-8.5142,1.7258,6.6136,-254.2400,32.9700,102.8300,-8.6937,1.1274,3.5163,0
321470,-9.7996,-2.3769,3.4014,-130.3400,20.9300,-8.8900,-4.4570,0.7157,-0.3040,0
321509,-10.7187,-2.8628,0.6535,8.7500,18.0600,-17.7800,0.2992,0.6176,-0.6080,0
321548,-8.0761,-1.6205,2.7407,-56.3500,4.6900,-26.6000,-1.9269,0.1604,-0.9096,0
321587,-8.8948,-1.6109,1.1202,26.7400,-22.8200,-25.2000,0.9144,-0.7803,-0.8617,0
321626,-10.6708,-0.9455,1.1202,-5.3900,-19.3200,-34.0200,-0.1843,-0.6606,-1.1633,0
321665,-12.3296,-2.4535,1.5152,-20.8600,-29.1900,27.7900,-0.7133,-0.9981,0.9503,0
321704,-10.7977,-0.1340,0.0335,40.0400,20.4400,-8.4700,1.3692,0.6989,-0.2896,0
321743,-6.6687,-4.8543,3.4444,25.9000,32.3400,-3.7800,0.8856,1.1059,-0.1293,0
321782,-6.3671,-5.6131,3.3319,55.4400,38.8500,37.3100,1.8958,1.3285,1.2758,0
321821,-6.1062,-6.9751,5.0721,-10.1500,16.1700,49.8400,-0.3471,0.5529,1.7043,0
321860,-7.4993,-5.4120,5.7711,41.4400,-12.3900,24.9900,1.4170,-0.4237,0.8545,0
321899,-8.5166,-4.9620,3.3319,18.4800,-6.9300,13.6500,0.6319,-0.2370,0.4668,0
321938,-8.2485,-5.1224,3.6814,50.1900,16.3100,15.1900,1.7162,0.5577,0.5194,0
321977,-6.6112,-5.1607,3.4923,26.1100,32.5500,26.1100,0.8928,1.1130,0.8928,0
322016,-7.1785,-5.0530,2.2883,10.0100,23.3800,27.2300,0.3423,0.7995,0.9311,0
322055,-7.9182,-6.2929,1.3763,3.2200,3.3600,15.8900,0.1101,0.1149,0.5434,0
322094,-8.6051,-3.2458,1.8551,1.6800,1.2600,-24.7800,0.0574,0.0431,-0.8473,0
322133,-8.5788,-4.4115,2.6593,40.9500,2.5200,-42.7000,1.4003,0.0862,-1.4601,0
322172,-7.2408,-2.2955,2.9849,68.6000,14.5600,-56.0000,2.3458,0.4979,-1.9149,0
322211,-7.6166,-3.3583,4.4641,84.2100,15.8200,-26.3200,2.8795,0.5410,-0.9000,0
322250,-7.7650,-4.3756,4.2056,89.9500,8.5400,-14.7000,3.0758,0.2920,-0.5027,0
322289,-9.5363,-4.5024,4.8806,96.3900,43.8200,0.0000,3.2960,1.4984,0.0000,0
322328,-9.3591,-6.6711,5.1774,95.4800,61.9500,13.1600,3.2649,2.1184,0.4500,0
322367,-8.8062,-5.1176,3.6742,78.1200,70.8400,-6.2300,2.6713,2.4224,-0.2130,0
322406,-6.7453,-5.2038,3.1572,22.1900,66.1500,-6.3700,0.7588,2.2620,-0.2178,0
322445,-7.6764,-4.8208,2.3266,0.4200,27.7200,-24.0100,0.0144,0.9479,-0.8210,0
322484,-11.6738,-4.2894,2.6474,1.1900,-41.0900,-43.6800,0.0407,-1.4051,-1.4936,0
322523,-11.7384,-1.8048,-0.3878,-40.5300,-31.3600,-2.6600,-1.3859,-1.0724,-0.0910,0
322562,-9.4118,-1.3548,0.9718,-65.6600,15.8200,-4.0600,-2.2452,0.5410,-0.1388,0
322601,-10.5464,0.8617,0.6606,-41.7200,-25.4100,-22.0500,-1.4266,-0.8689,-0.7540,0
322640,-11.3746,-2.5995,1.4793,-0.4200,22.3300,27.0200,-0.0144,0.7636,0.9239,0
322679,-9.4932,-1.0173,2.4559,-31.0800,35.5600,-8.9600,-1.0628,1.2160,-0.3064,0
322718,-8.8301,-1.8814,1.2208,49.5600,47.3200,-4.2700,1.6947,1.6181,-0.1460,0
322757,-7.5424,-2.8293,1.9245,28.3500,47.4600,8.1900,0.9694,1.6229,0.2801,0
322796,-7.4370,-3.5569,1.9101,-13.8600,27.7900,37.4500,-0.4739,0.9503,1.2806,0
322835,-7.7913,-2.0849,1.7976,-80.1500,26.6000,51.6600,-2.7407,0.9096,1.7665,0
322874,-8.2628,-3.5809,2.5205,-9.8000,14.3500,17.7800,-0.3351,0.4907,0.6080,0
322913,-9.9456,-0.5194,1.1872,-83.7900,-15.4000,-23.8700,-2.8652,-0.5266,-0.8162,0
322952,-9.5171,-1.1753,1.1585,-52.2200,-1.7500,-31.3600,-1.7857,-0.0598,-1.0724,0
322991,-9.2131,-1.2064,2.2165,-17.1500,15.5400,-51.0300,-0.5864,0.5314,-1.7450,0
323030,-9.6703,0.0886,-0.0359,-18.2700,53.4800,-37.8000,-0.6247,1.8287,-1.2926,0
323069,-6.6759,-1.7593,2.7958,16.6600,-15.5400,-23.3800,0.5697,-0.5314,-0.7995,0
323108,-9.0001,-5.2181,0.4811,33.1100,-101.2200,3.0800,1.1322,-3.4612,0.1053,0
323147,-9.3567,-5.5413,-0.7684,-6.3000,-149.0300,81.5500,-0.2154,-5.0961,2.7886,0
323186,-10.4913,-5.2445,2.2787,-37.5900,-154.5600,105.4900,-1.2854,-5.2852,3.6072,0
323225,-12.0711,-6.7716,4.5240,-105.4200,-120.4000,115.4300,-3.6048,-4.1171,3.9471,0
323264,-11.5373,-4.0213,0.5553,-157.7800,-90.7200,15.1900,-5.3953,-3.1022,0.5194,0
323303,-9.7756,-3.9280,3.2817,-46.5500,-45.0800,-0.9800,-1.5918,-1.5415,-0.0335,0
323342,-7.1330,-2.3506,4.3780,-113.8900,-11.6900,13.9300,-3.8945,-0.3997,0.4763,0
323381,-5.6322,-3.3032,2.6402,-69.9300,-23.3800,30.3100,-2.3912,-0.7995,1.0364,0
323420,-5.9314,-3.8873,4.0213,-72.7300,5.8800,20.2300,-2.4870,0.2011,0.6918,0
323459,-7.0469,-3.3870,5.9458,-42.4900,-4.9700,39.0600,-1.4529,-0.1699,1.3357,0
323498,-7.8487,-2.6091,3.5761,-96.4600,-48.1600,51.2400,-3.2984,-1.6468,1.7521,0
323537,-8.4376,-4.0453,2.2141,-79.1000,-27.9300,49.5600,-2.7048,-0.9551,1.6947,0
323576,-12.3201,-4.3469,2.9514,-130.0600,-52.7100,15.6100,-4.4474,-1.8024,0.5338,0
323615,-14.6539,0.3112,0.1771,-54.1100,-10.9900,-52.2200,-1.8503,-0.3758,-1.7857,0
323654,-15.0823,4.1458,0.7037,-3.9900,-14.4200,-8.9600,-0.1364,-0.4931,-0.3064,0
323693,-8.8182,-2.3625,-0.2513,-33.7400,47.3200,27.4400,-1.1537,1.6181,0.9383,0
323732,-10.9365,-4.2008,3.0423,13.9300,38.3600,20.4400,0.4763,1.3117,0.6989,0
323771,-7.4777,-1.5894,3.3990,-98.6300,29.7500,44.8700,-3.3726,1.0173,1.5343,0
323810,-8.2724,-1.7426,2.8245,-51.2400,26.0400,35.9800,-1.7521,0.8904,1.2303,0
323849,-8.7703,-0.5434,1.5942,-24.9900,18.2000,32.9000,-0.8545,0.6223,1.1250,0
323888,-8.2724,-0.4763,1.5702,-43.0500,6.3700,33.3900,-1.4721,0.2178,1.1418,0
323927,-8.2628,-1.3165,1.6851,-18.2000,-0.2100,11.4100,-0.6223,-0.0072,0.3902,0
323966,-10.2232,-1.2926,1.1466,-20.9300,-4.9000,19.7400,-0.7157,-0.1676,0.6750,0
324005,-10.5464,-1.2303,1.2375,-28.8400,-0.9800,15.1200,-0.9862,-0.0335,0.5170,0
324044,-9.6895,-1.2902,1.1178,-31.7800,4.2000,10.5000,-1.0867,0.1436,0.3590,0
324083,-9.7230,-1.4051,0.6200,-17.0100,4.1300,8.5400,-0.5817,0.1412,0.2920,0
324122,-9.5937,-1.0029,0.8426,-27.7200,5.1100,3.8500,-0.9479,0.1747,0.1317,0
324161,-9.8522,-0.8426,0.6654,-29.9600,3.7800,1.4000,-1.0245,0.1293,0.0479,0
324200,-9.4381,-0.9359,0.8234,-26.3200,4.9000,-1.5400,-0.9000,0.1676,-0.0527,0
324239,-9.2442,-1.2758,0.9120,-13.7900,-0.2800,-1.1200,-0.4715,-0.0096,-0.0383,0
324278,-9.3711,-1.6085,0.9694,-19.3200,-0.5600,2.3800,-0.6606,-0.0191,0.0814,0
324317,-9.6871,-1.7138,0.9120,-21.3500,-4.2000,4.2000,-0.7301,-0.1436,0.1436,0
324356,-9.6727,-1.7378,0.9503,-23.5900,-6.3000,-4.7600,-0.8067,-0.2154,-0.1628,0
324395,-9.6272,-1.4841,0.8450,-31.9900,-7.2800,-7.5600,-1.0939,-0.2489,-0.2585,0
324434,-9.3448,-1.5894,0.9742,-35.4200,-9.0300,-7.6300,-1.2112,-0.3088,-0.2609,0
324473,-9.8211,-1.6851,0.9598,-29.5400,-10.2900,-6.0200,-1.0101,-0.3519,-0.2059,0
324512,-9.4668,-1.8144,0.7923,-36.2600,-7.3500,-10.3600,-1.2399,-0.2513,-0.3543,0
324551,-9.8857,-1.7402,1.1513,-30.5200,-9.8000,-11.6900,-1.0436,-0.3351,-0.3997,0
324590,-9.3448,-1.5056,0.8234,-44.3800,-14.2800,-14.7700,-1.5176,-0.4883,-0.5051,0
324629,-8.4807,-1.5559,1.0604,-48.0200,-14.4200,-19.3900,-1.6420,-0.4931,-0.6630,0
324668,-8.9426,-1.8216,1.1346,-37.8700,-14.2100,-17.5700,-1.2950,-0.4859,-0.6008,0
324707,-9.4860,-1.7258,1.0843,-52.7800,-22.5400,-25.3400,-1.8048,-0.7708,-0.8665,0
324746,-9.2682,-1.5630,1.1801,-41.5100,-21.7000,-35.4900,-1.4194,-0.7420,-1.2136,0
324785,-9.1652,-1.7019,1.4410,-41.5100,-22.9600,-40.0400,-1.4194,-0.7851,-1.3692,0
324824,-10.1466,-2.3529,1.6684,-24.5000,-23.1700,-36.0500,-0.8378,-0.7923,-1.2327,0
324863,-10.5943,-3.6072,1.8886,-12.0400,-22.1200,-15.7500,-0.4117,-0.7564,-0.5386,0
324902,-9.8642,-5.3139,1.7665,-42.9800,-25.4100,0.9100,-1.4697,-0.8689,0.0311,0
324941,-9.8522,-6.9727,3.7556,-52.7800,3.9200,29.1200,-1.8048,0.1340,0.9958,0
324980,-8.1695,-1.9700,2.5157,-109.3400,-28.0000,18.7600,-3.7389,-0.9575,0.6415,0
325019,-6.9344,-5.2923,3.6718,-42.3500,-42.6300,-1.4000,-1.4482,-1.4577,-0.0479,0
325058,-8.2102,-3.9734,2.8628,-91.8400,-59.2900,13.1600,-3.1405,-2.0274,0.4500,0
325097,-8.6985,-6.6424,3.0567,-97.0200,-59.5000,36.5400,-3.3176,-2.0346,1.2495,0
325136,-8.3011,-4.3947,2.7599,-183.9600,-75.5300,22.8900,-6.2905,-2.5827,0.7827,0
325175,-8.5214,-4.1003,2.0250,-145.1800,-66.0800,19.2500,-4.9644,-2.2596,0.6583,0
325214,-7.6908,-1.5128,1.1035,-106.3300,-63.9800,16.2400,-3.6359,-2.1878,0.5553,0
325253,-7.7841,-2.5756,2.9681,-72.3800,-67.7600,30.9400,-2.4750,-2.3170,1.0580,0
325292,-8.0857,-3.9830,3.2913,-26.3900,-51.1700,18.3400,-0.9024,-1.7498,0.6271,0
325331,-8.6171,-4.7490,2.4894,-64.4700,-46.6200,10.0100,-2.2045,-1.5942,0.3423,0
325370,-7.6022,-4.3205,4.0812,-75.9500,-34.0900,34.1600,-2.5971,-1.1657,1.1681,0
325409,-8.4232,-4.1410,4.4450,-59.2900,-25.2700,41.1600,-2.0274,-0.8641,1.4075,0
325448,-8.8636,-4.3564,4.6915,-48.3700,-12.2500,34.7900,-1.6540,-0.4189,1.1896,0
325487,-9.2849,-3.4205,4.6604,-70.2100,-11.6200,21.7000,-2.4008,-0.3973,0.7420,0
325526,-8.9139,-3.0232,3.8442,-46.4100,-14.0700,3.0100,-1.5870,-0.4811,0.1029,0
325565,-7.7386,-3.1979,3.1811,-50.5400,-20.6500,17.6400,-1.7282,-0.7061,0.6032,0
325604,-6.8051,-2.7168,3.3104,-24.0100,-9.8000,40.1100,-0.8210,-0.3351,1.3716,0
325643,-10.1921,-3.9328,2.0011,-96.4600,-18.0600,69.0900,-3.2984,-0.6176,2.3625,0
325682,-6.9918,-0.6774,-0.7253,-30.1000,-22.8900,17.5700,-1.0293,-0.7827,0.6008,0
325721,-10.7810,-0.3184,0.3830,4.2700,-9.5200,12.9500,0.1460,-0.3255,0.4428,0
325760,-12.1477,-2.6809,2.0035,2.9400,18.3400,26.9500,0.1005,0.6271,0.9216,0
325799,-10.6206,-3.6144,1.7019,0.0000,37.8000,19.0400,0.0000,1.2926,0.6511,0
325838,-12.7054,-4.3660,3.2099,42.2800,75.4600,-9.1000,1.4458,2.5803,-0.3112,0
325877,-12.3823,-2.5875,3.4756,2.1700,90.5800,18.9700,0.0742,3.0974,0.6487,0
325916,-11.2884,1.1298,3.8466,-16.6600,124.9500,-43.8200,-0.5697,4.2726,-1.4984,0
325955,-9.8283,-0.2992,1.7091,50.8200,76.1600,-67.7600,1.7378,2.6043,-2.3170,0
325994,-8.4113,1.7162,0.3638,74.6900,108.7800,18.2700,2.5540,3.7197,0.6247,0
326033,-6.5849,-3.9112,0.7875,128.2400,114.6600,95.7600,4.3851,3.9208,3.2745,0
326072,-1.8359,-2.9873,0.2513,105.7700,33.3200,25.9700,3.6168,1.1394,0.8880,0
326111,-1.8934,-2.8867,-0.8330,105.2800,2.1700,31.6400,3.6000,0.0742,1.0819,0
326150,-20.7864,-12.8203,-0.4883,127.3300,-250.6700,171.2900,4.3540,-8.5716,5.8572,0
326189,-14.9507,5.1080,-3.9256,-101.8500,-228.5500,-45.5000,-3.4827,-7.8152,-1.5559,0
326228,-15.2762,-4.2798,-1.8216,155.8200,-70.4900,-37.5200,5.3282,-2.4104,-1.2830,0
326267,-11.9036,-2.5277,5.2301,-21.2100,34.5100,-79.8700,-0.7253,1.1801,-2.7311,0
326306,-8.2820,-2.7048,5.5963,4.0600,29.0500,-73.9200,0.1388,0.9934,-2.5277,0
326345,-4.6844,-5.3043,3.4109,84.2100,37.3800,-74.4800,2.8795,1.2782,-2.5468,0
326384,-2.1375,-5.6083,4.8352,81.9700,54.8800,-24.7800,2.8030,1.8766,-0.8473,0
326423,-1.7737,-5.5652,1.3739,-6.7200,-11.8300,45.4300,-0.2298,-0.4045,1.5535,0
326462,-1.4745,0.3471,0.7995,-152.4600,-35.7700,22.6100,-5.2133,-1.2232,0.7731,0
326501,-11.0634,1.1106,2.1758,-184.9400,-121.7300,-31.4300,-6.3240,-4.1625,-1.0747,0
326540,-17.9260,-6.1253,-8.9379,44.7300,-82.8800,31.0100,1.5295,-2.8341,1.0604,0
326579,-9.2825,-0.3231,4.5527,-21.6300,93.3100,25.9000,-0.7396,3.1907,0.8856,0
326618,-12.2363,-6.4485,6.7572,-5.8800,22.8200,65.5900,-0.2011,0.7803,2.2428,0
326657,-13.3733,-1.3189,0.5386,60.2000,61.1800,-60.0600,2.0585,2.0920,-2.0537,0
326696,-10.4219,0.1699,3.4684,56.4200,106.0500,-140.4200,1.9293,3.6264,-4.8016,0
326735,-10.8599,-1.9460,0.1628,150.9200,123.2000,-109.2700,5.1607,4.2128,-3.7365,0
326774,-4.3397,4.9907,2.2428,-13.7200,255.1500,55.6500,-0.4692,8.7248,1.9029,0
326813,-2.6306,-3.1428,5.1200,189.1400,102.3400,260.1900,6.4676,3.4995,8.8972,0
326852,0.1747,-7.7602,-5.4144,107.3800,-36.0500,99.6800,3.6718,-1.2327,3.4085,0
326891,-3.0112,1.1394,8.5908,-58.6600,-178.5000,96.9500,-2.0059,-6.1038,3.3152,0
326930,-36.8980,-8.9211,-20.2885,-258.3700,-352.1700,152.1800,-8.8349,-12.0424,5.2038,0
326969,-14.1536,0.4093,5.1176,81.6200,-50.1900,-105.7700,2.7910,-1.7162,-3.6168,0
327008,-13.8448,-0.4692,1.0412,11.8300,52.5000,-93.3800,0.4045,1.7952,-3.1931,0
327047,-7.9062,-2.1662,9.2825,81.3400,61.5300,-50.3300,2.7814,2.1040,-1.7210,0
327086,-6.5155,-6.2378,6.0320,97.4400,55.3000,-16.2400,3.3319,1.8910,-0.5553,0
327125,-5.0075,-3.9471,3.2003,-7.1400,64.4000,-24.5700,-0.2442,2.2021,-0.8402,0
327164,-3.0974,-2.7862,2.2476,-0.9100,74.4100,40.6000,-0.0311,2.5444,1.3883,0
327203,-1.8886,-1.4051,2.1351,-22.9600,6.6500,75.2500,-0.7851,0.2274,2.5732,0
327242,-1.8575,0.1867,-2.4607,-48.5800,-71.1900,-33.3900,-1.6612,-2.4343,-1.1418,0
327281,-15.0680,3.0327,-3.1428,-52.0100,-99.7500,-19.2500,-1.7785,-3.4109,-0.6583,0
327320,-17.4185,-0.4452,-5.3378,174.6500,-118.6500,-27.3700,5.9721,-4.0572,-0.9359,0
327359,-11.9874,-5.8022,4.0189,-16.2400,89.8800,-22.1900,-0.5553,3.0734,-0.7588,0
327398,-14.5270,-4.2726,4.4234,153.4400,125.6500,2.3100,5.2469,4.2966,0.0790,0
327437,-10.8097,-2.4535,4.1075,73.7800,99.5400,-40.7400,2.5229,3.4038,-1.3931,0
327476,-11.2956,-4.2176,1.9149,209.5800,92.7500,-122.8500,7.1666,3.1716,-4.2008,0
327515,-7.5663,-1.6468,-0.2250,48.7900,232.8200,-50.4000,1.6684,7.9612,-1.7234,0
327554,-7.5663,3.7030,3.3894,96.1800,228.7600,92.1900,3.2889,7.8224,3.1524,0
327593,-2.4894,-5.5197,2.8772,249.3400,79.2400,231.2800,8.5261,2.7096,7.9086,0
327632,-0.5745,-7.0971,-0.6487,36.1900,-103.8100,168.7700,1.2375,-3.5498,5.7711,0
327671,-6.1014,1.4314,2.4774,-49.6300,-105.6300,-6.0200,-1.6971,-3.6120,-0.2059,0
327710,-30.5955,-4.5192,-1.4218,-259.4900,-423.3600,0.9800,-8.8732,-14.4767,0.0335,0
327749,-13.2943,-2.9490,9.2514,441.7700,22.8900,-183.6800,15.1063,0.7827,-6.2809,0
327788,-13.6366,-0.0096,-3.6024,78.0500,-31.9900,-175.7000,2.6689,-1.0939,-6.0080,0
327827,-5.8740,-3.4038,9.2275,110.7400,46.6200,-99.7500,3.7867,1.5942,-3.4109,0
327866,-5.3091,-5.4551,7.1905,102.3400,67.3400,-51.9400,3.4995,2.3027,-1.7761,0
327905,-3.3511,-4.4737,2.4319,38.3600,48.0200,7.8400,1.3117,1.6420,0.2681,0
327944,-0.5864,-1.8383,0.6247,-49.2800,-6.3700,62.5800,-1.6851,-0.2178,2.1399,0
327983,-0.6415,1.0747,-4.2463,-114.9400,-65.8700,0.9800,-3.9304,-2.2524,0.0335,0
328022,-22.0861,0.9814,3.6551,6.0900,-111.8600,-16.2400,0.2082,-3.8250,-0.5553,0
328061,-17.2701,-7.7051,-0.8737,-14.0000,-13.9300,-19.7400,-0.4787,-0.4763,-0.6750,0
328100,-12.2195,-1.7928,5.8189,-94.3600,64.8200,37.2400,-3.2266,2.2165,1.2734,0
328139,-12.8945,-5.8596,3.5330,-16.9400,69.1600,22.2600,-0.5793,2.3649,0.7612,0
328178,-14.0148,-4.0644,3.4780,56.0000,84.9800,-43.1900,1.9149,2.9059,-1.4769,0
328217,-10.7953,-3.8490,1.4769,29.1200,148.8900,-101.3600,0.9958,5.0913,-3.4660,0
328256,-9.1126,4.9836,4.1793,-108.8500,321.9300,21.7700,-3.7221,11.0084,0.7444,0
328295,-4.2655,-1.6971,3.0351,156.3800,131.6700,82.9500,5.3474,4.5024,2.8365,0
328334,0.0431,-4.1841,0.4165,103.1100,-70.9100,50.3300,3.5258,-2.4248,1.7210,0
328373,-0.3064,-5.1727,-1.0412,-87.6400,-216.5800,31.1500,-2.9968,-7.4059,1.0652,0
328412,-18.5938,-6.4197,2.1351,-76.0200,-197.8200,18.6900,-2.5995,-6.7644,0.6391,0
328451,-17.8972,-2.1016,-2.0250,-323.2600,-231.2800,-57.7500,-11.0538,-7.9086,-1.9748,0
328490,-15.1230,-2.3003,3.8753,132.7900,-135.2400,8.5400,4.5407,-4.6245,0.2920,0
328529,-11.4392,-2.8006,6.5777,-131.3200,41.0900,-40.7400,-4.4905,1.4051,-1.3931,0
328568,-10.1730,-4.5312,4.5862,55.6500,10.2900,-31.7800,1.9029,0.3519,-1.0867,0
328607,-7.5160,-0.5434,2.6162,-72.1700,52.2200,-37.4500,-2.4678,1.7857,-1.2806,0
328646,-5.5126,1.2782,2.3506,-34.4400,55.0900,-2.5200,-1.1777,1.8838,-0.0862,0
328685,-2.0466,-2.0609,2.4128,23.5200,-1.1900,-14.4200,0.8043,-0.0407,-0.4931,0
328724,-1.6803,0.3447,-3.5234,-57.1900,-64.2600,-32.2000,-1.9556,-2.1974,-1.1011,0
328763,-1.8575,2.2141,-2.4774,80.9200,-45.3600,-61.0400,2.7670,-1.5511,-2.0873,0
328802,-27.0218,-4.6221,-6.9104,103.1100,-45.7800,112.4200,3.5258,-1.5654,3.8442,0
328841,-10.1634,-3.6623,5.8907,-85.1200,106.1200,-69.5100,-2.9107,3.6288,-2.3769,0
328880,-12.7437,-2.7024,7.3102,1.2600,120.3300,-34.9300,0.0431,4.1147,-1.1944,0
328919,-12.6169,-5.5389,5.1152,-62.0200,108.7800,117.4600,-2.1208,3.7197,4.0165,0
328958,-13.6773,-4.9333,2.0992,18.2000,179.5500,64.3300,0.6223,6.1397,2.1998,0
328997,-12.0783,-4.7466,0.6271,175.8400,258.9300,-84.7000,6.0128,8.8541,-2.8963,0
329036,-6.3144,5.7902,4.3157,48.4400,243.6700,24.0100,1.6564,8.3323,0.8210,0
329075,1.2088,-1.7785,4.7586,115.2200,41.0200,198.6600,3.9399,1.4027,6.7932,0
329114,3.0519,-6.3695,0.7636,-30.1700,-206.2200,147.0000,-1.0317,-7.0517,5.0266,0
329153,-0.0096,-2.3841,-2.3386,-182.0700,-84.4200,-33.4600,-6.2259,-2.8867,-1.1442,0
329192,-37.0464,-9.0073,15.2355,19.1800,-261.1700,54.0400,0.6559,-8.9307,1.8479,0
329231,-20.1521,10.2161,-10.9078,270.4800,-35.7000,-164.5000,9.2490,-1.2208,-5.6251,0
329270,-14.2972,-8.7057,2.8508,-87.6400,-5.4600,-27.8600,-2.9968,-0.1867,-0.9527,0
329309,-7.5807,-3.7724,7.7051,71.0500,7.8400,-42.9100,2.4295,0.2681,-1.4673,0
329348,-7.1091,-3.9256,3.6264,-22.9600,47.7400,-43.6100,-0.7851,1.6325,-1.4912,0
329387,-4.9285,-0.4141,1.4649,-17.4300,99.8900,-24.1500,-0.5960,3.4157,-0.8258,0
329426,0.0527,-1.1418,3.0471,-7.5600,20.5800,17.9200,-0.2585,0.7037,0.6128,0
329465,-0.3567,4.2631,-2.8053,-218.5400,-79.3800,12.9500,-7.4729,-2.7144,0.4428,0
329504,-0.6894,4.2894,-2.9059,67.8300,-47.2500,-113.6100,2.3194,-1.6157,-3.8849,0
329543,-36.9028,-3.3679,5.0314,201.0400,-22.7500,178.6400,6.8745,-0.7779,6.1086,0
329582,-10.6038,-14.3977,2.4846,-131.2500,-27.6500,21.8400,-4.4881,-0.9455,0.7468,0
329621,-13.8616,-4.3133,7.1235,3.5700,118.0900,-20.0900,0.1221,4.0381,-0.6870,0
329660,-12.5116,-2.8843,4.6700,-19.6000,102.3400,52.0800,-0.6702,3.4995,1.7809,0
329699,-12.0089,-10.3166,-3.0040,182.9100,147.0000,-74.6200,6.2546,5.0266,-2.5516,0
329738,-11.1783,9.8450,6.3001,-130.6200,457.0300,19.1800,-4.4665,15.6281,0.6559,0
329777,0.1843,-1.5463,7.5495,174.0200,55.5800,198.8700,5.9506,1.9006,6.8003,0
329816,2.4439,-7.2264,-0.4955,30.1000,-156.0300,79.3100,1.0293,-5.3354,2.7120,0
329855,3.8681,-1.9293,-0.0551,-169.5400,-231.7000,-76.7200,-5.7974,-7.9229,-2.6234,0
329894,-15.0847,-4.1961,1.5056,-28.0700,-169.4000,26.6000,-0.9598,-5.7926,0.9096,0
329933,-22.5146,6.6328,-21.9928,-572.1100,-433.7900,-27.5100,-19.5632,-14.8334,-0.9407,0
329972,-12.3584,-0.1029,3.9567,90.0200,-96.9500,-64.5400,3.0782,-3.3152,-2.2069,0
330011,-12.2219,-2.5133,4.6724,-78.8900,77.6300,-44.3100,-2.6976,2.6545,-1.5152,0
330050,-10.1610,-5.2229,7.5041,57.0500,-1.2600,7.2100,1.9508,-0.0431,0.2465,0
330089,-8.3801,-2.6905,3.2625,-25.6200,35.7000,-32.9700,-0.8761,1.2208,-1.1274,0
330128,-3.5426,-1.4051,2.0753,11.5500,107.9400,-11.9000,0.3950,3.6910,-0.4069,0
330167,-2.1830,1.3835,-0.0191,-59.8500,-9.8700,0.8400,-2.0466,-0.3375,0.0287,0
330206,-0.1317,-0.5434,-3.5019,56.9100,-33.6700,-70.2100,1.9460,-1.1513,-2.4008,0
330245,-10.7857,-1.6301,-3.1548,125.2300,-62.9300,0.4200,4.2822,-2.1519,0.0144,0
330284,-27.4407,0.8976,-2.9968,-54.1800,-16.1700,112.7700,-1.8527,-0.5529,3.8562,0
330323,-10.8121,-7.8631,4.1314,36.4000,103.4600,-70.5600,1.2447,3.5378,-2.4128,0
330362,-12.6671,-1.6349,7.6860,0.5600,113.4000,10.1500,0.0191,3.8777,0.3471,0
330401,-11.0610,-4.9141,4.8519,-24.1500,86.2400,79.5200,-0.8258,2.9490,2.7192,0
330440,-11.9491,-5.5676,0.7277,38.9200,121.5900,-0.6300,1.3309,4.1578,-0.0215,0
330479,-10.4458,1.1250,1.1394,-51.7300,364.2100,-66.3600,-1.7689,12.4541,-2.2692,0
330518,-3.3846,1.3189,5.8860,117.5300,155.1200,97.5800,4.0189,5.3043,3.3367,0
330557,0.8306,-3.2530,1.9915,40.8100,-154.4900,65.3100,1.3955,-5.2828,2.2333,0
330596,1.9771,2.3147,0.6200,-58.8700,-82.3900,-66.5000,-2.0131,-2.8173,-2.2740,0
330635,-15.9225,-3.7173,6.2402,47.3200,-185.7100,42.1400,1.6181,-6.3503,1.4410,0
330674,-25.5545,12.9711,-24.8867,-506.7300,-526.0500,-114.5900,-17.3276,-17.9882,-3.9184,0
330713,-14.3068,-0.8809,4.6891,-11.9000,-99.1900,-91.4900,-0.4069,-3.3918,-3.1285,0
330752,-10.8839,-9.6440,3.5976,26.0400,31.6400,-37.3100,0.8904,1.0819,-1.2758,0
330791,-8.0594,-5.2038,7.2455,137.0600,29.2600,-45.3600,4.6867,1.0005,-1.5511,0
330830,-6.7932,-2.6641,1.7761,-93.1700,46.5500,-43.7500,-3.1859,1.5918,-1.4960,0
330869,-4.1027,-0.0263,1.8670,-106.1900,73.8500,-19.1800,-3.6312,2.5253,-0.6559,0
330908,-0.5505,-0.6200,1.9341,-22.5400,-6.0900,25.1300,-0.7708,-0.2082,0.8593,0
330947,-3.0040,3.1883,-5.0817,-113.6100,-109.7600,47.7400,-3.8849,-3.7532,1.6325,0
330986,-5.0721,1.9963,-1.8144,181.0900,-48.1600,11.2000,6.1923,-1.6468,0.3830,0
331025,-19.4268,-11.4105,-7.7865,151.7600,-35.0000,10.0100,5.1894,-1.1968,0.3423,0
331064,-9.0887,-2.0059,11.6977,-63.0700,170.6600,-81.9000,-2.1567,5.8357,-2.8006,0
331103,-13.6509,-4.5838,7.0708,-20.0900,30.5900,95.4800,-0.6870,1.0460,3.2649,0
331142,-12.1812,-5.6274,0.5793,-25.4100,104.7200,47.0400,-0.8689,3.5809,1.6085,0
331181,-7.4227,-1.3357,6.5969,40.7400,185.3600,-21.2800,1.3931,6.3384,-0.7277,0
331220,-9.8043,1.3979,-1.9269,-60.2000,196.6300,-75.1100,-2.0585,6.7237,-2.5684,0
331259,-4.1362,0.8450,5.8740,109.9700,147.0000,111.7900,3.7604,5.0266,3.8226,0
331298,-1.0676,-4.3995,1.1609,-2.8000,-68.3200,114.5200,-0.0957,-2.3362,3.9160,0
331337,0.2920,-4.2822,-1.5391,1.6800,-122.4300,-30.5200,0.0574,-4.1865,-1.0436,0
331376,-4.3373,-2.9561,3.9950,21.2800,-214.6900,-98.0700,0.7277,-7.3413,-3.3535,0
331415,-27.6178,-2.3458,0.8043,-268.8700,-405.7200,-81.3400,-9.1940,-13.8735,-2.7814,0
331454,-13.5289,-7.3006,6.1469,-70.8400,-78.4000,122.3600,-2.4224,-2.6809,4.1841,0
331493,-10.7044,-9.7684,3.4780,-143.1500,-104.4400,124.7400,-4.8950,-3.5713,4.2655,0
331532,-6.5873,-1.4099,9.2897,-128.5900,-3.1500,-42.9800,-4.3971,-0.1077,-1.4697,0
331571,-8.8924,-2.4176,2.8867,-79.0300,-21.5600,-20.6500,-2.7024,-0.7372,-0.7061,0
331610,-5.5509,-2.8748,6.1828,-213.5700,-28.8400,39.2700,-7.3030,-0.9862,1.3428,0
331649,-5.3929,-1.6540,5.5317,-260.0500,-29.0500,70.7700,-8.8924,-0.9934,2.4200,0
331688,-5.5317,-2.1232,4.1482,-165.6900,3.2900,-7.8400,-5.6657,0.1125,-0.2681,0
331727,-4.0955,1.3165,4.7035,-231.3500,-83.5100,3.2900,-7.9110,-2.8556,0.1125,0
331766,-8.8325,-3.5330,-4.2750,-140.0700,-137.2000,15.0500,-4.7897,-4.6915,0.5146,0
331805,-13.3182,4.3684,4.6054,-143.5700,-123.9700,-40.8100,-4.9094,-4.2391,-1.3955,0
331844,-16.4060,-1.7665,-5.0219,47.0400,-78.8900,47.6000,1.6085,-2.6976,1.6277,0
331883,-14.8549,0.2394,4.3277,-14.7700,16.1700,47.8800,-0.5051,0.5529,1.6372,0
331922,-10.6014,-6.3192,3.2386,-119.1400,22.6100,71.2600,-4.0740,0.7731,2.4367,0
331961,-13.8855,-0.8665,0.7779,-239.3300,149.4500,36.7500,-8.1839,5.1104,1.2567,0
332000,-9.5578,-5.0027,4.4976,9.1700,-102.2000,257.3200,0.3136,-3.4947,8.7990,0
332039,-10.4530,-2.6186,5.2301,-464.3800,-46.5500,-54.3900,-15.8794,-1.5918,-1.8599,0
332078,-10.3836,7.1618,-1.8383,-164.6400,1.8200,-56.9800,-5.6298,0.0622,-1.9484,0
332117,-6.3072,-5.2636,4.8399,-20.7900,21.3500,-21.4200,-0.7109,0.7301,-0.7325,0
332156,-7.8751,2.1351,1.2423,-166.0400,-11.4800,-113.1200,-5.6777,-0.3926,-3.8681,0
332195,-10.2328,0.4811,2.2859,-110.8800,10.5700,-42.4900,-3.7915,0.3614,-1.4529,0
332234,-10.4267,-0.8330,0.5170,-95.9000,-24.1500,-20.8600,-3.2793,-0.8258,-0.7133,0
332273,-7.4514,0.7372,2.0873,-146.6500,-10.2900,-21.4900,-5.0147,-0.3519,-0.7348,0
332312,-6.9703,-3.7676,1.3835,9.8700,-75.2500,99.1900,0.3375,-2.5732,3.3918,0
332351,-6.2115,-5.8022,2.2476,-127.3300,-88.9000,84.4900,-4.3540,-3.0399,2.8891,0
332390,-7.5136,-6.0439,2.6210,-197.4700,-164.3600,95.0600,-6.7525,-5.6203,3.2506,0
332429,-11.9491,-7.9014,3.7365,-118.9300,-104.4400,8.2600,-4.0668,-3.5713,0.2824,0
332468,-12.1477,-0.7851,2.9801,-24.0800,-92.7500,-15.7500,-0.8234,-3.1716,-0.5386,0
332507,-10.9509,-1.6827,3.0064,-102.6200,-84.4900,53.3400,-3.5091,-2.8891,1.8240,0
332546,-10.2544,-2.5636,3.1524,-94.5700,-54.8100,53.9000,-3.2338,-1.8742,1.8431,0
332585,-9.8474,-3.1237,4.9500,-115.7100,-26.7400,23.2400,-3.9567,-0.9144,0.7947,0
332624,-9.6105,-2.5349,4.9740,-133.5600,-25.4100,-2.5200,-4.5671,-0.8689,-0.0862,0
332663,-8.8397,-1.2686,4.0357,-112.0700,-42.0700,5.1800,-3.8322,-1.4386,0.1771,0
332702,-8.0354,0.4237,2.1232,-100.3800,-29.4000,-5.6700,-3.4325,-1.0053,-0.1939,0
332741,-5.5556,-0.8138,1.4242,-50.7500,9.0300,-4.5500,-1.7354,0.3088,-0.1556,0
332780,-2.3410,-0.9551,-1.9006,-45.2200,-55.0200,87.7100,-1.5463,-1.8814,2.9992,0
332819,-6.1804,-2.7742,1.4362,23.3800,-88.6900,98.1400,0.7995,-3.0327,3.3559,0
332858,-25.9495,-3.4062,-7.1833,103.3900,-110.1100,68.9500,3.5354,-3.7652,2.3577,0
332897,-13.0788,-2.7479,2.3003,-86.6600,71.1200,-72.7300,-2.9633,2.4319,-2.4870,0
332936,-12.7342,-1.7138,3.9399,-44.2400,78.6100,-14.9800,-1.5128,2.6881,-0.5122,0
332975,-13.4355,-4.5120,5.0099,49.5600,63.7700,51.5900,1.6947,2.1806,1.7641,0
333014,-12.5187,-6.1564,2.6785,-26.9500,63.4900,29.3300,-0.9216,2.1710,1.0029,0
333053,-9.1533,-2.2309,2.9442,-34.9300,181.9300,-43.8900,-1.1944,6.2211,-1.5008,0
333092,-7.8535,3.7891,0.5051,-96.6000,225.0500,-2.0300,-3.3032,7.6956,-0.0694,0
333131,-2.6474,1.6516,3.4277,42.0000,125.4400,70.4200,1.4362,4.2894,2.4080,0
333170,0.3495,-2.8628,-0.3878,76.5800,-38.9200,-5.9500,2.6186,-1.3309,-0.2035,0
333209,1.9317,-0.5481,-0.5146,40.5300,-264.6700,-94.9900,1.3859,-9.0504,-3.2482,0
333248,-39.3538,-18.3784,11.5900,142.8000,-202.2300,229.5300,4.8830,-6.9152,7.8487,0
333287,-9.6344,-4.2200,1.1106,-243.1100,-114.1000,64.4700,-8.3131,-3.9016,2.2045,0
333326,-11.1185,-4.5958,0.9503,49.3500,-64.6100,5.8100,1.6875,-2.2093,0.1987,0
333365,-11.2980,-3.2889,4.4737,-103.1800,-1.1900,-53.6900,-3.5282,-0.0407,-1.8359,0
333404,-8.7966,-4.9094,5.6562,-4.9000,-9.0300,-22.4700,-0.1676,-0.3088,-0.7684,0
333443,-7.9756,-0.2872,3.0136,-105.0700,18.9700,-37.4500,-3.5929,0.6487,-1.2806,0
333482,-4.7705,-1.3548,1.1872,2.7300,60.6900,-15.0500,0.0934,2.0753,-0.5146,0
333521,-3.1165,-0.4883,2.4367,-47.5300,-8.1200,-14.1400,-1.6253,-0.2777,-0.4835,0
333560,-2.7168,3.7484,-3.5785,99.0500,-54.5300,-14.2800,3.3870,-1.8646,-0.4883,0
333599,-0.3016,3.0615,-2.7694,39.9000,-69.1600,-82.3200,1.3644,-2.3649,-2.8149,0
333638,-33.5684,-1.1394,9.3879,133.0000,-64.8900,230.3000,4.5479,-2.2189,7.8751,0
333677,-13.4882,-5.3905,7.0182,-86.3800,95.7600,-59.8500,-2.9538,3.2745,-2.0466,0
333716,-13.2057,-1.5415,4.8926,-20.7900,97.7200,-24.7100,-0.7109,3.3415,-0.8450,0
333755,-12.1262,-3.6886,4.8064,-56.6300,126.9800,41.9300,-1.9365,4.3421,1.4338,0
333794,-11.4057,-6.6376,-0.6056,153.8600,166.8800,-0.2100,5.2612,5.7064,-0.0072,0
333833,-7.8320,1.0963,4.4953,-31.3600,366.5900,40.6700,-1.0724,12.5355,1.3907,0
333872,-1.8551,-0.1005,4.0405,121.5200,177.1000,9.5200,4.1554,6.0559,0.3255,0
333911,1.8000,0.6463,2.3386,-16.9400,-64.6100,61.2500,-0.5793,-2.2093,2.0944,0
333950,1.7474,-3.4349,-0.1364,92.1200,-191.5200,3.0800,3.1500,-6.5490,0.1053,0
333989,-6.0607,-1.3739,-1.6851,-8.3300,-249.6200,48.8600,-0.2848,-8.5357,1.6708,0
334028,-36.9410,-17.4951,-3.3511,-220.5700,-295.7500,110.1800,-7.5424,-10.1131,3.7676,0
334067,-14.9579,3.6312,5.3809,51.1000,-5.4600,-75.6000,1.7474,-0.1867,-2.5851,0
334106,-12.8634,-6.2953,4.0237,14.9100,50.4700,-44.9400,0.5098,1.7258,-1.5367,0
334145,-8.6003,-4.2320,6.4580,57.0500,26.4600,-45.9200,1.9508,0.9048,-1.5702,0
334184,-6.7070,-2.5014,2.5827,-56.8400,22.1200,-53.9700,-1.9436,0.7564,-1.8455,0
334223,-4.9524,-0.5769,0.5266,-69.5100,64.2600,-47.3200,-2.3769,2.1974,-1.6181,0
334262,-1.7809,-0.3567,2.0226,-28.6300,26.4600,5.9500,-0.9790,0.9048,0.2035,0
334301,-2.0322,0.4955,-2.5564,-91.8400,-56.5600,30.5200,-3.1405,-1.9341,1.0436,0
334340,-0.4213,0.7636,0.1628,67.0600,-39.4100,-151.4800,2.2931,-1.3476,-5.1798,0
334379,-30.5955,-7.8703,3.8131,0.4900,-124.3900,146.5100,0.0168,-4.2535,5.0099,0
334418,-13.4810,-6.4102,-2.3529,109.2000,38.4300,-60.9000,3.7341,1.3141,-2.0825,0
334457,-10.2184,-6.0727,7.2408,133.7700,137.4800,3.5700,4.5742,4.7011,0.1221,0
334496,-12.5283,-3.0471,5.2899,-75.3900,86.9400,19.8100,-2.5780,2.9729,0.6774,0
334535,-12.6791,-3.3343,1.2016,13.3000,119.7000,125.6500,0.4548,4.0931,4.2966,0
334574,-10.0485,-5.5987,0.7995,160.2300,211.6800,-2.8700,5.4790,7.2384,-0.0981,0
334613,-6.3264,5.1008,2.4702,-16.3100,203.2100,64.4000,-0.5577,6.9487,2.2021,0
334652,0.7133,-3.4947,1.5654,68.5300,57.4700,110.1800,2.3434,1.9652,3.7676,0
334691,2.5780,-4.1889,0.4644,67.5500,-83.3000,-79.4500,2.3099,-2.8484,-2.7168,0
334730,-1.2806,1.5104,0.4189,-101.9200,-225.4000,-79.8700,-3.4851,-7.7075,-2.7311,0
334769,-40.5578,-15.0201,5.9003,16.0300,-264.1800,121.2400,0.5481,-9.0336,4.1458,0
334808,-14.6275,7.7602,-4.7849,-124.9500,-150.9200,-177.2400,-4.2726,-5.1607,-6.0607,0
334847,-9.2323,-6.4892,4.5288,99.8900,-90.3000,35.0700,3.4157,-3.0878,1.1992,0
334886,-9.5099,-1.4458,6.8506,-133.9800,23.8000,-26.7400,-4.5814,0.8138,-0.9144,0
334925,-8.2054,-6.6663,4.7945,69.7900,-2.3100,-26.8800,2.3865,-0.0790,-0.9192,0
334964,-7.6812,-3.3056,3.6072,-18.4800,28.9800,-25.3400,-0.6319,0.9910,-0.8665,0
335003,-3.8801,0.5984,3.4349,-41.0200,37.8700,17.1500,-1.4027,1.2950,0.5864,0
335042,-5.1703,-0.8976,-0.3471,-44.5900,-3.3600,40.2500,-1.5247,-0.1149,1.3763,0
335081,-4.9883,-1.7067,-3.8825,54.3200,-24.6400,-19.7400,1.8575,-0.8426,-0.6750,0
335120,-7.3533,1.8670,-0.4572,-37.2400,-77.3500,-86.8000,-1.2734,-2.6450,-2.9681,0
335159,-21.8061,-0.3973,-4.5383,-98.7700,-87.7800,67.0600,-3.3774,-3.0016,2.2931,0
335198,-10.6206,-6.3934,2.3960,42.7000,68.8100,-11.4100,1.4601,2.3529,-0.3902,0
335237,-13.8688,-4.0022,5.3641,20.8600,101.8500,-29.6100,0.7133,3.4827,-1.0125,0
335276,-12.1597,-5.6107,3.1740,57.6100,118.3700,-7.7700,1.9700,4.0476,-0.2657,0
335315,-12.6528,-1.8527,2.6976,29.8200,105.7700,9.2400,1.0197,3.6168,0.3160,0
335354,-10.4530,-0.9527,0.3590,34.6500,176.7500,56.2800,1.1849,6.0439,1.9245,0
335393,-8.6698,-1.1011,4.3038,105.5600,198.4500,-3.2200,3.6096,6.7860,-0.1101,0
335432,-5.3785,1.9867,1.0173,90.5100,106.1200,41.3700,3.0950,3.6288,1.4146,0
335471,1.9963,-3.8729,1.0795,86.5900,42.2800,64.0500,2.9609,1.4458,2.1902,0
335510,0.4572,-3.6575,0.9790,29.9600,-162.3300,76.7200,1.0245,-5.5509,2.6234,0
335549,-20.9611,-7.1570,9.1700,-86.3100,-412.5800,178.0100,-2.9514,-14.1081,6.0870,0
335588,-17.6124,4.1290,-16.4180,-144.1300,-233.0300,3.2200,-4.9285,-7.9684,0.1101,0
335627,-13.6892,-0.6104,0.4500,69.9300,-17.9900,-27.0200,2.3912,-0.6152,-0.9239,0
335666,-12.0113,-3.6240,3.0112,10.8500,21.8400,-53.2700,0.3710,0.7468,-1.8216,0
335705,-9.3615,-4.3325,7.4251,18.4100,-3.9200,-32.9700,0.6295,-0.1340,-1.1274,0
335744,-9.3113,-4.4450,1.5511,10.4300,-14.9100,-56.7000,0.3567,-0.5098,-1.9388,0
335783,-4.5790,-1.0747,2.5277,-18.8300,96.3900,-57.0500,-0.6439,3.2960,-1.9508,0
335822,-1.3787,-0.4285,3.7125,-32.2000,50.4700,-5.4600,-1.1011,1.7258,-0.1867,0
335861,-1.3500,2.4272,-0.3902,-141.2600,-117.0400,26.7400,-4.8304,-4.0022,0.9144,0
335900,-9.0934,2.4224,-0.2489,123.9000,-59.1500,-102.2700,4.2367,-2.0226,-3.4971,0
335939,-31.3399,0.1269,-6.5586,148.7500,-51.1000,100.1000,5.0865,-1.7474,3.4229,0
335978,-8.9402,-6.0463,6.2881,-120.5400,84.0000,-64.0500,-4.1218,2.8724,-2.1902,0
336017,-14.1847,-2.3242,7.1642,-29.4000,103.6700,-8.2600,-1.0053,3.5450,-0.2824,0
336056,-12.1142,-2.9561,3.1668,4.2000,69.6500,25.6900,0.1436,2.3817,0.8785,0
336095,-11.1831,-1.9676,1.9125,30.7300,63.3500,-45.6400,1.0508,2.1662,-1.5607,0
336134,-10.7044,-0.1149,-2.5660,85.1900,183.0500,-171.6400,2.9131,6.2594,-5.8692,0
336173,-6.8099,4.2439,6.5490,58.9400,278.6700,55.0900,2.0154,9.5291,1.8838,0
336212,-1.8814,-2.5325,4.2367,74.6200,88.5500,147.0000,2.5516,3.0280,5.0266,0
336251,0.5457,-5.4407,-1.6013,98.8400,-11.4800,87.7100,3.3798,-0.3926,2.9992,0
336290,-0.6918,-2.6402,3.3056,68.3900,-41.3000,-24.0100,2.3386,-1.4122,-0.8210,0
336329,-34.8706,-13.9836,-2.5684,-81.6900,-340.4100,219.5900,-2.7934,-11.6403,7.5088,0
336368,-11.7360,2.2309,3.1261,170.5200,-59.0800,-120.8900,5.8309,-2.0202,-4.1338,0
336407,-13.6366,-3.8538,3.5402,47.6000,-15.3300,-40.6000,1.6277,-0.5242,-1.3883,0
336446,-12.1190,-2.5636,4.3612,15.4000,25.2700,-44.4500,0.5266,0.8641,-1.5200,0
336485,-7.9014,-3.3774,4.8830,66.1500,4.0600,-39.7600,2.2620,0.1388,-1.3596,0
336524,-5.9219,-2.2261,3.7125,9.8700,88.9000,-32.2000,0.3375,3.0399,-1.1011,0
336563,-4.1984,-2.3769,2.7264,48.7200,106.5400,-20.3700,1.6660,3.6431,-0.6965,0
336602,-3.7006,-1.3931,0.4117,-33.9500,49.2100,40.5300,-1.1609,1.6827,1.3859,0
336641,-4.2487,-1.7833,0.8713,71.3300,-3.9900,36.1200,2.4391,-0.1364,1.2351,0
336680,-10.1993,1.3357,-4.1913,-23.4500,-106.1200,-15.8200,-0.8019,-3.6288,-0.5410,0
336719,-18.3353,2.3266,-0.3375,6.3700,-34.7900,51.1000,0.2178,-1.1896,1.7474,0
336758,-14.6946,-0.1197,3.7772,83.7200,67.7600,16.0300,2.8628,2.3170,0.5481,0
336797,-11.6403,-5.0745,-1.0125,264.5300,79.2400,-62.7900,9.0456,2.7096,-2.1471,0
336836,-11.6810,1.7952,5.9003,-18.6900,164.6400,-53.2700,-0.6391,5.6298,-1.8216,0
336875,-11.1615,-7.7674,0.6080,266.7000,184.3100,53.9000,9.1198,6.3025,1.8431,0
336914,-4.4187,1.0700,7.1330,-0.7700,176.9600,-10.5700,-0.0263,6.0511,-0.3614,0
336953,-2.5133,-2.7144,2.2189,156.5200,3.1500,14.2100,5.3522,0.1077,0.4859,0
336992,-3.4014,-2.3793,-0.9479,72.1700,-74.5500,76.3700,2.4678,-2.5492,2.6115,0
337031,-5.5389,-2.2764,2.1088,119.7700,-134.8200,35.7700,4.0955,-4.6102,1.2232,0
337070,-17.4377,-1.6540,0.3040,55.9300,-191.4500,63.3500,1.9125,-6.5466,2.1662,0
337109,-15.8962,-8.7081,-3.0303,42.1400,-145.5300,31.7100,1.4410,-4.9764,1.0843,0
337148,-15.6688,4.5288,-0.9527,35.6300,-95.5500,-194.6000,1.2184,-3.2673,-6.6543,0
337187,-12.4086,-1.5511,5.3929,7.4200,4.2700,-110.7400,0.2537,0.1460,-3.7867,0
337226,-9.6799,-2.6450,5.4479,111.3000,2.8700,-100.7300,3.8059,0.0981,-3.4444,0
337265,-7.6046,-3.8801,5.4503,84.9100,29.4700,-57.1900,2.9035,1.0077,-1.9556,0
337304,-4.8088,-6.7166,4.4330,87.0100,53.5500,-10.8500,2.9753,1.8311,-0.3710,0
337343,-2.8173,-2.4200,2.0992,-15.7500,64.2600,26.7400,-0.5386,2.1974,0.9144,0
337382,-2.4607,-4.5719,-0.2226,20.9300,61.2500,26.9500,0.7157,2.0944,0.9216,0
337421,-2.9226,3.8107,0.2944,-112.2800,-28.9800,-27.0200,-3.8394,-0.9910,-0.9239,0
337460,-17.7273,0.9239,-1.7091,157.2900,-82.4600,-10.2200,5.3785,-2.8197,-0.3495,0
337499,-15.3289,-3.9591,4.4665,45.6400,-4.4100,-37.9400,1.5607,-0.1508,-1.2974,0
337538,-12.7222,-4.0572,2.0513,-5.8100,52.6400,33.8800,-0.1987,1.8000,1.1585,0
337577,-11.6235,-3.4540,4.0357,50.5400,108.9200,4.0600,1.7282,3.7245,0.1388,0
337616,-11.1807,-2.3601,2.4966,68.1800,50.0500,-37.6600,2.3314,1.7115,-1.2878,0
337655,-10.5464,-1.5702,0.4500,76.5800,139.0900,-143.7800,2.6186,4.7562,-4.9165,0
337694,-8.9905,4.9453,2.5636,54.8100,203.9800,40.1800,1.8742,6.9751,1.3739,0
337733,-6.1134,-1.0053,3.8849,113.6800,75.7400,104.7900,3.8873,2.5899,3.5833,0
337772,-4.4163,-1.0867,-0.3423,88.8300,61.0400,12.8100,3.0375,2.0873,0.4380,0
337811,-1.5080,-2.1375,0.3973,209.0200,60.4800,46.0600,7.1474,2.0681,1.5750,0
337850,-5.4264,-3.4373,1.2184,222.3900,-129.7800,48.7200,7.6046,-4.4378,1.6660,0
337889,-27.4814,-6.1181,-1.2782,39.9000,-226.5900,184.5900,1.3644,-7.7482,6.3120,0
337928,-11.5780,-3.6168,1.9436,160.0900,-124.9500,15.4700,5.4743,-4.2726,0.5290,0
337967,-14.5557,-4.8806,2.8245,97.3000,33.0400,-118.7900,3.3272,1.1298,-4.0620,0
338006,-11.8437,-4.7777,7.2599,161.7000,-2.0300,-114.3100,5.5293,-0.0694,-3.9088,0
338045,-7.9636,-4.3660,5.3019,100.5900,-40.9500,-111.7200,3.4397,-1.4003,-3.8202,0
338084,-6.4150,-3.6024,3.6383,77.0000,104.5800,-64.1200,2.6330,3.5761,-2.1926,0
338123,-1.9173,-1.8742,2.6593,57.4700,81.2000,-1.1200,1.9652,2.7766,-0.0383,0
338162,-1.8287,-2.8915,1.3763,-6.0200,83.1600,57.6800,-0.2059,2.8436,1.9724,0
338201,-1.6181,-0.2226,1.8144,-12.8100,-3.9900,21.7000,-0.4380,-0.1364,0.7420,0
338240,-30.7583,4.4354,-12.3440,47.4600,-163.5200,62.0900,1.6229,-5.5915,2.1232,0
338279,-13.8807,-1.0580,-1.6851,44.8000,50.4700,-141.4000,1.5319,1.7258,-4.8352,0
338318,-10.3908,-1.2591,5.5652,116.9000,167.7900,-6.2300,3.9974,5.7376,-0.2130,0
338357,-11.3506,-7.4155,4.6484,25.1300,0.9100,111.8600,0.8593,0.0311,3.8250,0
338396,-14.0866,-3.6264,2.4343,73.2200,75.6700,-7.2800,2.5037,2.5875,-0.2489,0
338435,-10.9198,-3.0686,-0.6032,120.1900,180.1100,-24.0800,4.1099,6.1588,-0.8234,0
338474,-7.1522,-1.0724,6.1493,117.3200,281.6100,-56.8400,4.0117,9.6296,-1.9436,0
338513,-5.1822,-0.0574,3.2458,66.0800,51.4500,7.8400,2.2596,1.7593,0.2681,0
338552,-2.9681,0.0048,-3.5258,54.6000,-74.2700,62.5100,1.8670,-2.5397,2.1375,0
338591,0.0814,-2.8772,-0.9168,172.4800,-95.2700,-22.2600,5.8979,-3.2577,-0.7612,0
338630,-11.8030,-2.8101,2.4822,169.9600,-131.6700,49.7000,5.8118,-4.5024,1.6995,0
338669,-20.7888,-8.8445,-8.4639,-149.6600,-328.3700,85.2600,-5.1176,-11.2286,2.9155,0
338708,-13.9813,-2.1806,10.8695,93.5200,-96.8800,-39.0600,3.1979,-3.3128,-1.3357,0
338747,-13.4475,-4.8064,3.5043,-69.5100,23.7300,-42.0700,-2.3769,0.8114,-1.4386,0
338786,-10.0222,-4.4091,5.3809,33.0400,-9.5200,-70.0000,1.1298,-0.3255,-2.3936,0
338825,-7.9828,-0.9814,3.1835,28.9800,24.4300,-87.1500,0.9910,0.8354,-2.9801,0
338864,-5.3163,-2.6905,3.7341,46.4800,78.6100,-49.6300,1.5894,2.6881,-1.6971,0
338903,-3.3750,-1.0843,2.5660,-2.7300,44.7300,-12.4600,-0.0934,1.5295,-0.4261,0
338942,-1.8694,-1.7713,2.3482,-17.0100,-43.7500,20.5100,-0.5817,-1.4960,0.7013,0
338981,-6.9511,3.2506,1.5607,124.4600,-40.2500,-64.6800,4.2559,-1.3763,-2.2117,0
339020,-25.2194,-4.9788,-5.2397,204.3300,-108.0100,94.4300,6.9870,-3.6934,3.2290,0
339059,-11.7097,-4.1625,2.7670,-64.8900,86.1700,-60.5500,-2.2189,2.9466,-2.0705,0
339098,-12.6504,-2.5516,7.0110,-15.6800,129.7100,-10.7800,-0.5362,4.4354,-0.3686,0
339137,-12.1501,-3.7939,3.5785,20.4400,57.4000,28.1400,0.6989,1.9628,0.9622,0
339176,-11.0754,-2.4918,1.7019,29.1200,83.6500,13.9300,0.9958,2.8604,0.4763,0
339215,-9.5793,-0.7085,2.4487,67.2700,199.8500,42.0700,2.3003,6.8338,1.4386,0
339254,-7.0086,-0.9359,1.1801,68.3900,167.3700,-31.9900,2.3386,5.7232,-1.0939,0
339293,-2.9059,1.0317,0.3136,76.1600,107.8000,-61.0400,2.6043,3.6862,-2.0873,0
339332,1.0652,-0.2657,1.0915,97.0900,47.4600,-10.9900,3.3200,1.6229,-0.3758,0
339371,-2.4654,-4.6221,1.8503,215.5300,-81.4100,6.3700,7.3700,-2.7838,0.2178,0
339410,-24.9513,-7.9086,6.6232,-181.6500,-344.8900,201.6000,-6.2115,-11.7935,6.8937,0
339449,-10.8528,3.2697,3.4181,41.2300,1.1200,-26.8100,1.4099,0.0383,-0.9168,0
339488,-12.8898,-3.8059,0.8976,76.4400,25.7600,-67.4800,2.6139,0.8809,-2.3075,0
339527,-9.8522,-3.9663,7.7195,44.0300,14.7700,-4.3400,1.5056,0.5051,-0.1484,0
339566,-7.3150,-5.0027,4.6461,47.5300,-29.1900,-49.2100,1.6253,-0.9981,-1.6827,0
339605,-5.8429,-2.7958,2.0131,-14.2100,55.4400,-54.1100,-0.4859,1.8958,-1.8503,0
339644,-3.3104,-1.9580,3.1907,-8.6100,67.5500,5.2500,-0.2944,2.3099,0.1795,0
339683,-1.3524,-3.5713,0.9503,-2.9400,1.3300,69.0200,-0.1005,0.0455,2.3601,0
339722,-1.7545,2.6402,-2.0083,-109.7600,-57.8900,-19.8800,-3.7532,-1.9795,-0.6798,0
339761,-19.7715,2.8556,-1.2136,262.6400,-29.1200,-69.1600,8.9809,-0.9958,-2.3649,0
339800,-17.9020,-2.2021,-6.9104,38.9200,-75.6000,30.3800,1.3309,-2.5851,1.0388,0
339839,-12.6815,-2.9801,5.5030,66.3600,101.7100,-33.8800,2.2692,3.4780,-1.1585,0
339878,-11.5134,-5.6849,4.8998,61.0400,71.7500,27.1600,2.0873,2.4535,0.9287,0
339917,-12.4733,-4.8112,2.4774,89.8800,73.5000,-5.5300,3.0734,2.5133,-0.1891,0
339956,-8.8613,-2.7120,1.6899,10.0800,168.8400,-47.3900,0.3447,5.7735,-1.6205,0
339995,-9.5099,2.7575,0.1556,-53.2700,350.8400,-73.3600,-1.8216,11.9969,-2.5085,0
340034,-1.6588,-0.3327,6.6088,206.0100,211.6100,72.6600,7.0445,7.2360,2.4846,0
340073,1.8192,-3.1716,1.3021,93.4500,-11.9000,99.9600,3.1955,-0.4069,3.4181,0
340112,-0.0048,-2.8077,-1.0125,143.3600,-164.1500,17.5700,4.9022,-5.6131,0.6008,0
340151,-16.6573,-0.8952,7.9445,54.8100,-350.4200,192.0100,1.8742,-11.9826,6.5658,0
340190,-19.9893,-4.1075,-17.8446,-389.6200,-443.2400,46.5500,-13.3230,-15.1565,1.5918,0
340229,-12.4493,-0.3734,2.1734,76.7900,-81.4800,-93.0300,2.6258,-2.7862,-3.1811,0
340268,-13.4858,-1.7809,2.9490,-56.8400,7.7700,-115.7800,-1.9436,0.2657,-3.9591,0
340307,-8.5668,-3.2841,5.5437,59.3600,-39.4800,-101.9200,2.0298,-1.3500,-3.4851,0
340346,-7.3700,-3.4732,3.4301,17.1500,41.0200,-55.7200,0.5864,1.4027,-1.9053,0
340385,-3.1261,-2.3218,3.2865,4.9700,81.4100,-38.6400,0.1699,2.7838,-1.3213,0
340424,-2.4822,-2.5085,3.5761,50.4700,74.1300,3.8500,1.7258,2.5349,0.1317,0
340463,-3.1788,-0.0622,0.9072,-25.6200,-21.6300,26.8800,-0.8761,-0.7396,0.9192,0
340502,-9.6655,0.6080,2.5014,43.8900,-54.6700,4.1300,1.5008,-1.8694,0.1412,0
340541,-16.5377,-8.7440,-0.8402,65.5200,-78.5400,30.2400,2.2404,-2.6857,1.0341,0
340580,-13.6557,-3.4349,1.3835,4.8300,47.9500,-47.8100,0.1652,1.6396,-1.6349,0
340619,-11.5804,-3.8179,5.7830,-7.5600,93.3800,64.4700,-0.2585,3.1931,2.2045,0
340658,-13.0573,-2.5277,4.1027,-81.8300,28.9800,-1.3300,-2.7982,0.9910,-0.0455,0
340697,-11.4799,-2.5061,1.2686,4.3400,95.6200,-49.3500,0.1484,3.2697,-1.6875,0
340736,-9.1437,0.7372,3.3631,-24.5700,181.2300,-8.8200,-0.8402,6.1971,-0.3016,0
340775,-8.2317,-1.8958,2.2093,94.1500,192.7100,78.4000,3.2194,6.5897,2.6809,0
340814,-3.2745,-1.9293,2.9442,55.2300,98.8400,54.9500,1.8886,3.3798,1.8790,0
340853,-0.3327,-4.6389,0.2082,71.1200,-37.1700,48.3000,2.4319,-1.2710,1.6516,0
340892,-3.4851,-0.7444,7.5567,-56.8400,-246.5400,62.7900,-1.9436,-8.4304,2.1471,0
340931,-26.2654,-4.3804,-7.8440,-239.3300,-386.1200,33.6700,-8.1839,-13.2033,1.1513,0
340970,-12.9352,-0.6080,5.0649,21.7000,-43.9600,-104.7200,0.7420,-1.5032,-3.5809,0
341009,-14.4456,-4.0859,-2.8413,40.5300,-192.4300,24.7800,1.3859,-6.5801,0.8473,0
341048,-9.8738,-4.3229,4.8184,-145.3200,1.8900,-25.2000,-4.9692,0.0646,-0.8617,0
341087,-5.8955,-4.8782,9.0408,17.7100,-3.7100,-21.2100,0.6056,-0.1269,-0.7253,0
341126,-7.3868,0.5649,2.3003,-144.2700,12.0400,-78.8200,-4.9333,0.4117,-2.6952,0
341165,-4.1554,-2.7886,4.3923,-49.0000,44.5900,10.6400,-1.6755,1.5247,0.3638,0
341204,-4.1841,-5.8548,-1.2806,-239.0500,-123.6200,99.1900,-8.1743,-4.2272,3.3918,0
341243,-9.0527,-4.1649,-0.7444,-34.1600,-100.0300,-65.3100,-1.1681,-3.4205,-2.2333,0
341282,-19.3909,7.7147,4.3851,-50.0500,-97.2300,-115.7100,-1.7115,-3.3248,-3.9567,0
341321,-8.5668,-2.5923,-3.0256,-15.9600,-42.6300,21.9800,-0.5457,-1.4577,0.7516,0
341360,-14.4528,2.2237,5.1703,-154.0700,23.7300,58.5200,-5.2684,0.8114,2.0011,0
341399,-12.4445,-6.2785,3.0447,-66.9900,-10.9200,66.4300,-2.2907,-0.3734,2.2716,0
341438,-14.7329,-7.2049,2.2668,-4.4800,-7.4900,5.4600,-0.1532,-0.2561,0.1867,0
341477,-10.2280,2.0346,8.0091,-312.2700,57.6100,64.1200,-10.6780,1.9700,2.1926,0
341516,-10.9078,-3.2386,-0.1723,70.2100,-26.0400,67.4100,2.4008,-0.8904,2.3051,0
341555,-9.0767,0.0981,1.7641,-101.1500,73.2900,-39.1300,-3.4588,2.5061,-1.3380,0
341594,-6.1445,-0.6319,5.0913,-73.7100,71.3300,11.7600,-2.5205,2.4391,0.4021,0
341633,-7.9517,0.8880,0.2106,-77.0000,79.8000,-84.7700,-2.6330,2.7287,-2.8987,0
341672,-8.2437,-1.3237,0.8952,-15.4000,-14.1400,-48.8600,-0.5266,-0.4835,-1.6708,0
341711,-6.3575,-3.0064,-1.7378,-78.3300,-117.8800,35.0000,-2.6785,-4.0309,1.1968,0
341750,-6.1900,-6.6328,2.1160,37.8700,-96.1800,68.1800,1.2950,-3.2889,2.3314,0
341789,-8.1815,-3.8633,6.0607,-106.9600,-142.3100,86.4500,-3.6575,-4.8663,2.9561,0
341828,-11.0730,-7.6094,-0.1125,-109.2000,-143.9200,88.1300,-3.7341,-4.9213,3.0136,0
341867,-10.1778,-3.1740,5.0530,-146.3700,-61.4600,-8.1900,-5.0051,-2.1016,-0.2801,0
341906,-11.8605,-4.7083,3.4444,-87.7100,-51.3100,16.1700,-2.9992,-1.7545,0.5529,0
341945,-9.9097,-0.7588,4.1362,-159.5300,-46.1300,20.5800,-5.4551,-1.5774,0.7037,0
341984,-9.1365,-2.2285,4.0812,-88.3400,-39.4800,35.0700,-3.0208,-1.3500,1.1992,0
342023,-7.0636,-1.0221,4.2870,-62.4400,-5.5300,-0.2100,-2.1351,-0.1891,-0.0072,0
342062,-5.7567,-1.0843,3.9758,-61.8100,6.0200,-10.2900,-2.1136,0.2059,-0.3519,0
342101,-4.1434,1.2638,2.9298,-77.7000,-47.6000,50.8900,-2.6569,-1.6277,1.7402,0
342140,-5.0195,-1.1777,-0.5194,-20.3700,-102.6900,112.7700,-0.6965,-3.5115,3.8562,0
342179,-21.3537,-0.5912,-1.6708,-15.4000,-118.8600,114.3800,-0.5266,-4.0644,3.9112,0
342218,-12.5139,-0.6032,0.1580,-89.0400,-0.0700,-35.0000,-3.0447,-0.0024,-1.1968,0
342257,-14.7281,-3.8945,2.9035,17.7100,53.5500,-63.5600,0.6056,1.8311,-2.1734,0
342296,-13.7634,-3.9567,1.9843,-16.4500,37.1000,21.0000,-0.5625,1.2686,0.7181,0
342335,-11.4967,-4.2032,3.9064,-11.9000,58.3800,51.6600,-0.4069,1.9963,1.7665,0
342374,-11.5996,-4.8256,-0.2298,30.8700,96.1800,-32.2000,1.0556,3.2889,-1.1011,0
342413,-9.1174,0.5673,4.1649,17.7800,256.1300,41.9300,0.6080,8.7583,1.4338,0
342452,-4.9644,-2.5301,4.7298,74.2700,161.0000,-25.8300,2.5397,5.5054,-0.8833,0
342491,-3.2889,3.0088,2.8604,-57.5400,49.9800,-10.2200,-1.9676,1.7091,-0.3495,0
342530,-4.8040,-4.1601,-1.9628,-8.2600,-57.8900,-7.9800,-0.2824,-1.9795,-0.2729,0
342569,-5.5293,-2.6258,-0.6200,42.7700,-119.8400,-90.3000,1.4625,-4.0979,-3.0878,0
342608,-13.0788,-0.5721,4.7705,-283.0800,-279.0200,51.6600,-9.6799,-9.5410,1.7665,0
342647,-16.0398,-8.6027,-1.7761,-64.5400,-201.0400,139.1600,-2.2069,-6.8745,4.7586,0
342686,-13.0765,-0.9862,2.9250,-29.2600,-184.0300,-16.9400,-1.0005,-6.2929,-0.5793,0
342725,-11.8294,-6.4437,2.7144,-114.8000,-19.1100,33.4600,-3.9256,-0.6535,1.1442,0
342764,-9.9480,-4.9141,5.9626,-142.4500,1.5400,-39.3400,-4.8711,0.0527,-1.3452,0
342803,-8.7176,-1.6564,5.5939,-23.5200,1.4700,-44.7300,-0.8043,0.0503,-1.5295,0
342842,-6.6471,-1.5726,4.6508,-66.9900,9.0300,-17.8500,-2.2907,0.3088,-0.6104,0
342881,-5.5221,-1.4218,0.9862,-38.2200,35.3500,-21.7700,-1.3069,1.2088,-0.7444,0
342920,-4.1889,-0.2537,3.0303,-51.5900,25.2000,3.9200,-1.7641,0.8617,0.1340,0
342959,-8.9714,3.7341,-0.9383,73.9900,-70.7000,52.7800,2.5301,-2.4176,1.8048,0
342998,-9.5363,-3.4253,3.7532,105.4200,-67.4100,17.8500,3.6048,-2.3051,0.6104,0
343037,-17.4784,-8.6985,-0.6080,-127.5400,-67.3400,173.0400,-4.3612,-2.3027,5.9171,0
343076,-10.7905,-4.3923,5.0195,-47.0400,61.9500,4.4100,-1.6085,2.1184,0.1508,0
343115,-14.3379,-4.2439,7.1713,-99.4700,96.1100,0.1400,-3.4014,3.2865,0.0048,0
343154,-9.8809,0.5362,2.5420,-135.4500,103.3900,-5.3200,-4.6317,3.5354,-0.1819,0
343193,-7.9038,-2.8030,5.0195,-24.5000,108.5000,5.6700,-0.8378,3.7101,0.1939,0
343232,-8.8421,1.5032,2.5636,1.0500,56.7700,-68.1100,0.0359,1.9412,-2.3290,0
343271,-8.4902,3.3774,-1.2902,-73.0100,127.6800,34.5800,-2.4966,4.3660,1.1825,0
343310,-2.3482,-2.8532,3.2984,59.1500,109.8300,14.4900,2.0226,3.7556,0.4955,0
343349,-0.4739,-3.4636,1.8623,14.9800,-57.1200,-18.5500,0.5122,-1.9532,-0.6343,0
343388,-3.2530,0.0862,8.7751,-78.0500,-405.0900,202.2300,-2.6689,-13.8520,6.9152,0
343427,-18.6177,-2.4822,-4.4929,-291.7600,-328.2300,-54.7400,-9.9767,-11.2238,-1.8718,0
343466,-12.0233,0.4859,4.5359,156.5900,-101.0100,-28.6300,5.3546,-3.4540,-0.9790,0
343505,-12.6169,-10.7355,0.5769,-20.4400,-81.0600,118.0200,-0.6989,-2.7718,4.0357,0
343544,-8.1408,-7.4275,8.0139,-225.7500,-34.0900,61.6000,-7.7195,-1.1657,2.1064,0
343583,-7.4299,-2.8173,6.9966,-119.9800,-20.3000,13.1600,-4.1027,-0.6942,0.4500,0
343622,-7.3054,-2.4487,4.3828,-162.3300,24.0800,28.7700,-5.5509,0.8234,0.9838,0
343661,-4.7250,-3.3846,6.3455,-176.3300,56.5600,41.2300,-6.0296,1.9341,1.4099,0
343700,-3.6527,-0.7684,4.7777,-263.2000,-50.6800,45.7100,-9.0001,-1.7330,1.5630,0
343739,-7.2144,1.0987,-0.0574,-342.0900,-129.2900,26.6700,-11.6977,-4.4211,0.9120,0
343778,-14.9890,-0.2082,4.2535,-94.1500,-62.0900,-82.4600,-3.2194,-2.1232,-2.8197,0
343817,-15.8746,-0.8450,-2.6019,8.9600,-153.5800,111.7900,0.3064,-5.2516,3.8226,0
343856,-11.0778,-0.5362,5.9123,-222.3200,42.0000,35.3500,-7.6022,1.4362,1.2088,0
343895,-10.7115,1.1872,4.0644,-31.9900,-10.4300,-10.9900,-1.0939,-0.3567,-0.3758,0
343934,-10.0437,-3.1141,1.4577,-46.9000,16.3800,-7.1400,-1.6037,0.5601,-0.2442,0
343973,-9.4501,-0.2896,3.2554,-106.9600,58.5200,20.2300,-3.6575,2.0011,0.6918,0
344012,-11.1185,-1.0341,3.1620,-102.9000,14.3500,161.7700,-3.5187,0.4907,5.5317,0
344051,-11.1951,-0.9503,-0.3782,-214.5500,6.7200,25.7600,-7.3365,0.2298,0.8809,0
344090,-8.2987,0.8545,1.7402,-45.1500,52.2900,-83.5100,-1.5439,1.7880,-2.8556,0
344129,-7.9086,2.7144,-0.7636,-115.8500,8.3300,-90.7200,-3.9615,0.2848,-3.1022,0
344168,-7.4131,-2.0825,0.5146,13.4400,-64.8900,-81.1300,0.4596,-2.2189,-2.7742,0
344207,-7.4562,-2.7670,-0.4117,-49.9100,-135.8000,-33.4600,-1.7067,-4.6437,-1.1442,0
344246,-9.8067,-8.1144,2.3242,16.1000,-123.2000,54.9500,0.5505,-4.2128,1.8790,0
344285,-11.4775,-9.5889,4.1003,-156.4500,-164.0100,92.9600,-5.3498,-5.6083,3.1788,0
344324,-8.7607,-8.5764,2.1088,-76.1600,-92.9600,51.0300,-2.6043,-3.1788,1.7450,0
344363,-6.9535,-3.2242,6.4078,-202.4400,-54.4600,29.4000,-6.9224,-1.8623,1.0053,0
344402,-8.4280,-3.1500,4.8663,-64.6800,-73.9900,63.1400,-2.2117,-2.5301,2.1591,0
344441,-10.6110,-4.1147,3.1069,-129.5700,-72.6600,69.1600,-4.4306,-2.4846,2.3649,0
344480,-8.1456,-1.4242,3.9208,-127.5400,-18.9700,-5.3200,-4.3612,-0.6487,-0.1819,0
344519,-7.0110,0.3638,4.7370,-132.9300,3.0800,-33.1100,-4.5455,0.1053,-1.1322,0
344558,-6.4604,0.2920,3.7532,-30.9400,-7.2800,-20.1600,-1.0580,-0.2489,-0.6894,0
344597,-4.8447,-0.3878,2.5756,3.1500,-22.8900,38.2200,0.1077,-0.7827,1.3069,0
344636,-4.4091,-0.2824,0.1867,-18.5500,-80.5700,126.0000,-0.6343,-2.7551,4.3086,0
344675,-14.7759,-6.3551,0.1101,-0.2100,-109.6900,159.1800,-0.0072,-3.7508,5.4431,0
344714,-12.5834,-1.5750,-0.4452,-10.9900,-10.2900,-49.1400,-0.3758,-0.3519,-1.6803,0
344753,-17.1600,-3.6742,1.3213,9.3100,53.7600,-23.8700,0.3184,1.8383,-0.8162,0
344792,-11.5565,-2.3912,3.0830,-41.9300,82.6700,-4.5500,-1.4338,2.8269,-0.1556,0
344831,-10.9389,-3.2601,4.5168,58.3100,106.9600,19.7400,1.9939,3.6575,0.6750,0
344870,-8.9355,-4.2631,1.9245,-5.1800,120.9600,-7.7000,-0.1771,4.1362,-0.2633,0
344909,-7.8799,0.0479,1.6588,24.0100,237.1600,-62.7900,0.8210,8.1097,-2.1471,0
344948,-4.5240,1.7593,3.0663,69.3700,197.4700,-1.4000,2.3721,6.7525,-0.0479,0
344987,-1.9101,0.0239,2.7455,56.9100,82.8800,97.0900,1.9460,2.8341,3.3200,0
345026,-3.0639,-3.2577,-0.3997,2.0300,-144.8300,134.1200,0.0694,-4.9524,4.5862,0
345065,-8.0546,-4.0022,2.4295,111.9300,-226.1700,15.1200,3.8274,-7.7339,0.5170,0
345104,-22.9239,-6.0487,-1.3907,-62.6500,-209.1600,158.9700,-2.1423,-7.1522,5.4360,0
345143,-12.1310,-1.8646,3.1716,52.7800,-17.7100,36.9600,1.8048,-0.6056,1.2638,0
345182,-12.9759,-1.5798,0.9431,-55.3000,-50.9600,-123.4800,-1.8910,-1.7426,-4.2224,0
345221,-8.6865,-2.8676,5.7567,39.8300,-1.9600,-101.4300,1.3620,-0.0670,-3.4684,0
345260,-8.0690,-2.8149,3.2003,60.9000,25.4100,-50.3300,2.0825,0.8689,-1.7210,0
345299,-5.1008,-2.7742,2.6115,50.3300,55.0200,-15.9600,1.7210,1.8814,-0.5457,0
345338,-2.7599,-2.3553,2.8867,25.4100,14.4900,28.6300,0.8689,0.4955,0.9790,0
345377,-1.8263,-1.5726,0.8091,-6.3000,-12.6000,62.2300,-0.2154,-0.4309,2.1279,0
345416,-2.9370,0.9096,-1.7306,-55.5800,-69.5800,11.1300,-1.9006,-2.3793,0.3806,0
345455,-27.9314,-0.6583,-5.3665,164.7100,-91.7700,78.6800,5.6322,-3.1381,2.6905,0
345494,-13.8855,-4.2846,0.3040,18.7600,91.5600,-145.1800,0.6415,3.1309,-4.9644,0
345533,-13.4475,-0.7731,3.7173,-8.1200,68.7400,-6.3000,-0.2777,2.3506,-0.2154,0
345572,-11.6858,-3.5187,3.6288,81.4100,87.5700,36.4000,2.7838,2.9944,1.2447,0
345611,-12.8658,-4.5431,2.6905,79.9400,122.2900,-51.2400,2.7335,4.1817,-1.7521,0
345650,-9.7062,-4.5742,1.4410,136.7100,284.0600,-101.7100,4.6748,9.7134,-3.4780,0
345689,-6.3264,1.7498,6.7860,62.3000,280.7000,-37.5200,2.1303,9.5985,-1.2830,0
345728,-3.9136,0.1340,3.6790,51.3100,105.9100,110.6700,1.7545,3.6216,3.7843,0
345767,-3.1716,-1.7569,-0.0168,0.0700,-102.6200,162.6800,0.0024,-3.5091,5.5628,0
345806,0.4787,-3.5163,-2.0178,82.5300,-163.7300,15.4000,2.8221,-5.5987,0.5266,0
345845,-2.9011,1.5511,3.8945,-22.1900,-199.6400,15.8900,-0.7588,-6.8267,0.5434,0
345884,-31.0551,-10.5224,-9.6559,-338.6600,-349.2300,140.8400,-11.5804,-11.9419,4.8160,0
345923,-12.3344,-0.4380,6.1708,153.6500,-102.2700,-107.7300,5.2540,-3.4971,-3.6838,0
345962,-12.7270,-0.8330,2.5660,-33.9500,5.2500,-147.4900,-1.1609,0.1795,-5.0434,0
346001,-11.2262,-3.7963,8.3442,-13.0900,-17.6400,-38.7800,-0.4476,-0.6032,-1.3261,0
346040,-9.5243,-2.3577,4.3253,19.6000,27.5100,-44.1000,0.6702,0.9407,-1.5080,0
346079,-5.2301,-2.2045,2.6737,13.0900,82.6000,-55.6500,0.4476,2.8245,-1.9029,0
346118,-3.9758,-1.2782,1.9819,10.9200,71.3300,-7.0000,0.3734,2.4391,-0.2394,0
346157,-1.6947,-1.5894,-0.1652,-48.9300,1.6100,59.7800,-1.6732,0.0551,2.0442,0
346196,-1.0341,-0.4141,-3.8825,7.3500,-10.2200,13.5100,0.2513,-0.3495,0.4620,0
346235,-9.4381,1.8599,1.7952,39.9700,-20.5800,-16.3100,1.3668,-0.7037,-0.5577,0
346274,-24.9298,-1.4865,-6.0798,43.7500,-101.0800,57.4700,1.4960,-3.4564,1.9652,0
346313,-14.2829,-5.9650,3.9639,24.7800,87.6400,4.4800,0.8473,2.9968,0.1532,0
346352,-15.3073,-4.6604,7.7003,69.6500,136.4300,-15.8200,2.3817,4.6652,-0.5410,0
346391,-10.6924,-2.6258,2.3793,56.2100,35.1400,-18.1300,1.9221,1.2016,-0.6200,0
346430,-10.5129,-3.7556,-0.1484,70.5600,96.4600,-3.2200,2.4128,3.2984,-0.1101,0
346469,-8.7176,-4.2559,0.2753,149.8000,276.6400,-132.7900,5.1224,9.4597,-4.5407,0
346508,-1.2040,1.7785,4.4546,155.5400,238.7700,21.7000,5.3187,8.1647,0.7420,0
346547,3.7939,-0.5697,2.3170,40.5300,-8.5400,75.9500,1.3859,-0.2920,2.5971,0
346586,3.1788,-2.2165,-0.3590,146.4400,-156.9400,14.0700,5.0075,-5.3665,0.4811,0
346625,-40.7086,-6.8913,27.7973,32.0600,-414.2600,386.8200,1.0963,-14.1656,13.2273,0
346664,-16.3079,-0.1939,-13.7323,-229.6000,-237.1600,-17.7800,-7.8511,-8.1097,-0.6080,0
346703,-4.2248,-4.5766,11.2310,125.0200,-35.1400,-32.3400,4.2750,-1.2016,-1.1059,0
346742,-13.6007,-4.2703,1.6157,-107.5200,13.3000,-17.1500,-3.6766,0.4548,-0.5864,0
346781,-7.2647,-4.2104,6.9104,15.3300,-11.0600,8.4700,0.5242,-0.3782,0.2896,0
346820,-6.7166,-1.9628,2.5636,-90.5100,53.5500,-73.0800,-3.0950,1.8311,-2.4990,0
346859,-2.5636,-2.9394,3.9591,11.7600,99.6100,-85.1200,0.4021,3.4062,-2.9107,0
346898,-2.5732,0.3830,2.4654,-76.3700,2.4500,-89.8800,-2.6115,0.0838,-3.0734,0
346937,-5.4360,3.1046,2.2859,112.0000,-115.7100,16.0300,3.8298,-3.9567,0.5481,0
346976,-8.5142,0.5577,8.1575,38.4300,-65.2400,-72.5900,1.3141,-2.2309,-2.4822,0
347015,-28.6973,-9.7972,-7.8631,168.4900,-181.6500,179.4100,5.7615,-6.2115,6.1349,0
347054,-13.1028,-7.9756,1.9053,-72.7300,127.4000,-89.5300,-2.4870,4.3564,-3.0615,0
347093,-14.2709,1.7952,7.0301,-167.0200,108.5700,26.5300,-5.7112,3.7125,0.9072,0
347132,-11.4344,-3.5665,0.8330,-2.8700,66.9900,23.1700,-0.0981,2.2907,0.7923,0
347171,-9.3567,-2.8436,-0.2346,-44.5900,88.6200,1.4700,-1.5247,3.0303,0.0503,0
347210,-9.3280,-3.3607,-1.1633,12.4600,201.7400,-36.0500,0.4261,6.8985,-1.2327,0
347249,-6.3527,4.1003,-0.0383,-95.2000,195.0200,-62.5800,-3.2554,6.6687,-2.1399,0
347288,-4.0333,1.6923,1.8910,64.1900,162.8200,77.8400,2.1950,5.5676,2.6617,0
347327,-2.5397,-3.8777,2.0633,122.0100,135.5200,3.7800,4.1721,4.6341,0.1293,0
347366,-5.1631,-1.9915,4.2343,145.1100,12.9500,16.5200,4.9620,0.4428,0.5649,0
347405,-9.2801,-2.3003,-0.0215,-120.4700,-152.4600,90.1600,-4.1195,-5.2133,3.0830,0
347444,-15.7478,-2.4559,-5.1224,24.2900,-197.6100,78.6100,0.8306,-6.7572,2.6881,0
347483,-14.6204,2.4726,-2.8724,-46.9700,-294.4900,-1.9600,-1.6061,-10.0700,-0.0670,0
347522,-15.7023,-4.5982,-14.2326,38.9900,-163.5200,-7.5600,1.3333,-5.5915,-0.2585,0
347561,-10.6517,-3.6168,4.3205,-150.3600,-136.3600,3.6400,-5.1415,-4.6628,0.1245,0
347600,-6.9200,-9.5937,-2.9059,-54.9500,-104.5800,71.8900,-1.8790,-3.5761,2.4583,0
347639,-6.3216,-6.4365,1.3404,-102.2000,36.4700,-50.1900,-3.4947,1.2471,-1.7162,0
347678,-6.2594,-2.1615,5.6322,-49.9800,-33.0400,-96.1800,-1.7091,-1.1298,-3.2889,0
347717,-8.1503,-0.3806,1.3787,-151.1300,-66.0800,12.3900,-5.1679,-2.2596,0.4237,0
347756,-8.1336,-1.3931,1.3620,-93.3100,-22.8200,30.1700,-3.1907,-0.7803,1.0317,0
347795,-8.8613,1.0388,2.1734,-104.0900,-16.1700,30.6600,-3.5593,-0.5529,1.0484,0
347834,-9.9264,-4.0453,0.6702,-26.1100,7.8400,41.1600,-0.8928,0.2681,1.4075,0
347873,-10.2065,-2.8748,3.6168,-18.8300,-6.5800,15.8900,-0.6439,-0.2250,0.5434,0
347912,-7.4873,2.5516,3.9304,-72.1000,14.5600,41.0200,-2.4654,0.4979,1.4027,0
347951,-13.7682,-4.9094,6.8099,149.1000,-6.7900,95.6900,5.0985,-0.2322,3.2721,0
347990,-13.0453,-2.5373,-0.0670,-6.4400,-126.1400,44.7300,-0.2202,-4.3133,1.5295,0
348029,-14.6874,-5.2876,-2.2620,-8.6100,-34.2300,87.2900,-0.2944,-1.1705,2.9849,0
348068,-8.7990,-7.9445,2.1088,-21.6300,52.0800,63.7700,-0.7396,1.7809,2.1806,0
348107,-10.9437,-0.8473,-0.4428,-87.0800,229.7400,-67.2000,-2.9777,7.8559,-2.2979,0
348146,-10.9653,2.8053,-3.2984,-97.4400,291.9000,-72.8000,-3.3319,9.9815,-2.4894,0
348185,-6.2689,0.2537,3.2649,2.2400,245.3500,-73.0100,0.0766,8.3897,-2.4966,0
348224,-5.3570,1.5966,1.6468,-59.7100,15.2600,-110.3900,-2.0418,0.5218,-3.7748,0
348263,-8.7607,-1.1011,-3.1213,25.9700,-73.6400,-99.6100,0.8880,-2.5181,-3.4062,0
348302,-12.7007,-3.3894,-0.8186,-136.5700,-47.6700,-26.1800,-4.6700,-1.6301,-0.8952,0
348341,-10.1706,-2.8676,-4.9189,-168.0000,-236.5300,32.2000,-5.7447,-8.0881,1.1011,0
348380,-6.1732,0.3303,3.9926,10.3600,-4.0600,-16.6600,0.3543,-0.1388,-0.5697,0
348419,-10.4889,-0.7444,-0.7588,-52.0100,55.2300,-17.7100,-1.7785,1.8886,-0.6056,0
348458,-12.3009,-1.9293,0.2777,31.2200,32.4800,-23.1700,1.0676,1.1106,-0.7923,0
348497,-9.4645,1.0508,0.5601,24.3600,-10.5700,-25.4800,0.8330,-0.3614,-0.8713,0
348536,-6.8961,0.3973,-1.2495,136.0100,74.2700,-31.5000,4.6508,2.5397,-1.0771,0
348575,-9.8786,-4.6413,-4.8112,161.2800,53.6900,168.4200,5.5149,1.8359,5.7591,0
348614,-9.7254,-8.4232,-0.5553,31.2900,-127.7500,219.3800,1.0700,-4.3684,7.5017,0
348653,-12.7390,-5.4671,9.6655,-47.4600,-423.6400,43.0500,-1.6229,-14.4863,1.4721,0
348692,-11.5493,-0.0239,-0.4213,-360.2200,-150.7100,5.6000,-12.3177,-5.1535,0.1915,0
348731,-5.7471,0.0120,2.9849,-19.3200,-89.8100,-129.0100,-0.6606,-3.0710,-4.4115,0
348770,-8.8158,-1.6325,3.1644,-71.5400,-76.6500,-2.4500,-2.4463,-2.6210,-0.0838,0
348809,-6.2977,-1.4888,4.2631,-65.3800,-79.1000,48.3700,-2.2357,-2.7048,1.6540,0
348848,-8.8277,-3.4325,3.6168,-45.4300,-60.3400,60.3400,-1.5535,-2.0633,2.0633,0
348887,-9.8403,-3.0902,2.8987,-66.2900,-29.0500,41.6500,-2.2668,-0.9934,1.4242,0
348926,-7.9517,-1.4386,3.4492,-76.3700,12.0400,-3.9900,-2.6115,0.4117,-0.1364,0
348965,-6.7932,-0.4093,4.7705,-59.4300,25.6900,2.4500,-2.0322,0.8785,0.0838,0
349004,-7.2575,-1.5942,3.0591,-46.4100,41.5800,-3.3600,-1.5870,1.4218,-0.1149,0
349043,-7.4706,-2.1830,5.8716,-24.4300,56.7700,2.8000,-0.8354,1.9412,0.0957,0
349082,-9.3065,-2.8700,5.2923,-53.3400,30.8000,84.4200,-1.8240,1.0532,2.8867,0
349121,-9.7996,-1.5583,3.9160,-55.9300,-4.4800,93.3100,-1.9125,-0.1532,3.1907,0
349160,-11.9012,-2.7335,2.9777,-1.1900,25.9700,34.7200,-0.0407,0.8880,1.1872,0
349199,-17.3850,-3.3726,-1.3404,-5.6700,-57.5400,-23.3100,-0.1939,-1.9676,-0.7971,0
349238,-8.2796,-0.5242,-1.2327,40.7400,7.5600,-34.4400,1.3931,0.2585,-1.1777,0
349277,-6.0679,-3.9758,2.4391,20.7900,74.6200,7.2100,0.7109,2.5516,0.2465,0
349316,-8.0498,-4.8591,0.6152,-44.2400,-23.4500,32.4100,-1.5128,-0.8019,1.1083,0
349355,-10.4243,-1.9173,0.1747,-140.4900,-38.1500,21.5600,-4.8040,-1.3045,0.7372,0
349394,-12.4709,0.2657,-0.8114,-28.7000,59.4300,-74.6200,-0.9814,2.0322,-2.5516,0
349433,-9.3543,0.6271,1.4505,9.8000,81.6900,-85.7500,0.3351,2.7934,-2.9322,0
349472,-8.7009,2.9992,0.4380,-4.4800,88.9700,-26.1100,-0.1532,3.0423,-0.8928,0
349511,-7.4777,-1.9939,2.0825,90.3000,73.5700,18.2700,3.0878,2.5157,0.6247,0
349550,-8.8206,-1.6971,-0.3255,79.1700,85.3300,-3.2900,2.7072,2.9178,-0.1125,0
349589,-8.9594,-3.9806,1.6660,24.7800,55.2300,29.8200,0.8473,1.8886,1.0197,0
349628,-9.8714,-4.1745,0.5146,-20.3700,43.2600,70.9100,-0.6965,1.4793,2.4248,0
349667,-8.2581,-3.9998,-0.3184,-14.2800,73.7100,10.4300,-0.4883,2.5205,0.3567,0
349706,-9.4357,-0.2944,-1.3955,5.0400,87.9900,3.2900,0.1723,3.0088,0.1125,0
349745,-10.0485,-0.2657,0.1747,-40.7400,67.4800,189.3500,-1.3931,2.3075,6.4748,0
349784,-10.2232,-1.9388,-0.0239,62.3700,18.5500,-11.4100,2.1327,0.6343,-0.3902,0
349823,-10.9389,2.4870,-0.5314,51.1000,-16.7300,-184.3100,1.7474,-0.5721,-6.3025,0
349862,-8.7511,0.5457,0.8019,130.2700,21.3500,-132.7200,4.4546,0.7301,-4.5383,0
349901,-11.2669,-6.9104,-0.6798,73.7100,-69.8600,69.4400,2.5205,-2.3889,2.3745,0
349940,-10.2065,-3.9351,-2.4798,-48.1600,-130.2700,51.2400,-1.6468,-4.4546,1.7521,0
349979,-6.3264,-1.6708,-2.2740,-13.8600,-149.6600,-2.2400,-0.4739,-5.1176,-0.0766,0
350018,-9.7445,-1.5870,3.6718,-149.7300,-290.8500,187.9500,-5.1200,-9.9456,6.4269,0
350057,-10.5679,-1.2638,2.6809,10.7100,18.3400,18.2000,0.3662,0.6271,0.6223,0
350096,-8.3179,-7.2982,0.7468,-6.5800,-73.9900,-45.1500,-0.2250,-2.5301,-1.5439,0
350135,-7.7506,-1.9867,5.8860,3.4300,-56.9800,-142.1700,0.1173,-1.9484,-4.8615,0
350174,-7.6549,-1.2519,1.6516,-71.0500,-64.0500,-12.2500,-2.4295,-2.1902,-0.4189,0
350213,-6.8530,-1.0843,4.0476,-65.8700,-35.7700,5.5300,-2.2524,-1.2232,0.1891,0
350252,-7.7195,-1.4769,3.3176,-30.0300,-8.1200,20.5800,-1.0269,-0.2777,0.7037,0
350291,-7.6453,-1.5008,2.8317,-56.4200,10.5000,30.1700,-1.9293,0.3590,1.0317,0
350330,-6.3575,-2.2452,5.2086,-10.9200,52.5700,30.1000,-0.3734,1.7976,1.0293,0
350369,-9.1916,-3.8442,3.9423,-27.1600,26.5300,48.7200,-0.9287,0.9072,1.6660,0
350408,-10.1012,-0.9383,0.9910,-32.6200,-20.5800,82.1100,-1.1154,-0.7037,2.8077,0
350447,-11.2477,-1.3309,7.3174,46.9700,29.9600,51.5200,1.6061,1.0245,1.7617,0
350486,-15.7166,-0.9718,-2.4080,-14.2800,-73.1500,-45.9200,-0.4883,-2.5014,-1.5702,0
350525,-10.5751,-4.8064,1.9197,95.3400,81.1300,12.5300,3.2601,2.7742,0.4285,0
350564,-9.7780,-6.6184,3.2362,-86.0300,29.4700,70.6300,-2.9418,1.0077,2.4152,0
350603,-8.8972,-0.7444,0.7995,-90.9300,53.4100,17.3600,-3.1093,1.8263,0.5936,0
350642,-8.8421,-1.9915,0.5769,-83.0900,30.3100,-44.1000,-2.8413,1.0364,-1.5080,0
350681,-10.4195,2.2979,-0.4261,-47.6700,147.4900,-72.3100,-1.6301,5.0434,-2.4726,0
350720,-7.4849,0.8976,2.2381,-20.9300,109.2000,-56.4900,-0.7157,3.7341,-1.9317,0
350759,-7.3963,0.2824,-0.2681,-33.2500,22.5400,-60.1300,-1.1370,0.7708,-2.0561,0
350798,-8.5405,-1.4984,0.6918,36.6800,49.0000,-42.7700,1.2543,1.6755,-1.4625,0
350837,-11.9993,-4.8806,-0.3423,-18.3400,-4.2700,32.6200,-0.6271,-0.1460,1.1154,0
350876,-10.6038,-5.4168,-1.8048,-134.6100,-44.8000,93.6600,-4.6030,-1.5319,3.2027,0
350915,-7.4921,-1.7138,1.4888,-75.4600,28.8400,56.0000,-2.5803,0.9862,1.9149,0
350954,-9.3615,-0.5960,0.0814,-84.6300,16.1000,-20.3000,-2.8939,0.5505,-0.6942,0
350993,-11.3770,1.0891,-1.5750,-133.4200,-14.0000,-4.0600,-4.5623,-0.4787,-0.1388,0
351032,-10.0629,1.9604,-1.9341,-38.0800,22.2600,-17.0100,-1.3021,0.7612,-0.5817,0
351071,-9.7254,-0.0981,1.2160,118.6500,38.9900,-66.5000,4.0572,1.3333,-2.2740,0
351110,-10.4889,-2.3960,0.3926,23.8700,6.5100,-63.7700,0.8162,0.2226,-2.1806,0
351149,-8.1168,-2.8197,1.1585,77.8400,17.2200,-38.9900,2.6617,0.5888,-1.3333,0
351188,-12.3823,-4.6389,-2.6043,-10.7100,-35.4900,59.0800,-0.3662,-1.2136,2.0202,0
351227,-9.0863,-3.2171,-1.8934,-19.6000,-80.3600,42.2100,-0.6702,-2.7479,1.4434,0
351266,-5.1224,-1.2471,0.2394,13.7200,-162.6100,-48.1600,0.4692,-5.5604,-1.6468,0
351305,-8.6434,2.4152,0.7516,-184.4500,-325.2200,154.7000,-6.3072,-11.1209,5.2899,0
351344,-16.6645,-5.7447,2.6737,-218.6100,-113.5400,94.3600,-7.4753,-3.8825,3.2266,0
351383,-8.9929,-5.3211,4.2703,-8.3300,-42.4200,-80.1500,-0.2848,-1.4505,-2.7407,0
351422,-7.9541,-3.2003,3.0854,28.8400,-68.6000,-70.5600,0.9862,-2.3458,-2.4128,0
351461,-7.4035,-2.6593,4.2152,-43.9600,-81.1300,-17.2200,-1.5032,-2.7742,-0.5888,0
351500,-7.8799,-1.5487,4.7945,-57.1900,-88.9000,-1.3300,-1.9556,-3.0399,-0.0455,0
351539,-8.1599,-3.3894,3.8059,-30.1700,-41.5100,-3.7800,-1.0317,-1.4194,-0.1293,0
351578,-7.9229,-3.9184,4.5671,-30.7300,-26.8800,10.0100,-1.0508,-0.9192,0.3423,0
351617,-7.0971,-3.4277,4.6054,-41.2300,-7.3500,10.7100,-1.4099,-0.2513,0.3662,0
351656,-6.3767,-3.0375,5.4743,-45.0100,-6.3000,22.1900,-1.5391,-0.2154,0.7588,0
351695,-6.2737,-2.9131,5.8189,-34.1600,-5.7400,26.4600,-1.1681,-0.1963,0.9048,0
351734,-6.0200,-2.7790,6.0248,-35.0000,-8.6800,32.3400,-1.1968,-0.2968,1.1059,0
351773,-5.7998,-4.3133,6.6304,-52.1500,-13.0900,49.8400,-1.7833,-0.4476,1.7043,0
351812,-7.4777,-3.7987,6.0056,-86.1000,10.7800,114.3100,-2.9442,0.3686,3.9088,0
351851,-8.1815,-2.8748,3.6814,-109.6200,14.7000,65.2400,-3.7484,0.5027,2.2309,0
351890,-8.3347,-3.2410,1.9556,-57.4000,42.8400,42.7700,-1.9628,1.4649,1.4625,0
351929,-8.1001,-2.4726,1.8383,-48.0200,85.4000,17.2200,-1.6420,2.9202,0.5888,0
351968,-9.4166,-2.9178,-0.3638,-39.2000,49.1400,11.9700,-1.3404,1.6803,0.4093,0
352007,-13.1650,-1.3117,1.1322,-23.3100,56.0000,16.4500,-0.7971,1.9149,0.5625,0
352046,-12.9568,-2.3553,-1.2734,-17.7800,-25.5500,37.2400,-0.6080,-0.8737,1.2734,0
352085,-11.3435,-4.3732,4.0835,57.6100,-74.9700,24.9900,1.9700,-2.5636,0.8545,0
352124,-10.1538,-3.6718,2.5732,-60.3400,7.8400,39.8300,-2.0633,0.2681,1.3620,0
352163,-9.6895,-1.9508,3.0160,-109.0600,45.4300,49.8400,-3.7293,1.5535,1.7043,0
352202,-9.9145,-0.4117,1.8263,-79.5200,62.0200,16.3800,-2.7192,2.1208,0.5601,0
352241,-8.2628,-0.5122,4.1961,-48.9300,-54.8100,-65.7300,-1.6732,-1.8742,-2.2476,0
352280,-8.7368,-0.7372,1.3428,-44.1700,33.2500,-11.7600,-1.5104,1.1370,-0.4021,0
352319,-8.5788,-0.2513,2.6976,-96.8800,48.7200,-5.1100,-3.3128,1.6660,-0.1747,0
352358,-9.1317,-1.8886,1.9748,8.4700,10.0800,4.5500,0.2896,0.3447,0.1556,0
352397,-9.1269,-2.2859,1.8192,-78.8900,11.2000,27.5100,-2.6976,0.3830,0.9407,0
352436,-8.4998,-0.9072,1.5607,-53.5500,7.4900,19.8800,-1.8311,0.2561,0.6798,0
352475,-9.7756,-2.6665,1.2088,-19.3900,-15.8900,30.8700,-0.6630,-0.5434,1.0556,0
352514,-9.5578,-2.3697,0.9168,7.0000,3.9200,2.2400,0.2394,0.1340,0.0766,0
352553,-9.1892,-1.3739,1.1489,-8.7500,3.1500,0.0000,-0.2992,0.1077,0.0000,0
352592,-9.4166,-1.6875,0.7875,-8.1900,0.3500,-2.2400,-0.2801,0.0120,-0.0766,0
352631,-9.4142,-2.5612,1.4194,-18.0600,-1.6100,-3.1500,-0.6176,-0.0551,-0.1077,0
352670,-9.4597,-2.8413,0.7803,-20.8600,-4.9700,-4.3400,-0.7133,-0.1699,-0.1484,0
352709,-9.7589,-2.2117,0.9120,1.2600,0.6300,-5.6000,0.0431,0.0215,-0.1915,0
352748,-9.4381,-2.7335,0.9359,8.9600,2.4500,-2.2400,0.3064,0.0838,-0.0766,0
352787,-9.4070,-2.6067,0.4668,-5.2500,-7.0000,3.3600,-0.1795,-0.2394,0.1149,0
352826,-9.5028,-2.2979,0.5170,-5.9500,-5.8100,6.5100,-0.2035,-0.1987,0.2226,0
352865,-9.4716,-2.7335,0.5673,1.1900,2.1700,4.5500,0.0407,0.0742,0.1556,0
352904,-9.2395,-2.4559,1.1370,3.2200,2.3800,-0.7000,0.1101,0.0814,-0.0239,0
352943,-9.3137,-2.7934,0.9551,3.5000,-5.7400,1.4700,0.1197,-0.1963,0.0503,0
352982,-9.3807,-2.6282,0.9383,-2.5200,-4.9000,1.1900,-0.0862,-0.1676,0.0407,0
353021,-9.5387,-2.5564,0.8809,-1.1200,0.2800,-0.0700,-0.0383,0.0096,-0.0024,0
353060,-9.2658,-2.6545,1.1944,1.1200,4.2000,-1.2600,0.0383,0.1436,-0.0431,0
353099,-9.2059,-2.9849,1.1442,2.5200,1.1200,-1.1200,0.0862,0.0383,-0.0383,0
353138,-9.2897,-2.8245,0.9407,-1.6800,-1.7500,-2.1000,-0.0574,-0.0598,-0.0718,0
353177,-9.3089,-2.7264,1.0077,-2.8700,1.7500,-1.8200,-0.0981,0.0598,-0.0622,0
353216,-9.3520,-2.8006,1.0484,-0.4200,1.7500,-2.8000,-0.0144,0.0598,-0.0957,0
353255,-9.3831,-2.9466,0.9575,5.4600,1.0500,-1.1900,0.1867,0.0359,-0.0407,0
353294,-9.2323,-2.9059,0.5553,-1.3300,-0.7700,0.2100,-0.0455,-0.0263,0.0072,0
353333,-9.2107,-2.7766,0.5410,1.5400,-4.2700,1.6100,0.0527,-0.1460,0.0551,0
353372,-9.4501,-2.9226,0.7205,8.0500,-3.5700,-2.5900,0.2753,-0.1221,-0.0886,0
353411,-9.2634,-3.2051,0.7540,-0.4900,-1.5400,-0.9800,-0.0168,-0.0527,-0.0335,0
353450,-9.5363,-2.8125,0.5936,-1.5400,-0.8400,-0.7000,-0.0527,-0.0287,-0.0239,0
353489,-9.5506,-2.5971,0.7348,-0.4900,3.4300,-2.2400,-0.0168,0.1173,-0.0766,0
353528,-9.1868,-2.6426,1.0628,-2.9400,3.9200,-2.3800,-0.1005,0.1340,-0.0814,0
353567,-9.5793,-2.7048,0.5314,3.0100,1.9600,-0.9100,0.1029,0.0670,-0.0311,0
353606,-9.2586,-2.1902,0.7420,5.3900,3.6400,0.7700,0.1843,0.1245,0.0263,0
353645,-9.4238,-2.2357,0.9024,6.0200,-4.4100,6.0200,0.2059,-0.1508,0.2059,0
353684,-9.2012,-2.5133,0.9814,13.9300,-6.8600,7.6300,0.4763,-0.2346,0.2609,0
353723,-9.5075,-2.6952,1.3716,14.2800,-7.1400,9.2400,0.4883,-0.2442,0.3160,0
353762,-9.4908,-3.0375,1.3620,7.3500,-5.6000,4.2000,0.2513,-0.1915,0.1436,0
353801,-9.4740,-2.6641,1.1489,5.3900,-2.5200,1.3300,0.1843,-0.0862,0.0455,0
353840,-9.4022,-2.3386,1.2854,0.0700,-0.4200,-1.3300,0.0024,-0.0144,-0.0455,0
353879,-9.5434,-2.5516,1.2064,-4.2000,-2.3800,-0.0700,-0.1436,-0.0814,-0.0024,0
353918,-9.4668,-2.4870,1.0053,-5.4600,-1.1200,-2.3800,-0.1867,-0.0383,-0.0814,0
353957,-9.4118,-2.1854,1.0747,-0.5600,3.6400,-3.2200,-0.0191,0.1245,-0.1101,0
353996,-9.1676,-2.2261,1.2303,1.9600,1.1200,-0.9800,0.0670,0.0383,-0.0335,0
