timestamp_ms,waist_x,waist_y,waist_z,waist_gx,waist_gy,waist_gz,thigh_x,thigh_y,thigh_z,event_flag
549581,-4.3373,-8.1599,-1.5104,4.4100,17.9900,6.1600,0.1508,0.6152,0.2106,0
549620,-4.7849,-8.3107,-1.3213,1.2600,22.4700,7.6300,0.0431,0.7684,0.2609,0
549659,-4.9405,-8.7918,-1.3859,0.4200,17.2200,9.1700,0.0144,0.5888,0.3136,0
549698,-4.6891,-8.6674,-1.4075,4.9700,11.5500,8.8200,0.1699,0.3950,0.3016,0
549737,-4.3445,-9.2347,-1.1825,8.0500,9.1000,8.7500,0.2753,0.3112,0.2992,0
549776,-3.5785,-8.8254,-0.7827,11.2700,8.4000,7.2100,0.3854,0.2872,0.2465,0
549815,-3.8633,-9.1030,-0.9335,9.8000,19.1800,9.3800,0.3351,0.6559,0.3207,0
549854,-4.0381,-9.3089,-1.0604,23.5900,26.6700,12.6700,0.8067,0.9120,0.4332,0
549893,-4.4091,-9.0288,-0.3303,25.2700,26.7400,13.9300,0.8641,0.9144,0.4763,0
549932,-4.8974,-9.1820,-0.3136,21.7000,24.8500,13.7900,0.7420,0.8497,0.4715,0
549971,-4.9141,-8.6099,-0.4045,26.7400,23.6600,10.5000,0.9144,0.8091,0.3590,0
550010,-4.7203,-9.1629,-0.1843,33.3900,24.4300,6.0900,1.1418,0.8354,0.2082,0
550049,-4.7274,-8.3514,-0.2944,38.4300,23.8000,4.9700,1.3141,0.8138,0.1699,0
550088,-5.2373,-8.2030,-0.6391,35.2100,26.8800,-0.0700,1.2040,0.9192,-0.0024,0
550127,-5.3306,-7.3174,-0.1819,35.0700,26.7400,-0.3500,1.1992,0.9144,-0.0120,0
550166,-5.5485,-7.7865,0.0766,29.1200,26.3900,1.8200,0.9958,0.9024,0.0622,0
550205,-5.3713,-8.2030,-0.0862,21.9100,23.5200,5.1100,0.7492,0.8043,0.1747,0
550244,-5.4743,-7.6620,-0.3423,18.1300,22.7500,5.1800,0.6200,0.7779,0.1771,0
550283,-6.3192,-7.4179,0.0072,12.3200,22.9600,3.2200,0.4213,0.7851,0.1101,0
550322,-6.1660,-7.9134,0.1867,12.5300,17.7100,0.5600,0.4285,0.6056,0.0191,0
550361,-5.7495,-7.9660,-0.0838,16.7300,12.6700,1.6100,0.5721,0.4332,0.0551,0
550400,-5.1870,-7.8918,0.0479,17.6400,9.3800,5.1800,0.6032,0.3207,0.1771,0
550439,-5.0769,-7.9565,0.4428,17.0100,15.4700,2.2400,0.5817,0.5290,0.0766,0
550478,-4.8399,-8.0163,0.3997,15.5400,16.5200,-3.9200,0.5314,0.5649,-0.1340,0
550517,-4.5934,-8.0259,0.5146,14.9800,22.0500,-6.7200,0.5122,0.7540,-0.2298,0
550556,-4.7921,-7.8535,0.6271,9.8000,27.6500,-7.7700,0.3351,0.9455,-0.2657,0
550595,-5.0482,-7.8703,0.2106,4.8300,35.5600,-3.2900,0.1652,1.2160,-0.1125,0
550634,-5.1080,-8.1432,0.7588,2.2400,40.9500,-1.4000,0.0766,1.4003,-0.0479,0
550673,-5.3785,-8.5884,1.0771,1.4000,37.5900,-2.3800,0.0479,1.2854,-0.0814,0
550712,-5.3282,-9.0336,0.3471,15.1900,31.5700,-7.9800,0.5194,1.0795,-0.2729,0
550751,-5.3953,-8.3370,0.1412,14.0000,19.2500,-15.4000,0.4787,0.6583,-0.5266,0
550790,-5.1439,-7.9852,0.1843,16.3800,5.5300,-13.8600,0.5601,0.1891,-0.4739,0
550829,-4.9572,-8.0594,0.1628,9.7300,5.9500,-13.6500,0.3327,0.2035,-0.4668,0
550868,-4.2726,-8.7655,0.6511,2.3100,6.6500,-8.3300,0.0790,0.2274,-0.2848,0
550907,-4.8232,-10.8958,0.5577,16.6600,-19.4600,-6.1600,0.5697,-0.6654,-0.2106,0
550946,-4.8902,-9.3208,-0.2130,31.8500,-22.6800,-23.0300,1.0891,-0.7755,-0.7875,0
550985,-4.4665,-7.8799,0.0718,3.8500,-32.0600,-16.6600,0.1317,-1.0963,-0.5697,0
551024,-4.5599,-7.8200,-0.4045,-37.3100,-26.5300,-8.0500,-1.2758,-0.9072,-0.2753,0
551063,-4.5671,-8.7655,-1.0221,-53.6200,-11.4800,-8.1200,-1.8335,-0.3926,-0.2777,0
551102,-4.0046,-8.7368,-1.8168,-29.3300,-4.3400,-15.5400,-1.0029,-0.1484,-0.5314,0
551141,-3.5019,-8.7488,-2.0896,-17.9900,-3.0100,-10.7100,-0.6152,-0.1029,-0.3662,0
551180,-3.8274,-8.3706,-1.6229,-20.5800,7.9800,0.9800,-0.7037,0.2729,0.0335,0
551219,-4.4953,-8.9546,-1.3333,-17.4300,20.3000,14.1400,-0.5960,0.6942,0.4835,0
551258,-4.7753,-8.6650,-1.2662,-4.6900,17.3600,12.5300,-0.1604,0.5936,0.4285,0
551297,-4.3014,-8.9738,-0.9958,-1.4700,13.0200,6.8600,-0.0503,0.4452,0.2346,0
551336,-4.1051,-8.8254,-1.4338,0.1400,4.3400,2.1700,0.0048,0.1484,0.0742,0
551375,-4.3253,-8.8014,-0.9886,-0.9100,-6.2300,7.2800,-0.0311,-0.2130,0.2489,0
551414,-4.6987,-8.6865,-0.9120,5.1100,-13.8600,8.2600,0.1747,-0.4739,0.2824,0
551453,-5.1511,-8.4519,-0.3447,7.0000,-27.7200,9.6600,0.2394,-0.9479,0.3303,0
551492,-4.6652,-8.9929,-0.2489,-9.1700,-45.3600,6.9300,-0.3136,-1.5511,0.2370,0
551531,-3.9423,-9.1724,-0.4907,-13.0900,-56.5600,9.1700,-0.4476,-1.9341,0.3136,0
551570,-3.4421,-8.3418,-0.4739,-10.9200,-53.8300,5.4600,-0.3734,-1.8407,0.1867,0
551609,-3.4851,-8.9881,0.3662,-18.8300,-44.0300,16.3100,-0.6439,-1.5056,0.5577,0
551648,-4.0835,-9.1964,0.1580,-31.5700,-41.1600,21.0000,-1.0795,-1.4075,0.7181,0
551687,-4.0285,-8.7224,-0.7492,-38.5700,-29.8900,20.9300,-1.3189,-1.0221,0.7157,0
551726,-4.0357,-7.7721,-0.9790,-33.5300,-10.2200,19.8100,-1.1466,-0.3495,0.6774,0
551765,-5.6418,-7.9517,-1.3931,-34.0200,9.5200,18.2700,-1.1633,0.3255,0.6247,0
551804,-6.9870,-8.6793,-1.2184,-0.6300,18.8300,14.2100,-0.0215,0.6439,0.4859,0
551843,-7.1737,-8.1288,-0.7923,9.7300,7.4900,2.1700,0.3327,0.2561,0.0742,0
551882,-7.8966,-7.7937,-1.6325,10.9900,-10.7800,-0.8400,0.3758,-0.3686,-0.0287,0
551921,-6.6376,-5.6969,-0.8186,11.0600,-37.4500,-12.1100,0.3782,-1.2806,-0.4141,0
551960,-5.0841,-5.6562,0.1436,-8.9600,-35.2800,-13.3700,-0.3064,-1.2064,-0.4572,0
551999,-6.9966,-7.5256,-0.3734,-37.2400,-41.7900,-8.6800,-1.2734,-1.4290,-0.2968,0
552038,-6.0009,-9.2730,-1.4482,-21.3500,-47.0400,-4.2700,-0.7301,-1.6085,-0.1460,0
552077,-3.0399,-7.8511,-0.4931,-0.3500,-35.9800,-20.9300,-0.0120,-1.2303,-0.7157,0
552116,-3.0495,-7.8081,-0.8306,-9.2400,-22.1200,-29.1900,-0.3160,-0.7564,-0.9981,0
552155,-4.7753,-9.1964,-0.5769,-6.4400,-1.4700,-32.9000,-0.2202,-0.0503,-1.1250,0
552194,-4.0692,-9.0216,-0.6080,14.0700,3.9200,-33.0400,0.4811,0.1340,-1.1298,0
552233,-5.0985,-7.5208,-0.3830,-6.3000,29.3300,-15.6800,-0.2154,1.0029,-0.5362,0
552272,-5.7639,-8.4639,-0.3136,13.0200,21.2800,-9.8000,0.4452,0.7277,-0.3351,0
552311,-6.2761,-7.8775,0.4476,-0.4200,10.9900,-8.8200,-0.0144,0.3758,-0.3016,0
552350,-5.9697,-9.4788,-0.7037,-7.8400,-1.5400,-2.8700,-0.2681,-0.0527,-0.0981,0
552389,-5.1104,-8.6243,-0.4763,6.0200,-4.2000,-4.4100,0.2059,-0.1436,-0.1508,0
552428,-4.8088,-7.8487,-0.8809,-7.7700,-9.0300,-0.4200,-0.2657,-0.3088,-0.0144,0
552467,-3.5043,-8.4328,-0.7372,-11.9700,-0.2800,8.4000,-0.4093,-0.0096,0.2872,0
552506,-3.2266,-8.9977,-0.9383,0.7000,12.6700,10.4300,0.0239,0.4332,0.3567,0
552545,-3.7939,-8.6051,-0.9479,1.1900,14.5600,11.4800,0.0407,0.4979,0.3926,0
552584,-4.6580,-8.8493,-1.0412,-14.8400,28.7000,5.9500,-0.5075,0.9814,0.2035,0
552623,-5.3282,-9.0384,-1.1298,0.7700,38.1500,-3.8500,0.0263,1.3045,-0.1317,0
552662,-5.1128,-8.8996,-0.8976,14.3500,31.7100,-9.9400,0.4907,1.0843,-0.3399,0
552701,-4.1649,-8.8182,-1.0053,19.2500,20.6500,0.0000,0.6583,0.7061,0.0000,0
552740,-4.2080,-8.3083,-1.3021,18.6200,24.7100,3.1500,0.6367,0.8450,0.1077,0
552779,-4.1913,-8.8206,-0.9646,16.8000,32.7600,5.8100,0.5745,1.1202,0.1987,0
552818,-3.7772,-8.6578,-1.1274,14.5600,34.3700,7.0000,0.4979,1.1753,0.2394,0
552857,-3.9710,-8.5932,-1.1920,14.0000,50.5400,10.4300,0.4787,1.7282,0.3567,0
552896,-3.8681,-8.3490,-1.3907,0.0700,52.4300,13.7900,0.0024,1.7928,0.4715,0
552935,-3.9304,-7.7937,-1.4314,0.2800,51.7300,8.0500,0.0096,1.7689,0.2753,0
552974,-4.6389,-8.1336,-1.9484,-6.7200,51.6600,15.0500,-0.2298,1.7665,0.5146,0
553013,-5.5532,-8.2748,-1.9939,-1.6800,44.3100,19.9500,-0.0574,1.5152,0.6822,0
553052,-5.4551,-9.3711,-1.6013,3.5000,30.1000,19.6700,0.1197,1.0293,0.6726,0
553091,-4.5264,-9.1365,-2.5468,10.5700,15.6800,10.6400,0.3614,0.5362,0.3638,0
553130,-3.8083,-8.6578,-2.7527,17.9200,20.4400,1.6800,0.6128,0.6989,0.0574,0
553169,-3.7796,-8.3969,-2.8748,21.6300,32.2000,1.4700,0.7396,1.1011,0.0503,0
553208,-4.0333,-8.2389,-2.8077,18.4100,42.2100,7.2800,0.6295,1.4434,0.2489,0
553247,-4.6317,-8.7894,-2.4032,21.2800,46.9700,9.3800,0.7277,1.6061,0.3207,0
553286,-4.8328,-8.7703,-2.2357,26.4600,40.3900,6.3000,0.9048,1.3811,0.2154,0
553325,-4.7442,-8.5932,-2.0322,26.3900,33.6700,-2.1000,0.9024,1.1513,-0.0718,0
553364,-4.5407,-8.6195,-2.1734,29.8900,23.9400,0.2100,1.0221,0.8186,0.0072,0
553403,-4.1195,-8.4041,-2.5349,36.6100,24.1500,-2.3800,1.2519,0.8258,-0.0814,0
553442,-4.1171,-8.0594,-2.3123,38.3600,26.3200,6.2300,1.3117,0.9000,0.2130,0
553481,-4.7155,-8.0666,-1.4912,32.8300,29.2600,12.5300,1.1226,1.0005,0.4285,0
553520,-4.6820,-8.5166,-1.3907,38.1500,28.2800,15.6800,1.3045,0.9670,0.5362,0
553559,-5.1104,-7.9708,-1.4266,44.8000,16.9400,19.5300,1.5319,0.5793,0.6678,0
553598,-4.3851,-8.0618,-1.2638,32.7600,28.2800,19.8100,1.1202,0.9670,0.6774,0
553637,-5.0338,-8.2796,-0.5098,9.1000,38.7100,14.9100,0.3112,1.3237,0.5098,0
553676,-5.6729,-9.2610,-0.5553,-7.9100,36.2600,17.6400,-0.2705,1.2399,0.6032,0
553715,-5.4743,-10.3597,-1.0197,-0.4200,36.0500,31.7800,-0.0144,1.2327,1.0867,0
553754,-4.9477,-8.2054,-0.7205,15.8200,41.0200,32.3400,0.5410,1.4027,1.1059,0
553793,-5.8955,-6.7381,-0.4787,7.9800,35.4900,37.0300,0.2729,1.2136,1.2662,0
553832,-6.5681,-6.2498,-0.5840,5.6000,24.9900,37.2400,0.1915,0.8545,1.2734,0
553871,-7.2623,-6.4293,-0.4213,4.4100,12.8800,24.2900,0.1508,0.4404,0.8306,0
553910,-7.3269,-7.7841,-0.5075,2.5900,-1.4000,7.7000,0.0886,-0.0479,0.2633,0
553949,-5.7974,-7.5831,-1.3644,11.1300,-10.3600,-2.6600,0.3806,-0.3543,-0.0910,0
553988,-5.0554,-6.8267,-1.5319,18.6900,-5.8800,-11.2700,0.6391,-0.2011,-0.3854,0
554027,-6.1540,-6.5394,-0.6080,8.4000,12.9500,-10.0100,0.2872,0.4428,-0.3423,0
554066,-7.1953,-6.5897,-0.5673,10.7800,20.4400,-12.6700,0.3686,0.6989,-0.4332,0
554105,-7.2503,-6.7477,-0.3303,6.4400,22.0500,-14.9100,0.2202,0.7540,-0.5098,0
554144,-6.8434,-6.6495,-0.2824,0.1400,14.9100,-13.5100,0.0048,0.5098,-0.4620,0
554183,-6.6639,-6.4892,-0.7731,-10.7100,11.4100,-7.7000,-0.3662,0.3902,-0.2633,0
554222,-8.1120,-11.4990,-0.0503,-11.5500,13.6500,14.4900,-0.3950,0.4668,0.4955,0
554261,-6.4078,-8.7081,-1.6133,-9.5200,-4.5500,21.8400,-0.3255,-0.1556,0.7468,0
554300,-6.4987,-6.7908,-0.8426,-8.6100,16.9400,15.1900,-0.2944,0.5793,0.5194,0
554339,-6.7692,-8.4567,-1.3309,21.3500,19.7400,-14.5600,0.7301,0.6750,-0.4979,0
554378,-4.4737,-9.0910,-1.3787,36.5400,3.1500,-30.6600,1.2495,0.1077,-1.0484,0
554417,-3.4851,-7.9469,-1.2184,23.2400,17.2200,-24.6400,0.7947,0.5888,-0.8426,0
554456,-3.8418,-8.1216,-1.3045,4.4100,15.8900,-18.0600,0.1508,0.5434,-0.6176,0
554495,-3.9399,-8.3490,-1.4146,5.1800,-2.2400,-18.7600,0.1771,-0.0766,-0.6415,0
554534,-3.9495,-8.8972,-2.0131,3.5700,-9.4500,-18.4100,0.1221,-0.3231,-0.6295,0
554573,-3.7700,-9.0695,-2.2859,-10.0800,-7.3500,-17.9200,-0.3447,-0.2513,-0.6128,0
554612,-3.6431,-8.5884,-2.1184,-5.6700,4.9700,-21.9100,-0.1939,0.1699,-0.7492,0
554651,-4.2822,-8.3825,-1.9388,0.8400,8.7500,-15.7500,0.0287,0.2992,-0.5386,0
554690,-4.6484,-7.9972,-1.6037,9.3800,7.6300,-12.3900,0.3207,0.2609,-0.4237,0
554729,-4.6580,-7.8679,-1.6875,15.1900,5.8800,-12.6000,0.5194,0.2011,-0.4309,0
554768,-5.3187,-8.1264,-2.0035,16.5200,-6.5100,-6.8600,0.5649,-0.2226,-0.2346,0
554807,-5.2660,-7.8751,-1.9101,32.3400,-20.0900,-12.3900,1.1059,-0.6870,-0.4237,0
554846,-5.0147,-7.9876,-1.1777,38.9900,-27.5800,-7.8400,1.3333,-0.9431,-0.2681,0
554885,-4.5671,-8.8708,-1.2830,40.9500,-32.2000,-4.5500,1.4003,-1.1011,-0.1556,0
554924,-4.8926,-9.5961,-1.8958,66.9200,-25.4100,-13.3700,2.2883,-0.8689,-0.4572,0
554963,-4.7370,-8.7392,-0.5817,82.6000,-22.3300,-21.7000,2.8245,-0.7636,-0.7420,0
555002,-3.6742,-8.5621,-1.2638,48.5800,-23.5200,-11.5500,1.6612,-0.8043,-0.3950,0
555041,-4.2631,-9.2993,0.6463,-2.5900,12.6000,16.6600,-0.0886,0.4309,0.5697,0
555080,-5.5197,-9.3065,0.9551,-62.5100,12.6700,36.8200,-2.1375,0.4332,1.2591,0
555119,-5.9410,-8.7966,0.8306,-71.5400,-12.8800,32.6900,-2.4463,-0.4404,1.1178,0
555158,-3.6838,-8.0043,1.6372,-76.0200,-34.8600,36.9600,-2.5995,-1.1920,1.2638,0
555197,-2.6234,-8.4567,1.5750,-85.8200,-33.6000,35.7000,-2.9346,-1.1489,1.2208,0
555236,-4.6556,-9.8403,0.6487,-92.8900,-57.2600,21.3500,-3.1764,-1.9580,0.7301,0
555275,-4.4067,-10.1036,0.3255,-81.4100,-72.5900,9.2400,-2.7838,-2.4822,0.3160,0
555314,-4.5814,-9.2131,0.1173,-61.7400,-67.8300,2.8000,-2.1112,-2.3194,0.0957,0
555353,-5.2828,-7.8033,-0.5218,-48.3700,-63.2100,-4.4800,-1.6540,-2.1615,-0.1532,0
555392,-5.3019,-6.8793,-0.1293,-45.7800,-75.8100,-9.7300,-1.5654,-2.5923,-0.3327,0
555431,-5.9841,-7.2767,-1.3500,-61.7400,-91.8400,-17.4300,-2.1112,-3.1405,-0.5960,0
555470,-5.0099,-7.6118,-1.6540,-54.6000,-91.2800,-23.9400,-1.8670,-3.1213,-0.8186,0
555509,-4.2918,-7.5974,-1.1370,-53.6200,-100.5900,-28.5600,-1.8335,-3.4397,-0.9766,0
555548,-4.1386,-7.5280,-1.0317,-58.7300,-101.8500,-32.5500,-2.0083,-3.4827,-1.1130,0
555587,-4.8304,-9.1557,-2.4080,-70.4200,-89.9500,-22.6100,-2.4080,-3.0758,-0.7731,0
555626,-3.6048,-8.2581,-2.4224,-50.1200,-74.6200,-14.4200,-1.7138,-2.5516,-0.4931,0
555665,-3.8609,-8.2916,-1.3548,-41.4400,-49.0700,-9.6600,-1.4170,-1.6779,-0.3303,0
555704,-6.0966,-10.7690,-1.1298,-47.0400,-48.9300,-7.2800,-1.6085,-1.6732,-0.2489,0
555743,-5.4766,-10.2711,-1.5415,-29.8900,-73.9900,-18.3400,-1.0221,-2.5301,-0.6271,0
555782,-3.7245,-8.6650,-1.0508,-15.0500,-78.8200,-41.3700,-0.5146,-2.6952,-1.4146,0
555821,-3.8897,-8.6219,-1.9221,-25.1300,-81.8300,-40.7400,-0.8593,-2.7982,-1.3931,0
555860,-3.8083,-7.8200,-2.6067,-50.0500,-86.8000,-41.0200,-1.7115,-2.9681,-1.4027,0
555899,-3.9016,-7.0421,-3.3272,-70.4200,-105.6300,-45.7800,-2.4080,-3.6120,-1.5654,0
555938,-3.0256,-9.0815,-2.7599,-66.7100,-116.2000,-39.0600,-2.2811,-3.9734,-1.3357,0
555977,-2.7216,-9.4716,-3.2147,-49.0700,-108.8500,-19.9500,-1.6779,-3.7221,-0.6822,0
556016,-2.5947,-9.6488,-3.0639,-17.7800,-81.4100,-16.1000,-0.6080,-2.7838,-0.5505,0
556055,-2.9825,-8.5261,-2.5851,0.7700,-57.6100,-14.8400,0.0263,-1.9700,-0.5075,0
556094,-3.4780,-8.6291,-2.5109,-3.9900,-52.7800,-8.8200,-0.1364,-1.8048,-0.3016,0
556133,-3.0160,-8.4472,-3.1500,5.5300,-55.7900,-7.9100,0.1891,-1.9077,-0.2705,0
556172,-3.1668,-8.9450,-2.6593,0.5600,-54.1800,4.4800,0.0191,-1.8527,0.1532,0
556211,-2.9418,-8.9666,-2.2811,-6.0200,-50.8900,17.7800,-0.2059,-1.7402,0.6080,0
556250,-3.6048,-9.2490,-2.2452,13.3000,-57.0500,16.2400,0.4548,-1.9508,0.5553,0
556289,-2.9155,-9.3520,-2.0107,38.0800,-63.7000,13.3700,1.3021,-2.1782,0.4572,0
556328,-1.9365,-9.2251,-1.1753,22.6800,-55.5100,18.5500,0.7755,-1.8982,0.6343,0
556367,-2.9322,-9.8211,1.0508,-20.0200,-31.5000,16.8700,-0.6846,-1.0771,0.5769,0
556406,-4.0788,-10.3597,1.0269,-51.8000,-22.8200,11.3400,-1.7713,-0.7803,0.3878,0
556445,-5.5676,-12.1956,-0.2298,-38.9900,-1.8900,13.0900,-1.3333,-0.0646,0.4476,0
556484,-4.5766,-8.6386,0.8067,8.3300,18.4800,8.1900,0.2848,0.6319,0.2801,0
556523,-5.8453,-7.5974,2.8149,23.8000,29.9600,24.4300,0.8138,1.0245,0.8354,0
556562,-6.1995,-7.3413,1.6851,30.7300,15.4000,23.3800,1.0508,0.5266,0.7995,0
556601,-6.3623,-6.3814,1.0173,21.4200,-2.5900,15.0500,0.7325,-0.0886,0.5146,0
556640,-6.1421,-6.8578,0.3471,12.4600,-12.2500,8.1900,0.4261,-0.4189,0.2801,0
556679,-5.3953,-8.0139,0.4452,13.0200,-6.3000,2.8000,0.4452,-0.2154,0.0957,0
556718,-4.6269,-7.8631,0.3758,12.9500,-2.4500,-1.5400,0.4428,-0.0838,-0.0527,0
556757,-3.9878,-8.5357,0.7708,8.4700,18.6200,0.5600,0.2896,0.6367,0.0191,0
556796,-3.6934,-8.1456,0.4452,19.0400,33.3200,3.8500,0.6511,1.1394,0.1317,0
556835,-4.7250,-7.3916,0.8737,26.3900,54.1800,3.5700,0.9024,1.8527,0.1221,0
556874,-5.8525,-7.6692,0.9455,20.9300,63.2800,3.9200,0.7157,2.1639,0.1340,0
556913,-6.2618,-6.9966,0.7612,20.2300,60.0600,-1.8200,0.6918,2.0537,-0.0622,0
556952,-6.5562,-7.0397,1.0077,14.7000,54.0400,-6.2300,0.5027,1.8479,-0.2130,0
556991,-6.3048,-7.5160,0.7899,14.0700,52.9200,-4.9700,0.4811,1.8096,-0.1699,0
557030,-6.4078,-7.3293,1.2160,13.5100,53.6900,-6.5800,0.4620,1.8359,-0.2250,0
557069,-7.1857,-7.7985,0.8641,14.4200,52.4300,-7.6300,0.4931,1.7928,-0.2609,0
557108,-6.6687,-6.2785,0.3375,21.6300,48.8600,-14.5600,0.7396,1.6708,-0.4979,0
557147,-8.4400,-11.2740,-0.6846,29.5400,31.9900,14.9100,1.0101,1.0939,0.5098,0
557186,-5.5604,-9.1030,0.2896,17.2900,40.9500,26.7400,0.5912,1.4003,0.9144,0
557225,-3.9184,-8.4950,0.2633,34.5100,76.1600,5.1100,1.1801,2.6043,0.1747,0
557264,-4.0907,-8.3155,-0.8545,36.6800,77.4200,-11.2700,1.2543,2.6474,-0.3854,0
557303,-2.6593,-9.0480,-1.6540,39.1300,68.3900,-22.6800,1.3380,2.3386,-0.7755,0
557342,-2.1998,-8.5357,-2.2548,38.1500,65.1000,-15.2600,1.3045,2.2261,-0.5218,0
557381,-2.9897,-8.1910,-2.6019,5.9500,79.8000,-4.5500,0.2035,2.7287,-0.1556,0
557420,-3.7508,-8.8756,-2.1040,-12.5300,110.5300,4.8300,-0.4285,3.7796,0.1652,0
557459,-5.8142,-9.4429,-2.6115,-1.4000,99.9600,-0.5600,-0.0479,3.4181,-0.0191,0
557498,-5.7495,-8.9331,-2.0131,26.6700,68.1800,-14.7700,0.9120,2.3314,-0.5051,0
557537,-4.7562,-8.2317,-1.9748,37.8700,46.0600,-20.2300,1.2950,1.5750,-0.6918,0
557576,-4.4258,-8.4160,-1.9245,43.1900,43.1900,-12.1100,1.4769,1.4769,-0.4141,0
557615,-4.4546,-7.6788,-1.9006,44.6600,57.5400,-4.4100,1.5271,1.9676,-0.1508,0
557654,-5.1750,-7.4251,-2.0322,45.7800,54.8800,7.5600,1.5654,1.8766,0.2585,0
557693,-5.6753,-8.1312,-1.5918,55.8600,40.8100,14.4900,1.9101,1.3955,0.4955,0
557732,-5.4455,-7.8176,-1.1681,63.0000,23.3100,8.5400,2.1543,0.7971,0.2920,0
557771,-5.1391,-8.8421,-1.6684,57.7500,16.1000,6.6500,1.9748,0.5505,0.2274,0
557810,-5.3953,-9.1629,-2.2404,70.0700,11.6200,-6.5800,2.3960,0.3973,-0.2250,0
557849,-6.0559,-9.0097,-1.4721,52.5700,-6.3000,-6.8600,1.7976,-0.2154,-0.2346,0
557888,-4.6724,-8.6386,-1.5511,43.1200,-13.0200,-9.1000,1.4745,-0.4452,-0.3112,0
557927,-3.9040,-8.2365,-0.1580,23.8700,18.9000,6.0900,0.8162,0.6463,0.2082,0
557966,-5.0530,-10.6613,2.0226,-33.7400,40.8100,30.8700,-1.1537,1.3955,1.0556,0
558005,-2.3912,-8.5453,0.1053,-39.0600,24.9900,9.2400,-1.3357,0.8545,0.3160,0
558044,-3.0327,-5.6969,1.9771,-78.3300,20.4400,32.4100,-2.6785,0.6989,1.1083,0
558083,-6.5753,-8.7751,1.8934,-117.1100,18.9000,55.9300,-4.0046,0.6463,1.9125,0
558122,-7.9924,-8.4687,0.4763,-58.3100,-11.5500,17.0800,-1.9939,-0.3950,0.5840,0
558161,-6.4365,-7.4107,-0.5793,-59.3600,-53.4800,16.6600,-2.0298,-1.8287,0.5697,0
558200,-5.8644,-8.1097,-1.4146,-53.1300,-64.4700,18.6900,-1.8168,-2.2045,0.6391,0
558239,-5.5173,-7.8033,-1.7282,-54.1800,-63.2100,13.7200,-1.8527,-2.1615,0.4692,0
558278,-4.1051,-7.2144,-1.1442,-56.0700,-39.4100,11.5500,-1.9173,-1.3476,0.3950,0
558317,-4.8184,-7.6357,-1.7785,-51.2400,-23.2400,12.1800,-1.7521,-0.7947,0.4165,0
558356,-4.7873,-6.4916,-2.5181,-39.2000,-21.4200,3.7100,-1.3404,-0.7325,0.1269,0
558395,-5.7735,-5.7902,-2.8963,-31.0800,-13.5800,-13.1600,-1.0628,-0.4644,-0.4500,0
558434,-6.2809,-5.8285,-2.7240,-25.7600,-28.6300,-24.8500,-0.8809,-0.9790,-0.8497,0
558473,-6.2713,-7.4682,-2.7287,-23.9400,-29.8900,-30.1000,-0.8186,-1.0221,-1.0293,0
558512,-6.0128,-7.7410,-4.4187,-22.6800,-34.1600,-28.7700,-0.7755,-1.1681,-0.9838,0
558551,-5.1104,-7.9134,-4.3157,-15.2600,-24.8500,-19.6000,-0.5218,-0.8497,-0.6702,0
558590,-6.1876,-7.2455,-4.5982,-24.1500,5.3200,-6.3000,-0.8258,0.1819,-0.2154,0
558629,-9.5291,-11.8342,-2.0920,-25.3400,18.1300,16.1700,-0.8665,0.6200,0.5529,0
558668,-5.4862,-12.5738,-2.7551,45.6400,0.4200,6.1600,1.5607,0.0144,0.2106,0
558707,-5.0937,-8.1767,-0.3207,30.5900,40.3200,-1.8900,1.0460,1.3787,-0.0646,0
558746,-5.2110,-7.7171,1.7498,45.2200,45.2900,-20.8600,1.5463,1.5487,-0.7133,0
558785,-3.9256,-6.7620,1.5247,63.4900,-4.2000,-33.3900,2.1710,-0.1436,-1.1418,0
558824,-2.3003,-8.6099,-1.1346,46.0600,-29.8200,-17.5700,1.5750,-1.0197,-0.6008,0
558863,-1.6061,-11.0179,-3.4373,25.6200,5.6700,-16.0300,0.8761,0.1939,-0.5481,0
558902,-2.3721,-8.2461,-2.5492,57.1900,67.8300,-27.6500,1.9556,2.3194,-0.9455,0
558941,-3.7508,-8.2676,-1.9149,54.6000,79.8700,-7.7700,1.8670,2.7311,-0.2657,0
558980,-3.9399,-8.5501,-1.6109,55.5800,82.8800,2.8000,1.9006,2.8341,0.0957,0
559019,-3.4349,-8.9402,-1.5654,50.4700,92.8200,9.3800,1.7258,3.1740,0.3207,0
559058,-3.8633,-8.3634,-2.6569,59.1500,86.1000,2.0300,2.0226,2.9442,0.0694,0
559097,-5.0482,-7.7506,-2.7982,63.0000,89.0400,9.9400,2.1543,3.0447,0.3399,0
559136,-5.1990,-6.8697,-0.7755,64.9600,105.8400,23.8000,2.2213,3.6192,0.8138,0
559175,-5.0243,-7.0421,-0.6439,56.9100,104.1600,30.0300,1.9460,3.5617,1.0269,0
559214,-5.5724,-8.1958,-2.1782,53.2000,85.4700,29.1200,1.8192,2.9226,0.9958,0
559253,-4.2248,-9.1222,-0.2226,46.1300,81.6900,36.5400,1.5774,2.7934,1.2495,0
559292,-5.6873,-14.5102,-1.0700,-2.9400,114.5200,54.8100,-0.1005,3.9160,1.8742,0
559331,-2.4559,-7.6573,-1.0819,-1.1200,109.8300,21.2800,-0.0383,3.7556,0.7277,0
559370,-6.6280,-6.2283,-1.4912,-35.1400,128.3800,55.0200,-1.2016,4.3899,1.8814,0
559409,-9.3113,-9.2371,-1.1489,47.6700,106.9600,31.3600,1.6301,3.6575,1.0724,0
559448,-5.7232,-7.6190,-0.1723,69.8600,68.4600,21.0000,2.3889,2.3410,0.7181,0
559487,-4.4067,-6.6495,-2.4702,51.1000,45.3600,20.6500,1.7474,1.5511,0.7061,0
559526,-5.0697,-6.4892,-2.0873,38.0100,42.2800,4.9000,1.2997,1.4458,0.1676,0
559565,-5.5963,-4.7538,-1.9149,33.4600,48.8600,-11.6200,1.1442,1.6708,-0.3973,0
559604,-5.6777,-4.3995,-0.3543,32.6200,48.9300,-28.9800,1.1154,1.6732,-0.9910,0
559643,-4.7945,-6.1445,1.6444,22.0500,40.0400,-50.4000,0.7540,1.3692,-1.7234,0
559682,-6.4293,-14.6012,-2.5660,-51.4500,-3.7100,-22.6100,-1.7593,-0.1269,-0.7731,0
559721,-5.3282,-9.7780,-1.1513,-27.3000,46.4100,21.5600,-0.9335,1.5870,0.7372,0
559760,-5.3043,-8.6123,-3.0399,6.5800,14.4900,-18.1300,0.2250,0.4955,-0.6200,0
559799,-3.6575,-10.9294,-4.7753,31.0800,52.9200,-15.6800,1.0628,1.8096,-0.5362,0
559838,-2.5684,-6.4389,-3.0519,40.3200,56.9800,-32.4100,1.3787,1.9484,-1.1083,0
559877,-4.1099,-6.8458,-2.3314,9.5900,91.0000,9.0300,0.3279,3.1117,0.3088,0
559916,-6.4365,-9.6823,-3.4492,16.7300,55.1600,18.1300,0.5721,1.8862,0.6200,0
559955,-4.6078,-8.5285,-3.0998,26.2500,19.3900,12.7400,0.8976,0.6630,0.4356,0
559994,-3.5163,-7.9301,-2.9274,32.3400,3.7100,9.0300,1.1059,0.1269,0.3088,0
560033,-2.5851,-8.5692,-3.2051,35.9100,8.3300,6.7200,1.2279,0.2848,0.2298,0
560072,-1.9891,-8.4041,-3.7460,28.3500,25.6200,23.4500,0.9694,0.8761,0.8019,0
560111,-3.0878,-8.8062,-2.4894,37.3100,36.1900,36.1200,1.2758,1.2375,1.2351,0
560150,-6.4868,-8.5836,-0.9096,31.0100,30.8000,26.2500,1.0604,1.0532,0.8976,0
560189,-7.0708,-9.3304,-2.2524,20.5100,22.4000,-0.1400,0.7013,0.7660,-0.0048,0
560228,-3.3822,-7.2886,-2.6282,18.4100,-20.2300,-13.7900,0.6295,-0.6918,-0.4715,0
560267,-3.6383,-7.5376,-2.2500,22.6100,-15.0500,-5.3900,0.7731,-0.5146,-0.1843,0
560306,-3.7724,-8.5166,-1.3045,23.1700,-7.2100,4.2700,0.7923,-0.2465,0.1460,0
560345,-4.9524,-8.3059,-1.0269,15.5400,5.3200,5.5300,0.5314,0.1819,0.1891,0
560384,-4.4833,-8.3634,-1.6875,14.6300,2.5200,-2.5900,0.5003,0.0862,-0.0886,0
560423,-3.8585,-8.2676,-0.9503,16.5900,-2.1700,-2.3100,0.5673,-0.0742,-0.0790,0
560462,-4.2750,-8.0594,-0.9479,6.1600,2.4500,4.6900,0.2106,0.0838,0.1604,0
560501,-5.3426,-8.4711,-1.0532,4.1300,8.6800,5.7400,0.1412,0.2968,0.1963,0
560540,-5.7136,-8.8349,0.0742,-1.4000,-0.8400,1.7500,-0.0479,-0.0287,0.0598,0
560579,-5.3953,-9.1629,-1.0364,-7.9800,-13.5800,-1.2600,-0.2729,-0.4644,-0.0431,0
560618,-4.6197,-9.4046,-0.4476,-11.4800,-20.8600,7.1400,-0.3926,-0.7133,0.2442,0
560657,-4.6939,-7.9732,-0.6104,-7.1400,-15.1200,5.6700,-0.2442,-0.5170,0.1939,0
560696,-4.7729,-7.3940,-0.3447,5.0400,-5.0400,-4.0600,0.1723,-0.1723,-0.1388,0
560735,-4.8902,-7.8392,0.0503,6.7900,7.7700,-10.9200,0.2322,0.2657,-0.3734,0
560774,-5.1559,-8.5453,-1.0317,1.4000,2.2400,-13.5800,0.0479,0.0766,-0.4644,0
560813,-5.3929,-8.6410,-0.8330,2.6600,-6.3000,-16.8700,0.0910,-0.2154,-0.5769,0
560852,-5.2732,-9.6153,0.3686,7.7700,-10.8500,-13.3700,0.2657,-0.3710,-0.4572,0
560891,-4.2248,-8.8517,-1.6420,12.8800,-26.1100,-9.1000,0.4404,-0.8928,-0.3112,0
560930,-3.5546,-7.8128,-1.2351,6.3700,-15.5400,-2.0300,0.2178,-0.5314,-0.0694,0
560969,-4.0740,-8.4232,-0.6989,5.1100,5.6000,-3.6400,0.1747,0.1915,-0.1245,0
561008,-3.5282,-8.4783,-1.3165,2.6600,11.4800,-2.1000,0.0910,0.3926,-0.0718,0
561047,-3.5354,-8.2509,-1.4841,3.0800,23.3800,7.9800,0.1053,0.7995,0.2729,0
561086,-4.4187,-8.7775,-1.2567,5.3200,24.4300,18.3400,0.1819,0.8354,0.6271,0
561125,-5.5341,-8.7009,-0.5864,-0.8400,14.2800,12.1800,-0.0287,0.4883,0.4165,0
561164,-5.4671,-8.3753,-0.9766,-10.0800,5.2500,-2.1000,-0.3447,0.1795,-0.0718,0
561203,-3.3200,-8.7009,-3.4157,-6.0900,-13.3000,-15.6100,-0.2082,-0.4548,-0.5338,0
561242,-2.4942,-10.4913,-3.9351,-0.3500,-8.8200,-3.2200,-0.0120,-0.3016,-0.1101,0
561281,-3.6982,-9.2682,-3.8155,6.8600,5.4600,3.8500,0.2346,0.1867,0.1317,0
561320,-3.5809,-7.7267,-3.4301,21.0700,19.1100,-2.9400,0.7205,0.6535,-0.1005,0
561359,-3.3511,-8.8517,-2.9178,22.1900,16.5900,4.2000,0.7588,0.5673,0.1436,0
561398,-2.9418,-9.3974,-3.5019,34.6500,8.8900,11.9700,1.1849,0.3040,0.4093,0
561437,-2.7694,-9.0001,-2.7216,51.1000,19.9500,16.9400,1.7474,0.6822,0.5793,0
561476,-2.7982,-9.7278,-1.2136,48.3000,29.8200,19.6000,1.6516,1.0197,0.6702,0
561515,-6.8171,-7.8416,-0.7564,34.2300,53.2000,13.3000,1.1705,1.8192,0.4548,0
561554,-6.6687,-8.0259,0.1939,6.2300,12.1100,-19.9500,0.2130,0.4141,-0.6822,0
561593,-5.0889,-8.3275,-0.6223,-0.2800,-12.3900,-31.2900,-0.0096,-0.4237,-1.0700,0
561632,-4.2559,-8.5836,-0.2824,10.0800,-27.6500,-28.6300,0.3447,-0.9455,-0.9790,0
561671,-3.7389,-8.8325,0.7061,17.2900,-17.1500,-20.1600,0.5912,-0.5864,-0.6894,0
561710,-3.7030,-9.6081,1.2758,9.8700,0.2100,-13.8600,0.3375,0.0072,-0.4739,0
561749,-3.7054,-9.3424,0.2633,10.3600,13.7200,-10.9200,0.3543,0.4692,-0.3734,0
561788,-4.1578,-8.6506,1.2351,11.4800,22.3300,-11.0600,0.3926,0.7636,-0.3782,0
561827,-4.6102,-7.8344,1.2232,7.0000,13.9300,-15.7500,0.2394,0.4763,-0.5386,0
561866,-4.4115,-6.9344,1.0293,7.9800,5.8100,-23.8700,0.2729,0.1987,-0.8162,0
561905,-4.5072,-8.6650,1.3644,-2.1000,-5.8800,-25.3400,-0.0718,-0.2011,-0.8665,0
561944,-4.0572,-10.1442,0.7588,-6.4400,-21.4900,-25.0600,-0.2202,-0.7348,-0.8569,0
561983,-3.6982,-9.4860,0.1053,-7.4900,-31.9900,-20.9300,-0.2561,-1.0939,-0.7157,0
562022,-3.0615,-9.2347,0.3088,2.1700,-33.6700,-20.3700,0.0742,-1.1513,-0.6965,0
562061,-2.7000,-8.7583,0.0287,0.0700,-32.9700,-19.3900,0.0024,-1.1274,-0.6630,0
562100,-1.9915,-8.9929,-0.0215,5.9500,-17.6400,-15.9600,0.2035,-0.6032,-0.5457,0
562139,-2.2309,-10.2855,0.1652,4.1300,-6.1600,-10.0100,0.1412,-0.2106,-0.3423,0
562178,-2.6019,-9.9001,0.0838,-3.4300,-3.7800,-6.3000,-0.1173,-0.1293,-0.2154,0
562217,-2.4559,-8.7248,0.7229,3.2200,2.5900,-7.6300,0.1101,0.0886,-0.2609,0
562256,-2.0107,-9.0695,0.3590,2.1000,-1.8200,-6.9300,0.0718,-0.0622,-0.2370,0
562295,-2.3889,-9.7421,0.1867,1.7500,-2.5200,-5.3900,0.0598,-0.0862,-0.1843,0
562334,-2.4942,-9.4956,0.2394,2.8700,2.7300,-5.0400,0.0981,0.0934,-0.1723,0
562373,-2.1495,-9.2418,0.2537,5.6700,5.3200,-6.0900,0.1939,0.1819,-0.2082,0
562412,-2.0250,-9.5841,0.1269,5.5300,2.0300,-1.8900,0.1891,0.0694,-0.0646,0
562451,-2.4439,-9.5267,0.4285,2.5200,1.8900,0.4200,0.0862,0.0646,0.0144,0
562490,-2.0298,-9.3232,0.2729,4.5500,4.9000,1.6100,0.1556,0.1676,0.0551,0
562529,-2.3099,-9.4357,0.2418,2.8700,4.9700,2.2400,0.0981,0.1699,0.0766,0
562568,-2.5660,-9.5937,0.4069,-2.4500,1.8900,0.1400,-0.0838,0.0646,0.0048,0
562607,-2.3673,-9.2107,0.6104,-0.6300,6.9300,-0.9800,-0.0215,0.2370,-0.0335,0
562646,-2.3003,-9.2777,0.3854,-3.0100,5.9500,-1.4700,-0.1029,0.2035,-0.0503,0
562685,-2.6354,-9.6296,0.2489,-1.7500,5.3200,-0.5600,-0.0598,0.1819,-0.0191,0
562724,-2.8580,-9.6942,0.5984,-0.3500,3.9900,-0.1400,-0.0120,0.1364,-0.0048,0
562763,-2.3506,-9.4190,0.4093,-0.1400,-2.3100,-0.4900,-0.0048,-0.0790,-0.0168,0
562802,-2.0896,-9.3137,0.3590,1.4700,-2.4500,2.8000,0.0503,-0.0838,0.0957,0
562841,-2.2979,-9.6679,0.1843,2.5200,-3.4300,5.1800,0.0862,-0.1173,0.1771,0
562880,-2.5803,-9.3448,0.5553,-0.6300,1.1900,6.0200,-0.0215,0.0407,0.2059,0
562919,-2.0513,-9.0767,0.1077,3.2900,2.6600,5.3900,0.1125,0.0910,0.1843,0
562958,-2.6522,-9.3998,0.4787,2.8700,6.5800,8.4000,0.0981,0.2250,0.2872,0
562997,-2.5444,-9.5674,0.3495,3.0100,3.8500,6.4400,0.1029,0.1317,0.2202,0
563036,-2.6569,-9.0839,0.5888,1.5400,11.0600,7.8400,0.0527,0.3782,0.2681,0
563075,-2.6952,-9.2490,0.4524,1.3300,9.6600,7.2100,0.0455,0.3303,0.2465,0
563114,-2.7216,-9.1652,0.4141,1.6800,9.6600,9.9400,0.0574,0.3303,0.3399,0
563153,-3.1213,-9.7924,0.5194,-0.8400,12.2500,11.2000,-0.0287,0.4189,0.3830,0
563192,-3.0878,-9.3448,0.2872,1.4700,10.6400,8.6100,0.0503,0.3638,0.2944,0
563231,-3.2984,-8.9546,0.3806,2.1000,12.8100,8.6100,0.0718,0.4380,0.2944,0
563270,-3.3894,-9.3615,0.5529,6.5100,9.1700,8.3300,0.2226,0.3136,0.2848,0
563309,-3.2194,-9.2251,0.4644,4.2700,6.9300,8.7500,0.1460,0.2370,0.2992,0
563348,-3.4109,-8.9857,0.4021,3.9200,14.2100,8.0500,0.1340,0.4859,0.2753,0
563387,-3.3224,-8.9546,0.1676,1.6100,18.2700,8.4000,0.0551,0.6247,0.2872,0
563426,-3.5378,-9.5410,0.5697,2.3800,18.1300,8.8900,0.0814,0.6200,0.3040,0
563465,-3.6910,-9.2825,-0.3064,5.5300,21.8400,13.1600,0.1891,0.7468,0.4500,0
563504,-3.7724,-8.7320,0.0622,-0.2100,13.0200,8.8900,-0.0072,0.4452,0.3040,0
563543,-3.5809,-9.0192,-0.0072,-2.1700,13.8600,9.1000,-0.0742,0.4739,0.3112,0
563582,-3.2482,-9.1964,-0.2585,-1.0500,11.4100,8.8900,-0.0359,0.3902,0.3040,0
563621,-3.4971,-9.3065,-0.0886,1.4000,13.5100,9.2400,0.0479,0.4620,0.3160,0
563660,-3.3822,-9.0575,-0.2968,0.6300,19.1800,10.5000,0.0215,0.6559,0.3590,0
563699,-3.6766,-8.7033,-0.1628,-0.8400,25.1300,12.3200,-0.0287,0.8593,0.4213,0
563738,-4.0788,-8.8613,-0.1723,-1.5400,18.2700,14.0000,-0.0527,0.6247,0.4787,0
563777,-4.3947,-8.9259,-0.5936,-4.6900,11.4100,11.3400,-0.1604,0.3902,0.3878,0
563816,-4.2056,-8.8493,-0.3758,3.5700,12.5300,9.3100,0.1221,0.4285,0.3184,0
563855,-3.9758,-9.1174,-0.3830,2.4500,7.7700,7.4900,0.0838,0.2657,0.2561,0
563894,-4.0141,-8.9043,-0.7348,1.8200,8.1900,7.6300,0.0622,0.2801,0.2609,0
563933,-4.3014,-8.6410,-0.0670,3.7800,16.5200,4.7600,0.1293,0.5649,0.1628,0
563972,-4.2128,-8.8110,-0.5266,-0.8400,12.0400,1.2600,-0.0287,0.4117,0.0431,0
564011,-4.0309,-9.0025,-0.7396,2.8700,9.1000,1.4700,0.0981,0.3112,0.0503,0
564050,-4.3038,-8.8182,-0.6032,3.1500,10.0100,3.9900,0.1077,0.3423,0.1364,0
564089,-4.2942,-8.7033,-0.6846,4.9700,13.4400,4.3400,0.1699,0.4596,0.1484,0
564128,-4.1386,-8.8373,-0.6463,5.5300,13.0200,1.6800,0.1891,0.4452,0.0574,0
564167,-3.9567,-8.7152,-0.7995,2.6600,10.7800,2.0300,0.0910,0.3686,0.0694,0
564206,-4.4546,-8.7368,-0.5745,0.4900,11.8300,2.5200,0.0168,0.4045,0.0862,0
564245,-4.4641,-8.9019,-0.4907,0.9100,8.8200,1.5400,0.0311,0.3016,0.0527,0
564284,-4.2559,-8.7823,-0.7013,-0.7000,2.5900,0.5600,-0.0239,0.0886,0.0191,0
564323,-4.1218,-8.8254,-0.6678,1.4700,4.9700,-0.3500,0.0503,0.1699,-0.0120,0
564362,-4.1434,-8.7392,-0.7133,1.8200,5.1800,-0.5600,0.0622,0.1771,-0.0191,0
564401,-4.1817,-8.7607,-0.5457,1.4700,7.2100,0.3500,0.0503,0.2465,0.0120,0
564440,-4.3253,-8.5190,-0.5410,-0.3500,7.0000,0.8400,-0.0120,0.2394,0.0287,0
564479,-4.5431,-8.6674,-0.4859,0.7000,6.8600,1.8900,0.0239,0.2346,0.0646,0
564518,-4.6102,-8.8397,-0.5146,-0.3500,5.5300,3.9900,-0.0120,0.1891,0.1364,0
564557,-4.5719,-8.8110,-0.8402,2.0300,0.4200,2.3800,0.0694,0.0144,0.0814,0
564596,-4.5024,-8.7655,-0.7205,3.9900,-1.8900,-1.4700,0.1364,-0.0646,-0.0503,0
564635,-4.3014,-8.6267,-0.6247,0.4200,-4.4100,-1.9600,0.0144,-0.1508,-0.0670,0
564674,-4.1673,-8.6506,-0.5840,-1.7500,-2.2400,-0.2100,-0.0598,-0.0766,-0.0072,0
564713,-4.4713,-8.7152,-0.3375,-1.8900,-4.9700,-0.0700,-0.0646,-0.1699,-0.0024,0
564752,-4.1003,-8.9905,-0.5745,-3.7100,-6.9300,-0.3500,-0.1269,-0.2370,-0.0120,0
564791,-4.1506,-8.8660,-0.7827,0.7700,-4.1300,0.1400,0.0263,-0.1412,0.0048,0
564830,-4.0668,-8.7224,-0.6080,3.4300,-1.1900,-0.4900,0.1173,-0.0407,-0.0168,0
564869,-4.1865,-8.6793,-0.3878,1.1900,3.4300,0.0700,0.0407,0.1173,0.0024,0
564908,-4.6820,-8.6865,-0.4117,1.1900,4.9700,0.5600,0.0407,0.1699,0.0191,0
564947,-4.6413,-8.6243,-0.3495,-0.0700,2.5200,-0.9100,-0.0024,0.0862,-0.0311,0
564986,-4.4809,-8.6434,-0.5027,-0.3500,-2.7300,-1.4000,-0.0120,-0.0934,-0.0479,0
565025,-4.2248,-8.6722,-0.5457,0.2800,-1.0500,-0.0700,0.0096,-0.0359,-0.0024,0
565064,-4.0931,-8.6578,-0.7995,-1.4700,3.2900,2.4500,-0.0503,0.1125,0.0838,0
565103,-4.6604,-8.7296,-0.5410,-1.0500,9.4500,2.3800,-0.0359,0.3231,0.0814,0
565142,-4.6508,-8.7416,-0.5960,0.0700,4.4800,0.9800,0.0024,0.1532,0.0335,0
565181,-4.5790,-8.5980,-0.5673,-3.2900,-0.4200,-1.1200,-0.1125,-0.0144,-0.0383,0
565220,-4.5575,-8.8756,-0.7061,-1.5400,-5.5300,-1.2600,-0.0527,-0.1891,-0.0431,0
565259,-4.2750,-8.8684,-1.0005,-0.8400,-6.2300,-2.8700,-0.0287,-0.2130,-0.0981,0
565298,-4.4067,-8.7823,-0.8809,0.4200,-4.4800,-3.2200,0.0144,-0.1532,-0.1101,0
565337,-4.3253,-8.6051,-0.7181,2.1700,-3.5000,-3.5000,0.0742,-0.1197,-0.1197,0
565376,-4.2463,-8.6386,-0.5673,1.3300,-3.4300,-2.5900,0.0455,-0.1173,-0.0886,0
565415,-4.2559,-8.7847,-0.6606,2.2400,-4.1300,-0.9800,0.0766,-0.1412,-0.0335,0
565454,-4.3014,-8.5238,-0.5721,0.7000,-2.9400,0.2800,0.0239,-0.1005,0.0096,0
565493,-4.2535,-8.7535,-0.5218,0.8400,-2.8000,0.4900,0.0287,-0.0957,0.0168,0
565532,-4.2535,-8.9187,-0.7444,2.6600,1.9600,0.9800,0.0910,0.0670,0.0335,0
565571,-4.2870,-8.6602,-0.6080,3.0800,2.5200,-1.2600,0.1053,0.0862,-0.0431,0
565610,-4.4522,-8.6650,-0.4548,1.0500,2.8700,-2.9400,0.0359,0.0981,-0.1005,0
565649,-4.4641,-8.7799,-0.5912,0.6300,0.7000,-1.8900,0.0215,0.0239,-0.0646,0
565688,-4.3086,-8.7320,-0.4261,0.4900,-1.7500,-1.4000,0.0168,-0.0598,-0.0479,0
565727,-4.0859,-8.7847,-0.6128,-0.9800,-5.3900,-1.4000,-0.0335,-0.1843,-0.0479,0
565766,-3.9615,-8.7847,-0.5673,1.4000,1.7500,-0.7000,0.0479,0.0598,-0.0239,0
565805,-4.2726,-8.8325,-0.4165,1.1900,5.2500,0.5600,0.0407,0.1795,0.0191,0
565844,-4.2894,-8.7679,-0.5146,-0.2800,3.5000,0.4900,-0.0096,0.1197,0.0168,0
565883,-4.4833,-8.7799,-0.4213,1.1200,5.3900,-1.4000,0.0383,0.1843,-0.0479,0
565922,-4.4737,-8.8038,-0.6032,-0.3500,0.8400,-2.3100,-0.0120,0.0287,-0.0790,0
565961,-4.2296,-8.6769,-0.6391,0.6300,-2.3100,-1.8200,0.0215,-0.0790,-0.0622,0
566000,-3.9687,-8.8182,-0.7013,0.4200,-1.1900,-0.5600,0.0144,-0.0407,-0.0191,0
566039,-3.9806,-8.7607,-0.6583,2.2400,3.5700,0.4200,0.0766,0.1221,0.0144,0
566078,-4.0955,-8.7440,-0.3662,1.0500,6.7900,0.7000,0.0359,0.2322,0.0239,0
566117,-4.4737,-8.9187,-0.7133,-1.0500,7.2800,0.0700,-0.0359,0.2489,0.0024,0
566156,-4.3995,-8.8469,-0.5721,2.1700,5.1100,-1.4700,0.0742,0.1747,-0.0503,0
566195,-4.1673,-8.8445,-0.5697,2.5900,0.8400,-1.5400,0.0886,0.0287,-0.0527,0
566234,-4.1123,-8.6674,-0.6942,3.2200,0.7000,-0.6300,0.1101,0.0239,-0.0215,0
566273,-4.0883,-8.6793,-0.5912,2.2400,3.7800,0.4900,0.0766,0.1293,0.0168,0
566312,-4.2128,-8.8541,-0.6056,1.0500,4.2000,1.4000,0.0359,0.1436,0.0479,0
566351,-4.2966,-8.7751,-0.5481,0.0700,3.2900,0.6300,0.0024,0.1125,0.0215,0
566390,-4.3397,-8.8900,-0.7205,-0.4900,-0.2100,0.0000,-0.0168,-0.0072,0.0000,0
566429,-3.9902,-8.7751,-0.5984,0.4200,0.1400,0.4200,0.0144,0.0048,0.0144,0
566468,-3.9926,-8.7703,-0.6965,-0.2100,3.0800,-0.7000,-0.0072,0.1053,-0.0239,0
566507,-3.9974,-8.9259,-0.7731,1.8200,9.3100,-0.3500,0.0622,0.3184,-0.0120,0
566546,-4.0859,-8.7751,-0.6606,0.3500,10.6400,1.3300,0.0120,0.3638,0.0455,0
566585,-4.2032,-8.7176,-0.5673,-0.7000,11.4800,1.2600,-0.0239,0.3926,0.0431,0
566624,-4.3660,-8.7727,-0.7684,-2.4500,10.7800,0.0700,-0.0838,0.3686,0.0024,0
566663,-4.6772,-8.7751,-0.9024,-4.4100,9.1000,1.0500,-0.1508,0.3112,0.0359,0
566702,-4.8423,-8.9426,-0.4883,-3.2900,-1.1200,0.1400,-0.1125,-0.0383,0.0048,0
566741,-4.3564,-8.7368,-0.9934,-5.1100,-11.4100,-2.4500,-0.1747,-0.3902,-0.0838,0
566780,-4.2439,-8.7583,-1.1346,-3.5700,-14.9100,-2.3800,-0.1221,-0.5098,-0.0814,0
566819,-4.3325,-8.8565,-1.2591,0.4200,-14.4200,-0.4200,0.0144,-0.4931,-0.0144,0
566858,-4.1817,-8.6865,-1.1849,-0.1400,-6.5800,-1.4000,-0.0048,-0.2250,-0.0479,0
566897,-4.3971,-8.9115,-1.0676,0.9800,-7.7000,0.6300,0.0335,-0.2633,0.0215,0
566936,-4.2583,-8.5405,-1.2088,2.8000,-7.0000,0.2800,0.0957,-0.2394,0.0096,0
566975,-4.3445,-8.5046,-0.8330,3.4300,-8.6800,-0.2100,0.1173,-0.2968,-0.0072,0
567014,-4.2463,-8.6386,-0.8378,0.7700,-9.2400,0.2800,0.0263,-0.3160,0.0096,0
567053,-4.1865,-8.6171,-0.6128,0.2800,-3.0100,0.6300,0.0096,-0.1029,0.0215,0
567092,-4.2942,-8.7894,-0.7947,1.4700,-3.6400,-0.7000,0.0503,-0.1245,-0.0239,0
567131,-4.2655,-8.6961,-0.5098,4.6200,-0.5600,-0.9800,0.1580,-0.0191,-0.0335,0
567170,-4.6532,-8.6578,-0.0311,1.6800,-0.0700,-1.6100,0.0574,-0.0024,-0.0551,0
567209,-4.4402,-8.7081,-0.5146,2.6600,-8.0500,-5.6000,0.0910,-0.2753,-0.1915,0
567248,-4.0141,-8.7320,-0.3973,3.4300,-6.5100,-4.3400,0.1173,-0.2226,-0.1484,0
567287,-4.2703,-8.6434,-0.4620,0.3500,-7.6300,-2.8700,0.0120,-0.2609,-0.0981,0
567326,-4.2056,-8.7799,-0.2753,0.9100,-3.9900,-1.3300,0.0311,-0.1364,-0.0455,0
567365,-4.2655,-8.6698,-0.2250,-1.4700,-5.2500,-1.3300,-0.0503,-0.1795,-0.0455,0
567404,-4.3277,-8.7607,-0.3543,0.0700,-7.4200,-2.3800,0.0024,-0.2537,-0.0814,0
567443,-4.4211,-8.8660,-0.3758,0.7000,-7.4900,-2.9400,0.0239,-0.2561,-0.1005,0
567482,-4.4067,-8.8445,-0.5625,1.6800,-9.6600,-6.2300,0.0574,-0.3303,-0.2130,0
567521,-4.0429,-8.8230,-0.4500,1.8200,-9.0300,-8.5400,0.0622,-0.3088,-0.2920,0
567560,-4.2224,-8.8708,-0.6295,-1.3300,-7.5600,-8.6100,-0.0455,-0.2585,-0.2944,0
567599,-4.5120,-8.8876,-0.2896,-0.4200,-8.6100,-8.8900,-0.0144,-0.2944,-0.3040,0
567638,-4.1506,-8.8660,-0.2489,-0.0700,-12.8100,-9.0300,-0.0024,-0.4380,-0.3088,0
567677,-3.6790,-8.9881,-0.1963,0.4200,-13.3000,-7.8400,0.0144,-0.4548,-0.2681,0
567716,-3.5330,-8.9905,-0.1747,-2.1000,-12.9500,-7.1400,-0.0718,-0.4428,-0.2442,0
567755,-3.6431,-8.8493,-0.3567,-4.0600,-6.0200,-8.0500,-0.1388,-0.2059,-0.2753,0
567794,-3.5929,-8.8254,-0.0287,-9.1700,-4.6200,-4.9000,-0.3136,-0.1580,-0.1676,0
567833,-3.8609,-8.8517,-0.4811,-17.2900,-7.3500,-0.7000,-0.5912,-0.2513,-0.0239,0
567872,-3.9136,-8.7775,-0.5817,-18.4100,-11.7600,0.7700,-0.6295,-0.4021,0.0263,0
567911,-3.8562,-8.7751,-0.2824,-19.1800,-10.6400,0.3500,-0.6559,-0.3638,0.0120,0
567950,-4.2248,-8.8038,-0.3926,-26.2500,-14.6300,-1.9600,-0.8976,-0.5003,-0.0670,0
567989,-3.7700,-9.0097,-1.1657,-20.9300,-17.2200,-7.0700,-0.7157,-0.5888,-0.2418,0
568028,-3.8705,-9.1964,-0.7947,-15.3300,-15.2600,-6.0200,-0.5242,-0.5218,-0.2059,0
568067,-3.7963,-9.4118,-1.0963,-15.2600,-21.7700,-6.2300,-0.5218,-0.7444,-0.2130,0
568106,-3.6910,-9.1437,-1.0364,-4.9700,-21.6300,-7.4900,-0.1699,-0.7396,-0.2561,0
568145,-2.9561,-8.8948,-1.0221,-3.0100,-25.9000,-6.5800,-0.1029,-0.8856,-0.2250,0
568184,-2.6689,-9.4094,-0.9575,-4.6200,-11.0600,0.5600,-0.1580,-0.3782,0.0191,0
568223,-3.0064,-9.0312,-0.8114,-1.4000,-3.0800,2.5900,-0.0479,-0.1053,0.0886,0
568262,-3.5450,-8.9546,-0.8928,0.3500,-0.8400,2.8700,0.0120,-0.0287,0.0981,0
568301,-3.8945,-9.6392,-1.0173,9.1700,3.9200,6.3700,0.3136,0.1340,0.2178,0
568340,-4.2439,-9.1868,-0.8689,15.3300,-5.8800,5.8800,0.5242,-0.2011,0.2011,0
568379,-3.9160,-8.6626,-0.5098,16.9400,-8.4700,4.2000,0.5793,-0.2896,0.1436,0
568418,-3.6766,-8.7033,-0.3543,12.6700,-1.8200,4.2700,0.4332,-0.0622,0.1460,0
568457,-3.7030,-8.7583,-0.4213,8.5400,4.2700,4.6900,0.2920,0.1460,0.1604,0
568496,-4.1458,-9.2059,-0.1340,5.1800,4.7600,6.9300,0.1771,0.1628,0.2370,0
568535,-3.9304,-9.1198,-0.4883,6.2300,4.2700,9.1700,0.2130,0.1460,0.3136,0
568574,-3.5952,-9.1222,-0.3136,7.9100,9.2400,8.6100,0.2705,0.3160,0.2944,0
568613,-3.6096,-8.9570,-0.3519,11.6900,12.3900,6.1600,0.3997,0.4237,0.2106,0
568652,-3.8442,-8.7368,-0.3926,9.6600,19.8800,5.6000,0.3303,0.6798,0.1915,0
568691,-3.9758,-8.5429,-0.2729,4.9700,21.4900,7.9100,0.1699,0.7348,0.2705,0
568730,-4.1266,-8.5285,-0.3638,0.1400,18.9700,10.0100,0.0048,0.6487,0.3423,0
568769,-4.0883,-8.6147,-0.2633,-2.6600,20.8600,12.6700,-0.0910,0.7133,0.4332,0
568808,-4.1482,-8.5980,-0.1771,-6.6500,20.5800,12.9500,-0.2274,0.7037,0.4428,0
568847,-4.6125,-8.7033,-0.6726,-7.9100,20.8600,12.6700,-0.2705,0.7133,0.4332,0
568886,-4.9117,-9.0719,-1.1106,-4.9700,20.0200,10.8500,-0.1699,0.6846,0.3710,0
568925,-4.9405,-8.7440,-0.9766,0.5600,16.0300,8.8900,0.0191,0.5481,0.3040,0
568964,-4.9548,-8.5453,-0.8473,1.8900,11.8300,5.4600,0.0646,0.4045,0.1867,0
569003,-4.7466,-8.7200,-1.1274,1.7500,8.9600,5.5300,0.0598,0.3064,0.1891,0
569042,-4.5479,-8.6578,-1.1944,3.0800,4.6200,4.1300,0.1053,0.1580,0.1412,0
569081,-4.3277,-8.4567,-1.1681,3.7100,3.8500,3.0100,0.1269,0.1317,0.1029,0
569120,-4.3349,-8.7033,-1.2519,5.0400,8.4000,5.4600,0.1723,0.2872,0.1867,0
569159,-4.4474,-8.7296,-1.1729,5.6000,12.8100,5.8100,0.1915,0.4380,0.1987,0
569198,-4.5072,-8.4759,-1.0269,5.6700,12.3900,3.9200,0.1939,0.4237,0.1340,0
569237,-4.7011,-8.4256,-0.9646,5.6700,13.3700,2.9400,0.1939,0.4572,0.1005,0
569276,-4.9764,-8.4998,-1.0843,3.2900,9.8700,3.8500,0.1125,0.3375,0.1317,0
569315,-4.9309,-8.5621,-1.0556,4.5500,6.5800,3.5700,0.1556,0.2250,0.1221,0
569354,-4.8184,-8.5070,-0.9862,3.0800,4.9000,0.3500,0.1053,0.1676,0.0120,0
569393,-4.8256,-8.5932,-1.0412,2.8700,2.6600,-1.0500,0.0981,0.0910,-0.0359,0
569432,-4.6054,-8.6554,-1.0125,3.2900,3.4300,-1.1200,0.1125,0.1173,-0.0383,0
569471,-4.6389,-8.4950,-0.9934,3.0800,2.5900,-0.7700,0.1053,0.0886,-0.0263,0
569510,-4.5359,-8.3849,-1.0293,2.5900,1.0500,-1.2600,0.0886,0.0359,-0.0431,0
569549,-4.7921,-8.3011,-0.9048,1.8900,5.0400,1.6100,0.0646,0.1723,0.0551,0
569588,-5.1008,-8.3634,-0.6870,-2.4500,2.0300,2.0300,-0.0838,0.0694,0.0694,0
569627,-5.1368,-8.4136,-0.7971,-3.9200,-4.0600,-0.2800,-0.1340,-0.1388,-0.0096,0
569666,-5.0889,-8.4352,-0.9383,-4.2700,-11.4100,-1.9600,-0.1460,-0.3902,-0.0670,0
569705,-4.7897,-8.6243,-1.1202,-4.4800,-12.9500,-0.7000,-0.1532,-0.4428,-0.0239,0
569744,-4.5742,-8.7248,-0.9670,-1.5400,-11.3400,-0.4200,-0.0527,-0.3878,-0.0144,0
569783,-4.4761,-8.5190,-1.1106,0.7700,-9.5200,-1.8900,0.0263,-0.3255,-0.0646,0
569822,-4.4306,-8.4232,-0.9646,2.1000,-1.9600,-2.1700,0.0718,-0.0670,-0.0742,0
569861,-4.8352,-8.4519,-0.9263,0.9800,0.6300,0.5600,0.0335,0.0215,0.0191,0
569900,-4.9309,-8.3682,-0.8713,0.8400,-0.6300,1.8200,0.0287,-0.0215,0.0622,0
569939,-5.0147,-8.4328,-0.9575,0.2800,-5.5300,-1.2600,0.0096,-0.1891,-0.0431,0
569978,-4.5192,-8.5525,-0.8976,-2.2400,-6.7200,-1.6100,-0.0766,-0.2298,-0.0551,0
570017,-4.5599,-8.6386,-0.9598,-0.2100,-5.0400,-1.6100,-0.0072,-0.1723,-0.0551,0
570056,-4.5383,-8.5980,-0.9120,1.8200,0.4200,-1.4700,0.0622,0.0144,-0.0503,0
570095,-4.5623,-8.5549,-0.8833,2.3100,2.7300,-1.1900,0.0790,0.0934,-0.0407,0
570134,-4.6939,-8.3490,-0.8833,3.1500,4.4800,-1.1900,0.1077,0.1532,-0.0407,0
570173,-4.7753,-8.4974,-0.6391,1.6800,4.9700,0.2800,0.0574,0.1699,0.0096,0
570212,-4.8782,-8.5429,-0.9311,-0.3500,2.8000,-0.1400,-0.0120,0.0957,-0.0048,0
570251,-4.5934,-8.5429,-0.7588,2.0300,2.0300,-1.6100,0.0694,0.0694,-0.0551,0
570290,-4.6437,-8.4783,-0.7372,-1.1200,0.0700,-1.2600,-0.0383,0.0024,-0.0431,0
570329,-4.8160,-8.4807,-0.8282,-0.2100,-1.9600,-0.4900,-0.0072,-0.0670,-0.0168,0
570368,-4.6700,-8.5980,-0.8737,-0.9100,-2.3800,-0.4200,-0.0311,-0.0814,-0.0144,0
570407,-4.4905,-8.5357,-0.9958,-0.2800,-1.2600,-1.3300,-0.0096,-0.0431,-0.0455,0
570446,-4.4881,-8.6075,-0.9168,-0.8400,4.2700,-0.9100,-0.0287,0.1460,-0.0311,0
570485,-4.6341,-8.6578,-0.9886,0.6300,5.3200,0.1400,0.0215,0.1819,0.0048,0
570524,-4.6173,-8.4878,-0.8952,2.6600,3.9900,0.0000,0.0910,0.1364,0.0000,0
570563,-4.6461,-8.6003,-0.9216,1.4000,5.1100,0.2800,0.0479,0.1747,0.0096,0
570602,-4.8974,-8.6099,-0.8641,2.5200,6.0200,0.8400,0.0862,0.2059,0.0287,0
570641,-4.7514,-8.5980,-0.8186,2.3800,3.3600,-1.9600,0.0814,0.1149,-0.0670,0
570680,-4.5168,-8.4256,-0.8856,1.8900,-0.4200,-3.2900,0.0646,-0.0144,-0.1125,0
570719,-4.5575,-8.4089,-0.8545,0.0700,0.1400,-1.1200,0.0024,0.0048,-0.0383,0
570758,-4.7729,-8.5333,-0.9670,-0.3500,2.8700,0.4900,-0.0120,0.0981,0.0168,0
570797,-4.7322,-8.5621,-0.8593,0.1400,1.7500,-0.4200,0.0048,0.0598,-0.0144,0
570836,-4.5958,-8.4663,-0.8210,-1.6100,-1.2600,-0.7000,-0.0551,-0.0431,-0.0239,0
570875,-4.8016,-8.5932,-0.8809,-2.1000,-3.5000,-0.3500,-0.0718,-0.1197,-0.0120,0
570914,-4.5216,-8.6267,-0.9024,-1.3300,-5.3900,-1.8900,-0.0455,-0.1843,-0.0646,0
570953,-4.3636,-8.5908,-0.8617,-0.2800,-5.1100,-1.7500,-0.0096,-0.1747,-0.0598,0
570992,-4.5359,-8.5070,-1.0317,-1.0500,-3.6400,-0.3500,-0.0359,-0.1245,-0.0120,0
571031,-4.7059,-8.5860,-0.9407,-1.1900,-2.0300,0.9100,-0.0407,-0.0694,0.0311,0
571070,-4.6676,-8.6051,-0.9527,-2.1700,-4.0600,-0.3500,-0.0742,-0.1388,-0.0120,0
571109,-4.4570,-8.6243,-0.7971,-2.1000,-5.8100,-1.4700,-0.0718,-0.1987,-0.0503,0
571148,-4.6269,-8.5573,-0.9981,-3.2200,-7.1400,-1.6800,-0.1101,-0.2442,-0.0574,0
571187,-4.6796,-8.7320,-0.9862,-1.4700,-6.0200,-1.1900,-0.0503,-0.2059,-0.0407,0
571226,-4.6054,-8.7009,-1.0915,-0.7700,-4.6200,-1.6100,-0.0263,-0.1580,-0.0551,0
571265,-4.3253,-8.5214,-0.9096,2.1700,0.7700,-2.3800,0.0742,0.0263,-0.0814,0
571304,-4.3564,-8.5333,-0.7085,0.0700,1.0500,-0.4900,0.0024,0.0359,-0.0168,0
571343,-4.6173,-8.5525,-0.8785,-0.4900,1.6100,1.8900,-0.0168,0.0551,0.0646,0
571382,-4.7586,-8.6769,-1.1178,-0.2800,1.0500,1.0500,-0.0096,0.0359,0.0359,0
571421,-4.7825,-8.5692,-0.9790,2.4500,1.0500,0.0700,0.0838,0.0359,0.0024,0
571460,-4.6437,-8.4376,-0.8521,0.8400,-0.8400,-0.4900,0.0287,-0.0287,-0.0168,0
571499,-4.6125,-8.6363,-0.9910,-0.3500,-1.2600,-0.2100,-0.0120,-0.0431,-0.0072,0
571538,-4.5671,-8.6626,-0.8809,0.6300,-2.3800,-0.3500,0.0215,-0.0814,-0.0120,0
571577,-4.3756,-8.5668,-0.7851,2.0300,0.0000,-0.4200,0.0694,0.0000,-0.0144,0
571616,-4.4019,-8.5668,-0.9192,1.1900,1.4700,0.0000,0.0407,0.0503,0.0000,0
571655,-4.6125,-8.5740,-1.0341,2.0300,4.7600,1.2600,0.0694,0.1628,0.0431,0
571694,-4.6484,-8.5884,-0.8593,1.1200,3.9200,0.9100,0.0383,0.1340,0.0311,0
571733,-4.7897,-8.5309,-0.8785,0.9800,1.9600,-0.6300,0.0335,0.0670,-0.0215,0
571772,-4.7298,-8.5668,-0.9575,1.1200,1.4000,-0.4900,0.0383,0.0479,-0.0168,0
571811,-4.6197,-8.4543,-0.9383,-0.2100,1.2600,-1.1200,-0.0072,0.0431,-0.0383,0
571850,-4.5766,-8.5668,-0.8282,1.4700,1.0500,-0.4200,0.0503,0.0359,-0.0144,0
571889,-4.4665,-8.5621,-0.9024,0.0700,0.1400,0.9100,0.0024,0.0048,0.0311,0
571928,-4.5240,-8.6003,-1.0436,1.1200,1.1900,0.9100,0.0383,0.0407,0.0311,0
571967,-4.6987,-8.6195,-0.9311,1.8200,1.6100,0.4200,0.0622,0.0551,0.0144,0
572006,-4.5886,-8.4639,-0.9527,1.7500,1.7500,-0.1400,0.0598,0.0598,-0.0048,0
572045,-4.7059,-8.3706,-0.9431,-1.6100,0.0700,0.0000,-0.0551,0.0024,0.0000,0
572084,-4.7490,-8.5908,-0.9239,-1.6800,-1.4000,0.4900,-0.0574,-0.0479,0.0168,0
572123,-4.5072,-8.5932,-0.9144,-1.6800,-2.8000,0.0700,-0.0574,-0.0957,0.0024,0
572162,-4.6006,-8.5621,-1.0700,0.3500,-2.1700,0.4200,0.0120,-0.0742,0.0144,0
572201,-4.5312,-8.5884,-1.0867,-0.8400,-0.6300,0.8400,-0.0287,-0.0215,0.0287,0
572240,-4.7562,-8.5812,-0.9383,-0.7000,1.0500,-0.1400,-0.0239,0.0359,-0.0048,0
572279,-4.9117,-8.6003,-0.9048,-1.2600,-3.3600,-1.7500,-0.0431,-0.1149,-0.0598,0
572318,-4.7203,-8.5908,-0.8833,-0.9100,-5.8100,-2.9400,-0.0311,-0.1987,-0.1005,0
572357,-4.5527,-8.6219,-1.0604,-1.3300,-6.4400,-3.5700,-0.0455,-0.2202,-0.1221,0
572396,-4.4139,-8.4639,-0.8737,1.3300,-1.6100,-3.4300,0.0455,-0.0551,-0.1173,0
572435,-4.5288,-8.5190,-0.8497,-0.8400,-0.6300,-1.8900,-0.0287,-0.0215,-0.0646,0
572474,-4.6197,-8.4256,-0.9934,-1.6100,-1.7500,-0.7000,-0.0551,-0.0598,-0.0239,0
572513,-4.7418,-8.4783,-0.8138,-1.7500,-3.5000,-0.1400,-0.0598,-0.1197,-0.0048,0
572552,-4.6484,-8.5573,-0.9335,-2.2400,-6.0900,-0.1400,-0.0766,-0.2082,-0.0048,0
572591,-4.4689,-8.5190,-0.9455,-3.0800,-6.3700,-0.0700,-0.1053,-0.2178,-0.0024,0
572630,-4.6102,-8.6913,-0.8809,-3.7100,-5.4600,0.4200,-0.1269,-0.1867,0.0144,0
572669,-4.5838,-8.7966,-0.9048,0.2800,-5.0400,-0.1400,0.0096,-0.1723,-0.0048,0
572708,-4.3995,-8.4926,-0.8402,-0.2800,-6.5800,0.2100,-0.0096,-0.2250,0.0072,0
572747,-4.3708,-8.3730,-0.9958,-0.2800,-3.5700,2.1700,-0.0096,-0.1221,0.0742,0
572786,-4.5336,-8.7703,-0.9359,0.7000,2.3100,3.7100,0.0239,0.0790,0.1269,0
572825,-4.4833,-8.4543,-1.1418,-1.8900,1.5400,3.4300,-0.0646,0.0527,0.1173,0
572864,-4.4881,-8.6267,-1.2878,2.4500,2.4500,2.4500,0.0838,0.0838,0.0838,0
572903,-4.4211,-8.7871,-1.9221,3.2200,4.6900,3.9200,0.1101,0.1604,0.1340,0
572942,-3.5641,-8.2820,-2.6928,7.8400,7.9100,6.9300,0.2681,0.2705,0.2370,0
572981,-3.4038,-8.2341,-1.9580,8.6100,21.5600,10.2200,0.2944,0.7372,0.3495,0
573020,-3.4062,-8.5142,-3.0232,6.8600,23.3100,17.7100,0.2346,0.7971,0.6056,0
573059,-3.8226,-8.6315,-2.3170,36.2600,50.9600,38.5000,1.2399,1.7426,1.3165,0
573098,-4.8304,-8.8062,-2.3889,44.6600,69.0200,45.7100,1.5271,2.3601,1.5630,0
573137,-6.5777,-9.0551,-1.3333,47.5300,80.7100,47.5300,1.6253,2.7599,1.6253,0
573176,-6.6495,-9.3496,-1.2997,52.9900,80.6400,47.7400,1.8120,2.7575,1.6325,0
573215,-5.7615,-8.1575,-1.6325,69.7200,87.0100,35.3500,2.3841,2.9753,1.2088,0
573254,-6.5729,-6.4365,-1.0269,60.1300,98.2100,38.3600,2.0561,3.3583,1.3117,0
573293,-7.9158,-5.0506,-0.8067,55.1600,91.2100,39.4800,1.8862,3.1189,1.3500,0
573332,-8.2437,-4.3397,0.2585,57.4000,86.5200,33.0400,1.9628,2.9585,1.1298,0
573371,-9.0623,-5.2684,0.1317,36.6100,76.4400,31.7100,1.2519,2.6139,1.0843,0
573410,-8.4136,-5.7615,-0.4596,39.6200,54.3900,17.6400,1.3548,1.8599,0.6032,0
573449,-7.8081,-5.8453,0.0479,30.8700,45.7100,13.6500,1.0556,1.5630,0.4668,0
573488,-7.2336,-6.4365,0.4428,26.3900,40.7400,4.2700,0.9024,1.3931,0.1460,0
573527,-7.2599,-6.7261,-0.1532,28.9800,38.1500,-2.5200,0.9910,1.3045,-0.0862,0
573566,-7.2144,-7.1378,0.3926,29.0500,31.4300,-10.7800,0.9934,1.0747,-0.3686,0
573605,-7.5448,-6.5945,0.9910,26.1800,19.3200,-18.1300,0.8952,0.6606,-0.6200,0
573644,-8.0019,-6.1660,0.6942,31.9900,27.7900,-19.7400,1.0939,0.9503,-0.6750,0
573683,-9.6655,-8.2581,1.0652,45.3600,28.0000,-31.3600,1.5511,0.9575,-1.0724,0
573722,-7.2527,-10.3836,-0.2753,35.0000,7.4200,2.6600,1.1968,0.2537,0.0910,0
573761,-6.0344,-8.0833,0.0239,42.4200,4.6900,0.2800,1.4505,0.1604,0.0096,0
573800,-4.9405,-7.1259,-0.7492,66.9900,33.6000,-23.5900,2.2907,1.1489,-0.8067,0
573839,-2.5516,-8.1240,-1.2950,47.9500,42.4900,-28.9800,1.6396,1.4529,-0.9910,0
573878,-2.7670,-9.9958,-3.8873,31.6400,50.1900,-24.7800,1.0819,1.7162,-0.8473,0
573917,-3.5067,-8.4065,-3.5761,52.2200,69.7900,-13.7200,1.7857,2.3865,-0.4692,0
573956,-4.6413,-8.0115,-2.3003,40.8800,104.4400,-11.5500,1.3979,3.5713,-0.3950,0
573995,-6.4221,-8.6339,-2.0944,31.7800,98.2100,-10.6400,1.0867,3.3583,-0.3638,0
574034,-6.9942,-8.2054,-1.2471,38.6400,55.7200,-32.6900,1.3213,1.9053,-1.1178,0
574073,-5.8692,-6.9416,-0.2274,35.3500,29.5400,-36.5400,1.2088,1.0101,-1.2495,0
574112,-4.6724,-7.1067,-0.2154,30.8700,17.4300,-26.3200,1.0556,0.5960,-0.9000,0
574151,-3.8705,-7.8775,-1.2184,31.4300,20.9300,-13.0200,1.0747,0.7157,-0.4452,0
574190,-4.8735,-7.7386,-2.2045,29.5400,29.0500,-4.5500,1.0101,0.9934,-0.1556,0
574229,-6.0009,-7.2049,-2.4295,33.9500,34.5100,-2.5900,1.1609,1.1801,-0.0886,0
574268,-6.3503,-7.6668,-1.3141,36.6800,28.1400,6.2300,1.2543,0.9622,0.2130,0
574307,-6.3455,-8.4352,-1.4338,41.7900,12.7400,13.7900,1.4290,0.4356,0.4715,0
574346,-6.0439,-9.2299,-1.7617,45.9900,17.5000,12.6000,1.5726,0.5984,0.4309,0
574385,-7.0373,-7.3102,-1.7737,74.6200,-3.2900,-9.1700,2.5516,-0.1125,-0.3136,0
574424,-5.6155,-5.5796,0.3375,41.7200,-4.5500,11.1300,1.4266,-0.1556,0.3806,0
574463,-6.6878,-11.0466,2.4511,-69.0200,38.4300,56.0000,-2.3601,1.3141,1.9149,0
574502,-2.8748,-9.7996,-0.6319,-70.4200,-25.8300,20.5800,-2.4080,-0.8833,0.7037,0
574541,-0.4907,-9.1748,0.5434,-101.0800,-11.3400,39.6200,-3.4564,-0.3878,1.3548,0
574580,-3.9447,-10.1634,0.3160,-131.1100,14.9100,71.2600,-4.4833,0.5098,2.4367,0
574619,-6.9703,-8.6698,0.1364,-78.0500,18.4800,30.3100,-2.6689,0.6319,1.0364,0
574658,-7.0493,-7.7099,0.6223,-38.5000,5.8800,11.7600,-1.3165,0.2011,0.4021,0
574697,-7.2910,-6.2378,-0.5194,-31.9200,-37.3800,16.4500,-1.0915,-1.2782,0.5625,0
574736,-6.6447,-5.9171,-1.1513,-29.6100,-59.5000,16.5900,-1.0125,-2.0346,0.5673,0
574775,-5.7878,-6.2259,-0.9192,-35.7000,-67.0600,8.2600,-1.2208,-2.2931,0.2824,0
574814,-5.3139,-6.4461,-1.5224,-40.6000,-50.8900,-17.0800,-1.3883,-1.7402,-0.5840,0
574853,-5.1344,-5.7471,-2.6162,-47.2500,-45.0100,-29.2600,-1.6157,-1.5391,-1.0005,0
574892,-5.9506,-6.3814,-2.2524,-41.0200,-32.0600,-36.4000,-1.4027,-1.0963,-1.2447,0
574931,-6.0870,-9.2825,-2.0561,-59.0800,-17.7800,-1.4000,-2.0202,-0.6080,-0.0479,0
574970,-6.5777,-7.1761,-2.6976,-60.5500,-11.8300,7.7000,-2.0705,-0.4045,0.2633,0
575009,-7.6788,-4.7155,-3.1213,-79.8700,-0.1400,7.0700,-2.7311,-0.0048,0.2418,0
575048,-10.6254,-10.6661,-2.1375,-50.5400,2.3800,15.6100,-1.7282,0.0814,0.5338,0
575087,-7.4706,-11.8653,-3.2745,9.8700,-28.0700,19.2500,0.3375,-0.9598,0.6583,0
575126,-6.0009,-8.8756,-1.9077,21.9800,-47.1100,2.9400,0.7516,-1.6109,0.1005,0
575165,-4.3564,-9.3304,-0.0048,51.8700,-50.2600,-25.9000,1.7737,-1.7186,-0.8856,0
575204,-3.5163,-8.7105,-0.4955,48.9300,-51.5200,-47.3900,1.6732,-1.7617,-1.6205,0
575243,-3.9064,-7.4251,-1.7043,26.5300,-62.0900,-44.9400,0.9072,-2.1232,-1.5367,0
575282,-2.6737,-7.3604,-1.9891,-8.4700,-24.0800,-39.1300,-0.2896,-0.8234,-1.3380,0
575321,-2.4391,-7.6549,-1.7115,8.8200,14.2100,-24.4300,0.3016,0.4859,-0.8354,0
575360,-3.8083,-8.0283,-1.8240,39.6900,36.6800,-8.0500,1.3572,1.2543,-0.2753,0
575399,-5.5844,-8.3849,-1.4865,52.2200,38.0800,-13.3700,1.7857,1.3021,-0.4572,0
575438,-6.7405,-7.9373,-0.9838,48.3000,19.3200,-34.5800,1.6516,0.6606,-1.1825,0
575477,-6.0870,-7.3293,-0.7708,48.3700,-7.4900,-36.7500,1.6540,-0.2561,-1.2567,0
575516,-5.5293,-7.0708,-0.4835,77.2800,-16.9400,-31.4300,2.6426,-0.5793,-1.0747,0
575555,-5.2493,-8.3035,1.7043,83.0900,-14.8400,-13.7900,2.8413,-0.5075,-0.4715,0
575594,-4.6867,-10.0054,0.6630,48.7900,-14.0700,-3.9900,1.6684,-0.4811,-0.1364,0
575633,-5.2445,-9.6559,-1.8359,38.7100,-27.7900,-26.2500,1.3237,-0.9503,-0.8976,0
575672,-3.4038,-8.3586,-2.4367,55.1600,18.4100,-14.1400,1.8862,0.6295,-0.4835,0
575711,-4.3086,-10.2256,1.7498,-51.5200,113.5400,52.3600,-1.7617,3.8825,1.7904,0
575750,-6.3455,-9.9097,0.7540,-79.2400,86.3800,27.5100,-2.7096,2.9538,0.9407,0
575789,-3.2003,-6.8602,2.2787,-66.9200,37.3800,18.0600,-2.2883,1.2782,0.6176,0
575828,-2.8245,-6.9200,2.2333,-117.3200,59.9200,61.9500,-4.0117,2.0490,2.1184,0
575867,-7.9038,-11.6044,-1.4218,-82.5300,16.1700,63.0700,-2.8221,0.5529,2.1567,0
575906,-6.3886,-7.9541,-0.4500,3.2200,26.1800,24.7100,0.1101,0.8952,0.8450,0
575945,-5.7256,-6.2809,-0.1005,1.6800,10.1500,26.6700,0.0574,0.3471,0.9120,0
575984,-6.6519,-6.4317,-1.0676,-1.8900,-9.6600,13.2300,-0.0646,-0.3303,0.4524,0
576023,-5.9985,-5.4886,-1.0532,-6.2300,-17.1500,-1.3300,-0.2130,-0.5864,-0.0455,0
576062,-5.5173,-5.3091,-1.0652,-7.6300,-17.4300,-18.6900,-0.2609,-0.5960,-0.6391,0
576101,-5.5652,-5.6322,-1.2088,-13.4400,-14.0000,-30.3800,-0.4596,-0.4787,-1.0388,0
576140,-6.1493,-6.7549,-0.9479,-11.3400,-1.0500,-31.9900,-0.3878,-0.0359,-1.0939,0
576179,-5.9195,-8.3658,-1.9245,-26.0400,17.9900,-1.4700,-0.8904,0.6152,-0.0503,0
576218,-7.6285,-5.4743,-3.7341,-54.9500,20.4400,11.3400,-1.8790,0.6989,0.3878,0
576257,-9.5123,-5.0482,-3.1979,-61.9500,46.3400,14.3500,-2.1184,1.5846,0.4907,0
576296,-12.1764,-14.1680,-2.6905,-42.5600,30.6600,60.6900,-1.4553,1.0484,2.0753,0
576335,-5.4982,-10.9126,-0.4979,31.9900,-47.8100,7.1400,1.0939,-1.6349,0.2442,0
576374,-4.7705,-8.1934,-1.2902,29.4000,-72.8000,-21.1400,1.0053,-2.4894,-0.7229,0
576413,-2.6450,-9.1222,-0.2633,58.7300,-46.0600,-34.5100,2.0083,-1.5750,-1.1801,0
576452,-3.3128,-8.7990,-1.1609,54.6000,-52.1500,-36.9600,1.8670,-1.7833,-1.2638,0
576491,-2.9561,-8.4543,-2.1327,26.3200,-37.8000,-40.1100,0.9000,-1.2926,-1.3716,0
576530,-2.2021,-8.0043,-1.8287,26.9500,2.4500,-40.9500,0.9216,0.0838,-1.4003,0
576569,-2.8724,-7.3844,-1.5128,37.8700,41.6500,-22.8900,1.2950,1.4242,-0.7827,0
576608,-5.7806,-8.9738,-0.6989,66.0100,54.8100,-14.7700,2.2572,1.8742,-0.5051,0
576647,-6.1158,-8.6027,-0.9144,50.1900,28.0700,-27.3700,1.7162,0.9598,-0.9359,0
576686,-5.9841,-7.1785,-0.8521,31.5700,19.1100,-23.2400,1.0795,0.6535,-0.7947,0
576725,-6.8865,-5.9506,0.2585,46.8300,24.7100,-16.7300,1.6013,0.8450,-0.5721,0
576764,-5.0865,-6.7070,1.3380,56.0700,25.1300,10.7100,1.9173,0.8593,0.3662,0
576803,-4.6125,-8.7392,0.0455,30.1700,29.0500,20.8600,1.0317,0.9934,0.7133,0
576842,-4.6341,-7.9229,0.1652,14.5600,14.5600,11.6900,0.4979,0.4979,0.3997,0
576881,-5.2301,-11.1376,0.2537,-20.9300,58.4500,46.6900,-0.7157,1.9987,1.5966,0
576920,-4.6341,-10.6804,-3.0686,-33.7400,76.1600,37.4500,-1.1537,2.6043,1.2806,0
576959,-4.0979,-7.1690,-0.2418,-47.8100,66.0100,37.6600,-1.6349,2.2572,1.2878,0
576998,-7.2838,-8.7655,1.6875,-105.6300,63.8400,75.4600,-3.6120,2.1830,2.5803,0
577037,-8.3059,-8.3849,-0.3686,4.4800,40.6700,31.0800,0.1532,1.3907,1.0628,0
577076,-6.4916,-5.4599,-0.9024,21.0700,-6.5800,9.8000,0.7205,-0.2250,0.3351,0
577115,-6.0870,-4.8758,-0.8234,-16.5900,-30.0300,7.7000,-0.5673,-1.0269,0.2633,0
577154,-7.0924,-5.4360,-0.8569,-34.8600,-38.1500,-8.0500,-1.1920,-1.3045,-0.2753,0
577193,-7.3293,-4.9860,-1.5798,-43.3300,-53.1300,-32.6200,-1.4817,-1.8168,-1.1154,0
577232,-7.3269,-5.1846,-1.7091,-38.0100,-50.7500,-35.8400,-1.2997,-1.7354,-1.2255,0
577271,-7.2432,-5.7974,-0.9192,-56.9800,-57.2600,-14.6300,-1.9484,-1.9580,-0.5003,0
577310,-5.6705,-8.2652,-0.0742,-72.0300,-52.5000,-5.7400,-2.4631,-1.7952,-0.1963,0
577349,-6.8937,-10.6924,-2.1782,-65.7300,-72.8000,-17.9900,-2.2476,-2.4894,-0.6152,0
577388,-6.8219,-12.3201,-2.0729,-51.0300,-76.4400,-20.3000,-1.7450,-2.6139,-0.6942,0
577427,-4.1147,-11.0826,-2.8700,5.3200,-67.7600,-49.3500,0.1819,-2.3170,-1.6875,0
577466,-3.6479,-7.7315,-0.8378,-41.5100,-62.6500,-74.4800,-1.4194,-2.1423,-2.5468,0
577505,-6.0392,-6.2953,-2.9514,-59.0100,-62.7900,-76.4400,-2.0178,-2.1471,-2.6139,0
577544,-3.9040,-7.2408,-2.0274,-56.8400,-65.1700,-51.0300,-1.9436,-2.2285,-1.7450,0
577583,-3.4660,-8.1480,-4.1003,-55.3700,-81.2000,-33.1100,-1.8934,-2.7766,-1.1322,0
577622,-2.9155,-9.0264,-4.6820,-25.4100,-59.4300,-38.9200,-0.8689,-2.0322,-1.3309,0
577661,-3.2745,-7.7339,-3.4540,-8.6800,-30.7300,-39.5500,-0.2968,-1.0508,-1.3524,0
577700,-4.6006,-7.0828,-2.2333,-9.9400,-18.2000,-23.1700,-0.3399,-0.6223,-0.7923,0
577739,-4.8232,-7.1594,-2.5157,-15.1900,-22.9600,-10.0800,-0.5194,-0.7851,-0.3447,0
577778,-4.3636,-8.7966,-2.4152,-9.4500,-30.5900,-11.2000,-0.3231,-1.0460,-0.3830,0
577817,-4.5431,-9.1892,-2.8676,-30.6600,-57.8900,-13.7900,-1.0484,-1.9795,-0.4715,0
577856,-3.8825,-8.6530,-2.6952,-32.6200,-64.8200,-22.7500,-1.1154,-2.2165,-0.7779,0
577895,-3.7006,-8.7081,-2.2955,-25.1300,-64.1900,-17.3600,-0.8593,-2.1950,-0.5936,0
577934,-3.7963,-8.5118,-2.9442,-24.2200,-71.6100,-14.4200,-0.8282,-2.4487,-0.4931,0
577973,-3.6982,-8.3969,-2.7599,-30.1700,-67.9000,-13.6500,-1.0317,-2.3218,-0.4668,0
578012,-4.0548,-8.7823,-2.6067,-29.9600,-67.9700,-14.5600,-1.0245,-2.3242,-0.4979,0
578051,-4.3660,-9.0958,-2.5708,-23.6600,-72.3800,-19.7400,-0.8091,-2.4750,-0.6750,0
578090,-4.2966,-8.9594,-2.7048,-10.8500,-76.3700,-25.8300,-0.3710,-2.6115,-0.8833,0
578129,-4.0141,-8.3586,-2.5540,-7.7700,-75.9500,-21.9100,-0.2657,-2.5971,-0.7492,0
578168,-4.0213,-8.7440,-2.2237,-15.5400,-74.1300,-11.7600,-0.5314,-2.5349,-0.4021,0
578207,-3.9854,-8.8421,-2.3218,-19.2500,-82.5300,-8.6800,-0.6583,-2.8221,-0.2968,0
578246,-3.5641,-8.8589,-2.4774,-17.3600,-91.9100,-8.0500,-0.5936,-3.1428,-0.2753,0
578285,-3.1237,-9.0192,-2.6569,-8.3300,-89.8800,-5.1100,-0.2848,-3.0734,-0.1747,0
578324,-2.9585,-9.2610,-2.8676,0.2100,-82.9500,0.8400,0.0072,-2.8365,0.0287,0
578363,-2.5780,-8.9426,-3.0208,4.7600,-58.4500,9.2400,0.1628,-1.9987,0.3160,0
578402,-3.0902,-8.7057,-2.5947,2.3100,-36.1200,19.6700,0.0790,-1.2351,0.6726,0
578441,-3.3296,-8.3849,-2.3793,-4.2700,-21.2100,26.5300,-0.1460,-0.7253,0.9072,0
578480,-4.1410,-8.3514,-2.2811,-25.4800,-3.9200,29.5400,-0.8713,-0.1340,1.0101,0
578519,-5.8046,-8.5501,-2.9753,-46.7600,3.9900,26.3200,-1.5990,0.1364,0.9000,0
578558,-7.5543,-8.2509,-1.2160,-63.0700,-10.2200,33.3200,-2.1567,-0.3495,1.1394,0
578597,-6.6376,-7.0636,0.9814,-64.3300,-44.0300,28.3500,-2.1998,-1.5056,0.9694,0
578636,-6.7955,-6.6041,1.7115,-71.7500,-52.7100,23.1000,-2.4535,-1.8024,0.7899,0
578675,-7.9325,-8.0331,0.3902,-88.2000,-67.6200,28.5600,-3.0160,-2.3123,0.9766,0
578714,-7.3245,-8.5621,-0.7468,-78.0500,-109.9700,3.5000,-2.6689,-3.7604,0.1197,0
578753,-6.0798,-8.3107,-1.3237,-68.9500,-129.7800,-25.6900,-2.3577,-4.4378,-0.8785,0
578792,-4.7538,-7.7171,-1.6157,-62.7900,-103.4600,-21.4200,-2.1471,-3.5378,-0.7325,0
578831,-5.3235,-7.6022,-2.1375,-82.9500,-73.5700,-1.0500,-2.8365,-2.5157,-0.0359,0
578870,-6.2211,-6.7046,-1.9915,-78.4000,-56.0700,5.9500,-2.6809,-1.9173,0.2035,0
578909,-7.2192,-6.0368,-1.8910,-74.7600,-58.5900,3.0100,-2.5564,-2.0035,0.1029,0
578948,-7.5543,-5.3019,-2.8748,-73.2900,-81.4100,-19.8100,-2.5061,-2.7838,-0.6774,0
578987,-6.7572,-4.9620,-3.8059,-72.5900,-94.7800,-38.7100,-2.4822,-3.2410,-1.3237,0
579026,-6.3408,-5.8644,-3.9399,-63.4200,-91.0000,-52.7100,-2.1686,-3.1117,-1.8024,0
579065,-5.3953,-6.4987,-3.8346,-63.4900,-83.3700,-38.5000,-2.1710,-2.8508,-1.3165,0
579104,-5.0219,-7.2240,-3.3176,-65.1700,-61.6700,-17.5700,-2.2285,-2.1088,-0.6008,0
579143,-5.5197,-6.1517,-4.2774,-77.5600,-34.1600,-4.2700,-2.6522,-1.1681,-0.1460,0
579182,-9.4453,-13.9358,-5.0865,-58.5200,-26.0400,14.4900,-2.0011,-0.8904,0.4955,0
579221,-5.7830,-9.7756,-2.9418,-4.4100,-50.1900,-7.4200,-0.1508,-1.7162,-0.2537,0
579260,-3.9639,-8.9402,0.7636,14.7700,-56.5600,-22.8900,0.5051,-1.9341,-0.7827,0
579299,-4.2439,-8.5549,-0.2346,8.7500,-62.0900,-49.5600,0.2992,-2.1232,-1.6947,0
579338,-4.4617,-7.8966,-2.2548,7.7000,-88.4100,-51.3100,0.2633,-3.0232,-1.7545,0
579377,-2.7264,-8.0570,-3.2290,-14.6300,-58.8000,-41.9300,-0.5003,-2.0107,-1.4338,0
579416,-2.1351,-7.5519,-2.3123,-10.3600,-32.6200,-37.5900,-0.3543,-1.1154,-1.2854,0
579455,-3.2099,-7.9684,-2.1686,-8.1200,-2.1700,-15.2600,-0.2777,-0.0742,-0.5218,0
579494,-4.5623,-8.2940,-1.8216,19.1800,3.6400,-0.7000,0.6559,0.1245,-0.0239,0
579533,-5.9650,-7.9517,-1.7904,20.7200,1.4700,-8.8900,0.7085,0.0503,-0.3040,0
579572,-6.1995,-7.2527,-1.2614,16.8700,-17.2200,-23.0300,0.5769,-0.5888,-0.7875,0
579611,-5.9219,-8.1456,-0.9096,42.7000,-52.3600,-33.1100,1.4601,-1.7904,-1.1322,0
579650,-4.6245,-8.3921,-0.7612,93.4500,-70.2100,-43.6800,3.1955,-2.4008,-1.4936,0
579689,-3.9112,-9.5339,-0.6439,59.7100,-43.8900,-20.7200,2.0418,-1.5008,-0.7085,0
579728,-4.6030,-9.8211,-0.5410,34.9300,-27.0200,-2.3100,1.1944,-0.9239,-0.0790,0
579767,-4.4689,-9.5099,-2.0992,53.2700,-11.0600,-4.9000,1.8216,-0.3782,-0.1676,0
579806,-3.6000,-8.8206,-0.1747,27.7900,37.3800,4.9000,0.9503,1.2782,0.1676,0
579845,-5.7112,-10.5153,1.9101,-66.5000,77.7000,40.6700,-2.2740,2.6569,1.3907,0
579884,-5.3378,-9.5530,0.3926,-72.3800,42.9100,21.7000,-2.4750,1.4673,0.7420,0
579923,-2.4487,-7.2049,2.0298,-59.6400,9.0300,25.5500,-2.0394,0.3088,0.8737,0
579962,-1.9173,-5.3091,1.4649,-118.5800,15.8900,53.0600,-4.0548,0.5434,1.8144,0
580001,-6.6735,-11.8653,0.6559,-128.4500,40.8800,71.8900,-4.3923,1.3979,2.4583,0
580040,-7.9636,-10.3142,-1.3357,-52.9200,1.4000,21.7700,-1.8096,0.0479,0.7444,0
580079,-5.7950,-6.8697,0.2609,-6.7200,-29.4700,0.2100,-0.2298,-1.0077,0.0072,0
580118,-5.9243,-6.6926,-0.4715,-16.1000,-45.5700,1.3300,-0.5505,-1.5583,0.0455,0
580157,-5.2732,-6.3048,-1.8383,-26.1800,-45.3600,-6.3000,-0.8952,-1.5511,-0.2154,0
580196,-5.8812,-5.5796,-2.7694,-35.2100,-45.3600,-12.1800,-1.2040,-1.5511,-0.4165,0
580235,-6.8530,-4.8088,-1.7498,-35.3500,-42.1400,-25.4800,-1.2088,-1.4410,-0.8713,0
580274,-6.0056,-6.2618,-1.0341,-23.3100,-34.7200,-22.2600,-0.7971,-1.1872,-0.7612,0
580313,-4.9213,-6.9296,-2.2692,-47.9500,-39.4800,1.1900,-1.6396,-1.3500,0.0407,0
580352,-6.7333,-11.8246,-2.4152,-73.7800,-23.6600,39.8300,-2.5229,-0.8091,1.3620,0
580391,-5.5197,-9.6512,-3.8921,-37.5200,-15.0500,36.2600,-1.2830,-0.5146,1.2399,0
580430,-8.8182,-8.6458,0.2202,-25.6900,18.3400,20.1600,-0.8785,0.6271,0.6894,0
580469,-6.4389,-9.7134,-0.9072,8.1200,-15.1900,-30.8000,0.2777,-0.5194,-1.0532,0
580508,-3.5617,-9.9958,-2.1495,28.7700,-52.3600,-59.2900,0.9838,-1.7904,-2.0274,0
580547,-3.6120,-6.4844,-3.0495,25.6200,-67.8300,-47.1100,0.8761,-2.3194,-1.6109,0
580586,-3.4062,-6.8434,-2.4367,-18.8300,-32.8300,-24.2200,-0.6439,-1.1226,-0.8282,0
580625,-3.1716,-8.4065,-1.7617,-6.3700,-17.0800,-21.5600,-0.2178,-0.5840,-0.7372,0
580664,-4.0476,-8.4256,-1.8000,50.4000,-21.0000,-21.5600,1.7234,-0.7181,-0.7372,0
580703,-5.1104,-8.2198,-2.1351,59.6400,-19.1800,-19.4600,2.0394,-0.6559,-0.6654,0
580742,-4.8878,-9.3089,-1.2232,36.1200,-20.3000,-12.1100,1.2351,-0.6942,-0.4141,0
580781,-4.5719,-8.3753,-1.2351,41.5100,-31.7100,-26.6700,1.4194,-1.0843,-0.9120,0
580820,-4.2176,-8.4567,-0.9814,56.8400,-31.0100,-20.0200,1.9436,-1.0604,-0.6846,0
580859,-4.0764,-9.1054,-1.3811,64.5400,-8.2600,-9.6600,2.2069,-0.2824,-0.3303,0
580898,-4.2822,-10.2041,-2.0178,46.4100,-2.3100,-13.5800,1.5870,-0.0790,-0.4644,0
580937,-4.3086,-8.8254,-2.0154,44.8700,0.9100,-22.6100,1.5343,0.0311,-0.7731,0
580976,-4.0453,-7.5376,-2.4870,37.6600,21.0000,-13.2300,1.2878,0.7181,-0.4524,0
581015,-4.7394,-7.3820,3.4612,-66.7800,71.1200,21.9100,-2.2835,2.4319,0.7492,0
581054,-8.1049,-12.7509,1.8479,-69.6500,1.1200,-58.2400,-2.3817,0.0383,-1.9915,0
581093,-5.0171,-9.5506,0.1317,-49.2100,-40.1100,-41.7200,-1.6827,-1.3716,-1.4266,0
581132,-3.6862,-6.1732,1.9795,-2.5900,5.5300,-0.5600,-0.0886,0.1891,-0.0191,0
581171,-2.9801,-5.3665,3.8442,-33.8100,-3.9900,11.5500,-1.1561,-0.1364,0.3950,0
581210,-2.0154,-7.0732,4.0883,-96.0400,-10.7800,9.9400,-3.2841,-0.3686,0.3399,0
581249,-2.7000,-11.4416,0.3590,-110.8100,10.8500,9.3800,-3.7891,0.3710,0.3207,0
581288,-2.9322,-10.8887,-1.1011,-37.8000,41.7900,11.3400,-1.2926,1.4290,0.3878,0
581327,-2.7575,-7.7626,-1.1226,-5.7400,53.4100,22.9600,-0.1963,1.8263,0.7851,0
581366,-5.7687,-7.6788,-2.1806,-56.7700,54.4600,59.7800,-1.9412,1.8623,2.0442,0
581405,-6.6017,-8.6769,-2.4942,-66.2200,53.5500,68.5300,-2.2644,1.8311,2.3434,0
581444,-6.7166,-6.9368,-3.5330,-47.3200,31.9900,58.0300,-1.6181,1.0939,1.9843,0
581483,-6.3743,-5.0338,-3.6335,-3.2200,6.5100,37.7300,-0.1101,0.2226,1.2902,0
581522,-5.7878,-4.3875,-2.9633,8.8200,-11.9000,3.0800,0.3016,-0.4069,0.1053,0
581561,-5.2540,-4.5886,-2.6785,6.5100,-1.8900,-14.1400,0.2226,-0.0646,-0.4835,0
581600,-5.2205,-6.7405,-1.6564,13.9300,21.5600,-10.7100,0.4763,0.7372,-0.3662,0
581639,-4.9477,-8.5309,-0.5817,-9.2400,34.6500,23.0300,-0.3160,1.1849,0.7875,0
581678,-3.8131,-5.7902,-2.7144,-0.5600,50.4000,20.6500,-0.0191,1.7234,0.7061,0
581717,-4.9716,-15.9440,-5.1032,22.0500,99.8900,29.0500,0.7540,3.4157,0.9934,0
581756,-4.7227,-9.9169,-4.3421,54.1800,116.2700,37.5200,1.8527,3.9758,1.2830,0
581795,-10.9844,-9.5985,-4.5719,21.4900,135.2400,40.0400,0.7348,4.6245,1.3692,0
581834,-7.5088,-9.3567,-2.2237,63.4200,59.9200,-17.3600,2.1686,2.0490,-0.5936,0
581873,-4.3732,-8.0618,-3.3511,36.1900,25.5500,-28.9100,1.2375,0.8737,-0.9886,0
581912,-1.4553,-6.7333,-4.4498,47.2500,33.6000,-41.8600,1.6157,1.1489,-1.4314,0
581951,-2.5109,-6.2665,-2.9202,32.8300,48.0200,-22.8900,1.1226,1.6420,-0.7827,0
581990,-3.0878,-7.0565,-3.0926,7.7000,60.2000,-6.7900,0.2633,2.0585,-0.2322,0
582029,-2.8676,-7.9612,-4.0835,2.8700,54.2500,-6.8600,0.0981,1.8551,-0.2346,0
582068,-3.8968,-7.7099,-4.2559,7.8400,43.0500,-11.1300,0.2681,1.4721,-0.3806,0
582107,-4.6987,-8.2892,-4.1865,-0.2100,26.9500,-10.3600,-0.0072,0.9216,-0.3543,0
582146,-2.9011,-8.8421,-3.3511,10.4300,3.5700,-13.3700,0.3567,0.1221,-0.4572,0
582185,-1.2782,-8.7009,-4.9788,11.9700,3.5700,-6.5800,0.4093,0.1221,-0.2250,0
582224,-1.3380,-8.1623,-4.3516,16.3800,29.0500,2.9400,0.5601,0.9934,0.1005,0
582263,-3.5426,-8.1240,-3.6695,20.5100,33.7400,4.6200,0.7013,1.1537,0.1580,0
582302,-4.7346,-9.4046,-3.9136,23.8000,16.5200,1.8200,0.8138,0.5649,0.0622,0
582341,-3.4827,-8.8613,-3.9423,26.6000,-9.5900,-3.1500,0.9096,-0.3279,-0.1077,0
582380,-3.4397,-7.6333,-2.8987,24.7800,-13.7200,-3.5000,0.8473,-0.4692,-0.1197,0
582419,-3.5067,-7.8200,-3.1931,20.6500,-20.9300,0.0000,0.7061,-0.7157,0.0000,0
582458,-3.3607,-7.9349,-3.4349,21.0000,-28.6300,6.4400,0.7181,-0.9790,0.2202,0
582497,-3.5378,-8.3275,-3.3463,18.3400,-30.3800,14.2800,0.6271,-1.0388,0.4883,0
582536,-3.8921,-8.5740,-3.4014,19.1100,-34.8600,15.8200,0.6535,-1.1920,0.5410,0
582575,-4.0070,-8.1886,-3.4995,26.8800,-38.2900,11.5500,0.9192,-1.3093,0.3950,0
582614,-3.8705,-8.0091,-3.2817,31.9900,-40.3200,10.7100,1.0939,-1.3787,0.3662,0
582653,-3.9854,-8.2987,-3.3463,27.2300,-43.3300,16.5900,0.9311,-1.4817,0.5673,0
582692,-2.9992,-8.3323,-3.0710,34.8600,-35.1400,19.4600,1.1920,-1.2016,0.6654,0
582731,-2.5157,-8.6913,-2.9178,40.6000,-16.5900,23.1000,1.3883,-0.5673,0.7899,0
582770,-2.5492,-9.3903,-2.4990,44.0300,7.2100,37.5900,1.5056,0.2465,1.2854,0
582809,-5.0865,-11.3267,-0.4931,16.3100,77.9100,69.7200,0.5577,2.6641,2.3841,0
582848,-6.3647,-8.3849,-2.5636,23.6600,66.6400,35.4900,0.8091,2.2787,1.2136,0
582887,-6.2761,-5.7208,0.0191,10.0100,40.0400,32.9700,0.3423,1.3692,1.1274,0
582926,-7.7698,-6.7908,0.9622,-43.7500,13.6500,49.6300,-1.4960,0.4668,1.6971,0
582965,-8.2772,-8.8636,-0.0215,-31.9900,-11.1300,41.2300,-1.0939,-0.3806,1.4099,0
583004,-7.2599,-8.2222,-1.3811,1.8200,-42.2100,6.8600,0.0622,-1.4434,0.2346,0
583043,-4.9094,-7.6333,-0.9192,7.5600,-38.9900,-2.9400,0.2585,-1.3333,-0.1005,0
583082,-5.2205,-7.4586,-0.9838,-2.6600,-25.2000,-1.5400,-0.0910,-0.8617,-0.0527,0
583121,-5.3977,-7.1690,-0.9694,1.2600,-8.4700,-4.1300,0.0431,-0.2896,-0.1412,0
583160,-5.5676,-6.4509,-0.4309,-7.4200,-4.7600,-4.6900,-0.2537,-0.1628,-0.1604,0
583199,-6.3910,-5.8740,-0.3184,-25.3400,-15.7500,-4.1300,-0.8665,-0.5386,-0.1412,0
583238,-6.7908,-6.0439,-1.4936,-37.5200,-38.5700,-20.0900,-1.2830,-1.3189,-0.6870,0
583277,-6.8410,-6.4485,-1.0221,-41.4400,-39.6900,-32.8300,-1.4170,-1.3572,-1.1226,0
583316,-6.5059,-6.8123,-0.9455,-52.2900,-47.3200,-32.7600,-1.7880,-1.6181,-1.1202,0
583355,-5.7854,-8.2030,1.2974,-53.0600,-54.9500,-17.3600,-1.8144,-1.8790,-0.5936,0
583394,-6.1445,-8.0570,-2.1878,-49.1400,-41.0200,-5.6700,-1.6803,-1.4027,-0.1939,0
583433,-6.2833,-12.8371,-1.1106,-83.3000,-75.3200,4.2000,-2.8484,-2.5756,0.1436,0
583472,-4.8926,-9.5650,-1.1920,-60.2700,-90.0200,-18.0600,-2.0609,-3.0782,-0.6176,0
583511,-4.6197,-9.7780,-3.0447,-52.9200,-59.4300,-15.8200,-1.8096,-2.0322,-0.5410,0
583550,-1.6372,-9.0647,-3.0734,-2.0300,-38.7800,-36.4000,-0.0694,-1.3261,-1.2447,0
583589,-2.5947,-10.1730,-5.0769,8.8900,-21.7700,-37.1700,0.3040,-0.7444,-1.2710,0
583628,-3.8490,-8.8613,-3.6838,6.6500,1.6800,-25.8300,0.2274,0.0574,-0.8833,0
583667,-3.5809,-6.7620,-3.1237,3.8500,17.8500,-22.2600,0.1317,0.6104,-0.7612,0
583706,-2.8652,-9.2993,-3.1548,18.9700,8.8200,-17.7800,0.6487,0.3016,-0.6080,0
583745,-2.9825,-8.1408,-1.9748,46.6900,10.1500,-5.9500,1.5966,0.3471,-0.2035,0
583784,-5.3977,-8.4711,-1.6468,31.1500,42.0700,16.1000,1.0652,1.4386,0.5505,0
583823,-5.7208,-7.8511,-1.0029,16.6600,27.8600,1.8900,0.5697,0.9527,0.0646,0
583862,-6.5777,-7.8487,-1.1992,-2.6600,5.6700,-6.7900,-0.0910,0.1939,-0.2322,0
583901,-5.5365,-8.7057,-1.4362,-4.9000,-28.0000,-16.6600,-0.1676,-0.9575,-0.5697,0
583940,-2.9561,-8.2245,-2.2093,-10.2900,-36.1900,-17.0800,-0.3519,-1.2375,-0.5840,0
583979,-3.8346,-8.8996,-1.5630,-18.2700,-9.0300,-3.0800,-0.6247,-0.3088,-0.1053,0
584018,-5.1679,-8.4807,-1.9676,-10.2200,-0.6300,-10.9200,-0.3495,-0.0215,-0.3734,0
584057,-4.7633,-8.8230,-1.6109,-6.5800,-4.5500,-15.6100,-0.2250,-0.1556,-0.5338,0
584096,-4.2822,-8.2581,-1.5128,-9.5200,-10.6400,-6.6500,-0.3255,-0.3638,-0.2274,0
584135,-4.3684,-8.1886,-1.5535,-18.4800,-8.1900,4.6900,-0.6319,-0.2801,0.1604,0
584174,-4.8878,-8.0666,-1.8958,-23.1000,-15.1200,4.5500,-0.7899,-0.5170,0.1556,0
584213,-5.1703,-8.0690,-1.3811,-20.5800,-19.2500,-4.1300,-0.7037,-0.6583,-0.1412,0
584252,-4.1242,-8.4591,-2.1088,-22.1200,-16.5900,-4.4100,-0.7564,-0.5673,-0.1508,0
584291,-4.1242,-8.3897,-2.2572,-25.7600,-14.4200,2.5900,-0.8809,-0.4931,0.0886,0
584330,-4.2870,-8.3394,-2.0705,-24.2200,-11.0600,-0.7700,-0.8282,-0.3782,-0.0263,0
584369,-4.1889,-8.0474,-2.3673,-33.9500,-6.8600,5.8100,-1.1609,-0.2346,0.1987,0
584408,-5.2301,-8.3059,-2.3625,-28.1400,-12.7400,-2.8700,-0.9622,-0.4356,-0.0981,0
584447,-4.4953,-8.4160,-2.7144,-20.3000,-20.0200,-9.3100,-0.6942,-0.6846,-0.3184,0
584486,-4.4498,-8.4878,-2.9729,-26.1800,-24.7800,0.0700,-0.8952,-0.8473,0.0024,0
584525,-5.1727,-8.3682,-3.2147,-9.6600,-24.5700,-11.5500,-0.3303,-0.8402,-0.3950,0
584564,-4.2631,-8.4783,-2.8053,-4.2000,-9.8000,-4.4800,-0.1436,-0.3351,-0.1532,0
584603,-3.8466,-7.8320,-2.2644,-8.0500,-5.8100,3.8500,-0.2753,-0.1987,0.1317,0
584642,-4.2032,-7.9948,-2.6522,-11.4100,-10.8500,-1.3300,-0.3902,-0.3710,-0.0455,0
584681,-5.0721,-8.6793,-3.0686,-5.8100,-7.9100,-3.1500,-0.1987,-0.2705,-0.1077,0
584720,-4.6173,-8.0426,-2.5899,-3.2200,-11.2700,0.2100,-0.1101,-0.3854,0.0072,0
584759,-4.4857,-7.8057,-2.2883,-6.2300,-13.5100,5.0400,-0.2130,-0.4620,0.1723,0
584798,-4.9165,-8.1144,-2.8676,-12.5300,-15.6100,2.2400,-0.4285,-0.5338,0.0766,0
584837,-4.5072,-8.0259,-2.8365,-22.6800,-20.8600,1.0500,-0.7755,-0.7133,0.0359,0
584876,-4.5647,-8.4280,-2.7575,-13.9300,-9.4500,0.4200,-0.4763,-0.3231,0.0144,0
584915,-4.5958,-8.2676,-3.1261,-9.6600,-6.8600,-5.8800,-0.3303,-0.2346,-0.2011,0
584954,-4.0381,-7.7123,-2.4942,-28.2800,-5.1800,7.2800,-0.9670,-0.1771,0.2489,0
584993,-4.5838,-7.9852,-2.9753,-22.9600,2.2400,2.5900,-0.7851,0.0766,0.0886,0
585032,-4.8112,-7.7051,-3.2194,-10.5700,6.4400,-8.1200,-0.3614,0.2202,-0.2777,0
585071,-4.7921,-7.6716,-3.3966,-21.4200,7.0700,2.4500,-0.7325,0.2418,0.0838,0
585110,-5.5485,-8.5142,-3.8107,-11.4100,3.0100,-11.2700,-0.3902,0.1029,-0.3854,0
585149,-5.2876,-8.3179,-4.3612,-3.8500,-4.2700,-11.3400,-0.1317,-0.1460,-0.3878,0
585188,-4.2990,-7.7099,-3.9064,2.7300,-9.5900,-1.5400,0.0934,-0.3279,-0.0527,0
585227,-4.5431,-7.4849,-3.3750,3.2200,-16.5200,0.8400,0.1101,-0.5649,0.0287,0
585266,-5.1391,-7.9684,-3.4085,-2.2400,-24.0100,1.7500,-0.0766,-0.8210,0.0598,0
585305,-5.2564,-8.1288,-3.8346,-2.9400,-26.8100,0.2800,-0.1005,-0.9168,0.0096,0
585344,-4.5982,-7.7913,-3.3679,2.1700,-26.4600,-8.9600,0.0742,-0.9048,-0.3064,0
585383,-4.7538,-7.8679,-3.0495,0.3500,-25.8300,-9.1700,0.0120,-0.8833,-0.3136,0
585422,-5.1822,-8.1264,-3.3391,0.1400,-22.8200,-4.2700,0.0048,-0.7803,-0.1460,0
585461,-3.9710,-7.6405,-3.3008,4.8300,-22.7500,-4.2700,0.1652,-0.7779,-0.1460,0
585500,-4.0261,-7.5974,-2.8460,5.3900,-13.8600,3.7100,0.1843,-0.4739,0.1269,0
585539,-4.4641,-7.8966,-2.5780,6.8600,-11.7600,0.8400,0.2346,-0.4021,0.0287,0
585578,-4.6197,-7.8894,-2.8269,8.3300,-9.3800,3.9900,0.2848,-0.3207,0.1364,0
585617,-4.7969,-8.0067,-2.6593,7.7700,-5.5300,10.0100,0.2657,-0.1891,0.3423,0
585656,-5.3354,-8.0450,-2.6522,6.4400,-4.2700,8.8200,0.2202,-0.1460,0.3016,0
585695,-5.8333,-7.7817,-2.2644,3.9200,-2.4500,6.1600,0.1340,-0.0838,0.2106,0
585734,-5.8907,-7.7602,-2.0346,3.9200,2.3800,2.6600,0.1340,0.0814,0.0910,0
585773,-5.5652,-8.0522,-2.5827,5.6700,2.1700,0.2100,0.1939,0.0742,0.0072,0
585812,-4.9333,-7.7434,-2.4702,6.9300,0.2800,1.2600,0.2370,0.0096,0.0431,0
585851,-5.2349,-7.4514,-2.3529,2.9400,2.8700,5.2500,0.1005,0.0981,0.1795,0
585890,-5.3953,-7.7674,-2.5037,3.4300,2.4500,4.9000,0.1173,0.0838,0.1676,0
585929,-5.3402,-7.7698,-2.6474,1.9600,2.1000,6.0200,0.0670,0.0718,0.2059,0
585968,-5.7950,-7.9684,-2.6809,3.9900,3.5000,8.4000,0.1364,0.1197,0.2872,0
586007,-5.6945,-7.7602,-2.7910,6.2300,-1.9600,3.7800,0.2130,-0.0670,0.1293,0
586046,-5.7735,-7.6620,-3.1572,8.1200,-4.2000,2.2400,0.2777,-0.1436,0.0766,0
586085,-5.7471,-7.6788,-2.9107,8.4000,-9.1000,0.5600,0.2872,-0.3112,0.0191,0
586124,-5.3929,-7.2719,-2.4774,9.1700,-10.3600,-0.4200,0.3136,-0.3543,-0.0144,0
586163,-5.6825,-7.4586,-2.7431,7.4900,-5.0400,3.1500,0.2561,-0.1723,0.1077,0
586202,-5.9961,-7.7219,-3.0256,11.9700,-5.2500,3.2200,0.4093,-0.1795,0.1101,0
586241,-5.9410,-7.4466,-2.4607,12.3900,-9.3100,3.5700,0.4237,-0.3184,0.1221,0
586280,-5.8620,-7.2934,-2.3123,12.1800,-9.6600,3.7100,0.4165,-0.3303,0.1269,0
586319,-6.1373,-7.7506,-2.4152,11.5500,-0.9100,7.9800,0.3950,-0.0311,0.2729,0
586358,-6.2330,-7.5160,-2.2333,16.7300,3.2200,3.5700,0.5721,0.1101,0.1221,0
586397,-6.1804,-7.4155,-1.3811,26.3200,5.8800,-2.2400,0.9000,0.2011,-0.0766,0
586436,-6.1684,-7.0205,-0.9383,27.3000,11.2700,7.9100,0.9335,0.3854,0.2705,0
586475,-6.1038,-6.6974,-0.8306,28.2800,16.4500,1.4700,0.9670,0.5625,0.0503,0
586514,-6.0751,-6.7094,0.2322,-2.0300,15.8200,21.3500,-0.0694,0.5410,0.7301,0
586553,-7.2001,-6.1708,-0.6271,-14.9100,9.2400,26.1800,-0.5098,0.3160,0.8952,0
586592,-6.0009,-8.2628,0.5338,-18.3400,6.0200,51.1700,-0.6271,0.2059,1.7498,0
586631,-7.4035,-7.7841,-1.0891,-33.8100,-4.9000,54.7400,-1.1561,-0.1676,1.8718,0
586670,-7.7339,-5.4862,-0.1652,-13.5800,-9.3100,22.2600,-0.4644,-0.3184,0.7612,0
586709,-8.3442,-6.0344,1.4601,-16.8000,-24.2200,-1.6100,-0.5745,-0.8282,-0.0551,0
586748,-7.0014,-5.3450,0.9000,-49.1400,-57.9600,-30.9400,-1.6803,-1.9819,-1.0580,0
586787,-6.0272,-6.8075,-2.2979,-92.7500,-82.2500,-29.6800,-3.1716,-2.8125,-1.0149,0
586826,-8.2317,-11.1232,-3.4804,-113.1200,-80.0100,-8.8900,-3.8681,-2.7359,-0.3040,0
586865,-5.2325,-8.0474,-3.6862,-71.7500,-56.1400,-24.2200,-2.4535,-1.9197,-0.8282,0
586904,-5.3115,-7.7865,-4.0237,-73.5700,-29.5400,-17.2900,-2.5157,-1.0101,-0.5912,0
586943,-6.4892,-7.2216,-5.9841,-68.9500,-18.4800,-30.7300,-2.3577,-0.6319,-1.0508,0
586982,-6.1181,-5.7304,-4.5168,-50.8200,-32.0600,-43.1200,-1.7378,-1.0963,-1.4745,0
587021,-6.6615,-6.1540,-3.5258,-62.8600,-44.2400,-39.9700,-2.1495,-1.5128,-1.3668,0
587060,-6.6041,-6.9224,-3.4277,-67.0600,-59.4300,-42.9100,-2.2931,-2.0322,-1.4673,0
587099,-5.7447,-6.2953,-4.1218,-60.5500,-81.4100,-54.6700,-2.0705,-2.7838,-1.8694,0
587138,-4.8591,-6.1995,-4.4378,-60.5500,-82.9500,-50.7500,-2.0705,-2.8365,-1.7354,0
587177,-4.3804,-6.6232,-4.1961,-66.0100,-76.3000,-32.0600,-2.2572,-2.6091,-1.0963,0
587216,-5.7423,-7.6812,-4.7897,-38.5000,-62.7200,-22.8200,-1.3165,-2.1447,-0.7803,0
587255,-6.0032,-6.9846,-3.7724,-25.5500,-56.8400,-22.0500,-0.8737,-1.9436,-0.7540,0
587294,-6.5945,-6.6400,-3.5354,-20.9300,-64.8900,-29.4000,-0.7157,-2.2189,-1.0053,0
587333,-6.3025,-6.8099,-3.3607,-12.8100,-80.9900,-42.2100,-0.4380,-2.7694,-1.4434,0
587372,-5.7782,-7.1809,-3.2865,-7.1400,-93.8700,-44.0300,-0.2442,-3.2099,-1.5056,0
587411,-5.5102,-8.0833,-4.1506,-19.5300,-113.8200,-44.5900,-0.6678,-3.8921,-1.5247,0
587450,-4.4522,-7.3317,-3.9854,-32.5500,-120.4000,-38.2900,-1.1130,-4.1171,-1.3093,0
587489,-4.6461,-7.4993,-3.5522,-26.8100,-102.0600,-27.3700,-0.9168,-3.4899,-0.9359,0
587528,-4.8375,-7.5998,-3.9328,-13.3700,-90.8600,-15.6100,-0.4572,-3.1069,-0.5338,0
587567,-5.1535,-7.5471,-4.0548,-15.5400,-79.3100,-6.7900,-0.5314,-2.7120,-0.2322,0
587606,-5.3019,-7.1761,-3.9423,-24.0100,-72.0300,-2.8000,-0.8210,-2.4631,-0.0957,0
587645,-4.5479,-6.7572,-3.8633,-29.4000,-41.0900,15.4000,-1.0053,-1.4051,0.5266,0
587684,-6.8506,-8.3203,-4.0668,-64.5400,-11.6900,28.5600,-2.2069,-0.3997,0.9766,0
587723,-7.7506,-8.6075,-1.4912,-50.0500,-35.2100,38.9200,-1.7115,-1.2040,1.3309,0
587762,-6.7501,-6.6400,0.9311,-64.0500,-55.1600,28.7000,-2.1902,-1.8862,0.9814,0
587801,-7.5854,-6.7668,0.6152,-94.9200,-46.6200,42.4200,-3.2458,-1.5942,1.4505,0
587840,-8.7966,-7.5711,-0.1101,-81.8300,-49.0000,29.4000,-2.7982,-1.6755,1.0053,0
587879,-8.0378,-6.2546,-1.0795,-79.4500,-100.1700,-25.6900,-2.7168,-3.4253,-0.8785,0
587918,-7.1498,-6.4197,-1.5463,-81.9700,-127.8900,-63.6300,-2.8030,-4.3732,-2.1758,0
587957,-6.7142,-6.2833,-1.7976,-86.7300,-127.4700,-45.1500,-2.9657,-4.3588,-1.5439,0
587996,-5.2110,-6.2091,-2.0131,-75.2500,-102.6900,-23.9400,-2.5732,-3.5115,-0.8186,0
588035,-5.5485,-7.6477,-3.0088,-85.6800,-77.0700,18.6200,-2.9298,-2.6354,0.6367,0
588074,-6.3192,-6.5969,-2.7910,-75.9500,-61.9500,14.3500,-2.5971,-2.1184,0.4907,0
588113,-7.5615,-4.6915,-2.2141,-78.8900,-53.9700,10.9900,-2.6976,-1.8455,0.3758,0
588152,-7.6046,-4.5575,-2.3745,-72.9400,-51.7300,-4.2000,-2.4942,-1.7689,-0.1436,0
588191,-7.7961,-5.2756,-3.2960,-71.4000,-51.4500,-30.3800,-2.4415,-1.7593,-1.0388,0
588230,-7.3461,-5.2923,-3.1788,-58.1700,-53.5500,-45.0100,-1.9891,-1.8311,-1.5391,0
588269,-7.4059,-6.2474,-3.0327,-64.8200,-44.5200,-17.9200,-2.2165,-1.5224,-0.6128,0
588308,-7.4801,-5.3474,-3.2147,-51.4500,-34.0900,-9.3800,-1.7593,-1.1657,-0.3207,0
588347,-7.7793,-4.5024,-2.6474,-50.2600,-22.6100,-3.5700,-1.7186,-0.7731,-0.1221,0
588386,-12.2315,-12.4134,-6.4102,-41.8600,-38.9900,19.5300,-1.4314,-1.3333,0.6678,0
588425,-6.3048,-9.7301,-4.6604,20.2300,-69.1600,-22.6100,0.6918,-2.3649,-0.7731,0
588464,-5.3330,-7.6405,-1.6372,11.8300,-54.8100,-12.7400,0.4045,-1.8742,-0.4356,0
588503,-5.0027,-9.1437,0.3997,28.2100,-18.6900,-40.3200,0.9646,-0.6391,-1.3787,0
588542,-5.8572,-6.3360,0.2322,-14.7700,-70.2100,-65.5200,-0.5051,-2.4008,-2.2404,0
588581,-4.0740,-7.0205,-2.6809,-48.3000,-41.5100,-37.4500,-1.6516,-1.4194,-1.2806,0
588620,-3.5426,-6.8099,-2.7623,-21.3500,-34.1600,-45.5700,-0.7301,-1.1681,-1.5583,0
588659,-4.2128,-6.6208,-2.1758,-13.5100,-17.2200,-25.0600,-0.4620,-0.5888,-0.8569,0
588698,-6.2785,-7.2791,-1.5128,-12.6000,-3.3600,-0.4900,-0.4309,-0.1149,-0.0168,0
588737,-6.9655,-7.5926,-1.5128,2.8000,-15.8200,-19.8100,0.0957,-0.5410,-0.6774,0
588776,-6.0894,-7.1977,-1.9317,8.8900,-39.0600,-37.0300,0.3040,-1.3357,-1.2662,0
588815,-5.4360,-7.5878,-2.5349,15.2600,-43.6100,-35.7700,0.5218,-1.4912,-1.2232,0
588854,-5.5580,-7.6812,-2.9155,60.7600,-49.4200,-44.2400,2.0777,-1.6899,-1.5128,0
588893,-5.2086,-8.0139,-0.7875,84.4900,-43.3300,-41.5100,2.8891,-1.4817,-1.4194,0
588932,-5.3498,-9.2466,0.8043,72.1700,-32.2700,-32.6200,2.4678,-1.1035,-1.1154,0
588971,-6.1062,-8.4663,-1.5654,22.0500,-48.7200,-30.3800,0.7540,-1.6660,-1.0388,0
589010,-4.4378,-8.0690,-1.3069,32.5500,-4.8300,-10.6400,1.1130,-0.1652,-0.3638,0
589049,-5.2971,-11.2908,1.4218,-47.0400,66.5000,67.6900,-1.6085,2.2740,2.3147,0
589088,-5.0602,-9.6009,0.3160,-84.9800,39.1300,48.1600,-2.9059,1.3380,1.6468,0
589127,-2.1543,-7.9206,1.0101,-86.3800,12.4600,46.7600,-2.9538,0.4261,1.5990,0
589166,-1.7474,-5.5149,1.0987,-119.2100,28.6300,76.5800,-4.0764,0.9790,2.6186,0
589205,-7.8535,-11.6068,0.2561,-118.0900,41.4400,109.2000,-4.0381,1.4170,3.7341,0
589244,-7.9995,-8.5597,-0.8114,-40.0400,1.2600,32.4800,-1.3692,0.0431,1.1106,0
589283,-6.7932,-6.1540,0.1029,-21.2100,-13.5100,17.4300,-0.7253,-0.4620,0.5960,0
589322,-7.0756,-5.8429,-0.9575,-24.5700,-39.2700,9.5900,-0.8402,-1.3428,0.3279,0
589361,-6.2881,-5.4383,-1.3069,-17.0100,-44.4500,-10.9900,-0.5817,-1.5200,-0.3758,0
589400,-6.0751,-5.0506,-1.1777,-37.1700,-40.4600,-9.6600,-1.2710,-1.3835,-0.3303,0
589439,-5.8692,-5.3594,-1.7019,-39.9700,-24.2200,-32.6200,-1.3668,-0.8282,-1.1154,0
589478,-6.6471,-6.4604,-2.4248,-43.7500,-15.7500,-34.4400,-1.4960,-0.5386,-1.1777,0
589517,-6.1684,-7.2479,-3.2721,-42.0700,-11.4800,-10.2200,-1.4386,-0.3926,-0.3495,0
589556,-5.8094,-7.6812,-3.2577,-35.0000,23.0300,23.7300,-1.1968,0.7875,0.8114,0
589595,-9.2490,-4.0692,-2.8436,-59.9200,18.6200,27.9300,-2.0490,0.6367,0.9551,0
589634,-10.1203,-3.7030,-2.3051,-57.1900,10.3600,15.7500,-1.9556,0.3543,0.5386,0
589673,-13.2823,-12.2818,-1.4266,-53.9700,-19.8800,24.9900,-1.8455,-0.6798,0.8545,0
589712,-6.8674,-11.4943,-5.8668,-10.9200,-105.8400,-17.5700,-0.3734,-3.6192,-0.6008,0
589751,-3.6096,-6.9487,-1.2878,11.7600,-60.9000,-18.9000,0.4021,-2.0825,-0.6463,0
589790,-5.5365,-9.2897,0.5529,18.3400,-26.3200,-29.6800,0.6271,-0.9000,-1.0149,0
589829,-6.0439,-8.2892,-1.8982,22.2600,-62.5800,-64.3300,0.7612,-2.1399,-2.1998,0
589868,-3.6551,-7.7434,-3.7437,-4.1300,-40.1800,-52.1500,-0.1412,-1.3739,-1.7833,0
589907,-1.4122,-7.1378,-3.5522,38.0100,3.4300,-59.2900,1.2997,0.1173,-2.0274,0
589946,-2.5014,-6.6471,-3.0806,52.7800,49.7000,-26.1100,1.8048,1.6995,-0.8928,0
589985,-5.1511,-7.2910,-2.5636,63.8400,76.7200,7.9100,2.1830,2.6234,0.2705,0
590024,-6.9990,-8.5477,-0.7636,65.9400,61.1800,-11.6900,2.2548,2.0920,-0.3997,0
590063,-6.7142,-8.3490,-0.2681,49.8400,30.3800,-25.9700,1.7043,1.0388,-0.8880,0
590102,-5.8716,-7.0756,0.2274,52.5000,15.1200,-34.3700,1.7952,0.5170,-1.1753,0
590141,-6.3216,-6.9272,0.8856,68.6000,-5.9500,-28.6300,2.3458,-0.2035,-0.9790,0
590180,-5.2588,-7.7147,0.0191,61.4600,-10.0800,-13.0200,2.1016,-0.3447,-0.4452,0
590219,-4.7562,-9.8570,-1.1394,61.1800,-6.0200,-20.9300,2.0920,-0.2059,-0.7157,0
590258,-4.5096,-8.8565,-2.3984,62.9300,8.9600,-35.1400,2.1519,0.3064,-1.2016,0
590297,-4.1721,-8.1743,-1.6109,76.2300,51.7300,3.6400,2.6067,1.7689,0.1245,0
590336,-4.8328,-11.0730,5.4455,20.9300,121.8700,53.6900,0.7157,4.1673,1.8359,0
590375,-7.7578,-11.8581,0.1269,-39.9000,84.1400,39.1300,-1.3644,2.8772,1.3380,0
590414,-4.8016,-7.6142,-1.6253,12.9500,48.3700,4.6200,0.4428,1.6540,0.1580,0
590453,-2.3410,-5.3115,0.9814,-0.9100,53.2700,51.3800,-0.0311,1.8216,1.7569,0
590492,-3.2099,-5.1535,1.9819,-50.4700,79.1700,81.1300,-1.7258,2.7072,2.7742,0
590531,-8.7440,-9.6488,0.4213,-73.9200,88.5500,86.4500,-2.5277,3.0280,2.9561,0
590570,-9.8594,-8.4759,-0.4739,17.5700,41.1600,15.1900,0.6008,1.4075,0.5194,0
590609,-7.2623,-5.5221,0.5194,39.4800,10.2900,-6.2300,1.3500,0.3519,-0.2130,0
590648,-6.5203,-4.8375,0.6247,14.2100,-11.0600,-2.2400,0.4859,-0.3782,-0.0766,0
590687,-6.7788,-5.0482,-0.2465,-9.9400,-13.9300,-5.6700,-0.3399,-0.4763,-0.1939,0
590726,-6.8410,-5.0554,-0.9287,-31.7800,-14.2800,-15.1200,-1.0867,-0.4883,-0.5170,0
590765,-6.7620,-5.2995,-0.6200,-40.8100,-23.9400,-30.7300,-1.3955,-0.8186,-1.0508,0
590804,-7.5854,-5.6442,-1.1250,-56.0000,-25.9700,-40.7400,-1.9149,-0.8880,-1.3931,0
590843,-6.0439,-6.4580,-1.1705,-60.8300,-22.1900,-27.2300,-2.0801,-0.7588,-0.9311,0
590882,-5.7088,-6.7596,-1.0125,-68.8800,-15.6800,-8.2600,-2.3553,-0.5362,-0.2824,0
590921,-7.1330,-6.7955,-0.8617,-89.7400,-27.5100,6.8600,-3.0686,-0.9407,0.2346,0
590960,-9.4597,-11.7959,-5.3378,-89.6000,-1.8200,40.1100,-3.0639,-0.0622,1.3716,0
590999,-7.0014,-13.8640,-4.0117,-61.4600,-64.1200,3.4300,-2.1016,-2.1926,0.1173,0
591038,-3.6623,-8.0163,-0.9646,-40.9500,-49.0700,-20.7900,-1.4003,-1.6779,-0.7109,0
591077,-5.9362,-7.9900,-2.1567,-44.4500,35.7700,-44.8000,-1.5200,1.2232,-1.5319,0
591116,-5.3474,-8.8948,-3.5809,-39.0600,17.2200,-81.4800,-1.3357,0.5888,-2.7862,0
591155,-4.4905,-8.7081,-4.2248,-23.0300,-27.8600,-78.4700,-0.7875,-0.9527,-2.6833,0
591194,-2.6067,-6.5299,-4.4330,-8.6100,-3.0800,-46.6900,-0.2944,-0.1053,-1.5966,0
591233,-2.4918,-7.2001,-3.9687,-8.0500,29.9600,-31.9900,-0.2753,1.0245,-1.0939,0
591272,-4.3014,-7.0421,-4.4187,-0.4200,36.8900,-28.4900,-0.0144,1.2614,-0.9742,0
591311,-5.5078,-7.5424,-3.7341,-1.8900,23.4500,-16.2400,-0.0646,0.8019,-0.5553,0
591350,-4.6939,-7.9852,-4.1625,-11.3400,2.9400,-21.0700,-0.3878,0.1005,-0.7205,0
591389,-4.2798,-8.7009,-4.9357,-11.5500,-1.4000,-25.5500,-0.3950,-0.0479,-0.8737,0
591428,-2.8030,-7.6333,-4.5599,-1.3300,-10.5000,-40.9500,-0.0455,-0.3590,-1.4003,0
591467,-2.0873,-7.7674,-3.3128,0.7700,-3.6400,-27.8600,0.0263,-0.1245,-0.9527,0
591506,-2.6162,-6.6926,-4.1578,-6.5100,9.3800,-12.5300,-0.2226,0.3207,-0.4285,0
591545,-3.9256,-8.1120,-4.7250,-8.0500,17.9900,-0.4200,-0.2753,0.6152,-0.0144,0
591584,-3.8226,-8.2820,-4.7059,-0.2800,3.7100,-3.1500,-0.0096,0.1269,-0.1077,0
591623,-3.0806,-7.9277,-4.3133,-2.6600,-1.4700,-0.4900,-0.0910,-0.0503,-0.0168,0
591662,-2.9346,-7.7362,-4.2990,-2.6600,4.0600,-4.4100,-0.0910,0.1388,-0.1508,0
591701,-3.4109,-8.5238,-4.9716,-6.1600,1.1200,-4.6200,-0.2106,0.0383,-0.1580,0
591740,-3.1524,-8.7679,-4.9261,3.0100,-2.3800,-1.2600,0.1029,-0.0814,-0.0431,0
591779,-3.0854,-7.6932,-4.5359,9.3100,-0.2800,-4.9000,0.3184,-0.0096,-0.1676,0
591818,-3.1955,-8.1647,-4.7610,8.8200,-0.1400,-3.4300,0.3016,-0.0048,-0.1173,0
591857,-3.4947,-7.9972,-4.9094,9.7300,-5.3200,0.6300,0.3327,-0.1819,0.0215,0
591896,-3.5641,-7.6692,-4.6006,9.2400,-8.8200,2.8000,0.3160,-0.3016,0.0957,0
591935,-3.8011,-7.6740,-4.3708,7.7000,-8.4700,4.6200,0.2633,-0.2896,0.1580,0
591974,-4.2583,-7.4801,-3.9280,5.1100,-12.1800,9.3100,0.1747,-0.4165,0.3184,0
592013,-4.6556,-7.5400,-3.8562,0.7000,-21.0000,11.5500,0.0239,-0.7181,0.3950,0
592052,-5.0171,-7.9421,-3.6934,-1.0500,-32.4800,6.5800,-0.0359,-1.1106,0.2250,0
592091,-5.1511,-7.3652,-3.9758,0.2800,-55.3000,-7.5600,0.0096,-1.8910,-0.2585,0
592130,-4.3923,-7.4610,-3.8538,6.0900,-59.9200,-13.5100,0.2082,-2.0490,-0.4620,0
592169,-4.4474,-7.6118,-4.2008,-1.1900,-64.6100,-7.2100,-0.0407,-2.2093,-0.2465,0
592208,-3.9663,-7.6716,-4.2535,5.9500,-68.1800,-6.7200,0.2035,-2.3314,-0.2298,0
592247,-4.3588,-7.7315,-4.0046,18.8300,-60.9000,-3.0800,0.6439,-2.0825,-0.1053,0
592286,-4.5455,-7.6764,-3.9950,21.1400,-59.9200,3.3600,0.7229,-2.0490,0.1149,0
592325,-4.2320,-7.8081,-4.1338,35.4200,-61.9500,-7.0000,1.2112,-2.1184,-0.2394,0
592364,-4.2152,-7.5831,-4.6724,47.5300,-53.7600,-6.3000,1.6253,-1.8383,-0.2154,0
592403,-3.9950,-7.1570,-4.6437,55.5100,-39.4100,1.4700,1.8982,-1.3476,0.0503,0
592442,-2.6833,-7.3700,-3.7604,79.3100,-11.2000,18.6200,2.7120,-0.3830,0.6367,0
592481,-6.9128,-10.1203,-1.8479,35.6300,50.4700,80.0100,1.2184,1.7258,2.7359,0
592520,-7.3916,-8.5070,-2.9394,-34.0200,50.8200,44.3800,-1.1633,1.7378,1.5176,0
592559,-7.1091,-9.2801,2.5947,-109.0600,12.8800,74.6900,-3.7293,0.4404,2.5540,0
592598,-7.8128,-7.2432,2.0513,-92.4700,-11.6200,33.0400,-3.1620,-0.3973,1.1298,0
592637,-9.0863,-7.6860,-0.0718,-46.4100,-55.1600,-6.0900,-1.5870,-1.8862,-0.2082,0
592676,-6.8793,-6.9224,-1.3596,-24.0800,-108.0100,-29.3300,-0.8234,-3.6934,-1.0029,0
592715,-4.4594,-6.3767,-0.1771,-14.2100,-88.4100,-15.2600,-0.4859,-3.0232,-0.5218,0
592754,-5.6251,-7.8464,-2.0226,-30.8700,-56.9800,19.0400,-1.0556,-1.9484,0.6511,0
592793,-5.3474,-7.0182,-3.0160,-35.6300,-27.3000,30.1700,-1.2184,-0.9335,1.0317,0
592832,-5.9123,-6.7381,-1.6420,-14.2800,-1.9600,16.3100,-0.4883,-0.0670,0.5577,0
592871,-6.6759,-5.9793,-1.3357,-6.4400,1.2600,12.2500,-0.2202,0.0431,0.4189,0
592910,-7.5663,-4.2583,-1.3931,-15.9600,-10.8500,6.7900,-0.5457,-0.3710,0.2322,0
592949,-6.8243,-4.8016,-1.6085,-17.2200,-14.2800,-11.9000,-0.5888,-0.4883,-0.4069,0
592988,-7.1642,-4.8328,-2.1279,-32.9000,-17.5000,-31.9900,-1.1250,-0.5984,-1.0939,0
593027,-7.6237,-6.9416,-1.5367,-47.9500,-14.4900,-10.5000,-1.6396,-0.4955,-0.3590,0
593066,-7.7219,-8.4998,-1.7067,-45.2200,3.8500,21.6300,-1.5463,0.1317,0.7396,0
593105,-7.9493,-5.3761,-3.3750,-9.4500,14.5600,17.9200,-0.3231,0.4979,0.6128,0
593144,-11.2717,-11.1520,-2.6354,-1.9600,34.0200,50.6800,-0.0670,1.1633,1.7330,0
593183,-7.4011,-9.6392,-2.1136,55.3700,16.0300,3.9900,1.8934,0.5481,0.1364,0
593222,-6.6376,-8.0163,0.4955,50.0500,40.6700,-2.8700,1.7115,1.3907,-0.0981,0
593261,-7.1666,-7.6261,0.5003,51.7300,7.6300,-43.8900,1.7689,0.2609,-1.5008,0
593300,-5.0075,-7.4299,-0.1556,42.0700,-39.1300,-62.0200,1.4386,-1.3380,-2.1208,0
593339,-4.0022,-8.5285,-2.8101,11.5500,-42.7700,-44.0300,0.3950,-1.4625,-1.5056,0
593378,-2.2476,-8.1647,-3.3607,13.7200,9.5900,-34.3000,0.4692,0.3279,-1.1729,0
593417,-2.9131,-6.8434,-2.5780,45.5000,70.7000,-19.1100,1.5559,2.4176,-0.6535,0
593456,-5.5844,-7.1115,-2.0442,66.2900,77.2100,-6.3700,2.2668,2.6402,-0.2178,0
593495,-6.5705,-7.0014,-1.0532,65.5200,64.5400,-5.1100,2.2404,2.2069,-0.1747,0
593534,-7.2455,-6.2330,-0.6487,56.7000,39.5500,-15.4000,1.9388,1.3524,-0.5266,0
593573,-6.6735,-7.8176,-0.2777,64.1200,24.0800,-16.3100,2.1926,0.8234,-0.5577,0
593612,-6.1947,-7.9995,-0.5505,101.0800,14.8400,-38.9200,3.4564,0.5075,-1.3309,0
593651,-4.9716,-7.9612,-0.0168,84.0000,7.7000,-24.2200,2.8724,0.2633,-0.8282,0
593690,-5.7017,-8.1192,-0.2346,49.7000,34.1600,-10.6400,1.6995,1.1681,-0.3638,0
593729,-7.0373,-9.6751,-0.7205,50.1200,44.2400,-4.4100,1.7138,1.5128,-0.1508,0
593768,-5.7304,-7.7027,-0.6319,73.0100,45.7100,-30.3100,2.4966,1.5630,-1.0364,0
593807,-5.3809,-9.8043,3.7365,11.1300,114.3100,42.6300,0.3806,3.9088,1.4577,0
593846,-5.8213,-11.8246,-0.6487,-23.8700,85.6800,54.8100,-0.8162,2.9298,1.8742,0
593885,-2.0131,-6.3934,1.1801,-29.1200,78.4000,52.2200,-0.9958,2.6809,1.7857,0
593924,-6.2546,-8.0115,0.9479,-65.3800,82.4600,92.7500,-2.2357,2.8197,3.1716,0
593963,-8.4424,-10.4889,0.5673,-9.5900,75.3900,63.8400,-0.3279,2.5780,2.1830,0
594002,-6.3958,-6.6400,0.0527,63.1400,48.4400,10.9200,2.1591,1.6564,0.3734,0
594041,-5.3091,-4.7586,-0.3088,53.4100,27.0200,22.8200,1.8263,0.9239,0.7803,0
594080,-6.2115,-5.0051,-0.3375,27.3700,23.4500,35.7000,0.9359,0.8019,1.2208,0
594119,-6.7477,-4.6437,-0.2250,12.8800,26.7400,22.8200,0.4404,0.9144,0.7803,0
594158,-7.1713,-4.1745,-0.2633,4.0600,24.1500,5.8100,0.1388,0.8258,0.1987,0
594197,-7.6956,-4.6413,0.0814,-1.4000,16.9400,-13.3000,-0.0479,0.5793,-0.4548,0
594236,-8.2150,-6.3671,-0.8306,-9.5900,23.5200,-15.5400,-0.3279,0.8043,-0.5314,0
594275,-7.8176,-7.1450,-1.5391,-8.8900,37.2400,1.8200,-0.3040,1.2734,0.0622,0
594314,-9.5722,-4.1625,-0.9670,-1.8900,47.6700,21.9800,-0.0646,1.6301,0.7516,0
594353,-13.2584,-10.3932,-1.2184,0.2100,61.9500,63.8400,0.0072,2.1184,2.1830,0
594392,-8.4663,-9.7421,-3.9471,32.7600,-28.5600,-6.8600,1.1202,-0.9766,-0.2346,0
594431,-5.2852,-7.8751,-0.8450,34.0200,-13.5100,-11.7600,1.1633,-0.4620,-0.4021,0
594470,-4.9955,-9.1293,-0.3016,79.8700,-13.7900,-64.1200,2.7311,-0.4715,-2.1926,0
594509,-4.9117,-7.5950,-1.0029,51.6600,-19.3900,-64.4000,1.7665,-0.6630,-2.2021,0
594548,-4.1195,-6.6232,-2.5325,23.1000,-0.2800,-46.4800,0.7899,-0.0096,-1.5894,0
594587,-3.2410,-6.7644,-2.2452,24.6400,24.5000,-35.0000,0.8426,0.8378,-1.1968,0
594626,-4.1649,-6.7142,-2.3912,22.8200,35.4200,-20.1600,0.7803,1.2112,-0.6894,0
594665,-5.3115,-7.2408,-2.1519,24.5700,40.8100,-7.5600,0.8402,1.3955,-0.2585,0
594704,-5.5006,-6.8626,-1.2519,33.7400,34.7900,-6.4400,1.1537,1.1896,-0.2202,0
594743,-6.6064,-6.9463,-0.8976,41.2300,18.0600,-9.7300,1.4099,0.6176,-0.3327,0
594782,-7.3916,-7.8344,-0.9383,59.2900,-0.5600,-23.1700,2.0274,-0.0191,-0.7923,0
594821,-6.3144,-8.8708,-0.5649,98.7700,-14.9100,-43.0500,3.3774,-0.5098,-1.4721,0
594860,-4.2942,-8.3370,0.0838,106.2600,-26.9500,-56.5600,3.6335,-0.9216,-1.9341,0
594899,-5.0458,-8.0642,-0.1077,67.1300,5.2500,-27.8600,2.2955,0.1795,-0.9527,0
594938,-7.0349,-8.0067,-1.0149,46.8300,24.7800,-3.5700,1.6013,0.8473,-0.1221,0
594977,-6.1445,-7.1115,-0.5146,27.6500,30.2400,1.4000,0.9455,1.0341,0.0479,0
595016,-6.1756,-8.9259,2.6713,-13.5100,84.0000,62.6500,-0.4620,2.8724,2.1423,0
595055,-4.2559,-10.5655,1.1106,-78.9600,62.5800,63.0000,-2.7000,2.1399,2.1543,0
595094,-1.0484,-7.9301,-0.6271,-109.1300,35.8400,55.5800,-3.7317,1.2255,1.9006,0
595133,-5.3594,-10.3501,-1.2160,-131.1100,38.1500,98.9100,-4.4833,1.3045,3.3822,0
595172,-7.8535,-8.8062,0.3519,-66.8500,18.6900,32.1300,-2.2859,0.6391,1.0987,0
595211,-7.2312,-5.5341,0.1963,-16.2400,0.5600,20.4400,-0.5553,0.0191,0.6989,0
595250,-7.5424,-5.4671,-0.8497,-12.2500,-36.5400,16.3800,-0.4189,-1.2495,0.5601,0
595289,-6.7453,-4.6963,-1.3548,-22.8900,-51.3800,9.2400,-0.7827,-1.7569,0.3160,0
595328,-6.0272,-5.2636,-1.5774,-22.0500,-39.6900,-6.3000,-0.7540,-1.3572,-0.2154,0
595367,-5.4719,-4.8352,-1.7880,-28.4900,-29.2600,-20.3000,-0.9742,-1.0005,-0.6942,0
595406,-6.1780,-5.3306,-1.5918,-49.6300,-11.6200,-29.8900,-1.6971,-0.3973,-1.0221,0
595445,-7.6788,-6.8889,-1.3883,-47.3200,-7.7700,-28.4200,-1.6181,-0.2657,-0.9718,0
595484,-7.4658,-8.4424,-2.8413,-51.7300,-15.1200,10.7800,-1.7689,-0.5170,0.3686,0
595523,-8.4208,-4.4546,-4.5431,-54.6700,-12.1100,21.9800,-1.8694,-0.4141,0.7516,0
595562,-9.5961,-4.3301,-1.8383,-41.2300,22.7500,22.8900,-1.4099,0.7779,0.7827,0
595601,-13.6318,-12.0089,-5.5868,-38.0100,-4.7600,51.6600,-1.2997,-0.1628,1.7665,0
595640,-5.1846,-9.1126,-1.5894,19.4600,-70.0000,-36.3300,0.6654,-2.3936,-1.2423,0
595679,-4.6341,-8.8804,-0.5649,28.3500,-63.0700,-47.2500,0.9694,-2.1567,-1.6157,0
595718,-4.4043,-7.7410,-0.5481,25.7600,-65.9400,-53.9000,0.8809,-2.2548,-1.8431,0
595757,-4.0548,-6.3503,-3.1716,8.3300,-67.4100,-60.9700,0.2848,-2.3051,-2.0849,0
595796,-2.7551,-7.0708,-3.4756,-17.9900,-17.0800,-42.6300,-0.6152,-0.5840,-1.4577,0
595835,-3.1620,-6.3575,-2.8317,11.2700,2.7300,-38.5700,0.3854,0.0934,-1.3189,0
595874,-5.1152,-6.4078,-1.5846,24.5000,15.8900,-0.7700,0.8378,0.5434,-0.0263,0
595913,-7.1953,-6.6567,-0.7588,41.7200,8.9600,3.0100,1.4266,0.3064,0.1029,0
595952,-7.9062,-8.6171,-0.0670,60.7600,-4.4800,-30.8700,2.0777,-0.1532,-1.0556,0
595991,-6.4006,-8.9762,-1.0388,87.0800,-53.4800,-93.7300,2.9777,-1.8287,-3.2051,0
596030,-3.9998,-7.1115,-1.2136,69.7900,-67.9700,-94.4300,2.3865,-2.3242,-3.2290,0
596069,-4.1817,-7.4729,-0.3351,31.9200,7.1400,1.8200,1.0915,0.2442,0.0622,0
596108,-7.0708,-10.2950,0.1173,24.0100,13.6500,-3.3600,0.8210,0.4668,-0.1149,0
596147,-5.4431,-6.8027,0.3830,36.6800,20.4400,-2.5200,1.2543,0.6989,-0.0862,0
596186,-5.0769,-9.8379,1.2136,-31.3600,94.9900,60.7600,-1.0724,3.2482,2.0777,0
596225,-5.2110,-9.4453,0.5362,-95.9000,78.3300,60.6900,-3.2793,2.6785,2.0753,0
596264,-1.8120,-7.7530,1.4099,-95.7600,50.1200,42.7000,-3.2745,1.7138,1.4601,0
596303,-4.1290,-10.0341,0.4572,-130.0600,59.0100,93.1700,-4.4474,2.0178,3.1859,0
596342,-7.9732,-9.2610,-1.2303,-54.4600,20.6500,40.6700,-1.8623,0.7061,1.3907,0
596381,-6.7261,-5.9434,-0.1795,3.8500,4.0600,9.7300,0.1317,0.1388,0.3327,0
596420,-6.8195,-5.3426,0.0191,8.2600,-4.4100,18.6200,0.2824,-0.1508,0.6367,0
596459,-6.6447,-5.9602,-0.7995,-4.3400,-19.7400,16.0300,-0.1484,-0.6750,0.5481,0
596498,-6.6041,-5.3665,-1.3117,-23.9400,-30.9400,-7.4900,-0.8186,-1.0580,-0.2561,0
596537,-5.8979,-4.8806,-2.3841,-23.7300,-30.7300,-27.5100,-0.8114,-1.0508,-0.9407,0
596576,-5.9745,-4.6293,-1.6085,-26.7400,-14.5600,-30.5200,-0.9144,-0.4979,-1.0436,0
596615,-7.1522,-6.9751,-1.1106,-25.3400,1.5400,-19.1800,-0.8665,0.0527,-0.6559,0
596654,-6.7572,-8.4831,-1.3596,-30.5900,12.5300,4.4100,-1.0460,0.4285,0.1508,0
596693,-6.7620,-5.2469,-2.0873,-50.5400,8.2600,22.1900,-1.7282,0.2824,0.7588,0
596732,-11.4847,-10.2591,-1.5080,-66.5700,17.3600,59.9900,-2.2764,0.5936,2.0513,0
596771,-9.6631,-11.4727,-5.5389,-2.4500,-16.9400,44.1000,-0.0838,-0.5793,1.5080,0
596810,-5.0243,-5.4479,-0.2322,25.5500,-12.3200,0.0000,0.8737,-0.4213,0.0000,0
596849,-6.7860,-8.8828,-1.2902,18.5500,-3.0100,-35.4900,0.6343,-0.1029,-1.2136,0
596888,-6.5801,-9.0719,-2.0561,13.9300,-44.8000,-69.9300,0.4763,-1.5319,-2.3912,0
596927,-4.0453,-6.5849,-2.2141,16.9400,-65.6600,-69.0900,0.5793,-2.2452,-2.3625,0
596966,-3.1309,-7.1953,-2.5444,-14.7700,-23.4500,-37.1000,-0.5051,-0.8019,-1.2686,0
597005,-2.9633,-7.5352,-3.5881,-2.0300,-5.7400,-36.7500,-0.0694,-0.1963,-1.2567,0
597044,-3.4612,-7.5831,-3.2362,24.3600,10.5000,-23.0300,0.8330,0.3590,-0.7875,0
597083,-5.4934,-7.1977,-2.6450,29.1200,21.0000,-6.0900,0.9958,0.7181,-0.2082,0
597122,-6.4341,-7.9229,-1.5798,27.7200,26.7400,-4.8300,0.9479,0.9144,-0.1652,0
597161,-6.4820,-7.2791,-0.9742,35.3500,-0.4200,-27.8600,1.2088,-0.0144,-0.9527,0
597200,-5.7232,-7.7003,-0.9239,49.0700,-26.3200,-40.8800,1.6779,-0.9000,-1.3979,0
597239,-5.7687,-8.2054,-1.3117,72.5200,-39.3400,-39.4100,2.4798,-1.3452,-1.3476,0
597278,-4.5503,-8.4160,-0.8952,70.7700,-38.8500,-30.8700,2.4200,-1.3285,-1.0556,0
597317,-4.6173,-8.5740,-0.7109,39.1300,-22.5400,-5.1800,1.3380,-0.7708,-0.1771,0
597356,-5.4934,-8.5118,-1.7258,60.3400,-10.2200,-5.1800,2.0633,-0.3495,-0.1771,0
597395,-5.3139,-8.3634,-2.7503,75.7400,12.0400,-3.7800,2.5899,0.4117,-0.1293,0
597434,-5.7926,-10.1036,2.9825,-27.7200,79.8700,69.5100,-0.9479,2.7311,2.3769,0
597473,-7.7458,-10.9748,-1.6492,-81.7600,17.5000,46.8300,-2.7958,0.5984,1.6013,0
597512,-4.4163,-9.3137,-0.4835,-51.1700,-2.5900,25.1300,-1.7498,-0.0886,0.8593,0
597551,-1.6540,-6.6280,2.3649,-80.5700,-11.1300,49.4200,-2.7551,-0.3806,1.6899,0
597590,-3.2889,-6.6184,2.0729,-118.2300,32.6900,76.5800,-4.0429,1.1178,2.6186,0
597629,-8.3203,-10.0222,-0.4476,-78.8200,8.0500,57.3300,-2.6952,0.2753,1.9604,0
597668,-9.3208,-6.6998,0.1652,-21.2800,-27.8600,6.4400,-0.7277,-0.9527,0.2202,0
597707,-8.3418,-4.7897,1.1154,-33.1800,-62.6500,-1.4000,-1.1346,-2.1423,-0.0479,0
597746,-9.4525,-4.9979,-0.8928,-75.4600,-92.7500,-2.5900,-2.5803,-3.1716,-0.0886,0
597785,-8.9809,-5.5676,-1.8192,-95.4800,-105.7700,-18.8300,-3.2649,-3.6168,-0.6439,0
597824,-7.7865,-6.2067,-2.0920,-87.9900,-115.6400,-37.3800,-3.0088,-3.9543,-1.2782,0
597863,-6.1349,-5.9003,-2.1471,-89.3900,-129.6400,-46.3400,-3.0567,-4.4330,-1.5846,0
597902,-5.3546,-5.9745,-2.4750,-99.8200,-125.1600,-36.8900,-3.4133,-4.2798,-1.2614,0
597941,-6.3695,-6.8314,-2.8317,-113.1200,-114.5900,-25.1300,-3.8681,-3.9184,-0.8593,0
597980,-6.5251,-7.1546,-2.6737,-108.0100,-101.2900,-24.2200,-3.6934,-3.4636,-0.8282,0
598019,-6.9751,-6.2761,-2.4032,-112.7000,-108.6400,-27.4400,-3.8538,-3.7149,-0.9383,0
598058,-7.4394,-5.7567,-2.2452,-114.3800,-117.3900,-33.9500,-3.9112,-4.0141,-1.1609,0
598097,-7.6668,-6.3120,-2.3218,-107.3800,-131.5300,-41.6500,-3.6718,-4.4976,-1.4242,0
598136,-6.3431,-6.4628,-2.5756,-104.7900,-134.8900,-43.6800,-3.5833,-4.6125,-1.4936,0
598175,-5.1463,-8.0378,-1.9676,-104.1600,-126.0000,-31.4300,-3.5617,-4.3086,-1.0747,0
598214,-6.1229,-10.3046,-3.7173,-110.0400,-121.6600,-20.9300,-3.7628,-4.1601,-0.7157,0
598253,-6.0248,-10.7642,-5.3211,-51.9400,-131.1800,-46.7600,-1.7761,-4.4857,-1.5990,0
598292,-4.2535,-6.7381,-0.7947,-70.9800,-75.1100,-38.5000,-2.4272,-2.5684,-1.3165,0
598331,-6.3719,-8.3179,-2.3003,-83.7200,-91.0700,-50.6100,-2.8628,-3.1141,-1.7306,0
598370,-4.3947,-7.6214,-3.9519,-67.6200,-127.6800,-62.2300,-2.3123,-4.3660,-2.1279,0
598409,-3.1644,-7.0732,-3.8394,-48.7200,-118.6500,-60.1300,-1.6660,-4.0572,-2.0561,0
598448,-3.8562,-7.4921,-2.3889,-46.4100,-120.0500,-52.4300,-1.5870,-4.1051,-1.7928,0
598487,-6.1086,-7.7219,-3.2027,-75.7400,-116.5500,-33.1800,-2.5899,-3.9854,-1.1346,0
598526,-4.5192,-7.0158,-2.5660,-52.0100,-98.9800,-44.2400,-1.7785,-3.3846,-1.5128,0
598565,-3.9687,-8.0881,-2.7670,-63.6300,-91.5600,-40.1800,-2.1758,-3.1309,-1.3739,0
598604,-4.4881,-9.0863,-3.8298,-64.5400,-116.5500,-51.7300,-2.2069,-3.9854,-1.7689,0
598643,-3.7221,-8.1599,-4.4522,-67.3400,-100.7300,-23.8000,-2.3027,-3.4444,-0.8138,0
598682,-3.6982,-8.4807,-3.6264,-61.3200,-72.3800,-18.9700,-2.0968,-2.4750,-0.6487,0
598721,-3.7389,-9.1916,-3.3032,-35.0700,-77.2100,-23.1700,-1.1992,-2.6402,-0.7923,0
598760,-3.0878,-9.2945,-3.4636,-36.0500,-73.7100,-17.0100,-1.2327,-2.5205,-0.5817,0
598799,-2.5277,-9.0168,-3.5689,-23.0300,-53.7600,-11.9000,-0.7875,-1.8383,-0.4069,0
598838,-2.2045,-9.3160,-2.8436,-28.2800,-15.9600,-3.0100,-0.9670,-0.5457,-0.1029,0
598877,-3.0088,-8.8732,-2.9777,-35.7700,-9.3100,0.5600,-1.2232,-0.3184,0.0191,0
598916,-2.4846,-7.4682,-2.8269,-20.0900,-1.5400,-4.0600,-0.6870,-0.0527,-0.1388,0
598955,-4.0093,-8.1192,-2.4511,-19.1100,-1.4700,2.3100,-0.6535,-0.0503,0.0790,0
598994,-3.6479,-8.4831,-2.2548,-6.8600,-8.3300,1.9600,-0.2346,-0.2848,0.0670,0
599033,-3.8418,-8.5956,-2.4726,-6.4400,-10.9900,0.9100,-0.2202,-0.3758,0.0311,0
599072,-3.8921,-8.1264,-3.2673,-5.7400,-10.4300,-3.0800,-0.1963,-0.3567,-0.1053,0
599111,-4.3875,-8.7894,-3.5833,-8.5400,-1.8900,5.3200,-0.2920,-0.0646,0.1819,0
599150,-4.4905,-9.2466,-3.7125,-11.7600,-3.5700,12.0400,-0.4021,-0.1221,0.4117,0
599189,-4.0285,-8.3466,-3.0471,-1.9600,6.3700,0.4200,-0.0670,0.2178,0.0144,0
599228,-4.2487,-8.4041,-2.8628,7.5600,8.9600,-0.1400,0.2585,0.3064,-0.0048,0
599267,-4.0261,-7.7291,-2.8532,14.7000,6.7900,0.9800,0.5027,0.2322,0.0335,0
599306,-3.8442,-7.3868,-2.6617,10.6400,8.7500,5.7400,0.3638,0.2992,0.1963,0
599345,-4.0883,-7.7698,-2.5588,11.4100,10.0100,12.5300,0.3902,0.3423,0.4285,0
599384,-4.1554,-8.6889,-2.9346,11.6900,9.3800,15.8900,0.3997,0.3207,0.5434,0
599423,-4.7107,-8.6171,-2.9131,8.1900,-0.4200,10.8500,0.2801,-0.0144,0.3710,0
599462,-4.6221,-8.6698,-2.5516,6.9300,4.4800,7.6300,0.2370,0.1532,0.2609,0
599501,-4.6987,-8.5836,-2.9178,15.5400,1.1900,3.3600,0.5314,0.0407,0.1149,0
599540,-4.2583,-8.4041,-2.6210,15.1200,4.7600,4.9000,0.5170,0.1628,0.1676,0
599579,-4.2487,-8.6578,-2.2404,4.9000,1.0500,7.9800,0.1676,0.0359,0.2729,0
599618,-4.3205,-8.0474,-2.1495,8.0500,-5.8100,8.6100,0.2753,-0.1987,0.2944,0
599657,-4.8615,-7.8918,-2.0633,11.2700,-15.7500,6.9300,0.3854,-0.5386,0.2370,0
599696,-5.0602,-8.3323,-2.3936,19.3900,-21.9800,2.5200,0.6630,-0.7516,0.0862,0
599735,-5.0482,-9.0982,-1.9724,18.6200,-33.3200,1.4700,0.6367,-1.1394,0.0503,0
599774,-4.8064,-8.4448,-3.1596,-10.0800,-55.5100,-3.7100,-0.3447,-1.8982,-0.1269,0
599813,-4.6269,-7.4442,-2.6234,-11.4100,-42.5600,-8.2600,-0.3902,-1.4553,-0.2824,0
599852,-4.0788,-8.3347,-2.0322,8.4000,-22.3300,8.4700,0.2872,-0.7636,0.2896,0
599891,-3.6503,-8.4974,-2.5205,25.9700,-6.7900,8.8200,0.8880,-0.2322,0.3016,0
599930,-3.7317,-8.7344,-1.8287,37.5900,18.9000,8.8200,1.2854,0.6463,0.3016,0
599969,-4.1961,-8.7344,-1.3476,54.3200,31.5000,9.3100,1.8575,1.0771,0.3184,0
600008,-4.9644,-8.2245,-0.6463,43.7500,25.4100,14.9100,1.4960,0.8689,0.5098,0
600047,-5.8836,-7.7267,0.2585,-6.9300,-1.3300,25.6900,-0.2370,-0.0455,0.8785,0
600086,-7.1211,-6.7692,-0.8162,-29.5400,-16.8700,26.6000,-1.0101,-0.5769,0.9096,0
600125,-6.3599,-5.6610,-1.0436,-44.1000,-26.3900,21.8400,-1.5080,-0.9024,0.7468,0
600164,-7.8511,-7.3269,-1.2375,-73.2200,-34.6500,32.7600,-2.5037,-1.1849,1.1202,0
600203,-7.8894,-7.6692,-1.1849,-69.5800,-63.1400,25.4800,-2.3793,-2.1591,0.8713,0
600242,-6.7213,-6.8458,-0.5912,-78.1200,-75.2500,15.0500,-2.6713,-2.5732,0.5146,0
600281,-6.3791,-7.2408,-1.0269,-89.4600,-81.5500,10.2200,-3.0591,-2.7886,0.3495,0
600320,-6.8075,-7.9565,-1.0556,-84.6300,-80.7800,1.9600,-2.8939,-2.7623,0.0670,0
600359,-6.2498,-7.5591,-1.0580,-76.8600,-86.1700,-5.2500,-2.6282,-2.9466,-0.1795,0
600398,-6.1947,-6.5179,-1.0747,-80.9900,-83.7200,-11.9700,-2.7694,-2.8628,-0.4093,0
600437,-6.7333,-6.7788,-1.8646,-85.4700,-77.9800,-4.4100,-2.9226,-2.6665,-0.1508,0
600476,-6.5035,-6.4150,-2.6186,-68.7400,-64.1200,-3.5000,-2.3506,-2.1926,-0.1197,0
600515,-7.6046,-6.6878,-2.6091,-71.4000,-58.9400,-3.6400,-2.4415,-2.0154,-0.1245,0
600554,-8.1862,-6.4102,-2.4439,-77.4200,-66.1500,-12.2500,-2.6474,-2.2620,-0.4189,0
600593,-7.5088,-5.4862,-2.8173,-63.2100,-74.6900,-34.5100,-2.1615,-2.5540,-1.1801,0
600632,-6.3814,-5.8931,-2.9538,-68.3200,-75.4600,-38.2900,-2.3362,-2.5803,-1.3093,0
600671,-5.9434,-6.1134,-3.2171,-72.2400,-77.3500,-42.7000,-2.4702,-2.6450,-1.4601,0
600710,-6.1612,-6.3503,-2.7383,-74.6900,-70.3500,-31.4300,-2.5540,-2.4056,-1.0747,0
600749,-6.5729,-6.1493,-2.5803,-69.5800,-59.7100,-24.7100,-2.3793,-2.0418,-0.8450,0
600788,-6.8769,-5.8022,-3.0160,-68.7400,-49.7700,-22.1200,-2.3506,-1.7019,-0.7564,0
600827,-7.4921,-9.6871,-2.1782,-67.1300,-58.3800,-16.7300,-2.2955,-1.9963,-0.5721,0
600866,-5.0649,-8.9762,-3.8490,-43.7500,-74.3400,-18.3400,-1.4960,-2.5420,-0.6271,0
600905,-5.9865,-6.6400,-4.2990,-45.3600,-67.9000,-22.4700,-1.5511,-2.3218,-0.7684,0
600944,-6.3958,-7.5878,-1.2974,-37.3100,-23.5200,-19.5300,-1.2758,-0.8043,-0.6678,0
600983,-6.7692,-7.7243,-1.7928,-45.2900,-40.0400,-27.5800,-1.5487,-1.3692,-0.9431,0
601022,-6.0009,-6.5227,-1.8048,-41.4400,-57.9600,-38.0800,-1.4170,-1.9819,-1.3021,0
601061,-5.8189,-6.6878,-2.2261,-43.9600,-72.3800,-42.8400,-1.5032,-2.4750,-1.4649,0
601100,-5.3665,-7.0469,-3.8059,-43.8900,-83.3700,-33.1800,-1.5008,-2.8508,-1.1346,0
601139,-5.2876,-6.8362,-3.8992,-39.4800,-74.4100,-21.4200,-1.3500,-2.5444,-0.7325,0
601178,-5.4838,-7.0876,-3.4995,-27.3000,-56.7000,-21.0700,-0.9335,-1.9388,-0.7205,0
601217,-5.2828,-7.3245,-3.2793,-20.9300,-42.5600,-21.6300,-0.7157,-1.4553,-0.7396,0
601256,-5.2828,-7.2623,-3.0543,-8.8900,-39.5500,-20.3700,-0.3040,-1.3524,-0.6965,0
601295,-5.6059,-7.8751,-2.7407,-6.5800,-37.1700,-14.2100,-0.2250,-1.2710,-0.4859,0
601334,-5.7184,-8.2269,-2.8915,-4.4800,-44.5900,-20.6500,-0.1532,-1.5247,-0.7061,0
601373,-5.5868,-8.1503,-2.4032,8.4700,-53.9700,-24.9200,0.2896,-1.8455,-0.8521,0
601412,-5.4838,-7.3509,-2.1160,39.3400,-49.3500,-28.4900,1.3452,-1.6875,-0.9742,0
601451,-5.3641,-7.8583,-2.1160,45.9200,-46.7600,-26.4600,1.5702,-1.5990,-0.9048,0
601490,-4.7945,-9.1317,-2.3577,40.6000,-37.0300,-29.5400,1.3883,-1.2662,-1.0101,0
601529,-4.5503,-8.8804,-2.5708,30.8700,-28.9800,-30.3100,1.0556,-0.9910,-1.0364,0
601568,-4.1721,-7.4969,-2.5253,21.1400,-11.8300,-13.1600,0.7229,-0.4045,-0.4500,0
601607,-4.0429,-8.2605,-0.6247,11.4800,29.5400,21.9100,0.3926,1.0101,0.7492,0
601646,-6.0009,-10.7786,-0.8952,-20.0900,49.3500,54.7400,-0.6870,1.6875,1.8718,0
601685,-6.6615,-9.7924,-1.1968,-11.9700,33.9500,35.2100,-0.4093,1.1609,1.2040,0
601724,-5.3905,-8.0498,-0.1197,-2.3100,23.1700,27.0900,-0.0790,0.7923,0.9263,0
601763,-4.9740,-6.9440,0.4931,-15.9600,13.4400,32.7600,-0.5457,0.4596,1.1202,0
601802,-5.6993,-7.0852,0.3207,-42.1400,10.5000,39.2000,-1.4410,0.3590,1.3404,0
601841,-5.3522,-7.8535,0.0934,-44.2400,13.5800,37.8000,-1.5128,0.4644,1.2926,0
601880,-6.2905,-7.4323,-0.4069,-39.4800,6.0900,38.8500,-1.3500,0.2082,1.3285,0
601919,-8.0522,-6.9822,-0.1197,-22.6800,3.1500,22.1900,-0.7755,0.1077,0.7588,0
601958,-9.2969,-7.4155,-0.3231,-5.7400,-7.4200,7.4900,-0.1963,-0.2537,0.2561,0
601997,-7.6022,-6.2163,-0.0670,-11.4100,-24.6400,-4.6200,-0.3902,-0.8426,-0.1580,0
602036,-6.6280,-6.1828,-0.4117,-19.9500,-29.3300,-6.2300,-0.6822,-1.0029,-0.2130,0
602075,-5.7352,-6.5107,-0.9168,-17.7800,-28.4900,-11.4800,-0.6080,-0.9742,-0.3926,0
602114,-5.9195,-6.9176,-1.3021,-18.2700,-21.2800,-13.7200,-0.6247,-0.7277,-0.4692,0
602153,-5.9386,-6.3695,-1.1106,-19.3900,-10.5000,-11.2000,-0.6630,-0.3590,-0.3830,0
602192,-7.1833,-6.6088,-1.3309,-25.0600,-5.2500,-3.7800,-0.8569,-0.1795,-0.1293,0
602231,-8.1073,-6.5011,-1.2902,-24.2900,-10.9900,-7.2800,-0.8306,-0.3758,-0.2489,0
602270,-7.9469,-5.8501,-0.7899,-34.7200,-31.8500,-18.1300,-1.1872,-1.0891,-0.6200,0
602309,-8.0498,-5.8285,-1.0580,-52.5700,-43.4000,-15.5400,-1.7976,-1.4841,-0.5314,0
602348,-7.5974,-6.7596,-1.2662,-52.8500,-48.0200,-15.1200,-1.8072,-1.6420,-0.5170,0
602387,-6.5370,-6.2809,-1.5702,-53.7600,-57.1200,-23.2400,-1.8383,-1.9532,-0.7947,0
602426,-6.3408,-6.2809,-1.3093,-63.0000,-55.4400,-26.7400,-2.1543,-1.8958,-0.9144,0
602465,-6.5658,-6.8482,-1.3093,-65.5900,-53.5500,-28.7000,-2.2428,-1.8311,-0.9814,0
602504,-7.4562,-7.5088,-3.0639,-69.7900,-54.3200,-22.3300,-2.3865,-1.8575,-0.7636,0
602543,-6.9894,-9.2418,-2.7383,-57.5400,-66.0800,-23.1700,-1.9676,-2.2596,-0.7923,0
602582,-5.5221,-7.1761,-2.2811,-52.4300,-73.2200,-31.2200,-1.7928,-2.5037,-1.0676,0
602621,-6.2474,-7.4753,-2.0418,-59.6400,-58.5900,-24.5700,-2.0394,-2.0035,-0.8402,0
602660,-5.2277,-8.0570,-2.2572,-54.3200,-59.6400,-37.0300,-1.8575,-2.0394,-1.2662,0
602699,-5.0003,-7.7003,-2.6976,-56.4200,-53.5500,-40.6700,-1.9293,-1.8311,-1.3907,0
602738,-5.2588,-7.6333,-2.9178,-59.7100,-47.1800,-38.0100,-2.0418,-1.6133,-1.2997,0
602777,-5.0195,-7.8224,-2.8556,-55.0200,-42.7000,-33.1100,-1.8814,-1.4601,-1.1322,0
602816,-4.7945,-7.7913,-3.2960,-46.6900,-40.2500,-28.8400,-1.5966,-1.3763,-0.9862,0
602855,-4.5383,-7.7482,-3.8657,-32.6900,-35.3500,-27.0900,-1.1178,-1.2088,-0.9263,0
602894,-4.6078,-7.3676,-4.1961,-21.7000,-20.0200,-19.3200,-0.7420,-0.6846,-0.6606,0
602933,-5.2516,-7.0253,-4.0788,-11.0600,-7.7700,-6.1600,-0.3782,-0.2657,-0.2106,0
602972,-5.1870,-7.2288,-3.4109,-4.9000,-0.7700,0.8400,-0.1676,-0.0263,0.0287,0
603011,-5.1655,-7.6716,-3.1357,-2.5900,-5.1100,-2.7300,-0.0886,-0.1747,-0.0934,0
603050,-5.0219,-7.7817,-3.3726,-4.9000,-10.1500,-3.5700,-0.1676,-0.3471,-0.1221,0
603089,-5.2277,-7.9493,-3.8202,-2.0300,-8.0500,-0.4200,-0.0694,-0.2753,-0.0144,0
603128,-5.0721,-7.4873,-3.6383,6.2300,3.2900,-0.4200,0.2130,0.1125,-0.0144,0
603167,-5.0865,-8.0929,-3.2266,7.3500,6.6500,2.8700,0.2513,0.2274,0.0981,0
603206,-5.7519,-7.5926,-3.0160,-0.4900,7.4200,0.9800,-0.0168,0.2537,0.0335,0
603245,-5.6753,-7.4969,-2.6833,-1.2600,6.7900,-1.9600,-0.0431,0.2322,-0.0670,0
603284,-5.6490,-7.6860,-2.7479,-0.7000,-2.3100,-7.2800,-0.0239,-0.0790,-0.2489,0
603323,-5.6346,-7.6956,-2.8867,-0.7700,-14.2100,-14.7000,-0.0263,-0.4859,-0.5027,0
603362,-5.0961,-7.3461,-2.9992,-3.0100,-17.5700,-11.2700,-0.1029,-0.6008,-0.3854,0
603401,-4.7873,-7.8583,-2.8101,1.8900,-12.0400,-6.8600,0.0646,-0.4117,-0.2346,0
603440,-4.4354,-8.4663,-3.0639,3.8500,-7.4900,-8.0500,0.1317,-0.2561,-0.2753,0
603479,-3.9519,-8.3011,-3.5115,3.0100,3.0100,-1.9600,0.1029,0.1029,-0.0670,0
603518,-4.2535,-7.7458,-3.2338,10.2200,16.8000,6.7900,0.3495,0.5745,0.2322,0
603557,-5.2038,-7.6764,-2.6354,11.9000,29.9600,17.4300,0.4069,1.0245,0.5960,0
603596,-5.9578,-7.9158,-2.5492,11.3400,18.8300,10.5000,0.3878,0.6439,0.3590,0
603635,-6.2091,-7.1235,-3.1237,13.5800,6.7900,2.4500,0.4644,0.2322,0.0838,0
603674,-5.8189,-7.0517,-2.6043,19.8100,3.3600,-1.0500,0.6774,0.1149,-0.0359,0
603713,-5.6059,-7.8128,-2.4415,14.7000,-3.0100,0.0700,0.5027,-0.1029,0.0024,0
603752,-5.9673,-7.4753,-2.9849,7.4900,-17.0100,-3.6400,0.2561,-0.5817,-0.1245,0
603791,-5.3570,-7.8009,-2.4391,12.3900,-14.5600,1.5400,0.4237,-0.4979,0.0527,0
603830,-5.5078,-7.9277,-2.9873,21.3500,-21.2800,3.8500,0.7301,-0.7277,0.1317,0
603869,-5.1774,-7.3269,-2.2237,35.5600,-26.1800,-4.1300,1.2160,-0.8952,-0.1412,0
603908,-4.4139,-8.2126,-2.1686,42.2100,-23.4500,-0.7700,1.4434,-0.8019,-0.0263,0
603947,-3.9495,-8.5525,-2.1351,51.1000,-12.3200,0.0700,1.7474,-0.4213,0.0024,0
603986,-4.4234,-9.1341,-1.9149,34.3700,6.3700,9.5200,1.1753,0.2178,0.3255,0
604025,-4.7370,-8.3418,-1.4410,14.1400,35.7000,15.5400,0.4835,1.2208,0.5314,0
604064,-5.3618,-7.8535,-0.4548,1.8900,24.6400,23.5200,0.0646,0.8426,0.8043,0
604103,-6.1947,-8.9355,-0.5266,-2.6600,24.0800,30.7300,-0.0910,0.8234,1.0508,0
604142,-6.5322,-8.5597,-1.3787,10.9200,10.0100,10.5000,0.3734,0.3423,0.3590,0
604181,-6.4556,-6.9822,-0.6894,18.4800,-5.6700,-1.6800,0.6319,-0.1939,-0.0574,0
604220,-6.3814,-7.4490,0.5266,9.6600,4.3400,3.9200,0.3303,0.1484,0.1340,0
604259,-6.8530,-7.5950,-0.1819,0.4200,-10.2200,1.8200,0.0144,-0.3495,0.0622,0
604298,-7.1522,-7.9277,-0.4428,1.1200,-22.6800,-1.4000,0.0383,-0.7755,-0.0479,0
604337,-6.4461,-7.5519,-0.5721,12.9500,-27.4400,-12.4600,0.4428,-0.9383,-0.4261,0
604376,-5.9147,-7.1857,-0.0551,9.2400,-27.2300,-11.5500,0.3160,-0.9311,-0.3950,0
604415,-5.9386,-7.2025,-0.0215,-7.3500,-31.2900,-7.7700,-0.2513,-1.0700,-0.2657,0
604454,-5.2947,-7.7219,-0.1029,-12.6700,-26.1100,0.2800,-0.4332,-0.8928,0.0096,0
604493,-5.7423,-7.6812,-0.8282,-15.8900,-14.3500,11.2700,-0.5434,-0.4907,0.3854,0
604532,-6.0296,-7.7386,-0.5769,-9.1700,-8.7500,6.4400,-0.3136,-0.2992,0.2202,0
604571,-6.9487,-7.3676,0.3447,-11.9000,-6.3700,-0.7700,-0.4069,-0.2178,-0.0263,0
604610,-6.8434,-7.2910,-0.0191,-7.8400,-13.9300,-3.0100,-0.2681,-0.4763,-0.1029,0
604649,-6.1014,-6.9104,0.3016,-8.4700,-20.3000,-5.6000,-0.2896,-0.6942,-0.1915,0
604688,-6.4916,-6.7620,0.1436,-23.3800,-26.7400,-2.7300,-0.7995,-0.9144,-0.0934,0
604727,-5.8644,-7.7793,0.0527,-25.3400,-28.4200,7.8400,-0.8665,-0.9718,0.2681,0
604766,-5.4216,-7.6190,-0.3207,-23.5200,-19.6700,9.3100,-0.8043,-0.6726,0.3184,0
604805,-5.4886,-7.3198,-0.5338,-31.5700,-18.9700,11.3400,-1.0795,-0.6487,0.3878,0
604844,-5.6490,-7.2886,-0.7013,-25.9000,-8.0500,7.2800,-0.8856,-0.2753,0.2489,0
604883,-5.0985,-7.3198,-0.7372,-22.6100,-1.1900,-3.4300,-0.7731,-0.0407,-0.1173,0
604922,-5.6945,-7.3844,-0.7157,-34.4400,6.0200,-2.7300,-1.1777,0.2059,-0.0934,0
604961,-6.3934,-8.2987,-1.0508,-15.4000,2.5200,-12.8800,-0.5266,0.0862,-0.4404,0
605000,-6.7572,-7.8799,-1.2255,-6.0900,-8.1900,-15.4000,-0.2082,-0.2801,-0.5266,0
605039,-6.2187,-8.4711,0.0215,-3.2900,-7.6300,-9.6600,-0.1125,-0.2609,-0.3303,0
605078,-5.9051,-7.9493,-0.7995,-8.8900,-18.9000,-16.6600,-0.3040,-0.6463,-0.5697,0
605117,-5.7017,-8.1240,-0.8976,-5.6700,-25.4100,-22.8200,-0.1939,-0.8689,-0.7803,0
605156,-5.7136,-8.0833,-1.1394,-2.3800,-32.2000,-21.2100,-0.0814,-1.1011,-0.7253,0
605195,-4.7370,-8.1456,-1.2830,2.1700,-29.8900,-18.9000,0.0742,-1.0221,-0.6463,0
605234,-4.6963,-8.1839,-0.8713,-4.9000,-19.9500,-5.6700,-0.1676,-0.6822,-0.1939,0
605273,-4.5790,-8.2628,-0.5745,-5.8800,-16.5200,-5.8800,-0.2011,-0.5649,-0.2011,0
605312,-5.3809,-9.0336,-0.9934,-15.4000,-14.6300,4.9700,-0.5266,-0.5003,0.1699,0
605351,-6.2426,-7.7650,-1.3380,-13.7200,-28.1400,-29.4700,-0.4692,-0.9622,-1.0077,0
605390,-5.0362,-9.1054,-1.0700,-27.1600,-24.3600,-8.5400,-0.9287,-0.8330,-0.2920,0
605429,-4.9740,-8.1839,-1.1944,-23.8700,-28.4900,-11.9700,-0.8162,-0.9742,-0.4093,0
605468,-5.7591,-7.1522,-1.0987,-46.4800,-31.4300,-12.5300,-1.5894,-1.0747,-0.4285,0
605507,-6.0415,-7.2767,-1.4242,-52.5700,-37.9400,-7.4200,-1.7976,-1.2974,-0.2537,0
605546,-6.3527,-7.3748,-1.6157,-50.5400,-45.1500,-3.9900,-1.7282,-1.5439,-0.1364,0
605585,-6.3743,-7.1785,-2.2883,-46.9000,-58.4500,-8.6800,-1.6037,-1.9987,-0.2968,0
605624,-5.9195,-7.4610,-2.1543,-39.6900,-54.0400,-10.7800,-1.3572,-1.8479,-0.3686,0
605663,-5.9721,-7.6261,-2.2045,-38.2900,-54.6000,-9.0300,-1.3093,-1.8670,-0.3088,0
605702,-6.1995,-7.5328,-2.2644,-35.2100,-61.7400,-12.1100,-1.2040,-2.1112,-0.4141,0
605741,-5.5628,-7.7721,-2.2500,-37.7300,-64.8200,-12.7400,-1.2902,-2.2165,-0.4356,0
605780,-4.8735,-8.3993,-2.6569,-33.0400,-66.7800,-11.1300,-1.1298,-2.2835,-0.3806,0
605819,-4.9046,-8.1264,-2.7934,-15.9600,-69.7900,-11.4800,-0.5457,-2.3865,-0.3926,0
605858,-5.2852,-8.0067,-2.0513,-15.4000,-69.7200,-6.2300,-0.5266,-2.3841,-0.2130,0
605897,-5.3474,-8.0115,-2.0442,-22.0500,-69.0900,-4.6200,-0.7540,-2.3625,-0.1580,0
605936,-5.5796,-8.2006,-1.9173,-25.6200,-75.0400,-5.2500,-0.8761,-2.5660,-0.1795,0
605975,-5.6729,-8.0354,-2.2333,-20.1600,-85.1900,-12.1100,-0.6894,-2.9131,-0.4141,0
606014,-5.2349,-7.7841,-2.3218,-12.3200,-86.8000,-12.6700,-0.4213,-2.9681,-0.4332,0
606053,-4.9524,-7.7362,-2.5157,-16.7300,-81.2700,-10.5700,-0.5721,-2.7790,-0.3614,0
606092,-5.2277,-7.7817,-2.7982,-18.0600,-73.7800,-8.6800,-0.6176,-2.5229,-0.2968,0
606131,-4.9333,-6.9033,-2.4894,-18.5500,-65.7300,-0.9100,-0.6343,-2.2476,-0.0311,0
606170,-3.8633,-7.4059,-0.2968,-38.4300,-35.4900,19.3200,-1.3141,-1.2136,0.6606,0
606209,-5.3689,-10.3860,-0.8928,-82.9500,-4.2000,35.5600,-2.8365,-0.1436,1.2160,0
606248,-6.0009,-9.1916,-2.9609,-64.9600,-29.6800,26.0400,-2.2213,-1.0149,0.8904,0
606287,-6.5011,-8.6674,0.1676,-32.9700,-34.3000,33.6000,-1.1274,-1.1729,1.1489,0
606326,-5.9554,-6.5610,1.4314,-41.6500,-27.7900,34.7900,-1.4242,-0.9503,1.1896,0
606365,-7.2360,-7.4418,1.0293,-37.0300,-32.8300,37.1700,-1.2662,-1.1226,1.2710,0
606404,-7.1881,-6.8314,-0.2872,-37.4500,-56.7000,21.4200,-1.2806,-1.9388,0.7325,0
606443,-6.0990,-6.2642,-0.3950,-50.6800,-68.4600,0.5600,-1.7330,-2.3410,0.0191,0
606482,-6.9846,-6.7046,-1.2614,-61.6000,-65.3100,-0.2800,-2.1064,-2.2333,-0.0096,0
606521,-6.3384,-6.7285,-1.3141,-62.4400,-63.1400,5.3200,-2.1351,-2.1591,0.1819,0
606560,-5.7663,-6.5921,-1.5798,-58.3800,-52.4300,7.5600,-1.9963,-1.7928,0.2585,0
606599,-5.6586,-7.4227,-1.5702,-56.7000,-34.6500,14.8400,-1.9388,-1.1849,0.5075,0
606638,-6.1947,-7.0205,-1.3452,-59.1500,-25.6900,17.6400,-2.0226,-0.8785,0.6032,0
606677,-7.4490,-6.6328,-1.3309,-63.9100,-22.8200,0.9100,-2.1854,-0.7803,0.0311,0
606716,-7.9756,-6.0631,-1.8048,-51.0300,-24.7100,7.3500,-1.7450,-0.8450,0.2513,0
606755,-7.5280,-5.7471,-1.8287,-47.0400,-28.0700,-0.7000,-1.6085,-0.9598,-0.0239,0
606794,-7.3126,-5.6251,-2.0346,-50.6800,-25.7600,-2.0300,-1.7330,-0.8809,-0.0694,0
606833,-7.9445,-5.5963,-2.3123,-53.8300,-29.5400,-3.2200,-1.8407,-1.0101,-0.1101,0
606872,-7.6405,-5.0362,-2.2500,-52.5000,-32.5500,-5.1800,-1.7952,-1.1130,-0.1771,0
606911,-7.4107,-5.3570,-2.2261,-61.1100,-27.8600,0.1400,-2.0896,-0.9527,0.0048,0
606950,-7.5376,-5.1272,-2.1806,-65.4500,-29.3300,-1.6100,-2.2381,-1.0029,-0.0551,0
606989,-8.3131,-5.2062,-2.2572,-74.8300,-38.2900,-9.9400,-2.5588,-1.3093,-0.3399,0
607028,-8.4663,-5.1511,-2.5325,-73.6400,-35.9100,-22.1200,-2.5181,-1.2279,-0.7564,0
607067,-7.6836,-6.1995,-2.2189,-57.4000,-22.4000,-27.0900,-1.9628,-0.7660,-0.9263,0
607106,-7.7386,-6.5346,-2.1782,-47.7400,-22.9600,-28.2100,-1.6325,-0.7851,-0.9646,0
607145,-8.1575,-7.7027,-3.8753,-9.1700,-23.5200,-16.8000,-0.3136,-0.8043,-0.5745,0
607184,-8.1360,-6.1540,-3.5905,-15.4000,-11.9000,-8.5400,-0.5266,-0.4069,-0.2920,0
607223,-8.2628,-8.1288,-3.0758,13.0900,-24.1500,-22.7500,0.4476,-0.8258,-0.7779,0
607262,-6.4939,-7.2384,-2.5564,22.1900,-40.0400,-42.8400,0.7588,-1.3692,-1.4649,0
607301,-5.3354,-5.8620,-2.8197,6.5100,-34.3700,-48.0900,0.2226,-1.1753,-1.6444,0
607340,-6.3575,-6.0200,-2.1447,-4.2700,-25.0600,-47.1800,-0.1460,-0.8569,-1.6133,0
607379,-6.8578,-6.2833,-1.8862,-22.5400,-43.8900,-41.9300,-0.7708,-1.5008,-1.4338,0
607418,-4.9477,-6.1014,-2.2835,-28.6300,-61.3200,-37.2400,-0.9790,-2.0968,-1.2734,0
607457,-4.0405,-8.0402,-3.2410,-35.2800,-62.5800,-17.7800,-1.2064,-2.1399,-0.6080,0
607496,-3.8250,-8.2724,-3.7030,-24.7100,-47.8800,-24.1500,-0.8450,-1.6372,-0.8258,0
607535,-4.7274,-7.6525,-3.1069,-26.7400,-23.5200,-20.5100,-0.9144,-0.8043,-0.7013,0
607574,-5.6873,-7.6764,-2.5325,-28.9100,-16.4500,-15.7500,-0.9886,-0.5625,-0.5386,0
607613,-6.3838,-7.2408,-2.0681,-29.0500,-27.5800,-21.0000,-0.9934,-0.9431,-0.7181,0
607652,-6.6735,-7.1354,-2.4583,-36.9600,-40.3200,-24.8500,-1.2638,-1.3787,-0.8497,0
607691,-6.2259,-7.1977,-3.6072,-34.4400,-47.7400,-31.7100,-1.1777,-1.6325,-1.0843,0
607730,-5.5293,-7.4682,-3.4660,-22.3300,-42.4900,-32.5500,-0.7636,-1.4529,-1.1130,0
607769,-5.2445,-7.5184,-1.8048,-9.3100,-28.7000,-30.8700,-0.3184,-0.9814,-1.0556,0
607808,-5.6107,-7.6070,-2.2596,3.0800,-26.4600,-30.2400,0.1053,-0.9048,-1.0341,0
607847,-5.6035,-7.5519,-1.8527,12.9500,-21.2100,-23.9400,0.4428,-0.7253,-0.8186,0
607886,-5.8620,-7.8990,-1.2495,-1.1900,-15.0500,-15.4700,-0.0407,-0.5146,-0.5290,0
607925,-5.7615,-7.8990,-1.7833,1.9600,-20.8600,-22.2600,0.0670,-0.7133,-0.7612,0
607964,-5.4360,-7.3126,-2.0011,-0.1400,-33.9500,-27.5100,-0.0048,-1.1609,-0.9407,0
608003,-5.3306,-8.0977,-1.3979,-12.3900,-31.1500,-18.7600,-0.4237,-1.0652,-0.6415,0
608042,-4.7777,-8.9474,-1.9987,-18.2000,-41.8600,-27.1600,-0.6223,-1.4314,-0.9287,0
608081,-4.4187,-8.6051,-1.8551,-19.8800,-42.3500,-33.3900,-0.6798,-1.4482,-1.1418,0
608120,-4.4881,-8.4017,-1.6516,-23.3800,-37.3100,-27.3700,-0.7995,-1.2758,-0.9359,0
608159,-4.8447,-8.3945,-1.7880,-18.5500,-36.1200,-23.1700,-0.6343,-1.2351,-0.7923,0
608198,-4.9955,-7.9493,-1.7474,-22.6100,-36.6800,-20.0900,-0.7731,-1.2543,-0.6870,0
608237,-4.5742,-8.1862,-2.4798,-23.3100,-43.4700,-18.2000,-0.7971,-1.4865,-0.6223,0
608276,-3.8274,-8.3203,-2.9944,-22.6100,-45.9200,-16.1700,-0.7731,-1.5702,-0.5529,0
608315,-3.4277,-9.1868,-2.8484,-23.4500,-38.8500,-8.8900,-0.8019,-1.3285,-0.3040,0
608354,-3.4564,-9.3496,-3.0495,-19.1800,-33.1100,-6.8600,-0.6559,-1.1322,-0.2346,0
608393,-3.6647,-8.8014,-2.5157,-15.0500,-21.6300,-8.6800,-0.5146,-0.7396,-0.2968,0
608432,-4.2990,-9.0336,-2.3793,-12.4600,-10.7800,-7.3500,-0.4261,-0.3686,-0.2513,0
608471,-4.2535,-8.6985,-1.9412,-4.4100,-8.9600,-7.1400,-0.1508,-0.3064,-0.2442,0
608510,-4.1482,-7.9397,-1.6684,1.9600,-13.9300,-10.3600,0.0670,-0.4763,-0.3543,0
608549,-4.3062,-7.5160,-1.6851,5.1800,-16.9400,-4.5500,0.1771,-0.5793,-0.1556,0
608588,-4.6197,-8.6339,-1.5439,17.7100,-14.2100,3.2200,0.6056,-0.4859,0.1101,0
608627,-4.4833,-8.8086,-2.1639,31.7800,-22.5400,-6.1600,1.0867,-0.7708,-0.2106,0
608666,-4.4306,-8.3299,-1.9365,30.7300,-22.8900,-4.9000,1.0508,-0.7827,-0.1676,0
608705,-4.6891,-9.0073,-2.0298,35.2100,-23.4500,1.3300,1.2040,-0.8019,0.0455,0
608744,-4.2248,-9.1485,-2.2764,48.7200,-14.2800,-4.0600,1.6660,-0.4883,-0.1388,0
608783,-4.5240,-8.5644,-2.7383,40.2500,-17.6400,-1.4000,1.3763,-0.6032,-0.0479,0
608822,-5.1631,-8.1432,-2.8269,30.4500,-13.9300,5.6700,1.0412,-0.4763,0.1939,0
608861,-5.5891,-8.2796,-2.1136,33.2500,-9.5200,12.0400,1.1370,-0.3255,0.4117,0
608900,-4.3588,-7.0110,-0.8091,-5.4600,6.7200,38.4300,-0.1867,0.2298,1.3141,0
608939,-6.3120,-11.4201,-0.9886,-73.5700,26.5300,58.2400,-2.5157,0.9072,1.9915,0
608978,-5.1391,-8.2389,-2.0083,-47.9500,0.9100,23.8700,-1.6396,0.0311,0.8162,0
609017,-3.7437,-6.6878,2.1710,-56.6300,-8.1900,46.4800,-1.9365,-0.2801,1.5894,0
609056,-4.7945,-6.7668,3.0303,-113.1200,-0.9100,82.6000,-3.8681,-0.0311,2.8245,0
609095,-7.3437,-9.7469,0.9814,-82.9500,5.8100,56.9100,-2.8365,0.1987,1.9460,0
609134,-8.6434,-9.3543,-1.3835,-43.5400,-34.4400,20.6500,-1.4888,-1.1777,0.7061,0
609173,-7.1594,-6.2498,-0.9431,-31.1500,-64.0500,-9.6600,-1.0652,-2.1902,-0.3303,0
609212,-7.3269,-6.0966,-0.6295,-19.6000,-40.3200,11.8300,-0.6702,-1.3787,0.4045,0
609251,-5.3881,-5.9673,-1.9532,-1.4700,-27.5800,17.5000,-0.0503,-0.9431,0.5984,0
609290,-6.3192,-5.1511,-1.9388,-30.8700,-31.2200,14.1400,-1.0556,-1.0676,0.4835,0
609329,-7.2791,-4.5766,-1.3213,-33.7400,-29.4700,-1.8200,-1.1537,-1.0077,-0.0622,0
609368,-7.3628,-4.7514,-1.6636,-41.4400,-36.9600,-20.8600,-1.4170,-1.2638,-0.7133,0
609407,-7.3604,-5.1224,-2.1591,-61.2500,-48.6500,-32.5500,-2.0944,-1.6636,-1.1130,0
609446,-7.0397,-6.2570,-2.2045,-63.8400,-48.9300,-43.9600,-2.1830,-1.6732,-1.5032,0
609485,-6.7213,-7.5017,-2.3817,-73.7800,-38.5700,-15.4000,-2.5229,-1.3189,-0.5266,0
609524,-6.9751,-5.9841,-2.9322,-64.3300,-21.0000,12.6700,-2.1998,-0.7181,0.4332,0
609563,-8.5285,-4.5886,-2.2045,-68.1800,-2.8700,36.8200,-2.3314,-0.0981,1.2591,0
609602,-12.4062,-10.1179,-4.0835,-70.7700,6.3700,58.7300,-2.4200,0.2178,2.0083,0
609641,-8.4280,-10.2065,-5.0458,-2.5900,-61.4600,-16.2400,-0.0886,-2.1016,-0.5553,0
609680,-5.3641,-8.9642,-1.0939,10.3600,-55.6500,-27.3000,0.3543,-1.9029,-0.9335,0
609719,-4.1099,-9.7541,-0.3303,37.1000,-43.7500,-36.6100,1.2686,-1.4960,-1.2519,0
609758,-4.6867,-8.0761,-1.2543,35.7700,-55.9300,-64.8200,1.2232,-1.9125,-2.2165,0
609797,-4.3181,-7.0229,-3.4014,12.7400,-28.1400,-55.1600,0.4356,-0.9622,-1.8862,0
609836,-2.7766,-7.1354,-2.9226,18.4100,14.8400,-42.5600,0.6295,0.5075,-1.4553,0
609875,-3.5905,-6.8530,-2.7527,45.6400,41.0900,-30.1700,1.5607,1.4051,-1.0317,0
609914,-5.1008,-7.4969,-1.9101,79.0300,52.0100,-20.6500,2.7024,1.7785,-0.7061,0
609953,-7.1115,-7.4873,-0.9814,59.8500,40.6700,-24.8500,2.0466,1.3907,-0.8497,0
609992,-6.5921,-8.0259,-0.7540,26.6700,12.9500,-14.7700,0.9120,0.4428,-0.5051,0
610031,-6.6830,-6.4341,-0.6894,31.0800,2.8700,-26.9500,1.0628,0.0981,-0.9216,0
610070,-6.7333,-6.6711,-0.0622,62.5800,-11.4100,-33.6000,2.1399,-0.3902,-1.1489,0
610109,-5.6753,-8.5261,-0.7085,80.7100,-13.3000,-23.5200,2.7599,-0.4548,-0.8043,0
610148,-5.5556,-10.1921,-0.3926,67.7600,-11.8300,-22.5400,2.3170,-0.4045,-0.7708,0
610187,-4.8974,-8.5405,-0.5673,54.9500,-22.9600,-46.9700,1.8790,-0.7851,-1.6061,0
610226,-4.2750,-6.7836,-2.0346,35.9100,58.6600,21.2100,1.2279,2.0059,0.7253,0
610265,-7.0947,-10.5919,0.5457,-47.1800,87.4300,57.4000,-1.6133,2.9897,1.9628,0
610304,-4.3971,-9.3926,0.3854,-63.4200,60.6900,48.9300,-2.1686,2.0753,1.6732,0
610343,-1.1705,-6.9870,1.6588,-81.2000,34.5800,60.0600,-2.7766,1.1825,2.0537,0
610382,-5.0003,-9.6009,0.5840,-162.0500,77.0000,138.8800,-5.5413,2.6330,4.7490,0
610421,-10.0437,-11.3243,-1.5104,-97.2300,27.4400,79.1000,-3.3248,0.9383,2.7048,0
610460,-6.8721,-7.3437,-0.7827,-4.9000,7.5600,20.3000,-0.1676,0.2585,0.6942,0
610499,-6.5490,-6.1373,-0.4285,18.8300,-7.8400,8.8900,0.6439,-0.2681,0.3040,0
610538,-6.4269,-5.2708,-1.0005,8.7500,-25.8300,16.1000,0.2992,-0.8833,0.5505,0
610577,-6.0463,-4.6054,-1.0221,-1.1200,-15.7500,6.7200,-0.0383,-0.5386,0.2298,0
610616,-6.0344,-4.4306,-1.7234,-13.2300,-12.5300,-9.1000,-0.4524,-0.4285,-0.3112,0
610655,-6.2043,-4.2080,-1.7186,-19.1100,-7.2100,-25.3400,-0.6535,-0.2465,-0.8665,0
610694,-8.1647,-6.8745,-1.3883,-25.2700,17.9200,-23.3800,-0.8641,0.6128,-0.7995,0
610733,-7.3030,-8.0019,-1.2734,-26.1800,15.8900,6.4400,-0.8952,0.5434,0.2202,0
610772,-7.7650,-2.9561,-2.9298,-55.0200,-3.5700,23.6600,-1.8814,-0.1221,0.8091,0
610811,-12.1669,-9.8307,-0.4907,-52.9900,13.2300,45.2200,-1.8120,0.4524,1.5463,0
610850,-8.9139,-9.9504,-5.2684,4.2700,-29.8200,24.7100,0.1460,-1.0197,0.8450,0
610889,-6.3503,-9.0982,-0.1436,15.6800,-24.5000,2.3800,0.5362,-0.8378,0.0814,0
610928,-5.7376,-9.8977,-1.3500,39.2000,-38.9200,-57.2600,1.3404,-1.3309,-1.9580,0
610967,-5.5365,-7.9469,-0.8450,27.3700,-61.8100,-74.9000,0.9359,-2.1136,-2.5612,0
611006,-3.9830,-5.5724,-2.1064,9.8000,-63.0000,-70.2100,0.3351,-2.1543,-2.4008,0
611045,-3.3439,-6.4892,-2.8173,-7.5600,-20.6500,-48.4400,-0.2585,-0.7061,-1.6564,0
611084,-3.1955,-6.9176,-2.8939,4.8300,0.2100,-34.0200,0.1652,0.0072,-1.1633,0
611123,-3.8370,-7.0086,-2.9921,45.6400,31.3600,-13.3000,1.5607,1.0724,-0.4548,0
611162,-6.6471,-7.6405,-1.5008,62.7900,26.8100,-27.7200,2.1471,0.9168,-0.9479,0
611201,-6.4748,-7.3485,-0.7037,51.1000,4.8300,-39.1300,1.7474,0.1652,-1.3380,0
611240,-5.2181,-8.3490,-1.3021,63.1400,-19.7400,-49.7000,2.1591,-0.6750,-1.6995,0
611279,-4.9548,-7.7937,-1.1226,71.5400,-26.3200,-58.5200,2.4463,-0.9000,-2.0011,0
611318,-4.8375,-7.9373,0.2465,66.2900,-6.8600,-24.9900,2.2668,-0.2346,-0.8545,0
611357,-5.5030,-9.8786,-0.0359,47.3900,18.9000,-10.4300,1.6205,0.6463,-0.3567,0
611396,-5.9362,-8.8421,-1.2543,50.3300,17.2200,-33.1800,1.7210,0.5888,-1.1346,0
611435,-4.3229,-7.1953,-2.1710,45.0800,53.7600,-6.9300,1.5415,1.8383,-0.2370,0
611474,-5.8213,-9.9240,2.9585,-5.8100,117.8100,65.8700,-0.1987,4.0285,2.2524,0
611513,-6.5107,-11.3076,1.3021,-69.5800,98.9800,60.8300,-2.3793,3.3846,2.0801,0
611552,-2.9514,-7.4873,0.0766,-55.1600,27.5800,44.7300,-1.8862,0.9431,1.5295,0
611591,-5.7352,-8.7679,-0.2705,-100.4500,43.7500,95.1300,-3.4349,1.4960,3.2530,0
611630,-8.5501,-10.8815,-0.7037,-59.7800,38.7100,86.7300,-2.0442,1.3237,2.9657,0
611669,-6.3958,-7.0110,-0.5936,22.6100,26.7400,23.3800,0.7731,0.9144,0.7995,0
611708,-5.8979,-5.6873,-0.6774,26.9500,3.6400,17.3600,0.9216,0.1245,0.5936,0
611747,-6.2450,-5.4719,-0.8282,1.2600,-4.2700,29.1900,0.0431,-0.1460,0.9981,0
611786,-6.2330,-4.7801,-1.2806,-2.5200,-4.7600,14.7700,-0.0862,-0.1628,0.5051,0
611825,-5.7232,-4.7729,-1.2638,-8.1900,6.0900,5.4600,-0.2801,0.2082,0.1867,0
611864,-6.7788,-4.9381,-1.5654,-16.4500,11.0600,-13.3700,-0.5625,0.3782,-0.4572,0
611903,-8.0067,-5.1631,-2.1758,-29.8900,11.5500,-20.4400,-1.0221,0.3950,-0.6989,0
611942,-7.8487,-7.3963,-1.3859,-24.3600,19.8800,-9.0300,-0.8330,0.6798,-0.3088,0
611981,-8.1982,-7.2288,-2.3697,-22.6800,21.5600,16.5900,-0.7755,0.7372,0.5673,0
612020,-9.5650,-4.9572,-0.1221,-14.7000,24.8500,16.8000,-0.5027,0.8497,0.5745,0
612059,-12.6001,-14.1680,-8.3203,-14.4900,-14.8400,63.3500,-0.4955,-0.5075,2.1662,0
612098,-4.7298,-7.4538,-3.0208,39.2700,-50.1200,-25.6900,1.3428,-1.7138,-0.8785,0
612137,-5.0314,-9.2921,-1.8216,35.0700,-20.0900,-18.6200,1.1992,-0.6870,-0.6367,0
612176,-4.3516,-7.8559,-0.7803,50.1200,-18.9000,-55.8600,1.7138,-0.6463,-1.9101,0
612215,-5.0266,-6.7189,-1.5128,22.0500,-47.9500,-59.7800,0.7540,-1.6396,-2.0442,0
612254,-4.4402,-6.5251,-2.6210,0.4200,-36.0500,-42.8400,0.0144,-1.2327,-1.4649,0
612293,-4.8519,-7.2695,-2.8795,-18.0600,-16.8700,-43.4000,-0.6176,-0.5769,-1.4841,0
612332,-4.1601,-7.4921,-2.8436,-11.9000,-11.0600,-24.0800,-0.4069,-0.3782,-0.8234,0
612371,-5.2110,-7.5304,-1.9125,15.8200,-3.2200,-16.3800,0.5410,-0.1101,-0.5601,0
612410,-6.5586,-7.5519,-1.4960,30.6600,-8.6800,-19.2500,1.0484,-0.2968,-0.6583,0
612449,-6.4030,-6.6519,-1.2782,39.0600,-37.4500,-42.1400,1.3357,-1.2806,-1.4410,0
612488,-6.1158,-8.3083,-1.6420,60.9700,-56.3500,-44.1000,2.0849,-1.9269,-1.5080,0
612527,-4.6245,-8.9738,-0.9072,97.3700,-62.8600,-54.6000,3.3296,-2.1495,-1.8670,0
612566,-4.1530,-8.4711,-0.8904,71.6800,-41.6500,-43.6800,2.4511,-1.4242,-1.4936,0
612605,-4.6293,-8.8876,-0.5529,36.6100,-20.3000,-6.7200,1.2519,-0.6942,-0.2298,0
612644,-5.2014,-8.4998,-2.8293,39.4800,-12.8100,1.1200,1.3500,-0.4380,0.0383,0
612683,-5.0625,-8.1599,1.2662,14.4200,46.7600,36.7500,0.4931,1.5990,1.2567,0
612722,-5.7088,-9.9504,0.5362,-76.5100,58.4500,65.4500,-2.6162,1.9987,2.2381,0
612761,-3.1524,-8.3107,0.4309,-97.0200,16.4500,39.1300,-3.3176,0.5625,1.3380,0
612800,-1.7162,-5.7639,0.2346,-131.1100,2.3100,59.8500,-4.4833,0.0790,2.0466,0
612839,-7.1809,-11.9491,0.2920,-178.2900,50.7500,136.5000,-6.0966,1.7354,4.6676,0
612878,-8.9857,-9.7541,-0.7109,-79.6600,-10.8500,18.4100,-2.7240,-0.3710,0.6295,0
612917,-7.4610,-6.5921,-0.1221,-40.7400,-58.5200,-4.8300,-1.3931,-2.0011,-0.1652,0
612956,-7.4921,-5.6251,-1.2351,-49.4900,-79.7300,-12.3900,-1.6923,-2.7264,-0.4237,0
612995,-6.5418,-5.0913,-1.8814,-63.7700,-83.8600,-7.5600,-2.1806,-2.8676,-0.2585,0
613034,-5.3929,-5.2421,-2.6043,-62.2300,-76.7900,-12.8800,-2.1279,-2.6258,-0.4404,0
613073,-4.7753,-5.7854,-2.5516,-57.4000,-52.9200,-15.9600,-1.9628,-1.8096,-0.5457,0
613112,-5.3689,-5.4599,-3.1811,-59.8500,-35.4200,-20.7900,-2.0466,-1.2112,-0.7109,0
613151,-6.5586,-6.8147,-2.8628,-53.9700,-14.0000,-21.2100,-1.8455,-0.4787,-0.7253,0
613190,-7.2838,-8.0522,-2.8484,-50.2600,-6.8600,2.9400,-1.7186,-0.2346,0.1005,0
613229,-7.6453,-6.1828,-3.0543,-62.5100,-13.3000,9.8700,-2.1375,-0.4548,0.3375,0
613268,-9.2873,-4.9213,-3.6695,-78.1900,-15.0500,7.4200,-2.6737,-0.5146,0.2537,0
613307,-9.3304,-4.3564,-3.6264,-67.1300,-17.9900,-14.0700,-2.2955,-0.6152,-0.4811,0
613346,-9.0360,-11.8988,-8.7152,-61.6000,-79.3100,-13.1600,-2.1064,-2.7120,-0.4500,0
613385,-4.6437,-8.8230,-4.3708,-1.4700,-81.8300,-32.9000,-0.0503,-2.7982,-1.1250,0
613424,-3.5210,-9.2442,-0.0814,6.1600,-50.3300,-12.8800,0.2106,-1.7210,-0.4404,0
613463,-4.2080,-8.5166,-0.9096,-3.1500,-50.4000,-44.1000,-0.1077,-1.7234,-1.5080,0
613502,-6.0535,-7.3652,-3.3080,5.3900,-73.1500,-79.6600,0.1843,-2.5014,-2.7240,0
613541,-4.0189,-6.6591,-4.0716,-23.0300,-43.2600,-61.5300,-0.7875,-1.4793,-2.1040,0
613580,-4.3229,-6.3192,-3.1189,-17.4300,-32.3400,-55.3000,-0.5960,-1.1059,-1.8910,0
613619,-4.3660,-6.7046,-2.0585,-18.8300,-25.6900,-30.3100,-0.6439,-0.8785,-1.0364,0
613658,-5.0147,-7.4394,-1.9006,5.1100,-25.0600,-17.0800,0.1747,-0.8569,-0.5840,0
613697,-5.9123,-7.4562,-2.6522,6.5800,-21.9100,-19.0400,0.2250,-0.7492,-0.6511,0
613736,-6.0176,-7.1690,-2.0944,18.1300,-33.4600,-41.7200,0.6200,-1.1442,-1.4266,0
613775,-5.9769,-8.0570,-1.4146,55.3000,-59.4300,-57.7500,1.8910,-2.0322,-1.9748,0
613814,-4.3684,-8.8110,-1.3069,113.4700,-54.4600,-66.5700,3.8801,-1.8623,-2.2764,0
613853,-4.0022,-8.6434,-1.8144,58.9400,-30.8700,-20.6500,2.0154,-1.0556,-0.7061,0
613892,-5.6969,-9.5075,-1.0628,29.6800,-25.4800,-7.5600,1.0149,-0.8713,-0.2585,0
613931,-6.8003,-9.1030,-0.7516,42.7000,-21.0700,-11.9000,1.4601,-0.7205,-0.4069,0
613970,-4.9189,-8.5477,-2.2261,42.7000,-8.7500,-22.5400,1.4601,-0.2992,-0.7708,0
614009,-4.2032,-9.2107,1.4122,-2.1000,29.2600,10.0800,-0.0718,1.0005,0.3447,0
614048,-5.8261,-9.8762,0.0120,-64.9600,24.7800,35.7000,-2.2213,0.8473,1.2208,0
614087,-2.9561,-8.4735,0.4524,-58.4500,8.3300,30.8000,-1.9987,0.2848,1.0532,0
614126,-0.5122,-6.4748,0.9383,-72.4500,-3.9200,49.9800,-2.4774,-0.1340,1.7091,0
614165,-1.5152,-6.5107,0.6750,-135.6600,44.2400,108.2200,-4.6389,1.5128,3.7006,0
614204,-8.3370,-12.0328,0.2657,-141.9600,54.2500,74.2000,-4.8543,1.8551,2.5373,0
614243,-7.8918,-7.2192,-0.4979,-27.2300,-18.2000,2.1000,-0.9311,-0.6223,0.0718,0
614282,-7.2527,-6.7764,-0.9646,-21.5600,-51.3800,0.0000,-0.7372,-1.7569,0.0000,0
614321,-6.2905,-5.8548,-1.9556,-17.1500,-60.6200,-7.9800,-0.5864,-2.0729,-0.2729,0
614360,-5.5963,-5.3306,-1.8144,-33.6700,-48.9300,-2.8700,-1.1513,-1.6732,-0.0981,0
614399,-5.9386,-5.0386,-2.0992,-42.8400,-41.7200,-11.1300,-1.4649,-1.4266,-0.3806,0
614438,-6.2139,-4.9094,-2.1639,-45.3600,-35.8400,-25.6900,-1.5511,-1.2255,-0.8785,0
614477,-7.4346,-5.5580,-2.1758,-44.2400,-30.1000,-30.6600,-1.5128,-1.0293,-1.0484,0
614516,-6.3503,-7.4897,-1.2830,-36.4000,-13.0900,-7.5600,-1.2447,-0.4476,-0.2585,0
614555,-6.4509,-5.9434,-3.1572,-63.8400,-29.0500,18.2000,-2.1830,-0.9934,0.6223,0
614594,-6.1517,-3.6192,-3.8059,-85.1200,-14.1400,27.3000,-2.9107,-0.4835,0.9335,0
614633,-12.4015,-14.1201,-7.8559,-56.2800,-8.7500,60.7600,-1.9245,-0.2992,2.0777,0
614672,-6.2283,-8.4017,-1.7378,-7.7700,-3.0800,16.1000,-0.2657,-0.1053,0.5505,0
614711,-5.6657,-9.4094,-2.4607,0.5600,0.6300,-16.3800,0.0191,0.0215,-0.5601,0
614750,-5.7447,-8.3370,-1.4410,22.2600,-23.2400,-59.7800,0.7612,-0.7947,-2.0442,0
614789,-4.6628,-6.2450,-1.7378,35.4900,-56.2800,-81.2700,1.2136,-1.9245,-2.7790,0
614828,-3.7173,-5.7495,-2.6234,5.2500,-63.9800,-58.3100,0.1795,-2.1878,-1.9939,0
614867,-4.3205,-6.6064,-3.7604,-21.9800,-41.9300,-32.6900,-0.7516,-1.4338,-1.1178,0
614906,-4.7777,-7.4394,-3.2027,-13.2300,-19.0400,-21.2800,-0.4524,-0.6511,-0.7277,0
614945,-5.9721,-7.4227,-2.9226,35.9100,-17.9200,-38.9200,1.2279,-0.6128,-1.3309,0
614984,-6.2330,-7.5735,-1.9867,19.1100,-21.0700,-19.6000,0.6535,-0.7205,-0.6702,0
615023,-6.6687,-7.1043,-1.7330,11.9700,-40.1800,-36.8200,0.4093,-1.3739,-1.2591,0
615062,-6.5945,-7.0158,-1.9700,7.2800,-62.0900,-42.2100,0.2489,-2.1232,-1.4434,0
615101,-6.0320,-7.0277,-1.6372,29.8900,-68.0400,-32.6200,1.0221,-2.3266,-1.1154,0
615140,-4.8064,-8.7176,-2.3769,33.9500,-78.9600,-32.5500,1.1609,-2.7000,-1.1130,0
615179,-4.9117,-9.6248,-3.1165,15.1900,-74.8300,-31.8500,0.5194,-2.5588,-1.0891,0
615218,-4.0524,-8.2054,-3.4277,17.7800,-56.4900,-24.5700,0.6080,-1.9317,-0.8402,0
615257,-4.2296,-10.3333,-1.5535,-18.8300,34.3000,57.0500,-0.6439,1.1729,1.9508,0
615296,-5.8740,-10.7139,0.0718,-96.0400,42.4900,74.6200,-3.2841,1.4529,2.5516,0
615335,-4.6221,-9.2969,-0.0383,-92.4000,15.0500,45.0100,-3.1596,0.5146,1.5391,0
615374,-2.3458,-6.0344,1.9101,-94.9900,-16.8700,34.5800,-3.2482,-0.5769,1.1825,0
615413,-3.6599,-7.9780,1.3452,-148.8200,22.4700,74.6200,-5.0889,0.7684,2.5516,0
615452,-9.2658,-12.2171,-2.2835,-105.7000,-10.9200,57.8200,-3.6144,-0.3734,1.9771,0
615491,-7.0876,-8.0953,-1.6803,-31.6400,-30.2400,2.0300,-1.0819,-1.0341,0.0694,0
615530,-6.5466,-5.9961,-1.4146,-6.2300,-36.3300,-12.5300,-0.2130,-1.2423,-0.4285,0
615569,-6.1876,-5.6849,-2.7527,-23.4500,-31.8500,-17.9900,-0.8019,-1.0891,-0.6152,0
615608,-5.9410,-4.8471,-3.1859,-41.3000,-36.3300,-22.1900,-1.4122,-1.2423,-0.7588,0
615647,-6.5610,-4.6844,-2.2524,-39.3400,-39.4100,-31.7100,-1.3452,-1.3476,-1.0843,0
615686,-7.8176,-4.1554,-2.3290,-44.6600,-48.0900,-36.9600,-1.5271,-1.6444,-1.2638,0
615725,-5.7136,-6.2713,-2.2692,-52.2900,-42.1400,-20.7200,-1.7880,-1.4410,-0.7085,0
615764,-6.4030,-10.7355,-3.0926,-77.5600,-44.2400,7.8400,-2.6522,-1.5128,0.2681,0
615803,-6.1205,-8.2006,-3.7269,-68.8800,-54.3200,7.3500,-2.3553,-1.8575,0.2513,0
615842,-7.4370,-9.2849,-1.8048,-46.8300,-15.1900,23.1700,-1.6013,-0.5194,0.7923,0
615881,-5.9075,-8.6339,-2.3506,-17.7100,-17.3600,-25.9700,-0.6056,-0.5936,-0.8880,0
615920,-4.4282,-9.1748,-2.7192,-13.0900,-29.8200,-49.2800,-0.4476,-1.0197,-1.6851,0
615959,-3.8442,-8.1288,-4.0907,-0.4900,-35.6300,-50.1200,-0.0168,-1.2184,-1.7138,0
615998,-3.6647,-6.6998,-4.2559,7.7000,10.1500,-9.1700,0.2633,0.3471,-0.3136,0
616037,-4.4402,-7.4418,-3.8945,-0.0700,32.2700,7.7700,-0.0024,1.1035,0.2657,0
616076,-5.3618,-7.9062,-3.5976,4.7600,27.6500,-1.6800,0.1628,0.9455,-0.0574,0
616115,-5.2588,-7.0134,-3.5210,3.5000,21.0700,-2.8700,0.1197,0.7205,-0.0981,0
616154,-5.8070,-7.3078,-3.2147,1.8900,18.4800,1.8200,0.0646,0.6319,0.0622,0
616193,-5.6274,-7.7817,-2.4559,8.0500,7.2100,-1.8200,0.2753,0.2465,-0.0622,0
616232,-5.3258,-7.6285,-3.0160,6.5800,1.6100,-1.6800,0.2250,0.0551,-0.0574,0
616271,-5.3067,-8.0977,-3.1740,7.0000,5.4600,1.2600,0.2394,0.1867,0.0431,0
616310,-5.1822,-7.9541,-3.1524,13.9300,5.4600,-4.6900,0.4763,0.1867,-0.1604,0
616349,-5.0889,-7.9876,-2.7670,17.9200,7.2800,-6.0200,0.6128,0.2489,-0.2059,0
616388,-5.3354,-7.3940,-2.8556,14.8400,8.1900,-5.6700,0.5075,0.2801,-0.1939,0
616427,-5.7471,-7.3963,-2.5037,-17.9200,3.9200,0.8400,-0.6128,0.1340,0.0287,0
616466,-5.5532,-7.1953,-3.0974,2.5900,-4.7600,-9.5200,0.0886,-0.1628,-0.3255,0
616505,-5.4455,-7.3604,-3.4229,0.7700,-7.9100,-12.1800,0.0263,-0.2705,-0.4165,0
616544,-5.4479,-7.1546,-3.2625,-7.2100,-4.8300,-3.0800,-0.2465,-0.1652,-0.1053,0
616583,-5.4814,-7.1570,-3.4540,-4.2700,-4.7600,1.1900,-0.1460,-0.1628,0.0407,0
616622,-6.2115,-7.3485,-3.2625,2.8700,-9.8000,-5.1800,0.0981,-0.3351,-0.1771,0
616661,-5.8022,-7.2551,-3.1046,15.1200,-17.2200,-21.0700,0.5170,-0.5888,-0.7205,0
616700,-4.9261,-7.4921,-2.5085,21.2800,-17.2200,-29.8900,0.7277,-0.5888,-1.0221,0
616739,-5.3809,-8.5668,-2.4319,12.3200,-21.7700,-22.9600,0.4213,-0.7444,-0.7851,0
616778,-5.5437,-8.6410,-2.8748,2.9400,-26.0400,-15.6100,0.1005,-0.8904,-0.5338,0
616817,-5.5269,-7.1833,-2.8389,-4.9700,-27.4400,-16.8700,-0.1699,-0.9383,-0.5769,0
616856,-6.1756,-7.1690,-2.2045,-3.5700,-22.1200,-14.9100,-0.1221,-0.7564,-0.5098,0
616895,-5.6777,-7.7721,-3.1907,5.7400,-46.5500,-15.6100,0.1963,-1.5918,-0.5338,0
616934,-4.7729,-7.2192,-3.2889,12.8800,-51.8000,-17.8500,0.4404,-1.7713,-0.6104,0
616973,-4.8495,-7.3198,-3.2003,14.2800,-47.3200,-9.0300,0.4883,-1.6181,-0.3088,0
617012,-4.9668,-7.7171,-3.3511,18.1300,-42.0000,-4.2000,0.6200,-1.4362,-0.1436,0
617051,-5.4982,-7.4969,-3.1189,16.7300,-40.0400,-8.4000,0.5721,-1.3692,-0.2872,0
617090,-5.2181,-7.4251,-2.3147,4.9700,-36.8200,-3.9200,0.1699,-1.2591,-0.1340,0
617129,-5.2804,-8.6769,-2.0729,-23.6600,-19.1100,7.0700,-0.8091,-0.6535,0.2418,0
617168,-4.2583,-8.3442,-3.5929,-35.1400,-14.8400,2.9400,-1.2016,-0.5075,0.1005,0
617207,-5.1272,-6.8147,-2.5085,-62.7900,-21.4200,25.5500,-2.1471,-0.7325,0.8737,0
617246,-7.0182,-9.1317,-0.0814,-88.6200,-25.0600,64.6800,-3.0303,-0.8569,2.2117,0
617285,-7.4777,-7.5160,0.1843,-83.9300,-39.7600,42.2800,-2.8700,-1.3596,1.4458,0
617324,-9.0671,-6.9033,-1.2638,-47.9500,-56.7000,22.6800,-1.6396,-1.9388,0.7755,0
617363,-7.2886,-6.9583,-1.3739,-19.6700,-88.0600,-10.0100,-0.6726,-3.0112,-0.3423,0
617402,-6.6591,-5.0338,-1.2662,-38.2200,-98.0000,-20.0900,-1.3069,-3.3511,-0.6870,0
617441,-7.0541,-6.2713,-2.2476,-51.8000,-83.7200,-6.0200,-1.7713,-2.8628,-0.2059,0
617480,-5.3641,-6.1493,-2.7335,-50.6100,-74.8300,-3.4300,-1.7306,-2.5588,-0.1173,0
617519,-4.5336,-5.3187,-2.4248,-46.1300,-62.6500,-6.5100,-1.5774,-2.1423,-0.2226,0
617558,-5.8740,-5.3546,-1.8311,-47.0400,-45.8500,-6.8600,-1.6085,-1.5678,-0.2346,0
617597,-7.6261,-5.8429,-1.6923,-51.9400,-37.5900,-17.4300,-1.7761,-1.2854,-0.5960,0
617636,-7.5304,-6.0128,-2.1184,-44.5900,-35.2800,-35.2100,-1.5247,-1.2064,-1.2040,0
617675,-7.0445,-6.9918,-2.7623,-60.2000,-28.4200,-15.4000,-2.0585,-0.9718,-0.5266,0
617714,-6.9894,-7.3365,-2.3099,-44.8000,-22.2600,2.5200,-1.5319,-0.7612,0.0862,0
617753,-8.1934,-4.7873,-2.3673,-42.6300,3.0100,23.9400,-1.4577,0.1029,0.8186,0
617792,-10.1538,-6.4317,-1.7186,-45.7800,-3.5700,14.0000,-1.5654,-0.1221,0.4787,0
617831,-7.3341,-10.9916,-6.8985,-29.8200,-43.5400,10.6400,-1.0197,-1.4888,0.3638,0
617870,-4.6461,-7.0493,-1.3261,3.7100,-29.6100,0.4900,0.1269,-1.0125,0.0168,0
617909,-6.5562,-10.7762,0.6128,15.1900,-14.9100,-8.1900,0.5194,-0.5098,-0.2801,0
617948,-5.7519,-8.1312,-1.1106,21.0700,-45.6400,-57.5400,0.7205,-1.5607,-1.9676,0
617987,-4.5671,-7.2862,-3.6599,1.8900,-58.7300,-64.5400,0.0646,-2.0083,-2.2069,0
618026,-3.0926,-8.1671,-3.1788,-1.6100,-21.1400,-46.2000,-0.0551,-0.7229,-1.5798,0
618065,-2.5660,-6.4700,-3.3248,14.9800,-0.2100,-44.0300,0.5122,-0.0072,-1.5056,0
618104,-3.9232,-7.3126,-2.9346,26.2500,33.6700,-8.1200,0.8976,1.1513,-0.2777,0
618143,-5.0793,-7.7386,-1.6349,56.2100,43.5400,-6.1600,1.9221,1.4888,-0.2106,0
618182,-6.5634,-8.2269,-1.2734,59.7100,36.9600,-24.1500,2.0418,1.2638,-0.8258,0
618221,-6.1876,-7.5112,-0.6367,76.6500,-2.8700,-60.8300,2.6210,-0.0981,-2.0801,0
618260,-4.1147,-8.3658,-0.4763,101.2900,-5.2500,-54.6700,3.4636,-0.1795,-1.8694,0
618299,-4.4785,-8.2198,-0.8019,73.9200,11.9000,-21.4900,2.5277,0.4069,-0.7348,0
618338,-5.9434,-8.4280,0.2035,43.3300,18.4100,-2.7300,1.4817,0.6295,-0.0934,0
618377,-7.2264,-8.8254,0.2968,53.5500,23.3800,-5.3200,1.8311,0.7995,-0.1819,0
618416,-5.2110,-7.7434,-2.2931,62.1600,29.8900,-14.4900,2.1256,1.0221,-0.4955,0
618455,-4.9165,-9.3711,2.6593,-5.8100,82.8100,40.5300,-0.1987,2.8317,1.3859,0
618494,-6.1540,-11.5469,-0.0311,-71.2600,87.7100,63.0700,-2.4367,2.9992,2.1567,0
618533,-3.3104,-8.6267,0.0718,-42.9800,49.3500,43.4000,-1.4697,1.6875,1.4841,0
618572,-1.0149,-4.9285,1.0460,-80.2200,48.9300,74.4100,-2.7431,1.6732,2.5444,0
618611,-6.4173,-8.9426,-0.1771,-101.9900,56.4900,116.8300,-3.4875,1.9317,3.9950,0
618650,-9.0719,-9.6176,-1.0221,18.4800,32.3400,22.3300,0.6319,1.1059,0.7636,0
618689,-6.8314,-5.9602,-0.2585,18.2700,10.5700,21.7700,0.6247,0.3614,0.7444,0
618728,-6.8482,-4.8878,-1.1250,9.4500,-7.2100,16.4500,0.3231,-0.2465,0.5625,0
618767,-6.4987,-4.7083,-1.2375,-3.0100,-6.7900,8.4700,-0.1029,-0.2322,0.2896,0
618806,-6.5753,-4.8950,-1.3189,-5.3200,-3.2200,-5.4600,-0.1819,-0.1101,-0.1867,0
618845,-6.9224,-4.8232,-0.6750,-10.4300,0.7000,-28.7000,-0.3567,0.0239,-0.9814,0
618884,-8.2868,-6.2546,-0.2801,-35.4200,11.9700,-35.4900,-1.2112,0.4093,-1.2136,0
618923,-6.6017,-7.1881,-1.7330,-37.3100,-6.5100,-16.6600,-1.2758,-0.2226,-0.5697,0
618962,-7.6596,-5.7352,-3.9974,-44.6600,-4.9000,17.5700,-1.5271,-0.1676,0.6008,0
619001,-9.2562,-3.1788,-2.5014,-47.3200,37.2400,32.7600,-1.6181,1.2734,1.1202,0
619040,-14.3164,-11.7049,-3.3080,-41.0900,43.6800,69.9300,-1.4051,1.4936,2.3912,0
619079,-8.6841,-9.9719,-3.5737,-6.5100,-75.3200,-19.8800,-0.2226,-2.5756,-0.6798,0
619118,-4.8495,-8.6171,-1.3668,21.7000,-64.5400,-45.5000,0.7420,-2.2069,-1.5559,0
619157,-4.0835,-8.1264,-1.3117,35.0700,-56.4200,-68.2500,1.1992,-1.9293,-2.3338,0
619196,-4.2990,-7.4275,-2.4343,20.8600,-71.1900,-65.1000,0.7133,-2.4343,-2.2261,0
619235,-3.3702,-7.2982,-3.4229,3.3600,-37.8700,-44.6600,0.1149,-1.2950,-1.5271,0
619274,-2.7264,-6.9009,-3.2506,9.5200,3.7800,-38.7800,0.3255,0.1293,-1.3261,0
619313,-3.5833,-7.4346,-2.9873,31.2200,30.5200,-11.2700,1.0676,1.0436,-0.3854,0
619352,-5.9889,-7.3820,-2.2404,64.3300,42.0700,-9.3800,2.1998,1.4386,-0.3207,0
619391,-7.4514,-7.3580,-0.9287,67.4800,35.7700,-32.2700,2.3075,1.2232,-1.1035,0
619430,-6.5969,-8.1767,-0.8258,59.0800,19.1100,-34.3700,2.0202,0.6535,-1.1753,0
619469,-5.5006,-7.6285,-1.4027,60.9000,-0.7700,-38.8500,2.0825,-0.0263,-1.3285,0
619508,-6.3982,-5.1679,0.5912,49.5600,-5.2500,-33.2500,1.6947,-0.1795,-1.1370,0
619547,-5.8740,-8.6219,0.6822,28.3500,-2.0300,12.9500,0.9694,-0.0694,0.4428,0
619586,-5.4312,-10.0557,-1.4386,53.3400,-18.5500,-20.5100,1.8240,-0.6343,-0.7013,0
619625,-4.7729,-10.9868,0.3160,17.2200,27.6500,15.1900,0.5888,0.9455,0.5194,0
619664,-5.5245,-11.9969,-1.1753,-32.8300,64.5400,47.5300,-1.1226,2.2069,1.6253,0
619703,-4.8854,-8.2916,-0.4596,-35.0000,37.1700,39.0600,-1.1968,1.2710,1.3357,0
619742,-2.8532,-4.9117,1.5870,-60.1300,14.7700,48.8600,-2.0561,0.5051,1.6708,0
619781,-3.1381,-4.6461,1.1489,-103.8800,30.8700,68.4600,-3.5522,1.0556,2.3410,0
619820,-7.5232,-10.7642,-0.7731,-94.5000,21.3500,92.4700,-3.2314,0.7301,3.1620,0
619859,-8.5932,-9.0336,-1.7426,-13.3000,2.0300,21.2800,-0.4548,0.0694,0.7277,0
619898,-6.6017,-6.8314,-0.0694,6.4400,-14.2100,-2.8000,0.2202,-0.4859,-0.0957,0
619937,-7.2336,-6.2378,0.1077,-12.3200,-13.0200,-15.8900,-0.4213,-0.4452,-0.5434,0
619976,-7.2695,-5.6969,-1.3763,-31.3600,-48.3700,-35.9100,-1.0724,-1.6540,-1.2279,0
620015,-4.7992,-4.4115,-1.7019,0.3500,-40.7400,-46.6200,0.0120,-1.3931,-1.5942,0
620054,-4.8830,-5.0721,-1.6947,3.1500,-18.7600,-34.3000,0.1077,-0.6415,-1.1729,0
620093,-5.4719,-7.4203,-1.2232,-32.0600,10.9900,-0.2100,-1.0963,0.3758,-0.0072,0
620132,-5.8405,-6.4293,-3.6718,-59.5700,32.4100,21.7000,-2.0370,1.1083,0.7420,0
620171,-8.2341,-14.0770,-5.5149,-49.7000,49.9800,95.2000,-1.6995,1.7091,3.2554,0
620210,-6.8769,-8.6985,-1.3811,15.9600,33.3900,53.4100,0.5457,1.1418,1.8263,0
620249,-9.1485,-7.2886,-1.4434,11.2700,39.4800,41.9300,0.3854,1.3500,1.4338,0
620288,-6.1134,-6.9870,-1.9915,27.3000,47.2500,-32.1300,0.9335,1.6157,-1.0987,0
620327,-5.6753,-8.0785,-3.9758,-12.5300,20.6500,-51.5900,-0.4285,0.7061,-1.7641,0
620366,-4.1913,-8.2222,-3.7030,-2.4500,20.9300,-26.7400,-0.0838,0.7157,-0.9144,0
620405,-3.4397,-7.3557,-3.1716,16.5200,29.0500,-8.8200,0.5649,0.9934,-0.3016,0
620444,-4.6197,-8.1168,-3.6958,23.3800,47.0400,-10.0100,0.7995,1.6085,-0.3423,0
620483,-4.2463,-7.3030,-4.1338,30.9400,56.5600,-15.3300,1.0580,1.9341,-0.5242,0
620522,-5.0482,-6.4102,-3.5761,25.6200,76.3000,6.7200,0.8761,2.6091,0.2298,0
620561,-6.7453,-7.3054,-4.0357,23.7300,65.6600,22.4700,0.8114,2.2452,0.7684,0
620600,-6.4126,-8.2940,-4.0141,44.1700,42.5600,5.4600,1.5104,1.4553,0.1867,0
620639,-4.9046,-8.0929,-3.2482,48.4400,29.8200,-10.7100,1.6564,1.0197,-0.3662,0
620678,-3.8801,-8.0426,-3.8226,46.9000,29.8900,-11.5500,1.6037,1.0221,-0.3950,0
620717,-3.0112,-7.7362,-3.2147,49.7000,42.4900,-5.6700,1.6995,1.4529,-0.1939,0
620756,-3.9040,-7.3700,-4.4354,53.9700,53.1300,11.9700,1.8455,1.8168,0.4093,0
620795,-4.2679,-6.8243,-3.7532,52.5700,65.8000,21.0700,1.7976,2.2500,0.7205,0
620834,-6.2139,-8.2198,-3.7317,40.6700,67.9000,32.3400,1.3907,2.3218,1.1059,0
620873,-6.0655,-6.9224,-3.2625,57.7500,49.7000,19.6000,1.9748,1.6995,0.6702,0
620912,-5.4527,-7.5376,-3.1740,56.9100,39.5500,24.0100,1.9460,1.3524,0.8210,0
620951,-4.9836,-7.7147,-3.4660,69.0200,41.4400,25.8300,2.3601,1.4170,0.8833,0
620990,-5.0913,-7.6884,-2.9250,79.2400,42.9800,29.2600,2.7096,1.4697,1.0005,0
621029,-5.0099,-7.8559,-2.2764,83.2300,46.2700,31.5000,2.8460,1.5822,1.0771,0
621068,-5.1200,-8.1958,-1.2902,75.3200,50.8200,31.5700,2.5756,1.7378,1.0795,0
621107,-5.3905,-8.6913,0.2298,51.0300,57.7500,27.3700,1.7450,1.9748,0.9359,0
621146,-5.1487,-9.1485,-1.0580,45.0100,54.4600,17.8500,1.5391,1.8623,0.6104,0
621185,-4.7322,-8.4136,-1.8192,50.3300,50.1900,11.0600,1.7210,1.7162,0.3782,0
621224,-4.9596,-8.1240,-1.0700,42.1400,42.2800,16.1000,1.4410,1.4458,0.5505,0
621263,-5.6346,-8.2581,-1.1178,45.9900,47.6700,14.2100,1.5726,1.6301,0.4859,0
621302,-5.8189,-8.3969,-1.3045,60.9000,52.2200,7.1400,2.0825,1.7857,0.2442,0
621341,-6.3886,-7.4921,-0.9048,55.1600,39.4800,3.6400,1.8862,1.3500,0.1245,0
621380,-5.9458,-7.7434,0.3997,59.6400,38.9900,2.5200,2.0394,1.3333,0.0862,0
621419,-6.5921,-6.5562,-0.9862,59.2200,37.5900,1.7500,2.0250,1.2854,0.0598,0
621458,-6.4700,-6.9392,-0.4739,41.8600,32.0600,4.9700,1.4314,1.0963,0.1699,0
621497,-6.2665,-7.6692,-0.1197,31.5000,17.7100,0.7700,1.0771,0.6056,0.0263,0
621536,-5.5939,-7.6836,-0.5266,35.2100,15.6100,-0.2100,1.2040,0.5338,-0.0072,0
621575,-5.5915,-7.6142,-0.5769,29.1900,19.8800,4.6200,0.9981,0.6798,0.1580,0
621614,-5.5054,-7.8368,-0.2250,34.1600,31.5000,7.8400,1.1681,1.0771,0.2681,0
621653,-5.5796,-7.7075,0.2418,35.9100,42.0700,8.6100,1.2279,1.4386,0.2944,0
621692,-6.2139,-7.8799,0.3160,38.0800,48.5800,9.0300,1.3021,1.6612,0.3088,0
621731,-6.2474,-7.5687,0.3686,44.3800,45.6400,1.4000,1.5176,1.5607,0.0479,0
621770,-5.9769,-7.2096,0.4548,42.4200,43.5400,-1.4000,1.4505,1.4888,-0.0479,0
621809,-5.6586,-7.2240,-0.0048,34.6500,49.2100,3.2900,1.1849,1.6827,0.1125,0
621848,-5.2205,-7.1977,0.1125,33.1800,55.7900,5.5300,1.1346,1.9077,0.1891,0
621887,-5.6849,-7.4634,0.3160,31.4300,63.2100,7.6300,1.0747,2.1615,0.2609,0
621926,-6.1660,-7.2120,0.2035,30.0300,67.6200,0.0700,1.0269,2.3123,0.0024,0
621965,-6.5634,-6.7453,0.3399,32.7600,73.2900,-2.4500,1.1202,2.5061,-0.0838,0
622004,-6.7477,-6.8865,0.8761,38.2900,73.0800,-6.7200,1.3093,2.4990,-0.2298,0
622043,-7.1426,-6.8075,0.9024,25.8300,63.9800,-6.8600,0.8833,2.1878,-0.2346,0
622082,-7.4586,-7.4562,0.8019,18.0600,53.8300,-7.5600,0.6176,1.8407,-0.2585,0
622121,-7.1283,-7.4179,0.7684,26.6000,42.8400,-13.9300,0.9096,1.4649,-0.4763,0
622160,-7.0493,-7.9038,0.2729,34.9300,39.2000,-18.9000,1.1944,1.3404,-0.6463,0
622199,-5.0817,-8.6051,0.8330,68.8100,9.8700,-9.3100,2.3529,0.3375,-0.3184,0
622238,-3.6048,-7.3221,1.3500,44.1000,25.4800,-21.2800,1.5080,0.8713,-0.7277,0
622277,-4.1410,-8.3251,-0.9335,12.8800,37.3800,7.2100,0.4404,1.2782,0.2465,0
622316,-4.1242,-8.8110,-2.4774,35.6300,68.6000,0.4900,1.2184,2.3458,0.0168,0
622355,-4.4881,-8.0091,-2.3649,36.0500,78.6800,1.0500,1.2327,2.6905,0.0359,0
622394,-4.2918,-7.6692,-1.7282,44.6600,80.8500,-5.0400,1.5271,2.7647,-0.1723,0
622433,-4.6006,-9.3855,-2.0418,46.2000,103.5300,3.5000,1.5798,3.5402,0.1197,0
622472,-5.6011,-9.3232,-2.5803,37.6600,109.9000,-5.1100,1.2878,3.7580,-0.1747,0
622511,-5.7759,-8.0450,-1.8216,44.3100,108.1500,-10.0800,1.5152,3.6982,-0.3447,0
622550,-5.7304,-7.3940,-1.1825,59.5000,109.6900,-5.1100,2.0346,3.7508,-0.1747,0
622589,-5.9961,-7.7626,-1.5750,69.1600,108.9900,0.5600,2.3649,3.7269,0.0191,0
622628,-6.0104,-8.0211,-1.8359,68.8800,99.8200,-6.5800,2.3553,3.4133,-0.2250,0
622667,-6.3671,-7.9972,-1.4266,68.8800,89.8800,-8.2600,2.3553,3.0734,-0.2824,0
622706,-6.5729,-7.7195,-0.8521,68.1800,75.6700,-7.6300,2.3314,2.5875,-0.2609,0
622745,-6.2833,-7.4059,-0.6559,65.7300,63.7700,-11.1300,2.2476,2.1806,-0.3806,0
622784,-5.8405,-7.3174,-0.6080,70.3500,55.8600,-18.1300,2.4056,1.9101,-0.6200,0
622823,-6.0224,-8.1168,-0.6128,76.3700,57.7500,-11.2700,2.6115,1.9748,-0.3854,0
622862,-6.2953,-8.3682,-0.3399,68.1100,47.6000,-5.3900,2.3290,1.6277,-0.1843,0
622901,-6.8075,-8.2533,-0.3471,59.0100,44.5200,-13.0200,2.0178,1.5224,-0.4452,0
622940,-6.6591,-7.6956,-0.7851,60.2000,52.7800,-10.0100,2.0585,1.8048,-0.3423,0
622979,-5.6538,-6.4604,1.4529,50.0500,67.7600,13.7200,1.7115,2.3170,0.4692,0
623018,-6.1852,-9.7780,2.2333,-31.1500,97.3000,58.8000,-1.0652,3.3272,2.0107,0
623057,-3.5402,-9.5171,-0.7995,-51.1000,68.9500,29.8900,-1.7474,2.3577,1.0221,0
623096,-3.1931,-5.9458,-0.2896,-75.1800,35.7000,64.1900,-2.5708,1.2208,2.1950,0
623135,-6.8530,-8.0761,0.3040,-91.3500,49.8400,100.8700,-3.1237,1.7043,3.4492,0
623174,-9.0336,-8.9714,-0.2705,-46.8300,44.5200,59.3600,-1.6013,1.5224,2.0298,0
623213,-8.2533,-7.5304,-0.9168,-10.7100,-6.0900,18.0600,-0.3662,-0.2082,0.6176,0
623252,-7.1163,-6.3096,-1.1011,-5.8800,-41.3700,1.8200,-0.2011,-1.4146,0.0622,0
623291,-6.2953,-5.5509,-1.0580,-6.8600,-41.5100,-5.0400,-0.2346,-1.4194,-0.1723,0
623330,-5.8668,-5.7399,-1.2950,-20.7200,-32.2000,-0.7700,-0.7085,-1.1011,-0.0263,0
623369,-5.3019,-5.2564,-1.6301,-20.5100,-23.3800,-13.3000,-0.7013,-0.7995,-0.4548,0
623408,-5.8237,-5.2277,-2.0035,-27.0900,-13.5800,-24.0100,-0.9263,-0.4644,-0.8210,0
623447,-6.8769,-5.8501,-2.4128,-30.4500,-11.6900,-31.2200,-1.0412,-0.3997,-1.0676,0
623486,-6.5299,-6.9487,-1.6947,-35.5600,-5.6700,-10.9200,-1.2160,-0.1939,-0.3734,0
623525,-7.1809,-5.1894,-3.2362,-55.9300,2.8000,30.1000,-1.9125,0.0957,1.0293,0
623564,-9.9767,-4.3229,-2.0394,-56.0700,22.6100,41.2300,-1.9173,0.7731,1.4099,0
623603,-12.3344,-8.0283,-1.0436,-58.4500,-0.2100,25.2700,-1.9987,-0.0072,0.8641,0
623642,-9.1246,-9.9599,-5.6131,-17.5000,-61.7400,-18.7600,-0.5984,-2.1112,-0.6415,0
623681,-5.7112,-7.7578,-3.3104,-4.9000,-63.4900,-36.1900,-0.1676,-2.1710,-1.2375,0
623720,-4.5503,-9.3615,-1.4075,-3.4300,-38.5000,-7.6300,-0.1173,-1.3165,-0.2609,0
623759,-4.2463,-8.9762,-0.8641,9.8000,-34.2300,-36.1200,0.3351,-1.1705,-1.2351,0
623798,-5.4096,-6.9033,-2.0202,15.1900,-67.9700,-68.7400,0.5194,-2.3242,-2.3506,0
623837,-4.3851,-6.2642,-3.0208,1.1900,-49.3500,-63.0700,0.0407,-1.6875,-2.1567,0
623876,-3.7867,-7.2743,-3.5354,-26.3200,-20.0900,-37.0300,-0.9000,-0.6870,-1.2662,0
623915,-3.5641,-7.5352,-3.1309,-8.1900,-2.9400,-22.1200,-0.2801,-0.1005,-0.7564,0
623954,-4.9285,-7.5854,-2.2644,37.4500,-1.8900,-16.3800,1.2806,-0.0646,-0.5601,0
623993,-6.8626,-6.3814,-2.4942,31.5700,-5.1100,-25.8300,1.0795,-0.1747,-0.8833,0
624032,-6.5370,-6.1636,-1.8407,28.6300,-14.9100,-30.3100,0.9790,-0.5098,-1.0364,0
624071,-6.3982,-7.9660,-1.1896,59.3600,-26.8800,-40.2500,2.0298,-0.9192,-1.3763,0
624110,-4.7179,-10.0102,0.0455,109.2700,-37.4500,-60.1300,3.7365,-1.2806,-2.0561,0
624149,-4.4641,-8.3610,-2.2668,52.9200,-37.8000,-34.3000,1.8096,-1.2926,-1.1729,0
624188,-5.9985,-8.7368,-2.6330,13.1600,-30.5900,-14.1400,0.4500,-1.0460,-0.4835,0
624227,-5.2301,-8.8373,-0.2633,46.6200,28.4200,15.2600,1.5942,0.9718,0.5218,0
624266,-6.5562,-10.3956,-0.0694,-13.5800,79.2400,54.4600,-0.4644,2.7096,1.8623,0
624305,-6.1684,-8.6961,-0.3973,-55.5100,48.2300,26.6700,-1.8982,1.6492,0.9120,0
624344,-3.5593,-8.3634,1.8168,-73.9900,23.0300,34.1600,-2.5301,0.7875,1.1681,0
624383,-1.9436,-5.8501,1.3117,-102.6200,18.4100,49.0700,-3.5091,0.6295,1.6779,0
624422,-7.9445,-10.6493,-1.7115,-78.6800,12.4600,58.3800,-2.6905,0.4261,1.9963,0
624461,-6.8602,-7.2910,-0.6870,4.5500,15.8200,21.2100,0.1556,0.5410,0.7253,0
624500,-6.4652,-6.0607,-0.1795,30.5900,-4.2700,15.6100,1.0460,-0.1460,0.5338,0
624539,-6.2211,-6.2378,-0.5194,14.9800,-12.7400,18.9700,0.5122,-0.4356,0.6487,0
624578,-6.1373,-5.5245,-1.6516,-14.7700,-24.4300,12.1100,-0.5051,-0.8354,0.4141,0
624617,-5.8740,-5.0889,-1.9843,-22.5400,-17.3600,-5.7400,-0.7708,-0.5936,-0.1963,0
624656,-6.0296,-4.7992,-2.2787,-15.4700,-11.4800,-18.1300,-0.5290,-0.3926,-0.6200,0
624695,-6.2426,-4.6197,-2.2572,-13.7200,-2.5200,-24.9900,-0.4692,-0.0862,-0.8545,0
624734,-6.9463,-5.7399,-2.0896,-14.7000,5.8100,-30.3100,-0.5027,0.1987,-1.0364,0
624773,-6.9152,-7.9110,-1.1896,-23.8700,18.2700,5.8800,-0.8162,0.6247,0.2011,0
624812,-7.8344,-5.7735,-3.0710,-41.0900,20.5100,26.1800,-1.4051,0.7013,0.8952,0
624851,-9.3184,-4.6054,-0.8402,-44.5200,29.1200,49.5600,-1.5224,0.9958,1.6947,0
624890,-11.8342,-13.9765,-4.7490,-17.0100,8.8200,43.6100,-0.5817,0.3016,1.4912,0
624929,-5.1056,-8.4663,-1.2519,53.9000,-14.3500,-23.3100,1.8431,-0.4907,-0.7971,0
624968,-5.8237,-8.8565,-0.5817,43.1200,4.0600,-11.5500,1.4745,0.1388,-0.3950,0
625007,-5.7759,-8.6626,-0.0144,53.8300,-15.4700,-26.3900,1.8407,-0.5290,-0.9024,0
625046,-4.8663,-6.8051,-0.6439,35.2800,-51.8700,-47.1100,1.2064,-1.7737,-1.6109,0
625085,-4.4474,-9.0288,-4.2655,-1.0500,-36.9600,-34.3000,-0.0359,-1.2638,-1.1729,0
625124,-3.0591,-8.6171,-4.1769,25.6200,7.2800,-48.4400,0.8761,0.2489,-1.6564,0
625163,-3.2410,-6.3120,-3.3200,45.3600,37.5900,-35.4900,1.5511,1.2854,-1.2136,0
625202,-5.0195,-7.1283,-2.4702,59.9200,66.8500,-1.8900,2.0490,2.2859,-0.0646,0
625241,-6.0798,-7.5041,-1.9508,74.4800,65.4500,-4.9700,2.5468,2.2381,-0.1699,0
625280,-6.9057,-6.1158,-1.4625,68.4600,31.7800,-28.7000,2.3410,1.0867,-0.9814,0
625319,-6.7549,-7.8607,0.4548,75.9500,21.8400,-34.4400,2.5971,0.7468,-1.1777,0
625358,-5.5652,-8.5812,0.7109,96.8100,15.8200,-35.0000,3.3104,0.5410,-1.1968,0
625397,-5.0602,-7.4801,-0.1915,54.5300,-10.8500,-18.5500,1.8646,-0.3710,-0.6343,0
625436,-5.8955,-7.7674,0.0455,27.5100,-5.2500,-18.6900,0.9407,-0.1795,-0.6391,0
625475,-6.8075,-9.7972,-1.2710,52.3600,26.7400,-22.6800,1.7904,0.9144,-0.7755,0
625514,-6.4437,-7.9062,-2.4822,64.6100,44.0300,-33.9500,2.2093,1.5056,-1.1609,0
625553,-5.3546,-6.1158,1.1753,30.1700,74.2000,3.9200,1.0317,2.5373,0.1340,0
625592,-5.9003,-10.0078,4.1530,-55.6500,110.9500,64.6100,-1.9029,3.7939,2.2093,0
625631,-4.7298,-11.1496,-0.6965,-74.4100,75.1800,40.1100,-2.5444,2.5708,1.3716,0
625670,-2.2045,-7.2025,-1.9125,-62.2300,33.9500,35.8400,-2.1279,1.1609,1.2255,0
625709,-4.7059,-7.8176,-1.0963,-92.1900,46.0600,92.7500,-3.1524,1.5750,3.1716,0
625748,-7.1713,-9.5722,-0.3950,-20.1600,53.6900,66.9900,-0.6894,1.8359,2.2907,0
625787,-6.6495,-6.3408,-1.5200,29.4700,13.5800,12.8800,1.0077,0.4644,0.4404,0
625826,-5.9889,-5.3594,-1.4051,25.9700,1.7500,14.9100,0.8880,0.0598,0.5098,0
625865,-6.5370,-4.7059,-1.6803,-4.2000,-5.0400,29.3300,-0.1436,-0.1723,1.0029,0
625904,-6.7740,-5.3689,-1.9532,-10.7800,1.1200,19.3200,-0.3686,0.0383,0.6606,0
625943,-6.9487,-4.7969,-2.2237,-13.8600,-0.4900,-5.2500,-0.4739,-0.0168,-0.1795,0
625982,-8.2581,-4.5671,-2.0394,-28.4200,-12.3200,-22.8200,-0.9718,-0.4213,-0.7803,0
626021,-8.4902,-5.5532,-1.5511,-27.0900,-17.3600,-28.4200,-0.9263,-0.5936,-0.9718,0
626060,-7.0852,-7.7530,-1.2495,-32.6900,-13.1600,-1.9600,-1.1178,-0.4500,-0.0670,0
626099,-6.6352,-6.8506,-1.5128,-24.3600,-13.0200,10.4300,-0.8330,-0.4452,0.3567,0
626138,-7.8081,-2.8077,-5.8620,-34.5100,18.8300,34.4400,-1.1801,0.6439,1.1777,0
626177,-10.7355,-13.0812,-4.8375,-2.1700,-19.3200,17.2900,-0.0742,-0.6606,0.5912,0
626216,-6.5418,-9.4070,-4.1913,30.3100,-48.0900,-18.5500,1.0364,-1.6444,-0.6343,0
626255,-4.5647,-7.2503,-1.7282,36.4000,-26.3200,-49.2100,1.2447,-0.9000,-1.6827,0
626294,-5.1774,-6.5921,-1.3021,19.6700,-47.8800,-71.9600,0.6726,-1.6372,-2.4607,0
626333,-4.3828,-5.7304,-2.7024,6.0900,-68.1100,-74.6900,0.2082,-2.3290,-2.5540,0
626372,-3.5785,-7.0062,-3.9447,-17.8500,-43.1900,-42.0700,-0.6104,-1.4769,-1.4386,0
626411,-3.4540,-7.1283,-3.1572,-8.6100,-15.8900,-35.1400,-0.2944,-0.5434,-1.2016,0
626450,-4.6293,-7.4945,-2.4056,12.8800,-6.7200,-26.8800,0.4404,-0.2298,-0.9192,0
626489,-6.3168,-7.6022,-1.9029,17.9200,-4.7600,-18.2700,0.6128,-0.1628,-0.6247,0
626528,-6.8099,-7.3844,-1.9077,13.6500,-16.3800,-19.3200,0.4668,-0.5601,-0.6606,0
626567,-6.3048,-6.3838,-1.4218,14.7700,-38.0800,-35.9800,0.5051,-1.3021,-1.2303,0
626606,-6.4126,-7.1785,-1.5415,48.3700,-66.0800,-37.7300,1.6540,-2.2596,-1.2902,0
626645,-4.7155,-8.8684,-1.0604,88.5500,-69.7900,-43.0500,3.0280,-2.3865,-1.4721,0
626684,-4.6293,-9.1892,-1.5439,66.1500,-61.3900,-39.3400,2.2620,-2.0992,-1.3452,0
626723,-5.7017,-9.6488,-2.3218,38.9200,-53.2700,-29.8900,1.3309,-1.8216,-1.0221,0
626762,-4.8471,-8.8421,-4.2296,63.6300,-28.5600,-25.2000,2.1758,-0.9766,-0.8617,0
626801,-4.0357,-8.3538,-0.0359,22.8200,44.4500,18.6900,0.7803,1.5200,0.6391,0
626840,-6.7788,-9.8450,1.3261,-94.9900,49.4900,58.2400,-3.2482,1.6923,1.9915,0
626879,-4.6149,-8.7009,0.9981,-119.3500,22.5400,50.6100,-4.0812,0.7708,1.7306,0
626918,-1.6420,-6.4676,0.9551,-104.0900,-16.1000,36.3300,-3.5593,-0.5505,1.2423,0
626957,-3.7197,-8.4663,0.2561,-170.4500,25.4100,114.5900,-5.8285,0.8689,3.9184,0
626996,-8.5190,-11.1280,-1.3596,-104.3000,2.3800,67.5500,-3.5665,0.0814,2.3099,0
627035,-7.5400,-7.2288,-1.4769,-57.3300,-25.9000,27.1600,-1.9604,-0.8856,0.9287,0
627074,-6.8769,-6.0224,-0.8689,-40.5300,-56.3500,-6.9300,-1.3859,-1.9269,-0.2370,0
627113,-6.1134,-5.5772,-1.6660,-56.4900,-64.9600,1.7500,-1.9317,-2.2213,0.0598,0
627152,-4.6221,-5.0506,-1.9365,-50.6800,-46.0600,-1.8900,-1.7330,-1.5750,-0.0646,0
627191,-4.9213,-5.2253,-2.4008,-62.1600,-33.4600,7.1400,-2.1256,-1.1442,0.2442,0
627230,-5.6969,-5.3187,-2.5660,-59.6400,-23.8700,3.7100,-2.0394,-0.8162,0.1269,0
627269,-6.6136,-5.4623,-2.7670,-61.9500,-15.4000,-4.2700,-2.1184,-0.5266,-0.1460,0
627308,-7.3963,-5.8548,-2.9346,-59.2900,-6.3000,-12.4600,-2.0274,-0.2154,-0.4261,0
627347,-8.4735,-6.6352,-3.7293,-61.6700,-11.2000,-14.4200,-2.1088,-0.3830,-0.4931,0
627386,-8.2198,-6.6759,-3.3631,-65.2400,-30.5900,-19.3200,-2.2309,-1.0460,-0.6606,0
627425,-7.3054,-5.7950,-3.0447,-59.7800,-38.7100,-23.2400,-2.0442,-1.3237,-0.7947,0
627464,-6.9870,-5.3498,-3.6886,-63.4200,-25.5500,-16.2400,-2.1686,-0.8737,-0.5553,0
627503,-6.8554,-6.0032,-3.2554,-53.4100,-13.7900,-18.9700,-1.8263,-0.4715,-0.6487,0
627542,-9.5626,-17.0284,-9.8953,-55.8600,-13.7200,-4.0600,-1.9101,-0.4692,-0.1388,0
627581,-3.8849,-9.8738,-3.3822,17.7800,-31.5000,-14.2100,0.6080,-1.0771,-0.4859,0
627620,-6.4724,-9.0073,-3.2889,9.3800,5.5300,6.3000,0.3207,0.1891,0.2154,0
627659,-4.9979,-9.6966,-3.7101,34.7900,15.6100,-66.7100,1.1896,0.5338,-2.2811,0
627698,-4.1649,-6.3001,-2.3769,22.7500,-4.7600,-101.9900,0.7779,-0.1628,-3.4875,0
627737,-4.7729,-6.5610,-3.9160,-16.1700,4.9000,-40.6700,-0.5529,0.1676,-1.3907,0
627776,-4.0189,-5.6849,-4.0093,-3.9900,17.0100,-42.5600,-0.1364,0.5817,-1.4553,0
627815,-2.8173,-6.5251,-3.5689,-1.4000,17.0100,-27.3000,-0.0479,0.5817,-0.9335,0
627854,-3.7006,-7.4514,-3.4804,-16.0300,16.2400,-12.7400,-0.5481,0.5553,-0.4356,0
627893,-4.4498,-8.4280,-4.3397,-7.7700,17.5000,-11.6200,-0.2657,0.5984,-0.3973,0
627932,-4.7490,-8.0594,-3.7676,5.6700,-0.4200,-25.2000,0.1939,-0.0144,-0.8617,0
627971,-3.7437,-9.2371,-4.0405,6.9300,-10.9900,-19.8800,0.2370,-0.3758,-0.6798,0
628010,-3.1428,-7.9804,-5.0434,6.7200,-4.7600,-23.7300,0.2298,-0.1628,-0.8114,0
628049,-3.4708,-7.3054,-4.2726,14.8400,12.3900,-16.4500,0.5075,0.4237,-0.5625,0
628088,-4.0261,-8.0570,-4.3875,14.0700,6.9300,-1.0500,0.4811,0.2370,-0.0359,0
628127,-3.9184,-7.3820,-5.0817,11.2000,-4.9000,2.3100,0.3830,-0.1676,0.0790,0
628166,-4.4258,-6.6902,-3.5929,11.4100,-0.3500,-0.6300,0.3902,-0.0120,-0.0215,0
628205,-4.5144,-7.7578,-3.8705,5.1800,2.8000,3.5700,0.1771,0.0957,0.1221,0
628244,-4.5647,-7.6214,-3.8155,1.1900,0.0000,2.0300,0.0407,0.0000,0.0694,0
628283,-4.6341,-6.9296,-3.7221,-11.6900,-4.7600,0.4200,-0.3997,-0.1628,0.0144,0
628322,-4.2487,-7.8511,-3.1788,-17.2200,-8.1200,0.6300,-0.5888,-0.2777,0.0215,0
628361,-4.2798,-8.4304,-4.9213,-4.8300,-7.4900,-7.9800,-0.1652,-0.2561,-0.2729,0
628400,-3.6814,-8.0283,-3.4947,5.7400,-1.6800,2.5200,0.1963,-0.0574,0.0862,0
628439,-4.3588,-7.4011,-3.8681,-1.2600,2.8700,12.8100,-0.0431,0.0981,0.4380,0
628478,-4.6293,-7.6429,-3.4899,4.2700,1.9600,7.3500,0.1460,0.0670,0.2513,0
628517,-4.6484,-7.4706,-4.0812,-0.1400,-0.4900,9.3800,-0.0048,-0.0168,0.3207,0
628556,-4.4929,-7.5926,-3.4588,0.4900,-2.9400,11.9000,0.0168,-0.1005,0.4069,0
628595,-4.5479,-7.4729,-4.0117,-1.5400,-3.9900,13.7900,-0.0527,-0.1364,0.4715,0
628634,-4.5790,-7.7841,-3.4780,-2.4500,-3.0800,13.3700,-0.0838,-0.1053,0.4572,0
628673,-4.9812,-7.5543,-3.7293,-3.2200,-2.1000,13.7900,-0.1101,-0.0718,0.4715,0
628712,-5.4360,-7.7362,-3.2554,0.1400,-0.7700,10.5700,0.0048,-0.0263,0.3614,0
628751,-5.7423,-7.5543,-3.6000,-1.4000,-1.4700,6.9300,-0.0479,-0.0503,0.2370,0
628790,-5.6705,-7.6525,-3.8370,1.1900,-4.9700,-1.0500,0.0407,-0.1699,-0.0359,0
628829,-5.2110,-7.3844,-3.5665,1.7500,-10.5000,-3.0100,0.0598,-0.3590,-0.1029,0
628868,-5.4001,-7.5495,-3.8322,3.7800,-8.5400,-2.5900,0.1293,-0.2920,-0.0886,0
628907,-5.3282,-7.8511,-4.2439,9.8700,-14.0700,-3.9200,0.3375,-0.4811,-0.1340,0
628946,-4.5000,-7.2503,-3.7077,14.2100,-18.3400,-3.2900,0.4859,-0.6271,-0.1125,0
628985,-4.8639,-7.4849,-3.6647,12.3900,-10.9900,-0.1400,0.4237,-0.3758,-0.0048,0
629024,-5.1990,-7.2503,-3.5952,13.9300,-7.9100,-0.1400,0.4763,-0.2705,-0.0048,0
629063,-5.7830,-7.3078,-3.3487,11.9700,-8.1900,3.9200,0.4093,-0.2801,0.1340,0
629102,-5.7352,-7.1929,-3.0136,14.0700,-13.3000,0.5600,0.4811,-0.4548,0.0191,0
629141,-5.7806,-7.7937,-2.8532,10.2200,-14.3500,3.9900,0.3495,-0.4907,0.1364,0
629180,-5.3641,-7.2599,-2.5301,12.2500,-15.4700,2.1000,0.4189,-0.5290,0.0718,0
629219,-5.2995,-7.0804,-2.6641,10.2200,-11.0600,7.3500,0.3495,-0.3782,0.2513,0
629258,-5.0913,-7.8176,-1.1466,9.5900,-9.9400,19.6000,0.3279,-0.3399,0.6702,0
629297,-4.2343,-7.6285,-2.4654,-7.6300,0.9800,26.3200,-0.2609,0.0335,0.9000,0
629336,-7.3748,-8.6291,-0.8689,-13.2300,-6.3700,19.5300,-0.4524,-0.2178,0.6678,0
629375,-9.0288,-8.9642,-3.7221,-16.1700,-37.1000,-2.3800,-0.5529,-1.2686,-0.0814,0
629414,-7.7123,-7.3317,-6.7166,33.0400,-42.5600,-33.6700,1.1298,-1.4553,-1.1513,0
629453,-4.0788,-5.1942,-4.0333,62.6500,-22.8900,-32.6900,2.1423,-0.7827,-1.1178,0
629492,-4.6652,-4.7466,-1.9652,35.0000,44.8000,8.1200,1.1968,1.5319,0.2777,0
629531,-7.4490,-5.2445,-2.4272,21.9100,69.3700,29.3300,0.7492,2.3721,1.0029,0
629570,-9.9264,-6.2139,-1.0005,3.0800,53.0600,22.9600,0.1053,1.8144,0.7851,0
629609,-10.4004,-6.5658,-0.3997,-17.4300,-10.6400,-9.1000,-0.5960,-0.3638,-0.3112,0
629648,-7.1785,-6.3431,-1.2471,-29.5400,-71.6800,-28.0000,-1.0101,-2.4511,-0.9575,0
629687,-4.8519,-7.5519,-2.4200,-31.7100,-69.7900,-29.1900,-1.0843,-2.3865,-0.9981,0
629726,-3.2458,-7.2264,-3.5689,-14.7700,-26.4600,-6.7900,-0.5051,-0.9048,-0.2322,0
629765,-3.7963,-6.5825,-2.3386,-14.7700,15.6100,20.3700,-0.5051,0.5338,0.6965,0
629804,-7.2001,-8.8684,-0.9838,-23.0300,30.5200,37.1700,-0.7875,1.0436,1.2710,0
629843,-8.3347,-8.5214,-1.4482,-25.9000,-2.8700,-0.9100,-0.8856,-0.0981,-0.0311,0
629882,-6.1804,-6.1493,-2.0322,-18.4800,-44.5900,-40.7400,-0.6319,-1.5247,-1.3931,0
629921,-5.2516,-6.1684,-4.3157,-32.2700,-61.5300,-32.7600,-1.1035,-2.1040,-1.1202,0
629960,-5.2397,-8.2150,-5.0530,-26.8100,-53.3400,-3.6400,-0.9168,-1.8240,-0.1245,0
629999,-4.3205,-8.0618,-4.3325,4.0600,-39.4800,-0.2800,0.1388,-1.3500,-0.0096,0
630038,-4.6317,-7.1977,-4.4785,13.5800,-13.5800,-8.0500,0.4644,-0.4644,-0.2753,0
630077,-5.9554,-7.5615,-3.6264,20.7900,4.9000,-7.9100,0.7109,0.1676,-0.2705,0
630116,-5.6322,-7.4442,-3.5091,32.2000,-4.6200,-7.4900,1.1011,-0.1580,-0.2561,0
630155,-4.7227,-7.3772,-3.8226,42.9800,-1.8900,-12.3900,1.4697,-0.0646,-0.4237,0
630194,-3.0902,-7.0373,-3.0710,44.1700,14.1400,-5.1800,1.5104,0.4835,-0.1771,0
630233,-6.1014,-8.3849,-1.3548,-2.5200,72.3100,24.6400,-0.0862,2.4726,0.8426,0
630272,-5.8812,-8.4113,-4.1314,8.4000,84.3500,7.9800,0.2872,2.8843,0.2729,0
630311,-8.2006,-12.4757,-0.1029,-3.6400,83.3000,44.3800,-0.1245,2.8484,1.5176,0
630350,-7.4131,-11.4512,2.1208,-3.3600,25.9700,25.6900,-0.1149,0.8880,0.8785,0
630389,-6.4509,-5.7878,0.9790,-21.5600,2.4500,-6.8600,-0.7372,0.0838,-0.2346,0
630428,-6.6759,-6.9631,-0.2681,-15.7500,5.2500,3.0800,-0.5386,0.1795,0.1053,0
630467,-5.2229,-7.4849,-1.5343,45.5700,14.4900,-1.9600,1.5583,0.4955,-0.0670,0
630506,-5.3187,-8.1408,-2.3266,22.4700,2.5200,15.9600,0.7684,0.0862,0.5457,0
630545,-5.9817,-7.6525,-2.2237,2.8000,13.0200,22.5400,0.0957,0.4452,0.7708,0
630584,-5.6753,-6.0775,-2.2692,11.1300,33.7400,12.8100,0.3806,1.1537,0.4380,0
630623,-7.0397,-4.3445,-1.9508,3.3600,26.9500,-1.1200,0.1149,0.9216,-0.0383,0
630662,-7.5184,-3.5785,-1.0077,-14.2100,8.6100,-17.5000,-0.4859,0.2944,-0.5984,0
630701,-7.9182,-5.9793,1.4027,-27.0900,-20.5800,-37.3100,-0.9263,-0.7037,-1.2758,0
630740,-5.6251,-5.2062,0.7684,-56.6300,-70.3500,-53.8300,-1.9365,-2.4056,-1.8407,0
630779,-7.5974,-15.9799,-7.4155,-90.9300,-63.1400,6.2300,-3.1093,-2.1591,0.2130,0
630818,-0.6295,-10.3262,-4.6867,-1.7500,-29.4000,13.3000,-0.0598,-1.0053,0.4548,0
630857,-1.4122,-6.3838,-4.4115,45.1500,21.7000,2.4500,1.5439,0.7420,0.0838,0
630896,-5.6011,-8.9426,-4.8184,29.2600,75.0400,-9.1700,1.0005,2.5660,-0.3136,0
630935,-8.0666,-9.2754,-4.4187,28.4900,72.1700,-6.3700,0.9742,2.4678,-0.2178,0
630974,-6.8961,-6.8075,-3.7820,11.1300,30.6600,-0.6300,0.3806,1.0484,-0.0215,0
631013,-4.5527,-5.9745,-5.1822,25.5500,5.3900,-11.9700,0.8737,0.1843,-0.4093,0
631052,-3.4085,-7.6884,-0.5769,23.8000,4.9000,6.3700,0.8138,0.1676,0.2178,0
631091,-6.6088,-6.2594,-1.5032,-10.2200,40.6700,21.3500,-0.3495,1.3907,0.7301,0
631130,-7.4083,-6.5729,-3.8202,-29.3300,32.3400,19.5300,-1.0029,1.1059,0.6678,0
631169,-6.1900,-7.7865,-1.5750,-41.2300,-22.1200,-11.8300,-1.4099,-0.7564,-0.4045,0
631208,-7.0134,-8.7296,-2.7096,-16.4500,-30.7300,-40.2500,-0.5625,-1.0508,-1.3763,0
631247,-5.5700,-7.7602,-4.1458,-7.3500,-16.2400,-22.6100,-0.2513,-0.5553,-0.7731,0
631286,-5.4024,-7.4179,-2.3338,-14.0700,-10.3600,-9.1700,-0.4811,-0.3543,-0.3136,0
631325,-5.2588,-7.8200,-2.6905,11.4100,-5.6000,-34.0200,0.3902,-0.1915,-1.1633,0
631364,-3.9256,-6.2450,-3.1811,18.6900,-7.2800,-44.1700,0.6391,-0.2489,-1.5104,0
631403,-3.7197,-6.8195,-1.6588,-10.2900,-11.6200,-23.2400,-0.3519,-0.3973,-0.7947,0
631442,-4.7011,-9.1772,-2.6498,-1.4000,-16.8000,-39.4800,-0.0479,-0.5745,-1.3500,0
631481,-4.4976,-8.3538,-4.0692,5.3200,-16.8000,-19.2500,0.1819,-0.5745,-0.6583,0
631520,-3.4349,-7.5519,-1.9843,-2.7300,-14.0700,-19.0400,-0.0934,-0.4811,-0.6511,0
631559,-3.8370,-8.7703,-3.3750,3.9200,-10.8500,-20.8600,0.1340,-0.3710,-0.7133,0
631598,-4.1386,-8.9618,-3.4564,-1.0500,-11.7600,-4.0600,-0.0359,-0.4021,-0.1388,0
631637,-4.5096,-8.8780,-2.4894,0.9800,-3.2200,-10.5700,0.0335,-0.1101,-0.3614,0
631676,-3.7317,-8.6123,-3.1452,6.7200,-6.7200,-14.1400,0.2298,-0.2298,-0.4835,0
631715,-3.6455,-8.4136,-2.6019,5.7400,-9.1000,-3.5700,0.1963,-0.3112,-0.1221,0
631754,-4.2774,-8.4855,-2.5349,1.8200,-4.0600,-1.6800,0.0622,-0.1388,-0.0574,0
631793,-3.8538,-8.1288,-2.4846,2.5900,-4.2000,-4.7600,0.0886,-0.1436,-0.1628,0
631832,-3.8466,-8.5692,-1.9843,-0.4900,-6.5100,-5.3200,-0.0168,-0.2226,-0.1819,0
631871,-3.6862,-7.9277,-2.3912,-4.7600,-4.9700,-5.8100,-0.1628,-0.1699,-0.1987,0
631910,-3.9136,-8.5261,-2.2309,-10.0800,-4.4100,-7.9100,-0.3447,-0.1508,-0.2705,0
631949,-4.3373,-8.9426,-2.7096,-10.1500,3.1500,-5.5300,-0.3471,0.1077,-0.1891,0
631988,-4.0764,-9.5602,-2.8484,-10.6400,-2.1000,-17.8500,-0.3638,-0.0718,-0.6104,0
632027,-3.9758,-9.3328,-3.9926,-7.9100,-4.2000,-5.0400,-0.2705,-0.1436,-0.1723,0
632066,-3.9399,-9.0815,-3.1405,-5.1100,-8.9600,7.4900,-0.1747,-0.3064,0.2561,0
632105,-4.0357,-9.3639,-2.8030,-10.9200,-12.9500,5.8800,-0.3734,-0.4428,0.2011,0
632144,-4.1554,-8.8541,-3.1046,-14.4200,-21.5600,8.1900,-0.4931,-0.7372,0.2801,0
632183,-4.0907,-8.4256,-3.1668,-13.4400,-30.1700,6.2300,-0.4596,-1.0317,0.2130,0
632222,-4.1961,-8.7871,-2.7670,-15.7500,-35.7700,7.8400,-0.5386,-1.2232,0.2681,0
632261,-4.5120,-8.2557,-2.7479,-11.8300,-39.5500,10.2900,-0.4045,-1.3524,0.3519,0
632300,-4.4785,-7.5854,-1.9700,-7.7700,-45.0100,12.9500,-0.2657,-1.5391,0.4428,0
632339,-4.3349,-7.3317,-1.6181,-10.8500,-47.3900,17.8500,-0.3710,-1.6205,0.6104,0
632378,-4.3756,-7.9589,-1.2519,-9.6600,-42.1400,22.8200,-0.3303,-1.4410,0.7803,0
632417,-5.2014,-7.2551,-1.4314,-10.6400,-36.7500,34.8600,-0.3638,-1.2567,1.1920,0
632456,-6.0200,-7.2575,-1.5247,-14.1400,-30.9400,53.0600,-0.4835,-1.0580,1.8144,0
632495,-6.8626,-6.7668,-1.4841,-19.7400,-22.5400,63.0000,-0.6750,-0.7708,2.1543,0
632534,-7.6261,-6.4748,-0.8234,-21.8400,-17.6400,53.5500,-0.7468,-0.6032,1.8311,0
632573,-7.4634,-5.6993,-0.0048,-14.2100,-19.3900,23.5200,-0.4859,-0.6630,0.8043,0
632612,-7.3580,-5.7256,0.5625,-20.5800,-32.4100,10.9200,-0.7037,-1.1083,0.3734,0
632651,-6.9607,-5.9410,0.3136,6.0900,-41.9300,-25.7600,0.2082,-1.4338,-0.8809,0
632690,-7.0325,-6.3791,-1.9843,-52.8500,-64.5400,-0.8400,-1.8072,-2.2069,-0.0287,0
632729,-6.6687,-6.4724,-2.2381,-84.3500,-63.2100,-4.1300,-2.8843,-2.1615,-0.1412,0
632768,-9.7301,-8.6410,-5.8070,-107.4500,-28.4900,52.3600,-3.6742,-0.9742,1.7904,0
632807,-8.9163,-7.4418,-4.8471,-54.6700,-42.7000,-70.8400,-1.8694,-1.4601,-2.4224,0
632846,-6.6567,-6.5945,-4.7849,-71.2600,-55.2300,-27.4400,-2.4367,-1.8886,-0.9383,0
632885,-7.0038,-4.6269,-5.0434,-83.8600,-74.6900,-37.9400,-2.8676,-2.5540,-1.2974,0
632924,-6.8099,-5.2756,-4.7705,-96.2500,-66.3600,-42.3500,-3.2913,-2.2692,-1.4482,0
632963,-7.3652,-5.3426,-4.9668,-96.7400,-63.4900,-47.8100,-3.3080,-2.1710,-1.6349,0
633002,-6.9057,-4.9596,-4.7992,-80.9200,-74.4100,-75.3200,-2.7670,-2.5444,-2.5756,0
633041,-5.3378,-4.6173,-5.0530,-83.0900,-90.5800,-66.8500,-2.8413,-3.0974,-2.2859,0
633080,-4.8950,-5.1894,-5.1703,-86.7300,-83.5800,-45.1500,-2.9657,-2.8580,-1.5439,0
633119,-6.0439,-5.9937,-5.3043,-80.3600,-76.3700,-27.3000,-2.7479,-2.6115,-0.9335,0
633158,-6.7596,-6.6424,-5.2756,-73.6400,-79.2400,-35.0700,-2.5181,-2.7096,-1.1992,0
633197,-6.6208,-6.1469,-4.6030,-70.1400,-87.3600,-45.9200,-2.3984,-2.9873,-1.5702,0
633236,-6.5370,-5.7136,-4.5431,-65.5200,-97.9300,-52.4300,-2.2404,-3.3487,-1.7928,0
633275,-5.9147,-5.7806,-5.4886,-59.9900,-104.8600,-56.8400,-2.0513,-3.5857,-1.9436,0
633314,-5.3163,-6.9655,-4.9500,-52.5000,-101.7800,-44.7300,-1.7952,-3.4804,-1.5295,0
633353,-5.5269,-7.1881,-6.0894,-53.9000,-105.3500,-38.2900,-1.8431,-3.6024,-1.3093,0
633392,-4.5695,-6.1349,-5.3474,-35.4900,-83.0200,-44.9400,-1.2136,-2.8389,-1.5367,0
633431,-5.2205,-6.1564,-4.5982,-13.7200,-68.2500,-45.5700,-0.4692,-2.3338,-1.5583,0
633470,-5.9195,-6.4987,-4.3157,-18.9000,-72.1000,-40.3200,-0.6463,-2.4654,-1.3787,0
633509,-5.8477,-6.0679,-4.5479,-33.0400,-72.1700,-41.3700,-1.1298,-2.4678,-1.4146,0
633548,-5.7591,-5.8142,-3.8657,-43.0500,-66.9200,-25.5500,-1.4721,-2.2883,-0.8737,0
633587,-5.5102,-5.9290,-3.5019,-46.9000,-48.5800,5.7400,-1.6037,-1.6612,0.1963,0
633626,-6.9631,-8.2748,-1.5750,-68.6000,-2.3100,40.7400,-2.3458,-0.0790,1.3931,0
633665,-8.0115,-6.1158,-0.9024,-88.1300,-20.8600,36.6800,-3.0136,-0.7133,1.2543,0
633704,-13.0094,-9.9599,-0.3447,-70.0000,-59.7800,27.3000,-2.3936,-2.0442,0.9335,0
633743,-6.8937,-6.2977,-0.7492,-67.4100,-110.7400,-34.5100,-2.3051,-3.7867,-1.1801,0
633782,-7.3604,-5.7088,-2.4272,-91.0700,-127.0500,-28.7700,-3.1141,-4.3445,-0.9838,0
633821,-6.3695,-5.5772,-3.1859,-54.8100,-90.6500,-39.1300,-1.8742,-3.0998,-1.3380,0
633860,-4.9261,-5.1918,-2.5756,-29.2600,-50.6100,-22.5400,-1.0005,-1.7306,-0.7708,0
633899,-6.5993,-5.6394,-2.7742,-50.1200,-31.8500,8.6800,-1.7138,-1.0891,0.2968,0
633938,-7.6118,-4.4378,-2.1567,-60.9000,-26.3900,11.3400,-2.0825,-0.9024,0.3878,0
633977,-8.3275,-2.6737,-1.5128,-73.4300,-24.2900,2.8000,-2.5109,-0.8306,0.0957,0
634016,-9.9216,-1.9053,-2.3410,-86.2400,-28.4900,-16.4500,-2.9490,-0.9742,-0.5625,0
634055,-9.6009,-3.2913,-3.9160,-82.6000,-62.0200,-53.9700,-2.8245,-2.1208,-1.8455,0
634094,-7.9086,-3.0088,-4.7394,-91.2800,-75.1800,-41.9300,-3.1213,-2.5708,-1.4338,0
634133,-7.4442,-3.1811,-4.4929,-89.1100,-65.4500,3.2900,-3.0471,-2.2381,0.1125,0
634172,-7.8775,-11.6881,-5.6705,-7.8400,-73.9900,10.8500,-0.2681,-2.5301,0.3710,0
634211,-6.1780,-8.6985,0.7731,-3.4300,-40.1100,4.4800,-0.1173,-1.3716,0.1532,0
634250,-6.8482,-9.0336,-0.3184,6.5100,-57.8900,-48.1600,0.2226,-1.9795,-1.6468,0
634289,-5.7280,-7.4442,-2.7551,-7.7700,-68.0400,-89.1100,-0.2657,-2.3266,-3.0471,0
634328,-4.2559,-6.6280,-4.9500,-21.8400,-38.7100,-76.8600,-0.7468,-1.3237,-2.6282,0
634367,-2.4654,-7.3987,-4.1410,8.2600,16.9400,-45.1500,0.2824,0.5793,-1.5439,0
634406,-3.9232,-4.7729,-3.2673,42.1400,38.9200,-39.4800,1.4410,1.3309,-1.3500,0
634445,-5.6203,-6.5155,-2.4678,59.8500,53.4100,-5.1800,2.0466,1.8263,-0.1771,0
634484,-7.0325,-7.2479,-1.5056,57.8900,49.4200,-7.2100,1.9795,1.6899,-0.2465,0
634523,-7.6046,-7.0325,-1.2830,51.5200,25.4800,-44.0300,1.7617,0.8713,-1.5056,0
634562,-6.4533,-7.3293,-0.1245,67.9700,11.8300,-62.0900,2.3242,0.4045,-2.1232,0
634601,-5.2995,-7.3054,0.0718,76.7200,4.9700,-37.7300,2.6234,0.1699,-1.2902,0
634640,-5.7902,-8.4136,-0.4500,32.5500,9.5900,-17.5000,1.1130,0.3279,-0.5984,0
634679,-6.9822,-10.1514,-2.2692,37.5200,18.6200,-27.7200,1.2830,0.6367,-0.9479,0
634718,-5.3785,-7.7339,-4.9213,66.2200,67.4800,-36.7500,2.2644,2.3075,-1.2567,0
634757,-4.6341,-7.6501,1.1657,64.9600,123.4100,33.6700,2.2213,4.2200,1.1513,0
634796,-7.8128,-10.5153,2.3362,-53.1300,132.7200,104.4400,-1.8168,4.5383,3.5713,0
634835,-5.3618,-9.1126,-0.7325,-59.2900,80.2200,33.4600,-2.0274,2.7431,1.1442,0
634874,-1.7402,-6.4461,-0.3638,-56.6300,46.9700,50.1900,-1.9365,1.6061,1.7162,0
634913,-8.1791,-12.2339,-2.0394,-95.0600,66.7100,158.0600,-3.2506,2.2811,5.4048,0
634952,-8.1934,-9.9767,-1.0700,0.1400,42.2800,99.1200,0.0048,1.4458,3.3894,0
634991,-6.8099,-6.9200,-0.9886,50.4000,24.9200,49.0700,1.7234,0.8521,1.6779,0
635030,-6.0798,-5.4886,-1.5224,42.9800,8.7500,30.1700,1.4697,0.2992,1.0317,0
635069,-6.2713,-4.2942,-1.3692,27.4400,5.8100,32.5500,0.9383,0.1987,1.1130,0
635108,-6.5753,-3.7580,-1.1968,12.6000,17.4300,26.6700,0.4309,0.5960,0.9120,0
635147,-7.2982,-3.8538,-0.9814,-4.2700,18.5500,10.0800,-0.1460,0.6343,0.3447,0
635186,-8.1216,-3.7341,-0.7684,-23.8700,8.5400,-11.2000,-0.8162,0.2920,-0.3830,0
635225,-8.9570,-5.0171,-1.4649,-32.4100,9.8700,5.4600,-1.1083,0.3375,0.1867,0
635264,-9.0240,-7.9253,-2.1208,2.3800,21.6300,25.6900,0.0814,0.7396,0.8785,0
635303,-8.5740,-4.7777,-0.9694,-8.8900,9.8000,37.5900,-0.3040,0.3351,1.2854,0
635342,-13.8281,-5.1128,-3.9854,17.8500,38.3600,56.9800,0.6104,1.3117,1.9484,0
635381,-10.7714,-8.6386,-3.6312,48.7200,-25.1300,-15.7500,1.6660,-0.8593,-0.5386,0
635420,-7.0541,-8.0618,-1.9580,49.1400,-31.5000,-40.7400,1.6803,-1.0771,-1.3931,0
635459,-4.9405,-8.7440,-1.8838,60.4800,-31.2900,-73.1500,2.0681,-1.0700,-2.5014,0
635498,-4.8447,-6.3934,-2.8508,6.9300,-35.1400,-58.2400,0.2370,-1.2016,-1.9915,0
635537,-3.9854,-5.9985,-4.1865,3.1500,0.0700,-46.9000,0.1077,0.0024,-1.6037,0
635576,-3.9232,-6.2306,-4.0429,1.6100,31.0100,-23.8000,0.0551,1.0604,-0.8138,0
635615,-5.4024,-5.7830,-3.1141,20.5800,39.5500,-12.4600,0.7037,1.3524,-0.4261,0
635654,-7.0325,-6.5227,-1.5798,28.2800,40.3200,1.2600,0.9670,1.3787,0.0431,0
635693,-7.6979,-6.0655,-0.8593,40.1100,25.0600,-20.0200,1.3716,0.8569,-0.6846,0
635732,-7.8248,-5.5197,-0.7157,29.8900,-5.8100,-46.4800,1.0221,-0.1987,-1.5894,0
635771,-6.9511,-5.7687,-1.2614,26.1800,-23.3800,-52.8500,0.8952,-0.7995,-1.8072,0
635810,-5.2445,-7.9158,-2.1471,60.6200,-20.8600,-51.1700,2.0729,-0.7133,-1.7498,0
635849,-5.9793,-9.1317,-2.5420,98.4900,-25.4100,-48.2300,3.3679,-0.8689,-1.6492,0
635888,-6.8530,-7.4059,-2.7264,88.7600,-19.6000,-43.8900,3.0351,-0.6702,-1.5008,0
635927,-6.8578,-6.7022,-0.8426,8.8200,-18.3400,-10.0800,0.3016,-0.6271,-0.3447,0
635966,-7.1618,-11.4440,0.6989,-53.0600,20.2300,53.4800,-1.8144,0.6918,1.8287,0
636005,-4.9548,-10.0174,-2.4511,-83.0200,-18.2000,36.3300,-2.8389,-0.6223,1.2423,0
636044,-1.4553,-8.1216,-0.7875,-92.0500,-37.1700,33.3200,-3.1476,-1.2710,1.1394,0
636083,-0.6319,-6.5897,-0.3926,-136.3600,-1.2600,82.7400,-4.6628,-0.0431,2.8293,0
636122,-7.2096,-11.6331,-1.4434,-123.2000,11.0600,137.6900,-4.2128,0.3782,4.7083,0
636161,-7.5998,-7.7362,-1.3189,-37.0300,3.3600,40.3900,-1.2662,0.1149,1.3811,0
636200,-7.3916,-5.8979,-0.4883,-35.7000,-21.9100,36.1200,-1.2208,-0.7492,1.2351,0
636239,-7.4849,-4.9477,-0.8928,-21.7700,-50.5400,1.1200,-0.7444,-1.7282,0.0383,0
636278,-6.2929,-4.1195,-1.1059,-41.0200,-61.7400,-1.8200,-1.4027,-2.1112,-0.0622,0
636317,-5.7112,-4.6867,-2.3170,-54.3900,-40.6000,0.7700,-1.8599,-1.3883,0.0263,0
636356,-6.0320,-4.4809,-3.2218,-42.7000,-14.0700,-11.5500,-1.4601,-0.4811,-0.3950,0
636395,-7.8583,-4.0333,-2.7335,-56.4900,-8.2600,-17.5000,-1.9317,-0.2824,-0.5984,0
636434,-8.1623,-6.4844,-2.2931,-48.3700,3.0800,-15.1200,-1.6540,0.1053,-0.5170,0
636473,-9.4333,-7.3940,-3.5665,-59.2200,-23.8700,11.2700,-2.0250,-0.8162,0.3854,0
636512,-8.0139,-3.8945,-2.0394,-48.5100,-38.9200,-5.7400,-1.6588,-1.3309,-0.1963,0
636551,-10.7068,-0.8713,-5.4623,-31.6400,-5.2500,11.9000,-1.0819,-0.1795,0.4069,0
636590,-11.8270,-11.6642,-9.1174,-40.6700,-49.1400,27.7900,-1.3907,-1.6803,0.9503,0
636629,-5.4288,-8.7440,-2.0131,15.8900,-45.7100,-37.3800,0.5434,-1.5630,-1.2782,0
636668,-6.4389,-8.7847,-1.2184,16.8700,-28.9100,-30.1000,0.5769,-0.9886,-1.0293,0
636707,-6.8147,-7.1546,-1.6612,15.4700,-41.3700,-79.1000,0.5290,-1.4146,-2.7048,0
636746,-5.7878,-5.6490,-3.7317,-3.2200,-45.7800,-79.7300,-0.1101,-1.5654,-2.7264,0
636785,-3.5761,-7.1594,-3.7556,-0.2800,-13.5100,-66.6400,-0.0096,-0.4620,-2.2787,0
636824,-4.0668,-4.5503,-3.4660,21.7000,7.8400,-41.0900,0.7420,0.2681,-1.4051,0
636863,-5.5030,-6.3767,-2.3314,35.4200,21.4900,8.8900,1.2112,0.7348,0.3040,0
636902,-6.7572,-8.0498,-1.6349,57.0500,20.9300,-5.1800,1.9508,0.7157,-0.1771,0
636941,-6.8626,-7.4514,-1.8072,58.1000,0.9800,-43.1200,1.9867,0.0335,-1.4745,0
636980,-6.4365,-7.9277,-2.3960,52.6400,-10.5700,-56.4900,1.8000,-0.3614,-1.9317,0
637019,-6.2402,-6.6088,-1.0245,70.9800,-10.0100,-58.3100,2.4272,-0.3423,-1.9939,0
637058,-5.2636,-7.2623,-1.0125,83.3700,4.7600,-36.8200,2.8508,0.1628,-1.2591,0
637097,-5.6370,-7.7075,-0.3543,54.3200,31.7800,-8.0500,1.8575,1.0867,-0.2753,0
637136,-5.2253,-7.7291,0.5457,12.6000,21.4200,6.6500,0.4309,0.7325,0.2274,0
637175,-6.6591,-12.3775,-0.0981,-29.9600,87.5000,82.6000,-1.0245,2.9921,2.8245,0
637214,-6.5035,-10.7953,-3.3391,-48.5800,71.6800,75.5300,-1.6612,2.4511,2.5827,0
637253,-2.2045,-5.4982,1.0053,-80.7800,64.4700,87.7100,-2.7623,2.2045,2.9992,0
637292,-8.6147,-10.1059,-0.9503,-79.1700,49.4200,121.2400,-2.7072,1.6899,4.1458,0
637331,-8.9283,-8.6458,-1.2184,17.0100,42.7700,60.8300,0.5817,1.4625,2.0801,0
637370,-6.7381,-5.1918,-0.5338,55.7200,19.0400,7.5600,1.9053,0.6511,0.2585,0
637409,-6.8219,-4.7155,-0.4428,26.3900,5.5300,12.5300,0.9024,0.1891,0.4285,0
637448,-6.7908,-4.8735,-0.3447,9.3800,5.1800,12.8100,0.3207,0.1771,0.4380,0
637487,-6.6878,-4.5168,-1.4170,0.8400,-1.1200,-2.8700,0.0287,-0.0383,-0.0981,0
637526,-6.5275,-4.2248,-1.0149,-4.3400,5.6000,-19.7400,-0.1484,0.1915,-0.6750,0
637565,-7.1426,-4.7657,-0.8497,-17.0100,11.1300,-30.3100,-0.5817,0.3806,-1.0364,0
637604,-6.9894,-5.7926,-1.7498,-16.2400,12.1800,-28.3500,-0.5553,0.4165,-0.9694,0
637643,-6.8171,-6.3048,-3.3032,-21.3500,27.7200,18.1300,-0.7301,0.9479,0.6200,0
637682,-9.2083,-2.8293,-3.5378,-42.5600,50.1200,54.4600,-1.4553,1.7138,1.8623,0
637721,-16.8895,-14.3044,-1.4912,-18.5500,36.2600,105.2800,-0.6343,1.2399,3.6000,0
637760,-8.4424,-11.6331,-4.0357,54.2500,-52.7100,-10.7100,1.8551,-1.8024,-0.3662,0
637799,-4.1458,-6.1493,-1.3955,49.9100,-32.4800,-41.3000,1.7067,-1.1106,-1.4122,0
637838,-5.0410,-7.9517,-0.3567,50.6800,-7.3500,-53.7600,1.7330,-0.2513,-1.8383,0
637877,-5.4288,-8.3466,-2.9346,32.9000,-33.7400,-51.2400,1.1250,-1.1537,-1.7521,0
637916,-4.0285,-8.1097,-4.3684,26.1100,-4.1300,-41.5800,0.8928,-0.1412,-1.4218,0
637955,-2.1112,-7.4753,-4.3516,52.0800,30.8700,-36.6100,1.7809,1.0556,-1.2519,0
637994,-3.3463,-6.1421,-3.8801,68.3200,74.8300,-23.5200,2.3362,2.5588,-0.8043,0
638033,-5.8285,-6.9607,-3.4349,77.9800,91.1400,8.8200,2.6665,3.1165,0.3016,0
638072,-6.9057,-6.4269,-2.0705,91.3500,95.3400,18.1300,3.1237,3.2601,0.6200,0
638111,-6.7908,-7.6932,-1.5750,80.8500,84.2800,16.4500,2.7647,2.8819,0.5625,0
638150,-6.8602,-7.2455,-2.1088,84.9100,56.1400,-0.2100,2.9035,1.9197,-0.0072,0
638189,-6.3503,-7.4753,-1.3333,88.2000,57.7500,1.6800,3.0160,1.9748,0.0574,0
638228,-5.5293,-7.5950,-1.9700,84.9100,59.9200,6.0900,2.9035,2.0490,0.2082,0
638267,-5.2804,-7.9014,-2.9466,85.2600,65.8700,6.4400,2.9155,2.2524,0.2202,0
638306,-5.6657,-6.0583,-3.4038,103.9500,83.9300,5.9500,3.5546,2.8700,0.2035,0
638345,-6.4317,-5.9626,-3.7772,111.3000,110.6700,33.9500,3.8059,3.7843,1.1609,0
638384,-6.8195,-5.7902,-2.8915,112.7000,116.1300,50.1900,3.8538,3.9710,1.7162,0
638423,-5.3785,-7.0397,0.0215,98.4900,120.4700,65.1700,3.3679,4.1195,2.2285,0
638462,-8.4543,-10.4578,0.5888,65.9400,152.3200,94.3600,2.2548,5.2086,3.2266,0
638501,-8.9259,-8.5692,-2.3841,34.5800,138.1800,59.3600,1.1825,4.7250,2.0298,0
638540,-8.0761,-3.7149,-2.1184,5.3200,105.4200,63.0000,0.1819,3.6048,2.1543,0
638579,-10.9270,-4.5575,2.3960,66.7100,64.4000,25.2000,2.2811,2.2021,0.8617,0
638618,-9.2323,-5.2110,2.3410,70.3500,39.2000,29.0500,2.4056,1.3404,0.9934,0
638657,-8.7775,-4.8950,1.0747,42.6300,10.1500,-8.6100,1.4577,0.3471,-0.2944,0
638696,-8.4663,-5.1703,0.2226,19.5300,-17.9200,-34.3000,0.6678,-0.6128,-1.1729,0
638735,-7.5950,-5.6466,-0.8521,14.3500,-26.2500,-49.0700,0.4907,-0.8976,-1.6779,0
638774,-7.0541,-6.8602,-0.8833,8.1900,-18.5500,-34.5100,0.2801,-0.6343,-1.1801,0
638813,-6.2211,-7.6788,-1.1394,21.5600,3.3600,-15.4000,0.7372,0.1149,-0.5266,0
638852,-6.5969,-6.2905,-1.9053,13.5800,9.6600,-3.0100,0.4644,0.3303,-0.1029,0
638891,-7.0397,-6.6663,-1.2399,33.2500,20.6500,0.9100,1.1370,0.7061,0.0311,0
638930,-7.3844,-6.8937,-0.3806,45.9200,21.7700,0.7700,1.5702,0.7444,0.0263,0
638969,-7.7578,-6.3886,0.0742,19.6700,14.6300,-0.3500,0.6726,0.5003,-0.0120,0
639008,-7.4107,-6.1373,-0.0191,2.8000,-4.3400,-1.1200,0.0957,-0.1484,-0.0383,0
639047,-7.2144,-6.5107,-0.9287,7.9100,-9.8000,2.5200,0.2705,-0.3351,0.0862,0
639086,-7.2719,-6.5538,-0.8282,0.2800,-10.9900,1.4000,0.0096,-0.3758,0.0479,0
639125,-7.1594,-6.5155,-0.7013,-4.7600,-9.1000,0.2800,-0.1628,-0.3112,0.0096,0
639164,-7.0229,-6.3647,-0.8138,-1.8900,-5.7400,1.0500,-0.0646,-0.1963,0.0359,0
639203,-7.3892,-6.4916,-0.7229,-4.5500,-5.8100,1.9600,-0.1556,-0.1987,0.0670,0
639242,-7.7650,-7.0708,-0.6822,-8.1900,-12.6700,0.1400,-0.2801,-0.4332,0.0048,0
639281,-7.1498,-6.7237,-0.5194,-6.0900,-19.8800,-8.6100,-0.2082,-0.6798,-0.2944,0
639320,-6.8650,-6.5658,-0.5912,-10.4300,-22.8900,-10.7100,-0.3567,-0.7827,-0.3662,0
639359,-6.7094,-6.5442,-0.9838,-11.8300,-19.1100,-9.0300,-0.4045,-0.6535,-0.3088,0
639398,-6.8865,-6.9727,-1.0724,-7.6300,-16.2400,-5.6000,-0.2609,-0.5553,-0.1915,0
639437,-6.6567,-6.6806,-0.8402,-0.4900,-10.7800,-7.7700,-0.0168,-0.3686,-0.2657,0
639476,-7.0229,-7.0541,-0.6942,-0.9800,-5.6000,-4.6900,-0.0335,-0.1915,-0.1604,0
639515,-6.8626,-7.1498,-0.6942,3.5000,-5.6700,-4.1300,0.1197,-0.1939,-0.1412,0
639554,-6.7932,-6.9296,-0.4835,2.6600,-5.1100,-4.1300,0.0910,-0.1747,-0.1412,0
639593,-6.9440,-6.9822,-0.5888,-0.4200,-6.4400,-5.9500,-0.0144,-0.2202,-0.2035,0
639632,-6.8650,-7.1618,-0.5553,-2.0300,-8.1200,-4.8300,-0.0694,-0.2777,-0.1652,0
639671,-6.4676,-7.0445,-0.5912,-1.4700,-8.0500,-2.7300,-0.0503,-0.2753,-0.0934,0
639710,-6.5969,-6.9535,-0.4524,-4.4800,-5.7400,-1.4700,-0.1532,-0.1963,-0.0503,0
639749,-7.0134,-7.4562,-0.6606,-3.9900,-6.1600,-1.6800,-0.1364,-0.2106,-0.0574,0
639788,-6.3599,-6.9918,-0.6487,2.3800,-3.7100,-3.6400,0.0814,-0.1269,-0.1245,0
639827,-6.3791,-6.8721,-0.4309,3.0100,1.0500,-1.0500,0.1029,0.0359,-0.0359,0
639866,-7.1187,-7.0588,-0.5290,3.7100,4.9000,0.4200,0.1269,0.1676,0.0144,0
639905,-7.1522,-6.8913,-0.2489,7.5600,2.9400,-3.5700,0.2585,0.1005,-0.1221,0
639944,-7.2312,-6.9152,-0.0862,3.8500,-2.3100,-7.2800,0.1317,-0.0790,-0.2489,0
639983,-7.1163,-7.0995,-0.2178,2.1700,-10.6400,-10.2900,0.0742,-0.3638,-0.3519,0
640022,-6.6232,-7.1905,-0.4117,1.6100,-14.0000,-10.5700,0.0551,-0.4787,-0.3614,0
640061,-6.3623,-7.0373,-0.3088,-2.5900,-13.6500,-10.5000,-0.0886,-0.4668,-0.3590,0
640100,-6.2594,-7.3054,-0.5338,-5.0400,-12.3200,-7.4200,-0.1723,-0.4213,-0.2537,0
640139,-6.0296,-7.2336,-0.3710,-1.8200,-5.4600,-3.9900,-0.0622,-0.1867,-0.1364,0
640178,-6.2570,-7.4466,-0.3973,-0.2800,-3.0800,0.9100,-0.0096,-0.1053,0.0311,0
640217,-6.5849,-7.3724,-0.3207,-0.8400,0.1400,1.4700,-0.0287,0.0048,0.0503,0
640256,-6.5514,-7.3509,-0.1652,2.8000,1.1900,0.2100,0.0957,0.0407,0.0072,0
640295,-6.6424,-7.3604,-0.1939,3.7100,0.3500,0.8400,0.1269,0.0120,0.0287,0
640334,-6.5227,-7.0876,-0.1340,4.0600,-0.2100,-0.9100,0.1388,-0.0072,-0.0311,0
640373,-6.6208,-7.4323,-0.2011,2.8700,-2.3800,0.1400,0.0981,-0.0814,0.0048,0
640412,-6.4724,-7.2838,-0.0622,3.3600,-0.2800,-0.6300,0.1149,-0.0096,-0.0215,0
640451,-6.4317,-7.2336,-0.1388,3.9900,-0.7000,-1.6800,0.1364,-0.0239,-0.0574,0
640490,-6.3719,-7.3126,-0.0383,4.2000,0.7700,0.9100,0.1436,0.0263,0.0311,0
640529,-6.2402,-7.3126,0.1077,5.3900,2.3100,2.1700,0.1843,0.0790,0.0742,0
640568,-6.7764,-7.7123,0.0239,4.5500,2.5200,3.2200,0.1556,0.0862,0.1101,0
640607,-6.4772,-7.4203,0.1699,7.9100,4.2000,-1.2600,0.2705,0.1436,-0.0431,0
640646,-6.4078,-7.6214,0.4644,5.9500,2.3100,-2.4500,0.2035,0.0790,-0.0838,0
640685,-6.3814,-8.0594,0.1149,4.0600,2.2400,-1.6100,0.1388,0.0766,-0.0551,0
640724,-6.1373,-7.7027,-0.0574,9.3800,1.4000,-7.7700,0.3207,0.0479,-0.2657,0
640763,-6.1900,-7.4346,-0.0718,12.6700,4.2000,-10.5000,0.4332,0.1436,-0.3590,0
640802,-6.1612,-7.6501,0.2011,4.2700,7.0000,-9.3800,0.1460,0.2394,-0.3207,0
640841,-6.5418,-7.9493,-0.3686,-5.6000,1.9600,-5.1800,-0.1915,0.0670,-0.1771,0
640880,-6.4509,-7.0277,-0.3758,9.5900,6.9300,-9.4500,0.3279,0.2370,-0.3231,0
640919,-6.2689,-6.7668,0.1987,19.9500,14.0000,-7.5600,0.6822,0.4787,-0.2585,0
640958,-6.1636,-6.7429,0.5960,14.9800,14.2800,-6.2300,0.5122,0.4883,-0.2130,0
640997,-6.2809,-6.9583,0.2824,11.3400,15.1900,-1.0500,0.3878,0.5194,-0.0359,0
641036,-6.2498,-7.2479,0.1125,11.9000,19.1800,1.4700,0.4069,0.6559,0.0503,0
641075,-6.0344,-7.2096,0.2585,8.0500,20.4400,-1.6100,0.2753,0.6989,-0.0551,0
641114,-6.4317,-7.2575,0.0239,0.5600,21.4200,4.9700,0.0191,0.7325,0.1699,0
641153,-5.7328,-7.6070,0.3112,9.9400,26.3900,5.2500,0.3399,0.9024,0.1795,0
641192,-5.6011,-6.9870,0.1149,14.6300,31.7800,-5.6700,0.5003,1.0867,-0.1939,0
641231,-5.8836,-7.2120,-0.0694,18.7600,43.2600,2.3100,0.6415,1.4793,0.0790,0
641270,-5.9626,-6.8291,0.0981,19.2500,47.0400,3.7100,0.6583,1.6085,0.1269,0
641309,-5.9578,-6.2091,0.7181,29.8900,54.9500,9.1700,1.0221,1.8790,0.3136,0
641348,-6.8027,-7.4610,0.5697,31.4300,57.1200,16.0300,1.0747,1.9532,0.5481,0
641387,-7.5400,-7.8368,0.7277,17.5700,49.6300,13.6500,0.6008,1.6971,0.4668,0
641426,-6.9009,-7.8009,0.4500,6.3000,39.4800,0.0000,0.2154,1.3500,0.0000,0
641465,-7.4227,-8.2293,-0.1652,15.6100,33.9500,-11.9700,0.5338,1.1609,-0.4093,0
641504,-6.5035,-7.9277,-0.0144,36.9600,33.0400,-19.6000,1.2638,1.1298,-0.6702,0
641543,-5.7806,-7.7913,0.4715,46.5500,45.2900,-20.5100,1.5918,1.5487,-0.7013,0
641582,-7.9349,-10.9701,-0.8114,50.5400,26.3900,7.2100,1.7282,0.9024,0.2465,0
641621,-4.3325,-7.4658,0.0622,60.4800,44.0300,-33.8100,2.0681,1.5056,-1.1561,0
641660,-4.6700,-7.0493,-1.8718,29.3300,59.6400,-8.5400,1.0029,2.0394,-0.2920,0
641699,-5.0243,-7.5400,-3.7149,43.8900,71.0500,-5.1100,1.5008,2.4295,-0.1747,0
641738,-4.0931,-6.7213,-2.6426,45.0800,80.9900,0.5600,1.5415,2.7694,0.0191,0
641777,-5.6753,-8.3155,-2.3841,27.5800,97.7900,25.6900,0.9431,3.3439,0.8785,0
641816,-6.8410,-8.6793,-2.1160,35.0700,99.4000,9.0300,1.1992,3.3990,0.3088,0
641855,-6.3599,-7.3963,-1.9580,42.4200,79.5900,-6.5100,1.4505,2.7216,-0.2226,0
641894,-5.8501,-7.0947,-1.7521,44.5200,80.7100,-4.6900,1.5224,2.7599,-0.1604,0
641933,-5.9338,-7.5687,-2.1279,51.8000,84.6300,0.3500,1.7713,2.8939,0.0120,0
641972,-6.4006,-7.4586,-2.3290,63.0700,90.5800,-7.4900,2.1567,3.0974,-0.2561,0
642011,-6.6806,-6.7932,-1.6612,64.3300,87.3600,-8.2600,2.1998,2.9873,-0.2824,0
642050,-6.8243,-6.8314,-1.0987,58.9400,78.4000,-0.1400,2.0154,2.6809,-0.0048,0
642089,-7.1594,-6.9870,-1.3093,56.2100,66.9900,2.5900,1.9221,2.2907,0.0886,0
642128,-7.6381,-7.4107,-0.7157,76.0900,56.0000,-3.5700,2.6019,1.9149,-0.1221,0
642167,-7.5543,-7.6644,-1.4601,70.8400,42.2100,-5.7400,2.4224,1.4434,-0.1963,0
642206,-7.4083,-6.1158,-1.1466,56.0700,36.6100,-6.3000,1.9173,1.2519,-0.2154,0
642245,-6.7932,-8.2030,1.4553,24.5700,55.7900,46.9700,0.8402,1.9077,1.6061,0
642284,-8.1264,-9.9791,-1.3069,-7.3500,44.1700,44.7300,-0.2513,1.5104,1.5295,0
642323,-4.5647,-8.7847,-1.7665,0.4900,28.7000,42.4200,0.0168,0.9814,1.4505,0
642362,-1.8838,-6.4796,0.3758,-26.9500,23.8700,53.7600,-0.9216,0.8162,1.8383,0
642401,-4.5336,-7.2767,-0.3782,-68.0400,29.3300,83.8600,-2.3266,1.0029,2.8676,0
642440,-6.7285,-8.3921,-1.3572,-52.6400,20.9300,83.3700,-1.8000,0.7157,2.8508,0
642479,-7.1977,-7.4562,-1.5271,-7.4900,23.0300,49.7000,-0.2561,0.7875,1.6995,0
642518,-6.9679,-6.1780,-0.7971,20.6500,22.6800,37.5200,0.7061,0.7755,1.2830,0
642557,-7.1618,-4.6987,-0.1173,12.8800,17.9200,19.3900,0.4404,0.6128,0.6630,0
642596,-7.3150,-3.7149,-0.6223,-13.1600,6.8600,5.1100,-0.4500,0.2346,0.1747,0
642635,-7.3150,-3.5737,-1.2543,-14.2800,2.5900,-16.3800,-0.4883,0.0886,-0.5601,0
642674,-7.4849,-3.5833,-1.3117,-30.6600,2.9400,-14.7000,-1.0484,0.1005,-0.5027,0
642713,-8.5477,-5.2971,-1.1753,-42.3500,9.8000,1.1900,-1.4482,0.3351,0.0407,0
642752,-9.2035,-6.0846,-1.3716,-45.9900,1.8900,22.1200,-1.5726,0.0646,0.7564,0
642791,-9.2371,-4.1003,-1.2591,-57.4000,-0.5600,25.6900,-1.9628,-0.0191,0.8785,0
642830,-15.4031,-12.4517,-9.2897,-38.7100,-11.3400,72.7300,-1.3237,-0.3878,2.4870,0
642869,-7.2743,-7.5591,-2.3242,25.5500,-18.5500,-5.8100,0.8737,-0.6343,-0.1987,0
642908,-6.5777,-9.1629,-2.2740,22.9600,-18.7600,-31.3600,0.7851,-0.6415,-1.0724,0
642947,-5.4168,-7.5567,-2.6258,25.1300,-24.5700,-82.8100,0.8593,-0.8402,-2.8317,0
642986,-4.2918,-6.3743,-2.7623,-13.3700,-33.8800,-68.0400,-0.4572,-1.1585,-2.3266,0
643025,-4.1123,-5.6657,-4.0309,-8.2600,1.9600,-40.1800,-0.2824,0.0670,-1.3739,0
643064,-4.8016,-6.4269,-3.7772,-7.5600,22.2600,-8.1200,-0.2585,0.7612,-0.2777,0
643103,-5.9290,-6.1612,-3.3152,21.4900,23.3800,-4.3400,0.7348,0.7995,-0.1484,0
643142,-7.3844,-6.5562,-2.3266,42.8400,20.1600,-12.3900,1.4649,0.6894,-0.4237,0
643181,-7.5184,-6.6495,-1.5056,38.4300,5.3900,-33.0400,1.3141,0.1843,-1.1298,0
643220,-6.9248,-6.5801,-2.1447,39.6200,-21.8400,-57.4700,1.3548,-0.7468,-1.9652,0
643259,-6.2737,-6.1540,-2.1208,48.7900,-38.1500,-64.8900,1.6684,-1.3045,-2.2189,0
643298,-6.0080,-7.1977,-0.9383,52.4300,-43.6800,-54.6000,1.7928,-1.4936,-1.8670,0
643337,-5.6059,-8.3562,-0.9622,57.7500,-42.1400,-37.4500,1.9748,-1.4410,-1.2806,0
643376,-5.3737,-9.9408,-1.9197,50.9600,-33.1100,-39.9700,1.7426,-1.1322,-1.3668,0
643415,-5.9075,-9.4309,-3.7221,34.7900,-20.2300,-38.6400,1.1896,-0.6918,-1.3213,0
643454,-5.4192,-6.2498,-2.7575,53.8300,47.1100,5.6700,1.8407,1.6109,0.1939,0
643493,-6.6112,-9.0743,2.3290,-11.7600,91.5600,87.1500,-0.4021,3.1309,2.9801,0
643532,-6.4748,-9.4932,0.7468,-80.0800,51.6600,54.2500,-2.7383,1.7665,1.8551,0
643571,-2.5588,-6.4652,-0.2681,-78.7500,5.4600,22.3300,-2.6928,0.1867,0.7636,0
643610,-2.6952,-5.2181,-0.6295,-143.5700,25.8300,120.2600,-4.9094,0.8833,4.1123,0
643649,-8.6506,-10.2687,-1.1777,-102.3400,-5.1800,96.2500,-3.4995,-0.1771,3.2913,0
643688,-7.1187,-8.0307,-0.7755,-48.3000,-6.3700,54.2500,-1.6516,-0.2178,1.8551,0
643727,-7.2791,-5.9961,-1.3859,-25.2000,-25.6900,29.6800,-0.8617,-0.8785,1.0149,0
643766,-7.3628,-5.2157,-1.5990,5.4600,-34.0200,-10.0800,0.1867,-1.1633,-0.3447,0
643805,-6.4892,-4.5527,-1.6325,-16.9400,-42.5600,7.8400,-0.5793,-1.4553,0.2681,0
643844,-5.2828,-4.7849,-2.1088,-8.8900,-20.7900,3.3600,-0.3040,-0.7109,0.1149,0
643883,-5.4216,-4.2607,-2.8795,-15.4000,-6.1600,-3.5000,-0.5266,-0.2106,-0.1197,0
643922,-7.5471,-3.1979,-1.7952,-31.2900,12.1800,-5.7400,-1.0700,0.4165,-0.1963,0
643961,-8.9259,-4.7298,-1.8383,-48.0900,7.5600,-25.4800,-1.6444,0.2585,-0.8713,0
644000,-8.7799,-6.4820,-3.0663,-61.3200,-14.9100,-16.8000,-2.0968,-0.5098,-0.5745,0
644039,-8.2365,-6.7668,-3.1692,-46.0600,-5.7400,14.2800,-1.5750,-0.1963,0.4883,0
644078,-8.1408,-4.3540,-1.9819,-18.1300,17.4300,14.5600,-0.6200,0.5960,0.4979,0
644117,-13.5193,-13.2344,-4.7274,-25.9000,-7.4900,59.5700,-0.8856,-0.2561,2.0370,0
644156,-6.8602,-9.0288,-2.5827,45.9200,-17.6400,-14.2800,1.5702,-0.6032,-0.4883,0
644195,-5.9745,-7.3341,-0.4883,31.6400,3.8500,-16.5900,1.0819,0.1317,-0.5673,0
644234,-6.6088,-8.3849,-0.9862,34.6500,-5.7400,-53.8300,1.1849,-0.1963,-1.8407,0
644273,-6.0942,-6.8889,-2.5684,10.9200,-50.8900,-71.5400,0.3734,-1.7402,-2.4463,0
644312,-4.1913,-6.6304,-4.5048,-1.1200,-2.4500,-45.8500,-0.0383,-0.0838,-1.5678,0
644351,-3.3224,-6.2665,-4.4163,24.5700,22.1200,-34.0200,0.8402,0.7564,-1.1633,0
644390,-5.0602,-6.4269,-3.6671,53.5500,47.1100,-9.8000,1.8311,1.6109,-0.3351,0
644429,-6.8769,-6.8003,-2.3099,74.0600,52.1500,-12.4600,2.5325,1.7833,-0.4261,0
644468,-6.6806,-6.2737,-1.1011,73.2200,42.4200,-35.1400,2.5037,1.4505,-1.2016,0
644507,-6.3886,-7.2073,-1.1178,53.2700,26.3200,-37.8000,1.8216,0.9000,-1.2926,0
644546,-6.4939,-8.1240,-1.5415,61.8800,14.9100,-44.6600,2.1160,0.5098,-1.5271,0
644585,-6.4389,-5.7926,-0.1029,64.8900,9.3100,-40.4600,2.2189,0.3184,-1.3835,0
644624,-6.0439,-6.8745,0.5170,51.8700,13.6500,-5.2500,1.7737,0.4668,-0.1795,0
644663,-6.2235,-10.2304,-0.8473,51.1700,23.5200,4.5500,1.7498,0.8043,0.1556,0
644702,-5.9650,-9.2203,-0.1340,43.7500,39.0600,-1.6800,1.4960,1.3357,-0.0574,0
644741,-6.7501,-10.9820,0.0287,-20.5800,72.3800,56.2800,-0.7037,2.4750,1.9245,0
644780,-5.3163,-7.6812,-3.8753,-20.6500,3.8500,33.8800,-0.7061,0.1317,1.1585,0
644819,-1.1226,-4.0979,0.4979,-25.4100,36.7500,61.9500,-0.8689,1.2567,2.1184,0
644858,-4.9333,-8.5477,-0.3567,-65.2400,49.8400,130.2000,-2.2309,1.7043,4.4522,0
644897,-8.5836,-10.0940,-1.8694,-5.3900,56.4900,91.9100,-0.1843,1.9317,3.1428,0
644936,-7.1594,-6.3288,-1.0317,31.3600,25.4100,31.0800,1.0724,0.8689,1.0628,0
644975,-7.3078,-4.8830,-0.5266,5.8100,12.0400,38.4300,0.1987,0.4117,1.3141,0
645014,-6.9822,-4.4163,-0.5912,14.4900,3.2200,11.2700,0.4955,0.1101,0.3854,0
645053,-6.7596,-3.7580,-1.3716,-6.5100,-10.7800,3.7100,-0.2226,-0.3686,0.1269,0
645092,-6.9679,-4.2439,-1.4960,-11.4800,2.1000,-9.4500,-0.3926,0.0718,-0.3231,0
645131,-7.8799,-4.6891,-0.9455,-24.0100,16.1700,-12.9500,-0.8210,0.5529,-0.4428,0
645170,-8.2748,-6.2857,-0.8593,-23.8700,19.9500,-9.5200,-0.8162,0.6822,-0.3255,0
645209,-8.0690,-6.6926,-1.7115,-24.5700,15.1200,22.2600,-0.8402,0.5170,0.7612,0
645248,-9.1509,-5.9243,-0.0790,-18.9700,8.6100,12.5300,-0.6487,0.2944,0.4285,0
645287,-15.0105,-11.7241,-8.3179,11.2700,30.5900,90.7200,0.3854,1.0460,3.1022,0
645326,-6.7429,-6.1804,-1.9508,38.9200,-49.3500,-36.4000,1.3309,-1.6875,-1.2447,0
645365,-6.3288,-9.6057,-2.4367,35.8400,-11.9700,-25.0600,1.2255,-0.4093,-0.8569,0
645404,-4.0189,-6.5873,-3.0351,55.7200,-11.7600,-92.4000,1.9053,-0.4021,-3.1596,0
645443,-4.9094,-6.0631,-2.8221,11.2700,-18.9700,-72.4500,0.3854,-0.6487,-2.4774,0
645482,-4.4115,-5.2732,-3.8681,-7.6300,-21.9100,-50.5400,-0.2609,-0.7492,-1.7282,0
645521,-5.0985,-6.5705,-3.0184,-17.5000,2.4500,-34.7900,-0.5984,0.0838,-1.1896,0
645560,-5.1080,-6.7740,-2.9992,-20.7200,-4.9000,-16.7300,-0.7085,-0.1676,-0.5721,0
645599,-6.1684,-6.9894,-2.3266,1.9600,-1.4000,-18.1300,0.0670,-0.0479,-0.6200,0
645638,-7.2001,-7.0636,-1.8503,20.7900,-7.7000,-39.7600,0.7109,-0.2633,-1.3596,0
645677,-5.7208,-6.8147,-2.6665,13.7200,-26.1100,-41.5100,0.4692,-0.8928,-1.4194,0
645716,-6.0104,-7.3341,-3.0280,18.6900,-35.3500,-25.5500,0.6391,-1.2088,-0.8737,0
645755,-6.1038,-7.4562,-2.6354,41.7200,-36.4000,-29.8200,1.4266,-1.2447,-1.0197,0
645794,-6.0607,-7.2144,-2.8413,41.8600,-37.0300,-20.9300,1.4314,-1.2662,-0.7157,0
645833,-6.4102,-9.4142,-1.8431,73.6400,-29.1200,-33.4600,2.5181,-0.9958,-1.1442,0
645872,-6.0009,-7.5926,-2.0681,86.5200,-33.8800,-61.5300,2.9585,-1.1585,-2.1040,0
645911,-6.1014,-6.8889,-3.0327,36.2600,-36.7500,-26.4600,1.2399,-1.2567,-0.9048,0
645950,-4.9955,-6.6974,-2.4152,15.5400,-12.7400,9.6600,0.5314,-0.4356,0.3303,0
645989,-6.4006,-11.2286,1.0125,-45.3600,31.7800,80.2200,-1.5511,1.0867,2.7431,0
646028,-5.3091,-8.8014,-1.4673,-83.3700,-8.9600,40.8100,-2.8508,-0.3064,1.3955,0
646067,-1.1466,-6.8362,0.0144,-90.3000,-24.7100,37.2400,-3.0878,-0.8450,1.2734,0
646106,-6.2474,-10.8408,-0.7301,-168.5600,23.3800,151.4100,-5.7639,0.7995,5.1774,0
646145,-9.2897,-10.4913,-1.6827,-90.5100,-10.3600,73.9900,-3.0950,-0.3543,2.5301,0
646184,-7.7339,-6.6017,-0.4285,-47.8100,-28.2100,11.9700,-1.6349,-0.9646,0.4093,0
646223,-8.3562,-5.9841,-0.4045,-47.3200,-59.3600,-22.2600,-1.6181,-2.0298,-0.7612,0
646262,-7.6309,-5.2110,-1.5654,-57.8900,-85.1900,-21.1400,-1.9795,-2.9131,-0.7229,0
646301,-6.3408,-4.5838,-2.1160,-58.9400,-78.4000,-29.9600,-2.0154,-2.6809,-1.0245,0
646340,-6.0224,-4.7562,-2.5827,-66.0800,-67.6200,-26.2500,-2.2596,-2.3123,-0.8976,0
646379,-5.7926,-5.0219,-2.6115,-66.2900,-51.9400,-25.9700,-2.2668,-1.7761,-0.8880,0
646418,-5.9506,-5.4168,-3.4229,-67.0600,-46.9000,-29.8900,-2.2931,-1.6037,-1.0221,0
646457,-6.5442,-6.0056,-3.7532,-53.4800,-27.1600,-28.4200,-1.8287,-0.9287,-0.9718,0
646496,-6.6735,-7.3676,-3.7269,-59.1500,-21.9100,13.0200,-2.0226,-0.7492,0.4452,0
646535,-7.9229,-5.5006,-3.7245,-65.5200,-9.4500,23.9400,-2.2404,-0.3231,0.8186,0
646574,-9.5674,-3.8562,-3.1524,-61.3900,-5.0400,14.1400,-2.0992,-0.1723,0.4835,0
646613,-11.9347,-9.7732,-4.3971,-73.4300,-28.0000,22.6100,-2.5109,-0.9575,0.7731,0
646652,-7.4969,-10.9413,-5.4719,-24.0800,-66.8500,-20.6500,-0.8234,-2.2859,-0.7061,0
646691,-5.6346,-6.4676,-0.9168,-16.8700,-50.3300,-26.3900,-0.5769,-1.7210,-0.9024,0
646730,-5.2469,-8.9091,-1.5511,-8.7500,-29.4000,-24.2900,-0.2992,-1.0053,-0.8306,0
646769,-5.2828,-7.2288,-2.5684,0.7000,-58.5900,-77.0700,0.0239,-2.0035,-2.6354,0
646808,-4.9860,-5.8620,-4.4809,-10.1500,-61.5300,-70.0700,-0.3471,-2.1040,-2.3960,0
646847,-4.0357,-7.1235,-4.0070,-17.2900,-8.4700,-36.7500,-0.5912,-0.2896,-1.2567,0
646886,-4.3828,-5.7830,-3.7197,-0.2100,5.6000,-39.6900,-0.0072,0.1915,-1.3572,0
646925,-4.8375,-6.4365,-3.0902,23.6600,5.3900,-8.0500,0.8091,0.1843,-0.2753,0
646964,-5.8979,-6.1612,-2.7934,34.4400,10.1500,7.1400,1.1777,0.3471,0.2442,0
647003,-7.7051,-6.0056,-1.7928,18.3400,0.2800,-20.3000,0.6271,0.0096,-0.6942,0
647042,-8.0785,-6.8003,-1.0700,22.1200,-23.8700,-31.4300,0.7564,-0.8162,-1.0747,0
647081,-6.2235,-8.1073,-0.5960,98.2800,-33.6700,-86.9400,3.3607,-1.1513,-2.9729,0
647120,-3.6168,-8.7392,-2.2931,118.5100,-37.9400,-95.0600,4.0524,-1.2974,-3.2506,0
647159,-3.9567,-8.2437,-4.4115,18.2000,-28.6300,-38.2200,0.6223,-0.9790,-1.3069,0
647198,-5.5820,-7.6261,-3.0926,15.5400,3.8500,-9.8700,0.5314,0.1317,-0.3375,0
647237,-5.6969,-8.7703,-2.8652,64.8900,42.2800,8.2600,2.2189,1.4458,0.2824,0
647276,-4.2535,-8.9642,0.5122,47.9500,84.7000,31.5700,1.6396,2.8963,1.0795,0
647315,-5.7974,-8.3921,1.5152,-41.0200,73.6400,45.9200,-1.4027,2.5181,1.5702,0
647354,-5.7567,-8.9355,0.9694,-94.0800,63.8400,52.3600,-3.2171,2.1830,1.7904,0
647393,-6.7477,-10.2232,-1.4865,-66.3600,32.9700,47.8800,-2.2692,1.1274,1.6372,0
647432,-1.8551,-6.9416,0.5242,-63.2800,42.5600,55.5800,-2.1639,1.4553,1.9006,0
647471,-7.7626,-10.6589,-1.4075,-85.3300,32.8300,86.2400,-2.9178,1.1226,2.9490,0
647510,-8.3107,-10.0006,-1.3165,7.8400,23.1700,27.9300,0.2681,0.7923,0.9551,0
647549,-7.1378,-6.9487,-0.8210,44.3100,0.5600,-7.3500,1.5152,0.0191,-0.2513,0
647588,-8.1695,-4.1578,-0.6271,-4.0600,-34.5800,-6.9300,-0.1388,-1.1825,-0.2370,0
647627,-8.0043,-4.1649,-0.4979,-22.1200,-45.0800,-29.9600,-0.7564,-1.5415,-1.0245,0
647666,-6.9583,-3.1644,-0.2130,-47.3900,-57.7500,-49.6300,-1.6205,-1.9748,-1.6971,0
647705,-8.2245,-2.6881,-0.3016,-86.8700,-77.7700,-49.7700,-2.9705,-2.6593,-1.7019,0
647744,-6.0607,-7.1785,0.3734,-89.0400,-86.7300,-58.7300,-3.0447,-2.9657,-2.0083,0
647783,-5.4216,-6.9631,-0.7325,-156.5900,-137.5500,-69.7900,-5.3546,-4.7035,-2.3865,0
647822,-9.0073,-11.1400,-10.5919,-135.4500,-145.5300,-55.3700,-4.6317,-4.9764,-1.8934,0
647861,0.3088,-7.1259,-6.4987,-43.6800,-39.6200,7.9800,-1.4936,-1.3548,0.2729,0
647900,-2.8652,-7.5471,-5.6729,1.4000,24.9200,-16.9400,0.0479,0.8521,-0.5793,0
647939,-6.6902,-7.4729,-4.2008,0.7700,31.7100,-31.3600,0.0263,1.0843,-1.0724,0
647978,-6.0798,-6.9655,-2.5373,5.4600,3.8500,-38.7100,0.1867,0.1317,-1.3237,0
648017,-6.1301,-7.3198,-3.3032,-12.0400,-3.5700,-8.1900,-0.4117,-0.1221,-0.2801,0
648056,-5.9410,-9.4621,-4.3349,4.8300,-26.2500,-16.5200,0.1652,-0.8976,-0.5649,0
648095,-3.8418,-5.4695,-3.4277,14.5600,-15.4700,-45.7800,0.4979,-0.5290,-1.5654,0
648134,-4.6030,-6.2737,-2.5612,2.7300,3.5700,-24.1500,0.0934,0.1221,-0.8258,0
648173,-5.2157,-7.3413,-4.1697,-7.2100,-5.1800,-1.5400,-0.2465,-0.1771,-0.0527,0
648212,-6.0727,-7.9253,-3.6407,-1.4000,-6.1600,-0.3500,-0.0479,-0.2106,-0.0120,0
648251,-5.5317,-7.2216,-2.6785,-2.1700,-15.4000,-7.2800,-0.0742,-0.5266,-0.2489,0
648290,-5.6897,-7.3221,-2.7790,-17.7800,-15.1200,1.6100,-0.6080,-0.5170,0.0551,0
648329,-5.7543,-7.4346,-3.1811,-34.0200,-36.5400,-11.1300,-1.1633,-1.2495,-0.3806,0
648368,-5.1415,-7.5854,-3.7700,-20.3700,-31.8500,-21.7000,-0.6965,-1.0891,-0.7420,0
648407,-4.3588,-8.1360,-3.9758,-15.5400,-24.8500,-7.1400,-0.5314,-0.8497,-0.2442,0
648446,-5.0841,-7.4610,-4.0237,-14.2100,-17.5000,-5.6000,-0.4859,-0.5984,-0.1915,0
648485,-5.9314,-8.2485,-2.9346,-6.0900,-9.1700,-9.1700,-0.2082,-0.3136,-0.3136,0
648524,-5.8165,-8.1695,-3.6766,-6.7200,-11.4100,-4.8300,-0.2298,-0.3902,-0.1652,0
648563,-5.4766,-7.9182,-3.1740,1.9600,-19.9500,-13.7200,0.0670,-0.6822,-0.4692,0
648602,-5.1296,-7.5998,-2.8772,4.6900,-22.1900,-13.4400,0.1604,-0.7588,-0.4596,0
648641,-5.3665,-7.4442,-2.9011,5.8800,-21.1400,-10.4300,0.2011,-0.7229,-0.3567,0
648680,-5.4431,-7.3580,-2.5564,10.4300,-25.5500,-9.8000,0.3567,-0.8737,-0.3351,0
648719,-5.1966,-7.2551,-2.2357,15.8900,-23.0300,-6.7900,0.5434,-0.7875,-0.2322,0
648758,-5.5724,-7.7650,-2.1710,9.0300,-16.4500,8.4700,0.3088,-0.5625,0.2896,0
648797,-6.3958,-7.7865,-1.4601,9.6600,-19.8800,13.5800,0.3303,-0.6798,0.4644,0
648836,-6.5346,-7.1546,-1.0700,13.8600,-17.8500,18.5500,0.4739,-0.6104,0.6343,0
648875,-5.8165,-7.4658,-0.8378,6.0900,-9.2400,31.7800,0.2082,-0.3160,1.0867,0
648914,-6.1086,-7.4418,-0.9527,-0.2800,2.3800,45.3600,-0.0096,0.0814,1.5511,0
648953,-7.4323,-5.6729,-0.0120,-8.6800,-14.8400,27.5800,-0.2968,-0.5075,0.9431,0
648992,-7.9493,-5.8572,0.3997,-29.1200,-34.3000,9.6600,-0.9958,-1.1729,0.3303,0
649031,-7.4849,-5.6634,0.2226,-53.9000,-58.3800,3.5700,-1.8431,-1.9963,0.1221,0
649070,-4.9189,-5.0482,-0.5027,-84.2800,-99.9600,-29.6800,-2.8819,-3.4181,-1.0149,0
649109,-6.7213,-7.3269,-1.2016,-132.9300,-97.6500,-25.8300,-4.5455,-3.3391,-0.8833,0
649148,-8.5597,-11.0706,-7.5184,-130.6200,-102.9700,-12.3200,-4.4665,-3.5210,-0.4213,0
649187,-3.4540,-7.7362,-5.1607,-73.5700,-43.1200,4.2000,-2.5157,-1.4745,0.1436,0
649226,-6.1852,-4.4976,-4.2463,-63.2800,-14.4900,-34.7900,-2.1639,-0.4955,-1.1896,0
649265,-8.0929,-5.8142,-3.9256,-70.4900,-41.9300,-44.9400,-2.4104,-1.4338,-1.5367,0
649304,-6.5514,-5.7854,-3.7317,-79.5900,-98.5600,-49.0700,-2.7216,-3.3702,-1.6779,0
649343,-5.3546,-6.8051,-4.0357,-64.3300,-102.0600,-47.1100,-2.1998,-3.4899,-1.6109,0
649382,-6.2570,-6.8865,-4.4881,-49.9100,-89.1100,-31.8500,-1.7067,-3.0471,-1.0891,0
649421,-6.4533,-6.3551,-4.0859,-9.3800,-70.7000,-50.2600,-0.3207,-2.4176,-1.7186,0
649460,-5.8189,-6.1205,-3.7508,9.1000,-77.7700,-52.7800,0.3112,-2.6593,-1.8048,0
649499,-5.8309,-7.2575,-3.6216,44.9400,-86.8700,-75.1800,1.5367,-2.9705,-2.5708,0
649538,-6.0918,-9.0264,-3.8346,5.0400,-93.8700,-39.3400,0.1723,-3.2099,-1.3452,0
649577,-4.9165,-7.8799,-5.0003,-37.3800,-105.3500,-36.6100,-1.2782,-3.6024,-1.2519,0
649616,-4.5742,-6.7644,-3.8825,-49.9100,-90.8600,-20.3000,-1.7067,-3.1069,-0.6942,0
649655,-5.0769,-7.2623,-3.8490,-4.0600,-73.2200,-3.2900,-0.1388,-2.5037,-0.1125,0
649694,-5.4790,-8.4208,-2.4295,-27.1600,-35.3500,21.4900,-0.9287,-1.2088,0.7348,0
649733,-8.3466,-9.8642,-3.8753,-83.0200,-37.3100,37.5900,-2.8389,-1.2758,1.2854,0
649772,-6.5873,-8.1910,-3.2099,-59.2900,-62.3700,23.5900,-2.0274,-2.1327,0.8067,0
649811,-4.1434,-6.8745,-0.0790,-46.4800,-49.1400,35.5600,-1.5894,-1.6803,1.2160,0
649850,-4.5048,-5.6610,1.2543,-87.8500,-44.9400,53.1300,-3.0040,-1.5367,1.8168,0
649889,-7.8990,-7.8942,0.2489,-117.3900,-39.8300,68.8800,-4.0141,-1.3620,2.3553,0
649928,-9.2682,-8.1240,-1.6349,-83.3700,-67.5500,23.3100,-2.8508,-2.3099,0.7971,0
649967,-6.3934,-6.1588,-1.3117,-68.7400,-98.4900,-27.9300,-2.3506,-3.3679,-0.9551,0
650006,-6.2594,-6.0200,-1.8144,-85.4700,-92.1900,-28.9100,-2.9226,-3.1524,-0.9886,0
650045,-6.5873,-5.9386,-2.4463,-82.6000,-70.7700,-17.4300,-2.8245,-2.4200,-0.5960,0
650084,-5.8405,-6.2833,-2.4678,-73.1500,-51.3100,8.8900,-2.5014,-1.7545,0.3040,0
650123,-7.3030,-6.3168,-2.4631,-64.0500,-48.3700,10.5700,-2.1902,-1.6540,0.3614,0
650162,-7.5184,-5.3977,-2.3027,-60.0600,-45.2200,-4.4800,-2.0537,-1.5463,-0.1532,0
650201,-7.3198,-4.6389,-2.5229,-66.1500,-43.6800,-15.7500,-2.2620,-1.4936,-0.5386,0
650240,-7.8966,-4.9022,-2.8173,-69.1600,-41.4400,-22.0500,-2.3649,-1.4170,-0.7540,0
650279,-8.2198,-5.3450,-2.9131,-51.9400,-39.9700,-38.5700,-1.7761,-1.3668,-1.3189,0
650318,-7.4514,-5.1798,-3.1333,-60.2700,-34.7900,-28.6300,-2.0609,-1.1896,-0.9790,0
650357,-7.8535,-5.2062,-3.2601,-66.9900,-28.7700,-15.8900,-2.2907,-0.9838,-0.5434,0
650396,-8.2676,-3.9998,-3.7628,-79.4500,-30.5900,0.6300,-2.7168,-1.0460,0.0215,0
650435,-8.5956,-3.4875,-3.5091,-77.0000,-25.4800,5.1100,-2.6330,-0.8713,0.1747,0
650474,-11.1280,-12.3368,-7.1259,-50.7500,-58.3100,34.7900,-1.7354,-1.9939,1.1896,0
650513,-5.4120,-7.1043,-3.7508,-22.4000,-63.4200,-29.8200,-0.7660,-2.1686,-1.0197,0
650552,-5.1200,-8.4974,-0.2370,0.3500,-31.9900,-19.0400,0.0120,-1.0939,-0.6511,0
650591,-5.8668,-8.1839,-1.5535,16.8000,-43.1900,-57.2600,0.5745,-1.4769,-1.9580,0
650630,-6.1876,-6.4078,-2.6857,8.2600,-69.4400,-67.6900,0.2824,-2.3745,-2.3147,0
650669,-4.5647,-6.6495,-3.3942,-12.2500,-42.4200,-46.2000,-0.4189,-1.4505,-1.5798,0
650708,-4.0309,-6.3575,-3.1189,-10.0800,-5.3200,-30.2400,-0.3447,-0.1819,-1.0341,0
650747,-5.1200,-6.9272,-3.0280,22.7500,9.5200,-16.9400,0.7779,0.3255,-0.5793,0
650786,-6.6543,-6.5203,-2.6976,64.2600,12.8800,-25.0600,2.1974,0.4404,-0.8569,0
650825,-7.1953,-6.7644,-1.4410,54.1800,14.5600,-24.9200,1.8527,0.4979,-0.8521,0
650864,-6.5322,-9.3256,-0.3136,47.6700,15.2600,-39.0600,1.6301,0.5218,-1.3357,0
650903,-5.9841,-7.2264,-1.5080,59.0100,-15.1200,-74.9000,2.0178,-0.5170,-2.5612,0
650942,-5.0649,-5.8596,-1.0628,38.9900,-3.3600,-32.9700,1.3333,-0.1149,-1.1274,0
650981,-4.9860,-9.6081,0.0527,48.9300,24.2200,2.6600,1.6732,0.8282,0.0910,0
651020,-4.6484,-8.8732,-3.3391,41.0200,18.5500,-26.8800,1.4027,0.6343,-0.9192,0
651059,-5.4790,-7.3293,-5.2062,48.3000,54.6000,-11.2700,1.6516,1.8670,-0.3854,0
651098,-5.4120,-8.1527,-0.0191,74.0600,106.7500,45.3600,2.5325,3.6503,1.5511,0
651137,-7.6932,-10.5488,2.6593,-10.7100,136.2200,102.4100,-0.3662,4.6580,3.5019,0
651176,-7.5495,-8.8325,-0.2944,-10.4300,100.5900,57.2600,-0.3567,3.4397,1.9580,0
651215,-4.7801,-7.1019,-0.4668,-17.9200,57.5400,62.2300,-0.6128,1.9676,2.1279,0
651254,-3.9160,-6.7429,-0.7301,-60.6200,77.7700,126.4900,-2.0729,2.6593,4.3253,0
651293,-9.5051,-9.2131,-1.7521,-46.1300,60.2000,109.6900,-1.5774,2.0585,3.7508,0
651332,-9.2754,-6.8123,-1.4482,51.4500,51.7300,31.1500,1.7593,1.7689,1.0652,0
651371,-7.0804,-5.2421,-0.6654,90.7200,45.8500,1.6100,3.1022,1.5678,0.0551,0
651410,-6.8338,-3.7054,-1.0460,55.1600,26.6700,17.0800,1.8862,0.9120,0.5840,0
651449,-7.3054,-3.7101,-1.0939,44.5900,20.2300,10.0100,1.5247,0.6918,0.3423,0
651488,-7.1690,-4.4809,-1.1394,30.4500,28.6300,2.5900,1.0412,0.9790,0.0886,0
651527,-7.2910,-5.0482,-0.7157,23.6600,38.2900,-14.5600,0.8091,1.3093,-0.4979,0
651566,-8.1312,-6.1373,-1.6564,11.1300,39.3400,-17.3600,0.3806,1.3452,-0.5936,0
651605,-8.1719,-5.2516,-1.6085,20.0200,48.6500,-17.2200,0.6846,1.6636,-0.5888,0
651644,-9.4884,-3.8921,-1.7498,21.5600,53.6900,6.6500,0.7372,1.8359,0.2274,0
651683,-10.2567,-2.5660,-0.5266,-4.5500,53.6900,32.4100,-0.1556,1.8359,1.1083,0
651722,-10.7427,-4.9117,-0.1723,-35.0700,34.9300,53.2700,-1.1992,1.1944,1.8216,0
651761,-12.4685,-13.2201,-4.9907,-11.4800,-32.5500,46.8300,-0.3926,-1.1130,1.6013,0
651800,-4.0500,-6.3001,-2.0442,47.8100,-15.9600,-36.8900,1.6349,-0.5457,-1.2614,0
651839,-6.5849,-6.4365,-1.4912,44.1700,16.8000,4.6900,1.5104,0.5745,0.1604,0
651878,-4.8974,-8.9355,-2.3099,78.6800,0.6300,-45.9200,2.6905,0.0215,-1.5702,0
651917,-5.5556,-7.5088,-3.0615,52.0800,-1.1900,-34.2300,1.7809,-0.0407,-1.1705,0
651956,-5.4001,-7.1498,-2.6067,52.5700,43.8900,-24.3600,1.7976,1.5008,-0.8330,0
651995,-5.8142,-6.6926,-2.6162,54.3200,59.1500,-29.1900,1.8575,2.0226,-0.9981,0
652034,-5.6945,-6.8410,-2.6067,73.5700,65.8000,-21.2100,2.5157,2.2500,-0.7253,0
652073,-5.8046,-6.9703,-2.6067,91.5600,64.2600,-18.7600,3.1309,2.1974,-0.6415,0
652112,-6.1971,-6.7549,-2.1303,86.1700,61.2500,-19.6000,2.9466,2.0944,-0.6702,0
652151,-7.2001,-6.0703,-0.9551,72.3800,60.8300,-13.0900,2.4750,2.0801,-0.4476,0
652190,-7.1330,-7.6788,-0.2106,79.9400,60.4800,-3.8500,2.7335,2.0681,-0.1317,0
652229,-6.9655,-7.1690,-0.9383,92.7500,52.5000,-14.9800,3.1716,1.7952,-0.5122,0
652268,-5.7136,-6.6304,-0.8952,75.3200,38.8500,-8.4000,2.5756,1.3285,-0.2872,0
652307,-6.1229,-7.8751,-1.5702,61.3200,57.5400,8.0500,2.0968,1.9676,0.2753,0
652346,-6.6783,-7.4179,-2.3577,70.4200,57.1900,-2.6600,2.4080,1.9556,-0.0910,0
652385,-6.6304,-6.8147,-0.5649,62.7200,68.2500,6.3000,2.1447,2.3338,0.2154,0
652424,-6.5059,-8.8541,0.8952,41.6500,95.2000,41.1600,1.4242,3.2554,1.4075,0
652463,-6.5322,-8.5333,-0.8186,25.4800,103.3900,46.6900,0.8713,3.5354,1.5966,0
652502,-6.0368,-8.6841,-1.4194,5.8100,102.1300,66.3600,0.1987,3.4923,2.2692,0
652541,-3.7652,-7.4203,-0.3064,-10.0800,83.5100,77.4200,-0.3447,2.8556,2.6474,0
652580,-6.5107,-6.9487,-0.6295,-27.0900,94.6400,93.5200,-0.9263,3.2362,3.1979,0
652619,-9.8379,-7.2767,-1.2974,8.9600,68.1800,66.4300,0.3064,2.3314,2.2716,0
652658,-8.0450,-5.7854,-0.0646,84.8400,62.0900,11.9700,2.9011,2.1232,0.4093,0
652697,-7.1330,-4.8136,-0.4213,66.3600,33.5300,13.0200,2.2692,1.1466,0.4452,0
652736,-7.4753,-5.2469,-1.0101,38.6400,26.5300,15.8200,1.3213,0.9072,0.5410,0
652775,-7.8631,-5.1272,-0.7923,27.5800,20.7900,-0.3500,0.9431,0.7109,-0.0120,0
652814,-7.5998,-5.7854,-0.9168,24.8500,15.5400,-11.4800,0.8497,0.5314,-0.3926,0
652853,-7.0612,-5.6681,-0.8952,24.3600,21.0700,-23.1700,0.8330,0.7205,-0.7923,0
652892,-7.9134,-4.9046,-1.5678,16.4500,17.2200,-36.3300,0.5625,0.5888,-1.2423,0
652931,-6.9224,-4.4641,-1.7067,7.9800,18.3400,-21.7700,0.2729,0.6271,-0.7444,0
652970,-6.1684,-4.1721,-1.9604,-10.6400,38.0100,19.7400,-0.3638,1.2997,0.6750,0
653009,-10.0844,-8.2102,-1.0604,-29.4700,37.7300,58.0300,-1.0077,1.2902,1.9843,0
653048,-8.6075,-11.4153,-3.1189,8.3300,11.1300,48.5100,0.2848,0.3806,1.6588,0
653087,-6.1181,-6.4030,-2.1615,18.9700,17.0100,11.2000,0.6487,0.5817,0.3830,0
653126,-6.9320,-6.0607,-1.0436,16.5200,41.3000,8.1900,0.5649,1.4122,0.2801,0
653165,-6.6878,-7.6812,-1.8120,19.5300,39.4100,0.0000,0.6678,1.3476,0.0000,0
653204,-7.0660,-7.5687,-2.6833,43.1200,21.5600,-17.9200,1.4745,0.7372,-0.6128,0
653243,-7.2096,-6.3025,-2.0873,44.1000,4.2700,-32.6200,1.5080,0.1460,-1.1154,0
653282,-5.8453,-6.2259,-1.9388,29.6800,-7.7700,-34.7200,1.0149,-0.2657,-1.1872,0
653321,-4.6413,-7.4514,-3.5426,11.3400,0.7000,-20.1600,0.3878,0.0239,-0.6894,0
653360,-4.9285,-6.6735,-4.5048,9.8000,26.9500,-6.8600,0.3351,0.9216,-0.2346,0
653399,-5.5724,-6.6352,-3.1668,30.4500,49.0000,14.6300,1.0412,1.6755,0.5003,0
653438,-6.6902,-7.4706,-2.5444,39.2700,44.4500,26.6000,1.3428,1.5200,0.9096,0
653477,-6.1828,-7.3198,-2.8389,57.7500,42.1400,9.1700,1.9748,1.4410,0.3136,0
653516,-6.1804,-7.6453,-3.4397,67.3400,41.6500,5.1100,2.3027,1.4242,0.1747,0
653555,-6.3360,-6.7620,-1.3093,62.7200,36.9600,12.5300,2.1447,1.2638,0.4285,0
653594,-7.3652,-6.6950,-0.2729,41.0200,25.6900,18.9000,1.4027,0.8785,0.6463,0
653633,-6.6232,-7.8535,-2.2572,40.6700,7.4200,-4.0600,1.3907,0.2537,-0.1388,0
653672,-6.1110,-7.5591,-2.3434,32.2000,17.5700,-14.0000,1.1011,0.6008,-0.4787,0
653711,-6.5514,-6.4102,-1.8335,27.0900,24.9900,-20.1600,0.9263,0.8545,-0.6894,0
653750,-6.8697,-6.5681,-0.7277,19.1100,18.6200,-13.3700,0.6535,0.6367,-0.4572,0
653789,-6.0296,-6.2306,-0.4739,7.2100,4.5500,-9.3800,0.2465,0.1556,-0.3207,0
653828,-6.2067,-7.6908,-0.7684,-4.7600,2.1000,4.6200,-0.1628,0.0718,0.1580,0
653867,-7.3796,-6.9870,-1.8718,-11.0600,-9.3800,-4.9700,-0.3782,-0.3207,-0.1699,0
653906,-6.3695,-7.5591,-1.4027,-10.1500,-7.2100,-9.3800,-0.3471,-0.2465,-0.3207,0
653945,-5.3187,-7.9852,-1.3165,-11.6200,-14.8400,-11.6200,-0.3973,-0.5075,-0.3973,0
653984,-5.5724,-7.5495,-1.9819,-11.7600,-6.9300,-8.2600,-0.4021,-0.2370,-0.2824,0
654023,-5.4383,-7.3413,-1.9388,-0.4200,3.5700,-2.8700,-0.0144,0.1221,-0.0981,0
654062,-6.3025,-7.3437,-1.7138,-3.1500,6.9300,3.0100,-0.1077,0.2370,0.1029,0
654101,-6.4485,-7.5711,-1.7234,-7.4900,1.8200,2.6600,-0.2561,0.0622,0.0910,0
654140,-6.1732,-7.2958,-1.6971,-2.8000,-1.1200,-4.3400,-0.0957,-0.0383,-0.1484,0
654179,-5.9841,-7.6190,-1.6516,-4.9700,-3.8500,-5.7400,-0.1699,-0.1317,-0.1963,0
654218,-5.8716,-7.4825,-2.0585,-5.3200,-5.3900,-4.9000,-0.1819,-0.1843,-0.1676,0
654257,-5.6610,-7.4825,-1.8718,-3.0100,0.1400,-1.6800,-0.1029,0.0048,-0.0574,0
654296,-6.0751,-7.5304,-2.0609,-3.1500,0.7000,0.6300,-0.1077,0.0239,0.0215,0
654335,-6.0511,-7.5065,-1.7617,-0.5600,2.8700,1.1200,-0.0191,0.0981,0.0383,0
654374,-6.0798,-7.3437,-1.7115,-1.8900,0.0700,0.0000,-0.0646,0.0024,0.0000,0
654413,-6.1229,-7.6190,-1.9532,-2.8700,-3.4300,-0.3500,-0.0981,-0.1173,-0.0120,0
654452,-5.9721,-7.4969,-1.9029,-1.3300,-5.3900,-2.8000,-0.0455,-0.1843,-0.0957,0
654491,-5.9051,-7.2982,-2.0035,-2.6600,-3.0100,-1.0500,-0.0910,-0.1029,-0.0359,0
