timestamp_ms,waist_x,waist_y,waist_z,waist_gx,waist_gy,waist_gz,thigh_x,thigh_y,thigh_z,event_flag
221565,8.1862,-7.0421,-1.6205,43.0500,9.3100,3.2200,1.4721,0.3184,0.1101,0
221604,8.1695,-6.4628,-1.5702,58.1000,27.0200,-3.7100,1.9867,0.9239,-0.1269,0
221643,7.8583,-5.6298,-1.0963,68.4600,31.9900,-9.4500,2.3410,1.0939,-0.3231,0
221682,7.9684,-4.4402,-0.8593,76.5800,0.7000,-8.6100,2.6186,0.0239,-0.2944,0
221721,9.3232,-3.9495,0.1915,48.4400,-9.2400,1.8900,1.6564,-0.3160,0.0646,0
221760,10.5488,-5.0841,-0.3088,30.3800,-10.3600,19.1100,1.0388,-0.3543,0.6535,0
221799,10.1562,-6.1517,-0.1508,21.7000,-0.4900,19.7400,0.7420,-0.0168,0.6750,0
221838,9.1940,-5.9961,0.2035,23.5200,-5.3900,16.2400,0.8043,-0.1843,0.5553,0
221877,8.4639,-5.6657,0.7899,16.1700,-6.8600,17.5000,0.5529,-0.2346,0.5984,0
221916,7.8464,-5.7280,0.9814,17.5000,-18.1300,20.3000,0.5984,-0.6200,0.6942,0
221955,7.1833,-5.4216,0.5314,23.6600,-25.9700,20.2300,0.8091,-0.8880,0.6918,0
221994,6.8386,-5.0410,0.2657,18.6200,-25.4800,27.8600,0.6367,-0.8713,0.9527,0
222033,6.7166,-4.6891,0.0790,21.2800,-25.7600,40.8800,0.7277,-0.8809,1.3979,0
222072,6.4245,-4.8806,0.4165,23.3800,-27.7900,45.9200,0.7995,-0.9503,1.5702,0
222111,6.4868,-6.5945,0.6630,25.9700,-34.1600,47.9500,0.8880,-1.1681,1.6396,0
222150,5.6227,-5.7830,0.9718,16.6600,-30.5200,27.6500,0.5697,-1.0436,0.9455,0
222189,5.9506,-5.6274,1.1202,11.0600,-36.3300,32.6900,0.3782,-1.2423,1.1178,0
222228,5.0147,-7.2216,-0.1532,45.1500,-58.4500,56.7700,1.5439,-1.9987,1.9412,0
222267,5.5963,-9.0647,2.0681,33.4600,-73.7100,72.8700,1.1442,-2.5205,2.4918,0
222306,6.7357,-9.0647,0.7444,25.9700,-82.0400,60.0600,0.8880,-2.8053,2.0537,0
222345,7.6333,-8.9235,-0.9814,39.3400,-61.0400,50.4700,1.3452,-2.0873,1.7258,0
222384,7.0086,-9.6033,-0.1364,37.4500,-56.3500,42.5600,1.2806,-1.9269,1.4553,0
222423,6.4150,-10.1036,0.3567,8.6100,-34.4400,37.7300,0.2944,-1.1777,1.2902,0
222462,5.9554,-10.2520,-0.2346,35.9800,-41.5800,31.0100,1.2303,-1.4218,1.0604,0
222501,4.7179,-9.5171,-0.1580,36.5400,-38.6400,35.2800,1.2495,-1.3213,1.2064,0
222540,5.1535,-8.6554,0.4476,21.0000,-30.8000,30.2400,0.7181,-1.0532,1.0341,0
222579,4.4139,-6.8602,-0.8617,32.1300,-43.3300,24.2200,1.0987,-1.4817,0.8282,0
222618,2.9705,-7.4514,0.3040,31.1500,-34.0200,21.2100,1.0652,-1.1633,0.7253,0
222657,2.5875,-8.0067,-0.4356,16.2400,-47.1100,10.9200,0.5553,-1.6109,0.3734,0
222696,2.7934,-8.2628,-0.4620,20.5800,-43.4000,-1.1200,0.7037,-1.4841,-0.0383,0
222735,2.6928,-8.0833,-1.1489,18.6200,-45.7100,-12.8100,0.6367,-1.5630,-0.4380,0
222774,2.3434,-8.6243,-0.9168,8.6800,-39.3400,-23.8700,0.2968,-1.3452,-0.8162,0
222813,2.7264,-8.9857,-1.4817,8.9600,-43.5400,-41.3000,0.3064,-1.4888,-1.4122,0
222852,3.0567,-8.5525,-1.7306,3.8500,-41.7900,-57.5400,0.1317,-1.4290,-1.9676,0
222891,3.6048,-8.3107,-1.4625,5.2500,-29.4700,-71.5400,0.1795,-1.0077,-2.4463,0
222930,5.2205,-7.9948,-0.8665,12.8100,-27.5800,-75.0400,0.4380,-0.9431,-2.5660,0
222969,7.6764,-8.9187,-0.6822,22.8200,-34.0200,-69.0900,0.7803,-1.1633,-2.3625,0
223008,8.6219,-8.5309,0.1628,28.7700,-23.7300,-67.0600,0.9838,-0.8114,-2.2931,0
223047,8.5764,-7.3509,0.0934,8.6100,-15.7500,-51.9400,0.2944,-0.5386,-1.7761,0
223086,7.6692,-7.4777,-0.6942,10.1500,-19.8800,-41.3000,0.3471,-0.6798,-1.4122,0
223125,6.6759,-7.0205,0.2298,-0.2100,-17.1500,-42.0000,-0.0072,-0.5864,-1.4362,0
223164,6.3072,-6.6447,-0.1819,2.3100,-20.3000,-46.0600,0.0790,-0.6942,-1.5750,0
223203,7.3940,-6.5466,-0.7181,13.4400,-21.1400,-44.8700,0.4596,-0.7229,-1.5343,0
223242,7.8559,-5.4551,-0.6989,20.3700,-16.2400,-40.6000,0.6965,-0.5553,-1.3883,0
223281,8.0211,-4.3564,-0.4500,16.0300,-9.1700,-40.2500,0.5481,-0.3136,-1.3763,0
223320,8.9187,-4.5096,-0.0383,21.0000,-8.0500,-32.6900,0.7181,-0.2753,-1.1178,0
223359,8.9187,-4.0835,0.2872,5.0400,-11.9700,-28.4200,0.1723,-0.4093,-0.9718,0
223398,7.3413,-3.6814,0.2681,0.7000,-11.5500,-21.9800,0.0239,-0.3950,-0.7516,0
223437,6.7908,-3.1811,-0.7851,-4.0600,-18.0600,-0.4200,-0.1388,-0.6176,-0.0144,0
223476,8.3921,-2.2787,-2.0035,-16.7300,-3.1500,14.1400,-0.5721,-0.1077,0.4835,0
223515,9.3208,-4.7562,-1.4745,-24.8500,-1.5400,17.3600,-0.8497,-0.0527,0.5936,0
223554,10.6517,-7.1666,-1.5247,-19.2500,-9.8700,-5.3900,-0.6583,-0.3375,-0.1843,0
223593,11.3219,-6.4461,-1.6325,-5.2500,-9.8000,-7.0700,-0.1795,-0.3351,-0.2418,0
223632,11.6403,-5.6274,-1.9101,1.9600,4.5500,-7.2100,0.0670,0.1556,-0.2465,0
223671,10.8097,-5.1152,-1.5295,-10.0800,12.1100,-6.0900,-0.3447,0.4141,-0.2082,0
223710,9.9456,-6.2259,-2.0250,-9.5200,0.9100,-2.5900,-0.3255,0.0311,-0.0886,0
223749,8.5836,-6.8123,-1.4099,2.3800,8.3300,-2.1700,0.0814,0.2848,-0.0742,0
223788,8.2748,-5.7711,-1.2591,27.0200,15.2600,0.1400,0.9239,0.5218,0.0048,0
223827,7.5639,-4.8447,-2.4463,43.2600,4.1300,11.6200,1.4793,0.1412,0.3973,0
223866,6.7884,-3.9351,-1.5822,34.7900,-0.4200,29.2600,1.1896,-0.0144,1.0005,0
223905,7.1666,-4.3995,-1.2567,8.9600,28.0700,48.3700,0.3064,0.9598,1.6540,0
223944,6.5442,-6.7572,0.5673,-12.7400,17.5700,49.3500,-0.4356,0.6008,1.6875,0
223983,7.7075,-6.8674,0.3973,-0.8400,11.3400,31.0100,-0.0287,0.3878,1.0604,0
224022,8.9977,-7.6549,-0.4452,23.9400,21.2100,17.8500,0.8186,0.7253,0.6104,0
224061,8.4567,-6.8147,-0.0910,23.4500,-1.4000,3.7800,0.8019,-0.0479,0.1293,0
224100,7.9924,-6.4293,0.3926,20.7900,-11.9700,-1.6800,0.7109,-0.4093,-0.0574,0
224139,8.0690,-5.8429,0.6391,30.4500,-1.8900,0.6300,1.0412,-0.0646,0.0215,0
224178,8.1958,-5.6873,0.5697,28.5600,2.0300,-1.1900,0.9766,0.0694,-0.0407,0
224217,7.4083,-5.5556,0.6128,10.2200,18.3400,-7.7700,0.3495,0.6271,-0.2657,0
224256,6.5681,-5.3594,0.7708,11.9700,28.2100,-20.3000,0.4093,0.9646,-0.6942,0
224295,6.6711,-5.4144,1.1274,30.5200,21.1400,-35.7000,1.0436,0.7229,-1.2208,0
224334,6.8697,-4.7777,1.5200,30.5200,49.0700,-38.5700,1.0436,1.6779,-1.3189,0
224373,6.9918,-3.3008,1.4697,21.0000,41.0900,-22.8200,0.7181,1.4051,-0.7803,0
224412,8.1480,-3.5330,1.7019,-7.4200,19.9500,-4.5500,-0.2537,0.6822,-0.1556,0
224451,8.9450,-5.4240,1.5008,-25.7600,2.1000,10.7100,-0.8809,0.0718,0.3662,0
224490,8.7320,-7.4203,1.5008,-36.4700,-6.4400,14.7700,-1.2471,-0.2202,0.5051,0
224529,8.3347,-8.4831,1.9460,-26.3900,-1.1900,8.6100,-0.9024,-0.0407,0.2944,0
224568,8.3011,-7.8248,1.7665,4.6900,-9.7300,-1.4000,0.1604,-0.3327,-0.0479,0
224607,8.7751,-6.4987,1.1896,23.8000,-6.3000,-4.6200,0.8138,-0.2154,-0.1580,0
224646,8.4424,-5.5580,1.3117,19.7400,5.3900,-5.8800,0.6750,0.1843,-0.2011,0
224685,8.1862,-4.7538,1.7928,5.7400,9.3100,-3.7800,0.1963,0.3184,-0.1293,0
224724,7.9493,-4.9094,1.5176,-4.2700,-3.3600,1.4000,-0.1460,-0.1149,0.0479,0
224763,7.7937,-5.6418,1.5128,-4.1300,-9.1700,7.9800,-0.1412,-0.3136,0.2729,0
224802,7.1809,-5.6131,1.4075,2.3800,-0.3500,8.1200,0.0814,-0.0120,0.2777,0
224841,7.5854,-5.5724,1.3404,5.9500,-5.5300,7.2100,0.2035,-0.1891,0.2465,0
224880,7.6357,-5.5365,1.4721,3.3600,-5.7400,2.6600,0.1149,-0.1963,0.0910,0
224919,7.8799,-5.3618,1.3979,3.5000,-10.4300,-1.0500,0.1197,-0.3567,-0.0359,0
224958,8.1671,-5.4288,1.3069,0.3500,-6.8600,2.7300,0.0120,-0.2346,0.0934,0
224997,8.2533,-5.7687,1.6325,-7.9100,-7.0000,5.3200,-0.2705,-0.2394,0.1819,0
225036,8.6650,-6.1134,1.4865,-7.7000,-9.8000,10.4300,-0.2633,-0.3351,0.3567,0
225075,7.9804,-6.3886,1.1872,-6.2300,-4.8300,10.0100,-0.2130,-0.1652,0.3423,0
225114,7.6764,-6.5801,0.9239,-2.3100,-11.2000,8.7500,-0.0790,-0.3830,0.2992,0
225153,7.4203,-6.3072,1.0700,-3.6400,-5.2500,2.9400,-0.1245,-0.1795,0.1005,0
225192,7.2719,-5.8596,0.8067,1.1200,-1.4000,-4.2700,0.0383,-0.0479,-0.1460,0
225231,7.4538,-5.4048,0.7085,2.1000,-3.0800,-11.1300,0.0718,-0.1053,-0.3806,0
225270,7.5591,-5.3833,1.4170,-2.3100,1.6800,-9.0300,-0.0790,0.0574,-0.3088,0
225309,7.6477,-5.3833,1.4984,-0.9100,0.4200,-5.2500,-0.0311,0.0144,-0.1795,0
225348,7.7745,-5.3354,1.1322,13.7900,-8.2600,-2.2400,0.4715,-0.2824,-0.0766,0
225387,7.8823,-5.8620,1.6277,12.9500,-15.7500,-3.2200,0.4428,-0.5386,-0.1101,0
225426,9.2395,-7.4011,1.6157,11.8300,-21.6300,-2.9400,0.4045,-0.7396,-0.1005,0
225465,8.9618,-7.1163,1.4075,31.7800,-31.3600,-6.3000,1.0867,-1.0724,-0.2154,0
225504,8.0929,-5.0075,1.1322,41.9300,-29.0500,-9.4500,1.4338,-0.9934,-0.3231,0
225543,7.2719,-3.7963,0.4596,36.3300,-27.6500,-7.8400,1.2423,-0.9455,-0.2681,0
225582,7.2623,-4.5000,1.3021,17.5000,-31.0800,-0.2800,0.5984,-1.0628,-0.0096,0
225621,5.7926,-3.3032,-0.0862,10.5700,-39.7600,-14.1400,0.3614,-1.3596,-0.4835,0
225660,5.3306,-3.0184,-0.8737,-5.1100,-43.1200,-12.2500,-0.1747,-1.4745,-0.4189,0
225699,7.7315,-7.4370,-2.5229,-2.1700,-53.4800,-6.3000,-0.0742,-1.8287,-0.2154,0
225738,8.3658,-7.7626,-1.2638,-1.1900,-52.3600,-22.6100,-0.0407,-1.7904,-0.7731,0
225777,9.9240,-8.7440,-1.6660,49.0000,-40.6700,-12.4600,1.6755,-1.3907,-0.4261,0
225816,10.5440,-8.7416,-2.4726,74.4100,-24.4300,-2.1700,2.5444,-0.8354,-0.0742,0
225855,10.5033,-9.1581,-2.7359,81.9700,-19.1800,-5.6000,2.8030,-0.6559,-0.1915,0
225894,9.9647,-8.4495,-2.1615,98.9800,-8.3300,-1.4000,3.3846,-0.2848,-0.0479,0
225933,9.1940,-7.8583,-1.6085,120.2600,24.0800,6.8600,4.1123,0.8234,0.2346,0
225972,7.2049,-5.3187,-1.1872,124.1100,27.7900,5.8800,4.2439,0.9503,0.2011,0
226011,7.8320,-3.9998,0.6774,115.6400,11.3400,18.2000,3.9543,0.3878,0.6223,0
226050,10.0030,-3.9950,0.7468,102.1300,-39.5500,48.3700,3.4923,-1.3524,1.6540,0
226089,10.3310,-3.8945,-1.7880,95.4100,-72.5900,54.3900,3.2625,-2.4822,1.8599,0
226128,7.1785,-2.2045,1.2591,7.9100,-52.8500,55.2300,0.2705,-1.8072,1.8886,0
226167,4.9046,-2.3051,1.7282,-12.1100,-58.5200,77.2800,-0.4141,-2.0011,2.6426,0
226206,6.0009,-6.0104,3.8968,-15.8200,-74.2000,88.2700,-0.5410,-2.5373,3.0184,0
226245,4.3947,-6.4245,2.2859,11.7600,-77.2800,64.4000,0.4021,-2.6426,2.2021,0
226284,4.9836,-6.8913,0.1628,41.6500,-91.3500,67.8300,1.4242,-3.1237,2.3194,0
226323,7.9110,-9.3831,-0.7851,40.8800,-119.7000,91.9100,1.3979,-4.0931,3.1428,0
226362,6.8697,-10.2208,-1.2686,42.3500,-100.5200,100.4500,1.4482,-3.4373,3.4349,0
226401,5.5389,-9.6105,-0.3950,71.8900,-85.9600,108.8500,2.4583,-2.9394,3.7221,0
226440,5.7064,-10.7642,-1.3907,95.2000,-69.5100,83.5800,3.2554,-2.3769,2.8580,0
226479,6.4580,-10.7833,-0.8402,67.9700,-30.3800,48.0900,2.3242,-1.0388,1.6444,0
226518,4.4211,-10.2496,-0.4452,49.9800,-24.5000,22.6100,1.7091,-0.8378,0.7731,0
226557,0.5122,-8.3873,-1.1633,24.0800,-39.6200,-22.5400,0.8234,-1.3548,-0.7708,0
226596,-1.7019,-7.1498,-2.6881,-13.3700,-52.1500,-61.7400,-0.4572,-1.7833,-2.1112,0
226635,-0.8904,-5.8501,-1.7378,-51.3800,-31.2900,-103.4600,-1.7569,-1.0700,-3.5378,0
226674,1.0676,-4.3133,-0.1771,-74.7600,-48.7200,-116.8300,-2.5564,-1.6660,-3.9950,0
226713,8.5932,-6.8745,-0.5242,-18.4800,-34.4400,-118.5800,-0.6319,-1.1777,-4.0548,0
226752,14.0674,-9.1772,-1.5990,26.1100,12.0400,-52.5700,0.8928,0.4117,-1.7976,0
226791,7.3724,-5.6657,1.1466,-29.7500,-0.3500,-63.4200,-1.0173,-0.0120,-2.1686,0
226830,8.2509,-6.3934,0.4596,-31.0800,-16.1700,-44.6600,-1.0628,-0.5529,-1.5271,0
226869,9.9169,-7.1522,0.9598,-1.3300,-4.4100,-12.1800,-0.0455,-0.1508,-0.4165,0
226908,9.6607,-6.2809,0.5290,27.5100,4.7600,-26.1800,0.9407,0.1628,-0.8952,0
226947,8.0354,-5.2301,-1.1322,54.8800,-25.2700,-29.4700,1.8766,-0.8641,-1.0077,0
226986,7.6956,-4.9812,-1.7545,32.4800,-33.0400,-21.0000,1.1106,-1.1298,-0.7181,0
227025,9.6440,-5.1511,-0.8306,19.2500,-14.1400,-34.0900,0.6583,-0.4835,-1.1657,0
227064,9.3879,-6.4150,-0.8521,18.0600,6.6500,-25.3400,0.6176,0.2274,-0.8665,0
227103,9.4932,-7.1953,-1.3189,36.8200,0.9800,-16.9400,1.2591,0.0335,-0.5793,0
227142,8.2054,-6.1205,-1.7402,47.5300,-4.9000,-14.7700,1.6253,-0.1676,-0.5051,0
227181,7.3317,-5.6873,-1.0388,30.9400,-5.1800,-13.0900,1.0580,-0.1771,-0.4476,0
227220,6.1756,-5.8357,-0.8952,40.4600,-30.2400,0.0000,1.3835,-1.0341,0.0000,0
227259,6.6783,-4.7657,-1.5008,70.4900,-37.8000,14.6300,2.4104,-1.2926,0.5003,0
227298,7.0110,-6.4844,-2.1950,66.9900,-19.3200,33.4600,2.2907,-0.6606,1.1442,0
227337,5.7830,-7.6788,-1.5607,61.5300,31.0100,17.9900,2.1040,1.0604,0.6152,0
227376,5.6945,-8.9953,-3.4540,101.9200,45.5700,-2.8000,3.4851,1.5583,-0.0957,0
227415,4.8328,-6.9487,-1.0795,120.4000,41.4400,-9.3800,4.1171,1.4170,-0.3207,0
227454,8.9666,-4.1625,-0.7636,125.5800,-14.2100,16.1000,4.2942,-0.4859,0.5505,0
227493,11.7217,-5.0506,0.4548,72.5900,-23.4500,30.9400,2.4822,-0.8019,1.0580,0
227532,9.8762,-3.6407,1.1872,40.1800,-32.8300,50.9600,1.3739,-1.1226,1.7426,0
227571,7.2455,-1.1944,1.9987,13.0200,-68.3900,73.6400,0.4452,-2.3386,2.5181,0
227610,7.0373,-3.4540,2.2907,4.7600,-153.2300,111.3700,0.1628,-5.2397,3.8083,0
227649,10.5105,-12.5666,3.4253,57.9600,-133.7700,153.5800,1.9819,-4.5742,5.2516,0
227688,6.4245,-9.6081,2.7982,14.9100,-125.0900,65.5900,0.5098,-4.2774,2.2428,0
227727,7.6477,-7.8176,-0.5673,57.1900,-113.7500,53.5500,1.9556,-3.8897,1.8311,0
227766,7.6668,-9.4262,-1.4434,80.6400,-122.0800,71.8200,2.7575,-4.1745,2.4559,0
227805,6.1923,-8.2102,0.3303,81.2700,-140.3500,79.1000,2.7790,-4.7992,2.7048,0
227844,6.5705,-7.4011,0.1628,74.1300,-142.9400,71.5400,2.5349,-4.8878,2.4463,0
227883,6.6184,-7.2815,-0.8186,89.6000,-108.9900,66.2900,3.0639,-3.7269,2.2668,0
227922,3.7460,-6.9942,0.3902,42.0700,-73.3600,66.8500,1.4386,-2.5085,2.2859,0
227961,3.1261,-8.5549,0.0048,28.8400,-95.8300,48.9300,0.9862,-3.2769,1.6732,0
228000,1.9053,-8.9187,-0.2729,50.6100,-122.5000,18.6900,1.7306,-4.1889,0.6391,0
228039,1.2495,-9.0408,-2.0801,43.8200,-98.0000,-20.3000,1.4984,-3.3511,-0.6942,0
228078,0.1029,-8.2198,-3.7460,7.5600,-81.3400,-60.4800,0.2585,-2.7814,-2.0681,0
228117,0.7181,-7.5663,-4.8902,-13.3000,-81.8300,-85.9600,-0.4548,-2.7982,-2.9394,0
228156,0.4715,-6.1301,-3.2913,6.2300,-100.5200,-110.9500,0.2130,-3.4373,-3.7939,0
228195,6.4293,-5.5939,-3.1572,39.5500,-108.0100,-117.3900,1.3524,-3.6934,-4.0141,0
228234,18.5627,-10.0844,-2.0705,98.7000,-74.2700,-75.2500,3.3750,-2.5397,-2.5732,0
228273,12.3703,-5.5006,1.4386,33.3900,-14.2800,-65.2400,1.1418,-0.4883,-2.2309,0
228312,10.9868,-6.2330,0.4093,-14.2800,-33.6000,-44.8000,-0.4883,-1.1489,-1.5319,0
228351,8.7631,-9.1772,1.6708,-6.5100,-50.2600,-35.2800,-0.2226,-1.7186,-1.2064,0
228390,5.6274,-7.3604,0.5745,51.5900,-48.0200,-43.1900,1.7641,-1.6420,-1.4769,0
228429,5.6107,-4.4378,-1.1681,55.1600,-66.2200,-40.6000,1.8862,-2.2644,-1.3883,0
228468,7.4634,-3.1333,-2.0753,32.2700,-29.7500,-16.1700,1.1035,-1.0173,-0.5529,0
228507,9.3974,-4.3325,-0.9335,17.5000,-4.5500,-22.4700,0.5984,-0.1556,-0.7684,0
228546,8.9474,-5.1559,-1.3141,-9.3100,-10.5000,-36.2600,-0.3184,-0.3590,-1.2399,0
228585,8.2987,-6.8338,-0.6942,-4.4800,-24.7800,-22.0500,-0.1532,-0.8473,-0.7540,0
228624,9.4932,-6.7596,-0.8497,11.2000,-12.7400,-24.0100,0.3830,-0.4356,-0.8210,0
228663,8.5214,-5.4719,-1.6827,29.1200,13.9300,-16.1000,0.9958,0.4763,-0.5505,0
228702,8.0115,-6.1636,-1.1777,46.3400,18.1300,2.3100,1.5846,0.6200,0.0790,0
228741,6.6376,-6.2857,-0.2824,47.8800,8.4000,-4.0600,1.6372,0.2872,-0.1388,0
228780,7.3724,-6.2498,-1.5774,75.8800,0.4200,8.7500,2.5947,0.0144,0.2992,0
228819,6.7979,-7.4083,-1.6588,84.2800,20.5800,2.5900,2.8819,0.7037,0.0886,0
228858,6.5035,-7.5807,-1.9867,86.7300,23.1000,-13.5800,2.9657,0.7899,-0.4644,0
228897,7.0517,-7.4706,-1.8551,95.4800,32.7600,-21.8400,3.2649,1.1202,-0.7468,0
228936,6.9607,-5.6131,0.0096,81.4100,66.5700,-13.6500,2.7838,2.2764,-0.4668,0
228975,10.0006,-4.5312,1.2351,63.9100,28.0700,5.6700,2.1854,0.9598,0.1939,0
229014,10.0796,-4.1003,1.6420,37.0300,-3.3600,27.5100,1.2662,-0.1149,0.9407,0
229053,8.0642,-3.6958,1.0867,41.6500,-39.7600,58.7300,1.4242,-1.3596,2.0083,0
229092,6.7908,-1.7186,3.2194,21.2800,-80.7800,83.3700,0.7277,-2.7623,2.8508,0
229131,8.3753,-1.9556,4.3636,-33.6000,-130.8300,110.1800,-1.1489,-4.4737,3.7676,0
229170,10.1203,-8.6722,3.1213,25.5500,-124.6700,135.1000,0.8737,-4.2631,4.6197,0
229209,6.4580,-10.2783,2.1998,38.0800,-106.0500,51.5200,1.3021,-3.6264,1.7617,0
229248,6.3312,-8.3370,-0.4811,49.2800,-110.3900,60.2700,1.6851,-3.7748,2.0609,0
229287,7.3772,-8.2700,-0.7995,26.3200,-68.0400,89.0400,0.9000,-2.3266,3.0447,0
229326,6.9057,-8.3753,-0.5314,43.1200,-86.0300,66.5700,1.4745,-2.9418,2.2764,0
229365,6.9894,-7.6142,0.6870,55.7900,-87.0100,58.2400,1.9077,-2.9753,1.9915,0
229404,5.8261,-7.4251,0.7540,84.8400,-71.6100,53.3400,2.9011,-2.4487,1.8240,0
229443,4.5599,-7.6309,0.5410,74.9700,-52.3600,39.9000,2.5636,-1.7904,1.3644,0
229482,4.6078,-7.3820,0.3279,41.7200,-47.5300,32.4100,1.4266,-1.6253,1.1083,0
229521,3.2625,-7.2767,-0.0335,22.8900,-54.5300,23.8000,0.7827,-1.8646,0.8138,0
229560,2.1351,-8.9809,-0.0646,21.2100,-59.5700,3.0800,0.7253,-2.0370,0.1053,0
229599,0.7899,-9.8833,-1.3165,7.1400,-63.4200,-27.7200,0.2442,-2.1686,-0.9479,0
229638,1.1298,-9.4166,-3.2290,-25.2000,-55.5800,-74.4100,-0.8617,-1.9006,-2.5444,0
229677,2.0322,-6.2977,-1.5822,-14.7000,-91.0700,-91.4200,-0.5027,-3.1141,-3.1261,0
229716,9.4597,-7.3580,-1.1992,38.4300,-81.1300,-86.9400,1.3141,-2.7742,-2.9729,0
229755,15.0440,-8.5980,-2.8484,41.5800,-26.9500,-69.3000,1.4218,-0.9216,-2.3697,0
229794,8.7775,-5.6107,0.3902,-8.1900,5.4600,-66.7100,-0.2801,0.1867,-2.2811,0
229833,8.7799,-6.7477,0.7348,-25.4800,-8.8200,-53.6900,-0.8713,-0.3016,-1.8359,0
229872,9.4980,-8.3730,0.3950,-9.2400,-40.7400,-37.1700,-0.3160,-1.3931,-1.2710,0
229911,8.3442,-8.2030,1.3931,19.4600,-41.3700,-46.4800,0.6654,-1.4146,-1.5894,0
229950,5.9913,-6.9870,0.2274,34.4400,-37.1700,-58.6600,1.1777,-1.2710,-2.0059,0
229989,5.3905,-4.9596,-1.4410,54.5300,-47.6700,-47.4600,1.8646,-1.6301,-1.6229,0
230028,7.0493,-3.1237,-1.8240,43.4000,-16.7300,-19.6000,1.4841,-0.5721,-0.6702,0
230067,9.6464,-2.9155,-0.5888,28.8400,0.9100,-20.8600,0.9862,0.0311,-0.7133,0
230106,9.6081,-6.3814,-1.0819,-10.3600,-27.7900,-25.2000,-0.3543,-0.9503,-0.8617,0
230145,9.1605,-7.8152,-1.1178,3.2900,-9.4500,-18.9700,0.1125,-0.3231,-0.6487,0
230184,8.5453,-6.0846,-1.0388,27.8600,14.8400,-17.0800,0.9527,0.5075,-0.5840,0
230223,7.9445,-6.8889,-1.7282,46.7600,3.3600,-11.7600,1.5990,0.1149,-0.4021,0
230262,7.6740,-6.5299,-1.8910,56.8400,12.9500,-0.8400,1.9436,0.4428,-0.0287,0
230301,6.6830,-6.6447,-1.7282,63.9100,26.6000,8.1200,2.1854,0.9096,0.2777,0
230340,6.1277,-7.5639,-2.4654,69.1600,30.8700,12.3200,2.3649,1.0556,0.4213,0
230379,7.0134,-7.8152,-2.4272,83.9300,48.0200,20.5800,2.8700,1.6420,0.7037,0
230418,6.4533,-6.2498,-0.5960,77.8400,67.8300,42.7000,2.6617,2.3194,1.4601,0
230457,8.0307,-4.1745,1.3739,86.7300,7.5600,68.8800,2.9657,0.2585,2.3553,0
230496,7.7602,-2.5803,1.5583,68.8800,-13.0200,61.5300,2.3553,-0.4452,2.1040,0
230535,7.2910,-1.7330,1.8670,-0.5600,-107.8700,55.7900,-0.0191,-3.6886,1.9077,0
230574,9.0240,-6.2259,2.1782,5.3200,-144.9700,93.2400,0.1819,-4.9572,3.1883,0
230613,7.4873,-10.3357,3.6072,42.6300,-108.2900,80.2200,1.4577,-3.7030,2.7431,0
230652,7.0876,-8.3897,2.5085,39.3400,-98.1400,45.5000,1.3452,-3.3559,1.5559,0
230691,7.9756,-8.0019,-0.5840,34.3700,-105.3500,34.2300,1.1753,-3.6024,1.1705,0
230730,7.9732,-8.2054,-0.0598,24.5700,-119.7000,50.6800,0.8402,-4.0931,1.7330,0
230769,7.5831,-8.5429,0.5769,48.8600,-133.2100,59.6400,1.6708,-4.5551,2.0394,0
230808,7.3006,-9.1581,-1.0795,54.1800,-142.3800,69.4400,1.8527,-4.8687,2.3745,0
230847,6.1301,-8.1695,-1.9221,55.0200,-112.8400,65.7300,1.8814,-3.8585,2.2476,0
230886,4.7969,-8.7440,-0.8856,69.7900,-96.2500,65.3800,2.3865,-3.2913,2.2357,0
230925,3.8609,-9.3639,-1.6564,65.1000,-75.8100,34.0200,2.2261,-2.5923,1.1633,0
230964,1.1489,-7.6668,-2.0968,54.3900,-65.2400,-26.6000,1.8599,-2.2309,-0.9096,0
231003,0.9981,-6.0966,-3.6479,17.4300,-61.0400,-67.6200,0.5960,-2.0873,-2.3123,0
231042,0.5793,-5.0003,-0.6702,-13.7200,-65.1700,-102.0600,-0.4692,-2.2285,-3.4899,0
231081,2.4032,-5.4934,-0.5673,-8.8900,-69.5100,-134.8200,-0.3040,-2.3769,-4.6102,0
231120,14.9794,-10.8025,0.1604,101.2200,-50.4000,-110.1800,3.4612,-1.7234,-3.7676,0
231159,13.4834,-4.1913,-0.0694,99.0500,-16.9400,-58.6600,3.3870,-0.5793,-2.0059,0
231198,8.9833,-3.6431,-1.5463,43.1900,-22.1200,-58.6600,1.4769,-0.7564,-2.0059,0
231237,6.3958,-6.0320,0.9216,-11.2000,-36.1200,-42.2100,-0.3830,-1.2351,-1.4434,0
231276,8.8206,-8.3035,0.6726,-3.9200,9.5200,-29.1900,-0.1340,0.3255,-0.9981,0
231315,8.9690,-7.0325,-1.7617,26.4600,-11.4100,-36.4000,0.9048,-0.3902,-1.2447,0
231354,9.0647,-7.5519,-1.4099,10.5700,-34.3700,-16.9400,0.3614,-1.1753,-0.5793,0
231393,9.4453,-8.1671,-0.8785,38.3600,-29.1900,-0.3500,1.3117,-0.9981,-0.0120,0
231432,9.1317,-5.2947,-0.1460,54.6700,-46.7600,-26.1800,1.8694,-1.5990,-0.8952,0
231471,9.4884,-4.3780,-0.4907,37.6600,-39.9700,-15.7500,1.2878,-1.3668,-0.5386,0
231510,9.1246,-6.2043,-0.9958,17.5000,-47.3900,-19.7400,0.5984,-1.6205,-0.6750,0
231549,7.3461,-6.5610,-0.9958,30.9400,-52.1500,-16.0300,1.0580,-1.7833,-0.5481,0
231588,6.7572,-5.4120,-2.0681,43.4000,-29.8200,4.2700,1.4841,-1.0197,0.1460,0
231627,6.7381,-6.2809,-1.3907,54.0400,-36.7500,11.1300,1.8479,-1.2567,0.3806,0
231666,7.2695,-5.3618,-0.8617,51.2400,-20.2300,6.3000,1.7521,-0.6918,0.2154,0
231705,6.7596,-5.7352,-2.5827,58.8700,3.5000,1.4700,2.0131,0.1197,0.0503,0
231744,5.9410,-6.5131,-3.9184,79.8000,14.3500,-7.0000,2.7287,0.4907,-0.2394,0
231783,7.2360,-9.1868,-2.9418,104.0900,27.5800,-9.1700,3.5593,0.9431,-0.3136,0
231822,7.6764,-7.0397,-1.5008,83.6500,108.4300,-1.4700,2.8604,3.7077,-0.0503,0
231861,7.1570,-4.5503,0.9048,122.7100,-11.1300,38.2200,4.1961,-0.3806,1.3069,0
231900,10.3956,-4.8998,1.2543,80.7800,-92.7500,29.1900,2.7623,-3.1716,0.9981,0
231939,10.0557,-4.2200,0.2585,35.6300,-94.6400,42.6300,1.2184,-3.2362,1.4577,0
231978,7.6166,-2.4391,2.4607,-19.1800,-78.4000,60.6200,-0.6559,-2.6809,2.0729,0
232017,6.8626,-3.8274,1.6516,-7.2100,-131.8800,92.7500,-0.2465,-4.5096,3.1716,0
232056,6.8195,-9.3950,3.3367,1.8900,-117.1100,99.6800,0.0646,-4.0046,3.4085,0
232095,7.0828,-9.5865,2.8173,-27.9300,-105.9800,53.2000,-0.9551,-3.6240,1.8192,0
232134,7.5519,-6.6806,-0.2082,25.6200,-115.3600,46.6900,0.8761,-3.9447,1.5966,0
232173,8.1886,-8.8517,-1.3237,50.1200,-109.2000,83.7200,1.7138,-3.7341,2.8628,0
232212,6.0152,-8.3418,0.4835,16.7300,-88.8300,90.6500,0.5721,-3.0375,3.0998,0
232251,7.3844,-9.8355,-1.0724,33.8800,-80.4300,89.1100,1.1585,-2.7503,3.0471,0
232290,6.1684,-8.0618,-2.5612,65.1000,-47.0400,36.2600,2.2261,-1.6085,1.2399,0
232329,3.0447,-7.9565,-1.0436,36.9600,9.8700,-12.2500,1.2638,0.3375,-0.4189,0
232368,0.3543,-6.5251,-2.4918,-9.3800,-7.6300,-52.4300,-0.3207,-0.2609,-1.7928,0
232407,0.0096,-6.3767,-1.6732,-37.1700,-23.3800,-103.0400,-1.2710,-0.7995,-3.5234,0
232446,1.4984,-5.4623,-2.5061,-26.1100,-43.8200,-146.7900,-0.8928,-1.4984,-5.0195,0
232485,13.6342,-8.3011,0.6487,92.6100,-29.4700,-144.6200,3.1668,-1.0077,-4.9453,0
232524,13.8281,-4.1099,1.3811,67.5500,7.9800,-71.1200,2.3099,0.2729,-2.4319,0
232563,8.4735,-6.5203,-2.0226,-22.1200,-7.4900,-53.2000,-0.7564,-0.2561,-1.8192,0
232602,5.7926,-8.5046,0.8880,-24.0800,-0.7000,-33.1800,-0.8234,-0.0239,-1.1346,0
232641,6.1612,-10.1059,1.6732,9.5200,-11.2000,-34.0900,0.3255,-0.3830,-1.1657,0
232680,5.2445,-5.9147,-1.5104,68.2500,-22.6800,-38.9200,2.3338,-0.7755,-1.3309,0
232719,6.6878,-4.0213,-2.2500,60.2000,-37.7300,-11.2000,2.0585,-1.2902,-0.3830,0
232758,9.9264,-6.0679,-0.8019,32.6200,-1.3300,-15.4700,1.1154,-0.0455,-0.5290,0
232797,10.3549,-5.5724,-1.1250,10.0800,-21.6300,-33.3200,0.3447,-0.7396,-1.1394,0
232836,9.9001,-6.9942,-0.9958,-6.5100,-20.1600,-20.2300,-0.2226,-0.6894,-0.6918,0
232875,9.1533,-6.9248,-0.3064,-2.7300,-7.1400,1.1200,-0.0934,-0.2442,0.0383,0
232914,8.4089,-5.5006,-1.1489,5.8100,1.7500,10.2900,0.1987,0.0598,0.3519,0
232953,7.9445,-5.9745,-1.2112,14.4200,-3.0100,8.9600,0.4931,-0.1029,0.3064,0
232992,7.9158,-7.3987,-2.6881,18.8300,12.6700,-2.1000,0.6439,0.4332,-0.0718,0
233031,6.0583,-6.3671,-2.8915,21.2100,39.6900,-5.2500,0.7253,1.3572,-0.1795,0
233070,5.2397,-5.3737,-3.6240,32.5500,36.3300,-5.6700,1.1130,1.2423,-0.1939,0
233109,6.3791,-5.0099,-2.0968,46.2000,49.7700,1.8200,1.5798,1.7019,0.0622,0
233148,7.3940,-5.7376,-1.0580,53.8300,72.1700,35.5600,1.8407,2.4678,1.2160,0
233187,6.9296,-7.2240,1.2232,73.9900,3.2900,31.2900,2.5301,0.1125,1.0700,0
233226,8.4495,-3.7437,2.9825,29.3300,-56.4200,11.2700,1.0029,-1.9293,0.3854,0
233265,7.5759,-3.4851,1.2279,-9.8700,-40.8100,28.4900,-0.3375,-1.3955,0.9742,0
233304,6.1732,-4.5359,0.9096,-25.7600,-31.3600,64.0500,-0.8809,-1.0724,2.1902,0
233343,7.0373,-7.6022,3.4851,-55.8600,-48.7200,87.1500,-1.9101,-1.6660,2.9801,0
233382,9.1246,-10.3262,3.6886,-32.6200,-90.0200,72.0300,-1.1154,-3.0782,2.4631,0
233421,8.8445,-8.7942,0.9838,-26.6000,-90.6500,38.5000,-0.9096,-3.0998,1.3165,0
233460,6.1397,-7.6644,0.5003,-13.6500,-82.1800,42.3500,-0.4668,-2.8101,1.4482,0
233499,5.4527,-8.9139,-0.3112,3.2200,-90.2300,74.5500,0.1101,-3.0854,2.5492,0
233538,4.4258,-7.1067,-1.1106,0.0700,-96.1800,81.6200,0.0024,-3.2889,2.7910,0
233577,4.6006,-6.9799,-1.1561,-16.0300,-74.9700,56.2100,-0.5481,-2.5636,1.9221,0
233616,5.0123,-7.4514,-4.4881,-78.4000,-34.7200,1.9600,-2.6809,-1.1872,0.0670,0
233655,4.3708,-8.5525,-4.3445,-44.3100,5.3900,-40.5300,-1.5152,0.1843,-1.3859,0
233694,3.0327,-8.3275,-8.7727,89.4600,25.0600,-50.8200,3.0591,0.8569,-1.7378,0
233733,-0.6152,-6.6352,-0.9527,85.3300,18.9700,-29.5400,2.9178,0.6487,-1.0101,0
233772,2.4846,-6.1349,2.6139,49.5600,-59.8500,1.9600,1.6947,-2.0466,0.0670,0
233811,10.3501,-6.7333,0.8689,140.4200,-147.7000,-13.3700,4.8016,-5.0506,-0.4572,0
233850,16.1930,0.9000,2.9992,121.5200,-68.3900,2.6600,4.1554,-2.3386,0.0910,0
233889,2.4702,2.3027,-0.3638,33.1800,10.2200,142.8700,1.1346,0.3495,4.8854,0
233928,-2.2069,-4.5336,-5.4790,-47.3200,-72.8000,222.7400,-1.6181,-2.4894,7.6166,0
233967,4.3780,-4.5766,-0.3758,-7.0000,-112.3500,303.3800,-0.2394,-3.8418,10.3740,1
234006,5.3881,-4.7370,3.9974,48.0200,-47.1100,237.1600,1.6420,-1.6109,8.1097,0
234045,5.3043,-4.3325,-0.6367,40.9500,-11.8300,118.5100,1.4003,-0.4045,4.0524,0
234084,-2.9992,-5.3115,-3.4373,76.5800,24.7800,12.9500,2.6186,0.8473,0.4428,0
234123,-3.9591,-2.8508,-0.4883,31.5700,-72.3800,62.0200,1.0795,-2.4750,2.1208,0
234162,-0.9958,-2.7240,-1.5391,21.8400,-109.9700,143.8500,0.7468,-3.7604,4.9189,0
234201,2.4248,-10.5344,0.9646,5.8100,-114.1000,171.1500,0.1987,-3.9016,5.8525,0
234240,11.4560,-18.8858,-5.2325,76.6500,-84.0000,188.2300,2.6210,-2.8724,6.4365,0
234279,-23.1154,-17.1073,8.9666,381.2900,-37.3800,276.5700,13.0382,-1.2782,9.4573,0
234318,-17.2127,-18.1749,14.7065,182.8400,-33.7400,249.4800,6.2522,-1.1537,8.5309,0
234357,-23.3715,-12.5020,17.2007,-37.0300,80.7100,178.4300,-1.2662,2.7599,6.1014,0
234396,-17.9571,-1.8527,8.6626,-0.7700,-51.7300,67.9000,-0.0263,-1.7689,2.3218,0
234435,-13.3948,-0.6152,5.6011,-33.5300,-28.7000,39.4800,-1.1466,-0.9814,1.3500,0
234474,-13.3757,1.2974,4.5216,-56.3500,73.3600,43.5400,-1.9269,2.5085,1.4888,0
234513,-7.5519,3.5426,2.3003,-68.3200,1.6800,29.7500,-2.3362,0.0574,1.0173,0
234552,-0.4763,0.6583,-1.0197,-81.0600,36.1900,25.2700,-2.7718,1.2375,0.8641,0
234591,0.0503,-2.7048,-0.2968,-60.6200,24.4300,7.5600,-2.0729,0.8354,0.2585,0
234630,1.5918,-2.4080,0.2705,-38.1500,18.2000,11.7600,-1.3045,0.6223,0.4021,0
234669,0.5817,-1.1513,1.0436,21.6300,-8.0500,14.7000,0.7396,-0.2753,0.5027,0
234708,-2.3003,-0.5817,2.2476,49.0700,-13.0900,5.2500,1.6779,-0.4476,0.1795,0
234747,-4.7298,1.9293,1.7330,72.8000,8.2600,2.1000,2.4894,0.2824,0.0718,0
234786,-10.5655,3.7077,2.4319,53.2000,47.4600,-1.3300,1.8192,1.6229,-0.0455,0
234825,-17.5119,2.7718,3.8945,-11.2700,53.5500,-1.1200,-0.3854,1.8311,-0.0383,0
234864,-19.2066,-3.3918,3.5330,-37.5900,25.4100,2.6600,-1.2854,0.8689,0.0910,0
234903,-18.3209,-7.4227,5.0937,-28.8400,-43.6100,-44.5900,-0.9862,-1.4912,-1.5247,0
234942,-14.3690,-5.9650,2.3003,-38.7800,-31.2900,-80.5000,-1.3261,-1.0700,-2.7527,0
234981,-8.7823,-3.7628,0.3112,-42.1400,133.9100,-90.2300,-1.4410,4.5790,-3.0854,0
235020,-5.1990,-3.6886,0.5027,-15.5400,57.8900,-92.5400,-0.5314,1.9795,-3.1644,0
235059,-2.9753,-4.4713,1.0029,5.8800,16.7300,-71.6800,0.2011,0.5721,-2.4511,0
235098,-2.0777,-4.4426,0.5840,31.0100,10.9200,-59.7800,1.0604,0.3734,-2.0442,0
235137,-3.0016,-4.4187,1.0724,65.2400,-32.5500,-55.3700,2.2309,-1.1130,-1.8934,0
235176,-6.1062,-5.0243,4.3564,73.2900,-35.7000,-32.6900,2.5061,-1.2208,-1.1178,0
235215,-8.0211,-8.5429,2.1686,39.9000,-47.9500,0.7000,1.3644,-1.6396,0.0239,0
235254,-10.4099,-11.3243,0.4117,-9.1700,21.4200,23.1000,-0.3136,0.7325,0.7899,0
235293,-11.2693,-9.1652,2.1040,-14.1400,15.3300,36.2600,-0.4835,0.5242,1.2399,0
235332,-9.4214,-7.2647,0.9287,-18.3400,24.5700,22.7500,-0.6271,0.8402,0.7779,0
235371,-8.0522,-5.9554,0.9551,-17.6400,39.7600,5.4600,-0.6032,1.3596,0.1867,0
235410,-7.1690,-4.8495,0.8426,-27.7900,51.5900,0.0000,-0.9503,1.7641,0.0000,0
235449,-7.0828,-4.7227,0.1723,-5.7400,22.3300,4.7600,-0.1963,0.7636,0.1628,0
235488,-7.4466,-4.5168,0.3973,9.6600,-6.0200,5.8100,0.3303,-0.2059,0.1987,0
235527,-7.9301,-5.1344,0.6846,23.3800,-26.5300,5.4600,0.7995,-0.9072,0.1867,0
235566,-8.6961,-5.8213,0.9766,24.9200,-24.4300,1.1200,0.8521,-0.8354,0.0383,0
235605,-9.0144,-6.1301,1.2208,20.3000,-22.8200,-5.1800,0.6942,-0.7803,-0.1771,0
235644,-8.7631,-6.2665,1.4003,5.1800,-14.7000,-12.5300,0.1771,-0.5027,-0.4285,0
235683,-8.0737,-6.0607,1.6372,-7.8400,-3.7800,-16.1700,-0.2681,-0.1293,-0.5529,0
235722,-7.1929,-5.6993,1.7474,-15.6100,-1.6800,-14.8400,-0.5338,-0.0574,-0.5075,0
235761,-6.7357,-5.7950,1.4242,-10.5000,-3.2200,-8.8200,-0.3590,-0.1101,-0.3016,0
235800,-6.8745,-5.8333,1.4482,-5.6700,2.2400,-2.2400,-0.1939,0.0766,-0.0766,0
235839,-7.0445,-5.6155,1.5702,4.4100,-7.6300,3.5000,0.1508,-0.2609,0.1197,0
235878,-7.5519,-5.8477,1.6253,6.7900,-7.3500,4.2000,0.2322,-0.2513,0.1436,0
235917,-7.8176,-6.0176,1.6755,3.3600,-1.1200,3.4300,0.1149,-0.0383,0.1173,0
235956,-7.8176,-5.9985,1.5511,0.0000,3.4300,2.3100,0.0000,0.1173,0.0790,0
235995,-7.7243,-5.9290,1.3931,-2.8000,7.4200,1.1900,-0.0957,0.2537,0.0407,0
236034,-7.6214,-5.7088,1.4122,-1.8200,6.9300,0.7700,-0.0622,0.2370,0.0263,0
236073,-7.6118,-5.7184,1.3309,1.9600,2.5200,0.2800,0.0670,0.0862,0.0096,0
236112,-7.5902,-5.7926,1.3189,2.7300,-1.7500,0.2800,0.0934,-0.0598,0.0096,0
236151,-7.7410,-5.9458,1.2830,4.3400,-4.4100,0.5600,0.1484,-0.1508,0.0191,0
236190,-7.8152,-6.1110,1.3572,1.4700,-2.3100,0.1400,0.0503,-0.0790,0.0048,0
236229,-7.7841,-6.0248,1.3835,0.7700,0.1400,-0.2800,0.0263,0.0048,-0.0096,0
236268,-7.7195,-5.9362,1.3548,-1.1200,2.1700,-0.3500,-0.0383,0.0742,-0.0120,0
236307,-7.6477,-5.8596,1.3931,-1.4700,0.8400,0.0700,-0.0503,0.0287,0.0024,0
236346,-7.6596,-5.8357,1.3716,-1.1900,0.4200,0.0000,-0.0407,0.0144,0.0000,0
236385,-7.6644,-5.8716,1.3261,0.1400,-0.7000,-0.4200,0.0048,-0.0239,-0.0144,0
236424,-7.6381,-5.8931,1.4075,0.8400,-3.0800,-0.5600,0.0287,-0.1053,-0.0191,0
236463,-7.6692,-5.9051,1.4075,1.0500,-0.6300,-0.3500,0.0359,-0.0215,-0.0120,0
236502,-7.6429,-5.9362,1.4003,0.4900,-0.4900,-0.3500,0.0168,-0.0168,-0.0120,0
236541,-7.5783,-5.9243,1.3644,0.3500,-0.8400,0.2100,0.0120,-0.0287,0.0072,0
236580,-7.6261,-5.9243,1.4314,0.7000,-0.5600,0.9100,0.0239,-0.0191,0.0311,0
236619,-7.6692,-5.8692,1.4075,-0.8400,1.6100,0.7700,-0.0287,0.0551,0.0263,0
236658,-7.6692,-5.8716,1.3428,0.4900,0.6300,0.3500,0.0168,0.0215,0.0120,0
236697,-7.6573,-5.8955,1.3763,0.9100,-1.8200,0.2100,0.0311,-0.0622,0.0072,0
236736,-7.6668,-5.9075,1.3548,1.3300,-1.2600,0.4200,0.0455,-0.0431,0.0144,0
236775,-7.7027,-5.9003,1.3644,0.4200,0.5600,-0.0700,0.0144,0.0191,-0.0024,0
236814,-7.7243,-5.9626,1.3859,0.4200,-1.1200,-0.6300,0.0144,-0.0383,-0.0215,0
236853,-7.6166,-5.8836,1.3620,-0.7700,0.2800,-1.1200,-0.0263,0.0096,-0.0383,0
236892,-7.6333,-5.9314,1.3524,0.5600,-0.4900,-0.6300,0.0191,-0.0168,-0.0215,0
236931,-7.5831,-5.9458,1.3907,0.7000,-0.4200,0.0700,0.0239,-0.0144,0.0024,0
236970,-7.6190,-5.8812,1.3931,1.0500,-1.0500,0.4200,0.0359,-0.0359,0.0144,0
237009,-7.6429,-5.9434,1.4194,0.4200,-1.4000,0.3500,0.0144,-0.0479,0.0120,0
237048,-7.6788,-5.9865,1.3620,-0.8400,3.4300,0.2800,-0.0287,0.1173,0.0096,0
237087,-7.6884,-5.8668,1.3859,0.0700,0.7000,0.1400,0.0024,0.0239,0.0048,0
237126,-7.5831,-5.8309,1.4194,-0.0700,-1.4700,-0.4900,-0.0024,-0.0503,-0.0168,0
237165,-7.5878,-5.8620,1.4003,-0.0700,-0.9800,-0.6300,-0.0024,-0.0335,-0.0215,0
237204,-7.6932,-6.0104,1.3261,-0.9800,0.9800,-0.8400,-0.0335,0.0335,-0.0287,0
237243,-7.6477,-6.0344,1.2974,-0.5600,0.6300,-0.9800,-0.0191,0.0215,-0.0335,0
237282,-7.6118,-5.9602,1.3069,0.4200,-0.2100,-0.3500,0.0144,-0.0072,-0.0120,0
237321,-7.6357,-5.9793,1.3237,1.0500,-0.4900,0.4900,0.0359,-0.0168,0.0168,0
237360,-7.6309,-5.9051,1.4170,0.2100,0.5600,0.7700,0.0072,0.0191,0.0263,0
237399,-7.7003,-5.9745,1.2591,1.3300,-1.4000,0.4900,0.0455,-0.0479,0.0168,0
237438,-7.6644,-5.9865,1.3452,-0.2800,0.2800,-0.3500,-0.0096,0.0096,-0.0120,0
237477,-7.6357,-5.9290,1.3357,1.1900,-0.4200,-0.4200,0.0407,-0.0144,-0.0144,0
237516,-7.6022,-5.9027,1.4434,-0.5600,-0.4200,-0.7000,-0.0191,-0.0144,-0.0239,0
237555,-7.5495,-5.8860,1.3931,-0.9800,-0.5600,-0.5600,-0.0335,-0.0191,-0.0191,0
237594,-7.6022,-5.9841,1.2830,-0.4200,-0.4200,-0.2800,-0.0144,-0.0144,-0.0096,0
237633,-7.5854,-6.0104,1.3261,0.5600,-0.0700,0.2100,0.0191,-0.0024,0.0072,0
237672,-7.6237,-5.9650,1.3596,0.4900,-0.8400,0.4200,0.0168,-0.0287,0.0144,0
237711,-7.6046,-5.9697,1.3165,-0.2800,0.1400,0.7000,-0.0096,0.0048,0.0239,0
237750,-7.6549,-5.9889,1.2782,0.4200,0.2100,0.9100,0.0144,0.0072,0.0311,0
237789,-7.5950,-5.8740,1.3620,-2.8000,1.6100,0.2800,-0.0957,0.0551,0.0096,0
237828,-7.6333,-5.8931,1.3141,-0.6300,-0.7700,-0.6300,-0.0215,-0.0263,-0.0215,0
237867,-7.6285,-6.0511,1.2854,-0.9800,-1.3300,-0.7000,-0.0335,-0.0455,-0.0239,0
237906,-7.7027,-6.0751,1.1944,0.9800,-0.0700,-0.4900,0.0335,-0.0024,-0.0168,0
237945,-7.6046,-5.9961,1.3117,0.7000,-1.3300,-0.6300,0.0239,-0.0455,-0.0215,0
237984,-7.5017,-5.9386,1.3811,0.7700,-0.9100,0.2100,0.0263,-0.0311,0.0072,0
238023,-7.5998,-5.9530,1.3213,1.1200,-0.7700,0.7000,0.0383,-0.0263,0.0239,0
238062,-7.6477,-5.9913,1.3213,0.0000,-0.7000,-0.0700,0.0000,-0.0239,-0.0024,0
238101,-7.5543,-5.9745,1.3213,-0.0700,0.6300,0.2800,-0.0024,0.0215,0.0096,0
238140,-7.6405,-5.9578,1.3309,0.4200,-0.1400,0.7000,0.0144,-0.0048,0.0239,0
238179,-7.6285,-5.9913,1.3093,-0.0700,-0.0700,0.2800,-0.0024,-0.0024,0.0096,0
238218,-7.5831,-5.9793,1.3093,0.5600,-0.8400,0.2800,0.0191,-0.0287,0.0096,0
238257,-7.6309,-5.9913,1.2710,0.6300,-0.1400,0.3500,0.0215,-0.0048,0.0120,0
238296,-7.6022,-6.0152,1.3189,-0.4200,-0.1400,-0.0700,-0.0144,-0.0048,-0.0024,0
238335,-7.6022,-5.9913,1.2974,-0.0700,0.4900,0.1400,-0.0024,0.0168,0.0048,0
238374,-7.6237,-5.9913,1.2878,-0.0700,0.0000,0.2100,-0.0024,0.0000,0.0072,0
238413,-7.5878,-5.9602,1.3021,0.3500,-0.2800,0.3500,0.0120,-0.0096,0.0120,0
238452,-7.5998,-5.9961,1.2710,0.3500,-0.2800,0.2100,0.0120,-0.0096,0.0072,0
238491,-7.5519,-5.9482,1.3141,-0.1400,-0.4200,0.1400,-0.0048,-0.0144,0.0048,0
238530,-7.6764,-6.0248,1.2567,0.2100,-0.4900,0.4200,0.0072,-0.0168,0.0144,0
238569,-7.7147,-6.0463,1.2662,-0.3500,-0.4200,-0.1400,-0.0120,-0.0144,-0.0048,0
238608,-7.6166,-6.0248,1.2351,0.0700,0.1400,-0.4200,0.0024,0.0048,-0.0144,0
238647,-7.5639,-5.9985,1.2591,0.8400,-0.4200,-0.2100,0.0287,-0.0144,-0.0072,0
238686,-7.5448,-5.9530,1.3045,0.6300,-0.6300,0.2100,0.0215,-0.0215,0.0072,0
238725,-7.5831,-6.0272,1.2830,1.1200,-0.8400,0.2800,0.0383,-0.0287,0.0096,0
238764,-7.6333,-6.0344,1.3141,0.2800,0.2800,0.4900,0.0096,0.0096,0.0168,0
238803,-7.6357,-5.9745,1.2997,0.4200,0.4200,0.4200,0.0144,0.0144,0.0144,0
238842,-7.5663,-5.9338,1.3213,-0.0700,-0.2100,0.2100,-0.0024,-0.0072,0.0072,0
238881,-7.6070,-5.9506,1.3045,0.4200,-0.5600,0.2100,0.0144,-0.0191,0.0072,0
238920,-7.6453,-6.0128,1.2255,0.2800,-0.1400,-0.4900,0.0096,-0.0048,-0.0168,0
238959,-7.5687,-6.0248,1.2758,0.6300,-0.2100,-0.2800,0.0215,-0.0072,-0.0096,0
238998,-7.6070,-6.0104,1.2878,0.7000,-0.6300,0.1400,0.0239,-0.0215,0.0048,0
239037,-7.5974,-6.0200,1.2806,0.5600,-0.1400,0.1400,0.0191,-0.0048,0.0048,0
239076,-7.5854,-6.0320,1.2447,0.6300,0.3500,0.2800,0.0215,0.0120,0.0096,0
239115,-7.5687,-5.9530,1.3620,0.7700,-0.4900,0.7000,0.0263,-0.0168,0.0239,0
239154,-7.6142,-5.9793,1.2567,0.9100,-0.1400,0.3500,0.0311,-0.0048,0.0120,0
239193,-7.5735,-6.0511,1.2447,-0.6300,0.8400,0.0700,-0.0215,0.0287,0.0024,0
239232,-7.6884,-5.9937,1.2854,1.5400,-0.1400,0.5600,0.0527,-0.0048,0.0191,0
239271,-7.6357,-5.9817,1.3189,0.0700,-0.6300,-0.5600,0.0024,-0.0215,-0.0191,0
239310,-7.5328,-5.9626,1.2950,-0.1400,0.5600,-0.6300,-0.0048,0.0191,-0.0215,0
239349,-7.6333,-6.0415,1.1753,0.9100,-0.9100,-0.4200,0.0311,-0.0311,-0.0144,0
239388,-7.7051,-6.3767,0.7468,7.3500,1.4000,0.9100,0.2513,0.0479,0.0311,0
239427,-7.9038,-6.6663,1.4314,9.7300,4.5500,3.9200,0.3327,0.1556,0.1340,0
239466,-6.5346,-4.7753,2.5181,-10.5700,8.6800,5.2500,-0.3614,0.2968,0.1795,0
239505,-7.0971,-4.8782,1.3716,1.6800,-0.4200,8.6800,0.0574,-0.0144,0.2968,0
239544,-8.7176,-6.8386,0.4285,2.8700,-3.5700,4.9700,0.0981,-0.1221,0.1699,0
239583,-8.2772,-6.3719,1.3213,-1.1200,9.6600,-0.1400,-0.0383,0.3303,-0.0048,0
239622,-7.0828,-5.1248,1.3189,-0.0700,4.5500,-2.2400,-0.0024,0.1556,-0.0766,0
239661,-7.7099,-6.2546,1.0077,10.0800,-8.1900,1.8200,0.3447,-0.2801,0.0622,0
239700,-7.8104,-6.3862,1.4242,0.9800,4.4800,5.6700,0.0335,0.1532,0.1939,0
239739,-7.1761,-4.8256,1.5415,-0.1400,5.2500,5.9500,-0.0048,0.1795,0.2035,0
239778,-7.8799,-5.4192,1.4865,7.9100,-10.2200,3.0100,0.2705,-0.3495,0.1029,0
239817,-8.0785,-6.3575,1.0508,-1.9600,-2.9400,-1.8200,-0.0670,-0.1005,-0.0622,0
239856,-7.5017,-5.6155,1.2543,-1.4700,3.9200,-1.1900,-0.0503,0.1340,-0.0407,0
239895,-7.8464,-5.8453,1.4194,2.0300,-1.8900,0.3500,0.0694,-0.0646,0.0120,0
239934,-7.9110,-5.9075,1.1513,-1.0500,-3.2900,-0.0700,-0.0359,-0.1125,-0.0024,0
239973,-8.0522,-6.6184,0.3734,1.7500,0.0700,-0.7700,0.0598,0.0024,-0.0263,0
240012,-8.0139,-6.8482,1.0843,5.1100,10.8500,2.9400,0.1747,0.3710,0.1005,0
240051,-6.7501,-4.2894,2.0633,-11.2700,11.6200,5.3200,-0.3854,0.3973,0.1819,0
240090,-7.7889,-4.5910,1.7641,7.5600,-12.1800,6.1600,0.2585,-0.4165,0.2106,0
240129,-8.3801,-6.0248,1.1896,-4.5500,-13.6500,-4.2700,-0.1556,-0.4668,-0.1460,0
240168,-8.0666,-6.8434,0.3040,-6.6500,-2.2400,-9.8000,-0.2274,-0.0766,-0.3351,0
240207,-7.7554,-6.6184,0.8856,2.3800,5.2500,-4.2700,0.0814,0.1795,-0.1460,0
240246,-7.2408,-5.9626,1.2399,7.3500,1.5400,4.6900,0.2513,0.0527,0.1604,0
240285,-7.8775,-4.9524,1.9053,-2.7300,-1.8900,10.0100,-0.0934,-0.0646,0.3423,0
240324,-8.2174,-5.5054,1.1585,-2.9400,-3.6400,3.4300,-0.1005,-0.1245,0.1173,0
240363,-8.2844,-6.0152,1.0317,-5.1800,-0.7000,-5.9500,-0.1771,-0.0239,-0.2035,0
240402,-7.8152,-6.2019,0.7899,-2.8700,-0.3500,-9.5900,-0.0981,-0.0120,-0.3279,0
240441,-7.4394,-6.3168,1.0245,5.5300,0.9800,-3.6400,0.1891,0.0335,-0.1245,0
240480,-7.2192,-5.4814,1.5176,5.9500,-0.6300,4.8300,0.2035,-0.0215,0.1652,0
240519,-7.6836,-5.3258,1.6468,9.5200,-6.2300,6.2300,0.3255,-0.2130,0.2130,0
240558,-7.9756,-5.6370,1.5247,3.1500,-9.3100,0.2100,0.1077,-0.3184,0.0072,0
240597,-7.7626,-5.7663,1.2567,-2.7300,1.1200,-5.4600,-0.0934,0.0383,-0.1867,0
240636,-7.9158,-6.0009,1.4290,-3.0100,1.6800,-6.8600,-0.1029,0.0574,-0.2346,0
240675,-7.6190,-5.9937,1.4841,-6.5800,-2.6600,-6.6500,-0.2250,-0.0910,-0.2274,0
240714,-7.4801,-6.0104,1.0436,-9.1700,6.1600,-2.3100,-0.3136,0.2106,-0.0790,0
240753,-7.7650,-6.1325,0.8593,-3.6400,2.1000,-0.4200,-0.1245,0.0718,-0.0144,0
240792,-7.7315,-6.0415,0.9910,2.0300,-1.1200,-0.9100,0.0694,-0.0383,-0.0311,0
240831,-7.6309,-6.0104,1.1418,4.5500,-1.5400,-1.6800,0.1556,-0.0527,-0.0574,0
240870,-7.6333,-6.0080,1.2997,3.6400,-0.2800,-1.2600,0.1245,-0.0096,-0.0431,0
240909,-7.5902,-6.0032,1.2782,1.4000,-0.0700,-0.2800,0.0479,-0.0024,-0.0096,0
240948,-7.5878,-5.9650,1.3093,1.4000,-2.1000,0.5600,0.0479,-0.0718,0.0191,0
240987,-7.5998,-5.9027,1.3500,0.4200,-1.3300,0.4900,0.0144,-0.0455,0.0168,0
241026,-7.6429,-5.9075,1.2255,-0.9100,0.5600,-0.6300,-0.0311,0.0191,-0.0215,0
241065,-7.5926,-5.9793,1.2399,-2.0300,2.2400,-1.4700,-0.0694,0.0766,-0.0503,0
241104,-7.5352,-6.0392,1.1896,-0.2800,1.1200,-0.5600,-0.0096,0.0383,-0.0191,0
241143,-7.5615,-5.9554,1.2160,0.2100,0.9100,1.0500,0.0072,0.0311,0.0359,0
241182,-7.7530,-6.0415,1.1346,0.2100,-0.9800,-0.0700,0.0072,-0.0335,-0.0024,0
241221,-7.6620,-6.1732,0.9742,-0.2100,1.9600,-0.4900,-0.0072,0.0670,-0.0168,0
241260,-7.5615,-5.9506,1.2208,0.4200,2.8700,0.7700,0.0144,0.0981,0.0263,0
241299,-7.6285,-5.9243,1.2447,1.6100,-1.2600,0.7700,0.0551,-0.0431,0.0263,0
241338,-7.6405,-6.0104,1.1442,0.2100,-1.2600,0.2100,0.0072,-0.0431,0.0072,0
241377,-7.6381,-6.0009,1.1657,0.2800,0.4200,0.0700,0.0096,0.0144,0.0024,0
241416,-7.5926,-5.9817,1.1489,0.4200,0.7700,0.1400,0.0144,0.0263,0.0048,0
241455,-7.6070,-5.9195,1.2806,1.4000,-1.1900,0.2100,0.0479,-0.0407,0.0072,0
241494,-7.6405,-5.9889,1.1681,1.7500,-1.4700,0.1400,0.0598,-0.0503,0.0048,0
241533,-7.6070,-6.0032,1.2423,-0.9800,0.0000,-0.2800,-0.0335,0.0000,-0.0096,0
241572,-7.6357,-6.0535,1.1178,-0.2800,-0.2100,0.4200,-0.0096,-0.0072,0.0144,0
241611,-7.6237,-6.0032,1.2136,0.3500,-0.2800,0.9800,0.0120,-0.0096,0.0335,0
241650,-7.6932,-5.9673,1.1609,1.1200,-1.6100,0.2800,0.0383,-0.0551,0.0096,0
241689,-7.6812,-6.0631,1.1035,0.2800,-0.4200,-0.4200,0.0096,-0.0144,-0.0144,0
241728,-7.5759,-6.0200,1.1585,0.6300,0.2100,0.0000,0.0215,0.0072,0.0000,0
241767,-7.6285,-5.9961,1.1537,1.3300,-0.5600,0.8400,0.0455,-0.0191,0.0287,0
241806,-7.6453,-5.9889,1.2040,1.1900,-1.0500,0.5600,0.0407,-0.0359,0.0191,0
241845,-7.6285,-5.9697,1.1944,1.5400,-1.1200,0.3500,0.0527,-0.0383,0.0120,0
241884,-7.6309,-5.9889,1.1920,0.6300,0.0700,-0.0700,0.0215,0.0024,-0.0024,0
241923,-7.5041,-5.8572,1.2854,-0.3500,0.1400,0.0700,-0.0120,0.0048,0.0024,0
241962,-7.6094,-5.9985,1.1154,3.0100,-3.0100,0.7700,0.1029,-0.1029,0.0263,0
242001,-7.6860,-6.1134,1.1442,4.3400,-4.7600,1.4700,0.1484,-0.1628,0.0503,0
242040,-7.7554,-5.9697,1.4936,-2.3100,-1.3300,-0.0700,-0.0790,-0.0455,-0.0024,0
242079,-7.5807,-5.9075,1.2088,-6.8600,2.5200,-1.3300,-0.2346,0.0862,-0.0455,0
242118,-7.7075,-6.0296,1.1154,-5.8800,4.5500,-1.4700,-0.2011,0.1556,-0.0503,0
242157,-7.6549,-5.9338,1.0604,-4.1300,3.0100,-2.5200,-0.1412,0.1029,-0.0862,0
242196,-7.6788,-6.1804,0.8713,-1.1200,-0.0700,-2.9400,-0.0383,-0.0024,-0.1005,0
242235,-7.7051,-6.3264,1.1370,1.5400,-2.1700,-0.9800,0.0527,-0.0742,-0.0335,0
242274,-7.6644,-6.1636,0.9670,-3.5000,5.6700,-0.9800,-0.1197,0.1939,-0.0335,0
242313,-7.5041,-6.0894,1.0652,-5.6000,8.4700,-0.4900,-0.1915,0.2896,-0.0168,0
242352,-7.3293,-5.8525,1.0652,-4.6900,7.4200,0.3500,-0.1604,0.2537,0.0120,0
242391,-7.2695,-5.8620,0.9287,1.5400,0.1400,2.1000,0.0527,0.0048,0.0718,0
242430,-7.5256,-5.9937,1.1753,4.3400,-1.7500,4.2000,0.1484,-0.0598,0.1436,0
242469,-7.6620,-5.9602,1.1394,2.3100,-0.5600,4.2000,0.0790,-0.0191,0.1436,0
242508,-7.7291,-6.0751,1.0604,1.4700,-0.4900,2.3800,0.0503,-0.0168,0.0814,0
242547,-7.6716,-5.9099,1.1849,-0.7700,0.0700,1.4700,-0.0263,0.0024,0.0503,0
242586,-7.7147,-5.8812,0.9670,-0.9800,-0.1400,0.2100,-0.0335,-0.0048,0.0072,0
242625,-7.7578,-5.9769,0.9239,-1.3300,-2.7300,-1.1900,-0.0455,-0.0934,-0.0407,0
242664,-7.6429,-6.0320,0.8593,-2.1000,-0.9800,-2.0300,-0.0718,-0.0335,-0.0694,0
242703,-7.6884,-6.0990,0.8330,1.2600,-2.3800,-1.6100,0.0431,-0.0814,-0.0551,0
242742,-7.6237,-6.0009,0.9790,1.8200,-3.2200,-2.0300,0.0622,-0.1101,-0.0694,0
242781,-7.7530,-6.2067,0.9216,4.4800,-5.1100,-1.5400,0.1532,-0.1747,-0.0527,0
242820,-7.3916,-5.9458,1.2591,-7.4900,1.7500,-2.3100,-0.2561,0.0598,-0.0790,0
242859,-7.5304,-6.0032,1.0005,0.6300,-1.8200,0.5600,0.0215,-0.0622,0.0191,0
242898,-7.3604,-5.9386,1.1466,-4.9700,-0.0700,0.7700,-0.1699,-0.0024,0.0263,0
242937,-7.3317,-5.7328,0.9168,-4.3400,1.0500,2.0300,-0.1484,0.0359,0.0694,0
242976,-7.5687,-5.9243,0.8904,5.3900,-4.6900,4.1300,0.1843,-0.1604,0.1412,0
243015,-7.7386,-5.9267,1.3835,-3.0100,-0.9100,3.7100,-0.1029,-0.0311,0.1269,0
243054,-7.7793,-6.0942,0.8665,-4.3400,0.5600,3.4300,-0.1484,0.0191,0.1173,0
243093,-7.8535,-6.3312,0.6176,-5.8100,1.6100,3.4300,-0.1987,0.0551,0.1173,0
243132,-7.6214,-6.0894,0.8569,-10.9900,1.0500,6.2300,-0.3758,0.0359,0.2130,0
243171,-7.6908,-5.9171,0.8737,-4.9000,-3.8500,9.3100,-0.1676,-0.1317,0.3184,0
243210,-7.8894,-5.9769,1.0149,-10.2900,-7.7000,9.8700,-0.3519,-0.2633,0.3375,0
243249,-7.9110,-6.1277,0.6654,-13.3700,-3.2900,11.4800,-0.4572,-0.1125,0.3926,0
243288,-7.8870,-5.9147,0.6630,-13.5100,-1.7500,13.3700,-0.4620,-0.0598,0.4572,0
243327,-7.7913,-5.7998,0.6942,-13.6500,-6.7900,16.1700,-0.4668,-0.2322,0.5529,0
243366,-7.6692,-5.7304,0.8378,-13.7900,-6.3700,24.2200,-0.4715,-0.2178,0.8282,0
243405,-8.0474,-5.3737,0.8138,-6.3700,-8.1900,27.2300,-0.2178,-0.2801,0.9311,0
243444,-8.4232,-5.2899,0.6702,-6.9300,-13.0900,29.8200,-0.2370,-0.4476,1.0197,0
243483,-8.3682,-5.2852,0.6726,-6.5800,-5.8800,29.8900,-0.2250,-0.2011,1.0221,0
243522,-8.2796,-5.0649,0.9144,-5.1100,-1.8200,33.2500,-0.1747,-0.0622,1.1370,0
243561,-8.2581,-4.9812,0.4189,1.9600,3.9900,36.8900,0.0670,0.1364,1.2614,0
243600,-8.5980,-4.5000,1.0029,0.7000,11.2700,39.2000,0.0239,0.3854,1.3404,0
243639,-8.6698,-4.4905,0.2274,2.9400,6.7200,43.1900,0.1005,0.2298,1.4769,0
243678,-9.1389,-4.6365,0.5003,-2.8000,14.7700,45.6400,-0.0957,0.5051,1.5607,0
243717,-8.7918,-4.6149,0.9311,-26.3200,23.1000,42.9800,-0.9000,0.7899,1.4697,0
243756,-8.9283,-3.8753,-0.5075,-24.0100,14.7700,38.9200,-0.8210,0.5051,1.3309,0
243795,-9.6703,-3.5952,-0.0646,-4.6900,0.1400,27.6500,-0.1604,0.0048,0.9455,0
243834,-9.2155,-2.0777,0.9503,-6.6500,-4.4800,3.0800,-0.2274,-0.1532,0.1053,0
243873,-8.9474,-2.1279,-0.7037,12.3900,4.1300,-6.6500,0.4237,0.1412,-0.2274,0
243912,-9.7972,-1.9819,0.3495,40.5300,-16.8700,-19.6700,1.3859,-0.5769,-0.6726,0
243951,-9.6272,-1.0388,1.9053,19.3900,-30.9400,-34.5800,0.6630,-1.0580,-1.1825,0
243990,-8.7655,-1.9580,1.5128,13.1600,-32.1300,-48.8600,0.4500,-1.0987,-1.6708,0
244029,-7.9445,-3.5593,1.6588,-1.8200,-7.1400,-59.5000,-0.0622,-0.2442,-2.0346,0
244068,-7.5017,-4.8758,0.8761,11.1300,8.6800,-56.2800,0.3806,0.2968,-1.9245,0
244107,-8.1671,-5.8620,0.4787,2.2400,42.4900,-47.5300,0.0766,1.4529,-1.6253,0
244146,-8.2293,-5.2612,-1.0293,25.6200,23.5200,-38.7800,0.8761,0.8043,-1.3261,0
244185,-8.3562,-6.5825,-0.0910,75.4600,-3.6400,-35.1400,2.5803,-0.1245,-1.2016,0
244224,-9.3304,-7.1450,1.3237,86.8000,-5.8800,-27.1600,2.9681,-0.2011,-0.9287,0
244263,-9.3328,-5.4886,1.7545,18.8300,30.3100,-41.6500,0.6439,1.0364,-1.4242,0
244302,-8.5860,-4.4187,1.8359,1.0500,18.0600,-48.5100,0.0359,0.6176,-1.6588,0
244341,-7.3150,-4.5671,1.5654,-18.0600,18.6200,-52.5000,-0.6176,0.6367,-1.7952,0
244380,-6.6567,-5.7543,0.2418,-8.2600,24.5700,-49.9100,-0.2824,0.8402,-1.7067,0
244419,-6.5921,-5.9482,0.6032,2.1000,19.8100,-43.2600,0.0718,0.6774,-1.4793,0
244458,-6.4413,-6.5705,0.4021,14.1400,15.3300,-37.9400,0.4835,0.5242,-1.2974,0
244497,-6.4796,-7.0612,1.0317,9.8700,17.9200,-34.7200,0.3375,0.6128,-1.1872,0
244536,-7.1115,-7.3341,0.6463,11.2700,19.2500,-28.4200,0.3854,0.6583,-0.9718,0
244575,-8.3993,-8.4352,0.0191,12.3900,24.5000,-31.9200,0.4237,0.8378,-1.0915,0
244614,-8.1503,-7.7171,0.2442,4.6900,17.2900,-36.3300,0.1604,0.5912,-1.2423,0
244653,-6.9272,-8.4591,-0.3878,15.4000,9.5900,-44.2400,0.5266,0.3279,-1.5128,0
244692,-7.4969,-8.3706,-0.2322,17.0800,0.0000,-48.1600,0.5840,0.0000,-1.6468,0
244731,-6.6376,-9.0815,-0.5122,20.7200,-4.7600,-38.2900,0.7085,-0.1628,-1.3093,0
244770,-6.7453,-9.7900,-0.3710,27.2300,-18.8300,-33.4600,0.9311,-0.6439,-1.1442,0
244809,-6.6687,-9.4238,-0.6678,37.1000,-32.0600,-31.3600,1.2686,-1.0963,-1.0724,0
244848,-6.3336,-10.8767,-0.0144,36.4000,-45.9200,-20.7900,1.2447,-1.5702,-0.7109,0
244887,-5.2516,-11.5469,1.4482,51.1000,-49.9800,-2.3800,1.7474,-1.7091,-0.0814,0
244926,-4.8232,-11.1831,3.3415,49.5600,-46.8300,5.4600,1.6947,-1.6013,0.1867,0
244965,-4.1578,-10.6732,2.4391,53.8300,-64.1900,18.1300,1.8407,-2.1950,0.6200,0
245004,-3.9040,-9.2275,3.0902,60.4800,-70.5600,28.0000,2.0681,-2.4128,0.9575,0
245043,-3.2194,-5.6107,3.4253,49.5600,-56.4900,32.0600,1.6947,-1.9317,1.0963,0
245082,-5.2876,-3.5306,4.7298,24.6400,-37.1700,32.8300,0.8426,-1.2710,1.1226,0
245121,-4.5934,-4.5934,5.3498,-2.5200,-35.0000,40.3200,-0.0862,-1.1968,1.3787,0
245160,-4.6700,-7.1474,5.6083,15.1200,-23.6600,32.6900,0.5170,-0.8091,1.1178,0
245199,-6.9775,-6.5394,5.5365,24.2900,-18.2000,18.6900,0.8306,-0.6223,0.6391,0
245238,-7.5136,-4.9812,6.2187,14.0700,-37.1000,22.4700,0.4811,-1.2686,0.7684,0
245277,-6.5179,-4.5790,4.4953,20.1600,-65.9400,18.3400,0.6894,-2.2548,0.6271,0
245316,-4.2343,-3.6599,5.8501,-14.2800,-74.6900,4.0600,-0.4883,-2.5540,0.1388,0
245355,-4.7059,-5.5844,5.6681,-40.4600,-88.9000,-3.5000,-1.3835,-3.0399,-0.1197,0
245394,-6.2689,-5.7950,4.1841,-59.9200,-90.4400,-10.5000,-2.0490,-3.0926,-0.3590,0
245433,-6.4365,-6.5969,5.1104,-95.0600,-122.5700,-31.5700,-3.2506,-4.1913,-1.0795,0
245472,-6.5011,-7.4706,3.3726,-79.8000,-147.1400,-50.0500,-2.7287,-5.0314,-1.7115,0
245511,-4.8878,-6.8721,3.5929,-22.8200,-162.4000,-52.3600,-0.7803,-5.5532,-1.7904,0
245550,-1.5942,-7.7913,2.2452,17.2200,-154.2100,-26.6700,0.5888,-5.2732,-0.9120,0
245589,-3.3702,-4.1362,3.9280,61.8100,-136.3600,-3.5000,2.1136,-4.6628,-0.1197,0
245628,1.6349,-1.9460,7.1474,-20.7900,-90.8600,14.3500,-0.7109,-3.1069,0.4907,0
245667,2.1064,-7.3174,6.1517,-77.7000,-92.8900,19.1100,-2.6569,-3.1764,0.6535,0
245706,-0.2370,-11.2836,6.6567,-80.8500,-79.2400,-11.6200,-2.7647,-2.7096,-0.3973,0
245745,1.8958,-12.6336,3.9639,-79.3100,-120.6800,-43.1200,-2.7120,-4.1266,-1.4745,0
245784,2.6928,-10.3310,3.2554,-38.9900,-114.8000,-58.0300,-1.3333,-3.9256,-1.9843,0
245823,4.8088,-10.2161,2.0896,-25.4800,-117.4600,-60.9700,-0.8713,-4.0165,-2.0849,0
245862,5.3618,-9.9647,1.7306,-30.5200,-98.6300,-48.0200,-1.0436,-3.3726,-1.6420,0
245901,4.9668,-11.0849,1.3644,-49.0700,-63.6300,-43.6100,-1.6779,-2.1758,-1.4912,0
245940,4.7897,-11.4775,0.7061,-45.9900,-45.7800,-47.1800,-1.5726,-1.5654,-1.6133,0
245979,4.2559,-11.6881,0.7396,-27.9300,-42.5600,-53.2000,-0.9551,-1.4553,-1.8192,0
246018,3.7915,-10.5081,0.3902,-13.2300,-40.4600,-57.8900,-0.4524,-1.3835,-1.9795,0
246057,3.9399,-9.1317,0.2872,15.4700,-55.6500,-63.9100,0.5290,-1.9029,-2.1854,0
246096,5.7112,-7.9349,-1.4266,16.3800,-52.5700,-51.1000,0.5601,-1.7976,-1.7474,0
246135,5.3689,-5.1511,-0.1747,21.5600,-56.2800,-57.1200,0.7372,-1.9245,-1.9532,0
246174,6.9057,-4.3062,1.4075,6.4400,-58.4500,-63.8400,0.2202,-1.9987,-2.1830,0
246213,6.4724,-5.7376,1.2758,-8.8900,-30.8000,-52.9900,-0.3040,-1.0532,-1.8120,0
246252,4.1817,-6.9679,0.8162,-3.9200,-25.9700,-29.2600,-0.1340,-0.8880,-1.0005,0
246291,3.9830,-7.0014,1.1753,17.0800,-50.7500,-23.5900,0.5840,-1.7354,-0.8067,0
246330,5.6657,-6.3934,-0.4141,49.1400,-75.6000,-29.8900,1.6803,-2.5851,-1.0221,0
246369,7.5448,-6.2977,-0.8545,70.9100,-73.7800,-32.4100,2.4248,-2.5229,-1.1083,0
246408,7.4993,-5.5987,-0.8114,63.9800,-78.4700,-36.2600,2.1878,-2.6833,-1.2399,0
246447,8.4687,-6.5490,-0.4069,69.5800,-100.7300,-23.3800,2.3793,-3.4444,-0.7995,0
246486,7.6166,-6.5753,-2.0801,64.8900,-82.1800,-9.7300,2.2189,-2.8101,-0.3327,0
246525,6.2857,-5.2899,-2.0298,52.4300,-42.8400,6.2300,1.7928,-1.4649,0.2130,0
246564,5.4982,-4.3469,-3.1764,37.1000,-36.8900,32.0600,1.2686,-1.2614,1.0963,0
246603,3.9734,-6.2163,-6.5921,93.8700,-31.1500,70.1400,3.2099,-1.0652,2.3984,0
246642,4.2655,-6.4748,-2.8915,140.0000,36.2600,110.7400,4.7873,1.2399,3.7867,0
246681,3.5163,-3.1859,2.0681,13.4400,128.6600,131.6700,0.4596,4.3995,4.5024,0
246720,6.0894,-7.2432,4.9237,-3.4300,16.1700,122.7100,-0.1173,0.5529,4.1961,0
246759,12.5714,-11.5732,4.8256,21.8400,-204.2600,44.1000,0.7468,-6.9846,1.5080,0
246798,11.0203,-11.7623,-0.3016,27.2300,-136.5700,11.7600,0.9311,-4.6700,0.4021,0
246837,6.2642,-8.7057,3.4804,60.1300,-90.5800,13.5100,2.0561,-3.0974,0.4620,0
246876,7.4227,-10.3333,1.9939,125.1600,-158.0600,42.1400,4.2798,-5.4048,1.4410,0
246915,9.0192,-9.2395,2.5468,5.5300,-174.7900,38.9200,0.1891,-5.9769,1.3309,0
246954,6.6112,-7.3269,-0.2106,20.9300,-138.1800,27.3000,0.7157,-4.7250,0.9335,0
246993,4.0309,-8.2341,0.4069,53.2700,-145.1800,31.9900,1.8216,-4.9644,1.0939,0
247032,3.9064,-8.6075,0.7588,60.6200,-145.1800,54.2500,2.0729,-4.9644,1.8551,0
247071,4.1793,-7.2815,-0.4692,64.5400,-141.9600,65.2400,2.2069,-4.8543,2.2309,0
247110,4.3588,-6.6663,0.0407,65.5200,-132.4400,63.4900,2.2404,-4.5288,2.1710,0
247149,3.2147,-6.5801,0.1412,63.7000,-105.7700,62.2300,2.1782,-3.6168,2.1279,0
247188,2.3601,-8.5429,-0.7755,51.2400,-88.4100,38.5000,1.7521,-3.0232,1.3165,0
247227,0.8737,-9.6296,-1.6277,57.1200,-93.8700,2.3100,1.9532,-3.2099,0.0790,0
247266,0.1867,-8.9809,-3.5546,20.7900,-93.5200,-42.2800,0.7109,-3.1979,-1.4458,0
247305,-0.6606,-7.9469,-4.2846,33.6000,-121.5900,-69.1600,1.1489,-4.1578,-2.3649,0
247344,-1.0173,-7.0134,-4.4641,23.6600,-121.4500,-114.8700,0.8091,-4.1530,-3.9280,0
247383,6.2570,-5.0937,-3.2984,63.2100,-141.6800,-114.2400,2.1615,-4.8447,-3.9064,0
247422,14.2972,-9.1365,-2.2548,66.7800,-90.7200,-35.4200,2.2835,-3.1022,-1.2112,0
247461,12.0999,-6.4461,0.4309,40.7400,-23.3800,-72.6600,1.3931,-0.7995,-2.4846,0
247500,9.3783,-8.5166,0.0168,42.8400,-39.8300,-70.9800,1.4649,-1.3620,-2.4272,0
247539,7.6453,-8.1216,0.8952,46.3400,-57.9600,-24.0100,1.5846,-1.9819,-0.8210,0
247578,7.1450,-6.0128,0.8402,60.1300,-27.1600,-11.9700,2.0561,-0.9287,-0.4093,0
247617,7.1307,-3.8681,-1.1849,58.1000,-39.7600,-24.5700,1.9867,-1.3596,-0.8402,0
247656,7.8894,-3.9615,-1.8503,43.1200,-21.9800,-20.3000,1.4745,-0.7516,-0.6942,0
247695,7.5567,-5.6634,-1.8742,11.4800,-16.8000,-13.5800,0.3926,-0.5745,-0.4644,0
247734,7.5926,-7.2336,-0.2872,-16.5900,-15.0500,-6.1600,-0.5673,-0.5146,-0.2106,0
247773,7.5807,-8.9690,0.1771,1.4000,-50.4700,-16.7300,0.0479,-1.7258,-0.5721,0
247812,7.3748,-8.0235,-1.0293,43.0500,-59.2900,-23.5900,1.4721,-2.0274,-0.8067,0
247851,8.1192,-7.0517,-0.5194,51.0300,-67.1300,-9.9400,1.7450,-2.2955,-0.3399,0
247890,8.0761,-6.2689,-0.9287,52.7800,-58.5200,-14.5600,1.8048,-2.0011,-0.4979,0
247929,6.9057,-7.1857,-1.6037,49.4200,-56.5600,-5.9500,1.6899,-1.9341,-0.2035,0
247968,7.0493,-7.0924,-0.4644,49.2100,-48.6500,12.8100,1.6827,-1.6636,0.4380,0
248007,7.3604,-6.5945,-1.1872,78.8900,-41.7900,-1.0500,2.6976,-1.4290,-0.0359,0
248046,7.0565,-6.6902,-2.7144,66.1500,-15.1900,-26.5300,2.2620,-0.5194,-0.9072,0
248085,6.2833,-8.0546,-3.3176,72.1000,7.2800,-31.3600,2.4654,0.2489,-1.0724,0
248124,6.1900,-9.3735,-3.3726,90.8600,21.1400,-27.6500,3.1069,0.7229,-0.9455,0
248163,6.3671,-8.5429,-2.2333,99.1900,49.8400,-11.9000,3.3918,1.7043,-0.4069,0
248202,8.2557,-6.6783,-2.5109,93.5200,38.7100,20.5800,3.1979,1.3237,0.7037,0
248241,7.8487,-4.8615,-0.9048,49.9100,-0.9800,62.1600,1.7067,-0.0335,2.1256,0
248280,5.8046,-2.8460,2.8939,-12.1100,-54.1800,62.3700,-0.4141,-1.8527,2.1327,0
248319,9.5004,-4.8615,3.5019,-42.7000,-157.0800,71.4700,-1.4601,-5.3713,2.4439,0
248358,9.0863,-10.9246,1.1466,14.4900,-131.6700,114.7300,0.4955,-4.5024,3.9232,0
248397,4.4881,-9.7637,4.3181,2.7300,-94.4300,62.9300,0.0934,-3.2290,2.1519,0
248436,6.4197,-8.0833,0.5386,23.5900,-168.9800,40.3200,0.8067,-5.7782,1.3787,0
248475,7.4873,-8.3562,-1.9006,48.3700,-152.2500,59.8500,1.6540,-5.2062,2.0466,0
248514,7.3150,-9.1174,-0.3806,12.6700,-131.2500,83.4400,0.4332,-4.4881,2.8532,0
248553,6.7142,-10.2687,-0.9431,46.3400,-93.5900,82.6000,1.5846,-3.2003,2.8245,0
248592,4.6078,-9.8307,-1.5367,87.2200,-75.4600,69.3000,2.9825,-2.5803,2.3697,0
248631,3.7054,-8.5405,-1.1011,83.0900,-32.9000,39.3400,2.8413,-1.1250,1.3452,0
248670,1.2758,-6.5610,-1.5990,79.1700,-28.7700,5.4600,2.7072,-0.9838,0.1867,0
248709,-1.7138,-5.8716,-4.6365,-16.5200,-58.9400,-66.7800,-0.5649,-2.0154,-2.2835,0
248748,-1.3907,-6.6926,-4.1817,-47.1800,-70.4200,-109.2000,-1.6133,-2.4080,-3.7341,0
248787,-1.1561,-4.2846,-1.7617,-14.5600,-89.6700,-129.9200,-0.4979,-3.0663,-4.4426,0
248826,6.9033,-6.1421,-0.7995,-10.2900,-78.9600,-100.8000,-0.3519,-2.7000,-3.4468,0
248865,18.6943,-15.5084,-1.5247,77.1400,-15.7500,-9.3100,2.6378,-0.5386,-0.3184,0
248904,9.6344,-6.8937,-0.0263,31.7800,27.0900,-57.3300,1.0867,0.9263,-1.9604,0
248943,7.6285,-6.8530,-0.2226,13.5100,-6.1600,-39.3400,0.4620,-0.2106,-1.3452,0
248982,8.2581,-8.1384,0.9383,22.1900,-46.6200,-18.2000,0.7588,-1.5942,-0.6223,0
249021,8.1073,-8.0929,-0.0287,47.3900,-8.3300,-19.8100,1.6205,-0.2848,-0.6774,0
249060,6.0535,-5.3043,-1.4577,46.4800,-30.0300,-36.2600,1.5894,-1.0269,-1.2399,0
249099,6.4413,-4.5048,-2.5109,40.5300,-29.5400,-22.6100,1.3859,-1.0101,-0.7731,0
249138,8.3203,-6.2953,-0.5314,28.7700,-18.4100,-20.7900,0.9838,-0.6295,-0.7109,0
249177,8.5381,-5.7423,-1.0053,26.6700,-53.8300,-41.8600,0.9120,-1.8407,-1.4314,0
249216,8.7847,-7.3317,-1.2112,18.7600,-57.6100,-31.6400,0.6415,-1.9700,-1.0819,0
249255,9.0073,-7.4634,-0.7157,18.2000,-42.9100,-31.1500,0.6223,-1.4673,-1.0652,0
249294,6.3599,-7.0014,-1.3285,37.8000,-24.3600,-26.4600,1.2926,-0.8330,-0.9048,0
249333,5.8860,-6.9320,-1.4745,55.7900,-35.6300,-7.6300,1.9077,-1.2184,-0.2609,0
249372,6.4269,-7.6477,-2.1399,94.0800,-17.2200,11.8300,3.2171,-0.5888,0.4045,0
249411,5.3498,-7.1235,-2.5397,126.5600,11.1300,8.2600,4.3277,0.3806,0.2824,0
249450,6.3216,-7.9948,-3.6000,110.8800,-1.0500,2.8700,3.7915,-0.0359,0.0981,0
249489,6.3623,-8.1336,-4.6508,115.7800,43.1200,10.5000,3.9591,1.4745,0.3590,0
249528,5.9793,-6.3503,-2.8125,108.0100,58.3800,25.2000,3.6934,1.9963,0.8617,0
249567,7.7075,-4.6532,0.5146,111.9300,-41.7900,75.1100,3.8274,-1.4290,2.5684,0
249606,8.0714,-2.8532,1.0915,68.3900,-114.1000,88.4800,2.3386,-3.9016,3.0256,0
249645,9.1293,-5.2038,1.6995,4.2700,-114.7300,86.1700,0.1460,-3.9232,2.9466,0
249684,7.7769,-7.9948,2.7431,-10.3600,-103.1800,96.4600,-0.3543,-3.5282,3.2984,0
249723,5.9195,-9.6583,4.7969,25.7600,-153.5100,68.4600,0.8809,-5.2493,2.3410,0
249762,7.9828,-9.2754,1.2112,77.0000,-189.5600,28.2800,2.6330,-6.4820,0.9670,0
249801,8.7894,-8.3394,-1.2902,32.6900,-167.5800,36.4000,1.1178,-5.7304,1.2447,0
249840,7.8033,-8.0905,-1.5271,7.9800,-170.2400,47.3900,0.2729,-5.8213,1.6205,0
249879,6.9320,-9.4908,-0.7660,78.8200,-186.2000,75.3200,2.6952,-6.3671,2.5756,0
249918,6.3072,-8.0714,-0.3830,69.9300,-173.0400,85.1200,2.3912,-5.9171,2.9107,0
249957,5.6538,-7.5304,-1.7402,40.2500,-116.8300,82.1800,1.3763,-3.9950,2.8101,0
249996,3.7748,-7.1953,-0.3614,38.9200,-86.7300,69.5800,1.3309,-2.9657,2.3793,0
250035,2.5827,-8.7559,-0.9479,63.2100,-48.6500,15.4000,2.1615,-1.6636,0.5266,0
250074,-0.0215,-7.8152,-2.5612,32.0600,-62.5800,-17.7100,1.0963,-2.1399,-0.6056,0
250113,-1.0484,-6.1684,-3.5881,-13.5100,-71.6100,-63.9800,-0.4620,-2.4487,-2.1878,0
250152,0.0024,-6.8338,-3.3511,-24.8500,-71.6800,-92.4000,-0.8497,-2.4511,-3.1596,0
250191,0.3638,-6.4150,-2.9322,-19.8800,-51.5900,-121.8000,-0.6798,-1.7641,-4.1649,0
250230,5.1703,-7.0756,-2.9298,10.9900,-64.9600,-140.0000,0.3758,-2.2213,-4.7873,0
250269,16.2097,-11.5134,-5.1822,64.8900,-39.5500,-61.3200,2.2189,-1.3524,-2.0968,0
250308,10.0485,-5.5939,-0.1125,40.6000,-1.6100,-65.2400,1.3883,-0.0551,-2.2309,0
250347,8.3323,-7.4011,-0.5194,13.6500,-24.8500,-62.8600,0.4668,-0.8497,-2.1495,0
250386,8.3490,-9.2227,1.9006,10.0100,-5.6700,-23.2400,0.3423,-0.1939,-0.7947,0
250425,6.7189,-8.3873,0.3016,37.3800,-11.9700,-23.7300,1.2782,-0.4093,-0.8114,0
250464,4.8495,-5.5844,-1.9508,65.3100,-48.6500,-27.4400,2.2333,-1.6636,-0.9383,0
250503,8.2605,-4.6221,-1.5630,39.2000,-1.8900,-5.1100,1.3404,-0.0646,-0.1747,0
250542,8.7918,-5.4479,-0.0718,27.8600,-11.6900,-13.7900,0.9527,-0.3997,-0.4715,0
250581,8.9785,-7.5974,-0.5481,-10.5700,-28.5600,-25.6900,-0.3614,-0.9766,-0.8785,0
250620,8.9809,-8.5285,-0.0215,8.4700,-55.2300,-25.0600,0.2896,-1.8886,-0.8569,0
250659,8.3011,-7.1283,-0.9359,20.4400,-28.5600,-24.1500,0.6989,-0.9766,-0.8258,0
250698,7.1905,-6.7955,-0.8593,17.5700,-8.3300,1.4000,0.6008,-0.2848,0.0479,0
250737,6.5035,-7.3940,-1.2088,38.2200,-0.2100,4.5500,1.3069,-0.0072,0.1556,0
250776,6.1421,-8.1073,-1.8024,60.8300,-17.4300,-14.0700,2.0801,-0.5960,-0.4811,0
250815,6.2618,-7.2910,-1.9963,71.1200,7.1400,-17.7100,2.4319,0.2442,-0.6056,0
250854,6.2881,-7.5902,-3.1883,87.2900,32.2000,-16.6600,2.9849,1.1011,-0.5697,0
250893,4.9668,-6.7932,-2.2093,84.0700,94.2200,-9.5900,2.8748,3.2218,-0.3279,0
250932,5.3402,-4.1865,1.8551,39.8300,39.9700,6.2300,1.3620,1.3668,0.2130,0
250971,9.8690,-8.1144,1.2591,56.7700,-60.9000,28.0000,1.9412,-2.0825,0.9575,0
251010,8.7799,-8.1815,-0.1747,66.5000,-53.2700,38.4300,2.2740,-1.8216,1.3141,0
251049,6.4102,-4.8208,0.5960,13.8600,-21.9800,47.2500,0.4739,-0.7516,1.6157,0
251088,5.6083,-2.0466,1.3357,1.8200,-69.3000,74.8300,0.0622,-2.3697,2.5588,0
251127,9.0623,-5.7017,1.7809,-27.5800,-126.4900,117.6000,-0.9431,-4.3253,4.0213,0
251166,7.9541,-10.9533,3.4516,11.6900,-95.1300,135.7300,0.3997,-3.2530,4.6413,0
251205,5.0314,-10.0341,3.3104,-10.2900,-85.3300,47.7400,-0.3519,-2.9178,1.6325,0
251244,6.3072,-8.7176,-0.5027,31.1500,-128.3800,46.8300,1.0652,-4.3899,1.6013,0
251283,6.5035,-9.9097,-1.3069,49.4200,-127.8200,74.2700,1.6899,-4.3708,2.5397,0
251322,5.9458,-9.1485,0.1173,38.3600,-153.5100,68.0400,1.3117,-5.2493,2.3266,0
251361,5.9290,-7.8583,-1.2375,25.1300,-124.1100,52.6400,0.8593,-4.2439,1.8000,0
251400,3.9375,-8.5716,-1.4912,29.6100,-99.8900,46.2700,1.0125,-3.4157,1.5822,0
251439,2.8748,-9.0216,-1.4338,16.5900,-90.5100,29.4000,0.5673,-3.0950,1.0053,0
251478,2.4966,-8.7847,-0.9718,24.9200,-94.5000,9.3100,0.8521,-3.2314,0.3184,0
251517,2.2931,-8.4831,-1.6540,41.4400,-93.3100,-17.4300,1.4170,-3.1907,-0.5960,0
251556,1.2232,-7.4897,-2.7910,41.5100,-78.7500,-46.9700,1.4194,-2.6928,-1.6061,0
251595,0.3303,-7.3030,-2.9155,25.9000,-66.7100,-71.1900,0.8856,-2.2811,-2.4343,0
251634,0.7277,-7.1402,-3.4756,20.6500,-62.4400,-95.6200,0.7061,-2.1351,-3.2697,0
251673,0.8809,-5.4120,-2.5014,16.9400,-68.1800,-109.2000,0.5793,-2.3314,-3.7341,0
251712,9.4788,-9.2395,-1.0436,20.9300,-71.4000,-92.4700,0.7157,-2.4415,-3.1620,0
251751,12.8515,-10.6325,-2.9681,35.5600,-37.2400,-42.2800,1.2160,-1.2734,-1.4458,0
251790,7.5926,-6.3791,-1.5894,20.3700,-0.2100,-49.2800,0.6965,-0.0072,-1.6851,0
251829,8.3418,-7.3485,-0.7827,24.9900,-31.5700,-24.1500,0.8545,-1.0795,-0.8258,0
251868,8.6315,-7.8176,0.9670,11.1300,27.5800,-21.2100,0.3806,0.9431,-0.7253,0
251907,8.1551,-6.8219,1.5343,23.9400,14.2800,-45.5000,0.8186,0.4883,-1.5559,0
251946,5.9027,-6.4197,-0.2059,26.3900,-10.2200,-56.1400,0.9024,-0.3495,-1.9197,0
251985,4.5479,-4.7705,-1.4458,41.0900,-27.0900,-44.2400,1.4051,-0.9263,-1.5128,0
252024,5.9003,-3.1596,-1.0460,35.0700,8.4700,-14.2800,1.1992,0.2896,-0.4883,0
252063,8.2605,-5.8333,-0.0311,33.6000,5.3200,6.0200,1.1489,0.1819,0.2059,0
252102,8.2964,-7.2958,-0.3184,0.5600,-66.7800,-18.5500,0.0191,-2.2835,-0.6343,0
252141,7.6237,-8.0235,-0.5314,-8.5400,-28.4900,-5.8100,-0.2920,-0.9742,-0.1987,0
252180,7.9517,-8.4639,-1.2184,31.3600,-38.0800,1.8200,1.0724,-1.3021,0.0622,0
252219,6.8267,-7.7698,-1.4625,35.0700,-16.1000,-1.6800,1.1992,-0.5505,-0.0574,0
252258,6.9296,-8.7105,-1.0125,50.9600,-10.9900,0.9100,1.7426,-0.3758,0.0311,0
252297,6.8745,-8.7224,-2.0633,88.4800,-5.0400,-5.1100,3.0256,-0.1723,-0.1747,0
252336,5.9913,-8.8589,-2.1375,134.1900,-9.5200,-6.3700,4.5886,-0.3255,-0.2178,0
252375,5.1463,-7.3006,-1.6684,139.7900,4.2000,12.8800,4.7801,0.1436,0.4404,0
252414,5.6634,-4.8543,0.1508,99.6800,-11.0600,33.3200,3.4085,-0.3782,1.1394,0
252453,8.6961,-5.4288,0.4452,86.8700,-48.6500,53.5500,2.9705,-1.6636,1.8311,0
252492,8.4232,-5.7064,-1.1561,82.6000,-62.1600,57.1900,2.8245,-2.1256,1.9556,0
252531,7.5687,-4.4043,-0.6152,37.1700,-73.0800,61.2500,1.2710,-2.4990,2.0944,0
252570,8.4256,-4.3445,1.2567,-1.4000,-85.6100,84.4200,-0.0479,-2.9274,2.8867,0
252609,6.9655,-5.6993,2.7000,-31.6400,-55.5100,111.5800,-1.0819,-1.8982,3.8155,0
252648,5.4264,-12.0161,4.8758,-14.9100,-28.9100,112.1400,-0.5098,-0.9886,3.8346,0
252687,6.8075,-10.6996,-0.1508,29.1200,-121.5900,35.9100,0.9958,-4.1578,1.2279,0
252726,6.3551,-9.4070,-0.2035,34.9300,-120.6800,43.7500,1.1944,-4.1266,1.4960,0
252765,5.1224,-9.0192,0.5888,32.7600,-120.3300,48.0200,1.1202,-4.1147,1.6420,0
252804,4.7179,-10.0341,-0.3279,39.3400,-118.2300,42.9100,1.3452,-4.0429,1.4673,0
252843,4.3732,-8.1623,-0.3351,48.1600,-126.1400,34.3000,1.6468,-4.3133,1.1729,0
252882,3.3726,-7.7027,-1.0125,26.7400,-103.0400,21.7700,0.9144,-3.5234,0.7444,0
252921,2.7024,-8.1360,-0.5888,32.2000,-87.2200,8.1200,1.1011,-2.9825,0.2777,0
252960,1.9604,-8.2820,-0.4476,47.8100,-97.1600,-11.5500,1.6349,-3.3224,-0.3950,0
252999,0.2872,-7.6357,-2.8772,38.2900,-95.8300,-40.0400,1.3093,-3.2769,-1.3692,0
253038,0.2992,-5.8046,-3.3080,19.3200,-82.7400,-66.0800,0.6606,-2.8293,-2.2596,0
253077,0.4883,-6.0272,-3.7341,39.2700,-118.7900,-85.3300,1.3428,-4.0620,-2.9178,0
253116,1.4434,-5.2421,-2.3745,43.4000,-119.8400,-126.5600,1.4841,-4.0979,-4.3277,0
253155,21.8468,-11.7791,-0.1604,110.3900,-97.3700,-79.2400,3.7748,-3.3296,-2.7096,0
253194,12.1812,-4.5958,1.2854,46.9000,-45.9900,-74.5500,1.6037,-1.5726,-2.5492,0
253233,8.3538,-8.0474,-0.7372,-1.5400,-35.9800,-69.8600,-0.0527,-1.2303,-2.3889,0
253272,8.0187,-9.9216,0.3088,40.5300,-36.3300,-25.5500,1.3859,-1.2423,-0.8737,0
253311,7.0038,-7.8009,0.8426,45.6400,-41.7200,-19.8800,1.5607,-1.4266,-0.6798,0
253350,6.2259,-4.3708,-0.5888,55.2300,-47.5300,-25.6900,1.8886,-1.6253,-0.8785,0
253389,5.3306,-3.9471,-2.2883,30.3100,-34.7900,-16.3100,1.0364,-1.1896,-0.5577,0
253428,5.1008,-3.6910,-2.2381,25.2000,-4.1300,0.2100,0.8617,-0.1412,0.0072,0
253467,6.3838,-6.2283,-2.0633,9.5200,1.2600,14.3500,0.3255,0.0431,0.4907,0
253506,7.7171,-8.7248,-0.7995,-14.2100,-15.6800,19.4600,-0.4859,-0.5362,0.6654,0
253545,8.4711,-8.3706,-1.5271,21.9800,-23.1700,4.5500,0.7516,-0.7923,0.1556,0
253584,10.0078,-7.7410,-0.2561,36.8200,3.7100,15.1900,1.2591,0.1269,0.5194,0
253623,9.0527,-7.1043,-0.2681,55.5800,7.7000,10.6400,1.9006,0.2633,0.3638,0
253662,7.8272,-6.3767,0.0215,52.9200,17.2200,-0.9800,1.8096,0.5888,-0.0335,0
253701,7.4251,-7.4682,-0.8593,43.4700,9.3800,3.8500,1.4865,0.3207,0.1317,0
253740,7.3245,-6.7932,-0.0981,46.5500,14.7000,18.2700,1.5918,0.5027,0.6247,0
253779,9.1413,-6.2402,1.0795,20.1600,11.2700,23.3800,0.6894,0.3854,0.7995,0
253818,9.3352,-6.4580,0.7372,-12.3900,9.4500,6.9300,-0.4237,0.3231,0.2370,0
253857,8.3179,-7.5184,-0.2872,-38.0800,30.3800,-11.9000,-1.3021,1.0388,-0.4069,0
253896,6.8721,-7.2886,0.3447,-36.8900,27.8600,-12.3200,-1.2614,0.9527,-0.4213,0
253935,6.5155,-6.7955,1.3620,-25.0600,0.6300,-1.8200,-0.8569,0.0215,-0.0622,0
253974,5.5293,-5.3785,1.2950,-28.0000,-25.9700,7.4200,-0.9575,-0.8880,0.2537,0
254013,4.2511,-6.1253,-0.3567,-42.2800,-46.5500,53.4800,-1.4458,-1.5918,1.8287,0
254052,2.7694,-6.8961,-0.2465,-47.9500,-63.3500,96.3900,-1.6396,-2.1662,3.2960,0
254091,2.8484,-7.8751,-0.0790,-39.9700,-53.1300,110.2500,-1.3668,-1.8168,3.7700,0
254130,4.1266,-9.8259,-1.3428,-10.2900,-50.9600,83.0900,-0.3519,-1.7426,2.8413,0
254169,6.0775,-12.2147,-1.7402,40.9500,-35.3500,75.5300,1.4003,-1.2088,2.5827,0
254208,5.5030,-10.9150,-1.1729,69.0900,-35.1400,75.6700,2.3625,-1.2016,2.5875,0
254247,4.0907,-9.1461,-1.9580,44.5200,9.1000,47.6700,1.5224,0.3112,1.6301,0
254286,2.6258,-9.3017,-2.8365,5.7400,42.9800,4.4800,0.1963,1.4697,0.1532,0
254325,-1.3165,-8.1336,-4.4689,-12.3200,31.7100,-41.2300,-0.4213,1.0843,-1.4099,0
254364,-3.0184,-6.8889,-2.2548,-71.3300,43.2600,-104.5100,-2.4391,1.4793,-3.5737,0
254403,-1.5224,-7.5088,-2.4702,-95.6900,62.0900,-134.1900,-3.2721,2.1232,-4.5886,0
254442,3.2745,-7.4801,-1.7761,2.1000,0.0000,-88.4100,0.0718,0.0000,-3.0232,0
254481,10.2663,-8.3873,-0.7708,10.0100,31.1500,-2.8000,0.3423,1.0652,-0.0957,0
254520,8.1503,-6.8195,2.6258,-35.2100,65.9400,-38.0100,-1.2040,2.2548,-1.2997,0
254559,6.7381,-7.1666,0.6391,-26.1800,51.1700,-31.2900,-0.8952,1.7498,-1.0700,0
254598,5.6610,-6.6926,-0.0766,9.1700,-13.7200,7.7000,0.3136,-0.4692,0.2633,0
254637,7.2479,-7.0253,-0.0072,35.0000,13.3000,14.2100,1.1968,0.4548,0.4859,0
254676,10.2520,-7.2288,-0.4763,-7.8400,24.9200,-7.4900,-0.2681,0.8521,-0.2561,0
254715,8.8134,-8.2269,-1.0053,-31.7800,42.6300,-34.5100,-1.0867,1.4577,-1.1801,0
254754,8.2078,-8.4950,-0.4165,-32.8300,37.3800,-34.3000,-1.1226,1.2782,-1.1729,0
254793,8.5070,-7.9469,-0.4692,-33.0400,17.2900,-22.6100,-1.1298,0.5912,-0.7731,0
254832,8.0211,-8.5644,-1.1609,-21.9100,3.9200,-6.7200,-0.7492,0.1340,-0.2298,0
254871,6.3048,-9.1748,-0.4835,-19.0400,14.8400,-3.5700,-0.6511,0.5075,-0.1221,0
254910,5.7663,-6.8482,-1.1849,26.6000,10.9900,-24.1500,0.9096,0.3758,-0.8258,0
254949,5.2157,-7.0469,-1.9197,45.4300,3.0800,-17.7100,1.5535,0.1053,-0.6056,0
254988,4.5695,-7.1450,-2.3386,65.2400,6.7200,-7.0700,2.2309,0.2298,-0.2418,0
255027,4.2487,-7.8607,-2.4367,96.8100,18.7600,6.5800,3.3104,0.6415,0.2250,0
255066,3.2051,-6.7166,0.5649,92.6100,47.1100,11.6900,3.1668,1.6109,0.3997,0
255105,3.9663,-4.4953,0.6391,74.9000,22.4000,29.4000,2.5612,0.7660,1.0053,0
255144,7.5256,-5.8333,0.3231,90.2300,-58.1000,48.7200,3.0854,-1.9867,1.6660,0
255183,9.2323,-6.4796,-0.3016,87.5000,-70.0000,48.9300,2.9921,-2.3936,1.6732,0
255222,6.6759,-3.3200,0.6965,-8.3300,-40.2500,32.6200,-0.2848,-1.3763,1.1154,0
255261,6.7860,-3.2913,0.9670,-38.4300,-85.9600,60.1300,-1.3141,-2.9394,2.0561,0
255300,8.0929,-8.6578,1.8623,-9.9400,-115.0800,117.0400,-0.3399,-3.9351,4.0022,0
255339,6.9296,-10.3166,2.6593,-17.5000,-105.9800,41.7200,-0.5984,-3.6240,1.4266,0
255378,6.6974,-9.1700,-1.6803,10.9900,-136.3600,13.3000,0.3758,-4.6628,0.4548,0
255417,7.6812,-11.0802,-2.8748,54.1100,-170.1700,48.2300,1.8503,-5.8189,1.6492,0
255456,7.0445,-11.4440,0.8210,54.5300,-149.6600,59.7100,1.8646,-5.1176,2.0418,0
255495,7.2838,-10.2950,-1.6133,37.3800,-122.2900,47.6700,1.2782,-4.1817,1.6301,0
255534,6.2354,-9.2418,-2.7886,65.9400,-112.1400,42.1400,2.2548,-3.8346,1.4410,0
255573,3.0519,-8.4328,-1.8335,60.6900,-82.2500,40.6000,2.0753,-2.8125,1.3883,0
255612,1.3045,-9.0982,-1.4625,56.3500,-64.3300,1.6800,1.9269,-2.1998,0.0574,0
255651,-0.4692,-5.8860,-3.6431,21.1400,-65.8000,-55.1600,0.7229,-2.2500,-1.8862,0
255690,-0.2346,-3.4851,-4.6389,-10.0800,-47.3900,-103.5300,-0.3447,-1.6205,-3.5402,0
255729,-0.7277,-5.0530,-4.9860,-12.8800,-36.2600,-122.7100,-0.4404,-1.2399,-4.1961,0
255768,-1.4386,-4.6078,-4.1937,27.9300,-51.2400,-149.8700,0.9551,-1.7521,-5.1248,0
255807,18.9744,-8.7152,1.5870,97.1600,-62.9300,-84.5600,3.3224,-2.1519,-2.8915,0
255846,14.7831,-7.1833,-1.1202,66.6400,-4.6200,3.5700,2.2787,-0.1580,0.1221,0
255885,8.6841,-7.2838,3.9519,-14.6300,-19.7400,-58.1000,-0.5003,-0.6750,-1.9867,0
255924,8.1408,-6.9224,2.4702,14.4900,-37.6600,-31.9200,0.4955,-1.2878,-1.0915,0
255963,8.0235,-7.8057,-0.1173,57.0500,-26.1100,-8.1200,1.9508,-0.8928,-0.2777,0
256002,8.0737,-6.5586,-2.1782,84.0000,-74.9000,-11.9000,2.8724,-2.5612,-0.4069,0
256041,8.7607,-5.8548,-1.2591,44.5200,-15.6800,-2.1700,1.5224,-0.5362,-0.0742,0
256080,8.2581,-6.8506,-0.7564,28.0000,-22.5400,-6.9300,0.9575,-0.7708,-0.2370,0
256119,9.2251,-6.6735,-0.6391,0.8400,-23.6600,-24.2900,0.0287,-0.8091,-0.8306,0
256158,8.4352,-7.8487,-1.0867,14.5600,-34.7900,-24.7800,0.4979,-1.1896,-0.8473,0
256197,7.7123,-7.7793,-0.2298,11.4100,-42.7000,-16.8700,0.3902,-1.4601,-0.5769,0
256236,6.6567,-6.6112,-0.6415,27.1600,-25.6900,-8.3300,0.9287,-0.8785,-0.2848,0
256275,5.7782,-7.3413,-0.4883,47.2500,-26.8800,-12.1800,1.6157,-0.9192,-0.4165,0
256314,5.9793,-6.6974,-1.5630,70.2800,-17.7100,-8.4700,2.4032,-0.6056,-0.2896,0
256353,6.0607,-6.3910,-2.3482,93.9400,-6.7900,-4.3400,3.2123,-0.2322,-0.1484,0
256392,5.9147,-7.7243,-3.0686,105.4900,-2.5200,-3.5000,3.6072,-0.0862,-0.1197,0
256431,5.9027,-8.7009,-2.9538,133.0000,20.6500,8.1900,4.5479,0.7061,0.2801,0
256470,5.0434,-6.6328,-0.9910,134.7500,48.1600,19.1100,4.6078,1.6468,0.6535,0
256509,5.7064,-4.1673,0.4285,108.0100,-0.0700,50.9600,3.6934,-0.0024,1.7426,0
256548,8.5381,-5.9650,-0.4045,95.2000,-90.1600,68.4600,3.2554,-3.0830,2.3410,0
256587,10.6062,-7.0756,-0.1197,57.6800,-99.0500,58.1000,1.9724,-3.3870,1.9867,0
256626,8.2126,-4.0692,0.1747,18.3400,-99.1900,46.4100,0.6271,-3.3918,1.5870,0
256665,7.1929,-2.2093,1.3548,22.8900,-123.2700,102.4100,0.7827,-4.2152,3.5019,0
256704,6.7237,-10.0724,3.9040,30.9400,-112.9800,131.1100,1.0580,-3.8633,4.4833,0
256743,6.0918,-9.2993,0.3423,-12.2500,-160.3000,73.4300,-0.4189,-5.4814,2.5109,0
256782,7.8272,-10.4458,-4.6724,30.7300,-172.5500,52.9200,1.0508,-5.9003,1.8096,0
256821,6.2259,-11.0826,-2.0561,52.2900,-131.1800,63.3500,1.7880,-4.4857,2.1662,0
256860,5.3282,-11.3865,0.8521,69.7200,-141.3300,52.1500,2.3841,-4.8328,1.7833,0
256899,3.8202,-8.9905,-0.5075,82.1800,-137.2000,37.5200,2.8101,-4.6915,1.2830,0
256938,3.2530,-8.3969,-2.3242,72.2400,-114.1000,26.0400,2.4702,-3.9016,0.8904,0
256977,3.7676,-7.4346,-1.8934,52.2200,-102.6900,4.1300,1.7857,-3.5115,0.1412,0
257016,2.2428,-7.9469,-1.4745,49.7700,-99.1200,-20.5100,1.7019,-3.3894,-0.7013,0
257055,1.3883,-8.1599,-3.0567,17.7100,-99.6800,-66.7100,0.6056,-3.4085,-2.2811,0
257094,-0.2944,-5.6945,-5.9745,3.1500,-96.8100,-105.6300,0.1077,-3.3104,-3.6120,0
257133,-0.3495,-4.4737,-4.7394,-0.7000,-97.4400,-117.3900,-0.0239,-3.3319,-4.0141,0
257172,5.9745,-4.2990,-3.5952,35.8400,-119.5600,-117.6700,1.2255,-4.0883,-4.0237,0
257211,19.1850,-10.6876,-5.0266,101.7800,-92.6100,-29.4700,3.4804,-3.1668,-1.0077,0
257250,12.0639,-5.9841,2.6450,51.3800,3.3600,-52.5700,1.7569,0.1149,-1.7976,0
257289,10.5009,-5.9865,4.1482,18.7600,-30.8000,-51.7300,0.6415,-1.0532,-1.7689,0
257328,9.6942,-7.7913,2.0753,31.9200,-31.0100,-9.7300,1.0915,-1.0604,-0.3327,0
257367,6.0104,-5.9769,-0.4117,57.5400,-21.3500,-8.5400,1.9676,-0.7301,-0.2920,0
257406,7.5543,-7.2647,0.3136,42.6300,-24.2900,9.5200,1.4577,-0.8306,0.3255,0
257445,10.7498,-6.4916,0.0527,31.3600,-6.3700,-5.0400,1.0724,-0.2178,-0.1723,0
257484,9.3903,-4.3157,0.0790,11.3400,11.2000,-25.3400,0.3878,0.3830,-0.8665,0
257523,9.3137,-6.4054,0.0622,-27.0900,8.8200,-32.9700,-0.9263,0.3016,-1.1274,0
257562,7.0445,-6.1325,-0.3184,-10.8500,13.8600,-49.0700,-0.3710,0.4739,-1.6779,0
257601,6.0990,-6.3168,-0.6056,-15.9600,12.4600,-38.0800,-0.5457,0.4261,-1.3021,0
257640,6.0248,-6.8817,0.1005,-15.5400,13.3700,-31.1500,-0.5314,0.4572,-1.0652,0
257679,5.0530,-6.6998,-1.0364,10.9900,10.1500,-27.6500,0.3758,0.3471,-0.9455,0
257718,5.1296,-8.0546,-1.1418,12.7400,-6.3700,-11.1300,0.4356,-0.2178,-0.3806,0
257757,5.4886,-8.3011,-0.8761,31.0100,0.9800,15.3300,1.0604,0.0335,0.5242,0
257796,5.5844,-5.6346,-0.0431,43.6100,24.6400,38.0100,1.4912,0.8426,1.2997,0
257835,5.8070,-4.6293,-2.2620,51.0300,2.6600,57.7500,1.7450,0.0910,1.9748,0
257874,7.8607,-4.5766,1.3213,55.0200,-47.3900,74.2000,1.8814,-1.6205,2.5373,0
257913,8.6746,-4.9572,1.8359,-9.5900,-44.6600,68.4600,-0.3279,-1.5271,2.3410,0
257952,7.9110,-4.7203,1.3428,-8.6800,-12.5300,74.4100,-0.2968,-0.4285,2.5444,0
257991,8.8517,-8.3035,0.3973,-4.2700,-50.6100,97.5100,-0.1460,-1.7306,3.3343,0
258030,7.8248,-11.2549,1.1106,0.5600,-73.2900,54.1800,0.0191,-2.5061,1.8527,0
258069,6.9990,-8.5573,0.4213,46.3400,-76.1600,18.4800,1.5846,-2.6043,0.6319,0
258108,8.2150,-8.3083,-0.3088,23.3800,-92.6100,6.4400,0.7995,-3.1668,0.2202,0
258147,7.9828,-8.5597,-0.5721,29.6800,-80.9900,-10.2900,1.0149,-2.7694,-0.3519,0
258186,7.7243,-7.7985,-0.7731,42.1400,-54.6700,-34.2300,1.4410,-1.8694,-1.1705,0
258225,7.3198,-8.0594,0.1269,62.3700,-41.4400,-36.6100,2.1327,-1.4170,-1.2519,0
258264,7.0277,-6.9463,1.5247,63.8400,-32.0600,-33.3200,2.1830,-1.0963,-1.1394,0
258303,5.7423,-4.2104,2.0753,90.5100,-43.4700,-61.6000,3.0950,-1.4865,-2.1064,0
258342,5.7519,-2.2333,1.0125,132.5800,-74.6900,-102.8300,4.5336,-2.5540,-3.5163,0
258381,11.4560,-3.3415,1.8359,98.5600,-42.7000,-79.9400,3.3702,-1.4601,-2.7335,0
258420,5.6849,-3.9567,0.1987,42.9100,-6.2300,-31.2200,1.4673,-0.2130,-1.0676,0
258459,7.2240,-8.8421,-0.4763,63.2800,-28.1400,-19.6000,2.1639,-0.9622,-0.6702,0
258498,6.7908,-7.8966,-3.0854,8.9600,-52.6400,18.2700,0.3064,-1.8000,0.6247,0
258537,7.1929,-10.2400,-1.6636,-50.8200,-76.3700,31.4300,-1.7378,-2.6115,1.0747,0
258576,8.1743,-11.4272,-1.0460,-28.4900,-84.5600,15.4700,-0.9742,-2.8915,0.5290,0
258615,8.9283,-9.7924,-0.7444,5.1100,-75.8100,12.0400,0.1747,-2.5923,0.4117,0
258654,9.0288,-6.6160,-0.3495,33.8100,-43.5400,-6.0200,1.1561,-1.4888,-0.2059,0
258693,9.3687,-7.1522,-1.7952,20.5100,-24.4300,-17.3600,0.7013,-0.8354,-0.5936,0
258732,7.6884,-7.1594,-0.0287,-0.5600,-12.2500,-16.6600,-0.0191,-0.4189,-0.5697,0
258771,7.0349,-5.3857,-0.1269,8.4700,-3.8500,-17.1500,0.2896,-0.1317,-0.5864,0
258810,6.9057,-4.5120,-1.6253,40.4600,-1.8200,-14.9100,1.3835,-0.0622,-0.5098,0
258849,6.4126,-5.5891,-1.5247,40.8800,0.4200,-8.8900,1.3979,0.0144,-0.3040,0
258888,6.6208,-3.6144,-1.3787,32.6900,13.3700,-10.0800,1.1178,0.4572,-0.3447,0
258927,7.6094,-2.1399,-1.8287,42.0700,30.3800,1.7500,1.4386,1.0388,0.0598,0
258966,8.0809,-2.8245,-0.9766,2.3100,36.6800,29.8200,0.0790,1.2543,1.0197,0
259005,8.4472,-6.0942,0.9790,-39.4100,51.7300,58.9400,-1.3476,1.7689,2.0154,0
259044,9.6631,-10.9988,2.8652,-34.7900,4.7600,50.8900,-1.1896,0.1628,1.7402,0
259083,10.2208,-10.4889,0.6511,-19.3900,-7.3500,42.0700,-0.6630,-0.2513,1.4386,0
259122,9.0168,-7.8464,0.7301,-39.1300,19.1800,50.3300,-1.3380,0.6559,1.7210,0
259161,7.1570,-6.8147,-1.5654,-42.2800,31.7100,70.0700,-1.4458,1.0843,2.3960,0
259200,3.1668,-7.1307,-0.0335,-68.0400,21.0000,81.9700,-2.3266,0.7181,2.8030,0
259239,0.2442,-7.7698,-0.3997,-46.5500,29.9600,91.9800,-1.5918,1.0245,3.1452,0
259278,-0.8641,-8.9379,0.2705,-26.8800,22.2600,89.4600,-0.9192,0.7612,3.0591,0
259317,0.7923,-9.3879,0.0838,-34.0200,13.7900,60.4100,-1.1633,0.4715,2.0657,0
259356,3.8801,-9.2466,-1.6157,-1.1200,33.4600,29.4700,-0.0383,1.1442,1.0077,0
259395,2.7934,-7.7793,0.3758,-23.5200,55.2300,-6.7900,-0.8043,1.8886,-0.2322,0
259434,3.0447,-8.4256,-0.9024,-50.7500,75.3200,-41.2300,-1.7354,2.5756,-1.4099,0
259473,4.4139,-8.5956,-0.9192,-43.2600,84.5600,-69.9300,-1.4793,2.8915,-2.3912,0
259512,5.1200,-9.8690,-1.1825,-60.4800,109.3400,-80.7800,-2.0681,3.7389,-2.7623,0
259551,6.1588,-9.5315,-0.2944,-68.8100,133.4900,-94.2900,-2.3529,4.5647,-3.2242,0
259590,6.0080,-9.1605,-0.0622,-22.4000,142.5200,-99.1200,-0.7660,4.8735,-3.3894,0
259629,5.6203,-8.4759,-0.5194,-3.6400,109.1300,-95.5500,-0.1245,3.7317,-3.2673,0
259668,5.0961,-8.2078,-0.2250,-17.5700,72.6600,-73.3600,-0.6008,2.4846,-2.5085,0
259707,6.7572,-9.4716,-0.9383,-2.6600,39.7600,-32.1300,-0.0910,1.3596,-1.0987,0
259746,6.5658,-8.6793,2.9466,-14.0700,21.7000,-14.9100,-0.4811,0.7420,-0.5098,0
259785,8.4950,-6.2306,1.3979,-16.4500,-2.5200,-28.9100,-0.5625,-0.0862,-0.9886,0
259824,6.5275,-6.5729,-0.5457,-21.2100,0.1400,-49.5600,-0.7253,0.0048,-1.6947,0
259863,4.1434,-6.2330,-1.3883,-33.3900,28.2800,-35.5600,-1.1418,0.9670,-1.2160,0
259902,5.4814,-5.3402,-1.2303,-6.3000,4.8300,-7.6300,-0.2154,0.1652,-0.2609,0
259941,10.5847,-5.9721,-3.7365,21.7700,-23.8700,13.8600,0.7444,-0.8162,0.4739,0
259980,8.8158,-7.4299,-0.8904,-9.8700,27.9300,-5.9500,-0.3375,0.9551,-0.2035,0
260019,6.6376,-7.2623,0.2370,-23.0300,32.5500,-18.7600,-0.7875,1.1130,-0.6415,0
260058,6.5586,-7.3269,-0.0096,-12.4600,18.2000,-8.1200,-0.4261,0.6223,-0.2777,0
260097,5.9793,-7.4299,-0.4093,15.7500,17.9200,-0.9800,0.5386,0.6128,-0.0335,0
260136,6.3360,-7.3317,0.0144,31.5700,4.3400,0.0000,1.0795,0.1484,0.0000,0
260175,6.9703,-5.5987,0.1173,32.8300,7.9800,6.2300,1.1226,0.2729,0.2130,0
260214,7.4610,-5.4934,1.4936,-9.1000,12.2500,20.8600,-0.3112,0.4189,0.7133,0
260253,8.4687,-5.2732,1.9556,-23.1700,16.4500,47.2500,-0.7923,0.5625,1.6157,0
260292,7.9277,-5.3665,0.7540,-21.2800,1.6100,53.7600,-0.7277,0.0551,1.8383,0
260331,8.6626,-7.6668,-0.7636,-30.1000,-36.1200,69.7900,-1.0293,-1.2351,2.3865,0
260370,7.6740,-6.3791,0.2872,-23.0300,-57.1200,62.7200,-0.7875,-1.9532,2.1447,0
260409,6.7979,-7.4251,-0.1556,-18.7600,-10.5000,39.2000,-0.6415,-0.3590,1.3404,0
260448,6.5251,-8.6434,-1.1801,-14.0000,-4.7600,16.6600,-0.4787,-0.1628,0.5697,0
260487,5.5891,-6.8578,-0.0838,-8.2600,-2.1700,-3.9200,-0.2824,-0.0742,-0.1340,0
260526,6.4820,-8.0857,-3.1644,25.3400,-6.7900,-26.3900,0.8665,-0.2322,-0.9024,0
260565,3.0734,-7.5591,-1.9652,19.0400,58.1000,-72.8700,0.6511,1.9867,-2.4918,0
260604,1.4122,-5.9913,0.6559,68.3900,51.9400,-89.4600,2.3386,1.7761,-3.0591,0
260643,12.2818,-14.3068,1.4697,108.9900,17.0800,-49.9800,3.7269,0.5840,-1.7091,0
260682,11.4129,-5.7974,1.5822,113.4000,3.9900,-65.3800,3.8777,0.1364,-2.2357,0
260721,10.4530,-4.9620,0.2872,52.0800,17.0100,-35.2100,1.7809,0.5817,-1.2040,0
260760,8.3514,-5.0290,0.8354,-13.5800,67.2700,-8.6800,-0.4644,2.3003,-0.2968,0
260799,6.6830,-5.9290,-0.2777,-23.5200,84.8400,-27.2300,-0.8043,2.9011,-0.9311,0
260838,5.2277,-4.6844,0.0455,0.6300,97.9300,-38.5000,0.0215,3.3487,-1.3165,0
260877,2.3817,-3.7580,-0.2920,18.0600,95.4800,-31.4300,0.6176,3.2649,-1.0747,0
260916,1.5247,-2.3027,-1.3428,20.7200,70.3500,-13.7900,0.7085,2.4056,-0.4715,0
260955,1.5822,-1.0508,-0.5625,22.1900,68.0400,-22.1900,0.7588,2.3266,-0.7588,0
260994,2.4678,-0.1939,-0.4213,31.7800,46.7600,-35.2800,1.0867,1.5990,-1.2064,1
261033,3.6407,-1.6349,0.2106,6.0900,80.9200,-26.4600,0.2082,2.7670,-0.9048,0
261072,2.4128,-2.8700,-0.1819,12.9500,97.5100,-27.3000,0.4428,3.3343,-0.9335,0
261111,-0.6942,-4.4833,-1.0269,38.0800,132.8600,-26.8800,1.3021,4.5431,-0.9192,0
261150,0.2465,-5.0243,-1.2447,90.4400,78.2600,-26.9500,3.0926,2.6761,-0.9216,0
261189,7.7458,-9.1389,5.1535,115.5700,108.9900,-8.1200,3.9519,3.7269,-0.2777,0
261228,12.9903,-4.6556,19.1683,47.6700,139.2300,-38.4300,1.6301,4.7610,-1.3141,0
261267,3.4827,-11.2453,23.7425,207.3400,216.5800,-124.6000,7.0900,7.4059,-4.2607,0
261306,0.7133,5.7639,29.7601,344.0500,227.6400,-160.9300,11.7647,7.7841,-5.5030,0
261345,-5.6897,18.3999,23.4625,266.4900,127.4700,-117.2500,9.1126,4.3588,-4.0093,0
261384,-14.1632,20.8414,13.7682,267.3300,25.2000,-58.7300,9.1413,0.8617,-2.0083,0
261423,-10.2950,16.7890,10.7714,91.1400,-110.1800,19.8800,3.1165,-3.7676,0.6798,0
261462,-6.0248,10.3214,4.7155,97.0900,-29.9600,96.6700,3.3200,-1.0245,3.3056,0
261501,-1.5271,3.7341,4.2966,-22.8900,-135.1700,99.1200,-0.7827,-4.6221,3.3894,0
261540,7.6309,-4.3086,2.3865,-81.0600,-83.7200,124.5300,-2.7718,-2.8628,4.2583,0
261579,1.5343,-1.4051,0.5505,78.6800,-126.6300,72.5200,2.6905,-4.3301,2.4798,0
261618,-0.6846,0.8809,0.4356,13.4400,-5.1100,-42.8400,0.4596,-0.1747,-1.4649,0
261657,0.3447,1.4338,2.5780,7.0700,-73.0100,-48.2300,0.2418,-2.4966,-1.6492,0
261696,-1.1801,1.2878,4.4905,29.1200,-24.3600,-28.2100,0.9958,-0.8330,-0.9646,0
261735,0.3950,5.1774,5.2445,24.1500,-39.0600,-20.7200,0.8258,-1.3357,-0.7085,0
261774,6.3503,9.0216,6.1301,100.1700,-7.5600,5.7400,3.4253,-0.2585,0.1963,0
261813,10.9246,14.7089,9.2059,127.2600,39.7600,-33.5300,4.3516,1.3596,-1.1466,0
261852,9.3520,19.7667,3.7987,161.9800,-43.8900,-55.1600,5.5389,-1.5008,-1.8862,0
261891,7.6836,19.9821,4.2894,63.9100,-15.3300,11.0600,2.1854,-0.5242,0.3782,0
261930,1.6205,9.5626,6.2929,108.2200,-4.9000,108.7800,3.7006,-0.1676,3.7197,0
261969,9.5410,12.8993,2.6545,-19.4600,21.1400,4.9700,-0.6654,0.7229,0.1699,0
262008,2.6905,2.8963,2.1615,87.1500,-81.6900,34.5100,2.9801,-2.7934,1.1801,0
262047,3.8394,2.7287,1.9795,-43.7500,7.0000,22.7500,-1.4960,0.2394,0.7779,0
262086,4.6628,2.9322,4.2894,-62.3700,26.1100,6.1600,-2.1327,0.8928,0.2106,0
262125,5.6610,4.2607,3.4804,-33.0400,39.7600,-8.1900,-1.1298,1.3596,-0.2801,0
262164,5.2684,7.3413,3.4875,-5.8100,43.8200,-23.3100,-0.1987,1.4984,-0.7971,0
262203,5.7328,9.4142,3.1261,-21.7700,20.0900,-15.4000,-0.7444,0.6870,-0.5266,0
262242,6.4126,9.4932,5.0602,-50.8900,38.3600,-2.8700,-1.7402,1.3117,-0.0981,0
262281,5.7471,8.7009,6.5131,-49.7700,22.5400,-7.2100,-1.7019,0.7708,-0.2465,0
262320,4.8280,7.1881,6.4844,-22.8200,7.2800,-5.0400,-0.7803,0.2489,-0.1723,0
262359,3.9830,5.7208,5.6849,-0.6300,-4.6200,1.8200,-0.0215,-0.1580,0.0622,0
262398,3.3918,4.9620,5.0123,0.6300,1.3300,3.9900,0.0215,0.0455,0.1364,0
262437,3.8370,5.1200,5.1990,-12.2500,-2.7300,0.3500,-0.4189,-0.0934,0.0120,0
262476,4.6700,6.0751,5.7830,-1.5400,2.2400,2.4500,-0.0527,0.0766,0.0838,0
262515,5.2516,6.9200,5.6370,11.6900,1.2600,1.0500,0.3997,0.0431,0.0359,0
262554,5.3450,7.1450,5.3689,14.8400,-7.1400,-2.0300,0.5075,-0.2442,-0.0694,0
262593,5.0961,7.1522,5.2133,15.2600,-7.7700,-2.8000,0.5218,-0.2657,-0.0957,0
262632,5.0530,7.1977,4.9572,13.9300,-11.6900,-0.7000,0.4763,-0.3997,-0.0239,0
262671,5.0865,6.9799,4.6173,10.8500,-6.3700,1.4700,0.3710,-0.2178,0.0503,0
262710,5.0769,6.8434,4.7227,1.6100,0.2800,0.7700,0.0551,0.0096,0.0263,0
262749,5.1439,7.1713,4.9237,-0.5600,0.8400,-0.7700,-0.0191,0.0287,-0.0263,0
262788,5.1128,7.1570,4.7849,0.0700,0.5600,-0.5600,0.0024,0.0191,-0.0191,0
262827,5.0937,7.2120,4.9141,-5.6000,4.7600,0.2100,-0.1915,0.1628,0.0072,0
262866,5.0027,6.1756,5.1655,-8.6100,5.5300,-0.2800,-0.2944,0.1891,-0.0096,0
262905,4.7466,6.6017,5.4096,-7.1400,5.1800,-0.6300,-0.2442,0.1771,-0.0215,0
262944,4.6078,6.4676,5.3019,2.3800,-0.6300,-0.1400,0.0814,-0.0215,-0.0048,0
262983,4.7897,6.6926,5.2876,1.0500,-0.9100,0.2100,0.0359,-0.0311,0.0072,0
263022,4.8399,6.8099,5.0937,4.4100,0.0700,0.4900,0.1508,0.0024,0.0168,0
263061,4.9285,6.8578,5.0649,3.1500,-2.4500,0.2100,0.1077,-0.0838,0.0072,0
263100,4.9620,6.9990,5.1200,3.1500,-1.5400,0.1400,0.1077,-0.0527,0.0048,0
263139,4.9740,6.8937,5.0219,2.4500,-1.4700,0.2100,0.0838,-0.0503,0.0072,0
263178,4.9309,6.8793,5.0649,2.3800,-1.1900,0.0000,0.0814,-0.0407,0.0000,0
263217,4.9860,7.0397,5.0769,0.7700,-0.7000,0.0700,0.0263,-0.0239,0.0024,0
263256,4.9955,6.7860,4.8423,3.0800,-3.0100,0.4900,0.1053,-0.1029,0.0168,0
263295,4.9500,6.8985,5.1104,-1.4700,1.1900,-0.9100,-0.0503,0.0407,-0.0311,0
263334,4.8232,6.9009,5.1822,-0.9800,0.5600,-0.1400,-0.0335,0.0191,-0.0048,0
263373,4.9477,6.8937,5.0338,0.3500,-0.6300,0.7700,0.0120,-0.0215,0.0263,0
263412,4.8902,6.8386,5.0697,0.2100,1.1900,0.5600,0.0072,0.0407,0.0191,0
263451,4.8615,6.8099,5.0913,-0.7700,0.5600,0.4900,-0.0263,0.0191,0.0168,0
263490,4.8902,6.7979,5.1296,0.6300,0.2100,-0.1400,0.0215,0.0072,-0.0048,0
263529,4.9213,6.9583,5.1176,0.1400,-1.0500,-0.0700,0.0048,-0.0359,-0.0024,0
263568,4.8687,6.8362,4.9788,2.3800,-0.5600,0.7700,0.0814,-0.0191,0.0263,0
263607,4.8423,6.8721,5.1774,-0.1400,0.5600,0.2100,-0.0048,0.0191,0.0072,0
263646,4.8711,6.7860,5.0386,1.8900,-2.5200,0.3500,0.0646,-0.0862,0.0120,0
263685,4.9070,6.7908,5.0817,1.3300,-2.5200,-0.3500,0.0455,-0.0862,-0.0120,0
263724,4.9788,7.0924,5.1655,0.2800,-0.0700,-0.5600,0.0096,-0.0024,-0.0191,0
263763,4.9094,6.9176,4.9668,-0.1400,-2.3100,1.8900,-0.0048,-0.0790,0.0646,0
263802,4.8830,6.8506,5.1056,-1.5400,-0.6300,2.5200,-0.0527,-0.0215,0.0862,0
263841,5.1056,6.8314,4.9931,-0.4200,-1.2600,2.0300,-0.0144,-0.0431,0.0694,0
263880,5.1320,6.8458,4.9836,-2.4500,0.7000,-0.4200,-0.0838,0.0239,-0.0144,0
263919,4.8256,6.8338,5.0673,-1.7500,2.8700,-1.3300,-0.0598,0.0981,-0.0455,0
263958,4.7633,6.8123,5.2038,-2.1000,0.1400,-0.4900,-0.0718,0.0048,-0.0168,0
263997,4.9046,6.8147,5.2205,-1.8200,-0.7000,0.8400,-0.0622,-0.0239,0.0287,0
264036,4.9285,6.6543,5.0434,0.3500,1.4700,0.8400,0.0120,0.0503,0.0287,0
264075,4.7633,6.6400,5.2301,1.8900,-0.6300,0.0000,0.0646,-0.0215,0.0000,0
264114,4.8567,6.8721,5.2181,0.9800,-0.8400,-0.7000,0.0335,-0.0287,-0.0239,0
264153,4.8567,6.8817,5.0482,4.4800,-1.9600,0.4900,0.1532,-0.0670,0.0168,0
264192,4.8854,6.8075,5.1535,2.1700,-2.0300,0.9100,0.0742,-0.0694,0.0311,0
264231,5.2397,7.2025,4.9812,1.3300,-1.5400,0.8400,0.0455,-0.0527,0.0287,0
264270,5.0554,6.8434,4.6293,1.3300,-0.2100,0.1400,0.0455,-0.0072,0.0048,0
264309,4.8064,6.8219,5.2923,-6.2300,4.9000,-0.6300,-0.2130,0.1676,-0.0215,0
264348,4.8519,6.8219,5.1679,-1.1200,0.0700,0.3500,-0.0383,0.0024,0.0120,0
264387,4.8854,6.7477,5.0793,-0.5600,0.3500,-0.3500,-0.0191,0.0120,-0.0120,0
264426,4.8471,6.8721,5.2995,-1.7500,0.5600,-0.4900,-0.0598,0.0191,-0.0168,0
264465,4.7945,6.6543,5.0410,3.4300,-2.3100,1.1200,0.1173,-0.0790,0.0383,0
264504,4.8423,6.7812,5.2469,0.6300,-0.3500,-0.1400,0.0215,-0.0120,-0.0048,0
264543,4.9333,7.0062,5.0578,2.7300,-1.5400,0.3500,0.0934,-0.0527,0.0120,0
264582,4.9165,6.7908,5.0051,1.6100,-1.5400,0.8400,0.0551,-0.0527,0.0287,0
264621,4.8280,6.7166,5.1846,3.0100,-1.7500,0.0700,0.1029,-0.0598,0.0024,0
264660,5.0937,7.0277,4.9094,1.6800,-1.8900,0.5600,0.0574,-0.0646,0.0191,0
264699,5.0458,7.0158,5.0362,-0.8400,1.1900,-0.1400,-0.0287,0.0407,-0.0048,0
264738,4.8806,6.8291,5.0338,-0.6300,0.2100,0.0000,-0.0215,0.0072,0.0000,0
264777,4.7969,6.7979,5.2205,0.1400,1.2600,0.4200,0.0048,0.0431,0.0144,0
264816,4.9907,6.9057,4.9524,-0.5600,-0.7000,0.4200,-0.0191,-0.0239,0.0144,0
264855,4.9117,6.8338,5.0171,-0.0700,0.4900,-0.2100,-0.0024,0.0168,-0.0072,0
264894,4.7897,6.6974,5.1176,0.0000,-0.7700,-0.0700,0.0000,-0.0263,-0.0024,0
264933,4.8591,6.8027,5.2493,1.1900,0.0000,-0.5600,0.0407,0.0000,-0.0191,0
264972,4.9668,7.1091,5.0314,2.5900,-2.8000,0.1400,0.0886,-0.0957,0.0048,0
265011,4.9261,6.8985,5.0290,0.4900,0.2100,0.5600,0.0168,0.0072,0.0191,0
265050,4.8687,6.7453,5.0530,1.8200,-1.4700,0.7700,0.0622,-0.0503,0.0263,0
265089,4.8160,6.6352,5.0266,1.0500,0.3500,-0.5600,0.0359,0.0120,-0.0191,0
265128,5.0003,7.1402,5.1320,-0.9800,-0.1400,-0.4900,-0.0335,-0.0048,-0.0168,0
265167,4.8854,6.9535,4.9046,3.0100,0.2100,0.4200,0.1029,0.0072,0.0144,0
265206,4.7274,7.0708,5.0913,-1.3300,-1.9600,1.4700,-0.0455,-0.0670,0.0503,0
265245,4.9836,7.2288,5.1368,2.3800,-10.9200,6.3000,0.0814,-0.3734,0.2154,0
265284,5.6059,7.2384,4.9261,-2.1000,-7.0000,9.5200,-0.0718,-0.2394,0.3255,0
265323,5.8644,7.8320,5.0314,-7.9800,1.4000,4.2700,-0.2729,0.0479,0.1460,0
265362,5.4551,7.5926,4.3947,-10.4300,-1.2600,2.1700,-0.3567,-0.0431,0.0742,0
265401,5.0314,6.6926,4.5958,-27.3000,7.1400,3.1500,-0.9335,0.2442,0.1077,0
265440,4.9836,6.8769,5.6514,-43.7500,13.5800,0.5600,-1.4960,0.4644,0.0191,0
265479,5.3115,6.9487,5.5891,-42.2800,4.9700,0.7000,-1.4458,0.1699,0.0239,0
265518,5.3354,6.9870,5.5269,-43.1900,10.5000,-1.2600,-1.4769,0.3590,-0.0431,0
265557,5.1320,7.1905,5.8453,-49.3500,6.3700,-1.3300,-1.6875,0.2178,-0.0455,0
265596,5.4886,6.3144,5.3857,-53.9000,-1.0500,1.6800,-1.8431,-0.0359,0.0574,0
265635,5.1607,5.3043,6.9799,-70.0700,13.5800,-1.1900,-2.3960,0.4644,-0.0407,0
265674,4.7466,5.4240,6.5610,-56.1400,13.7900,-4.9000,-1.9197,0.4715,-0.1676,0
265713,4.2703,4.1984,7.0541,-46.4100,0.8400,-3.6400,-1.5870,0.0287,-0.1245,0
265752,4.7562,4.6628,7.6692,-49.4200,15.1900,3.5000,-1.6899,0.5194,0.1197,0
265791,4.3516,4.2511,6.8626,-30.3100,16.5900,3.7800,-1.0364,0.5673,0.1293,0
265830,3.9328,4.5742,7.7123,-42.5600,19.3200,4.1300,-1.4553,0.6606,0.1412,0
265869,5.0937,5.6083,7.3772,-38.9900,6.0900,11.5500,-1.3333,0.2082,0.3950,0
265908,4.6604,4.2320,7.5615,-45.6400,22.1200,15.8900,-1.5607,0.7564,0.5434,0
265947,4.8328,4.3062,7.9038,-66.2900,12.3200,14.0000,-2.2668,0.4213,0.4787,0
265986,4.1961,2.6952,8.5357,-53.8300,30.1000,18.6900,-1.8407,1.0293,0.6391,0
266025,3.9615,2.4822,8.4376,-57.8900,25.2000,20.2300,-1.9795,0.8617,0.6918,0
266064,4.7131,2.1112,9.1222,-61.1800,21.2100,21.3500,-2.0920,0.7253,0.7301,0
266103,4.6987,2.1399,8.5285,-53.6900,28.2800,23.9400,-1.8359,0.9670,0.8186,0
266142,3.7006,1.6444,8.2844,-49.7700,41.2300,21.9100,-1.7019,1.4099,0.7492,0
266181,3.8633,1.8982,8.5621,-69.9300,39.5500,20.2300,-2.3912,1.3524,0.6918,0
266220,3.2362,0.4715,7.8224,-64.4700,37.3800,19.4600,-2.2045,1.2782,0.6654,0
266259,2.7551,-0.2130,8.4807,-59.4300,28.3500,20.5100,-2.0322,0.9694,0.7013,0
266298,2.4439,-0.3231,9.0599,-57.6100,25.6900,16.8700,-1.9700,0.8785,0.5769,0
266337,2.6905,-0.7899,9.0168,-58.3800,21.1400,9.1000,-1.9963,0.7229,0.3112,0
266376,3.0040,-0.7971,9.4525,-53.1300,24.9900,7.1400,-1.8168,0.8545,0.2442,0
266415,2.3984,-1.8718,9.1772,-54.8100,53.7600,5.8800,-1.8742,1.8383,0.2011,0
266454,1.4242,-2.4439,9.3089,-45.0800,48.2300,6.3700,-1.5415,1.6492,0.2178,0
266493,0.9263,-3.0016,8.8421,-38.1500,35.0700,8.1900,-1.3045,1.1992,0.2801,0
266532,0.7348,-3.2936,9.4046,-31.1500,33.5300,11.0600,-1.0652,1.1466,0.3782,0
266571,0.7253,-2.7455,9.7996,-25.9000,33.6700,6.8600,-0.8856,1.1513,0.2346,0
266610,0.8497,-2.9011,9.4716,-28.2800,49.2100,5.7400,-0.9670,1.6827,0.1963,0
266649,0.7803,-2.6426,9.1054,-28.1400,63.2800,4.4800,-0.9622,2.1639,0.1532,0
266688,0.0168,-2.5109,9.2538,-30.7300,63.7700,3.9200,-1.0508,2.1806,0.1340,0
266727,-0.9838,-2.6976,9.2873,-33.4600,64.6100,5.2500,-1.1442,2.2093,0.1795,0
266766,-0.7229,-2.9107,8.5333,-33.0400,63.4200,4.3400,-1.1298,2.1686,0.1484,0
266805,-0.6511,-2.9729,8.4232,-19.8100,53.9000,0.7700,-0.6774,1.8431,0.0263,0
266844,-1.0556,-2.6019,8.3490,-22.4700,63.7000,-0.2100,-0.7684,2.1782,-0.0072,0
266883,-3.0950,-2.6282,9.3663,-26.3200,64.2600,3.0800,-0.9000,2.1974,0.1053,0
266922,-3.3248,-2.8101,7.1618,-51.4500,46.0600,8.6800,-1.7593,1.5750,0.2968,0
266961,-4.4641,-4.0859,7.3269,-56.4200,35.2800,7.8400,-1.9293,1.2064,0.2681,0
267000,-3.6120,-5.1846,6.1684,-38.7100,36.1200,5.1100,-1.3237,1.2351,0.1747,0
267039,-3.1788,-5.3857,7.8966,-21.7700,34.3700,4.4100,-0.7444,1.1753,0.1508,0
267078,-3.1333,-5.6107,5.1679,-2.8700,20.6500,4.9000,-0.0981,0.7061,0.1676,0
267117,-4.7729,-6.7932,8.0498,-31.9900,37.5200,5.1800,-1.0939,1.2830,0.1771,0
267156,-5.0506,-6.3312,7.6596,-12.8100,28.9100,-2.4500,-0.4380,0.9886,-0.0838,0
267195,-3.7341,-3.7843,7.8727,-21.0000,18.0600,-7.5600,-0.7181,0.6176,-0.2585,0
267234,-3.7532,-4.0644,7.5950,-23.9400,24.0800,-11.5500,-0.8186,0.8234,-0.3950,0
267273,-3.7030,-4.9812,6.3886,-35.3500,37.7300,-18.9700,-1.2088,1.2902,-0.6487,0
267312,-4.6149,-6.3288,6.2378,-36.6100,40.5300,-14.3500,-1.2519,1.3859,-0.4907,0
267351,-4.7298,-6.3575,5.6681,-31.7100,44.8000,-8.1900,-1.0843,1.5319,-0.2801,0
267390,-4.3851,-6.8674,5.7280,-29.2600,29.1900,-6.7200,-1.0005,0.9981,-0.2298,0
267429,-4.9046,-5.9003,5.5868,-29.8900,20.7200,-7.9100,-1.0221,0.7085,-0.2705,0
267468,-5.4383,-6.8674,5.5365,-31.9200,21.7700,-4.2700,-1.0915,0.7444,-0.1460,0
267507,-5.4671,-6.2618,5.4695,-25.9700,12.8100,-2.8700,-0.8880,0.4380,-0.0981,0
267546,-4.8399,-5.4096,5.9051,-39.3400,8.5400,-5.6700,-1.3452,0.2920,-0.1939,0
267585,-6.0032,-7.0541,4.3708,-32.7600,25.4800,-9.8700,-1.1202,0.8713,-0.3375,0
267624,-5.2157,-6.9296,4.6221,-36.3300,28.3500,-21.2100,-1.2423,0.9694,-0.7253,0
267663,-4.9931,-7.9325,3.7269,-33.3200,25.2000,-18.1300,-1.1394,0.8617,-0.6200,0
267702,-5.4958,-8.8541,4.5934,-20.4400,30.9400,-29.6100,-0.6989,1.0580,-1.0125,0
267741,-6.1708,-7.5065,3.9950,-15.8900,7.0700,-30.5900,-0.5434,0.2418,-1.0460,0
267780,-6.7070,-6.6806,3.4014,-19.9500,-6.6500,-36.5400,-0.6822,-0.2274,-1.2495,0
267819,-6.2881,-5.8094,3.4995,-26.2500,-16.8000,-42.9800,-0.8976,-0.5745,-1.4697,0
267858,-5.8692,-7.2049,3.1955,-24.4300,-22.6100,-44.5200,-0.8354,-0.7731,-1.5224,0
267897,-4.2655,-7.5687,3.3846,-19.4600,-21.2800,-47.1100,-0.6654,-0.7277,-1.6109,0
267936,-3.9974,-9.9097,3.2290,-5.7400,-16.1000,-53.4100,-0.1963,-0.5505,-1.8263,0
267975,-3.2075,-11.5350,3.5139,-1.1200,-21.3500,-38.7800,-0.0383,-0.7301,-1.3261,0
268014,-3.0016,-12.3488,2.5181,13.4400,-20.2300,-43.8900,0.4596,-0.6918,-1.5008,0
268053,-3.2601,-13.6270,3.4133,18.4100,-29.1200,-42.0000,0.6295,-0.9958,-1.4362,0
268092,-3.7724,-12.4302,4.0261,10.5000,-41.0900,-35.7700,0.3590,-1.4051,-1.2232,0
268131,-3.1692,-10.2903,4.4570,5.9500,-52.8500,-29.9600,0.2035,-1.8072,-1.0245,0
268170,-1.9915,-9.8259,3.3272,-7.0700,-57.8900,-35.8400,-0.2418,-1.9795,-1.2255,0
268209,-1.9724,-9.8594,4.7298,-13.0200,-50.1200,-33.8100,-0.4452,-1.7138,-1.1561,0
268248,-2.2500,-9.4980,7.2503,-8.3300,-62.6500,-30.3100,-0.2848,-2.1423,-1.0364,0
268287,-1.5678,-8.2652,6.9320,11.8300,-74.3400,-20.4400,0.4045,-2.5420,-0.6989,0
268326,-0.6989,-7.0373,5.2947,8.4700,-78.8900,-9.3800,0.2896,-2.6976,-0.3207,0
268365,-0.3782,-4.8375,6.8051,6.1600,-73.7100,5.8800,0.2106,-2.5205,0.2011,0
268404,1.0484,-3.3679,3.6718,-10.2200,-65.3800,18.5500,-0.3495,-2.2357,0.6343,0
268443,0.8785,-3.4827,2.8604,-25.8300,-37.5200,34.0200,-0.8833,-1.2830,1.1633,0
268482,-0.3279,-4.5671,2.2979,-57.1900,-35.4900,48.0900,-1.9556,-1.2136,1.6444,0
268521,-0.7492,-5.7471,1.8431,-49.7000,-46.6900,61.8100,-1.6995,-1.5966,2.1136,0
268560,-0.0120,-7.7434,1.5008,-41.8600,-46.4100,61.1800,-1.4314,-1.5870,2.0920,0
268599,0.5864,-6.6160,0.6559,-66.6400,-60.4800,35.0700,-2.2787,-2.0681,1.1992,0
268638,2.3912,-8.0546,-0.4859,-100.9400,-57.8900,1.8900,-3.4516,-1.9795,0.0646,0
268677,3.6264,-9.2083,-0.3160,-93.1000,-27.2300,-15.4700,-3.1835,-0.9311,-0.5290,0
268716,3.5737,-9.9623,-0.0407,-79.3800,19.9500,-23.1700,-2.7144,0.6822,-0.7923,0
268755,1.6899,-12.9137,-1.4218,-78.8200,31.1500,-18.4100,-2.6952,1.0652,-0.6295,0
268794,0.0431,-15.7142,-1.4841,-75.3200,34.0900,-7.2100,-2.5756,1.1657,-0.2465,0
268833,2.1232,-13.8305,-2.2213,-56.7000,59.7800,-13.3000,-1.9388,2.0442,-0.4548,0
268872,1.7617,-12.1741,-2.5684,-37.4500,62.1600,-28.3500,-1.2806,2.1256,-0.9694,0
268911,1.5750,-14.4480,-2.1016,-102.4100,58.2400,-49.9800,-3.5019,1.9915,-1.7091,0
268950,0.8856,-17.1026,-2.1710,-46.3400,68.6000,-62.7200,-1.5846,2.3458,-2.1447,0
268989,0.5027,-13.0669,-0.9000,26.7400,59.2200,-79.3100,0.9144,2.0250,-2.7120,0
269028,1.7474,-11.7647,-1.6013,34.5100,53.1300,-63.1400,1.1801,1.8168,-2.1591,0
269067,0.1484,-8.5285,-1.2040,-9.3800,-0.6300,-80.0800,-0.3207,-0.0215,-2.7383,0
269106,3.0615,-10.3094,-2.9250,-9.0300,-18.2700,-80.0100,-0.3088,-0.6247,-2.7359,0
269145,5.4982,-9.5004,-3.4325,-1.7500,-25.8300,-80.5000,-0.0598,-0.8833,-2.7527,0
269184,6.1469,-8.8301,-4.0859,-0.6300,0.7700,-79.4500,-0.0215,0.0263,-2.7168,0
269223,4.6891,-7.3987,-3.5498,-3.0800,12.0400,-69.7900,-0.1053,0.4117,-2.3865,0
269262,6.2235,-7.7434,-2.3625,-4.7600,16.2400,-52.5000,-0.1628,0.5553,-1.7952,0
269301,7.4203,-6.1229,-2.4415,-6.3700,21.8400,-65.7300,-0.2178,0.7468,-2.2476,0
269340,6.4437,-4.8232,0.2346,11.7600,34.9300,-60.0600,0.4021,1.1944,-2.0537,0
269379,5.7352,-5.6921,-0.2561,1.1200,49.3500,-64.2600,0.0383,1.6875,-2.1974,0
269418,5.5820,-7.5041,-0.2609,23.2400,24.6400,-48.8600,0.7947,0.8426,-1.6708,0
269457,5.8189,-7.6094,0.4715,61.1100,7.2100,-29.8900,2.0896,0.2465,-1.0221,0
269496,6.6998,-4.2343,0.0957,56.0700,5.6700,-25.4800,1.9173,0.1939,-0.8713,0
269535,7.0086,-1.7354,-1.0987,16.4500,0.0700,-21.0000,0.5625,0.0024,-0.7181,0
269574,6.4341,-4.3325,-1.5367,-33.4600,28.8400,-13.7900,-1.1442,0.9862,-0.4715,0
269613,5.0817,-4.7538,-1.8192,-34.3700,19.1100,-16.8000,-1.1753,0.6535,-0.5745,0
269652,4.7059,-3.0088,-1.5583,-30.8700,23.1000,-1.7500,-1.0556,0.7899,-0.0598,0
269691,4.4115,-1.1944,-3.0351,-3.0100,52.1500,33.1800,-0.1029,1.7833,1.1346,0
269730,1.9484,-3.0758,-0.7612,7.4900,52.1500,71.0500,0.2561,1.7833,2.4295,0
269769,5.3522,-3.7891,1.6540,-39.6200,17.5000,96.7400,-1.3548,0.5984,3.3080,0
269808,9.5315,-17.9978,7.2073,-31.8500,4.1300,103.0400,-1.0891,0.1412,3.5234,0
269847,7.6908,-11.7145,0.1987,-26.0400,-11.1300,0.0700,-0.8904,-0.3806,0.0024,0
269886,5.2469,-9.0240,0.2824,-60.6200,41.0200,27.5800,-2.0729,1.4027,0.9431,0
269925,4.9429,-12.9017,-0.4644,-40.5300,22.4700,46.6900,-1.3859,0.7684,1.5966,0
269964,5.7926,-13.0166,-0.8809,-12.8100,42.1400,24.0100,-0.4380,1.4410,0.8210,0
270003,3.8705,-9.6368,0.7612,-38.5000,43.7500,17.2200,-1.3165,1.4960,0.5888,0
270042,2.0753,-8.1097,0.3040,-23.8700,47.4600,22.1900,-0.8162,1.6229,0.7588,0
270081,1.2543,-7.3580,-0.0646,-29.0500,47.1800,17.8500,-0.9934,1.6133,0.6104,0
270120,0.6295,-6.9727,-0.0814,-36.2600,43.1200,8.0500,-1.2399,1.4745,0.2753,0
270159,1.3955,-7.2767,0.1628,-38.6400,26.5300,4.5500,-1.3213,0.9072,0.1556,0
270198,1.8048,-7.5567,0.0287,-37.5200,25.6200,-1.8900,-1.2830,0.8761,-0.0646,0
270237,1.8862,-8.4089,0.3590,-26.1100,25.0600,-13.7200,-0.8928,0.8569,-0.4692,0
270276,1.4529,-8.9211,-0.2130,-24.8500,14.4200,-27.0900,-0.8497,0.4931,-0.9263,0
270315,2.0466,-9.2155,-0.2920,-21.8400,6.6500,-34.5100,-0.7468,0.2274,-1.1801,0
270354,3.5665,-10.2998,-0.3136,-11.0600,-16.1000,-32.3400,-0.3782,-0.5505,-1.1059,0
270393,6.5610,-11.7073,-2.2596,-12.9500,8.3300,-24.2200,-0.4428,0.2848,-0.8282,0
270432,4.9094,-10.0940,-0.7875,-17.7800,19.1800,-21.4900,-0.6080,0.6559,-0.7348,0
270471,5.3857,-10.2184,-1.2351,9.3100,8.0500,-26.4600,0.3184,0.2753,-0.9048,0
270510,5.3618,-9.3400,-0.9000,19.6700,11.6200,-33.6700,0.6726,0.3973,-1.1513,0
270549,5.9075,-7.5471,-0.6583,6.5800,4.1300,-52.1500,0.2250,0.1412,-1.7833,0
270588,7.0086,-6.5969,0.1604,11.9700,8.2600,-57.8200,0.4093,0.2824,-1.9771,0
270627,7.7195,-6.2833,-0.0790,18.2700,4.4100,-52.5000,0.6247,0.1508,-1.7952,0
270666,7.7937,-5.5173,-0.5864,28.9100,-9.4500,-46.7600,0.9886,-0.3231,-1.5990,0
270705,7.4729,-3.8538,-2.3482,28.5600,-14.5600,-37.1000,0.9766,-0.4979,-1.2686,0
270744,7.2575,-3.1428,-2.3912,17.4300,-18.3400,-24.9200,0.5960,-0.6271,-0.8521,0
270783,7.5807,-4.3349,-1.9293,-14.1400,-4.4800,-13.9300,-0.4835,-0.1532,-0.4763,0
270822,7.6956,-6.8985,-1.2064,-9.2400,6.2300,1.5400,-0.3160,0.2130,0.0527,0
270861,7.5328,-9.3783,-0.5218,7.1400,-25.0600,-2.1000,0.2442,-0.8569,-0.0718,0
270900,7.5471,-6.7740,-1.5224,22.6100,-31.0100,-2.9400,0.7731,-1.0604,-0.1005,0
270939,8.4208,-6.2354,-1.5822,35.8400,-20.8600,6.8600,1.2255,-0.7133,0.2346,0
270978,9.5458,-6.5370,-0.8378,37.2400,-17.8500,2.1700,1.2734,-0.6104,0.0742,0
271017,8.1025,-6.6974,-1.4290,15.3300,-20.5800,-8.0500,0.5242,-0.7037,-0.2753,0
271056,7.3006,-6.5538,-1.1777,16.8000,-28.3500,-6.8600,0.5745,-0.9694,-0.2346,0
271095,7.3868,-6.4676,-0.9551,15.4000,-14.9800,-6.3700,0.5266,-0.5122,-0.2178,0
271134,7.1067,-7.0397,-2.2907,39.0600,2.1000,-7.9100,1.3357,0.0718,-0.2705,0
271173,6.6352,-7.1402,-2.1591,68.3200,14.0000,-12.6000,2.3362,0.4787,-0.4309,0
271212,6.2211,-7.1043,-1.8455,95.8300,14.8400,-12.6700,3.2769,0.5075,-0.4332,0
271251,5.9578,-7.4825,-1.9915,115.0800,33.6000,-1.8200,3.9351,1.1489,-0.0622,0
271290,5.4551,-7.7650,-0.5314,118.2300,21.7700,40.8100,4.0429,0.7444,1.3955,0
271329,7.8272,-8.0642,0.8402,124.1100,-64.9600,66.4300,4.2439,-2.2213,2.2716,0
271368,8.7392,-7.3485,-0.2920,131.3900,-101.5000,56.8400,4.4929,-3.4708,1.9436,0
271407,7.9158,-5.4671,-2.0107,113.6800,-132.9300,59.7800,3.8873,-4.5455,2.0442,0
271446,8.1120,-2.6785,-1.0963,46.6200,-122.3600,57.9600,1.5942,-4.1841,1.9819,0
271485,10.2304,-4.2176,1.5583,20.5100,-138.4600,89.2500,0.7013,-4.7346,3.0519,0
271524,7.4897,-5.3211,1.9484,11.3400,-131.6700,113.9600,0.3878,-4.5024,3.8968,0
271563,5.1607,-7.6788,3.5833,10.9900,-88.5500,83.7200,0.3758,-3.0280,2.8628,0
271602,6.1900,-11.6475,0.8713,30.6600,-171.1500,36.1900,1.0484,-5.8525,1.2375,0
271641,5.8142,-9.5626,-3.0950,75.9500,-153.0200,48.3700,2.5971,-5.2325,1.6540,0
271680,6.2235,-8.2796,-2.1232,22.6100,-129.3600,61.8100,0.7731,-4.4234,2.1136,0
271719,6.4030,-9.9408,-0.3878,63.9800,-114.4500,44.4500,2.1878,-3.9136,1.5200,0
271758,4.4594,-8.7416,-0.7899,83.5800,-101.3600,43.4700,2.8580,-3.4660,1.4865,0
271797,4.1338,-7.5519,-1.2471,60.0600,-71.2600,32.0600,2.0537,-2.4367,1.0963,0
271836,2.3817,-7.1307,-1.1705,41.0200,-51.4500,11.0600,1.4027,-1.7593,0.3782,0
271875,2.1902,-7.5663,-0.6056,8.8200,-63.7000,-6.9300,0.3016,-2.1782,-0.2370,0
271914,1.6851,-7.5208,-2.0633,2.1700,-70.2800,-40.9500,0.0742,-2.4032,-1.4003,0
271953,1.1513,-7.1570,-3.3535,-8.7500,-71.1900,-71.1200,-0.2992,-2.4343,-2.4319,0
271992,1.4122,-7.4346,-5.0219,-9.9400,-67.1300,-87.8500,-0.3399,-2.2955,-3.0040,0
272031,2.7024,-7.7386,-3.2171,0.7700,-44.8700,-91.9100,0.0263,-1.5343,-3.1428,0
272070,6.6400,-9.4908,-3.3367,31.4300,-70.7700,-71.8900,1.0747,-2.4200,-2.4583,0
272109,9.8235,-7.9660,-3.7317,43.1900,-57.4700,-69.3000,1.4769,-1.9652,-2.3697,0
272148,10.0964,-6.3743,0.2274,5.0400,19.2500,-75.7400,0.1723,0.6583,-2.5899,0
272187,11.4727,-9.2945,1.5463,-7.8400,31.2200,-10.6400,-0.2681,1.0676,-0.3638,0
272226,5.8955,-7.6453,1.1178,25.1300,18.4100,-14.7000,0.8593,0.6295,-0.5027,0
272265,4.3062,-8.4519,0.8138,42.7700,-10.5700,-6.1600,1.4625,-0.3614,-0.2106,0
272304,9.1030,-9.0097,0.8928,73.0100,-26.5300,-7.7000,2.4966,-0.9072,-0.2633,0
272343,13.6270,-4.8280,0.0957,60.4800,3.0800,-23.4500,2.0681,0.1053,-0.8019,0
272382,11.1209,-5.0769,-1.4912,13.2300,-2.6600,-23.1700,0.4524,-0.0910,-0.7923,0
272421,9.4070,-7.8033,-1.1178,-0.7700,-2.8000,-24.2900,-0.0263,-0.0957,-0.8306,0
272460,5.8142,-9.9216,-2.6474,-37.3800,-9.3100,-14.1400,-1.2782,-0.3184,-0.4835,0
272499,5.3641,-8.5238,-1.5630,-13.0900,4.3400,-13.5100,-0.4476,0.1484,-0.4620,0
272538,3.2530,-5.9075,-2.9226,56.2800,10.4300,-11.2700,1.9245,0.3567,-0.3854,0
272577,2.7599,-4.1314,-3.9615,62.0900,7.8400,7.6300,2.1232,0.2681,0.2609,0
272616,2.7264,-1.8407,-2.6234,84.4900,-2.3800,74.3400,2.8891,-0.0814,2.5420,0
272655,2.2213,0.4835,-0.0072,61.3900,38.6400,125.7900,2.0992,1.3213,4.3014,0
272694,2.7168,-4.2200,3.0615,-61.1800,-54.8100,148.8900,-2.0920,-1.8742,5.0913,0
272733,10.1131,-15.8315,8.3706,-31.7100,-210.4900,126.9800,-1.0843,-7.1977,4.3421,0
272772,8.8493,-12.7007,1.4075,3.5000,-122.6400,17.3600,0.1197,-4.1937,0.5936,0
272811,7.9134,-10.2328,-0.2489,64.1900,-121.6600,-2.9400,2.1950,-4.1601,-0.1005,0
272850,7.6381,-12.5116,-3.4492,40.6000,-189.4900,16.8000,1.3883,-6.4796,0.5745,0
272889,8.6434,-11.7839,-0.0862,32.2000,-163.1700,17.5700,1.1011,-5.5796,0.6008,0
272928,6.5969,-7.8559,-0.6630,29.9600,-166.4600,-13.1600,1.0245,-5.6921,-0.4500,0
272967,5.6657,-9.8786,-1.9748,55.3700,-196.0700,-23.1700,1.8934,-6.7046,-0.7923,0
273006,4.9405,-10.2376,-3.3583,58.4500,-183.5400,-18.4100,1.9987,-6.2761,-0.6295,0
273045,4.2128,-8.5668,-2.7311,133.4200,-180.9500,-10.5000,4.5623,-6.1876,-0.3590,0
273084,2.5014,-5.9793,-4.2679,131.3200,-172.6200,-22.6800,4.4905,-5.9027,-0.7755,0
273123,1.0197,-3.6312,-5.6394,77.0700,-139.5800,-49.4900,2.6354,-4.7729,-1.6923,0
273162,1.4769,-2.2835,-5.7926,35.8400,-109.9700,-75.1800,1.2255,-3.7604,-2.5708,0
273201,1.8000,-1.7210,-4.6508,43.8900,-93.1700,-89.6000,1.5008,-3.1859,-3.0639,0
273240,4.6628,-2.4224,-6.0080,66.0800,-103.1100,-98.1400,2.2596,-3.5258,-3.3559,0
273279,14.7831,-6.9679,-1.6660,62.7200,-73.5700,-90.8600,2.1447,-2.5157,-3.1069,0
273318,12.3009,-7.3174,1.8383,74.2000,-48.9300,-68.8800,2.5373,-1.6732,-2.3553,0
273357,9.9456,-4.2224,4.6580,21.2100,-27.5800,-63.6300,0.7253,-0.9431,-2.1758,0
273396,6.2498,-7.5711,-1.4434,89.1100,-116.1300,-31.2200,3.0471,-3.9710,-1.0676,0
273435,5.6729,-8.4495,-1.1777,79.6600,-43.9600,0.2100,2.7240,-1.5032,0.0072,0
273474,9.9934,-9.3567,-0.5027,125.3700,-50.1200,8.8900,4.2870,-1.7138,0.3040,0
273513,11.5996,-7.3724,-1.1681,15.7500,8.5400,-18.7600,0.5386,0.2920,-0.6415,0
273552,11.4895,-12.0520,0.3878,29.6100,-56.6300,-5.3900,1.0125,-1.9365,-0.1843,0
273591,10.1993,-9.3543,-0.3327,53.0600,-93.5200,-52.9200,1.8144,-3.1979,-1.8096,0
273630,8.0235,-8.0331,-2.6258,39.2700,-74.3400,-44.3800,1.3428,-2.5420,-1.5176,0
273669,6.6280,-8.0809,-1.5750,13.3000,-30.6600,-13.4400,0.4548,-1.0484,-0.4596,0
273708,6.4461,-7.7410,-0.8785,36.4700,-56.7000,-11.4800,1.2471,-1.9388,-0.3926,0
273747,5.4192,-6.5969,-2.4487,78.5400,-32.1300,-19.5300,2.6857,-1.0987,-0.6678,0
273786,5.2971,-5.4144,-3.2889,110.6000,0.9100,-14.2800,3.7820,0.0311,-0.4883,0
273825,4.3349,-4.8591,-3.4373,129.2200,24.0800,-11.7600,4.4187,0.8234,-0.4021,0
273864,3.0950,-4.7466,-3.8442,133.0700,27.0900,-4.0600,4.5503,0.9263,-0.1388,0
273903,3.9016,-3.2099,-3.4229,113.1200,36.4700,21.8400,3.8681,1.2471,0.7468,0
273942,5.7926,-3.3655,-0.3136,72.5200,-11.9000,95.7600,2.4798,-0.4069,3.2745,0
273981,6.9320,-5.5676,2.8700,47.4600,-81.9700,108.1500,1.6229,-2.8030,3.6982,0
274020,7.4155,-5.8094,3.2266,-2.7300,-142.3100,84.0700,-0.0934,-4.8663,2.8748,0
274059,8.9809,-8.5549,2.2620,-19.8100,-161.4900,68.7400,-0.6774,-5.5221,2.3506,0
274098,7.8703,-11.2908,5.1391,50.4000,-122.4300,95.6200,1.7234,-4.1865,3.2697,0
274137,5.9123,-10.9557,2.2955,43.6100,-138.1100,48.3000,1.4912,-4.7227,1.6516,0
274176,8.5309,-12.3392,-0.9934,44.2400,-198.6600,32.2000,1.5128,-6.7932,1.1011,0
274215,9.9767,-10.8121,-1.5535,-19.5300,-153.1600,77.2800,-0.6678,-5.2373,2.6426,0
274254,7.4586,-10.0485,0.4309,23.3100,-132.3700,71.2600,0.7971,-4.5264,2.4367,0
274293,5.0075,-10.5512,-1.7115,46.9700,-112.2100,67.7600,1.6061,-3.8370,2.3170,0
274332,3.2242,-10.1251,-1.5200,69.3000,-92.3300,58.9400,2.3697,-3.1572,2.0154,0
274371,1.5295,-7.8990,-1.0341,34.7900,-71.6100,16.1000,1.1896,-2.4487,0.5505,0
274410,-0.4045,-4.8758,-2.0083,7.2100,-78.6800,-27.4400,0.2465,-2.6905,-0.9383,0
274449,-0.2322,-4.7179,-4.5407,-4.3400,-74.9700,-72.1000,-0.1484,-2.5636,-2.4654,0
274488,-0.2059,-5.5341,-3.5091,-10.7800,-55.8600,-101.0100,-0.3686,-1.9101,-3.4540,0
274527,0.0886,-6.0392,-2.8484,-6.7900,-42.4200,-117.5300,-0.2322,-1.4505,-4.0189,0
274566,1.0005,-3.6048,-2.2165,14.7700,-52.5000,-131.1100,0.5051,-1.7952,-4.4833,0
274605,11.4033,-6.6136,-0.6319,53.5500,-78.3300,-96.6700,1.8311,-2.6785,-3.3056,0
274644,14.6610,-8.4400,-3.2147,50.4000,-49.7000,-8.9600,1.7234,-1.6995,-0.3064,0
274683,8.5429,-7.8727,-0.3016,6.3700,-6.0900,-44.8700,0.2178,-0.2082,-1.5343,0
274722,8.4400,-9.3137,1.7833,16.5900,-3.3600,-30.5900,0.5673,-0.1149,-1.0460,0
274761,8.8349,-9.1054,0.4979,42.9800,-22.1200,-14.9100,1.4697,-0.7564,-0.5098,0
274800,7.2982,-6.7501,-1.7402,68.2500,-23.5200,-7.5600,2.3338,-0.8043,-0.2585,0
274839,8.2126,-7.7817,-1.7115,31.2900,19.3200,16.9400,1.0700,0.6606,0.5793,0
274878,10.0605,-7.7099,0.3734,37.4500,5.6000,-9.8700,1.2806,0.1915,-0.3375,0
274917,10.3333,-7.0804,-0.6439,1.1900,-43.0500,-42.7700,0.0407,-1.4721,-1.4625,0
274956,8.9905,-9.5554,-0.8689,-8.8200,-47.3200,-30.3800,-0.3016,-1.6181,-1.0388,0
274995,7.2647,-7.6309,-1.3883,-5.6700,-16.7300,-28.3500,-0.1939,-0.5721,-0.9694,0
275034,5.5509,-6.9894,-2.1974,9.3800,-22.8900,-16.1000,0.3207,-0.7827,-0.5505,0
275073,4.6939,-7.0421,-1.3428,34.7900,-26.1800,4.6900,1.1896,-0.8952,0.1604,0
275112,4.0500,-5.8405,-2.6234,74.9000,-11.9000,12.1800,2.5612,-0.4069,0.4165,0
275151,3.8418,-5.2469,-4.1410,118.8600,4.9000,14.9100,4.0644,0.1676,0.5098,0
275190,3.9734,-5.3402,-4.1793,140.4900,15.4700,21.7000,4.8040,0.5290,0.7420,0
275229,3.4301,-3.6647,-3.5043,130.5500,52.8500,38.9900,4.4641,1.8072,1.3333,0
275268,4.8998,-0.4955,1.6803,10.3600,-4.6200,101.2200,0.3543,-0.1580,3.4612,0
275307,9.1509,-5.1128,6.0248,-21.6300,-125.7900,133.6300,-0.7396,-4.3014,4.5695,0
275346,11.4248,-15.4725,5.6705,30.0300,-229.6000,96.8100,1.0269,-7.8511,3.3104,0
275385,6.8410,-14.3164,2.0681,54.8800,-202.1600,15.8900,1.8766,-6.9128,0.5434,0
275424,6.5394,-10.9964,0.7660,5.4600,-129.0100,1.1900,0.1867,-4.4115,0.0407,0
275463,7.3126,-12.6217,-2.8652,46.0600,-151.2000,9.1700,1.5750,-5.1703,0.3136,0
275502,7.4897,-11.6834,-2.0346,36.1900,-184.0300,4.1300,1.2375,-6.2929,0.1412,0
275541,6.0009,-6.9368,-0.8545,46.9000,-183.6800,-5.9500,1.6037,-6.2809,-0.2035,0
275580,5.1296,-7.1594,-2.4559,73.3600,-201.9500,-4.2700,2.5085,-6.9057,-0.1460,0
275619,3.6168,-7.3054,-2.2117,67.3400,-197.8200,4.5500,2.3027,-6.7644,0.1556,0
275658,3.5210,-7.6692,-1.9460,85.6100,-192.1500,16.8700,2.9274,-6.5705,0.5769,0
275697,3.5330,-6.7620,-1.6468,103.7400,-171.7800,15.0500,3.5474,-5.8740,0.5146,0
275736,2.4511,-4.3421,-3.2745,70.2800,-142.1000,-2.0300,2.4032,-4.8591,-0.0694,0
275775,1.7833,-5.4982,-3.4636,34.4400,-122.0100,-30.6600,1.1777,-4.1721,-1.0484,0
275814,1.5630,-7.8081,-5.5604,19.0400,-102.8300,-65.9400,0.6511,-3.5163,-2.2548,0
275853,2.3362,-8.5333,-7.1737,15.1200,-78.1900,-96.0400,0.5170,-2.6737,-3.2841,0
275892,2.0992,-5.4288,-6.1876,27.5100,-57.9600,-118.4400,0.9407,-1.9819,-4.0500,0
275931,6.5658,-5.2995,-4.3421,32.1300,-90.9300,-120.8200,1.0987,-3.1093,-4.1314,0
275970,18.1988,-9.7086,-5.3354,74.9000,-92.6800,-97.4400,2.5612,-3.1692,-3.3319,0
276009,13.8185,-6.0990,-0.8521,83.1600,-24.6400,-63.4900,2.8436,-0.8426,-2.1710,0
276048,9.8546,-5.6562,0.2657,3.7800,2.3100,-50.7500,0.1293,0.0790,-1.7354,0
276087,9.0097,-7.9086,2.6091,-0.3500,12.3900,-15.1900,-0.0120,0.4237,-0.5194,0
276126,7.0062,-8.3730,1.5319,33.4600,0.2800,-28.0700,1.1442,0.0096,-0.9598,0
276165,4.9836,-3.8538,-0.9598,70.9100,-30.4500,-17.7800,2.4248,-1.0412,-0.6080,0
276204,9.0839,-4.6915,-0.7827,61.6000,-20.5100,7.5600,2.1064,-0.7013,0.2585,0
276243,10.0700,-5.1583,0.2657,47.1100,22.5400,-3.0100,1.6109,0.7708,-0.1029,0
276282,10.4243,-3.6359,0.5075,12.2500,32.4800,-18.0600,0.4189,1.1106,-0.6176,0
276321,9.4501,-5.5915,0.7181,-21.2100,-20.8600,-16.7300,-0.7253,-0.7133,-0.5721,0
276360,9.2227,-8.2652,-0.8976,-6.7900,-101.2900,-23.9400,-0.2322,-3.4636,-0.8186,0
276399,6.1493,-9.0958,-1.6444,-49.7000,-17.1500,-18.3400,-1.6995,-0.5864,-0.6271,0
276438,6.0966,-9.4166,-0.8617,-14.2800,-3.2200,-14.2800,-0.4883,-0.1101,-0.4883,0
276477,6.2426,-6.8075,-2.7335,20.5100,13.9300,-14.1400,0.7013,0.4763,-0.4835,0
276516,6.8362,-6.0344,-3.3415,27.8600,34.6500,-2.5900,0.9527,1.1849,-0.0886,0
276555,6.9320,-6.2330,-2.8245,53.9700,40.2500,9.2400,1.8455,1.3763,0.3160,0
276594,6.0487,-5.0314,-0.9551,67.4100,129.7100,49.1400,2.3051,4.4354,1.6803,0
276633,5.2804,-4.9907,3.6024,51.0300,89.2500,73.1500,1.7450,3.0519,2.5014,0
276672,7.1163,-6.7213,5.3330,33.1100,-36.8200,62.9300,1.1322,-1.2591,2.1519,0
276711,9.8642,-7.7530,1.2734,-6.8600,-105.1400,34.9300,-0.2346,-3.5952,1.1944,0
276750,8.5357,-6.2115,1.4170,-41.7900,-42.6300,35.0700,-1.4290,-1.4577,1.1992,0
276789,6.8027,-6.3096,1.5702,-46.1300,-45.1500,59.0800,-1.5774,-1.5439,2.0202,0
276828,6.0822,-9.2801,2.6019,-11.0600,-35.0000,95.2700,-0.3782,-1.1968,3.2577,0
276867,5.3594,-9.6751,3.0160,-16.7300,-65.6600,80.5700,-0.5721,-2.2452,2.7551,0
276906,6.2881,-9.1198,1.2543,-11.9000,-54.9500,66.7100,-0.4069,-1.8790,2.2811,0
276945,6.0535,-8.9714,0.0215,-6.7200,-45.5700,63.3500,-0.2298,-1.5583,2.1662,0
276984,4.7322,-9.5195,0.6295,6.6500,-34.8600,73.0800,0.2274,-1.1920,2.4990,0
277023,3.7700,-9.6320,1.0388,15.4000,-10.5700,52.5700,0.5266,-0.3614,1.7976,0
277062,3.3200,-8.5118,-0.0910,29.5400,-0.9800,37.0300,1.0101,-0.0335,1.2662,0
277101,2.0705,-7.3963,0.1819,31.0800,4.0600,10.4300,1.0628,0.1388,0.3567,0
277140,1.0628,-6.8841,-0.1173,1.6100,1.4700,-23.8700,0.0551,0.0503,-0.8162,0
277179,-0.7348,-7.1426,-1.0484,-16.8700,8.9600,-63.8400,-0.5769,0.3064,-2.1830,0
277218,-1.3692,-6.8171,-0.6942,-40.2500,3.6400,-98.1400,-1.3763,0.1245,-3.3559,0
277257,-0.5457,-6.6256,-0.2250,-44.9400,-32.0600,-121.1700,-1.5367,-1.0963,-4.1434,0
277296,5.3402,-8.7296,-1.7713,14.3500,-66.2900,-122.8500,0.4907,-2.2668,-4.2008,0
277335,13.0286,-10.8169,-0.2944,72.7300,-34.5100,-28.6300,2.4870,-1.1801,-0.9790,0
277374,7.5160,-7.2910,0.5194,1.8200,-2.9400,-68.6700,0.0622,-0.1005,-2.3482,0
277413,7.1091,-8.8469,-0.3495,0.7700,6.5800,-75.2500,0.0263,0.2250,-2.5732,0
277452,8.1264,-8.7942,0.7660,5.3200,2.3800,-37.6600,0.1819,0.0814,-1.2878,0
277491,8.3370,-7.0565,0.9766,17.0800,-0.3500,-35.7000,0.5840,-0.0120,-1.2208,0
277530,5.8357,-5.8620,0.6271,3.2900,-22.4000,-30.7300,0.1125,-0.7660,-1.0508,0
277569,4.3899,-4.8854,0.4332,1.3300,-21.2800,-24.7800,0.0455,-0.7277,-0.8473,0
277608,3.8035,-4.6461,-1.2375,3.7100,-17.9900,-20.0200,0.1269,-0.6152,-0.6846,0
277647,4.4402,-5.5796,-1.7833,19.2500,-31.4300,-10.2900,0.6583,-1.0747,-0.3519,0
277686,6.3767,-4.7825,-2.5014,39.6900,-30.4500,-2.7300,1.3572,-1.0412,-0.0934,0
277725,8.3442,-5.0051,-2.8101,40.1800,-40.1800,-14.6300,1.3739,-1.3739,-0.5003,0
277764,9.6727,-7.4442,-2.5373,5.8100,-37.5200,-14.1400,0.1987,-1.2830,-0.4835,0
277803,9.3879,-8.0929,-1.1322,2.3800,-2.5200,-3.9900,0.0814,-0.0862,-0.1364,0
277842,8.6554,-7.5998,-0.1771,27.1600,-7.5600,5.7400,0.9287,-0.2585,0.1963,0
277881,9.6942,-7.5543,-0.4428,44.5900,-39.2000,9.7300,1.5247,-1.3404,0.3327,0
277920,9.5674,-6.5035,-0.7755,10.1500,-43.6100,-18.6200,0.3471,-1.4912,-0.6367,0
277959,8.6746,-6.9416,-1.6061,25.1300,-61.3200,-22.1200,0.8593,-2.0968,-0.7564,0
277998,8.3921,-5.7136,-2.4391,22.6800,-65.1000,-24.7800,0.7755,-2.2261,-0.8473,0
278037,7.7219,-5.2995,-2.3266,16.3100,-42.4200,-19.8800,0.5577,-1.4505,-0.6798,0
278076,7.6237,-5.9602,-1.5702,9.8700,-17.3600,-7.9100,0.3375,-0.5936,-0.2705,0
278115,6.9152,-6.1014,-1.2734,23.1000,3.7100,4.3400,0.7899,0.1269,0.1484,0
278154,6.3144,-5.9721,-1.8216,38.0100,19.8100,10.4300,1.2997,0.6774,0.3567,0
278193,6.4868,-6.3288,-1.5559,38.7100,22.8200,11.3400,1.3237,0.7803,0.3878,0
278232,6.6687,-6.2091,-1.0652,54.0400,32.2700,6.9300,1.8479,1.1035,0.2370,0
278271,7.3652,-5.5078,-0.6104,59.7800,35.3500,7.4200,2.0442,1.2088,0.2537,0
278310,7.6070,-5.9554,-1.5750,72.9400,9.8700,27.3700,2.4942,0.3375,0.9359,0
278349,7.3844,-7.6788,0.0000,42.0700,-16.1700,26.2500,1.4386,-0.5529,0.8976,0
278388,9.8020,-7.9780,1.0963,27.7900,-37.8700,16.0300,0.9503,-1.2950,0.5481,0
278427,9.1796,-8.8517,-0.4835,25.2700,-54.8800,8.2600,0.8641,-1.8766,0.2824,0
278466,8.5644,-8.7176,-0.9000,38.9900,-37.3100,10.2200,1.3333,-1.2758,0.3495,0
278505,8.4663,-7.3102,-0.2346,42.6300,-16.7300,15.6800,1.4577,-0.5721,0.5362,0
278544,8.0139,-5.9913,0.0168,21.4200,-6.0200,15.1200,0.7325,-0.2059,0.5170,0
278583,7.0947,-5.6705,0.6798,6.5800,-21.3500,16.5900,0.2250,-0.7301,0.5673,0
278622,6.4006,-5.6777,0.7851,-3.5000,-34.2300,18.6900,-0.1197,-1.1705,0.6391,0
278661,5.5221,-5.6897,0.3160,0.2100,-31.9200,28.5600,0.0072,-1.0915,0.9766,0
278700,4.7992,-5.6394,-0.0383,-4.3400,-21.5600,43.9600,-0.1484,-0.7372,1.5032,0
278739,3.9878,-5.3785,0.2968,-11.6900,-10.2200,57.2600,-0.3997,-0.3495,1.9580,0
278778,3.4325,-5.4982,0.4404,-10.0800,-30.9400,60.3400,-0.3447,-1.0580,2.0633,0
278817,4.4354,-8.4519,0.0670,-25.2000,-36.4700,74.4800,-0.8617,-1.2471,2.5468,0
278856,4.4258,-9.7996,-0.2489,-27.4400,-30.9400,58.4500,-0.9383,-1.0580,1.9987,0
278895,4.2152,-9.9551,-1.5678,-3.1500,-27.8600,29.0500,-0.1077,-0.9527,0.9934,0
278934,4.8926,-10.6828,-2.1662,-3.7800,-14.6300,4.6200,-0.1293,-0.5003,0.1580,0
278973,5.0147,-9.7469,-1.4003,-26.9500,15.4000,-10.7100,-0.9216,0.5266,-0.3662,0
279012,5.4455,-9.1557,-0.4644,-31.2900,32.6900,-17.0800,-1.0700,1.1178,-0.5840,0
279051,5.8548,-10.1538,-0.6056,-15.1900,19.2500,-11.5500,-0.5194,0.6583,-0.3950,0
279090,5.2301,-10.3932,-0.0646,-16.8700,4.6200,-1.1900,-0.5769,0.1580,-0.0407,0
279129,4.7370,-8.3179,-0.0168,-13.4400,-4.1300,6.7200,-0.4596,-0.1412,0.2298,0
279168,4.5886,-7.6932,-1.0843,2.6600,-11.9700,15.4700,0.0910,-0.4093,0.5290,0
279207,3.4062,-8.1958,-1.2423,-0.7700,-9.4500,21.5600,-0.0263,-0.3231,0.7372,0
279246,2.9011,-8.4328,-0.5697,-14.2100,-15.9600,22.2600,-0.4859,-0.5457,0.7612,0
279285,3.3439,-7.8176,-1.6540,13.0900,-32.9700,25.4100,0.4476,-1.1274,0.8689,0
279324,3.4780,-7.3700,-1.6325,17.2900,-17.5000,14.1400,0.5912,-0.5984,0.4835,0
279363,4.4019,-7.7315,-2.3673,-7.5600,11.4100,-7.6300,-0.2585,0.3902,-0.2609,0
279402,5.0578,-8.1480,-2.6857,-16.3800,13.5800,-27.0200,-0.5601,0.4644,-0.9239,0
279441,4.0285,-8.3538,-1.4984,-23.1700,53.1300,-33.5300,-0.7923,1.8168,-1.1466,0
279480,3.1955,-9.9575,0.4045,-39.4100,35.7700,-51.8700,-1.3476,1.2232,-1.7737,0
279519,4.4881,-11.5110,-0.9192,-36.5400,52.7100,-51.7300,-1.2495,1.8024,-1.7689,0
279558,5.2780,-11.6762,-2.3912,23.0300,28.9100,-30.8700,0.7875,0.9886,-1.0556,0
279597,5.6634,-10.8552,-1.2208,65.7300,-5.5300,-26.6700,2.2476,-0.1891,-0.9120,0
279636,5.2469,-8.1360,-0.7372,46.9700,-9.1000,-32.4800,1.6061,-0.3112,-1.1106,0
279675,5.8381,-7.4394,-1.4793,19.5300,-14.4200,-21.9800,0.6678,-0.4931,-0.7516,0
279714,5.2181,-6.9727,-0.9838,33.5300,-14.7700,-18.7600,1.1466,-0.5051,-0.6415,0
279753,5.7064,-6.9009,-0.7420,8.8900,-13.7900,-23.5900,0.3040,-0.4715,-0.8067,0
279792,6.2857,-6.8961,-1.2112,6.3000,0.0000,-33.8800,0.2154,0.0000,-1.1585,0
279831,6.1876,-5.8931,-0.1173,11.9700,8.4000,-29.5400,0.4093,0.2872,-1.0101,0
279870,6.6998,-6.1253,-0.3160,14.9100,-5.6700,-16.3800,0.5098,-0.1939,-0.5601,0
279909,5.7543,-6.6088,0.4093,42.0000,9.5200,-5.6700,1.4362,0.3255,-0.1939,0
279948,5.1990,-6.8434,-0.2872,32.5500,-17.7800,-21.4200,1.1130,-0.6080,-0.7325,0
279987,5.5748,-4.3038,-1.3213,18.4800,-27.5800,-26.2500,0.6319,-0.9431,-0.8976,0
280026,6.8865,-4.1961,-3.1883,1.4700,-19.3200,-6.7900,0.0503,-0.6606,-0.2322,0
280065,7.9517,-5.8788,-3.1835,-25.3400,-4.6900,0.7000,-0.8665,-0.1604,0.0239,0
280104,7.3868,-8.6315,-2.7455,-56.7000,23.0300,10.7800,-1.9388,0.7875,0.3686,0
280143,7.1761,-9.8379,-0.0838,-1.2600,6.9300,17.0100,-0.0431,0.2370,0.5817,0
280182,7.6214,-9.4836,-0.5601,14.7000,-17.6400,3.5700,0.5027,-0.6032,0.1221,0
280221,7.7386,-8.4950,-0.7444,11.3400,-19.0400,-9.3800,0.3878,-0.6511,-0.3207,0
280260,8.1456,-8.4950,-1.2591,10.1500,-4.0600,-12.2500,0.3471,-0.1388,-0.4189,0
280299,7.7817,-8.1695,-1.4745,29.4000,0.0700,-8.8900,1.0053,0.0024,-0.3040,0
280338,7.1833,-6.6735,-0.4644,19.0400,12.2500,-11.2700,0.6511,0.4189,-0.3854,0
280377,6.8841,-6.3886,-0.7636,5.0400,0.1400,-11.6200,0.1723,0.0048,-0.3973,0
280416,6.9200,-6.3575,-0.8904,3.3600,-12.3900,-2.6600,0.1149,-0.4237,-0.0910,0
280455,6.6854,-6.2187,-0.2872,6.5800,1.1200,-4.2000,0.2250,0.0383,-0.1436,0
280494,6.4078,-5.4599,0.1652,-8.5400,10.5000,-13.3000,-0.2920,0.3590,-0.4548,0
280533,6.5849,-6.1564,-0.4859,-4.3400,1.7500,-11.8300,-0.1484,0.0598,-0.4045,0
280572,6.7213,-6.7908,-0.6654,20.5100,7.4900,-6.1600,0.7013,0.2561,-0.2106,0
280611,7.6166,-5.6945,-0.1388,10.9200,5.3900,-4.2000,0.3734,0.1843,-0.1436,0
280650,8.1527,-5.2756,-1.2662,1.6800,7.1400,-3.2900,0.0574,0.2442,-0.1125,0
280689,7.8248,-5.5365,-1.8144,-13.2300,5.3200,-6.5800,-0.4524,0.1819,-0.2250,0
280728,7.2551,-6.1900,-1.3931,-33.0400,7.2100,-1.8900,-1.1298,0.2465,-0.0646,0
280767,7.0588,-6.9559,-0.8785,-44.8000,-0.7700,4.1300,-1.5319,-0.0263,0.1412,0
280806,7.7123,-7.6118,-0.5577,-27.2300,-14.9800,4.4100,-0.9311,-0.5122,0.1508,0
280845,8.1336,-7.0995,-0.9646,-21.7700,-13.4400,-3.9200,-0.7444,-0.4596,-0.1340,0
280884,8.3945,-6.7357,-1.7138,-24.8500,-11.1300,-7.9800,-0.8497,-0.3806,-0.2729,0
280923,7.5974,-7.2312,-1.1083,-35.2800,-1.7500,-13.7200,-1.2064,-0.0598,-0.4692,0
280962,7.2575,-6.4221,-1.5702,-37.1000,2.5200,-19.4600,-1.2686,0.0862,-0.6654,0
281001,6.7189,-6.5993,-1.7450,-19.1100,-15.3300,-10.2900,-0.6535,-0.5242,-0.3519,0
281040,7.4753,-7.3150,-1.5224,4.3400,-6.9300,-5.3200,0.1484,-0.2370,-0.1819,0
281079,7.8655,-7.0947,-1.6636,16.8000,-13.5100,-2.8700,0.5745,-0.4620,-0.0981,0
281118,8.2198,-7.3293,-1.9125,21.7000,-15.4000,-3.5700,0.7420,-0.5266,-0.1221,0
281157,7.1713,-7.7219,-2.2189,22.4700,-0.2800,-7.9800,0.7684,-0.0096,-0.2729,0
281196,6.5131,-7.1785,-2.1686,39.8300,12.1100,-2.2400,1.3620,0.4141,-0.0766,0
281235,6.9918,-6.9655,-2.5971,57.0500,23.1700,7.9100,1.9508,0.7923,0.2705,0
281274,6.9392,-6.3910,-3.0184,73.5000,47.6700,17.2900,2.5133,1.6301,0.5912,0
281313,6.0320,-6.4461,-1.8479,62.3700,80.3600,12.8100,2.1327,2.7479,0.4380,0
281352,6.1852,-5.7782,-0.2298,31.6400,89.8100,13.7900,1.0819,3.0710,0.4715,0
281391,8.0402,-5.3498,1.7474,44.4500,27.6500,20.1600,1.5200,0.9455,0.6894,0
281430,10.1155,-7.0971,0.1699,33.8800,-39.2000,11.6200,1.1585,-1.3404,0.3973,0
281469,9.4501,-7.0947,0.0718,7.0000,1.4000,22.2600,0.2394,0.0479,0.7612,0
281508,7.6453,-6.6519,0.8928,-14.0700,18.4800,40.0400,-0.4811,0.6319,1.3692,0
281547,6.2953,-8.5381,1.3596,13.1600,-13.0900,66.9900,0.4500,-0.4476,2.2907,0
281586,5.1703,-8.6602,1.6468,22.4700,-33.1100,60.5500,0.7684,-1.1322,2.0705,0
281625,4.3205,-6.0559,1.1681,-27.7900,-74.2000,34.5800,-0.9503,-2.5373,1.1825,0
281664,4.3062,-6.6711,0.2585,-19.0400,-75.4600,35.0000,-0.6511,-2.5803,1.1968,0
281703,4.2703,-8.1695,2.2716,22.0500,-66.5700,57.9600,0.7540,-2.2764,1.9819,0
281742,3.2434,-8.7751,1.4745,43.4000,-101.9200,54.3200,1.4841,-3.4851,1.8575,0
281781,4.0022,-7.5615,0.7085,37.4500,-80.9200,43.8200,1.2806,-2.7670,1.4984,0
281820,5.2899,-8.0570,-0.2920,31.0800,-68.6000,42.9100,1.0628,-2.3458,1.4673,0
281859,6.8051,-8.0546,0.6798,15.4700,-67.9700,44.8700,0.5290,-2.3242,1.5343,0
281898,6.2689,-8.4089,0.2298,3.7100,-57.7500,46.0600,0.1269,-1.9748,1.5750,0
281937,4.6078,-9.7373,-0.0239,6.7900,-65.3800,48.2300,0.2322,-2.2357,1.6492,0
281976,3.3655,-8.5309,-1.3620,9.0300,-45.6400,41.7900,0.3088,-1.5607,1.4290,0
282015,2.6689,-9.1413,-1.1011,1.5400,-19.0400,38.9900,0.0527,-0.6511,1.3333,0
282054,2.2237,-9.1293,-0.9120,12.8100,-30.2400,30.3100,0.4380,-1.0341,1.0364,0
282093,1.7234,-7.9086,-0.4692,9.3100,-44.0300,8.0500,0.3184,-1.5056,0.2753,0
282132,1.8048,-6.9918,-1.2279,-23.7300,-47.1800,-13.5100,-0.8114,-1.6133,-0.4620,0
282171,1.6540,-7.0349,-2.2333,-43.8200,-54.3200,-22.1900,-1.4984,-1.8575,-0.7588,0
282210,0.9790,-7.7626,-2.5923,-35.2100,-78.1200,-38.2900,-1.2040,-2.6713,-1.3093,0
282249,2.1902,-10.4458,-3.7484,-24.2200,-87.7800,-55.7200,-0.8282,-3.0016,-1.9053,0
282288,3.2434,-11.2980,-4.7777,13.3700,-90.8600,-67.1300,0.4572,-3.1069,-2.2955,0
282327,2.5492,-9.0456,-4.5120,55.7900,-75.4600,-84.4200,1.9077,-2.5803,-2.8867,0
282366,2.3817,-7.8583,-4.7586,55.5800,-76.0200,-104.0200,1.9006,-2.5995,-3.5569,0
282405,2.8891,-7.4179,-4.4498,38.2200,-70.0700,-125.5800,1.3069,-2.3960,-4.2942,0
282444,5.8716,-6.4317,-2.8173,33.8800,-60.2000,-134.6800,1.1585,-2.0585,-4.6054,0
282483,14.6060,-7.8631,-1.9006,70.7700,-64.4000,-103.6000,2.4200,-2.2021,-3.5426,0
282522,11.4775,-8.0235,-2.2787,59.9900,-36.8900,-52.1500,2.0513,-1.2614,-1.7833,0
282561,9.1198,-7.0876,-2.0825,19.5300,-3.7800,-35.5600,0.6678,-0.1293,-1.2160,0
282600,7.6166,-6.6352,-1.5224,23.9400,-9.0300,-17.7100,0.8186,-0.3088,-0.6056,0
282639,6.4820,-7.3389,-1.9173,13.2300,6.0200,-15.2600,0.4524,0.2059,-0.5218,0
282678,5.4503,-7.1474,-1.4075,10.5000,16.5900,-26.4600,0.3590,0.5673,-0.9048,0
282717,5.6490,-6.1900,-0.6870,16.7300,17.9200,-38.0800,0.5721,0.6128,-1.3021,0
282756,6.8506,-6.0009,-0.4955,30.5200,5.3200,-30.0300,1.0436,0.1819,-1.0269,0
282795,6.5562,-5.2708,-0.1987,29.9600,-3.3600,-17.8500,1.0245,-0.1149,-0.6104,0
282834,5.7663,-4.3229,-0.3519,46.5500,-14.9100,-14.7000,1.5918,-0.5098,-0.5027,0
282873,7.6046,-3.6934,-1.4218,50.4000,-26.8800,3.5000,1.7234,-0.9192,0.1197,0
282912,10.1849,-4.3062,-1.7904,37.7300,-11.4800,19.8800,1.2902,-0.3926,0.6798,0
282951,10.5272,-5.9051,-1.3931,12.8800,1.0500,-0.3500,0.4404,0.0359,-0.0120,0
282990,10.0006,-6.7453,-0.7301,4.6900,-8.2600,-21.6300,0.1604,-0.2824,-0.7396,0
283029,10.3597,-6.1301,-0.6965,14.2100,-5.1800,-16.8000,0.4859,-0.1771,-0.5745,0
283068,10.3645,-5.6657,-1.2495,-4.9700,0.1400,-2.0300,-0.1699,0.0048,-0.0694,0
283107,9.4932,-5.7567,-1.1346,-24.4300,-3.9900,6.5100,-0.8354,-0.1364,0.2226,0
283146,8.5309,-6.1110,-1.1729,-34.3000,9.3100,5.1100,-1.1729,0.3184,0.1747,0
283185,7.9325,-6.0918,-1.9987,-35.7000,16.7300,6.2300,-1.2208,0.5721,0.2130,0
283224,7.5902,-5.8644,-2.1375,-26.4600,38.5700,12.8100,-0.9048,1.3189,0.4380,0
283263,6.8338,-5.0578,-2.3434,-20.7200,57.6800,11.7600,-0.7085,1.9724,0.4021,0
283302,6.4389,-5.0386,-2.3194,-21.6300,84.1400,16.5900,-0.7396,2.8772,0.5673,0
283341,6.7429,-3.4947,-2.3889,-22.7500,108.5000,31.0100,-0.7779,3.7101,1.0604,0
283380,7.6740,-2.8317,-1.2710,-43.6100,127.1900,51.0300,-1.4912,4.3492,1.7450,0
283419,6.9751,-8.0594,-0.1173,-59.5700,110.4600,67.9000,-2.0370,3.7772,2.3218,0
283458,7.9732,-10.6852,3.8873,-32.1300,46.6900,51.8000,-1.0987,1.5966,1.7713,0
283497,9.3711,-8.4232,2.5301,-34.5100,33.4600,17.9900,-1.1801,1.1442,0.6152,0
283536,9.4956,-6.4413,1.5271,-44.6600,53.5500,23.1000,-1.5271,1.8311,0.7899,0
283575,9.1892,-7.5184,1.2734,-71.1200,32.6900,28.1400,-2.4319,1.1178,0.9622,0
283614,7.6453,-7.1570,2.1902,-64.2600,46.9000,27.4400,-2.1974,1.6037,0.9383,0
283653,6.7453,-6.2809,2.2907,-66.8500,55.2300,45.6400,-2.2859,1.8886,1.5607,0
283692,5.4192,-5.8668,2.4152,-82.4600,79.8700,43.0500,-2.8197,2.7311,1.4721,0
283731,2.9346,-8.4352,-2.9155,-39.3400,44.2400,55.8600,-1.3452,1.5128,1.9101,0
283770,0.3926,-7.1235,-0.3662,-37.0300,41.5100,52.5000,-1.2662,1.4194,1.7952,0
283809,-0.1676,-8.5884,0.0910,-25.4800,39.6900,61.3900,-0.8713,1.3572,2.0992,0
283848,-0.6152,-8.7511,0.6511,-17.6400,27.1600,41.0900,-0.6032,0.9287,1.4051,0
283887,1.6708,-10.2687,1.0580,-10.7800,14.2100,19.8800,-0.3686,0.4859,0.6798,0
283926,3.1835,-10.7929,1.1274,-1.0500,10.3600,3.6400,-0.0359,0.3543,0.1245,0
283965,4.0213,-9.2035,1.5152,-15.0500,29.4000,-11.0600,-0.5146,1.0053,-0.3782,0
284004,5.2038,-7.9110,1.3811,-24.2900,49.0000,-23.3800,-0.8306,1.6755,-0.7995,0
284043,5.8716,-8.3993,1.0795,-21.8400,61.2500,-34.1600,-0.7468,2.0944,-1.1681,0
284082,5.9985,-8.2030,0.6559,-35.9100,78.2600,-40.1100,-1.2279,2.6761,-1.3716,0
284121,4.8758,-8.2509,1.8862,-44.0300,83.4400,-49.3500,-1.5056,2.8532,-1.6875,0
284160,4.7729,-8.0354,1.8048,-40.9500,116.4800,-44.3100,-1.4003,3.9830,-1.5152,0
284199,5.5604,-8.2389,1.5056,9.3800,123.2000,-36.6800,0.3207,4.2128,-1.2543,0
284238,6.6783,-7.5998,1.9125,24.7100,133.8400,-45.5000,0.8450,4.5766,-1.5559,0
284277,6.8650,-8.8660,2.4200,0.8400,119.0000,-62.3700,0.0287,4.0692,-2.1327,0
284316,5.7806,-10.3788,0.0742,-56.0000,17.6400,-55.2300,-1.9149,0.6032,-1.8886,0
284355,4.4187,-10.8193,0.2011,-72.3800,-9.3100,-20.4400,-2.4750,-0.3184,-0.6989,0
284394,4.3828,-9.9456,2.1303,-54.6700,13.5800,8.2600,-1.8694,0.4644,0.2824,0
284433,4.4976,-9.5578,1.5607,-9.7300,3.9900,8.6800,-0.3327,0.1364,0.2968,0
284472,5.1535,-9.5363,1.1489,30.2400,4.0600,-20.8600,1.0341,0.1388,-0.7133,0
284511,5.2397,-7.8535,0.9694,58.6600,-4.6200,-53.8300,2.0059,-0.1580,-1.8407,0
284550,4.8256,-6.7046,-0.3112,77.8400,-40.4600,-34.3700,2.6617,-1.3835,-1.1753,0
284589,5.5341,-5.1344,2.1064,68.0400,-2.4500,-14.8400,2.3266,-0.0838,-0.5075,0
284628,6.6376,-4.3708,1.8551,41.2300,-16.1700,-8.2600,1.4099,-0.5529,-0.2824,0
284667,7.8176,-4.4378,1.5224,24.0100,-22.3300,-5.7400,0.8210,-0.7636,-0.1963,0
284706,8.1001,-4.9165,0.3734,3.0100,-38.6400,-9.5200,0.1029,-1.3213,-0.3255,0
284745,8.8589,-6.0032,0.5697,-16.7300,-41.9300,2.3100,-0.5721,-1.4338,0.0790,0
284784,7.8344,-6.8578,2.0226,-29.1900,12.6000,4.6900,-0.9981,0.4309,0.1604,0
284823,7.9134,-7.0612,2.5420,-34.0200,-10.7800,1.7500,-1.1633,-0.3686,0.0598,0
284862,8.5644,-7.1115,0.3950,-19.3200,-29.1900,1.2600,-0.6606,-0.9981,0.0431,0
284901,7.6956,-6.5107,0.0359,-12.6700,-18.3400,-1.4700,-0.4332,-0.6271,-0.0503,0
284940,7.9565,-4.9477,-1.6444,-6.3000,-1.8900,-9.5900,-0.2154,-0.0646,-0.3279,0
284979,8.3801,-5.4312,-2.1974,-62.8600,-3.1500,-12.3200,-2.1495,-0.1077,-0.4213,0
285018,7.5711,-7.4251,-1.7019,-65.9400,-14.6300,-7.0700,-2.2548,-0.5003,-0.2418,0
285057,7.5615,-8.1671,-0.6942,-39.2000,-1.0500,2.8000,-1.3404,-0.0359,0.0957,0
285096,7.1546,-8.1025,-0.4883,-22.9600,7.4200,6.2300,-0.7851,0.2537,0.2130,0
285135,7.3245,-7.0565,-0.2011,-7.9100,16.6600,4.4800,-0.2705,0.5697,0.1532,0
285174,7.3054,-7.4706,0.2035,11.2700,18.7600,4.9700,0.3854,0.6415,0.1699,0
285213,6.5514,-7.8918,0.7803,33.4600,9.7300,2.7300,1.1442,0.3327,0.0934,0
285252,6.9535,-6.9440,0.5769,36.9600,-0.5600,2.7300,1.2638,-0.0191,0.0934,0
285291,7.9229,-5.6394,0.6535,4.3400,15.5400,0.6300,0.1484,0.5314,0.0215,0
285330,8.6937,-6.0655,1.2112,14.1400,8.1900,11.0600,0.4835,0.2801,0.3782,0
285369,7.6118,-6.7333,2.1519,2.2400,14.0000,6.1600,0.0766,0.4787,0.2106,0
285408,7.4849,-5.9099,0.8497,-11.3400,-8.1900,-4.8300,-0.3878,-0.2801,-0.1652,0
285447,7.6836,-5.3881,0.6487,-2.1700,7.9800,-5.3900,-0.0742,0.2729,-0.1843,0
285486,7.1953,-5.1008,0.8641,2.2400,17.0100,-1.6100,0.0766,0.5817,-0.0551,0
285525,7.2791,-4.9883,0.3495,-25.8300,23.9400,-3.8500,-0.8833,0.8186,-0.1317,0
285564,6.9727,-6.2881,-0.5266,-37.5900,21.7700,-2.4500,-1.2854,0.7444,-0.0838,0
285603,6.8314,-8.0714,0.8521,-29.2600,19.5300,-4.2000,-1.0005,0.6678,-0.1436,0
285642,6.4604,-7.8511,1.2423,-27.9300,15.2600,-7.0000,-0.9551,0.5218,-0.2394,0
285681,6.5586,-7.1211,0.8809,-13.3000,2.5900,-6.4400,-0.4548,0.0886,-0.2202,0
285720,7.3533,-6.9104,0.9934,1.7500,0.3500,-3.0100,0.0598,0.0120,-0.1029,0
285759,7.7195,-6.3623,0.5936,-15.3300,1.8200,-3.0800,-0.5242,0.0622,-0.1053,0
285798,6.9727,-5.6394,-0.2011,-35.4900,6.5800,-10.3600,-1.2136,0.2250,-0.3543,0
285837,8.6626,-5.0338,1.0101,-57.7500,8.3300,-16.3100,-1.9748,0.2848,-0.5577,0
285876,9.3903,-5.0003,-1.2327,-103.0400,28.2100,-7.0000,-3.5234,0.9646,-0.2394,0
285915,6.0511,-7.7865,-1.6971,-59.4300,39.1300,4.9700,-2.0322,1.3380,0.1699,0
285954,6.5442,-7.2838,-0.7037,-54.1100,24.2900,6.5100,-1.8503,0.8306,0.2226,0
285993,7.3293,-6.7189,-1.1178,-44.3800,16.5900,6.5800,-1.5176,0.5673,0.2250,0
286032,8.5261,-7.2408,0.0191,-29.6800,19.3200,6.9300,-1.0149,0.6606,0.2370,0
286071,8.1743,-7.5759,0.8737,-14.2100,22.8200,5.2500,-0.4859,0.7803,0.1795,0
286110,7.1235,-7.1953,-0.4500,-9.1700,26.8800,-0.7000,-0.3136,0.9192,-0.0239,0
286149,6.7381,-7.2192,0.0239,-4.2700,26.8100,-0.9100,-0.1460,0.9168,-0.0311,0
286188,7.0756,-7.4107,0.2561,10.9200,21.2800,-1.8200,0.3734,0.7277,-0.0622,0
286227,6.6759,-6.7596,-0.3567,19.6700,24.6400,-5.4600,0.6726,0.8426,-0.1867,0
286266,6.5993,-6.8219,-0.2370,20.9300,25.7600,-8.3300,0.7157,0.8809,-0.2848,0
286305,6.5275,-8.1862,-1.2830,36.1900,30.2400,-8.8900,1.2375,1.0341,-0.3040,0
286344,4.7227,-6.8889,-0.5386,35.6300,52.7100,-17.2200,1.2184,1.8024,-0.5888,0
286383,6.4796,-5.6370,-0.1987,-21.2100,45.2200,-10.2200,-0.7253,1.5463,-0.3495,0
286422,8.9067,-7.7195,0.2226,8.4000,3.1500,10.2200,0.2872,0.1077,0.3495,0
286461,8.5142,-7.7003,0.9575,31.5700,-15.7500,16.9400,1.0795,-0.5386,0.5793,0
286500,6.5993,-5.2325,0.3710,-14.9800,-22.6800,19.1800,-0.5122,-0.7755,0.6559,0
286539,6.4197,-4.4809,-0.0287,-24.2200,-47.9500,38.7100,-0.8282,-1.6396,1.3237,0
286578,7.4562,-3.7963,1.3979,-26.5300,-66.7100,74.9000,-0.9072,-2.2811,2.5612,0
286617,8.7176,-7.4323,1.8814,-25.7600,-70.4900,94.8500,-0.8809,-2.4104,3.2434,0
286656,6.6328,-9.0982,2.3697,-0.5600,-60.1300,77.0000,-0.0191,-2.0561,2.6330,0
286695,4.7921,-8.9977,2.0059,-25.2000,-74.1300,34.7900,-0.8617,-2.5349,1.1896,0
286734,5.6610,-7.7793,-0.9934,-17.5000,-98.9100,33.1100,-0.5984,-3.3822,1.1322,0
286773,8.4352,-9.8690,-1.8455,14.3500,-111.0200,66.0800,0.4907,-3.7963,2.2596,0
286812,6.8985,-10.0389,-0.6367,21.4900,-126.4900,59.0800,0.7348,-4.3253,2.0202,0
286851,6.3264,-10.3908,-0.8162,51.0300,-111.7200,55.1600,1.7450,-3.8202,1.8862,0
286890,4.8399,-10.4052,-2.5014,79.5900,-103.1100,46.6200,2.7216,-3.5258,1.5942,0
286929,4.4905,-9.1269,-2.6402,49.0700,-60.6900,25.7600,1.6779,-2.0753,0.8809,0
286968,3.0854,-7.0852,-1.7498,36.4000,-38.8500,-9.1000,1.2447,-1.3285,-0.3112,0
287007,0.6535,-6.3455,-2.3266,29.3300,-28.1400,-41.6500,1.0029,-0.9622,-1.4242,0
287046,0.0024,-5.3977,-2.7216,3.7100,-32.4800,-76.7200,0.1269,-1.1106,-2.6234,0
287085,0.2082,-4.9213,-2.8843,-5.0400,-52.2900,-105.1400,-0.1723,-1.7880,-3.5952,0
287124,0.4213,-5.0171,-2.6761,-8.8900,-55.6500,-132.2300,-0.3040,-1.9029,-4.5216,0
287163,14.1153,-11.8868,-2.4367,16.8000,-53.4800,-112.6300,0.5745,-1.8287,-3.8514,0
287202,10.8935,-7.4538,-2.1567,59.8500,17.2200,-55.9300,2.0466,0.5888,-1.9125,0
287241,9.2514,-6.7788,-1.3596,-3.2900,28.4900,-27.5800,-0.1125,0.9742,-0.9431,0
287280,8.6386,-6.3168,-0.4428,-7.9800,29.5400,17.8500,-0.2729,1.0101,0.6104,0
287319,7.1809,-8.4807,-1.6468,-27.9300,38.2900,18.8300,-0.9551,1.3093,0.6439,0
287358,5.1535,-8.8517,-3.1357,-12.1100,20.9300,-9.3100,-0.4141,0.7157,-0.3184,0
287397,4.4785,-8.8660,-1.7426,-0.1400,8.7500,-12.3200,-0.0048,0.2992,-0.4213,0
287436,6.2187,-8.8254,-1.2662,24.0800,10.4300,-1.0500,0.8234,0.3567,-0.0359,0
287475,7.0780,-7.5471,0.1388,21.4900,-1.0500,-22.8200,0.7348,-0.0359,-0.7803,0
287514,6.9870,-6.1325,0.7492,50.6800,-31.5700,-38.9200,1.7330,-1.0795,-1.3309,0
287553,6.6974,-5.4766,-0.3399,87.9900,-8.9600,-43.4000,3.0088,-0.3064,-1.4841,0
287592,6.6543,-5.4144,-0.9718,90.0900,20.7900,-30.3800,3.0806,0.7109,-1.0388,0
287631,7.1761,-5.0195,-1.5559,54.4600,31.5000,-2.6600,1.8623,1.0771,-0.0910,0
287670,7.5184,-6.3001,0.8737,17.6400,40.1100,-15.0500,0.6032,1.3716,-0.5146,0
287709,7.1642,-5.0434,1.2997,-2.5900,23.4500,-27.0900,-0.0886,0.8019,-0.9263,0
287748,7.4011,-3.2314,-0.5817,-37.4500,-4.4800,-14.0700,-1.2806,-0.1532,-0.4811,0
287787,6.5131,-4.1338,-1.8335,-44.0300,-16.4500,23.1700,-1.5056,-0.5625,0.7923,0
287826,6.9942,-7.2575,0.4763,-21.7700,-9.2400,44.8700,-0.7444,-0.3160,1.5343,0
287865,7.8775,-9.3065,1.6732,1.5400,-1.1900,38.0800,0.0527,-0.0407,1.3021,0
287904,8.8589,-8.6913,1.5750,8.6100,-29.6800,1.8200,0.2944,-1.0149,0.0622,0
287943,9.4142,-5.5939,-0.8689,-4.9000,-8.6100,-22.8900,-0.1676,-0.2944,-0.7827,0
287982,9.2466,-4.8998,-0.2681,0.6300,12.9500,-12.4600,0.0215,0.4428,-0.4261,0
288021,8.7152,-5.5987,0.1364,2.9400,8.2600,0.8400,0.1005,0.2824,0.0287,0
288060,7.7506,-6.7644,0.9024,-10.5700,9.8700,0.1400,-0.3614,0.3375,0.0048,0
288099,5.8716,-9.9121,1.7330,14.7000,-17.0800,2.5900,0.5027,-0.5840,0.0886,0
288138,7.2312,-7.3916,2.9274,27.1600,33.9500,-7.9100,0.9287,1.1609,-0.2705,0
288177,9.9169,-7.3221,-3.6982,81.3400,-66.1500,0.9800,2.7814,-2.2620,0.0335,0
288216,8.5573,-6.3001,1.6253,7.6300,17.0100,-12.5300,0.2609,0.5817,-0.4285,0
288255,7.8559,-4.6102,-0.2106,-30.8700,3.2200,-27.7900,-1.0556,0.1101,-0.9503,0
288294,7.4921,-4.1434,0.5098,-6.7900,-4.3400,-3.5000,-0.2322,-0.1484,-0.1197,0
288333,5.5556,-5.0673,0.4045,25.0600,-28.4200,11.7600,0.8569,-0.9718,0.4021,0
288372,6.0080,-6.6926,-0.4189,6.4400,-42.1400,-11.9000,0.2202,-1.4410,-0.4069,0
288411,7.9397,-6.5035,-1.6372,-12.7400,-47.1800,-28.0000,-0.4356,-1.6133,-0.9575,0
288450,5.9578,-7.0469,-1.0891,-42.2800,-30.5900,-28.4900,-1.4458,-1.0460,-0.9742,0
288489,5.3235,-7.7961,-1.1418,-26.5300,-41.2300,-8.8200,-0.9072,-1.4099,-0.3016,0
288528,7.0469,-10.7546,-1.6396,20.0900,-66.4300,17.8500,0.6870,-2.2716,0.6104,0
288567,7.9804,-9.3041,-3.0639,55.8600,-60.4800,-0.6300,1.9101,-2.0681,-0.0215,0
288606,7.7362,-8.7823,-2.4176,82.3900,-23.4500,-3.0100,2.8173,-0.8019,-0.1029,0
288645,7.2527,-7.8440,-2.1064,102.4800,-3.4300,-5.4600,3.5043,-0.1173,-0.1867,0
288684,6.6376,-6.6376,-2.4990,137.2700,8.1900,-8.7500,4.6939,0.2801,-0.2992,0
288723,5.8572,-5.6897,-2.7168,141.7500,15.6100,-5.3900,4.8471,0.5338,-0.1843,0
288762,6.3934,-4.0357,-2.2596,111.7200,5.8800,2.3100,3.8202,0.2011,0.0790,0
288801,9.0671,-3.0854,0.0527,63.4900,-14.6300,22.6100,2.1710,-0.5003,0.7731,0
288840,9.8690,-5.8548,1.5104,67.6200,-53.9700,53.8300,2.3123,-1.8455,1.8407,0
288879,8.5429,-8.0067,0.1053,60.1300,-72.7300,58.8000,2.0561,-2.4870,2.0107,0
288918,7.9660,-7.3389,0.6702,28.4900,-48.7900,50.1900,0.9742,-1.6684,1.7162,0
288957,7.0373,-4.8471,-0.8210,10.5700,-55.0200,41.4400,0.3614,-1.8814,1.4170,0
288996,5.0314,-4.6006,0.4021,-18.7600,-85.0500,79.6600,-0.6415,-2.9083,2.7240,0
289035,6.0583,-7.7698,3.0974,-19.8800,-120.9600,89.1800,-0.6798,-4.1362,3.0495,0
289074,3.4205,-9.8642,2.2764,-19.9500,-144.3400,58.3800,-0.6822,-4.9357,1.9963,0
289113,2.9921,-9.5387,0.7253,58.5200,-109.9000,18.5500,2.0011,-3.7580,0.6343,0
289152,5.8309,-9.1389,-1.6708,29.6100,-98.2800,22.0500,1.0125,-3.3607,0.7540,0
289191,7.0804,-9.0312,-2.9466,48.5800,-105.0000,38.7100,1.6612,-3.5905,1.3237,0
289230,6.3096,-8.6889,-1.5702,43.5400,-97.3000,33.5300,1.4888,-3.3272,1.1466,0
289269,4.9237,-8.2628,-0.4380,23.3800,-102.9700,32.1300,0.7995,-3.5210,1.0987,0
289308,4.8399,-8.4855,-2.2045,19.4600,-122.8500,36.4000,0.6654,-4.2008,1.2447,0
289347,5.3594,-9.1269,-3.0471,-15.0500,-99.4700,31.0100,-0.5146,-3.4014,1.0604,0
289386,4.7969,-10.2184,-2.6378,8.4000,-78.5400,23.9400,0.2872,-2.6857,0.8186,0
289425,3.0232,-10.2280,-2.5397,43.9600,-68.2500,-0.0700,1.5032,-2.3338,-0.0024,0
289464,0.4404,-7.7243,-3.7772,34.7900,-58.8000,-34.3700,1.1896,-2.0107,-1.1753,0
289503,-0.5721,-6.8458,-4.1554,21.2100,-53.5500,-76.6500,0.7253,-1.8311,-2.6210,0
289542,0.0359,-6.5538,-5.1056,6.8600,-48.5100,-112.5600,0.2346,-1.6588,-3.8490,0
289581,0.4261,-5.4982,-4.5000,2.8700,-17.2200,-131.2500,0.0981,-0.5888,-4.4881,0
289620,4.2990,-5.5293,-2.2021,0.4200,-36.5400,-120.4000,0.0144,-1.2495,-4.1171,0
289659,14.6515,-9.2801,-2.9729,47.1800,-52.5000,-84.0700,1.6133,-1.7952,-2.8748,0
289698,10.2615,-8.7799,-2.0226,60.9700,-8.1900,-58.9400,2.0849,-0.2801,-2.0154,0
289737,7.5328,-7.0900,-0.8473,34.1600,9.3100,-60.9000,1.1681,0.3184,-2.0825,0
289776,8.4831,-6.2689,-0.1388,10.9200,-12.8100,-33.3900,0.3734,-0.4380,-1.1418,0
289815,8.3011,-7.4131,0.3590,24.2900,3.2200,-18.5500,0.8306,0.1101,-0.6343,0
289854,7.2096,-8.0402,0.4045,40.1800,-4.9700,-49.5600,1.3739,-0.1699,-1.6947,0
289893,4.9740,-5.4982,-1.6444,81.9000,-42.7700,-35.8400,2.8006,-1.4625,-1.2255,0
289932,6.7788,-4.1242,-2.1447,83.2300,-14.9800,-12.1800,2.8460,-0.5122,-0.4165,0
289971,9.6272,-4.2391,-1.9484,51.9400,11.5500,-14.6300,1.7761,0.3950,-0.5003,0
290010,8.8900,-5.4455,-1.3452,25.9700,6.7900,-17.4300,0.8880,0.2322,-0.5960,0
290049,8.8613,-8.0977,-0.3112,7.9800,-29.1900,-10.0100,0.2729,-0.9981,-0.3423,0
290088,8.7344,-8.0594,-0.2561,11.8300,-42.2100,-13.4400,0.4045,-1.4434,-0.4596,0
290127,7.7003,-6.5275,-1.1633,21.0000,-31.5000,-2.5900,0.7181,-1.0771,-0.0886,0
290166,7.3054,-5.6011,-0.0981,14.5600,-36.4700,12.6700,0.4979,-1.2471,0.4332,0
290205,7.0421,-6.4078,-0.1460,23.9400,-39.5500,26.6700,0.8186,-1.3524,0.9120,0
290244,7.1474,-7.3221,-0.5793,34.4400,-39.7600,25.1300,1.1777,-1.3596,0.8593,0
290283,8.1647,-5.5772,0.0263,38.3600,-13.3000,9.0300,1.3117,-0.4548,0.3088,0
290322,8.1575,-5.8884,-1.6875,51.3100,-11.9000,-9.3800,1.7545,-0.4069,-0.3207,0
290361,6.5658,-6.4054,-0.9479,64.5400,-3.4300,-12.8100,2.2069,-0.1173,-0.4380,0
290400,6.5275,-7.3724,-2.1686,61.3900,-9.9400,-10.4300,2.0992,-0.3399,-0.3567,0
290439,6.7908,-8.2030,-2.4391,79.7300,7.4200,-6.6500,2.7264,0.2537,-0.2274,0
290478,6.9535,-8.6578,-2.1471,92.4000,36.9600,-15.2600,3.1596,1.2638,-0.5218,0
290517,6.6663,-7.1977,-1.4673,79.4500,49.0000,-11.2700,2.7168,1.6755,-0.3854,0
290556,7.6285,-6.4030,-0.5075,52.4300,20.7900,4.6900,1.7928,0.7109,0.1604,0
290595,9.3160,-7.2886,0.1556,49.1400,-30.4500,22.6100,1.6803,-1.0412,0.7731,0
290634,8.2748,-6.5394,-0.8569,42.9800,-52.0100,40.0400,1.4697,-1.7785,1.3692,0
290673,6.0272,-3.4205,-0.7540,13.2300,-78.1200,62.8600,0.4524,-2.6713,2.1495,0
290712,5.2612,-2.1662,2.0418,-26.1800,-121.2400,92.7500,-0.8952,-4.1458,3.1716,0
290751,8.3993,-6.9775,4.0381,64.8900,-174.2300,131.8800,2.2189,-5.9578,4.5096,0
290790,5.2493,-11.1879,0.5122,39.9000,-182.7000,21.9100,1.3644,-6.2474,0.7492,0
290829,5.7423,-9.3591,-3.2338,-6.9300,-169.6100,13.3700,-0.2370,-5.7998,0.4572,0
290868,5.6825,-8.4567,-3.8346,40.7400,-163.3800,60.1300,1.3931,-5.5868,2.0561,0
290907,5.4001,-9.0504,-1.7521,68.3200,-143.2200,59.9900,2.3362,-4.8974,2.0513,0
290946,6.5107,-10.0174,-3.3080,63.4900,-175.7700,44.4500,2.1710,-6.0104,1.5200,0
290985,5.9243,-8.9402,-2.8628,77.0700,-141.8900,37.6600,2.6354,-4.8519,1.2878,0
291024,5.5221,-7.1713,-1.7904,74.4800,-120.1900,38.2200,2.5468,-4.1099,1.3069,0
291063,4.7849,-7.1019,-1.1322,53.8300,-65.3100,42.4900,1.8407,-2.2333,1.4529,0
291102,2.9155,-8.1575,-1.6803,47.6700,-49.9100,33.6700,1.6301,-1.7067,1.1513,0
291141,1.4529,-7.8918,-1.2255,28.0000,-57.4000,8.1200,0.9575,-1.9628,0.2777,0
291180,1.8551,-7.4921,-1.5271,-2.9400,-72.8700,-8.6800,-0.1005,-2.4918,-0.2968,0
291219,1.5678,-8.5956,-2.6905,-3.2900,-65.1000,-36.8200,-0.1125,-2.2261,-1.2591,0
291258,0.7851,-8.9115,-3.2362,-5.3900,-55.0900,-69.7900,-0.1843,-1.8838,-2.3865,0
291297,1.4266,-8.1408,-3.1500,-25.7600,-21.2800,-101.7100,-0.8809,-0.7277,-3.4780,0
291336,2.0968,-7.5807,-4.0835,-8.1200,-11.2700,-124.7400,-0.2777,-0.3854,-4.2655,0
291375,2.1950,-6.0368,-2.6091,6.0900,-29.6800,-147.5600,0.2082,-1.0149,-5.0458,0
291414,10.7020,-8.7990,-1.8383,36.1200,-48.7200,-143.7100,1.2351,-1.6660,-4.9141,0
291453,13.8975,-9.7134,-3.1668,43.4000,-8.8200,-68.8800,1.4841,-0.3016,-2.3553,0
291492,7.7219,-8.4400,-2.3338,23.4500,19.9500,-49.7000,0.8019,0.6822,-1.6995,0
291531,6.1445,-8.4280,-1.4649,17.3600,3.7100,-20.7200,0.5936,0.1269,-0.7085,0
291570,5.9626,-8.3873,-0.5984,34.8600,-20.8600,-19.9500,1.1920,-0.7133,-0.6822,0
291609,6.3479,-6.8769,-0.2011,44.9400,-14.4900,-32.6900,1.5367,-0.4955,-1.1178,0
291648,6.3120,-4.0476,0.1173,38.5000,-12.1800,-45.5000,1.3165,-0.4165,-1.5559,0
291687,5.1080,-5.2684,-1.3763,33.8800,-20.7900,-31.7800,1.1585,-0.7109,-1.0867,0
291726,5.9673,-5.1248,-2.3410,49.3500,-24.5000,-22.3300,1.6875,-0.8378,-0.7636,0
291765,7.6788,-3.5306,-1.9939,45.0800,4.7600,-15.4000,1.5415,0.1628,-0.5266,0
291804,9.3232,-4.1889,-1.8982,25.1300,0.0700,-2.3800,0.8593,0.0024,-0.0814,0
291843,7.9062,-7.1115,-0.4189,3.2900,-29.4000,-0.1400,0.1125,-1.0053,-0.0048,0
291882,8.9139,-8.4759,-0.5122,-1.1900,-54.3900,-5.9500,-0.0407,-1.8599,-0.2035,0
291921,9.1174,-6.8243,-0.4955,15.4000,-42.9800,1.4700,0.5266,-1.4697,0.0503,0
291960,9.8450,-5.9841,-0.5218,46.9000,-14.2100,5.6000,1.6037,-0.4859,0.1915,0
291999,9.8642,-6.2139,-0.0718,51.4500,4.0600,-12.2500,1.7593,0.1388,-0.4189,0
292038,8.3945,-7.1043,-1.6947,4.4100,-10.0800,-37.2400,0.1508,-0.3447,-1.2734,0
292077,7.2910,-5.9338,-1.4697,15.6800,-6.3000,-17.2900,0.5362,-0.2154,-0.5912,0
292116,6.9320,-4.7777,-0.0144,42.6300,-20.8600,8.2600,1.4577,-0.7133,0.2824,0
292155,6.8841,-5.8142,-1.1777,30.1000,-28.7700,14.3500,1.0293,-0.9838,0.4907,0
292194,7.1666,-6.6615,-0.6223,29.8900,-12.5300,18.5500,1.0221,-0.4285,0.6343,0
292233,7.3700,-7.8057,-1.7521,61.8100,1.4700,4.6200,2.1136,0.0503,0.1580,0
292272,7.0277,-7.1498,-2.0920,75.6700,19.1100,-11.9700,2.5875,0.6535,-0.4093,0
292311,6.4078,-7.2264,-2.2021,92.8900,41.8600,-16.8000,3.1764,1.4314,-0.5745,0
292350,7.0756,-6.4892,-1.6875,115.6400,40.3900,-3.7100,3.9543,1.3811,-0.1269,0
292389,7.1761,-5.9171,-1.3859,86.4500,34.5800,13.9300,2.9561,1.1825,0.4763,0
292428,8.5046,-6.3623,-0.4763,76.8600,3.0100,38.4300,2.6282,0.1029,1.3141,0
292467,8.6123,-6.7333,0.7468,47.9500,-24.1500,37.1700,1.6396,-0.8258,1.2710,0
292506,8.2389,-6.0990,0.4500,1.6800,-56.4900,40.6700,0.0574,-1.9317,1.3907,0
292545,5.6011,-3.4995,2.3553,-17.9900,-115.7800,49.8400,-0.6152,-3.9591,1.7043,0
292584,4.3732,-5.9171,2.6378,-21.0000,-163.9400,77.9100,-0.7181,-5.6059,2.6641,0
292623,6.9176,-12.8491,2.7623,57.6800,-135.5900,115.8500,1.9724,-4.6365,3.9615,0
292662,4.2008,-8.4950,1.2519,-22.6800,-161.7700,29.1200,-0.7755,-5.5317,0.9958,0
292701,7.6956,-7.6046,-4.0141,27.1600,-144.3400,31.2200,0.9287,-4.9357,1.0676,0
292740,7.4706,-8.7416,-2.7766,66.7800,-143.5700,64.7500,2.2835,-4.9094,2.2141,0
292779,6.2139,-9.0097,0.4787,24.7800,-104.3700,66.9200,0.8473,-3.5689,2.2883,0
292818,7.1809,-9.6727,-2.1136,51.8000,-109.3400,59.3600,1.7713,-3.7389,2.0298,0
292857,7.2240,-9.0025,-3.1524,60.8300,-84.0700,54.6000,2.0801,-2.8748,1.8670,0
292896,5.6921,-8.4113,-2.2644,39.3400,-37.8700,51.7300,1.3452,-1.2950,1.7689,0
292935,3.7125,-9.0408,-0.9239,42.3500,-19.7400,41.0200,1.4482,-0.6750,1.4027,0
292974,0.7301,-7.4179,-2.4415,14.7700,-7.4200,-18.6200,0.5051,-0.2537,-0.6367,0
293013,-1.0604,-6.2043,-3.3774,-26.3900,-16.3100,-70.2800,-0.9024,-0.5577,-2.4032,0
293052,-0.8785,-7.7602,-4.8184,-28.8400,-16.8000,-101.8500,-0.9862,-0.5745,-3.4827,0
293091,-0.6750,-8.2652,-3.1931,-8.7500,-20.0900,-121.3100,-0.2992,-0.6870,-4.1482,0
293130,0.9383,-4.6628,-0.7636,-2.3800,-40.1800,-122.1500,-0.0814,-1.3739,-4.1769,0
293169,9.9121,-4.8208,-1.1633,41.9300,-52.5000,-102.1300,1.4338,-1.7952,-3.4923,0
293208,18.8810,-10.0844,-2.8125,25.9000,-4.3400,-52.7800,0.8856,-0.1484,-1.8048,0
293247,9.3160,-8.1791,-1.2279,-27.3000,41.6500,-60.4100,-0.9335,1.4242,-2.0657,0
293286,9.0791,-8.4017,0.9670,-35.4900,55.5800,-39.2000,-1.2136,1.9006,-1.3404,0
293325,9.9288,-9.3855,0.4811,-10.7800,38.7800,-13.4400,-0.3686,1.3261,-0.4596,0
293364,7.9134,-8.6602,0.4428,48.0200,3.5000,-32.2700,1.6420,0.1197,-1.1035,0
293403,5.5341,-6.4102,-0.0981,56.0700,-30.7300,-35.9100,1.9173,-1.0508,-1.2279,0
293442,6.9631,-3.4827,-1.4434,62.9300,-26.4600,-15.8200,2.1519,-0.9048,-0.5410,0
293481,7.7602,-2.3242,-1.6301,28.0700,1.5400,-7.6300,0.9598,0.0527,-0.2609,0
293520,7.9134,-3.6120,0.3231,4.6900,2.1000,-6.8600,0.1604,0.0718,-0.2346,0
293559,8.5692,-7.7386,0.8043,24.5700,-37.9400,-8.3300,0.8402,-1.2974,-0.2848,0
293598,8.2413,-6.2043,-0.3064,25.9000,-35.2100,-22.6100,0.8856,-1.2040,-0.7731,0
293637,8.0785,-6.7166,-0.5434,35.2800,-34.2300,-10.6400,1.2064,-1.1705,-0.3638,0
293676,8.2581,-8.0402,-1.1801,6.3700,-30.6600,-12.3200,0.2178,-1.0484,-0.4213,0
293715,6.9703,-6.8961,-1.4697,52.9900,-24.2900,-12.8100,1.8120,-0.8306,-0.4380,0
293754,6.9080,-7.3365,-2.0992,84.2800,-10.5000,3.7800,2.8819,-0.3590,0.1293,0
293793,6.0679,-7.1737,-2.7982,110.1100,3.6400,16.1000,3.7652,0.1245,0.5505,0
293832,5.9243,-7.6429,-2.9490,110.8100,21.0000,15.1200,3.7891,0.7181,0.5170,0
293871,5.3474,-6.4365,-0.8809,70.4200,62.8600,30.8000,2.4080,2.1495,1.0532,0
293910,7.0253,-4.3995,-0.2992,45.0800,16.3100,64.6100,1.5415,0.5577,2.2093,0
293949,9.8307,-4.9261,0.2465,63.3500,-53.3400,90.0200,2.1662,-1.8240,3.0782,0
293988,8.4041,-3.1620,1.1633,0.0000,-65.9400,72.1000,0.0000,-2.2548,2.4654,0
294027,6.6424,-3.0758,2.2213,-70.3500,-110.7400,42.5600,-2.4056,-3.7867,1.4553,0
294066,10.1155,-9.9216,2.5325,3.3600,-156.5900,109.0600,0.1149,-5.3546,3.7293,0
294105,4.0070,-13.0932,3.7652,16.5900,-154.9800,73.9200,0.5673,-5.2995,2.5277,0
294144,5.0171,-10.1012,-1.3021,1.1200,-141.0500,26.8100,0.0383,-4.8232,0.9168,0
294183,9.2993,-9.1724,-4.7897,62.7200,-157.3600,33.3200,2.1447,-5.3809,1.1394,0
294222,7.3413,-8.4352,-1.6516,55.4400,-150.4300,33.4600,1.8958,-5.1439,1.1442,0
294261,5.5987,-8.2413,-0.5769,32.3400,-115.2200,25.9000,1.1059,-3.9399,0.8856,0
294300,4.5766,-8.2676,-2.3410,50.9600,-110.8100,15.5400,1.7426,-3.7891,0.5314,0
294339,4.1601,-7.4849,-1.7115,35.7700,-87.2200,7.2100,1.2232,-2.9825,0.2465,0
294378,4.3038,-7.9852,-1.8886,40.8800,-83.3700,-10.2900,1.3979,-2.8508,-0.3519,0
294417,2.7623,-8.3442,-3.3487,56.9800,-61.9500,-41.0900,1.9484,-2.1184,-1.4051,0
294456,1.1849,-6.1014,-5.0913,47.1800,-47.8100,-76.5800,1.6133,-1.6349,-2.6186,0
294495,-0.2011,-4.0716,-3.0591,7.9800,-22.9600,-117.7400,0.2729,-0.7851,-4.0261,0
294534,2.4080,-3.3056,-3.1811,-17.7800,-24.1500,-141.2600,-0.6080,-0.8258,-4.8304,0
294573,21.2053,-13.0621,-1.8694,33.4600,-19.7400,-71.5400,1.1442,-0.6750,-2.4463,0
294612,12.2267,-6.5466,1.6923,60.3400,49.1400,-40.6700,2.0633,1.6803,-1.3907,0
294651,9.9240,-6.9057,2.5947,23.5900,33.2500,-54.7400,0.8067,1.1370,-1.8718,0
294690,8.4519,-6.8027,0.8330,14.2100,11.6200,-23.5900,0.4859,0.3973,-0.8067,0
294729,5.9745,-6.6208,1.6229,-1.4700,2.5200,-2.9400,-0.0503,0.0862,-0.1005,0
294768,5.3785,-5.5724,-1.0436,27.0900,15.0500,-6.2300,0.9263,0.5146,-0.2130,0
294807,7.3150,-5.1942,-1.8934,14.9100,11.2700,5.1800,0.5098,0.3854,0.1771,0
294846,7.4682,-6.9559,-0.5553,-17.5700,47.7400,-3.9900,-0.6008,1.6325,-0.1364,0
294885,8.3873,-7.4179,1.2710,-35.2800,3.3600,-13.5800,-1.2064,0.1149,-0.4644,0
294924,8.7440,-7.7626,0.6678,7.8400,-36.7500,-13.3000,0.2681,-1.2567,-0.4548,0
294963,8.1168,-8.9857,-1.2064,3.8500,-10.9200,-11.8300,0.1317,-0.3734,-0.4045,0
295002,7.2862,-8.4113,-0.0287,-3.0100,7.4200,-10.4300,-0.1029,0.2537,-0.3567,0
295041,6.6783,-7.4490,-0.5290,30.5200,-3.1500,-13.5100,1.0436,-0.1077,-0.4620,0
295080,6.9559,-7.9660,-1.4242,57.4000,-11.5500,-9.2400,1.9628,-0.3950,-0.3160,0
295119,6.8027,-8.1599,-0.5793,63.9800,-1.1900,-9.3800,2.1878,-0.0407,-0.3207,0
295158,5.3019,-9.0623,-1.0245,71.4000,17.6400,-13.8600,2.4415,0.6032,-0.4739,0
295197,4.2463,-5.9841,0.1005,105.4900,1.4000,-8.9600,3.6072,0.0479,-0.3064,0
295236,6.0128,-4.5671,0.2059,106.2600,-38.5000,16.1700,3.6335,-1.3165,0.5529,0
295275,8.1839,-4.5814,0.0048,93.7300,-39.6900,35.9800,3.2051,-1.3572,1.2303,0
295314,8.1168,-5.4934,-0.5075,46.2700,-36.4700,37.8700,1.5822,-1.2471,1.2950,0
295353,7.8081,-5.1320,-0.1388,32.3400,-63.9100,43.5400,1.1059,-2.1854,1.4888,0
295392,8.3251,-4.3373,0.9934,15.1900,-83.2300,73.4300,0.5194,-2.8460,2.5109,0
295431,7.9541,-5.8477,2.4367,8.8200,-72.6600,118.1600,0.3016,-2.4846,4.0405,0
295470,6.5610,-8.2916,2.4559,14.3500,-83.0900,106.8900,0.4907,-2.8413,3.6551,0
295509,6.2785,-10.0030,0.0766,10.2900,-114.8700,58.6600,0.3519,-3.9280,2.0059,0
295548,6.9057,-9.7972,-1.9819,33.3200,-133.0000,41.9300,1.1394,-4.5479,1.4338,0
295587,5.8931,-10.6469,-1.2662,44.6600,-139.7900,51.5900,1.5271,-4.7801,1.7641,0
295626,5.7328,-10.3740,-1.0436,32.2000,-142.6600,22.0500,1.1011,-4.8782,0.7540,0
295665,5.6035,-8.5214,-2.5971,68.7400,-149.5200,5.3900,2.3506,-5.1128,0.1843,0
295704,4.3923,-7.4562,-1.9460,69.3700,-146.1600,4.1300,2.3721,-4.9979,0.1412,0
295743,4.4258,-7.3724,-2.6665,54.4600,-143.0100,6.6500,1.8623,-4.8902,0.2274,0
295782,3.6958,-7.3963,-2.6905,63.9100,-128.8700,12.6000,2.1854,-4.4067,0.4309,0
295821,3.8155,-6.5275,-2.6139,53.0600,-116.3400,14.2100,1.8144,-3.9782,0.4859,0
295860,4.7442,-6.4916,-1.8838,46.5500,-107.8700,18.8300,1.5918,-3.6886,0.6439,0
295899,5.1990,-8.2102,-2.2931,23.1000,-96.8800,31.5700,0.7899,-3.3128,1.0795,0
295938,4.0788,-9.1174,-2.6186,11.6200,-72.0300,22.5400,0.3973,-2.4631,0.7708,0
295977,2.6522,-8.1982,-1.9029,8.6100,-70.0000,5.9500,0.2944,-2.3936,0.2035,0
296016,2.5827,-8.7105,-2.8317,4.9000,-75.6700,-9.3800,0.1676,-2.5875,-0.3207,0
296055,2.8389,-10.4267,-4.4665,2.3800,-62.4400,-50.8200,0.0814,-2.1351,-1.7378,0
296094,2.6665,-10.1634,-5.8309,8.4700,-43.4000,-84.3500,0.2896,-1.4841,-2.8843,0
296133,0.6654,-7.3269,-4.0788,33.2500,-56.7000,-105.6300,1.1370,-1.9388,-3.6120,0
296172,3.7652,-5.9482,-3.1740,38.3600,-70.0000,-129.7800,1.3117,-2.3936,-4.4378,0
296211,14.9531,-9.1652,-5.7399,80.7800,-61.6000,-123.4100,2.7623,-2.1064,-4.2200,0
296250,8.9474,-4.7586,-0.2992,71.6800,6.0200,-66.0800,2.4511,0.2059,-2.2596,0
296289,6.9775,-5.1463,0.7540,10.5700,11.9700,-54.3200,0.3614,0.4093,-1.8575,0
296328,6.2426,-7.4706,2.3075,18.2000,11.2700,-33.8800,0.6223,0.3854,-1.1585,0
296367,3.7245,-6.2881,-0.5410,43.4700,7.0000,-39.4100,1.4865,0.2394,-1.3476,0
296406,5.6514,-5.3977,-1.3811,64.3300,-5.7400,-21.1400,2.1998,-0.1963,-0.7229,0
296445,11.7432,-7.2264,-0.5793,61.9500,16.3800,-7.3500,2.1184,0.5601,-0.2513,0
296484,9.3424,-4.4282,-0.3614,10.5000,19.1100,-12.8100,0.3590,0.6535,-0.4380,0
296523,8.7416,-9.4381,0.1939,-46.3400,7.8400,0.7000,-1.5846,0.2681,0.0239,0
296562,8.8852,-7.6142,-0.5362,-10.6400,-27.3000,-21.7000,-0.3638,-0.9335,-0.7420,0
296601,7.1019,-7.7650,-2.7647,-9.8000,-21.9800,-17.2900,-0.3351,-0.7516,-0.5912,0
296640,6.7549,-7.3126,-0.9575,-18.1300,-34.0200,-16.0300,-0.6200,-1.1633,-0.5481,0
296679,6.3527,-7.0612,-1.6516,16.7300,-25.6200,-12.6000,0.5721,-0.8761,-0.4309,0
296718,6.7261,-5.2540,-1.5032,55.2300,10.2200,-5.8800,1.8886,0.3495,-0.2011,0
296757,7.0038,-5.7040,-3.1620,71.1200,34.7900,-16.1000,2.4319,1.1896,-0.5505,0
296796,6.0583,-5.2277,-3.5402,82.7400,63.1400,-41.7200,2.8293,2.1591,-1.4266,0
296835,4.4905,-4.5048,-3.2123,60.9700,97.0900,-37.5900,2.0849,3.3200,-1.2854,0
296874,4.7801,-3.9304,-1.1442,21.8400,114.8000,-14.4900,0.7468,3.9256,-0.4955,0
296913,8.1288,-8.3203,1.7904,39.2000,72.5900,8.7500,1.3404,2.4822,0.2992,0
296952,9.1581,-9.0791,5.4048,76.3700,13.2300,-0.4900,2.6115,0.4524,-0.0168,0
296991,8.7655,-2.8795,4.9883,-30.0300,-7.4900,9.8700,-1.0269,-0.2561,0.3375,0
297030,6.7692,-0.8282,6.7429,-58.5200,-38.5700,47.5300,-2.0011,-1.3189,1.6253,0
297069,8.7535,-5.1224,7.5974,-40.4600,-103.1800,77.8400,-1.3835,-3.5282,2.6617,0
297108,12.1836,-10.7355,7.1354,-2.0300,-103.3200,82.4600,-0.0694,-3.5330,2.8197,0
297147,6.4700,-6.8099,2.6809,-100.3800,-115.6400,33.0400,-3.4325,-3.9543,1.1298,0
297186,8.3634,-7.0780,0.6319,-52.8500,-121.8700,61.3900,-1.8072,-4.1673,2.0992,0
297225,6.9535,-6.4963,-0.9144,-57.1200,-63.2800,79.7300,-1.9532,-2.1639,2.7264,0
297264,5.9721,-6.9272,-0.2011,-36.2600,-34.7900,105.4200,-1.2399,-1.1896,3.6048,0
297303,5.3761,-7.7434,-0.3375,18.9000,-24.1500,96.6700,0.6463,-0.8258,3.3056,0
297342,4.7992,-8.1288,-1.4410,59.9900,3.8500,69.6500,2.0513,0.1317,2.3817,0
297381,3.2506,-5.5461,-0.8617,56.9800,32.8300,13.2300,1.9484,1.1226,0.4524,0
297420,1.8670,-5.0961,-1.6205,-26.6000,55.9300,-29.1200,-0.9096,1.9125,-0.9958,0
297459,2.1399,-4.8519,-1.0173,-102.0600,54.1800,-73.8500,-3.4899,1.8527,-2.5253,0
297498,2.8221,-4.8519,-1.7785,-173.8800,60.1300,-121.3100,-5.9458,2.0561,-4.1482,0
297537,9.0934,-7.1450,-2.7264,-146.7900,65.5200,-125.3000,-5.0195,2.2404,-4.2846,0
297576,13.6844,-12.4062,-4.1817,-116.9000,83.7200,-28.9100,-3.9974,2.8628,-0.9886,0
297615,6.2833,-11.8150,-0.8928,-116.9700,112.8400,-47.9500,-3.9998,3.8585,-1.6396,0
297654,7.4969,-4.5359,5.5437,-73.0800,107.3100,-65.9400,-2.4990,3.6695,-2.2548,0
297693,11.1185,-2.6569,-1.0197,-47.8100,63.9800,-26.3900,-1.6349,2.1878,-0.9024,0
297732,10.2567,-3.6599,-3.8873,-83.6500,99.1900,-17.7800,-2.8604,3.3918,-0.6080,0
297771,9.1485,-5.3833,-3.5163,-116.9000,151.4800,2.1000,-3.9974,5.1798,0.0718,0
297810,10.5464,-4.6700,-2.2452,-155.8900,120.3300,13.2300,-5.3306,4.1147,0.4524,0
297849,12.9017,-5.0386,-3.1955,-179.5500,160.8600,-3.3600,-6.1397,5.5006,-0.1149,0
297888,8.4855,-4.9237,-3.4085,-182.2800,142.5900,-5.8100,-6.2330,4.8758,-0.1987,0
297927,6.6352,-6.4820,-3.8657,-211.3300,107.1000,1.0500,-7.2264,3.6623,0.0359,0
297966,7.0253,-7.6836,-3.4373,-180.5300,88.1300,7.9100,-6.1732,3.0136,0.2705,0
298005,6.9104,-7.2527,-2.4774,-127.9600,78.1200,11.6200,-4.3756,2.6713,0.3973,0
298044,6.9272,-5.9314,-2.2261,-112.3500,93.0300,9.5900,-3.8418,3.1811,0.3279,0
298083,5.5485,-5.8357,-3.3319,-105.7000,104.7900,8.7500,-3.6144,3.5833,0.2992,0
298122,4.1554,-7.1330,-2.4104,-106.6800,101.6400,17.8500,-3.6479,3.4756,0.6104,0
298161,4.9524,-6.5897,-0.1388,-100.5900,71.8900,32.6900,-3.4397,2.4583,1.1178,0
298200,5.8572,-7.1977,-1.3572,-84.5600,58.1700,38.7800,-2.8915,1.9891,1.3261,0
298239,7.8751,-8.8828,1.7474,-78.6100,38.5000,41.3700,-2.6881,1.3165,1.4146,0
298278,10.0700,-6.4413,0.9862,-82.1800,88.2700,50.5400,-2.8101,3.0184,1.7282,0
298317,6.9104,-3.1835,-1.3931,-75.5300,70.9800,49.9100,-2.5827,2.4272,1.7067,0
298356,6.4916,-6.6878,0.4428,-75.9500,15.1200,61.4600,-2.5971,0.5170,2.1016,0
298395,4.4474,-6.3192,-1.0700,-59.6400,12.4600,83.0200,-2.0394,0.4261,2.8389,0
298434,4.9931,-6.8291,-0.4835,-57.3300,37.8000,94.6400,-1.9604,1.2926,3.2362,0
298473,5.4934,-9.0456,-1.2351,-57.2600,71.6800,70.1400,-1.9580,2.4511,2.3984,0
298512,3.7748,-8.6530,-0.7708,-81.1300,83.7200,18.4800,-2.7742,2.8628,0.6319,0
298551,3.0040,-7.3150,-1.6396,-58.5200,70.0000,-17.4300,-2.0011,2.3936,-0.5960,0
298590,9.7469,-9.4597,-1.6396,-75.4600,47.6700,-3.9900,-2.5803,1.6301,-0.1364,0
298629,7.2767,-12.4110,-1.5152,-97.3000,86.1000,21.7700,-3.3272,2.9442,0.7444,0
298668,5.7639,-9.4788,3.3511,-29.0500,73.4300,21.9800,-0.9934,2.5109,0.7516,0
298707,9.0982,-7.6644,-0.8426,-27.7900,74.7600,20.3000,-0.9503,2.5564,0.6942,0
298746,2.6043,-7.9110,-3.8274,-60.1300,161.0000,-29.6100,-2.0561,5.5054,-1.0125,0
298785,1.0867,-4.4330,1.5367,-74.9000,87.1500,-65.6600,-2.5612,2.9801,-2.2452,0
298824,9.4429,-11.6498,-5.4240,-14.2100,-15.8200,-38.8500,-0.4859,-0.5410,-1.3285,0
298863,3.9591,-13.7515,0.7444,-57.4700,118.1600,-56.0700,-1.9652,4.0405,-1.9173,0
298902,5.5102,-7.5448,-1.5559,-46.8300,117.7400,-152.0400,-1.6013,4.0261,-5.1990,0
298941,8.7129,-3.7556,0.0957,77.2100,53.3400,-113.4700,2.6402,1.8240,-3.8801,0
298980,12.5187,0.5817,-0.4979,35.2100,64.8900,47.0400,1.2040,2.2189,1.6085,0
299019,8.0881,-2.5373,-1.4338,-174.3000,130.5500,30.8700,-5.9602,4.4641,1.0556,0
299058,4.6844,-5.1200,1.0245,-159.0400,129.2200,77.4200,-5.4383,4.4187,2.6474,0
299097,0.0263,-6.4963,-5.4766,-115.0800,128.8700,111.2300,-3.9351,4.4067,3.8035,0
299136,0.8928,-9.6703,-2.9298,-49.2800,122.9900,88.6200,-1.6851,4.2056,3.0303,0
299175,5.6322,-6.2737,-1.3739,24.9900,145.1100,-93.7300,0.8545,4.9620,-3.2051,0
299214,9.2945,0.7277,5.8477,25.5500,110.3900,-121.8700,0.8737,3.7748,-4.1673,0
299253,7.5304,2.9370,-0.3136,29.8900,130.6200,28.7000,1.0221,4.4665,0.9814,0
299292,-0.8737,-3.8777,-7.2432,-96.6000,173.1100,80.9900,-3.3032,5.9195,2.7694,0
299331,0.4500,-8.1168,-1.8168,-60.4100,139.6500,44.0300,-2.0657,4.7753,1.5056,0
299370,3.3583,-9.3950,2.2931,-16.3800,93.0300,1.6100,-0.5601,3.1811,0.0551,0
299409,6.1900,-11.6546,0.7013,53.2000,89.6700,42.2800,1.8192,3.0663,1.4458,1
299448,5.3282,-10.2137,-1.7785,95.3400,108.4300,68.9500,3.2601,3.7077,2.3577,0
299487,7.5304,-9.5626,0.0886,214.4100,140.9100,61.3900,7.3317,4.8184,2.0992,0
299526,11.5373,-8.9139,6.7788,194.8800,156.6600,60.7600,6.6639,5.3570,2.0777,0
299565,3.9495,-5.4599,7.4801,157.5700,252.7000,39.5500,5.3881,8.6410,1.3524,0
299604,-12.9065,-13.8185,22.6247,156.8000,242.2700,19.8100,5.3618,8.2844,0.6774,0
299643,-19.3478,-3.6479,19.2784,206.7800,92.4000,61.2500,7.0708,3.1596,2.0944,0
299682,-17.6722,7.6908,17.6507,177.5900,-78.0500,100.1000,6.0727,-2.6689,3.4229,0
299721,-12.4206,15.2140,15.3744,80.9200,-147.5600,55.6500,2.7670,-5.0458,1.9029,0
299760,-4.8663,12.3177,10.5679,-49.0700,-139.3000,30.3800,-1.6779,-4.7633,1.0388,0
299799,0.8665,4.3229,4.2367,-141.5400,-74.8300,28.4200,-4.8399,-2.5588,0.9718,0
299838,3.0974,-2.8460,2.0705,-151.4100,-51.0300,19.3200,-5.1774,-1.7450,0.6606,0
299877,4.2152,-4.4211,0.1963,-81.2000,45.0100,4.1300,-2.7766,1.5391,0.1412,0
299916,0.1819,-1.0125,0.7205,-81.5500,2.0300,-5.5300,-2.7886,0.0694,-0.1891,0
299955,-1.3811,0.2801,-3.3152,-23.7300,13.4400,-11.6200,-0.8114,0.4596,-0.3973,0
299994,-4.9740,1.4697,2.1399,6.5100,44.3100,-22.8200,0.2226,1.5152,-0.7803,0
300033,-4.9333,-0.5697,7.5974,-13.4400,-5.9500,-6.8600,-0.4596,-0.2035,-0.2346,0
300072,0.5601,-7.2551,15.7980,0.0700,-8.4700,69.3000,0.0024,-0.2896,2.3697,0
300111,0.3160,-6.2618,19.1946,59.9900,68.3900,60.2000,2.0513,2.3386,2.0585,0
300150,-3.7365,-0.7420,15.5946,44.1000,54.6000,11.8300,1.5080,1.8670,0.4045,0
300189,-5.0099,1.0891,13.3637,-2.8700,33.1100,-11.1300,-0.0981,1.1322,-0.3806,0
300228,-5.5963,-1.1561,12.5546,-32.3400,2.5200,-13.3000,-1.1059,0.0862,-0.4548,0
300267,-3.0351,-4.3229,8.1216,-62.4400,18.1300,-2.7300,-2.1351,0.6200,-0.0934,0
300306,-0.0215,-5.0027,5.2397,-41.7200,6.0200,-3.9900,-1.4266,0.2059,-0.1364,0
300345,0.6008,-3.2745,5.7136,-36.5400,36.5400,-5.0400,-1.2495,1.2495,-0.1723,0
300384,-0.8785,-1.7162,5.2229,-26.4600,47.6700,4.1300,-0.9048,1.6301,0.1412,0
300423,-2.5444,-2.7647,6.1876,-50.1900,40.5300,9.2400,-1.7162,1.3859,0.3160,0
300462,-4.1003,-5.1727,6.8745,-30.2400,39.4100,14.4200,-1.0341,1.3476,0.4931,0
300501,-4.7490,-7.1642,8.4304,-14.6300,-6.9300,5.9500,-0.5003,-0.2370,0.2035,0
300540,-3.8921,-7.2288,8.5932,4.4800,0.2100,6.0200,0.1532,0.0072,0.2059,0
300579,-4.0237,-6.1804,8.9714,10.7800,-4.0600,5.4600,0.3686,-0.1388,0.1867,0
300618,-3.6838,-4.7011,8.7057,5.6700,-0.4200,3.8500,0.1939,-0.0144,0.1317,0
300657,-3.6024,-4.0931,8.1384,4.0600,3.5700,2.8700,0.1388,0.1221,0.0981,0
300696,-3.8849,-4.0070,7.7937,1.5400,2.5900,-0.2100,0.0527,0.0886,-0.0072,0
300735,-3.7030,-4.1218,7.5136,2.1700,-3.3600,-2.1700,0.0742,-0.1149,-0.0742,0
300774,-3.5330,-4.2870,7.4346,5.0400,-3.7100,-1.7500,0.1723,-0.1269,-0.0598,0
300813,-3.5043,-4.3804,7.5831,4.9000,-8.4000,-3.5000,0.1676,-0.2872,-0.1197,0
300852,-3.7006,-4.5742,7.8679,9.8700,-13.3700,-5.0400,0.3375,-0.4572,-0.1723,0
300891,-3.5641,-4.4426,8.3442,18.2000,-20.7200,-4.4100,0.6223,-0.7085,-0.1508,0
300930,-3.1500,-4.3756,9.0025,8.6100,-12.6000,-1.3300,0.2944,-0.4309,-0.0455,0
300969,-2.4726,-4.1913,9.0192,3.2900,-15.6800,-1.7500,0.1125,-0.5362,-0.0598,0
301008,-2.3099,-4.0309,8.4902,4.0600,-13.8600,-0.7700,0.1388,-0.4739,-0.0263,0
301047,-2.2811,-4.2726,8.4663,-0.8400,-9.2400,-1.1900,-0.0287,-0.3160,-0.0407,0
301086,-1.6851,-4.2343,7.9708,3.9900,-8.1900,-0.1400,0.1364,-0.2801,-0.0048,0
301125,-1.4410,-3.9160,8.1503,3.2200,0.6300,1.8200,0.1101,0.0215,0.0622,0
301164,-1.6133,-3.4660,8.3610,-0.2800,5.2500,2.3800,-0.0096,0.1795,0.0814,0
301203,-2.2907,-3.5641,8.5644,-1.6800,7.0000,1.2600,-0.0574,0.2394,0.0431,0
301242,-2.4391,-4.2296,8.6698,-5.3200,6.8600,-0.0700,-0.1819,0.2346,-0.0024,0
301281,-2.5468,-4.4522,8.4759,-12.8100,21.1400,1.4000,-0.4380,0.7229,0.0479,0
301320,-2.7718,-4.2846,7.9493,4.9700,14.5600,4.3400,0.1699,0.4979,0.1484,0
301359,-4.1673,-4.4234,8.9522,-1.5400,16.8700,-0.9100,-0.0527,0.5769,-0.0311,0
301398,-3.7963,-4.7155,8.4089,0.9800,10.0100,-5.8100,0.0335,0.3423,-0.1987,0
301437,-3.5474,-4.8758,8.2054,0.7700,12.0400,-3.8500,0.0263,0.4117,-0.1317,0
301476,-3.4564,-4.5719,7.7889,-1.7500,4.2000,-1.3300,-0.0598,0.1436,-0.0455,0
301515,-3.3726,-4.3971,7.6716,-6.1600,-4.5500,0.0700,-0.2106,-0.1556,0.0024,0
301554,-3.0998,-4.1841,8.1432,-1.8200,-12.2500,1.5400,-0.0622,-0.4189,0.0527,0
301593,-2.9394,-4.2104,8.2054,2.3100,-3.5700,3.5700,0.0790,-0.1221,0.1221,0
301632,-3.0088,-4.2367,8.2293,0.7700,-2.8700,3.2200,0.0263,-0.0981,0.1101,0
301671,-2.9681,-4.2367,8.3179,-0.7700,-7.4200,1.6800,-0.0263,-0.2537,0.0574,0
301710,-2.8795,-4.3612,8.5214,-3.0100,-7.8400,0.9100,-0.1029,-0.2681,0.0311,0
301749,-2.6091,-4.3325,8.4615,-1.4700,-3.9200,0.4200,-0.0503,-0.1340,0.0144,0
301788,-2.5564,-4.2703,8.3490,-1.7500,0.9100,0.0700,-0.0598,0.0311,0.0024,0
301827,-2.9585,-4.2272,8.4089,2.7300,2.7300,-1.8900,0.0934,0.0934,-0.0646,0
301866,-3.1500,-4.4187,8.1288,1.4700,1.8900,-2.0300,0.0503,0.0646,-0.0694,0
301905,-2.8987,-4.3971,8.0187,1.0500,-1.8900,-0.4200,0.0359,-0.0646,-0.0144,0
301944,-2.9083,-4.1530,8.0211,-1.4000,-0.7700,1.1200,-0.0479,-0.0263,0.0383,0
301983,-3.2099,-4.3062,8.1839,-3.7800,-1.8900,0.7000,-0.1293,-0.0646,0.0239,0
302022,-3.1285,-4.6604,8.2245,-2.8700,-1.9600,0.9100,-0.0981,-0.0670,0.0311,0
302061,-2.7024,-4.7897,8.1982,1.8900,-2.3100,2.3800,0.0646,-0.0790,0.0814,0
302100,-2.8341,-4.4258,8.2724,3.6400,1.6100,2.7300,0.1245,0.0551,0.0934,0
302139,-3.1835,-4.2918,8.2102,3.9900,7.4900,1.9600,0.1364,0.2561,0.0670,0
302178,-3.2051,-4.3277,8.2437,2.5900,6.4400,1.2600,0.0886,0.2202,0.0431,0
302217,-2.9442,-4.2966,8.2365,0.0000,-3.7800,0.6300,0.0000,-0.1293,0.0215,0
302256,-2.8365,-4.2607,8.3299,1.3300,16.1000,2.5200,0.0455,0.5505,0.0862,0
302295,-3.0327,-4.0931,8.4089,2.5900,-1.4700,2.4500,0.0886,-0.0503,0.0838,0
302334,-2.7623,-4.2343,8.0737,-0.6300,-7.7000,1.4000,-0.0215,-0.2633,0.0479,0
302373,-2.7048,-4.4713,8.0498,-3.4300,-0.2800,1.8900,-0.1173,-0.0096,0.0646,0
302412,-3.0423,-4.3540,8.4376,-2.1700,-4.7600,0.9800,-0.0742,-0.1628,0.0335,0
302451,-3.1668,-4.1147,8.3753,-0.9800,-8.2600,-0.4200,-0.0335,-0.2824,-0.0144,0
302490,-3.4062,-4.2703,8.3586,-0.2800,-2.1700,-1.1900,-0.0096,-0.0742,-0.0407,0
302529,-3.1309,-4.3349,8.2245,1.9600,-4.4800,-1.4700,0.0670,-0.1532,-0.0503,0
302568,-2.8532,-4.4761,8.1623,1.6100,-7.7700,-1.1200,0.0551,-0.2657,-0.0383,0
302607,-2.8724,-4.4881,8.0378,-0.9800,-2.2400,-0.4200,-0.0335,-0.0766,-0.0144,0
302646,-2.8317,-4.5000,8.2628,0.2800,-2.1700,-0.7000,0.0096,-0.0742,-0.0239,0
302685,-2.8365,-4.3971,8.3801,1.4000,-2.1700,-0.4900,0.0479,-0.0742,-0.0168,0
302724,-2.7359,-4.3660,8.3107,2.1700,-3.1500,-0.2800,0.0742,-0.1077,-0.0096,0
302763,-2.7072,-4.2296,8.3299,2.9400,-3.4300,-0.4900,0.1005,-0.1173,-0.0168,0
302802,-2.6857,-4.2008,8.3155,1.9600,-2.8700,-0.6300,0.0670,-0.0981,-0.0215,0
302841,-2.8149,-4.3780,8.3418,1.1900,-0.7000,-0.6300,0.0407,-0.0239,-0.0215,0
302880,-2.8125,-4.4450,8.2940,0.4200,-0.4900,-0.5600,0.0144,-0.0168,-0.0191,0
302919,-2.8365,-4.4953,8.1862,1.1900,-1.7500,-0.0700,0.0407,-0.0598,-0.0024,0
302958,-2.7862,-4.4641,8.1695,2.1000,-1.1900,0.4900,0.0718,-0.0407,0.0168,0
302997,-2.7383,-4.1530,8.3323,2.2400,-3.1500,0.2800,0.0766,-0.1077,0.0096,0
303036,-2.7814,-4.1961,8.3682,-2.3100,-1.5400,0.4200,-0.0790,-0.0527,0.0144,0
303075,-2.8484,-4.2990,8.3897,0.0700,-2.3100,0.9100,0.0024,-0.0790,0.0311,0
303114,-2.7048,-4.4187,8.3658,-0.2100,-2.8700,0.0700,-0.0072,-0.0981,0.0024,0
303153,-2.5373,-4.4043,8.3753,0.5600,-0.7700,-0.0700,0.0191,-0.0263,-0.0024,0
303192,-2.5803,-4.2583,8.3370,1.1200,-0.5600,0.5600,0.0383,-0.0191,0.0191,0
303231,-2.6139,-4.2990,8.4400,0.4200,-0.4900,0.4900,0.0144,-0.0168,0.0168,0
303270,-2.4942,-4.1961,8.3777,3.0800,-1.8200,0.7000,0.1053,-0.0622,0.0239,0
303309,-2.6617,-4.2104,8.5309,1.8900,-1.2600,0.4900,0.0646,-0.0431,0.0168,0
303348,-2.9226,-4.3229,8.4113,1.4700,-0.9100,0.1400,0.0503,-0.0311,0.0048,0
303387,-2.9059,-4.3445,8.3347,5.6000,-6.3000,-1.1900,0.1915,-0.2154,-0.0407,0
303426,-2.7862,-4.3349,8.3227,2.9400,-2.8000,-0.3500,0.1005,-0.0957,-0.0120,0
303465,-2.6737,-4.3732,8.2006,-0.9800,-1.7500,-0.1400,-0.0335,-0.0598,-0.0048,0
303504,-2.6905,-4.3492,8.3586,0.0700,-0.7700,0.0700,0.0024,-0.0263,0.0024,0
303543,-2.5971,-4.2439,8.3299,1.6800,-1.8900,0.7000,0.0574,-0.0646,0.0239,0
303582,-2.4224,-4.3109,8.3873,-0.4900,-3.0100,0.9800,-0.0168,-0.1029,0.0335,0
303621,-2.4894,-4.2176,8.5549,0.2100,0.7000,0.8400,0.0072,0.0239,0.0287,0
303660,-2.5636,-4.0812,8.4304,0.3500,1.1900,1.0500,0.0120,0.0407,0.0359,0
303699,-2.6043,-4.1362,8.4256,-1.1900,-0.2100,0.9100,-0.0407,-0.0072,0.0311,0
303738,-2.4391,-4.2152,8.4160,0.1400,-1.5400,0.9800,0.0048,-0.0527,0.0335,0
303777,-2.6450,-4.3373,8.3801,-0.1400,-1.1900,0.6300,-0.0048,-0.0407,0.0215,0
303816,-2.8532,-4.4641,8.3969,-1.4000,5.2500,1.1900,-0.0479,0.1795,0.0407,0
303855,-2.8724,-4.3397,8.3059,1.0500,1.3300,0.8400,0.0359,0.0455,0.0287,0
303894,-2.8030,-4.2391,8.3945,0.9800,0.4200,0.2800,0.0335,0.0144,0.0096,0
303933,-2.7479,-4.2343,8.3634,-0.2100,1.7500,0.5600,-0.0072,0.0598,0.0191,0
303972,-2.6617,-4.3229,8.3275,0.1400,-0.9800,0.7000,0.0048,-0.0335,0.0239,0
304011,-2.5995,-4.3516,8.3011,-0.4200,2.3100,1.6800,-0.0144,0.0790,0.0574,0
304050,-2.4248,-3.9902,8.5908,3.0800,-2.8000,1.1200,0.1053,-0.0957,0.0383,0
304089,-2.7647,-4.0500,8.6554,0.4200,-0.2100,0.8400,0.0144,-0.0072,0.0287,0
304128,-2.7647,-4.2008,8.4543,0.2800,-0.2100,-0.2800,0.0096,-0.0072,-0.0096,0
304167,-2.6833,-4.2415,8.4448,-2.1700,3.0100,-0.5600,-0.0742,0.1029,-0.0191,0
304206,-2.7335,-4.2463,8.3873,-0.1400,-0.2100,-0.8400,-0.0048,-0.0072,-0.0287,0
304245,-2.6785,-4.3349,8.3035,0.1400,-1.1200,-0.9100,0.0048,-0.0383,-0.0311,0
304284,-2.6210,-4.3995,8.2724,0.1400,-1.6100,-0.6300,0.0048,-0.0551,-0.0215,0
304323,-2.7192,-4.2631,8.3394,2.1000,-1.9600,-0.0700,0.0718,-0.0670,-0.0024,0
304362,-2.7479,-4.2080,8.4304,2.5900,-2.6600,0.0700,0.0886,-0.0910,0.0024,0
304401,-2.6737,-4.3038,8.4543,2.1000,-2.8700,-0.1400,0.0718,-0.0981,-0.0048,0
304440,-2.6354,-4.3133,8.4376,0.7000,-0.9100,-0.4200,0.0239,-0.0311,-0.0144,0
304479,-2.6474,-4.3708,8.3706,-0.3500,-0.4200,-0.7000,-0.0120,-0.0144,-0.0239,0
304518,-2.6593,-4.2200,8.2868,2.5200,-2.3800,-0.4200,0.0862,-0.0814,-0.0144,0
304557,-2.7240,-4.1506,8.3586,2.3800,-3.0800,0.0000,0.0814,-0.1053,0.0000,0
304596,-2.6426,-4.2631,8.4256,0.7700,-2.3100,0.5600,0.0263,-0.0790,0.0191,0
304635,-2.4726,-4.2224,8.3993,1.1200,-2.6600,0.6300,0.0383,-0.0910,0.0215,0
304674,-2.4894,-4.2439,8.4352,0.6300,-1.6100,0.4200,0.0215,-0.0551,0.0144,0
304713,-2.4750,-4.1793,8.5932,1.4700,-2.4500,0.3500,0.0503,-0.0838,0.0120,0
304752,-2.4678,-4.1697,8.5956,0.0700,-1.1900,0.5600,0.0024,-0.0407,0.0191,0
304791,-2.5636,-4.2224,8.4256,-2.1700,1.7500,0.5600,-0.0742,0.0598,0.0191,0
304830,-2.6737,-4.1554,8.4424,-1.4700,1.5400,0.0700,-0.0503,0.0527,0.0024,0
304869,-2.7718,-4.2679,8.3562,-1.2600,2.1000,-0.2100,-0.0431,0.0718,-0.0072,0
304908,-2.6402,-4.4187,8.2509,1.2600,-0.4200,-0.3500,0.0431,-0.0144,-0.0120,0
304947,-2.6498,-4.2655,8.3394,-0.3500,-0.8400,0.3500,-0.0120,-0.0287,0.0120,0
304986,-2.5588,-4.2439,8.5166,1.0500,-2.1700,1.1900,0.0359,-0.0742,0.0407,0
305025,-2.4990,-4.1913,8.4759,1.8200,-2.9400,1.2600,0.0622,-0.1005,0.0431,0
305064,-2.4607,-4.1841,8.5190,1.1900,-1.0500,0.8400,0.0407,-0.0359,0.0287,0
305103,-2.5181,-4.1697,8.5238,0.7700,0.4200,0.1400,0.0263,0.0144,0.0048,0
305142,-2.5636,-4.2511,8.3945,-1.5400,2.5900,-0.0700,-0.0527,0.0886,-0.0024,0
305181,-2.6976,-4.2559,8.4400,-0.7700,1.7500,0.0000,-0.0263,0.0598,0.0000,0
305220,-2.7144,-4.2415,8.3370,-0.4900,1.1900,0.5600,-0.0168,0.0407,0.0191,0
305259,-2.7192,-4.4019,8.3394,-1.0500,-0.1400,1.0500,-0.0359,-0.0048,0.0359,0
305298,-2.6234,-4.2846,8.4017,-0.9800,-0.6300,1.1200,-0.0335,-0.0215,0.0383,0
305337,-2.7647,-4.3109,8.4184,0.1400,-3.8500,0.1400,0.0048,-0.1317,0.0048,0
305376,-2.5756,-4.3612,8.4974,3.4300,-3.2900,0.7700,0.1173,-0.1125,0.0263,0
305415,-2.3386,-4.2415,8.3921,0.7000,1.4700,1.7500,0.0239,0.0503,0.0598,0
305454,-2.4272,-4.0788,8.3514,0.7000,0.5600,0.4900,0.0239,0.0191,0.0168,0
305493,-2.5397,-4.1625,8.3730,-0.7000,3.0100,0.5600,-0.0239,0.1029,0.0191,0
305532,-2.7359,-4.1889,8.4998,-0.7700,3.2200,0.9100,-0.0263,0.1101,0.0311,0
305571,-2.9250,-4.1817,8.5477,0.2100,0.7700,0.4200,0.0072,0.0263,0.0144,0
305610,-2.8484,-4.2487,8.4232,0.6300,-1.4700,0.1400,0.0215,-0.0503,0.0048,0
305649,-2.6162,-4.3181,8.2940,2.6600,-5.4600,0.2800,0.0910,-0.1867,0.0096,0
305688,-2.5899,-4.4306,8.3035,-2.1000,0.4900,0.4900,-0.0718,0.0168,0.0168,0
305727,-2.5325,-4.4091,8.3275,-2.1700,4.0600,0.9800,-0.0742,0.1388,0.0335,0
305766,-2.5349,-4.2559,8.4160,0.6300,0.7700,0.9100,0.0215,0.0263,0.0311,0
305805,-2.7383,-4.1937,8.4519,0.8400,-0.0700,0.2100,0.0287,-0.0024,0.0072,0
305844,-2.6617,-4.2056,8.3945,2.3800,-3.6400,-0.4900,0.0814,-0.1245,-0.0168,0
305883,-2.6186,-4.1913,8.4208,1.9600,-1.7500,0.4200,0.0670,-0.0598,0.0144,0
305922,-2.7048,-4.2320,8.4998,1.8200,-2.6600,0.2800,0.0622,-0.0910,0.0096,0
305961,-2.6569,-4.3708,8.4232,0.1400,1.6100,0.4200,0.0048,0.0551,0.0144,0
306000,-2.5827,-4.3995,8.3035,2.2400,-1.4700,0.1400,0.0766,-0.0503,0.0048,0
306039,-2.5253,-4.2080,8.3275,3.2900,-1.1900,0.9800,0.1125,-0.0407,0.0335,0
306078,-2.6019,-4.1051,8.4950,1.8900,-0.9800,1.0500,0.0646,-0.0335,0.0359,0
306117,-2.6545,-4.1769,8.4376,0.7700,-0.7000,0.4200,0.0263,-0.0239,0.0144,0
306156,-2.6091,-4.1984,8.4711,0.7700,0.4200,0.6300,0.0263,0.0144,0.0215,0
306195,-2.6043,-4.1314,8.4926,1.3300,-0.8400,0.6300,0.0455,-0.0287,0.0215,0
306234,-2.6378,-4.1506,8.4089,-0.7000,0.2800,0.3500,-0.0239,0.0096,0.0120,0
306273,-2.7264,-4.2726,8.4472,-0.2100,0.0000,-0.2800,-0.0072,0.0000,-0.0096,0
306312,-2.6833,-4.3756,8.4017,0.2800,-0.2100,-0.1400,0.0096,-0.0072,-0.0048,0
306351,-2.6186,-4.2487,8.4065,0.9800,-0.0700,0.0700,0.0335,-0.0024,0.0024,0
306390,-2.6881,-4.1266,8.4113,1.0500,-0.9100,0.0000,0.0359,-0.0311,0.0000,0
306429,-2.5923,-4.0979,8.3945,1.3300,-1.6800,0.0700,0.0455,-0.0574,0.0024,0
306468,-2.5612,-4.1482,8.5597,7.0700,-0.4200,0.6300,0.2418,-0.0144,0.0215,0
306507,-2.6378,-4.1171,8.3753,9.5200,0.4900,0.3500,0.3255,0.0168,0.0120,0
306546,-2.7647,-4.0979,8.6171,3.2200,1.8200,-0.4900,0.1101,0.0622,-0.0168,0
306585,-2.6545,-4.1625,8.5597,1.4000,-0.7700,-0.4200,0.0479,-0.0263,-0.0144,0
306624,-2.5540,-4.1027,8.4998,0.7700,-2.5900,-0.0700,0.0263,-0.0886,-0.0024,0
306663,-2.6162,-4.1051,8.4184,0.1400,-1.1200,0.1400,0.0048,-0.0383,0.0048,0
306702,-2.7144,-4.1003,8.4519,-0.7700,-1.9600,-0.8400,-0.0263,-0.0670,-0.0287,0
306741,-2.5349,-4.2224,8.3945,-1.4700,-1.4700,-0.8400,-0.0503,-0.0503,-0.0287,0
306780,-2.5875,-4.1841,8.5166,-1.5400,-1.3300,-0.6300,-0.0527,-0.0455,-0.0215,0
306819,-2.5014,-4.0357,8.4950,-0.6300,-3.2900,-0.2100,-0.0215,-0.1125,-0.0072,0
306858,-2.5995,-4.1386,8.5166,-1.7500,-0.4900,0.3500,-0.0598,-0.0168,0.0120,0
306897,-2.6234,-4.2463,8.4017,-0.4900,-1.4000,-0.2100,-0.0168,-0.0479,-0.0072,0
306936,-2.4990,-4.1554,8.4113,-0.0700,-1.4000,-0.2800,-0.0024,-0.0479,-0.0096,0
306975,-2.5803,-4.1242,8.4974,0.7700,-1.4700,0.4900,0.0263,-0.0503,0.0168,0
307014,-2.6545,-4.0835,8.4855,0.9800,-2.1700,0.7700,0.0335,-0.0742,0.0263,0
307053,-2.5420,-4.2080,8.4017,-0.7700,-0.7000,0.6300,-0.0263,-0.0239,0.0215,0
307092,-2.4463,-4.2463,8.4759,-0.1400,-0.4900,0.7000,-0.0048,-0.0168,0.0239,0
307131,-2.5157,-4.1937,8.5190,-17.6400,1.1200,0.5600,-0.6032,0.0383,0.0191,0
307170,-2.4631,-4.1578,8.4687,-1.4700,1.1200,1.1900,-0.0503,0.0383,0.0407,0
307209,-2.3936,-3.9806,8.4998,-1.8900,3.0100,1.7500,-0.0646,0.1029,0.0598,0
307248,-2.7168,-3.9998,8.4519,-1.1200,1.1900,0.7000,-0.0383,0.0407,0.0239,0
307287,-2.9585,-4.3995,8.4472,0.2100,-1.9600,-0.8400,0.0072,-0.0670,-0.0287,0
307326,-2.6258,-4.5575,8.3682,0.0000,1.4700,-0.4900,0.0000,0.0503,-0.0168,0
307365,-2.4726,-4.2631,8.3777,2.3800,-1.1900,0.6300,0.0814,-0.0407,0.0215,0
307404,-2.6402,-4.0093,8.4041,1.5400,-1.0500,1.4700,0.0527,-0.0359,0.0503,0
307443,-2.6641,-4.0668,8.3777,0.8400,-1.6800,1.1200,0.0287,-0.0574,0.0383,0
307482,-2.4966,-4.2296,8.4711,0.0700,-0.8400,0.6300,0.0024,-0.0287,0.0215,0
307521,-2.4798,-4.1362,8.5644,0.7000,-0.9800,0.4200,0.0239,-0.0335,0.0144,0
307560,-2.5995,-4.0931,8.5980,0.0700,0.5600,0.3500,0.0024,0.0191,0.0120,0
307599,-2.5516,-4.2703,8.3825,-1.0500,1.8200,0.9800,-0.0359,0.0622,0.0335,0
307638,-2.5468,-4.1937,8.3873,-0.3500,0.2800,0.8400,-0.0120,0.0096,0.0287,0
307677,-2.7048,-4.2296,8.4687,-1.1900,1.4000,0.4200,-0.0407,0.0479,0.0144,0
307716,-2.7264,-4.3038,8.4256,-0.4200,1.2600,0.0700,-0.0144,0.0431,0.0024,0
307755,-2.7024,-4.2487,8.4113,0.5600,0.6300,0.5600,0.0191,0.0215,0.0191,0
307794,-2.6881,-4.1314,8.4567,0.3500,-0.4200,0.8400,0.0120,-0.0144,0.0287,0
307833,-2.6641,-4.1386,8.3825,0.2800,-0.7000,0.9100,0.0096,-0.0239,0.0311,0
307872,-2.5899,-4.2128,8.3658,-0.1400,-0.9100,0.9100,-0.0048,-0.0311,0.0311,0
307911,-2.6522,-4.2463,8.3777,0.4900,-0.2800,1.4700,0.0168,-0.0096,0.0503,0
307950,-2.6641,-4.2463,8.4926,0.7000,-1.0500,1.3300,0.0239,-0.0359,0.0455,0
307989,-2.6809,-4.2152,8.4902,1.8200,-0.9800,1.7500,0.0622,-0.0335,0.0598,0
308028,-2.7096,-4.1554,8.4400,-0.4200,-1.6100,0.2100,-0.0144,-0.0551,0.0072,0
308067,-2.5708,-4.2008,8.4998,0.7700,-0.9800,-0.2800,0.0263,-0.0335,-0.0096,0
308106,-2.5803,-4.1578,8.4615,2.0300,-1.4700,-0.4900,0.0694,-0.0503,-0.0168,0
308145,-2.6091,-4.1242,8.4472,1.3300,-1.1200,-0.6300,0.0455,-0.0383,-0.0215,0
308184,-2.6306,-4.1386,8.5094,1.1200,-1.0500,-0.2100,0.0383,-0.0359,-0.0072,0
308223,-2.6210,-4.1889,8.5597,1.0500,-2.1000,0.3500,0.0359,-0.0718,0.0120,0
308262,-2.5708,-4.1147,8.4376,1.4000,-2.0300,0.0700,0.0479,-0.0694,0.0024,0
308301,-2.6115,-4.1458,8.4089,0.2100,-0.4200,-0.7000,0.0072,-0.0144,-0.0239,0
308340,-2.5899,-4.2367,8.3969,0.2100,0.2800,-0.5600,0.0072,0.0096,-0.0191,0
308379,-2.5612,-4.2559,8.4567,0.1400,-0.7000,-0.2100,0.0048,-0.0239,-0.0072,0
308418,-2.6043,-4.2248,8.4448,0.4200,-0.4200,0.1400,0.0144,-0.0144,0.0048,0
308457,-2.6162,-4.1171,8.3777,1.1200,-0.9800,0.0000,0.0383,-0.0335,0.0000,0
308496,-2.5947,-4.2703,8.4352,0.7700,-0.2800,-0.2800,0.0263,-0.0096,-0.0096,0
308535,-2.5971,-4.1721,8.4615,0.8400,-0.2800,-0.2100,0.0287,-0.0096,-0.0072,0
308574,-2.6857,-4.1506,8.4855,0.9800,-0.7000,0.8400,0.0335,-0.0239,0.0287,0
308613,-2.6330,-4.1721,8.4041,0.7700,-2.1000,1.2600,0.0263,-0.0718,0.0431,0
308652,-2.7479,-4.1841,8.4376,0.9800,-2.1000,2.4500,0.0335,-0.0718,0.0838,0
308691,-2.8556,-4.1051,8.5309,1.5400,-3.7800,3.3600,0.0527,-0.1293,0.1149,0
308730,-2.4128,-4.2679,8.4352,0.3500,-6.4400,2.1700,0.0120,-0.2202,0.0742,0
308769,-2.1830,-4.2487,8.4232,3.0100,-4.3400,1.8900,0.1029,-0.1484,0.0646,0
308808,-2.3865,-4.0500,8.6243,2.8000,-2.1000,1.1200,0.0957,-0.0718,0.0383,0
308847,-2.3242,-3.9208,8.5357,0.4200,-0.6300,0.4900,0.0144,-0.0215,0.0168,0
308886,-2.4702,-3.9351,8.6363,-1.0500,3.2200,0.9800,-0.0359,0.1101,0.0335,0
308925,-2.3577,-4.0644,8.7368,-3.4300,3.0100,0.4900,-0.1173,0.1029,0.0168,0
308964,-2.5851,-4.3157,8.6769,-14.2100,8.9600,0.7700,-0.4859,0.3064,0.0263,0
309003,-2.2859,-3.6599,9.5626,-10.8500,12.9500,2.3100,-0.3710,0.4428,0.0790,0
309042,-1.9604,-3.5306,8.1312,-29.7500,39.2700,-1.8200,-1.0173,1.3428,-0.0622,0
309081,-1.9125,-4.7873,6.8769,-20.6500,24.9900,-1.8900,-0.7061,0.8545,-0.0646,0
309120,-3.7101,-5.2205,8.6841,7.2800,15.9600,2.6600,0.2489,0.5457,0.0910,0
309159,-3.9351,-4.8687,8.7823,9.6600,4.9000,4.5500,0.3303,0.1676,0.1556,0
309198,-2.2740,-5.0123,8.2293,16.3800,-0.4200,11.8300,0.5601,-0.0144,0.4045,0
309237,-1.9388,-4.6532,7.8966,12.2500,17.0800,14.4200,0.4189,0.5840,0.4931,0
309276,-2.3697,-3.8801,7.7817,8.8900,24.9200,12.8800,0.3040,0.8521,0.4404,0
309315,-3.1644,-3.7341,7.9900,6.3000,27.8600,13.9300,0.2154,0.9527,0.4763,0
309354,-2.9873,-3.8083,7.8823,-2.1000,39.0600,11.1300,-0.0718,1.3357,0.3806,0
309393,-3.4923,-4.6102,8.0522,-0.4200,55.5800,9.5200,-0.0144,1.9006,0.3255,0
309432,-4.2248,-4.2176,7.9565,-1.6100,65.5900,6.0200,-0.0551,2.2428,0.2059,0
309471,-5.0123,-3.6862,7.7051,11.4100,66.5000,-1.2600,0.3902,2.2740,-0.0431,0
309510,-5.2732,-3.1548,7.1785,10.7100,58.9400,-10.6400,0.3662,2.0154,-0.3638,0
309549,-5.3354,-2.4487,6.9918,6.3700,56.9100,-16.6600,0.2178,1.9460,-0.5697,0
309588,-5.0985,-2.3099,6.6926,0.4200,57.8900,-20.2300,0.0144,1.9795,-0.6918,0
309627,-5.0099,-2.1327,6.2235,-9.8000,60.6200,-24.3600,-0.3351,2.0729,-0.8330,0
309666,-4.5024,-2.1782,6.2977,-23.3100,63.4900,-25.2000,-0.7971,2.1710,-0.8617,0
309705,-5.3737,-3.5258,5.1942,-21.0000,63.1400,-27.9300,-0.7181,2.1591,-0.9551,0
309744,-5.5269,-3.5210,5.2947,-25.1300,57.2600,-29.8200,-0.8593,1.9580,-1.0197,0
309783,-6.5466,-4.5288,5.0362,-11.4100,54.0400,-32.6900,-0.3902,1.8479,-1.1178,0
309822,-7.4969,-5.5293,4.7897,-35.0000,63.5600,-37.6600,-1.1968,2.1734,-1.2878,0
309861,-7.9780,-7.4035,3.6407,-25.9000,57.0500,-33.9500,-0.8856,1.9508,-1.1609,0
309900,-8.0402,-7.7051,2.2476,-18.2700,50.4700,-32.9700,-0.6247,1.7258,-1.1274,0
309939,-8.2748,-7.8272,3.3511,-3.1500,41.1600,-28.6300,-0.1077,1.4075,-0.9790,0
309978,-8.0259,-7.2767,2.5732,-1.5400,62.5800,-26.6700,-0.0527,2.1399,-0.9120,0
310017,-8.0809,-7.5495,3.1452,10.0100,30.8000,-33.5300,0.3423,1.0532,-1.1466,0
310056,-7.8703,-7.5950,3.1955,9.8000,25.8300,-37.9400,0.3351,0.8833,-1.2974,0
310095,-7.6405,-7.1211,3.0758,5.6000,34.7200,-41.6500,0.1915,1.1872,-1.4242,0
310134,-7.3796,-5.9171,3.1572,-0.1400,20.1600,-49.5600,-0.0048,0.6894,-1.6947,0
310173,-7.4299,-5.8955,3.0926,-6.4400,17.2900,-56.3500,-0.2202,0.5912,-1.9269,0
310212,-6.9224,-6.0272,2.5636,-11.3400,9.0300,-67.2000,-0.3878,0.3088,-2.2979,0
310251,-6.3408,-7.0852,2.1878,-12.4600,8.2600,-76.8600,-0.4261,0.2824,-2.6282,0
310290,-5.1870,-6.5753,2.9561,-7.9100,-8.0500,-79.9400,-0.2705,-0.2753,-2.7335,0
310329,-5.9458,-7.5088,2.5014,-0.8400,-1.8200,-77.2800,-0.0287,-0.0622,-2.6426,0
310368,-3.8298,-7.9062,2.0442,3.7800,-15.6800,-65.7300,0.1293,-0.5362,-2.2476,0
310407,-2.9322,-10.6972,2.4008,10.6400,-9.5200,-60.1300,0.3638,-0.3255,-2.0561,0
310446,-4.0261,-13.0860,2.8676,14.9100,-0.6300,-56.1400,0.5098,-0.0215,-1.9197,0
310485,-5.1870,-13.6366,3.1907,19.6000,-6.6500,-60.2000,0.6702,-0.2274,-2.0585,0
310524,-4.2391,-10.8360,2.8772,11.0600,-27.4400,-54.5300,0.3782,-0.9383,-1.8646,0
310563,-2.8795,-10.7044,3.9328,20.5100,-19.8100,-52.0800,0.7013,-0.6774,-1.7809,0
310602,-1.7067,-9.2562,3.7173,15.8200,-21.2100,-47.3200,0.5410,-0.7253,-1.6181,0
310641,-1.4888,-8.2054,3.9184,-3.9900,-16.6600,-38.9200,-0.1364,-0.5697,-1.3309,0
310680,-1.2160,-9.0887,2.7958,-3.2900,-6.0900,-31.1500,-0.1125,-0.2082,-1.0652,0
310719,-2.9609,-9.0575,3.4947,-13.8600,-7.7000,-40.3200,-0.4739,-0.2633,-1.3787,0
310758,-3.3918,-9.7397,4.2224,-32.4800,-27.3700,-47.3900,-1.1106,-0.9359,-1.6205,0
310797,-2.8772,-9.6488,5.5556,-28.9800,-30.9400,-38.3600,-0.9910,-1.0580,-1.3117,0
310836,-2.2428,-10.8767,4.1075,-6.9300,-74.0600,-32.9700,-0.2370,-2.5325,-1.1274,0
310875,-1.0341,-11.7073,5.0314,20.5100,-97.1600,-9.6600,0.7013,-3.3224,-0.3303,0
310914,0.0790,-10.9940,3.0399,64.6800,-101.8500,20.1600,2.2117,-3.4827,0.6894,0
310953,0.1747,-5.3665,2.9442,89.6000,-96.2500,45.1500,3.0639,-3.2913,1.5439,0
310992,0.6271,-1.2040,2.1399,53.8300,-110.1800,71.6800,1.8407,-3.7676,2.4511,0
311031,2.4056,-4.3133,1.8742,6.3700,-78.6800,93.5200,0.2178,-2.6905,3.1979,0
311070,0.9958,-4.3492,2.6905,-5.7400,-63.1400,92.5400,-0.1963,-2.1591,3.1644,0
311109,0.0934,-4.3301,-0.0191,-31.2900,-60.3400,71.8900,-1.0700,-2.0633,2.4583,0
311148,-1.4625,-6.1253,-0.6750,-77.3500,-44.8700,51.0300,-2.6450,-1.5343,1.7450,0
311187,-0.8880,-5.7232,-0.1436,-123.3400,-45.7100,-3.1500,-4.2176,-1.5630,-0.1077,0
311226,2.7431,-5.7184,1.4529,-136.9200,-35.4200,-50.4000,-4.6820,-1.2112,-1.7234,0
311265,4.8591,-11.7647,-0.5362,-147.4200,0.2100,-63.1400,-5.0410,0.0072,-2.1591,0
311304,1.8383,-16.3893,-1.3141,-109.2700,41.5100,-56.2800,-3.7365,1.4194,-1.9245,0
311343,1.2686,-16.2744,-0.8856,-87.5000,40.5300,-41.2300,-2.9921,1.3859,-1.4099,0
311382,0.4093,-16.1954,0.2035,-16.8700,2.7300,-20.0900,-0.5769,0.0934,-0.6870,0
311421,3.5737,-19.4148,-4.7011,-61.4600,13.7900,-21.0000,-2.1016,0.4715,-0.7181,0
311460,2.8317,-12.0592,1.1250,59.7100,24.7100,-50.8200,2.0418,0.8450,-1.7378,0
311499,2.5947,-13.8137,-0.8761,-27.7200,36.6800,-85.4700,-0.9479,1.2543,-2.9226,0
311538,0.5027,-14.9411,-0.8785,-1.8900,4.0600,-84.4900,-0.0646,0.1388,-2.8891,0
311577,2.4248,-9.9049,-0.9455,39.8300,-33.5300,-77.9800,1.3620,-1.1466,-2.6665,0
311616,4.0883,-9.7900,-1.3596,-21.6300,32.5500,-79.8700,-0.7396,1.1130,-2.7311,0
311655,4.1410,-8.8301,-1.5774,15.1900,-26.3900,-102.5500,0.5194,-0.9024,-3.5067,0
311694,4.0093,-7.8703,-1.4841,5.3900,-1.3300,-96.2500,0.1843,-0.0455,-3.2913,0
311733,3.2506,-5.7663,-1.8335,-16.8700,13.3700,-83.9300,-0.5769,0.4572,-2.8700,0
311772,4.6006,-5.8692,-1.7593,2.4500,-17.0800,-68.8100,0.0838,-0.5840,-2.3529,0
311811,4.7538,-6.0439,-1.5319,-8.7500,-2.6600,-61.6000,-0.2992,-0.0910,-2.1064,0
311850,4.9907,-7.8272,-1.4362,12.6700,-3.9900,-55.8600,0.4332,-0.1364,-1.9101,0
311889,4.5503,-9.1293,-1.1226,43.8200,-12.6700,-52.0100,1.4984,-0.4332,-1.7785,0
311928,5.9793,-9.2825,-0.6319,69.6500,-29.8900,-34.5100,2.3817,-1.0221,-1.1801,0
311967,7.9804,-6.7166,-0.3351,73.9900,2.3100,-17.8500,2.5301,0.0790,-0.6104,0
312006,7.6573,-5.0314,-1.0580,43.8200,-0.8400,-18.9000,1.4984,-0.0287,-0.6463,0
312045,5.8548,-4.2391,0.1795,42.7700,-39.9700,-25.4100,1.4625,-1.3668,-0.8689,0
312084,5.4982,-5.4647,-0.3231,26.5300,-26.6700,-26.7400,0.9072,-0.9120,-0.9144,0
312123,4.1865,-5.3306,-0.0263,31.0800,-37.5900,-28.0700,1.0628,-1.2854,-0.9598,0
312162,3.6814,-5.5389,-1.3524,42.4900,-54.9500,-27.7200,1.4529,-1.8790,-0.9479,0
312201,3.5785,-4.6580,-2.4343,32.6200,-29.9600,-22.8200,1.1154,-1.0245,-0.7803,0
312240,3.8442,-4.7633,-4.2511,97.3000,-19.2500,14.0700,3.3272,-0.6583,0.4811,0
312279,3.7532,-6.1014,-4.2056,196.5600,17.5700,41.6500,6.7213,0.6008,1.4242,0
312318,4.3995,-4.6724,2.8819,87.2200,80.7100,61.7400,2.9825,2.7599,2.1112,0
312357,8.1097,-7.1570,4.2008,62.6500,2.7300,97.7900,2.1423,0.0934,3.3439,0
312396,9.7684,-7.2695,3.7173,64.9600,-109.9000,24.8500,2.2213,-3.7580,0.8497,0
312435,10.2448,-3.6982,0.9766,-11.5500,-92.5400,-4.2000,-0.3950,-3.1644,-0.1436,0
312474,10.3716,-8.4328,5.1679,3.5700,-92.4000,71.8200,0.1221,-3.1596,2.4559,0
312513,8.3370,-12.8491,4.3756,42.0700,-122.0800,51.3800,1.4386,-4.1745,1.7569,0
312552,8.4017,-10.2256,1.4242,-18.0600,-114.4500,5.8100,-0.6176,-3.9136,0.1987,0
312591,8.3634,-8.0522,-0.5362,-12.3900,-110.6000,10.4300,-0.4237,-3.7820,0.3567,0
312630,6.9463,-7.9732,1.2902,3.7800,-113.6100,10.1500,0.1293,-3.8849,0.3471,0
312669,6.2833,-8.5668,0.0144,23.5200,-109.7600,7.0700,0.8043,-3.7532,0.2418,0
312708,4.7969,-8.4017,0.0910,20.7200,-96.4600,0.4200,0.7085,-3.2984,0.0144,0
312747,5.1846,-6.7572,-0.1723,40.1800,-94.2900,10.7800,1.3739,-3.2242,0.3686,0
312786,4.8160,-5.5341,-0.9120,40.2500,-81.3400,16.1700,1.3763,-2.7814,0.5529,0
312825,4.6820,-4.8998,-1.1489,66.3600,-82.8800,21.8400,2.2692,-2.8341,0.7468,0
312864,4.7657,-3.7987,-1.1011,57.8200,-78.6800,21.9100,1.9771,-2.6905,0.7492,0
312903,4.0333,-4.9668,-3.2290,-0.9100,-57.6100,-12.6000,-0.0311,-1.9700,-0.4309,0
312942,2.8149,-6.7070,-4.3756,-7.4900,-53.8300,-56.2800,-0.2561,-1.8407,-1.9245,0
312981,2.4511,-5.6729,-3.4660,-4.9000,-65.9400,-88.1300,-0.1676,-2.2548,-3.0136,0
313020,8.6075,-6.2929,-2.1782,-21.0000,-89.1800,-72.9400,-0.7181,-3.0495,-2.4942,0
313059,11.1137,-8.8972,-1.8263,38.0800,-7.2800,-57.6800,1.3021,-0.2489,-1.9724,0
313098,10.4195,-6.7381,3.6838,100.5900,-6.1600,-77.9100,3.4397,-0.2106,-2.6641,0
313137,10.2520,-7.0684,-0.7803,63.3500,-39.6900,-77.2800,2.1662,-1.3572,-2.6426,0
313176,7.0684,-6.0032,-4.8232,89.3200,-53.6200,-31.4300,3.0543,-1.8335,-1.0747,0
313215,9.8091,-5.4766,-1.1992,17.6400,-0.4200,-1.6800,0.6032,-0.0144,-0.0574,0
313254,10.4578,-4.1218,-2.0849,28.9800,-19.1100,-39.2000,0.9910,-0.6535,-1.3404,0
313293,9.6105,-5.4503,-2.8484,-34.7900,0.0700,-18.3400,-1.1896,0.0024,-0.6271,0
313332,10.2161,-7.3772,-1.2519,-68.9500,-19.3200,-9.7300,-2.3577,-0.6606,-0.3327,0
313371,8.0450,-8.1982,-2.3386,7.7700,-44.4500,-24.3600,0.2657,-1.5200,-0.8330,0
313410,6.0009,-4.7873,-1.1896,-11.2000,-16.8700,-19.4600,-0.3830,-0.5769,-0.6654,0
313449,6.6256,-2.3266,-2.5827,9.1700,34.7200,-1.9600,0.3136,1.1872,-0.0670,0
313488,7.3341,-2.0681,-3.4014,21.9800,30.8700,6.0900,0.7516,1.0556,0.2082,0
313527,7.3389,-3.0519,-2.4391,-31.6400,17.0100,6.1600,-1.0819,0.5817,0.2106,0
313566,7.2934,-4.9189,-2.4272,-26.1100,-16.4500,-1.1200,-0.8928,-0.5625,-0.0383,0
313605,6.6495,-6.2259,-2.6162,-4.4100,18.6900,0.6300,-0.1508,0.6391,0.0215,0
313644,7.4035,-5.6059,-2.4870,-3.2900,28.4900,7.9800,-0.1125,0.9742,0.2729,0
313683,8.8110,-5.2086,-2.8341,-3.0100,5.7400,13.0900,-0.1029,0.1963,0.4476,0
313722,8.6506,-7.0277,-2.1591,-6.5100,6.0900,3.0100,-0.2226,0.2082,0.1029,0
313761,8.4663,-7.3580,-2.0561,-5.3900,-9.3100,-2.8000,-0.1843,-0.3184,-0.0957,0
313800,8.6315,-6.2522,-2.0873,7.7700,-12.1100,7.7000,0.2657,-0.4141,0.2633,0
313839,8.3873,-6.1397,-1.8838,9.5900,-11.5500,5.3200,0.3279,-0.3950,0.1819,0
313878,8.5525,-6.3551,-1.9724,4.8300,-13.7900,5.0400,0.1652,-0.4715,0.1723,0
313917,7.8823,-6.6854,-2.1184,23.3100,-16.9400,-4.6200,0.7971,-0.5793,-0.1580,0
313956,7.7602,-6.8458,-2.2787,28.5600,-7.8400,-15.3300,0.9766,-0.2681,-0.5242,0
313995,7.2144,-7.0182,-2.4224,21.0000,6.6500,-13.8600,0.7181,0.2274,-0.4739,0
314034,7.1163,-7.2647,-2.8867,43.3300,-2.7300,-11.7600,1.4817,-0.0934,-0.4021,0
314073,6.3001,-7.0636,-3.2936,41.9300,-0.9800,-8.0500,1.4338,-0.0335,-0.2753,0
314112,5.7591,-6.5921,-3.2123,41.5100,11.1300,5.8800,1.4194,0.3806,0.2011,0
314151,6.1612,-6.5634,-2.5157,50.4700,12.3900,20.5800,1.7258,0.4237,0.7037,0
314190,6.8147,-7.4203,-1.9628,56.2100,30.0300,35.9800,1.9221,1.0269,1.2303,0
314229,7.4825,-8.2581,-1.0293,100.8700,1.4700,32.0600,3.4492,0.0503,1.0963,0
314268,8.1527,-7.4897,-0.7755,98.3500,-10.4300,4.7600,3.3631,-0.3567,0.1628,0
314307,7.8464,-6.4892,-0.3399,75.3900,3.5700,-3.3600,2.5780,0.1221,-0.1149,0
314346,7.9445,-5.3211,-0.8282,42.9800,-21.9100,14.5600,1.4697,-0.7492,0.4979,0
314385,8.1982,-4.1865,-0.9575,37.8700,-34.8600,29.7500,1.2950,-1.1920,1.0173,0
314424,7.6956,-3.5857,0.3782,54.5300,-82.2500,50.1900,1.8646,-2.8125,1.7162,0
314463,6.3384,-5.3258,-0.1340,44.6600,-88.3400,54.3200,1.5271,-3.0208,1.8575,0
314502,4.8136,-6.8243,1.6779,-20.1600,-48.7900,43.8200,-0.6894,-1.6684,1.4984,0
314541,5.3522,-7.9876,0.5003,-15.8200,-67.2000,55.2300,-0.5410,-2.2979,1.8886,0
314580,5.6251,-9.0025,-0.0263,40.6700,-55.5800,38.6400,1.3907,-1.9006,1.3213,0
314619,4.8974,-8.8684,-0.6367,59.3600,-64.5400,27.5100,2.0298,-2.2069,0.9407,0
314658,5.2516,-8.5716,-1.1825,66.2200,-80.6400,21.8400,2.2644,-2.7575,0.7468,0
314697,6.8674,-8.8517,0.2561,57.1200,-87.8500,21.2100,1.9532,-3.0040,0.7253,0
314736,7.4203,-8.0354,-1.8096,54.0400,-95.9000,10.3600,1.8479,-3.2793,0.3543,0
314775,7.0684,-7.0086,-1.7426,6.1600,-65.5900,6.9300,0.2106,-2.2428,0.2370,0
314814,6.2306,-7.7889,-1.0819,2.3100,-82.3900,9.1000,0.0790,-2.8173,0.3112,0
314853,5.7208,-8.8230,-0.8545,23.8000,-94.6400,18.4800,0.8138,-3.2362,0.6319,0
314892,5.3737,-8.9977,-0.4548,25.2700,-79.2400,35.8400,0.8641,-2.7096,1.2255,0
314931,5.1511,-8.3753,-0.9910,23.7300,-75.8100,41.0900,0.8114,-2.5923,1.4051,0
314970,4.7131,-7.9397,-1.1705,34.6500,-78.4000,39.0600,1.1849,-2.6809,1.3357,0
315009,4.2583,-8.4376,-0.9455,39.4800,-70.0700,34.5800,1.3500,-2.3960,1.1825,0
315048,4.1410,-8.6075,-1.1394,38.2200,-62.0200,21.7000,1.3069,-2.1208,0.7420,0
315087,3.6862,-8.0331,-1.8575,37.4500,-58.9400,4.0600,1.2806,-2.0154,0.1388,0
315126,2.5325,-7.5615,-1.6013,24.2900,-47.6700,-25.5500,0.8306,-1.6301,-0.8737,0
315165,2.1447,-8.1815,-2.4487,-0.4200,-43.8200,-46.9000,-0.0144,-1.4984,-1.6037,0
315204,2.4607,-8.5477,-3.3798,-13.2300,-45.5000,-68.6000,-0.4524,-1.5559,-2.3458,0
315243,2.8101,-8.6913,-4.0333,-16.2400,-36.8200,-81.4800,-0.5553,-1.2591,-2.7862,0
315282,3.2266,-8.8876,-3.8514,10.0800,-27.7200,-88.3400,0.3447,-0.9479,-3.0208,0
315321,4.8854,-7.5232,-2.7048,41.6500,-43.8200,-89.1100,1.4242,-1.4984,-3.0471,0
315360,7.6884,-7.2479,-2.9466,42.0000,-44.8700,-82.8100,1.4362,-1.5343,-2.8317,0
315399,9.5147,-7.6620,-2.0083,37.5200,-24.9200,-69.5100,1.2830,-0.8521,-2.3769,0
315438,9.2993,-8.3562,-2.1950,22.7500,-13.9300,-53.4100,0.7779,-0.4763,-1.8263,0
315477,8.2964,-7.7602,-1.7521,31.9900,-12.1100,-42.7700,1.0939,-0.4141,-1.4625,0
315516,8.0331,-7.1546,-0.5769,35.8400,-27.2300,-41.5800,1.2255,-0.9311,-1.4218,0
315555,8.0809,-6.8506,-0.5553,46.7600,-35.2800,-40.5300,1.5990,-1.2064,-1.3859,0
315594,8.1599,-5.1032,-0.4787,42.0000,-44.5200,-36.4700,1.4362,-1.5224,-1.2471,0
315633,7.1378,-4.9309,-0.3207,47.5300,-32.6200,-27.7200,1.6253,-1.1154,-0.9479,0
315672,6.2091,-5.0243,-0.3543,54.4600,-47.1800,-25.1300,1.8623,-1.6133,-0.8593,0
315711,6.0344,-4.4234,-0.7731,64.2600,-58.8000,-17.6400,2.1974,-2.0107,-0.6032,0
315750,6.7357,-4.4019,-1.4888,59.8500,-38.2900,-2.1000,2.0466,-1.3093,-0.0718,0
315789,8.2605,-4.1458,-1.7378,67.3400,-24.4300,-2.8700,2.3027,-0.8354,-0.0981,0
315828,9.2658,-5.1200,-1.5630,65.8000,-32.9000,-8.8900,2.2500,-1.1250,-0.3040,0
315867,10.1251,-5.7160,-1.0795,48.0900,-35.5600,-18.4800,1.6444,-1.2160,-0.6319,0
315906,10.3692,-5.5221,-1.1777,36.8200,-42.9800,-20.4400,1.2591,-1.4697,-0.6989,0
315945,9.7014,-6.1995,-1.1298,23.8000,-34.7200,-17.9200,0.8138,-1.1872,-0.6128,0
315984,9.5267,-7.2384,-1.4865,19.6700,-38.9900,-16.5200,0.6726,-1.3333,-0.5649,0
316023,8.9426,-6.8626,-2.1112,25.5500,-35.9800,-16.3100,0.8737,-1.2303,-0.5577,0
316062,8.0761,-6.7022,-2.4008,49.4900,-22.1200,-10.5000,1.6923,-0.7564,-0.3590,0
316101,7.2049,-6.5562,-2.2404,63.8400,-2.1000,-1.1900,2.1830,-0.0718,-0.0407,0
316140,7.1618,-5.9985,-2.7024,67.4800,31.2200,3.2200,2.3075,1.0676,0.1101,0
316179,6.0727,-5.7471,-2.7670,86.9400,76.8600,8.7500,2.9729,2.6282,0.2992,0
316218,4.7945,-4.3086,-2.4463,80.2900,79.5900,16.1000,2.7455,2.7216,0.5505,0
316257,6.1277,-3.4851,-1.0005,70.0000,56.2800,28.8400,2.3936,1.9245,0.9862,0
316296,9.1174,-3.6814,0.5098,60.8300,12.1800,20.7200,2.0801,0.4165,0.7085,0
316335,9.3256,-6.4844,-0.9096,65.2400,-8.6100,4.2700,2.2309,-0.2944,0.1460,0
316374,9.0647,-7.5017,-0.2968,39.4800,3.9200,12.6000,1.3500,0.1340,0.4309,0
316413,8.2269,-6.9511,1.6181,7.2100,19.3200,38.7800,0.2465,0.6606,1.3261,0
316452,6.1397,-4.6149,2.0490,28.0000,-72.1000,46.7600,0.9575,-2.4654,1.5990,0
316491,6.6017,-2.6306,1.4960,-29.6800,-132.9300,44.8700,-1.0149,-4.5455,1.5343,0
316530,6.9751,-6.1971,1.6133,-52.0100,-129.9200,88.6900,-1.7785,-4.4426,3.0327,0
316569,6.4437,-9.8139,3.0495,24.6400,-99.4000,105.8400,0.8426,-3.3990,3.6192,0
316608,3.5713,-9.3687,2.5325,20.4400,-98.7000,59.4300,0.6989,-3.3750,2.0322,0
316647,5.9051,-10.8216,-0.3495,50.8900,-87.3600,32.2000,1.7402,-2.9873,1.1011,0
316686,6.7405,-10.9940,-3.5091,116.4100,-109.2700,45.5000,3.9806,-3.7365,1.5559,0
316725,6.7884,-7.3820,0.9048,2.4500,-85.1200,37.1000,0.0838,-2.9107,1.2686,0
316764,8.1862,-8.0187,-0.9503,53.9700,-104.6500,35.0700,1.8455,-3.5785,1.1992,0
316803,6.6878,-7.6381,-1.1394,70.1400,-84.3500,23.9400,2.3984,-2.8843,0.8186,0
316842,5.3043,-7.3293,-1.0101,13.9300,-63.1400,24.8500,0.4763,-2.1591,0.8497,0
316881,4.6245,-9.0480,-0.1795,-8.8900,-70.2100,9.3100,-0.3040,-2.4008,0.3184,0
316920,4.1649,-9.6320,-2.0968,23.3100,-75.4600,-11.9000,0.7971,-2.5803,-0.4069,0
316959,3.2338,-8.1384,-3.2099,35.1400,-60.6200,-34.0200,1.2016,-2.0729,-1.1633,0
316998,1.2638,-6.9224,-4.2487,41.5100,-59.7800,-62.2300,1.4194,-2.0442,-2.1279,0
317037,0.3590,-5.9626,-4.4594,22.0500,-56.4200,-87.8500,0.7540,-1.9293,-3.0040,0
317076,1.1705,-4.8328,-5.3546,14.9800,-59.9900,-111.7200,0.5122,-2.0513,-3.8202,0
317115,5.2397,-4.4881,-2.3889,45.6400,-83.5800,-106.1900,1.5607,-2.8580,-3.6312,0
317154,16.1331,-7.4466,0.5577,96.0400,-55.6500,-70.7000,3.2841,-1.9029,-2.4176,0
317193,14.3068,-5.9314,2.5157,52.2200,-38.2900,-40.4600,1.7857,-1.3093,-1.3835,0
317232,10.5871,-4.7442,1.9077,28.2100,-30.1700,-50.4700,0.9646,-1.0317,-1.7258,0
317271,5.4671,-7.4490,-0.0670,26.6700,-24.9900,-30.9400,0.9120,-0.8545,-1.0580,0
317310,6.9775,-7.7099,0.0120,36.0500,-44.4500,0.7700,1.2327,-1.5200,0.0263,0
317349,10.8288,-4.8878,-1.7115,28.0000,-6.6500,-5.6000,0.9575,-0.2274,-0.1915,0
317388,10.5272,-6.6663,-0.9168,3.2200,-1.5400,-15.8900,0.1101,-0.0527,-0.5434,0
317427,9.5506,-7.4514,-0.7995,-1.0500,-5.8100,-34.7200,-0.0359,-0.1987,-1.1872,0
317466,8.2293,-7.0014,-1.2926,10.4300,-19.6700,-37.5200,0.3567,-0.6726,-1.2830,0
317505,7.4131,-5.8094,-0.6798,10.0800,-3.5700,-16.5900,0.3447,-0.1221,-0.5673,0
317544,7.7147,-5.9410,-0.2418,1.6100,-7.7700,-11.6900,0.0551,-0.2657,-0.3997,0
317583,7.1235,-6.6567,-0.6822,25.4800,-15.6800,-26.7400,0.8713,-0.5362,-0.9144,0
317622,5.9099,-6.1038,-1.1849,43.3300,-12.6000,-25.3400,1.4817,-0.4309,-0.8665,0
317661,5.5556,-5.7280,-1.4170,57.1900,-12.2500,-14.4200,1.9556,-0.4189,-0.4931,0
317700,5.7088,-5.4551,-1.5056,79.3800,-8.6800,-3.0100,2.7144,-0.2968,-0.1029,0
317739,6.0368,-5.5126,-1.7067,97.7200,-5.9500,7.8400,3.3415,-0.2035,0.2681,0
317778,6.6160,-7.7793,-2.3147,116.0600,25.4100,23.8700,3.9687,0.8689,0.8162,0
317817,6.9727,-7.4634,-1.0173,112.9800,50.8200,31.0800,3.8633,1.7378,1.0628,0
317856,9.8403,-6.7812,0.4428,83.5800,-14.0700,44.1000,2.8580,-0.4811,1.5080,0
317895,10.7474,-6.5011,0.1388,82.5300,-51.3100,43.8200,2.8221,-1.7545,1.4984,0
317934,9.2849,-5.5652,-0.3375,69.5100,-74.4800,45.4300,2.3769,-2.5468,1.5535,0
317973,8.2078,-3.9663,0.5266,35.2800,-84.3500,51.2400,1.2064,-2.8843,1.7521,0
318012,7.3389,-3.3535,2.0777,-8.5400,-97.3700,50.4000,-0.2920,-3.3296,1.7234,0
318051,6.6112,-6.3144,2.9035,19.6700,-133.3500,77.8400,0.6726,-4.5599,2.6617,0
318090,5.1176,-9.2083,2.9202,54.0400,-130.1300,70.7700,1.8479,-4.4498,2.4200,0
318129,4.0285,-7.0038,0.5146,10.1500,-92.2600,20.2300,0.3471,-3.1548,0.6918,0
318168,7.7937,-8.1886,-1.8359,46.2000,-110.2500,19.3900,1.5798,-3.7700,0.6630,0
318207,7.8535,-7.4035,-2.4272,55.2300,-131.1100,38.0800,1.8886,-4.4833,1.3021,0
318246,7.0828,-7.7051,-0.2968,38.2200,-116.7600,38.0100,1.3069,-3.9926,1.2997,0
318285,7.2982,-8.9283,-1.9125,58.7300,-134.1200,32.2700,2.0083,-4.5862,1.1035,0
318324,6.5777,-8.0307,-1.2447,34.6500,-92.2600,30.1000,1.1849,-3.1548,1.0293,0
318363,6.1947,-8.5357,-1.4290,26.0400,-95.8300,34.7900,0.8904,-3.2769,1.1896,0
318402,5.1415,-9.9145,-1.7282,25.5500,-93.6600,31.4300,0.8737,-3.2027,1.0747,0
318441,4.0093,-9.6536,-2.1112,46.7600,-80.7100,17.8500,1.5990,-2.7599,0.6104,0
318480,3.2913,-8.0666,-2.7862,48.1600,-78.5400,-15.3300,1.6468,-2.6857,-0.5242,0
318519,2.4080,-6.1852,-3.4205,44.3800,-69.6500,-53.6200,1.5176,-2.3817,-1.8335,0
318558,1.8814,-5.9985,-3.8394,30.3100,-33.8800,-86.1700,1.0364,-1.1585,-2.9466,0
318597,1.8000,-5.4360,-4.0476,21.6300,-21.2800,-108.8500,0.7396,-0.7277,-3.7221,0
318636,2.7527,-4.7777,-1.8599,34.5100,-41.7200,-122.9200,1.1801,-1.4266,-4.2032,0
318675,12.7940,-7.1737,-3.4014,54.7400,-56.5600,-52.2200,1.8718,-1.9341,-1.7857,0
318714,8.8014,-4.9979,-0.2298,14.7700,-20.2300,-66.1500,0.5051,-0.6918,-2.2620,0
318753,8.5309,-8.2533,-1.0963,6.5800,-17.5700,-63.6300,0.2250,-0.6008,-2.1758,0
318792,8.9642,-8.5429,0.4500,47.6000,-22.0500,-30.5900,1.6277,-0.7540,-1.0460,0
318831,8.8852,-7.7099,1.1370,54.1100,-20.8600,-16.8000,1.8503,-0.7133,-0.5745,0
318870,6.5801,-3.9663,-0.1221,72.5900,-33.1100,-31.0100,2.4822,-1.1322,-1.0604,0
318909,7.8296,-2.9777,-1.5654,51.5200,-34.0900,-9.3100,1.7617,-1.1657,-0.3184,0
318948,8.9211,-2.8269,-2.3434,-15.5400,23.3800,25.4800,-0.5314,0.7995,0.8713,0
318987,9.6918,-5.6083,-1.5702,-32.8300,59.7800,9.7300,-1.1226,2.0442,0.3327,0
319026,8.1551,-7.7626,-0.7923,-52.5700,4.6900,-5.4600,-1.7976,0.1604,-0.1867,0
319065,8.0498,-8.0211,-0.5122,-34.7900,-12.7400,-13.7900,-1.1896,-0.4356,-0.4715,0
319104,7.9900,-7.4227,-0.9622,-4.6200,-9.5200,-16.5900,-0.1580,-0.3255,-0.5673,0
319143,7.4753,-6.3814,-0.6080,13.0200,-5.4600,-12.1100,0.4452,-0.1867,-0.4141,0
319182,7.7841,-5.4527,-0.4955,24.2200,-7.4200,-11.9000,0.8282,-0.2537,-0.4069,0
319221,8.6913,-4.7490,-0.7396,5.6000,-1.4000,-6.2300,0.1915,-0.0479,-0.2130,0
319260,8.4424,-5.3522,-0.9862,-19.6000,4.6900,-1.8200,-0.6702,0.1604,-0.0622,0
319299,7.6285,-6.7477,-0.4883,-22.5400,5.1100,-9.8000,-0.7708,0.1747,-0.3351,0
319338,7.1043,-7.7147,-0.8162,-1.5400,5.4600,-11.1300,-0.0527,0.1867,-0.3806,0
319377,6.7955,-8.0953,-1.1346,43.9600,1.8900,-1.7500,1.5032,0.0646,-0.0598,0
319416,7.0134,-8.2317,-2.7120,73.2200,-6.7900,-2.5900,2.5037,-0.2322,-0.0886,0
319455,6.8554,-7.4777,-2.2117,71.4000,-3.8500,7.9800,2.4415,-0.1317,0.2729,0
319494,7.1761,-6.3192,-1.9293,75.8800,9.1000,14.8400,2.5947,0.3112,0.5075,0
319533,6.4796,-6.2450,-2.1256,98.6300,23.1000,6.0900,3.3726,0.7899,0.2082,0
319572,7.4586,-6.1540,-0.6965,112.3500,26.9500,12.2500,3.8418,0.9216,0.4189,0
319611,7.7051,-5.9578,-0.3351,92.2600,28.6300,32.0600,3.1548,0.9790,1.0963,0
319650,9.3926,-5.9482,1.2351,51.5200,-6.3000,32.9000,1.7617,-0.2154,1.1250,0
319689,8.9762,-6.7644,0.3590,37.0300,-28.2100,24.5700,1.2662,-0.9646,0.8402,0
319728,7.9014,-6.8913,1.7258,27.3700,-52.7100,29.4700,0.9359,-1.8024,1.0077,0
319767,7.2695,-5.8501,1.7067,17.9900,-59.5700,37.5200,0.6152,-2.0370,1.2830,0
319806,7.7291,-4.4043,1.3189,17.2900,-77.9800,47.2500,0.5912,-2.6665,1.6157,0
319845,6.4796,-3.3966,0.7085,-16.1700,-85.6800,57.8900,-0.5529,-2.9298,1.9795,0
319884,6.4102,-5.5126,0.4332,-5.4600,-80.5700,83.3000,-0.1867,-2.7551,2.8484,0
319923,4.6508,-7.2096,2.7407,-19.1800,-65.4500,83.7200,-0.6559,-2.2381,2.8628,0
319962,4.7992,-8.9546,1.7498,1.1900,-95.2000,54.3200,0.0407,-3.2554,1.8575,0
320001,6.4963,-8.7248,-0.4548,50.8900,-119.0000,35.1400,1.7402,-4.0692,1.2016,0
320040,5.9913,-7.9421,0.0335,-11.6900,-46.4800,53.9700,-0.3997,-1.5894,1.8455,0
320079,5.8596,-8.4950,-0.3806,-12.4600,-56.2800,64.9600,-0.4261,-1.9245,2.2213,0
320118,5.6131,-9.6296,-0.1867,17.9900,-92.0500,54.6700,0.6152,-3.1476,1.8694,0
320157,5.1750,-10.0557,-2.3649,10.3600,-63.2100,55.2300,0.3543,-2.1615,1.8886,0
320196,4.7873,-10.1299,-2.1998,-15.1900,-33.9500,53.4100,-0.5194,-1.1609,1.8263,0
320235,3.3511,-10.4889,-2.0346,-0.4900,-28.4200,40.8800,-0.0168,-0.9718,1.3979,0
320274,2.5253,-9.3783,-1.8646,6.4400,-24.8500,16.9400,0.2202,-0.8497,0.5793,0
320313,2.4248,-7.5448,-1.9891,-1.3300,-21.3500,-0.0700,-0.0455,-0.7301,-0.0024,0
320352,2.0298,-7.2743,-2.2548,-0.0700,-15.2600,-15.4700,-0.0024,-0.5218,-0.5290,0
320391,1.7138,-7.6381,-1.6492,-0.0700,-13.5800,-34.3700,-0.0024,-0.4644,-1.1753,0
320430,2.6665,-7.8631,-0.7301,-17.0100,-0.4200,-57.7500,-0.5817,-0.0144,-1.9748,0
320469,2.6426,-7.0493,-2.4535,-8.6100,12.3200,-67.0600,-0.2944,0.4213,-2.2931,0
320508,1.2878,-7.0229,-1.7234,0.2100,15.4700,-78.2600,0.0072,0.5290,-2.6761,0
320547,3.7915,-8.8301,-1.0700,-8.6800,-10.6400,-69.2300,-0.2968,-0.3638,-2.3673,0
320586,9.2275,-11.3985,-3.5234,10.4300,-24.9900,-41.6500,0.3567,-0.8545,-1.4242,0
320625,8.3251,-10.3262,-3.1764,-0.5600,27.8600,-42.2800,-0.0191,0.9527,-1.4458,0
320664,5.3115,-8.2174,-1.6708,-7.4900,21.0000,-47.5300,-0.2561,0.7181,-1.6253,0
320703,6.0487,-9.1054,-2.1184,-22.4000,31.6400,-40.3900,-0.7660,1.0819,-1.3811,0
320742,7.5232,-9.9336,-2.3793,-9.2400,25.7600,-35.4900,-0.3160,0.8809,-1.2136,0
320781,6.1445,-8.5118,-2.6952,1.6100,20.2300,-35.7000,0.0551,0.6918,-1.2208,0
320820,5.8046,-7.4490,-2.2261,13.9300,4.0600,-39.3400,0.4763,0.1388,-1.3452,0
320859,6.0439,-7.2096,-1.1370,29.3300,-12.4600,-35.0000,1.0029,-0.4261,-1.1968,0
320898,6.1517,-5.9673,-0.6894,20.0200,-6.2300,-35.4200,0.6846,-0.2130,-1.2112,0
320937,6.7070,-5.3067,-0.2465,22.0500,-4.9000,-36.2600,0.7540,-0.1676,-1.2399,0
320976,6.7812,-5.4527,-0.4572,46.8300,-23.6600,-38.3600,1.6013,-0.8091,-1.3117,0
321015,6.3384,-5.3665,-0.9742,64.9600,-59.9900,-40.3900,2.2213,-2.0513,-1.3811,0
321054,6.4796,-4.9836,-1.1609,54.1100,-31.9900,-24.8500,1.8503,-1.0939,-0.8497,0
321093,7.6716,-4.3612,-1.5319,56.8400,-14.7700,-11.3400,1.9436,-0.5051,-0.3878,0
321132,9.3759,-3.9375,-1.6516,40.3900,4.3400,-6.7200,1.3811,0.1484,-0.2298,0
321171,9.6320,-5.4336,-0.7540,19.6700,22.6800,-5.8800,0.6726,0.7755,-0.2011,0
321210,9.8235,-7.1139,-0.4380,2.8000,-8.7500,-3.7100,0.0957,-0.2992,-0.1269,0
321249,9.3400,-6.3551,-0.2082,1.1900,-12.1800,-2.9400,0.0407,-0.4165,-0.1005,0
321288,9.9456,-6.2905,-0.4285,-4.4100,-4.9000,5.3900,-0.1508,-0.1676,0.1843,0
321327,8.0785,-7.5065,-0.4692,-10.9900,-12.9500,-4.4100,-0.3758,-0.4428,-0.1508,0
321366,8.0570,-6.8602,-0.0431,-10.4300,-4.9700,-5.3200,-0.3567,-0.1699,-0.1819,0
321405,7.4873,-5.8381,-0.7923,5.1100,12.2500,-9.4500,0.1747,0.4189,-0.3231,0
321444,7.0924,-5.5389,-1.1083,0.1400,20.3700,-12.3200,0.0048,0.6965,-0.4213,0
321483,7.1666,-5.9386,-1.4649,0.5600,13.1600,-6.6500,0.0191,0.4500,-0.2274,0
321522,7.1019,-5.9506,-0.9120,13.5100,28.4200,-5.1800,0.4620,0.9718,-0.1771,0
321561,6.3551,-6.1014,-1.7593,41.9300,28.8400,-3.8500,1.4338,0.9862,-0.1317,0
321600,6.2929,-7.2743,-2.0250,68.4600,26.8800,5.8800,2.3410,0.9192,0.2011,0
321639,7.1354,-7.7458,-1.0460,82.8100,49.9100,6.2300,2.8317,1.7067,0.2130,0
321678,7.0182,-5.0865,-0.3926,65.5900,60.9700,-12.1800,2.2428,2.0849,-0.4165,0
321717,8.6291,-5.1415,0.4548,29.6100,22.5400,-2.5900,1.0125,0.7708,-0.0886,0
321756,10.5583,-7.5711,0.6343,32.4100,-3.0100,25.8300,1.1083,-0.1029,0.8833,0
321795,7.9469,-9.1940,0.7085,21.0700,-5.2500,44.1700,0.7205,-0.1795,1.5104,0
321834,6.0104,-6.5969,0.1987,47.8100,-55.3000,51.3100,1.6349,-1.8910,1.7545,0
321873,6.3240,-3.7413,0.0287,57.4700,-106.5400,64.9600,1.9652,-3.6431,2.2213,0
321912,6.1014,-1.1681,0.3734,15.2600,-118.5100,77.4900,0.5218,-4.0524,2.6498,0
321951,10.3357,-6.0415,1.2399,-10.6400,-102.6200,143.1500,-0.3638,-3.5091,4.8950,0
321990,6.4054,-6.2498,2.0609,4.9000,-112.7000,122.2200,0.1676,-3.8538,4.1793,0
322029,3.4181,-8.6315,2.3170,-5.3900,-113.1900,77.3500,-0.1843,-3.8705,2.6450,0
322068,3.4540,-9.2418,-0.1987,12.6700,-130.6900,45.0800,0.4332,-4.4689,1.5415,0
322107,4.6676,-10.3860,-3.0734,69.7200,-120.7500,56.5600,2.3841,-4.1290,1.9341,0
322146,6.6400,-9.3184,-2.4678,43.6800,-122.7100,55.1600,1.4936,-4.1961,1.8862,0
322185,7.7769,-8.4519,-1.0508,3.7100,-89.9500,28.9800,0.1269,-3.0758,0.9910,0
322224,2.8915,-9.2490,-1.2088,84.4900,-97.6500,29.2600,2.8891,-3.3391,1.0005,0
322263,3.1476,-9.8115,-1.6205,16.1000,-86.1000,30.3800,0.5505,-2.9442,1.0388,0
322302,3.7939,-10.4411,-1.6205,9.4500,-86.9400,14.7700,0.3231,-2.9729,0.5051,0
322341,3.5952,-10.4291,-2.2907,4.9000,-103.2500,-1.7500,0.1676,-3.5306,-0.0598,0
322380,2.0657,-9.4764,-3.6431,-8.4700,-98.7000,-29.4700,-0.2896,-3.3750,-1.0077,0
322419,1.7904,-8.2724,-3.9806,5.7400,-99.7500,-56.0700,0.1963,-3.4109,-1.9173,0
322458,2.1184,-7.8152,-5.5030,28.1400,-94.6400,-81.9700,0.9622,-3.2362,-2.8030,0
322497,2.0107,-6.6567,-5.1176,52.5000,-88.8300,-103.4600,1.7952,-3.0375,-3.5378,0
322536,1.8694,-6.1445,-5.0195,43.3300,-70.7700,-121.1000,1.4817,-2.4200,-4.1410,0
322575,2.5277,-4.5814,-4.7466,34.7200,-60.6200,-138.6000,1.1872,-2.0729,-4.7394,0
322614,8.7607,-5.5915,-2.4702,68.5300,-90.1600,-139.0900,2.3434,-3.0830,-4.7562,0
322653,11.4751,-5.1990,0.4021,97.9300,-20.5100,-54.2500,3.3487,-0.7013,-1.8551,0
322692,9.7972,-5.4048,0.4356,54.3900,-34.1600,-45.7100,1.8599,-1.1681,-1.5630,0
322731,8.6746,-7.5304,0.7109,39.4100,-34.6500,-26.1800,1.3476,-1.1849,-0.8952,0
322770,6.8362,-8.3155,0.9814,63.4200,-41.1600,-32.0600,2.1686,-1.4075,-1.0963,0
322809,5.2301,-6.0272,-0.7851,79.0300,-51.5200,-42.0000,2.7024,-1.7617,-1.4362,0
322848,8.3658,-5.8548,-1.8910,94.5000,-60.0600,-13.6500,3.2314,-2.0537,-0.4668,0
322887,9.6153,-5.2612,-0.8114,64.4700,-28.0000,-11.2000,2.2045,-0.9575,-0.3830,0
322926,10.3836,-4.9070,0.0934,36.7500,-13.7200,-22.2600,1.2567,-0.4692,-0.7612,0
322965,9.7589,-6.2450,-0.2154,10.9900,-8.4700,-22.6800,0.3758,-0.2896,-0.7755,0
323004,9.2155,-7.7530,-0.6391,16.4500,-12.0400,-21.0000,0.5625,-0.4117,-0.7181,0
323043,8.4280,-6.7979,-0.7516,25.0600,-8.1200,-27.5100,0.8569,-0.2777,-0.9407,0
323082,8.4950,-7.5783,-0.9622,39.6200,-12.2500,-36.7500,1.3548,-0.4189,-1.2567,0
323121,5.9075,-6.0439,-0.3064,78.6100,10.3600,-35.0000,2.6881,0.3543,-1.1968,0
323160,6.7094,-4.0596,-0.8569,83.1600,18.4100,-22.8900,2.8436,0.6295,-0.7827,0
323199,6.9870,-4.6820,-2.2476,77.5600,35.3500,-13.5800,2.6522,1.2088,-0.4644,0
323238,6.3001,-6.2043,-2.8867,56.7000,58.1700,-6.2300,1.9388,1.9891,-0.2130,0
323277,5.5844,-5.8118,-0.7708,56.2100,76.5800,3.9200,1.9221,2.6186,0.1340,0
323316,6.3312,-4.9931,2.5780,36.7500,72.8000,18.7600,1.2567,2.4894,0.6415,0
323355,9.8929,-6.4700,1.3859,75.0400,-24.5000,47.3200,2.5660,-0.8378,1.6181,0
323394,9.1581,-7.4825,1.8862,84.3500,-67.5500,41.8600,2.8843,-2.3099,1.4314,0
323433,8.5046,-4.9429,1.5607,38.6400,-57.4000,44.9400,1.3213,-1.9628,1.5367,0
323472,8.2581,-2.7120,-0.2777,27.0200,-88.8300,68.0400,0.9239,-3.0375,2.3266,0
323511,7.2049,-1.6037,1.1825,-11.2000,-112.7700,100.5900,-0.3830,-3.8562,3.4397,0
323550,9.3759,-8.6746,2.6474,-9.3800,-85.8900,140.2100,-0.3207,-2.9370,4.7945,0
323589,3.9710,-9.8594,4.8974,-2.8000,-93.8000,80.9200,-0.0957,-3.2075,2.7670,0
323628,4.5599,-9.8403,0.5266,28.3500,-148.1200,34.7900,0.9694,-5.0649,1.1896,0
323667,6.6687,-10.2879,-2.4822,44.5200,-105.7000,69.0200,1.5224,-3.6144,2.3601,0
323706,8.0043,-8.2174,-0.9239,36.4700,-125.7900,66.9200,1.2471,-4.3014,2.2883,0
323745,8.2557,-8.2964,-0.8067,43.6100,-122.9900,61.1800,1.4912,-4.2056,2.0920,0
323784,6.9822,-8.1575,-1.1537,46.3400,-116.0600,54.6700,1.5846,-3.9687,1.8694,0
323823,5.1870,-7.1809,-1.7067,19.6700,-80.6400,42.9100,0.6726,-2.7575,1.4673,0
323862,4.3636,-9.4621,-1.4362,12.4600,-66.0800,31.5700,0.4261,-2.2596,1.0795,0
323901,3.7843,-10.1442,-1.8694,25.4100,-63.5600,4.1300,0.8689,-2.1734,0.1412,0
323940,1.1896,-8.1647,-2.7144,37.1700,-58.1700,-31.3600,1.2710,-1.9891,-1.0724,0
323979,0.2561,-5.9195,-2.8652,20.2300,-44.7300,-80.9200,0.6918,-1.5295,-2.7670,0
324018,0.8521,-5.9697,-2.6809,6.4400,-32.7600,-103.7400,0.2202,-1.1202,-3.5474,0
324057,3.2290,-6.5705,-0.5051,13.8600,-29.9600,-106.2600,0.4739,-1.0245,-3.6335,0
324096,11.6858,-9.4381,-2.4870,23.5200,-51.3800,-78.0500,0.8043,-1.7569,-2.6689,0
324135,9.8283,-7.5280,-1.0987,21.1400,-2.3100,-59.5000,0.7229,-0.0790,-2.0346,0
324174,8.1647,-7.9421,-1.6827,-6.7900,6.2300,-51.1000,-0.2322,0.2130,-1.7474,0
324213,8.0929,-7.8655,-1.5152,12.0400,-13.3000,-23.5200,0.4117,-0.4548,-0.8043,0
324252,9.3711,-8.6195,-0.0287,23.1000,-27.5800,-9.6600,0.7899,-0.9431,-0.3303,0
324291,8.9115,-7.5304,0.3016,30.1700,-1.4000,-25.9700,1.0317,-0.0479,-0.8880,0
324330,8.0594,-6.8195,0.3519,34.1600,-13.6500,-39.9700,1.1681,-0.4668,-1.3668,0
324369,6.4341,-5.3522,-0.8043,34.9300,-10.5000,-48.0900,1.1944,-0.3590,-1.6444,0
324408,5.4790,-3.7221,-2.0968,38.0100,0.6300,-30.1700,1.2997,0.0215,-1.0317,0
324447,7.5902,-4.1913,-1.0029,15.8200,17.0800,0.5600,0.5410,0.5840,0.0191,0
324486,9.5363,-7.3389,0.5745,14.8400,5.6000,6.7200,0.5075,0.1915,0.2298,0
324525,8.9618,-7.3724,-0.3447,11.4800,-31.9200,-27.1600,0.3926,-1.0915,-0.9287,0
324564,8.5070,-7.4394,-0.5170,5.6700,-20.0900,-21.2100,0.1939,-0.6870,-0.7253,0
324603,8.2198,-6.7237,-0.9239,1.7500,-27.8600,-12.2500,0.0598,-0.9527,-0.4189,0
324642,8.2006,-7.0469,-0.9407,9.8700,-24.7100,-4.5500,0.3375,-0.8450,-0.1556,0
324681,7.4059,-7.4969,-1.4841,23.9400,-0.7000,-9.3100,0.8186,-0.0239,-0.3184,0
324720,6.7477,-7.0158,-1.4170,65.9400,18.2700,-2.3800,2.2548,0.6247,-0.0814,0
324759,6.6806,-7.0612,-2.2476,86.8700,28.2800,-0.9100,2.9705,0.9670,-0.0311,0
324798,6.5322,-7.5783,-2.4702,99.4000,54.8800,-9.9400,3.3990,1.8766,-0.3399,0
324837,4.5742,-4.8160,-1.0939,74.3400,111.3000,-24.2200,2.5420,3.8059,-0.8282,0
324876,8.3514,-3.9687,2.5851,29.4700,20.4400,-3.0800,1.0077,0.6989,-0.1053,0
324915,11.8389,-7.6956,4.0572,55.3000,-59.9900,15.5400,1.8910,-2.0513,0.5314,0
324954,9.5602,-7.6596,1.5966,68.6000,-55.4400,36.1900,2.3458,-1.8958,1.2375,0
324993,6.7261,-3.8777,0.9407,42.8400,-27.8600,29.7500,1.4649,-0.9527,1.0173,0
325032,7.2073,-1.8120,0.2872,47.0400,-55.5800,53.3400,1.6085,-1.9006,1.8240,0
325071,9.8187,-2.0011,0.3423,-6.5800,-60.2700,96.6000,-0.2250,-2.0609,3.3032,0
325110,8.8996,-5.0602,2.0107,-35.1400,-71.3300,88.1300,-1.2016,-2.4391,3.0136,0
325149,6.7166,-7.6764,4.2367,-41.0900,-72.5900,49.7000,-1.4051,-2.4822,1.6995,0
325188,5.3426,-9.8809,3.3726,12.6000,-54.7400,52.5700,0.4309,-1.8718,1.7976,0
325227,5.1032,-9.7804,1.8790,32.4100,-57.0500,74.6900,1.1083,-1.9508,2.5540,0
325266,6.7285,-9.8522,0.4715,33.4600,-70.4200,66.7100,1.1442,-2.4080,2.2811,0
325305,7.4777,-8.5381,-0.0742,7.4900,-80.5700,48.1600,0.2561,-2.7551,1.6468,0
325344,5.7567,-8.3203,0.7971,25.9000,-87.3600,39.4800,0.8856,-2.9873,1.3500,0
325383,4.7825,-8.5932,-0.2274,36.7500,-83.5100,42.6300,1.2567,-2.8556,1.4577,0
325422,4.3780,-8.4184,-0.6918,40.8800,-83.0200,38.1500,1.3979,-2.8389,1.3045,0
325461,3.6838,-8.4160,-1.1561,58.5200,-89.5300,36.1200,2.0011,-3.0615,1.2351,0
325500,3.9615,-7.2695,-0.1987,38.5000,-80.2200,36.8900,1.3165,-2.7431,1.2614,0
325539,3.5163,-7.9158,-0.6200,44.8000,-93.8700,30.7300,1.5319,-3.2099,1.0508,0
325578,3.5043,-8.0714,-0.2537,54.3200,-78.4700,27.7200,1.8575,-2.6833,0.9479,0
325617,3.4780,-8.6626,-0.2082,30.6600,-64.1900,24.2200,1.0484,-2.1950,0.8282,0
325656,2.7647,-9.1820,-0.3016,28.7700,-63.0000,14.7000,0.9838,-2.1543,0.5027,0
325695,2.2740,-9.7708,-0.2322,31.2900,-67.6200,-1.6100,1.0700,-2.3123,-0.0551,0
325734,2.2692,-9.3831,-1.0939,25.4100,-69.5100,-45.1500,0.8689,-2.3769,-1.5439,0
325773,2.6905,-7.9325,-1.6372,22.7500,-72.6600,-71.3300,0.7779,-2.4846,-2.4391,0
325812,3.0471,-7.0636,-2.0370,24.7100,-52.9900,-89.3200,0.8450,-1.8120,-3.0543,0
325851,3.9806,-7.8320,-0.9814,36.2600,-72.6600,-98.0000,1.2399,-2.4846,-3.3511,0
325890,11.2836,-11.0706,-2.1998,82.6000,-98.7000,-82.3200,2.8245,-3.3750,-2.8149,0
325929,9.2131,-6.2905,1.1274,100.0300,-34.1600,-97.5800,3.4205,-1.1681,-3.3367,0
325968,7.6860,-3.3415,-0.5218,94.1500,-37.8700,-126.2800,3.2194,-1.2950,-4.3181,0
326007,4.9477,-2.4583,-1.7809,63.3500,-22.6100,-87.7800,2.1662,-0.7731,-3.0016,0
326046,5.6825,-4.1889,-0.1484,46.4800,4.2700,-25.0600,1.5894,0.1460,-0.8569,0
326085,12.4948,-10.1945,-1.5439,39.6900,-28.1400,-9.9400,1.3572,-0.9622,-0.3399,0
326124,10.3501,-9.0144,-1.7857,23.8000,-48.7200,-35.4200,0.8138,-1.6660,-1.2112,0
326163,12.8538,-10.0724,-0.2274,18.6900,-21.5600,62.6500,0.6391,-0.7372,2.1423,0
326202,5.6993,-2.9370,2.4822,75.6000,-47.2500,138.4600,2.5851,-1.6157,4.7346,0
326241,9.7541,3.7867,6.0583,20.5100,-76.4400,160.0200,0.7013,-2.6139,5.4719,0
326280,14.4313,-18.4502,-11.1879,-36.6800,-74.2700,92.4700,-1.2543,-2.5397,3.1620,0
326319,-0.8785,-12.2626,-0.3231,11.5500,125.3000,-113.4000,0.3950,4.2846,-3.8777,0
326358,7.6477,1.5104,1.6708,67.7600,101.2200,-208.9500,2.3170,3.4612,-7.1450,0
326397,16.8010,2.3266,-1.8455,38.5700,31.9900,-0.2800,1.3189,1.0939,-0.0096,0
326436,4.2367,4.0333,2.0059,-92.5400,153.8600,48.7200,-3.1644,5.2612,1.6660,0
326475,8.7583,-16.7914,-3.3679,-189.0700,19.1100,91.7000,-6.4652,0.6535,3.1357,0
326514,-0.4021,-8.3323,3.2865,52.3600,135.6600,-43.3300,1.7904,4.6389,-1.4817,0
326553,2.7240,-1.4960,-5.4360,31.1500,91.4900,-17.1500,1.0652,3.1285,-0.5864,0
326592,9.1246,-2.5923,2.5014,-41.9300,57.6800,106.9600,-1.4338,1.9724,3.6575,0
326631,6.6711,-9.8450,1.8287,-38.7100,45.6400,47.7400,-1.3237,1.5607,1.6325,0
326670,3.0256,-7.7554,1.6755,75.1100,-6.3000,22.1200,2.5684,-0.2154,0.7564,0
326709,6.4628,-1.2638,-6.2642,93.5200,26.6700,87.1500,3.1979,0.9120,2.9801,0
326748,5.0266,1.4960,-0.9527,84.0000,83.3700,127.5400,2.8724,2.8508,4.3612,0
326787,3.5019,-0.1891,1.2279,-24.0800,77.6300,84.6300,-0.8234,2.6545,2.8939,0
326826,1.7426,-3.1859,1.1992,-11.1300,84.2100,55.7900,-0.3806,2.8795,1.9077,0
326865,1.5319,-3.8059,0.0335,69.6500,77.2800,77.9800,2.3817,2.6426,2.6665,1
326904,2.3506,-3.6647,-2.5253,109.0600,74.6200,110.1800,3.7293,2.5516,3.7676,0
326943,1.5224,-1.2423,-0.5577,117.0400,80.4300,135.1700,4.0022,2.7503,4.6221,0
326982,-0.8473,-8.3394,1.8240,90.7900,107.3800,168.4200,3.1046,3.6718,5.7591,0
327021,-5.6514,-20.8582,12.7940,92.1200,250.3200,210.4200,3.1500,8.5597,7.1953,0
327060,-27.2827,-17.2773,30.2724,284.5500,143.9200,189.6300,9.7301,4.9213,6.4844,0
327099,-29.0301,0.7420,25.3510,157.5700,33.8100,188.7200,5.3881,1.1561,6.4533,0
327138,-20.8773,5.2732,16.6526,32.1300,-32.6900,99.1900,1.0987,-1.1178,3.3918,0
327177,-12.1836,5.9386,10.3262,-33.8800,-68.0400,39.4800,-1.1585,-2.3266,1.3500,0
327216,-6.4102,2.6761,5.5532,-89.1800,-72.1700,6.6500,-3.0495,-2.4678,0.2274,0
327255,0.5721,0.8043,1.4697,-87.6400,-47.1800,8.1200,-2.9968,-1.6133,0.2777,0
327294,2.5253,-1.4218,-0.2465,-60.8300,69.0900,26.4600,-2.0801,2.3625,0.9048,0
327333,-0.0670,-0.8880,-0.8569,-33.2500,45.2900,9.7300,-1.1370,1.5487,0.3327,0
327372,-0.1245,1.3931,-1.2950,-60.4800,-29.0500,1.4700,-2.0681,-0.9934,0.0503,0
327411,-2.1686,2.0059,0.5745,-27.5800,31.9200,23.5200,-0.9431,1.0915,0.8043,0
327450,-4.2056,-0.2178,1.0101,-7.0000,14.4200,36.3300,-0.2394,0.4931,1.2423,0
327489,-5.4192,-1.4697,5.0362,-53.4100,-37.3800,27.1600,-1.8263,-1.2782,0.9287,0
327528,-10.2328,-2.0968,8.8158,-4.9000,24.0800,23.2400,-0.1676,0.8234,0.7947,0
327567,-14.9507,-1.4721,9.1772,18.2700,9.7300,18.0600,0.6247,0.3327,0.6176,0
327606,-17.4760,-2.9897,10.7522,-33.8800,-51.3800,10.6400,-1.1585,-1.7569,0.3638,0
327645,-15.4892,-2.7240,10.4315,-46.6200,-53.2700,-2.3800,-1.5942,-1.8216,-0.0814,0
327684,-11.5445,-5.7615,8.0307,-52.7100,-38.5700,-18.8300,-1.8024,-1.3189,-0.6439,0
327723,-6.6998,-8.7033,5.6729,-5.1100,-27.0200,-26.2500,-0.1747,-0.9239,-0.8976,0
327762,-4.9788,-3.8131,4.6125,33.4600,-41.0200,-14.3500,1.1442,-1.4027,-0.4907,0
327801,-4.1530,-0.7540,3.3511,37.1700,-35.5600,-11.6900,1.2710,-1.2160,-0.3997,0
327840,-2.7982,-1.8048,4.1984,-7.2800,-9.0300,-11.5500,-0.2489,-0.3088,-0.3950,0
327879,-0.3040,-4.1218,4.8471,-24.0100,6.6500,2.1000,-0.8210,0.2274,0.0718,0
327918,-2.4583,-5.4527,6.4724,15.4700,-41.7900,8.4000,0.5290,-1.4290,0.2872,0
327957,-5.0625,-4.7849,8.7559,16.7300,-45.2200,-6.3700,0.5721,-1.5463,-0.2178,0
327996,-5.4312,-3.4612,8.9977,25.4100,-49.0000,-12.6000,0.8689,-1.6755,-0.4309,0
328035,-4.2750,-4.1530,9.3328,25.0600,-47.1100,-13.0200,0.8569,-1.6109,-0.4452,0
328074,-2.1758,-3.6671,9.6631,19.6700,-55.7900,-3.0800,0.6726,-1.9077,-0.1053,0
328113,-0.7301,-2.7575,9.7613,27.9300,-35.4900,12.0400,0.9551,-1.2136,0.4117,0
328152,-1.9173,-0.7109,8.9714,21.2100,1.1200,12.2500,0.7253,0.0383,0.4189,0
328191,-3.7915,-0.0814,8.2413,-3.8500,15.1900,5.6700,-0.1317,0.5194,0.1939,0
328230,-4.8639,-1.4338,8.0642,-24.7100,15.5400,1.0500,-0.8450,0.5314,0.0359,0
328269,-4.6484,-3.4947,7.9014,-24.8500,9.2400,-0.9100,-0.8497,0.3160,-0.0311,0
328308,-4.3157,-4.2272,7.7698,-7.8400,7.7700,-1.9600,-0.2681,0.2657,-0.0670,0
328347,-4.5814,-3.4780,7.8870,3.3600,7.5600,-3.8500,0.1149,0.2585,-0.1317,0
328386,-5.0386,-2.9921,8.1958,2.1000,13.3700,-4.2700,0.0718,0.4572,-0.1460,0
328425,-4.7681,-3.7245,8.1192,-6.0900,13.3000,-4.6900,-0.2082,0.4548,-0.1604,0
328464,-4.6963,-4.0644,7.8583,-6.1600,17.8500,-1.9600,-0.2106,0.6104,-0.0670,0
328503,-5.0985,-4.0357,7.5902,0.0000,12.2500,0.5600,0.0000,0.4189,0.0191,0
328542,-5.2588,-3.3846,7.4969,7.2100,7.0000,2.3800,0.2465,0.2394,0.0814,0
328581,-5.2564,-3.1907,7.5017,5.8100,4.4100,2.3100,0.1987,0.1508,0.0790,0
328620,-5.0314,-3.1309,7.6884,4.7600,-0.3500,2.7300,0.1628,-0.0120,0.0934,0
328659,-4.8974,-2.8532,7.9182,4.9000,0.0000,3.9200,0.1676,0.0000,0.1340,0
328698,-4.8806,-2.9657,8.0378,4.5500,-0.4200,3.8500,0.1556,-0.0144,0.1317,0
328737,-4.7490,-3.1022,8.0450,3.9200,-0.4200,3.3600,0.1340,-0.0144,0.1149,0
328776,-4.6125,-3.1189,8.0331,2.1000,0.7700,3.2900,0.0718,0.0263,0.1125,0
328815,-4.5527,-3.0136,8.0450,2.3100,1.1900,2.5900,0.0790,0.0407,0.0886,0
328854,-4.6030,-3.0208,7.9780,0.2100,1.1900,0.5600,0.0072,0.0407,0.0191,0
328893,-4.5934,-3.0184,7.9972,1.3300,0.5600,0.5600,0.0455,0.0191,0.0191,0
328932,-4.7681,-2.8843,7.8320,0.7700,1.6100,0.4900,0.0263,0.0551,0.0168,0
328971,-5.0099,-2.9681,7.8751,-0.4200,2.0300,0.4900,-0.0144,0.0694,0.0168,0
329010,-5.0362,-3.0232,7.8942,0.5600,-0.1400,0.7000,0.0191,-0.0048,0.0239,0
329049,-5.0482,-2.9801,7.8607,0.5600,-0.6300,0.9800,0.0191,-0.0215,0.0335,0
329088,-5.0290,-3.0639,7.8655,-0.6300,-0.2800,0.8400,-0.0215,-0.0096,0.0287,0
329127,-4.9022,-3.1596,7.9038,-0.1400,0.0700,1.1200,-0.0048,0.0024,0.0383,0
329166,-4.8447,-3.0686,7.9421,0.6300,0.7700,1.1900,0.0215,0.0263,0.0407,0
329205,-4.8735,-3.0663,7.8631,0.5600,2.3100,0.7000,0.0191,0.0790,0.0239,0
329244,-4.7801,-2.9921,7.8511,1.4000,-0.6300,0.4200,0.0479,-0.0215,0.0144,0
329283,-4.8352,-2.9274,7.9469,1.7500,-1.7500,0.4900,0.0598,-0.0598,0.0168,0
329322,-4.8112,-2.9514,7.8128,0.7000,-0.8400,0.2800,0.0239,-0.0287,0.0096,0
329361,-4.7945,-2.9011,8.0091,1.5400,-2.3800,0.7700,0.0527,-0.0814,0.0263,0
329400,-4.9716,-2.7168,8.0498,2.0300,-3.5700,0.5600,0.0694,-0.1221,0.0191,0
329439,-4.9836,-2.8580,7.9397,-1.0500,-2.9400,-0.6300,-0.0359,-0.1005,-0.0215,0
329478,-4.7633,-3.0734,7.8751,-1.4000,-2.1700,-1.4000,-0.0479,-0.0742,-0.0479,0
329517,-4.7227,-3.0854,7.9277,0.1400,-3.1500,-1.0500,0.0048,-0.1077,-0.0359,0
329556,-4.8328,-3.0327,7.9541,0.4900,-2.2400,-1.1900,0.0168,-0.0766,-0.0407,0
329595,-4.8112,-3.2075,7.9134,0.0000,-3.1500,-1.6800,0.0000,-0.1077,-0.0574,0
329634,-4.7490,-3.1141,7.9397,0.9100,-2.9400,-1.3300,0.0311,-0.1005,-0.0455,0
329673,-4.8088,-3.0806,7.9565,1.1200,-2.4500,-0.9100,0.0383,-0.0838,-0.0311,0
329712,-4.8495,-2.9514,7.9756,2.9400,-3.4300,-0.0700,0.1005,-0.1173,-0.0024,0
329751,-4.8184,-3.0543,7.9900,-0.6300,-1.9600,-0.1400,-0.0215,-0.0670,-0.0048,0
329790,-4.7346,-3.0471,7.9565,0.0000,-2.8000,0.1400,0.0000,-0.0957,0.0048,0
329829,-4.7490,-2.9538,7.9972,0.8400,-1.8200,0.2100,0.0287,-0.0622,0.0072,0
329868,-4.7322,-3.0040,8.0546,0.9100,-1.3300,-0.4900,0.0311,-0.0455,-0.0168,0
329907,-4.6796,-3.1452,7.9828,-1.1200,0.7700,-0.2800,-0.0383,0.0263,-0.0096,0
329946,-4.8423,-3.7269,8.1862,-2.8000,3.5700,0.9100,-0.0957,0.1221,0.0311,0
329985,-3.5905,-2.9466,8.3299,8.2600,-4.4800,5.8100,0.2824,-0.1532,0.1987,0
330024,-3.2290,-1.5918,8.1192,1.1200,7.9100,9.8000,0.0383,0.2705,0.3351,0
330063,-5.5915,-2.5133,8.1695,-12.8100,21.9100,2.5900,-0.4380,0.7492,0.0886,0
330102,-6.5466,-3.4780,7.9636,-12.8800,14.8400,-3.5700,-0.4404,0.5075,-0.1221,0
330141,-5.3211,-4.1386,7.1857,-1.5400,3.0800,-4.6200,-0.0527,0.1053,-0.1580,0
330180,-4.8711,-3.0950,7.5376,6.7900,2.1700,0.7700,0.2322,0.0742,0.0263,0
330219,-5.8213,-2.2668,7.7410,4.2000,3.5000,-1.4000,0.1436,0.1197,-0.0479,0
330258,-5.6442,-3.0088,7.6118,-4.6900,4.1300,-4.2000,-0.1604,0.1412,-0.1436,0
330297,-4.4067,-4.0764,7.8511,-2.0300,-8.1900,0.4200,-0.0694,-0.2801,0.0144,0
330336,-4.0835,-3.0902,8.0307,8.2600,-15.8200,9.3800,0.2824,-0.5410,0.3207,0
330375,-5.2349,-2.2787,8.1503,0.6300,-8.7500,7.0000,0.0215,-0.2992,0.2394,0
330414,-5.3761,-2.6091,7.8535,-7.5600,-4.3400,0.9800,-0.2585,-0.1484,0.0335,0
330453,-4.6221,-3.7030,7.5926,-8.5400,-2.1000,-1.8900,-0.2920,-0.0718,-0.0646,0
330492,-4.4641,-4.1003,7.8607,0.7000,-2.0300,-0.3500,0.0239,-0.0694,-0.0120,0
330531,-4.9309,-2.9561,7.9804,14.5600,-9.1700,1.3300,0.4979,-0.3136,0.0455,0
330570,-4.9022,-2.0035,7.8966,12.3900,-6.2300,0.1400,0.4237,-0.2130,0.0048,0
330609,-4.7681,-2.3075,8.1743,-2.4500,-1.4700,0.8400,-0.0838,-0.0503,0.0287,0
330648,-4.6102,-3.1931,8.3179,-1.9600,-0.9800,1.6100,-0.0670,-0.0335,0.0551,0
330687,-4.7370,-2.8795,8.1551,1.3300,1.1200,0.4200,0.0455,0.0383,0.0144,0
330726,-4.9500,-3.0639,7.8320,-1.1200,4.0600,-1.8200,-0.0383,0.1388,-0.0622,0
330765,-4.7753,-3.3104,7.7769,-2.5200,4.7600,-3.0100,-0.0862,0.1628,-0.1029,0
330804,-4.7131,-3.4133,7.7171,-1.3300,5.8800,-2.9400,-0.0455,0.2011,-0.1005,0
330843,-4.7992,-3.2625,7.7051,2.5900,2.1000,-1.4000,0.0886,0.0718,-0.0479,0
330882,-5.0578,-2.9131,7.8440,3.0100,-2.9400,1.1900,0.1029,-0.1005,0.0407,0
330921,-5.0697,-3.0040,7.8152,1.9600,-4.7600,2.1000,0.0670,-0.1628,0.0718,0
330960,-4.9596,-3.2314,7.9636,1.8200,-5.8100,1.2600,0.0622,-0.1987,0.0431,0
330999,-4.8064,-3.0806,8.0354,3.8500,-5.8100,1.0500,0.1317,-0.1987,0.0359,0
331038,-4.6365,-2.8365,8.0809,4.6200,-5.8800,1.4000,0.1580,-0.2011,0.0479,0
331077,-4.5575,-2.6258,8.0714,1.4000,-3.0100,1.3300,0.0479,-0.1029,0.0455,0
331116,-4.5359,-2.9083,8.0522,-0.7000,-0.7000,0.6300,-0.0239,-0.0239,0.0215,0
331155,-4.6389,-3.0016,8.0594,0.6300,-0.5600,0.8400,0.0215,-0.0191,0.0287,0
331194,-4.7969,-2.8748,8.2078,1.9600,-1.0500,0.7700,0.0670,-0.0359,0.0263,0
331233,-4.7274,-2.6905,8.0235,1.1900,-1.2600,0.3500,0.0407,-0.0431,0.0120,0
331272,-4.7131,-2.8460,8.0139,-1.2600,0.6300,-0.1400,-0.0431,0.0215,-0.0048,0
331311,-4.8256,-3.1117,7.9995,-0.7000,1.5400,-0.3500,-0.0239,0.0527,-0.0120,0
331350,-4.6389,-3.1022,7.9038,1.3300,0.3500,-0.3500,0.0455,0.0120,-0.0120,0
331389,-4.7035,-3.1237,8.0857,0.7700,-1.3300,-0.1400,0.0263,-0.0455,-0.0048,0
331428,-4.7107,-2.9011,8.0642,0.9100,-4.4100,0.7700,0.0311,-0.1508,0.0263,0
331467,-4.7155,-2.9394,7.9684,1.0500,0.4200,0.8400,0.0359,0.0144,0.0287,0
331506,-4.6891,-2.7264,8.0450,1.8900,1.2600,0.8400,0.0646,0.0431,0.0287,0
331545,-4.7274,-2.9609,8.0067,0.4200,0.4900,-0.1400,0.0144,0.0168,-0.0048,0
331584,-4.5934,-3.0040,8.0402,1.0500,-1.4700,-0.2800,0.0359,-0.0503,-0.0096,0
331623,-4.6006,-2.9394,8.1862,0.7700,-0.6300,0.7000,0.0263,-0.0215,0.0239,0
331662,-4.6245,-2.7790,8.1456,1.1900,-0.0700,1.0500,0.0407,-0.0024,0.0359,0
331701,-4.6245,-2.7766,8.0163,0.4900,1.4700,0.5600,0.0168,0.0503,0.0191,0
331740,-4.6748,-2.8532,7.9756,-0.7000,2.3800,-0.2800,-0.0239,0.0814,-0.0096,0
331779,-4.6939,-2.8963,7.9134,-0.4200,0.6300,-0.0700,-0.0144,0.0215,-0.0024,0
331818,-4.6245,-3.1381,8.0043,-2.0300,0.7700,-0.2100,-0.0694,0.0263,-0.0072,0
331857,-4.7107,-3.1692,7.9421,-0.2800,-1.5400,-0.1400,-0.0096,-0.0527,-0.0048,0
331896,-5.1774,-2.8963,8.0163,0.5600,-0.7700,-0.6300,0.0191,-0.0263,-0.0215,0
331935,-5.0961,-2.8221,7.9876,0.4200,-4.9000,-0.4200,0.0144,-0.1676,-0.0144,0
331974,-4.7322,-2.8724,8.0546,0.0000,-5.1800,0.4900,0.0000,-0.1771,0.0168,0
332013,-4.5862,-2.9250,7.9924,0.6300,-4.2700,0.5600,0.0215,-0.1460,0.0191,0
332052,-4.4378,-2.8101,8.0259,1.2600,-4.1300,1.1900,0.0431,-0.1412,0.0407,0
332091,-4.3851,-2.7670,8.2557,0.5600,-3.3600,1.2600,0.0191,-0.1149,0.0431,0
332130,-4.4115,-2.6928,8.3825,-0.6300,-1.9600,0.5600,-0.0215,-0.0670,0.0191,0
332169,-4.6006,-2.8963,8.1886,-3.7100,1.2600,-0.7700,-0.1269,0.0431,-0.0263,0
332208,-4.6173,-3.1644,7.8966,-3.3600,3.4300,-1.0500,-0.1149,0.1173,-0.0359,0
332247,-4.6939,-3.2865,7.7793,-3.5700,1.8900,-1.8900,-0.1221,0.0646,-0.0646,0
332286,-4.8304,-2.9681,7.7985,-4.2000,0.2800,-3.6400,-0.1436,0.0096,-0.1245,0
332325,-4.8663,-3.1069,7.9684,-3.3600,0.7700,-2.3800,-0.1149,0.0263,-0.0814,0
332364,-4.5503,-3.0974,8.1862,-0.9100,-1.9600,0.0000,-0.0311,-0.0670,0.0000,0
332403,-4.6317,-2.9514,8.0594,1.0500,-0.4200,2.5900,0.0359,-0.0144,0.0886,0
332442,-4.7394,-2.9538,8.0378,0.7700,2.3100,1.3300,0.0263,0.0790,0.0455,0
332481,-4.6197,-3.1069,7.9660,-1.5400,2.8700,-0.1400,-0.0527,0.0981,-0.0048,0
332520,-4.7059,-3.1117,7.9828,0.2800,3.9900,-0.2800,0.0096,0.1364,-0.0096,0
332559,-4.6484,-3.1069,7.9924,1.2600,2.4500,-1.1200,0.0431,0.0838,-0.0383,0
332598,-4.7155,-3.1979,7.9445,0.2800,0.0000,-0.2800,0.0096,0.0000,-0.0096,0
332637,-4.6939,-3.0256,7.9589,1.2600,-2.3800,1.4000,0.0431,-0.0814,0.0479,0
332676,-4.7035,-3.0471,7.9900,0.9100,-2.3100,1.5400,0.0311,-0.0790,0.0527,0
332715,-4.7227,-3.0136,8.0522,3.4300,-2.1000,1.4000,0.1173,-0.0718,0.0479,0
332754,-4.8471,-2.9873,7.9852,1.7500,0.8400,0.3500,0.0598,0.0287,0.0120,0
332793,-4.7825,-3.1692,7.9014,0.9800,0.8400,-0.5600,0.0335,0.0287,-0.0191,0
332832,-4.4785,-2.5061,8.1503,3.4300,-1.4000,1.3300,0.1173,-0.0479,0.0455,0
332871,-4.6939,-2.6785,8.1168,3.1500,-1.4700,1.9600,0.1077,-0.0503,0.0670,0
332910,-4.8304,-2.7623,8.0450,0.9100,0.9100,0.3500,0.0311,0.0311,0.0120,0
332949,-4.6867,-3.0399,8.0354,-0.4900,1.5400,-1.1900,-0.0168,0.0527,-0.0407,0
332988,-4.6796,-3.1117,8.0043,0.3500,1.6100,-1.2600,0.0120,0.0551,-0.0431,0
333027,-4.7203,-3.0902,7.9565,1.4000,1.5400,-1.4700,0.0479,0.0527,-0.0503,0
333066,-4.6437,-2.9322,7.9852,1.8200,0.1400,-1.4000,0.0622,0.0048,-0.0479,0
333105,-4.6413,-3.0375,7.9972,-0.6300,-0.8400,-1.4700,-0.0215,-0.0287,-0.0503,0
333144,-4.8064,-3.0064,8.0546,2.0300,-2.9400,-1.1200,0.0694,-0.1005,-0.0383,0
333183,-4.8567,-2.9873,7.9756,0.8400,-1.8200,-1.7500,0.0287,-0.0622,-0.0598,0
333222,-4.8016,-3.0208,8.0139,0.1400,-2.1700,-1.2600,0.0048,-0.0742,-0.0431,0
333261,-4.6652,-2.9873,7.9612,-0.4900,-3.3600,0.0000,-0.0168,-0.1149,0.0000,0
333300,-4.6556,-3.1931,7.9469,-0.8400,-2.5200,0.0700,-0.0287,-0.0862,0.0024,0
333339,-4.6939,-3.2817,7.8847,0.1400,-0.4900,0.2100,0.0048,-0.0168,0.0072,0
333378,-4.7250,-3.1883,7.8942,-0.2100,-5.6700,0.1400,-0.0072,-0.1939,0.0048,0
333417,-4.7179,-2.9968,8.0091,0.1400,-4.2000,1.1900,0.0048,-0.1436,0.0407,0
333456,-4.7992,-2.9370,8.1097,0.0000,-2.6600,1.6100,0.0000,-0.0910,0.0551,0
333495,-4.6293,-3.0016,8.0259,2.5200,-2.6600,2.3100,0.0862,-0.0910,0.0790,0
333534,-4.6389,-2.8891,8.1240,1.6800,-2.8000,2.7300,0.0574,-0.0957,0.0934,0
333573,-4.6269,-2.6905,8.1360,2.1700,-4.3400,4.2000,0.0742,-0.1484,0.1436,0
333612,-4.7586,-2.4654,8.0546,-1.4000,-4.6200,5.3900,-0.0479,-0.1580,0.1843,0
333651,-4.7705,-2.8676,8.2700,-5.1100,-2.9400,6.2300,-0.1747,-0.1005,0.2130,0
333690,-4.6269,-2.8867,8.2461,-5.3900,-4.8300,5.3200,-0.1843,-0.1652,0.1819,0
333729,-4.0788,-3.3296,8.0642,-9.5900,-4.4800,1.7500,-0.3279,-0.1532,0.0598,0
333768,-3.5976,-4.4833,8.0857,-2.8700,1.7500,-0.9100,-0.0981,0.0598,-0.0311,0
333807,-4.0476,-4.3995,8.2174,12.7400,1.8900,-1.6800,0.4356,0.0646,-0.0574,0
333846,-4.1482,-2.8963,8.1767,22.6100,-1.0500,-1.5400,0.7731,-0.0359,-0.0527,0
333885,-3.8609,-1.4410,7.9708,12.5300,4.0600,-3.8500,0.4285,0.1388,-0.1317,0
333924,-4.1697,-2.2213,8.1264,-3.3600,12.2500,-8.1900,-0.1149,0.4189,-0.2801,0
333963,-4.4426,-2.8748,8.0187,-1.8200,15.7500,-6.0200,-0.0622,0.5386,-0.2059,0
334002,-5.6562,-2.9705,8.3107,-2.0300,15.8200,-0.9800,-0.0694,0.5410,-0.0335,0
334041,-5.6849,-2.8341,7.7410,-0.2100,8.8900,1.1200,-0.0072,0.3040,0.0383,0
334080,-5.7136,-2.5947,7.6142,-2.3800,4.5500,0.4200,-0.0814,0.1556,0.0144,0
334119,-5.4814,-2.9131,7.6549,-5.6000,-1.4700,0.5600,-0.1915,-0.0503,0.0191,0
334158,-5.0482,-3.2530,7.7650,-1.9600,-7.9100,3.9900,-0.0670,-0.2705,0.1364,0
334197,-4.4091,-3.2649,7.8368,0.7000,-5.3900,4.3400,0.0239,-0.1843,0.1484,0
334236,-4.4594,-3.2218,8.2676,1.6800,-4.9700,3.1500,0.0574,-0.1699,0.1077,0
334275,-4.5958,-3.1381,8.3418,4.2700,-4.6900,2.3800,0.1460,-0.1604,0.0814,0
334314,-4.8160,-2.7862,8.2820,3.4300,-2.8700,1.6100,0.1173,-0.0981,0.0551,0
334353,-4.6748,-2.8149,8.0929,-0.4200,-1.4700,0.0700,-0.0144,-0.0503,0.0024,0
334392,-4.7155,-3.2889,8.0522,-3.9900,1.8900,-1.0500,-0.1364,0.0646,-0.0359,0
334431,-4.1625,-3.3535,8.1049,2.5200,-2.2400,0.0000,0.0862,-0.0766,0.0000,0
334470,-4.0285,-2.5564,7.7865,10.5000,-5.1800,1.4000,0.3590,-0.1771,0.0479,0
334509,-4.1410,-1.8599,7.8104,5.1100,-0.1400,-0.2800,0.1747,-0.0048,-0.0096,0
334548,-4.7107,-2.4990,8.3610,-6.1600,6.5100,-1.6100,-0.2106,0.2226,-0.0551,0
334587,-5.4096,-3.3511,8.1599,14.7000,4.5500,-1.8900,0.5027,0.1556,-0.0646,0
334626,-5.0530,-3.0519,7.6764,4.6900,2.4500,-3.4300,0.1604,0.0838,-0.1173,0
334665,-4.8782,-2.4439,8.2605,2.6600,-1.1200,0.4200,0.0910,-0.0383,0.0144,0
334704,-4.6030,-2.4870,8.4591,-3.9200,-2.6600,2.1700,-0.1340,-0.0910,0.0742,0
334743,-4.5359,-3.0351,8.1025,-6.2300,0.0700,0.9100,-0.2130,0.0024,0.0311,0
334782,-5.1559,-3.4205,7.5376,-3.7100,5.4600,-1.0500,-0.1269,0.1867,-0.0359,0
334821,-5.3330,-4.0620,7.5160,-1.0500,1.4000,-3.3600,-0.0359,0.0479,-0.1149,0
334860,-4.9309,-3.3008,7.7195,10.7100,-8.7500,-2.3100,0.3662,-0.2992,-0.0790,0
334899,-4.5024,-2.4798,8.2293,8.4000,-12.8800,-0.7000,0.2872,-0.4404,-0.0239,0
334938,-4.2942,-2.3362,8.4926,1.2600,-17.7100,2.1700,0.0431,-0.6056,0.0742,0
334977,-4.3564,-2.6569,8.2772,-5.7400,-9.6600,4.9700,-0.1963,-0.3303,0.1699,0
335016,-4.4067,-2.9131,8.1647,-1.9600,-3.4300,4.7600,-0.0670,-0.1173,0.1628,0
335055,-4.8711,-2.9131,7.9804,4.9700,2.6600,1.5400,0.1699,0.0910,0.0527,0
335094,-4.6844,-2.9298,7.9565,1.5400,0.8400,-0.9800,0.0527,0.0287,-0.0335,0
335133,-4.4976,-2.9801,8.0737,2.3100,8.1200,-1.6800,0.0790,0.2777,-0.0574,0
335172,-4.4234,-3.0327,8.0833,3.2900,4.1300,-1.1200,0.1125,0.1412,-0.0383,0
335211,-4.4426,-2.8748,8.1743,5.1100,-0.2100,1.6100,0.1747,-0.0072,0.0551,0
335250,-4.8088,-2.8197,8.2628,2.1700,-0.3500,3.7100,0.0742,-0.0120,0.1269,0
335289,-4.5886,-2.7335,7.8487,2.6600,-0.7700,4.0600,0.0910,-0.0263,0.1388,0
335328,-4.8615,-3.1740,7.9301,-0.8400,2.6600,0.2100,-0.0287,0.0910,0.0072,0
335367,-4.8758,-3.2984,8.1503,3.4300,-3.5000,-0.5600,0.1173,-0.1197,-0.0191,0
335406,-4.7849,-2.5971,8.1025,7.2800,-6.9300,1.8200,0.2489,-0.2370,0.0622,0
335445,-4.6365,-2.1567,8.2605,4.2000,-8.0500,1.9600,0.1436,-0.2753,0.0670,0
335484,-4.4402,-2.1902,8.4400,-0.9800,-7.2800,1.2600,-0.0335,-0.2489,0.0431,0
335523,-4.3995,-2.5612,8.3921,-1.6800,-3.0800,0.1400,-0.0574,-0.1053,0.0048,0
335562,-4.1171,-2.7623,8.2222,-0.6300,-0.8400,-0.9800,-0.0215,-0.0287,-0.0335,0
335601,-4.1171,-2.7216,8.2126,0.1400,-1.1900,-1.3300,0.0048,-0.0407,-0.0455,0
335640,-4.2032,-2.4942,8.3753,-0.5600,-0.1400,-2.0300,-0.0191,-0.0048,-0.0694,0
335679,-4.3995,-2.8652,8.3394,-3.5000,3.7800,-4.2000,-0.1197,0.1293,-0.1436,0
335718,-4.5431,-3.0399,8.2054,-0.8400,4.9000,-3.8500,-0.0287,0.1676,-0.1317,0
335757,-4.6604,-2.9873,8.0905,-1.0500,5.8800,-2.8000,-0.0359,0.2011,-0.0957,0
335796,-4.7179,-2.9226,8.0426,-0.0700,4.9700,-1.8900,-0.0024,0.1699,-0.0646,0
335835,-4.7681,-2.7623,8.0354,0.4900,3.5700,-1.4000,0.0168,0.1221,-0.0479,0
335874,-4.7897,-2.9490,7.9995,-0.4900,2.3100,-1.3300,-0.0168,0.0790,-0.0455,0
335913,-4.8064,-3.0327,7.9421,-4.1300,4.8300,-2.9400,-0.1412,0.1652,-0.1005,0
335952,-4.8208,-2.8030,8.2892,-6.3000,4.7600,-1.8900,-0.2154,0.1628,-0.0646,0
335991,-4.5455,-2.9083,8.2557,-5.6000,4.2000,-0.0700,-0.1915,0.1436,-0.0024,0
336030,-4.3875,-3.0663,7.8272,-10.9900,7.7000,-0.3500,-0.3758,0.2633,-0.0120,0
336069,-4.2655,-3.5330,6.8410,-28.8400,23.4500,-5.8100,-0.9862,0.8019,-0.1987,0
336108,-5.6825,-3.1237,7.3676,-20.0900,14.7700,-2.3800,-0.6870,0.5051,-0.0814,0
336147,-6.5490,-3.0591,8.2844,-9.0300,1.9600,-0.9100,-0.3088,0.0670,-0.0311,0
336186,-5.0697,-4.0141,6.8147,-10.9900,-7.5600,-4.3400,-0.3758,-0.2585,-0.1484,0
336225,-4.9907,-4.4785,7.5950,-4.3400,-8.5400,-3.0100,-0.1484,-0.2920,-0.1029,0
336264,-4.6030,-3.8011,8.1240,5.1100,-13.5100,0.6300,0.1747,-0.4620,0.0215,0
336303,-3.7460,-3.2936,8.5644,8.6100,-12.4600,0.9100,0.2944,-0.4261,0.0311,0
336342,-3.4564,-2.7670,8.3514,9.4500,0.4900,-1.6800,0.3231,0.0168,-0.0574,0
336381,-4.5024,-3.1764,7.6644,5.6700,5.0400,-0.4900,0.1939,0.1723,-0.0168,0
336420,-4.3469,-3.2123,7.2360,4.6200,7.8400,9.5200,0.1580,0.2681,0.3255,0
336459,-4.6772,-3.1381,8.2389,3.5700,-2.3100,15.5400,0.1221,-0.0790,0.5314,0
336498,-5.2708,-1.4362,8.1599,10.2200,-10.6400,13.0200,0.3495,-0.3638,0.4452,0
336537,-6.2881,-2.7575,7.8487,-2.5200,3.1500,1.0500,-0.0862,0.1077,0.0359,0
336576,-5.4240,-4.7059,7.4538,-10.5000,4.4800,-1.0500,-0.3590,0.1532,-0.0359,0
336615,-4.6867,-4.7753,7.4155,0.9800,-0.4200,1.8200,0.0335,-0.0144,0.0622,0
336654,-4.5742,-3.6766,7.5471,11.5500,-12.7400,-3.6400,0.3950,-0.4356,-0.1245,0
336693,-4.3732,-3.0256,7.8368,20.2300,-14.7700,-5.9500,0.6918,-0.5051,-0.2035,0
336732,-3.9639,-2.8556,8.5333,21.7700,-15.1900,-4.7600,0.7444,-0.5194,-0.1628,0
336771,-3.4851,-2.5708,8.3011,12.8100,-10.9900,0.6300,0.4380,-0.3758,0.0215,0
336810,-4.3995,-2.3266,8.3586,8.2600,-10.0800,7.9100,0.2824,-0.3447,0.2705,0
336849,-4.5312,-2.2141,8.4256,3.7800,-11.1300,6.2300,0.1293,-0.3806,0.2130,0
336888,-4.3253,-2.4918,8.2533,-3.1500,-15.6100,4.0600,-0.1077,-0.5338,0.1388,0
336927,-4.2320,-2.4678,8.5118,-6.1600,-19.2500,3.4300,-0.2106,-0.6583,0.1173,0
336966,-4.3397,-2.4104,8.5046,-0.2100,-2.8700,4.1300,-0.0072,-0.0981,0.1412,0
337005,-4.5264,-2.6905,8.2222,-2.6600,8.0500,2.3800,-0.0910,0.2753,0.0814,0
337044,-4.3062,-3.1931,8.2652,-6.0900,-1.2600,-0.8400,-0.2082,-0.0431,-0.0287,0
337083,-4.3205,-3.3463,8.2222,-2.8700,-2.4500,0.8400,-0.0981,-0.0838,0.0287,0
337122,-4.4929,-2.9561,8.2676,-0.4200,-3.1500,1.6100,-0.0144,-0.1077,0.0551,0
337161,-4.5168,-3.0495,8.2413,-1.6100,-0.8400,0.2800,-0.0551,-0.0287,0.0096,0
337200,-4.5240,-3.3918,8.1695,0.3500,-2.4500,0.0000,0.0120,-0.0838,0.0000,0
337239,-4.5766,-3.0998,8.2102,4.2700,-2.3800,-0.1400,0.1460,-0.0814,-0.0048,0
337278,-4.2703,-2.7311,8.3179,4.9000,-5.0400,0.7000,0.1676,-0.1723,0.0239,0
337317,-4.1984,-2.5660,8.5118,4.0600,-7.0700,0.9100,0.1388,-0.2418,0.0311,0
337356,-4.1195,-2.6809,8.4902,-0.9100,-6.0200,0.6300,-0.0311,-0.2059,0.0215,0
337395,-4.0022,-2.7886,8.3490,2.2400,-3.8500,0.7000,0.0766,-0.1317,0.0239,0
337434,-4.0261,-2.7527,8.4663,1.9600,-3.5000,-0.2800,0.0670,-0.1197,-0.0096,0
337473,-3.9639,-2.7072,8.4687,2.3800,-1.1200,-0.6300,0.0814,-0.0383,-0.0215,0
337512,-4.0405,-2.8532,8.4495,0.5600,1.5400,0.1400,0.0191,0.0527,0.0048,0
337551,-4.0022,-2.8436,8.4041,1.4700,-1.4000,1.0500,0.0503,-0.0479,0.0359,0
337590,-3.9878,-2.5014,8.4495,2.2400,-1.5400,2.1700,0.0766,-0.0527,0.0742,0
337629,-3.9830,-2.4104,8.5214,-0.9100,-1.4700,2.1000,-0.0311,-0.0503,0.0718,0
337668,-4.0835,-2.5732,8.4352,-2.0300,1.1200,1.5400,-0.0694,0.0383,0.0527,0
337707,-4.1482,-3.0088,8.3825,-0.7700,4.2000,0.2100,-0.0263,0.1436,0.0072,0
337746,-3.9902,-2.8556,8.4448,2.0300,5.5300,0.3500,0.0694,0.1891,0.0120,0
337785,-4.0141,-2.6952,8.4280,1.2600,5.6000,0.0000,0.0431,0.1915,0.0000,0
337824,-4.2200,-2.6306,8.3538,1.6100,3.0800,0.0000,0.0551,0.1053,0.0000,0
337863,-4.5359,-2.6617,8.4113,-0.0700,3.7800,-0.7700,-0.0024,0.1293,-0.0263,0
337902,-4.5958,-2.8149,8.3658,0.5600,1.9600,-2.1700,0.0191,0.0670,-0.0742,0
337941,-4.6054,-2.9059,8.2413,0.3500,0.9100,-2.2400,0.0120,0.0311,-0.0766,0
337980,-4.4139,-2.8269,8.2820,1.0500,-1.8900,-1.1200,0.0359,-0.0646,-0.0383,0
338019,-4.3301,-2.8030,8.2557,1.4700,-3.2200,-0.0700,0.0503,-0.1101,-0.0024,0
338058,-4.1841,-2.6593,8.2868,1.5400,-4.4100,-0.0700,0.0527,-0.1508,-0.0024,0
338097,-4.0141,-2.9107,8.3610,0.4900,-2.7300,0.0000,0.0168,-0.0934,0.0000,0
338136,-3.8992,-2.9083,8.4376,5.7400,1.2600,0.2100,0.1963,0.0431,0.0072,0
338175,-4.2726,-2.6737,8.4687,5.1100,5.4600,-1.1200,0.1747,0.1867,-0.0383,0
338214,-4.2870,-2.6761,8.4352,1.7500,3.5700,-1.6100,0.0598,0.1221,-0.0551,0
338253,-4.1554,-2.5827,8.3801,0.8400,3.5700,0.0700,0.0287,0.1221,0.0024,0
338292,-4.2152,-2.5085,8.3730,-0.2100,1.6100,1.6800,-0.0072,0.0551,0.0574,0
338331,-4.2655,-2.5588,8.3035,0.2800,2.5900,2.1700,0.0096,0.0886,0.0742,0
338370,-4.3947,-2.7048,8.3658,-0.3500,4.9000,1.0500,-0.0120,0.1676,0.0359,0
338409,-4.5192,-3.0016,8.2245,-1.7500,5.2500,0.0000,-0.0598,0.1795,0.0000,0
338448,-4.4498,-2.8484,8.2317,1.7500,1.6800,0.1400,0.0598,0.0574,0.0048,0
338487,-4.4833,-2.4942,8.3251,1.7500,-0.2100,0.0000,0.0598,-0.0072,0.0000,0
338526,-4.4881,-2.7335,8.3299,-0.4900,0.2100,-0.1400,-0.0168,0.0072,-0.0048,0
338565,-4.3636,-2.8413,8.2676,-0.2800,-1.3300,0.2800,-0.0096,-0.0455,0.0096,0
338604,-4.2559,-2.6402,8.3107,0.7700,-3.8500,0.0000,0.0263,-0.1317,0.0000,0
338643,-4.3133,-2.5875,8.3753,0.2800,-3.7800,0.1400,0.0096,-0.1293,0.0048,0
338682,-4.4905,-2.6330,8.3682,-0.6300,-1.4700,-0.0700,-0.0215,-0.0503,-0.0024,0
338721,-4.4450,-2.8030,8.2389,-0.1400,0.1400,-0.4200,-0.0048,0.0048,-0.0144,0
338760,-4.4354,-3.1261,8.2102,0.2800,2.5200,-0.9100,0.0096,0.0862,-0.0311,0
338799,-4.2655,-2.9274,8.2820,4.7600,-0.7700,0.2800,0.1628,-0.0263,0.0096,0
338838,-4.0931,-2.4774,8.3634,3.7100,-4.2000,2.1000,0.1269,-0.1436,0.0718,0
338877,-4.0955,-2.3314,8.4017,-0.4900,-7.4900,2.6600,-0.0168,-0.2561,0.0910,0
338916,-4.3038,-2.4080,8.4304,-2.0300,-4.4100,2.1000,-0.0694,-0.1508,0.0718,0
338955,-4.4426,-2.5827,8.4376,-1.8900,0.9800,0.4900,-0.0646,0.0335,0.0168,0
338994,-4.3732,-2.7216,8.4495,-1.1900,-0.6300,-0.7000,-0.0407,-0.0215,-0.0239,0
339033,-4.2320,-2.6617,8.3706,-1.8200,-0.6300,-0.0700,-0.0622,-0.0215,-0.0024,0
339072,-4.1625,-2.8197,8.2844,-1.3300,2.2400,1.1200,-0.0455,0.0766,0.0383,0
339111,-4.2224,-2.8053,8.1910,0.6300,4.9700,1.5400,0.0215,0.1699,0.0527,0
339150,-4.3851,-2.8173,8.3251,1.3300,5.9500,0.4900,0.0455,0.2035,0.0168,0
339189,-4.4354,-2.8030,8.2964,2.8700,6.1600,-0.1400,0.0981,0.2106,-0.0048,0
339228,-4.5383,-2.8053,8.3849,1.8200,5.3200,-0.1400,0.0622,0.1819,-0.0048,0
339267,-4.6508,-2.8987,8.2341,1.7500,5.9500,0.1400,0.0598,0.2035,0.0048,0
339306,-4.5455,-2.6857,8.1336,2.6600,3.0100,0.1400,0.0910,0.1029,0.0048,0
339345,-4.5647,-2.5037,8.0833,2.5200,0.6300,0.8400,0.0862,0.0215,0.0287,0
339384,-4.4833,-2.5923,8.1815,1.5400,-1.6800,1.1900,0.0527,-0.0574,0.0407,0
339423,-4.2463,-2.5373,8.3418,1.3300,-4.7600,1.0500,0.0455,-0.1628,0.0359,0
339462,-4.2104,-2.5253,8.4256,-0.1400,-4.6200,1.1900,-0.0048,-0.1580,0.0407,0
339501,-4.1003,-2.5253,8.4735,-0.7700,-2.1000,1.1900,-0.0263,-0.0718,0.0407,0
339540,-4.4546,-2.4200,8.4711,-0.6300,1.4000,0.1400,-0.0215,0.0479,0.0048,0
339579,-4.6389,-2.6761,8.3921,-1.8200,4.3400,-1.8900,-0.0622,0.1484,-0.0646,0
339618,-4.5838,-2.9561,8.2078,-1.8900,5.1100,-2.5900,-0.0646,0.1747,-0.0886,0
339657,-4.6748,-3.0495,8.0761,-0.1400,2.6600,-1.1900,-0.0048,0.0910,-0.0407,0
339696,-4.7346,-2.8628,8.0522,3.1500,0.4200,0.0700,0.1077,0.0144,0.0024,0
339735,-4.6652,-2.7000,8.0474,2.7300,-1.1200,0.6300,0.0934,-0.0383,0.0215,0
339774,-4.5695,-2.6474,8.2222,2.3100,-4.2000,1.5400,0.0790,-0.1436,0.0527,0
339813,-4.4689,-2.5564,8.3490,3.4300,-4.2700,2.0300,0.1173,-0.1460,0.0694,0
339852,-4.2391,-2.5085,8.3682,3.4300,-3.5000,1.0500,0.1173,-0.1197,0.0359,0
339891,-3.8609,-2.2452,8.4017,1.6800,-4.1300,0.7000,0.0574,-0.1412,0.0239,0
339930,-4.4067,-2.4415,8.5644,-1.3300,0.6300,0.1400,-0.0455,0.0215,0.0048,0
339969,-4.4067,-2.8652,8.3969,-2.5900,2.6600,-1.6100,-0.0886,0.0910,-0.0551,0
340008,-4.5910,-3.0471,8.2126,-2.1700,3.7100,-2.5200,-0.0742,0.1269,-0.0862,0
340047,-4.7873,-3.0088,8.1144,0.7700,3.0800,-2.4500,0.0263,0.1053,-0.0838,0
340086,-4.7586,-2.7790,7.9948,3.3600,2.5200,-2.1000,0.1149,0.0862,-0.0718,0
340125,-4.7083,-2.8293,8.0187,2.6600,0.3500,-1.2600,0.0910,0.0120,-0.0431,0
340164,-4.5503,-2.5205,8.2413,6.0200,-5.3200,1.1200,0.2059,-0.1819,0.0383,0
340203,-4.3325,-2.4319,8.4663,3.7100,-7.9100,2.2400,0.1269,-0.2705,0.0766,0
340242,-3.9088,-2.3865,8.5118,0.4900,-9.1000,2.8700,0.0168,-0.3112,0.0981,0
340281,-3.9016,-2.3003,8.4855,-0.8400,-5.3200,2.8700,-0.0287,-0.1819,0.0981,0
340320,-4.0716,-2.3721,8.5214,-1.6100,-0.2800,0.9800,-0.0551,-0.0096,0.0335,0
340359,-4.3445,-2.6354,8.3347,-3.5700,4.7600,-2.0300,-0.1221,0.1628,-0.0694,0
340398,-4.6484,-2.9825,8.2317,-2.4500,5.1100,-1.8200,-0.0838,0.1747,-0.0622,0
340437,-4.6413,-2.8604,8.0833,0.5600,1.6800,-0.3500,0.0191,0.0574,-0.0120,0
340476,-4.6197,-2.7216,8.0977,0.5600,-2.3800,0.8400,0.0191,-0.0814,0.0287,0
340515,-4.5790,-2.6905,8.2317,0.4900,-4.5500,1.7500,0.0168,-0.1556,0.0598,0
340554,-4.4043,-2.6043,8.3801,1.8900,-4.9700,2.6600,0.0646,-0.1699,0.0910,0
340593,-4.2942,-2.6210,8.4759,2.8700,-2.8700,2.6600,0.0981,-0.0981,0.0910,0
340632,-4.1889,-2.4272,8.4352,2.5900,-0.3500,1.4000,0.0886,-0.0120,0.0479,0
340671,-4.1913,-2.5277,8.4591,0.5600,1.8900,0.1400,0.0191,0.0646,0.0048,0
340710,-4.1625,-2.4750,8.3777,0.3500,1.7500,0.2800,0.0120,0.0598,0.0096,0
340749,-4.2990,-2.5181,8.3131,0.0000,2.0300,0.0000,0.0000,0.0694,0.0000,0
340788,-4.3636,-2.5181,8.2844,-1.1900,2.1000,0.1400,-0.0407,0.0718,0.0048,0
340827,-4.6102,-2.7048,8.2892,-1.0500,2.8700,0.2800,-0.0359,0.0981,0.0096,0
340866,-4.5742,-2.8867,8.2365,0.4900,1.6100,0.5600,0.0168,0.0551,0.0191,0
340905,-4.3899,-2.5899,8.3011,2.1700,-0.1400,0.9800,0.0742,-0.0048,0.0335,0
340944,-4.3947,-2.4774,8.2461,0.7000,0.2100,1.1900,0.0239,0.0072,0.0407,0
340983,-4.3588,-2.5899,8.3801,0.0700,-0.8400,1.2600,0.0024,-0.0287,0.0431,0
341022,-4.4091,-2.4631,8.3945,1.3300,-1.1200,0.7000,0.0455,-0.0383,0.0239,0
341061,-4.5910,-2.5205,8.3586,0.7700,0.4900,-0.5600,0.0263,0.0168,-0.0191,0
341100,-4.4689,-2.6976,8.2676,-0.7000,0.4200,-1.6100,-0.0239,0.0144,-0.0551,0
341139,-4.4306,-2.6091,8.2605,0.7000,-1.1200,-0.1400,0.0239,-0.0383,-0.0048,0
341178,-4.5551,-2.5014,8.3442,0.2100,-1.3300,0.6300,0.0072,-0.0455,0.0215,0
341217,-4.3421,-2.7048,8.3059,-0.9800,-1.3300,-0.4900,-0.0335,-0.0455,-0.0168,0
341256,-4.4905,-2.5373,8.4926,-9.3100,8.4000,-3.0100,-0.3184,0.2872,-0.1029,0
341295,-4.8639,-2.7814,8.3155,-3.2900,5.5300,-0.6300,-0.1125,0.1891,-0.0215,0
341334,-4.4713,-2.5995,8.2964,-0.2800,0.9800,0.9800,-0.0096,0.0335,0.0335,0
341373,-4.2415,-2.5684,8.3131,-3.4300,2.3100,1.8900,-0.1173,0.0790,0.0646,0
341412,-4.3851,-2.5660,8.7966,-11.2000,7.9100,-0.4200,-0.3830,0.2705,-0.0144,0
341451,-3.7508,-2.7527,8.4783,-30.1700,20.3700,-7.9100,-1.0317,0.6965,-0.2705,0
341490,-4.7131,-3.1117,7.5471,-32.9700,27.3700,-12.3900,-1.1274,0.9359,-0.4237,0
341529,-5.7735,-4.0046,7.5591,-16.3100,18.1300,-11.4100,-0.5577,0.6200,-0.3902,0
341568,-5.0075,-4.3062,8.0187,-2.6600,1.1900,-1.4700,-0.0910,0.0407,-0.0503,0
341607,-3.8059,-3.8107,8.1743,4.4800,0.0700,5.0400,0.1532,0.0024,0.1723,0
341646,-3.0663,-3.0567,7.8894,5.1100,12.6700,5.6700,0.1747,0.4332,0.1939,0
341685,-3.5354,-2.6881,7.3892,0.4900,23.5900,-0.5600,0.0168,0.8067,-0.0191,0
341724,-4.1386,-3.3319,7.3461,-0.3500,23.8000,-3.9900,-0.0120,0.8138,-0.1364,0
341763,-4.5048,-3.6718,7.2910,3.0100,19.5300,-5.3200,0.1029,0.6678,-0.1819,0
341802,-4.4857,-3.3367,7.4299,10.2900,15.4000,-3.7100,0.3519,0.5266,-0.1269,0
341841,-4.7490,-2.7982,7.6956,23.4500,31.7800,-7.0000,0.8019,1.0867,-0.2394,0
341880,-5.4790,-2.5253,6.8410,15.3300,67.2000,-9.3800,0.5242,2.2979,-0.3207,0
341919,-7.1737,-2.8053,7.0373,9.2400,77.2100,-13.7200,0.3160,2.6402,-0.4692,0
341958,-7.8392,-2.6043,6.7213,7.9800,55.9300,-17.9900,0.2729,1.9125,-0.6152,0
341997,-7.0229,-1.6468,7.0158,5.0400,43.2600,-26.1800,0.1723,1.4793,-0.8952,0
342036,-4.8519,-0.6200,6.9607,12.7400,39.9000,-38.2900,0.4356,1.3644,-1.3093,0
342075,-4.3205,-1.2686,5.7974,-2.6600,55.3000,-54.3200,-0.0910,1.8910,-1.8575,0
342114,-5.4216,-3.3415,5.4288,-17.6400,55.1600,-45.9200,-0.6032,1.8862,-1.5702,0
342153,-7.9660,-5.1870,5.2133,-38.3600,76.5800,-38.2200,-1.3117,2.6186,-1.3069,0
342192,-8.5238,-5.3570,4.5934,-12.8100,61.3900,-41.5100,-0.4380,2.0992,-1.4194,0
342231,-8.0067,-5.0195,3.7556,2.8700,49.6300,-48.6500,0.0981,1.6971,-1.6636,0
342270,-7.8152,-4.3373,3.2554,-0.1400,46.0600,-53.5500,-0.0048,1.5750,-1.8311,0
342309,-7.3940,-5.2253,3.4062,-2.2400,37.9400,-55.4400,-0.0766,1.2974,-1.8958,0
342348,-6.5346,-6.2737,3.7939,2.2400,28.2100,-49.7000,0.0766,0.9646,-1.6995,0
342387,-6.5681,-7.0708,3.3367,-4.2000,41.2300,-44.9400,-0.1436,1.4099,-1.5367,0
342426,-7.1498,-7.7506,4.2296,13.3000,46.9000,-40.1100,0.4548,1.6037,-1.3716,0
342465,-7.5567,-7.6429,3.6383,7.2100,49.7000,-38.2900,0.2465,1.6995,-1.3093,0
342504,-7.5950,-7.3892,3.5139,1.8200,44.3100,-43.9600,0.0622,1.5152,-1.5032,0
342543,-7.7626,-6.8769,2.8341,-4.4800,43.7500,-52.4300,-0.1532,1.4960,-1.7928,0
342582,-7.2479,-6.1301,2.6091,-24.7800,43.0500,-59.3600,-0.8473,1.4721,-2.0298,0
342621,-6.8267,-7.0110,2.1567,-29.9600,26.7400,-66.2900,-1.0245,0.9144,-2.2668,0
342660,-6.0463,-7.6333,1.6875,-28.9800,23.6600,-68.8100,-0.9910,0.8091,-2.3529,0
342699,-6.1732,-7.9397,1.1920,-16.8000,25.2000,-70.6300,-0.5745,0.8617,-2.4152,0
342738,-6.0439,-8.1192,1.0843,-1.5400,12.6000,-64.6800,-0.0527,0.4309,-2.2117,0
342777,-5.8692,-8.3155,0.8378,5.8800,17.0800,-66.0100,0.2011,0.5840,-2.2572,0
342816,-6.6711,-9.0264,1.2710,22.8200,4.5500,-64.6800,0.7803,0.1556,-2.2117,0
342855,-5.6131,-11.2238,1.9197,12.8100,-18.4100,-54.1100,0.4380,-0.6295,-1.8503,0
342894,-4.7897,-12.2435,1.3979,-0.7700,-30.9400,-46.9000,-0.0263,-1.0580,-1.6037,0
342933,-3.5641,-11.4057,2.0226,13.6500,-31.0100,-45.9200,0.4668,-1.0604,-1.5702,0
342972,-3.6886,-10.0581,2.0896,25.8300,-30.5900,-37.7300,0.8833,-1.0460,-1.2902,0
343011,-2.9514,-10.2591,3.1405,33.6700,-38.5000,-33.1100,1.1513,-1.3165,-1.1322,0
343050,-1.9532,-10.6062,3.7317,36.4000,-34.8600,-36.7500,1.2447,-1.1920,-1.2567,0
343089,-3.0399,-8.7368,3.7173,29.7500,-20.7900,-38.9200,1.0173,-0.7109,-1.3309,0
343128,-3.6838,-8.1480,3.6431,22.0500,-32.0600,-33.6000,0.7540,-1.0963,-1.1489,0
343167,-3.0160,-8.0474,4.1817,10.2200,-40.8100,-27.0200,0.3495,-1.3955,-0.9239,0
343206,-3.2769,-8.8636,3.1022,-12.1100,-42.0700,-27.5800,-0.4141,-1.4386,-0.9431,0
343245,-3.1524,-8.9570,5.4910,-45.9200,-40.6700,-34.2300,-1.5702,-1.3907,-1.1705,0
343284,-2.0059,-8.4998,3.8753,0.9100,-70.9800,-19.0400,0.0311,-2.4272,-0.6511,0
343323,-2.4367,-9.3352,3.8514,17.4300,-67.9000,-10.2900,0.5960,-2.3218,-0.3519,0
343362,-0.3543,-8.2102,3.4085,24.1500,-83.4400,8.4700,0.8258,-2.8532,0.2896,0
343401,0.8833,-7.5854,2.2979,41.7900,-99.5400,32.1300,1.4290,-3.4038,1.0987,0
343440,0.5529,-3.5139,3.4373,51.8000,-66.0800,50.8900,1.7713,-2.2596,1.7402,0
343479,-0.0215,-4.1865,2.3147,-21.3500,-55.0200,58.0300,-0.7301,-1.8814,1.9843,0
343518,0.1436,-6.8841,3.5593,-63.0000,-43.7500,58.2400,-2.1543,-1.4960,1.9915,0
343557,-1.3165,-6.9631,0.9790,-47.7400,-47.8100,47.4600,-1.6325,-1.6349,1.6229,0
343596,-1.0556,-5.4024,0.6152,-74.3400,-50.9600,28.5600,-2.5420,-1.7426,0.9766,0
343635,1.7426,-7.1785,-0.0622,-129.2200,-54.8100,5.8100,-4.4187,-1.8742,0.1987,0
343674,3.0734,-9.2227,0.5075,-113.2600,-28.4900,-16.6600,-3.8729,-0.9742,-0.5697,0
343713,2.3721,-12.0639,4.2726,-96.3200,-3.0800,-46.7600,-3.2936,-0.1053,-1.5990,0
343752,2.8508,-12.4613,-2.0849,-66.6400,-6.5800,-46.1300,-2.2787,-0.2250,-1.5774,0
343791,-1.2447,-13.9717,3.6335,-65.8700,12.3900,-42.0000,-2.2524,0.4237,-1.4362,0
343830,1.4314,-13.3086,-1.6684,-67.2000,6.5800,-21.0000,-2.2979,0.2250,-0.7181,0
343869,-0.4045,-13.2751,1.3117,37.1000,6.0200,-17.7100,1.2686,0.2059,-0.6056,0
343908,3.3846,-8.5333,-3.3583,-53.6900,40.4600,-25.6200,-1.8359,1.3835,-0.8761,0
343947,2.9178,-10.2113,-1.3739,-30.8700,54.6000,-20.4400,-1.0556,1.8670,-0.6989,0
343986,3.4564,-13.5528,-2.1399,-116.2000,87.9900,-11.4800,-3.9734,3.0088,-0.3926,0
344025,3.5833,-16.6765,-2.6186,-89.1800,84.7000,-20.8600,-3.0495,2.8963,-0.7133,0
344064,1.5607,-14.7137,-2.1136,-34.9300,116.1300,-50.5400,-1.1944,3.9710,-1.7282,0
344103,-0.1149,-9.6081,-2.1208,38.2200,70.2100,-59.5700,1.3069,2.4008,-2.0370,0
344142,0.5649,-9.3783,-1.0029,37.5900,31.7100,-59.1500,1.2854,1.0843,-2.0226,0
344181,2.5827,-10.0294,-1.6684,21.0700,-4.1300,-55.9300,0.7205,-0.1412,-1.9125,0
344220,4.3899,-9.4501,-1.0364,15.3300,-8.1900,-72.8700,0.5242,-0.2801,-2.4918,0
344259,4.2607,-8.8948,-2.3242,-3.0100,2.1700,-81.6200,-0.1029,0.0742,-2.7910,0
344298,4.2846,-9.7134,-1.9819,-9.1000,19.3900,-74.1300,-0.3112,0.6630,-2.5349,0
344337,4.6149,-9.2299,-2.9442,-12.2500,29.4700,-68.0400,-0.4189,1.0077,-2.3266,0
344376,4.7035,-8.5525,-2.5708,-6.7900,23.3100,-58.4500,-0.2322,0.7971,-1.9987,0
344415,3.9399,-6.9607,-2.4343,-0.6300,31.2200,-54.0400,-0.0215,1.0676,-1.8479,0
344454,3.2123,-6.2330,-1.5247,-8.5400,21.4900,-52.0800,-0.2920,0.7348,-1.7809,0
344493,4.4857,-6.6687,-1.1370,2.3800,7.9800,-44.6600,0.0814,0.2729,-1.5271,0
344532,4.4833,-6.3982,-0.9766,24.2900,-1.3300,-47.4600,0.8306,-0.0455,-1.6229,0
344571,4.6389,-5.9506,-1.3141,39.4800,-21.4900,-40.7400,1.3500,-0.7348,-1.3931,0
344610,4.3612,-6.7788,-0.4620,39.9700,0.6300,-24.1500,1.3668,0.0215,-0.8258,0
344649,5.4790,-7.2168,-0.7229,72.8000,-21.6300,-7.9100,2.4894,-0.7396,-0.2705,0
344688,5.7017,-6.6352,-0.1891,73.2900,-26.9500,-13.5800,2.5061,-0.9216,-0.4644,0
344727,6.4054,-5.5437,-1.6061,78.4000,-48.4400,-23.4500,2.6809,-1.6564,-0.8019,0
344766,5.9099,-6.1349,-1.3021,66.3600,-52.9900,-13.7900,2.2692,-1.8120,-0.4715,0
344805,7.2001,-6.7189,-1.6205,55.7900,-53.8300,-6.5800,1.9077,-1.8407,-0.2250,0
344844,6.8937,-6.7070,-1.7282,52.7800,-37.6600,-5.3200,1.8048,-1.2878,-0.1819,0
344883,7.0158,-6.5299,-1.5200,58.8000,-33.1100,-3.9900,2.0107,-1.1322,-0.1364,0
344922,6.1732,-6.0296,-2.5588,66.7100,-22.5400,-3.1500,2.2811,-0.7708,-0.1077,0
344961,6.4772,-5.9841,-4.0022,113.4000,-38.6400,11.1300,3.8777,-1.3213,0.3806,0
345000,6.3431,-7.1905,-3.3008,145.1100,-24.8500,31.7100,4.9620,-0.8497,1.0843,0
345039,6.2618,-7.7219,-0.7612,127.8200,25.0600,45.9200,4.3708,0.8569,1.5702,0
345078,5.8309,-5.8955,1.5415,97.3000,10.3600,64.0500,3.3272,0.3543,2.1902,0
345117,5.8333,-5.1272,2.4415,106.7500,-102.3400,65.1700,3.6503,-3.4995,2.2285,0
345156,9.6296,-5.6993,-1.1466,91.7700,-145.3900,64.0500,3.1381,-4.9716,2.1902,0
345195,8.6793,-6.3671,0.9407,-17.5000,-69.5100,70.9800,-0.5984,-2.3769,2.4272,0
345234,4.6604,-8.4041,4.6963,-9.3800,-103.4600,61.2500,-0.3207,-3.5378,2.0944,0
345273,5.6442,-10.0677,2.8460,45.1500,-134.8900,45.7100,1.5439,-4.6125,1.5630,0
345312,7.9086,-9.8905,-0.8378,32.4800,-158.5500,20.5800,1.1106,-5.4216,0.7037,0
345351,8.6698,-8.6219,-1.4051,13.7200,-152.8100,21.4900,0.4692,-5.2253,0.7348,0
345390,6.0990,-7.7937,0.6846,7.9800,-142.5200,32.4100,0.2729,-4.8735,1.1083,0
345429,6.3408,-8.8373,0.7372,38.2200,-147.2100,42.3500,1.3069,-5.0338,1.4482,0
345468,6.0248,-8.8445,-0.8761,38.7100,-148.4700,41.5100,1.3237,-5.0769,1.4194,0
345507,5.5389,-8.6602,-2.1303,46.3400,-128.7300,41.3700,1.5846,-4.4019,1.4146,0
345546,4.0141,-7.9756,-1.5966,45.0100,-109.2700,43.2600,1.5391,-3.7365,1.4793,0
345585,3.5569,-8.3347,-0.9263,52.1500,-103.5300,39.2700,1.7833,-3.5402,1.3428,0
345624,2.7431,-8.0354,-1.5774,58.7300,-94.2200,13.7200,2.0083,-3.2218,0.4692,0
345663,1.6157,-7.4466,-3.1022,38.0800,-74.4800,-54.1800,1.3021,-2.5468,-1.8527,0
345702,-0.2011,-5.4910,-4.3397,1.1900,-64.5400,-90.3700,0.0407,-2.2069,-3.0902,0
345741,0.4763,-6.1086,-4.7657,-31.1500,-61.6700,-112.2800,-1.0652,-2.1088,-3.8394,0
345780,2.7072,-4.8878,-1.8718,-17.4300,-52.2900,-115.5000,-0.5960,-1.7880,-3.9495,0
345819,15.2475,-9.4740,-0.9072,11.5500,-51.6600,-65.1000,0.3950,-1.7665,-2.2261,0
345858,12.9328,-9.9911,-2.3889,38.0100,-6.9300,-39.1300,1.2997,-0.2370,-1.3380,0
345897,8.6841,-8.7847,-0.6487,-10.5000,15.0500,-56.4900,-0.3590,0.5146,-1.9317,0
345936,7.8296,-8.9402,-1.0436,-2.7300,-4.4100,-29.1200,-0.0934,-0.1508,-0.9958,0
345975,8.4974,-10.0868,-0.5338,14.6300,-0.3500,-10.2900,0.5003,-0.0120,-0.3519,0
346014,7.5041,-8.5190,-0.8378,36.7500,-10.2200,-20.5800,1.2567,-0.3495,-0.7037,0
346053,6.4365,-7.0469,-0.5721,37.3800,-13.3700,-32.0600,1.2782,-0.4572,-1.0963,0
346092,5.8333,-5.9602,-0.2418,59.7800,-35.8400,-31.2900,2.0442,-1.2255,-1.0700,0
346131,5.8477,-4.0093,-0.2585,62.0200,-37.9400,-34.5100,2.1208,-1.2974,-1.1801,0
346170,6.4078,-3.4109,-0.8545,59.0100,-38.6400,-25.1300,2.0178,-1.3213,-0.8593,0
346209,7.0780,-3.5019,-1.1011,43.4700,-15.8200,-11.4800,1.4865,-0.5410,-0.3926,0
346248,8.2054,-4.3899,-1.1489,33.1800,-6.0900,-5.4600,1.1346,-0.2082,-0.1867,0
346287,8.4974,-5.9506,-0.9790,22.1200,-9.1000,0.2800,0.7564,-0.3112,0.0096,0
346326,7.8440,-7.2049,-0.4979,14.9800,-17.4300,4.4100,0.5122,-0.5960,0.1508,0
346365,8.2772,-7.0541,0.0072,11.1300,-32.8300,0.1400,0.3806,-1.1226,0.0048,0
346404,9.0623,-6.8482,-0.6439,12.3900,-22.1900,3.1500,0.4237,-0.7588,0.1077,0
346443,8.6769,-7.9229,-0.5673,17.1500,-13.0200,2.0300,0.5864,-0.4452,0.0694,0
346482,8.3442,-7.6237,-0.3926,23.0300,-16.8000,-7.4200,0.7875,-0.5745,-0.2537,0
346521,8.4615,-6.3360,-0.6152,11.3400,-17.7100,-16.3100,0.3878,-0.6056,-0.5577,0
346560,7.8152,-7.7434,-1.0245,6.7900,-30.2400,-9.2400,0.2322,-1.0341,-0.3160,0
346599,6.3120,-7.3987,-0.8713,2.3800,-24.2900,-2.9400,0.0814,-0.8306,-0.1005,0
346638,6.6950,-7.2288,-0.8426,24.7100,-10.7800,8.6800,0.8450,-0.3686,0.2968,0
346677,6.2043,-7.7721,-1.8838,52.3600,3.8500,0.4200,1.7904,0.1317,0.0144,0
346716,5.6562,-7.5567,-1.8862,67.2000,21.0000,-13.8600,2.2979,0.7181,-0.4739,0
346755,5.7136,-7.6166,-2.1710,97.6500,25.8300,-12.0400,3.3391,0.8833,-0.4117,0
346794,5.3115,-7.4825,-1.3093,117.0400,20.7900,4.7600,4.0022,0.7109,0.1628,0
346833,7.0541,-5.3091,-0.3758,89.8100,25.3400,22.1200,3.0710,0.8665,0.7564,0
346872,9.4549,-3.7796,-0.6678,51.0300,-3.9900,48.0900,1.7450,-0.1364,1.6444,0
346911,7.9804,-6.5394,-0.6726,55.4400,-38.0100,61.6700,1.8958,-1.2997,2.1088,0
346950,8.2078,-8.4687,0.5864,55.5800,-61.9500,66.4300,1.9006,-2.1184,2.2716,0
346989,8.3442,-9.4429,2.4128,10.0800,-39.9000,36.9600,0.3447,-1.3644,1.2638,0
347028,6.4820,-5.1176,0.6176,10.0800,-74.0600,18.5500,0.3447,-2.5325,0.6343,0
347067,5.1415,-2.6833,0.8282,-12.4600,-89.8100,24.7800,-0.4261,-3.0710,0.8473,0
347106,4.1601,-3.3104,0.5505,-28.3500,-103.4600,68.8100,-0.9694,-3.5378,2.3529,0
347145,4.6987,-7.6812,1.9963,-21.2800,-87.4300,112.0000,-0.7277,-2.9897,3.8298,0
347184,5.1487,-12.2530,4.1865,-10.3600,-114.7300,66.6400,-0.3543,-3.9232,2.2787,0
347223,6.2426,-9.8115,-1.0221,-6.9300,-157.7100,10.7800,-0.2370,-5.3929,0.3686,0
347262,6.9128,-10.0605,-2.6402,20.3700,-136.0800,28.0700,0.6965,-4.6532,0.9598,0
347301,5.7782,-10.3357,-1.6133,8.5400,-123.9700,39.2000,0.2920,-4.2391,1.3404,0
347340,5.0841,-10.6206,-1.1825,12.2500,-103.8100,43.9600,0.4189,-3.5498,1.5032,0
347379,4.5695,-10.5464,-2.3434,33.3900,-109.5500,28.6300,1.1418,-3.7460,0.9790,0
347418,3.6790,-9.5554,-2.4798,34.0900,-86.6600,7.0000,1.1657,-2.9633,0.2394,0
347457,2.6450,-8.5142,-2.9298,27.3000,-47.5300,-40.4600,0.9335,-1.6253,-1.3835,0
347496,0.8809,-7.3844,-2.4870,34.5800,-34.7900,-67.6900,1.1825,-1.1896,-2.3147,0
347535,-0.2082,-6.4389,-3.8346,15.1900,-21.3500,-100.0300,0.5194,-0.7301,-3.4205,0
347574,0.2035,-4.8375,-3.5569,30.1700,-23.1700,-123.9700,1.0317,-0.7923,-4.2391,0
347613,2.0896,-4.7992,-2.1303,38.6400,-22.2600,-124.9500,1.3213,-0.7612,-4.2726,0
347652,14.0435,-9.8331,-1.6181,35.1400,-26.3900,-55.3700,1.2016,-0.9024,-1.8934,0
347691,9.8881,-8.4902,-1.0317,32.3400,5.6700,-31.5000,1.1059,0.1939,-1.0771,0
347730,7.7769,-8.1910,-0.3830,14.9800,-1.7500,-57.9600,0.5122,-0.0598,-1.9819,0
347769,6.5969,-8.6506,-1.0412,27.3000,-29.4700,-38.5700,0.9335,-1.0077,-1.3189,0
347808,6.9152,-9.1700,-0.6965,62.3700,-37.5900,-16.0300,2.1327,-1.2854,-0.5481,0
347847,7.2336,-8.8852,0.2968,81.9000,-43.4700,-18.9700,2.8006,-1.4865,-0.6487,0
347886,6.6806,-7.9660,-0.3375,85.3300,-63.3500,-38.2200,2.9178,-2.1662,-1.3069,0
347925,5.2852,-3.2793,-2.3865,66.8500,-39.1300,-42.7000,2.2859,-1.3380,-1.4601,0
347964,6.1229,-1.1801,-3.2817,45.4300,-4.2700,-18.2000,1.5535,-0.1460,-0.6223,0
348003,8.1647,-4.9548,-1.8096,24.2200,28.4200,6.2300,0.8282,0.9718,0.2130,0
348042,8.4615,-8.8493,0.8258,-16.5200,-8.8900,4.8300,-0.5649,-0.3040,0.1652,0
348081,9.0192,-8.7344,-0.9311,-12.5300,-39.9000,-31.7100,-0.4285,-1.3644,-1.0843,0
348120,8.4543,-8.2772,-0.6989,7.0700,-34.4400,-26.8800,0.2418,-1.1777,-0.9192,0
348159,8.0666,-6.5729,-0.3207,19.0400,-29.5400,-12.8800,0.6511,-1.0101,-0.4404,0
348198,8.1551,-7.8751,-1.6995,22.0500,-33.2500,-7.1400,0.7540,-1.1370,-0.2442,0
348237,6.9296,-7.8200,-1.5535,52.2900,-6.8600,-11.0600,1.7880,-0.2346,-0.3782,0
348276,6.3958,-7.4993,-2.9226,77.2800,2.3800,-10.2200,2.6426,0.0814,-0.3495,0
348315,5.4551,-7.8344,-3.7700,76.4400,22.7500,-2.1000,2.6139,0.7779,-0.0718,0
348354,4.2559,-6.8937,-2.3242,85.0500,72.8700,-3.3600,2.9083,2.4918,-0.1149,0
348393,4.1673,-6.9248,-1.4027,98.2800,68.9500,23.1700,3.3607,2.3577,0.7923,0
348432,7.6070,-5.6011,1.1059,109.3400,-9.7300,56.0700,3.7389,-0.3327,1.9173,0
348471,9.8570,-7.2360,3.3463,81.9700,-65.5900,32.2000,2.8030,-2.2428,1.1011,0
348510,9.9049,-6.2881,-1.7545,63.2100,-89.2500,21.0000,2.1615,-3.0519,0.7181,0
348549,7.9756,-4.0692,0.2513,34.3000,-59.9200,48.6500,1.1729,-2.0490,1.6636,0
348588,6.1588,-1.8862,2.3912,-10.9200,-47.5300,74.8300,-0.3734,-1.6253,2.5588,0
348627,5.9913,-3.4038,2.3984,-36.9600,-92.7500,83.7900,-1.2638,-3.1716,2.8652,0
348666,8.0259,-8.1647,2.2548,-20.3700,-114.2400,100.3800,-0.6965,-3.9064,3.4325,0
348705,4.2846,-9.8881,3.7652,15.6800,-105.2100,68.8100,0.5362,-3.5976,2.3529,0
348744,5.1152,-9.8235,1.2495,0.0700,-114.1700,26.2500,0.0024,-3.9040,0.8976,0
348783,6.4413,-8.8852,-1.8934,26.1100,-153.1600,42.1400,0.8928,-5.2373,1.4410,0
348822,8.0881,-7.9325,-1.7019,27.3000,-132.4400,55.1600,0.9335,-4.5288,1.8862,0
348861,8.3299,-8.4017,-0.6535,33.3200,-142.9400,45.0100,1.1394,-4.8878,1.5391,0
348900,7.7027,-8.0594,-1.3955,15.8200,-119.5600,42.1400,0.5410,-4.0883,1.4410,0
348939,6.0775,-8.6291,-1.5152,-9.4500,-76.7200,50.4700,-0.3231,-2.6234,1.7258,0
348978,4.7346,-10.9605,-2.1423,-4.9700,-62.7200,50.4000,-0.1699,-2.1447,1.7234,0
349017,2.5277,-11.6211,-2.6809,30.3100,-30.0300,27.7200,1.0364,-1.0269,0.9479,0
349056,-1.1561,-8.0115,-2.8963,38.0100,-23.2400,-25.4100,1.2997,-0.7947,-0.8689,0
349095,-0.6128,-5.1679,-3.5546,-1.2600,-36.1900,-80.9900,-0.0431,-1.2375,-2.7694,0
349134,0.5649,-5.4671,-2.9250,-7.1400,-26.2500,-116.2000,-0.2442,-0.8976,-3.9734,0
349173,0.9144,-5.2804,-1.6803,-7.5600,6.7900,-139.8600,-0.2585,0.2322,-4.7825,0
349212,6.7118,-9.4668,-0.0239,31.0800,21.9800,-81.7600,1.0628,0.7516,-2.7958,0
349251,8.8732,-7.1690,-0.7205,11.9700,60.1300,-32.8300,0.4093,2.0561,-1.1226,0
349290,6.9535,-8.2102,0.7923,-1.6800,17.3600,-40.2500,-0.0574,0.5936,-1.3763,0
349329,8.4400,-9.8522,1.6947,-7.9100,34.0200,-21.7700,-0.2705,1.1633,-0.7444,0
349368,9.6895,-8.9091,2.7000,38.6400,11.9000,-28.7700,1.3213,0.4069,-0.9838,0
349407,9.8618,-5.7591,-0.8354,65.1700,-6.8600,-37.3800,2.2285,-0.2346,-1.2782,0
349446,7.7482,-3.0878,-1.2902,41.3000,-18.6900,-18.2700,1.4122,-0.6391,-0.6247,0
349485,7.2599,-2.9514,-1.5535,6.0900,-29.8200,17.2900,0.2082,-1.0197,0.5912,0
349524,6.7692,-6.1971,-2.3601,8.5400,-4.5500,26.2500,0.2920,-0.1556,0.8976,0
349563,4.9500,-9.7445,-0.6559,32.9700,35.4900,-63.8400,1.1274,1.2136,-2.1830,0
349602,1.1633,-5.8477,-2.2596,13.7200,49.9800,-67.0600,0.4692,1.7091,-2.2931,0
349641,4.2894,-8.6578,-1.9173,23.4500,-20.4400,-15.6800,0.8019,-0.6989,-0.5362,0
349680,7.4251,-9.3783,-4.1961,56.8400,-20.7200,5.8100,1.9436,-0.7085,0.1987,0
349719,5.4431,-8.0402,-3.4373,39.2000,-9.4500,28.0700,1.3404,-0.3231,0.9598,0
349758,6.3503,-6.6280,-3.8992,41.8600,-18.6900,60.8300,1.4314,-0.6391,2.0801,0
349797,8.9833,-6.9535,-3.1165,49.0700,7.4200,94.3600,1.6779,0.2537,3.2266,0
349836,7.6429,-6.6280,-0.7229,33.8800,22.9600,87.2900,1.1585,0.7851,2.9849,0
349875,4.9429,-5.7280,1.4362,-9.7300,-75.0400,41.5100,-0.3327,-2.5660,1.4194,0
349914,4.2152,-8.0737,0.2106,-18.7600,-116.9000,83.9300,-0.6415,-3.9974,2.8700,0
349953,5.4623,-10.0317,0.4141,-18.1300,-100.1000,120.8200,-0.6200,-3.4229,4.1314,0
349992,5.1415,-9.9145,-1.5822,23.5900,-122.7800,76.5100,0.8067,-4.1984,2.6162,0
350031,9.5793,-11.9945,-2.0609,35.0700,-216.2300,26.9500,1.1992,-7.3940,0.9216,0
350070,8.3849,-8.8062,-0.2394,3.1500,-186.6900,13.3700,0.1077,-6.3838,0.4572,0
350109,6.5538,-8.9259,-1.5128,41.9300,-188.3000,29.5400,1.4338,-6.4389,1.0101,0
350148,4.9692,-9.7589,-2.7168,29.4000,-149.9400,23.7300,1.0053,-5.1272,0.8114,0
350187,4.2774,-10.7786,-3.8346,40.5300,-136.0800,9.3800,1.3859,-4.6532,0.3207,0
350226,3.4827,-10.0006,-2.4918,73.0800,-118.9300,-11.8300,2.4990,-4.0668,-0.4045,0
350265,1.7904,-8.0690,-3.1907,85.0500,-116.1300,-41.6500,2.9083,-3.9710,-1.4242,0
350304,0.6511,-4.5479,-4.6389,61.5300,-110.3200,-76.5100,2.1040,-3.7724,-2.6162,0
350343,-0.5601,-2.5636,-5.4336,11.0600,-73.0100,-112.0000,0.3782,-2.4966,-3.8298,0
350382,0.0287,-3.1907,-6.7213,-16.1700,-47.8100,-133.3500,-0.5529,-1.6349,-4.5599,0
350421,-0.6080,-3.8155,-4.8136,-2.5200,-44.6600,-142.3800,-0.0862,-1.5271,-4.8687,0
350460,3.3846,-3.8226,-5.0243,47.6700,-96.7400,-132.0900,1.6301,-3.3080,-4.5168,0
350499,18.9504,-12.1358,-1.9724,102.6900,-159.9500,-60.9700,3.5115,-5.4695,-2.0849,0
350538,12.5738,-6.5035,2.3841,55.0900,35.6300,-21.0000,1.8838,1.2184,-0.7181,0
350577,8.4113,-6.7908,0.2561,63.5600,-31.2200,-5.8100,2.1734,-1.0676,-0.1987,0
350616,9.1964,-11.0897,-1.6061,94.2200,-23.3800,-12.8800,3.2218,-0.7995,-0.4404,0
350655,10.2903,-9.2203,-1.6851,101.1500,-59.2900,-24.8500,3.4588,-2.0274,-0.8497,0
350694,11.5086,-7.5519,-1.5056,56.5600,-68.0400,-9.1000,1.9341,-2.3266,-0.3112,0
350733,12.2530,-7.0373,0.2106,49.4200,-41.7200,-0.7700,1.6899,-1.4266,-0.0263,0
350772,10.4578,-7.8200,0.3878,28.2100,-42.0000,-31.2200,0.9646,-1.4362,-1.0676,0
350811,8.0235,-7.4562,-1.1346,38.2900,-43.1200,-39.4800,1.3093,-1.4745,-1.3500,0
350850,5.7423,-7.8033,-0.4692,-11.2000,-36.8200,-17.0100,-0.3830,-1.2591,-0.5817,0
350889,6.2689,-7.1378,0.2801,-4.0600,-43.1900,-10.2200,-0.1388,-1.4769,-0.3495,0
350928,5.2852,-5.8548,-0.6846,56.0700,-39.9000,-19.5300,1.9173,-1.3644,-0.6678,0
350967,5.1344,-5.7543,-1.4051,61.1100,-25.6900,-17.2900,2.0896,-0.8785,-0.5912,0
351006,4.7083,-4.2248,-1.6205,76.7200,2.8700,-26.1800,2.6234,0.0981,-0.8952,0
351045,4.6341,-4.5407,-1.7641,65.6600,17.9900,-29.5400,2.2452,0.6152,-1.0101,0
351084,5.4719,-6.4485,-3.1046,69.9300,31.9200,-23.0300,2.3912,1.0915,-0.7875,0
351123,6.0559,-7.7626,-2.7647,84.9800,53.7600,-10.2900,2.9059,1.8383,-0.3519,0
351162,6.4987,-7.0780,-0.0455,72.6600,60.9700,0.9800,2.4846,2.0849,0.0335,0
351201,8.7033,-7.8823,0.2561,102.4100,-15.2600,26.7400,3.5019,-0.5218,0.9144,0
351240,9.8139,-8.8876,2.5827,121.5200,-46.8300,34.5100,4.1554,-1.6013,1.1801,0
351279,8.5357,-5.8836,2.1854,68.9500,-33.1800,12.8800,2.3577,-1.1346,0.4404,0
351318,7.8918,-2.2428,0.8928,-7.4900,-46.9000,10.2200,-0.2561,-1.6037,0.3495,0
351357,7.7219,-2.7838,-0.2848,-7.1400,-61.6700,30.5900,-0.2442,-2.1088,1.0460,0
351396,7.1713,-5.6705,3.0136,-21.1400,-80.2200,74.2700,-0.7229,-2.7431,2.5397,0
351435,4.8375,-9.1700,6.5825,-36.0500,-115.9900,62.4400,-1.2327,-3.9663,2.1351,0
351474,8.3131,-9.5434,0.5386,1.4700,-149.9400,45.7800,0.0503,-5.1272,1.5654,0
351513,7.9469,-8.0043,-1.8144,14.0700,-150.2900,48.5800,0.4811,-5.1391,1.6612,0
351552,8.6123,-7.6118,-0.9048,9.5200,-154.1400,72.7300,0.3255,-5.2708,2.4870,0
351591,8.3394,-9.3137,-0.5242,7.3500,-145.9500,102.4100,0.2513,-4.9907,3.5019,0
351630,7.4466,-10.4435,-2.1447,21.4900,-125.7200,99.4000,0.7348,-4.2990,3.3990,0
351669,6.3838,-9.4668,-2.6378,44.1000,-80.1500,74.8300,1.5080,-2.7407,2.5588,0
351708,5.1320,-9.5650,-1.9245,43.1900,-21.6300,33.1800,1.4769,-0.7396,1.1346,0
351747,1.1585,-9.2227,-5.2205,17.9900,13.2300,-33.7400,0.6152,0.4524,-1.1537,0
351786,-3.0423,-4.2535,-4.2583,-4.8300,-2.8700,-95.1300,-0.1652,-0.0981,-3.2530,0
351825,-4.5623,-3.1261,-2.8963,-27.2300,-19.5300,-147.2100,-0.9311,-0.6678,-5.0338,0
351864,-0.9072,-2.9202,-2.1543,38.2900,-6.3700,-124.6000,1.3093,-0.2178,-4.2607,0
351903,17.2510,-16.6932,-3.7652,36.1200,-34.5800,30.4500,1.2351,-1.1825,1.0412,0
351942,7.0038,-6.2091,1.8766,40.8100,38.1500,-55.1600,1.3955,1.3045,-1.8862,0
351981,6.1229,-6.4126,1.1178,39.1300,-59.0100,-62.3700,1.3380,-2.0178,-2.1327,0
352020,7.6956,-7.6596,0.3614,31.2900,12.3200,-12.3900,1.0700,0.4213,-0.4237,0
352059,9.1964,-7.7793,-0.6702,78.1200,-37.5200,-2.2400,2.6713,-1.2830,-0.0766,0
352098,7.3078,-5.3713,-1.2112,66.2200,-43.8200,-25.6200,2.2644,-1.4984,-0.8761,0
352137,7.2862,-4.1841,-2.6689,38.7100,-36.6800,-23.8700,1.3237,-1.2543,-0.8162,0
352176,6.4676,-6.1469,-2.6378,19.3200,-23.5900,-24.0100,0.6606,-0.8067,-0.8210,0
352215,7.3341,-7.2240,-1.5487,16.5900,-48.5100,-16.5200,0.5673,-1.6588,-0.5649,0
352254,7.7865,-7.8990,-0.2106,42.9800,-42.1400,-11.7600,1.4697,-1.4410,-0.4021,0
352293,8.8469,-7.0541,-1.0053,49.9800,-48.0200,-16.1000,1.7091,-1.6420,-0.5505,0
352332,8.4495,-6.0535,-0.6128,28.4200,-42.9800,-13.7200,0.9718,-1.4697,-0.4692,0
352371,7.7434,-6.4772,-0.4165,19.5300,-42.6300,-11.2000,0.6678,-1.4577,-0.3830,0
352410,7.0493,-6.7620,-0.7851,7.3500,-32.0600,-4.9700,0.2513,-1.0963,-0.1699,0
352449,7.2312,-6.7955,-1.1418,21.0700,-27.3700,2.1000,0.7205,-0.9359,0.0718,0
352488,7.4490,-6.3240,-1.3883,30.1700,-20.4400,-0.2100,1.0317,-0.6989,-0.0072,0
352527,7.3676,-7.1881,-1.6684,26.3900,-12.8800,-9.8000,0.9024,-0.4404,-0.3351,0
352566,6.6902,-8.1144,-2.6593,52.9200,2.3100,-16.1000,1.8096,0.0790,-0.5505,0
352605,5.6274,-8.2198,-1.9006,72.4500,1.2600,-12.5300,2.4774,0.0431,-0.4285,0
352644,5.4383,-8.2150,-2.0920,90.0900,4.8300,-2.6600,3.0806,0.1652,-0.0910,0
352683,5.4216,-7.8870,-1.7904,124.0400,-1.4000,6.7200,4.2415,-0.0479,0.2298,0
352722,5.6777,-6.9631,-1.3500,147.0700,-6.9300,11.4800,5.0290,-0.2370,0.3926,0
352761,8.1527,-5.7376,-0.2274,104.6500,-31.8500,34.7900,3.5785,-1.0891,1.1896,0
352800,9.6009,-6.9607,-1.1059,37.8000,-60.4800,32.6900,1.2926,-2.0681,1.1178,0
352839,8.8349,-5.1774,-0.6032,10.2900,-40.3200,45.7800,0.3519,-1.3787,1.5654,0
352878,7.3485,-4.2774,1.2423,-27.5100,-43.0500,57.6800,-0.9407,-1.4721,1.9724,0
352917,6.0200,-5.1152,1.2806,-55.5800,-120.6800,56.8400,-1.9006,-4.1266,1.9436,0
352956,6.9080,-11.3459,1.0843,-17.8500,-105.4900,93.6600,-0.6104,-3.6072,3.2027,0
352995,1.3261,-8.0187,2.2045,-35.0700,-95.5500,85.4700,-1.1992,-3.2673,2.9226,0
353034,3.8011,-9.1413,-0.3662,-18.6900,-131.5300,60.8300,-0.6391,-4.4976,2.0801,0
353073,7.0684,-10.0940,-4.1290,32.7600,-136.9200,45.6400,1.1202,-4.6820,1.5607,0
353112,6.5346,-10.4075,-3.3008,43.7500,-121.9400,48.4400,1.4960,-4.1697,1.6564,0
353151,4.6867,-8.3730,-0.5170,28.6300,-103.6700,42.1400,0.9790,-3.5450,1.4410,0
353190,4.8711,-8.1097,-1.7258,60.8300,-95.0600,29.1900,2.0801,-3.2506,0.9981,0
353229,4.1578,-9.0144,-3.0710,28.9100,-64.0500,14.4200,0.9886,-2.1902,0.4931,0
353268,2.7240,-8.7918,-1.6612,24.2900,-35.5600,-6.3700,0.8306,-1.2160,-0.2178,0
353307,1.3021,-9.3615,-2.2452,18.3400,-32.1300,-26.3900,0.6271,-1.0987,-0.9024,0
353346,0.2633,-8.0163,-2.8197,37.5900,-45.4300,-53.0600,1.2854,-1.5535,-1.8144,0
353385,-0.2130,-6.5035,-3.3846,19.0400,-35.0700,-81.0600,0.6511,-1.1992,-2.7718,0
353424,0.6415,-6.1540,-2.6091,-3.5700,-27.9300,-105.7000,-0.1221,-0.9551,-3.6144,0
353463,0.9527,-6.7525,-1.9101,6.2300,-23.8000,-119.3500,0.2130,-0.8138,-4.0812,0
353502,5.7878,-10.1802,-2.5061,7.0000,-49.6300,-112.0000,0.2394,-1.6971,-3.8298,0
353541,14.4959,-12.3081,-4.0405,51.6600,-36.4700,-56.2800,1.7665,-1.2471,-1.9245,0
353580,6.5586,-7.3652,-1.9915,43.4700,16.1000,-32.9700,1.4865,0.5505,-1.1274,0
353619,5.4288,-7.2862,-1.1011,21.6300,-16.1000,-19.2500,0.7396,-0.5505,-0.6583,0
353658,6.9416,-8.2940,-1.6037,25.9700,-25.6900,-21.8400,0.8880,-0.8785,-0.7468,0
353697,7.9158,-8.6578,-0.5577,52.1500,-11.6900,-34.0900,1.7833,-0.3997,-1.1657,0
353736,7.6381,-7.1498,0.5625,53.2000,-20.5800,-41.0900,1.8192,-0.7037,-1.4051,0
353775,6.6543,-5.9219,-1.0029,74.2700,-38.5000,-42.0700,2.5397,-1.3165,-1.4386,0
353814,5.8261,-4.4833,-1.6372,65.3800,-25.0600,-38.2200,2.2357,-0.8569,-1.3069,0
353853,7.4658,-3.5905,-1.1849,56.3500,12.6700,-5.3900,1.9269,0.4332,-0.1843,0
353892,8.6458,-4.8902,0.0215,39.2000,28.2800,8.0500,1.3404,0.9670,0.2753,0
353931,8.9379,-6.9200,0.4763,0.0000,-8.3300,-6.0900,0.0000,-0.2848,-0.2082,0
353970,7.8535,-7.9852,0.0957,-8.5400,-40.7400,-16.1700,-0.2920,-1.3931,-0.5529,0
354009,7.1354,-8.3777,0.5098,-3.9900,-44.6600,-10.6400,-0.1364,-1.5271,-0.3638,0
354048,7.3724,-7.4945,-0.7851,18.4100,-30.8000,-13.0200,0.6295,-1.0532,-0.4452,0
354087,6.6759,-7.6620,-0.6606,43.1200,-11.6200,-11.6900,1.4745,-0.3973,-0.3997,0
354126,6.6615,-7.3341,-0.3303,72.0300,-1.6100,-18.6200,2.4631,-0.0551,-0.6367,0
354165,6.3671,-8.0785,-1.4170,82.4600,8.0500,-18.2700,2.8197,0.2753,-0.6247,0
354204,5.0625,-8.6315,-2.4272,89.3900,31.8500,-10.8500,3.0567,1.0891,-0.3710,0
354243,4.3469,-7.4729,-2.0753,100.0300,45.4300,-11.9000,3.4205,1.5535,-0.4069,0
354282,6.3001,-3.9232,-1.4458,38.5000,65.5900,-2.5200,1.3165,2.2428,-0.0862,0
354321,9.9456,-3.7820,-0.3758,56.7700,-8.7500,41.5100,1.9412,-0.2992,1.4194,0
354360,10.8049,-6.1181,2.2021,41.1600,-28.0000,46.6900,1.4075,-0.9575,1.5966,0
354399,7.2815,-5.3235,1.7904,7.2100,-15.0500,34.2300,0.2465,-0.5146,1.1705,0
354438,6.0942,-4.0596,1.3165,-41.7200,-47.5300,40.7400,-1.4266,-1.6253,1.3931,0
354477,6.3096,-4.9812,2.9681,-51.3100,-67.4800,88.2000,-1.7545,-2.3075,3.0160,0
354516,6.6567,-10.0509,4.3469,16.0300,-124.8800,77.9800,0.5481,-4.2703,2.6665,0
354555,5.6346,-8.6243,0.0886,-6.1600,-159.2500,-1.1200,-0.2106,-5.4455,-0.0383,0
354594,5.7376,-6.7716,-3.1165,5.0400,-169.9600,19.8800,0.1723,-5.8118,0.6798,0
354633,8.1120,-9.2466,-3.6599,38.9200,-167.1600,71.4700,1.3309,-5.7160,2.4439,0
354672,7.7458,-9.6440,-1.3093,24.1500,-156.3100,70.6300,0.8258,-5.3450,2.4152,0
354711,6.8961,-9.2107,-1.7713,35.0000,-146.7200,64.9600,1.1968,-5.0171,2.2213,0
354750,4.8567,-8.8780,-2.8221,65.1700,-100.3100,69.2300,2.2285,-3.4301,2.3673,0
354789,5.0697,-9.2083,-2.3577,39.5500,-39.9000,49.5600,1.3524,-1.3644,1.6947,0
354828,3.2793,-9.0647,-2.9514,63.3500,-25.4800,18.6900,2.1662,-0.8713,0.6391,0
354867,-0.4261,-7.0014,-3.0136,52.2900,-21.1400,-30.2400,1.7880,-0.7229,-1.0341,0
354906,-1.5726,-4.6508,-4.1841,-2.2400,-36.8900,-79.5900,-0.0766,-1.2614,-2.7216,0
354945,-0.5984,-5.1176,-3.7149,-30.7300,-45.7100,-108.9200,-1.0508,-1.5630,-3.7245,0
354984,4.3205,-7.2886,-0.7420,-22.6100,-76.1600,-111.3000,-0.7731,-2.6043,-3.8059,0
355023,19.3430,-12.2459,-1.4529,50.0500,-26.9500,-75.3900,1.7115,-0.9216,-2.5780,0
355062,8.9211,-6.4628,-1.2878,35.0000,18.8300,-59.5000,1.1968,0.6439,-2.0346,0
355101,8.0426,-8.1551,-1.2160,16.6600,9.1700,-48.8600,0.5697,0.3136,-1.6708,0
355140,8.5070,-8.9594,0.3064,22.9600,-1.4000,-22.1900,0.7851,-0.0479,-0.7588,0
355179,8.3107,-8.6219,1.0795,48.7200,31.6400,-10.2200,1.6660,1.0819,-0.3495,0
355218,7.3820,-7.1713,0.0168,55.1600,-10.2200,-24.2200,1.8862,-0.3495,-0.8282,0
355257,6.5729,-5.3689,-1.8479,52.6400,-20.4400,-26.4600,1.8000,-0.6989,-0.9048,0
355296,6.7764,-3.8968,-1.8670,36.8200,0.1400,-14.9100,1.2591,0.0048,-0.5098,0
355335,8.2174,-4.7466,-2.2309,4.6900,17.0100,-18.0600,0.1604,0.5817,-0.6176,0
355374,8.5573,-6.0272,-0.7803,-5.8100,8.6100,-18.2700,-0.1987,0.2944,-0.6247,0
355413,9.2251,-6.9152,-0.3016,-20.5800,-4.2700,-23.1000,-0.7037,-0.1460,-0.7899,0
355452,7.3963,-7.0110,-0.4739,-22.4000,-14.1400,-29.1900,-0.7660,-0.4835,-0.9981,0
355491,7.2025,-7.7243,-0.7420,-23.5200,-24.9200,-31.1500,-0.8043,-0.8521,-1.0652,0
355530,5.9985,-7.3078,-1.0843,-16.3800,-11.0600,-26.3900,-0.5601,-0.3782,-0.9024,0
355569,6.0272,-6.7429,-1.3333,18.8300,-32.7600,-11.4100,0.6439,-1.1202,-0.3902,0
355608,6.6950,-7.5783,-2.0250,70.4200,-31.4300,3.5700,2.4080,-1.0747,0.1221,0
355647,6.1158,-8.0211,-2.0394,92.4700,-9.1700,5.3900,3.1620,-0.3136,0.1843,0
355686,6.5083,-7.7626,-2.8149,119.4200,12.8800,8.3300,4.0835,0.4404,0.2848,0
355725,7.3796,-8.1408,-3.7293,146.7200,42.7700,11.2700,5.0171,1.4625,0.3854,0
355764,4.9740,-6.7189,-1.9771,171.0100,68.1100,22.8900,5.8477,2.3290,0.7827,0
355803,4.3875,-3.9112,-0.1747,106.4700,-0.9100,32.7600,3.6407,-0.0311,1.1202,0
355842,9.0264,-4.5312,0.2561,56.9100,-110.9500,66.0800,1.9460,-3.7939,2.2596,0
355881,8.8517,-5.4144,0.2896,55.0200,-129.2200,46.5500,1.8814,-4.4187,1.5918,0
355920,6.7572,-3.9639,1.4122,-4.2000,-127.7500,32.6900,-0.1436,-4.3684,1.1178,0
355959,4.9764,-4.9141,1.1059,1.5400,-128.9400,86.1700,0.0527,-4.4091,2.9466,0
355998,7.3030,-8.6746,2.8293,-39.8300,-133.9100,112.1400,-1.3620,-4.5790,3.8346,0
356037,8.4352,-9.8786,0.1891,-21.2100,-155.4700,57.6800,-0.7253,-5.3163,1.9724,0
356076,8.4472,-8.7918,-1.7857,16.5900,-166.9500,24.9900,0.5673,-5.7088,0.8545,0
356115,6.5562,-9.4764,-1.2471,13.0200,-142.8000,63.0700,0.4452,-4.8830,2.1567,0
356154,5.7423,-10.8911,-1.5870,28.9100,-136.0100,83.7200,0.9886,-4.6508,2.8628,0
356193,6.6806,-10.7738,-2.5540,45.5000,-147.7000,58.5200,1.5559,-5.0506,2.0011,0
356232,4.8902,-8.1360,-2.5708,67.3400,-103.7400,36.0500,2.3027,-3.5474,1.2327,0
356271,3.5450,-7.7650,-2.5803,49.7000,-47.8800,13.6500,1.6995,-1.6372,0.4668,0
356310,0.3782,-7.0110,-2.8245,20.5800,-55.5100,-29.6800,0.7037,-1.8982,-1.0149,0
356349,-0.3279,-6.1564,-3.0040,0.0000,-58.8700,-69.3700,0.0000,-2.0131,-2.3721,0
356388,0.9263,-6.5897,-3.9136,-6.0200,-65.0300,-98.0000,-0.2059,-2.2237,-3.3511,0
356427,1.2064,-7.0947,-3.2554,28.2100,-45.6400,-115.5700,0.9646,-1.5607,-3.9519,0
356466,4.2726,-7.4179,-1.3093,75.1800,-61.1100,-122.1500,2.5708,-2.0896,-4.1769,0
356505,15.9273,-10.4435,-3.4038,101.5000,-58.4500,-63.2100,3.4708,-1.9987,-2.1615,0
356544,7.7003,-4.9596,-1.3261,65.7300,-19.2500,-54.7400,2.2476,-0.6583,-1.8718,0
356583,6.7381,-6.8985,-1.7067,23.8700,-12.0400,-64.4700,0.8162,-0.4117,-2.2045,0
356622,7.8081,-10.1107,-1.3500,35.8400,-11.6900,-30.0300,1.2255,-0.3997,-1.0269,0
356661,8.8660,-9.6799,-0.8569,48.5100,-6.7200,-10.6400,1.6588,-0.2298,-0.3638,0
356700,6.3288,-7.1259,0.8378,85.7500,-12.4600,-20.8600,2.9322,-0.4261,-0.7133,0
356739,5.6394,-6.1636,-0.4309,58.3800,-13.3000,-48.5100,1.9963,-0.4548,-1.6588,0
356778,5.4360,-2.9777,-2.5660,53.8300,-25.6900,-35.4200,1.8407,-0.8785,-1.2112,0
356817,6.5634,-3.4373,-2.3984,35.7700,9.7300,6.6500,1.2232,0.3327,0.2274,0
356856,8.1360,-6.4006,0.3973,7.4900,20.4400,30.1000,0.2561,0.6989,1.0293,0
356895,8.9809,-9.2179,-0.4021,-17.5000,-78.4700,-19.3900,-0.5984,-2.6833,-0.6630,0
356934,7.0349,-9.8426,-0.1101,-6.4400,-54.7400,-31.1500,-0.2202,-1.8718,-1.0652,0
356973,7.6716,-9.2371,-1.5343,21.7700,-38.2900,-17.1500,0.7444,-1.3093,-0.5864,0
357012,7.2192,-7.9086,-1.9006,55.6500,-42.8400,-8.7500,1.9029,-1.4649,-0.2992,0
357051,6.5131,-8.5429,-1.7833,66.5700,-35.0700,-6.6500,2.2764,-1.1992,-0.2274,0
357090,6.1564,-8.1480,-1.5726,85.6800,-35.0700,-11.6900,2.9298,-1.1992,-0.3997,0
357129,5.8501,-8.0666,-3.4588,122.8500,-31.0100,-7.7000,4.2008,-1.0604,-0.2633,0
357168,5.5891,-8.6746,-2.3865,160.5100,13.6500,0.4900,5.4886,0.4668,0.0168,0
357207,4.6820,-4.7131,-0.8426,105.9800,21.0000,11.9700,3.6240,0.7181,0.4093,0
357246,7.8487,-3.9734,0.3423,75.8800,-51.5200,48.3000,2.5947,-1.7617,1.6516,0
357285,10.3333,-5.7782,-0.7061,97.1600,-102.4100,63.4200,3.3224,-3.5019,2.1686,0
357324,8.3203,-4.5383,-0.6678,59.2900,-87.0100,50.9600,2.0274,-2.9753,1.7426,0
357363,8.0402,-3.3367,1.3285,-22.3300,-68.7400,50.6800,-0.7636,-2.3506,1.7330,0
357402,9.6033,-5.7926,2.3434,-34.3000,-82.4600,92.8900,-1.1729,-2.8197,3.1764,0
357441,4.7466,-8.9522,3.0495,4.2000,-66.2200,112.0000,0.1436,-2.2644,3.8298,0
357480,4.6604,-11.7097,4.7586,-5.4600,-73.2200,75.4600,-0.1867,-2.5037,2.5803,0
357519,7.2791,-9.7301,-0.7731,3.3600,-130.3400,45.0100,0.1149,-4.4570,1.5391,0
357558,7.5065,-10.4698,-1.5271,37.5900,-125.8600,45.5700,1.2854,-4.3038,1.5583,0
357597,6.5083,-9.7254,-0.2418,7.2800,-86.2400,58.0300,0.2489,-2.9490,1.9843,0
357636,5.2564,-8.7392,-0.0359,11.2000,-73.0800,55.7200,0.3830,-2.4990,1.9053,0
357675,4.4594,-8.6746,-1.0029,39.4800,-89.7400,50.8200,1.3500,-3.0686,1.7378,0
357714,3.4804,-8.1384,-0.9455,15.7500,-55.7200,35.4200,0.5386,-1.9053,1.2112,0
357753,3.2817,-7.8703,-1.5654,20.5800,-40.2500,19.5300,0.7037,-1.3763,0.6678,0
357792,2.2117,-7.6501,-0.5936,41.0900,-44.3100,0.0000,1.4051,-1.5152,0.0000,0
357831,1.1729,-7.7674,-0.7708,32.3400,-47.3900,-24.8500,1.1059,-1.6205,-0.8497,0
357870,0.5673,-7.5926,-2.5014,8.1900,-38.3600,-50.9600,0.2801,-1.3117,-1.7426,0
357909,0.4979,-6.0679,-2.3817,-11.4800,-38.9900,-75.0400,-0.3926,-1.3333,-2.5660,0
357948,1.3476,-7.0971,-1.4817,-18.6900,-49.3500,-96.1100,-0.6391,-1.6875,-3.2865,0
357987,4.3445,-9.3783,-1.2471,-7.1400,-52.5000,-98.2800,-0.2442,-1.7952,-3.3607,0
358026,14.2063,-12.3799,-1.6492,56.4200,-55.9300,-66.2200,1.9293,-1.9125,-2.2644,0
358065,8.3490,-7.3604,-0.4931,10.8500,-13.3000,-53.5500,0.3710,-0.4548,-1.8311,0
358104,6.2259,-9.5602,-1.9819,-8.1200,-6.0900,-33.4600,-0.2777,-0.2082,-1.1442,0
358143,5.1511,-8.9235,0.3255,-6.0200,-7.4200,-24.5700,-0.2059,-0.2537,-0.8402,0
358182,7.1402,-8.4017,0.3926,-3.2900,4.7600,-30.5900,-0.1125,0.1628,-1.0460,0
358221,7.3868,-8.8206,-1.4673,1.3300,-23.3800,-42.0000,0.0455,-0.7995,-1.4362,0
358260,6.5131,-7.9349,-1.1849,-13.4400,-12.6700,-46.7600,-0.4596,-0.4332,-1.5990,0
358299,6.5658,-6.2067,-1.0412,-1.3300,-1.4000,-48.0200,-0.0455,-0.0479,-1.6420,0
358338,6.1086,-5.5030,-0.0431,22.4700,-8.9600,-49.2100,0.7684,-0.3064,-1.6827,0
358377,7.3485,-4.9117,-0.2202,7.5600,-19.7400,-42.7700,0.2585,-0.6750,-1.4625,0
358416,7.8152,-3.9878,-0.5649,-4.5500,0.8400,-42.7000,-0.1556,0.0287,-1.4601,0
358455,7.1642,-3.4660,-1.3692,-17.0100,4.9700,-40.9500,-0.5817,0.1699,-1.4003,0
358494,7.3078,-4.4139,-2.0992,-22.7500,7.6300,-18.8300,-0.7779,0.2609,-0.6439,0
358533,8.6865,-3.7269,-1.6277,-16.8000,23.2400,1.2600,-0.5745,0.7947,0.0431,0
358572,9.5075,-5.0913,-1.5654,-11.9000,17.6400,14.2100,-0.4069,0.6032,0.4859,0
358611,9.2801,-6.6783,-0.7013,-17.1500,8.2600,17.0100,-0.5864,0.2824,0.5817,0
358650,9.9264,-7.1235,-1.7761,0.8400,2.5200,12.2500,0.0287,0.0862,0.4189,0
358689,9.5793,-6.9344,-1.4266,1.0500,0.0700,3.9200,0.0359,0.0024,0.1340,0
358728,9.9575,-7.2144,-1.1274,-14.0700,6.2300,-4.9700,-0.4811,0.2130,-0.1699,0
358767,8.7224,-7.3269,-2.4056,-1.4000,23.1700,-1.4000,-0.0479,0.7923,-0.0479,0
358806,6.2929,-6.2833,-2.1064,15.8200,29.3300,-0.4200,0.5410,1.0029,-0.0144,0
358845,6.4078,-5.3139,-1.9867,31.3600,31.8500,9.3800,1.0724,1.0891,0.3207,0
358884,6.6567,-5.1439,-1.2184,54.3900,37.6600,28.8400,1.8599,1.2878,0.9862,0
358923,6.7501,-4.9165,0.7013,42.2100,35.9800,37.8700,1.4434,1.2303,1.2950,0
358962,8.4113,-6.8745,-0.3950,17.9200,-43.4700,38.8500,0.6128,-1.4865,1.3285,0
359001,5.9171,-8.2509,0.9120,-6.7200,-41.9300,37.1000,-0.2298,-1.4338,1.2686,0
359040,6.5418,-6.0439,0.6559,6.0900,-23.6600,57.3300,0.2082,-0.8091,1.9604,0
359079,5.7759,-5.0578,-0.1795,14.6300,-32.4100,62.4400,0.5003,-1.1083,2.1351,0
359118,4.3684,-8.5908,0.0646,5.8800,-86.9400,85.1900,0.2011,-2.9729,2.9131,0
359157,3.7484,-11.3674,-0.4859,61.7400,-104.4400,105.5600,2.1112,-3.5713,3.6096,0
359196,1.7545,-8.3969,2.2093,58.1000,-54.1800,78.8200,1.9867,-1.8527,2.6952,0
359235,2.4080,-7.8057,0.1125,57.0500,-82.4600,51.8700,1.9508,-2.8197,1.7737,0
359274,4.9405,-9.5698,-1.4960,35.0700,-83.1600,28.9800,1.1992,-2.8436,0.9910,0
359313,6.6830,-9.5051,-0.6630,-12.6700,-49.3500,16.8000,-0.4332,-1.6875,0.5745,0
359352,5.4527,-8.9762,0.1293,-31.9200,-30.2400,-16.5200,-1.0915,-1.0341,-0.5649,0
359391,5.0075,-10.2113,-0.5146,-1.4700,-20.3700,-35.7700,-0.0503,-0.6965,-1.2232,0
359430,5.5437,-7.8679,-0.5386,-20.2300,-17.7800,-31.6400,-0.6918,-0.6080,-1.0819,0
359469,5.4551,-7.8320,-0.4620,-6.4400,-16.9400,-33.9500,-0.2202,-0.5793,-1.1609,0
359508,3.6264,-7.7434,-0.8785,6.3000,1.2600,-51.2400,0.2154,0.0431,-1.7521,0
359547,2.2955,-8.2078,-0.1245,-0.4200,10.4300,-67.9000,-0.0144,0.3567,-2.3218,0
359586,4.8495,-9.7445,0.0311,10.7800,-13.8600,-59.1500,0.3686,-0.4739,-2.0226,0
359625,8.0163,-9.5626,-1.2327,61.8100,-39.2000,-45.1500,2.1136,-1.3404,-1.5439,0
359664,6.5586,-7.2049,-0.9838,59.6400,-19.1800,-46.5500,2.0394,-0.6559,-1.5918,0
359703,5.6203,-6.3838,-0.5888,35.7700,-16.8700,-47.8100,1.2232,-0.5769,-1.6349,0
359742,6.7357,-6.5825,-0.2106,36.3300,-32.2700,-41.1600,1.2423,-1.1035,-1.4075,0
359781,8.5453,-7.3892,0.0000,46.5500,-33.1800,-34.2300,1.5918,-1.1346,-1.1705,0
359820,7.4562,-7.0612,0.0598,54.1800,-45.9200,-68.1800,1.8527,-1.5702,-2.3314,0
359859,8.1695,-4.9572,-0.6942,76.4400,-46.4800,-47.6700,2.6139,-1.5894,-1.6301,0
359898,7.3269,-4.4115,-1.3357,60.7600,-48.3700,-38.0800,2.0777,-1.6540,-1.3021,0
359937,7.2240,-3.7891,-2.3386,12.0400,-54.2500,-48.0900,0.4117,-1.8551,-1.6444,0
359976,8.4208,-3.5713,-3.9399,-1.2600,-29.0500,-21.1400,-0.0431,-0.9934,-0.7229,0
360015,8.7583,-6.1971,-3.8346,-39.1300,-28.3500,-5.1800,-1.3380,-0.9694,-0.1771,0
360054,8.1384,-8.2700,-3.2625,-38.7800,-12.3200,-6.4400,-1.3261,-0.4213,-0.2202,0
360093,7.7602,-7.8535,-2.0729,-17.9200,-5.3200,2.9400,-0.6128,-0.1819,0.1005,0
360132,7.7410,-7.8176,-2.7335,16.2400,-6.6500,9.2400,0.5553,-0.2274,0.3160,0
360171,7.3317,-7.6573,-2.1830,40.5300,4.6900,10.4300,1.3859,0.1604,0.3567,0
360210,7.3102,-6.6136,-1.4841,42.2800,16.6600,9.3100,1.4458,0.5697,0.3184,0
360249,7.8104,-5.7806,-1.7354,62.1600,42.9800,4.8300,2.1256,1.4697,0.1652,0
360288,7.5543,-6.1181,-1.0724,63.6300,22.6800,9.5900,2.1758,0.7755,0.3279,0
360327,8.1001,-6.1134,0.9479,37.0300,13.3000,10.2900,1.2662,0.4548,0.3519,0
360366,9.0958,-6.6136,1.0843,28.3500,0.7700,4.1300,0.9694,0.0263,0.1412,0
360405,8.5692,-6.7955,-0.4285,23.9400,-12.3900,-6.7200,0.8186,-0.4237,-0.2298,0
360444,8.3921,-6.6088,-0.4356,21.5600,-14.7700,-4.6200,0.7372,-0.5051,-0.1580,0
360483,7.9517,-5.9410,0.1317,31.4300,-11.5500,2.1700,1.0747,-0.3950,0.0742,0
360522,7.5208,-5.5078,0.6439,31.5000,-9.6600,5.8800,1.0771,-0.3303,0.2011,0
360561,7.1283,-5.1631,1.2471,22.1900,-16.5200,5.6700,0.7588,-0.5649,0.1939,0
360600,7.0062,-4.4522,0.8928,6.0900,-6.5800,6.2300,0.2082,-0.2250,0.2130,0
360639,7.4921,-4.5838,0.2801,-10.5700,0.5600,12.2500,-0.3614,0.0191,0.4189,0
360678,7.2120,-5.3689,0.7516,-16.3800,7.2100,13.5100,-0.5601,0.2465,0.4620,0
360717,7.0229,-6.4078,0.9598,-7.2800,1.4700,7.2100,-0.2489,0.0503,0.2465,0
360756,7.4466,-7.5591,0.6870,1.8900,5.3200,1.4000,0.0646,0.1819,0.0479,0
360795,7.7339,-7.1690,0.6056,3.5700,8.4000,2.0300,0.1221,0.2872,0.0694,0
360834,7.9229,-6.7453,0.8067,4.1300,8.5400,1.4000,0.1412,0.2920,0.0479,0
360873,7.7530,-6.7429,0.6415,7.7700,4.6200,0.9800,0.2657,0.1580,0.0335,0
360912,7.6237,-6.3719,0.5027,1.5400,11.2700,-0.2100,0.0527,0.3854,-0.0072,0
360951,7.4921,-6.0320,0.5434,-13.1600,15.7500,-3.3600,-0.4500,0.5386,-0.1149,0
360990,7.3341,-6.2091,0.5242,-18.6200,13.2300,-2.4500,-0.6367,0.4524,-0.0838,0
361029,7.2168,-6.3025,0.6750,-18.2700,11.0600,0.6300,-0.6247,0.3782,0.0215,0
361068,7.2719,-6.5131,0.6750,-20.0200,8.8200,2.5200,-0.6846,0.3016,0.0862,0
361107,7.2216,-6.8913,0.6104,-14.2800,6.1600,4.6200,-0.4883,0.2106,0.1580,0
361146,7.1402,-7.0493,0.6104,-6.3000,2.8700,6.1600,-0.2154,0.0981,0.2106,0
361185,7.0588,-7.1402,0.4045,6.8600,-9.1700,6.0200,0.2346,-0.3136,0.2059,0
361224,7.1091,-7.1043,0.3112,12.6700,-9.3100,4.1300,0.4332,-0.3184,0.1412,0
361263,7.3126,-6.7381,0.6367,12.8800,-3.7800,-0.4200,0.4404,-0.1293,-0.0144,0
361302,7.3269,-6.0822,0.5529,10.9200,-0.9800,-3.5000,0.3734,-0.0335,-0.1197,0
361341,7.3987,-6.0152,0.6487,8.1200,-6.9300,-3.4300,0.2777,-0.2370,-0.1173,0
361380,7.4706,-6.4197,0.7612,9.1700,-6.3700,-2.2400,0.3136,-0.2178,-0.0766,0
361419,7.5160,-6.6639,0.8521,8.6800,-3.7100,0.2100,0.2968,-0.1269,0.0072,0
361458,7.5184,-6.8913,0.9000,6.9300,-2.4500,2.1700,0.2370,-0.0838,0.0742,0
361497,7.2384,-6.9320,0.8282,7.7700,-1.1900,-0.1400,0.2657,-0.0407,-0.0048,0
361536,7.2288,-6.7932,0.8880,8.1200,-1.0500,-0.7700,0.2777,-0.0359,-0.0263,0
361575,7.2719,-6.4939,0.7540,8.1900,-2.0300,0.4900,0.2801,-0.0694,0.0168,0
361614,7.3078,-6.4365,0.8091,6.0900,2.8000,-1.9600,0.2082,0.0957,-0.0670,0
361653,7.3700,-6.2833,1.0221,-1.5400,5.3200,-2.1000,-0.0527,0.1819,-0.0718,0
361692,7.4418,-6.4509,0.7636,-3.6400,2.9400,-1.9600,-0.1245,0.1005,-0.0670,0
361731,7.5065,-6.4556,0.7133,-5.3200,5.3200,-1.6100,-0.1819,0.1819,-0.0551,0
361770,7.3150,-6.4748,0.8665,-8.9600,9.1000,-0.2800,-0.3064,0.3112,-0.0096,0
361809,7.3963,-6.8506,0.8043,-11.1300,5.9500,1.8200,-0.3806,0.2035,0.0622,0
361848,7.1330,-6.8769,0.9670,-8.1900,2.8700,2.3800,-0.2801,0.0981,0.0814,0
361887,6.9535,-6.8099,0.9455,-6.8600,2.5200,0.7700,-0.2346,0.0862,0.0263,0
361926,7.2719,-6.8291,0.8043,-4.1300,-2.0300,0.9100,-0.1412,-0.0694,0.0311,0
361965,7.4682,-6.7261,1.0053,-2.1700,-1.8200,0.8400,-0.0742,-0.0622,0.0287,0
362004,7.6022,-6.6519,0.8043,-2.8700,-1.1900,0.8400,-0.0981,-0.0407,0.0287,0
362043,7.4299,-6.5538,0.5793,-4.4800,-3.6400,4.9000,-0.1532,-0.1245,0.1676,0
362082,7.2168,-6.5107,0.5984,-6.7900,-1.8900,7.7000,-0.2322,-0.0646,0.2633,0
362121,6.9942,-6.6735,0.6104,-6.5800,-2.1000,7.2800,-0.2250,-0.0718,0.2489,0
362160,7.1187,-6.9224,0.7253,-4.7600,-3.9900,6.1600,-0.1628,-0.1364,0.2106,0
362199,7.1546,-6.8889,0.7516,-2.3800,-4.2000,4.4800,-0.0814,-0.1436,0.1532,0
362238,7.0110,-6.8314,0.6678,3.4300,-5.6700,3.2900,0.1173,-0.1939,0.1125,0
362277,7.1163,-6.8674,0.8067,6.0900,-5.8800,3.0100,0.2082,-0.2011,0.1029,0
362316,7.1187,-6.7237,0.8665,5.3200,-2.1700,-0.0700,0.1819,-0.0742,-0.0024,0
362355,7.3365,-6.8267,0.5888,7.5600,-4.7600,-1.8200,0.2585,-0.1628,-0.0622,0
362394,7.3269,-6.7788,0.6989,12.2500,-3.1500,-1.9600,0.4189,-0.1077,-0.0670,0
362433,7.2767,-6.5993,0.8521,10.6400,2.1700,-5.5300,0.3638,0.0742,-0.1891,0
362472,7.4251,-6.4173,0.6583,10.0100,1.2600,-7.7000,0.3423,0.0431,-0.2633,0
362511,7.3724,-6.3838,0.8833,5.1100,4.5500,-6.6500,0.1747,0.1556,-0.2274,0
362550,7.5926,-6.5514,1.0053,4.4100,4.6900,-4.0600,0.1508,0.1604,-0.1388,0
362589,7.5424,-6.4652,0.8833,5.3900,3.4300,-1.8200,0.1843,0.1173,-0.0622,0
362628,7.3748,-6.4365,0.6894,6.1600,2.3100,-0.5600,0.2106,0.0790,-0.0191,0
362667,7.3772,-6.6376,0.7612,1.1200,1.6100,0.1400,0.0383,0.0551,0.0048,0
362706,7.2791,-6.5370,1.0173,-2.9400,3.0800,-1.1900,-0.1005,0.1053,-0.0407,0
362745,7.2982,-6.5035,0.9455,-2.7300,1.2600,-2.6600,-0.0934,0.0431,-0.0910,0
362784,7.4729,-6.5538,0.8497,1.8900,-2.2400,-1.3300,0.0646,-0.0766,-0.0455,0
362823,7.3628,-6.5825,0.9096,0.4200,0.5600,-0.5600,0.0144,0.0191,-0.0191,0
362862,7.2815,-6.4987,0.8689,1.0500,1.1200,0.3500,0.0359,0.0383,0.0120,0
362901,7.2120,-6.4269,0.8210,0.3500,-1.8200,0.7000,0.0120,-0.0622,0.0239,0
362940,7.0684,-6.5299,0.8258,4.6900,-4.4800,-0.2100,0.1604,-0.1532,-0.0072,0
362979,7.0014,-6.5275,0.7779,5.8100,-4.3400,0.4900,0.1987,-0.1484,0.0168,0
363018,7.3389,-6.7932,0.8785,6.2300,-4.7600,-0.2100,0.2130,-0.1628,-0.0072,0
363057,7.4538,-6.6878,0.8282,9.0300,-4.3400,-3.0100,0.3088,-0.1484,-0.1029,0
363096,7.6357,-6.3934,0.8737,5.6000,-1.6800,-2.2400,0.1915,-0.0574,-0.0766,0
363135,8.0546,-6.5203,0.9527,0.9100,-0.8400,2.1000,0.0311,-0.0287,0.0718,0
363174,7.8823,-6.6926,0.8761,-0.8400,-0.3500,2.5200,-0.0287,-0.0120,0.0862,0
363213,7.6070,-6.5921,0.8306,-2.3800,-0.2800,0.8400,-0.0814,-0.0096,0.0287,0
363252,7.4227,-6.5801,0.9790,-8.0500,1.6100,2.8700,-0.2753,0.0551,0.0981,0
363291,7.0924,-6.6806,0.7660,-4.7600,-3.1500,3.5000,-0.1628,-0.1077,0.1197,0
363330,7.3963,-6.8841,0.6822,-1.1900,-7.7000,4.0600,-0.0407,-0.2633,0.1388,0
363369,7.0588,-6.6926,0.5984,-0.4200,-0.3500,4.2000,-0.0144,-0.0120,0.1436,0
363408,7.1522,-6.4820,0.5888,2.9400,-2.8000,6.6500,0.1005,-0.0957,0.2274,0
363447,7.0708,-6.8697,0.7133,6.8600,-2.5200,4.6900,0.2346,-0.0862,0.1604,0
363486,6.8530,-6.6136,0.7803,3.0100,-1.1900,-1.6800,0.1029,-0.0407,-0.0574,0
363525,7.3102,-6.4245,0.7229,-4.2000,0.0700,-3.5700,-0.1436,0.0024,-0.1221,0
363564,7.7099,-6.8985,0.7875,-0.5600,-1.5400,1.8200,-0.0191,-0.0527,0.0622,0
363603,7.9589,-7.2527,0.9575,0.8400,-2.3800,1.7500,0.0287,-0.0814,0.0598,0
363642,7.6405,-6.6663,0.8473,-4.4800,4.2700,-2.4500,-0.1532,0.1460,-0.0838,0
363681,7.2503,-6.1900,0.7085,-7.2800,2.6600,-3.9900,-0.2489,0.0910,-0.1364,0
363720,7.1618,-6.5442,0.8234,-2.9400,2.6600,-1.3300,-0.1005,0.0910,-0.0455,0
363759,7.1115,-6.5562,0.8809,-3.2200,3.2900,-1.5400,-0.1101,0.1125,-0.0527,0
363798,7.3293,-6.4652,0.9048,-5.0400,3.0100,-2.3100,-0.1723,0.1029,-0.0790,0
363837,7.3652,-6.4892,0.6080,-1.4000,1.9600,-2.3100,-0.0479,0.0670,-0.0790,0
363876,7.3557,-6.6328,0.8258,-2.8700,2.0300,-1.6100,-0.0981,0.0694,-0.0551,0
363915,7.3533,-6.6663,1.0388,-0.4900,1.2600,0.6300,-0.0168,0.0431,0.0215,0
363954,7.4706,-6.5681,0.7803,2.4500,-1.6100,1.7500,0.0838,-0.0551,0.0598,0
363993,7.3580,-6.5251,0.6367,2.5900,-2.1700,0.8400,0.0886,-0.0742,0.0287,0
364032,7.3221,-6.6184,0.7492,-1.5400,-0.0700,1.8900,-0.0527,-0.0024,0.0646,0
364071,7.1402,-6.4556,0.7779,-2.5900,1.5400,2.8000,-0.0886,0.0527,0.0957,0
364110,7.4370,-6.6950,0.7995,-2.5200,0.7700,3.2200,-0.0862,0.0263,0.1101,0
364149,7.6142,-6.9416,0.7875,-2.3800,0.5600,2.3800,-0.0814,0.0191,0.0814,0
364188,7.4825,-6.7285,0.8856,-5.8100,4.6900,-1.7500,-0.1987,0.1604,-0.0598,0
364227,7.4586,-6.4796,0.7588,-7.2800,0.1400,-3.2900,-0.2489,0.0048,-0.1125,0
364266,7.3533,-6.5466,0.5888,0.3500,4.4100,-1.4700,0.0120,0.1508,-0.0503,0
364305,7.1187,-6.4533,0.6415,-0.2100,-0.2100,-0.2800,-0.0072,-0.0072,-0.0096,0
364344,7.3724,-6.4892,0.5362,-1.6800,-4.9000,0.1400,-0.0574,-0.1676,0.0048,0
364383,7.1737,-6.5538,0.4811,-0.8400,-0.4900,1.3300,-0.0287,-0.0168,0.0455,0
364422,6.9799,-6.6711,0.5817,-0.0700,-0.5600,2.5200,-0.0024,-0.0191,0.0862,0
364461,7.3892,-6.8841,0.6894,2.8000,-3.9900,4.4100,0.0957,-0.1364,0.1508,0
364500,7.3557,-6.9511,1.0101,2.3800,-7.2800,0.2800,0.0814,-0.2489,0.0096,0
364539,7.7506,-6.0272,0.8306,-7.3500,-10.9200,-4.6900,-0.2513,-0.3734,-0.1604,0
364578,7.4059,-5.9530,0.1747,-11.6900,-0.7700,1.1900,-0.3997,-0.0263,0.0407,0
364617,7.5543,-7.4945,0.0479,5.1800,-5.1800,3.4300,0.1771,-0.1771,0.1173,0
364656,7.4131,-7.2025,1.6827,-4.6900,2.6600,-4.0600,-0.1604,0.0910,-0.1388,0
364695,7.2264,-5.7088,0.7157,-18.9700,10.9200,-2.5200,-0.6487,0.3734,-0.0862,0
364734,7.2144,-7.0349,0.0096,17.1500,-14.2100,0.8400,0.5864,-0.4859,0.0287,0
364773,7.6908,-7.0900,0.7755,-4.3400,2.5900,2.2400,-0.1484,0.0886,0.0766,0
364812,7.1043,-6.1325,0.6319,-10.8500,5.2500,-1.6100,-0.3710,0.1795,-0.0551,0
364851,7.2934,-5.7160,-0.1604,5.5300,-2.3800,2.1000,0.1891,-0.0814,0.0718,0
364890,7.6812,-6.5993,-0.0934,-7.7700,16.8000,7.0700,-0.2657,0.5745,0.2418,0
364929,6.8314,-7.2886,1.3835,-22.1900,28.9800,7.0000,-0.7588,0.9910,0.2394,0
364968,7.2432,-7.2384,0.7277,9.7300,-3.5700,0.2100,0.3327,-0.1221,0.0072,0
365007,7.3365,-7.0134,0.3207,2.9400,-0.0700,-3.6400,0.1005,-0.0024,-0.1245,0
365046,7.3820,-6.6759,0.7875,9.2400,-2.1700,9.8000,0.3160,-0.0742,0.3351,0
365085,7.3389,-6.8434,0.6391,31.0100,-10.5000,12.5300,1.0604,-0.3590,0.4285,0
365124,6.7333,-6.9703,0.2681,16.0300,-8.7500,-0.9100,0.5481,-0.2992,-0.0311,0
365163,7.6596,-6.3982,0.2394,-40.6700,12.8100,-4.9000,-1.3907,0.4380,-0.1676,0
365202,6.6663,-6.9870,0.7277,-24.7800,3.3600,-2.9400,-0.8473,0.1149,-0.1005,0
365241,7.3557,-7.0373,0.7468,-29.1900,-10.7100,-10.5000,-0.9981,-0.3662,-0.3590,0
365280,7.3485,-7.1833,1.1083,-38.0800,3.7800,-10.4300,-1.3021,0.1293,-0.3567,0
365319,7.3221,-7.0732,0.0455,-19.3200,-9.9400,-16.4500,-0.6606,-0.3399,-0.5625,0
365358,7.6142,-7.3054,0.3950,-9.4500,-0.1400,-17.2900,-0.3231,-0.0048,-0.5912,0
365397,6.7884,-6.5418,0.1197,4.0600,8.8900,-3.7100,0.1388,0.3040,-0.1269,0
365436,6.9918,-6.6352,0.4859,42.1400,-10.5700,10.1500,1.4410,-0.3614,0.3471,0
365475,7.9014,-5.4599,-0.1867,32.9000,1.8900,9.9400,1.1250,0.0646,0.3399,0
365514,7.8775,-5.2205,0.1508,-3.7800,11.5500,1.1200,-0.1293,0.3950,0.0383,0
365553,8.3921,-5.6274,-0.0646,-17.8500,-0.7700,1.4700,-0.6104,-0.0263,0.0503,0
365592,8.0666,-5.9362,0.0742,-20.3000,4.5500,-1.3300,-0.6942,0.1556,-0.0455,0
365631,7.4729,-6.2115,0.3782,-17.9900,10.0100,2.5200,-0.6152,0.3423,0.0862,0
365670,7.5663,-6.4652,-0.0383,-7.4200,7.5600,6.0900,-0.2537,0.2585,0.2082,0
365709,7.4562,-6.6830,0.1388,-9.9400,21.2800,5.1100,-0.3399,0.7277,0.1747,0
365748,7.3198,-6.6160,0.9910,-6.3700,15.8900,1.8900,-0.2178,0.5434,0.0646,0
365787,7.7051,-6.4556,0.7229,8.7500,-3.9200,-1.2600,0.2992,-0.1340,-0.0431,0
365826,7.6405,-6.4461,0.0766,2.8700,4.0600,-7.4200,0.0981,0.1388,-0.2537,0
365865,7.4514,-6.0751,0.3399,-4.1300,14.0700,-5.6700,-0.1412,0.4811,-0.1939,0
365904,7.7841,-6.0344,0.7731,-4.6900,2.9400,-2.2400,-0.1604,0.1005,-0.0766,0
365943,7.4203,-6.2522,0.4117,-9.2400,7.0000,-2.3800,-0.3160,0.2394,-0.0814,0
365982,6.8075,-6.4748,0.2896,-11.7600,4.4800,-1.2600,-0.4021,0.1532,-0.0431,0
366021,7.1211,-7.2599,0.6750,-6.2300,-5.3200,-10.2200,-0.2130,-0.1819,-0.3495,0
366060,7.9014,-7.9445,0.1652,-20.5800,3.5000,-35.0700,-0.7037,0.1197,-1.1992,0
366099,8.1001,-6.9583,-0.5553,-14.9100,-1.4000,-57.6800,-0.5098,-0.0479,-1.9724,0
366138,6.9080,-6.0607,1.3452,-13.7200,25.9000,-48.5800,-0.4692,0.8856,-1.6612,0
366177,6.9152,-5.4144,1.1346,14.4900,9.8700,-21.4200,0.4955,0.3375,-0.7325,0
366216,6.4676,-5.0530,0.2011,19.6000,-7.2100,-7.5600,0.6702,-0.2465,-0.2585,0
366255,7.8703,-5.6274,-0.3926,15.6100,-23.8700,6.5800,0.5338,-0.8162,0.2250,0
366294,8.0115,-5.2804,-0.1580,12.1100,-22.8900,22.9600,0.4141,-0.7827,0.7851,0
366333,9.2730,-5.9602,-0.3255,12.3900,-17.6400,26.3200,0.4237,-0.6032,0.9000,0
366372,9.4621,-6.2809,-0.2298,-4.9000,2.9400,8.7500,-0.1676,0.1005,0.2992,0
366411,7.3676,-5.3426,0.6056,-12.4600,-0.2800,-5.2500,-0.4261,-0.0096,-0.1795,0
366450,8.1815,-5.4647,0.0383,6.4400,-18.0600,-0.0700,0.2202,-0.6176,-0.0024,0
366489,8.1073,-6.2642,-0.4380,-10.8500,6.5800,-3.5700,-0.3710,0.2250,-0.1221,0
366528,8.1168,-6.2330,-0.2370,-13.3700,10.4300,-6.2300,-0.4572,0.3567,-0.2130,0
366567,7.7506,-5.8979,0.1771,5.1100,0.4200,-4.4100,0.1747,0.0144,-0.1508,0
366606,7.7530,-5.8620,-0.0048,8.7500,1.0500,-2.1000,0.2992,0.0359,-0.0718,0
366645,8.1647,-5.8740,-0.2753,3.9200,-9.2400,2.3100,0.1340,-0.3160,0.0790,0
366684,8.2676,-5.9434,-0.0479,7.8400,-3.5700,2.0300,0.2681,-0.1221,0.0694,0
366723,8.4113,-5.9051,0.0335,11.6900,-11.9700,-1.5400,0.3997,-0.4093,-0.0527,0
366762,8.5477,-5.8142,-0.2226,12.6000,-12.0400,-3.2900,0.4309,-0.4117,-0.1125,0
366801,8.2964,-5.7687,-0.1580,17.4300,3.3600,-1.2600,0.5960,0.1149,-0.0431,0
366840,8.1025,-5.4934,0.0000,18.4100,2.1700,-0.9800,0.6295,0.0742,-0.0335,0
366879,7.5448,-5.1822,0.2848,12.9500,3.9200,1.0500,0.4428,0.1340,0.0359,0
366918,8.0857,-5.2110,0.0934,6.6500,-0.9800,6.7200,0.2274,-0.0335,0.2298,0
366957,8.0474,-5.8189,0.1508,8.0500,2.1000,8.6100,0.2753,0.0718,0.2944,0
366996,8.4424,-5.9650,0.1364,10.0800,-1.8200,9.4500,0.3447,-0.0622,0.3231,0
367035,8.7152,-6.1038,0.0790,12.5300,-6.3700,9.0300,0.4285,-0.2178,0.3088,0
367074,8.1862,-6.1205,0.2370,12.5300,-0.4900,6.7900,0.4285,-0.0168,0.2322,0
367113,7.6142,-5.7543,0.3136,13.3700,0.2800,3.3600,0.4572,0.0096,0.1149,0
367152,7.2336,-5.5652,0.3207,12.7400,-2.3800,0.9100,0.4356,-0.0814,0.0311,0
367191,7.3174,-5.9482,0.5888,10.9900,-4.1300,1.6100,0.3758,-0.1412,0.0551,0
367230,7.5687,-6.0559,0.6463,18.1300,-11.5500,1.5400,0.6200,-0.3950,0.0527,0
367269,7.9924,-5.8070,0.6678,24.9900,-13.5100,1.6100,0.8545,-0.4620,0.0551,0
367308,8.3251,-5.6921,0.5840,23.3800,-15.5400,2.8000,0.7995,-0.5314,0.0957,0
367347,8.5405,-5.6035,0.6894,17.9200,-12.8800,3.2900,0.6128,-0.4404,0.1125,0
367386,8.4902,-5.3785,0.9479,3.4300,-15.6800,2.5900,0.1173,-0.5362,0.0886,0
367425,8.5956,-5.1894,0.8450,-8.0500,-6.3000,0.9100,-0.2753,-0.2154,0.0311,0
367464,8.7966,-5.5556,0.6463,-21.7000,-1.5400,-0.9800,-0.7420,-0.0527,-0.0335,0
367503,8.4113,-5.9386,0.5362,-29.8200,6.8600,-2.1700,-1.0197,0.2346,-0.0742,0
367542,7.8870,-5.7399,0.2657,-31.4300,16.4500,1.4700,-1.0747,0.5625,0.0503,0
367581,7.2838,-5.8907,0.2609,-33.9500,22.7500,8.3300,-1.1609,0.7779,0.2848,0
367620,6.9775,-6.2570,0.4117,-30.4500,16.2400,9.4500,-1.0412,0.5553,0.3231,0
367659,7.0971,-6.6735,0.5146,-28.8400,15.0500,7.0000,-0.9862,0.5146,0.2394,0
367698,7.3676,-6.7309,0.0886,-18.3400,6.7900,2.7300,-0.6271,0.2322,0.0934,0
367737,7.6932,-6.6064,0.1340,-13.0900,12.0400,1.4700,-0.4476,0.4117,0.0503,0
367776,7.7530,-6.0990,0.5051,-11.8300,13.0200,3.3600,-0.4045,0.4452,0.1149,0
367815,7.9062,-5.7088,0.4596,-11.4800,7.2100,7.7700,-0.3926,0.2465,0.2657,0
367854,8.2365,-6.1852,-0.2130,-8.3300,6.7900,6.1600,-0.2848,0.2322,0.2106,0
367893,8.1934,-6.8410,-0.0407,-13.7900,10.2900,4.1300,-0.4715,0.3519,0.1412,0
367932,7.4490,-6.6184,0.1460,-18.9000,13.0200,0.0000,-0.6463,0.4452,0.0000,0
367971,7.1833,-6.4389,0.2872,-13.7900,11.1300,-2.1000,-0.4715,0.3806,-0.0718,0
368010,7.3700,-6.3910,0.3303,-10.9200,7.7000,0.7000,-0.3734,0.2633,0.0239,0
368049,7.2503,-6.3288,0.1197,-7.7000,12.9500,2.5200,-0.2633,0.4428,0.0862,0
368088,7.4035,-6.2761,0.1460,-6.0900,6.3700,3.3600,-0.2082,0.2178,0.1149,0
368127,7.4729,-6.5945,0.1508,-4.5500,0.9800,4.3400,-0.1556,0.0335,0.1484,0
368166,7.5017,-6.7022,0.2035,-2.8000,3.5000,2.0300,-0.0957,0.1197,0.0694,0
368205,7.5352,-6.4173,0.1556,0.4200,1.6100,0.5600,0.0144,0.0551,0.0191,0
368244,7.3963,-6.2881,0.3399,2.1700,4.6200,0.4900,0.0742,0.1580,0.0168,0
368283,7.8631,-6.4939,0.2059,1.2600,9.2400,0.4900,0.0431,0.3160,0.0168,0
368322,7.7099,-6.3264,0.1364,2.1700,10.2900,-1.2600,0.0742,0.3519,-0.0431,0
368361,7.3341,-6.3168,0.4069,1.3300,11.0600,-2.2400,0.0455,0.3782,-0.0766,0
368400,7.4346,-6.6663,0.7205,3.3600,4.2000,-1.3300,0.1149,0.1436,-0.0455,0
368439,8.0618,-6.6280,0.7468,5.8100,-2.9400,-0.0700,0.1987,-0.1005,-0.0024,0
368478,8.0570,-6.3503,0.5984,6.3700,-1.7500,1.1900,0.2178,-0.0598,0.0407,0
368517,7.7841,-6.0248,0.4763,3.6400,0.7000,-1.1900,0.1245,0.0239,-0.0407,0
368556,7.3868,-6.0296,0.5362,-2.3800,3.7800,0.0700,-0.0814,0.1293,0.0024,0
368595,7.4418,-6.3934,0.4093,-3.0800,1.4000,-1.2600,-0.1053,0.0479,-0.0431,0
368634,7.3963,-6.5705,0.3351,-3.1500,0.8400,-3.0100,-0.1077,0.0287,-0.1029,0
368673,6.9846,-6.8697,0.4476,0.4200,4.2700,-4.0600,0.0144,0.1460,-0.1388,0
368712,6.9535,-6.6663,0.5673,9.7300,-0.6300,-0.9800,0.3327,-0.0215,-0.0335,0
368751,7.4514,-7.1115,0.3231,17.0800,-10.6400,-0.7700,0.5840,-0.3638,-0.0263,0
368790,7.4035,-6.8267,0.4859,25.2700,-15.8200,-4.3400,0.8641,-0.5410,-0.1484,0
368829,7.4682,-6.2809,0.7301,24.1500,-15.1200,-4.3400,0.8258,-0.5170,-0.1484,0
368868,7.8128,-5.9889,1.1130,21.0000,-13.7200,-1.4700,0.7181,-0.4692,-0.0503,0
368907,8.2317,-5.7711,0.9910,21.0700,-15.8900,-0.2100,0.7205,-0.5434,-0.0072,0
368946,8.4615,-5.5437,0.9670,13.5100,-11.1300,0.1400,0.4620,-0.3806,0.0048,0
368985,8.1958,-5.8764,0.7636,5.3200,2.5200,1.8200,0.1819,0.0862,0.0622,0
369024,7.5591,-5.9530,0.7085,-0.6300,9.9400,0.7000,-0.0215,0.3399,0.0239,0
369063,7.2049,-5.7232,0.9814,-5.4600,6.8600,-2.4500,-0.1867,0.2346,-0.0838,0
369102,7.4945,-6.0966,0.5242,-5.2500,-1.6100,-3.7100,-0.1795,-0.0551,-0.1269,0
369141,7.4658,-6.3551,0.5505,-3.8500,-0.1400,-4.5500,-0.1317,-0.0048,-0.1556,0
369180,7.6860,-6.0344,0.7157,0.1400,-1.8900,-3.6400,0.0048,-0.0646,-0.1245,0
369219,7.9349,-6.0798,0.4668,4.1300,-4.9700,-3.2900,0.1412,-0.1699,-0.1125,0
369258,7.7674,-6.4509,0.3830,9.1000,-2.6600,-3.4300,0.3112,-0.0910,-0.1173,0
369297,7.4729,-6.4173,0.7947,12.7400,-3.8500,-9.4500,0.4356,-0.1317,-0.3231,0
369336,7.7817,-6.1828,0.8952,15.1200,-13.2300,-10.9900,0.5170,-0.4524,-0.3758,0
369375,8.0115,-5.8596,0.7468,21.0700,-21.5600,-8.1200,0.7205,-0.7372,-0.2777,0
369414,8.2078,-5.4862,0.7660,25.6900,-24.3600,-3.6400,0.8785,-0.8330,-0.1245,0
369453,8.1216,-5.5197,0.9287,24.6400,-23.0300,2.0300,0.8426,-0.7875,0.0694,0
369492,8.0977,-5.7591,0.6726,23.5200,-22.1200,5.3200,0.8043,-0.7564,0.1819,0
369531,7.8847,-5.6562,0.6295,20.5100,-19.6000,0.5600,0.7013,-0.6702,0.0191,0
369570,8.1049,-5.2301,0.4548,14.8400,-14.2100,-4.9700,0.5075,-0.4859,-0.1699,0
369609,8.4017,-5.2493,0.5290,-1.5400,-7.0700,-3.3600,-0.0527,-0.2418,-0.1149,0
369648,7.9852,-4.9453,0.3710,-6.6500,-2.3100,-1.7500,-0.2274,-0.0790,-0.0598,0
369687,7.6070,-4.9477,0.1963,-4.6200,-3.7100,2.6600,-0.1580,-0.1269,0.0910,0
369726,7.6932,-5.0530,0.1197,-6.3700,-1.5400,5.4600,-0.2178,-0.0527,0.1867,0
369765,8.2150,-5.0697,-0.2394,-11.2000,-2.2400,8.6800,-0.3830,-0.0766,0.2968,0
369804,8.4639,-5.1535,-1.1920,-15.2600,-2.7300,10.7100,-0.5218,-0.0934,0.3662,0
369843,8.4735,-5.6993,-1.3141,-18.2000,-6.5800,10.0100,-0.6223,-0.2250,0.3423,0
369882,8.8301,-6.5610,-0.7301,-21.0000,-1.0500,8.0500,-0.7181,-0.0359,0.2753,0
369921,8.7703,-7.1067,-0.5051,-14.6300,4.3400,4.7600,-0.5003,0.1484,0.1628,0
369960,8.5644,-6.9080,-0.0215,-3.0100,13.0900,-2.5900,-0.1029,0.4476,-0.0886,0
369999,8.7296,-6.0559,0.0335,5.5300,12.1100,-10.4300,0.1891,0.4141,-0.3567,0
370038,8.7105,-5.2947,0.0191,-1.0500,8.6800,-10.9900,-0.0359,0.2968,-0.3758,0
370077,8.3514,-5.2971,-0.0096,-5.8100,5.6000,-2.8000,-0.1987,0.1915,-0.0957,0
370116,8.3586,-5.4264,-0.0766,-10.2200,4.6200,6.1600,-0.3495,0.1580,0.2106,0
370155,8.4376,-5.3713,-0.3088,-13.7200,9.2400,8.7500,-0.4692,0.3160,0.2992,0
370194,8.2102,-5.1248,-0.6918,-16.6600,14.7700,3.7800,-0.5697,0.5051,0.1293,0
370233,8.1551,-5.2157,-0.7803,-25.9000,19.5300,0.8400,-0.8856,0.6678,0.0287,0
370272,8.0211,-5.8931,-0.6870,-27.7900,20.9300,1.2600,-0.9503,0.7157,0.0431,0
370311,7.8607,-6.4006,-0.3112,-23.0300,19.7400,1.5400,-0.7875,0.6750,0.0527,0
370350,7.7985,-6.6663,-0.2082,-13.7200,9.4500,1.8900,-0.4692,0.3231,0.0646,0
370389,7.5376,-7.0349,-0.0191,-2.3100,-1.4000,4.4100,-0.0790,-0.0479,0.1508,0
370428,7.5376,-7.1330,0.4332,7.8400,-6.2300,6.3700,0.2681,-0.2130,0.2178,0
370467,7.8248,-6.8530,0.5075,23.5200,-20.9300,4.6200,0.8043,-0.7157,0.1580,0
370506,8.0546,-6.2689,0.4285,29.1900,-19.3900,1.4000,0.9981,-0.6630,0.0479,0
370545,8.0163,-5.5796,0.5290,30.8700,-13.7200,1.0500,1.0556,-0.4692,0.0359,0
370584,8.0498,-5.0721,0.6846,21.5600,-7.9800,2.6600,0.7372,-0.2729,0.0910,0
370623,8.0546,-5.0793,0.7516,7.4200,-0.1400,1.0500,0.2537,-0.0048,0.0359,0
370662,7.7793,-5.2923,0.9431,0.7700,4.4100,-0.0700,0.0263,0.1508,-0.0024,0
370701,7.7674,-5.6514,0.9742,-3.0800,5.7400,3.0100,-0.1053,0.1963,0.1029,0
370740,7.7482,-5.9985,0.6750,0.7700,6.4400,4.2000,0.0263,0.2202,0.1436,0
370779,7.4729,-5.9243,0.5362,-2.4500,11.6900,2.8700,-0.0838,0.3997,0.0981,0
370818,7.7817,-6.2115,0.6774,-8.9600,13.9300,2.1700,-0.3064,0.4763,0.0742,0
370857,7.9373,-6.2761,0.8521,-14.4900,14.0700,-1.2600,-0.4955,0.4811,-0.0431,0
370896,7.7075,-6.5873,0.4763,-10.3600,20.3700,0.0700,-0.3543,0.6965,0.0024,0
370935,7.1761,-6.6328,0.6942,-11.5500,20.0200,-2.2400,-0.3950,0.6846,-0.0766,0
370974,7.1761,-6.5083,0.5769,-10.6400,9.1700,-1.6100,-0.3638,0.3136,-0.0551,0
371013,7.3772,-6.6088,0.5721,-7.9800,10.5700,1.0500,-0.2729,0.3614,0.0359,0
371052,7.1905,-6.5514,0.9024,-6.4400,4.7600,1.8200,-0.2202,0.1628,0.0622,0
371091,7.2240,-6.5466,1.2662,-3.5700,1.1200,2.6600,-0.1221,0.0383,0.0910,0
371130,7.5280,-6.4987,1.2327,0.0700,-0.2100,6.4400,0.0024,-0.0072,0.2202,0
371169,7.9038,-6.2761,0.8114,2.3100,-1.0500,10.9900,0.0790,-0.0359,0.3758,0
371208,7.7913,-6.0798,0.6559,5.7400,-2.1700,13.2300,0.1963,-0.0742,0.4524,0
371247,7.3269,-6.1301,0.8258,1.0500,0.0700,13.0200,0.0359,0.0024,0.4452,0
371286,7.2982,-6.5514,0.9575,-6.1600,0.8400,9.9400,-0.2106,0.0287,0.3399,0
371325,7.2384,-6.6950,0.5194,-5.1100,-4.1300,5.8800,-0.1747,-0.1412,0.2011,0
371364,6.9679,-6.8697,0.7516,-5.5300,-1.7500,-1.6800,-0.1891,-0.0598,-0.0574,0
371403,6.8961,-6.9751,1.1825,2.9400,-5.7400,-4.1300,0.1005,-0.1963,-0.1412,0
371442,7.0205,-7.2527,1.3165,15.0500,-8.6100,-0.0700,0.5146,-0.2944,-0.0024,0
371481,7.1043,-7.1785,0.9192,27.9300,-17.7100,1.7500,0.9551,-0.6056,0.0598,0
371520,7.2815,-6.8650,0.6989,28.4900,-17.0800,1.2600,0.9742,-0.5840,0.0431,0
371559,7.4370,-6.4102,0.5170,18.9700,-10.3600,-0.0700,0.6487,-0.3543,-0.0024,0
371598,7.5448,-5.9745,0.7636,11.3400,-9.3100,-1.0500,0.3878,-0.3184,-0.0359,0
371637,7.6309,-6.0607,0.6391,6.7200,-1.6800,-5.1800,0.2298,-0.0574,-0.1771,0
371676,7.3054,-6.0296,0.5577,3.8500,4.7600,-12.8100,0.1317,0.1628,-0.4380,0
371715,7.1905,-5.9841,0.8067,-4.9700,4.3400,-14.5600,-0.1699,0.1484,-0.4979,0
371754,7.5017,-6.2354,0.8330,-5.3200,3.6400,-11.6200,-0.1819,0.1245,-0.3973,0
371793,7.7841,-6.3503,0.8497,4.2000,1.2600,-10.7800,0.1436,0.0431,-0.3686,0
371832,7.9038,-6.1971,1.0053,9.1000,-0.1400,-10.7800,0.3112,-0.0048,-0.3686,0
371871,8.0570,-5.8979,0.8713,12.6700,1.1200,-9.9400,0.4332,0.0383,-0.3399,0
371910,8.1192,-5.5676,0.8521,8.8200,0.8400,-9.2400,0.3016,0.0287,-0.3160,0
371949,8.1862,-5.6993,0.5529,5.7400,-0.0700,-4.0600,0.1963,-0.0024,-0.1388,0
371988,7.5902,-6.2067,0.6439,5.8100,-0.9800,0.4900,0.1987,-0.0335,0.0168,0
372027,7.4083,-6.3312,1.1849,11.6200,-7.7700,4.0600,0.3973,-0.2657,0.1388,0
372066,7.8464,-6.1612,1.1011,23.7300,-17.0800,3.5700,0.8114,-0.5840,0.1221,0
372105,8.3107,-5.9889,0.7947,27.2300,-20.9300,-0.4200,0.9311,-0.7157,-0.0144,0
372144,8.3658,-5.6681,0.9216,19.3900,-12.6700,-2.3100,0.6630,-0.4332,-0.0790,0
372183,8.4591,-5.5365,0.8378,17.9900,-10.8500,-0.7700,0.6152,-0.3710,-0.0263,0
372222,8.2868,-5.2876,0.8569,17.9200,-11.4100,-0.8400,0.6128,-0.3902,-0.0287,0
372261,8.0594,-5.0913,0.7731,5.1800,-14.7700,-1.5400,0.1771,-0.5051,-0.0527,0
372300,8.1767,-5.4623,0.6678,5.9500,-16.1700,1.5400,0.2035,-0.5529,0.0527,0
372339,8.0905,-5.6466,0.7253,9.8700,-13.5100,3.4300,0.3375,-0.4620,0.1173,0
372378,8.0594,-5.6562,0.5817,8.1200,-9.6600,1.8900,0.2777,-0.3303,0.0646,0
372417,8.0426,-5.6993,0.6295,7.1400,-7.0000,-1.2600,0.2442,-0.2394,-0.0431,0
372456,8.0426,-5.6035,0.6630,8.7500,-7.8400,-3.5000,0.2992,-0.2681,-0.1197,0
372495,8.3634,-5.5987,0.5817,9.1700,-9.1000,-4.0600,0.3136,-0.3112,-0.1388,0
372534,8.5309,-5.5868,0.6439,6.6500,-5.9500,-2.6600,0.2274,-0.2035,-0.0910,0
372573,8.3682,-5.5939,0.6678,3.4300,-4.6900,-1.9600,0.1173,-0.1604,-0.0670,0
372612,8.2533,-5.8405,0.6032,5.6700,-7.5600,-0.2100,0.1939,-0.2585,-0.0072,0
372651,8.0331,-5.7878,0.8210,8.8200,-6.8600,-0.2800,0.3016,-0.2346,-0.0096,0
372690,8.0570,-5.4934,0.5817,13.3000,-9.1700,-0.5600,0.4548,-0.3136,-0.0191,0
372729,8.0522,-5.2469,0.5577,12.9500,-8.1900,0.0700,0.4428,-0.2801,0.0024,0
372768,8.2987,-5.4407,0.7253,5.1800,-7.4200,0.5600,0.1771,-0.2537,0.0191,0
372807,8.6458,-5.6227,0.4404,3.1500,-5.7400,2.0300,0.1077,-0.1963,0.0694,0
372846,8.4065,-5.5748,0.3973,2.4500,3.6400,2.1000,0.0838,0.1245,0.0718,0
372885,8.0905,-5.5197,0.4835,3.4300,4.2000,1.1900,0.1173,0.1436,0.0407,0
372924,8.1791,-5.5126,0.3782,1.0500,-0.2100,0.2800,0.0359,-0.0072,0.0096,0
372963,8.2916,-5.7687,0.3327,0.6300,-0.9100,2.2400,0.0215,-0.0311,0.0766,0
373002,8.0737,-5.7854,0.5649,-0.4900,-0.4900,0.4900,-0.0168,-0.0168,0.0168,0
373041,7.8559,-5.6873,0.8091,-3.2900,-4.4100,-2.3800,-0.1125,-0.1508,-0.0814,0
373080,7.9541,-5.4958,0.8234,-5.3200,-3.3600,-2.1000,-0.1819,-0.1149,-0.0718,0
373119,8.6482,-5.9410,0.7516,1.1200,-2.7300,0.9100,0.0383,-0.0934,0.0311,0
373158,8.5764,-5.7591,0.4213,-1.9600,6.0900,-3.7800,-0.0670,0.2082,-0.1293,0
373197,7.9277,-5.1798,0.6798,-16.9400,12.9500,-1.5400,-0.5793,0.4428,-0.0527,0
373236,7.8487,-5.2205,0.3590,-11.8300,7.9800,6.6500,-0.4045,0.2729,0.2274,0
373275,7.7554,-5.8955,0.3758,-0.9100,5.7400,8.5400,-0.0311,0.1963,0.2920,0
373314,7.6764,-6.0798,0.8210,-7.3500,7.4900,3.0100,-0.2513,0.2561,0.1029,0
373353,7.8799,-5.8740,0.6295,-11.9000,4.1300,0.0000,-0.4069,0.1412,0.0000,0
373392,7.9086,-5.8740,0.5218,-3.0800,0.2100,0.0000,-0.1053,0.0072,0.0000,0
373431,7.8104,-5.9482,0.8378,1.3300,-0.7000,0.4200,0.0455,-0.0239,0.0144,0
373470,8.3682,-6.0296,0.8210,1.5400,-2.3100,2.2400,0.0527,-0.0790,0.0766,0
373509,8.3658,-5.9482,0.7779,1.6800,0.4900,0.6300,0.0574,0.0168,0.0215,0
373548,8.1982,-5.5844,0.7588,-1.6100,3.8500,-1.9600,-0.0551,0.1317,-0.0670,0
373587,7.8918,-5.5652,0.8713,-8.6100,4.9700,-2.7300,-0.2944,0.1699,-0.0934,0
373626,7.9780,-5.7782,0.8545,-13.1600,-0.0700,-0.4200,-0.4500,-0.0024,-0.0144,0
373665,7.8487,-6.0535,0.6822,-8.9600,0.0000,1.1200,-0.3064,0.0000,0.0383,0
373704,7.9373,-6.0415,0.8282,-3.4300,1.4000,1.1200,-0.1173,0.0479,0.0383,0
373743,7.9421,-5.7806,0.9359,-3.6400,2.4500,1.4000,-0.1245,0.0838,0.0479,0
373782,8.1456,-5.7328,0.7995,-5.8800,2.5900,1.5400,-0.2011,0.0886,0.0527,0
373821,7.9397,-5.9530,0.6463,-4.5500,3.2200,2.5200,-0.1556,0.1101,0.0862,0
373860,7.8823,-5.8142,0.9718,-7.7000,7.5600,3.9900,-0.2633,0.2585,0.1364,0
373899,7.9397,-5.8453,0.9216,-11.2700,6.5100,4.6900,-0.3854,0.2226,0.1604,0
373938,7.8081,-5.9147,0.6056,-6.6500,3.7100,3.7100,-0.2274,0.1269,0.1269,0
373977,7.8727,-6.0176,0.7708,-5.8100,4.9700,3.1500,-0.1987,0.1699,0.1077,0
374016,7.7243,-6.1134,0.8569,3.7800,-6.9300,5.0400,0.1293,-0.2370,0.1723,0
374055,8.0187,-6.0368,0.6535,3.9900,-0.7700,4.1300,0.1364,-0.0263,0.1412,0
374094,7.7745,-6.0296,0.6223,-0.0700,2.5200,0.6300,-0.0024,0.0862,0.0215,0
374133,7.7075,-5.9314,0.8186,-8.4000,5.1100,-1.0500,-0.2872,0.1747,-0.0359,0
374172,7.8368,-5.8812,0.8330,-5.8100,3.1500,-1.2600,-0.1987,0.1077,-0.0431,0
374211,7.9349,-5.9673,0.6152,-5.1800,2.2400,-0.7000,-0.1771,0.0766,-0.0239,0
374250,7.8033,-5.9506,0.6942,-5.3900,5.2500,1.1900,-0.1843,0.1795,0.0407,0
374289,7.6549,-6.0990,0.8043,-5.1800,4.2700,2.4500,-0.1771,0.1460,0.0838,0
374328,7.6812,-6.2881,0.6583,-2.5200,-0.4200,0.6300,-0.0862,-0.0144,0.0215,0
374367,7.8775,-6.4796,0.6822,-1.6800,2.2400,-1.1200,-0.0574,0.0766,-0.0383,0
374406,7.6357,-6.6878,0.7325,6.3000,0.9100,-1.0500,0.2154,0.0311,-0.0359,0
374445,7.3676,-6.3025,0.8402,7.0000,-6.5800,-0.7700,0.2394,-0.2250,-0.0263,0
374484,7.9924,-6.0631,0.7205,7.7000,-11.4800,0.9800,0.2633,-0.3926,0.0335,0
374523,8.1910,-6.0248,0.4428,11.2000,-7.4900,-0.3500,0.3830,-0.2561,-0.0120,0
374562,8.1480,-6.0559,0.7899,1.1900,0.3500,-2.8700,0.0407,0.0120,-0.0981,0
374601,8.2748,-6.0272,0.8617,-2.3800,5.9500,-4.7600,-0.0814,0.2035,-0.1628,0
374640,7.9206,-6.1852,0.7995,-1.0500,7.6300,-7.6300,-0.0359,0.2609,-0.2609,0
374679,6.9104,-5.9841,0.8234,6.3700,5.6700,-6.7900,0.2178,0.1939,-0.2322,0
374718,7.0421,-5.2469,0.9910,8.8200,3.2900,0.7000,0.3016,0.1125,0.0239,0
374757,8.0929,-5.0793,0.6343,12.2500,-2.9400,8.6800,0.4189,-0.1005,0.2968,0
374796,8.4543,-5.7232,0.3710,9.0300,5.7400,12.5300,0.3088,0.1963,0.4285,0
374835,8.2006,-5.9626,0.4739,-4.7600,11.5500,5.6700,-0.1628,0.3950,0.1939,0
374874,7.8751,-6.0751,0.7684,-13.3700,11.1300,0.7700,-0.4572,0.3806,0.0263,0
374913,8.0450,-6.2402,0.8497,-9.9400,5.4600,-2.2400,-0.3399,0.1867,-0.0766,0
374952,7.8535,-6.2211,0.8880,-3.4300,1.0500,-3.5000,-0.1173,0.0359,-0.1197,0
374991,7.7099,-5.7591,1.1322,7.0000,-8.8200,1.3300,0.2394,-0.3016,0.0455,0
375030,7.8607,-5.6729,0.9646,13.0200,-15.0500,1.5400,0.4452,-0.5146,0.0527,0
375069,8.4017,-5.6251,0.0862,8.8200,-11.6200,-3.9200,0.3016,-0.3973,-0.1340,0
375108,7.8799,-5.0099,1.0005,-14.0000,3.6400,-8.8200,-0.4787,0.1245,-0.3016,0
375147,7.9349,-4.9572,0.8330,-11.9700,-2.7300,-1.0500,-0.4093,-0.0934,-0.0359,0
375186,8.2150,-6.1469,0.6535,4.2700,-12.6700,5.3200,0.1460,-0.4332,0.1819,0
375225,8.3921,-6.4844,0.9359,1.1200,-10.8500,0.4900,0.0383,-0.3710,0.0168,0
375264,8.2916,-6.5155,0.5864,3.1500,-0.8400,-4.2000,0.1077,-0.0287,-0.1436,0
375303,8.1527,-6.3001,0.5864,3.0800,10.9900,-8.6100,0.1053,0.3758,-0.2944,0
375342,8.1623,-5.4599,0.7516,-14.4200,21.5600,-9.8000,-0.4931,0.7372,-0.3351,0
375381,7.6979,-5.1224,0.9718,-11.2700,1.4700,-0.5600,-0.3854,0.0503,-0.0191,0
375420,7.7985,-5.6203,0.7444,-0.7700,-2.5200,7.8400,-0.0263,-0.0862,0.2681,0
375459,7.8224,-6.1301,1.0700,3.5000,-3.5700,10.8500,0.1197,-0.1221,0.3710,0
375498,8.6674,-5.4982,0.6583,10.3600,-3.3600,3.5700,0.3543,-0.1149,0.1221,0
375537,8.8732,-6.3575,-0.2274,3.0100,12.5300,-9.1700,0.1029,0.4285,-0.3136,0
375576,6.8530,-5.6657,1.0269,-21.9800,29.7500,-13.9300,-0.7516,1.0173,-0.4763,0
375615,7.5519,-5.5221,1.8575,-24.4300,13.1600,-1.4700,-0.8354,0.4500,-0.0503,0
375654,8.7440,-7.3580,0.3399,-14.2800,5.4600,6.7900,-0.4883,0.1867,0.2322,0
375693,8.9833,-7.2647,0.0862,-26.6700,20.6500,-8.3300,-0.9120,0.7061,-0.2848,0
375732,9.0623,-5.8644,1.0700,-38.0100,9.8000,-28.5600,-1.2997,0.3351,-0.9766,0
375771,8.7775,-5.5580,1.2064,-33.1800,4.1300,-43.1900,-1.1346,0.1412,-1.4769,0
375810,6.7405,-3.7293,1.5080,-11.9000,17.3600,-27.2300,-0.4069,0.5936,-0.9311,0
375849,6.1612,-3.5354,0.9455,0.9800,5.3900,2.0300,0.0335,0.1843,0.0694,0
375888,7.1905,-4.2679,0.6989,-1.7500,-7.2800,28.0700,-0.0598,-0.2489,0.9598,0
375927,7.6740,-4.9907,0.8785,19.3900,-20.7900,45.9200,0.6630,-0.7109,1.5702,0
375966,9.4429,-7.4131,0.8904,13.3000,-2.9400,34.7200,0.4548,-0.1005,1.1872,0
376005,9.1652,-6.9128,0.7755,4.9700,3.0100,0.6300,0.1699,0.1029,0.0215,0
376044,8.5812,-5.7878,1.0460,1.1900,2.9400,-7.4900,0.0407,0.1005,-0.2561,0
376083,8.3490,-5.9410,0.9407,16.9400,-5.8800,2.8700,0.5793,-0.2011,0.0981,0
376122,7.8894,-6.1612,0.6295,23.8700,-3.0800,3.9900,0.8162,-0.1053,0.1364,0
376161,8.0378,-6.0104,1.1729,20.5100,-5.0400,1.5400,0.7013,-0.1723,0.0527,0
376200,8.0354,-5.3402,0.9000,22.9600,-15.7500,0.2800,0.7851,-0.5386,0.0096,0
376239,8.0187,-5.1439,0.7636,19.4600,-12.2500,1.8200,0.6654,-0.4189,0.0622,0
376278,7.9349,-5.2660,1.2351,11.4100,-5.2500,1.1200,0.3902,-0.1795,0.0383,0
376317,7.8320,-5.4431,1.2136,6.8600,-3.8500,2.5200,0.2346,-0.1317,0.0862,0
376356,8.1599,-5.2229,1.0700,2.5900,-5.8100,4.9000,0.0886,-0.1987,0.1676,0
376395,8.6793,-5.3354,1.0795,-5.6000,1.8900,5.8800,-0.1915,0.0646,0.2011,0
376434,8.6722,-5.4264,1.1442,-21.3500,11.0600,1.0500,-0.7301,0.3782,0.0359,0
376473,8.4639,-5.5580,1.1657,-39.8300,18.6900,-4.0600,-1.3620,0.6391,-0.1388,0
376512,7.9325,-5.4958,1.1825,-50.3300,26.0400,-6.6500,-1.7210,0.8904,-0.2274,0
376551,7.8320,-5.2995,1.5224,-58.2400,24.2900,-6.3000,-1.9915,0.8306,-0.2154,0
376590,7.9373,-5.4599,0.6056,-61.6000,26.8800,-2.0300,-2.1064,0.9192,-0.0694,0
376629,7.6573,-6.0463,1.0532,-66.2200,49.4900,-3.2900,-2.2644,1.6923,-0.1125,0
376668,7.8057,-5.9410,0.6367,-82.1100,44.8700,-2.3100,-2.8077,1.5343,-0.0790,0
376707,7.3796,-5.2804,0.1269,-59.4300,13.2300,-0.4900,-2.0322,0.4524,-0.0168,0
376746,8.3873,-6.3336,-0.1005,-77.5600,13.3700,6.4400,-2.6522,0.4572,0.2202,0
376785,8.5166,-6.7189,-0.3519,-90.7900,29.3300,3.5700,-3.1046,1.0029,0.1221,0
376824,7.6549,-5.9554,-0.4979,-88.7600,44.1700,-10.0100,-3.0351,1.5104,-0.3423,0
376863,7.6525,-5.3426,-0.5386,-102.9000,52.1500,-14.9800,-3.5187,1.7833,-0.5122,0
376902,8.2940,-5.2732,-1.4673,-94.2900,47.7400,-11.2000,-3.2242,1.6325,-0.3830,0
376941,8.0307,-5.7328,-1.4673,-88.7600,35.2100,-8.6100,-3.0351,1.2040,-0.2944,0
376980,7.4729,-5.8261,-1.7569,-75.8800,44.3100,-8.0500,-2.5947,1.5152,-0.2753,0
377019,7.4179,-5.7328,-2.0920,-45.2900,33.3900,-6.7900,-1.5487,1.1418,-0.2322,0
377058,8.0618,-4.8567,-1.1466,-36.1900,25.8300,-1.4000,-1.2375,0.8833,-0.0479,0
377097,8.1360,-3.5569,-0.4117,-38.0100,21.6300,12.1100,-1.2997,0.7396,0.4141,0
377136,7.9445,-5.8142,-0.6319,-48.1600,2.6600,16.5200,-1.6468,0.0910,0.5649,0
377175,7.8679,-7.2432,-0.0694,-41.5800,-10.4300,23.5900,-1.4218,-0.3567,0.8067,0
377214,8.2628,-7.0373,-0.5481,-20.1600,-4.7600,22.8900,-0.6894,-0.1628,0.7827,0
377253,9.2562,-6.4054,-0.9742,-4.9700,-3.9900,15.1200,-0.1699,-0.1364,0.5170,0
377292,9.5219,-6.7022,-1.5319,-4.2700,-9.1700,1.1900,-0.1460,-0.3136,0.0407,0
377331,8.1216,-7.0014,-1.4458,-13.5100,-8.3300,-1.1200,-0.4620,-0.2848,-0.0383,0
377370,7.8176,-5.8357,-1.0556,-2.8700,-19.7400,0.2800,-0.0981,-0.6750,0.0096,0
377409,7.4394,-6.9559,-2.0131,4.2000,-33.3200,7.8400,0.1436,-1.1394,0.2681,0
377448,6.9128,-6.7022,-1.0245,15.3300,-28.6300,15.4000,0.5242,-0.9790,0.5266,0
377487,7.2719,-5.4743,-1.6492,35.2100,-23.8000,5.3200,1.2040,-0.8138,0.1819,0
377526,7.8224,-5.8285,-1.6349,33.1800,-20.6500,-1.5400,1.1346,-0.7061,-0.0527,0
377565,7.4562,-6.0535,-1.9700,58.2400,-12.4600,-17.3600,1.9915,-0.4261,-0.5936,0
377604,7.7769,-7.0612,-2.2045,52.0100,-17.1500,-17.9900,1.7785,-0.5864,-0.6152,0
377643,7.5519,-6.4078,-1.9628,49.7700,3.7100,-13.9300,1.7019,0.1269,-0.4763,0
377682,8.0809,-6.3431,-2.3410,56.5600,16.7300,-14.4900,1.9341,0.5721,-0.4955,0
377721,7.9253,-6.4150,-2.0657,57.2600,25.5500,-12.6700,1.9580,0.8737,-0.4332,0
377760,7.3796,-6.3647,-0.9981,48.0200,22.5400,-11.4800,1.6420,0.7708,-0.3926,0
377799,8.6626,-6.8195,-0.7755,48.1600,8.9600,-1.9600,1.6468,0.3064,-0.0670,0
377838,8.9546,-8.3035,-0.6846,42.2100,7.8400,5.9500,1.4434,0.2681,0.2035,0
377877,8.8014,-8.4352,-0.5457,59.9200,11.4100,3.1500,2.0490,0.3902,0.1077,0
377916,8.1240,-7.3221,-0.0862,74.3400,5.8800,0.2100,2.5420,0.2011,0.0072,0
377955,7.4179,-4.6915,-1.0724,60.4800,-3.0800,26.6700,2.0681,-0.1053,0.9120,0
377994,5.2133,-1.6109,-1.2567,0.4200,-20.5800,70.3500,0.0144,-0.7037,2.4056,0
378033,7.5783,-5.0841,0.3184,-3.0800,-70.9800,124.1100,-0.1053,-2.4272,4.2439,0
378072,6.4628,-6.7932,2.7120,12.4600,-82.3200,115.2900,0.4261,-2.8149,3.9423,0
378111,6.2522,-9.1078,1.5583,24.7100,-101.8500,58.2400,0.8450,-3.4827,1.9915,0
378150,6.5275,-8.6363,-1.2686,50.2600,-99.5400,34.7900,1.7186,-3.4038,1.1896,0
378189,6.9248,-8.4184,-1.2112,54.2500,-115.5700,54.0400,1.8551,-3.9519,1.8479,0
378228,7.2838,-7.0876,0.2872,53.2000,-139.2300,56.3500,1.8192,-4.7610,1.9269,0
378267,7.8583,-7.8679,-0.8545,59.9200,-148.7500,47.6700,2.0490,-5.0865,1.6301,0
378306,6.6902,-9.1174,-2.1447,60.9700,-163.3800,36.3300,2.0849,-5.5868,1.2423,0
378345,5.8429,-9.1940,-1.4697,63.9100,-139.0900,29.7500,2.1854,-4.7562,1.0173,0
378384,5.6322,-8.7655,-1.7186,83.8600,-141.4000,15.4700,2.8676,-4.8352,0.5290,0
378423,4.7203,-7.5854,-2.2309,82.6700,-96.2500,-18.1300,2.8269,-3.2913,-0.6200,0
378462,2.7814,-7.3676,-4.5766,26.4600,-105.9800,-45.7100,0.9048,-3.6240,-1.5630,0
378501,2.3529,-6.2019,-5.6394,22.0500,-84.4200,-74.4800,0.7540,-2.8867,-2.5468,0
378540,2.7718,-4.7274,-6.6830,15.3300,-73.0100,-97.9300,0.5242,-2.4966,-3.3487,0
378579,2.2907,-3.4636,-5.0578,52.2200,-78.1900,-121.1700,1.7857,-2.6737,-4.1434,0
378618,6.2163,-4.0500,-3.4109,66.0100,-83.2300,-118.5800,2.2572,-2.8460,-4.0548,0
378657,15.2427,-6.9607,-1.1681,85.5400,-83.6500,-34.5800,2.9250,-2.8604,-1.1825,0
378696,12.4589,-4.9094,1.4865,39.9000,-51.3100,-29.6100,1.3644,-1.7545,-1.0125,0
378735,9.6224,-5.6610,0.2370,10.7100,-19.9500,-22.0500,0.3662,-0.6822,-0.7540,0
378774,7.0828,-6.7453,2.3099,-0.9800,10.9200,-0.6300,-0.0335,0.3734,-0.0215,0
378813,6.8291,-8.1647,0.7660,26.1800,-2.7300,-13.1600,0.8952,-0.0934,-0.4500,0
378852,5.0171,-5.7447,-1.4314,71.0500,-42.7000,-33.8100,2.4295,-1.4601,-1.1561,0
378891,9.0958,-5.2229,-2.5085,59.2900,-26.4600,1.0500,2.0274,-0.9048,0.0359,0
378930,9.9575,-5.1008,-1.4290,25.5500,6.5800,-10.9900,0.8737,0.2250,-0.3758,0
378969,9.8570,-6.0966,-0.6415,-9.0300,-9.4500,-18.1300,-0.3088,-0.3231,-0.6200,0
379008,10.0485,-7.0780,-0.5314,-25.6900,-20.8600,-6.4400,-0.8785,-0.7133,-0.2202,0
379047,8.9163,-7.6573,-0.8043,-3.1500,-4.5500,-12.2500,-0.1077,-0.1556,-0.4189,0
379086,8.3370,-7.4131,-1.6492,-9.6600,-17.5700,-13.9300,-0.3303,-0.6008,-0.4763,0
379125,8.0881,-8.2533,-1.4817,-12.5300,-39.9700,-12.1800,-0.4285,-1.3668,-0.4165,0
379164,6.8793,-7.2695,-0.8761,19.9500,-34.0900,-23.5900,0.6822,-1.1657,-0.8067,0
379203,6.4245,-7.2360,-1.8455,47.4600,-27.5100,-14.7000,1.6229,-0.9407,-0.5027,0
379242,5.9243,-5.8094,-2.1543,59.5000,-24.2900,-9.8700,2.0346,-0.8306,-0.3375,0
379281,6.3096,-7.0277,-3.7077,71.6800,-10.4300,-21.9800,2.4511,-0.3567,-0.7516,0
379320,5.2516,-7.0900,-3.7676,63.9800,28.1400,-22.0500,2.1878,0.9622,-0.7540,0
379359,5.4096,-6.9727,-4.7729,96.4600,21.2100,5.5300,3.2984,0.7253,0.1891,0
379398,6.5083,-6.7046,-3.8825,143.1500,47.6000,49.4200,4.8950,1.6277,1.6899,0
379437,8.2820,-6.1158,-0.2681,137.5500,67.2000,68.1800,4.7035,2.2979,2.3314,0
379476,8.4735,-4.0093,2.9274,81.5500,29.0500,26.5300,2.7886,0.9934,0.9072,0
379515,11.3291,-4.4617,0.5146,58.8000,-77.1400,18.7600,2.0107,-2.6378,0.6415,0
379554,11.0251,-3.2936,0.7947,52.8500,-86.7300,39.1300,1.8072,-2.9657,1.3380,0
379593,7.7315,-2.0298,2.7623,-17.4300,-68.6700,44.8000,-0.5960,-2.3482,1.5319,0
379632,6.5155,-5.3689,3.6599,-40.5300,-104.6500,50.4700,-1.3859,-3.5785,1.7258,0
379671,6.7525,-10.9892,3.2673,38.9200,-133.2100,58.9400,1.3309,-4.5551,2.0154,0
379710,5.8285,-9.7780,1.6372,45.0800,-108.7100,21.8400,1.5415,-3.7173,0.7468,0
379749,7.1905,-7.0565,-0.5505,55.3700,-102.3400,42.7700,1.8934,-3.4995,1.4625,0
379788,7.7027,-6.9368,0.8282,33.6700,-118.8600,45.9200,1.1513,-4.0644,1.5702,0
379827,8.4472,-7.5471,-0.1747,33.3200,-145.6000,58.7300,1.1394,-4.9788,2.0083,0
379866,5.8165,-7.8847,-0.2418,60.6200,-130.9700,68.2500,2.0729,-4.4785,2.3338,0
379905,4.9548,-9.2969,-0.4979,44.4500,-118.2300,62.8600,1.5200,-4.0429,2.1495,0
379944,4.9405,-9.6775,-0.7133,66.5700,-80.5700,54.6000,2.2764,-2.7551,1.8670,0
379983,3.2530,-9.6033,-0.2250,77.7700,-63.8400,28.3500,2.6593,-2.1830,0.9694,0
380022,0.9575,-6.6280,-1.4529,10.0100,-74.1300,-7.9800,0.3423,-2.5349,-0.2729,0
380061,3.2984,-7.4873,-1.8048,-33.7400,-60.6900,-34.3700,-1.1537,-2.0753,-1.1753,0
380100,4.9237,-7.8296,-3.8681,-17.7100,-56.0700,-50.4000,-0.6056,-1.9173,-1.7234,0
380139,2.1950,-7.4945,-4.7681,17.3600,-26.3900,-74.9700,0.5936,-0.9024,-2.5636,0
380178,1.2686,-7.0205,-6.8099,22.6100,-13.1600,-106.1200,0.7731,-0.4500,-3.6288,0
380217,2.2524,-3.8681,-2.7503,44.5200,-59.0800,-105.0000,1.5224,-2.0202,-3.5905,0
380256,10.0317,-4.9596,-2.1782,85.8900,-94.3600,-87.9200,2.9370,-3.2266,-3.0064,0
380295,19.2449,-9.2155,-1.5463,98.9800,-68.1100,-51.6600,3.3846,-2.3290,-1.7665,0
380334,11.1017,-6.9033,-0.4261,3.5000,-32.0600,-52.4300,0.1197,-1.0963,-1.7928,0
380373,7.3700,-8.2557,-0.2537,-0.1400,-21.9100,-19.6000,-0.0048,-0.7492,-0.6702,0
380412,7.6501,-10.1945,-1.0005,26.3900,-30.4500,1.2600,0.9024,-1.0412,0.0431,0
380451,6.9487,-7.2455,0.1029,71.9600,-35.0000,-1.6800,2.4607,-1.1968,-0.0574,0
380490,5.8237,-3.5258,1.1585,57.1200,-35.2800,-21.4200,1.9532,-1.2064,-0.7325,0
380529,5.8165,-1.2208,-0.2442,30.3100,-31.3600,-36.1200,1.0364,-1.0724,-1.2351,0
380568,6.7525,-3.4612,-1.5798,-19.3900,-33.6000,-35.5600,-0.6630,-1.1489,-1.2160,0
380607,8.8924,-6.4939,-1.4769,-6.1600,-20.3000,-24.0800,-0.2106,-0.6942,-0.8234,0
380646,8.8948,-7.4203,-1.0532,13.9300,-43.8900,-26.0400,0.4763,-1.5008,-0.8904,0
380685,8.2365,-5.2923,-2.6402,23.1000,-47.7400,-28.0000,0.7899,-1.6325,-0.9575,0
380724,8.5477,-5.4527,-1.8407,12.4600,-38.4300,-14.9800,0.4261,-1.3141,-0.5122,0
380763,8.7847,-5.5939,-1.5200,4.9700,-36.8900,-7.3500,0.1699,-1.2614,-0.2513,0
380802,7.9038,-4.6867,-1.7402,9.8700,-27.4400,-14.0000,0.3375,-0.9383,-0.4787,0
380841,9.0168,-4.5288,-1.7689,5.8800,-22.8900,-18.4100,0.2011,-0.7827,-0.6295,0
380880,9.0480,-5.9171,-2.1806,-0.2100,-6.3000,-18.4800,-0.0072,-0.2154,-0.6319,0
380919,8.2389,-6.0751,-1.9077,10.3600,10.2200,-15.8900,0.3543,0.3495,-0.5434,0
380958,7.5878,-5.0314,-1.1250,29.7500,13.3700,-10.1500,1.0173,0.4572,-0.3471,0
380997,7.7530,-5.0314,-1.4410,32.4100,-3.3600,-1.3300,1.1083,-0.1149,-0.0455,0
381036,8.6674,-5.9338,-2.5397,43.6100,-6.3700,6.6500,1.4912,-0.2178,0.2274,0
381075,8.0235,-6.3384,-1.8503,43.4700,-2.0300,3.3600,1.4865,-0.0694,0.1149,0
381114,7.6644,-6.3001,-2.6258,42.9800,21.1400,0.5600,1.4697,0.7229,0.0191,0
381153,7.1713,-6.6447,-2.6402,62.7900,28.4200,11.9700,2.1471,0.9718,0.4093,0
381192,6.8769,-7.0612,-2.0561,71.8900,28.2100,15.1900,2.4583,0.9646,0.5194,0
381231,6.8099,-7.6620,-1.6181,86.6600,19.6700,20.6500,2.9633,0.6726,0.7061,0
381270,6.7166,-6.0775,-0.9503,104.5100,19.6700,20.5100,3.5737,0.6726,0.7013,0
381309,8.2964,-5.8620,-1.0341,86.5200,-9.6600,25.9700,2.9585,-0.3303,0.8880,0
381348,9.3472,-6.7668,-2.2524,66.7100,-16.7300,33.8100,2.2811,-0.5721,1.1561,0
381387,8.4855,-7.6190,-1.5008,29.4700,-17.9900,35.0000,1.0077,-0.6152,1.1968,0
381426,7.2049,-5.8740,-1.6037,27.1600,-31.7100,48.5100,0.9287,-1.0843,1.6588,0
381465,5.7112,-2.7766,0.1747,34.3700,-78.6800,57.3300,1.1753,-2.6905,1.9604,0
381504,6.0990,-4.3229,0.7827,19.3900,-134.6800,87.2200,0.6630,-4.6054,2.9825,0
381543,7.1354,-8.9690,1.5630,42.0000,-113.5400,97.0200,1.4362,-3.8825,3.3176,0
381582,3.1357,-8.2605,0.8330,1.6100,-112.8400,58.4500,0.0551,-3.8585,1.9987,0
381621,3.9830,-7.5208,-1.8096,60.0600,-109.6200,27.5100,2.0537,-3.7484,0.9407,0
381660,7.3628,-10.1706,-3.6120,98.3500,-92.3300,39.9700,3.3631,-3.1572,1.3668,0
381699,6.6017,-10.1658,-1.4218,29.6800,-100.5200,21.9800,1.0149,-3.4373,0.7516,0
381738,4.7945,-6.7022,1.0197,16.9400,-120.0500,-1.8200,0.5793,-4.1051,-0.0622,0
381777,6.0176,-7.2695,-2.7958,68.7400,-183.6800,5.4600,2.3506,-6.2809,0.1867,0
381816,5.5317,-7.8607,-3.0208,25.1300,-125.2300,3.3600,0.8593,-4.2822,0.1149,0
381855,5.6370,-9.0839,-1.6444,4.2000,-86.5200,9.1000,0.1436,-2.9585,0.3112,0
381894,4.6939,-9.9264,-1.0388,31.9900,-123.2700,17.5700,1.0939,-4.2152,0.6008,0
381933,4.2320,-8.8277,-2.5971,44.3800,-120.5400,9.5200,1.5176,-4.1218,0.3255,0
381972,3.9639,-8.0091,-2.8006,57.5400,-75.4600,2.9400,1.9676,-2.5803,0.1005,0
382011,2.6665,-7.2647,-1.3261,47.3900,-80.7100,-13.3000,1.6205,-2.7599,-0.4548,0
382050,2.5325,-8.0115,-2.5756,24.8500,-89.4600,-41.5800,0.8497,-3.0591,-1.4218,0
382089,3.4804,-8.7057,-3.1428,16.1700,-80.2900,-66.5700,0.5529,-2.7455,-2.2764,0
382128,2.9538,-8.6123,-4.5024,28.5600,-60.5500,-90.8600,0.9766,-2.0705,-3.1069,0
382167,2.1806,-9.4645,-5.7280,42.9100,-54.0400,-108.9200,1.4673,-1.8479,-3.7245,0
382206,2.6928,-6.8291,-5.6131,30.4500,-40.8800,-128.5200,1.0412,-1.3979,-4.3947,0
382245,6.4150,-4.7179,-1.1250,51.4500,-59.5000,-118.0900,1.7593,-2.0346,-4.0381,0
382284,13.2632,-7.4083,-1.9628,69.0200,-68.3900,-102.9000,2.3601,-2.3386,-3.5187,0
382323,14.3307,-9.0192,-1.4146,57.2600,-21.4200,-72.2400,1.9580,-0.7325,-2.4702,0
382362,8.5453,-8.2676,-1.0412,13.3700,8.8200,-34.8600,0.4572,0.3016,-1.1920,0
382401,6.0798,-7.2503,0.4189,2.3800,7.4200,-24.7800,0.0814,0.2537,-0.8473,0
382440,6.3408,-8.0043,0.6367,37.8700,-1.1200,-35.2800,1.2950,-0.0383,-1.2064,0
382479,5.6107,-6.0224,0.2250,35.9100,10.5700,-29.1900,1.2279,0.3614,-0.9981,0
382518,5.3641,-3.8538,-0.4165,37.5900,2.9400,-27.0200,1.2854,0.1005,-0.9239,0
382557,6.8314,-3.9016,-0.6822,29.6100,-12.6000,-14.3500,1.0125,-0.4309,-0.4907,0
382596,8.2724,-4.3756,-1.1944,21.5600,-16.9400,2.3100,0.7372,-0.5793,0.0790,0
382635,9.1820,-5.2516,-0.1699,-2.3100,-13.9300,0.5600,-0.0790,-0.4763,0.0191,0
382674,9.5267,-6.2187,-0.2657,-9.7300,-23.3800,-1.1200,-0.3327,-0.7995,-0.0383,0
382713,9.1868,-6.3360,-0.0934,-3.5700,-18.6200,-6.0200,-0.1221,-0.6367,-0.2059,0
382752,9.5674,-6.2235,-0.3160,3.9200,-10.0100,-12.1800,0.1340,-0.3423,-0.4165,0
382791,10.1466,-5.6681,-0.4668,16.2400,-7.0000,-9.7300,0.5553,-0.2394,-0.3327,0
382830,10.4147,-5.0625,-0.7923,11.3400,8.6800,-11.0600,0.3878,0.2968,-0.3782,0
382869,9.7493,-5.0889,-0.4117,-4.5500,32.1300,-7.5600,-0.1556,1.0987,-0.2585,0
382908,7.3604,-5.8907,-0.8473,-29.8900,42.7000,-10.0100,-1.0221,1.4601,-0.3423,0
382947,5.9913,-6.3025,-1.2638,-17.2900,46.9700,-4.2000,-0.5912,1.6061,-0.1436,0
382986,5.1798,-6.9607,-1.7976,4.4100,36.6100,2.5900,0.1508,1.2519,0.0886,0
383025,4.3636,-7.7721,-1.4817,27.5100,41.8600,17.8500,0.9407,1.4314,0.6104,0
383064,4.8926,-7.1977,-2.5205,68.1100,32.2000,31.3600,2.3290,1.1011,1.0724,0
383103,5.8333,-5.0602,1.3213,58.2400,25.9000,31.5000,1.9915,0.8856,1.0771,0
383142,7.5088,-3.6886,1.9341,44.2400,27.2300,32.2700,1.5128,0.9311,1.1035,0
383181,8.6889,-4.7657,0.1963,28.9800,-0.4200,36.9600,0.9910,-0.0144,1.2638,0
383220,7.2910,-4.4857,-1.3333,-17.3600,-9.8000,47.8100,-0.5936,-0.3351,1.6349,0
383259,6.6735,-3.4301,0.2729,-60.1300,-32.6200,89.5300,-2.0561,-1.1154,3.0615,0
383298,7.5232,-8.8110,2.0825,-9.3800,-68.2500,129.5000,-0.3207,-2.3338,4.4282,0
383337,5.3426,-10.6900,2.2404,25.9700,-123.7600,63.4900,0.8880,-4.2320,2.1710,0
383376,7.0134,-10.2759,-2.0920,34.4400,-110.1100,30.8700,1.1777,-3.7652,1.0556,0
383415,6.8937,-11.1759,-2.3123,46.9000,-105.0000,25.7600,1.6037,-3.5905,0.8809,0
383454,5.6753,-8.7129,-0.7731,42.7000,-126.0700,15.4700,1.4601,-4.3109,0.5290,0
383493,5.7543,-6.5921,-1.2303,54.5300,-140.2100,4.5500,1.8646,-4.7945,0.1556,0
383532,6.1373,-6.9703,-2.3625,54.1100,-150.9900,-4.7600,1.8503,-5.1631,-0.1628,0
383571,5.6897,-7.5041,-2.2740,26.1800,-132.4400,-7.7000,0.8952,-4.5288,-0.2633,0
383610,5.0530,-7.9110,-1.5702,48.7900,-143.1500,-3.1500,1.6684,-4.8950,-0.1077,0
383649,5.1774,-8.4567,-1.7234,74.9000,-157.2200,2.6600,2.5612,-5.3761,0.0910,0
383688,5.2756,-7.8057,-2.4990,87.0100,-137.3400,5.3200,2.9753,-4.6963,0.1819,0
383727,5.0745,-7.2455,-2.5923,81.4800,-122.4300,3.0100,2.7862,-4.1865,0.1029,0
383766,4.5695,-8.0953,-3.2745,54.7400,-109.6200,-19.6700,1.8718,-3.7484,-0.6726,0
383805,2.9705,-7.4873,-4.2822,22.7500,-96.1800,-50.4700,0.7779,-3.2889,-1.7258,0
383844,3.0136,-7.3150,-5.5030,-3.7800,-74.6900,-85.9600,-0.1293,-2.5540,-2.9394,0
383883,4.0429,-5.9338,-5.6538,-12.0400,-44.6600,-115.3600,-0.4117,-1.5271,-3.9447,0
383922,12.1334,-6.1876,-4.7442,48.8600,-55.9300,-106.3300,1.6708,-1.9125,-3.6359,0
383961,12.5786,-6.1852,-3.4373,75.4600,-53.7600,-44.4500,2.5803,-1.8383,-1.5200,0
384000,8.0307,-5.4934,-1.3237,7.8400,-36.2600,-49.9800,0.2681,-1.2399,-1.7091,0
384039,7.8416,-5.9937,-1.1370,10.7100,-34.3700,-50.6800,0.3662,-1.1753,-1.7330,0
384078,6.6136,-5.2157,1.9317,-12.2500,-22.6100,-48.9300,-0.4189,-0.7731,-1.6732,0
384117,7.2001,-5.9793,3.0471,-39.2000,22.9600,-43.0500,-1.3404,0.7851,-1.4721,0
384156,6.3288,-4.7657,-1.0843,-28.9800,47.2500,-50.0500,-0.9910,1.6157,-1.7115,0
384195,4.8735,-5.1535,-1.5583,-18.6200,27.6500,-39.6900,-0.6367,0.9455,-1.3572,0
384234,9.7661,-4.8902,-0.9886,-17.6400,26.6000,-14.0700,-0.6032,0.9096,-0.4811,0
384273,10.7881,-5.0865,-1.9963,-29.6800,-5.3200,-4.6200,-1.0149,-0.1819,-0.1580,0
384312,11.8030,-5.3091,-2.8604,-46.9700,-14.0000,-16.2400,-1.6061,-0.4787,-0.5553,0
384351,10.1179,-6.6064,-2.3170,-63.9800,34.2300,-16.4500,-2.1878,1.1705,-0.5625,0
384390,8.3897,-7.5711,-3.0399,-19.6000,11.3400,23.8000,-0.6702,0.3878,0.8138,0
384429,8.6530,-6.0655,-1.2471,-37.4500,20.5100,23.2400,-1.2806,0.7013,0.7947,0
384468,9.2012,-5.0075,-2.0537,-59.1500,28.1400,6.7900,-2.0226,0.9622,0.2322,0
384507,8.2317,-5.9051,-1.5176,-38.8500,43.7500,10.6400,-1.3285,1.4960,0.3638,0
384546,7.4825,-5.7447,-1.3045,-29.2600,29.0500,10.9900,-1.0005,0.9934,0.3758,0
384585,7.0876,-5.5628,-1.4051,-5.8100,22.8900,14.0700,-0.1987,0.7827,0.4811,0
384624,7.1211,-5.5509,-1.6301,6.0200,8.7500,14.9800,0.2059,0.2992,0.5122,0
384663,6.6759,-5.1942,-1.0915,9.9400,-2.5200,13.8600,0.3399,-0.0862,0.4739,0
384702,7.8104,-5.0769,-0.9216,17.4300,3.2200,18.5500,0.5960,0.1101,0.6343,0
384741,7.8416,-5.0889,-1.7091,23.7300,5.3900,14.7000,0.8114,0.1843,0.5027,0
384780,7.8057,-5.6370,-1.3883,16.8000,-8.5400,11.0600,0.5745,-0.2920,0.3782,0
384819,8.4567,-5.4455,-0.9910,26.6000,-9.9400,16.9400,0.9096,-0.3399,0.5793,0
384858,8.9331,-5.3905,-1.5128,41.8600,-13.1600,23.9400,1.4314,-0.4500,0.8186,0
384897,8.5070,-5.4599,-1.4529,32.3400,-23.9400,26.8100,1.1059,-0.8186,0.9168,0
384936,8.4424,-5.6155,-0.9646,24.2900,-19.1800,27.3700,0.8306,-0.6559,0.9359,0
384975,8.3299,-5.8333,-0.7085,21.9800,-16.8000,28.0000,0.7516,-0.5745,0.9575,0
385014,8.5453,-5.9410,-1.4625,22.4700,-22.9600,31.8500,0.7684,-0.7851,1.0891,0
385053,9.2969,-5.8525,-1.4410,4.6200,-26.6000,25.6900,0.1580,-0.9096,0.8785,0
385092,10.0724,-5.8381,-0.1029,-24.3600,-7.5600,1.8900,-0.8330,-0.2585,0.0646,0
385131,10.7235,-6.2354,0.5793,-20.0900,-14.1400,-13.7200,-0.6870,-0.4835,-0.4692,0
385170,9.5578,-6.6639,-0.7612,-9.7300,-15.4000,-9.6600,-0.3327,-0.5266,-0.3303,0
385209,6.9631,-6.8458,-1.1657,-11.4800,8.5400,38.2200,-0.3926,0.2920,1.3069,0
385248,5.7687,-8.5405,-1.1130,4.9700,-5.4600,81.6900,0.1699,-0.1867,2.7934,0
385287,4.3660,-7.9325,-1.6181,8.4700,-23.9400,92.1900,0.2896,-0.8186,3.1524,0
385326,3.2960,-6.5179,-3.4349,13.7900,-14.9800,92.5400,0.4715,-0.5122,3.1644,0
385365,2.2931,-8.0857,-4.6867,16.1000,-25.9000,70.8400,0.5505,-0.8856,2.4224,0
385404,2.6354,-9.6033,-2.6905,-7.9800,-3.6400,58.7300,-0.2729,-0.1245,2.0083,0
385443,3.9328,-10.1562,-3.2482,9.8000,9.8000,60.4100,0.3351,0.3351,2.0657,0
385482,2.2859,-8.8804,-3.4349,27.2300,14.7700,59.9200,0.9311,0.5051,2.0490,0
385521,0.6271,-8.5980,-2.9633,5.2500,-7.8400,39.5500,0.1795,-0.2681,1.3524,0
385560,2.4319,-8.6458,-3.0016,-25.8300,11.2700,17.1500,-0.8833,0.3854,0.5864,0
385599,3.3870,-9.3184,-2.4391,-17.5000,19.0400,-6.5100,-0.5984,0.6511,-0.2226,0
385638,3.9232,-9.0168,-1.8144,-15.3300,43.6800,-33.0400,-0.5242,1.4936,-1.1298,0
385677,5.0314,-7.7578,-0.9527,-24.9900,39.4100,-48.3000,-0.8545,1.3476,-1.6516,0
385716,4.5862,-7.3221,-1.2088,-6.0900,52.2200,-54.5300,-0.2082,1.7857,-1.8646,0
385755,4.8399,-7.9182,-1.3548,-13.0900,54.1800,-61.9500,-0.4476,1.8527,-2.1184,0
385794,4.7466,-8.3035,-1.7689,-15.1200,70.7000,-67.6900,-0.5170,2.4176,-2.3147,0
385833,4.1937,-8.8325,-2.0370,1.0500,83.2300,-76.0200,0.0359,2.8460,-2.5995,0
385872,5.9123,-8.7344,-0.8904,12.6000,110.7400,-72.3100,0.4309,3.7867,-2.4726,0
385911,7.2886,-7.0182,-0.2561,9.9400,108.0100,-63.6300,0.3399,3.6934,-2.1758,0
385950,8.9019,-7.9924,-1.0747,-2.2400,75.0400,-45.9200,-0.0766,2.5660,-1.5702,0
385989,6.8985,-10.0581,-1.0149,-21.0000,14.3500,-31.5000,-0.7181,0.4907,-1.0771,0
386028,5.1942,-8.6746,-0.2250,-26.6700,-10.8500,-12.2500,-0.9120,-0.3710,-0.4189,0
386067,5.4048,-7.8487,-0.3758,-13.1600,-36.4000,1.0500,-0.4500,-1.2447,0.0359,0
386106,6.1828,-8.1432,-1.0628,15.2600,-36.8900,-2.9400,0.5218,-1.2614,-0.1005,0
386145,5.9697,-6.7932,0.0527,35.7700,-29.2600,-26.0400,1.2232,-1.0005,-0.8904,0
386184,5.8453,-4.6293,0.6989,49.2800,8.8200,-43.5400,1.6851,0.3016,-1.4888,0
386223,6.8721,-3.2386,0.9072,41.7200,4.7600,-36.4700,1.4266,0.1628,-1.2471,0
386262,7.1690,-2.6234,-0.1891,16.7300,3.6400,-9.8700,0.5721,0.1245,-0.3375,0
386301,8.0953,-2.1303,-0.1676,-9.7300,-5.3900,9.6600,-0.3327,-0.1843,0.3303,0
386340,7.6118,-3.4827,-1.0460,-29.1900,-19.5300,3.7800,-0.9981,-0.6678,0.1293,0
386379,6.7094,-5.1368,-0.1747,-111.3700,-26.2500,-24.2200,-3.8083,-0.8976,-0.8282,0
386418,7.8799,-5.8477,-4.2200,-28.3500,-25.4800,-7.7000,-0.9694,-0.8713,-0.2633,0
386457,8.9929,-7.2360,-4.4258,-35.8400,-4.4100,6.7200,-1.2255,-0.1508,0.2298,0
386496,9.5315,-8.2581,-3.0375,-58.8700,-5.6700,6.7900,-2.0131,-0.1939,0.2322,0
386535,9.3567,-8.9426,-2.0011,-12.6700,-14.0000,8.7500,-0.4332,-0.4787,0.2992,0
386574,8.9690,-9.7684,-3.2913,4.2000,-3.1500,16.3800,0.1436,-0.1077,0.5601,0
386613,8.2461,-8.1001,-2.3793,16.1700,15.9600,20.8600,0.5529,0.5457,0.7133,0
386652,7.5926,-6.4628,-1.7282,40.5300,6.0200,18.9000,1.3859,0.2059,0.6463,0
386691,7.4897,-5.9697,-1.9341,48.6500,-8.2600,20.9300,1.6636,-0.2824,0.7157,0
386730,7.1785,-5.1224,-2.0633,43.9600,-13.9300,16.6600,1.5032,-0.4763,0.5697,0
386769,7.0804,-5.4072,-2.7527,47.6000,-13.4400,11.9700,1.6277,-0.4596,0.4093,0
386808,6.6400,-5.2397,-2.4607,54.5300,-22.7500,11.9700,1.8646,-0.7779,0.4093,0
386847,6.8674,-6.2043,-1.0939,66.2900,-31.7100,19.3900,2.2668,-1.0843,0.6630,0
386886,9.3615,-7.8487,-1.6732,60.5500,-56.6300,14.1400,2.0705,-1.9365,0.4835,0
386925,8.7511,-7.8918,-2.0825,49.9100,-73.9200,6.0200,1.7067,-2.5277,0.2059,0
386964,7.4945,-6.1708,-0.7827,53.7600,-55.0200,15.6800,1.8383,-1.8814,0.5362,0
387003,6.5586,-3.5689,0.6965,45.7100,-20.5100,22.8900,1.5630,-0.7013,0.7827,0
387042,6.6711,-3.2410,0.9503,-9.1700,-40.4600,27.0200,-0.3136,-1.3835,0.9239,0
387081,6.1900,-5.5604,-1.7282,-27.2300,-42.1400,20.3000,-0.9311,-1.4410,0.6942,0
387120,4.6652,-8.0283,0.2609,-35.0000,-1.6800,16.9400,-1.1968,-0.0574,0.5793,0
387159,3.6431,-9.3256,0.0359,-16.2400,17.9200,5.1100,-0.5553,0.6128,0.1747,0
387198,2.7575,-9.8929,-0.9766,7.0000,-10.1500,16.2400,0.2394,-0.3471,0.5553,0
387237,2.7096,-9.6727,-1.7402,44.3100,-47.7400,36.1200,1.5152,-1.6325,1.2351,0
387276,3.2338,-9.7445,-1.7258,31.2200,-41.8600,6.2300,1.0676,-1.4314,0.2130,0
387315,6.6950,-9.7613,-1.8407,27.7900,-45.6400,-2.9400,0.9503,-1.5607,-0.1005,0
387354,7.4538,-8.7871,-0.7588,23.5900,-48.3700,-8.5400,0.8067,-1.6540,-0.2920,0
387393,6.7405,-7.3940,-0.1867,15.1200,-34.0200,-11.4100,0.5170,-1.1633,-0.3902,0
387432,6.7405,-8.2509,-0.3495,3.6400,-18.2000,-9.2400,0.1245,-0.6223,-0.3160,0
387471,6.7716,-9.4860,-0.7660,3.8500,-6.6500,-2.1000,0.1317,-0.2274,-0.0718,0
387510,6.1564,-8.9450,-0.5673,-0.7000,12.3900,-0.6300,-0.0239,0.4237,-0.0215,0
387549,6.0200,-7.7674,-0.7277,-3.3600,27.3000,-0.2800,-0.1149,0.9335,-0.0096,0
387588,5.7830,-7.4562,-0.9646,-3.5700,37.8700,6.5100,-0.1221,1.2950,0.2226,0
387627,5.2038,-7.5711,-1.1178,-5.8800,39.9700,13.9300,-0.2011,1.3668,0.4763,0
387666,4.3708,-8.0331,-0.9239,-7.5600,40.9500,15.8900,-0.2585,1.4003,0.5434,0
387705,4.3851,-8.4807,-0.8019,-12.9500,30.8000,11.6200,-0.4428,1.0532,0.3973,0
387744,5.1559,-8.2605,-0.7851,-11.9700,35.6300,10.0100,-0.4093,1.2184,0.3423,0
387783,5.0530,-8.3562,-1.0508,-9.8000,25.6200,6.9300,-0.3351,0.8761,0.2370,0
387822,5.0769,-8.6434,-0.7420,-19.6000,16.5200,8.6100,-0.6702,0.5649,0.2944,0
387861,4.6365,-8.7105,-0.1963,-21.4900,22.4700,3.9900,-0.7348,0.7684,0.1364,0
387900,4.7538,-8.5070,-0.1939,-24.2900,31.2900,-8.9600,-0.8306,1.0700,-0.3064,0
387939,5.4001,-8.5261,-0.6271,-24.5000,23.1000,-12.1800,-0.8378,0.7899,-0.4165,0
387978,5.4048,-8.2413,-0.4093,-22.8900,23.5900,-10.1500,-0.7827,0.8067,-0.3471,0
388017,4.8232,-8.2461,0.3830,-25.0600,18.4800,-11.4800,-0.8569,0.6319,-0.3926,0
388056,5.1320,-8.5549,-0.8043,-51.5200,20.7200,-10.0100,-1.7617,0.7085,-0.3423,0
388095,6.0727,-8.4902,-1.3237,-36.0500,22.6100,-8.9600,-1.2327,0.7731,-0.3064,0
388134,6.5011,-7.3533,-0.9742,-8.1200,18.9700,-8.8900,-0.2777,0.6487,-0.3040,0
388173,6.5155,-7.5160,-2.7216,2.1000,25.7600,-29.5400,0.0718,0.8809,-1.0101,0
388212,6.0176,-7.9038,-1.1657,-5.6700,49.4900,-46.0600,-0.1939,1.6923,-1.5750,0
388251,6.7549,-6.5155,-1.1370,-9.9400,39.4100,-48.7900,-0.3399,1.3476,-1.6684,0
388290,7.9541,-6.8243,-1.3189,2.1000,29.4700,-36.8900,0.0718,1.0077,-1.2614,0
388329,7.1019,-6.2259,-1.1322,-13.6500,23.3100,-35.9100,-0.4668,0.7971,-1.2279,0
388368,7.5639,-4.4139,-1.6755,-17.9200,22.4700,-31.7100,-0.6128,0.7684,-1.0843,0
388407,7.5998,-2.5827,-2.8006,-24.4300,16.8700,-20.7200,-0.8354,0.5769,-0.7085,0
388446,7.3485,-2.0394,-3.8729,-59.6400,34.3700,-9.3800,-2.0394,1.1753,-0.3207,0
388485,6.8314,-5.1894,-2.3338,-96.6000,78.3300,5.6700,-3.3032,2.6785,0.1939,0
388524,8.2772,-10.6062,-0.2729,-48.8600,42.0700,1.5400,-1.6708,1.4386,0.0527,0
388563,7.8368,-9.8211,-2.0418,1.2600,12.6000,-28.9800,0.0431,0.4309,-0.9910,0
388602,7.2384,-7.4011,-1.2638,20.5100,-9.7300,-15.4700,0.7013,-0.3327,-0.5290,0
388641,9.1676,-5.9817,-1.8551,28.4200,-21.1400,0.3500,0.9718,-0.7229,0.0120,0
388680,7.9014,-7.0301,-2.5109,14.6300,-23.5900,2.8000,0.5003,-0.8067,0.0957,0
388719,6.7836,-7.3078,-2.6402,19.3900,-7.7700,7.5600,0.6630,-0.2657,0.2585,0
388758,5.9889,-6.7764,-3.8705,33.1800,-7.3500,15.2600,1.1346,-0.2513,0.5218,0
388797,5.9937,-6.7189,-3.6790,40.8100,6.2300,36.4000,1.3955,0.2130,1.2447,0
388836,5.9769,-4.3397,-0.7899,27.2300,26.7400,65.6600,0.9311,0.9144,2.2452,0
388875,5.2708,-3.6288,-0.0886,42.1400,10.8500,89.1100,1.4410,0.3710,3.0471,0
388914,7.3892,-5.8572,2.9370,71.8200,-18.1300,115.2900,2.4559,-0.6200,3.9423,0
388953,9.6655,-6.9487,2.1662,-24.1500,-74.6200,48.0200,-0.8258,-2.5516,1.6420,0
388992,9.6344,-5.8094,-0.9814,-42.8400,-31.5000,0.2800,-1.4649,-1.0771,0.0096,0
389031,9.2012,-9.1509,0.5218,-6.0900,-15.8900,40.9500,-0.2082,-0.5434,1.4003,0
389070,7.4777,-10.8791,1.9580,-12.4600,17.5000,-3.0800,-0.4261,0.5984,-0.1053,0
389109,8.1647,-8.7129,1.0652,18.0600,26.6000,-13.6500,0.6176,0.9096,-0.4668,0
389148,8.0426,-7.3676,1.1513,9.8700,4.4100,-5.7400,0.3375,0.1508,-0.1963,0
389187,6.5370,-7.1905,0.9575,23.8000,48.5800,-3.7100,0.8138,1.6612,-0.1269,0
389226,3.9495,-5.0697,4.6772,0.3500,55.5100,-4.2700,0.0120,1.8982,-0.1460,0
389265,2.6306,-4.5000,0.8378,-16.5200,-12.2500,21.0700,-0.5649,-0.4189,0.7205,0
389304,3.3822,-4.6820,1.2447,-12.7400,-29.1900,29.0500,-0.4356,-0.9981,0.9934,0
389343,4.5503,-5.9410,0.5170,-25.2000,-1.1200,22.9600,-0.8617,-0.0383,0.7851,0
389382,6.2235,-8.8062,0.9934,-43.7500,24.9900,8.1200,-1.4960,0.8545,0.2777,0
389421,5.7112,-10.3669,0.1891,-21.4200,12.3900,-11.7600,-0.7325,0.4237,-0.4021,0
389460,7.0565,-8.4328,0.5649,-14.1400,29.8200,-25.4800,-0.4835,1.0197,-0.8713,0
389499,8.7966,-7.7410,0.2920,21.4200,74.2000,-50.8900,0.7325,2.5373,-1.7402,0
389538,8.6363,-6.9057,1.7593,24.7800,73.3600,-81.2000,0.8473,2.5085,-2.7766,0
389577,8.8565,-8.7200,2.0466,10.4300,34.7200,-60.1300,0.3567,1.1872,-2.0561,0
389616,6.4006,-8.0714,4.3038,-21.9800,-46.2000,-57.9600,-0.7516,-1.5798,-1.9819,0
389655,4.8304,-5.9721,2.5899,-36.6800,-48.3700,-56.7700,-1.2543,-1.6540,-1.9412,0
389694,4.9692,-5.7376,-6.7501,3.1500,-23.8700,-46.7600,0.1077,-0.8162,-1.5990,0
389733,2.4750,-6.4197,-3.1596,-10.8500,-13.7900,-3.1500,-0.3710,-0.4715,-0.1077,0
389772,7.9876,-7.1187,-3.0303,-30.7300,-68.6700,12.1100,-1.0508,-2.3482,0.4141,0
389811,7.2886,-9.4788,-5.5796,-51.3800,-22.2600,2.3800,-1.7569,-0.7612,0.0814,0
389850,7.2719,-9.7900,-2.5301,-3.8500,-23.5900,-9.1700,-0.1317,-0.8067,-0.3136,0
389889,9.1317,-9.6918,-2.8604,23.5900,-36.2600,-2.4500,0.8067,-1.2399,-0.0838,0
389928,9.3879,-8.5549,-1.9436,35.4200,13.8600,12.6700,1.2112,0.4739,0.4332,0
389967,7.3820,-7.2120,-1.6468,66.6400,43.4700,14.2100,2.2787,1.4865,0.4859,0
390006,6.3216,-7.1091,-1.6779,64.1900,32.1300,1.8200,2.1950,1.0987,0.0622,0
390045,5.6011,-6.4221,-1.1442,60.2000,-9.2400,-0.7700,2.0585,-0.3160,-0.0263,0
390084,6.6878,-5.1224,-0.1173,46.4100,-0.6300,10.2900,1.5870,-0.0215,0.3519,0
390123,8.6410,-4.9764,1.2974,26.0400,2.1000,31.9200,0.8904,0.0718,1.0915,0
390162,10.7403,-6.8291,1.4529,0.9100,-7.5600,43.8200,0.0311,-0.2585,1.4984,0
390201,10.4602,-7.8200,-0.2394,6.4400,-29.1200,28.4200,0.2202,-0.9958,0.9718,0
390240,7.8464,-6.6830,0.4045,4.1300,12.1100,23.4500,0.1412,0.4141,0.8019,0
390279,4.7921,-6.2642,0.1939,-6.8600,30.8000,15.1900,-0.2346,1.0532,0.5194,0
390318,3.1261,-7.0828,0.5769,-7.8400,3.9900,16.7300,-0.2681,0.1364,0.5721,0
390357,3.8562,-7.3269,0.6080,-26.5300,-35.6300,34.4400,-0.9072,-1.2184,1.1777,0
390396,4.6269,-6.2426,-0.2920,-21.7700,3.6400,55.2300,-0.7444,0.1245,1.8886,0
390435,1.6516,-8.2269,0.3495,8.1900,-17.7100,57.4700,0.2801,-0.6056,1.9652,0
390474,2.4032,-8.4902,2.1040,-11.2000,-38.3600,55.2300,-0.3830,-1.3117,1.8886,0
390513,5.1128,-8.7727,0.9886,-12.8100,-19.6700,51.8700,-0.4380,-0.6726,1.7737,0
390552,6.8003,-9.6105,0.0551,-18.1300,-14.7700,34.4400,-0.6200,-0.5051,1.1777,0
390591,6.3671,-8.6027,0.2872,-18.1300,5.8100,28.2800,-0.6200,0.1987,0.9670,0
390630,4.7298,-9.6033,0.6942,-26.4600,25.6200,29.3300,-0.9048,0.8761,1.0029,0
390669,3.5809,-10.9653,-0.2059,-21.6300,28.8400,25.9700,-0.7396,0.9862,0.8880,0
390708,3.0471,-10.3980,-0.5912,-16.6600,24.0100,8.4000,-0.5697,0.8210,0.2872,0
390747,2.4248,-9.8115,-0.7420,-11.6900,19.6700,-13.7900,-0.3997,0.6726,-0.4715,0
390786,2.2309,-9.4046,-0.8497,-13.0900,20.9300,-38.2200,-0.4476,0.7157,-1.3069,0
390825,1.8335,-8.1934,-1.3189,-3.0100,12.8100,-68.3900,-0.1029,0.4380,-2.3386,0
390864,2.0825,-6.9057,-0.7396,-20.7900,12.8100,-86.0300,-0.7109,0.4380,-2.9418,0
390903,6.1349,-7.5256,0.3040,-8.7500,9.3800,-81.2000,-0.2992,0.3207,-2.7766,0
390942,8.5621,-9.2035,-0.6918,-2.6600,3.5700,-68.9500,-0.0910,0.1221,-2.3577,0
390981,6.8793,-8.2365,-0.0431,-9.7300,16.6600,-62.2300,-0.3327,0.5697,-2.1279,0
391020,6.4102,-8.1767,-0.1460,-19.3900,14.7000,-49.8400,-0.6630,0.5027,-1.7043,0
391059,6.2546,-7.9062,-0.6630,0.5600,3.8500,-36.2600,0.0191,0.1317,-1.2399,0
391098,6.1756,-6.6400,-1.1585,13.3700,-1.5400,-23.0300,0.4572,-0.0527,-0.7875,0
391137,6.7046,-6.3336,-0.9311,0.5600,10.1500,-13.0900,0.0191,0.3471,-0.4476,0
391176,7.7147,-5.6562,-0.3638,-7.4200,6.2300,-13.9300,-0.2537,0.2130,-0.4763,0
391215,8.3418,-6.2019,0.1436,-4.5500,6.1600,-23.3100,-0.1556,0.2106,-0.7971,0
391254,7.9541,-5.8094,-0.4045,2.5900,-4.4800,-31.0800,0.0886,-0.1532,-1.0628,0
391293,8.0809,-3.9543,-0.8521,7.9100,-1.3300,-11.8300,0.2705,-0.0455,-0.4045,0
391332,9.0743,-4.6197,-0.9790,-13.1600,4.1300,5.1100,-0.4500,0.1412,0.1747,0
391371,8.9642,-7.3820,0.0072,-16.6600,3.9900,4.0600,-0.5697,0.1364,0.1388,0
391410,9.5746,-7.5424,-0.0981,-3.8500,-3.0100,-9.3800,-0.1317,-0.1029,-0.3207,0
391449,9.1964,-6.4102,-0.2848,6.2300,0.7700,-7.5600,0.2130,0.0263,-0.2585,0
391488,8.9067,-6.5729,-1.0532,-0.4200,-2.3800,-5.5300,-0.0144,-0.0814,-0.1891,0
391527,8.2198,-7.0421,-1.0269,8.1900,-13.3700,-6.5100,0.2801,-0.4572,-0.2226,0
391566,7.1642,-6.5658,-0.3447,10.9200,0.3500,-8.8200,0.3734,0.0120,-0.3016,0
391605,7.5471,-5.9314,-1.5439,12.3200,-0.0700,-16.3800,0.4213,-0.0024,-0.5601,0
391644,7.3221,-6.7764,-1.7282,21.1400,1.8200,-19.2500,0.7229,0.0622,-0.6583,0
391683,6.4102,-6.1397,-1.3620,22.9600,12.4600,-8.5400,0.7851,0.4261,-0.2920,0
391722,5.7376,-5.5317,-2.2644,38.1500,16.4500,7.6300,1.3045,0.5625,0.2609,0
391761,7.1522,-6.4772,0.6104,25.3400,21.7700,27.9300,0.8665,0.7444,0.9551,0
391800,8.1120,-6.1804,1.1561,27.5800,26.6700,49.2800,0.9431,0.9120,1.6851,0
391839,7.6525,-5.2469,0.3854,53.1300,3.3600,29.8900,1.8168,0.1149,1.0221,0
391878,7.1785,-5.3785,0.5003,25.8300,-30.5900,9.4500,0.8833,-1.0460,0.3231,0
391917,8.2964,-7.0756,0.5912,20.5100,-21.4200,24.5700,0.7013,-0.7325,0.8402,0
391956,7.5304,-5.7782,0.5290,25.7600,-31.7100,54.6000,0.8809,-1.0843,1.8670,0
391995,6.7668,-5.3450,1.2710,27.2300,-46.3400,50.3300,0.9311,-1.5846,1.7210,0
392034,7.1139,-6.7596,0.8258,15.5400,-47.8800,46.7600,0.5314,-1.6372,1.5990,0
392073,6.8913,-6.0320,0.3662,-9.0300,-56.7700,45.7800,-0.3088,-1.9412,1.5654,0
392112,5.4982,-6.9655,-0.1532,-6.6500,-65.6600,50.9600,-0.2274,-2.2452,1.7426,0
392151,6.4341,-9.2801,0.4476,-4.8300,-70.2800,51.3100,-0.1652,-2.4032,1.7545,0
392190,7.6716,-9.9145,0.4548,13.0900,-75.5300,37.5900,0.4476,-2.5827,1.2854,0
392229,7.7530,-9.6679,-0.3590,31.2200,-76.0900,32.9700,1.0676,-2.6019,1.1274,0
392268,7.4370,-9.1916,-0.2657,28.8400,-65.8700,23.1700,0.9862,-2.2524,0.7923,0
392307,6.2211,-8.0929,-0.5505,24.3600,-53.3400,11.4100,0.8330,-1.8240,0.3902,0
392346,5.0027,-6.7453,-0.9981,32.3400,-39.2700,0.8400,1.1059,-1.3428,0.0287,0
392385,4.4929,-6.2905,-1.3045,11.9700,-21.2800,-15.8200,0.4093,-0.7277,-0.5410,0
392424,3.9663,-7.2360,-2.0490,13.5100,-12.2500,-39.0600,0.4620,-0.4189,-1.3357,0
392463,3.3655,-6.6974,-1.9652,17.7800,-0.2100,-62.7900,0.6080,-0.0072,-2.1471,0
392502,2.8341,-5.8405,-1.6995,11.4800,8.0500,-77.9800,0.3926,0.2753,-2.6665,0
392541,5.8142,-7.5184,-0.1029,20.3000,-20.7200,-73.8500,0.6942,-0.7085,-2.5253,0
392580,10.5248,-8.9714,-1.1657,38.9200,-25.0600,-14.0700,1.3309,-0.8569,-0.4811,0
392619,7.8607,-7.8535,0.6247,-9.0300,-10.7100,-34.7900,-0.3088,-0.3662,-1.1896,0
392658,8.5644,-8.6650,0.2154,2.4500,-12.5300,-20.9300,0.0838,-0.4285,-0.7157,0
392697,6.7094,-7.9277,-0.4261,-3.6400,-15.0500,-23.2400,-0.1245,-0.5146,-0.7947,0
392736,6.1469,-6.9416,-1.6157,7.5600,-18.8300,-21.8400,0.2585,-0.6439,-0.7468,0
392775,6.7932,-6.1205,-1.2471,20.0900,-20.0900,-15.3300,0.6870,-0.6870,-0.5242,0
392814,7.5998,-5.2923,-0.5936,26.5300,-12.3900,-11.4100,0.9072,-0.4237,-0.3902,0
392853,7.8200,-5.1296,-0.0934,16.5900,-11.1300,-9.4500,0.5673,-0.3806,-0.3231,0
392892,7.4753,-5.3450,-0.7660,-2.6600,-1.0500,-15.1200,-0.0910,-0.0359,-0.5170,0
392931,7.4107,-5.6370,-1.1849,19.7400,4.1300,-7.7700,0.6750,0.1412,-0.2657,0
392970,7.0493,-5.8381,-0.3375,-13.9300,18.7600,-3.7100,-0.4763,0.6415,-0.1269,0
393009,7.8081,-6.4533,-0.9598,1.5400,1.8900,-0.0700,0.0527,0.0646,-0.0024,0
393048,7.4083,-7.0493,-1.3285,-2.3100,-11.4800,-12.1800,-0.0790,-0.3926,-0.4165,0
393087,8.1623,-7.4921,-1.6109,-2.8700,-15.8900,-4.6200,-0.0981,-0.5434,-0.1580,0
393126,7.8248,-7.0038,-0.8282,-7.0700,-2.6600,2.9400,-0.2418,-0.0910,0.1005,0
393165,8.9211,-8.2389,-0.9407,0.4200,-10.7800,2.9400,0.0144,-0.3686,0.1005,0
393204,8.2485,-8.5142,-1.1944,16.3800,-8.4700,-0.6300,0.5601,-0.2896,-0.0215,0
393243,7.5591,-7.1235,-1.1920,27.8600,-6.7200,-6.0900,0.9527,-0.2298,-0.2082,0
393282,7.5352,-6.3144,-1.7498,34.5800,-13.5800,-2.8000,1.1825,-0.4644,-0.0957,0
393321,7.3652,-6.4221,-1.4122,29.2600,-11.3400,4.6900,1.0005,-0.3878,0.1604,0
393360,6.9679,-5.7687,-0.8067,30.2400,-2.9400,4.6900,1.0341,-0.1005,0.1604,0
393399,6.8267,-4.6891,-0.5051,32.2700,3.7100,5.8800,1.1035,0.1269,0.2011,0
393438,7.3413,-4.9955,0.3806,15.2600,-1.3300,10.2900,0.5218,-0.0455,0.3519,0
393477,9.2035,-6.7166,-0.2992,0.3500,-15.1900,0.9800,0.0120,-0.5194,0.0335,0
393516,7.5783,-6.7189,0.0479,-2.6600,-9.6600,12.8100,-0.0910,-0.3303,0.4380,0
393555,7.9373,-6.5945,-0.7085,0.1400,6.5800,19.1100,0.0048,0.2250,0.6535,0
393594,7.9014,-6.9463,-0.9311,11.2700,-2.3100,30.8700,0.3854,-0.0790,1.0556,0
393633,7.5687,-5.8285,0.2872,8.4700,-0.9800,25.2700,0.2896,-0.0335,0.8641,0
393672,7.2791,-4.7538,0.0598,-6.5100,11.7600,17.3600,-0.2226,0.4021,0.5936,0
393711,6.2474,-5.4288,-0.6439,-14.9100,13.4400,17.1500,-0.5098,0.4596,0.5864,0
393750,5.8357,-7.2599,-0.7923,-22.9600,19.5300,28.9800,-0.7851,0.6678,0.9910,0
393789,4.7394,-7.4394,-0.1364,-27.1600,15.6100,17.2900,-0.9287,0.5338,0.5912,0
393828,6.2594,-7.8775,-0.2011,-9.2400,15.7500,8.2600,-0.3160,0.5386,0.2824,0
393867,6.9080,-7.5495,-0.3279,-1.2600,6.1600,18.1300,-0.0431,0.2106,0.6200,0
393906,6.4748,-7.5591,0.7372,-0.3500,-5.7400,33.3900,-0.0120,-0.1963,1.1418,0
393945,6.2283,-7.6333,-1.1944,-22.6800,-4.2000,56.4200,-0.7755,-0.1436,1.9293,0
393984,4.2128,-7.9086,-2.4942,-31.5000,-9.9400,57.5400,-1.0771,-0.3399,1.9676,0
394023,3.3966,-9.2634,-1.9532,-22.2600,-9.5900,54.6000,-0.7612,-0.3279,1.8670,0
394062,3.7054,-10.8935,-1.4218,-32.2700,-2.5200,31.5000,-1.1035,-0.0862,1.0771,0
394101,4.5192,-11.1759,-1.5080,10.2200,-6.3000,-1.8900,0.3495,-0.2154,-0.0646,0
394140,4.5695,-8.8589,-2.0346,12.8800,6.4400,-41.4400,0.4404,0.2202,-1.4170,0
394179,4.5599,-7.8128,-1.0484,2.3800,24.6400,-73.5000,0.0814,0.8426,-2.5133,0
394218,5.6681,-7.8033,-0.9981,-2.3100,50.4000,-83.7200,-0.0790,1.7234,-2.8628,0
394257,6.0583,-7.7698,-0.4596,23.5900,48.3700,-70.6300,0.8067,1.6540,-2.4152,0
394296,5.9123,-7.0684,0.3997,21.7000,34.2300,-50.2600,0.7420,1.1705,-1.7186,0
394335,7.0517,-7.0086,0.3471,7.0000,24.9900,-25.6900,0.2394,0.8545,-0.8785,0
394374,7.2503,-6.7477,-0.1843,-26.8800,10.4300,-4.5500,-0.9192,0.3567,-0.1556,0
394413,7.4083,-6.7118,-0.0981,-49.2800,14.7700,-9.1000,-1.6851,0.5051,-0.3112,0
394452,7.1067,-6.9272,-0.2777,-53.0600,35.0000,-20.7900,-1.8144,1.1968,-0.7109,0
394491,6.4700,-7.0445,-0.6295,-20.2300,22.1900,-26.8100,-0.6918,0.7588,-0.9168,0
394530,5.7112,-6.4604,-0.9144,1.4000,22.2600,-22.7500,0.0479,0.7612,-0.7779,0
394569,5.7399,-6.5610,-1.2040,23.1700,-1.8900,-18.9700,0.7923,-0.0646,-0.6487,0
394608,6.3192,-6.3647,-0.8809,27.0200,-3.9900,-16.8700,0.9239,-0.1364,-0.5769,0
394647,7.6908,-5.7854,-1.5343,13.1600,-15.4000,-13.7200,0.4500,-0.5266,-0.4692,0
394686,9.6033,-6.1923,-1.3357,-18.5500,-9.4500,0.2100,-0.6343,-0.3231,0.0072,0
394725,9.2849,-8.1264,-1.5008,-30.6600,14.2100,5.3200,-1.0484,0.4859,0.1819,0
394764,7.3150,-8.4208,-0.6798,-16.3100,22.8200,0.0000,-0.5577,0.7803,0.0000,0
394803,6.7716,-7.8344,0.3734,8.1900,-0.7000,-6.5800,0.2801,-0.0239,-0.2250,0
394842,8.7488,-6.2067,-0.4955,31.6400,-34.7900,-0.8400,1.0819,-1.1896,-0.0287,0
394881,9.0168,-6.1421,-0.8282,12.6000,-20.0200,3.7100,0.4309,-0.6846,0.1269,0
394920,7.7362,-6.3096,-0.5912,-4.1300,17.2900,11.4100,-0.1412,0.5912,0.3902,0
394959,6.7620,-6.7261,0.0191,2.2400,19.3900,18.8300,0.0766,0.6630,0.6439,0
394998,6.3791,-7.1091,0.3207,15.7500,-3.2900,18.8300,0.5386,-0.1125,0.6439,0
395037,7.4538,-6.7764,0.0527,25.4800,-22.7500,16.5200,0.8713,-0.7779,0.5649,0
395076,7.7123,-6.4317,-0.3040,32.1300,-7.9800,9.9400,1.0987,-0.2729,0.3399,0
395115,7.4107,-6.2402,0.0024,28.5600,-6.4400,3.3600,0.9766,-0.2202,0.1149,0
395154,6.9344,-6.1205,0.2011,19.3900,-6.5800,9.2400,0.6630,-0.2250,0.3160,0
395193,6.8171,-6.6830,0.2178,9.0300,-10.7800,13.2300,0.3088,-0.3686,0.4524,0
395232,7.1498,-7.1235,-0.0646,6.8600,-17.7100,5.8100,0.2346,-0.6056,0.1987,0
395271,7.0732,-6.9416,-0.1340,20.5800,-6.7900,-3.0800,0.7037,-0.2322,-0.1053,0
395310,5.9721,-6.6208,-0.1245,17.9200,-12.3200,-1.8900,0.6128,-0.4213,-0.0646,0
395349,6.6352,-6.6974,0.1293,14.7000,-11.4100,3.2200,0.5027,-0.3902,0.1101,0
395388,7.4777,-7.0493,0.2896,13.9300,-4.9700,8.1200,0.4763,-0.1699,0.2777,0
395427,7.2432,-6.7716,-0.0431,20.0200,-7.2800,5.4600,0.6846,-0.2489,0.1867,0
395466,7.4275,-6.6112,0.1771,22.0500,-2.5200,3.7100,0.7540,-0.0862,0.1269,0
395505,8.1503,-6.2905,1.1178,11.3400,8.6100,7.3500,0.3878,0.2944,0.2513,0
395544,7.8248,-6.6184,0.6750,-16.2400,29.4000,8.7500,-0.5553,1.0053,0.2992,0
395583,6.9320,-7.2120,0.1891,-4.3400,27.2300,5.1800,-0.1484,0.9311,0.1771,0
395622,6.7860,-6.5442,0.7277,-16.3100,20.7900,0.9100,-0.5577,0.7109,0.0311,0
395661,6.7692,-6.3503,0.3614,-28.5600,25.7600,1.1200,-0.9766,0.8809,0.0383,0
395700,6.6806,-6.8219,0.4476,-36.6800,18.4800,-4.2700,-1.2543,0.6319,-0.1460,0
395739,6.2426,-7.4945,0.8737,-28.5600,18.6900,-1.8900,-0.9766,0.6391,-0.0646,0
395778,6.1373,-7.8559,1.0795,-23.5200,13.6500,-4.2000,-0.8043,0.4668,-0.1436,0
395817,6.6591,-8.1671,0.5864,-20.5100,6.5100,-2.2400,-0.7013,0.2226,-0.0766,0
395856,5.9889,-7.9373,0.1795,-0.7700,1.1900,-2.5900,-0.0263,0.0407,-0.0886,0
395895,6.2187,-7.4682,0.1101,20.4400,-18.4100,-1.1200,0.6989,-0.6295,-0.0383,0
395934,7.0828,-7.5184,0.0335,26.3200,-24.5000,3.8500,0.9000,-0.8378,0.1317,0
395973,6.6902,-7.7650,0.3375,19.6000,-17.7800,0.9100,0.6702,-0.6080,0.0311,0
396012,6.5777,-7.3461,0.3830,26.8100,-12.6000,-1.1200,0.9168,-0.4309,-0.0383,0
396051,6.6256,-6.8362,0.4117,40.9500,-17.7800,3.5000,1.4003,-0.6080,0.1197,0
396090,6.7955,-7.0876,0.3375,39.5500,-24.9900,5.8800,1.3524,-0.8545,0.2011,0
396129,7.3461,-7.7889,0.5625,53.4100,-26.6700,7.8400,1.8263,-0.9120,0.2681,0
396168,6.9966,-6.8865,0.6798,40.7400,-20.7900,1.7500,1.3931,-0.7109,0.0598,0
396207,6.8889,-6.5083,0.4117,49.7000,-30.2400,1.5400,1.6995,-1.0341,0.0527,0
396246,7.4538,-6.3408,0.7061,43.5400,-30.1700,4.2000,1.4888,-1.0317,0.1436,0
396285,7.7841,-6.2163,1.2184,22.7500,-18.1300,1.2600,0.7779,-0.6200,0.0431,0
396324,7.5783,-6.2043,1.1920,15.1200,-13.4400,1.9600,0.5170,-0.4596,0.0670,0
396363,7.5184,-6.5011,0.8713,4.4800,-7.8400,7.0000,0.1532,-0.2681,0.2394,0
396402,7.1498,-7.2336,1.1992,23.3100,0.7700,13.3700,0.7971,0.0263,0.4572,0
396441,7.2575,-6.7955,1.4314,2.8700,-0.7000,3.2900,0.0981,-0.0239,0.1125,0
396480,7.4490,-6.3503,0.6415,-2.1000,-4.9700,2.1700,-0.0718,-0.1699,0.0742,0
396519,7.3796,-6.7932,0.8354,-22.5400,1.1200,0.0000,-0.7708,0.0383,0.0000,0
396558,6.7357,-6.6902,1.0005,-28.4200,21.1400,-0.4200,-0.9718,0.7229,-0.0144,0
396597,6.3791,-6.7596,1.7234,-39.8300,22.4700,-1.2600,-1.3620,0.7684,-0.0431,0
396636,6.7549,-7.4227,1.0269,-37.0300,2.9400,1.9600,-1.2662,0.1005,0.0670,0
396675,6.4987,-7.4753,0.9048,-28.4200,9.7300,3.0100,-0.9718,0.3327,0.1029,0
396714,6.3910,-7.2910,0.6487,-23.7300,15.8900,4.6900,-0.8114,0.5434,0.1604,0
396753,6.7740,-7.4538,0.7133,-24.0800,18.5500,3.2900,-0.8234,0.6343,0.1125,0
396792,6.8434,-7.2575,0.6989,-21.7700,1.9600,0.1400,-0.7444,0.0670,0.0048,0
396831,6.5490,-7.2551,0.1436,-18.4100,11.6200,-4.6900,-0.6295,0.3973,-0.1604,0
396870,6.5299,-7.8775,0.2729,-18.9000,14.2100,-5.0400,-0.6463,0.4859,-0.1723,0
396909,5.9434,-7.8583,0.6415,-12.8100,13.7900,-2.4500,-0.4380,0.4715,-0.0838,0
396948,6.0152,-7.8966,0.2154,6.5800,2.6600,1.8200,0.2250,0.0910,0.0622,0
396987,6.1540,-7.4107,-0.2609,11.3400,-5.3200,1.1900,0.3878,-0.1819,0.0407,0
397026,6.4365,-7.4035,-0.1628,5.3900,-0.7700,-0.6300,0.1843,-0.0263,-0.0215,0
397065,6.6471,-8.1480,0.2465,0.0000,0.7000,-2.1700,0.0000,0.0239,-0.0742,0
397104,6.6711,-7.7362,0.4644,10.0100,-6.4400,-1.8900,0.3423,-0.2202,-0.0646,0
397143,6.5681,-7.1378,0.4141,16.3100,-9.7300,-0.4200,0.5577,-0.3327,-0.0144,0
397182,6.7285,-7.0971,0.1508,15.8200,-8.4700,3.0800,0.5410,-0.2896,0.1053,0
397221,6.6759,-7.1929,0.2298,5.5300,-1.6800,2.4500,0.1891,-0.0574,0.0838,0
397260,6.5083,-7.3293,0.5912,0.7000,-1.6100,-2.4500,0.0239,-0.0551,-0.0838,0
397299,6.7118,-7.1546,0.5481,3.9200,-0.4200,-4.4100,0.1340,-0.0144,-0.1508,0
397338,6.9990,-6.9392,0.5577,1.9600,0.7000,-1.8900,0.0670,0.0239,-0.0646,0
397377,6.8817,-6.9416,0.4692,-1.7500,7.7000,-1.4700,-0.0598,0.2633,-0.0503,0
397416,6.7357,-7.1330,0.3878,-0.9800,7.2100,-1.1200,-0.0335,0.2465,-0.0383,0
397455,6.6352,-7.3796,0.5505,-4.2000,5.5300,-1.3300,-0.1436,0.1891,-0.0455,0
397494,6.7429,-7.2599,0.7013,-1.4700,-2.4500,-7.9800,-0.0503,-0.0838,-0.2729,0
397533,6.6328,-6.8697,0.5673,9.7300,1.1200,-8.4000,0.3327,0.0383,-0.2872,0
397572,7.0253,-6.7525,0.8186,6.7200,7.7000,-3.1500,0.2298,0.2633,-0.1077,0
397611,7.3198,-7.4346,0.5625,11.2700,5.2500,0.4900,0.3854,0.1795,0.0168,0
397650,6.9894,-7.2527,0.9718,10.9200,3.9900,-5.6700,0.3734,0.1364,-0.1939,0
397689,7.1618,-6.7572,1.3500,4.4100,1.0500,-3.6400,0.1508,0.0359,-0.1245,0
397728,7.2886,-6.8099,1.0293,1.8900,-4.1300,0.2800,0.0646,-0.1412,0.0096,0
397767,7.1546,-6.8147,0.8737,2.1700,-7.2800,2.8700,0.0742,-0.2489,0.0981,0
397806,7.2743,-6.9200,0.9096,-1.9600,-6.9300,4.9700,-0.0670,-0.2370,0.1699,0
397845,7.1426,-6.9583,0.9048,-7.9100,0.4900,3.7100,-0.2705,0.0168,0.1269,0
397884,7.0086,-6.8482,0.6942,-9.0300,4.2000,-0.4200,-0.3088,0.1436,-0.0144,0
397923,6.9080,-6.7644,0.6104,-3.7100,4.9000,0.7000,-0.1269,0.1676,0.0239,0
397962,6.8841,-6.4317,0.7468,-4.9000,5.7400,1.2600,-0.1676,0.1963,0.0431,0
398001,6.6783,-5.9075,0.7995,-16.5200,11.6900,3.7100,-0.5649,0.3997,0.1269,0
398040,7.0636,-6.5370,0.3160,-18.3400,7.0000,10.3600,-0.6271,0.2394,0.3543,0
398079,7.0612,-7.3437,1.1920,-18.6900,11.1300,7.7700,-0.6391,0.3806,0.2657,0
398118,7.4993,-7.2982,1.6301,-35.8400,16.6600,1.5400,-1.2255,0.5697,0.0527,0
398157,7.4706,-6.8817,0.8856,-32.3400,17.0800,-1.1900,-1.1059,0.5840,-0.0407,0
398196,6.6639,-6.6878,0.1269,-41.5100,0.2100,-11.3400,-1.4194,0.0072,-0.3878,0
398235,6.3623,-6.9751,-0.7109,-47.4600,-3.6400,-10.2200,-1.6229,-0.1245,-0.3495,0
398274,5.8333,-7.3724,-0.5290,-59.6400,14.2100,13.6500,-2.0394,0.4859,0.4668,0
398313,5.2277,-6.8506,-0.0383,-53.7600,-38.8500,23.3800,-1.8383,-1.3285,0.7995,0
398352,8.1767,-9.5099,-3.4421,-11.8300,16.3800,-30.4500,-0.4045,0.5601,-1.0412,0
398391,5.4671,-8.5860,-0.2226,46.8300,9.3800,-39.4100,1.6013,0.3207,-1.3476,0
398430,7.6477,-8.0067,-2.4846,69.6500,12.6700,-25.9000,2.3817,0.4332,-0.8856,0
398469,9.2586,-6.7453,-0.3423,47.4600,-17.3600,18.7600,1.6229,-0.5936,0.6415,0
398508,8.2796,-4.7322,-3.1883,1.3300,-52.5700,7.4200,0.0455,-1.7976,0.2537,0
398547,4.4713,-7.9804,-2.3242,-21.6300,-44.3100,-5.2500,-0.7396,-1.5152,-0.1795,0
398586,2.6881,-8.2078,-0.2705,-14.0700,-36.3300,11.2000,-0.4811,-1.2423,0.3830,0
398625,3.8753,-8.6506,-2.8006,33.3200,-77.7000,29.5400,1.1394,-2.6569,1.0101,0
398664,5.5413,-8.1934,-2.3410,90.5800,-87.0800,43.8200,3.0974,-2.9777,1.4984,0
398703,7.4251,-6.2283,-0.3519,53.5500,-66.1500,59.0100,1.8311,-2.2620,2.0178,0
398742,9.8139,-3.3487,2.6067,3.9200,-44.5900,46.5500,0.1340,-1.5247,1.5918,0
398781,13.5265,-4.5790,0.9168,-22.2600,-47.8800,40.8100,-0.7612,-1.6372,1.3955,0
398820,8.8756,-8.1671,0.2896,-37.8000,7.4900,-1.9600,-1.2926,0.2561,-0.0670,0
398859,6.4197,-11.0419,0.0335,-38.5700,43.4700,-1.4700,-1.3189,1.4865,-0.0503,0
398898,4.5982,-7.6549,-2.3027,15.0500,43.0500,20.7900,0.5146,1.4721,0.7109,0
398937,4.8495,-7.2719,-3.7197,31.2900,-23.7300,-20.0900,1.0700,-0.8114,-0.6870,0
398976,3.9351,-7.3341,-1.2327,-38.3600,122.8500,-33.7400,-1.3117,4.2008,-1.1537,0
399015,4.6173,-8.1312,0.1747,-34.5100,74.2000,-35.1400,-1.1801,2.5373,-1.2016,0
399054,4.9309,-7.6261,-0.5697,-47.8100,78.1200,-31.7100,-1.6349,2.6713,-1.0843,0
399093,4.5048,-7.9373,-0.4356,-34.3000,60.8300,-19.4600,-1.1729,2.0801,-0.6654,0
399132,6.1253,-9.0815,-0.7779,-40.6000,42.4900,16.1000,-1.3883,1.4529,0.5505,0
399171,5.2876,-8.4567,0.2633,-20.6500,23.5200,-4.2000,-0.7061,0.8043,-0.1436,0
399210,6.5993,-9.0360,-0.4021,26.4600,8.6800,-23.0300,0.9048,0.2968,-0.7875,0
399249,7.0900,-9.6057,-0.5170,75.8800,16.3800,-47.3900,2.5947,0.5601,-1.6205,0
399288,3.9734,-7.6956,-2.9705,70.0000,-24.0100,-19.3200,2.3936,-0.8210,-0.6606,0
399327,6.8554,-8.5668,-1.0795,56.7000,-52.6400,21.9800,1.9388,-1.8000,0.7516,0
399366,7.4921,-10.1514,-2.1112,53.8300,-95.1300,9.1700,1.8407,-3.2530,0.3136,0
399405,5.1008,-8.9905,-1.4075,92.0500,-97.2300,-17.2200,3.1476,-3.3248,-0.5888,0
399444,6.7932,-4.2726,-1.5008,137.3400,-116.4800,2.0300,4.6963,-3.9830,0.0694,0
399483,8.9235,-2.8173,-1.6229,107.2400,-122.4300,41.7200,3.6671,-4.1865,1.4266,0
399522,9.3783,-3.9040,-0.1364,31.5700,-79.8000,70.4900,1.0795,-2.7287,2.4104,0
399561,10.2017,-3.6623,0.7205,-22.4000,-28.9800,67.9700,-0.7660,-0.9910,2.3242,0
399600,7.9828,-3.9902,1.2758,-56.7000,-22.1200,35.3500,-1.9388,-0.7564,1.2088,0
399639,8.0737,-8.2389,-3.8968,-61.0400,-22.8200,16.4500,-2.0873,-0.7803,0.5625,0
399678,4.5910,-9.5698,-1.5726,-91.8400,72.1700,12.3200,-3.1405,2.4678,0.4213,0
399717,4.1266,-9.7301,-1.6803,-76.0900,100.1000,40.1100,-2.6019,3.4229,1.3716,0
399756,7.8535,-7.5256,1.9508,-52.1500,13.2300,23.8000,-1.7833,0.4524,0.8138,0
399795,8.1384,-4.9213,-0.0407,-46.5500,70.6300,-16.5200,-1.5918,2.4152,-0.5649,0
399834,7.8464,-7.1067,-1.1274,-72.8000,100.8700,-35.4900,-2.4894,3.4492,-1.2136,0
399873,3.9878,-8.1958,-0.1676,-78.1900,104.9300,13.6500,-2.6737,3.5881,0.4668,0
399912,3.8681,-9.9121,0.0335,-60.1300,44.3800,44.3100,-2.0561,1.5176,1.5152,0
399951,5.6394,-10.5153,0.9814,8.9600,21.0000,39.2000,0.3064,0.7181,1.3404,0
399990,6.1038,-11.1831,-1.5200,19.5300,-4.0600,-7.7700,0.6678,-0.1388,-0.2657,0
400029,4.7514,-7.2001,-2.3577,25.1300,6.7900,-67.0600,0.8593,0.2322,-2.2931,0
400068,4.5144,-3.3128,-6.4030,29.9600,39.6200,-57.6100,1.0245,1.3548,-1.9700,0
400107,6.4150,-9.6129,-3.8107,21.2100,68.5300,13.5800,0.7253,2.3434,0.4644,0
400146,3.7508,-11.9586,1.9939,-131.8800,-1.4000,10.1500,-4.5096,-0.0479,0.3471,0
400185,7.9158,-4.6676,-0.9814,68.8800,-16.1700,27.5100,2.3553,-0.5529,0.9407,0
400224,5.8261,-6.3408,-3.6910,35.4900,-99.3300,21.2100,1.2136,-3.3966,0.7253,0
400263,4.9405,-5.4647,0.7229,-2.6600,-57.9600,1.3300,-0.0910,-1.9819,0.0455,0
400302,9.0192,-8.7607,0.5625,-15.8900,-75.0400,-5.3900,-0.5434,-2.5660,-0.1843,0
400341,6.4221,-8.2916,-2.8317,40.0400,-79.7300,30.2400,1.3692,-2.7264,1.0341,0
400380,5.5293,-6.3096,-2.3362,-0.4200,-15.8200,69.2300,-0.0144,-0.5410,2.3673,0
400419,5.1607,-8.6506,-2.6857,-22.4700,-4.3400,41.5800,-0.7684,-0.1484,1.4218,0
400458,6.6926,-8.4208,-1.9436,-52.6400,-38.3600,16.2400,-1.8000,-1.3117,0.5553,0
400497,4.8806,-10.8049,-1.1896,-25.7600,-26.1800,24.9200,-0.8809,-0.8952,0.8521,0
400536,3.8729,-11.8294,-3.4492,-4.2700,0.7000,41.7900,-0.1460,0.0239,1.4290,0
400575,1.0652,-9.6990,-3.7460,20.7900,26.3900,46.2700,0.7109,0.9024,1.5822,0
400614,2.8030,-7.0182,-1.0843,-23.5200,23.6600,28.1400,-0.8043,0.8091,0.9622,0
400653,4.3109,-10.3333,-2.7862,-19.8800,39.8300,11.0600,-0.6798,1.3620,0.3782,0
400692,1.5295,-11.5445,-3.3846,-18.9000,71.6800,-21.6300,-0.6463,2.4511,-0.7396,0
400731,-1.5654,-9.5171,-6.9440,3.2900,77.7000,-53.4800,0.1125,2.6569,-1.8287,0
400770,-4.6173,-5.6634,-2.7264,29.4000,60.1300,-85.9600,1.0053,2.0561,-2.9394,0
400809,-2.0920,-2.4295,-1.1394,-12.6000,0.2800,-108.8500,-0.4309,0.0096,-3.7221,0
400848,11.6690,-8.8756,-0.7420,-28.0700,-3.0100,-69.4400,-0.9598,-0.1029,-2.3745,0
400887,10.0413,-12.1860,-2.3625,14.7000,-2.1000,-9.3100,0.5027,-0.0718,-0.3184,0
400926,5.7136,-8.0977,-0.6535,12.2500,11.2700,-53.6200,0.4189,0.3854,-1.8335,0
400965,5.3618,-6.5418,-1.1394,-1.2600,21.6300,-20.8600,-0.0431,0.7396,-0.7133,0
401004,6.9918,-7.7865,-2.7527,16.7300,-23.1700,19.3900,0.5721,-0.7923,0.6630,0
401043,9.2347,-8.1623,2.3482,70.6300,-1.4000,-1.9600,2.4152,-0.0479,-0.0670,0
401082,9.6033,-3.8562,-0.4644,91.5600,-22.9600,-46.5500,3.1309,-0.7851,-1.5918,0
401121,5.8884,-2.4607,-3.9280,103.3900,-50.5400,-44.8700,3.5354,-1.7282,-1.5343,0
401160,7.7650,-4.4354,-2.0011,-3.0100,-31.0100,-31.9900,-0.1029,-1.0604,-1.0939,0
401199,8.1432,-7.8607,-1.5487,-64.2600,20.0200,3.9900,-2.1974,0.6846,0.1364,0
401238,5.9650,-8.9307,1.2351,-21.8400,40.3900,17.9900,-0.7468,1.3811,0.6152,0
401277,6.4078,-9.9001,-2.5851,17.6400,4.2000,3.5700,0.6032,0.1436,0.1221,0
401316,6.1756,-9.1509,-1.7761,9.0300,13.4400,9.2400,0.3088,0.4596,0.3160,0
401355,6.4652,-7.6764,-0.0503,34.5800,21.6300,10.4300,1.1825,0.7396,0.3567,0
401394,6.5514,-6.6495,1.1777,46.4800,18.2700,3.4300,1.5894,0.6247,0.1173,0
401433,7.9732,-6.5251,-0.1077,44.1700,-50.6100,10.9200,1.5104,-1.7306,0.3734,0
401472,6.4126,-6.6950,0.0957,7.3500,-4.0600,14.0700,0.2513,-0.1388,0.4811,0
401511,5.1631,-6.6543,-1.0747,4.9700,-18.1300,20.7200,0.1699,-0.6200,0.7085,0
401550,5.3665,-7.6620,-0.6319,42.8400,-22.8200,33.3200,1.4649,-0.7803,1.1394,0
401589,9.1581,-6.8195,1.0388,31.7800,2.3100,40.7400,1.0867,0.0790,1.3931,0
401628,8.6769,-7.2767,-0.1508,11.0600,-5.1100,21.7000,0.3782,-0.1747,0.7420,0
401667,6.8434,-7.1929,-1.4099,3.7100,4.7600,-5.5300,0.1269,0.1628,-0.1891,0
401706,7.8559,-7.2001,0.0479,-4.2700,12.2500,-0.8400,-0.1460,0.4189,-0.0287,0
401745,7.0038,-7.7027,0.1987,2.3100,5.8100,4.9700,0.0790,0.1987,0.1699,0
401784,5.5102,-7.1139,0.4237,-6.7900,-14.0700,2.5200,-0.2322,-0.4811,0.0862,0
401823,6.2211,-7.0995,0.7755,0.9100,-28.4200,15.3300,0.0311,-0.9718,0.5242,0
401862,4.1266,-6.4652,0.5003,26.4600,-47.3200,34.7900,0.9048,-1.6181,1.1896,0
401901,5.1727,-6.4150,1.7641,13.0200,-85.9600,61.8100,0.4452,-2.9394,2.1136,0
401940,8.0187,-7.7410,0.4332,28.7000,-46.1300,55.3000,0.9814,-1.5774,1.8910,0
401979,9.8211,-7.6836,-1.2423,0.8400,-42.2800,28.3500,0.0287,-1.4458,0.9694,0
402018,6.9344,-8.0737,0.0814,-37.6600,0.9100,11.2000,-1.2878,0.0311,0.3830,0
402057,2.3793,-9.2873,1.2567,-98.2800,13.0200,-4.2700,-3.3607,0.4452,-0.1460,0
402096,2.3266,-12.8730,-1.8216,-51.0300,-3.5000,2.5900,-1.7450,-0.1197,0.0886,0
402135,1.7282,-11.8820,-4.7250,-4.8300,-17.5000,11.6900,-0.1652,-0.5984,0.3997,0
402174,4.1697,-9.2825,-2.3434,61.5300,-7.9100,-13.7900,2.1040,-0.2705,-0.4715,0
402213,4.9046,-5.3929,-1.4960,43.1900,-40.7400,-36.4000,1.4769,-1.3931,-1.2447,0
402252,5.8501,-4.6102,-0.8497,-2.5900,9.3100,-37.3800,-0.0886,0.3184,-1.2782,0
402291,5.1798,-5.3115,-0.6200,-22.6100,29.6800,-36.8900,-0.7731,1.0149,-1.2614,0
402330,4.9070,-7.8248,1.7258,-28.3500,64.0500,-36.3300,-0.9694,2.1902,-1.2423,0
402369,5.3570,-7.6812,1.0341,14.2800,97.5100,-68.7400,0.4883,3.3343,-2.3506,0
402408,6.4939,-7.8344,0.1436,9.8700,38.6400,-56.4900,0.3375,1.3213,-1.9317,0
402447,7.3700,-8.7152,0.2801,-4.1300,7.4900,-28.7700,-0.1412,0.2561,-0.9838,0
402486,7.6860,-10.2687,-1.1370,-11.9700,22.3300,-18.4800,-0.4093,0.7636,-0.6319,0
402525,6.2809,-10.3836,-1.1705,-10.5700,8.3300,-6.7200,-0.3614,0.2848,-0.2298,0
402564,6.5346,-9.5722,1.4099,-5.6700,5.8800,5.0400,-0.1939,0.2011,0.1723,0
402603,7.1642,-7.6453,-0.0934,32.4800,4.9700,-16.3800,1.1106,0.1699,-0.5601,0
402642,6.8769,-6.5107,-1.2878,56.9800,-0.0700,-33.6000,1.9484,-0.0024,-1.1489,0
402681,6.0703,-7.4969,-1.5942,-9.7300,20.0900,-36.4700,-0.3327,0.6870,-1.2471,0
402720,5.7687,-7.7434,-0.1077,-1.2600,16.8000,-21.7000,-0.0431,0.5745,-0.7420,0
402759,5.6681,-6.7501,0.8091,6.1600,11.2700,-21.3500,0.2106,0.3854,-0.7301,0
402798,6.0535,-5.8405,1.3045,11.2700,-2.5200,-24.2900,0.3854,-0.0862,-0.8306,0
402837,7.5831,-5.6490,1.1250,27.3700,5.6000,-18.6200,0.9359,0.1915,-0.6367,0
402876,7.5328,-5.8596,0.8737,23.5200,19.1800,-9.5900,0.8043,0.6559,-0.3279,0
402915,7.2073,-5.0530,2.0513,3.0800,24.5700,3.1500,0.1053,0.8402,0.1077,0
402954,6.7764,-3.0854,1.4482,-12.6000,10.9900,11.1300,-0.4309,0.3758,0.3806,0
402993,7.3748,-4.4139,-0.4117,-23.1000,-11.8300,7.6300,-0.7899,-0.4045,0.2609,0
403032,7.5280,-6.2881,-1.8814,-52.4300,3.3600,-0.1400,-1.7928,0.1149,-0.0048,0
403071,6.3336,-6.8243,-2.1208,-79.6600,12.6000,-3.5700,-2.7240,0.4309,-0.1221,0
403110,6.1540,-8.0714,-2.0274,-50.6800,-50.6100,14.2800,-1.7330,-1.7306,0.4883,0
403149,7.9182,-9.2658,-1.4146,-85.3300,-16.4500,22.1900,-2.9178,-0.5625,0.7588,0
403188,7.9134,-10.8863,-1.9484,-40.8800,0.4200,12.3200,-1.3979,0.0144,0.4213,0
403227,7.9708,-10.0078,-1.8240,2.3100,18.2700,1.5400,0.0790,0.6247,0.0527,0
403266,6.7836,-8.8086,-0.9335,44.6600,12.2500,1.6100,1.5271,0.4189,0.0551,0
403305,6.5251,-8.1360,-1.3021,55.7200,14.2100,0.5600,1.9053,0.4859,0.0191,0
403344,6.7070,-7.8870,-0.8833,82.6000,3.9200,8.1200,2.8245,0.1340,0.2777,0
403383,5.9219,-6.3312,0.1556,81.2000,0.4200,0.7700,2.7766,0.0144,0.0263,0
403422,6.5849,-5.1415,1.3069,61.3200,-24.9200,8.0500,2.0968,-0.8521,0.2753,0
403461,9.6057,-4.1841,0.3782,53.7600,-60.8300,24.4300,1.8383,-2.0801,0.8354,0
403500,9.8570,-5.3522,0.2968,37.1000,-54.6700,29.9600,1.2686,-1.8694,1.0245,0
403539,8.0115,-6.5442,0.7492,16.3800,-29.7500,33.4600,0.5601,-1.0173,1.1442,0
403578,7.0205,-6.3671,0.1843,-21.9100,5.3200,28.4900,-0.7492,0.1819,0.9742,0
403617,5.2086,-6.6974,1.6181,-22.6800,-4.9700,8.6100,-0.7755,-0.1699,0.2944,0
403656,5.3929,-5.5221,0.2753,-16.7300,-72.5200,-5.4600,-0.5721,-2.4798,-0.1867,0
403695,6.2809,-7.8847,-0.0646,-25.1300,-20.6500,42.2100,-0.8593,-0.7061,1.4434,0
403734,3.7867,-7.6477,-0.1580,-38.9900,-25.2700,61.3900,-1.3333,-0.8641,2.0992,0
403773,2.9250,-8.9379,-0.8402,-13.5100,-48.1600,84.2800,-0.4620,-1.6468,2.8819,0
403812,3.1381,-8.8804,-0.1029,11.6200,-67.1300,91.3500,0.3973,-2.2955,3.1237,0
403851,5.6227,-8.7344,-0.7468,-1.0500,-55.1600,70.4900,-0.0359,-1.8862,2.4104,0
403890,7.7554,-10.2807,-2.0154,-18.6900,-26.7400,57.4000,-0.6391,-0.9144,1.9628,0
403929,5.6610,-10.3549,-1.4290,-2.5900,-9.2400,37.4500,-0.0886,-0.3160,1.2806,0
403968,3.0710,-10.1873,-1.0173,-5.2500,30.5900,10.5000,-0.1795,1.0460,0.3590,0
404007,1.4697,-9.5913,-2.8341,0.8400,40.6000,-16.9400,0.0287,1.3883,-0.5793,0
404046,-0.4739,-8.4136,-2.9131,-11.6900,37.1000,-50.4000,-0.3997,1.2686,-1.7234,0
404085,-1.4362,-6.8626,-1.0556,-40.6000,19.3200,-89.1100,-1.3883,0.6606,-3.0471,0
404124,1.2782,-7.4299,-2.1974,-44.5200,5.3200,-97.4400,-1.5224,0.1819,-3.3319,0
404163,12.2100,-8.8421,-0.4380,22.7500,14.0000,-50.2600,0.7779,0.4787,-1.7186,0
404202,9.6703,-8.5908,-1.7450,13.4400,31.5000,-15.3300,0.4596,1.0771,-0.5242,0
404241,6.2570,-8.4065,-0.3638,-18.6900,42.7000,-29.1200,-0.6391,1.4601,-0.9958,0
404280,6.3743,-7.3916,-0.4859,-31.1500,45.9200,-17.1500,-1.0652,1.5702,-0.5864,0
404319,6.8721,-7.5376,-1.4146,-21.6300,27.7900,-3.5000,-0.7396,0.9503,-0.1197,0
404358,6.6112,-7.9995,-0.9814,-3.7800,23.6600,-8.0500,-0.1293,0.8091,-0.2753,0
404397,6.9080,-6.6017,0.3710,-8.0500,25.6900,-15.7500,-0.2753,0.8785,-0.5386,0
404436,7.1618,-5.6753,-0.2681,7.7700,27.5800,-22.1900,0.2657,0.9431,-0.7588,0
404475,6.9487,-5.0434,-0.4165,23.1700,24.7800,-30.9400,0.7923,0.8473,-1.0580,0
404514,6.0009,-4.5168,-1.5630,34.5100,-20.1600,-41.3700,1.1801,-0.6894,-1.4146,0
404553,6.3527,-3.2601,-2.2357,17.1500,-28.6300,-18.6200,0.5864,-0.9790,-0.6367,0
404592,9.7900,-5.6059,-2.5397,-22.6100,7.4200,11.2000,-0.7731,0.2537,0.3830,0
404631,8.7392,-9.1748,-1.6396,-24.2900,0.7700,-2.8700,-0.8306,0.0263,-0.0981,0
404670,7.2599,-7.9972,-1.6636,-37.0300,-6.5800,-13.7900,-1.2662,-0.2250,-0.4715,0
404709,7.4801,-9.9169,-2.6785,-12.4600,-20.7900,1.1900,-0.4261,-0.7109,0.0407,0
404748,8.1336,-8.6889,-2.3266,16.3800,-3.9200,-1.5400,0.5601,-0.1340,-0.0527,0
404787,7.3198,-7.9708,-2.7527,40.4600,-15.1900,-11.4800,1.3835,-0.5194,-0.3926,0
404826,6.3264,-8.5333,-2.7838,48.5800,-15.8200,-4.7600,1.6612,-0.5410,-0.1628,0
404865,5.8213,-7.5088,-3.5450,97.3000,-20.7200,6.6500,3.3272,-0.7085,0.2274,0
404904,5.9099,-7.0708,-4.3684,133.5600,-13.9300,16.7300,4.5671,-0.4763,0.5721,0
404943,5.1368,-7.0397,-3.5378,145.1800,1.2600,25.5500,4.9644,0.0431,0.8737,0
404982,5.6011,-6.2474,-2.0992,130.0600,28.0000,40.5300,4.4474,0.9575,1.3859,0
405021,7.4466,-4.2176,-0.1652,67.3400,-40.9500,68.6700,2.3027,-1.4003,2.3482,0
405060,7.4634,-2.7814,-0.3806,18.4100,-101.1500,65.1000,0.6295,-3.4588,2.2261,0
405099,7.5759,-4.5575,0.7085,-20.4400,-143.8500,67.1300,-0.6989,-4.9189,2.2955,0
405138,6.8530,-9.4285,1.5750,-6.3700,-123.6200,102.3400,-0.2178,-4.2272,3.4995,0
405177,3.7676,-11.8102,4.8758,15.1200,-106.1200,75.0400,0.5170,-3.6288,2.5660,0
405216,4.0405,-11.7576,2.0178,43.6100,-114.0300,51.7300,1.4912,-3.8992,1.7689,0
405255,5.0793,-10.7474,-1.2255,75.7400,-115.2200,61.9500,2.5899,-3.9399,2.1184,0
405294,5.6083,-9.5554,-1.9269,5.0400,-92.0500,53.2000,0.1723,-3.1476,1.8192,0
405333,5.7806,-10.5248,-1.5918,22.3300,-97.0200,27.5800,0.7636,-3.3176,0.9431,0
405372,3.2362,-9.5482,0.0287,34.0200,-97.3700,25.6900,1.1633,-3.3296,0.8785,0
405411,3.3679,-7.7769,-1.8623,31.1500,-91.7000,21.6300,1.0652,-3.1357,0.7396,0
405450,4.1123,-7.3413,-2.2644,36.3300,-72.5900,20.4400,1.2423,-2.4822,0.6989,0
405489,2.7934,-6.6878,-2.1040,20.4400,-64.3300,10.2900,0.6989,-2.1998,0.3519,0
405528,1.9101,-6.3025,-1.5247,3.6400,-53.4800,-4.1300,0.1245,-1.8287,-0.1412,0
405567,2.1112,-7.9828,-1.9245,-2.6600,-48.8600,-17.9200,-0.0910,-1.6708,-0.6128,0
405606,1.3668,-9.4764,-2.2787,-5.6000,-42.2800,-34.8600,-0.1915,-1.4458,-1.1920,0
405645,0.9287,-9.5004,-2.7670,2.8000,-40.4600,-60.6900,0.0957,-1.3835,-2.0753,0
405684,1.3668,-7.6214,-3.2913,10.7100,-31.7100,-93.7300,0.3662,-1.0843,-3.2051,0
405723,2.1926,-6.7046,-1.5080,-14.2100,-14.5600,-121.9400,-0.4859,-0.4979,-4.1697,0
405762,7.7434,-6.7668,-1.4362,-12.6700,-40.3900,-123.2000,-0.4332,-1.3811,-4.2128,0
405801,15.1876,-9.0791,-2.1375,22.5400,-25.5500,-77.9100,0.7708,-0.8737,-2.6641,0
405840,8.3849,-7.3198,-1.1896,16.1000,2.2400,-60.4800,0.5505,0.0766,-2.0681,0
405879,8.9163,-8.1360,-0.5721,5.2500,5.2500,-51.6600,0.1795,0.1795,-1.7665,0
405918,9.1796,-9.3903,-1.8168,6.7900,14.1400,-28.8400,0.2322,0.4835,-0.9862,0
405957,7.6094,-8.8876,-0.5146,26.2500,1.9600,-35.0700,0.8976,0.0670,-1.1992,0
405996,5.1607,-7.5160,0.4739,35.9100,-21.3500,-40.3900,1.2279,-0.7301,-1.3811,0
406035,3.3631,-5.3785,-0.5673,59.7800,-17.5700,-38.6400,2.0442,-0.6008,-1.3213,0
406074,3.2889,-4.3923,-2.0896,71.8900,-51.0300,-34.4400,2.4583,-1.7450,-1.1777,0
406113,5.1128,-4.8232,-1.9867,69.9300,-42.7700,-20.5100,2.3912,-1.4625,-0.7013,0
406152,9.3472,-6.4485,-0.8665,86.5200,-9.8700,-15.6100,2.9585,-0.3375,-0.5338,0
406191,10.3238,-5.5126,-0.6822,46.7600,-23.6600,-42.2100,1.5990,-0.8091,-1.4434,0
406230,10.7259,-7.1713,-0.2801,37.8000,-52.5000,-37.8000,1.2926,-1.7952,-1.2926,0
406269,10.2089,-6.5131,-0.0048,19.4600,-37.7300,-33.8100,0.6654,-1.2902,-1.1561,0
406308,8.9618,-7.5088,-2.2716,0.7700,-38.4300,-22.6800,0.0263,-1.3141,-0.7755,0
406347,7.7674,-7.2120,-1.8527,68.1100,-13.0900,-5.0400,2.3290,-0.4476,-0.1723,0
406386,4.5599,-9.1748,-2.4272,106.8200,2.1000,5.3900,3.6527,0.0718,0.1843,0
406425,7.6812,-7.4370,-3.4205,115.1500,-15.4000,6.8600,3.9375,-0.5266,0.2346,0
406464,5.4144,-5.8118,-4.9405,108.2900,19.1800,-13.9300,3.7030,0.6559,-0.4763,0
406503,5.3330,-4.8711,-3.0447,122.7800,86.3100,21.7700,4.1984,2.9514,0.7444,0
406542,6.3791,-3.5881,-0.6870,71.1900,105.2100,66.7800,2.4343,3.5976,2.2835,0
406581,7.9517,-2.8317,2.9992,105.2800,-64.4700,80.5700,3.6000,-2.2045,2.7551,0
406620,9.4333,-4.6891,-0.1987,64.7500,-142.3100,37.8700,2.2141,-4.8663,1.2950,0
406659,7.8104,-4.9022,-0.1412,-19.6700,-118.6500,23.3100,-0.6726,-4.0572,0.7971,0
406698,5.0721,-5.1942,3.8609,-21.9100,-124.6000,60.6200,-0.7492,-4.2607,2.0729,0
406737,8.5094,-10.2041,4.7011,20.7900,-205.0300,81.7600,0.7109,-7.0110,2.7958,0
406776,10.3190,-10.4123,-1.3907,16.6600,-202.0200,24.5700,0.5697,-6.9080,0.8402,0
406815,10.1562,-7.1139,-3.1572,34.5100,-175.0000,64.8900,1.1801,-5.9841,2.2189,0
406854,7.4275,-10.6900,-0.5793,14.0000,-132.9300,103.6000,0.4787,-4.5455,3.5426,0
406893,7.2216,-11.0849,-3.8585,71.0500,-147.0000,84.1400,2.4295,-5.0266,2.8772,0
406932,6.1660,-8.2605,-3.2793,90.0900,-94.6400,57.6800,3.0806,-3.2362,1.9724,0
406971,3.8777,-7.3724,-3.5115,57.7500,-30.3100,17.1500,1.9748,-1.0364,0.5864,0
407010,-0.3997,-5.1224,-3.0567,42.9100,-5.6700,-38.3600,1.4673,-0.1939,-1.3117,0
407049,-1.4362,-2.7072,-2.3051,4.9700,-49.9100,-93.8000,0.1699,-1.7067,-3.2075,0
407088,-0.0431,-3.0782,-2.0131,-13.5100,-47.8100,-123.5500,-0.4620,-1.6349,-4.2248,0
407127,3.6910,-4.1242,-1.6995,6.6500,-35.7700,-127.7500,0.2274,-1.2232,-4.3684,0
407166,13.0238,-8.6267,0.1532,59.7100,37.1700,-3.3600,2.0418,1.2710,-0.1149,0
407205,9.4214,-4.6173,0.5960,63.8400,39.3400,-24.1500,2.1830,1.3452,-0.8258,0
407244,8.3299,-5.4407,-0.7372,72.3800,5.6700,-64.8200,2.4750,0.1939,-2.2165,0
407283,6.8338,-4.7945,-2.8101,10.5000,-18.6900,-19.9500,0.3590,-0.6391,-0.6822,0
407322,9.0288,-8.5190,-1.4051,18.0600,32.5500,31.0800,0.6176,1.1130,1.0628,0
407361,9.0168,-11.9347,-0.4237,10.7800,-14.9800,1.1900,0.3686,-0.5122,0.0407,0
407400,8.2317,-9.7972,-0.9527,5.7400,-60.7600,-36.3300,0.1963,-2.0777,-1.2423,0
407439,8.4926,-9.1940,-1.7186,44.6600,-42.4200,-17.2200,1.5271,-1.4505,-0.5888,0
407478,8.9067,-7.9038,-0.2154,37.1700,-33.7400,-10.2200,1.2710,-1.1537,-0.3495,0
407517,8.1001,-5.6562,-1.0771,24.4300,-22.7500,-10.3600,0.8354,-0.7779,-0.3543,0
407556,6.8243,-6.7884,-0.4380,16.9400,-33.8800,-1.0500,0.5793,-1.1585,-0.0359,0
407595,7.6908,-5.7759,0.2872,9.8700,-47.4600,-8.9600,0.3375,-1.6229,-0.3064,0
407634,7.3700,-4.5144,-1.1609,20.5100,-29.9600,-18.6200,0.7013,-1.0245,-0.6367,0
407673,5.8955,-6.0487,-0.3519,18.2700,-37.1700,-14.5600,0.6247,-1.2710,-0.4979,0
407712,6.9894,-5.8070,-1.1992,21.4900,-37.2400,-21.7700,0.7348,-1.2734,-0.7444,0
407751,7.4993,-6.7189,-1.5176,28.0000,-28.7000,-19.1800,0.9575,-0.9814,-0.6559,0
407790,6.7189,-7.5065,-1.2878,40.1800,-23.9400,-19.3900,1.3739,-0.8186,-0.6630,0
407829,6.0056,-7.5065,-2.1615,59.3600,-19.0400,-14.3500,2.0298,-0.6511,-0.4907,0
407868,6.3743,-8.1551,-1.8455,74.8300,-13.1600,2.1700,2.5588,-0.4500,0.0742,0
407907,6.3743,-8.2892,-1.7617,96.8800,-5.3900,3.0800,3.3128,-0.1843,0.1053,0
407946,7.0158,-8.4304,-1.5487,98.3500,-5.3900,-4.6900,3.3631,-0.1843,-0.1604,0
407985,8.3227,-8.5573,-2.2548,95.6200,-17.9200,-0.6300,3.2697,-0.6128,-0.0215,0
408024,8.7488,-7.7291,-2.8365,94.8500,-6.5100,7.5600,3.2434,-0.2226,0.2585,0
408063,7.5902,-6.8075,-1.6803,79.1000,0.4900,17.6400,2.7048,0.0168,0.6032,0
408102,6.6687,-5.3522,-0.0670,48.3700,-47.9500,28.7700,1.6540,-1.6396,0.9838,0
408141,5.5652,-4.0405,-0.0239,25.0600,-81.2000,53.0600,0.8569,-2.7766,1.8144,0
408180,5.1511,-4.8040,-0.3782,-17.8500,-101.1500,71.8900,-0.6104,-3.4588,2.4583,0
408219,8.0977,-10.2424,0.3016,-14.0000,-120.8900,99.1200,-0.4787,-4.1338,3.3894,0
408258,4.8854,-9.0384,1.5726,-5.6000,-126.1400,50.1200,-0.1915,-4.3133,1.7138,0
408297,6.3384,-8.4376,-1.5008,12.1100,-116.2700,15.8200,0.4141,-3.9758,0.5410,0
408336,7.2479,-8.9522,-2.9657,40.2500,-110.0400,25.2000,1.3763,-3.7628,0.8617,0
408375,6.7309,-9.3352,-1.3955,38.7100,-115.4300,44.8700,1.3237,-3.9471,1.5343,0
408414,6.7094,-8.7703,-1.0029,34.9300,-103.5300,47.8800,1.1944,-3.5402,1.6372,0
408453,6.7836,-7.8966,-1.9771,41.0900,-96.3200,37.8700,1.4051,-3.2936,1.2950,0
408492,6.2043,-7.2910,-2.0968,32.3400,-75.6700,36.8900,1.1059,-2.5875,1.2614,0
408531,5.5365,-8.8900,-1.8646,26.0400,-54.0400,43.0500,0.8904,-1.8479,1.4721,0
408570,2.8389,-9.0887,-2.1016,58.1000,-31.3600,8.5400,1.9867,-1.0724,0.2920,0
408609,0.8354,-6.4676,-2.1758,51.1700,-36.6800,-32.2700,1.7498,-1.2543,-1.1035,0
408648,0.3495,-5.5580,-2.8484,5.6700,-18.0600,-71.1200,0.1939,-0.6176,-2.4319,0
408687,0.2394,-5.7136,-4.1625,-22.4000,-4.5500,-97.2300,-0.7660,-0.1556,-3.3248,0
408726,0.4261,-6.9344,-4.6078,-15.4000,-25.4100,-112.9800,-0.5266,-0.8689,-3.8633,0
408765,2.2381,-5.0314,-3.0088,-3.7800,-40.2500,-129.8500,-0.1293,-1.3763,-4.4402,0
408804,15.5730,-8.2461,-2.9873,26.8100,-61.3200,-81.4100,0.9168,-2.0968,-2.7838,0
408843,10.5847,-7.2025,-2.7814,55.3700,1.4000,-39.2000,1.8934,0.0479,-1.3404,0
408882,8.3538,-7.0636,-0.9216,11.4100,22.6800,-62.9300,0.3902,0.7755,-2.1519,0
408921,9.3998,-8.6578,0.4141,-9.5900,31.1500,-27.0200,-0.3279,1.0652,-0.9239,0
408960,9.3735,-9.6942,2.0178,-3.9900,37.2400,3.1500,-0.1364,1.2734,0.1077,0
408999,6.4078,-6.4844,-0.9096,60.5500,-12.4600,-10.3600,2.0705,-0.4261,-0.3543,0
409038,6.4365,-4.8735,-1.7713,67.9000,-31.5700,3.5000,2.3218,-1.0795,0.1197,0
409077,9.1940,-5.0530,-0.6032,64.8900,-30.9400,7.8400,2.2189,-1.0580,0.2681,0
409116,10.7881,-4.0405,-0.6918,-18.1300,56.9800,-9.1700,-0.6200,1.9484,-0.3136,0
409155,9.2610,-6.1110,-0.8306,-38.2900,21.6300,-17.1500,-1.3093,0.7396,-0.5864,0
409194,8.3083,-9.9145,0.0814,-54.0400,23.6600,-16.8000,-1.8479,0.8091,-0.5745,0
409233,7.2144,-7.5974,0.5290,-31.4300,27.3700,-16.3100,-1.0747,0.9359,-0.5577,0
409272,6.6256,-7.6237,0.2106,-29.1900,-2.8700,-6.8600,-0.9981,-0.0981,-0.2346,0
409311,7.2408,-8.2868,-0.3207,-6.1600,-13.0200,-1.6800,-0.2106,-0.4452,-0.0574,0
409350,6.1277,-7.6788,-1.8335,24.1500,6.1600,-17.8500,0.8258,0.2106,-0.6104,0
409389,5.5317,-7.3987,-1.9125,54.8800,10.0100,-16.1700,1.8766,0.3423,-0.5529,0
409428,4.2846,-7.5591,-2.6569,60.5500,40.8800,-9.5200,2.0705,1.3979,-0.3255,0
409467,3.3128,-6.8482,-1.2303,85.1900,58.8000,-2.3800,2.9131,2.0107,-0.0814,0
409506,4.5527,-3.9423,-0.0790,59.7800,79.5200,26.4600,2.0442,2.7192,0.9048,0
409545,8.4160,-4.4713,0.6942,77.7000,-9.3800,55.7900,2.6569,-0.3207,1.9077,0
409584,8.2293,-3.9830,-0.9072,66.0100,-34.4400,64.2600,2.2572,-1.1777,2.1974,0
409623,6.1540,-2.4487,0.2059,-23.7300,-20.3700,69.9300,-0.8114,-0.6965,2.3912,0
409662,8.0498,-3.5617,2.9825,-106.1200,-59.0800,90.7200,-3.6288,-2.0202,3.1022,0
409701,9.7804,-10.8001,4.4976,-37.8700,-93.3100,121.3100,-1.2950,-3.1907,4.1482,0
409740,6.0152,-13.7084,3.1764,18.6200,-134.7500,32.3400,0.6367,-4.6078,1.1059,0
409779,5.5556,-11.4536,-0.3495,3.7100,-129.0100,-6.8600,0.1269,-4.4115,-0.2346,0
409818,7.4394,-9.7517,-1.4960,31.9900,-171.4300,30.6600,1.0939,-5.8620,1.0484,0
409857,7.7817,-9.4932,-2.1136,48.6500,-175.4200,46.1300,1.6636,-5.9985,1.5774,0
409896,6.1684,-8.5405,-3.1979,36.7500,-139.9300,19.3900,1.2567,-4.7849,0.6630,0
409935,4.6556,-7.9158,-1.8335,51.7300,-131.3200,16.4500,1.7689,-4.4905,0.5625,0
409974,4.3421,-7.0804,-1.0987,57.1200,-125.9300,20.0200,1.9532,-4.3062,0.6846,0
410013,4.6580,-7.0756,-1.4434,49.9100,-123.9000,21.0000,1.7067,-4.2367,0.7181,0
410052,4.1913,-6.8697,-1.5990,56.4200,-109.4800,14.1400,1.9293,-3.7437,0.4835,0
410091,3.0303,-6.5634,-2.2357,55.7200,-102.6200,5.3900,1.9053,-3.5091,0.1843,0
410130,2.4535,-6.8003,-1.8766,37.8700,-89.3900,-11.6200,1.2950,-3.0567,-0.3973,0
410169,2.0226,-7.6525,-3.7317,13.5800,-87.1500,-44.2400,0.4644,-2.9801,-1.5128,0
410208,2.2764,-7.6142,-5.6873,-23.1700,-57.7500,-81.6900,-0.7923,-1.9748,-2.7934,0
410247,1.7258,-7.8416,-6.2187,15.4700,-45.0100,-105.4200,0.5290,-1.5391,-3.6048,0
410286,2.0035,-6.1636,-5.5820,21.2100,-36.0500,-131.3200,0.7253,-1.2327,-4.4905,0
410325,8.4735,-6.3791,-3.3511,80.1500,-56.8400,-105.5600,2.7407,-1.9436,-3.6096,0
410364,11.5493,-5.7423,-0.9383,101.9900,-22.8900,-62.1600,3.4875,-0.7827,-2.1256,0
410403,10.2280,-7.8368,-0.5314,54.1800,-28.0700,-64.3300,1.8527,-0.9598,-2.1998,0
410442,8.4783,-8.4376,0.6798,66.0800,-25.3400,-40.6700,2.2596,-0.8665,-1.3907,0
410481,5.2229,-7.7267,1.3428,111.4400,-62.9300,-21.7000,3.8107,-2.1519,-0.7420,0
410520,3.8179,-5.2014,-0.6918,91.9100,-89.3200,-33.2500,3.1428,-3.0543,-1.1370,0
410559,6.3575,-4.5766,-1.5846,70.9800,-32.3400,-8.0500,2.4272,-1.1059,-0.2753,0
410598,9.1724,-5.1176,-1.3021,66.0100,-6.1600,2.5900,2.2572,-0.2106,0.0886,0
410637,8.7535,-6.3360,-1.1585,29.4700,-39.9700,-2.2400,1.0077,-1.3668,-0.0766,0
410676,9.4166,-7.4203,-0.5577,11.0600,-79.1700,0.7000,0.3782,-2.7072,0.0239,0
410715,9.2035,-7.4873,-0.0862,26.0400,-50.4000,-5.6700,0.8904,-1.7234,-0.1939,0
410754,8.6985,-8.0378,-1.2734,34.7200,-45.5000,-18.2000,1.1872,-1.5559,-0.6223,0
410793,7.6836,-7.6429,-1.4075,64.8900,-56.7700,-20.5800,2.2189,-1.9412,-0.7037,0
410832,7.5256,-6.6567,-0.9862,96.6000,-48.5100,-23.5900,3.3032,-1.6588,-0.8067,0
410871,6.3862,-7.2049,-0.8713,92.4000,-36.6800,-25.0600,3.1596,-1.2543,-0.8569,0
410910,5.7184,-6.7572,-1.5559,94.8500,-24.9200,-12.1100,3.2434,-0.8521,-0.4141,0
410949,5.8788,-6.6041,-2.8173,127.4700,-11.9700,1.6100,4.3588,-0.4093,0.0551,0
410988,5.9530,-7.3198,-3.4205,143.4300,-3.9900,8.6800,4.9046,-0.1364,0.2968,0
411027,4.9141,-6.8650,-2.7455,115.4300,22.9600,11.9000,3.9471,0.7851,0.4069,0
411066,6.4221,-5.1391,-0.1604,79.7300,21.9800,30.7300,2.7264,0.7516,1.0508,0
411105,8.6458,-4.8639,0.0742,96.1800,-58.9400,47.6000,3.2889,-2.0154,1.6277,0
411144,7.3772,-4.5000,-2.1327,77.6300,-98.4200,45.5000,2.6545,-3.3655,1.5559,0
411183,7.1977,-3.0232,0.3255,21.2100,-62.1600,48.0900,0.7253,-2.1256,1.6444,0
411222,8.3825,-6.7955,1.9053,-27.7900,-117.9500,124.1800,-0.9503,-4.0333,4.2463,0
411261,7.2264,-13.2225,4.1434,38.4300,-130.4100,130.9000,1.3141,-4.4594,4.4761,0
411300,6.4054,-10.5919,1.9484,-0.6300,-127.2600,32.4800,-0.0215,-4.3516,1.1106,0
411339,7.4610,-10.0413,-2.5109,26.9500,-138.8100,17.7800,0.9216,-4.7466,0.6080,0
411378,6.3025,-9.9288,-1.8982,45.2200,-138.9500,50.1200,1.5463,-4.7514,1.7138,0
411417,7.4897,-9.6942,0.1652,61.3200,-156.8700,56.8400,2.0968,-5.3641,1.9436,0
411456,6.8386,-7.7985,-0.7588,31.0100,-128.3800,44.8000,1.0604,-4.3899,1.5319,0
411495,5.7974,-7.6668,-2.0705,40.8100,-103.8100,40.8100,1.3955,-3.5498,1.3955,0
411534,4.1051,-7.8152,-1.9269,30.7300,-83.5800,45.5700,1.0508,-2.8580,1.5583,0
411573,2.9801,-7.9612,-0.5338,9.8000,-82.8800,27.9300,0.3351,-2.8341,0.9551,0
411612,1.9676,-7.9972,-1.6205,11.7600,-54.8800,-7.1400,0.4021,-1.8766,-0.2442,0
411651,0.2561,-7.7003,-3.8466,18.9000,-53.4100,-64.9600,0.6463,-1.8263,-2.2213,0
411690,-0.0981,-6.2354,-4.1745,15.9600,-41.7200,-97.6500,0.5457,-1.4266,-3.3391,0
411729,-0.2609,-4.9094,-3.1093,-0.8400,-34.0900,-122.3600,-0.0287,-1.1657,-4.1841,0
411768,4.3492,-3.8897,-1.6803,-1.7500,-44.9400,-133.4900,-0.0598,-1.5367,-4.5647,0
411807,20.0204,-10.3836,-0.9096,20.5100,-25.8300,-76.0200,0.7013,-0.8833,-2.5995,0
411846,11.3961,-8.8373,-0.9981,1.4000,34.3000,-42.6300,0.0479,1.1729,-1.4577,0
411885,8.8277,-8.7799,-1.5247,5.9500,21.4900,-37.5900,0.2035,0.7348,-1.2854,0
411924,7.1594,-7.6046,0.3614,7.5600,-29.6800,-5.1100,0.2585,-1.0149,-0.1747,0
411963,7.9110,-9.1533,1.3117,31.0100,-22.8900,10.9200,1.0604,-0.7827,0.3734,0
412002,6.9703,-6.6447,-0.0072,42.2100,10.8500,-20.0200,1.4434,0.3710,-0.6846,0
412041,5.8213,-4.4163,-1.8646,56.6300,-16.7300,-33.5300,1.9365,-0.5721,-1.1466,0
412080,6.6998,-4.3469,-1.4099,34.8600,8.4000,-2.3100,1.1920,0.2872,-0.0790,0
412119,9.9240,-5.7232,0.2561,8.8900,31.6400,-2.9400,0.3040,1.0819,-0.1005,0
412158,9.3663,-6.3910,0.2777,-3.0100,2.5900,-21.0700,-0.1029,0.0886,-0.7205,0
412197,8.2341,-8.3801,-0.1891,-2.1700,-1.3300,-19.8100,-0.0742,-0.0455,-0.6774,0
412236,7.8655,-8.2628,-1.3189,-11.6200,-14.1400,-25.4800,-0.3973,-0.4835,-0.8713,0
412275,6.7932,-9.6057,-1.7857,-6.7900,-21.7700,-26.7400,-0.2322,-0.7444,-0.9144,0
412314,5.8477,-8.0259,-1.4218,42.3500,-13.7900,-26.6000,1.4482,-0.4715,-0.9096,0
412353,5.2612,-7.7985,-2.3960,81.3400,-8.7500,-16.6600,2.7814,-0.2992,-0.5697,0
412392,4.9524,-8.7296,-2.7790,103.4600,7.9100,-0.7000,3.5378,0.2705,-0.0239,0
412431,4.1362,-5.5245,-1.3333,107.6600,29.4700,8.8900,3.6814,1.0077,0.3040,0
412470,4.7801,-4.2248,0.0359,99.6100,19.8100,31.9900,3.4062,0.6774,1.0939,0
412509,7.7841,-3.8202,0.1293,69.6500,-32.4800,67.1300,2.3817,-1.1106,2.2955,0
412548,7.9756,-5.4383,1.0532,13.0900,-87.4300,61.9500,0.4476,-2.9897,2.1184,0
412587,9.6176,-5.0434,1.0125,-33.5300,-81.2000,63.9100,-1.1466,-2.7766,2.1854,0
412626,6.1325,-7.0947,1.7617,-14.0700,-66.8500,90.7900,-0.4811,-2.2859,3.1046,0
412665,5.3211,-11.1927,2.7168,15.5400,-93.5200,91.1400,0.5314,-3.1979,3.1165,0
412704,6.6017,-10.2376,0.5793,9.8000,-116.4800,43.3300,0.3351,-3.9830,1.4817,0
412743,8.4232,-9.9934,-1.5104,37.9400,-129.7800,37.6600,1.2974,-4.4378,1.2878,0
412782,6.9248,-9.3663,-0.7564,38.9900,-132.0900,49.7700,1.3333,-4.5168,1.7019,0
412821,5.4743,-9.9384,-0.2777,65.6600,-113.0500,50.1900,2.2452,-3.8657,1.7162,0
412860,5.0338,-9.0982,-0.7971,56.9800,-95.6200,36.8900,1.9484,-3.2697,1.2614,0
412899,3.4851,-8.9259,-1.1346,77.7000,-82.7400,31.7800,2.6569,-2.8293,1.0867,0
412938,2.4654,-8.1216,-1.1346,58.6600,-83.2300,25.8300,2.0059,-2.8460,0.8833,0
412977,2.1232,-6.7189,-0.9575,38.8500,-101.9900,-11.9700,1.3285,-3.4875,-0.4093,0
413016,1.2471,-6.5610,-2.3912,26.6700,-92.0500,-33.6700,0.9120,-3.1476,-1.1513,0
413055,1.6827,-5.9769,-2.1830,7.7000,-90.0200,-52.5700,0.2633,-3.0782,-1.7976,0
413094,2.5660,-7.3126,-1.6660,6.0200,-92.6800,-68.0400,0.2059,-3.1692,-2.3266,0
413133,3.8777,-8.7105,-1.4003,32.9000,-93.5200,-88.2000,1.1250,-3.1979,-3.0160,0
413172,9.1916,-10.7379,-2.9370,59.4300,-100.4500,-79.0300,2.0322,-3.4349,-2.7024,0
413211,10.6780,-7.7339,-2.8652,82.9500,-65.5200,-68.1800,2.8365,-2.2404,-2.3314,0
413250,7.1570,-7.2623,1.4577,52.3600,-19.1100,-86.1700,1.7904,-0.6535,-2.9466,0
413289,7.0612,-11.3698,2.1256,98.7700,-43.6100,-111.8600,3.3774,-1.4912,-3.8250,0
413328,7.4586,-6.9033,-1.9867,155.6800,-67.6900,-100.8000,5.3235,-2.3147,-3.4468,0
413367,7.0253,-0.6918,-2.9035,119.4200,-80.0800,-46.8300,4.0835,-2.7383,-1.6013,0
413406,8.0905,-1.5104,-1.3859,68.7400,-29.2600,21.7700,2.3506,-1.0005,0.7444,0
413445,10.4985,-11.5373,-0.6391,-18.5500,-21.6300,-4.6900,-0.6343,-0.7396,-0.1604,0
413484,8.0235,-9.8762,-0.0191,4.8300,2.8000,-35.4200,0.1652,0.0957,-1.2112,0
413523,6.9751,-7.4634,0.1508,49.7700,-33.3200,-1.6800,1.7019,-1.1394,-0.0574,0
413562,8.2269,-5.4096,-2.6258,46.4800,-62.5800,44.9400,1.5894,-2.1399,1.5367,0
413601,7.4849,-6.0032,-0.0383,69.5800,-101.7800,97.7200,2.3793,-3.4804,3.3415,0
413640,6.2785,0.1556,0.3590,17.8500,-24.9900,106.1900,0.6104,-0.8545,3.6312,0
413679,0.8809,-0.8952,-4.8328,-72.5200,48.5100,35.5600,-2.4798,1.6588,1.2160,0
413718,11.0682,-19.0486,-1.2806,-10.8500,-18.9700,2.8700,-0.3710,-0.6487,0.0981,0
413757,6.9368,-13.5456,0.2777,104.0200,-15.4700,-84.7700,3.5569,-0.5290,-2.8987,0
413796,15.4653,-5.2804,1.6947,161.8400,-3.5700,-61.1800,5.5341,-0.1221,-2.0920,0
413835,13.3541,0.4811,1.2303,33.5300,-16.8700,2.9400,1.1466,-0.5769,0.1005,0
413874,7.8224,-10.0581,-6.4461,-72.5200,40.0400,88.6900,-2.4798,1.3692,3.0327,0
413913,-1.9556,-10.9868,-0.3686,54.1100,54.7400,-3.5000,1.8503,1.8718,-0.1197,0
413952,2.5803,-3.5546,-0.8378,72.7300,46.9000,-83.7900,2.4870,1.6037,-2.8652,0
413991,9.8235,-3.6623,2.9370,85.6100,93.1000,-89.4600,2.9274,3.1835,-3.0591,0
414030,9.7158,-4.7250,3.4157,34.7900,60.9700,-35.0000,1.1896,2.0849,-1.1968,0
414069,7.3221,-2.8389,1.0676,24.4300,73.0800,7.7700,0.8354,2.4990,0.2657,0
414108,6.7692,-5.5102,-0.3638,5.8800,53.2700,37.9400,0.2011,1.8216,1.2974,0
414147,4.5742,-6.1493,-0.2513,-11.2700,52.7800,29.4700,-0.3854,1.8048,1.0077,0
414186,5.4862,-5.8931,0.6247,-21.9100,46.8300,26.9500,-0.7492,1.6013,0.9216,0
414225,5.4647,-6.0463,0.6583,-20.7900,49.2100,25.0600,-0.7109,1.6827,0.8569,0
414264,4.9740,-6.1110,1.4577,-6.7200,33.5300,16.0300,-0.2298,1.1466,0.5481,0
414303,4.0333,-5.8548,0.1412,74.4100,41.0200,23.8000,2.5444,1.4027,0.8138,0
414342,3.4205,-1.7210,1.4314,67.4800,71.4000,13.0200,2.3075,2.4415,0.4452,0
414381,4.8519,-1.6947,-0.5984,73.7100,73.2900,24.7100,2.5205,2.5061,0.8450,0
414420,3.4564,-1.0293,0.3375,45.0100,78.5400,35.6300,1.5391,2.6857,1.2184,0
414459,2.0226,0.0934,-0.0910,27.7900,93.1000,30.2400,0.9503,3.1835,1.0341,0
414498,0.1436,-1.2375,1.9939,-4.2700,91.0000,33.1800,-0.1460,3.1117,1.1346,1
414537,5.9697,-5.3258,4.2966,8.4000,63.5600,79.9400,0.2872,2.1734,2.7335,0
414576,11.0419,-14.4169,5.2780,139.5100,98.0700,123.0600,4.7705,3.3535,4.2080,0
414615,2.1639,-16.1140,6.2354,112.9800,205.3100,80.0100,3.8633,7.0205,2.7359,0
414654,-2.9705,-10.8145,15.5395,110.5300,239.4000,57.1200,3.7796,8.1862,1.9532,0
414693,-10.8767,-13.2129,30.0115,148.1200,129.0800,48.1600,5.0649,4.4139,1.6468,0
414732,-19.2664,-0.2394,22.5553,244.0200,94.9900,73.9900,8.3442,3.2482,2.5301,0
414771,-21.0018,14.1871,22.8952,41.7200,-48.7200,80.3600,1.4266,-1.6660,2.7479,0
414810,-8.0857,7.2815,14.1033,-39.4800,-112.7700,56.0000,-1.3500,-3.8562,1.9149,0
414849,-3.8514,2.6545,7.0301,-76.8600,-119.6300,34.8600,-2.6282,-4.0907,1.1920,0
414888,-1.1154,-1.9053,3.2123,-76.3000,-48.3700,18.0600,-2.6091,-1.6540,0.6176,0
414927,1.4577,-1.5463,1.1561,-45.0100,17.5700,1.9600,-1.5391,0.6008,0.0670,0
414966,-0.0814,-0.1317,0.1484,-37.5900,36.5400,-2.5200,-1.2854,1.2495,-0.0862,0
415005,-1.6708,1.3596,-0.3040,-20.2300,20.9300,-10.5700,-0.6918,0.7157,-0.3614,0
415044,-3.1117,-0.6487,0.3830,-20.2300,-16.8000,-17.7100,-0.6918,-0.5745,-0.6056,0
415083,-2.9226,-1.0460,1.4266,6.3700,-3.2900,-14.7700,0.2178,-0.1125,-0.5051,0
415122,-2.7024,-0.7540,4.6987,-3.7100,-31.0100,-5.8800,-0.1269,-1.0604,-0.2011,0
415161,-2.2452,-2.7742,9.8690,-9.3100,-59.7800,16.3100,-0.3184,-2.0442,0.5577,0
415200,2.7455,-9.8570,22.1890,30.2400,-53.6900,77.3500,1.0341,-1.8359,2.6450,0
415239,0.5003,-4.3062,15.8507,71.6100,0.1400,30.4500,2.4487,0.0048,1.0412,0
415278,-0.7947,-1.8000,14.4791,35.3500,29.5400,-29.2600,1.2088,1.0101,-1.0005,0
415317,-2.4774,0.4285,13.1650,15.1200,-22.6100,-44.8000,0.5170,-0.7731,-1.5319,0
415356,-2.6067,-0.1317,9.4621,-2.0300,-34.6500,-37.1000,-0.0694,-1.1849,-1.2686,0
415395,-0.5434,-1.3907,7.5711,-22.7500,-43.8900,-23.1000,-0.7779,-1.5008,-0.7899,0
415434,1.7737,-2.5420,7.1259,-18.8300,-18.9700,-6.7900,-0.6439,-0.6487,-0.2322,0
415473,2.0968,-2.6641,6.0775,1.3300,-17.7100,9.1000,0.0455,-0.6056,0.3112,0
415512,1.0508,-1.9029,5.3977,11.6900,5.2500,18.1300,0.3997,0.1795,0.6200,0
415551,-0.0646,-1.7809,6.6735,2.8700,13.3000,14.4200,0.0981,0.4548,0.4931,0
415590,-0.3614,-2.5947,9.0551,2.1700,-7.1400,6.2300,0.0742,-0.2442,0.2130,0
415629,0.6080,-3.8681,10.8408,4.5500,-19.8100,2.5900,0.1556,-0.6774,0.0886,0
415668,1.4218,-3.1309,12.3440,16.4500,-21.4200,-0.1400,0.5625,-0.7325,-0.0048,0
415707,0.9335,-2.1543,11.7217,4.0600,-9.8700,-1.8200,0.1388,-0.3375,-0.0622,0
415746,0.5170,-1.8766,10.2448,-2.2400,0.0700,-2.3100,-0.0766,0.0024,-0.0790,0
415785,0.4763,-1.7330,9.0408,1.4700,-0.8400,-3.1500,0.0503,-0.0287,-0.1077,0
415824,0.6032,-1.3237,8.3035,-2.1700,0.4900,-0.8400,-0.0742,0.0168,-0.0287,0
415863,0.5457,-1.3189,8.2293,-7.5600,10.5700,3.9200,-0.2585,0.3614,0.1340,0
415902,0.5625,-1.8311,8.8301,-1.8900,21.7000,6.3000,-0.0646,0.7420,0.2154,0
415941,0.3255,-2.3889,9.4597,-4.8300,9.8700,4.8300,-0.1652,0.3375,0.1652,0
415980,0.0144,-2.9442,10.2208,-6.2300,2.7300,0.9100,-0.2130,0.0934,0.0311,0
416019,-0.1460,-3.0663,10.3070,-1.6800,3.8500,-2.6600,-0.0574,0.1317,-0.0910,0
416058,-0.1699,-2.8604,10.1203,-3.9200,-7.9800,-3.9900,-0.1340,-0.2729,-0.1364,0
416097,-0.0024,-2.4439,9.3496,0.8400,-7.0700,-1.8900,0.0287,-0.2418,-0.0646,0
416136,0.1460,-2.3960,9.0839,1.6100,-7.0700,0.3500,0.0551,-0.2418,0.0120,0
416175,0.3710,-2.3290,8.9522,2.2400,-7.7700,0.7700,0.0766,-0.2657,0.0263,0
416214,0.5410,-2.4272,9.2275,2.8700,-7.4200,0.7000,0.0981,-0.2537,0.0239,0
416253,0.5410,-2.4822,9.5985,1.8900,-4.5500,0.2800,0.0646,-0.1556,0.0096,0
416292,0.6343,-2.5229,9.7876,2.2400,-5.0400,-0.5600,0.0766,-0.1723,-0.0191,0
416331,0.5912,-2.4583,9.7732,1.5400,-3.6400,-0.9800,0.0527,-0.1245,-0.0335,0
416370,0.6511,-2.4056,9.5171,1.7500,-3.0800,-1.1900,0.0598,-0.1053,-0.0407,0
416409,0.5601,-2.2524,9.3639,1.6800,-2.4500,-1.3300,0.0574,-0.0838,-0.0455,0
416448,0.3902,-2.3362,9.6799,-0.2100,-1.8200,-0.6300,-0.0072,-0.0622,-0.0215,0
416487,0.7588,-2.2811,9.4764,-4.3400,-3.9900,-0.8400,-0.1484,-0.1364,-0.0287,0
416526,0.9407,-2.3003,9.2131,2.2400,-0.4200,1.3300,0.0766,-0.0144,0.0455,0
416565,0.7588,-2.2285,9.2969,0.0000,1.8900,1.2600,0.0000,0.0646,0.0431,0
416604,0.4715,-2.4080,9.5889,-2.6600,1.1900,0.9800,-0.0910,0.0407,0.0335,0
416643,0.5840,-2.6210,9.6344,-2.7300,-1.0500,0.0700,-0.0934,-0.0359,0.0024,0
416682,0.6319,-2.5780,9.6536,-1.1900,-1.7500,-0.4900,-0.0407,-0.0598,-0.0168,0
416721,0.5027,-2.4822,9.4214,1.0500,-1.6800,-0.2100,0.0359,-0.0574,-0.0072,0
416760,0.3231,-2.5612,9.4333,0.0000,1.6100,0.1400,0.0000,0.0551,0.0048,0
416799,0.3088,-2.5109,9.4046,3.5700,-3.7800,-0.4200,0.1221,-0.1293,-0.0144,0
416838,0.4739,-2.4822,9.5410,2.8700,-4.3400,0.4200,0.0981,-0.1484,0.0144,0
416877,0.7684,-2.3769,9.5722,1.6800,-2.2400,0.9100,0.0574,-0.0766,0.0311,0
416916,0.8354,-2.3051,9.4932,2.1700,-4.4800,0.6300,0.0742,-0.1532,0.0215,0
416955,0.8234,-2.3553,9.5626,0.4900,-3.9900,-0.9800,0.0168,-0.1364,-0.0335,0
416994,0.7875,-2.3601,9.4573,-0.7700,-1.6100,-0.6300,-0.0263,-0.0551,-0.0215,0
417033,0.7540,-2.4008,9.4645,0.2800,-3.0800,-0.1400,0.0096,-0.1053,-0.0048,0
417072,0.7348,-2.4678,9.5363,0.4200,-4.6200,-0.4200,0.0144,-0.1580,-0.0144,0
417111,0.7372,-2.3793,9.6392,0.2800,-4.5500,-0.2100,0.0096,-0.1556,-0.0072,0
417150,0.9216,-2.2213,9.5482,-3.2900,-2.1700,1.0500,-0.1125,-0.0742,0.0359,0
417189,1.1106,-2.2045,9.1365,-1.0500,-2.9400,2.5900,-0.0359,-0.1005,0.0886,0
417228,0.8354,-2.4248,9.2227,-1.6100,4.3400,2.0300,-0.0551,0.1484,0.0694,0
417267,0.5936,-2.5133,9.4692,-4.2700,2.8000,-0.7000,-0.1460,0.0957,-0.0239,0
417306,0.6774,-2.7694,9.5889,-4.9000,3.2900,-0.0700,-0.1676,0.1125,-0.0024,0
417345,0.7468,-2.9083,9.4908,-1.1200,-0.1400,0.8400,-0.0383,-0.0048,0.0287,0
417384,0.6319,-2.7862,9.3903,3.5000,-1.1200,0.6300,0.1197,-0.0383,0.0215,0
417423,0.5769,-2.3147,9.5123,0.0700,-1.5400,-0.7000,0.0024,-0.0527,-0.0239,0
417462,0.8234,-2.2931,9.4190,0.8400,-6.4400,1.0500,0.0287,-0.2202,0.0359,0
417501,1.0245,-2.4535,9.3926,-0.2100,-2.7300,2.0300,-0.0072,-0.0934,0.0694,0
417540,0.9886,-2.5253,9.4764,0.3500,0.2100,0.7000,0.0120,0.0072,0.0239,0
417579,0.7803,-2.4726,9.3783,0.9100,-1.0500,-1.1900,0.0311,-0.0359,-0.0407,0
417618,0.5984,-2.5851,9.3807,0.6300,2.5200,-1.2600,0.0215,0.0862,-0.0431,0
417657,0.6511,-2.6378,9.4980,0.4900,0.9800,-0.0700,0.0168,0.0335,-0.0024,0
417696,0.6463,-2.5732,9.5817,2.8700,-1.5400,0.9100,0.0981,-0.0527,0.0311,0
417735,0.6965,-2.5325,9.5315,1.4000,-1.2600,0.4900,0.0479,-0.0431,0.0168,0
417774,0.9096,-2.5109,9.4429,0.7000,-1.2600,0.2100,0.0239,-0.0431,0.0072,0
417813,0.9431,-2.4463,9.3998,0.9800,0.1400,0.5600,0.0335,0.0048,0.0191,0
417852,0.8378,-2.3266,9.4621,0.4200,0.4200,0.1400,0.0144,0.0144,0.0048,0
417891,0.7420,-2.3936,9.5626,0.3500,-2.3100,-0.2100,0.0120,-0.0790,-0.0072,0
417930,0.7348,-2.5205,9.7158,-0.4200,-3.2900,-0.1400,-0.0144,-0.1125,-0.0048,0
417969,0.8521,-2.2811,9.9049,-4.2000,0.8400,0.5600,-0.1436,0.0287,0.0191,0
418008,0.7396,-2.2165,9.3950,-4.2700,-1.1200,2.7300,-0.1460,-0.0383,0.0934,0
418047,0.8928,-2.4631,9.3926,-5.2500,-1.5400,2.3100,-0.1795,-0.0527,0.0790,0
418086,1.0508,-2.6785,9.0767,-3.1500,-2.3100,1.1900,-0.1077,-0.0790,0.0407,0
418125,0.7636,-2.7527,9.1078,-3.5000,0.5600,-1.1200,-0.1197,0.0191,-0.0383,0
418164,0.7013,-2.8556,9.1605,-3.9900,1.6100,-0.7000,-0.1364,0.0551,-0.0239,0
418203,0.5529,-3.4038,9.4238,1.6800,0.9100,1.1200,0.0574,0.0311,0.0383,0
418242,0.4811,-3.0710,9.6823,5.9500,-3.7800,-1.4000,0.2035,-0.1293,-0.0479,0
418281,0.6583,-2.2811,10.0748,1.4700,-5.3900,0.0700,0.0503,-0.1843,0.0024,0
418320,1.2423,-2.0729,9.4860,-0.3500,-1.8900,4.3400,-0.0120,-0.0646,0.1484,0
418359,1.2878,-2.3912,8.7320,-1.9600,-0.7000,4.0600,-0.0670,-0.0239,0.1388,0
418398,0.9024,-2.6881,9.0216,-0.5600,1.8200,-1.0500,-0.0191,0.0622,-0.0359,0
418437,0.7827,-3.0663,9.3496,-4.3400,5.3900,-3.5700,-0.1484,0.1843,-0.1221,0
418476,0.5673,-3.2314,9.4118,2.1700,3.5700,-1.4700,0.0742,0.1221,-0.0503,0
418515,0.5290,-2.9083,9.5554,7.2100,1.9600,0.4200,0.2465,0.0670,0.0144,0
418554,0.6822,-2.7575,9.5387,7.7000,-4.7600,0.6300,0.2633,-0.1628,0.0215,0
418593,0.8497,-2.3745,9.4740,7.4200,-7.5600,-0.5600,0.2537,-0.2585,-0.0191,0
418632,0.9311,-2.1064,9.4812,6.5800,-7.3500,-0.4900,0.2250,-0.2513,-0.0168,0
418671,1.0724,-2.2309,9.5889,2.7300,-3.2200,-0.1400,0.0934,-0.1101,-0.0048,0
418710,1.1059,-2.3314,9.6512,0.5600,0.4200,-0.0700,0.0191,0.0144,-0.0024,0
418749,0.9670,-2.2787,9.5482,-0.9100,3.6400,-0.2100,-0.0311,0.1245,-0.0072,0
418788,0.8258,-2.3841,9.3998,-0.6300,0.2800,-0.0700,-0.0215,0.0096,-0.0024,0
418827,0.8880,-2.5708,9.3950,-0.0700,-3.0800,-0.2100,-0.0024,-0.1053,-0.0072,0
418866,0.8138,-2.6139,9.4118,-0.2100,1.0500,-0.2800,-0.0072,0.0359,-0.0096,0
418905,0.8138,-2.6306,9.4932,0.2100,-3.4300,-0.0700,0.0072,-0.1173,-0.0024,0
418944,0.9814,-2.5923,9.4501,1.9600,-4.3400,0.2800,0.0670,-0.1484,0.0096,0
418983,0.9766,-2.4295,9.4142,2.2400,-1.5400,0.1400,0.0766,-0.0527,0.0048,0
419022,0.9670,-2.3482,9.4453,0.7700,-0.8400,-0.2800,0.0263,-0.0287,-0.0096,0
419061,0.9527,-2.3553,9.4788,0.2800,-0.3500,-0.2100,0.0096,-0.0120,-0.0072,0
419100,0.9287,-2.4343,9.5051,0.3500,-1.1200,0.0700,0.0120,-0.0383,0.0024,0
419139,0.9622,-2.5325,9.4597,0.4900,-2.3100,0.0700,0.0168,-0.0790,0.0024,0
419178,0.9575,-2.4726,9.4166,0.7700,-1.3300,0.3500,0.0263,-0.0455,0.0120,0
419217,0.9934,-2.4966,9.4118,0.8400,-0.7000,0.3500,0.0287,-0.0239,0.0120,0
419256,1.0149,-2.5708,9.4309,0.4200,-1.3300,-0.0700,0.0144,-0.0455,-0.0024,0
419295,0.8761,-2.4631,9.4477,1.4700,-0.6300,-0.2800,0.0503,-0.0215,-0.0096,0
419334,0.9239,-2.3912,9.5554,0.8400,-2.3100,-0.0700,0.0287,-0.0790,-0.0024,0
419373,1.0388,-2.3410,9.4692,1.5400,-2.6600,0.5600,0.0527,-0.0910,0.0191,0
419412,1.0556,-2.3625,9.4525,0.9800,-0.2800,0.6300,0.0335,-0.0096,0.0215,0
419451,1.0628,-2.4128,9.4309,-0.0700,-0.6300,0.2100,-0.0024,-0.0215,0.0072,0
419490,1.0077,-2.4367,9.4716,0.2800,-1.1900,0.1400,0.0096,-0.0407,0.0048,0
419529,0.9790,-2.4391,9.4549,-0.3500,0.7000,0.3500,-0.0120,0.0239,0.0120,0
419568,0.9503,-2.5061,9.4812,0.1400,0.3500,0.6300,0.0048,0.0120,0.0215,0
419607,0.9838,-2.4990,9.4692,0.1400,0.5600,0.4200,0.0048,0.0191,0.0144,0
419646,0.9670,-2.4798,9.4333,1.1900,-0.9800,0.0000,0.0407,-0.0335,0.0000,0
419685,1.0221,-2.5037,9.4285,0.6300,-0.6300,-0.1400,0.0215,-0.0215,-0.0048,0
419724,0.9311,-2.4295,9.4812,0.7000,1.8900,0.2800,0.0239,0.0646,0.0096,0
419763,0.9216,-2.3745,9.5410,1.0500,-0.7700,0.2800,0.0359,-0.0263,0.0096,0
419802,1.0173,-2.3242,9.5028,1.1900,-2.0300,0.4200,0.0407,-0.0694,0.0144,0
419841,1.0963,-2.3793,9.4238,0.6300,-2.1000,0.2800,0.0215,-0.0718,0.0096,0
419880,1.0508,-2.4272,9.4046,0.0700,-0.1400,0.1400,0.0024,-0.0048,0.0048,0
419919,0.9287,-2.4487,9.4549,-0.3500,2.8000,0.3500,-0.0120,0.0957,0.0120,0
419958,0.8856,-2.4607,9.4980,-0.2100,0.7700,0.4200,-0.0072,0.0263,0.0144,0
419997,0.9216,-2.4870,9.4908,0.7700,-1.6100,0.5600,0.0263,-0.0551,0.0191,0
420036,1.0221,-2.4367,9.4884,0.4200,-2.1700,0.2100,0.0144,-0.0742,0.0072,0
420075,1.0508,-2.3865,9.4333,0.4200,-0.9100,0.0700,0.0144,-0.0311,0.0024,0
420114,0.9958,-2.5014,9.3974,0.0000,0.1400,0.0700,0.0000,0.0048,0.0024,0
420153,0.9263,-2.4942,9.4453,0.7700,-0.2100,0.1400,0.0263,-0.0072,0.0048,0
420192,0.9646,-2.4702,9.4932,0.7700,-2.5900,0.1400,0.0263,-0.0886,0.0048,0
420231,1.0508,-2.3793,9.4836,1.4000,-1.6100,0.4200,0.0479,-0.0551,0.0144,0
420270,1.0580,-2.3314,9.4285,1.1900,0.1400,0.3500,0.0407,0.0048,0.0120,0
420309,1.0173,-2.3553,9.4262,0.3500,2.0300,0.2100,0.0120,0.0694,0.0072,0
420348,0.9527,-2.4559,9.4788,0.5600,0.3500,0.2800,0.0191,0.0120,0.0096,0
420387,0.9551,-2.5325,9.4764,0.2800,3.4300,0.4900,0.0096,0.1173,0.0168,0
420426,0.9503,-2.5205,9.4549,0.7000,1.6100,0.4900,0.0239,0.0551,0.0168,0
420465,0.9670,-2.4008,9.4405,1.6100,-0.7000,0.4200,0.0551,-0.0239,0.0144,0
420504,0.9694,-2.3314,9.4285,0.5600,-2.9400,0.0700,0.0191,-0.1005,0.0024,0
420543,0.9479,-2.4200,9.4645,0.6300,-2.0300,0.0000,0.0215,-0.0694,0.0000,0
420582,0.8928,-2.4415,9.4860,0.7000,2.8000,0.3500,0.0239,0.0957,0.0120,0
420621,0.9503,-2.4774,9.5267,1.2600,0.9800,0.7000,0.0431,0.0335,0.0239,0
420660,0.9958,-2.3553,9.4621,1.8200,1.5400,0.9100,0.0622,0.0527,0.0311,0
420699,0.9790,-2.2979,9.4860,0.7700,3.0800,0.6300,0.0263,0.1053,0.0215,0
420738,0.9527,-2.3314,9.4812,0.0700,1.3300,0.2800,0.0024,0.0455,0.0096,0
420777,0.9072,-2.4032,9.5147,-0.8400,2.1700,0.2800,-0.0287,0.0742,0.0096,0
420816,0.8234,-2.4607,9.4692,-0.3500,1.2600,0.4900,-0.0120,0.0431,0.0168,0
420855,0.7923,-2.4750,9.4716,0.5600,-1.1200,0.2800,0.0191,-0.0383,0.0096,0
420894,0.8450,-2.4343,9.5004,0.9100,-0.1400,0.1400,0.0311,-0.0048,0.0048,0
420933,0.8880,-2.3529,9.4573,1.4000,0.4900,0.2100,0.0479,0.0168,0.0072,0
420972,0.9407,-2.4224,9.4716,0.0000,0.3500,0.2800,0.0000,0.0120,0.0096,0
421011,0.8593,-2.3936,9.4884,0.1400,2.1700,0.2800,0.0048,0.0742,0.0096,0
421050,0.7540,-2.3577,9.5410,1.1900,-0.2800,-0.0700,0.0407,-0.0096,-0.0024,0
421089,0.9048,-2.3027,9.5387,1.8200,-4.9000,-0.3500,0.0622,-0.1676,-0.0120,0
421128,0.9694,-2.2668,9.4549,1.9600,-3.5700,0.0000,0.0670,-0.1221,0.0000,0
421167,0.8928,-2.2859,9.4716,0.0700,-0.3500,0.3500,0.0024,-0.0120,0.0120,0
421206,0.9024,-2.3817,9.4836,0.1400,-2.8000,0.2100,0.0048,-0.0957,0.0072,0
421245,0.9287,-2.4726,9.4908,1.2600,-4.9700,-0.3500,0.0431,-0.1699,-0.0120,0
421284,0.8737,-2.4535,9.4812,0.3500,0.7700,0.2800,0.0120,0.0263,0.0096,0
421323,0.8713,-2.4032,9.5482,-0.4900,1.1200,0.6300,-0.0168,0.0383,0.0215,0
421362,0.9096,-2.4008,9.4597,-0.2800,-1.6800,0.4200,-0.0096,-0.0574,0.0144,0
421401,0.9455,-2.5205,9.4118,-1.4700,1.6800,-0.2100,-0.0503,0.0574,-0.0072,0
421440,0.8569,-2.4104,9.4238,1.6800,-2.4500,-0.5600,0.0574,-0.0838,-0.0191,0
421479,0.9287,-2.3075,9.4788,1.4000,-3.7800,-0.2100,0.0479,-0.1293,-0.0072,0
421518,1.0173,-2.3147,9.5147,1.9600,-6.1600,-0.1400,0.0670,-0.2106,-0.0048,0
421557,1.0676,-2.3003,9.4884,0.3500,-1.4000,0.4900,0.0120,-0.0479,0.0168,0
421596,1.0939,-2.2907,9.4405,0.0000,-2.9400,0.3500,0.0000,-0.1005,0.0120,0
421635,0.9862,-2.2955,9.5267,-1.6100,-1.0500,0.1400,-0.0551,-0.0359,0.0048,0
421674,0.9575,-2.3458,9.5387,-1.5400,-1.6800,0.3500,-0.0527,-0.0574,0.0120,0
421713,1.0317,-2.4870,9.4477,-1.6100,-1.4700,0.4900,-0.0551,-0.0503,0.0168,0
421752,0.9766,-2.5492,9.4788,-1.8900,2.3100,0.5600,-0.0646,0.0790,0.0191,0
421791,0.9335,-2.5564,9.3903,-0.2800,2.9400,0.6300,-0.0096,0.1005,0.0215,0
421830,1.0604,-2.6330,9.3160,0.4900,-1.1200,-0.4900,0.0168,-0.0383,-0.0168,0
421869,0.8473,-2.4343,9.3831,1.6800,2.6600,-0.4900,0.0574,0.0910,-0.0168,0
421908,0.9575,-2.4702,9.4621,2.5900,-2.4500,-0.2800,0.0886,-0.0838,-0.0096,0
421947,1.1106,-2.3960,9.4238,3.4300,-0.2100,0.4200,0.1173,-0.0072,0.0144,0
421986,1.0293,-2.2716,9.4788,2.8700,1.1200,0.5600,0.0981,0.0383,0.0191,0
422025,1.1011,-2.2596,9.5243,0.0000,0.9800,0.2100,0.0000,0.0335,0.0072,0
422064,0.9766,-2.3577,9.5458,0.2100,1.9600,0.3500,0.0072,0.0670,0.0120,0
422103,0.9048,-2.4319,9.5195,0.2800,-0.8400,0.1400,0.0096,-0.0287,0.0048,0
422142,0.9407,-2.4678,9.4501,1.3300,-1.0500,0.3500,0.0455,-0.0359,0.0120,0
422181,0.9096,-2.4176,9.3184,1.8200,-0.7000,0.2800,0.0622,-0.0239,0.0096,0
422220,0.9455,-2.4224,9.4142,0.7000,-0.4900,0.2800,0.0239,-0.0168,0.0096,0
422259,0.9646,-2.4128,9.5410,0.9100,1.7500,0.5600,0.0311,0.0598,0.0191,0
422298,0.9239,-2.3386,9.5363,1.1900,1.2600,0.0000,0.0407,0.0431,0.0000,0
422337,0.9048,-2.3697,9.5602,1.4700,-1.0500,0.0000,0.0503,-0.0359,0.0000,0
422376,0.9575,-2.3027,9.4980,1.9600,-4.7600,-0.0700,0.0670,-0.1628,-0.0024,0
422415,0.9910,-2.2907,9.4214,1.8900,-3.4300,0.2800,0.0646,-0.1173,0.0096,0
422454,1.0556,-2.3027,9.4262,0.7000,-1.4700,0.3500,0.0239,-0.0503,0.0120,0
422493,1.0197,-2.2572,9.5123,0.5600,0.4900,0.6300,0.0191,0.0168,0.0215,0
422532,0.9742,-2.2787,9.5937,-0.5600,0.6300,0.7000,-0.0191,0.0215,0.0239,0
422571,1.0388,-2.3745,9.5506,-0.2800,0.0700,0.7000,-0.0096,0.0024,0.0239,0
422610,1.0101,-2.3721,9.4429,0.7700,-3.3600,0.2800,0.0263,-0.1149,0.0096,0
422649,1.0125,-2.3458,9.4549,0.0700,-0.5600,0.0700,0.0024,-0.0191,0.0024,0
422688,1.0676,-2.3745,9.4309,0.4900,-1.5400,0.0000,0.0168,-0.0527,0.0000,0
422727,1.0005,-2.4080,9.3974,0.4900,-1.1900,-0.2800,0.0168,-0.0407,-0.0096,0
422766,0.9503,-2.4176,9.5291,0.4900,0.6300,0.1400,0.0168,0.0215,0.0048,0
422805,0.9311,-2.3266,9.4932,1.5400,-1.8900,0.2800,0.0527,-0.0646,0.0096,0
422844,1.0508,-2.2644,9.5722,1.4700,-3.5000,0.1400,0.0503,-0.1197,0.0048,0
422883,1.1657,-2.2381,9.4357,1.3300,-2.3800,0.1400,0.0455,-0.0814,0.0048,0
422922,1.0915,-2.2524,9.4668,-0.0700,0.9100,0.3500,-0.0024,0.0311,0.0120,0
422961,1.0771,-2.3984,9.4788,-0.2800,4.3400,0.8400,-0.0096,0.1484,0.0287,0
423000,1.0245,-2.4080,9.4597,0.7700,-1.1900,0.3500,0.0263,-0.0407,0.0120,0
423039,0.9407,-2.3170,9.5051,0.0700,-0.9100,-0.2100,0.0024,-0.0311,-0.0072,0
423078,0.9431,-2.3386,9.4860,0.6300,-1.1200,-0.0700,0.0215,-0.0383,-0.0024,0
423117,1.0939,-2.3290,9.4788,1.2600,-2.6600,0.2100,0.0431,-0.0910,0.0072,0
423156,1.0963,-2.3123,9.4477,0.5600,17.3600,0.3500,0.0191,0.5936,0.0120,0
423195,1.0077,-2.3745,9.5530,0.1400,2.5900,0.3500,0.0048,0.0886,0.0120,0
423234,1.0245,-2.3099,9.4812,1.2600,-4.3400,0.2100,0.0431,-0.1484,0.0072,0
423273,1.0293,-2.2740,9.4932,1.1200,-2.6600,0.0700,0.0383,-0.0910,0.0024,0
423312,1.1011,-2.2787,9.4525,0.2800,-0.2800,0.0700,0.0096,-0.0096,0.0024,0
423351,1.0771,-2.2428,9.5123,-0.2100,0.6300,0.4900,-0.0072,0.0215,0.0168,0
423390,0.9838,-2.3123,9.5123,-0.5600,0.8400,0.9100,-0.0191,0.0287,0.0311,0
423429,1.0173,-2.4750,9.4645,0.7000,-1.6100,0.3500,0.0239,-0.0551,0.0120,0
423468,1.0867,-2.5133,9.4621,0.8400,1.1900,-0.1400,0.0287,0.0407,-0.0048,0
423507,1.0221,-2.4008,9.4405,0.7000,7.0700,0.0000,0.0239,0.2418,0.0000,0
423546,0.9359,-2.2572,9.4453,0.4900,3.4300,0.4900,0.0168,0.1173,0.0168,0
423585,0.9622,-2.2189,9.4788,1.1200,-2.8700,0.4200,0.0383,-0.0981,0.0144,0
423624,1.0364,-2.2141,9.5123,0.8400,-2.1700,-0.2100,0.0287,-0.0742,-0.0072,0
423663,1.0197,-2.2428,9.5554,0.7000,-3.4300,0.2800,0.0239,-0.1173,0.0096,0
423702,1.0221,-2.2644,9.5434,0.7700,-3.5700,0.7700,0.0263,-0.1221,0.0263,0
423741,1.1011,-2.2979,9.5028,0.2100,-2.1700,0.7000,0.0072,-0.0742,0.0239,0
423780,1.1059,-2.3817,9.3998,-0.2100,0.8400,0.2800,-0.0072,0.0287,0.0096,0
423819,1.0077,-2.4463,9.4645,-0.7700,2.5900,0.1400,-0.0263,0.0886,0.0048,0
423858,0.9742,-2.4559,9.4860,0.4900,1.3300,0.2800,0.0168,0.0455,0.0096,0
423897,0.9072,-2.3769,9.4812,1.1200,1.8200,0.2100,0.0383,0.0622,0.0072,0
423936,1.0460,-2.3218,9.4525,1.3300,-2.5900,0.0000,0.0455,-0.0886,0.0000,0
423975,1.1777,-2.3075,9.4860,2.3100,-1.4700,0.4200,0.0790,-0.0503,0.0144,0
424014,1.0221,-2.2117,9.5147,2.8000,-0.0700,0.6300,0.0957,-0.0024,0.0215,0
424053,0.9694,-2.1375,9.5434,0.2800,-1.1900,-0.3500,0.0096,-0.0407,-0.0120,0
424092,1.0724,-2.1878,9.5650,0.4900,-2.3100,0.0700,0.0168,-0.0790,0.0024,0
424131,1.1059,-2.2285,9.4884,-0.9800,-1.5400,0.5600,-0.0335,-0.0527,0.0191,0
424170,1.0532,-2.3242,9.5267,-0.6300,-1.4000,0.4200,-0.0215,-0.0479,0.0144,0
424209,1.0700,-2.3841,9.4501,-0.4200,-1.0500,-0.2100,-0.0144,-0.0359,-0.0072,0
424248,1.0053,-2.3553,9.4357,-0.0700,-1.4700,-0.3500,-0.0024,-0.0503,-0.0120,0
424287,0.9646,-2.4080,9.5267,0.2800,-2.7300,-0.0700,0.0096,-0.0934,-0.0024,0
424326,1.0652,-2.4415,9.4884,2.1700,-3.9200,-0.2800,0.0742,-0.1340,-0.0096,0
424365,1.0795,-2.3099,9.5339,1.8900,-2.1000,-0.4200,0.0646,-0.0718,-0.0144,0
424404,1.1250,-2.1112,9.5554,1.3300,-2.0300,-0.1400,0.0455,-0.0694,-0.0048,0
424443,1.2016,-2.1208,9.4549,0.7700,-3.0100,0.3500,0.0263,-0.1029,0.0120,0
424482,1.2543,-2.3529,9.4740,-1.4700,-0.6300,-0.0700,-0.0503,-0.0215,-0.0024,0
424521,1.1154,-2.3912,9.4094,-0.7700,0.4900,-0.3500,-0.0263,0.0168,-0.0120,0
424560,1.0963,-2.3075,9.4932,0.0700,-1.1200,-0.0700,0.0024,-0.0383,-0.0024,0
424599,1.1178,-2.2668,9.4429,0.6300,-0.7000,0.4900,0.0215,-0.0239,0.0168,0
424638,1.1729,-2.2835,9.4645,0.4900,-1.1200,0.3500,0.0168,-0.0383,0.0120,0
424677,1.1418,-2.3338,9.3831,0.5600,-0.5600,0.1400,0.0191,-0.0191,0.0048,0
424716,1.0987,-2.4511,9.4884,-0.1400,0.8400,0.0000,-0.0048,0.0287,0.0000,0
424755,1.2327,-2.4391,9.4357,1.3300,-1.4700,0.3500,0.0455,-0.0503,0.0120,0
424794,1.2136,-2.2835,9.4309,1.5400,-0.2800,0.4200,0.0527,-0.0096,0.0144,0
424833,1.1801,-2.1519,9.4884,1.3300,0.6300,0.3500,0.0455,0.0215,0.0120,0
424872,1.1130,-2.1495,9.4573,1.1900,-0.7000,0.4200,0.0407,-0.0239,0.0144,0
424911,1.1466,-2.2931,9.5650,1.8200,-1.6800,0.0000,0.0622,-0.0574,0.0000,0
424950,1.1130,-2.3649,9.5123,1.6800,0.4900,-0.1400,0.0574,0.0168,-0.0048,0
424989,1.0676,-2.2979,9.5554,0.6300,-0.2800,0.2100,0.0215,-0.0096,0.0072,0
425028,1.2208,-2.2572,9.4860,1.5400,-0.9800,0.7700,0.0527,-0.0335,0.0263,0
425067,1.2255,-2.2045,9.4309,0.4200,1.6100,0.6300,0.0144,0.0551,0.0215,0
425106,1.1537,-2.2883,9.3879,0.4200,0.4900,0.3500,0.0144,0.0168,0.0120,0
425145,1.2088,-2.3314,9.4884,0.0700,0.2100,-0.2100,0.0024,0.0072,-0.0072,0
425184,1.0700,-2.2261,9.5363,0.9800,1.1200,0.2800,0.0335,0.0383,0.0096,0
425223,1.0484,-2.2117,9.5243,-0.4200,0.9100,0.2800,-0.0144,0.0311,0.0096,0
425262,1.1537,-2.2740,9.4932,1.0500,-0.6300,0.4900,0.0359,-0.0215,0.0168,0
425301,1.1322,-2.2117,9.5099,0.7000,0.5600,0.4900,0.0239,0.0191,0.0168,0
425340,1.1322,-2.1567,9.5626,0.6300,-0.9100,0.2800,0.0215,-0.0311,0.0096,0
425379,1.2519,-2.1902,9.5123,0.1400,-0.8400,0.4200,0.0048,-0.0287,0.0144,0
425418,1.0388,-2.2117,9.4716,-1.0500,2.1700,0.8400,-0.0359,0.0742,0.0287,0
425457,0.9359,-2.2764,9.4836,-1.1200,-0.6300,1.4700,-0.0383,-0.0215,0.0503,0
425496,1.0412,-2.3912,9.5147,-1.2600,-1.4000,1.1900,-0.0431,-0.0479,0.0407,0
425535,1.1825,-2.5349,9.4716,-1.6100,2.2400,0.4900,-0.0551,0.0766,0.0168,0
425574,1.1226,-2.3338,9.4525,2.0300,0.4900,-0.4900,0.0694,0.0168,-0.0168,0
425613,1.0700,-2.1447,9.4142,0.4200,0.5600,0.0700,0.0144,0.0191,0.0024,0
425652,1.0556,-2.2644,9.4190,-0.8400,-1.0500,0.7000,-0.0287,-0.0359,0.0239,0
425691,1.1202,-2.3793,9.5387,0.4200,-1.2600,0.4200,0.0144,-0.0431,0.0144,0
425730,1.0532,-2.3170,9.5841,0.9100,-0.5600,-0.1400,0.0311,-0.0191,-0.0048,0
425769,1.0963,-2.1902,9.5554,1.1200,-1.4700,-0.1400,0.0383,-0.0503,-0.0048,0
425808,1.1633,-2.1950,9.4549,0.8400,-1.6800,0.4200,0.0287,-0.0574,0.0144,0
425847,1.1059,-2.2740,9.4477,-0.0700,-0.4200,0.3500,-0.0024,-0.0144,0.0120,0
425886,1.1035,-2.3027,9.4525,-0.2800,-1.1200,0.2800,-0.0096,-0.0383,0.0096,0
425925,1.0867,-2.4272,9.5004,0.6300,-0.8400,0.3500,0.0215,-0.0287,0.0120,0
425964,1.1083,-2.3170,9.5147,1.9600,-1.0500,0.2800,0.0670,-0.0359,0.0096,0
426003,1.0987,-2.2213,9.4764,0.7700,0.0000,0.4200,0.0263,0.0000,0.0144,0
426042,1.1681,-2.3123,9.4477,0.5600,-0.1400,0.3500,0.0191,-0.0048,0.0120,0
426081,1.1442,-2.3458,9.4884,0.4200,0.7700,0.2100,0.0144,0.0263,0.0072,0
426120,1.0436,-2.3194,9.4908,0.2800,1.8900,0.2100,0.0096,0.0646,0.0072,0
426159,1.0771,-2.3482,9.4812,0.4200,-0.2100,0.1400,0.0144,-0.0072,0.0048,0
426198,1.1083,-2.2979,9.5171,2.0300,-1.7500,0.1400,0.0694,-0.0598,0.0048,0
426237,1.0987,-2.1232,9.5387,2.5200,-1.0500,-0.2800,0.0862,-0.0359,-0.0096,0
426276,1.0795,-2.0944,9.5865,0.0700,-0.7000,0.1400,0.0024,-0.0239,0.0048,0
426315,0.9694,-2.4990,9.8426,-1.2600,-0.0700,0.4900,-0.0431,-0.0024,0.0168,0
426354,0.9622,-2.6976,10.6158,-6.1600,5.9500,1.6100,-0.2106,0.2035,0.0551,0
426393,1.7282,-1.8479,10.5416,2.5200,7.7000,6.5800,0.0862,0.2633,0.2250,0
426432,1.9125,-2.0633,9.8881,17.7100,20.9300,6.5800,0.6056,0.7157,0.2250,0
426471,2.7192,-2.3793,10.0868,6.4400,35.2800,4.2700,0.2202,1.2064,0.1460,0
426510,2.5780,-1.5152,8.9857,8.0500,32.6200,3.8500,0.2753,1.1154,0.1317,0
426549,1.2758,-0.7301,10.0796,2.8700,56.6300,-2.8000,0.0981,1.9365,-0.0957,0
426588,1.0293,-0.2824,9.7278,-10.9900,53.3400,-14.4900,-0.3758,1.8240,-0.4955,0
426627,3.0686,-0.6247,7.2599,-17.0800,39.1300,-22.7500,-0.5840,1.3380,-0.7779,0
426666,1.7904,-1.3500,10.9054,-30.5200,80.9200,-17.2900,-1.0436,2.7670,-0.5912,0
426705,-0.5194,-3.5139,7.9421,-30.8700,97.0200,-26.7400,-1.0556,3.3176,-0.9144,0
426744,-3.8107,-3.3583,8.8660,-24.9900,73.5000,-27.6500,-0.8545,2.5133,-0.9455,0
426783,-3.7867,-3.4397,8.3777,-26.7400,63.5600,-4.5500,-0.9144,2.1734,-0.1556,0
426822,-3.2194,-2.6450,7.7458,-27.7200,39.2700,14.7700,-0.9479,1.3428,0.5051,0
426861,-1.8527,-2.2069,7.1307,-37.3800,43.8200,12.7400,-1.2782,1.4984,0.4356,0
426900,-1.6923,-2.3051,6.7884,-37.5900,60.3400,-3.2900,-1.2854,2.0633,-0.1125,0
426939,-2.4607,-2.9968,6.5131,-40.6700,83.7200,-19.6000,-1.3907,2.8628,-0.6702,0
426978,-3.7508,-3.8322,6.8482,-37.5200,67.6200,-25.8300,-1.2830,2.3123,-0.8833,0
427017,-4.2703,-3.9375,7.8631,-36.0500,63.3500,-18.3400,-1.2327,2.1662,-0.6271,0
427056,-3.8011,-3.3391,7.7315,-33.3200,63.0700,-6.5800,-1.1394,2.1567,-0.2250,0
427095,-4.1386,-3.3439,7.6932,-41.4400,55.5800,-7.4200,-1.4170,1.9006,-0.2537,0
427134,-4.5910,-3.9687,6.0655,-48.8600,64.1200,-14.4200,-1.6708,2.1926,-0.4931,0
427173,-6.2929,-5.0027,4.4713,-57.2600,71.2600,-13.9300,-1.9580,2.4367,-0.4763,0
427212,-6.7764,-5.7711,3.8681,-51.1700,65.1000,-4.6900,-1.7498,2.2261,-0.1604,0
427251,-7.8990,-7.1259,2.5636,-43.6100,52.0100,-4.4100,-1.4912,1.7785,-0.1508,0
427290,-7.9565,-8.9307,2.5349,-35.2100,43.9600,-6.1600,-1.2040,1.5032,-0.2106,0
427329,-8.2964,-9.0432,3.1261,-10.1500,50.3300,-7.4900,-0.3471,1.7210,-0.2561,0
427368,-7.9732,-8.3370,3.9663,-6.4400,33.9500,-14.9800,-0.2202,1.1609,-0.5122,0
427407,-7.8727,-7.6261,4.7227,2.6600,35.0700,-18.2700,0.0910,1.1992,-0.6247,0
427446,-7.5950,-7.1067,4.4498,2.8700,37.8700,-28.9800,0.0981,1.2950,-0.9910,0
427485,-7.4753,-5.6059,3.9040,-8.7500,23.1000,-37.9400,-0.2992,0.7899,-1.2974,0
427524,-7.9134,-5.2971,3.3176,-11.9700,22.1200,-49.7700,-0.4093,0.7564,-1.7019,0
427563,-7.6501,-5.6849,2.4774,-10.9200,4.9700,-62.2300,-0.3734,0.1699,-2.1279,0
427602,-7.6261,-6.4652,2.4918,-20.5100,-9.2400,-76.4400,-0.7013,-0.3160,-2.6139,0
427641,-6.8147,-6.6424,2.5851,-23.2400,-24.5000,-78.4000,-0.7947,-0.8378,-2.6809,0
427680,-5.9530,-7.5136,1.7904,-18.0600,-27.3000,-74.4800,-0.6176,-0.9335,-2.5468,0
427719,-5.7328,-8.9402,3.2889,5.7400,-28.4900,-64.0500,0.1963,-0.9742,-2.1902,0
427758,-4.3301,-8.6195,2.0681,4.8300,-38.7800,-50.5400,0.1652,-1.3261,-1.7282,0
427797,-2.7886,-11.2286,3.5354,12.6700,-47.6700,-28.2800,0.4332,-1.6301,-0.9670,0
427836,-1.6013,-12.8586,3.6359,6.0900,-44.9400,-21.5600,0.2082,-1.5367,-0.7372,0
427875,-1.6516,-13.1818,4.2367,-8.7500,-37.5200,-22.2600,-0.2992,-1.2830,-0.7612,0
427914,-1.2112,-13.4211,4.2128,-3.0100,-41.4400,-34.1600,-0.1029,-1.4170,-1.1681,0
427953,-1.6612,-10.5966,5.2493,12.3900,-31.9900,-31.2900,0.4237,-1.0939,-1.0700,0
427992,-1.4362,-8.4926,4.2343,17.5700,-29.4700,-24.0100,0.6008,-1.0077,-0.8210,0
428031,-1.3859,-7.1690,5.1750,-2.0300,-14.5600,-11.1300,-0.0694,-0.4979,-0.3806,0
428070,-2.4104,-7.2096,5.4072,-35.6300,-14.9800,-13.0200,-1.2184,-0.5122,-0.4452,0
428109,-2.3625,-8.4160,5.2899,-45.5000,-15.4700,-8.6800,-1.5559,-0.5290,-0.2968,0
428148,-3.6431,-8.0307,5.5054,-27.5100,-22.4000,-9.1000,-0.9407,-0.7660,-0.3112,0
428187,-2.7766,-7.3269,5.3163,-19.4600,-47.1800,-0.1400,-0.6654,-1.6133,-0.0048,0
428226,-1.5152,-6.9057,4.6891,-16.8700,-33.2500,15.5400,-0.5769,-1.1370,0.5314,0
428265,-1.2519,-4.7657,3.4421,8.1900,-29.1900,10.4300,0.2801,-0.9981,0.3567,0
428304,-0.7827,-4.6604,2.2189,8.6100,-32.4800,8.8900,0.2944,-1.1106,0.3040,0
428343,-1.3069,-5.0530,2.1830,-2.6600,-35.4900,5.6000,-0.0910,-1.2136,0.1915,0
428382,-1.1944,-4.0285,0.8617,-13.5800,-31.0100,5.3200,-0.4644,-1.0604,0.1819,0
428421,-2.2045,-2.8676,0.1077,-55.3700,-38.7100,-9.6600,-1.8934,-1.3237,-0.3303,0
428460,-1.0197,-3.6862,0.0838,-92.4000,-41.5100,-20.0200,-3.1596,-1.4194,-0.6846,0
428499,-0.3471,-8.8756,-0.3375,-105.7000,-35.2800,-7.2100,-3.6144,-1.2064,-0.2465,0
428538,1.1561,-11.5852,-1.3213,-95.4100,-27.1600,-0.9800,-3.2625,-0.9287,-0.0335,0
428577,1.1274,-14.2565,-2.3745,-80.9900,-14.0000,-5.8100,-2.7694,-0.4787,-0.1987,0
428616,3.0160,-15.6712,-0.9718,-108.7100,17.0100,-31.3600,-3.7173,0.5817,-1.0724,0
428655,3.1117,-17.4712,-1.6085,-84.0000,35.6300,-39.6200,-2.8724,1.2184,-1.3548,0
428694,1.8431,-22.2656,-1.9317,-87.2900,61.3900,-61.3200,-2.9849,2.0992,-2.0968,0
428733,1.5415,-17.2462,-2.1256,2.7300,31.5000,-74.4800,0.0934,1.0771,-2.5468,0
428772,-0.3231,-12.3488,-1.2040,-11.1300,28.8400,-92.1200,-0.3806,0.9862,-3.1500,0
428811,1.3285,-11.1687,-1.8048,-23.1000,7.5600,-69.0200,-0.7899,0.2585,-2.3601,0
428850,2.4224,-10.7235,-2.6737,-22.5400,-5.5300,-62.7200,-0.7708,-0.1891,-2.1447,0
428889,4.0644,-9.9982,-2.4918,-15.6800,-19.7400,-74.9000,-0.5362,-0.6750,-2.5612,0
428928,5.5245,-9.2323,-1.8646,-13.0200,33.7400,-88.6900,-0.4452,1.1537,-3.0327,0
428967,3.2051,-9.1557,-3.1764,-0.7700,49.0700,-97.2300,-0.0263,1.6779,-3.3248,0
429006,2.8604,-7.5926,-1.8120,3.0100,34.3700,-89.4600,0.1029,1.1753,-3.0591,0
429045,3.5952,-8.6147,-1.4290,9.8700,19.3900,-72.1700,0.3375,0.6630,-2.4678,0
429084,4.9883,-7.3772,-1.5894,30.3800,21.4200,-54.7400,1.0388,0.7325,-1.8718,0
429123,4.9357,-5.9027,-0.4931,47.3900,8.6800,-63.3500,1.6205,0.2968,-2.1662,0
429162,5.8261,-5.4264,-1.5439,57.2600,9.3100,-61.8100,1.9580,0.3184,-2.1136,0
429201,5.6945,-6.4820,0.9359,56.2800,5.4600,-57.8200,1.9245,0.1867,-1.9771,0
429240,6.5466,-6.3958,1.4817,61.3200,-2.3100,-37.8700,2.0968,-0.0790,-1.2950,0
429279,6.0032,-5.4096,0.1963,70.5600,-27.7900,-17.3600,2.4128,-0.9503,-0.5936,0
429318,4.3828,-4.5790,1.6612,61.8100,-42.9800,-14.7700,2.1136,-1.4697,-0.5051,0
429357,4.1961,-2.6928,-2.4176,52.9900,-39.0600,-15.1900,1.8120,-1.3357,-0.5194,0
429396,2.8269,-2.4583,1.2710,30.4500,-6.0200,-23.5900,1.0412,-0.2059,-0.8067,0
429435,4.0716,-3.3152,1.6971,30.6600,-14.7000,-9.1700,1.0484,-0.5027,-0.3136,0
429474,6.1181,-4.0500,0.0598,44.1700,-29.2600,28.7000,1.5104,-1.0005,0.9814,0
429513,6.0727,-4.1745,-0.7396,31.9900,-23.8000,60.4100,1.0939,-0.8138,2.0657,0
429552,6.0009,-7.5304,0.1221,-14.9800,-27.2300,49.8400,-0.5122,-0.9311,1.7043,0
429591,8.1575,-9.0312,2.5851,-70.1400,-3.0100,50.5400,-2.3984,-0.1029,1.7282,0
429630,7.7578,-10.5440,-1.2926,-22.1200,-31.2200,43.6100,-0.7564,-1.0676,1.4912,0
429669,8.4591,-11.0227,-3.0112,8.3300,-36.9600,37.1700,0.2848,-1.2638,1.2710,0
429708,6.5681,-10.9270,-1.5080,-18.3400,-20.3700,50.4000,-0.6271,-0.6965,1.7234,0
429747,4.0285,-11.6092,-2.2093,1.9600,2.8700,82.0400,0.0670,0.0981,2.8053,0
429786,3.0016,-10.0892,-0.5146,9.3800,-18.9000,59.2900,0.3207,-0.6463,2.0274,0
429825,6.2881,-10.2591,-2.4272,31.0800,-19.8100,44.7300,1.0628,-0.6774,1.5295,0
429864,3.8083,-9.2107,0.0622,21.2100,7.1400,37.4500,0.7253,0.2442,1.2806,0
429903,2.3194,-9.3543,-0.8162,31.8500,-11.5500,42.4900,1.0891,-0.3950,1.4529,0
429942,1.5176,-7.5902,-0.1795,39.2700,-7.1400,28.7700,1.3428,-0.2442,0.9838,0
429981,0.9646,-6.5825,-0.0024,19.3900,-16.3100,-1.7500,0.6630,-0.5577,-0.0598,0
430020,0.3662,-6.6471,-0.7684,-3.2200,-8.5400,-34.0200,-0.1101,-0.2920,-1.1633,0
430059,-0.7684,-6.9990,-2.0035,-7.9100,-4.6200,-60.1300,-0.2705,-0.1580,-2.0561,0
430098,-1.4410,-6.7405,-1.9987,-20.7900,-11.4800,-84.0700,-0.7109,-0.3926,-2.8748,0
430137,0.8091,-6.6783,-0.7875,-22.3300,-33.8800,-94.0800,-0.7636,-1.1585,-3.2171,0
430176,11.4823,-12.1286,-0.4117,5.8100,-32.6900,-64.6100,0.1987,-1.1178,-2.2093,0
430215,11.1161,-10.1036,-1.1011,32.9000,7.6300,-46.6200,1.1250,0.2609,-1.5942,0
430254,7.0182,-9.0504,-0.5745,-1.1900,6.0200,-41.5100,-0.0407,0.2059,-1.4194,0
430293,7.6812,-8.9331,0.1747,0.8400,-3.1500,-19.7400,0.0287,-0.1077,-0.6750,0
430332,7.4442,-8.0929,0.2370,14.0000,21.4900,-20.4400,0.4787,0.7348,-0.6989,0
430371,7.0229,-7.2408,0.0096,12.5300,-5.1800,-29.3300,0.4285,-0.1771,-1.0029,0
430410,6.3144,-6.5155,0.5194,22.2600,4.4100,-29.4700,0.7612,0.1508,-1.0077,0
430449,5.9482,-4.3229,-0.5266,38.3600,-14.0700,-29.4700,1.3117,-0.4811,-1.0077,0
430488,5.8836,-3.3511,-1.2423,34.2300,-28.7700,-25.6900,1.1705,-0.9838,-0.8785,0
430527,7.3652,-3.2697,-1.0293,12.1800,-13.4400,-12.6700,0.4165,-0.4596,-0.4332,0
430566,7.7075,-5.3570,-0.0024,1.4000,7.2800,7.4900,0.0479,0.2489,0.2561,0
430605,8.0666,-8.0019,0.9407,13.3000,-18.1300,9.9400,0.4548,-0.6200,0.3399,0
430644,9.0863,-6.7237,-0.2226,8.4700,-35.4200,-14.1400,0.2896,-1.2112,-0.4835,0
430683,8.0187,-6.5514,-0.5314,2.3800,-38.5700,-0.9100,0.0814,-1.3189,-0.0311,0
430722,7.7602,-7.7698,-1.1011,-10.4300,-46.9700,-3.2200,-0.3567,-1.6061,-0.1101,0
430761,7.6237,-8.0666,-1.3692,-1.3300,-43.7500,2.1700,-0.0455,-1.4960,0.0742,0
430800,7.1378,-7.8942,-1.5200,0.6300,-48.3700,2.8000,0.0215,-1.6540,0.0957,0
430839,6.7644,-8.1958,-3.0375,23.9400,-37.1000,7.6300,0.8186,-1.2686,0.2609,0
430878,6.1708,-7.0301,-3.5665,69.5800,-19.1800,5.1800,2.3793,-0.6559,0.1771,0
430917,5.9530,-7.0971,-3.2290,100.1000,3.1500,5.9500,3.4229,0.1077,0.2035,0
430956,5.5437,-7.6309,-2.8173,119.0700,31.2900,10.5000,4.0716,1.0700,0.3590,0
430995,5.6298,-7.2288,-2.4583,123.6900,56.2100,16.5200,4.2296,1.9221,0.5649,0
431034,4.8950,-7.5495,-0.2274,104.8600,70.2100,15.6800,3.5857,2.4008,0.5362,0
431073,7.2695,-6.9966,1.4194,117.9500,-28.7000,20.3700,4.0333,-0.9814,0.6965,0
431112,8.1599,-7.9014,-0.6295,104.1600,-67.3400,8.0500,3.5617,-2.3027,0.2753,0
431151,8.4448,-3.7939,1.0915,51.8700,-50.3300,19.9500,1.7737,-1.7210,0.6822,0
431190,7.1354,-2.0250,1.8599,-1.4700,-26.8100,50.9600,-0.0503,-0.9168,1.7426,0
431229,7.9038,-4.5240,2.9418,-44.0300,-37.2400,92.6100,-1.5056,-1.2734,3.1668,0
431268,7.3772,-8.2317,5.1990,-44.8700,-78.1200,96.3900,-1.5343,-2.6713,3.2960,0
431307,6.3934,-10.4554,5.7615,-17.7800,-111.2300,40.7400,-0.6080,-3.8035,1.3931,0
431346,5.6059,-9.1533,0.9168,-20.8600,-136.6400,29.0500,-0.7133,-4.6724,0.9934,0
431385,6.3791,-9.8762,0.0263,-7.2100,-120.9600,58.9400,-0.2465,-4.1362,2.0154,0
431424,6.1493,-8.6674,-0.2705,-22.0500,-124.1100,70.0000,-0.7540,-4.2439,2.3936,0
431463,6.3982,-9.8570,0.0742,-8.4000,-124.6700,75.8100,-0.2872,-4.2631,2.5923,0
431502,5.6681,-9.5147,-1.4865,-0.9100,-128.9400,66.0800,-0.0311,-4.4091,2.2596,0
431541,4.6628,-9.0480,-1.5918,18.4800,-99.2600,56.0000,0.6319,-3.3942,1.9149,0
431580,3.7317,-8.3059,-1.5391,42.1400,-74.4800,35.2100,1.4410,-2.5468,1.2040,0
431619,1.5654,-7.7650,-1.9652,32.6200,-51.1000,-6.3000,1.1154,-1.7474,-0.2154,0
431658,-0.8378,-6.8338,-4.0213,19.7400,-42.7700,-58.0300,0.6750,-1.4625,-1.9843,0
431697,-1.1035,-5.2062,-3.8609,-4.8300,-31.3600,-93.8000,-0.1652,-1.0724,-3.2075,0
431736,-0.2322,-6.7644,-5.2588,-8.8900,-25.2000,-110.4600,-0.3040,-0.8617,-3.7772,0
431775,0.4021,-5.6849,-2.4726,14.8400,-53.0600,-125.0900,0.5075,-1.8144,-4.2774,0
431814,8.2437,-8.4041,-2.0035,27.5800,-93.3100,-106.0500,0.9431,-3.1907,-3.6264,0
431853,14.0626,-11.5900,-2.3338,99.4000,-61.4600,-41.6500,3.3990,-2.1016,-1.4242,0
431892,9.2777,-8.1934,-1.3739,51.5200,-4.7600,-53.1300,1.7617,-0.1628,-1.8168,0
431931,7.6046,-8.6482,-1.4697,35.9800,-27.9300,-35.8400,1.2303,-0.9551,-1.2255,0
431970,6.4820,-7.8200,0.5362,30.8700,-1.5400,-28.2800,1.0556,-0.0527,-0.9670,0
432009,7.0732,-7.6692,0.5146,34.7200,-7.0000,-24.7800,1.1872,-0.2394,-0.8473,0
432048,7.1235,-6.7979,0.2681,48.5800,-18.6200,-33.6000,1.6612,-0.6367,-1.1489,0
432087,5.4192,-5.7208,-1.2974,63.9800,-36.7500,-27.3000,2.1878,-1.2567,-0.9335,0
432126,6.1397,-3.5498,-1.1561,56.4200,-17.3600,-6.2300,1.9293,-0.5936,-0.2130,0
432165,8.1767,-2.7024,-0.7516,46.6200,-12.3900,4.3400,1.5942,-0.4237,0.1484,0
432204,8.8158,-6.2642,-0.1221,21.2800,-26.1800,-9.6600,0.7277,-0.8952,-0.3303,0
432243,8.4902,-8.3706,-0.0934,21.1400,-18.7600,-23.3800,0.7229,-0.6415,-0.7995,0
432282,9.3376,-8.4567,0.0096,21.2100,-57.4000,-20.7200,0.7253,-1.9628,-0.7085,0
432321,9.6224,-8.6817,-1.4721,-19.5300,-63.9800,-29.7500,-0.6678,-2.1878,-1.0173,0
432360,7.5328,-9.2801,-2.3194,-20.4400,-27.7200,-31.9200,-0.6989,-0.9479,-1.0915,0
432399,6.1158,-8.7200,-1.5391,3.9200,-17.0100,-22.0500,0.1340,-0.5817,-0.7540,0
432438,6.6663,-8.2700,-3.4756,51.2400,-14.2800,-1.6100,1.7521,-0.4883,-0.0551,0
432477,7.3628,-8.8397,-3.2625,154.3500,18.7600,7.7700,5.2780,0.6415,0.2657,0
432516,4.8950,-5.2780,-1.2543,113.3300,56.2100,-33.3200,3.8753,1.9221,-1.1394,0
432555,5.3785,-2.2644,-1.8766,46.8300,30.8000,-24.3600,1.6013,1.0532,-0.8330,0
432594,7.5783,-2.7383,-0.7253,65.8000,-12.7400,-4.7600,2.2500,-0.4356,-0.1628,0
432633,7.6573,-1.7833,-0.3184,84.5600,-59.9200,24.7100,2.8915,-2.0490,0.8450,0
432672,7.0995,-1.1154,0.8713,29.4700,-74.4800,47.8800,1.0077,-2.5468,1.6372,0
432711,6.8674,-3.3894,2.4583,-9.5900,-97.1600,76.7200,-0.3279,-3.3224,2.6234,0
432750,9.5650,-8.8445,3.3248,38.1500,-114.1700,90.7900,1.3045,-3.9040,3.1046,0
432789,7.4706,-10.3812,1.7186,50.9600,-93.0300,42.4200,1.7426,-3.1811,1.4505,0
432828,6.9511,-7.6573,0.3854,-14.9800,-70.9800,3.7800,-0.5122,-2.4272,0.1293,0
432867,8.0354,-8.7033,-0.6104,10.5000,-109.9000,22.8900,0.3590,-3.7580,0.7827,0
432906,6.6950,-9.5219,0.8162,66.9900,-114.3800,47.9500,2.2907,-3.9112,1.6396,0
432945,8.7559,-8.7703,-0.7875,43.5400,-129.5000,41.2300,1.4888,-4.4282,1.4099,0
432984,7.9182,-7.1522,-2.8508,57.2600,-141.6800,41.3000,1.9580,-4.8447,1.4122,0
433023,4.7825,-7.1618,-0.7827,73.4300,-123.0600,52.7100,2.5109,-4.2080,1.8024,0
433062,5.3091,-10.2352,-1.8694,64.8200,-115.7800,38.7800,2.2165,-3.9591,1.3261,0
433101,4.8998,-8.6458,-3.5809,74.7600,-97.8600,-10.1500,2.5564,-3.3463,-0.3471,0
433140,0.8641,-5.6634,-4.2008,68.8100,-84.4200,-46.4100,2.3529,-2.8867,-1.5870,0
