timestamp_ms,waist_x,waist_y,waist_z,waist_gx,waist_gy,waist_gz,thigh_x,thigh_y,thigh_z,event_flag
134348,-8.3969,-1.7737,2.2931,-90.4400,-19.6000,31.0800,-3.0926,-0.6702,1.0628,0
134387,-9.1724,-1.4362,1.8048,-75.8100,-27.8600,27.6500,-2.5923,-0.9527,0.9455,0
134426,-9.4764,-1.4817,1.2375,-48.1600,-26.4600,28.1400,-1.6468,-0.9048,0.9622,0
134465,-10.0198,-2.9777,1.5607,-17.0800,-17.9200,19.8800,-0.5840,-0.6128,0.6798,0
134504,-9.6583,-3.0782,2.8173,-9.8000,-11.0600,4.1300,-0.3351,-0.3782,0.1412,0
134543,-9.5602,-3.5689,3.3822,-12.3200,-7.7000,-21.4900,-0.4213,-0.2633,-0.7348,0
134582,-8.3059,-3.1381,3.4157,-28.3500,-13.2300,-31.3600,-0.9694,-0.4524,-1.0724,0
134621,-8.0259,-2.7455,2.4750,-35.9800,-19.9500,-28.4200,-1.2303,-0.6822,-0.9718,0
134660,-8.5166,-2.4439,2.1567,-25.2700,-27.7200,-16.7300,-0.8641,-0.9479,-0.5721,0
134699,-8.8182,-3.1452,2.1950,-23.1000,-30.9400,-6.5800,-0.7899,-1.0580,-0.2250,0
134738,-9.7828,-3.6886,1.8934,-24.2900,-34.3700,-3.6400,-0.8306,-1.1753,-0.1245,0
134777,-9.1629,-2.5708,2.3362,-43.8200,-35.2100,-3.8500,-1.4984,-1.2040,-0.1317,0
134816,-9.0623,-3.8873,2.9801,-19.6700,-24.2200,0.9100,-0.6726,-0.8282,0.0311,0
134855,-9.6655,-5.0386,3.3607,-8.5400,-19.0400,6.6500,-0.2920,-0.6511,0.2274,0
134894,-11.1903,-6.5418,4.3995,-55.0200,-25.0600,21.7000,-1.8814,-0.8569,0.7420,0
134933,-7.1307,-2.8939,2.6043,-94.7800,-56.2100,-6.1600,-3.2410,-1.9221,-0.2106,0
134972,-5.1535,-3.9280,2.5085,-47.1800,-52.0800,47.1100,-1.6133,-1.7809,1.6109,0
135011,-5.6586,-5.8501,4.9860,-63.0000,-52.5700,80.5700,-2.1543,-1.7976,2.7551,0
135050,-7.2695,-5.9721,6.4461,-74.0600,-51.0300,43.1200,-2.5325,-1.7450,1.4745,0
135089,-7.3365,-5.0003,4.6197,-113.7500,-58.1700,35.9800,-3.8897,-1.9891,1.2303,0
135128,-7.1785,-4.5719,3.1716,-138.7400,-66.2900,36.5400,-4.7442,-2.2668,1.2495,0
135167,-7.5232,-5.0578,1.6516,-77.2100,-46.5500,29.2600,-2.6402,-1.5918,1.0005,0
135206,-7.1953,-3.9232,0.9886,-54.6700,-36.1200,16.7300,-1.8694,-1.2351,0.5721,0
135245,-7.6668,-5.2157,1.8886,-39.5500,-28.3500,30.5900,-1.3524,-0.9694,1.0460,0
135284,-8.8589,-7.1546,3.3990,-56.0000,-22.2600,36.5400,-1.9149,-0.7612,1.2495,0
135323,-8.1384,-5.7256,1.7737,-41.7900,-13.0200,0.2800,-1.4290,-0.4452,0.0096,0
135362,-7.3892,-4.2894,2.3386,-18.5500,7.9800,-13.0900,-0.6343,0.2729,-0.4476,0
135401,-7.0541,-5.3977,3.7772,-38.7100,-2.1700,11.4800,-1.3237,-0.0742,0.3926,0
135440,-7.2288,-5.1607,4.3421,-36.5400,-16.3100,23.7300,-1.2495,-0.5577,0.8114,0
135479,-8.1623,-4.6532,4.1697,-16.6600,-14.1400,24.9200,-0.5697,-0.4835,0.8521,0
135518,-8.5477,-4.5958,2.4080,-0.9800,1.3300,4.2000,-0.0335,0.0455,0.1436,0
135557,-7.9995,-4.0285,1.9843,-7.0000,6.7900,-8.5400,-0.2394,0.2322,-0.2920,0
135596,-7.3461,-3.5019,1.6803,0.4200,21.6300,-11.4800,0.0144,0.7396,-0.3926,0
135635,-7.0277,-3.1955,2.1208,18.6900,28.2800,8.4700,0.6391,0.9670,0.2896,0
135674,-8.4902,-4.6676,2.6498,28.2800,19.9500,24.9900,0.9670,0.6822,0.8545,0
135713,-9.2418,-5.2636,2.4391,33.5300,6.0200,28.0000,1.1466,0.2059,0.9575,0
135752,-8.4711,-4.9261,2.0513,42.5600,11.4800,2.5200,1.4553,0.3926,0.0862,0
135791,-8.8493,-5.7519,1.8527,44.8000,16.5200,0.2100,1.5319,0.5649,0.0072,0
135830,-8.1815,-4.3349,1.4218,52.0800,17.5000,-2.2400,1.7809,0.5984,-0.0766,0
135869,-9.4118,-3.7245,1.0580,33.5300,20.3700,-9.8000,1.1466,0.6965,-0.3351,0
135908,-11.4655,-4.2679,1.0891,44.8000,24.0800,-9.9400,1.5319,0.8234,-0.3399,0
135947,-9.2395,-4.4594,1.2662,57.8200,32.0600,-21.9100,1.9771,1.0963,-0.7492,0
135986,-7.9086,-3.8633,1.4482,55.8600,39.6200,-39.6900,1.9101,1.3548,-1.3572,0
136025,-7.7386,-4.3349,1.2303,59.8500,38.7100,-34.9300,2.0466,1.3237,-1.1944,0
136064,-8.9211,-4.5096,0.4859,62.3000,29.1900,-28.2800,2.1303,0.9981,-0.9670,0
136103,-10.4195,-4.4665,0.5122,62.6500,29.1900,-43.6800,2.1423,0.9981,-1.4936,0
136142,-9.7182,-5.4336,3.3391,62.0900,56.2100,-47.3900,2.1232,1.9221,-1.6205,0
136181,-7.0397,-3.2769,3.1740,72.5200,60.2700,-59.4300,2.4798,2.0609,-2.0322,0
136220,-6.6759,-3.0495,4.5431,87.2200,55.4400,-32.0600,2.9825,1.8958,-1.0963,0
136259,-7.6190,-2.5995,4.3660,74.6900,31.0100,-10.9200,2.5540,1.0604,-0.3734,0
136298,-7.5998,-3.4756,4.5192,66.2900,24.3600,-6.9300,2.2668,0.8330,-0.2370,0
136337,-7.7243,-4.5312,4.9931,67.4800,23.5200,-8.1900,2.3075,0.8043,-0.2801,0
136376,-7.2958,-4.8615,4.5886,43.3300,25.5500,-10.7800,1.4817,0.8737,-0.3686,0
136415,-7.3844,-4.4354,3.5617,31.5700,23.8000,-6.2300,1.0795,0.8138,-0.2130,0
136454,-7.6285,-4.4785,3.3774,42.2100,21.5600,-0.5600,1.4434,0.7372,-0.0191,0
136493,-8.2652,-3.8179,2.7335,30.8000,24.6400,-2.2400,1.0532,0.8426,-0.0766,0
136532,-8.7152,-4.6987,2.7647,50.1900,27.7200,1.4000,1.7162,0.9479,0.0479,0
136571,-9.5985,-4.5623,2.8676,38.9900,28.7000,22.6100,1.3333,0.9814,0.7731,0
136610,-9.4333,-4.1865,4.0261,29.4700,30.2400,18.2700,1.0077,1.0341,0.6247,0
136649,-9.6918,-5.3139,2.7647,9.2400,31.0100,12.3900,0.3160,1.0604,0.4237,0
136688,-9.8857,-4.5455,1.5032,12.4600,47.8100,-5.8100,0.4261,1.6349,-0.1987,0
136727,-7.9828,-3.2099,1.4865,6.8600,47.0400,6.0200,0.2346,1.6085,0.2059,0
136766,-7.8894,-2.3338,1.6229,13.0200,40.1100,5.9500,0.4452,1.3716,0.2035,0
136805,-8.2078,-2.6689,1.5487,12.3900,25.5500,12.4600,0.4237,0.8737,0.4261,0
136844,-8.9283,-3.9710,2.3649,10.0800,13.0200,25.9000,0.3447,0.4452,0.8856,0
136883,-9.7349,-3.0208,1.6875,7.6300,14.2100,13.4400,0.2609,0.4859,0.4596,0
136922,-9.3974,-3.2601,1.9125,4.4800,14.8400,4.7600,0.1532,0.5075,0.1628,0
136961,-9.4501,-3.7772,1.4577,-7.9100,5.7400,12.1100,-0.2705,0.1963,0.4141,0
137000,-9.3113,-3.2362,0.4380,-7.7700,4.8300,7.4200,-0.2657,0.1652,0.2537,0
137039,-9.3974,-2.6785,-0.0527,-10.9900,5.6700,5.4600,-0.3758,0.1939,0.1867,0
137078,-8.8182,-2.6928,0.1819,-0.5600,6.5800,0.2100,-0.0191,0.2250,0.0072,0
137117,-8.8086,-3.1859,0.9503,-4.4800,0.9100,4.4100,-0.1532,0.0311,0.1508,0
137156,-9.5410,-2.8795,0.9096,-7.9800,-1.1200,5.9500,-0.2729,-0.0383,0.2035,0
137195,-9.6224,-3.3367,1.0053,-11.4800,-5.8800,-1.8900,-0.3926,-0.2011,-0.0646,0
137234,-9.2227,-3.2218,0.5481,-14.2100,-7.7000,1.7500,-0.4859,-0.2633,0.0598,0
137273,-9.2777,-2.5229,0.2346,-7.2800,-3.6400,-2.5900,-0.2489,-0.1245,-0.0886,0
137312,-9.3472,-2.9107,0.7181,-6.4400,-2.9400,-4.9000,-0.2202,-0.1005,-0.1676,0
137351,-9.1269,-3.3272,1.4314,-8.1900,-7.5600,-4.1300,-0.2801,-0.2585,-0.1412,0
137390,-9.0910,-3.3224,1.6612,-16.5200,-10.6400,-1.4700,-0.5649,-0.3638,-0.0503,0
137429,-9.0671,-2.9011,1.6851,-21.5600,-12.9500,-8.4000,-0.7372,-0.4428,-0.2872,0
137468,-8.8373,-3.1548,1.6085,-29.8900,-22.6100,-6.3700,-1.0221,-0.7731,-0.2178,0
137507,-8.9498,-3.0686,1.3380,-34.1600,-29.3300,-1.5400,-1.1681,-1.0029,-0.0527,0
137546,-9.1485,-2.9897,1.3165,-37.9400,-31.2200,-2.8700,-1.2974,-1.0676,-0.0981,0
137585,-8.9785,-2.9561,1.7402,-38.2900,-34.5800,-8.1900,-1.3093,-1.1825,-0.2801,0
137624,-9.0647,-3.1740,1.6492,-43.9600,-43.7500,-3.0100,-1.5032,-1.4960,-0.1029,0
137663,-9.2849,-3.1165,1.4194,-47.1800,-49.4900,-7.6300,-1.6133,-1.6923,-0.2609,0
137702,-9.4645,-2.6354,0.8737,-47.7400,-52.3600,-12.7400,-1.6325,-1.7904,-0.4356,0
137741,-9.4405,-2.5085,0.3686,-38.7800,-49.4200,-16.4500,-1.3261,-1.6899,-0.5625,0
137780,-9.2275,-2.4678,0.3758,-26.3200,-47.9500,-17.5000,-0.9000,-1.6396,-0.5984,0
137819,-9.0264,-2.7647,0.7253,-16.5900,-45.0100,-9.0300,-0.5673,-1.5391,-0.3088,0
137858,-8.9762,-3.6383,1.4936,-11.6900,-41.0200,-1.4000,-0.3997,-1.4027,-0.0479,0
137897,-9.2849,-4.3516,2.2093,-28.8400,-39.2700,6.0200,-0.9862,-1.3428,0.2059,0
137936,-9.5817,-4.2320,3.0854,-33.8100,-28.9100,11.3400,-1.1561,-0.9886,0.3878,0
137975,-10.4195,-4.2415,4.1171,-37.8700,-26.1100,28.7000,-1.2950,-0.8928,0.9814,0
138014,-9.2849,-3.5713,3.9064,3.3600,-46.1300,2.8000,0.1149,-1.5774,0.0957,0
138053,-6.1445,-4.6461,4.6437,-13.0200,-51.2400,36.1200,-0.4452,-1.7521,1.2351,0
138092,-6.0272,-4.4091,5.5173,-40.4600,-43.1900,41.0200,-1.3835,-1.4769,1.4027,0
138131,-8.1312,-4.4905,5.3761,-68.6000,-46.2000,42.0000,-2.3458,-1.5798,1.4362,0
138170,-8.0833,-4.2008,5.1272,-84.4200,-49.5600,42.4200,-2.8867,-1.6947,1.4505,0
138209,-7.8942,-3.9567,4.6796,-105.4200,-46.2000,40.3200,-3.6048,-1.5798,1.3787,0
138248,-7.9589,-3.5354,4.3469,-100.1700,-36.7500,31.7100,-3.4253,-1.2567,1.0843,0
138287,-7.7027,-3.5043,3.7077,-81.7600,-30.8700,26.6000,-2.7958,-1.0556,0.9096,0
138326,-7.7243,-3.3511,3.8657,-65.9400,-32.8300,32.0600,-2.2548,-1.1226,1.0963,0
138365,-8.0570,-3.3319,3.8394,-62.5100,-35.4200,33.3200,-2.1375,-1.2112,1.1394,0
138404,-8.0761,-3.4349,4.0429,-66.5000,-33.1800,32.4100,-2.2740,-1.1346,1.1083,0
138443,-8.0522,-3.0926,4.3540,-65.8000,-26.3200,24.2200,-2.2500,-0.9000,0.8282,0
138482,-7.9756,-3.1500,3.8250,-45.7100,-19.9500,22.6100,-1.5630,-0.6822,0.7731,0
138521,-7.8392,-3.2314,3.6431,-43.3300,-15.8900,20.8600,-1.4817,-0.5434,0.7133,0
138560,-8.1456,-3.1716,3.9782,-36.5400,-10.7100,21.4200,-1.2495,-0.3662,0.7325,0
138599,-8.3801,-3.2769,4.3828,-25.9000,-9.9400,24.0800,-0.8856,-0.3399,0.8234,0
138638,-8.3107,-3.5713,4.7442,-22.7500,-11.4800,21.9800,-0.7779,-0.3926,0.7516,0
138677,-8.0714,-3.7700,4.9979,-30.5200,-9.3100,19.3900,-1.0436,-0.3184,0.6630,0
138716,-7.8440,-3.3224,4.9237,-36.8200,-6.1600,20.3000,-1.2591,-0.2106,0.6942,0
138755,-7.7458,-2.2883,4.3445,-28.2100,-4.2700,24.7800,-0.9646,-0.1460,0.8473,0
138794,-7.7003,-1.5942,4.3995,-3.9200,3.7100,17.0800,-0.1340,0.1269,0.5840,0
138833,-12.2387,-4.1506,4.1362,-2.4500,-0.4900,25.7600,-0.0838,-0.0168,0.8809,0
138872,-11.1041,-5.1296,2.0537,4.9700,-12.0400,3.9900,0.1699,-0.4117,0.1364,0
138911,-7.5112,-4.7873,2.4678,30.5200,24.0800,-28.2100,1.0436,0.8234,-0.9646,0
138950,-7.3365,-5.4934,1.8024,-15.8200,16.7300,-3.4300,-0.5410,0.5721,-0.1173,0
138989,-8.1216,-3.7149,1.2950,-30.6600,10.0800,-16.1000,-1.0484,0.3447,-0.5505,0
139028,-9.3543,-2.8077,2.2476,-22.7500,4.7600,-11.3400,-0.7779,0.1628,-0.3878,0
139067,-8.7727,-2.4774,2.2117,3.6400,14.3500,4.5500,0.1245,0.4907,0.1556,0
139106,-9.4429,-3.2338,1.2471,27.0200,16.7300,3.2200,0.9239,0.5721,0.1101,0
139145,-9.2395,-3.4851,1.7306,47.0400,24.7100,-4.8300,1.6085,0.8450,-0.1652,0
139184,-8.5597,-3.5210,2.3936,23.7300,32.1300,-18.2000,0.8114,1.0987,-0.6223,0
139223,-7.5902,-3.6024,3.1764,14.3500,33.8100,-33.7400,0.4907,1.1561,-1.1537,0
139262,-7.8057,-3.6144,2.7048,40.3200,38.3600,-42.6300,1.3787,1.3117,-1.4577,0
139301,-8.8254,-3.7030,2.1112,21.0700,24.3600,-20.0900,0.7205,0.8330,-0.6870,0
139340,-8.7679,-3.6096,2.8269,20.5100,21.4900,-37.8000,0.7013,0.7348,-1.2926,0
139379,-8.1503,-4.1745,3.1213,28.7000,22.0500,-52.5000,0.9814,0.7540,-1.7952,0
139418,-8.0714,-4.0740,2.1495,31.0800,16.8700,-62.3000,1.0628,0.5769,-2.1303,0
139457,-8.4926,-4.0907,2.2811,24.9900,6.4400,-50.5400,0.8545,0.2202,-1.7282,0
139496,-8.9977,-4.4306,3.1764,15.8900,12.8800,-41.3700,0.5434,0.4404,-1.4146,0
139535,-8.6339,-4.3157,3.5617,15.6100,20.3700,-36.4700,0.5338,0.6965,-1.2471,0
139574,-8.8684,-3.3272,3.1907,19.8800,17.4300,-37.2400,0.6798,0.5960,-1.2734,0
139613,-7.2384,-4.2056,4.0764,34.9300,9.8000,-14.7700,1.1944,0.3351,-0.5051,0
139652,-8.2102,-7.6692,3.9399,48.5100,7.2800,68.0400,1.6588,0.2489,2.3266,0
139691,-8.4807,-5.9195,1.5966,-14.8400,-7.7000,78.4000,-0.5075,-0.2633,2.6809,0
139730,-6.9392,-4.9812,0.0574,-4.9700,-27.8600,84.0700,-0.1699,-0.9527,2.8748,0
139769,-8.6817,-6.6663,0.5170,-34.0200,-31.3600,112.1400,-1.1633,-1.0724,3.8346,0
139808,-8.9833,-5.0482,4.5623,10.0800,3.1500,-15.1200,0.3447,0.1077,-0.5170,0
139847,-6.5634,-3.6647,4.3086,-3.3600,-11.2000,-10.3600,-0.1149,-0.3830,-0.3543,0
139886,-7.1235,-3.5187,3.6814,-24.1500,-30.1700,4.2700,-0.8258,-1.0317,0.1460,0
139925,-7.5735,-3.2793,3.2769,-9.0300,-25.2000,-1.6100,-0.3088,-0.8617,-0.0551,0
139964,-7.3557,-2.5349,3.2218,-4.0600,-11.8300,-4.6900,-0.1388,-0.4045,-0.1604,0
140003,-7.2312,-2.8149,3.6312,-13.2300,-1.7500,1.9600,-0.4524,-0.0598,0.0670,0
140042,-7.2815,-3.2745,4.0381,-23.7300,7.2800,9.5900,-0.8114,0.2489,0.3279,0
140081,-7.3389,-2.6833,4.6724,-23.9400,16.2400,3.4300,-0.8186,0.5553,0.1173,0
140120,-8.0498,-3.6862,4.2535,-30.9400,9.1000,18.7600,-1.0580,0.3112,0.6415,0
140159,-8.5118,-4.0117,3.4133,-14.2800,0.4200,18.3400,-0.4883,0.0144,0.6271,0
140198,-7.3652,-3.3032,3.7939,1.0500,-6.0200,11.8300,0.0359,-0.2059,0.4045,0
140237,-10.7738,-4.3971,5.1846,46.9000,-14.0000,46.4800,1.6037,-0.4787,1.5894,0
140276,-14.2757,-6.4748,1.4697,14.3500,-45.7800,21.6300,0.4907,-1.5654,0.7396,0
140315,-9.7349,-4.7992,3.4301,-6.0900,-7.7000,-16.9400,-0.2082,-0.2633,-0.5793,0
140354,-9.4214,-5.2038,2.5277,-23.8000,19.6000,-21.4900,-0.8138,0.6702,-0.7348,0
140393,-8.0139,-4.2224,1.0388,-52.7100,14.2100,-12.1800,-1.8024,0.4859,-0.4165,0
140432,-9.0623,-1.9580,-0.2920,-22.3300,12.5300,-45.4300,-0.7636,0.4285,-1.5535,0
140471,-8.7057,-1.0939,-0.2753,-7.3500,19.8100,-21.2800,-0.2513,0.6774,-0.7277,0
140510,-8.3921,-2.8819,0.7660,13.0200,23.9400,0.9100,0.4452,0.8186,0.0311,0
140549,-8.8924,-2.9442,1.4194,22.2600,25.6900,-8.0500,0.7612,0.8785,-0.2753,0
140588,-8.6722,-3.9734,2.4008,30.9400,21.9800,-5.9500,1.0580,0.7516,-0.2035,0
140627,-8.0618,-3.7580,2.8772,26.6700,23.5200,-23.1700,0.9120,0.8043,-0.7923,0
140666,-7.6668,-2.9466,2.9418,30.3100,22.4700,-30.4500,1.0364,0.7684,-1.0412,0
140705,-8.3921,-3.7484,2.5947,73.3600,24.9900,-48.0200,2.5085,0.8545,-1.6420,0
140744,-8.1647,-3.9663,2.0849,45.4300,14.0000,-48.3000,1.5535,0.4787,-1.6516,0
140783,-9.1916,-4.2152,1.7474,37.5200,10.9900,-59.3600,1.2830,0.3758,-2.0298,0
140822,-10.0557,-4.1601,2.0083,39.3400,19.1100,-82.6700,1.3452,0.6535,-2.8269,0
140861,-9.2466,-4.0093,2.6522,42.9100,28.7000,-82.7400,1.4673,0.9814,-2.8293,0
140900,-8.5309,-4.4570,3.5976,30.3800,27.5100,-60.8300,1.0388,0.9407,-2.0801,0
140939,-7.7530,-4.2559,3.3559,11.1300,20.3000,-34.5100,0.3806,0.6942,-1.1801,0
140978,-5.8979,-5.0314,3.6120,14.8400,1.5400,-18.9700,0.5075,0.0527,-0.6487,0
141017,-8.5908,-8.4232,3.3942,37.4500,3.0800,63.1400,1.2806,0.1053,2.1591,0
141056,-9.2490,-7.0947,1.8670,-3.5000,-2.5200,91.2800,-0.1197,-0.0862,3.1213,0
141095,-8.9953,-6.0032,-0.8330,-2.3100,-31.5700,97.5100,-0.0790,-1.0795,3.3343,0
141134,-5.7208,-3.6359,1.3069,2.8700,-2.9400,104.7900,0.0981,-0.1005,3.5833,0
141173,-9.9192,-6.0032,4.5862,24.8500,3.5000,22.7500,0.8497,0.1197,0.7779,0
141212,-8.5644,-4.7801,5.1056,35.1400,18.9700,-22.4000,1.2016,0.6487,-0.7660,0
141251,-6.7740,-4.4713,4.0572,23.1000,-7.2800,-0.7000,0.7899,-0.2489,-0.0239,0
141290,-6.9583,-4.4833,4.0548,20.3700,-20.3000,-7.2100,0.6965,-0.6942,-0.2465,0
141329,-7.8128,-2.9107,2.6952,-10.5000,-22.3300,0.4900,-0.3590,-0.7636,0.0168,0
141368,-7.9589,-1.8455,2.4966,22.0500,3.7100,-15.4000,0.7540,0.1269,-0.5266,0
141407,-7.6836,-2.7503,3.6359,27.4400,18.6200,-15.8200,0.9383,0.6367,-0.5410,0
141446,-7.5017,-3.4062,4.5096,14.9800,28.4200,-16.6600,0.5122,0.9718,-0.5697,0
141485,-7.0995,-3.1285,4.2726,-9.2400,31.9900,-9.9400,-0.3160,1.0939,-0.3399,0
141524,-7.4442,-3.0160,3.7173,-5.2500,34.7900,1.2600,-0.1795,1.1896,0.0431,0
141563,-9.0144,-3.5761,3.0854,34.5800,20.0900,11.4800,1.1825,0.6870,0.3926,0
141602,-8.3706,-2.4702,5.2947,31.1500,10.0100,18.0600,1.0652,0.3423,0.6176,0
141641,-10.0557,-4.6006,7.1354,43.6100,10.3600,21.4200,1.4912,0.3543,0.7325,0
141680,-13.6940,-7.8152,1.9532,43.1900,-35.5600,54.2500,1.4769,-1.2160,1.8551,0
141719,-7.8847,-3.6288,3.5043,50.5400,6.9300,-43.7500,1.7282,0.2370,-1.4960,0
141758,-7.9445,-4.8615,3.5067,14.5600,24.6400,-21.0700,0.4979,0.8426,-0.7205,0
141797,-8.6506,-7.0014,0.8162,-42.8400,-2.2400,6.6500,-1.4649,-0.0766,0.2274,0
141836,-9.0910,-4.8304,0.6870,-28.7700,-3.5000,-32.6900,-0.9838,-0.1197,-1.1178,0
141875,-9.2730,-2.6091,0.0910,-4.9000,21.9100,-62.9300,-0.1676,0.7492,-2.1519,0
141914,-8.2916,-2.2381,-0.3184,7.6300,44.7300,-44.9400,0.2609,1.5295,-1.5367,0
141953,-8.6195,-2.1040,-0.3973,32.6900,49.9800,-34.7200,1.1178,1.7091,-1.1872,0
141992,-8.3035,-2.2883,0.6463,85.6100,43.4000,-5.8100,2.9274,1.4841,-0.1987,0
142031,-8.9570,-3.9040,2.4654,106.6100,57.1900,-26.9500,3.6455,1.9556,-0.9216,0
142070,-8.8230,-4.8830,3.6335,92.5400,62.0900,-61.8100,3.1644,2.1232,-2.1136,0
142109,-8.1503,-4.0476,3.3391,34.9300,47.9500,-74.0600,1.1944,1.6396,-2.5325,0
142148,-7.1330,-3.5043,3.1189,44.8700,30.2400,-64.9600,1.5343,1.0341,-2.2213,0
142187,-7.2791,-4.6197,3.2458,61.3200,19.3900,-56.4900,2.0968,0.6630,-1.9317,0
142226,-7.8990,-5.4503,3.0256,32.4800,16.2400,-53.8300,1.1106,0.5553,-1.8407,0
142265,-8.8301,-5.9195,2.3936,27.1600,30.0300,-68.8800,0.9287,1.0269,-2.3553,0
142304,-9.7014,-5.5413,2.0178,26.4600,36.4700,-69.8600,0.9048,1.2471,-2.3889,0
142343,-9.8283,-4.0883,1.7474,25.2700,43.9600,-58.7300,0.8641,1.5032,-2.0083,0
142382,-6.4221,-4.7442,3.2913,59.7800,38.7100,-38.0800,2.0442,1.3237,-1.3021,0
142421,-7.8272,-9.3017,3.9232,76.1600,40.4600,64.9600,2.6043,1.3835,2.2213,0
142460,-7.6740,-6.4916,0.1053,40.8100,10.2200,57.9600,1.3955,0.3495,1.9819,0
142499,-4.9572,-5.2732,-1.3931,55.3700,-11.0600,92.8900,1.8934,-0.3782,3.1764,0
142538,-4.2248,-3.6024,-0.0957,24.7800,-12.6000,109.9000,0.8473,-0.4309,3.7580,0
142577,-10.8528,-7.0900,4.4091,22.6800,-14.8400,105.2100,0.7755,-0.5075,3.5976,0
142616,-10.1778,-5.4455,6.0200,30.1700,0.2100,7.0000,1.0317,0.0072,0.2394,0
142655,-7.2791,-4.9692,3.0351,-8.4700,-26.8100,16.3100,-0.2896,-0.9168,0.5577,0
142694,-7.4227,-3.5187,3.4540,33.7400,-14.7000,-14.7700,1.1537,-0.5027,-0.5051,0
142733,-7.3245,-3.5857,3.2123,15.5400,-7.8400,-8.6800,0.5314,-0.2681,-0.2968,0
142772,-7.4107,-3.2338,3.7341,16.8700,6.3000,-7.6300,0.5769,0.2154,-0.2609,0
142811,-7.5735,-3.5187,4.2583,6.8600,14.1400,-10.7100,0.2346,0.4835,-0.3662,0
142850,-7.3198,-3.3415,4.7298,-12.4600,27.3700,-17.6400,-0.4261,0.9359,-0.6032,0
142889,-6.9368,-1.8790,3.5952,-44.5900,31.0100,-7.6300,-1.5247,1.0604,-0.2609,0
142928,-9.0887,-3.3655,1.9149,-5.1100,13.3700,31.2200,-0.1747,0.4572,1.0676,0
142967,-8.9618,-3.1907,3.6407,52.2200,6.9300,34.9300,1.7857,0.2370,1.1944,0
143006,-8.3466,-1.7138,6.9990,43.1200,12.6700,22.0500,1.4745,0.4332,0.7540,0
143045,-15.3049,-7.9373,5.1008,23.2400,-34.9300,87.1500,0.7947,-1.1944,2.9801,0
143084,-9.3424,-5.6203,3.3990,29.8900,-21.4900,-22.6100,1.0221,-0.7348,-0.7731,0
143123,-9.4214,-4.7801,2.5923,3.1500,0.2800,-43.9600,0.1077,0.0096,-1.5032,0
143162,-7.9828,-5.9386,0.7731,-30.5900,-3.7100,-24.4300,-1.0460,-0.1269,-0.8354,0
143201,-9.1054,-4.5886,-0.1149,-42.9100,0.3500,-28.7700,-1.4673,0.0120,-0.9838,0
143240,-9.8020,-2.3889,-0.2082,-25.3400,22.1200,-60.9700,-0.8665,0.7564,-2.0849,0
143279,-8.3155,-2.6474,-0.0431,-23.5200,35.6300,-36.8900,-0.8043,1.2184,-1.2614,0
143318,-8.0498,-2.1519,0.2896,27.3700,34.0200,-20.5100,0.9359,1.1633,-0.7013,0
143357,-8.0115,-3.6695,1.4625,61.8800,32.6200,-12.2500,2.1160,1.1154,-0.4189,0
143396,-7.7674,-4.3277,2.4224,43.2600,38.7800,-28.9100,1.4793,1.3261,-0.9886,0
143435,-8.9857,-5.5317,1.8048,26.3200,39.8300,-44.2400,0.9000,1.3620,-1.5128,0
143474,-9.3520,-5.1200,1.5607,-22.4000,10.5700,-28.7000,-0.7660,0.3614,-0.9814,0
143513,-7.2360,-3.2936,2.9873,15.4700,4.1300,-49.5600,0.5290,0.1412,-1.6947,0
143552,-7.7123,-5.2062,2.3458,46.7600,-1.6100,-52.8500,1.5990,-0.0551,-1.8072,0
143591,-8.7607,-6.8937,1.4003,14.5600,0.6300,-49.7000,0.4979,0.0215,-1.6995,0
143630,-9.9169,-6.3455,0.6846,-44.1700,17.5700,-52.2900,-1.5104,0.6008,-1.7880,0
143669,-9.3065,-2.9609,1.1872,-9.8000,22.6800,-64.3300,-0.3351,0.7755,-2.1998,0
143708,-9.2155,-3.5761,2.1423,41.6500,23.9400,-34.1600,1.4242,0.8186,-1.1681,0
143747,-7.1259,-4.6556,2.3889,59.9900,20.6500,-15.6800,2.0513,0.7061,-0.5362,0
143786,-8.4113,-8.5788,3.7580,61.0400,0.8400,100.3100,2.0873,0.0287,3.4301,0
143825,-9.3424,-5.9985,0.6200,5.7400,-17.9200,87.2900,0.1963,-0.6128,2.9849,0
143864,-5.2421,-4.0213,-0.6271,15.0500,-31.7100,82.5300,0.5146,-1.0843,2.8221,0
143903,-5.8955,-5.1080,0.3351,5.4600,-29.5400,141.3300,0.1867,-1.0101,4.8328,0
143942,-12.6288,-8.1168,3.5378,-56.8400,-52.9200,110.8800,-1.9436,-1.8096,3.7915,0
143981,-8.3897,-5.0554,3.9974,-11.2700,-4.7600,-5.6000,-0.3854,-0.1628,-0.1915,0
144020,-8.0929,-4.7753,3.9232,-52.0100,-28.9800,16.8700,-1.7785,-0.9910,0.5769,0
144059,-7.2336,-3.0064,4.6748,-5.1800,-20.9300,-20.3700,-0.1771,-0.7157,-0.6965,0
144098,-7.1474,-3.2338,3.0303,-35.0700,-42.0700,12.2500,-1.1992,-1.4386,0.4189,0
144137,-7.7793,-2.7168,2.6330,-50.5400,-34.2300,9.8700,-1.7282,-1.1705,0.3375,0
144176,-8.0378,-2.7144,2.6091,-44.8700,-7.9800,0.2800,-1.5343,-0.2729,0.0096,0
144215,-7.5352,-2.5373,2.7264,-52.1500,17.8500,9.5900,-1.7833,0.6104,0.3279,0
144254,-8.1456,-2.8413,2.9394,-47.3900,22.4700,20.7200,-1.6205,0.7684,0.7085,0
144293,-9.7708,-3.7676,1.9748,-19.0400,6.3700,31.8500,-0.6511,0.2178,1.0891,0
144332,-8.8206,-3.0351,3.0878,1.8200,-1.9600,21.8400,0.0622,-0.0670,0.7468,0
144371,-8.9091,-2.7790,5.3402,-14.0000,-4.0600,17.7800,-0.4787,-0.1388,0.6080,0
144410,-9.1581,-2.8891,6.0392,7.2100,2.6600,13.3700,0.2465,0.0910,0.4572,0
144449,-10.7355,-5.3546,5.3211,-24.4300,-14.7000,34.1600,-0.8354,-0.5027,1.1681,0
144488,-14.4624,-5.4623,-0.1795,-51.7300,-45.5000,43.6800,-1.7689,-1.5559,1.4936,0
144527,-9.4573,-2.6952,2.3649,24.1500,-5.4600,-40.8100,0.8258,-0.1867,-1.3955,0
144566,-7.6525,-5.8189,1.7593,23.3800,16.7300,-42.4200,0.7995,0.5721,-1.4505,0
144605,-7.5831,-7.4945,-0.4596,-90.6500,-25.2000,43.1900,-3.0998,-0.8617,1.4769,0
144644,-7.7482,-4.5359,0.6463,-43.6800,-6.3700,-33.8100,-1.4936,-0.2178,-1.1561,0
144683,-9.3735,-2.2093,-0.4285,-32.4100,22.4000,-54.3900,-1.1083,0.7660,-1.8599,0
144722,-8.3706,-2.0633,-0.3902,-4.1300,32.2000,-33.2500,-0.1412,1.1011,-1.1370,0
144761,-8.2006,-2.6545,0.4859,42.5600,34.0200,-12.8100,1.4553,1.1633,-0.4380,0
144800,-8.4328,-3.6551,0.6223,81.7600,38.5000,-11.1300,2.7958,1.3165,-0.3806,0
144839,-8.7607,-4.0213,0.6247,62.9300,39.4100,-15.6100,2.1519,1.3476,-0.5338,0
144878,-8.7488,-4.2750,1.7952,62.9300,53.2000,-51.8000,2.1519,1.8192,-1.7713,0
144917,-8.9857,-4.6652,2.4559,29.0500,47.3200,-80.5000,0.9934,1.6181,-2.7527,0
144956,-8.1719,-4.5599,2.7599,33.6000,37.2400,-78.0500,1.1489,1.2734,-2.6689,0
144995,-6.7836,-4.9141,2.3529,48.9300,30.9400,-66.0100,1.6732,1.0580,-2.2572,0
145034,-7.6788,-5.7136,2.0561,59.8500,36.8900,-65.7300,2.0466,1.2614,-2.2476,0
145073,-9.3879,-5.5556,0.8689,38.2200,36.9600,-66.7800,1.3069,1.2638,-2.2835,0
145112,-9.2395,-3.9782,0.7923,71.6100,44.9400,-44.8700,2.4487,1.5367,-1.5343,0
145151,-6.3838,-5.5054,3.2625,111.9300,52.0800,-25.2000,3.8274,1.7809,-0.8617,0
145190,-9.3687,-10.5177,3.9902,94.0100,40.6700,98.7700,3.2147,1.3907,3.3774,0
145229,-8.9881,-6.6735,1.2734,12.7400,15.8200,80.5700,0.4356,0.5410,2.7551,0
145268,-5.3282,-4.1075,0.2226,37.4500,-6.5800,41.9300,1.2806,-0.2250,1.4338,0
145307,-4.0907,-3.4732,-0.5984,25.1300,-9.1000,86.0300,0.8593,-0.3112,2.9418,0
145346,-8.3131,-6.0463,1.6109,67.4800,-3.9200,87.1500,2.3075,-0.1340,2.9801,0
145385,-11.4895,-5.9243,4.9117,67.6200,12.1100,25.2000,2.3123,0.4141,0.8617,0
145424,-8.0737,-4.6532,4.1051,8.1900,-9.5200,-2.1000,0.2801,-0.3255,-0.0718,0
145463,-7.0636,-4.5048,3.7556,22.3300,-14.8400,-2.0300,0.7636,-0.5075,-0.0694,0
145502,-6.9296,-4.5814,3.9471,34.3000,-2.2400,-8.6100,1.1729,-0.0766,-0.2944,0
145541,-8.0235,-4.7801,3.4612,9.7300,6.7200,-11.9700,0.3327,0.2298,-0.4093,0
145580,-7.9804,-3.5115,3.2649,-2.8700,17.4300,-25.4800,-0.0981,0.5960,-0.8713,0
145619,-7.0756,-2.9849,3.1476,-4.9000,30.1700,-28.4900,-0.1676,1.0317,-0.9742,0
145658,-7.4873,-3.2673,3.0112,-5.1100,34.4400,-12.7400,-0.1747,1.1777,-0.4356,0
145697,-8.4160,-3.8777,2.6498,-2.8000,30.0300,9.1700,-0.0957,1.0269,0.3136,0
145736,-8.0833,-3.6910,2.7359,19.6700,23.5200,11.6200,0.6726,0.8043,0.3973,0
145775,-7.6214,-2.6617,3.9088,18.9000,9.1000,28.4200,0.6463,0.3112,0.9718,0
145814,-8.8517,-3.5187,5.3043,33.5300,3.7100,21.3500,1.1466,0.1269,0.7301,0
145853,-9.4836,-4.5790,5.4743,37.5200,3.5000,19.5300,1.2830,0.1197,0.6678,0
145892,-8.4831,-4.0453,5.1774,13.3700,14.0000,9.5900,0.4572,0.4787,0.3279,0
145931,-10.6780,-4.8591,4.4570,-29.1900,-3.9900,11.1300,-0.9981,-0.1364,0.3806,0
145970,-11.2118,-4.4761,0.4644,-18.5500,-9.0300,-10.9200,-0.6343,-0.3088,-0.3734,0
146009,-8.3753,-3.8968,3.3559,26.8800,21.8400,-19.7400,0.9192,0.7468,-0.6750,0
146048,-9.5028,-6.5658,0.6942,-0.4900,-4.1300,14.9100,-0.0168,-0.1412,0.5098,0
146087,-8.3370,-5.2612,-0.3806,-2.2400,16.3800,-30.8000,-0.0766,0.5601,-1.0532,0
146126,-8.6793,-4.7825,0.0048,2.7300,25.1300,-39.5500,0.0934,0.8593,-1.3524,0
146165,-7.8823,-3.1189,0.7827,3.7800,39.4100,-68.1100,0.1293,1.3476,-2.3290,0
146204,-8.0307,-2.1016,-0.0191,3.2200,35.0700,-34.7900,0.1101,1.1992,-1.1896,0
146243,-9.2562,-3.0327,-0.4452,61.7400,38.3600,-2.2400,2.1112,1.3117,-0.0766,0
146282,-9.5961,-3.4923,0.1532,95.4800,52.6400,-22.7500,3.2649,1.8000,-0.7779,0
146321,-9.0432,-3.4540,1.1489,61.6000,53.9700,-25.1300,2.1064,1.8455,-0.8593,0
146360,-8.8900,-3.7149,2.0657,69.1600,58.0300,-31.8500,2.3649,1.9843,-1.0891,0
146399,-8.7200,-4.4234,1.9580,80.5000,59.5000,-51.8000,2.7527,2.0346,-1.7713,0
146438,-8.5333,-4.3780,1.2782,47.1100,56.7700,-73.6400,1.6109,1.9412,-2.5181,0
146477,-7.4969,-3.8202,2.0944,70.2800,59.8500,-73.1500,2.4032,2.0466,-2.5014,0
146516,-7.1737,-4.3564,3.1117,86.5900,59.9200,-65.1000,2.9609,2.0490,-2.2261,0
146555,-7.9995,-5.8453,1.9436,45.5700,28.0700,-11.2000,1.5583,0.9598,-0.3830,0
146594,-9.6536,-6.1158,1.0460,13.6500,31.2900,-26.5300,0.4668,1.0700,-0.9072,0
146633,-9.3759,-4.2415,1.5630,44.3800,47.5300,-49.9800,1.5176,1.6253,-1.7091,0
146672,-7.3868,-4.6221,2.9178,86.8700,41.9300,-36.8900,2.9705,1.4338,-1.2614,0
146711,-7.5759,-7.3987,2.9107,100.2400,30.9400,60.6900,3.4277,1.0580,2.0753,0
146750,-10.8169,-8.0450,2.3936,85.7500,26.0400,90.3700,2.9322,0.8904,3.0902,0
146789,-7.3437,-4.5575,-0.1101,56.4200,-4.9000,33.5300,1.9293,-0.1676,1.1466,0
146828,-3.9256,-4.6939,1.0580,-24.1500,-48.1600,112.4200,-0.8258,-1.6468,3.8442,0
146867,-6.3384,-6.4437,0.8545,29.8200,-5.6700,82.2500,1.0197,-0.1939,2.8125,0
146906,-11.7288,-6.3910,4.5168,-43.4700,-22.8200,36.8900,-1.4865,-0.7803,1.2614,0
146945,-7.5232,-5.5341,4.0237,-58.5200,-32.1300,24.4300,-2.0011,-1.0987,0.8354,0
146984,-7.3174,-5.0961,3.8585,-97.3700,-44.7300,21.4200,-3.3296,-1.5295,0.7325,0
147023,-7.0924,-4.0859,3.7508,-53.6900,-9.1000,-5.7400,-1.8359,-0.3112,-0.1963,0
147062,-7.4658,-2.9083,3.5785,-63.7700,-13.1600,6.1600,-2.1806,-0.4500,0.2106,0
147101,-7.8344,-3.2697,4.0764,-79.7300,-13.7900,12.3200,-2.7264,-0.4715,0.4213,0
147140,-8.1480,-3.2984,3.1548,-114.1700,-22.1200,21.0000,-3.9040,-0.7564,0.7181,0
147179,-7.2982,-2.8915,3.2482,-113.5400,-26.1100,24.7100,-3.8825,-0.8928,0.8450,0
147218,-8.7009,-4.8280,1.8742,-122.0800,-54.7400,58.2400,-4.1745,-1.8718,1.9915,0
147257,-9.1222,-4.3492,1.7019,-95.4800,-41.3700,29.8900,-3.2649,-1.4146,1.0221,0
147296,-11.4440,-3.9112,1.5391,-91.2800,-40.6000,30.7300,-3.1213,-1.3883,1.0508,0
147335,-12.7054,-5.5748,-2.4152,-198.2400,-48.3700,14.6300,-6.7788,-1.6540,0.5003,0
147374,-8.9762,-3.0423,0.6511,-91.9100,16.1700,-51.3800,-3.1428,0.5529,-1.7569,0
147413,-9.0647,-2.7623,0.6965,-124.6700,-4.9700,-9.4500,-4.2631,-0.1699,-0.3231,0
147452,-7.9636,-2.0585,1.2232,-104.9300,3.2900,-21.7000,-3.5881,0.1125,-0.7420,0
147491,-6.9775,-0.4285,0.6223,-132.0900,-30.1700,-19.1100,-4.5168,-1.0317,-0.6535,0
147530,-8.5381,-1.9508,0.4572,-116.4100,-56.9100,3.3600,-3.9806,-1.9460,0.1149,0
147569,-10.2256,-2.5851,0.6223,-108.8500,-56.8400,3.9900,-3.7221,-1.9436,0.1364,0
147608,-9.9743,-1.8694,0.6894,-90.0200,-53.4100,-10.8500,-3.0782,-1.8263,-0.3710,0
147647,-9.7278,-2.5181,0.3184,-80.9900,-57.4700,-3.2900,-2.7694,-1.9652,-0.1125,0
147686,-9.5004,-2.6210,-0.0742,-90.7900,-57.1200,-0.6300,-3.1046,-1.9532,-0.0215,0
147725,-9.6512,-2.4008,-0.1269,-77.8400,-46.8300,-17.7800,-2.6617,-1.6013,-0.6080,0
147764,-9.2466,-2.7982,0.2729,-55.3000,-43.8200,-45.6400,-1.8910,-1.4984,-1.5607,0
147803,-9.6536,-2.7790,-0.2729,-70.6300,-56.1400,-25.7600,-2.4152,-1.9197,-0.8809,0
147842,-10.3333,-3.4732,-0.8976,-64.6800,-55.3700,-20.9300,-2.2117,-1.8934,-0.7157,0
147881,-9.7301,-3.4660,-0.8114,-93.4500,-61.7400,-8.6800,-3.1955,-2.1112,-0.2968,0
147920,-9.4285,-2.2716,-0.7468,-64.6100,-43.8200,-31.7800,-2.2093,-1.4984,-1.0867,0
147959,-8.1886,-2.0609,-0.0263,-39.4100,-42.6300,7.2800,-1.3476,-1.4577,0.2489,0
147998,-10.7235,-3.5115,-0.4907,-38.0100,-56.6300,82.2500,-1.2997,-1.9365,2.8125,0
148037,-10.2472,-5.1583,0.7444,-5.7400,-42.8400,49.9100,-0.1963,-1.4649,1.7067,0
148076,-9.0695,-6.9511,1.7904,-58.3800,-56.9100,58.0300,-1.9963,-1.9460,1.9843,0
148115,-6.8386,-6.4461,3.0447,-50.9600,-55.6500,60.4800,-1.7426,-1.9029,2.0681,0
148154,-7.1618,-6.1325,3.8370,-48.5100,-49.7000,26.3200,-1.6588,-1.6995,0.9000,0
148193,-8.8421,-6.9463,1.5128,-70.7000,-66.4300,-4.6900,-2.4176,-2.2716,-0.1604,0
148232,-8.5836,-4.2415,2.7240,-135.8000,-59.8500,0.8400,-4.6437,-2.0466,0.0287,0
148271,-9.3376,-3.5905,3.5234,-136.9200,-54.1800,20.9300,-4.6820,-1.8527,0.7157,0
148310,-7.7578,-3.0016,1.7521,-89.8100,-45.7100,23.5900,-3.0710,-1.5630,0.8067,0
148349,-7.0684,-3.2290,2.7790,-64.1900,-56.4900,46.4800,-2.1950,-1.9317,1.5894,0
148388,-7.9828,-3.9208,3.5402,-23.5900,-22.0500,8.4000,-0.8067,-0.7540,0.2872,0
148427,-8.0115,-3.4468,3.0639,-60.9700,-23.1000,13.4400,-2.0849,-0.7899,0.4596,0
148466,-7.6668,-3.0543,3.3774,-32.6200,-5.9500,-0.5600,-1.1154,-0.2035,-0.0191,0
148505,-8.1097,-3.0686,2.4008,-65.2400,-15.5400,20.0900,-2.2309,-0.5314,0.6870,0
148544,-8.6267,-3.1452,2.0083,-65.3100,-21.0700,38.2200,-2.2333,-0.7205,1.3069,0
148583,-8.7799,-2.8508,2.5181,-8.5400,-19.1100,31.0800,-0.2920,-0.6535,1.0628,0
148622,-8.8277,-2.9155,3.6288,4.4800,-15.4000,28.7700,0.1532,-0.5266,0.9838,0
148661,-11.3459,-5.3187,4.6102,-16.7300,-7.0000,44.5900,-0.5721,-0.2394,1.5247,0
148700,-12.7437,-6.1110,-0.5434,10.3600,-40.8100,37.9400,0.3543,-1.3955,1.2974,0
148739,-10.4865,-6.5634,0.7851,31.8500,2.4500,-24.2900,1.0891,0.0838,-0.8306,0
148778,-8.5261,-6.3025,0.9431,15.8900,20.1600,-32.6200,0.5434,0.6894,-1.1154,0
148817,-8.4926,-5.4455,-1.7498,-101.7100,-11.2700,-9.1700,-3.4780,-0.3854,-0.3136,0
148856,-8.1288,-2.6641,0.0551,-47.8100,17.1500,-49.6300,-1.6349,0.5864,-1.6971,0
148895,-8.6003,-1.9987,-0.8952,18.0600,39.3400,-48.5800,0.6176,1.3452,-1.6612,0
148934,-8.3203,-1.7115,-0.5960,22.4000,31.3600,-14.0000,0.7660,1.0724,-0.4787,0
148973,-8.4663,-2.6522,-0.0862,49.4200,29.8900,12.6000,1.6899,1.0221,0.4309,0
149012,-9.0384,-3.8226,0.3040,59.4300,26.6000,15.0500,2.0322,0.9096,0.5146,0
149051,-9.3400,-4.3564,0.8210,56.5600,37.5200,-10.5700,1.9341,1.2830,-0.3614,0
149090,-8.5142,-4.0357,2.5157,27.3700,41.9300,-46.2700,0.9359,1.4338,-1.5822,0
149129,-8.1192,-3.8035,2.5037,32.4100,42.9800,-76.5800,1.1083,1.4697,-2.6186,0
149168,-8.3323,-5.1607,1.1394,35.4200,52.0800,-93.4500,1.2112,1.7809,-3.1955,0
149207,-8.6458,-6.0392,-0.4907,3.6400,49.0000,-91.9100,0.1245,1.6755,-3.1428,0
149246,-7.8009,-4.5814,-1.5654,-4.4100,34.0900,-65.2400,-0.1508,1.1657,-2.2309,0
149285,-8.4424,-3.1333,2.1950,79.1700,67.1300,-46.6200,2.7072,2.2955,-1.5942,0
149324,-10.2376,-4.8328,1.7019,40.0400,48.7900,-11.9000,1.3692,1.6684,-0.4069,0
149363,-9.9312,-5.2971,-0.1149,25.0600,29.4000,-9.9400,0.8569,1.0053,-0.3399,0
149402,-6.9870,-6.3982,2.7862,113.8900,55.0900,0.6300,3.8945,1.8838,0.0215,0
149441,-9.0958,-8.6578,1.5870,52.6400,-8.5400,124.2500,1.8000,-0.2920,4.2487,0
149480,-8.0331,-5.6131,-0.1843,30.9400,-11.8300,89.4600,1.0580,-0.4045,3.0591,0
149519,-5.1224,-4.0955,-0.6750,-78.0500,-75.9500,152.3200,-2.6689,-2.5971,5.2086,0
149558,-9.7684,-7.0445,-0.8904,6.9300,-33.6000,115.9200,0.2370,-1.1489,3.9639,0
149597,-11.9275,-5.6370,3.6383,0.6300,-10.4300,25.8300,0.0215,-0.3567,0.8833,0
149636,-7.9301,-5.0314,2.8149,-43.6100,-17.5000,18.4100,-1.4912,-0.5984,0.6295,0
149675,-7.4251,-4.3253,3.4133,-45.9200,-35.0000,16.9400,-1.5702,-1.1968,0.5793,0
149714,-7.5328,-3.7508,2.9107,0.1400,-14.2800,-10.5000,0.0048,-0.4883,-0.3590,0
149753,-8.2413,-3.4492,1.8287,-21.7000,-19.3900,-1.9600,-0.7420,-0.6630,-0.0670,0
149792,-8.6865,-2.8484,1.5176,-38.7100,-8.5400,-3.3600,-1.3237,-0.2920,-0.1149,0
149831,-8.1743,-2.8341,1.3285,-41.3000,10.7800,-3.6400,-1.4122,0.3686,-0.1245,0
149870,-7.7913,-2.3314,2.0442,-25.8300,28.9100,-7.2800,-0.8833,0.9886,-0.2489,0
149909,-8.3131,-2.1184,1.7043,-54.5300,13.3000,6.4400,-1.8646,0.4548,0.2202,0
149948,-9.5650,-3.0710,1.0053,-45.5000,-7.9800,28.4200,-1.5559,-0.2729,0.9718,0
149987,-9.1964,-2.9418,2.2333,-64.1900,-30.1700,40.5300,-2.1950,-1.0317,1.3859,0
150026,-9.8259,-3.3990,3.9160,-41.6500,-22.6100,30.7300,-1.4242,-0.7731,1.0508,0
150065,-10.3788,-3.7125,4.3804,-20.3700,-9.0300,24.3600,-0.6965,-0.3088,0.8330,0
150104,-11.2070,-5.3019,3.3080,-33.3200,-8.4700,11.2000,-1.1394,-0.2896,0.3830,0
150143,-13.5648,-3.5498,-1.6181,-137.6200,-73.8500,41.7900,-4.7059,-2.5253,1.4290,0
150182,-10.0653,-1.8742,0.2848,31.6400,6.7900,-62.4400,1.0819,0.2322,-2.1351,0
150221,-8.7009,-4.0764,-0.2202,45.6400,8.4000,-56.2100,1.5607,0.2872,-1.9221,0
150260,-8.4376,-6.2450,-2.6569,-82.2500,-34.8600,20.4400,-2.8125,-1.1920,0.6989,0
150299,-9.0097,-5.9099,-1.4027,-47.1800,-11.1300,-9.1700,-1.6133,-0.3806,-0.3136,0
150338,-8.3251,-3.8801,-0.9981,11.1300,61.7400,-78.6100,0.3806,2.1112,-2.6881,0
150377,-8.1001,-2.0944,-0.5840,-82.6000,-2.8700,-55.4400,-2.8245,-0.0981,-1.8958,0
150416,-8.8349,-1.9029,-2.4200,-9.5200,15.4000,-3.9900,-0.3255,0.5266,-0.1364,0
150455,-8.9953,-3.0423,-0.7013,35.2800,28.0700,5.7400,1.2064,0.9598,0.1963,0
150494,-9.2969,-4.2320,-0.1029,-2.7300,6.1600,18.3400,-0.0934,0.2106,0.6271,0
150533,-9.2323,-4.4857,0.4500,-5.6700,14.9800,-0.7700,-0.1939,0.5122,-0.0263,0
150572,-8.3730,-3.4827,0.5218,32.2000,43.8200,-45.0800,1.1011,1.4984,-1.5415,0
150611,-8.0498,-3.7221,0.9144,17.9200,29.1900,-41.5800,0.6128,0.9981,-1.4218,0
150650,-8.2030,-4.2631,1.8024,1.4000,14.5600,-22.8200,0.0479,0.4979,-0.7803,0
150689,-7.5495,-4.2176,1.1418,13.5100,-5.4600,-29.8900,0.4620,-0.1867,-1.0221,0
150728,-7.0995,-4.5359,-0.3327,-3.5700,-19.9500,-30.2400,-0.1221,-0.6822,-1.0341,0
150767,-7.1402,-5.3091,-0.9598,36.2600,-5.3200,13.3700,1.2399,-0.1819,0.4572,0
150806,-10.8552,-5.9673,-2.3769,-102.3400,-67.8300,136.5700,-3.4995,-2.3194,4.6700,0
150845,-10.8360,-3.4780,-3.5976,-36.1900,-42.0700,62.3700,-1.2375,-1.4386,2.1327,0
150884,-9.6081,-5.8046,-0.3040,-99.6800,-78.3300,100.2400,-3.4085,-2.6785,3.4277,0
150923,-11.0993,-6.8243,0.3327,-14.9100,-21.6300,19.4600,-0.5098,-0.7396,0.6654,0
150962,-9.2490,-3.5354,0.9790,-20.3000,9.1700,-27.6500,-0.6942,0.3136,-0.9455,0
151001,-8.9809,-4.1625,1.3333,-16.5200,6.9300,-27.9300,-0.5649,0.2370,-0.9551,0
151040,-7.7889,-4.6221,1.8168,-43.4700,12.7400,-27.3700,-1.4865,0.4356,-0.9359,0
151079,-7.4275,-4.1266,1.3524,-47.2500,10.9900,-19.3200,-1.6157,0.3758,-0.6606,0
151118,-7.0684,-3.9758,0.8545,-47.0400,11.2000,-16.2400,-1.6085,0.3830,-0.5553,0
151157,-7.0780,-4.8974,-0.1676,-84.7000,6.7200,-7.4900,-2.8963,0.2298,-0.2561,0
151196,-14.2158,-4.5048,-2.4152,-95.8300,-6.3000,11.7600,-3.2769,-0.2154,0.4021,0
151235,-8.9522,0.7492,-2.8245,0.4900,4.9700,-15.5400,0.0168,0.1699,-0.5314,0
151274,-8.4472,-1.9293,-1.5176,17.4300,22.8900,-3.2900,0.5960,0.7827,-0.1125,0
151313,-9.0168,-4.8735,0.0191,25.4800,35.0700,-13.4400,0.8713,1.1992,-0.4596,0
151352,-7.3533,-3.7245,0.8473,2.5900,11.6900,2.5200,0.0886,0.3997,0.0862,0
151391,-9.8426,-3.6934,-0.8689,-23.5200,-8.8200,16.3100,-0.8043,-0.3016,0.5577,0
151430,-9.4357,-3.9232,-1.4721,-40.0400,-7.2800,14.7000,-1.3692,-0.2489,0.5027,0
151469,-9.1246,-2.5540,-1.3500,-16.8000,11.9000,-3.7100,-0.5745,0.4069,-0.1269,0
151508,-9.0432,-2.4415,-1.0173,-20.4400,6.9300,1.6800,-0.6989,0.2370,0.0574,0
151547,-9.3831,-3.5067,-0.5984,-17.6400,14.2100,-2.5900,-0.6032,0.4859,-0.0886,0
151586,-9.6488,-3.7054,-1.0556,-15.4000,7.0700,-1.3300,-0.5266,0.2418,-0.0455,0
151625,-8.8732,-2.8652,-1.2136,-12.2500,5.6700,0.3500,-0.4189,0.1939,0.0120,0
151664,-9.1892,-3.5019,-1.5247,-19.1800,12.3200,-10.3600,-0.6559,0.4213,-0.3543,0
151703,-8.9618,-2.7527,-1.4745,-35.2100,12.6700,-6.0200,-1.2040,0.4332,-0.2059,0
151742,-9.6703,-3.5929,-2.2955,-26.8100,8.7500,-4.2000,-0.9168,0.2992,-0.1436,0
151781,-9.1605,-3.0830,-1.6372,-25.6200,18.9000,-15.9600,-0.8761,0.6463,-0.5457,0
151820,-8.7535,-4.0333,-1.9077,-44.4500,16.3800,-0.9100,-1.5200,0.5601,-0.0311,0
151859,-7.8847,-3.8011,-1.7498,-60.7600,7.9100,5.6700,-2.0777,0.2705,0.1939,0
151898,-9.0192,-2.6402,-2.6306,-106.6800,-26.5300,-37.7300,-3.6479,-0.9072,-1.2902,0
151937,-9.6703,-4.2679,-2.2213,-100.5200,-24.0100,-33.1800,-3.4373,-0.8210,-1.1346,0
151976,-9.0647,-2.9155,-3.0830,-59.1500,1.3300,-20.2300,-2.0226,0.0455,-0.6918,0
152015,-9.1317,-3.2625,-2.8987,-45.7800,24.0100,-7.4900,-1.5654,0.8210,-0.2561,0
152054,-8.0522,-3.1859,-3.2314,-36.4000,25.3400,-3.5700,-1.2447,0.8665,-0.1221,0
152093,-7.9038,-3.0710,-3.2817,-33.2500,21.0700,-11.6200,-1.1370,0.7205,-0.3973,0
152132,-8.3083,-3.3846,-3.3415,-31.2200,14.2800,-14.4900,-1.0676,0.4883,-0.4955,0
152171,-8.1049,-3.3463,-3.4684,-35.1400,18.5500,-11.8300,-1.2016,0.6343,-0.4045,0
152210,-8.6554,-3.7652,-4.2583,-26.5300,18.9000,-8.9600,-0.9072,0.6463,-0.3064,0
152249,-7.8894,-3.1644,-4.2008,-14.1400,21.4200,-11.9000,-0.4835,0.7325,-0.4069,0
152288,-7.7650,-2.9873,-4.3445,-13.3700,16.3100,-13.0200,-0.4572,0.5577,-0.4452,0
152327,-7.7626,-2.9538,-4.6389,-18.8300,10.8500,-7.4200,-0.6439,0.3710,-0.2537,0
152366,-8.1264,-3.0543,-4.7250,-12.2500,9.5900,-0.9800,-0.4189,0.3279,-0.0335,0
152405,-8.0785,-3.0064,-4.8399,-3.2200,11.7600,-2.9400,-0.1101,0.4021,-0.1005,0
152444,-8.1886,-3.0567,-4.8184,0.2800,10.2900,-3.9900,0.0096,0.3519,-0.1364,0
152483,-8.0115,-3.5306,-4.7729,-2.5900,10.5000,-3.7800,-0.0886,0.3590,-0.1293,0
152522,-7.8033,-3.9375,-4.8519,-3.2200,8.4000,-0.9100,-0.1101,0.2872,-0.0311,0
152561,-7.5950,-3.5043,-4.8735,-5.1800,7.5600,-1.2600,-0.1771,0.2585,-0.0431,0
152600,-7.4706,-2.9825,-5.0123,-5.1800,2.6600,-3.1500,-0.1771,0.0910,-0.1077,0
152639,-7.8320,-3.4205,-5.1320,-11.9700,0.6300,-2.9400,-0.4093,0.0215,-0.1005,0
152678,-7.8607,-3.1213,-5.1320,-0.5600,1.1900,-2.2400,-0.0191,0.0407,-0.0766,0
152717,-7.5591,-3.2482,-5.1056,1.8900,0.9800,-3.0100,0.0646,0.0335,-0.1029,0
152756,-7.8128,-3.5019,-5.0219,0.3500,-0.0700,-2.1700,0.0120,-0.0024,-0.0742,0
152795,-7.7291,-3.2984,-4.9931,1.4700,-1.4700,-2.1700,0.0503,-0.0503,-0.0742,0
152834,-7.7003,-3.3367,-5.0314,0.6300,-3.9900,-2.9400,0.0215,-0.1364,-0.1005,0
152873,-7.5567,-3.4301,-5.0195,1.1200,-5.1800,-2.6600,0.0383,-0.1771,-0.0910,0
152912,-7.6932,-3.3535,-5.0123,0.7700,-4.8300,-2.7300,0.0263,-0.1652,-0.0934,0
152951,-7.7410,-3.2314,-5.0123,-0.2800,-6.7200,-1.6800,-0.0096,-0.2298,-0.0574,0
152990,-7.7650,-3.5881,-4.9357,2.9400,-9.6600,-1.0500,0.1005,-0.3303,-0.0359,0
153029,-7.6788,-3.4492,-4.8758,3.7800,-10.0800,-0.9800,0.1293,-0.3447,-0.0335,0
153068,-7.7386,-3.2338,-4.3038,10.7800,-14.7000,-1.4700,0.3686,-0.5027,-0.0503,0
153107,-7.9086,-3.4397,-4.7729,18.6200,-16.2400,-0.4200,0.6367,-0.5553,-0.0144,0
153146,-8.0163,-3.5474,-4.5072,25.0600,-18.6200,3.0800,0.8569,-0.6367,0.1053,0
153185,-8.2054,-3.5450,-4.1147,35.8400,-19.7400,1.7500,1.2255,-0.6750,0.0598,0
153224,-7.9756,-3.5689,-3.8729,41.2300,-20.5100,-0.2800,1.4099,-0.7013,-0.0096,0
153263,-7.9086,-3.7197,-3.4780,45.8500,-22.6100,-1.7500,1.5678,-0.7731,-0.0598,0
153302,-8.2126,-4.0237,-2.8843,46.9000,-22.8900,-1.6800,1.6037,-0.7827,-0.0574,0
153341,-8.5860,-4.5575,-2.7838,49.7000,-19.4600,-1.6800,1.6995,-0.6654,-0.0574,0
153380,-8.6051,-4.4426,-2.2572,55.3700,-15.3300,-4.2000,1.8934,-0.5242,-0.1436,0
153419,-8.4591,-4.5790,-1.9963,82.0400,-4.8300,-5.8800,2.8053,-0.1652,-0.2011,0
153458,-8.5118,-4.5407,-1.8168,60.9000,-10.9200,-1.5400,2.0825,-0.3734,-0.0527,0
153497,-8.4184,-4.5024,-1.5630,44.9400,-14.7700,-1.4700,1.5367,-0.5051,-0.0503,0
153536,-8.5238,-4.4570,-1.3739,47.1800,-13.2300,-0.6300,1.6133,-0.4524,-0.0215,0
153575,-8.9881,-4.6293,-1.4841,35.1400,-15.9600,1.2600,1.2016,-0.5457,0.0431,0
153614,-8.6817,-4.5790,-0.9503,23.6600,-17.0800,5.8800,0.8091,-0.5840,0.2011,0
153653,-8.8110,-4.7801,-0.8928,18.7600,-18.0600,7.9100,0.6415,-0.6176,0.2705,0
153692,-9.1222,-4.7801,-1.0005,19.0400,-15.4700,8.1900,0.6511,-0.5290,0.2801,0
153731,-8.6147,-4.3492,-0.1508,33.0400,-3.4300,-0.7700,1.1298,-0.1173,-0.0263,0
153770,-8.6554,-4.7227,-0.8473,-11.0600,-25.9700,17.5000,-0.3782,-0.8880,0.5984,0
153809,-8.6698,-4.4426,-0.0622,28.2100,-4.9700,-0.4200,0.9646,-0.1699,-0.0144,0
153848,-8.6793,-4.5910,-0.3327,11.4100,-16.2400,3.5700,0.3902,-0.5553,0.1221,0
153887,-8.8230,-4.8208,-0.0120,21.9100,-9.5200,-0.9800,0.7492,-0.3255,-0.0335,0
153926,-8.6961,-4.7203,-0.0766,19.6700,-6.4400,-2.2400,0.6726,-0.2202,-0.0766,0
153965,-8.3993,-4.6269,-0.0359,24.2900,-8.8900,-7.0000,0.8306,-0.3040,-0.2394,0
154004,-8.5022,-4.8136,0.0335,15.7500,-11.3400,-1.4700,0.5386,-0.3878,-0.0503,0
154043,-8.4735,-4.5240,-0.0431,19.3900,-5.4600,-6.3000,0.6630,-0.1867,-0.2154,0
154082,-8.5429,-4.9189,0.1245,29.2600,-2.8000,-11.5500,1.0005,-0.0957,-0.3950,0
154121,-8.0594,-4.7274,-0.0168,-1.6800,-8.0500,-0.2800,-0.0574,-0.2753,-0.0096,0
154160,-8.1599,-4.9596,0.9311,28.3500,6.3000,4.4800,0.9694,0.2154,0.1532,0
154199,-8.5094,-4.8854,-0.0718,-21.1400,-18.2700,13.9300,-0.7229,-0.6247,0.4763,0
154238,-8.5429,-5.2325,0.2346,-12.3900,-17.7100,9.2400,-0.4237,-0.6056,0.3160,0
154277,-8.5573,-5.1320,0.0000,-4.0600,-13.9300,-2.9400,-0.1388,-0.4763,-0.1005,0
154316,-8.2844,-5.0314,-0.1891,-10.7100,-13.0900,-3.8500,-0.3662,-0.4476,-0.1317,0
154355,-8.2796,-5.0530,-0.2681,-7.8400,-14.0700,-4.5500,-0.2681,-0.4811,-0.1556,0
154394,-8.5573,-4.9740,-0.0144,-17.7800,-12.3900,6.3700,-0.6080,-0.4237,0.2178,0
154433,-8.4759,-4.9117,-0.1963,-10.5000,-11.9000,-0.9800,-0.3590,-0.4069,-0.0335,0
154472,-8.7296,-5.2708,0.0598,-6.4400,-14.4900,0.3500,-0.2202,-0.4955,0.0120,0
154511,-8.7607,-5.6322,0.0048,-13.5800,-12.5300,6.8600,-0.4644,-0.4285,0.2346,0
154550,-8.4783,-4.9860,0.0359,-28.5600,-7.0700,-2.8000,-0.9766,-0.2418,-0.0957,0
154589,-8.7823,-4.5575,0.0431,-52.7100,-7.3500,6.2300,-1.8024,-0.2513,0.2130,0
154628,-8.6123,-4.5264,0.2442,-43.6100,-12.5300,15.3300,-1.4912,-0.4285,0.5242,0
154667,-9.6966,-4.2559,0.5218,-53.6900,-7.7000,19.8800,-1.8359,-0.2633,0.6798,0
154706,-9.6248,-3.7125,0.4117,-74.6200,-10.4300,19.6000,-2.5516,-0.3567,0.6702,0
154745,-9.0073,-3.6886,0.1221,-74.2000,-14.0000,4.7600,-2.5373,-0.4787,0.1628,0
154784,-8.5836,-3.7628,-0.2418,-78.4700,-25.7600,2.8000,-2.6833,-0.8809,0.0957,0
154823,-8.8445,-3.0663,0.2992,-70.4900,-26.2500,-11.9000,-2.4104,-0.8976,-0.4069,0
154862,-8.8828,-3.5665,-0.2035,-41.1600,-29.0500,-9.8700,-1.4075,-0.9934,-0.3375,0
154901,-9.5099,-3.6144,-0.2489,-28.9800,-24.0800,-14.7000,-0.9910,-0.8234,-0.5027,0
154940,-9.7780,-3.5354,-0.4452,-42.9800,-24.8500,-19.0400,-1.4697,-0.8497,-0.6511,0
154979,-9.2131,-3.7030,-0.0527,-48.0200,-26.1800,-24.6400,-1.6420,-0.8952,-0.8426,0
155018,-9.0456,-3.4804,-0.0934,-33.3200,-20.9300,-28.8400,-1.1394,-0.7157,-0.9862,0
155057,-8.9043,-3.2482,-0.3255,-38.1500,-17.0100,-31.2900,-1.3045,-0.5817,-1.0700,0
155096,-8.9594,-3.4014,-0.0551,-48.3000,-24.3600,-19.0400,-1.6516,-0.8330,-0.6511,0
155135,-8.6817,-3.0686,-0.4763,-46.5500,-35.0000,-21.0700,-1.5918,-1.1968,-0.7205,0
155174,-7.9828,-2.4846,-0.2585,-19.3200,-34.5800,-20.0900,-0.6606,-1.1825,-0.6870,0
155213,-9.0001,-3.7437,-0.3303,20.1600,-42.0700,42.4900,0.6894,-1.4386,1.4529,0
155252,-11.4177,-4.4641,-0.1963,-54.3900,-73.4300,67.7600,-1.8599,-2.5109,2.3170,0
155291,-8.6339,-5.9362,1.3213,-3.9200,-50.4700,19.0400,-0.1340,-1.7258,0.6511,0
155330,-7.0086,-5.9147,2.7287,-14.7000,-33.1100,28.7700,-0.5027,-1.1322,0.9838,0
155369,-7.8248,-6.1780,0.8761,-94.3600,-51.8700,20.0200,-3.2266,-1.7737,0.6846,0
155408,-8.6793,-5.4551,1.9077,-52.7100,-42.0000,-13.8600,-1.8024,-1.4362,-0.4739,0
155447,-8.8397,-5.2516,1.3787,-96.8100,-52.6400,9.8000,-3.3104,-1.8000,0.3351,0
155486,-8.8708,-4.6891,1.4146,-139.0900,-47.6700,15.5400,-4.7562,-1.6301,0.5314,0
155525,-8.4304,-3.8083,1.5798,-131.1100,-34.3000,8.4700,-4.4833,-1.1729,0.2896,0
155564,-7.9756,-3.2745,1.3883,-118.7200,-45.2900,19.4600,-4.0596,-1.5487,0.6654,0
155603,-8.8636,-3.6192,1.1202,-99.4000,-54.8800,30.7300,-3.3990,-1.8766,1.0508,0
155642,-8.4663,-3.8801,1.4529,-94.5000,-47.7400,26.1100,-3.2314,-1.6325,0.8928,0
155681,-8.6626,-3.8968,1.9843,-115.7100,-46.6900,26.6000,-3.9567,-1.5966,0.9096,0
155720,-8.6363,-3.4875,2.1136,-87.9900,-26.7400,13.2300,-3.0088,-0.9144,0.4524,0
155759,-9.1222,-2.8389,1.0556,-86.3100,-20.5800,5.5300,-2.9514,-0.7037,0.1891,0
155798,-8.6793,-2.0729,0.7803,-85.4700,-22.8200,8.2600,-2.9226,-0.7803,0.2824,0
155837,-8.8589,-2.1471,1.2184,-74.2000,-28.3500,13.3000,-2.5373,-0.9694,0.4548,0
155876,-8.7775,-2.9011,1.8240,-49.1400,-33.7400,15.3300,-1.6803,-1.1537,0.5242,0
155915,-9.4262,-3.4804,1.7282,-47.9500,-48.3700,38.9900,-1.6396,-1.6540,1.3333,0
155954,-15.5132,-4.5336,-0.5170,-96.1100,-83.9300,50.3300,-3.2865,-2.8700,1.7210,0
155993,-10.4698,-3.1596,0.3495,14.0000,-10.3600,-25.6200,0.4787,-0.3543,-0.8761,0
156032,-9.6536,-3.7508,0.4955,29.7500,22.3300,-37.6600,1.0173,0.7636,-1.2878,0
156071,-9.9839,-4.8854,-3.0208,-100.8000,-42.6300,33.4600,-3.4468,-1.4577,1.1442,0
156110,-8.4208,-4.6341,-0.9311,0.2100,12.0400,-10.4300,0.0072,0.4117,-0.3567,0
156149,-7.9110,-4.2367,-1.1705,-36.8200,10.6400,-47.8100,-1.2591,0.3638,-1.6349,0
156188,-8.7847,-2.3601,-0.3303,-59.0100,14.6300,-16.1700,-2.0178,0.5003,-0.5529,0
156227,-8.5908,-1.2974,-1.9149,-27.3700,15.6800,-15.8900,-0.9359,0.5362,-0.5434,0
156266,-8.9426,-2.8245,-1.0293,22.4700,21.8400,-18.4100,0.7684,0.7468,-0.6295,0
156305,-8.8756,-3.9184,-0.4237,-15.4000,5.5300,-3.0800,-0.5266,0.1891,-0.1053,0
156344,-8.7368,-3.5857,0.4955,-40.9500,18.3400,-14.2100,-1.4003,0.6271,-0.4859,0
156383,-8.4065,-3.7460,0.8426,-59.0800,22.9600,-23.0300,-2.0202,0.7851,-0.7875,0
156422,-9.6512,-4.4211,-1.9365,-62.7200,16.7300,-38.9200,-2.1447,0.5721,-1.3309,0
156461,-9.4645,-3.4947,-1.6468,-62.2300,27.2300,-64.5400,-2.1279,0.9311,-2.2069,0
156500,-8.5261,-2.3841,-2.0849,-25.7600,48.8600,-71.0500,-0.8809,1.6708,-2.4295,0
156539,-8.4902,-3.3942,-2.0035,8.9600,12.8800,-37.1700,0.3064,0.4404,-1.2710,0
156578,-9.9432,-4.2391,-3.0447,-5.3200,9.8700,-22.8200,-0.1819,0.3375,-0.7803,0
156617,-8.1240,-2.7431,-1.7210,26.9500,16.7300,-24.3600,0.9216,0.5721,-0.8330,0
156656,-9.3017,-6.6447,-1.9029,82.5300,-24.2200,77.7000,2.8221,-0.8282,2.6569,0
156695,-11.3267,-6.8171,-0.7277,72.6600,-44.2400,78.0500,2.4846,-1.5128,2.6689,0
156734,-6.7285,-6.3575,-0.5242,84.2100,-29.5400,45.4300,2.8795,-1.0101,1.5535,0
156773,-4.9740,-5.9650,-0.8354,43.2600,-44.0300,95.9700,1.4793,-1.5056,3.2817,0
156812,-7.0995,-3.5330,0.5218,-155.0500,-125.5800,168.6300,-5.3019,-4.2942,5.7663,0
156851,-12.9400,-6.1660,-1.8263,-62.5800,-47.2500,51.5200,-2.1399,-1.6157,1.7617,0
156890,-9.0982,-4.8304,0.4859,47.2500,20.1600,-31.0100,1.6157,0.6894,-1.0604,0
156929,-7.3748,-3.8992,2.2572,43.4700,0.4200,-38.5000,1.4865,0.0144,-1.3165,0
156968,-7.9517,-4.4570,1.1657,-11.9000,-14.2100,-8.6800,-0.4069,-0.4859,-0.2968,0
157007,-7.6070,-3.2697,0.2370,-29.8200,-13.5800,-4.5500,-1.0197,-0.4644,-0.1556,0
157046,-8.1886,-2.5061,0.1867,-15.7500,5.7400,1.8900,-0.5386,0.1963,0.0646,0
157085,-8.3945,-2.1160,0.9407,0.0700,24.5000,5.2500,0.0024,0.8378,0.1795,0
157124,-8.1551,-2.4870,1.0412,-14.0700,24.0100,14.4200,-0.4811,0.8210,0.4931,0
157163,-8.4543,-3.2218,1.6301,10.1500,21.1400,21.9100,0.3471,0.7229,0.7492,0
157202,-9.3855,-4.4665,1.5295,6.0900,2.7300,30.1000,0.2082,0.0934,1.0293,0
157241,-9.2395,-3.6742,2.6928,-9.8700,-9.3100,29.7500,-0.3375,-0.3184,1.0173,0
157280,-9.3208,-3.9088,4.0165,6.2300,-4.9000,21.2800,0.2130,-0.1676,0.7277,0
157319,-10.7690,-6.2211,2.9992,33.6000,-13.5100,24.7100,1.1489,-0.4620,0.8450,0
157358,-17.3204,-4.6844,-4.6173,-25.2000,-121.2400,59.8500,-0.8617,-4.1458,2.0466,0
157397,-9.1437,-3.9495,-0.9144,109.6900,35.2100,-68.1100,3.7508,1.2040,-2.3290,0
157436,-8.7823,-4.6461,1.2303,86.0300,86.9400,-55.0900,2.9418,2.9729,-1.8838,0
157475,-9.6224,-5.9362,-4.8328,-212.2400,-85.1200,-33.3900,-7.2575,-2.9107,-1.1418,0
157514,-9.1724,-1.3069,-2.5947,-43.8900,20.6500,-40.8100,-1.5008,0.7061,-1.3955,0
157553,-8.6291,-0.2489,-1.7498,7.9100,62.3000,-37.8700,0.2705,2.1303,-1.2950,0
157592,-8.1216,-1.1298,-2.7240,5.9500,32.5500,-0.8400,0.2035,1.1130,-0.0287,0
157631,-8.2700,-1.2854,0.1532,71.6800,46.6200,-1.4700,2.4511,1.5942,-0.0503,0
157670,-9.5626,-3.3607,-1.2064,78.8200,31.2200,19.6000,2.6952,1.0676,0.6702,0
157709,-9.0384,-4.0740,0.1819,77.9800,53.5500,2.3100,2.6665,1.8311,0.0790,0
157748,-8.8660,-4.2798,0.3231,2.5200,61.4600,-17.2200,0.0862,2.1016,-0.5888,0
157787,-8.9546,-3.7867,-0.4763,53.2700,96.8100,-80.1500,1.8216,3.3104,-2.7407,0
157826,-8.1384,-3.0208,-1.5583,34.9300,58.0300,-72.5200,1.1944,1.9843,-2.4798,0
157865,-8.5525,-3.7341,-1.6612,28.3500,46.9700,-49.0700,0.9694,1.6061,-1.6779,0
157904,-8.0450,-4.2391,-0.7827,0.7700,46.9700,-36.1200,0.0263,1.6061,-1.2351,0
157943,-9.8618,-5.9626,-1.7234,19.1800,44.5200,-5.6700,0.6559,1.5224,-0.1939,0
157982,-10.1538,-4.2559,-1.4793,6.2300,35.6300,-22.9600,0.2130,1.2184,-0.7851,0
158021,-7.6596,-4.1147,-1.6229,12.8100,33.1800,-24.9200,0.4380,1.1346,-0.8521,0
158060,-8.1551,-6.5610,-3.5426,87.0800,-6.0200,66.6400,2.9777,-0.2059,2.2787,0
158099,-9.0360,-5.7208,-2.5995,67.0600,-38.7100,96.2500,2.2931,-1.3237,3.2913,0
158138,-7.4107,-5.8836,-5.1415,53.2000,-63.0700,94.9900,1.8192,-2.1567,3.2482,0
158177,-4.6413,-3.6862,-1.1154,33.3900,-68.7400,145.8100,1.1418,-2.3506,4.9860,0
158216,-11.8796,-5.9482,-3.2027,-181.7900,-194.4600,194.5300,-6.2163,-6.6495,6.6519,0
158255,-12.4685,-4.8806,-1.6516,7.0000,-32.6900,16.0300,0.2394,-1.1178,0.5481,0
158294,-7.2791,-3.3391,1.3572,0.7000,-45.5700,-8.2600,0.0239,-1.5583,-0.2824,0
158333,-8.2844,-3.4397,0.8306,60.9000,-55.8600,-37.1000,2.0825,-1.9101,-1.2686,0
158372,-7.6142,-3.0710,1.6325,20.6500,2.3800,-17.3600,0.7061,0.0814,-0.5936,0
158411,-7.9301,-2.0992,2.1256,30.3100,14.4900,-10.0800,1.0364,0.4955,-0.3447,0
158450,-8.7847,-2.5875,1.3021,14.3500,24.8500,-9.5200,0.4907,0.8497,-0.3255,0
158489,-8.2940,-3.1452,1.9987,3.0800,51.5900,-16.5900,0.1053,1.7641,-0.5673,0
158528,-7.9995,-2.4822,2.3290,-59.6400,52.9900,-10.9900,-2.0394,1.8120,-0.3758,0
158567,-8.4280,-2.2261,0.8473,-105.2100,-18.6200,35.0000,-3.5976,-0.6367,1.1968,0
158606,-10.1945,-2.1974,-1.9460,63.3500,-4.6200,30.4500,2.1662,-0.1580,1.0412,0
158645,-9.7373,-2.4774,3.6192,7.8400,-18.4800,35.3500,0.2681,-0.6319,1.2088,0
158684,-12.8682,-5.5126,6.7477,64.4000,8.6100,19.3900,2.2021,0.2944,0.6630,0
158723,-14.9914,-7.4203,-8.1432,-53.1300,-166.8800,73.2200,-1.8168,-5.7064,2.5037,0
158762,-9.4573,-3.5546,-0.2418,44.1700,42.4900,-66.0100,1.5104,1.4529,-2.2572,0
158801,-9.6320,-3.7437,-1.3859,26.1100,42.7700,-33.4600,0.8928,1.4625,-1.1442,0
158840,-9.2993,-4.7562,-3.2841,-50.2600,0.2800,-6.7200,-1.7186,0.0096,-0.2298,0
158879,-9.7852,-1.0724,-1.1849,35.7000,99.5400,-65.6600,1.2208,3.4038,-2.2452,0
158918,-9.0575,-1.1130,-2.6043,-20.0900,53.9000,-47.6000,-0.6870,1.8431,-1.6277,0
158957,-7.5448,-0.6965,-1.8599,23.3800,57.6800,-38.5000,0.7995,1.9724,-1.3165,0
158996,-8.0426,-1.8527,-0.9718,53.5500,33.2500,-27.7200,1.8311,1.1370,-0.9479,0
159035,-8.6171,-2.6976,-1.4170,60.0600,29.0500,-12.1800,2.0537,0.9934,-0.4165,0
159074,-8.0354,-3.8011,1.4075,-26.2500,-3.2200,49.0000,-0.8976,-0.1101,1.6755,0
159113,-9.8594,-5.1296,-0.4835,-67.0600,12.1800,-12.7400,-2.2931,0.4165,-0.4356,0
159152,-9.3974,-4.5647,-0.6702,-26.3900,94.9900,-116.9000,-0.9024,3.2482,-3.9974,0
159191,-7.5735,-3.3296,-2.6665,-33.0400,55.0900,-90.8600,-1.1298,1.8838,-3.1069,0
159230,-8.1360,-3.5378,-4.1075,20.1600,24.2200,-36.5400,0.6894,0.8282,-1.2495,0
159269,-9.9408,-3.7269,-2.9155,20.3000,40.5300,-21.9100,0.6942,1.3859,-0.7492,0
159308,-10.3214,-1.1825,-3.9974,42.0000,51.8700,-19.8800,1.4362,1.7737,-0.6798,0
159347,-8.1360,-3.5641,-1.0867,125.7900,62.3000,-14.9100,4.3014,2.1303,-0.5098,0
159386,-10.6373,-8.6650,-3.8538,65.1700,-63.0700,136.9200,2.2285,-2.1567,4.6820,0
159425,-9.0504,-5.5413,-1.9939,49.0000,-34.2300,88.2700,1.6755,-1.1705,3.0184,0
159464,-5.7017,-5.3402,-2.3553,97.1600,-42.0000,72.4500,3.3224,-1.4362,2.4774,0
159503,-6.1780,-3.4133,-3.6455,-0.5600,-107.2400,116.9700,-0.0191,-3.6671,3.9998,0
159542,-10.2591,-3.1979,2.0083,-160.6500,-139.5100,176.5400,-5.4934,-4.7705,6.0368,0
159581,-12.2171,-4.8926,0.8162,123.4800,37.3100,-30.9400,4.2224,1.2758,-1.0580,0
159620,-7.1163,-2.7982,0.4309,28.4900,-15.2600,-30.8700,0.9742,-0.5218,-1.0556,0
159659,-8.6147,-3.4157,1.1992,63.4900,-1.8900,-13.4400,2.1710,-0.0646,-0.4596,0
159698,-8.4519,-2.7335,1.1106,17.6400,0.4900,-15.1900,0.6032,0.0168,-0.5194,0
159737,-8.1025,-2.6545,2.0825,38.4300,21.0700,-21.6300,1.3141,0.7205,-0.7396,0
159776,-7.9732,-3.2577,1.7521,20.7200,41.0900,-23.9400,0.7085,1.4051,-0.8186,0
159815,-7.8176,-2.5253,1.7330,-24.5000,50.6100,-8.1200,-0.8378,1.7306,-0.2777,0
159854,-8.2652,-2.1974,0.8473,-65.8700,19.6700,26.4600,-2.2524,0.6726,0.9048,0
159893,-9.6129,-1.3739,-1.4960,-2.3800,-6.5100,39.4100,-0.0814,-0.2226,1.3476,0
159932,-9.7708,-2.0226,3.1165,56.6300,3.3600,38.6400,1.9365,0.1149,1.3213,0
159971,-9.9719,-3.1764,4.0788,14.8400,-1.4700,36.2600,0.5075,-0.0503,1.2399,0
160010,-16.0422,-6.3623,3.2745,12.3900,-68.8800,52.4300,0.4237,-2.3553,1.7928,0
160049,-13.3517,-4.6844,-5.9123,-5.6700,-77.7000,4.0600,-0.1939,-2.6569,0.1388,0
160088,-9.1461,-3.3966,-1.2662,14.5600,59.5000,-49.5600,0.4979,2.0346,-1.6947,0
160127,-8.8517,-4.6628,-1.7641,-10.2200,12.2500,2.5900,-0.3495,0.4189,0.0886,0
160166,-9.5219,-0.0263,-2.7551,-28.2800,29.2600,-31.0800,-0.9670,1.0005,-1.0628,0
160205,-10.1227,0.0000,-3.8945,35.9800,56.1400,-19.0400,1.2303,1.9197,-0.6511,0
160244,-7.6596,0.0622,-1.6468,113.1200,117.1100,-37.7300,3.8681,4.0046,-1.2902,0
160283,-8.3993,-1.2638,-0.2418,88.2700,52.7100,10.2200,3.0184,1.8024,0.3495,0
160322,-9.2730,-2.6689,-1.0269,98.3500,17.8500,29.0500,3.3631,0.6104,0.9934,0
160361,-9.4070,-3.6575,0.2011,124.5300,50.8200,-4.4800,4.2583,1.7378,-0.1532,0
160400,-9.2203,-4.1434,0.5481,70.6300,70.9100,-32.9700,2.4152,2.4248,-1.1274,0
160439,-8.9402,-3.4851,-0.9096,28.0000,67.8300,-37.2400,0.9575,2.3194,-1.2734,0
160478,-8.5142,-3.3679,-1.1370,66.4300,58.1000,-42.5600,2.2716,1.9867,-1.4553,0
160517,-9.4309,-3.5426,-2.6043,88.0600,74.2700,-55.0900,3.0112,2.5397,-1.8838,0
160556,-8.5142,-3.6623,-0.7372,-0.5600,66.8500,8.9600,-0.0191,2.2859,0.3064,0
160595,-8.9690,-3.6790,-1.9101,36.4700,18.4800,3.0100,1.2471,0.6319,0.1029,0
160634,-9.5841,-3.8657,-1.7833,26.8800,50.2600,-27.8600,0.9192,1.7186,-0.9527,0
160673,-7.5639,-4.9477,-1.0843,79.3100,30.6600,0.5600,2.7120,1.0484,0.0191,0
160712,-11.4775,-6.6974,-5.3570,73.0800,-69.1600,116.2700,2.4990,-2.3649,3.9758,0
160751,-9.6583,-1.3452,-3.7149,59.0800,-31.5700,47.6700,2.0202,-1.0795,1.6301,0
160790,-4.5862,-0.9694,-0.0120,73.1500,-41.7900,76.4400,2.5014,-1.4290,2.6139,0
160829,-8.7224,-5.2971,-2.5995,-10.5700,-138.3200,171.9200,-0.3614,-4.7298,5.8788,0
160868,-13.7060,-6.2881,1.7115,98.5600,-51.3800,8.4000,3.3702,-1.7569,0.2872,0
160907,-8.6243,-2.6617,0.1221,61.3200,-56.0700,-64.5400,2.0968,-1.9173,-2.2069,0
160946,-6.5945,-3.4109,2.1686,17.7100,-22.9600,-5.3200,0.6056,-0.7851,-0.1819,0
160985,-7.1953,-3.7006,2.0154,73.6400,19.1800,-25.1300,2.5181,0.6559,-0.8593,0
161024,-8.3179,-4.0812,1.5918,23.0300,3.2200,0.6300,0.7875,0.1101,0.0215,0
161063,-8.6961,-3.0519,1.7043,23.7300,22.4700,1.8200,0.8114,0.7684,0.0622,0
161102,-8.0570,-2.5899,1.4075,5.4600,39.5500,-3.0100,0.1867,1.3524,-0.1029,0
161141,-7.6692,-1.8192,2.6474,13.8600,58.4500,-10.3600,0.4739,1.9987,-0.3543,0
161180,-10.1275,-3.2123,1.1729,-42.0700,11.1300,36.4000,-1.4386,0.3806,1.2447,0
161219,-10.4123,-4.3349,1.4577,51.9400,21.4900,26.1100,1.7761,0.7348,0.8928,0
161258,-9.2945,-1.6013,5.1798,85.4700,26.6000,16.8700,2.9226,0.9096,0.5769,0
161297,-15.0297,-2.7527,4.0070,-78.8200,-79.1000,61.3200,-2.6952,-2.7048,2.0968,0
161336,-13.3206,-5.0649,-1.0987,38.7100,-12.6700,-6.3700,1.3237,-0.4332,-0.2178,0
161375,-10.5057,-4.3349,1.5319,36.3300,42.2800,-41.4400,1.2423,1.4458,-1.4170,0
161414,-8.8206,-4.0070,-3.8681,-144.9000,-29.6800,0.3500,-4.9548,-1.0149,0.0120,0
161453,-7.8559,-0.6056,-2.5875,-16.5900,66.0100,-67.3400,-0.5673,2.2572,-2.3027,0
161492,-7.7554,0.9359,-1.7378,26.1100,53.2000,-20.8600,0.8928,1.8192,-0.7133,0
161531,-8.4328,-0.7037,-0.9144,63.9100,45.7800,-6.9300,2.1854,1.5654,-0.2370,0
161570,-9.6871,-1.7210,-1.2854,44.8000,22.7500,13.6500,1.5319,0.7779,0.4668,0
161609,-9.7732,-2.6091,-1.1274,41.3700,21.4900,8.9600,1.4146,0.7348,0.3064,0
161648,-8.6363,-2.7240,-0.8402,76.5100,51.4500,-27.4400,2.6162,1.7593,-0.9383,0
161687,-8.3969,-2.5157,0.3878,25.4100,45.9900,-13.7900,0.8689,1.5726,-0.4715,0
161726,-9.0384,-2.5325,-1.3835,63.5600,51.3100,-14.2800,2.1734,1.7545,-0.4883,0
161765,-9.1269,-2.7216,-1.7833,156.1000,84.2100,-52.2900,5.3378,2.8795,-1.7880,0
161804,-10.4482,-3.5378,-3.2793,72.5200,50.1200,-27.0200,2.4798,1.7138,-0.9239,0
161843,-9.4214,-3.0639,-1.4314,45.0100,78.7500,-57.4000,1.5391,2.6928,-1.9628,0
161882,-7.9349,-3.1716,-0.2059,35.9800,80.9900,-68.8800,1.2303,2.7694,-2.3553,0
161921,-7.8559,-4.0381,-0.8689,87.9200,30.2400,4.2000,3.0064,1.0341,0.1436,0
161960,-9.3376,-6.2354,-0.7708,48.9300,9.9400,18.6200,1.6732,0.3399,0.6367,0
161999,-7.1690,-3.2194,-0.6965,64.2600,8.0500,-4.3400,2.1974,0.2753,-0.1484,0
162038,-11.1855,-5.4934,-2.4726,56.4200,-52.1500,168.7000,1.9293,-1.7833,5.7687,0
162077,-8.0115,-3.9710,-2.1447,-34.0900,-70.2100,119.7700,-1.1657,-2.4008,4.0955,0
162116,-5.7447,-3.3463,-4.2296,-189.7700,-160.1600,129.2200,-6.4892,-5.4766,4.4187,0
162155,-10.3310,-5.5197,-3.4109,11.7600,-51.5900,63.4900,0.4021,-1.7641,2.1710,0
162194,-10.6230,-6.2761,2.3625,93.0300,30.5900,-21.8400,3.1811,1.0460,-0.7468,0
162233,-10.6349,-5.9554,-0.4883,-64.5400,-73.4300,10.3600,-2.2069,-2.5109,0.3543,0
162272,-9.4501,-4.3708,1.3955,-107.5900,-35.2800,-6.7200,-3.6790,-1.2064,-0.2298,0
162311,-7.9325,-2.5803,1.9676,-22.0500,45.8500,-51.1000,-0.7540,1.5678,-1.7474,0
162350,-7.1330,-2.9968,2.2261,-50.0500,9.1000,-10.5700,-1.7115,0.3112,-0.3614,0
162389,-8.3777,-4.2870,0.1556,-64.3300,24.7100,-18.8300,-2.1998,0.8450,-0.6439,0
162428,-8.9043,-4.5000,1.6875,-164.4300,-88.8300,52.5700,-5.6227,-3.0375,1.7976,0
162467,-8.4855,-1.8694,-0.4596,-53.2700,13.6500,-39.2000,-1.8216,0.4668,-1.3404,0
162506,-13.4762,-1.9006,-1.2208,-56.3500,-8.6800,-40.3900,-1.9269,-0.2968,-1.3811,0
162545,-11.1591,-2.3170,-7.0852,-180.5300,-97.3000,-4.0600,-6.1732,-3.3272,-0.1388,0
162584,-8.7559,-3.1428,-1.2758,2.5200,48.7900,-48.5100,0.0862,1.6684,-1.6588,0
162623,-8.8325,-1.9173,1.4601,-115.5700,4.7600,1.3300,-3.9519,0.1628,0.0455,0
162662,-9.9169,-3.8059,0.3136,-180.6000,-25.9700,28.4200,-6.1756,-0.8880,0.9718,0
162701,-8.1503,-1.2758,-0.0838,-156.9400,-44.5900,-6.7900,-5.3665,-1.5247,-0.2322,0
162740,-9.0240,0.1723,-1.0580,-165.5500,-37.3100,-26.9500,-5.6610,-1.2758,-0.9216,0
162779,-9.0575,0.3997,-0.1340,-101.7800,7.0000,-56.0000,-3.4804,0.2394,-1.9149,0
162818,-10.1921,-1.1920,-1.2519,-77.6300,-22.5400,-46.7600,-2.6545,-0.7708,-1.5990,0
162857,-10.1419,-0.6080,-1.7689,-94.0800,-42.0000,-36.8200,-3.2171,-1.4362,-1.2591,0
162896,-9.2730,-0.8641,-1.6229,-63.4900,-34.6500,-40.9500,-2.1710,-1.1849,-1.4003,0
162935,-9.4812,-0.4668,-1.8383,-62.0200,-40.3200,-35.6300,-2.1208,-1.3787,-1.2184,0
162974,-10.0581,-0.6630,-2.1519,-59.8500,-42.7700,-33.6000,-2.0466,-1.4625,-1.1489,0
163013,-10.0054,-2.5732,-2.3529,-73.1500,-48.5100,-35.5600,-2.5014,-1.6588,-1.2160,0
163052,-9.6847,-2.0178,-2.2045,-105.4200,-34.5100,-47.8800,-3.6048,-1.1801,-1.6372,0
163091,-9.0264,-1.2255,-1.5846,-89.1100,-33.2500,-45.6400,-3.0471,-1.1370,-1.5607,0
163130,-8.8421,-0.0407,-0.9766,-63.8400,-38.5700,-33.0400,-2.1830,-1.3189,-1.1298,0
163169,-9.7541,-3.6958,0.2035,-37.5200,-74.7600,30.3800,-1.2830,-2.5564,1.0388,0
163208,-10.0461,-4.1458,-2.2668,-142.7300,-123.3400,73.0100,-4.8806,-4.2176,2.4966,0
163247,-8.1288,-4.6748,-0.8378,-142.1000,-80.8500,27.2300,-4.8591,-2.7647,0.9311,0
163286,-10.0796,-6.7501,0.1843,-165.1300,-67.4800,18.4100,-5.6466,-2.3075,0.6295,0
163325,-10.2903,-6.1373,0.3255,-173.0400,-92.3300,-17.1500,-5.9171,-3.1572,-0.5864,0
163364,-9.2658,-4.0931,1.0819,-138.6700,-38.3600,-21.8400,-4.7418,-1.3117,-0.7468,0
163403,-9.7972,-2.4080,1.0987,-240.5200,-102.9700,17.9900,-8.2245,-3.5210,0.6152,0
163442,-8.5214,-1.2160,-0.2585,-191.8000,-90.3700,15.9600,-6.5586,-3.0902,0.5457,0
163481,-9.4573,-2.5205,-1.0628,-105.7000,-84.7700,21.2800,-3.6144,-2.8987,0.7277,0
163520,-9.5554,-2.4248,1.5367,-107.1000,-48.4400,16.1700,-3.6623,-1.6564,0.5529,0
163559,-8.2341,-2.0705,2.3099,-109.7600,-40.6000,6.8600,-3.7532,-1.3883,0.2346,0
163598,-8.7823,-2.0609,3.1692,-75.2500,-3.5700,-9.3800,-2.5732,-0.1221,-0.3207,0
163637,-9.0073,-1.1394,1.9412,-89.1100,-9.1000,-11.6900,-3.0471,-0.3112,-0.3997,0
163676,-8.6578,-0.1676,1.2136,-85.9600,-22.6800,0.7700,-2.9394,-0.7755,0.0263,0
163715,-9.0719,-1.1418,2.8389,-5.3900,38.5700,-12.8100,-0.1843,1.3189,-0.4380,0
163754,-16.1690,-4.6580,-8.3897,-185.2900,-211.4000,106.8200,-6.3360,-7.2288,3.6527,0
163793,-9.8953,-4.5024,0.7803,77.4200,45.2200,-49.9800,2.6474,1.5463,-1.7091,0
163832,-8.9690,-1.9125,-0.3782,-43.3300,68.0400,-32.6200,-1.4817,2.3266,-1.1154,0
163871,-9.3855,-0.8378,-0.9503,-41.6500,55.7200,-59.3600,-1.4242,1.9053,-2.0298,0
163910,-8.8086,-0.5075,-2.2261,-22.8900,42.7000,-46.5500,-0.7827,1.4601,-1.5918,0
163949,-8.9091,-2.2237,-2.3099,22.4700,61.9500,-58.1700,0.7684,2.1184,-1.9891,0
163988,-7.6764,-1.8551,0.0239,6.8600,61.3900,-17.5700,0.2346,2.0992,-0.6008,0
164027,-7.7626,-2.3721,-0.4787,-6.4400,-0.0700,8.4700,-0.2202,-0.0024,0.2896,0
164066,-8.9738,-4.3133,-0.7516,-43.8900,-14.9100,-5.1100,-1.5008,-0.5098,-0.1747,0
164105,-11.7791,-5.5963,-3.0758,-62.0200,42.2800,-95.3400,-2.1208,1.4458,-3.2601,0
164144,-8.6051,-1.0173,-2.9226,-117.3200,45.3600,-97.2300,-4.0117,1.5511,-3.3248,0
164183,-8.4352,-1.2160,-1.5200,20.1600,23.8700,-45.9200,0.6894,0.8162,-1.5702,0
164222,-10.0294,-3.5713,-4.6772,-5.6700,-15.6800,7.9800,-0.1939,-0.5362,0.2729,0
164261,-9.5339,-3.9088,-4.1601,29.6100,28.0000,-20.1600,1.0125,0.9575,-0.6894,0
164300,-9.1269,-5.9889,-1.9724,79.2400,12.7400,31.0800,2.7096,0.4356,1.0628,0
164339,-11.8677,-6.3599,-3.4181,26.1100,-48.3700,84.6300,0.8928,-1.6540,2.8939,0
164378,-7.5495,-3.1357,-4.8423,-3.9900,-54.9500,28.8400,-0.1364,-1.8790,0.9862,0
164417,-3.0734,-3.3511,-2.4798,28.1400,-71.1900,60.9000,0.9622,-2.4343,2.0825,0
164456,-4.2750,-4.0644,-1.8670,-2.1700,-90.6500,101.7800,-0.0742,-3.0998,3.4804,0
164495,-9.4645,-5.3354,1.6851,-6.1600,-92.5400,100.3100,-0.2106,-3.1644,3.4301,0
164534,-13.1411,-5.6466,-0.7588,-85.9600,-131.1100,64.9600,-2.9394,-4.4833,2.2213,0
164573,-8.8397,-4.3397,0.0120,-59.7800,-75.6700,17.2900,-2.0442,-2.5875,0.5912,0
164612,-8.0402,-3.5163,0.8210,-25.2000,-12.3900,-2.2400,-0.8617,-0.4237,-0.0766,0
164651,-8.7894,-2.4678,0.7971,-85.4000,-65.8700,28.0000,-2.9202,-2.2524,0.9575,0
164690,-9.0025,-2.3434,1.0293,-40.6000,-38.5700,3.8500,-1.3883,-1.3189,0.1317,0
164729,-8.7009,-3.1069,1.3763,-39.3400,-0.2800,-0.7700,-1.3452,-0.0096,-0.0263,0
164768,-10.1825,-3.3511,1.3668,-79.3100,-1.0500,7.5600,-2.7120,-0.0359,0.2585,0
164807,-9.1054,-3.0686,1.3189,-39.9700,29.1900,-5.0400,-1.3668,0.9981,-0.1723,0
164846,-8.7775,-2.6210,2.6019,-54.6700,47.1800,-12.6700,-1.8694,1.6133,-0.4332,0
164885,-8.0187,-2.1615,2.5014,-95.4100,25.8300,-1.4700,-3.2625,0.8833,-0.0503,0
164924,-9.3280,-2.4104,-1.3093,-89.2500,-21.9100,18.9700,-3.0519,-0.7492,0.6487,0
164963,-11.2669,-0.1221,-0.3399,-13.7900,18.2700,-32.9000,-0.4715,0.6247,-1.1250,0
165002,-15.3073,-5.6179,-3.9878,-102.8300,-158.6900,42.3500,-3.5163,-5.4264,1.4482,0
165041,-10.1083,-4.8352,-0.0934,-37.4500,1.8900,-17.9900,-1.2806,0.0646,-0.6152,0
165080,-8.9881,-2.4152,-0.3758,-125.1600,28.4900,-39.6200,-4.2798,0.9742,-1.3548,0
165119,-9.5291,0.9359,-1.0173,-182.4200,12.1100,-32.2700,-6.2378,0.4141,-1.1035,0
165158,-8.4974,1.1274,-2.1950,-71.3300,35.7000,-43.6100,-2.4391,1.2208,-1.4912,0
165197,-8.6626,0.0431,-2.4008,-38.9900,43.3300,-33.7400,-1.3333,1.4817,-1.1537,0
165236,-8.8206,-1.3811,-1.5463,3.2900,26.0400,-42.9800,0.1125,0.8904,-1.4697,0
165275,-9.1006,-1.0029,-1.4865,-58.3100,-24.5700,-20.1600,-1.9939,-0.8402,-0.6894,0
165314,-8.4041,-1.5176,-1.5032,-67.1300,-7.7700,-27.5800,-2.2955,-0.2657,-0.9431,0
165353,-8.5716,-0.9958,-1.4960,-66.8500,12.6700,-50.2600,-2.2859,0.4332,-1.7186,0
165392,-10.7953,-2.8365,-3.6647,-83.3700,8.8200,-51.5900,-2.8508,0.3016,-1.7641,0
165431,-11.0993,-0.4380,-3.0830,-18.4100,22.2600,-63.9100,-0.6295,0.7612,-2.1854,0
165470,-11.4823,-1.3021,-2.5061,12.3200,26.8100,-64.6800,0.4213,0.9168,-2.2117,0
165509,-11.8222,-2.8317,-3.4038,38.7100,-32.6200,17.7100,1.3237,-1.1154,0.6056,0
165548,-10.8169,-2.3482,-3.1716,12.6700,-26.2500,11.9700,0.4332,-0.8976,0.4093,0
165587,-6.1086,-6.6471,-4.2320,53.2700,-59.3600,67.6200,1.8216,-2.0298,2.3123,0
165626,-6.1158,-7.0325,-1.9580,-13.7200,-97.8600,119.9800,-0.4692,-3.3463,4.1027,0
165665,-6.3862,-7.5208,2.3434,-73.9900,-82.8100,77.7700,-2.5301,-2.8317,2.6593,0
165704,-10.9126,-5.7376,-0.9216,-276.9900,-169.6800,64.9600,-9.4716,-5.8022,2.2213,0
165743,-9.5841,-4.1625,1.7067,32.2000,-30.8700,-27.6500,1.1011,-1.0556,-0.9455,0
165782,-9.9456,-4.8112,-1.5918,-112.3500,-59.5700,-2.5200,-3.8418,-2.0370,-0.0862,0
165821,-7.6237,-2.0896,0.9527,-131.5300,-25.0600,-13.3700,-4.4976,-0.8569,-0.4572,0
165860,-6.9248,-1.9460,0.9814,-142.8700,-97.7900,33.6000,-4.8854,-3.3439,1.1489,0
165899,-8.0307,-3.5976,1.2974,-55.5800,-55.7900,4.6200,-1.9006,-1.9077,0.1580,0
165938,-8.1312,-2.1758,1.8694,-58.7300,-3.0800,5.5300,-2.0083,-0.1053,0.1891,0
165977,-8.6961,-2.3170,1.4170,-66.8500,5.6700,6.5100,-2.2859,0.1939,0.2226,0
166016,-8.9307,-1.8766,2.3984,-57.4000,33.9500,0.2800,-1.9628,1.1609,0.0096,0
166055,-9.9719,-1.5056,0.6487,-96.2500,-19.3200,32.1300,-3.2913,-0.6606,1.0987,0
166094,-9.3352,-1.1968,1.0388,3.8500,-25.5500,18.3400,0.1317,-0.8737,0.6271,0
166133,-8.6793,-1.8670,2.6330,5.8800,-20.7900,20.6500,0.2011,-0.7109,0.7061,0
166172,-20.1377,-2.9011,1.4314,-67.9000,-139.6500,76.3000,-2.3218,-4.7753,2.6091,0
166211,-9.0599,-4.5479,0.6798,163.9400,32.4800,-55.3700,5.6059,1.1106,-1.8934,0
166250,-10.9054,-4.2176,0.7109,8.8900,61.5300,-47.4600,0.3040,2.1040,-1.6229,0
166289,-9.3831,-4.3038,-2.2524,-152.0400,-31.2900,15.8200,-5.1990,-1.0700,0.5410,0
166328,-10.1610,-1.7378,-1.0915,-15.0500,80.7800,-64.4700,-0.5146,2.7623,-2.2045,0
166367,-7.4035,0.9024,-1.4912,-5.3900,102.4800,-62.0900,-0.1843,3.5043,-2.1232,0
166406,-7.4299,-0.1293,-1.9843,-4.0600,53.2700,-5.3200,-0.1388,1.8216,-0.1819,0
166445,-7.3772,-0.3926,-0.2226,78.9600,37.0300,-2.4500,2.7000,1.2662,-0.0838,0
166484,-8.9139,-3.4995,-0.7348,68.8800,18.6200,28.4200,2.3553,0.6367,0.9718,0
166523,-9.1652,-5.1870,0.1867,74.1300,73.6400,-10.3600,2.5349,2.5181,-0.3543,0
166562,-10.0629,-4.1123,-0.5410,-44.1700,73.8500,-59.9200,-1.5104,2.5253,-2.0490,0
166601,-9.9863,-3.1213,-1.7785,-82.8100,90.9300,-119.0000,-2.8317,3.1093,-4.0692,0
166640,-9.6727,-2.3147,-2.5109,-46.1300,59.2900,-98.4900,-1.5774,2.0274,-3.3679,0
166679,-8.1743,-3.0471,-1.4458,85.1200,41.5100,-39.7600,2.9107,1.4194,-1.3596,0
166718,-8.2700,-3.4349,-2.1208,37.2400,11.7600,6.5100,1.2734,0.4021,0.2226,0
166757,-8.0259,-5.0171,1.4673,101.4300,42.8400,29.8200,3.4684,1.4649,1.0197,0
166796,-12.5044,-6.6735,-4.0261,62.8600,-89.2500,123.1300,2.1495,-3.0519,4.2104,0
166835,-6.4102,-2.3434,-2.4295,-75.7400,-161.1400,120.1200,-2.5899,-5.5102,4.1075,0
166874,-10.3022,-5.4144,-4.2990,-24.3600,-86.2400,111.0900,-0.8330,-2.9490,3.7987,0
166913,-10.9150,-5.6203,-1.2136,-47.5300,-53.2700,31.8500,-1.6253,-1.8216,1.0891,0
166952,-6.9535,-3.6312,2.1998,-71.7500,-63.4200,7.5600,-2.4535,-2.1686,0.2585,0
166991,-7.9134,-3.6718,3.5713,11.9000,-22.4000,-18.4100,0.4069,-0.7660,-0.6295,0
167030,-7.1354,-3.7341,1.8359,-0.4200,-32.5500,-16.5200,-0.0144,-1.1130,-0.5649,0
167069,-9.2466,-2.9681,-0.1005,-49.0700,-57.5400,-16.8000,-1.6779,-1.9676,-0.5745,0
167108,-8.5668,-0.8569,0.2633,-36.0500,-3.9900,-16.8700,-1.2327,-0.1364,-0.5769,0
167147,-7.6501,-1.1585,0.9311,0.9800,25.0600,-0.8400,0.0335,0.8569,-0.0287,0
167186,-7.6788,-2.0059,1.7976,-17.0100,30.1700,9.8700,-0.5817,1.0317,0.3375,0
167225,-9.9863,-2.9538,1.4410,-38.1500,11.4800,23.1700,-1.3045,0.3926,0.7923,0
167264,-10.1873,-2.5923,1.1513,1.8900,15.8200,15.0500,0.0646,0.5410,0.5146,0
167303,-9.1413,-1.7186,3.1644,4.4100,22.8900,-4.4100,0.1508,0.7827,-0.1508,0
167342,-13.1674,-4.6556,4.2224,-52.5000,-5.2500,27.9300,-1.7952,-0.1795,0.9551,0
167381,-16.5401,-5.0889,-11.0371,-39.6200,-200.9700,90.7200,-1.3548,-6.8721,3.1022,0
167420,-7.9229,-4.4641,-1.9317,100.8000,74.2700,-64.1200,3.4468,2.5397,-2.1926,0
167459,-9.3232,-4.9237,-1.0101,-28.6300,1.2600,1.5400,-0.9790,0.0431,0.0527,0
167498,-9.7278,-3.2506,-2.0681,-44.3800,48.7200,-40.1100,-1.5176,1.6660,-1.3716,0
167537,-9.1748,0.2130,-2.0705,-13.3700,68.5300,-49.2100,-0.4572,2.3434,-1.6827,0
167576,-7.7434,-0.1484,-1.5319,45.3600,108.7800,-48.3000,1.5511,3.7197,-1.6516,0
167615,-7.4203,-1.2255,0.0144,89.8100,71.3300,-11.2000,3.0710,2.4391,-0.3830,0
167654,-8.1144,-2.6665,-0.1508,70.6300,20.0200,13.3700,2.4152,0.6846,0.4572,0
167693,-9.3017,-4.4713,-1.0341,38.3600,68.3200,-36.1200,1.3117,2.3362,-1.2351,0
167732,-9.5339,-3.3224,-0.9479,23.3800,108.4300,-92.6800,0.7995,3.7077,-3.1692,0
167771,-7.4873,-2.6402,-0.8067,12.4600,96.5300,-51.9400,0.4261,3.3008,-1.7761,0
167810,-6.6711,-3.5282,-0.6846,109.9700,83.7200,-18.2000,3.7604,2.8628,-0.6223,0
167849,-9.0025,-6.0870,-3.8968,59.0800,13.5800,30.9400,2.0202,0.4644,1.0580,0
167888,-8.6913,-2.6593,-2.0466,153.0900,64.4700,60.8300,5.2349,2.2045,2.0801,0
167927,-14.8071,-4.4522,-4.7873,-1.1200,-135.4500,238.8400,-0.0383,-4.6317,8.1671,0
167966,-7.5088,-1.0724,-0.5649,88.7600,-77.7700,84.5600,3.0351,-2.6593,2.8915,0
168005,-8.1480,-3.1357,-1.4649,30.5900,-105.0000,121.5200,1.0460,-3.5905,4.1554,0
168044,-13.7012,-5.8884,-1.3763,181.5100,-12.3200,26.3900,6.2067,-0.4213,0.9024,0
168083,-6.9344,-3.2386,3.5569,129.1500,0.9100,-52.8500,4.4163,0.0311,-1.8072,0
168122,-6.1588,-4.2296,-0.2442,85.6100,7.1400,-32.5500,2.9274,0.2442,-1.1130,0
168161,-6.3384,-3.5115,4.1218,121.4500,41.6500,-34.7900,4.1530,1.4242,-1.1896,0
168200,-9.2969,-3.3296,2.3386,-23.2400,-18.1300,5.8800,-0.7947,-0.6200,0.2011,0
168239,-9.3950,-3.5330,3.2530,88.6900,54.6000,-3.3600,3.0327,1.8670,-0.1149,0
168278,-8.1264,-3.4205,4.5503,56.9100,38.7800,13.7900,1.9460,1.3261,0.4715,0
168317,-9.3855,-4.0764,2.4224,-34.5800,2.8000,32.9700,-1.1825,0.0957,1.1274,0
168356,-9.8522,-5.1583,2.7335,57.5400,25.6900,21.4200,1.9676,0.8785,0.7325,0
168395,-19.9725,-4.2822,-5.6681,-103.1800,-165.0600,74.4800,-3.5282,-5.6442,2.5468,0
168434,-11.1256,-3.8179,-1.1226,36.3300,39.9000,-44.5200,1.2423,1.3644,-1.5224,0
168473,-8.9379,-3.7341,-2.3290,-52.1500,29.3300,-21.2800,-1.7833,1.0029,-0.7277,0
168512,-8.3131,-1.5702,-3.6718,0.8400,60.6900,-67.6900,0.0287,2.0753,-2.3147,0
168551,-7.1091,3.1979,-3.1835,98.2100,30.7300,-60.1300,3.3583,1.0508,-2.0561,0
168590,-8.1862,-0.5577,-0.9766,113.6800,58.2400,15.5400,3.8873,1.9915,0.5314,0
168629,-10.9461,-3.0734,-0.7109,57.6100,18.2700,47.8100,1.9700,0.6247,1.6349,0
168668,-10.3118,-3.2242,-1.0005,99.4700,58.3800,-7.7700,3.4014,1.9963,-0.2657,0
168707,-8.2269,-2.9418,0.3399,74.7600,49.7000,-15.6800,2.5564,1.6995,-0.5362,0
168746,-8.1767,-2.9011,0.6965,63.4200,47.6700,-20.5100,2.1686,1.6301,-0.7013,0
168785,-9.1030,-3.0663,0.0527,71.1900,92.5400,-36.4700,2.4343,3.1644,-1.2471,0
168824,-9.2586,-3.7772,-0.6870,76.5800,118.7900,-45.1500,2.6186,4.0620,-1.5439,0
168863,-8.6051,-2.8628,-2.7742,39.4100,110.6000,-30.1000,1.3476,3.7820,-1.0293,0
168902,-8.1480,-3.3511,-0.7037,37.1000,82.6700,-5.3200,1.2686,2.8269,-0.1819,0
168941,-9.8594,-3.7532,-1.1418,55.3700,22.4000,7.4900,1.8934,0.7660,0.2561,0
168980,-10.3238,-4.3445,-0.7947,61.8100,25.4100,3.9900,2.1136,0.8689,0.1364,0
169019,-8.9546,-4.3540,-0.7588,125.4400,-20.2300,31.7100,4.2894,-0.6918,1.0843,0
169058,-11.9227,-4.8040,-5.0769,32.6200,-109.2000,121.0300,1.1154,-3.7341,4.1386,0
169097,-7.2623,-1.3500,-3.9854,-27.0900,-124.9500,102.3400,-0.9263,-4.2726,3.4995,0
169136,-8.1264,-4.8136,-5.1918,-21.1400,-127.1200,136.4300,-0.7229,-4.3469,4.6652,0
169175,-12.2076,-5.3665,2.4894,54.6000,-0.9800,37.5900,1.8670,-0.0335,1.2854,0
169214,-8.7248,-5.0554,2.2165,-54.3200,-34.3700,11.1300,-1.8575,-1.1753,0.3806,0
169253,-8.1144,-3.5043,3.1046,-124.6700,-59.0100,14.1400,-4.2631,-2.0178,0.4835,0
169292,-8.7511,-3.8226,2.8077,-47.5300,-37.1700,-37.2400,-1.6253,-1.2710,-1.2734,0
169331,-9.3256,-0.3662,-0.3231,-114.6600,-98.5600,-63.4900,-3.9208,-3.3702,-2.1710,0
169370,-8.9642,-1.3141,3.0423,-86.0300,21.4900,-11.4100,-2.9418,0.7348,-0.3902,0
169409,-7.7602,-1.1106,3.9112,-121.5900,15.4700,4.6200,-4.1578,0.5290,0.1580,0
169448,-8.2293,-2.8987,-0.4069,-168.4900,-60.2000,52.4300,-5.7615,-2.0585,1.7928,0
169487,-11.0084,-2.4056,0.5434,-103.6000,-21.0700,25.2700,-3.5426,-0.7205,0.8641,0
169526,-16.6813,-1.7785,-0.2011,-178.1500,-75.3900,-4.6900,-6.0918,-2.5780,-0.1604,0
169565,-9.8211,-2.0633,-0.0263,-134.6100,-38.0100,-18.5500,-4.6030,-1.2997,-0.6343,0
169604,-11.8054,-2.4702,-3.8202,-209.1600,-39.4100,13.7900,-7.1522,-1.3476,0.4715,0
169643,-9.8091,-0.5266,0.8880,-61.6000,94.7800,-78.5400,-2.1064,3.2410,-2.6857,0
169682,-8.9379,0.2777,-1.9987,-220.9900,-58.2400,12.8100,-7.5567,-1.9915,0.4380,0
169721,-7.3748,0.8186,-0.4692,-106.6800,64.8200,-45.7100,-3.6479,2.2165,-1.5630,0
169760,-8.4711,-0.9407,0.4117,-110.4600,18.1300,-20.7900,-3.7772,0.6200,-0.7109,0
169799,-9.8786,-2.2261,-0.7181,-135.7300,-53.6900,-19.8800,-4.6413,-1.8359,-0.6798,0
169838,-10.6110,-1.1729,0.0862,-127.8900,-36.8900,-44.5900,-4.3732,-1.2614,-1.5247,0
169877,-10.4147,-0.4069,-0.8402,-138.2500,-42.5600,-51.8000,-4.7274,-1.4553,-1.7713,0
169916,-9.7182,0.6942,-2.0011,-123.2000,-32.6900,-54.1100,-4.2128,-1.1178,-1.8503,0
169955,-10.4722,0.9981,-2.4654,-95.5500,-18.9000,-53.4100,-3.2673,-0.6463,-1.8263,0
169994,-9.7900,-0.8952,-3.0519,-48.6500,4.3400,-60.6900,-1.6636,0.1484,-2.0753,0
170033,-9.1030,-0.3327,-1.3428,-53.7600,-19.8800,-51.3100,-1.8383,-0.6798,-1.7545,0
170072,-9.9240,-0.9670,-1.3692,-57.6100,-68.6700,-20.1600,-1.9700,-2.3482,-0.6894,0
170111,-12.0903,-3.9280,-1.0987,-100.9400,-130.4100,52.7100,-3.4516,-4.4594,1.8024,0
170150,-11.0778,-2.7455,-3.8226,-121.1700,-93.5200,-10.7800,-4.1434,-3.1979,-0.3686,0
170189,-5.8812,-1.7761,-0.9622,-63.7700,-51.5200,-34.0900,-2.1806,-1.7617,-1.1657,0
170228,-6.2474,-3.0782,-0.7540,-88.0600,-119.7000,74.4100,-3.0112,-4.0931,2.5444,0
170267,-11.4584,-6.7812,-1.1633,-134.1200,-138.1800,86.1700,-4.5862,-4.7250,2.9466,0
170306,-11.6570,-6.0200,1.4242,-160.4400,-105.8400,15.8200,-5.4862,-3.6192,0.5410,0
170345,-8.5812,-3.0591,0.5266,-181.4400,-94.6400,-7.2800,-6.2043,-3.2362,-0.2489,0
170384,-8.0690,-1.7833,2.8269,-92.4700,-15.4000,-24.4300,-3.1620,-0.5266,-0.8354,0
170423,-8.1336,-1.1346,0.5529,-76.0200,-87.2200,15.9600,-2.5995,-2.9825,0.5457,0
170462,-9.0025,-1.4099,0.7468,-18.0600,-67.4100,-2.0300,-0.6176,-2.3051,-0.0694,0
170501,-8.9522,-2.4224,1.6420,-71.0500,-22.6100,30.3100,-2.4295,-0.7731,1.0364,0
170540,-8.4807,-2.3314,2.4966,-66.6400,1.7500,22.9600,-2.2787,0.0598,0.7851,0
170579,-8.7894,-2.2931,2.8748,-85.8200,-6.2300,25.1300,-2.9346,-0.2130,0.8593,0
170618,-9.4692,-1.7761,1.8455,-100.5200,-28.7700,35.5600,-3.4373,-0.9838,1.2160,0
170657,-9.9719,-1.1705,2.4319,-37.9400,-22.8200,32.4800,-1.2974,-0.7803,1.1106,0
170696,-9.7373,-1.5726,3.3296,-31.3600,-31.8500,28.9100,-1.0724,-1.0891,0.9886,0
170735,-9.8426,-2.4702,4.4785,-11.8300,3.7100,15.4000,-0.4045,0.1269,0.5266,0
170774,-17.8087,-0.5721,-6.1684,-76.2300,-142.3100,71.2600,-2.6067,-4.8663,2.4367,0
170813,-7.6429,-4.0596,0.2585,55.7900,52.9200,-49.9100,1.9077,1.8096,-1.7067,0
170852,-10.3788,-5.3163,0.2489,-11.3400,29.8200,15.4700,-0.3878,1.0197,0.5290,0
170891,-10.1873,-4.6341,-1.9029,-119.4200,-30.6600,3.8500,-4.0835,-1.0484,0.1317,0
170930,-9.6895,-0.6678,-1.2734,-55.3700,66.5000,-58.1700,-1.8934,2.2740,-1.9891,0
170969,-8.6099,0.7779,-2.7623,-8.7500,80.7800,-77.8400,-0.2992,2.7623,-2.6617,0
171008,-7.3796,0.7396,-0.2274,27.3700,96.9500,-20.6500,0.9359,3.3152,-0.7061,0
171047,-7.7195,-0.7564,-0.6056,14.4200,-3.3600,39.0600,0.4931,-0.1149,1.3357,0
171086,-9.6631,-2.7168,-1.9915,84.0000,34.3700,3.7100,2.8724,1.1753,0.1269,0
171125,-9.0863,-3.5139,-0.6128,70.7000,77.0700,-41.0200,2.4176,2.6354,-1.4027,0
171164,-9.7469,-4.6030,-0.9694,-17.0800,91.4900,-75.9500,-0.5840,3.1285,-2.5971,0
171203,-8.8613,-2.2548,-1.6803,-63.8400,90.5800,-67.3400,-2.1830,3.0974,-2.3027,0
171242,-9.2969,-3.6144,-2.3817,37.3800,56.6300,-30.7300,1.2782,1.9365,-1.0508,0
171281,-10.4770,-4.6054,-1.8599,36.8900,54.2500,-6.5100,1.2614,1.8551,-0.2226,0
171320,-10.4387,-3.2458,-1.9700,20.3700,19.5300,17.4300,0.6965,0.6678,0.5960,0
171359,-8.1480,-2.1351,-1.4984,105.2100,39.2000,-2.3800,3.5976,1.3404,-0.0814,0
171398,-7.7147,-3.5809,-1.4242,154.9800,11.5500,72.5900,5.2995,0.3950,2.4822,0
171437,-9.9623,-6.3695,-3.0471,117.2500,-92.5400,226.4500,4.0093,-3.1644,7.7434,0
171476,-6.5299,-3.2314,-2.2452,36.1900,-100.8700,144.8300,1.2375,-3.4492,4.9524,0
171515,-8.4280,-2.8173,-2.1615,19.6700,-74.4100,116.6900,0.6726,-2.5444,3.9902,0
171554,-16.3103,-5.4886,-0.5745,-91.4900,-119.9800,58.6600,-3.1285,-4.1027,2.0059,0
171593,-7.5232,-2.2787,2.6115,68.3200,-42.4200,-65.2400,2.3362,-1.4505,-2.2309,0
171632,-7.5160,-3.7532,2.0202,44.8700,-2.6600,-13.1600,1.5343,-0.0910,-0.4500,0
171671,-7.0732,-1.9987,1.4912,13.2300,-1.4700,-32.9000,0.4524,-0.0503,-1.1250,0
171710,-7.4825,-2.4008,1.1106,30.2400,-13.1600,-38.5000,1.0341,-0.4500,-1.3165,0
171749,-8.3658,-2.0992,1.7138,2.5900,32.6900,-22.3300,0.0886,1.1178,-0.7636,0
171788,-8.3682,-1.4697,2.3051,-10.9900,67.3400,-11.6200,-0.3758,2.3027,-0.3973,0
171827,-9.5722,-2.1471,1.8072,-64.8900,14.9800,25.3400,-2.2189,0.5122,0.8665,0
171866,-11.0155,-2.2811,-0.5338,-38.9900,-25.2700,30.3100,-1.3333,-0.8641,1.0364,0
171905,-9.1054,-2.4295,5.7902,60.6200,22.0500,15.3300,2.0729,0.7540,0.5242,0
171944,-10.4578,-3.8131,6.6471,3.2200,2.0300,21.9800,0.1101,0.0694,0.7516,0
171983,-16.6023,-3.6742,0.7181,-73.7800,-143.6400,67.0600,-2.5229,-4.9117,2.2931,0
172022,-11.1065,-1.7091,-0.1843,44.5900,-0.9100,-27.8600,1.5247,-0.0311,-0.9527,0
172061,-8.5094,-1.3811,-0.0072,26.3900,72.1700,-59.2200,0.9024,2.4678,-2.0250,0
172100,-10.2998,-4.6628,-3.2745,-58.1700,-20.1600,0.5600,-1.9891,-0.6894,0.0191,0
172139,-9.6224,-0.8641,-1.8958,-56.2800,20.4400,-38.9200,-1.9245,0.6989,-1.3309,0
172178,-8.9690,0.2633,-0.7229,-2.6600,97.3700,-70.4900,-0.0910,3.3296,-2.4104,0
172217,-7.7267,-0.1125,-0.7612,16.1000,90.7200,-22.4000,0.5505,3.1022,-0.7660,0
172256,-7.7123,-0.3950,-0.0024,49.5600,41.3000,9.2400,1.6947,1.4122,0.3160,0
172295,-9.1293,-2.3386,-0.3973,61.1800,31.7800,26.6000,2.0920,1.0867,0.9096,0
172334,-9.2993,-3.5881,-1.0005,37.8000,36.3300,-4.9000,1.2926,1.2423,-0.1676,0
172373,-9.2730,-3.3774,-0.2705,-0.9800,67.1300,-50.7500,-0.0335,2.2955,-1.7354,0
172412,-10.0246,-2.4942,-0.9503,-28.2100,113.7500,-110.8100,-0.9646,3.8897,-3.7891,0
172451,-7.9924,-2.1399,-1.1561,-53.3400,72.1000,-63.5600,-1.8240,2.4654,-2.1734,0
172490,-9.7014,-4.1554,-4.3086,-8.4700,14.4900,-6.8600,-0.2896,0.4955,-0.2346,0
172529,-11.4129,-3.4349,-2.4942,-19.5300,23.8000,-56.7700,-0.6678,0.8138,-1.9412,0
172568,-8.4639,-2.1160,0.4644,107.8700,23.3800,-12.1100,3.6886,0.7995,-0.4141,0
172607,-10.8384,-5.2971,-4.3325,41.7200,-112.7000,104.9300,1.4266,-3.8538,3.5881,0
172646,-8.2676,-4.3397,-4.5455,81.4100,-97.1600,85.5400,2.7838,-3.3224,2.9250,0
172685,-4.5647,-2.7048,-3.2171,-8.6100,-105.6300,114.9400,-0.2944,-3.6120,3.9304,0
172724,-9.0815,-4.4905,-2.7455,-29.6100,-109.7600,138.1100,-1.0125,-3.7532,4.7227,0
172763,-14.6634,-6.2977,-1.2782,-172.9000,-182.7000,79.1700,-5.9123,-6.2474,2.7072,0
172802,-7.1618,-2.7455,4.6915,64.9600,17.5000,-24.5000,2.2213,0.5984,-0.8378,0
172841,-7.9780,-3.8370,2.3817,-29.7500,-35.8400,7.3500,-1.0173,-1.2255,0.2513,0
172880,-7.5184,-2.7718,2.8939,-10.3600,-2.5900,-22.1900,-0.3543,-0.0886,-0.7588,0
172919,-8.3610,-1.5583,1.2375,-26.1800,-14.7700,-44.5200,-0.8952,-0.5051,-1.5224,0
172958,-9.1868,-1.3261,0.9527,-30.8700,12.6700,-17.5000,-1.0556,0.4332,-0.5984,0
172997,-7.8631,-1.6588,2.4463,-19.8800,63.2800,-3.8500,-0.6798,2.1639,-0.1317,0
173036,-9.6775,-0.9910,0.5625,-68.3200,2.4500,17.9900,-2.3362,0.0838,0.6152,0
173075,-11.0107,-2.0154,0.1747,18.9700,1.8900,26.5300,0.6487,0.0646,0.9072,0
173114,-9.8020,-2.1567,4.6580,-16.5900,-5.1100,35.5600,-0.5673,-0.1747,1.2160,0
173153,-13.1507,-4.3684,6.2785,-39.2700,9.2400,28.0700,-1.3428,0.3160,0.9598,0
173192,-15.4414,-4.8950,-7.0110,-105.1400,-186.7600,57.8200,-3.5952,-6.3862,1.9771,0
173231,-9.7325,-4.0979,-1.9508,79.3800,42.9100,-41.0200,2.7144,1.4673,-1.4027,0
173270,-9.0958,-3.4421,-1.4194,-55.1600,0.2100,-10.9900,-1.8862,0.0072,-0.3758,0
173309,-8.6219,-2.5229,-3.0543,-9.9400,30.4500,-52.2200,-0.3399,1.0412,-1.7857,0
173348,-9.4764,0.5003,-3.3272,-33.7400,27.5800,-63.7000,-1.1537,0.9431,-2.1782,0
173387,-9.9360,-0.6870,-3.1069,22.8200,61.0400,-43.2600,0.7803,2.0873,-1.4793,0
173426,-8.6027,0.4117,-2.0011,72.1000,54.0400,-0.5600,2.4654,1.8479,-0.0191,0
173465,-9.7589,-1.5295,-2.0107,104.2300,32.0600,8.8900,3.5641,1.0963,0.3040,0
173504,-10.2639,-2.5181,-1.1777,81.6900,41.3700,2.1000,2.7934,1.4146,0.0718,0
173543,-9.5626,-2.4966,-0.1245,69.5800,81.7600,-35.2100,2.3793,2.7958,-1.2040,0
173582,-8.8804,-1.6013,0.3375,84.9100,98.5600,-69.9300,2.9035,3.3702,-2.3912,0
173621,-8.3203,-1.7043,-1.3979,122.7800,94.7100,-60.5500,4.1984,3.2386,-2.0705,0
173660,-9.6559,-0.8545,-2.4056,131.4600,67.7600,-25.0600,4.4953,2.3170,-0.8569,0
173699,-8.4759,-1.7569,-0.4548,181.5100,87.9200,-10.5000,6.2067,3.0064,-0.3590,0
173738,-8.2102,-4.5240,0.0455,142.5200,14.1400,42.8400,4.8735,0.4835,1.4649,0
173777,-12.1812,-6.6232,-1.6444,134.3300,-18.5500,95.7600,4.5934,-0.6343,3.2745,0
173816,-12.2794,-5.4743,-4.4450,25.1300,-44.3800,79.7300,0.8593,-1.5176,2.7264,0
173855,-7.9397,-1.4362,1.3835,76.8600,45.7100,23.0300,2.6282,1.5630,0.7875,0
173894,-7.6932,-3.2003,2.0657,225.9600,59.9900,-12.8100,7.7267,2.0513,-0.4380,0
173933,-7.9325,-5.1511,1.9676,157.3600,20.7900,8.0500,5.3809,0.7109,0.2753,0
173972,-7.7937,-4.8328,1.8646,181.5100,38.0100,-23.7300,6.2067,1.2997,-0.8114,0
174011,-7.8559,-4.5096,3.1452,116.1300,23.7300,0.2100,3.9710,0.8114,0.0072,0
174050,-8.6698,-4.3516,2.0825,83.3700,39.9000,9.1000,2.8508,1.3644,0.3112,0
174089,-8.8684,-3.4612,2.0466,106.8200,52.2900,-12.4600,3.6527,1.7880,-0.4261,0
174128,-8.1120,-3.4373,2.0825,88.9700,39.7600,5.5300,3.0423,1.3596,0.1891,0
174167,-8.7607,-4.8040,3.1428,87.0100,46.9000,12.0400,2.9753,1.6037,0.4117,0
174206,-9.0360,-5.4719,3.1213,63.2100,49.3500,12.4600,2.1615,1.6875,0.4261,0
174245,-8.1886,-4.7586,3.1859,76.3000,60.2700,3.3600,2.6091,2.0609,0.1149,0
174284,-8.3323,-4.0572,2.3865,72.1700,51.8700,2.9400,2.4678,1.7737,0.1005,0
174323,-11.9060,-5.0314,-0.1101,41.1600,25.0600,-9.2400,1.4075,0.8569,-0.3160,0
174362,-10.7498,-5.2660,-1.0628,98.7000,34.9300,-27.0900,3.3750,1.1944,-0.9263,0
174401,-7.6501,-4.7610,-0.1245,47.8800,55.3700,-6.9300,1.6372,1.8934,-0.2370,0
174440,-7.2719,-3.2434,-2.8987,-15.0500,29.1900,5.7400,-0.5146,0.9981,0.1963,0
174479,-7.7913,-1.7545,-3.1285,65.1000,7.3500,-15.8200,2.2261,0.2513,-0.5410,0
174518,-10.4889,0.1460,-3.7772,60.4800,21.7000,-9.8000,2.0681,0.7420,-0.3351,0
174557,-10.2807,-0.2657,-2.3865,85.7500,61.9500,20.4400,2.9322,2.1184,0.6989,0
174596,-10.0413,-1.3787,-1.8240,89.2500,44.1000,34.5800,3.0519,1.5080,1.1825,0
174635,-9.9575,-2.6761,-0.7731,129.5000,53.6900,39.7600,4.4282,1.8359,1.3596,0
174674,-9.9480,-3.3966,-1.8216,89.8100,33.9500,35.3500,3.0710,1.1609,1.2088,0
174713,-9.4333,-3.2506,-0.9239,103.8800,62.1600,3.3600,3.5522,2.1256,0.1149,0
174752,-9.6272,-2.5636,-0.8665,100.2400,70.5600,-0.5600,3.4277,2.4128,-0.0191,0
174791,-9.1365,-1.7162,-1.1346,115.0800,85.1900,-3.9900,3.9351,2.9131,-0.1364,0
174830,-9.0384,-2.1256,-0.2130,126.5600,123.5500,-2.7300,4.3277,4.2248,-0.0934,0
174869,-9.4764,-2.9418,0.4285,95.2000,136.2900,23.1700,3.2554,4.6604,0.7923,0
174908,-9.9671,-4.5096,-1.6875,36.9600,28.9800,29.8900,1.2638,0.9910,1.0221,0
174947,-10.7738,-4.7322,-1.6899,49.8400,39.6200,12.3900,1.7043,1.3548,0.4237,0
174986,-10.2017,-3.7963,0.1149,64.4700,55.1600,6.8600,2.2045,1.8862,0.2346,0
175025,-8.5860,-3.2290,-1.6851,73.0100,35.2800,5.3200,2.4966,1.2064,0.1819,0
175064,-7.8751,-3.4827,-2.0131,157.7100,11.8300,15.7500,5.3929,0.4045,0.5386,0
175103,-9.0551,-3.7867,-4.6700,88.6200,-116.7600,119.9800,3.0303,-3.9926,4.1027,0
175142,-6.4341,-0.2082,-5.0027,159.4600,-70.4200,92.3300,5.4527,-2.4080,3.1572,0
175181,-8.6554,-3.0567,-6.0439,-24.5700,-147.0700,118.9300,-0.8402,-5.0290,4.0668,0
175220,-13.2751,-6.2067,0.2202,-42.4200,-111.3000,52.2900,-1.4505,-3.8059,1.7880,0
175259,-8.9594,-5.9123,1.3093,-14.9100,-65.0300,-0.9800,-0.5098,-2.2237,-0.0335,0
175298,-8.2652,-3.0232,1.8216,81.1300,5.1800,-47.1100,2.7742,0.1771,-1.6109,0
175337,-7.9134,-1.9987,1.0652,30.4500,-5.1100,-29.5400,1.0412,-0.1747,-1.0101,0
175376,-8.4831,-1.3931,1.4673,29.2600,12.7400,-28.4900,1.0005,0.4356,-0.9742,0
175415,-8.2892,-2.1088,1.9700,27.3000,24.2900,-3.7100,0.9335,0.8306,-0.1269,0
175454,-8.4304,-2.9394,2.4990,15.8200,39.3400,4.5500,0.5410,1.3452,0.1556,0
175493,-7.7386,-2.3553,2.9849,-12.0400,57.7500,-0.2800,-0.4117,1.9748,-0.0096,0
175532,-8.7392,-2.0920,1.0293,-65.8700,19.3200,11.6900,-2.2524,0.6606,0.3997,0
175571,-10.5344,-0.8952,-0.6726,24.3600,14.2800,8.8200,0.8330,0.4883,0.3016,0
175610,-9.6272,-1.0867,3.7269,45.4300,-3.2900,12.3900,1.5535,-0.1125,0.4237,0
175649,-19.4292,-6.7549,-0.0287,-32.3400,-155.7500,94.7100,-1.1059,-5.3258,3.2386,0
175688,-10.7786,-4.4665,-1.7545,61.1100,-3.0100,-45.0100,2.0896,-0.1029,-1.5391,0
175727,-8.6530,-3.7030,-1.4051,45.6400,52.3600,-69.9300,1.5607,1.7904,-2.3912,0
175766,-8.0785,-4.1003,-1.2926,-34.5100,13.5100,-21.8400,-1.1801,0.4620,-0.7468,0
175805,-10.2663,-0.6223,-2.3865,-34.4400,29.1900,-34.4400,-1.1777,0.9981,-1.1777,0
175844,-9.7732,1.0604,-2.9274,17.3600,65.3100,-35.2100,0.5936,2.2333,-1.2040,0
175883,-7.6788,0.8378,-1.7689,44.7300,72.4500,-21.2800,1.5295,2.4774,-0.7277,0
175922,-8.3370,-0.2753,-0.0263,81.7600,60.2000,0.0000,2.7958,2.0585,0.0000,0
175961,-9.2873,-1.4841,-0.3184,92.7500,46.3400,9.0300,3.1716,1.5846,0.3088,0
176000,-9.1533,-3.6623,0.2154,117.6000,60.6200,0.4900,4.0213,2.0729,0.0168,0
176039,-8.6315,-3.7820,0.0168,76.1600,80.7100,-43.2600,2.6043,2.7599,-1.4793,0
176078,-9.4549,-3.5761,-0.9168,27.8600,120.7500,-82.8800,0.9527,4.1290,-2.8341,0
176117,-7.4586,-3.7820,-0.4955,33.0400,101.8500,-50.0500,1.1298,3.4827,-1.7115,0
176156,-9.4214,-4.7753,-2.6115,25.8300,56.7700,-5.4600,0.8833,1.9412,-0.1867,0
176195,-11.3506,-3.0232,-2.8053,-14.9800,56.9100,0.8400,-0.5122,1.9460,0.0287,0
176234,-10.2903,-1.7785,-1.1442,25.2000,44.1000,46.6200,0.8617,1.5080,1.5942,0
176273,-8.4400,-3.9830,0.4979,127.6100,37.5900,0.0700,4.3636,1.2854,0.0024,0
176312,-9.9288,-6.8410,-3.7915,135.9400,-49.7700,94.9900,4.6484,-1.7019,3.2482,0
176351,-7.8535,-5.0027,-5.7519,17.0800,-144.4100,116.2000,0.5840,-4.9381,3.9734,0
176390,-4.3469,-0.2681,-1.7186,31.2900,-116.6200,100.1700,1.0700,-3.9878,3.4253,0
176429,-11.8916,-4.5288,-1.5247,-30.6600,-124.0400,156.5900,-1.0484,-4.2415,5.3546,0
176468,-13.3709,-4.7203,-1.7976,-97.7200,-143.3600,26.0400,-3.3415,-4.9022,0.8904,0
176507,-7.7650,-3.6383,2.3673,31.2200,-15.1900,0.2100,1.0676,-0.5194,0.0072,0
176546,-7.3485,-2.1399,2.3912,33.3200,8.1200,-38.2900,1.1394,0.2777,-1.3093,0
176585,-7.4682,-2.0490,0.4332,12.6000,-21.9100,-18.2000,0.4309,-0.7492,-0.6223,0
176624,-7.8033,-1.3021,1.6013,-3.2200,0.3500,-33.6700,-0.1101,0.0120,-1.1513,0
176663,-7.9876,-1.7617,1.7067,-13.3000,28.0000,-8.3300,-0.4548,0.9575,-0.2848,0
176702,-8.3825,-1.9700,2.6426,-34.4400,41.6500,3.7100,-1.1777,1.4242,0.1269,0
176741,-9.2897,-1.6013,3.5043,-81.2700,6.5100,26.9500,-2.7790,0.2226,0.9216,0
176780,-10.4482,-2.6162,1.1681,23.8000,-2.8700,15.8900,0.8138,-0.0981,0.5434,0
176819,-10.2376,-1.9125,4.0237,31.2900,-32.9700,28.8400,1.0700,-1.1274,0.9862,0
176858,-11.1280,-3.2242,5.0243,67.8300,-29.4000,34.0900,2.3194,-1.0053,1.1657,0
176897,-17.8901,-4.0883,-4.8495,-58.8700,-107.5900,17.2200,-2.0131,-3.6790,0.5888,0
176936,-10.6876,-3.0639,-3.8897,-37.2400,-12.2500,-36.2600,-1.2734,-0.4189,-1.2399,0
176975,-9.3232,-5.8118,-0.7779,61.5300,86.0300,-14.4900,2.1040,2.9418,-0.4955,0
177014,-9.5602,-1.3907,-1.2112,-99.4000,5.3900,-10.5700,-3.3990,0.1843,-0.3614,0
177053,-8.8086,0.8521,-0.5194,-7.7000,64.1200,-54.9500,-0.2633,2.1926,-1.8790,0
177092,-8.2341,1.3955,-3.0782,-8.7500,44.6600,-37.7300,-0.2992,1.5271,-1.2902,0
177131,-7.6501,0.0144,-0.8689,58.1700,69.5100,-18.4800,1.9891,2.3769,-0.6319,0
177170,-8.0187,-0.7803,0.8928,69.7900,38.3600,-0.8400,2.3865,1.3117,-0.0287,0
177209,-9.1844,-3.7796,-0.3231,18.0600,-1.8900,45.3600,0.6176,-0.0646,1.5511,0
177248,-9.3184,-3.4349,-0.0503,72.5900,86.5900,-56.0000,2.4822,2.9609,-1.9149,0
177287,-10.6230,-2.9633,-0.3638,1.2600,98.1400,-111.8600,0.0431,3.3559,-3.8250,0
177326,-9.5387,-1.8168,-2.0801,-6.3000,117.0400,-137.8300,-0.2154,4.0022,-4.7131,0
177365,-9.5219,-0.0527,-3.3176,-24.4300,100.2400,-72.3800,-0.8354,3.4277,-2.4750,0
177404,-9.8546,-0.4596,-3.1141,123.3400,76.5100,4.5500,4.2176,2.6162,0.1556,0
177443,-8.4711,-5.6322,-0.9096,94.5700,18.9700,10.7800,3.2338,0.6487,0.3686,0
177482,-6.6759,-5.5054,-0.6726,115.2200,-21.7000,70.0000,3.9399,-0.7420,2.3936,0
177521,-9.7014,-8.0618,-4.3397,-10.4300,-153.6500,217.0000,-0.3567,-5.2540,7.4203,0
177560,-8.2844,-0.2011,-4.7969,-48.1600,-170.8700,110.3900,-1.6468,-5.8429,3.7748,0
177599,-12.9831,-2.2764,-2.1136,-207.3400,-202.4400,161.9800,-7.0900,-6.9224,5.5389,0
177638,-10.2328,-2.9250,2.4798,169.3300,1.1900,-93.3800,5.7902,0.0407,-3.1931,0
177677,-7.6261,-3.5952,2.2716,101.2200,17.0800,-32.1300,3.4612,0.5840,-1.0987,0
177716,-7.5831,-4.2128,1.8694,98.5600,-2.9400,-14.9800,3.3702,-0.1005,-0.5122,0
177755,-5.7471,-2.0968,3.7125,55.4400,9.1000,-35.0700,1.8958,0.3112,-1.1992,0
177794,-6.4652,-2.4056,1.8072,27.1600,-15.5400,-9.5200,0.9287,-0.5314,-0.3255,0
177833,-7.9780,-2.4200,1.5295,-12.8800,-17.1500,-5.5300,-0.4404,-0.5864,-0.1891,0
177872,-8.9067,-2.5468,4.4522,-23.7300,67.8300,-3.2200,-0.8114,2.3194,-0.1101,0
177911,-9.1844,-3.8202,3.8585,-71.0500,26.3200,19.9500,-2.4295,0.9000,0.6822,0
177950,-9.4357,-2.9514,0.2489,-29.2600,-3.4300,31.3600,-1.0005,-0.1173,1.0724,0
177989,-8.2126,0.1221,3.1644,100.4500,6.1600,19.6700,3.4349,0.2106,0.6726,0
178028,-15.4438,-4.1530,4.3397,-19.3200,-45.8500,59.7100,-0.6606,-1.5678,2.0418,0
178067,-15.8627,-4.8160,-7.2120,-80.9900,-147.9800,39.7600,-2.7694,-5.0602,1.3596,0
178106,-12.3344,-3.0878,0.4668,2.6600,84.1400,-68.6700,0.0910,2.8772,-2.3482,0
178145,-9.1820,-3.9758,-0.9120,-13.9300,83.5800,-60.2700,-0.4763,2.8580,-2.0609,0
178184,-9.2777,0.4309,-1.7306,-63.0000,58.5900,-42.5600,-2.1543,2.0035,-1.4553,0
178223,-8.1240,1.0891,-2.2045,77.1400,153.1600,-65.5900,2.6378,5.2373,-2.2428,0
178262,-6.4676,0.1460,-1.5200,32.7600,77.2800,-40.5300,1.1202,2.6426,-1.3859,0
178301,-7.8535,-1.5654,-1.4099,78.5400,68.8800,-54.5300,2.6857,2.3553,-1.8646,0
178340,-7.5065,-2.7335,0.1436,63.9800,63.9800,-42.8400,2.1878,2.1878,-1.4649,0
178379,-7.9038,-2.9083,2.8556,40.6000,86.5200,14.6300,1.3883,2.9585,0.5003,0
178418,-11.1711,-5.7711,-6.0248,-102.2700,-44.9400,-0.7000,-3.4971,-1.5367,-0.0239,0
178457,-9.0791,-1.9125,-0.4620,-18.3400,73.3600,-107.7300,-0.6271,2.5085,-3.6838,0
178496,-8.2509,-1.8575,-1.5678,8.7500,70.0700,-84.3500,0.2992,2.3960,-2.8843,0
178535,-8.8636,-2.5732,-2.6306,72.9400,42.9800,-8.5400,2.4942,1.4697,-0.2920,0
178574,-8.2820,-3.1261,-2.4319,39.9000,27.6500,32.2000,1.3644,0.9455,1.1011,0
178613,-7.8320,-5.7184,0.3303,135.7300,26.1800,61.0400,4.6413,0.8952,2.0873,0
178652,-13.7563,-7.1307,-4.8926,65.1700,-78.7500,175.0700,2.2285,-2.6928,5.9865,0
178691,-8.6937,-2.7838,-4.6221,52.3600,-94.0800,64.7500,1.7904,-3.2171,2.2141,0
178730,-9.0982,-3.4851,-4.1482,-116.5500,-217.9100,168.2100,-3.9854,-7.4514,5.7519,0
178769,-10.9940,-3.8322,0.1197,52.1500,11.2000,-9.1700,1.7833,0.3830,-0.3136,0
178808,-6.4078,-2.0992,2.0992,118.3000,32.4100,-71.3300,4.0453,1.1083,-2.4391,0
178847,-7.7410,-3.4157,1.9508,96.3900,0.4900,-19.6000,3.2960,0.0168,-0.6702,0
178886,-8.4041,-3.1931,0.9718,50.4000,-24.5000,-10.7100,1.7234,-0.8378,-0.3662,0
178925,-8.4184,-1.8240,0.4117,41.4400,11.6200,-19.3200,1.4170,0.3973,-0.6606,0
178964,-7.6501,-1.2591,1.7258,37.9400,38.9200,-25.2700,1.2974,1.3309,-0.8641,0
179003,-7.2934,-2.3865,1.1992,53.1300,60.7600,-5.3900,1.8168,2.0777,-0.1843,0
179042,-8.4543,-1.3141,3.7508,16.8000,53.4800,19.6000,0.5745,1.8287,0.6702,0
179081,-10.4195,-1.6995,-0.4620,-24.7100,-11.1300,43.6800,-0.8450,-0.3806,1.4936,0
179120,-8.7799,-0.8473,1.3380,74.7600,35.4900,27.7200,2.5564,1.2136,0.9479,0
179159,-8.7440,-1.3859,4.7945,51.6600,46.2000,28.4200,1.7665,1.5798,0.9718,0
179198,-26.9907,-6.8434,-6.3838,-111.7200,-210.0700,105.0700,-3.8202,-7.1833,3.5929,0
179237,-7.6237,-2.0466,-2.7287,149.5900,76.0900,-94.9900,5.1152,2.6019,-3.2482,0
179276,-8.1264,-4.7969,0.5098,19.8100,51.3800,-15.2600,0.6774,1.7569,-0.5218,0
179315,-8.2006,-1.7689,-2.3482,11.9700,43.4000,-23.8700,0.4093,1.4841,-0.8162,0
179354,-10.7403,1.2950,-3.7796,32.4800,27.5800,-20.6500,1.1106,0.9431,-0.7061,0
179393,-8.7248,2.4918,-3.4277,114.1000,65.5900,-47.0400,3.9016,2.2428,-1.6085,0
179432,-9.3735,1.0843,-1.3141,171.5700,71.0500,-88.8300,5.8668,2.4295,-3.0375,0
179471,-9.8857,-0.2250,0.9311,135.1000,75.8800,-1.8900,4.6197,2.5947,-0.0646,0
179510,-9.2682,-3.0136,0.6223,116.9700,38.5000,34.5800,3.9998,1.3165,1.1825,0
179549,-9.2945,-2.9968,1.3716,138.0400,59.1500,-18.1300,4.7203,2.0226,-0.6200,0
179588,-8.9857,-1.9748,2.0083,120.2600,87.2200,-23.3800,4.1123,2.9825,-0.7995,0
179627,-8.9019,-2.5205,-0.1101,85.1200,34.5100,49.5600,2.9107,1.1801,1.6947,0
179666,-9.1964,-4.7514,0.7181,75.1800,81.2000,53.1300,2.5708,2.7766,1.8168,0
179705,-9.7445,-2.1495,-0.3782,78.2600,85.4700,-7.4200,2.6761,2.9226,-0.2537,0
179744,-10.5320,-2.7072,-1.3596,76.5800,85.1200,-33.4600,2.6186,2.9107,-1.1442,0
179783,-9.9025,-2.9657,-0.3303,64.4700,61.6000,-60.2000,2.2045,2.1064,-2.0585,0
179822,-9.0695,-3.6551,0.0790,10.3600,37.4500,-44.5200,0.3543,1.2806,-1.5224,0
179861,-8.5261,-5.1846,-0.3758,28.4200,35.7700,-37.4500,0.9718,1.2232,-1.2806,0
179900,-9.4764,-3.1261,-2.0131,6.7900,-1.8200,-3.7800,0.2322,-0.0622,-0.1293,0
179939,-8.5118,-0.5793,-2.6426,-15.4000,-10.3600,-13.7900,-0.5266,-0.3543,-0.4715,0
179978,-9.3160,-8.6458,-0.5721,107.0300,-86.9400,120.6800,3.6599,-2.9729,4.1266,0
180017,-11.7983,-2.8963,-8.1934,-141.3300,-188.6500,131.3200,-4.8328,-6.4509,4.4905,0
180056,-8.0737,1.1920,-7.0373,-56.7000,-70.7000,78.8900,-1.9388,-2.4176,2.6976,0
180095,-10.5009,-3.5378,-1.0795,131.8100,-44.4500,2.1000,4.5072,-1.5200,0.0718,0
180134,-10.0150,-3.6240,0.6511,99.2600,-102.2000,-87.9900,3.3942,-3.4947,-3.0088,0
180173,-9.4190,-3.8035,2.0083,19.2500,-26.8100,2.9400,0.6583,-0.9168,0.1005,0
180212,-7.6764,-2.9035,2.2835,47.3900,-0.9100,-23.2400,1.6205,-0.0311,-0.7947,0
180251,-7.9828,-3.3463,1.5654,53.2000,-18.2700,-17.4300,1.8192,-0.6247,-0.5960,0
180290,-7.9206,-1.3476,1.9748,-7.8400,0.7700,-13.5100,-0.2681,0.0263,-0.4620,0
180329,-8.4807,-2.0274,-0.0598,9.6600,26.5300,3.2200,0.3303,0.9072,0.1101,0
180368,-8.1049,-1.2519,1.5391,-30.5200,23.9400,10.5000,-1.0436,0.8186,0.3590,0
180407,-8.4783,-1.5630,2.1591,-21.7000,36.0500,12.8100,-0.7420,1.2327,0.4380,0
180446,-10.1012,-1.8910,0.3231,-29.8900,3.0100,22.0500,-1.0221,0.1029,0.7540,0
180485,-9.3304,-1.0221,2.0322,50.5400,48.0900,1.5400,1.7282,1.6444,0.0527,0
180524,-16.8799,-4.2679,5.7471,-64.6100,-48.5800,55.9300,-2.2093,-1.6612,1.9125,0
180563,-13.8807,-5.0338,-9.8786,-45.0800,-155.9600,54.6700,-1.5415,-5.3330,1.8694,0
180602,-9.2155,-3.0878,1.1872,63.9100,99.9600,-57.6100,2.1854,3.4181,-1.9700,0
180641,-9.8809,-3.5833,-4.3540,-27.3700,0.9800,-37.3800,-0.9359,0.0335,-1.2782,0
180680,-8.7296,0.9024,-2.4487,1.8200,64.8200,-70.2800,0.0622,2.2165,-2.4032,0
180719,-9.7493,1.1083,-3.6240,12.4600,45.9900,-20.4400,0.4261,1.5726,-0.6989,0
180758,-8.3634,-0.7181,-1.3668,138.5300,108.8500,-76.7200,4.7370,3.7221,-2.6234,0
180797,-9.1676,0.5075,-0.5601,184.5900,83.0900,-71.4000,6.3120,2.8413,-2.4415,0
180836,-8.9187,-1.8359,1.2782,39.5500,-23.2400,92.6100,1.3524,-0.7947,3.1668,0
180875,-9.5410,-2.3314,0.8928,129.2200,53.9700,-3.5700,4.4187,1.8455,-0.1221,0
180914,-9.9073,-3.7197,1.4386,75.6700,74.9700,-19.7400,2.5875,2.5636,-0.6750,0
180953,-8.4065,-2.8197,2.0968,56.2800,82.0400,58.2400,1.9245,2.8053,1.9915,0
180992,-8.1719,-3.1859,-1.4170,80.9900,76.9300,-3.2200,2.7694,2.6306,-0.1101,0
181031,-6.1373,-2.8700,4.7777,18.4800,154.4900,164.7100,0.6319,5.2828,5.6322,0
181070,-11.9921,-2.2548,-2.5971,60.9000,-72.5900,51.8000,2.0825,-2.4822,1.7713,0
181109,-14.1967,0.2226,-8.6195,48.4400,-116.0600,73.0800,1.6564,-3.9687,2.4990,0
181148,-8.2557,0.9598,-2.8149,159.1100,3.5000,-7.1400,5.4407,0.1197,-0.2442,0
181187,-8.7966,-2.4295,1.1274,14.0000,-65.4500,91.7700,0.4787,-2.2381,3.1381,0
181226,-12.5499,-5.4719,2.2931,132.4400,-80.7100,67.4800,4.5288,-2.7599,2.3075,0
181265,-9.1461,-3.8992,0.4668,126.0000,-87.0100,-25.8300,4.3086,-2.9753,-0.8833,0
181304,-7.6214,-4.0429,2.6617,125.3000,-31.7100,-109.9700,4.2846,-1.0843,-3.7604,0
181343,-7.1881,-2.5947,2.2859,101.5700,19.1800,-74.9700,3.4732,0.6559,-2.5636,0
181382,-7.3604,-2.1136,2.2261,72.8000,15.1900,-23.8000,2.4894,0.5194,-0.8138,0
181421,-8.2676,-2.0681,2.9538,32.4800,9.8700,11.3400,1.1106,0.3375,0.3878,0
181460,-9.4788,-3.1764,3.4564,47.2500,8.6100,17.9200,1.6157,0.2944,0.6128,0
181499,-10.2591,-3.9088,3.7077,13.5800,18.4100,29.3300,0.4644,0.6295,1.0029,0
181538,-10.7211,-3.4684,3.6838,37.4500,35.3500,2.1700,1.2806,1.2088,0.0742,0
181577,-9.6176,-1.8551,5.5030,128.1000,38.9900,-3.4300,4.3804,1.3333,-0.1173,0
181616,-14.1464,-3.4085,-1.3452,-12.4600,-63.2100,25.6900,-0.4261,-2.1615,0.8785,0
181655,-10.8576,-3.3966,0.6295,21.3500,22.3300,-28.6300,0.7301,0.7636,-0.9790,0
181694,-10.8552,-3.0184,-1.2136,-53.0600,-7.4900,-2.3100,-1.8144,-0.2561,-0.0790,0
181733,-8.3131,-2.6162,-1.0532,-2.2400,41.8600,-42.0000,-0.0766,1.4314,-1.4362,0
181772,-8.8924,0.6439,-1.2136,13.0900,48.7200,-41.5800,0.4476,1.6660,-1.4218,0
181811,-9.2538,-0.2609,-2.2237,43.9600,69.1600,-35.5600,1.5032,2.3649,-1.2160,0
181850,-8.7631,-1.4170,-1.2112,22.4000,36.3300,10.3600,0.7660,1.2423,0.3543,0
181889,-9.0168,-1.6564,-0.2753,39.6200,36.8200,7.1400,1.3548,1.2591,0.2442,0
181928,-8.5501,-1.8958,-0.9072,54.5300,54.4600,-29.6100,1.8646,1.8623,-1.0125,0
181967,-7.6668,-2.1686,-0.1388,43.2600,51.8000,-31.4300,1.4793,1.7713,-1.0747,0
182006,-8.6339,-2.5684,-0.5960,16.1700,57.3300,-38.5700,0.5529,1.9604,-1.3189,0
182045,-9.9145,-2.9801,-0.3423,21.6300,97.9300,-82.1100,0.7396,3.3487,-2.8077,0
182084,-9.4740,-3.1261,-2.0442,-9.4500,82.1100,-85.8900,-0.3231,2.8077,-2.9370,0
182123,-10.1754,-2.8700,-4.0141,-11.4800,70.5600,-70.0700,-0.3926,2.4128,-2.3960,0
182162,-9.5458,-1.3716,-2.4942,22.7500,37.4500,-8.7500,0.7779,1.2806,-0.2992,0
182201,-8.8325,-2.8221,-0.6152,97.7200,38.5700,-0.9800,3.3415,1.3189,-0.0335,0
182240,-9.7254,-7.5304,-2.9083,64.8900,-49.4900,104.7900,2.2189,-1.6923,3.5833,0
182279,-9.5099,-4.6461,-3.4612,75.7400,-60.6200,90.2300,2.5899,-2.0729,3.0854,0
182318,-6.6471,-1.8551,-2.6593,14.7000,-135.8700,120.9600,0.5027,-4.6461,4.1362,0
182357,-12.3296,-7.3628,-8.7679,-269.3600,-290.9200,242.4800,-9.2107,-9.9480,8.2916,0
182396,-11.7743,-3.0902,-0.5098,-10.7800,-9.0300,-9.3800,-0.3686,-0.3088,-0.3207,0
182435,-7.6501,-1.3357,1.1394,-31.9900,-68.1800,5.1800,-1.0939,-2.3314,0.1771,0
182474,-8.4902,-2.5540,2.2668,79.1700,18.2000,-37.6600,2.7072,0.6223,-1.2878,0
182513,-7.9636,-2.4678,-0.0287,6.5800,-45.7100,-18.0600,0.2250,-1.5630,-0.6176,0
182552,-6.8003,-0.9168,1.6971,-2.0300,-16.3100,-14.9800,-0.0694,-0.5577,-0.5122,0
182591,-7.9828,-0.4141,1.6109,4.9000,9.7300,-15.4000,0.1676,0.3327,-0.5266,0
182630,-8.1599,-0.9359,1.8096,-2.3800,48.2300,1.0500,-0.0814,1.6492,0.0359,0
182669,-9.7325,-2.2309,2.6210,-36.2600,53.2700,7.4200,-1.2399,1.8216,0.2537,0
182708,-10.4004,-0.4356,0.7731,-46.6200,-32.6900,22.2600,-1.5942,-1.1178,0.7612,0
182747,-9.1102,-0.3662,5.5509,128.6600,5.8100,20.9300,4.3995,0.1987,0.7157,0
182786,-19.2951,-5.2564,5.7926,-107.1000,-54.1800,59.9900,-3.6623,-1.8527,2.0513,0
182825,-11.5972,-4.2774,-6.2330,41.1600,-84.1400,17.3600,1.4075,-2.8772,0.5936,0
182864,-10.1849,-3.4732,0.1867,22.4000,73.4300,-49.9100,0.7660,2.5109,-1.7067,0
182903,-9.5817,-4.2511,-1.2997,9.1700,59.9900,-70.9100,0.3136,2.0513,-2.4248,0
182942,-9.6847,0.3973,-2.6713,-19.9500,52.5000,-63.9100,-0.6822,1.7952,-2.1854,0
182981,-9.8498,0.7277,-2.7096,15.1200,49.5600,-24.8500,0.5170,1.6947,-0.8497,0
183020,-7.6237,1.4577,-1.3907,77.7700,112.9800,-46.9000,2.6593,3.8633,-1.6037,0
183059,-7.9517,0.1819,-1.0077,93.2400,86.8000,-6.7200,3.1883,2.9681,-0.2298,0
183098,-8.6099,-0.5434,-0.6942,87.5000,52.1500,4.6200,2.9921,1.7833,0.1580,0
183137,-8.2198,-2.4391,0.2824,126.1400,59.0100,-6.2300,4.3133,2.0178,-0.2130,0
183176,-9.3591,-4.3851,0.3567,42.1400,97.7200,-63.7000,1.4410,3.3415,-2.1782,0
183215,-9.1246,-4.9285,0.6367,10.2900,116.9000,-56.0700,0.3519,3.9974,-1.9173,0
183254,-8.8565,-4.7227,-0.9455,5.9500,100.8700,-18.9700,0.2035,3.4492,-0.6487,0
183293,-11.5062,-4.4689,-2.8245,5.2500,38.7800,5.8800,0.1795,1.3261,0.2011,0
183332,-9.8522,-0.4285,-3.3607,74.1300,66.7800,6.9300,2.5349,2.2835,0.2370,0
183371,-8.3634,-3.9519,-1.3428,48.5100,16.8000,111.9300,1.6588,0.5745,3.8274,0
183410,-11.1448,-3.8801,-6.3695,95.8300,-110.4600,102.6200,3.2769,-3.7772,3.5091,0
183449,-8.0354,-3.1907,-3.4540,58.3100,-161.3500,120.0500,1.9939,-5.5173,4.1051,0
183488,-8.5238,-1.5918,-5.5509,21.7000,-135.3800,126.8400,0.7420,-4.6293,4.3373,0
183527,-12.4230,-3.7389,1.4936,61.8100,-50.0500,48.3000,2.1136,-1.7115,1.6516,0
183566,-9.3424,-4.9692,0.5625,-10.8500,-105.7700,-11.3400,-0.3710,-3.6168,-0.3878,0
183605,-7.1690,-3.7317,1.1729,41.7200,-12.3200,-18.0600,1.4266,-0.4213,-0.6176,0
183644,-6.3216,-2.6928,2.7216,46.3400,-15.4700,-34.3000,1.5846,-0.5290,-1.1729,0
183683,-7.3485,-1.7019,1.9436,10.3600,-36.4000,-21.9800,0.3543,-1.2447,-0.7516,0
183722,-9.0480,-0.8545,1.8766,-18.2000,1.8200,-39.4800,-0.6223,0.0622,-1.3500,0
183761,-8.7009,-1.9604,3.0399,-17.7100,49.9800,17.2200,-0.6056,1.7091,0.5888,0
183800,-9.5267,-3.5402,4.6245,-57.2600,23.7300,40.4600,-1.9580,0.8114,1.3835,0
183839,-11.3459,-3.6838,0.7253,-17.2900,-4.6200,23.8700,-0.5912,-0.1580,0.8162,0
183878,-8.9426,0.1771,4.3971,59.5700,-28.0000,21.9100,2.0370,-0.9575,0.7492,0
183917,-10.8958,-2.6354,2.7742,-13.2300,-42.7000,30.5200,-0.4524,-1.4601,1.0436,0
183956,-18.1246,-3.9639,-1.5678,-58.5900,-114.0300,32.6200,-2.0035,-3.8992,1.1154,0
183995,-14.5509,-4.1003,-3.6024,-68.6700,-32.8300,-12.0400,-2.3482,-1.1226,-0.4117,0
184034,-9.2227,-1.6875,-1.5918,-44.7300,109.5500,-63.8400,-1.5295,3.7460,-2.1830,0
184073,-9.6536,-0.5817,-2.2835,-83.3700,28.4900,-16.2400,-2.8508,0.9742,-0.5553,0
184112,-8.6626,1.6085,-1.2232,-32.9700,77.2100,-51.9400,-1.1274,2.6402,-1.7761,0
184151,-6.8123,1.1872,-0.8737,59.7800,110.4600,-65.1700,2.0442,3.7772,-2.2285,0
184190,-7.6142,-0.1747,-0.6702,59.5700,51.9400,-20.0900,2.0370,1.7761,-0.6870,0
184229,-8.4256,-2.0585,0.9910,52.2200,28.4200,25.3400,1.7857,0.9718,0.8665,0
184268,-8.4878,-5.0027,-0.7277,35.9100,37.7300,11.2700,1.2279,1.2902,0.3854,0
184307,-8.4280,-2.9585,0.8186,31.9200,101.8500,-95.8300,1.0915,3.4827,-3.2769,0
184346,-8.6889,-2.4990,-1.5583,-9.3800,97.3000,-88.4100,-0.3207,3.3272,-3.0232,0
184385,-10.9677,-3.4947,-3.6647,-24.0800,66.0800,-53.7600,-0.8234,2.2596,-1.8383,0
184424,-9.7756,-2.7431,-0.8019,-43.1200,73.9900,-71.7500,-1.4745,2.5301,-2.4535,0
184463,-8.9187,-2.2117,-2.4056,-9.9400,35.0700,-49.0700,-0.3399,1.1992,-1.6779,0
184502,-9.0671,-1.6684,-2.0154,65.5200,-1.0500,-2.8000,2.2404,-0.0359,-0.0957,0
184541,-7.7386,-2.5756,0.5649,111.8600,-3.1500,24.2200,3.8250,-0.1077,0.8282,0
184580,-10.1251,-7.0565,-4.7753,59.5700,-115.0800,142.4500,2.0370,-3.9351,4.8711,0
184619,-7.2958,-1.2997,-3.2913,4.6900,-102.6200,75.2500,0.1604,-3.5091,2.5732,0
184658,-14.5318,-4.7394,-5.8716,-275.5900,-394.9400,268.1700,-9.4238,-13.5049,9.1700,0
184697,-9.4740,-3.3128,3.6718,-56.2100,-29.6800,43.9600,-1.9221,-1.0149,1.5032,0
184736,-7.3748,-2.7359,1.2351,-16.8700,20.9300,-3.2200,-0.5769,0.7157,-0.1101,0
184775,-8.3011,-3.7628,2.1998,-38.8500,-12.7400,-7.7700,-1.3285,-0.4356,-0.2657,0
184814,-7.2886,-1.8766,1.3261,-26.0400,-52.5700,-61.3900,-0.8904,-1.7976,-2.0992,0
184853,-8.0642,-2.2787,1.5511,-52.2200,-38.9200,-17.1500,-1.7857,-1.3309,-0.5864,0
184892,-8.7942,-0.0766,1.1202,-67.9700,-4.7600,-30.8000,-2.3242,-0.1628,-1.0532,0
184931,-8.6123,-0.2178,1.0269,-65.3800,28.7700,11.5500,-2.2357,0.9838,0.3950,0
184970,-9.2730,-1.5511,2.3242,-77.7000,21.2100,20.2300,-2.6569,0.7253,0.6918,0
185009,-11.5038,-1.9293,-1.3021,-59.0100,-35.7000,15.4000,-2.0178,-1.2208,0.5266,0
185048,-9.9528,-0.3495,3.9304,1.8900,-21.9100,20.7200,0.0646,-0.7492,0.7085,0
185087,-10.1562,-1.4912,5.7519,33.3200,-15.9600,33.0400,1.1394,-0.5457,1.1298,0
185126,-17.8781,-3.4804,-3.4636,-99.6800,-150.5000,59.2200,-3.4085,-5.1463,2.0250,0
185165,-11.9467,-3.7843,-2.7670,-65.3100,-45.6400,-12.8800,-2.2333,-1.5607,-0.4404,0
185204,-9.8067,-3.2889,0.8665,-4.1300,62.0200,-11.6200,-0.1412,2.1208,-0.3973,0
185243,-9.8091,-2.4750,0.4117,-54.3900,61.4600,-60.6200,-1.8599,2.1016,-2.0729,0
185282,-10.8839,-0.7564,-2.8772,-98.9800,37.8000,-39.1300,-3.3846,1.2926,-1.3380,0
185321,-7.8990,1.2447,-1.7091,-46.4100,87.2900,-61.8100,-1.5870,2.9849,-2.1136,0
185360,-7.0229,0.3806,-2.7264,66.9200,135.4500,-84.8400,2.2883,4.6317,-2.9011,0
185399,-7.1354,-0.9216,0.4332,35.4200,35.5600,43.7500,1.2112,1.2160,1.4960,0
185438,-9.9073,-3.1931,-3.3248,75.9500,67.4100,-71.3300,2.5971,2.3051,-2.4391,0
185477,-10.7115,-2.7982,-2.2141,-39.2700,49.9800,-74.1300,-1.3428,1.7091,-2.5349,0
185516,-10.2615,-3.0423,-0.9407,-173.6000,89.0400,-84.0000,-5.9362,3.0447,-2.8724,0
185555,-8.8014,-2.8365,0.5673,38.5700,12.3900,-47.5300,1.3189,0.4237,-1.6253,0
185594,-10.5512,-3.9687,-3.0639,38.8500,5.1100,1.3300,1.3285,0.1747,0.0455,0
185633,-8.4424,-3.2889,-1.5463,20.3000,35.7700,-19.1800,0.6942,1.2232,-0.6559,0
185672,-9.2179,-4.5455,-5.5652,39.9000,-94.2200,96.3900,1.3644,-3.2218,3.2960,0
185711,-9.3256,-5.1320,-5.4934,55.2300,-137.9700,160.0900,1.8886,-4.7179,5.4743,0
185750,-6.3503,-2.9585,-2.0226,22.1900,-143.2900,128.5200,0.7588,-4.8998,4.3947,0
185789,-12.8802,-5.3953,-3.1046,-184.7300,-188.2300,118.9300,-6.3168,-6.4365,4.0668,0
185828,-8.5214,-2.8317,2.1734,9.3100,15.0500,22.7500,0.3184,0.5146,0.7779,0
185867,-8.3658,-4.2942,-0.7420,20.0200,-21.6300,-21.4900,0.6846,-0.7396,-0.7348,0
185906,-7.0876,-2.3697,2.4894,20.8600,-12.3200,-36.9600,0.7133,-0.4213,-1.2638,0
185945,-7.4945,-1.7450,2.5468,-2.3800,-1.4700,-36.5400,-0.0814,-0.0503,-1.2495,0
185984,-7.5136,-1.0939,2.0250,-15.5400,3.1500,-5.7400,-0.5314,0.1077,-0.1963,0
186023,-8.4376,-1.7234,1.1298,-41.2300,7.9100,8.8200,-1.4099,0.2705,0.3016,0
186062,-8.5597,-2.1710,2.3865,-25.2000,60.6900,9.8700,-0.8617,2.0753,0.3375,0
186101,-10.7546,-1.1250,-0.0311,-93.0300,-22.0500,17.0100,-3.1811,-0.7540,0.5817,0
186140,-10.7762,-0.2059,0.6702,44.8000,-11.2700,25.0600,1.5319,-0.3854,0.8569,0
186179,-9.3591,-0.6559,7.4227,51.8700,-5.1800,28.9800,1.7737,-0.1771,0.9910,0
186218,-13.4929,-5.2516,8.1743,-32.3400,-36.7500,73.9200,-1.1059,-1.2567,2.5277,0
186257,-16.8105,-5.1727,-8.7727,-21.7700,-14.4200,-52.4300,-0.7444,-0.4931,-1.7928,0
186296,-9.3280,-2.1136,-1.0341,18.4800,84.2100,-69.8600,0.6319,2.8795,-2.3889,0
186335,-9.9001,-2.0968,-1.2208,-62.5100,23.9400,-29.6800,-2.1375,0.8186,-1.0149,0
186374,-9.9001,0.3423,-2.0178,-11.3400,84.2800,-49.1400,-0.3878,2.8819,-1.6803,0
186413,-7.6381,0.6367,-0.9359,4.1300,87.2200,-55.4400,0.1412,2.9825,-1.8958,0
186452,-6.9822,-0.9383,-1.1130,74.2000,114.0300,-39.8300,2.5373,3.8992,-1.3620,0
186491,-6.9559,-0.5218,0.5146,66.0100,86.1700,0.7000,2.2572,2.9466,0.0239,0
186530,-8.5333,-2.0920,-0.3519,26.5300,3.9200,31.1500,0.9072,0.1340,1.0652,0
186569,-10.1969,-2.9059,-0.2681,120.4000,97.0900,-122.2200,4.1171,3.3200,-4.1793,0
186608,-10.5129,-4.2990,-1.8455,-42.6300,47.0400,-112.1400,-1.4577,1.6085,-3.8346,0
186647,-8.1073,-3.4947,0.6726,-107.4500,115.5000,-90.9300,-3.6742,3.9495,-3.1093,0
186686,-7.4658,-1.8120,-1.6013,53.1300,34.5800,49.2800,1.8168,1.1825,1.6851,0
186725,-9.8043,-3.0495,-2.4990,30.3100,8.8200,-13.7200,1.0364,0.3016,-0.4692,0
186764,-10.0006,-2.7024,-2.1902,80.2900,-53.0600,61.6000,2.7455,-1.8144,2.1064,0
186803,-10.4578,-6.1229,-4.1171,102.4800,-139.2300,166.3200,3.5043,-4.7610,5.6873,0
186842,-6.2713,-1.0747,-1.7689,-61.1800,-181.4400,165.8300,-2.0920,-6.2043,5.6705,0
186881,-10.3812,-4.0596,-1.7306,12.1800,-78.1900,104.0200,0.4165,-2.6737,3.5569,0
186920,-12.9376,-5.7519,-1.2758,-81.2700,-131.9500,42.1400,-2.7790,-4.5120,1.4410,0
186959,-6.3695,-3.5043,4.9117,-33.1100,-79.1000,4.4100,-1.1322,-2.7048,0.1508,0
186998,-7.7841,-3.6431,3.9088,60.3400,-4.5500,-37.4500,2.0633,-0.1556,-1.2806,0
187037,-8.1192,-2.4774,2.6641,-9.0300,-26.0400,-52.5700,-0.3088,-0.8904,-1.7976,0
187076,-8.2485,-2.0705,3.0112,-46.2700,-20.0200,5.6000,-1.5822,-0.6846,0.1915,0
187115,-8.5118,-0.4811,2.0561,-27.9300,20.7200,-5.6000,-0.9551,0.7085,-0.1915,0
187154,-8.3083,-1.2591,2.3936,-58.2400,67.6200,0.8400,-1.9915,2.3123,0.0287,0
187193,-8.4256,-1.3716,4.1841,-87.2900,64.1200,14.0000,-2.9849,2.1926,0.4787,0
187232,-10.4674,-1.8216,-0.4141,-50.6100,-17.0100,27.3000,-1.7306,-0.5817,0.9335,0
187271,-8.3442,0.2513,3.2530,82.5300,43.3300,-11.1300,2.8221,1.4817,-0.3806,0
187310,-12.3272,-2.4295,5.0721,-77.0700,-18.9000,28.8400,-2.6354,-0.6463,0.9862,0
187349,-17.2917,-5.1798,-5.8142,-130.2000,-181.5100,49.2100,-4.4522,-6.2067,1.6827,0
187388,-12.2435,-4.9094,-2.6809,-19.2500,-38.2900,-17.5700,-0.6583,-1.3093,-0.6008,0
187427,-8.8732,-4.1817,1.0795,-57.5400,59.7800,-6.9300,-1.9676,2.0442,-0.2370,0
187466,-8.0307,-1.0388,-0.7851,-99.8200,35.4900,-53.2000,-3.4133,1.2136,-1.8192,0
187505,-10.3142,0.0598,-1.0125,-10.5000,86.7300,-113.4700,-0.3590,2.9657,-3.8801,0
187544,-8.4615,-0.0838,-2.4511,-67.5500,60.2000,-49.7000,-2.3099,2.0585,-1.6995,0
187583,-7.4227,-0.8114,-1.8024,42.2100,137.7600,-50.7500,1.4434,4.7107,-1.7354,0
187622,-8.6674,-3.1644,-0.1939,-40.5300,-34.3700,82.1100,-1.3859,-1.1753,2.8077,0
187661,-10.9701,-4.0429,-2.4008,1.4700,35.7700,-28.1400,0.0503,1.2232,-0.9622,0
187700,-10.3477,-3.2218,-1.4003,-135.3100,17.4300,-59.1500,-4.6269,0.5960,-2.0226,0
187739,-8.7727,-1.6995,0.5338,-118.9300,39.3400,-88.9000,-4.0668,1.3452,-3.0399,0
187778,-7.9852,-1.2878,-0.5003,-28.4200,-8.5400,-48.4400,-0.9718,-0.2920,-1.6564,0
187817,-9.8259,-0.9862,-3.0016,7.7700,12.1800,-25.1300,0.2657,0.4165,-0.8593,0
187856,-9.4190,-1.5271,-1.9652,43.6800,14.6300,-25.4100,1.4936,0.5003,-0.8689,0
187895,-11.5134,-5.9267,-4.8016,53.1300,-141.2600,103.8100,1.8168,-4.8304,3.5498,0
187934,-7.6525,-4.9261,-3.9830,-71.9600,-169.9600,115.2200,-2.4607,-5.8118,3.9399,0
187973,-4.0883,-2.0753,-1.4745,-67.9700,-155.6800,70.0000,-2.3242,-5.3235,2.3936,0
188012,-13.7371,-6.4868,-0.7229,-175.7000,-198.3800,96.9500,-6.0080,-6.7836,3.3152,0
188051,-7.6190,-3.7054,3.4660,-104.5100,-51.3100,-7.7700,-3.5737,-1.7545,-0.2657,0
188090,-10.1251,-4.2200,0.9670,-148.8900,-63.0700,13.1600,-5.0913,-2.1567,0.4500,0
188129,-8.5094,-3.3367,4.6508,-158.6200,-39.8300,-7.7000,-5.4240,-1.3620,-0.2633,0
188168,-7.8104,-0.3207,3.1022,-136.9900,-17.9900,-24.6400,-4.6844,-0.6152,-0.8426,0
188207,-7.8583,0.0407,2.0370,-138.3200,-25.9000,22.1200,-4.7298,-0.8856,0.7564,0
188246,-8.4328,-0.1532,3.2458,-135.0300,0.4200,30.6600,-4.6173,0.0144,1.0484,0
188285,-7.7913,-0.6104,2.1327,-168.2100,1.1200,36.5400,-5.7519,0.0383,1.2495,0
188324,-9.3184,-0.1987,-0.1245,-197.7500,-46.5500,47.6000,-6.7620,-1.5918,1.6277,0
188363,-11.3746,-0.1939,-0.7109,-79.6600,-19.4600,20.5800,-2.7240,-0.6654,0.7037,0
188402,-18.7949,-2.4870,-2.1112,-196.7000,-157.1500,69.1600,-6.7261,-5.3737,2.3649,0
188441,-9.7684,-2.5373,-0.7995,-58.3800,-14.8400,-20.1600,-1.9963,-0.5075,-0.6894,0
188480,-9.7852,-2.2668,-3.5306,-128.2400,14.3500,4.4800,-4.3851,0.4907,0.1532,0
188519,-9.0815,-0.0263,0.7684,-107.5900,27.3000,-25.4800,-3.6790,0.9335,-0.8713,0
188558,-8.9091,-0.7205,-0.2609,-155.6100,5.0400,-6.1600,-5.3211,0.1723,-0.2106,0
188597,-9.2610,-0.8880,-0.7899,-133.7700,46.0600,-29.2600,-4.5742,1.5750,-1.0005,0
188636,-9.6248,-0.2968,0.4620,-176.8900,8.4000,-5.9500,-6.0487,0.2872,-0.2035,0
188675,-10.5990,-0.0527,-1.1585,-141.5400,-7.9800,-52.5000,-4.8399,-0.2729,-1.7952,0
188714,-9.7086,0.7157,-1.1657,-131.8800,-17.7800,-63.8400,-4.5096,-0.6080,-2.1830,0
188753,-8.8828,0.1604,-1.0939,-87.9900,-18.2000,-64.2600,-3.0088,-0.6223,-2.1974,0
188792,-8.5381,0.3878,-0.7420,-73.0800,-12.3200,-63.3500,-2.4990,-0.4213,-2.1662,0
188831,-9.1006,1.3524,-2.6498,-83.3000,0.2800,-54.1100,-2.8484,0.0096,-1.8503,0
188870,-11.1615,-0.0455,-3.8633,-62.3700,-3.2900,-25.6200,-2.1327,-0.1125,-0.8761,0
188909,-11.9610,-0.0646,-3.1716,-46.7600,-19.8100,-41.6500,-1.5990,-0.6774,-1.4242,0
188948,-11.5350,1.6540,-1.0005,-70.1400,-34.6500,-47.4600,-2.3984,-1.1849,-1.6229,0
188987,-9.8666,-2.5899,-2.1447,3.9200,-38.0100,7.9800,0.1340,-1.2997,0.2729,0
189026,-9.9647,-5.2205,-3.9758,-7.6300,-89.8800,72.7300,-0.2609,-3.0734,2.4870,0
189065,-6.5179,-5.6921,-1.2279,-24.6400,-25.3400,30.7300,-0.8426,-0.8665,1.0508,0
189104,-6.8362,-6.4652,1.0005,-31.0100,-25.6900,44.1700,-1.0604,-0.8785,1.5104,0
189143,-11.7695,-8.2054,2.1974,-251.2300,-173.8800,110.7400,-8.5908,-5.9458,3.7867,0
189182,-9.2466,-5.7280,1.2878,-57.7500,-83.3000,-57.7500,-1.9748,-2.8484,-1.9748,0
189221,-10.5775,-3.4253,-1.2447,-134.6800,-120.2600,-28.0000,-4.6054,-4.1123,-0.9575,0
189260,-8.9187,-2.1830,1.0029,-131.6000,-16.4500,-22.8900,-4.5000,-0.5625,-0.7827,0
189299,-6.3838,0.1317,1.2926,-82.1100,-50.6100,13.8600,-2.8077,-1.7306,0.4739,0
189338,-8.8828,-1.5894,0.6511,25.2700,-119.7000,24.8500,0.8641,-4.0931,0.8497,0
189377,-7.3341,-2.7934,3.5569,-13.5100,-43.2600,-8.1900,-0.4620,-1.4793,-0.2801,0
189416,-7.7434,-2.5133,3.4421,-20.8600,-29.7500,1.4700,-0.7133,-1.0173,0.0503,0
189455,-8.6554,-1.0676,3.6144,-35.6300,5.3900,5.6700,-1.2184,0.1843,0.1939,0
189494,-8.5836,-0.4093,3.4205,-47.8800,23.9400,20.0200,-1.6372,0.8186,0.6846,0
189533,-9.2107,-1.3931,2.0729,-49.8400,-1.3300,28.9800,-1.7043,-0.0455,0.9910,0
189572,-10.1634,-1.3572,3.3990,1.4000,-6.1600,34.7200,0.0479,-0.2106,1.1872,0
189611,-10.4411,-3.1931,4.2822,8.3300,-12.4600,41.3000,0.2848,-0.4261,1.4122,0
189650,-19.8361,-3.4995,-4.8256,-72.1700,-123.1300,87.2900,-2.4678,-4.2104,2.9849,0
189689,-7.6620,-5.4144,-0.8545,90.5800,35.0000,-28.1400,3.0974,1.1968,-0.9622,0
189728,-10.2544,-6.0009,1.4721,31.0800,81.4800,-7.1400,1.0628,2.7862,-0.2442,0
189767,-9.6200,-3.6982,-0.6008,-53.8300,41.3000,2.3800,-1.8407,1.4122,0.0814,0
189806,-10.9605,-1.0747,-0.2609,56.2100,84.9100,-60.0600,1.9221,2.9035,-2.0537,0
189845,-8.3777,-0.1843,-1.9915,-4.6200,63.2800,-33.6700,-0.1580,2.1639,-1.1513,0
189884,-7.8344,-0.0287,-0.8402,36.1200,59.2900,-20.2300,1.2351,2.0274,-0.6918,0
189923,-8.0378,-1.1083,-0.3567,68.4600,47.5300,-6.9300,2.3410,1.6253,-0.2370,0
189962,-8.3466,-2.7551,-0.3614,91.2800,81.9700,-11.3400,3.1213,2.8030,-0.3878,0
190001,-8.1336,-3.1931,0.7923,72.5900,96.0400,-26.9500,2.4822,3.2841,-0.9216,0
190040,-10.1538,-4.8615,-1.5295,-8.4000,106.3300,-62.7900,-0.2872,3.6359,-2.1471,0
190079,-8.7703,-3.0878,-1.0221,-28.2800,127.2600,-96.6000,-0.9670,4.3516,-3.3032,0
190118,-8.5932,-1.9412,-1.6444,-0.4200,87.7100,-55.8600,-0.0144,2.9992,-1.9101,0
190157,-9.6703,-4.3086,-1.4888,60.9700,40.8100,5.1100,2.0849,1.3955,0.1747,0
190196,-10.9581,-1.2614,-1.2830,73.0100,54.6000,21.6300,2.4966,1.8670,0.7396,0
190235,-8.1910,-3.0232,-0.4213,156.3100,-12.3900,81.3400,5.3450,-0.4237,2.7814,0
190274,-9.8833,-7.4227,-6.2354,71.1900,-180.1100,210.5600,2.4343,-6.1588,7.2001,0
190313,-8.6913,-2.9897,-3.9926,-124.1100,-236.0400,213.2900,-4.2439,-8.0714,7.2934,0
190352,-13.4618,-3.6431,2.0561,-17.9900,-82.3900,76.5800,-0.6152,-2.8173,2.6186,0
190391,-10.9198,-3.0256,-3.1835,7.2800,-86.8000,-55.2300,0.2489,-2.9681,-1.8886,0
190430,-6.8219,-3.4995,2.3984,-9.0300,-55.3000,-0.7000,-0.3088,-1.8910,-0.0239,0
190469,-7.9301,-2.7886,2.7024,53.5500,3.1500,-54.2500,1.8311,0.1077,-1.8551,0
190508,-6.8458,-2.0107,2.6162,-3.7800,-21.3500,-34.0200,-0.1293,-0.7301,-1.1633,0
190547,-7.6596,-1.5128,1.4170,-8.6800,-28.7700,-14.1400,-0.2968,-0.9838,-0.4835,0
190586,-8.4304,-1.0388,1.6779,-8.2600,17.7800,-6.7900,-0.2824,0.6080,-0.2322,0
190625,-8.6506,-1.9795,2.6282,-31.7800,58.3100,2.0300,-1.0867,1.9939,0.0694,0
190664,-9.2658,-2.3290,3.6168,-77.7700,42.5600,10.3600,-2.6593,1.4553,0.3543,0
190703,-9.9575,-1.2758,0.2705,23.8700,-25.2000,8.7500,0.8162,-0.8617,0.2992,0
190742,-9.1150,1.8240,6.2594,60.3400,-18.0600,24.4300,2.0633,-0.6176,0.8354,0
190781,-20.1640,-4.0668,-0.0694,-109.6900,-139.7900,73.8500,-3.7508,-4.7801,2.5253,0
190820,-9.5602,-4.9883,-5.0506,55.3000,-32.9000,-36.6100,1.8910,-1.1250,-1.2519,0
190859,-11.3004,-3.7532,-0.6415,-5.4600,38.2900,-41.3000,-0.1867,1.3093,-1.4122,0
190898,-9.2035,-4.4594,1.0795,-15.2600,54.6700,-31.3600,-0.5218,1.8694,-1.0724,0
190937,-10.2280,-0.3040,-1.4410,-64.7500,34.6500,-41.3700,-2.2141,1.1849,-1.4146,0
190976,-8.8086,0.2465,-1.3093,-21.7000,85.6100,-53.3400,-0.7420,2.9274,-1.8240,0
191015,-7.6549,0.2705,-1.7904,39.0600,115.0100,-50.1200,1.3357,3.9328,-1.7138,0
191054,-6.7644,0.1676,-0.2824,72.6600,98.2800,-23.7300,2.4846,3.3607,-0.8114,0
191093,-8.0067,-1.8575,-0.5290,61.6000,43.4700,4.2000,2.1064,1.4865,0.1436,0
191132,-9.3376,-4.1841,-0.8617,40.3200,87.7100,-80.9200,1.3787,2.9992,-2.7670,0
191171,-9.7134,-4.3851,-2.4750,-133.8400,121.8700,-107.0300,-4.5766,4.1673,-3.6599,0
191210,-7.5783,-1.4170,-0.1125,25.7600,84.2100,-76.5800,0.8809,2.8795,-2.6186,0
191249,-10.3597,-3.7413,-2.9609,6.7200,7.0000,-8.4700,0.2298,0.2394,-0.2896,0
191288,-10.4865,-2.7503,-1.1657,57.7500,38.9200,-16.4500,1.9748,1.3309,-0.5625,0
191327,-6.8841,-2.2740,-1.9460,72.6600,-2.1000,4.1300,2.4846,-0.0718,0.1412,0
191366,-7.7698,-4.9764,-2.1040,149.1700,-61.9500,132.8600,5.1008,-2.1184,4.5431,0
191405,-9.5793,-6.3479,-4.5862,50.8200,-130.4800,201.6700,1.7378,-4.4617,6.8961,0
191444,-9.3520,-4.3516,-3.4038,-139.3700,-200.0600,199.1500,-4.7657,-6.8410,6.8099,0
191483,-14.8741,-3.7628,3.8179,-77.3500,-116.2000,75.3200,-2.6450,-3.9734,2.5756,0
191522,-8.7535,-2.6545,0.7468,-8.7500,-10.4300,34.2300,-0.2992,-0.3567,1.1705,0
191561,-7.5495,-4.5072,-0.8186,46.8300,3.8500,-42.0700,1.6013,0.1317,-1.4386,0
191600,-7.0900,-2.1974,2.5373,-24.7100,-2.3100,-57.1200,-0.8450,-0.0790,-1.9532,0
191639,-7.7650,-2.0561,2.0202,-47.8800,-11.5500,-15.6800,-1.6372,-0.3950,-0.5362,0
191678,-8.2892,-0.5721,1.4410,-38.8500,9.5900,6.8600,-1.3285,0.3279,0.2346,0
191717,-8.9929,-0.6750,1.7138,-58.8700,40.9500,22.6100,-2.0131,1.4003,0.7731,0
191756,-9.7158,-0.9694,2.3242,-59.1500,75.7400,12.4600,-2.0226,2.5899,0.4261,0
191795,-10.2831,-0.9958,-1.0580,-31.7100,20.0200,-8.9600,-1.0843,0.6846,-0.3064,0
191834,-9.5626,-0.4524,2.5133,2.1000,-29.2600,11.9700,0.0718,-1.0005,0.4093,0
191873,-12.1717,-2.1232,6.5921,19.7400,-39.6200,62.7200,0.6750,-1.3548,2.1447,0
191912,-18.0935,-3.3679,-4.5790,-82.4600,-161.8400,76.3000,-2.8197,-5.5341,2.6091,0
191951,-12.1549,-3.7389,-3.2745,-7.8400,-1.9600,-40.5300,-0.2681,-0.0670,-1.3859,0
191990,-9.0049,-2.1710,-1.6372,9.2400,75.6000,-61.1800,0.3160,2.5851,-2.0920,0
192029,-10.2400,0.6942,-3.8777,-45.9200,38.2900,-44.1700,-1.5702,1.3093,-1.5104,0
192068,-8.8517,0.1795,-2.0059,100.4500,188.6500,-117.6700,3.4349,6.4509,-4.0237,0
192107,-6.6112,-0.1340,-0.6846,48.1600,97.5800,-59.1500,1.6468,3.3367,-2.0226,0
192146,-7.0086,-0.7755,1.5918,51.7300,9.4500,-37.5200,1.7689,0.3231,-1.2830,0
192185,-9.2083,-2.6234,-2.0418,-55.8600,-107.8700,16.3100,-1.9101,-3.6886,0.5577,0
192224,-10.1610,-5.3091,-1.3955,95.7600,102.1300,-115.7800,3.2745,3.4923,-3.9591,0
192263,-10.7881,-4.7466,-2.6785,-123.5500,78.7500,-93.4500,-4.2248,2.6928,-3.1955,0
192302,-7.5950,-1.3739,1.0269,-37.7300,116.9700,-71.3300,-1.2902,3.9998,-2.4391,0
192341,-9.2610,-3.0639,-2.9585,3.9900,10.3600,-6.7900,0.1364,0.3543,-0.2322,0
192380,-9.8498,-4.1410,-2.8915,52.9200,37.3800,-20.5100,1.8096,1.2782,-0.7013,0
192419,-7.0349,-4.4163,0.0670,169.0500,98.0700,-4.7600,5.7806,3.3535,-0.1628,0
192458,-9.0360,-4.6580,-4.4713,0.7000,-120.6800,266.6300,0.0239,-4.1266,9.1174,0
192497,-8.9235,-2.9897,-1.8383,-133.5600,-274.5400,275.1700,-4.5671,-9.3879,9.4094,0
192536,-12.6408,-4.7011,2.1327,-21.7000,-78.6800,105.4200,-0.7420,-2.6905,3.6048,0
192575,-11.7767,-4.9836,-0.0144,10.9200,-12.1800,-18.0600,0.3734,-0.4165,-0.6176,0
192614,-6.2689,-3.7413,4.6867,31.4300,-34.1600,-34.8600,1.0747,-1.1681,-1.1920,0
192653,-6.6687,-2.6115,3.5522,29.6100,-7.5600,-27.7900,1.0125,-0.2585,-0.9503,0
192692,-6.4485,-1.6468,3.2171,35.4200,5.6000,-47.8800,1.2112,0.1915,-1.6372,0
192731,-7.3245,-1.7330,1.3213,1.8900,-37.6600,-44.1000,0.0646,-1.2878,-1.5080,0
192770,-8.4280,-0.8306,0.7588,-36.6800,-2.3800,-9.2400,-1.2543,-0.0814,-0.3160,0
192809,-8.2030,-1.8000,2.0442,-14.7700,70.9100,0.1400,-0.5051,2.4248,0.0048,0
192848,-9.2490,-2.5157,4.3804,-86.5900,34.8600,32.3400,-2.9609,1.1920,1.1059,0
192887,-12.9233,-2.2333,-1.8359,-46.4100,-12.5300,16.8700,-1.5870,-0.4285,0.5769,0
192926,-9.3998,-0.9838,6.9918,8.8900,10.6400,6.1600,0.3040,0.3638,0.2106,0
192965,-13.8759,-2.5277,10.9677,27.3700,-13.5100,65.4500,0.9359,-0.4620,2.2381,0
193004,-17.3706,-4.4258,-10.2855,-122.9200,-198.2400,57.1900,-4.2032,-6.7788,1.9556,0
193043,-10.5129,-2.7790,-2.4583,-36.1200,15.4700,-66.2200,-1.2351,0.5290,-2.2644,0
193082,-9.5291,-3.7365,0.0910,-0.7700,54.9500,-38.7100,-0.0263,1.8790,-1.3237,0
193121,-9.9145,-0.0910,-0.5601,-34.4400,56.2800,-41.7900,-1.1777,1.9245,-1.4290,0
193160,-9.2730,0.2250,-0.9383,1.8200,65.3100,-36.1200,0.0622,2.2333,-1.2351,0
193199,-7.9158,-0.5075,-1.5080,29.7500,83.3000,-40.6700,1.0173,2.8484,-1.3907,0
193238,-6.7836,-0.3399,0.1125,90.6500,120.4700,-38.8500,3.0998,4.1195,-1.3285,0
193277,-7.9517,-1.0604,0.5769,40.1800,52.0800,18.8300,1.3739,1.7809,0.6439,0
193316,-9.0168,-3.0854,-0.8665,20.7200,3.5000,30.2400,0.7085,0.1197,1.0341,0
193355,-9.7445,-3.8035,0.6678,21.8400,90.5800,-83.3700,0.7468,3.0974,-2.8508,0
193394,-8.3131,-2.7000,-1.0508,6.6500,130.9700,-98.2800,0.2274,4.4785,-3.3607,0
193433,-9.7254,-1.9269,-3.5665,-54.1100,92.6800,-63.2800,-1.8503,3.1692,-2.1639,0
193472,-9.3926,-0.0287,-2.3721,12.7400,65.5900,-15.1200,0.4356,2.2428,-0.5170,0
193511,-11.3076,-3.8657,-0.1915,129.6400,63.7000,25.4100,4.4330,2.1782,0.8689,0
193550,-9.6655,-5.3426,-0.3040,60.9000,-5.2500,28.4200,2.0825,-0.1795,0.9718,0
193589,-7.4299,-5.2995,-0.9120,104.2300,-25.9700,63.6300,3.5641,-0.8880,2.1758,0
193628,-8.6075,-7.8272,-5.4814,-0.2800,-130.5500,175.0700,-0.0096,-4.4641,5.9865,0
193667,-6.7381,0.7157,-0.4189,-98.7700,-152.3900,165.9000,-3.3774,-5.2110,5.6729,0
193706,-15.0919,-3.8035,-5.6059,-100.7300,-196.5600,139.7200,-3.4444,-6.7213,4.7777,0
193745,-11.0993,-4.3062,1.2471,9.5200,-77.1400,-19.5300,0.3255,-2.6378,-0.6678,0
193784,-7.0924,-3.2577,4.4426,-3.1500,-63.7000,16.0300,-0.1077,-2.1782,0.5481,0
193823,-6.4173,-3.0926,3.9016,53.5500,27.4400,-46.1300,1.8311,0.9383,-1.5774,0
193862,-7.2049,-2.2740,1.2567,-2.0300,-47.0400,-19.2500,-0.0694,-1.6085,-0.6583,0
193901,-7.8631,-0.8186,2.6139,4.7600,-5.4600,-55.0900,0.1628,-0.1867,-1.8838,0
193940,-7.8535,-1.2734,2.5492,-16.9400,16.1700,-5.0400,-0.5793,0.5529,-0.1723,0
193979,-8.5692,-2.1471,2.9131,-60.3400,30.5900,25.2000,-2.0633,1.0460,0.8617,0
194018,-9.1437,-2.3434,4.2894,-28.7000,66.8500,10.5700,-0.9814,2.2859,0.3614,0
194057,-10.7570,-2.7766,0.8593,-26.8100,-30.8000,36.2600,-0.9168,-1.0532,1.2399,0
194096,-8.8134,-0.2274,5.6466,103.2500,17.5000,13.8600,3.5306,0.5984,0.4739,0
194135,-18.2419,-4.0333,3.1692,-66.5700,-79.3100,44.4500,-2.2764,-2.7120,1.5200,0
194174,-12.6145,-4.7322,-6.6735,-5.0400,-85.3300,-9.1700,-0.1723,-2.9178,-0.3136,0
194213,-11.8844,-4.3732,-0.1173,-3.2900,47.5300,-37.5200,-0.1125,1.6253,-1.2830,0
194252,-9.2777,-1.3452,-0.9838,-59.5700,64.7500,-56.0000,-2.0370,2.2141,-1.9149,0
194291,-9.0863,0.1723,-2.2428,1.5400,132.8600,-57.1900,0.0527,4.5431,-1.9556,0
194330,-7.0134,0.2202,0.1364,20.6500,104.9300,-67.6200,0.7061,3.5881,-2.3123,0
194369,-6.6041,0.0527,-1.2327,13.8600,26.2500,-19.4600,0.4739,0.8976,-0.6654,0
194408,-7.5160,-1.3261,-1.0747,17.5000,-22.4700,29.1200,0.5984,-0.7684,0.9958,0
194447,-8.6769,-2.6976,-0.0527,95.7600,37.5200,-13.8600,3.2745,1.2830,-0.4739,0
194486,-9.7684,-3.8346,0.2011,41.2300,57.1900,-26.8100,1.4099,1.9556,-0.9168,0
194525,-10.6852,-4.4234,-0.1412,-34.3700,99.6800,-49.9100,-1.1753,3.4085,-1.7067,0
194564,-9.5578,-3.4205,0.1077,-27.6500,112.9100,-94.0100,-0.9455,3.8609,-3.2147,0
194603,-8.5860,-1.7426,-2.4511,-18.5500,65.9400,-66.7800,-0.6343,2.2548,-2.2835,0
194642,-8.5764,-0.0383,-0.2753,120.9600,62.8600,-42.5600,4.1362,2.1495,-1.4553,0
194681,-7.9828,-1.0245,0.3495,186.1300,6.7900,64.7500,6.3647,0.2322,2.2141,0
194720,-11.3602,-8.9402,-5.9817,42.8400,-197.2600,220.3600,1.4649,-6.7453,7.5352,0
194759,-9.5602,-2.8317,-0.4332,-102.7600,-219.6600,204.6100,-3.5139,-7.5112,6.9966,0
194798,-17.2438,-3.9112,-0.1987,-56.0700,-161.2800,56.6300,-1.9173,-5.5149,1.9365,0
194837,-8.2437,-4.8471,3.7484,16.1700,33.9500,-12.6700,0.5529,1.1609,-0.4332,0
194876,-6.8147,-5.8572,0.9742,-94.4300,-66.0800,31.2200,-3.2290,-2.2596,1.0676,0
194915,-6.0559,-4.1793,5.4503,-43.1200,8.4000,-38.0100,-1.4745,0.2872,-1.2997,0
194954,-6.7596,-3.4038,2.4080,-69.0200,-29.2600,-38.1500,-2.3601,-1.0005,-1.3045,0
194993,-6.9104,-1.4721,1.9963,-129.3600,-32.6200,4.0600,-4.4234,-1.1154,0.1388,0
195032,-8.6219,0.2537,0.9503,-107.4500,-8.8900,19.8100,-3.6742,-0.3040,0.6774,0
195071,-9.5482,-0.1317,0.1867,-101.4300,18.9000,27.2300,-3.4684,0.6463,0.9311,0
195110,-10.0605,-0.5936,2.0322,-101.6400,11.1300,26.7400,-3.4756,0.3806,0.9144,0
195149,-11.8126,-1.3285,-0.5098,-83.8600,-33.3900,12.4600,-2.8676,-1.1418,0.4261,0
195188,-9.9982,-1.5056,4.7801,-38.0800,-16.5200,8.6100,-1.3021,-0.5649,0.2944,0
195227,-9.0982,-2.4415,5.5891,1.1200,-21.0000,35.0700,0.0383,-0.7181,1.1992,0
195266,-20.9707,-3.6335,-5.2349,-188.7900,-214.2000,94.2200,-6.4556,-7.3245,3.2218,0
195305,-9.3663,-2.6569,-1.4338,3.5700,18.6900,-61.5300,0.1221,0.6391,-2.1040,0
195344,-10.5296,-5.3450,-1.7833,-62.5800,-5.6000,38.9200,-2.1399,-0.1915,1.3309,0
195383,-10.4482,-3.0399,-1.2974,-154.2800,-28.4900,6.9300,-5.2756,-0.9742,0.2370,0
195422,-10.4028,1.6468,0.0431,-86.0300,87.2900,-54.8800,-2.9418,2.9849,-1.8766,0
195461,-8.6075,0.5553,-1.5295,-66.9900,76.3700,-55.5100,-2.2907,2.6115,-1.8982,0
195500,-6.8051,1.0173,-0.5410,37.2400,135.6600,-51.5200,1.2734,4.6389,-1.7617,0
195539,-7.1713,-0.0407,0.0144,38.6400,75.0400,24.0100,1.3213,2.5660,0.8210,0
195578,-10.0413,-3.5163,-2.2740,-18.0600,-43.6800,38.5700,-0.6176,-1.4936,1.3189,0
195617,-9.7062,-2.6881,0.2561,-17.2200,38.2200,-46.6900,-0.5888,1.3069,-1.5966,0
195656,-10.4794,-3.0256,-0.2154,-72.8000,82.0400,-96.7400,-2.4894,2.8053,-3.3080,0
195695,-8.7033,-1.4625,-0.4644,-89.1100,128.8000,-141.9600,-3.0471,4.4043,-4.8543,0
195734,-7.8727,0.3136,-4.6293,0.2800,56.1400,-71.4000,0.0096,1.9197,-2.4415,0
195773,-10.1395,-0.3016,-3.1405,13.5100,23.1000,-0.6300,0.4620,0.7899,-0.0215,0
195812,-10.1873,-0.3878,-1.6516,57.4700,26.8800,-22.4000,1.9652,0.9192,-0.7660,0
195851,-9.0791,-6.4365,-0.8904,160.2300,-47.8100,100.5900,5.4790,-1.6349,3.4397,0
195890,-10.2759,-8.3203,-4.9094,37.1000,-113.8900,157.1500,1.2686,-3.8945,5.3737,0
195929,-7.0541,-2.5923,-1.8838,-29.9600,-99.8200,113.7500,-1.0245,-3.4133,3.8897,0
195968,-11.0897,-6.4580,-3.3583,-190.1200,-264.1100,157.7800,-6.5011,-9.0312,5.3953,0
196007,-7.2791,-4.6724,5.3330,29.7500,-3.1500,-40.1100,1.0173,-0.1077,-1.3716,0
196046,-7.9589,-3.8179,1.5870,35.2800,-76.9300,-63.8400,1.2064,-2.6306,-2.1830,0
196085,-8.9642,-3.6599,0.4763,-52.8500,-71.8200,-30.2400,-1.8072,-2.4559,-1.0341,0
196124,-6.3647,-1.0293,3.5234,-61.1100,-45.9900,14.2800,-2.0896,-1.5726,0.4883,0
196163,-7.9229,-2.2165,1.9317,-35.5600,-46.9700,42.9100,-1.2160,-1.6061,1.4673,0
196202,-8.4759,-2.4032,2.4894,-38.0800,-10.2900,25.4800,-1.3021,-0.3519,0.8713,0
196241,-8.1384,-1.3428,2.7455,-39.4100,25.6900,2.5200,-1.3476,0.8785,0.0862,0
196280,-8.2006,-1.0005,3.6264,-54.1100,48.5100,-3.0100,-1.8503,1.6588,-0.1029,0
196319,-8.8517,-1.1753,3.4780,-77.6300,28.1400,18.3400,-2.6545,0.9622,0.6271,0
196358,-9.1293,-1.0436,2.2955,-108.1500,29.8200,39.2000,-3.6982,1.0197,1.3404,0
196397,-10.1419,-1.0843,0.9000,-64.5400,-5.4600,36.6100,-2.2069,-0.1867,1.2519,0
196436,-9.7804,0.5218,0.6654,11.6900,49.1400,1.8200,0.3997,1.6803,0.0622,0
196475,-14.6587,-4.6125,-6.9033,-58.3100,-171.5000,73.7800,-1.9939,-5.8644,2.5229,0
196514,-11.0706,-4.7945,2.0920,9.1700,44.4500,-19.9500,0.3136,1.5200,-0.6822,0
196553,-9.2490,-3.9878,0.9527,-62.6500,25.1300,-20.7900,-2.1423,0.8593,-0.7109,0
196592,-10.2855,-1.1705,-1.7402,-84.4200,52.5700,-50.6800,-2.8867,1.7976,-1.7330,0
196631,-9.0527,1.3859,-2.1567,-40.0400,74.0600,-69.6500,-1.3692,2.5325,-2.3817,0
196670,-7.1139,0.8210,-2.1543,-11.4100,71.7500,-43.2600,-0.3902,2.4535,-1.4793,0
196709,-7.2910,0.3136,-1.0891,118.7200,131.0400,-47.4600,4.0596,4.4809,-1.6229,0
196748,-8.1168,-1.4865,0.5553,65.1000,61.8800,34.7900,2.2261,2.1160,1.1896,0
196787,-9.6703,-4.0189,0.0431,-12.1100,-41.9300,72.7300,-0.4141,-1.4338,2.4870,0
196826,-10.2017,-4.7227,0.7947,-7.5600,23.9400,-38.0800,-0.2585,0.8186,-1.3021,0
196865,-10.8169,-4.4689,-0.9048,-101.4300,48.5100,-107.9400,-3.4684,1.6588,-3.6910,0
196904,-7.9541,-0.2824,-2.4439,-69.2300,73.7800,-56.0000,-2.3673,2.5229,-1.9149,0
196943,-8.6817,-0.1628,-0.8785,28.8400,49.8400,-12.0400,0.9862,1.7043,-0.4117,0
196982,-9.9911,-1.7737,-1.7426,111.0200,33.1800,-11.6200,3.7963,1.1346,-0.3973,0
197021,-7.8727,-3.0854,-0.4045,112.4200,9.4500,-2.5200,3.8442,0.3231,-0.0862,0
197060,-10.5847,-6.7261,-1.5271,115.8500,-93.3100,125.0200,3.9615,-3.1907,4.2750,0
197099,-9.8259,-7.4562,-2.8604,-27.0200,-132.3700,157.9900,-0.9239,-4.5264,5.4024,0
197138,-7.1067,-2.7910,-2.1950,-114.5200,-134.1900,93.2400,-3.9160,-4.5886,3.1883,0
197177,-15.1493,-4.5312,-4.0261,-209.3700,-243.5300,143.6400,-7.1594,-8.3275,4.9117,0
197216,-8.4759,-2.4559,3.4899,62.7900,51.8700,-53.6900,2.1471,1.7737,-1.8359,0
197255,-8.7847,-4.0237,0.7492,-91.2800,-102.2700,26.6000,-3.1213,-3.4971,0.9096,0
197294,-9.2275,-3.3176,2.8915,-26.3200,-3.6400,-16.5200,-0.9000,-0.1245,-0.5649,0
197333,-7.4682,-2.3075,2.0753,-48.7200,-27.7200,-5.6700,-1.6660,-0.9479,-0.1939,0
197372,-8.3730,-0.3207,1.5247,-36.2600,-16.6600,-20.5100,-1.2399,-0.5697,-0.7013,0
197411,-8.6291,-1.0293,1.6947,-53.0600,24.4300,-0.6300,-1.8144,0.8354,-0.0215,0
197450,-8.1839,-1.5271,2.9322,-84.9100,35.1400,13.0900,-2.9035,1.2016,0.4476,0
197489,-8.6075,-2.1016,2.7982,-106.4700,11.6900,20.5800,-3.6407,0.3997,0.7037,0
197528,-9.0121,-2.5660,-0.3710,-57.8900,-19.1800,30.0300,-1.9795,-0.6559,1.0269,0
197567,-8.1934,-0.7827,1.3476,-16.7300,-1.8900,21.4900,-0.5721,-0.0646,0.7348,0
197606,-18.6177,-0.0311,2.8963,-90.0200,-86.5200,57.6100,-3.0782,-2.9585,1.9700,0
197645,-10.5488,-2.0585,-2.6186,14.0000,-52.0100,-7.2800,0.4787,-1.7785,-0.2489,0
197684,-10.8169,-4.0716,2.9729,-19.8100,22.7500,2.5200,-0.6774,0.7779,0.0862,0
197723,-11.0802,-6.1804,-1.0628,-57.6100,-10.2900,28.0700,-1.9700,-0.3519,0.9598,0
197762,-9.7062,-2.0729,-0.6918,-86.8700,25.5500,-51.1700,-2.9705,0.8737,-1.7498,0
197801,-9.6009,0.1293,-1.7138,-38.3600,95.2000,-71.6800,-1.3117,3.2554,-2.4511,0
197840,-8.1719,0.5122,0.0957,-38.2200,145.3200,-14.4200,-1.3069,4.9692,-0.4931,0
197879,-7.8870,-0.0239,-0.9072,-73.7800,-17.7800,4.8300,-2.5229,-0.6080,0.1652,0
197918,-9.2873,-1.2447,-1.2806,-17.8500,-43.3300,2.7300,-0.6104,-1.4817,0.0934,0
197957,-9.4740,-2.4607,-0.3471,-23.5900,-26.7400,6.8600,-0.8067,-0.9144,0.2346,0
197996,-9.2299,-2.3649,0.3782,-28.0000,14.6300,-29.5400,-0.9575,0.5003,-1.0101,0
198035,-9.9528,-2.9346,0.7301,-76.8600,10.5000,-31.9900,-2.6282,0.3590,-1.0939,0
198074,-9.1246,-1.9029,-0.0814,-78.3300,14.8400,-33.6000,-2.6785,0.5075,-1.1489,0
198113,-9.4788,-1.9891,-0.4356,-29.6100,29.3300,-49.1400,-1.0125,1.0029,-1.6803,0
198152,-9.0264,-0.2442,-1.0532,-20.6500,34.2300,-58.5900,-0.7061,1.1705,-2.0035,0
198191,-9.5578,-1.5104,-1.8623,-9.1000,-59.3600,114.7300,-0.3112,-2.0298,3.9232,0
198230,-10.3549,-3.6096,-3.8011,-28.2100,-106.0500,75.3900,-0.9646,-3.6264,2.5780,0
198269,-9.3184,-2.3506,-1.3045,-139.0900,-197.6100,95.9000,-4.7562,-6.7572,3.2793,0
198308,-12.5762,-5.3139,0.8737,-30.7300,-132.6500,35.9100,-1.0508,-4.5359,1.2279,0
198347,-9.7852,-2.3458,1.7641,6.8600,-93.1700,-71.4700,0.2346,-3.1859,-2.4439,0
198386,-8.4041,-4.0333,3.7054,-7.1400,-40.3900,-19.3900,-0.2442,-1.3811,-0.6630,0
198425,-9.6871,-2.7192,3.0423,-49.1400,-73.5700,-25.8300,-1.6803,-2.5157,-0.8833,0
198464,-8.9091,-1.5654,1.7689,-42.0700,-71.6100,21.1400,-1.4386,-2.4487,0.7229,0
198503,-8.4472,-2.0968,1.8287,-24.9900,-59.8500,18.8300,-0.8545,-2.0466,0.6439,0
198542,-8.5118,-2.6450,3.0232,-14.1400,-23.8700,6.8600,-0.4835,-0.8162,0.2346,0
198581,-7.8104,-1.9676,4.7155,-22.8900,2.1700,0.4900,-0.7827,0.0742,0.0168,0
198620,-7.3772,-2.0083,4.7035,-15.4000,8.0500,-1.5400,-0.5266,0.2753,-0.0527,0
198659,-7.2120,-3.5019,5.4575,-58.1700,-10.8500,26.5300,-1.9891,-0.3710,0.9072,0
198698,-8.7655,-4.0453,5.4575,-70.1400,3.2200,21.9100,-2.3984,0.1101,0.7492,0
198737,-8.5980,-3.5498,4.1051,-94.5700,16.5900,11.2700,-3.2338,0.5673,0.3854,0
198776,-8.4400,-3.0495,2.6019,-94.0800,58.1000,13.5100,-3.2171,1.9867,0.4620,0
198815,-8.0666,-2.1112,1.5966,-51.1700,81.2700,-6.6500,-1.7498,2.7790,-0.2274,0
198854,-8.3777,-3.7628,-1.0843,-54.8800,24.7100,27.0200,-1.8766,0.8450,0.9239,0
198893,-8.1623,-3.0303,-0.3447,-49.0000,61.8100,25.0600,-1.6755,2.1136,0.8569,0
198932,-9.3137,-3.4851,-1.3883,-56.3500,18.7600,30.9400,-1.9269,0.6415,1.0580,0
198971,-14.0315,-5.9267,-3.3248,-73.4300,-3.1500,35.2800,-2.5109,-0.1077,1.2064,0
199010,-13.2129,-2.0873,-1.2375,-54.1800,14.7000,-20.7200,-1.8527,0.5027,-0.7085,0
199049,-9.5099,-0.9192,-0.3567,-55.4400,-23.8000,-27.9300,-1.8958,-0.8138,-0.9551,0
199088,-8.2317,-0.1699,1.4817,-39.4800,16.3800,11.3400,-1.3500,0.5601,0.3878,0
199127,-9.2418,-0.0263,0.4237,-31.9200,-10.1500,-12.2500,-1.0915,-0.3471,-0.4189,0
199166,-8.4663,-2.2907,0.3399,10.5700,5.1800,-12.6700,0.3614,0.1771,-0.4332,0
199205,-7.5352,-1.6468,1.2591,-32.6200,12.8800,16.5200,-1.1154,0.4404,0.5649,0
199244,-7.8440,-2.0131,-0.2226,-70.9800,-62.5800,52.6400,-2.4272,-2.1399,1.8000,0
199283,-9.9432,-2.0968,-0.2011,-61.1100,-52.9200,-1.3300,-2.0896,-1.8096,-0.0455,0
199322,-8.2892,-0.8593,-0.7396,-32.4800,-0.5600,-30.1000,-1.1106,-0.0191,-1.0293,0
199361,-8.5764,-1.1513,0.0144,-4.0600,-6.5800,-14.6300,-0.1388,-0.2250,-0.5003,0
199400,-8.5477,-2.3673,0.7253,1.7500,-14.5600,5.4600,0.0598,-0.4979,0.1867,0
199439,-8.3251,-1.7737,1.5607,8.8200,-15.0500,-14.0700,0.3016,-0.5146,-0.4811,0
199478,-8.2892,-2.0442,1.6229,4.7600,-20.7200,-15.8900,0.1628,-0.7085,-0.5434,0
199517,-8.5070,-2.5325,1.9819,1.6100,-30.9400,-24.0100,0.0551,-1.0580,-0.8210,0
199556,-7.0205,-2.2285,1.6564,17.9200,-29.3300,-26.8800,0.6128,-1.0029,-0.9192,0
199595,-7.3748,-2.8652,2.0585,1.0500,-38.9200,-17.3600,0.0359,-1.3309,-0.5936,0
199634,-9.3232,-3.4804,2.7479,-6.3700,-46.6900,0.2800,-0.2178,-1.5966,0.0096,0
199673,-8.3993,-4.9955,2.9729,2.1000,-39.7600,-8.8900,0.0718,-1.3596,-0.3040,0
199712,-9.7708,-3.9064,2.5061,-13.7200,-40.0400,-9.3800,-0.4692,-1.3692,-0.3207,0
199751,-8.4519,-3.6024,2.3912,11.4100,-42.0000,-6.6500,0.3902,-1.4362,-0.2274,0
199790,-8.7655,-4.0668,2.6952,-5.8100,-41.5100,-2.5200,-0.1987,-1.4194,-0.0862,0
199829,-9.6416,-3.5593,2.2979,-8.0500,-43.2600,9.3100,-0.2753,-1.4793,0.3184,0
199868,-9.2777,-3.4947,2.3649,3.8500,-37.2400,-5.6700,0.1317,-1.2734,-0.1939,0
199907,-9.5339,-3.5546,2.5588,11.3400,-36.9600,5.6700,0.3878,-1.2638,0.1939,0
199946,-8.8230,-3.1452,2.7718,29.6100,-36.9600,-1.6800,1.0125,-1.2638,-0.0574,0
199985,-8.2940,-2.6833,3.4564,41.3000,-41.7900,-3.3600,1.4122,-1.4290,-0.1149,0
200024,-6.7477,-2.6593,3.6335,65.3800,-48.6500,-12.8100,2.2357,-1.6636,-0.4380,0
200063,-7.9684,-4.5264,5.3091,57.1900,-45.0100,-52.0800,1.9556,-1.5391,-1.7809,0
200102,-9.2083,-6.1660,8.1647,15.1200,-18.2700,-110.8800,0.5170,-0.6247,-3.7915,0
200141,-9.9767,-5.4766,9.3807,-17.5000,-22.7500,-42.2100,-0.5984,-0.7779,-1.4434,0
200180,-7.7841,-4.9620,6.9344,19.7400,-20.3000,-0.5600,0.6750,-0.6942,-0.0191,0
200219,-6.7166,-3.3750,6.0392,10.8500,-23.0300,12.8800,0.3710,-0.7875,0.4404,0
200258,-6.1588,-3.4804,5.5748,-7.6300,-17.9200,8.8900,-0.2609,-0.6128,0.3040,0
200297,-6.4724,-3.9375,5.9554,-24.5000,-8.6800,1.8200,-0.8378,-0.2968,0.0622,0
200336,-7.6573,-4.4785,6.5825,-31.7800,-8.1900,6.6500,-1.0867,-0.2801,0.2274,0
200375,-7.3054,-4.3133,6.0128,6.9300,-19.9500,17.9200,0.2370,-0.6822,0.6128,0
200414,-6.6304,-3.5067,6.0344,16.3100,-26.1100,20.7900,0.5577,-0.8928,0.7109,0
200453,-6.9272,-3.2147,6.4987,-0.1400,-19.1100,8.1200,-0.0048,-0.6535,0.2777,0
200492,-7.2408,-3.0615,6.2809,-0.8400,-20.3700,0.8400,-0.0287,-0.6965,0.0287,0
200531,-7.5591,-3.0639,6.7740,19.2500,-33.0400,-6.2300,0.6583,-1.1298,-0.2130,0
200570,-6.7884,-3.9280,6.8745,22.3300,-26.5300,-14.1400,0.7636,-0.9072,-0.4835,0
200609,-6.2139,-3.7628,6.8745,29.1200,-26.3900,-5.7400,0.9958,-0.9024,-0.1963,0
200648,-5.8165,-3.2147,7.0325,26.2500,-15.3300,-11.2000,0.8976,-0.5242,-0.3830,0
200687,-5.5293,-4.0189,7.4083,4.2700,-0.7700,-18.4100,0.1460,-0.0263,-0.6295,0
200726,-5.5796,-4.0093,7.3245,-7.2800,8.6800,-14.8400,-0.2489,0.2968,-0.5075,0
200765,-5.6921,-3.7149,7.0110,-27.0900,28.1400,-16.9400,-0.9263,0.9622,-0.5793,0
200804,-6.0487,-4.0859,6.6160,-31.5700,33.6700,-14.4200,-1.0795,1.1513,-0.4931,0
200843,-6.4413,-4.3421,6.1014,-27.0200,30.1000,-5.6000,-0.9239,1.0293,-0.1915,0
200882,-6.3048,-4.2296,5.7567,-8.8900,15.6100,2.7300,-0.3040,0.5338,0.0934,0
200921,-6.3958,-3.8921,5.6107,-3.2900,11.6200,0.7000,-0.1125,0.3973,0.0239,0
200960,-6.6639,-4.2343,5.6729,-4.7600,13.0200,-3.7800,-0.1628,0.4452,-0.1293,0
200999,-6.7955,-4.4881,5.4838,-6.9300,9.1000,0.4900,-0.2370,0.3112,0.0168,0
201038,-6.9918,-3.9734,5.8405,1.1900,5.6700,3.3600,0.0407,0.1939,0.1149,0
201077,-6.8291,-4.0476,6.0056,16.4500,3.0100,0.7700,0.5625,0.1029,0.0263,0
201116,-6.3743,-4.2607,5.6777,10.9200,2.8000,-2.5200,0.3734,0.0957,-0.0862,0
201155,-6.5179,-4.2343,5.9314,-2.3800,5.7400,-4.6900,-0.0814,0.1963,-0.1604,0
201194,-6.4820,-4.1937,5.9267,-3.6400,6.5100,-5.2500,-0.1245,0.2226,-0.1795,0
201233,-6.4173,-4.4570,5.6011,-5.7400,4.8300,-4.2700,-0.1963,0.1652,-0.1460,0
201272,-6.5705,-4.2200,5.4814,-7.9800,1.4700,-1.7500,-0.2729,0.0503,-0.0598,0
201311,-6.8291,-4.2391,5.5054,-12.1100,2.6600,-3.2200,-0.4141,0.0910,-0.1101,0
201350,-6.8314,-4.5096,5.3905,-6.9300,1.1900,-0.2100,-0.2370,0.0407,-0.0072,0
201389,-6.7309,-4.3469,5.3641,-0.2100,0.6300,-0.2800,-0.0072,0.0215,-0.0096,0
201428,-6.6687,-4.5336,5.4838,3.6400,0.2800,-1.0500,0.1245,0.0096,-0.0359,0
201467,-6.6352,-4.5192,5.4958,0.4900,0.3500,-0.0700,0.0168,0.0120,-0.0024,0
201506,-6.7477,-4.4546,5.5532,-0.9800,0.7000,0.2800,-0.0335,0.0239,0.0096,0
201545,-6.7596,-4.4163,5.5485,1.0500,0.0000,1.8200,0.0359,0.0000,0.0622,0
201584,-6.7932,-4.4139,5.6849,1.1200,1.1900,0.5600,0.0383,0.0407,0.0191,0
201623,-6.7070,-4.3756,5.4862,2.5200,1.5400,-0.0700,0.0862,0.0527,-0.0024,0
201662,-6.6830,-4.3109,5.4862,2.5900,0.3500,-0.6300,0.0886,0.0120,-0.0215,0
201701,-6.7213,-4.3540,5.5652,1.3300,-0.2800,-1.2600,0.0455,-0.0096,-0.0431,0
201740,-6.7213,-4.4211,5.5030,-0.2800,-1.4000,-1.4700,-0.0096,-0.0479,-0.0503,0
201779,-6.7501,-4.4617,5.5173,-2.2400,-2.8000,-0.2800,-0.0766,-0.0957,-0.0096,0
201818,-6.7213,-4.4450,5.5126,-1.0500,-3.3600,1.1900,-0.0359,-0.1149,0.0407,0
201857,-6.6184,-4.4785,5.5532,-2.5200,-4.0600,1.5400,-0.0862,-0.1388,0.0527,0
201896,-6.6615,-4.4498,5.6873,-6.0900,-4.4800,2.1000,-0.2082,-0.1532,0.0718,0
201935,-6.7357,-4.4761,5.7328,-6.3000,-3.5700,2.3100,-0.2154,-0.1221,0.0790,0
201974,-6.6591,-4.3899,5.6251,-4.0600,-3.1500,2.2400,-0.1388,-0.1077,0.0766,0
202013,-6.6256,-4.4474,5.6131,-2.8000,-2.6600,1.1200,-0.0957,-0.0910,0.0383,0
202052,-6.6759,-4.4976,5.6562,-3.5000,-1.4700,0.4900,-0.1197,-0.0503,0.0168,0
202091,-6.7118,-4.4976,5.6586,-3.5700,-0.4200,0.2800,-0.1221,-0.0144,0.0096,0
202130,-6.6567,-4.5503,5.5891,-4.3400,0.2800,0.3500,-0.1484,0.0096,0.0120,0
202169,-6.6328,-4.4785,5.4886,-3.3600,0.6300,1.2600,-0.1149,0.0215,0.0431,0
202208,-6.7094,-4.5144,5.5317,-1.8200,0.5600,0.2100,-0.0622,0.0191,0.0072,0
202247,-6.7046,-4.5144,5.5580,-0.8400,0.7700,0.0700,-0.0287,0.0263,0.0024,0
202286,-6.7189,-4.5599,5.5341,-1.1200,1.3300,-0.3500,-0.0383,0.0455,-0.0120,0
202325,-6.7237,-4.5575,5.4886,-1.1900,1.0500,0.2800,-0.0407,0.0359,0.0096,0
202364,-6.7261,-4.4881,5.4982,0.4900,0.9100,0.1400,0.0168,0.0311,0.0048,0
202403,-6.7022,-4.5336,5.4383,0.5600,0.9800,-0.5600,0.0191,0.0335,-0.0191,0
202442,-6.7166,-4.5264,5.4407,0.2800,0.2800,-0.4200,0.0096,0.0096,-0.0144,0
202481,-6.7166,-4.5288,5.4455,2.3800,-0.2100,-0.4900,0.0814,-0.0072,-0.0168,0
202520,-6.7094,-4.5336,5.4790,3.2900,-0.7700,-0.3500,0.1125,-0.0263,-0.0120,0
202559,-6.7166,-4.5551,5.5485,3.0800,-0.4900,-0.4900,0.1053,-0.0168,-0.0168,0
202598,-6.6759,-4.5383,5.4719,2.3100,-0.2100,-0.2100,0.0790,-0.0072,-0.0072,0
202637,-6.6878,-4.5000,5.5317,1.3300,-0.2800,-0.0700,0.0455,-0.0096,-0.0024,0
202676,-6.7022,-4.4929,5.5437,0.4900,0.4900,-0.0700,0.0168,0.0168,-0.0024,0
202715,-6.7022,-4.5048,5.5221,0.2100,0.4900,-0.2800,0.0072,0.0168,-0.0096,0
202754,-6.7070,-4.5168,5.5461,0.2100,0.4900,-0.1400,0.0072,0.0168,-0.0048,0
202793,-6.7261,-4.5096,5.5197,-0.3500,0.7700,-0.0700,-0.0120,0.0263,-0.0024,0
202832,-6.7429,-4.4905,5.5102,-0.5600,0.7000,-0.2800,-0.0191,0.0239,-0.0096,0
202871,-6.7501,-4.5072,5.5604,0.4200,0.7700,-0.3500,0.0144,0.0263,-0.0120,0
202910,-6.6830,-4.5120,5.4407,0.5600,0.8400,-0.4200,0.0191,0.0287,-0.0144,0
202949,-6.7070,-4.4857,5.4503,0.0700,0.4900,-0.2800,0.0024,0.0168,-0.0096,0
202988,-6.7596,-4.5096,5.4886,-0.3500,0.4900,-0.7000,-0.0120,0.0168,-0.0239,0
203027,-6.7429,-4.5336,5.4743,0.8400,0.1400,-0.2800,0.0287,0.0048,-0.0096,0
203066,-6.6926,-4.5072,5.4479,1.0500,-0.4200,0.1400,0.0359,-0.0144,0.0048,0
203105,-6.6998,-4.5144,5.4527,0.9100,-0.1400,-0.2800,0.0311,-0.0048,-0.0096,0
203144,-6.7381,-4.5216,5.4719,0.4200,-0.1400,-0.1400,0.0144,-0.0048,-0.0048,0
203183,-6.7429,-4.4905,5.4838,0.5600,-0.8400,0.1400,0.0191,-0.0287,0.0048,0
203222,-6.7357,-4.4665,5.4766,1.6800,-1.1900,0.5600,0.0574,-0.0407,0.0191,0
203261,-6.6878,-4.4976,5.4814,2.0300,-1.2600,0.2100,0.0694,-0.0431,0.0072,0
203300,-6.7477,-4.4857,5.5772,1.4700,-0.7000,0.0000,0.0503,-0.0239,0.0000,0
203339,-6.7118,-4.5000,5.5485,0.9100,-0.2800,-0.1400,0.0311,-0.0096,-0.0048,0
203378,-6.7381,-4.4881,5.5269,-0.1400,0.2800,-0.3500,-0.0048,0.0096,-0.0120,0
203417,-6.7070,-4.4761,5.4886,0.3500,0.0000,-0.1400,0.0120,0.0000,-0.0048,0
203456,-6.7405,-4.4665,5.5293,0.4200,0.1400,-0.2800,0.0144,0.0048,-0.0096,0
203495,-6.7094,-4.4929,5.4766,0.4900,0.0700,-0.3500,0.0168,0.0024,-0.0120,0
203534,-6.7070,-4.4761,5.4743,0.0700,-0.7700,-0.1400,0.0024,-0.0263,-0.0048,0
203573,-6.7357,-4.4713,5.5102,0.4200,-1.2600,0.0700,0.0144,-0.0431,0.0024,0
203612,-6.7405,-4.4737,5.5389,1.4700,-1.4000,0.1400,0.0503,-0.0479,0.0048,0
203651,-6.6902,-4.4737,5.5485,1.1900,-1.4700,0.0700,0.0407,-0.0503,0.0024,0
203690,-6.6950,-4.4713,5.5676,0.3500,-0.8400,-0.2800,0.0120,-0.0287,-0.0096,0
203729,-6.7046,-4.4881,5.5365,-0.3500,-0.5600,-0.2800,-0.0120,-0.0191,-0.0096,0
203768,-6.7189,-4.4857,5.5532,-0.3500,-0.7000,-0.2100,-0.0120,-0.0239,-0.0072,0
203807,-6.7046,-4.4929,5.5485,0.0700,-0.7700,0.1400,0.0024,-0.0263,0.0048,0
203846,-6.6878,-4.4665,5.5269,0.0700,-0.4900,0.0700,0.0024,-0.0168,0.0024,0
203885,-6.7453,-4.4546,5.5652,0.0700,-0.2100,-0.3500,0.0024,-0.0072,-0.0120,0
203924,-6.6998,-4.4976,5.5604,0.5600,-0.3500,-0.3500,0.0191,-0.0120,-0.0120,0
203963,-6.7022,-4.4665,5.5413,0.9100,-0.1400,-0.1400,0.0311,-0.0048,-0.0048,0
204002,-6.7022,-4.4665,5.5149,0.7000,-0.4200,-0.2800,0.0239,-0.0144,-0.0096,0
204041,-6.7022,-4.4809,5.5269,1.5400,-0.7700,-0.1400,0.0527,-0.0263,-0.0048,0
204080,-6.6759,-4.4809,5.5509,1.8200,-0.7700,-0.2100,0.0622,-0.0263,-0.0072,0
204119,-6.6926,-4.4737,5.5724,0.9800,-0.4200,-0.2100,0.0335,-0.0144,-0.0072,0
204158,-6.6950,-4.4785,5.5915,0.9800,-0.3500,-0.0700,0.0335,-0.0120,-0.0024,0
204197,-6.7046,-4.4570,5.5939,0.2100,-0.2800,-0.0700,0.0072,-0.0096,-0.0024,0
204236,-6.6926,-4.4570,5.5604,-0.2100,-0.0700,-0.2800,-0.0072,-0.0024,-0.0096,0
204275,-6.6854,-4.4498,5.5532,0.5600,-0.1400,-0.2800,0.0191,-0.0048,-0.0096,0
204314,-6.6926,-4.4953,5.5461,0.6300,-0.2100,-0.4200,0.0215,-0.0072,-0.0144,0
204353,-6.7022,-4.4665,5.5532,0.7700,-0.3500,-0.2100,0.0263,-0.0120,-0.0072,0
204392,-6.7189,-4.4881,5.5844,0.1400,-0.4200,-0.0700,0.0048,-0.0144,-0.0024,0
204431,-6.6519,-4.4594,5.5389,1.2600,-0.2100,-0.4900,0.0431,-0.0072,-0.0168,0
204470,-6.6830,-4.4594,5.5963,0.4900,-0.3500,-0.4200,0.0168,-0.0120,-0.0144,0
204509,-6.6711,-4.4689,5.5676,0.1400,-0.2800,-0.4200,0.0048,-0.0096,-0.0144,0
204548,-6.6998,-4.5000,5.5987,-1.0500,-0.1400,-0.6300,-0.0359,-0.0048,-0.0215,0
204587,-6.6974,-4.4594,5.5532,-0.8400,-0.2100,-0.2800,-0.0287,-0.0072,-0.0096,0
