timestamp_ms,waist_x,waist_y,waist_z,waist_gx,waist_gy,waist_gz,thigh_x,thigh_y,thigh_z,event_flag
931430,-9.2969,-3.7437,-2.5420,42.3500,13.3700,4.8300,1.4482,0.4572,0.1652,0
931469,-9.1844,-2.9155,-2.2955,43.8200,19.1800,4.5500,1.4984,0.6559,0.1556,0
931508,-9.6583,-3.0591,-1.2471,66.4300,32.7600,-15.1200,2.2716,1.1202,-0.5170,0
931547,-9.3496,-3.0830,-1.2375,52.2900,21.4900,-16.3100,1.7880,0.7348,-0.5577,0
931586,-9.8642,-2.8843,0.2489,42.3500,12.6700,-8.9600,1.4482,0.4332,-0.3064,0
931625,-8.9474,-2.9633,0.3973,57.3300,1.2600,-21.4200,1.9604,0.0431,-0.7325,0
931664,-8.5309,-3.4899,1.6349,60.0600,-0.6300,-0.9100,2.0537,-0.0215,-0.0311,0
931703,-9.5291,-3.1859,0.2585,68.0400,-19.3200,12.4600,2.3266,-0.6606,0.4261,0
931742,-9.4214,-3.0040,0.6702,112.0000,4.0600,-7.1400,3.8298,0.1388,-0.2442,0
931781,-9.5554,-4.0117,0.6439,93.6600,32.6200,-16.3800,3.2027,1.1154,-0.5601,0
931820,-8.7344,-4.0692,-0.2082,32.7600,37.7300,-11.0600,1.1202,1.2902,-0.3782,0
931859,-7.5902,-3.7843,-0.6798,81.3400,37.5200,-52.0800,2.7814,1.2830,-1.7809,0
931898,-7.3078,-3.8131,-0.4093,93.9400,34.3000,-53.8300,3.2123,1.1729,-1.8407,0
931937,-7.2360,-4.2056,0.0670,79.2400,42.6300,-39.2700,2.7096,1.4577,-1.3428,0
931976,-7.7027,-5.2181,1.6085,40.5300,77.3500,-45.0800,1.3859,2.6450,-1.5415,0
932015,-7.0804,-5.7735,0.3375,12.4600,71.9600,-14.3500,0.4261,2.4607,-0.4907,0
932054,-7.5998,-6.2881,-0.0670,28.1400,33.3900,12.1100,0.9622,1.1418,0.4141,0
932093,-8.8014,-6.7764,0.6583,40.4600,28.5600,23.1000,1.3835,0.9766,0.7899,0
932132,-11.1807,-7.3485,2.0466,60.2000,36.0500,2.8000,2.0585,1.2327,0.0957,0
932171,-15.8076,-3.4349,-4.7011,-42.9100,-68.6000,71.7500,-1.4673,-2.3458,2.4535,0
932210,-4.6891,-0.6463,1.6468,87.7100,7.0000,-9.5900,2.9992,0.2394,-0.3279,0
932249,-10.9509,-2.3242,-0.8067,3.8500,10.6400,30.9400,0.1317,0.3638,1.0580,0
932288,-12.4661,-1.7402,-1.8742,37.7300,-17.1500,16.0300,1.2902,-0.5864,0.5481,0
932327,-9.6799,-2.3721,-3.7532,50.0500,-36.2600,4.3400,1.7115,-1.2399,0.1484,0
932366,-7.9445,0.4883,-3.2266,41.5800,-54.1100,2.1700,1.4218,-1.8503,0.0742,0
932405,-8.9307,-1.5990,-0.2489,90.9300,53.2700,-43.4000,3.1093,1.8216,-1.4841,0
932444,-8.7488,-3.4085,1.1418,43.7500,82.4600,-1.8200,1.4960,2.8197,-0.0622,0
932483,-8.6865,-4.1362,2.4295,10.3600,57.8900,29.6800,0.3543,1.9795,1.0149,0
932522,-9.4429,-4.7107,0.6008,5.1100,28.0700,42.4900,0.1747,0.9598,1.4529,0
932561,-9.3711,-3.1333,-1.7234,48.5100,45.4300,-27.3000,1.6588,1.5535,-0.9335,0
932600,-9.2562,-3.2482,1.1466,43.7500,103.1800,-30.2400,1.4960,3.5282,-1.0341,0
932639,-8.3370,-4.5024,4.9740,41.7900,218.1200,-0.6300,1.4290,7.4586,-0.0215,0
932678,-8.4041,-1.3572,-0.3064,-27.6500,75.6700,-28.1400,-0.9455,2.5875,-0.9622,0
932717,-9.5482,-3.4923,-2.0274,-29.1900,-9.9400,-3.5700,-0.9981,-0.3399,-0.1221,0
932756,-10.5224,-3.2386,-3.0663,-5.8800,-10.6400,-64.2600,-0.2011,-0.3638,-2.1974,0
932795,-10.6661,-2.7335,-1.3620,-16.1700,-8.8900,-28.9800,-0.5529,-0.3040,-0.9910,0
932834,-9.7158,-2.5397,-0.7660,10.2200,6.7200,-19.3900,0.3495,0.2298,-0.6630,0
932873,-9.6105,-3.1405,-1.6301,-15.6100,-1.8900,0.7700,-0.5338,-0.0646,0.0263,0
932912,-8.3179,-5.2612,-0.2418,30.2400,-12.6000,-25.6900,1.0341,-0.4309,-0.8785,0
932951,-9.4884,-2.0801,-3.7796,-0.7700,-92.6800,-8.6800,-0.0263,-3.1692,-0.2968,0
932990,-6.6519,-3.8274,-5.9243,98.5600,-79.8700,-21.7000,3.3702,-2.7311,-0.7420,0
933029,-9.7158,-6.2953,-4.3899,51.1000,-42.2100,74.2700,1.7474,-1.4434,2.5397,0
933068,-8.7847,-4.7466,0.5194,59.5700,-20.0200,105.0000,2.0370,-0.6846,3.5905,0
933107,-10.7618,-7.5352,4.5958,82.3900,-18.2000,87.0100,2.8173,-0.6223,2.9753,0
933146,-9.1126,-4.6963,2.3458,-113.1200,-100.3800,67.3400,-3.8681,-3.4325,2.3027,0
933185,-8.7009,-3.0447,1.9843,-105.6300,-81.4100,-31.5000,-3.6120,-2.7838,-1.0771,0
933224,-8.1910,-1.5750,0.6774,-109.9000,-86.8000,-48.9300,-3.7580,-2.9681,-1.6732,0
933263,-7.2791,-1.5750,-1.1992,-152.5300,-58.4500,49.3500,-5.2157,-1.9987,1.6875,0
933302,-7.8559,-1.4649,-1.3428,-107.1000,-30.3100,21.8400,-3.6623,-1.0364,0.7468,0
933341,-8.4472,-1.2950,-1.4051,-81.6200,-41.0200,32.4800,-2.7910,-1.4027,1.1106,0
933380,-9.5961,-2.6665,-0.1484,-83.0900,-11.9000,35.5600,-2.8413,-0.4069,1.2160,0
933419,-10.1921,-2.4200,0.5864,-59.0100,-14.0000,9.3800,-2.0178,-0.4787,0.3207,0
933458,-10.4578,-0.8545,-0.3495,-56.4200,-54.8100,15.0500,-1.9293,-1.8742,0.5146,0
933497,-10.5966,-0.4739,0.6965,-31.7100,-21.9800,34.8600,-1.0843,-0.7516,1.1920,0
933536,-9.6990,0.4045,0.9263,-19.5300,31.2200,12.0400,-0.6678,1.0676,0.4117,0
933575,-16.0685,-3.7652,-1.8527,-224.2800,-11.0600,165.1300,-7.6692,-0.3782,5.6466,0
933614,-8.9833,-4.0213,-2.8795,37.3100,-14.9100,-14.0000,1.2758,-0.5098,-0.4787,0
933653,-9.6655,-4.3684,-2.5373,-21.6300,-29.1900,-36.6100,-0.7396,-0.9981,-1.2519,0
933692,-9.5315,-3.8226,-3.3894,-55.6500,-7.2800,-38.1500,-1.9029,-0.2489,-1.3045,0
933731,-8.4735,0.1029,-1.8910,-19.8800,34.4400,-44.1000,-0.6798,1.1777,-1.5080,0
933770,-8.2796,-1.9819,-3.9663,-13.5100,34.0900,-38.6400,-0.4620,1.1657,-1.3213,0
933809,-7.8942,-3.0710,-1.0891,60.5500,10.2900,-73.5700,2.0705,0.3519,-2.5157,0
933848,-8.8541,-2.7240,-1.1609,62.3000,64.0500,-165.2700,2.1303,2.1902,-5.6514,0
933887,-8.3825,-2.9897,-0.6726,-6.2300,92.2600,-26.1800,-0.2130,3.1548,-0.8952,0
933926,-8.7105,-0.3471,-1.8311,-56.8400,11.4800,78.1200,-1.9436,0.3926,2.6713,0
933965,-9.5028,-2.2596,-2.8173,49.0000,20.0900,-22.1200,1.6755,0.6870,-0.7564,0
934004,-8.6099,-1.7880,-1.3380,115.5700,29.1900,-65.7300,3.9519,0.9981,-2.2476,0
934043,-9.2849,-3.5450,-1.4434,67.2700,56.0700,-78.9600,2.3003,1.9173,-2.7000,0
934082,-8.4113,-2.3170,-2.2907,8.2600,64.6100,-54.3900,0.2824,2.2093,-1.8599,0
934121,-8.1839,-6.3958,-2.9131,0.4900,41.5100,14.4900,0.0168,1.4194,0.4955,0
934160,-10.6062,-4.8399,-3.4085,90.5100,0.7000,86.1700,3.0950,0.0239,2.9466,0
934199,-7.3150,-8.3514,0.4883,144.4800,87.0100,76.8600,4.9405,2.9753,2.6282,0
934238,-6.3048,-5.6897,3.3966,-43.8900,40.0400,175.0000,-1.5008,1.3692,5.9841,0
934277,-9.3879,-8.5549,-0.9527,-23.5900,-72.3800,171.7100,-0.8067,-2.4750,5.8716,0
934316,-11.7432,-4.2942,-6.7237,-140.7700,-125.4400,112.8400,-4.8136,-4.2894,3.8585,0
934355,-8.7894,-0.2035,-1.4745,12.7400,-39.1300,-50.8200,0.4356,-1.3380,-1.7378,0
934394,-9.3783,-1.2423,-2.0873,65.7300,-45.2900,-37.3100,2.2476,-1.5487,-1.2758,0
934433,-8.6578,-0.8354,1.2399,43.5400,-13.0200,-6.3000,1.4888,-0.4452,-0.2154,0
934472,-9.0288,-2.8006,1.5774,2.0300,-9.0300,32.6200,0.0694,-0.3088,1.1154,0
934511,-7.6812,-1.0269,2.7647,57.6800,38.2200,-17.2900,1.9724,1.3069,-0.5912,0
934550,-7.2743,-1.1657,1.6803,30.4500,11.8300,-5.8800,1.0412,0.4045,-0.2011,0
934589,-7.2216,-1.0053,1.4242,25.4800,34.9300,5.6000,0.8713,1.1944,0.1915,0
934628,-9.4597,-2.7910,0.2011,-4.3400,37.7300,5.8100,-0.1484,1.2902,0.1987,0
934667,-7.8775,-1.1298,1.2471,52.2900,36.4000,15.6100,1.7880,1.2447,0.5338,0
934706,-16.9948,-8.7703,2.0849,45.7800,32.4800,89.6700,1.5654,1.1106,3.0663,0
934745,-11.4225,-8.1599,-5.0865,188.3700,-57.8200,-17.9900,6.4413,-1.9771,-0.6152,0
934784,-12.5283,-5.4048,-2.7575,67.9700,-68.9500,35.9100,2.3242,-2.3577,1.2279,0
934823,-11.3435,-1.0197,-4.8902,135.3800,-9.0300,-104.7200,4.6293,-0.3088,-3.5809,0
934862,-7.0325,-0.3351,-1.5990,83.7900,60.3400,-51.6600,2.8652,2.0633,-1.7665,0
934901,-8.2006,0.3327,0.3160,77.9100,54.7400,-3.4300,2.6641,1.8718,-0.1173,0
934940,-11.5613,-3.9734,-0.6511,59.7800,49.0000,24.4300,2.0442,1.6755,0.8354,0
934979,-8.3706,-4.7370,3.0327,234.3600,93.6600,-276.9200,8.0139,3.2027,-9.4692,0
935018,-9.0647,2.3482,-0.3830,-65.5200,72.6600,-128.5200,-2.2404,2.4846,-4.3947,0
935057,-9.7421,-8.3011,-1.8718,-96.6700,-104.6500,282.8700,-3.3056,-3.5785,9.6727,0
935096,-8.6027,-3.6072,1.3596,113.6100,43.5400,-1.5400,3.8849,1.4888,-0.0527,0
935135,-10.3070,-3.1859,-1.7282,39.6900,18.6900,17.8500,1.3572,0.6391,0.6104,0
935174,-9.9958,-1.1370,-1.5128,66.5700,14.7700,-11.2000,2.2764,0.5051,-0.3830,0
935213,-9.5028,-1.9652,-1.0029,89.7400,63.3500,-14.3500,3.0686,2.1662,-0.4907,0
935252,-8.7200,-1.6612,-1.2806,90.0200,30.4500,-14.1400,3.0782,1.0412,-0.4835,0
935291,-9.7421,-1.0556,-1.6827,89.2500,23.1000,-39.8300,3.0519,0.7899,-1.3620,0
935330,-9.2227,-2.1878,-0.6822,81.4100,31.6400,-24.6400,2.7838,1.0819,-0.8426,0
935369,-9.4142,-2.4487,-1.2375,57.2600,20.6500,-12.3900,1.9580,0.7061,-0.4237,0
935408,-9.9647,-3.0758,-2.9155,78.8900,25.2000,-33.6700,2.6976,0.8617,-1.1513,0
935447,-7.8918,-2.9777,-1.9987,82.1100,37.2400,-37.7300,2.8077,1.2734,-1.2902,0
935486,-6.8650,-3.0710,-0.0072,63.7000,34.6500,5.3200,2.1782,1.1849,0.1819,0
935525,-7.6022,-3.5258,0.6726,62.9300,26.8800,4.4100,2.1519,0.9192,0.1508,0
935564,-9.6990,-4.5982,1.4122,18.9000,36.0500,40.5300,0.6463,1.2327,1.3859,0
935603,-13.3733,-6.3025,-0.9503,-31.5000,16.2400,39.7600,-1.0771,0.5553,1.3596,0
935642,-9.0575,-4.6173,-0.4476,43.1200,12.7400,-56.7700,1.4745,0.4356,-1.9412,0
935681,-7.3820,-3.9543,1.1801,73.7800,30.8000,-63.2100,2.5229,1.0532,-2.1615,0
935720,-7.7721,-5.0219,-1.3380,12.0400,5.6000,18.3400,0.4117,0.1915,0.6271,0
935759,-7.5735,-3.9088,-0.7827,11.1300,21.7000,20.7200,0.3806,0.7420,0.7085,0
935798,-8.6291,-4.6245,-0.4596,27.7200,10.6400,-12.3900,0.9479,0.3638,-0.4237,0
935837,-9.0863,-4.4976,0.1101,20.7900,-1.6800,-21.2800,0.7109,-0.0574,-0.7277,0
935876,-8.5980,-4.9453,-1.2447,-25.6200,-13.3000,2.6600,-0.8761,-0.4548,0.0910,0
935915,-8.4424,-4.2918,-1.7330,7.0000,-4.1300,-14.0700,0.2394,-0.1412,-0.4811,0
935954,-8.3945,-4.6748,-1.4960,4.0600,-2.8000,-14.4900,0.1388,-0.0957,-0.4955,0
935993,-8.7727,-4.7801,-1.3380,-9.9400,-4.4100,-1.9600,-0.3399,-0.1508,-0.0670,0
936032,-8.7009,-4.6556,-1.2734,-9.5200,-6.6500,-7.7700,-0.3255,-0.2274,-0.2657,0
936071,-8.6027,-4.0788,-1.4649,-4.0600,-12.1800,-13.1600,-0.1388,-0.4165,-0.4500,0
936110,-8.6602,-4.8256,-1.5439,0.3500,-10.9900,-13.3700,0.0120,-0.3758,-0.4572,0
936149,-8.3945,-4.5216,-1.6468,-7.4200,-2.7300,-8.8200,-0.2537,-0.0934,-0.3016,0
936188,-8.5980,-4.2343,-1.6708,-2.8700,0.8400,-0.7700,-0.0981,0.0287,-0.0263,0
936227,-8.6219,-4.4522,-0.8402,3.7800,2.2400,-7.9100,0.1293,0.0766,-0.2705,0
936266,-8.3969,-4.7370,-0.5936,-2.5200,-2.5200,-14.8400,-0.0862,-0.0862,-0.5075,0
936305,-8.4807,-4.8471,-0.7348,-13.0900,-7.0700,-14.4200,-0.4476,-0.2418,-0.4931,0
936344,-8.4998,-4.4378,-1.3189,0.1400,-8.9600,-17.5700,0.0048,-0.3064,-0.6008,0
936383,-8.4855,-4.7753,-2.0131,1.3300,-6.3000,-9.9400,0.0455,-0.2154,-0.3399,0
936422,-8.3418,-4.8519,-2.2596,11.5500,-4.7600,-13.0900,0.3950,-0.1628,-0.4476,0
936461,-7.6118,-4.7370,-1.5056,16.9400,-1.1200,-6.0200,0.5793,-0.0383,-0.2059,0
936500,-7.5735,-4.0022,-1.6157,12.5300,0.5600,8.1200,0.4285,0.0191,0.2777,0
936539,-7.6716,-4.5910,-1.1896,23.1700,-4.2000,9.6600,0.7923,-0.1436,0.3303,0
936578,-9.1413,-5.2325,-1.6013,2.3800,-7.2100,15.9600,0.0814,-0.2465,0.5457,0
936617,-8.5333,-5.0506,-1.6875,5.4600,-6.6500,15.5400,0.1867,-0.2274,0.5314,0
936656,-8.1168,-5.0243,-1.3237,19.2500,-2.4500,24.4300,0.6583,-0.0838,0.8354,0
936695,-8.8876,-5.3809,-0.7995,14.7000,6.8600,31.2200,0.5027,0.2346,1.0676,0
936734,-9.7517,-5.7543,-0.7468,15.3300,5.1800,22.7500,0.5242,0.1771,0.7779,0
936773,-10.6613,-5.7998,-0.1460,10.2200,11.0600,13.7900,0.3495,0.3782,0.4715,0
936812,-8.0163,-5.6514,-1.8407,50.6100,0.7000,2.6600,1.7306,0.0239,0.0910,0
936851,-6.4006,-4.0955,1.3500,45.3600,11.3400,-0.4200,1.5511,0.3878,-0.0144,0
936890,-7.4706,-4.9692,1.5152,36.8200,2.2400,27.9300,1.2591,0.0766,0.9551,0
936929,-7.7817,-4.4402,1.2710,16.8700,-7.6300,9.3100,0.5769,-0.2609,0.3184,0
936968,-7.4538,-4.5383,0.6918,-6.0200,-10.0100,5.4600,-0.2059,-0.3423,0.1867,0
937007,-7.6357,-5.1008,0.3207,-41.2300,3.7100,20.3700,-1.4099,0.1269,0.6965,0
937046,-7.9636,-4.7155,-1.3141,-80.8500,0.6300,24.2900,-2.7647,0.0215,0.8306,0
937085,-8.7942,-4.7418,-2.8843,-61.1100,-6.0900,17.3600,-2.0896,-0.2082,0.5936,0
937124,-10.8240,-3.5929,-4.1195,-67.2000,-12.5300,19.1100,-2.2979,-0.4285,0.6535,0
937163,-9.3687,-3.6264,-1.1226,22.2600,-16.8700,4.2700,0.7612,-0.5769,0.1460,0
937202,-9.3735,-3.6264,-0.9575,65.5200,6.7900,9.6600,2.2404,0.2322,0.3303,0
937241,-9.7062,-3.8921,0.3638,40.2500,-14.9100,16.6600,1.3763,-0.5098,0.5697,0
937280,-10.0246,-2.6522,0.0981,23.2400,9.3800,14.1400,0.7947,0.3207,0.4835,0
937319,-8.8397,-1.7210,-0.2226,7.0000,-3.2900,-11.9000,0.2394,-0.1125,-0.4069,0
937358,-8.7511,-1.9700,-0.9120,-1.8200,-20.0900,-54.5300,-0.0622,-0.6870,-1.8646,0
937397,-9.3759,-1.7091,-2.6905,-11.6900,-12.3900,-6.5100,-0.3997,-0.4237,-0.2226,0
937436,-8.1862,-1.5702,-2.1184,54.4600,4.9000,21.6300,1.8623,0.1676,0.7396,0
937475,-9.6918,-3.6479,0.3255,66.9900,12.5300,29.3300,2.2907,0.4285,1.0029,0
937514,-10.6541,-3.8442,1.4218,26.3200,-4.2000,2.9400,0.9000,-0.1436,0.1005,0
937553,-7.3365,-2.1758,2.1878,52.5000,-1.6100,-43.4700,1.7952,-0.0551,-1.4865,0
937592,-9.4884,-4.0381,0.4045,-37.1700,-16.5200,-4.9700,-1.2710,-0.5649,-0.1699,0
937631,-8.3658,-2.3314,-0.0144,15.2600,-1.3300,-24.0100,0.5218,-0.0455,-0.8210,0
937670,-6.8267,-3.2314,1.4410,28.0700,-5.8100,-32.3400,0.9598,-0.1987,-1.1059,0
937709,-8.0331,-3.3822,-0.3614,11.2700,-25.6200,13.5800,0.3854,-0.8761,0.4644,0
937748,-7.4203,-3.7317,1.4841,46.3400,-6.7900,-19.3200,1.5846,-0.2322,-0.6606,0
937787,-9.3304,-4.0596,0.4332,8.4000,-33.1100,11.4100,0.2872,-1.1322,0.3902,0
937826,-7.0158,-3.7269,2.2237,58.8000,-19.6700,-12.7400,2.0107,-0.6726,-0.4356,0
937865,-9.2299,-4.2607,2.1854,-2.3800,-23.9400,8.4700,-0.0814,-0.8186,0.2896,0
937904,-8.2245,-3.6790,0.7109,22.8900,-39.2700,10.5000,0.7827,-1.3428,0.3590,0
937943,-6.7884,-2.8676,2.7431,68.0400,-21.7700,-18.2700,2.3266,-0.7444,-0.6247,0
937982,-7.5304,-3.3655,2.3194,21.3500,-35.5600,30.1700,0.7301,-1.2160,1.0317,0
938021,-7.8248,-3.5546,2.1184,18.2000,-54.9500,28.7700,0.6223,-1.8790,0.9838,0
938060,-8.4639,-4.1721,3.3535,73.0100,-64.2600,-21.8400,2.4966,-2.1974,-0.7468,0
938099,-7.4203,-3.3296,3.8897,61.8800,-95.4800,-12.8800,2.1160,-3.2649,-0.4404,0
938138,-8.0259,-4.9764,5.6634,-2.1000,-162.3300,-34.0200,-0.0718,-5.5509,-1.1633,0
938177,-8.0378,-3.2075,6.1277,-15.9600,-109.6200,-9.8700,-0.5457,-3.7484,-0.3375,0
938216,-9.5123,-1.1226,8.7248,-39.5500,-131.2500,44.9400,-1.3524,-4.4881,1.5367,0
938255,-6.3312,-2.3099,6.8650,-57.1900,-81.0600,69.0900,-1.9556,-2.7718,2.3625,0
938294,-6.6639,-4.5862,7.2551,-58.3100,-99.4700,44.0300,-1.9939,-3.4014,1.5056,0
938333,-7.4945,-3.9591,8.7727,-39.2000,-79.3100,26.8800,-1.3404,-2.7120,0.9192,0
938372,-6.4604,-3.7149,8.6003,-22.1200,-64.1200,22.8900,-0.7564,-2.1926,0.7827,0
938411,-6.0200,-4.5623,7.6812,-25.2000,-42.2800,12.2500,-0.8617,-1.4458,0.4189,0
938450,-6.3910,-4.5383,8.3969,-24.4300,-39.2700,13.4400,-0.8354,-1.3428,0.4596,0
938489,-5.7208,-4.1290,8.3634,-18.2700,-44.9400,19.9500,-0.6247,-1.5367,0.6822,0
938528,-5.1056,-4.0453,8.4831,-16.6600,-44.8700,21.0700,-0.5697,-1.5343,0.7205,0
938567,-4.8687,-4.2415,7.7674,-17.0100,-31.7800,14.2800,-0.5817,-1.0867,0.4883,0
938606,-4.6006,-4.2104,7.5783,-16.3800,-9.3100,3.2900,-0.5601,-0.3184,0.1125,0
938645,-4.1314,-3.9878,7.3916,-13.3700,-5.4600,7.2100,-0.4572,-0.1867,0.2465,0
938684,-4.8567,-4.3301,7.7721,-9.9400,-13.3000,10.0100,-0.3399,-0.4548,0.3423,0
938723,-4.4378,-3.7437,7.3030,-5.7400,-10.2900,0.6300,-0.1963,-0.3519,0.0215,0
938762,-4.3780,-4.4211,7.0971,-8.0500,1.1900,-3.8500,-0.2753,0.0407,-0.1317,0
938801,-4.6915,-4.4187,7.2623,-3.5000,10.2200,-11.0600,-0.1197,0.3495,-0.3782,0
938840,-4.6604,-4.4354,7.3150,-2.0300,11.6900,-9.0300,-0.0694,0.3997,-0.3088,0
938879,-4.8663,-4.4426,7.6261,1.4000,15.5400,-7.2100,0.0479,0.5314,-0.2465,0
938918,-5.0721,-4.2966,7.4993,1.8200,26.4600,-12.4600,0.0622,0.9048,-0.4261,0
938957,-4.9764,-4.4522,7.4825,-1.2600,37.6600,-14.7700,-0.0431,1.2878,-0.5051,0
938996,-5.2732,-4.1625,8.0187,-0.7700,40.9500,-15.5400,-0.0263,1.4003,-0.5314,0
939035,-5.8740,-5.0530,6.6591,-2.4500,45.9900,-13.0200,-0.0838,1.5726,-0.4452,0
939074,-6.0392,-4.3062,7.5256,-2.5200,48.5100,-12.2500,-0.0862,1.6588,-0.4189,0
939113,-6.2594,-4.1649,7.6932,-29.6800,58.3800,-33.8800,-1.0149,1.9963,-1.1585,0
939152,-7.5376,-5.7184,7.7530,-34.3700,55.3700,-67.7600,-1.1753,1.8934,-2.3170,0
939191,-7.9086,-5.2995,7.6046,80.5000,62.3700,-105.7700,2.7527,2.1327,-3.6168,0
939230,-7.0373,-5.1774,7.9732,116.9000,59.9200,-47.1800,3.9974,2.0490,-1.6133,0
939269,-5.9673,-5.2469,5.8740,48.8600,71.1900,-12.6700,1.6708,2.4343,-0.4332,0
939308,-6.0966,-4.7250,5.6705,0.4900,65.5900,-9.3100,0.0168,2.2428,-0.3184,0
939347,-5.6634,-4.7274,5.2660,-13.6500,72.8700,-28.2800,-0.4668,2.4918,-0.9670,0
939386,-5.6203,-3.7676,3.4468,-46.5500,84.0700,-21.9100,-1.5918,2.8748,-0.7492,0
939425,-5.4431,-2.7048,2.6234,-23.3800,98.2100,30.3800,-0.7995,3.3583,1.0388,0
939464,-6.8697,-3.8705,1.1849,-26.6000,82.9500,104.0200,-0.9096,2.8365,3.5569,0
939503,-9.0887,-4.3540,2.6641,20.6500,76.0200,46.5500,0.7061,2.5995,1.5918,0
939542,-9.2706,-4.3588,2.8030,38.5700,42.3500,12.3900,1.3189,1.4482,0.4237,0
939581,-7.4466,-2.5684,2.8413,27.5100,31.7800,-15.1900,0.9407,1.0867,-0.5194,0
939620,-6.2235,-3.1644,1.3859,13.2300,28.6300,-2.3100,0.4524,0.9790,-0.0790,0
939659,-5.8333,-2.8676,0.9790,10.9900,22.0500,6.8600,0.3758,0.7540,0.2346,0
939698,-6.5945,-3.1309,0.9503,5.8800,36.2600,28.0000,0.2011,1.2399,0.9575,0
939737,-7.3030,-3.8801,1.1154,4.4100,22.2600,41.4400,0.1508,0.7612,1.4170,0
939776,-7.9612,-4.1362,2.4583,43.6800,11.9700,27.9300,1.4936,0.4093,0.9551,0
939815,-8.1408,-4.0812,2.4607,16.5900,3.7100,10.2200,0.5673,0.1269,0.3495,0
939854,-7.5495,-4.1003,2.4439,-12.4600,7.4900,-7.2800,-0.4261,0.2561,-0.2489,0
939893,-7.3724,-3.8801,1.3548,-75.1800,13.7900,-29.4000,-2.5708,0.4715,-1.0053,0
939932,-7.4490,-5.8907,3.0734,-18.9700,-22.1900,-38.5000,-0.6487,-0.7588,-1.3165,0
939971,-8.5764,-5.6945,3.3296,-28.8400,-31.9900,-66.0800,-0.9862,-1.0939,-2.2596,0
940010,-7.1426,-4.6078,4.0548,55.3000,-22.4000,-109.1300,1.8910,-0.7660,-3.7317,0
940049,-7.1570,-4.6078,2.8604,-6.6500,-37.2400,-38.1500,-0.2274,-1.2734,-1.3045,0
940088,-8.6817,-7.5783,4.6293,-21.0700,-26.3200,-68.5300,-0.7205,-0.9000,-2.3434,0
940127,-7.7410,-8.1862,3.8705,-301.6300,-249.6900,-149.3100,-10.3142,-8.5381,-5.1056,0
940166,-4.1625,-5.5461,-0.5553,-150.4300,-120.7500,-75.6000,-5.1439,-4.1290,-2.5851,0
940205,-5.8213,-7.8751,3.0710,-182.4200,-184.3100,-106.6800,-6.2378,-6.3025,-3.6479,0
940244,-4.8926,-8.1240,2.1998,-156.1700,-141.6800,-93.8000,-5.3402,-4.8447,-3.2075,0
940283,-4.8375,-9.0336,1.3811,-129.8500,-103.6700,-49.7700,-4.4402,-3.5450,-1.7019,0
940322,-4.4929,-9.4333,1.3835,-79.3800,-92.6800,-28.7000,-2.7144,-3.1692,-0.9814,0
940361,-4.1458,-9.8618,1.0819,-4.9000,-46.4800,-43.8200,-0.1676,-1.5894,-1.4984,0
940400,-2.7742,-9.0480,1.1537,-20.7900,-56.8400,-38.8500,-0.7109,-1.9436,-1.3285,0
940439,-3.2817,-10.4865,1.0747,5.6700,-58.3100,-32.6200,0.1939,-1.9939,-1.1154,0
940478,-2.7455,-9.5291,1.2495,28.9800,-63.6300,1.3300,0.9910,-2.1758,0.0455,0
940517,-2.2261,-8.5429,1.4625,32.6200,-56.7000,7.9100,1.1154,-1.9388,0.2705,0
940556,-2.7982,-8.4735,1.6851,-15.8200,-42.5600,-0.9800,-0.5410,-1.4553,-0.0335,0
940595,-2.9035,-9.2562,1.4290,-14.7000,-33.3200,-2.5900,-0.5027,-1.1394,-0.0886,0
940634,-2.5923,-9.3711,2.1088,-15.1900,-22.2600,-12.4600,-0.5194,-0.7612,-0.4261,0
940673,-2.6833,-9.4309,2.3338,10.9900,-14.3500,-15.9600,0.3758,-0.4907,-0.5457,0
940712,-2.6928,-9.3352,2.1974,38.7800,3.0800,-20.5100,1.3261,0.1053,-0.7013,0
940751,-2.4918,-9.9049,2.4152,82.8100,21.2800,-17.0800,2.8317,0.7277,-0.5840,0
940790,-2.4128,-9.5315,3.4516,189.1400,39.0600,7.9100,6.4676,1.3357,0.2705,0
940829,-2.8748,-7.7961,5.2540,226.1700,61.6700,4.3400,7.7339,2.1088,0.1484,0
940868,-2.6952,-6.5969,6.3144,266.6300,97.2300,8.4000,9.1174,3.3248,0.2872,0
940907,-2.9250,-6.1397,6.9727,67.2000,29.6100,14.4900,2.2979,1.0125,0.4955,0
940946,-3.7245,-6.8506,7.0325,24.0800,24.4300,19.8800,0.8234,0.8354,0.6798,0
940985,-4.0620,-6.4509,5.6059,13.0900,24.7100,2.5200,0.4476,0.8450,0.0862,0
941024,-3.2769,-5.3737,6.7118,40.6000,46.9000,-4.8300,1.3883,1.6037,-0.1652,0
941063,-3.9280,-6.2689,6.5490,-23.3100,-2.0300,24.7800,-0.7971,-0.0694,0.8473,0
941102,-3.7389,-5.2181,7.7051,36.7500,42.5600,-11.5500,1.2567,1.4553,-0.3950,0
941141,-4.4234,-6.0535,4.8998,32.2700,33.6700,-3.1500,1.1035,1.1513,-0.1077,0
941180,-3.9974,-5.8907,7.5088,8.8200,39.3400,11.2700,0.3016,1.3452,0.3854,0
941219,-4.0309,-5.6131,6.2019,-33.7400,-14.5600,44.0300,-1.1537,-0.4979,1.5056,0
941258,-4.5982,-6.5059,5.7376,46.2700,19.0400,-17.0100,1.5822,0.6511,-0.5817,0
941297,-4.2008,-6.0559,7.0995,59.3600,53.6900,-48.7900,2.0298,1.8359,-1.6684,0
941336,-4.6245,-5.5102,5.6681,-45.9900,-8.3300,14.0000,-1.5726,-0.2848,0.4787,0
941375,-4.7825,-6.3408,5.2660,0.2800,-8.0500,30.5200,0.0096,-0.2753,1.0436,0
941414,-4.9022,-6.2929,5.3115,1.5400,-9.3800,-7.4200,0.0527,-0.3207,-0.2537,0
941453,-3.8011,-6.8817,4.5455,5.1100,-10.5700,-1.3300,0.1747,-0.3614,-0.0455,0
941492,-4.6844,-6.6687,5.6681,0.2100,6.6500,-8.6100,0.0072,0.2274,-0.2944,0
941531,-4.0955,-5.9626,5.7112,4.0600,1.0500,-8.9600,0.1388,0.0359,-0.3064,0
941570,-4.2894,-5.5915,5.8644,10.7100,12.1100,-9.8700,0.3662,0.4141,-0.3375,0
941609,-4.6700,-6.4963,6.1110,-0.5600,14.1400,0.8400,-0.0191,0.4835,0.0287,0
941648,-4.3277,-5.6993,5.8142,-5.3900,18.7600,-12.5300,-0.1843,0.6415,-0.4285,0
941687,-4.9285,-6.1421,6.0559,7.0700,15.2600,-8.5400,0.2418,0.5218,-0.2920,0
941726,-5.2923,-6.2019,6.4341,11.9000,11.0600,-21.0700,0.4069,0.3782,-0.7205,0
941765,-4.7107,-5.8261,6.1134,14.0700,12.7400,-17.8500,0.4811,0.4356,-0.6104,0
941804,-4.4139,-5.5173,5.9745,13.5800,12.4600,-16.5900,0.4644,0.4261,-0.5673,0
941843,-4.8519,-6.0870,5.7591,-8.0500,9.1000,-20.5800,-0.2753,0.3112,-0.7037,0
941882,-4.4594,-6.3048,5.9745,38.8500,15.6800,-43.4000,1.3285,0.5362,-1.4841,0
941921,-4.5862,-6.9870,5.7423,-28.1400,8.8900,-8.8900,-0.9622,0.3040,-0.3040,0
941960,-4.2056,-6.5753,5.4838,-18.9700,9.5900,8.7500,-0.6487,0.3279,0.2992,0
941999,-4.3397,-6.2091,5.2756,-46.3400,-10.6400,58.5200,-1.5846,-0.3638,2.0011,0
942038,-4.9429,-6.1493,5.5868,-151.4800,-50.8200,63.4900,-5.1798,-1.7378,2.1710,0
942077,-4.6532,-6.4724,4.7610,-325.4300,-53.8300,41.2300,-11.1280,-1.8407,1.4099,0
942116,-4.9716,-8.2581,2.8460,-318.1500,-22.9600,17.4300,-10.8791,-0.7851,0.5960,0
942155,-6.1828,-9.6224,1.0460,-155.9600,9.1000,2.7300,-5.3330,0.3112,0.0934,0
942194,-5.9697,-9.2514,0.7061,-5.2500,24.2900,7.9100,-0.1795,0.8306,0.2705,0
942233,-5.5556,-8.5836,0.5793,135.2400,53.9700,16.3800,4.6245,1.8455,0.5601,0
942272,-5.5509,-8.3323,1.2351,200.2000,75.4600,13.7900,6.8458,2.5803,0.4715,0
942311,-5.3282,-7.8033,2.2500,232.8900,77.9100,11.7600,7.9636,2.6641,0.4021,0
942350,-5.4264,-7.6908,2.3242,238.1400,102.4800,16.4500,8.1432,3.5043,0.5625,0
942389,-6.1110,-6.3958,3.7628,210.0000,95.4100,35.2100,7.1809,3.2625,1.2040,0
942428,-6.5179,-6.1110,4.1314,123.4800,101.4300,19.8800,4.2224,3.4684,0.6798,0
942467,-6.6232,-6.1038,3.4301,-41.5100,51.1700,-13.3700,-1.4194,1.7498,-0.4572,0
942506,-6.5251,-6.3647,3.0256,-24.8500,42.5600,-10.1500,-0.8497,1.4553,-0.3471,0
942545,-6.4604,-6.3982,2.7670,-9.8000,25.6200,-2.1700,-0.3351,0.8761,-0.0742,0
942584,-6.9679,-6.4509,3.0327,-9.5900,18.5500,-5.1100,-0.3279,0.6343,-0.1747,0
942623,-7.0588,-6.2953,2.8867,-0.9100,16.1000,-4.8300,-0.0311,0.5505,-0.1652,0
942662,-7.1187,-6.6041,2.8436,1.9600,12.1800,-5.3900,0.0670,0.4165,-0.1843,0
942701,-6.9583,-6.4748,2.7886,2.5900,4.9000,-1.8900,0.0886,0.1676,-0.0646,0
942740,-6.5993,-6.2953,2.6019,5.8100,-0.9800,-2.2400,0.1987,-0.0335,-0.0766,0
942779,-6.3408,-6.3384,2.5229,10.9200,-2.4500,-5.1800,0.3734,-0.0838,-0.1771,0
942818,-6.2043,-6.3791,2.4870,6.2300,-5.5300,-5.6000,0.2130,-0.1891,-0.1915,0
942857,-6.2019,-6.2618,2.6354,-0.2100,-7.8400,-5.1100,-0.0072,-0.2681,-0.1747,0
942896,-6.3743,-6.7357,2.9250,-0.9100,-5.6000,-9.1000,-0.0311,-0.1915,-0.3112,0
942935,-6.4126,-6.7644,2.9250,-6.0900,-4.9700,-3.5700,-0.2082,-0.1699,-0.1221,0
942974,-6.3240,-6.7788,2.7958,-12.6000,-6.1600,3.7800,-0.4309,-0.2106,0.1293,0
943013,-6.5179,-6.7142,2.9394,-0.7000,-8.8900,5.0400,-0.0239,-0.3040,0.1723,0
943052,-6.6088,-6.5035,2.7814,-5.0400,-13.4400,7.2100,-0.1723,-0.4596,0.2465,0
943091,-6.4844,-6.4006,2.8891,-8.6100,-18.7600,7.2800,-0.2944,-0.6415,0.2489,0
943130,-6.6088,-6.4126,3.0303,-3.0100,-22.7500,8.9600,-0.1029,-0.7779,0.3064,0
943169,-6.5801,-6.3934,3.2218,-1.1200,-22.6100,6.3000,-0.0383,-0.7731,0.2154,0
943208,-6.5418,-6.4126,3.3511,-1.3300,-18.5500,5.0400,-0.0455,-0.6343,0.1723,0
943247,-6.7836,-6.4820,3.5641,-1.8900,-14.7000,1.1900,-0.0646,-0.5027,0.0407,0
943286,-6.7022,-6.4892,3.6096,-2.1000,-14.7700,0.6300,-0.0718,-0.5051,0.0215,0
943325,-6.3767,-6.3743,3.5450,-0.4200,-11.1300,-0.9800,-0.0144,-0.3806,-0.0335,0
943364,-6.3862,-6.7213,3.6718,10.7100,0.6300,-5.6700,0.3662,0.0215,-0.1939,0
943403,-6.6783,-6.6687,3.7700,9.3800,10.5000,-1.2600,0.3207,0.3590,-0.0431,0
943442,-6.4772,-6.3791,3.6790,32.2000,18.7600,6.7200,1.1011,0.6415,0.2298,0
943481,-6.5514,-6.1277,3.4971,28.0700,26.9500,-0.5600,0.9598,0.9216,-0.0191,0
943520,-6.6974,-6.2139,3.4516,10.6400,31.0800,-3.4300,0.3638,1.0628,-0.1173,0
943559,-6.7070,-6.3192,3.3631,3.9200,30.8000,-4.9700,0.1340,1.0532,-0.1699,0
943598,-6.7812,-6.3192,3.0902,-5.5300,29.2600,0.1400,-0.1891,1.0005,0.0048,0
943637,-6.6950,-6.3455,2.9897,-1.5400,28.8400,11.5500,-0.0527,0.9862,0.3950,0
943676,-6.9607,-6.2306,2.7886,-4.6900,20.3700,12.4600,-0.1604,0.6965,0.4261,0
943715,-7.1881,-5.9673,2.8604,6.6500,17.4300,11.4100,0.2274,0.5960,0.3902,0
943754,-7.3389,-5.9578,2.7934,8.4000,19.0400,9.1700,0.2872,0.6511,0.3136,0
943793,-7.3916,-6.0894,2.8532,7.0000,17.2200,3.7800,0.2394,0.5888,0.1293,0
943832,-7.3461,-5.9147,2.8460,15.6800,22.4700,9.8000,0.5362,0.7684,0.3351,0
943871,-7.5136,-5.8070,2.8939,11.2700,22.8900,-16.0300,0.3854,0.7827,-0.5481,0
943910,-7.4059,-6.0152,2.6067,-5.6000,7.7700,-12.4600,-0.1915,0.2657,-0.4261,0
943949,-7.2264,-5.9793,2.3434,-17.7100,7.0000,-15.3300,-0.6056,0.2394,-0.5242,0
943988,-7.0947,-5.9027,2.1758,-12.1800,4.4100,-7.2800,-0.4165,0.1508,-0.2489,0
944027,-7.2216,-6.1038,2.2213,0.4200,5.7400,-3.7800,0.0144,0.1963,-0.1293,0
944066,-7.3006,-6.1086,2.2620,4.4100,2.8700,-6.5800,0.1508,0.0981,-0.2250,0
944105,-7.2264,-6.0966,2.2979,1.4000,1.1200,-6.6500,0.0479,0.0383,-0.2274,0
944144,-7.1737,-6.1253,2.2572,2.9400,2.5900,-5.9500,0.1005,0.0886,-0.2035,0
944183,-7.1474,-6.2163,2.3625,4.2700,0.2800,-8.1200,0.1460,0.0096,-0.2777,0
944222,-7.0277,-6.4245,2.3793,6.1600,2.9400,-9.7300,0.2106,0.1005,-0.3327,0
944261,-6.8602,-6.4796,2.3506,4.3400,4.4100,-7.3500,0.1484,0.1508,-0.2513,0
944300,-6.9703,-6.4724,2.3314,2.4500,7.0000,-5.6000,0.0838,0.2394,-0.1915,0
944339,-6.6543,-6.3767,2.0083,-4.1300,10.5000,0.2800,-0.1412,0.3590,0.0096,0
944378,-7.0684,-6.3168,2.0011,-3.5000,7.6300,-4.2700,-0.1197,0.2609,-0.1460,0
944417,-7.2527,-6.4509,2.2117,-0.6300,2.6600,-4.1300,-0.0215,0.0910,-0.1412,0
944456,-7.2192,-6.2905,1.9867,-5.3200,0.5600,-0.7700,-0.1819,0.0191,-0.0263,0
944495,-6.9463,-6.5131,1.9676,-3.3600,-3.2900,3.5000,-0.1149,-0.1125,0.1197,0
944534,-7.0636,-6.3910,2.0346,-2.5900,-7.3500,6.6500,-0.0886,-0.2513,0.2274,0
944573,-7.0995,-6.4126,2.1998,-2.1000,-8.1900,5.1800,-0.0718,-0.2801,0.1771,0
944612,-7.0086,-6.1373,1.9819,-5.1100,-11.1300,7.5600,-0.1747,-0.3806,0.2585,0
944651,-7.0397,-6.3001,2.1327,-6.3000,-11.0600,2.6600,-0.2154,-0.3782,0.0910,0
944690,-7.0708,-6.4269,2.3721,-2.7300,-11.8300,0.2800,-0.0934,-0.4045,0.0096,0
944729,-7.2288,-6.0607,2.0513,-8.1900,-12.8800,2.2400,-0.2801,-0.4404,0.0766,0
944768,-7.0924,-6.5299,2.2907,-6.5800,-14.2800,3.5700,-0.2250,-0.4883,0.1221,0
944807,-7.1977,-6.3503,2.4439,0.1400,-19.6000,6.5100,0.0048,-0.6702,0.2226,0
944846,-6.9655,-6.2737,2.6186,-2.2400,-20.6500,5.4600,-0.0766,-0.7061,0.1867,0
944885,-7.0804,-6.3312,2.8006,-6.4400,-15.1900,-1.1900,-0.2202,-0.5194,-0.0407,0
944924,-7.1570,-6.0272,2.7096,-0.7000,-7.7700,-4.9000,-0.0239,-0.2657,-0.1676,0
944963,-7.1259,-6.5969,2.8532,11.1300,3.0100,-7.6300,0.3806,0.1029,-0.2609,0
945002,-7.0660,-6.4197,2.8436,4.1300,7.7700,-0.4900,0.1412,0.2657,-0.0168,0
945041,-6.9463,-6.2785,2.5708,7.6300,12.1800,3.7100,0.2609,0.4165,0.1269,0
945080,-6.9822,-6.1971,2.4032,9.5900,12.1100,3.5000,0.3279,0.4141,0.1197,0
945119,-6.9463,-6.1253,2.2979,7.8400,6.9300,2.8700,0.2681,0.2370,0.0981,0
945158,-7.1594,-6.2283,2.4487,7.7000,1.5400,-1.7500,0.2633,0.0527,-0.0598,0
945197,-7.1402,-6.2067,2.5205,3.9900,-3.3600,-0.0700,0.1364,-0.1149,-0.0024,0
945236,-6.9248,-6.2306,2.6139,5.7400,-7.6300,1.3300,0.1963,-0.2609,0.0455,0
945275,-6.9966,-6.1804,2.6952,3.5700,-7.6300,1.8200,0.1221,-0.2609,0.0622,0
945314,-7.0493,-6.1732,2.8269,3.4300,-5.8100,2.8000,0.1173,-0.1987,0.0957,0
945353,-7.1307,-6.0894,2.8436,0.2800,-1.6100,2.3100,0.0096,-0.0551,0.0790,0
945392,-7.1809,-6.0894,2.8604,0.8400,1.8900,0.7000,0.0287,0.0646,0.0239,0
945431,-7.2168,-6.1612,2.8580,1.4000,3.9900,-0.7000,0.0479,0.1364,-0.0239,0
945470,-7.1259,-6.0918,2.7407,-1.0500,5.1800,2.3100,-0.0359,0.1771,0.0790,0
945509,-7.0756,-6.1517,2.6354,-1.8900,4.9000,2.7300,-0.0646,0.1676,0.0934,0
945548,-7.1115,-6.2115,2.6234,-5.3200,4.2700,2.8000,-0.1819,0.1460,0.0957,0
945587,-7.1043,-6.1062,2.5133,-1.9600,2.0300,7.7700,-0.0670,0.0694,0.2657,0
945626,-7.2001,-5.9578,2.6019,-2.5900,0.3500,3.8500,-0.0886,0.0120,0.1317,0
945665,-7.3030,-5.9386,2.6282,-0.7700,0.5600,-2.5900,-0.0263,0.0191,-0.0886,0
945704,-7.2719,-6.0607,2.6617,0.3500,1.8200,-8.6800,0.0120,0.0622,-0.2968,0
945743,-7.3198,-6.2043,2.6330,0.9100,4.2000,-9.5900,0.0311,0.1436,-0.3279,0
945782,-7.2743,-6.2474,2.5588,3.5700,3.0100,-5.1800,0.1221,0.1029,-0.1771,0
945821,-7.0876,-6.1708,2.5133,2.5900,-0.0700,-0.9100,0.0886,-0.0024,-0.0311,0
945860,-6.9990,-6.1636,2.4272,1.0500,-1.9600,-0.7000,0.0359,-0.0670,-0.0239,0
945899,-6.9344,-6.1708,2.5014,2.9400,-5.3200,-1.4700,0.1005,-0.1819,-0.0503,0
945938,-6.9894,-6.2306,2.6689,3.0800,-5.1100,-1.9600,0.1053,-0.1747,-0.0670,0
945977,-6.9894,-6.2378,2.6952,3.5700,-3.2900,0.9100,0.1221,-0.1125,0.0311,0
946016,-7.0349,-6.1971,2.7192,2.2400,-0.6300,1.1200,0.0766,-0.0215,0.0383,0
946055,-7.0062,-6.1876,2.6665,1.4000,1.8900,2.0300,0.0479,0.0646,0.0694,0
946094,-7.0541,-6.1493,2.6545,1.6800,3.2900,1.1900,0.0574,0.1125,0.0407,0
946133,-7.2049,-6.1373,2.6617,1.4000,3.0100,1.6800,0.0479,0.1029,0.0574,0
946172,-7.1809,-6.0775,2.6234,1.5400,2.2400,1.6100,0.0527,0.0766,0.0551,0
946211,-7.1259,-6.0583,2.5492,2.3800,0.7700,0.4200,0.0814,0.0263,0.0144,0
946250,-7.1139,-6.0846,2.5420,1.0500,-2.0300,-0.9800,0.0359,-0.0694,-0.0335,0
946289,-7.1187,-6.1205,2.6091,0.6300,-4.7600,-0.2100,0.0215,-0.1628,-0.0072,0
946328,-7.1642,-6.1086,2.7120,0.2100,-6.1600,0.4900,0.0072,-0.2106,0.0168,0
946367,-7.1378,-6.1349,2.7670,-0.1400,-5.8800,-0.2800,-0.0048,-0.2011,-0.0096,0
946406,-7.1426,-6.1660,2.8221,0.9100,-4.4100,-1.1900,0.0311,-0.1508,-0.0407,0
946445,-7.1474,-6.0751,2.7934,2.3100,-3.2900,-0.9100,0.0790,-0.1125,-0.0311,0
946484,-7.1522,-6.1062,2.8341,3.5000,-2.1700,-3.2200,0.1197,-0.0742,-0.1101,0
946523,-7.1498,-5.9961,2.8963,1.8200,-0.0700,-4.3400,0.0622,-0.0024,-0.1484,0
946562,-7.1977,-6.1756,2.9059,2.4500,3.2900,-10.2900,0.0838,0.1125,-0.3519,0
946601,-6.8769,-6.1205,2.6857,-4.2000,4.5500,-11.6200,-0.1436,0.1556,-0.3973,0
946640,-7.3652,-6.2402,2.7551,2.8000,5.9500,-13.9300,0.0957,0.2035,-0.4763,0
946679,-6.8650,-6.1756,2.5373,-7.0700,1.8200,-13.3700,-0.2418,0.0622,-0.4572,0
946718,-6.1971,-6.4389,2.5373,-6.0200,0.0700,-14.4900,-0.2059,0.0024,-0.4955,0
946757,-6.5322,-6.8338,2.6258,1.6100,7.9800,-10.0100,0.0551,0.2729,-0.3423,0
946796,-6.5969,-6.6687,2.5014,-10.5000,4.9700,-2.5200,-0.3590,0.1699,-0.0862,0
946835,-6.5897,-6.6208,2.4439,4.6200,2.3100,2.5900,0.1580,0.0790,0.0886,0
946874,-6.8314,-6.5658,2.6067,6.0900,4.5500,2.5200,0.2082,0.1556,0.0862,0
946913,-6.9751,-6.4245,2.5827,0.5600,3.0800,0.7700,0.0191,0.1053,0.0263,0
946952,-6.9703,-6.5466,2.6689,-1.0500,2.6600,0.4900,-0.0359,0.0910,0.0168,0
946991,-6.8267,-6.5322,2.4535,-6.1600,1.1200,2.2400,-0.2106,0.0383,0.0766,0
947030,-6.6974,-6.2498,2.3051,-0.8400,-0.4200,2.5200,-0.0287,-0.0144,0.0862,0
947069,-6.3623,-6.6160,2.2716,11.9700,-1.4000,0.8400,0.4093,-0.0479,0.0287,0
947108,-6.8243,-6.4102,2.4726,4.4100,-12.2500,-8.2600,0.1508,-0.4189,-0.2824,0
947147,-7.0804,-6.1756,2.8652,-16.5200,-29.8200,-16.5900,-0.5649,-1.0197,-0.5673,0
947186,-6.8650,-7.0636,2.8700,-28.2800,-22.2600,-38.5700,-0.9670,-0.7612,-1.3189,0
947225,-6.7740,-7.0828,2.5803,-33.8100,-12.8800,-24.9900,-1.1561,-0.4404,-0.8545,0
947264,-6.1876,-7.2216,2.3721,-11.6200,-17.1500,-3.9900,-0.3973,-0.5864,-0.1364,0
947303,-5.7160,-6.8362,2.2165,-30.3100,-31.5700,1.5400,-1.0364,-1.0795,0.0527,0
947342,-5.8333,-6.8626,2.4439,-26.8800,-36.0500,-2.8700,-0.9192,-1.2327,-0.0981,0
947381,-5.9171,-6.9440,2.5971,-32.9700,-38.2900,-16.2400,-1.1274,-1.3093,-0.5553,0
947420,-5.7735,-7.2791,2.4367,-53.7600,-10.2200,-27.1600,-1.8383,-0.3495,-0.9287,0
947459,-5.7519,-7.4227,2.0250,-38.9900,-12.0400,-24.0100,-1.3333,-0.4117,-0.8210,0
947498,-5.8812,-8.4519,2.0394,-24.1500,-17.9900,-26.9500,-0.8258,-0.6152,-0.9216,0
947537,-5.5748,-8.2150,1.9484,-21.9100,-33.3900,-17.0800,-0.7492,-1.1418,-0.5840,0
947576,-5.2110,-7.9182,1.7186,-36.8200,-23.8700,-9.9400,-1.2591,-0.8162,-0.3399,0
947615,-5.1415,-7.9612,2.0418,-24.9200,-33.6000,-14.0000,-0.8521,-1.1489,-0.4787,0
947654,-5.0386,-8.3347,2.0107,-10.9200,-8.8900,4.1300,-0.3734,-0.3040,0.1412,0
947693,-5.2253,-8.3299,1.7330,-10.0800,-1.0500,21.7000,-0.3447,-0.0359,0.7420,0
947732,-5.0961,-7.9062,1.5295,-17.5000,-15.4000,25.6200,-0.5984,-0.5266,0.8761,0
947771,-5.4072,-7.9708,1.7928,-33.1800,-22.1900,10.9200,-1.1346,-0.7588,0.3734,0
947810,-5.8118,-8.0091,2.1088,-12.7400,-13.9300,-3.8500,-0.4356,-0.4763,-0.1317,0
947849,-5.6610,-7.9134,1.9987,20.8600,7.2800,9.0300,0.7133,0.2489,0.3088,0
947888,-5.3522,-7.6166,1.8072,46.9000,26.3900,18.2000,1.6037,0.9024,0.6223,0
947927,-5.4814,-7.6573,1.8479,42.9100,22.8900,-1.1200,1.4673,0.7827,-0.0383,0
947966,-5.5341,-7.7458,1.9532,31.4300,15.6100,-10.5000,1.0747,0.5338,-0.3590,0
948005,-5.6418,-7.7721,2.1974,23.5200,4.9000,-6.3000,0.8043,0.1676,-0.2154,0
948044,-5.5221,-7.7171,2.3697,27.7200,4.8300,1.3300,0.9479,0.1652,0.0455,0
948083,-5.6298,-7.7410,2.3410,23.9400,8.6100,7.5600,0.8186,0.2944,0.2585,0
948122,-5.7830,-7.5567,2.5516,27.5800,-5.5300,17.0100,0.9431,-0.1891,0.5817,0
948161,-5.7112,-7.2958,2.8101,26.7400,-5.1800,17.9200,0.9144,-0.1771,0.6128,0
948200,-5.7328,-7.1713,2.9346,21.7700,5.2500,0.0700,0.7444,0.1795,0.0024,0
948239,-5.7878,-7.1690,2.8724,19.0400,14.4900,-4.9000,0.6511,0.4955,-0.1676,0
948278,-5.7352,-7.1690,2.7886,14.7700,18.2700,-0.8400,0.5051,0.6247,-0.0287,0
948317,-5.6825,-7.2360,2.6617,-0.9100,8.0500,-2.1700,-0.0311,0.2753,-0.0742,0
948356,-5.7352,-7.3150,2.7359,-3.2200,1.1200,2.1000,-0.1101,0.0383,0.0718,0
948395,-5.9386,-7.3102,2.6952,-8.6100,-1.8200,5.7400,-0.2944,-0.0622,0.1963,0
948434,-6.0727,-7.0924,2.7192,-17.0800,-9.7300,8.4700,-0.5840,-0.3327,0.2896,0
948473,-6.1373,-7.2479,2.7647,-17.7800,-5.5300,3.2900,-0.6080,-0.1891,0.1125,0
948512,-6.0032,-7.2288,2.6713,-17.5700,-3.7800,-6.7200,-0.6008,-0.1293,-0.2298,0
948551,-6.0775,-7.4706,2.6881,-6.2300,1.6100,-7.0000,-0.2130,0.0551,-0.2394,0
948590,-6.0703,-7.3796,2.6928,8.9600,5.6700,1.6800,0.3064,0.1939,0.0574,0
948629,-6.1181,-7.3796,2.7359,21.4200,6.3700,7.5600,0.7325,0.2178,0.2585,0
948668,-6.0392,-7.0780,2.9035,26.5300,10.4300,3.4300,0.9072,0.3567,0.1173,0
948707,-5.8165,-7.1019,2.9131,25.8300,32.2700,-7.2100,0.8833,1.1035,-0.2465,0
948746,-6.2809,-7.6429,2.5373,-2.9400,23.5900,7.6300,-0.1005,0.8067,0.2609,0
948785,-5.7950,-6.8434,2.3290,6.3700,3.5000,2.8000,0.2178,0.1197,0.0957,0
948824,-5.8907,-6.9727,2.2357,7.1400,15.7500,-7.9800,0.2442,0.5386,-0.2729,0
948863,-5.8118,-6.9870,2.0035,-14.4200,-0.4900,1.0500,-0.4931,-0.0168,0.0359,0
948902,-6.2546,-7.3868,2.3338,-6.8600,-10.0800,4.9700,-0.2346,-0.3447,0.1699,0
948941,-6.3192,-7.3341,2.2907,-21.5600,-29.4000,15.2600,-0.7372,-1.0053,0.5218,0
948980,-6.3001,-7.2815,2.4439,-36.1200,-43.9600,8.8200,-1.2351,-1.5032,0.3016,0
949019,-6.3503,-7.2049,2.8006,-32.6900,-47.0400,-1.4700,-1.1178,-1.6085,-0.0503,0
949058,-6.3695,-7.1594,2.7551,-4.4800,-21.9800,-5.3200,-0.1532,-0.7516,-0.1819,0
949097,-6.3072,-7.2647,2.9322,41.1600,5.3900,-10.2200,1.4075,0.1843,-0.3495,0
949136,-5.6705,-7.1929,2.6905,33.0400,14.2800,-7.8400,1.1298,0.4883,-0.2681,0
949175,-5.2469,-7.0517,2.4008,7.8400,10.9900,-3.3600,0.2681,0.3758,-0.1149,0
949214,-6.0918,-7.4107,2.8221,2.1700,5.3900,-3.1500,0.0742,0.1843,-0.1077,0
949253,-6.0439,-7.2958,2.7982,7.2100,5.6000,0.3500,0.2465,0.1915,0.0120,0
949292,-6.0583,-7.2168,2.6952,8.1200,11.1300,6.0200,0.2777,0.3806,0.2059,0
949331,-5.8453,-7.2025,2.5349,1.8200,6.9300,3.0800,0.0622,0.2370,0.1053,0
949370,-5.7902,-7.0229,2.4726,-9.3800,-0.2100,11.2000,-0.3207,-0.0072,0.3830,0
949409,-6.1325,-7.0493,2.6354,-20.8600,-11.5500,0.3500,-0.7133,-0.3950,0.0120,0
949448,-6.4269,-7.1378,2.7240,-18.4800,-12.6000,-7.2100,-0.6319,-0.4309,-0.2465,0
949487,-6.1971,-7.1211,2.7168,-11.4100,-3.9900,-12.3900,-0.3902,-0.1364,-0.4237,0
949526,-5.8237,-7.1905,2.4702,0.0700,4.1300,-14.2100,0.0024,0.1412,-0.4859,0
949565,-5.7902,-7.1737,2.3577,2.4500,7.6300,-17.0800,0.0838,0.2609,-0.5840,0
949604,-5.7615,-7.7219,2.6665,17.6400,6.6500,-21.3500,0.6032,0.2274,-0.7301,0
949643,-5.8189,-7.9589,2.9538,36.0500,14.1400,-10.6400,1.2327,0.4835,-0.3638,0
949682,-5.6873,-7.7650,2.6043,20.1600,10.8500,16.5900,0.6894,0.3710,0.5673,0
949721,-5.7495,-7.3772,2.5349,16.2400,-11.4100,39.1300,0.5553,-0.3902,1.3380,0
949760,-5.7136,-6.9966,2.7479,4.8300,-25.5500,37.3100,0.1652,-0.8737,1.2758,0
949799,-6.0942,-6.9320,2.8652,-27.2300,-37.3800,31.2200,-0.9311,-1.2782,1.0676,0
949838,-6.4341,-6.9846,2.8748,-53.4100,-39.1300,25.7600,-1.8263,-1.3380,0.8809,0
949877,-6.2235,-6.8745,2.8724,-72.3800,-48.0900,28.4200,-2.4750,-1.6444,0.9718,0
949916,-6.2905,-7.0541,2.8221,-78.5400,-35.8400,-2.8700,-2.6857,-1.2255,-0.0981,0
949955,-6.2163,-7.1546,2.7718,-48.3000,-22.1900,-10.5000,-1.6516,-0.7588,-0.3590,0
949994,-6.1588,-7.4011,2.5229,-8.4700,-5.5300,-5.3200,-0.2896,-0.1891,-0.1819,0
950033,-6.0152,-7.3987,2.2979,-3.3600,-11.2700,9.3800,-0.1149,-0.3854,0.3207,0
950072,-6.0727,-7.1307,2.5636,-24.5000,-17.7800,6.4400,-0.8378,-0.6080,0.2202,0
950111,-6.2713,-7.1618,2.3649,-25.0600,-14.0700,7.9800,-0.8569,-0.4811,0.2729,0
950150,-6.5634,-7.2384,2.2141,-51.1700,-22.4000,12.6000,-1.7498,-0.7660,0.4309,0
950189,-6.6854,-7.4251,2.2476,-40.3200,-48.9300,-1.2600,-1.3787,-1.6732,-0.0431,0
950228,-5.8692,-7.4107,2.3769,5.6700,-46.7600,-9.9400,0.1939,-1.5990,-0.3399,0
950267,-5.0721,-7.2432,2.4966,40.7400,-27.2300,3.1500,1.3931,-0.9311,0.1077,0
950306,-5.3833,-7.3437,2.8101,36.3300,1.4700,-1.8900,1.2423,0.0503,-0.0646,0
950345,-5.8213,-7.1618,3.1788,51.6600,17.0800,-10.5000,1.7665,0.5840,-0.3590,0
950384,-5.6657,-6.9152,3.4133,89.6700,41.2300,-14.2100,3.0663,1.4099,-0.4859,0
950423,-5.9458,-7.0182,3.4708,99.0500,67.3400,-5.4600,3.3870,2.3027,-0.1867,0
950462,-6.2306,-6.8578,3.5665,86.3100,66.2900,1.8200,2.9514,2.2668,0.0622,0
950501,-6.3671,-6.4102,3.8155,78.1200,60.1300,-2.5200,2.6713,2.0561,-0.0862,0
950540,-6.8554,-6.3910,3.9830,48.9300,71.9600,-6.8600,1.6732,2.4607,-0.2346,0
950579,-7.4825,-7.0014,3.7077,7.9800,61.8800,6.0900,0.2729,2.1160,0.2082,0
950618,-6.8578,-6.0583,3.2218,-12.3200,20.6500,4.0600,-0.4213,0.7061,0.1388,0
950657,-6.0296,-5.7280,2.6282,-2.1700,20.9300,3.3600,-0.0742,0.7157,0.1149,0
950696,-7.0947,-6.3527,2.8101,3.7800,38.3600,-7.2800,0.1293,1.3117,-0.2489,0
950735,-7.0995,-6.2187,2.8436,-8.6100,21.4900,-0.2800,-0.2944,0.7348,-0.0096,0
950774,-6.5801,-5.9554,2.5756,0.5600,9.8000,-1.9600,0.0191,0.3351,-0.0670,0
950813,-6.7022,-6.0966,2.5827,0.8400,16.7300,-8.2600,0.0287,0.5721,-0.2824,0
950852,-7.3987,-6.4365,2.6976,-5.2500,25.3400,-7.0700,-0.1795,0.8665,-0.2418,0
950891,-7.1881,-6.3958,2.3003,-3.9900,21.3500,6.8600,-0.1364,0.7301,0.2346,0
950930,-6.6950,-6.2306,2.1016,3.9900,6.2300,8.6800,0.1364,0.2130,0.2968,0
950969,-7.2455,-6.2306,2.3769,0.7000,-9.6600,4.7600,0.0239,-0.3303,0.1628,0
951008,-7.2144,-6.0535,2.4583,-9.3800,-14.8400,0.9100,-0.3207,-0.5075,0.0311,0
951047,-7.1690,-6.1876,2.5827,-20.1600,-18.3400,-3.7100,-0.6894,-0.6271,-0.1269,0
951086,-7.0397,-6.3048,2.4798,-20.0200,-17.7100,-3.2200,-0.6846,-0.6056,-0.1101,0
951125,-6.9463,-6.3647,2.5253,-18.6200,-20.6500,-1.9600,-0.6367,-0.7061,-0.0670,0
951164,-6.8793,-6.3886,2.4918,-16.2400,-26.0400,-3.5700,-0.5553,-0.8904,-0.1221,0
951203,-6.7381,-6.2857,2.4391,-12.8100,-30.3800,-6.3700,-0.4380,-1.0388,-0.2178,0
951242,-6.9033,-6.7357,3.0208,7.1400,-19.9500,-2.6600,0.2442,-0.6822,-0.0910,0
951281,-6.9368,-6.9296,3.4301,17.9200,-12.8800,1.5400,0.6128,-0.4404,0.0527,0
951320,-6.6663,-6.9009,3.4588,17.5000,-10.7100,2.8000,0.5984,-0.3662,0.0957,0
951359,-6.6041,-6.5634,3.1955,5.7400,-15.4000,0.0700,0.1963,-0.5266,0.0024,0
951398,-6.5275,-6.3025,2.8772,-9.3100,-19.8800,3.3600,-0.3184,-0.6798,0.1149,0
951437,-6.6711,-6.3791,3.3367,-5.0400,-20.1600,1.8200,-0.1723,-0.6894,0.0622,0
951476,-6.7596,-6.3671,3.4827,-0.5600,-7.5600,-0.2100,-0.0191,-0.2585,-0.0072,0
951515,-6.7309,-6.3623,3.3631,6.2300,5.6700,1.1200,0.2130,0.1939,0.0383,0
951554,-6.7166,-6.3072,3.1788,8.9600,10.7100,5.9500,0.3064,0.3662,0.2035,0
951593,-6.5227,-6.2713,3.1141,3.1500,3.4300,-0.9800,0.1077,0.1173,-0.0335,0
951632,-6.7477,-6.5586,3.2314,-2.6600,0.8400,-7.2800,-0.0910,0.0287,-0.2489,0
951671,-6.8243,-6.3408,3.2171,3.5000,-1.5400,3.2900,0.1197,-0.0527,0.1125,0
951710,-6.5011,-6.1995,3.1476,7.0700,-2.9400,7.1400,0.2418,-0.1005,0.2442,0
951749,-6.6184,-6.2929,3.2697,-4.4100,-7.4900,-4.4100,-0.1508,-0.2561,-0.1508,0
951788,-6.8003,-6.4365,3.5210,-2.3100,0.1400,-8.7500,-0.0790,0.0048,-0.2992,0
951827,-6.9918,-6.3312,3.5378,25.7600,15.2600,-0.4200,0.8809,0.5218,-0.0144,0
951866,-6.4820,-6.2809,3.1285,9.2400,16.1000,-1.4700,0.3160,0.5505,-0.0503,0
951905,-6.4628,-6.2713,3.0303,-6.3000,4.9000,-5.3200,-0.2154,0.1676,-0.1819,0
951944,-6.7572,-6.4102,3.3248,3.7800,4.7600,-2.5200,0.1293,0.1628,-0.0862,0
951983,-7.0445,-6.3910,3.5450,9.6600,6.1600,-0.2100,0.3303,0.2106,-0.0072,0
952022,-6.5346,-6.3025,3.3056,9.5900,8.5400,0.3500,0.3279,0.2920,0.0120,0
952061,-6.7166,-6.3025,3.3343,5.0400,21.7000,-5.4600,0.1723,0.7420,-0.1867,0
952100,-7.1067,-6.5370,3.2075,-3.9900,25.4800,-7.8400,-0.1364,0.8713,-0.2681,0
952139,-6.6998,-6.3838,2.8484,-1.7500,14.2800,3.2900,-0.0598,0.4883,0.1125,0
952178,-6.6017,-6.0344,2.5756,-1.1900,8.4700,4.6900,-0.0407,0.2896,0.1604,0
952217,-6.6735,-6.1947,2.6234,2.5900,0.7000,-1.9600,0.0886,0.0239,-0.0670,0
952256,-6.7405,-6.4078,2.8532,7.0700,-0.6300,-3.3600,0.2418,-0.0215,-0.1149,0
952295,-6.4652,-6.0822,2.6234,15.6100,-5.6700,6.0200,0.5338,-0.1939,0.2059,0
952334,-7.0014,-6.5658,3.1740,20.8600,-14.0000,9.4500,0.7133,-0.4787,0.3231,0
952373,-7.0876,-6.0176,3.5881,25.4100,-19.7400,15.1200,0.8689,-0.6750,0.5170,0
952412,-7.0900,-5.8261,3.6120,19.8100,-11.8300,10.7800,0.6774,-0.4045,0.3686,0
952451,-6.9751,-5.9578,3.6982,10.1500,-9.8700,5.6000,0.3471,-0.3375,0.1915,0
952490,-7.1067,-5.9697,3.9375,14.8400,-7.8400,5.3200,0.5075,-0.2681,0.1819,0
952529,-7.1067,-5.6657,3.9232,12.0400,-3.0100,1.2600,0.4117,-0.1029,0.0431,0
952568,-6.8147,-5.7567,3.9423,13.3000,8.3300,-7.2800,0.4548,0.2848,-0.2489,0
952607,-6.8386,-5.9650,3.8226,11.9700,18.2000,-3.7100,0.4093,0.6223,-0.1269,0
952646,-6.8650,-5.4336,3.4109,5.3200,16.8000,0.7000,0.1819,0.5745,0.0239,0
952685,-6.7788,-5.7878,3.4851,7.0000,15.4000,-11.0600,0.2394,0.5266,-0.3782,0
952724,-7.0373,-5.9482,3.5234,1.9600,7.9800,-2.3100,0.0670,0.2729,-0.0790,0
952763,-6.8913,-5.7950,3.6240,6.0900,-2.8700,6.4400,0.2082,-0.0981,0.2202,0
952802,-7.1091,-5.6131,3.7484,1.4000,-0.9800,0.3500,0.0479,-0.0335,0.0120,0
952841,-7.0277,-5.7567,3.5713,-3.8500,2.4500,-6.2300,-0.1317,0.0838,-0.2130,0
952880,-7.0588,-5.8309,3.5737,-2.9400,1.6100,-8.8200,-0.1005,0.0551,-0.3016,0
952919,-7.0325,-5.8836,3.5522,-4.6200,-5.6000,-5.9500,-0.1580,-0.1915,-0.2035,0
952958,-6.5442,-5.9482,3.4373,-6.1600,-8.9600,-1.1900,-0.2106,-0.3064,-0.0407,0
952997,-6.7237,-5.9817,3.5091,-2.5200,-9.8700,-1.6100,-0.0862,-0.3375,-0.0551,0
953036,-6.9535,-5.9793,3.6575,0.0000,-13.0200,1.9600,0.0000,-0.4452,0.0670,0
953075,-6.8386,-5.9027,3.7580,1.3300,-18.4800,7.2800,0.0455,-0.6319,0.2489,0
953114,-6.7764,-5.8860,3.8226,3.2200,-21.4900,10.0800,0.1101,-0.7348,0.3447,0
953153,-6.7644,-5.6801,3.9615,4.1300,-22.2600,9.1700,0.1412,-0.7612,0.3136,0
953192,-6.6711,-5.8165,4.2008,3.5000,-18.7600,4.4100,0.1197,-0.6415,0.1508,0
953231,-6.8123,-5.7040,4.3349,1.0500,-16.3800,3.9200,0.0359,-0.5601,0.1340,0
953270,-6.7070,-5.6801,4.4091,4.9000,-17.5700,1.4000,0.1676,-0.6008,0.0479,0
953309,-6.6711,-5.9171,4.5288,3.0800,-13.5100,-4.4800,0.1053,-0.4620,-0.1532,0
953348,-6.5394,-5.6849,4.3349,-2.2400,-11.9000,0.6300,-0.0766,-0.4069,0.0215,0
953387,-6.2450,-5.6801,4.2607,-1.5400,-12.7400,2.1000,-0.0527,-0.4356,0.0718,0
953426,-6.1852,-5.6107,4.4474,-1.1900,-12.3200,1.9600,-0.0407,-0.4213,0.0670,0
953465,-6.5059,-6.0679,4.6269,4.6200,-4.6200,1.5400,0.1580,-0.1580,0.0527,0
953504,-6.7189,-5.6801,4.8064,-1.1200,-8.9600,5.7400,-0.0383,-0.3064,0.1963,0
953543,-6.5969,-5.5389,4.8615,4.9000,-1.7500,3.4300,0.1676,-0.0598,0.1173,0
953582,-6.8291,-5.6777,4.8830,-1.6800,5.8800,-9.1000,-0.0574,0.2011,-0.3112,0
953621,-6.3503,-5.6801,4.4833,-4.6900,13.8600,-1.8200,-0.1604,0.4739,-0.0622,0
953660,-6.5011,-5.7759,4.2966,-4.9000,14.5600,-8.0500,-0.1676,0.4979,-0.2753,0
953699,-6.5227,-5.8165,4.2535,9.3800,7.7000,-4.3400,0.3207,0.2633,-0.1484,0
953738,-6.4844,-5.5437,4.2128,3.7100,5.0400,-1.6100,0.1269,0.1723,-0.0551,0
953777,-6.6878,-5.8931,4.6389,9.3800,9.4500,-7.6300,0.3207,0.3231,-0.2609,0
953816,-6.8817,-5.9171,4.5192,-1.5400,15.9600,-4.1300,-0.0527,0.5457,-0.1412,0
953855,-6.4916,-5.7663,4.0093,-3.8500,8.5400,5.6000,-0.1317,0.2920,0.1915,0
953894,-6.4197,-5.6538,4.0476,7.7000,-0.0700,-0.5600,0.2633,-0.0024,-0.0191,0
953933,-6.6208,-5.8740,4.2343,2.3100,0.6300,-4.9000,0.0790,0.0215,-0.1676,0
953972,-6.5897,-5.7160,4.1721,-0.9100,-3.9900,0.3500,-0.0311,-0.1364,0.0120,0
954011,-6.6735,-5.8501,4.3516,0.9100,-4.6900,-0.7700,0.0311,-0.1604,-0.0263,0
954050,-6.5777,-5.7878,4.2200,0.0000,-5.6700,4.2700,0.0000,-0.1939,0.1460,0
954089,-6.6136,-5.8309,4.4306,3.3600,-11.7600,3.6400,0.1149,-0.4021,0.1245,0
954128,-6.5777,-5.7088,4.4641,3.2200,-14.1400,6.9300,0.1101,-0.4835,0.2370,0
954167,-6.4173,-5.6346,4.4761,4.9000,-14.0700,4.7600,0.1676,-0.4811,0.1628,0
954206,-6.6878,-5.6370,4.8878,2.8700,-10.2200,-2.7300,0.0981,-0.3495,-0.0934,0
954245,-6.6926,-5.5748,4.7801,0.3500,-1.9600,-5.9500,0.0120,-0.0670,-0.2035,0
954284,-6.4580,-5.6849,4.5120,-5.9500,-0.0700,-7.8400,-0.2035,-0.0024,-0.2681,0
954323,-6.1445,-5.8453,4.2774,-5.6700,-5.5300,-5.8100,-0.1939,-0.1891,-0.1987,0
954362,-6.2570,-5.9075,4.3708,-3.7100,-9.5900,-2.5900,-0.1269,-0.3279,-0.0886,0
954401,-6.0870,-5.7759,4.4426,2.0300,-17.9200,3.6400,0.0694,-0.6128,0.1245,0
954440,-6.0032,-5.8142,4.7729,1.0500,-15.4700,0.9100,0.0359,-0.5290,0.0311,0
954479,-6.2857,-5.8477,5.0769,-3.8500,-3.7100,-2.4500,-0.1317,-0.1269,-0.0838,0
954518,-6.3048,-5.9147,4.8112,1.4700,2.9400,-1.3300,0.0503,0.1005,-0.0455,0
954557,-6.4461,-5.7926,4.8591,-8.4700,6.7200,-5.5300,-0.2896,0.2298,-0.1891,0
954596,-6.3072,-5.8884,4.6987,-9.7300,10.7100,-8.3300,-0.3327,0.3662,-0.2848,0
954635,-6.3431,-6.1804,4.6580,-12.1800,11.5500,-10.3600,-0.4165,0.3950,-0.3543,0
954674,-6.1014,-6.0918,4.2128,-10.4300,14.4200,-3.2200,-0.3567,0.4931,-0.1101,0
954713,-5.8094,-6.0272,3.7820,-11.2000,9.3100,6.0200,-0.3830,0.3184,0.2059,0
954752,-5.8979,-6.0344,3.8968,-3.7100,-0.0700,13.6500,-0.1269,-0.0024,0.4668,0
954791,-6.3862,-5.8955,4.2750,-21.0000,-13.0900,8.7500,-0.7181,-0.4476,0.2992,0
954830,-6.5873,-6.0631,4.2942,-38.0100,-17.1500,-4.8300,-1.2997,-0.5864,-0.1652,0
954869,-6.6112,-6.1971,4.1123,-40.1100,-16.9400,-7.3500,-1.3716,-0.5793,-0.2513,0
954908,-6.1636,-6.5705,3.8226,-52.9200,-13.6500,-8.0500,-1.8096,-0.4668,-0.2753,0
954947,-6.0344,-6.4006,3.6862,-59.0100,-23.5200,0.0000,-2.0178,-0.8043,0.0000,0
954986,-5.8644,-7.0517,3.2889,-102.4100,-32.4800,-6.0200,-3.5019,-1.1106,-0.2059,0
955025,-5.8453,-7.1187,3.2506,-90.7200,-31.9900,-7.0000,-3.1022,-1.0939,-0.2394,0
955064,-5.7088,-7.6309,2.6665,-76.7200,-14.3500,-9.3100,-2.6234,-0.4907,-0.3184,0
955103,-6.0463,-7.6979,2.7790,-56.1400,-8.8900,-1.3300,-1.9197,-0.3040,-0.0455,0
955142,-5.8812,-7.5471,2.3697,-17.3600,-0.2800,2.2400,-0.5936,-0.0096,0.0766,0
955181,-6.0415,-7.4897,2.1878,-5.3200,8.1200,-0.2800,-0.1819,0.2777,-0.0096,0
955220,-6.0559,-7.5208,2.1447,-4.9700,0.8400,1.6800,-0.1699,0.0287,0.0574,0
955259,-5.6035,-7.2288,1.9915,-4.9000,-1.2600,4.3400,-0.1676,-0.0431,0.1484,0
955298,-5.9434,-7.6046,2.0250,-16.8000,2.3100,-2.5900,-0.5745,0.0790,-0.0886,0
955337,-6.2953,-7.7889,2.3338,-13.9300,1.8900,1.4700,-0.4763,0.0646,0.0503,0
955376,-6.1110,-7.6836,2.4846,31.4300,13.4400,19.9500,1.0747,0.4596,0.6822,0
955415,-6.0822,-7.2503,2.4870,106.1900,39.2700,20.4400,3.6312,1.3428,0.6989,0
955454,-6.5634,-7.0205,2.8700,109.7600,51.5200,15.1200,3.7532,1.7617,0.5170,0
955493,-6.1971,-6.5275,2.8700,87.0800,50.1200,2.8000,2.9777,1.7138,0.0957,0
955532,-6.5945,-6.7620,3.0495,44.9400,48.5100,3.1500,1.5367,1.6588,0.1077,0
955571,-6.8578,-6.7716,3.2458,3.2900,33.0400,-2.8000,0.1125,1.1298,-0.0957,0
955610,-6.9248,-6.4509,3.0112,-3.1500,29.8900,-3.3600,-0.1077,1.0221,-0.1149,0
955649,-7.1522,-6.8219,3.0519,-11.7600,29.3300,-21.2800,-0.4021,1.0029,-0.7277,0
955688,-6.7836,-6.4676,2.6881,1.1200,38.1500,-19.8800,0.0383,1.3045,-0.6798,0
955727,-6.1421,-7.9660,2.1088,26.5300,53.6200,-3.7800,0.9072,1.8335,-0.1293,0
955766,-6.5897,-6.7788,2.5085,14.4900,60.0600,-8.9600,0.4955,2.0537,-0.3064,0
955805,-5.9865,-6.6567,2.0801,-0.2800,57.9600,-15.2600,-0.0096,1.9819,-0.5218,0
955844,-5.8357,-6.7836,0.7564,5.1100,52.0800,-26.0400,0.1747,1.7809,-0.8904,0
955883,-6.2019,-6.8075,0.7157,7.3500,44.9400,-26.3200,0.2513,1.5367,-0.9000,0
955922,-6.5658,-7.5280,0.5003,13.1600,30.4500,-12.0400,0.4500,1.0412,-0.4117,0
955961,-6.3910,-7.1809,0.3519,-3.1500,6.5800,3.7800,-0.1077,0.2250,0.1293,0
956000,-6.2426,-7.1546,0.6439,9.5200,-5.4600,17.7800,0.3255,-0.1867,0.6080,0
956039,-6.3192,-7.0038,0.9144,12.3200,-14.2800,21.6300,0.4213,-0.4883,0.7396,0
956078,-6.5753,-6.3168,1.3524,-2.8700,-24.5000,19.4600,-0.0981,-0.8378,0.6654,0
956117,-6.9392,-6.5993,1.6708,23.0300,-21.3500,4.2700,0.7875,-0.7301,0.1460,0
956156,-7.3389,-7.3820,2.3601,-3.0800,-9.1000,-5.5300,-0.1053,-0.3112,-0.1891,0
956195,-6.4604,-6.9224,1.7737,-10.5700,-4.5500,6.5100,-0.3614,-0.1556,0.2226,0
956234,-6.5203,-6.7884,1.3476,5.1800,0.2100,13.7200,0.1771,0.0072,0.4692,0
956273,-6.9248,-6.8530,1.6732,-8.6800,-5.2500,16.3100,-0.2968,-0.1795,0.5577,0
956312,-6.9751,-6.6256,1.4817,-2.4500,-0.3500,14.1400,-0.0838,-0.0120,0.4835,0
956351,-7.4323,-6.2785,1.4960,-6.7900,-7.2800,8.4000,-0.2322,-0.2489,0.2872,0
956390,-7.5400,-6.4150,1.7282,-2.1700,-12.1100,2.1700,-0.0742,-0.4141,0.0742,0
956429,-7.2240,-6.4485,1.7282,-5.3200,-14.0700,-1.7500,-0.1819,-0.4811,-0.0598,0
956468,-6.8267,-6.5011,1.6684,0.0000,-14.5600,-5.4600,0.0000,-0.4979,-0.1867,0
956507,-7.0732,-6.6854,1.8934,3.7100,-14.6300,-6.7200,0.1269,-0.5003,-0.2298,0
956546,-7.2767,-6.7333,2.1591,4.7600,-12.7400,-1.1200,0.1628,-0.4356,-0.0383,0
956585,-7.2120,-6.5873,2.1303,6.6500,-9.3800,0.0000,0.2274,-0.3207,0.0000,0
956624,-6.7070,-6.5514,1.9939,5.8800,-6.9300,2.0300,0.2011,-0.2370,0.0694,0
956663,-6.8147,-6.6519,2.0035,2.2400,-5.6000,-1.6800,0.0766,-0.1915,-0.0574,0
956702,-6.9511,-6.5825,2.1232,2.4500,-7.2100,0.6300,0.0838,-0.2465,0.0215,0
956741,-6.9559,-6.5538,2.3147,9.3800,-7.3500,0.1400,0.3207,-0.2513,0.0048,0
956780,-6.9535,-6.5921,2.4439,5.4600,-0.3500,-2.7300,0.1867,-0.0120,-0.0934,0
956819,-6.7142,-6.5346,2.2404,1.4700,6.7900,-5.5300,0.0503,0.2322,-0.1891,0
956858,-6.7501,-6.6184,2.1567,2.7300,9.3100,-6.3000,0.0934,0.3184,-0.2154,0
956897,-6.8769,-6.6471,2.1710,2.6600,8.6100,-3.9900,0.0910,0.2944,-0.1364,0
956936,-6.7955,-6.6591,2.1351,1.9600,8.1900,-1.9600,0.0670,0.2801,-0.0670,0
956975,-6.8626,-6.7166,2.0801,0.1400,9.0300,-2.6600,0.0048,0.3088,-0.0910,0
957014,-6.8937,-6.6854,2.0513,-1.5400,6.6500,0.0700,-0.0527,0.2274,0.0024,0
957053,-6.8171,-6.5705,2.0011,0.2800,4.7600,-0.4900,0.0096,0.1628,-0.0168,0
957092,-6.7477,-6.6088,1.9317,1.8200,4.4800,-1.7500,0.0622,0.1532,-0.0598,0
957131,-6.7716,-6.6400,1.9269,1.5400,3.1500,-2.3100,0.0527,0.1077,-0.0790,0
957170,-6.8506,-6.7118,1.9221,1.1900,-0.1400,-0.0700,0.0407,-0.0048,-0.0024,0
957209,-6.8314,-6.7094,1.9628,1.4700,-1.4700,1.3300,0.0503,-0.0503,0.0455,0
957248,-6.8650,-6.6663,1.9939,1.1900,-2.8000,1.8200,0.0407,-0.0957,0.0622,0
957287,-6.8291,-6.6256,1.9987,1.6100,-3.4300,1.6800,0.0551,-0.1173,0.0574,0
957326,-6.8291,-6.6495,2.0609,1.6800,-3.2900,1.1900,0.0574,-0.1125,0.0407,0
957365,-6.8697,-6.6160,2.0920,1.5400,-2.3100,1.5400,0.0527,-0.0790,0.0527,0
957404,-6.8865,-6.5897,2.0944,0.6300,-1.0500,1.0500,0.0215,-0.0359,0.0359,0
957443,-6.8482,-6.6208,2.0609,0.6300,-0.1400,0.6300,0.0215,-0.0048,0.0215,0
957482,-6.9104,-6.6280,2.0657,0.6300,-0.6300,1.1200,0.0215,-0.0215,0.0383,0
957521,-6.9655,-6.5897,2.1184,0.7700,-0.6300,0.7700,0.0263,-0.0215,0.0263,0
957560,-6.9057,-6.5873,2.0825,1.0500,-0.0700,0.0700,0.0359,-0.0024,0.0024,0
957599,-6.8530,-6.6112,2.0561,0.9800,-0.3500,-0.2800,0.0335,-0.0120,-0.0096,0
957638,-6.9009,-6.6041,2.0729,1.1200,-0.8400,-0.2100,0.0383,-0.0287,-0.0072,0
957677,-6.8817,-6.5993,2.0896,0.9800,-0.9100,0.0000,0.0335,-0.0311,0.0000,0
957716,-6.9200,-6.6184,2.1184,1.4000,-0.5600,-0.1400,0.0479,-0.0191,-0.0048,0
957755,-6.9272,-6.5921,2.1279,1.1900,-0.1400,-0.3500,0.0407,-0.0048,-0.0120,0
957794,-6.8793,-6.6041,2.1136,0.9800,0.6300,-0.7700,0.0335,0.0215,-0.0263,0
957833,-6.8530,-6.6064,2.0705,0.7700,1.1200,-0.6300,0.0263,0.0383,-0.0215,0
957872,-6.8817,-6.6041,2.0801,0.8400,0.9100,-0.2800,0.0287,0.0311,-0.0096,0
957911,-6.8458,-6.6112,2.0657,1.2600,0.5600,-0.2800,0.0431,0.0191,-0.0096,0
957950,-6.8482,-6.6208,2.0657,0.8400,-0.0700,0.5600,0.0287,-0.0024,0.0191,0
957989,-6.9104,-6.5801,2.1016,0.4200,-0.3500,1.0500,0.0144,-0.0120,0.0359,0
958028,-6.9104,-6.5969,2.0753,1.1200,-0.0700,0.2800,0.0383,-0.0024,0.0096,0
958067,-6.8769,-6.5873,2.0777,1.1900,-0.5600,0.2800,0.0407,-0.0191,0.0096,0
958106,-6.8362,-6.5921,2.0561,0.6300,-0.9800,0.2800,0.0215,-0.0335,0.0096,0
958145,-6.8721,-6.6017,2.0753,0.3500,-1.4000,0.7700,0.0120,-0.0479,0.0263,0
958184,-6.9368,-6.5777,2.1016,1.0500,-2.0300,1.0500,0.0359,-0.0694,0.0359,0
958223,-6.9535,-6.5442,2.1351,1.6100,-2.7300,1.3300,0.0551,-0.0934,0.0455,0
958262,-6.9679,-6.5275,2.1710,1.2600,-1.8900,0.2800,0.0431,-0.0646,0.0096,0
958301,-6.9463,-6.5442,2.1471,0.1400,-0.8400,-0.8400,0.0048,-0.0287,-0.0287,0
958340,-6.9128,-6.5538,2.1375,0.2100,-0.7000,-0.9800,0.0072,-0.0239,-0.0335,0
958379,-6.9057,-6.5873,2.1519,0.0700,-0.4200,-1.4000,0.0024,-0.0144,-0.0479,0
958418,-6.8721,-6.6112,2.1471,0.0700,0.0700,-1.1900,0.0024,0.0024,-0.0407,0
958457,-6.8793,-6.6112,2.1279,-0.2800,0.3500,-0.4900,-0.0096,0.0120,-0.0168,0
958496,-6.9104,-6.5969,2.1279,-0.1400,0.2100,-0.1400,-0.0048,0.0072,-0.0048,0
958535,-6.8554,-6.5705,2.1016,0.0700,0.2800,-0.7000,0.0024,0.0096,-0.0239,0
958574,-6.8195,-6.5801,2.0633,-0.2800,0.3500,-0.7000,-0.0096,0.0120,-0.0239,0
958613,-6.8362,-6.5969,2.0729,-0.2800,-0.5600,-0.2800,-0.0096,-0.0191,-0.0096,0
958652,-6.9152,-6.6112,2.1112,0.0000,-1.3300,-0.1400,0.0000,-0.0455,-0.0048,0
958691,-6.9559,-6.5969,2.1399,0.5600,-1.4000,0.4900,0.0191,-0.0479,0.0168,0
958730,-6.9176,-6.5897,2.1303,0.4200,-1.0500,0.2100,0.0144,-0.0359,0.0072,0
958769,-6.8410,-6.5897,2.0968,0.7700,-0.6300,0.0000,0.0263,-0.0215,0.0000,0
958808,-6.8674,-6.5729,2.1016,0.2800,-0.3500,-0.0700,0.0096,-0.0120,-0.0024,0
958847,-6.8841,-6.5825,2.1160,-0.1400,-0.0700,0.0700,-0.0048,-0.0024,0.0024,0
958886,-6.8961,-6.5873,2.1136,0.1400,0.2100,-0.0700,0.0048,0.0072,-0.0024,0
958925,-6.9176,-6.5729,2.0873,0.2800,-0.1400,-0.3500,0.0096,-0.0048,-0.0120,0
958964,-6.8841,-6.6160,2.0849,0.4200,-0.5600,0.2800,0.0144,-0.0191,0.0096,0
959003,-6.9463,-6.5658,2.1375,0.3500,-0.7700,0.8400,0.0120,-0.0263,0.0287,0
959042,-6.8889,-6.5681,2.1088,0.9800,-0.1400,-0.0700,0.0335,-0.0048,-0.0024,0
959081,-6.8291,-6.5801,2.0849,2.1700,0.0700,-0.4200,0.0742,0.0024,-0.0144,0
959120,-6.8841,-6.5897,2.0825,1.4700,-0.2800,-0.2100,0.0503,-0.0096,-0.0072,0
959159,-6.9200,-6.5849,2.1040,0.9800,-0.9800,0.3500,0.0335,-0.0335,0.0120,0
959198,-6.9033,-6.5921,2.1208,0.7000,-1.3300,0.5600,0.0239,-0.0455,0.0191,0
959237,-6.8961,-6.5610,2.1232,1.2600,-1.5400,0.7000,0.0431,-0.0527,0.0239,0
959276,-6.8769,-6.5801,2.1423,1.4000,-1.6800,-0.1400,0.0479,-0.0574,-0.0048,0
959315,-6.9057,-6.5729,2.1591,1.0500,-1.3300,0.0000,0.0359,-0.0455,0.0000,0
959354,-6.9009,-6.5634,2.1686,0.9100,-0.9800,0.2100,0.0311,-0.0335,0.0072,0
959393,-6.9344,-6.5658,2.1782,1.1200,-0.4200,-0.4200,0.0383,-0.0144,-0.0144,0
959432,-6.9104,-6.5729,2.1758,0.8400,0.1400,-0.7700,0.0287,0.0048,-0.0263,0
959471,-6.8338,-6.5753,2.1303,0.9800,0.0700,-0.3500,0.0335,0.0024,-0.0120,0
959510,-6.8291,-6.5969,2.1208,0.6300,-0.4900,-0.2100,0.0215,-0.0168,-0.0072,0
959549,-6.9152,-6.5705,2.1686,0.7000,-0.9800,0.6300,0.0239,-0.0335,0.0215,0
959588,-6.9200,-6.5586,2.1830,0.7000,-0.5600,0.4200,0.0239,-0.0191,0.0144,0
959627,-6.8793,-6.5514,2.1543,1.2600,-0.2100,-0.0700,0.0431,-0.0072,-0.0024,0
959666,-6.8506,-6.5634,2.1375,1.1900,-0.1400,-0.1400,0.0407,-0.0048,-0.0048,0
959705,-6.9033,-6.5729,2.1686,0.4200,-0.8400,-0.1400,0.0144,-0.0287,-0.0048,0
959744,-6.9128,-6.5681,2.1662,0.4900,-1.3300,0.7700,0.0168,-0.0455,0.0263,0
959783,-6.9176,-6.5442,2.1830,1.3300,-1.7500,0.7000,0.0455,-0.0598,0.0239,0
959822,-6.9176,-6.5490,2.2261,1.1200,-1.1900,-0.1400,0.0383,-0.0407,-0.0048,0
959861,-6.9176,-6.5562,2.2261,0.4200,0.0700,-0.7000,0.0144,0.0024,-0.0239,0
959900,-6.9248,-6.5562,2.2069,0.7000,0.7700,-0.7700,0.0239,0.0263,-0.0263,0
959939,-6.9009,-6.5634,2.1878,0.8400,1.0500,-0.7700,0.0287,0.0359,-0.0263,0
959978,-6.8793,-6.5514,2.1758,1.0500,1.1900,-0.8400,0.0359,0.0407,-0.0287,0
960017,-6.8913,-6.5705,2.1615,0.4900,1.1200,-0.9100,0.0168,0.0383,-0.0311,0
960056,-6.8602,-6.5562,2.1543,0.5600,0.2800,-0.2100,0.0191,0.0096,-0.0072,0
960095,-6.8602,-6.5897,2.1543,0.5600,0.2100,-0.2800,0.0191,0.0072,-0.0096,0
960134,-6.9128,-6.5681,2.1758,0.5600,-0.0700,0.2100,0.0191,-0.0024,0.0072,0
960173,-6.9104,-6.5466,2.1830,0.3500,0.4900,-0.3500,0.0120,0.0168,-0.0120,0
960212,-6.8865,-6.5705,2.1591,1.1200,1.1200,-0.7000,0.0383,0.0383,-0.0239,0
960251,-6.8386,-6.5777,2.1208,0.8400,0.4200,-0.1400,0.0287,0.0144,-0.0048,0
960290,-6.8841,-6.5729,2.1136,0.2800,-0.6300,0.2100,0.0096,-0.0215,0.0072,0
960329,-6.9152,-6.5514,2.1543,0.2100,-1.7500,0.9800,0.0072,-0.0598,0.0335,0
960368,-6.9152,-6.5538,2.1662,0.4200,-2.2400,0.7700,0.0144,-0.0766,0.0263,0
960407,-6.9057,-6.5490,2.1902,0.9100,-2.1000,0.2800,0.0311,-0.0718,0.0096,0
960446,-6.9033,-6.5610,2.1950,0.7000,-1.6800,-0.2100,0.0239,-0.0574,-0.0072,0
960485,-6.8961,-6.5586,2.1950,0.9800,-1.4000,0.3500,0.0335,-0.0479,0.0120,0
960524,-6.9272,-6.5418,2.2021,0.5600,-0.8400,0.2800,0.0191,-0.0287,0.0096,0
960563,-6.8697,-6.5442,2.1854,0.7700,-0.6300,0.1400,0.0263,-0.0215,0.0048,0
960602,-6.9033,-6.5634,2.2069,1.1900,-0.4900,-0.4200,0.0407,-0.0168,-0.0144,0
960641,-6.9272,-6.5562,2.1926,0.7000,-0.7700,-0.2100,0.0239,-0.0263,-0.0072,0
960680,-6.8841,-6.5586,2.2021,0.5600,-0.8400,0.4900,0.0191,-0.0287,0.0168,0
960719,-6.9080,-6.5275,2.2069,1.3300,-1.4000,0.8400,0.0455,-0.0479,0.0287,0
960758,-6.9152,-6.5011,2.2285,1.5400,-1.3300,-0.0700,0.0527,-0.0455,-0.0024,0
960797,-6.8937,-6.5275,2.2165,1.4700,-0.7000,-0.9800,0.0503,-0.0239,-0.0335,0
960836,-6.8291,-6.5466,2.2021,1.4000,-0.9800,-0.3500,0.0479,-0.0335,-0.0120,0
960875,-6.9272,-6.5777,2.2237,0.4200,-1.6800,-0.7700,0.0144,-0.0574,-0.0263,0
960914,-6.9152,-6.5466,2.2476,1.2600,-2.5200,1.5400,0.0431,-0.0862,0.0527,0
960953,-6.8769,-6.4796,2.2404,1.4000,-2.8000,1.6100,0.0479,-0.0957,0.0551,0
960992,-6.8937,-6.5203,2.2883,0.7700,-2.4500,-0.0700,0.0263,-0.0838,-0.0024,0
961031,-6.9104,-6.5227,2.2907,0.4900,-1.8200,-0.2800,0.0168,-0.0622,-0.0096,0
961070,-6.8721,-6.5299,2.2907,0.7700,-1.5400,-0.2800,0.0263,-0.0527,-0.0096,0
961109,-6.8889,-6.5394,2.3003,1.0500,-1.4700,-0.0700,0.0359,-0.0503,-0.0024,0
961148,-6.9463,-6.5466,2.3290,0.7000,-1.1200,0.2800,0.0239,-0.0383,0.0096,0
961187,-6.8865,-6.5035,2.3170,0.7000,-0.7700,0.1400,0.0239,-0.0263,0.0048,0
961226,-6.8865,-6.5059,2.2955,0.4200,-0.3500,-0.7000,0.0144,-0.0120,-0.0239,0
961265,-6.8793,-6.5466,2.3075,0.5600,-0.3500,-0.8400,0.0191,-0.0120,-0.0287,0
961304,-6.8650,-6.5418,2.2955,0.9800,-0.4900,-0.1400,0.0335,-0.0168,-0.0048,0
961343,-6.9152,-6.5107,2.3123,-0.0700,-0.8400,0.1400,-0.0024,-0.0287,0.0048,0
961382,-6.8674,-6.5083,2.3123,0.4900,-0.7000,0.0700,0.0168,-0.0239,0.0024,0
961421,-6.8482,-6.5394,2.2979,0.2800,-0.0700,-0.9800,0.0096,-0.0024,-0.0335,0
961460,-6.8554,-6.5322,2.2931,0.2100,-0.1400,-0.3500,0.0072,-0.0048,-0.0120,0
961499,-6.9033,-6.5514,2.3027,0.2100,-0.4900,-0.2100,0.0072,-0.0168,-0.0072,0
961538,-6.9128,-6.5227,2.3027,0.2100,-0.7000,0.3500,0.0072,-0.0239,0.0120,0
961577,-6.9057,-6.5275,2.3242,0.2100,-0.5600,-0.2100,0.0072,-0.0191,-0.0072,0
961616,-6.8602,-6.5251,2.2955,0.5600,-0.2100,-0.2100,0.0191,-0.0072,-0.0072,0
961655,-6.8434,-6.5346,2.2811,0.9100,-0.4200,-0.3500,0.0311,-0.0144,-0.0120,0
961694,-6.8865,-6.5370,2.3123,0.9800,-0.6300,-0.3500,0.0335,-0.0215,-0.0120,0
961733,-6.9033,-6.5346,2.3147,0.5600,-0.6300,0.1400,0.0191,-0.0215,0.0048,0
961772,-6.8745,-6.5299,2.3266,0.6300,-0.4900,0.1400,0.0215,-0.0168,0.0048,0
961811,-6.9200,-6.5299,2.3362,0.4900,-0.1400,-0.7000,0.0168,-0.0048,-0.0239,0
961850,-6.8961,-6.5035,2.3027,0.6300,0.0700,-0.6300,0.0215,0.0024,-0.0215,0
961889,-6.8219,-6.5586,2.2931,0.9800,-0.2800,-0.7000,0.0335,-0.0096,-0.0239,0
961928,-6.8650,-6.5538,2.3075,0.5600,-0.4200,-0.3500,0.0191,-0.0144,-0.0120,0
961967,-6.9033,-6.5251,2.3290,0.2800,-0.2800,0.0700,0.0096,-0.0096,0.0024,0
962006,-6.8865,-6.5179,2.3266,0.8400,0.3500,0.0000,0.0287,0.0120,0.0000,0
962045,-6.8099,-6.5299,2.2716,0.8400,0.6300,-0.2800,0.0287,0.0215,-0.0096,0
962084,-6.8578,-6.5466,2.2692,-0.0700,-0.2800,-0.0700,-0.0024,-0.0096,-0.0024,0
962123,-6.9104,-6.5490,2.2955,0.2800,-1.1900,0.7700,0.0096,-0.0407,0.0263,0
962162,-6.9583,-6.5131,2.3338,0.4900,-1.4000,0.9800,0.0168,-0.0479,0.0335,0
962201,-6.9128,-6.5275,2.3338,0.7000,-0.7000,0.0000,0.0239,-0.0239,0.0000,0
962240,-6.8721,-6.5203,2.3027,0.6300,-0.5600,-0.3500,0.0215,-0.0191,-0.0120,0
962279,-6.8530,-6.5179,2.3099,0.7700,-0.7000,-0.2800,0.0263,-0.0239,-0.0096,0
962318,-6.9009,-6.5322,2.3266,0.2800,-0.2100,-0.4900,0.0096,-0.0072,-0.0168,0
962357,-6.8841,-6.5227,2.3314,0.0000,0.4200,-0.0700,0.0000,0.0144,-0.0024,0
962396,-6.8937,-6.5394,2.3147,0.4200,0.7700,-0.5600,0.0144,0.0263,-0.0191,0
962435,-6.8841,-6.5203,2.2883,0.3500,0.4200,-0.4900,0.0120,0.0144,-0.0168,0
962474,-6.8841,-6.5418,2.2979,0.4200,-0.0700,-0.4900,0.0144,-0.0024,-0.0168,0
962513,-6.8817,-6.5466,2.2955,0.4900,-0.2800,0.0000,0.0168,-0.0096,0.0000,0
962552,-6.8482,-6.5322,2.2931,0.8400,-0.5600,0.4200,0.0287,-0.0191,0.0144,0
962591,-6.9248,-6.5227,2.3266,0.4200,-0.3500,0.0000,0.0144,-0.0120,0.0000,0
962630,-6.8865,-6.5203,2.3003,0.7700,0.1400,-0.4200,0.0263,0.0048,-0.0144,0
962669,-6.8410,-6.5370,2.2764,1.0500,0.2800,-0.4900,0.0359,0.0096,-0.0168,0
962708,-6.8362,-6.5370,2.2596,0.3500,-0.2800,-0.1400,0.0120,-0.0096,-0.0048,0
962747,-6.8793,-6.5514,2.2859,0.3500,-1.1900,0.3500,0.0120,-0.0407,0.0120,0
962786,-6.9009,-6.5346,2.2931,0.4200,-1.8200,0.9800,0.0144,-0.0622,0.0335,0
962825,-6.9009,-6.5155,2.3123,0.7000,-2.2400,0.9800,0.0239,-0.0766,0.0335,0
962864,-6.8745,-6.5179,2.3290,1.0500,-2.1000,0.2100,0.0359,-0.0718,0.0072,0
962903,-6.9224,-6.4939,2.3529,0.7000,-0.7000,-0.4200,0.0239,-0.0239,-0.0144,0
962942,-6.8434,-6.5155,2.3123,0.4200,-0.2100,-0.4900,0.0144,-0.0072,-0.0168,0
962981,-6.8578,-6.5394,2.3147,0.1400,-0.7000,-0.1400,0.0048,-0.0239,-0.0048,0
963020,-6.9009,-6.5346,2.3362,-0.0700,-0.9100,-0.1400,-0.0024,-0.0311,-0.0048,0
963059,-6.9511,-6.5035,2.3649,-0.2100,-0.7700,0.0700,-0.0072,-0.0263,0.0024,0
963098,-6.8745,-6.4963,2.3170,0.0700,-0.4900,0.0000,0.0024,-0.0168,0.0000,0
963137,-6.8338,-6.5514,2.3194,0.0700,-0.7700,-0.8400,0.0024,-0.0263,-0.0287,0
963176,-6.8721,-6.5394,2.3338,0.2100,-0.7700,-0.2800,0.0072,-0.0263,-0.0096,0
963215,-6.9344,-6.5299,2.3577,0.0000,-0.2800,0.0000,0.0000,-0.0096,0.0000,0
963254,-6.8913,-6.5203,2.3266,0.3500,0.2100,-0.6300,0.0120,0.0072,-0.0215,0
963293,-6.8434,-6.5299,2.3194,0.4900,0.7700,-0.9800,0.0168,0.0263,-0.0335,0
963332,-6.8482,-6.5466,2.2931,-0.2100,0.9100,-0.7700,-0.0072,0.0311,-0.0263,0
963371,-6.8961,-6.5418,2.2883,-0.2800,-0.1400,0.2100,-0.0096,-0.0048,0.0072,0
963410,-6.9033,-6.5346,2.3075,-0.3500,-0.5600,-0.0700,-0.0120,-0.0191,-0.0024,0
963449,-6.8697,-6.5322,2.2907,-0.0700,-0.4200,-0.5600,-0.0024,-0.0144,-0.0191,0
963488,-6.8243,-6.5562,2.2835,0.1400,-0.4200,-0.6300,0.0048,-0.0144,-0.0215,0
963527,-6.8769,-6.5514,2.3027,-0.3500,-0.1400,-0.5600,-0.0120,-0.0048,-0.0191,0
963566,-6.8602,-6.5586,2.2835,-0.7000,0.0000,0.0700,-0.0239,0.0000,0.0024,0
963605,-6.8769,-6.5681,2.2811,-0.3500,0.0000,0.0700,-0.0120,0.0000,0.0024,0
963644,-6.9128,-6.5538,2.2811,0.0700,0.2100,0.2100,0.0024,0.0072,0.0072,0
963683,-6.8626,-6.5275,2.2572,-0.0700,0.0000,-0.0700,-0.0024,0.0000,-0.0024,0
963722,-6.8745,-6.5705,2.2596,0.1400,0.2800,-0.7000,0.0048,0.0096,-0.0239,0
963761,-6.8745,-6.5729,2.2692,1.0500,0.0700,0.0700,0.0359,0.0024,0.0024,0
963800,-6.9009,-6.5346,2.2787,0.9800,0.0000,-0.4900,0.0335,0.0000,-0.0168,0
963839,-6.8099,-6.5466,2.2404,1.0500,0.1400,-0.5600,0.0359,0.0048,-0.0191,0
963878,-6.8362,-6.5681,2.2333,0.5600,-0.1400,-0.2800,0.0191,-0.0048,-0.0096,0
963917,-6.8865,-6.5658,2.2548,0.2100,-0.9800,0.2100,0.0072,-0.0335,0.0072,0
963956,-6.8937,-6.5705,2.2740,0.4900,-1.1200,0.4900,0.0168,-0.0383,0.0168,0
963995,-6.8913,-6.5658,2.2668,0.6300,-1.1200,0.3500,0.0215,-0.0383,0.0120,0
964034,-6.8913,-6.5442,2.2787,0.9800,-1.1900,0.0000,0.0335,-0.0407,0.0000,0
964073,-6.8554,-6.5394,2.2716,0.9800,-0.8400,-0.2800,0.0335,-0.0287,-0.0096,0
964112,-6.8626,-6.5514,2.2907,0.4900,-0.5600,-0.4200,0.0168,-0.0191,-0.0144,0
964151,-6.8817,-6.5538,2.2859,0.4900,-0.0700,-0.4900,0.0168,-0.0024,-0.0168,0
964190,-6.8674,-6.5538,2.2764,0.8400,-0.3500,-0.2100,0.0287,-0.0120,-0.0072,0
964229,-6.8697,-6.5562,2.2740,0.4200,-0.7700,-0.0700,0.0144,-0.0263,-0.0024,0
964268,-6.8602,-6.5729,2.2979,0.4200,-0.8400,0.0000,0.0144,-0.0287,0.0000,0
964307,-6.8578,-6.5634,2.2764,0.9800,-0.7000,0.6300,0.0335,-0.0239,0.0215,0
964346,-6.8889,-6.5227,2.3123,1.1200,-0.7700,0.6300,0.0383,-0.0263,0.0215,0
964385,-6.8961,-6.5083,2.3099,1.0500,0.0000,-0.4900,0.0359,0.0000,-0.0168,0
964424,-6.8554,-6.5562,2.2859,1.1200,0.4900,-1.0500,0.0383,0.0168,-0.0359,0
964463,-6.8314,-6.5634,2.2572,0.5600,0.0700,-0.4900,0.0191,0.0024,-0.0168,0
964502,-6.8626,-6.5538,2.2668,0.5600,-0.7700,0.4900,0.0191,-0.0263,0.0168,0
964541,-6.9080,-6.5562,2.3099,0.2800,-1.1200,0.7000,0.0096,-0.0383,0.0239,0
964580,-6.9152,-6.5346,2.3242,0.4900,-1.0500,0.4200,0.0168,-0.0359,0.0144,0
964619,-6.8554,-6.5251,2.3027,0.8400,-0.6300,-0.2800,0.0287,-0.0215,-0.0096,0
964658,-6.8506,-6.5370,2.2955,0.7700,-0.3500,-0.4900,0.0263,-0.0120,-0.0168,0
964697,-6.8793,-6.5610,2.3075,0.6300,0.0000,-0.2800,0.0215,0.0000,-0.0096,0
964736,-6.8769,-6.5155,2.3003,0.4200,-0.0700,0.1400,0.0144,-0.0024,0.0048,0
964775,-6.8817,-6.5634,2.3099,0.4900,0.0700,-0.5600,0.0168,0.0024,-0.0191,0
964814,-6.8554,-6.5634,2.2931,0.9100,-0.2800,-0.0700,0.0311,-0.0096,-0.0024,0
964853,-6.8506,-6.5394,2.2835,0.7700,-0.8400,0.4200,0.0263,-0.0287,0.0144,0
964892,-6.8937,-6.5346,2.3218,0.4900,-1.1200,0.7700,0.0168,-0.0383,0.0263,0
964931,-6.9033,-6.5227,2.3362,0.4900,-0.4900,0.0000,0.0168,-0.0168,0.0000,0
964970,-6.8602,-6.5251,2.3075,1.1200,0.1400,-0.8400,0.0383,0.0048,-0.0287,0
965009,-6.8434,-6.5490,2.2811,0.7000,0.2100,-0.6300,0.0239,0.0072,-0.0215,0
965048,-6.8434,-6.5705,2.2811,0.2800,-0.4900,-0.0700,0.0096,-0.0168,-0.0024,0
965087,-6.8985,-6.5346,2.3194,0.2100,-1.1900,0.9100,0.0072,-0.0407,0.0311,0
965126,-6.9128,-6.5203,2.3314,0.6300,-1.1200,0.2800,0.0215,-0.0383,0.0096,0
965165,-6.8578,-6.5203,2.3123,0.8400,-0.7700,-0.2800,0.0287,-0.0263,-0.0096,0
965204,-6.8530,-6.5394,2.3170,0.5600,-0.7700,-0.3500,0.0191,-0.0263,-0.0120,0
965243,-6.8793,-6.5370,2.3290,0.4900,-0.6300,0.0000,0.0168,-0.0215,0.0000,0
965282,-6.8769,-6.5275,2.3266,0.6300,-0.5600,0.2100,0.0215,-0.0191,0.0072,0
965321,-6.9104,-6.5322,2.3338,0.7700,-0.4200,-0.1400,0.0263,-0.0144,-0.0048,0
965360,-6.8961,-6.5083,2.3218,0.6300,-0.7700,-0.2100,0.0215,-0.0263,-0.0072,0
965399,-6.8721,-6.5394,2.3194,0.2800,-1.1200,-0.2800,0.0096,-0.0383,-0.0096,0
965438,-6.8530,-6.5466,2.3386,0.2800,-1.3300,0.1400,0.0096,-0.0455,0.0048,0
965477,-6.8841,-6.5251,2.3529,0.2800,-1.1200,0.4200,0.0096,-0.0383,0.0144,0
965516,-6.8889,-6.5011,2.3649,0.5600,-0.7700,-0.0700,0.0191,-0.0263,-0.0024,0
965555,-6.8482,-6.5227,2.3266,0.2100,0.2800,-0.8400,0.0072,0.0096,-0.0287,0
965594,-6.8602,-6.5442,2.3194,-0.4900,-0.0700,-0.4900,-0.0168,-0.0024,-0.0168,0
965633,-6.8697,-6.5490,2.3147,-0.3500,-0.2100,0.0000,-0.0120,-0.0072,0.0000,0
965672,-6.9104,-6.5346,2.3218,-0.1400,-0.7700,-0.1400,-0.0048,-0.0263,-0.0048,0
965711,-6.8889,-6.5394,2.3242,0.4900,-0.8400,-0.2100,0.0168,-0.0287,-0.0072,0
965750,-6.8482,-6.5418,2.3218,0.3500,-0.7700,-0.5600,0.0120,-0.0263,-0.0191,0
965789,-6.8434,-6.5586,2.3218,0.3500,-0.4900,-0.2100,0.0120,-0.0168,-0.0072,0
965828,-6.8554,-6.5299,2.3099,0.2800,-0.4200,0.1400,0.0096,-0.0144,0.0048,0
965867,-6.8434,-6.5466,2.3099,0.0700,-0.6300,0.0700,0.0024,-0.0215,0.0024,0
965906,-6.8530,-6.5251,2.2955,-0.3500,-1.0500,-0.1400,-0.0120,-0.0359,-0.0048,0
965945,-6.8913,-6.5538,2.3625,-0.6300,-1.0500,-0.2100,-0.0215,-0.0359,-0.0072,0
965984,-6.8913,-6.5921,2.3601,0.4900,-0.2800,-0.2100,0.0168,-0.0096,-0.0072,0
966023,-6.9487,-6.5251,2.3673,0.9800,0.9100,-0.1400,0.0335,0.0311,-0.0048,0
966062,-6.8195,-6.5370,2.2883,0.4200,2.5900,-1.2600,0.0144,0.0886,-0.0431,0
966101,-6.7501,-6.5490,2.2093,0.2100,2.3800,-0.4200,0.0072,0.0814,-0.0144,0
966140,-6.7812,-6.5275,2.2069,-1.5400,0.6300,0.0700,-0.0527,0.0215,0.0024,0
966179,-6.8865,-6.5825,2.2740,-1.5400,-0.4900,-0.2100,-0.0527,-0.0168,-0.0072,0
966218,-6.9846,-6.5921,2.3434,-0.5600,-0.0700,0.0000,-0.0191,-0.0024,0.0000,0
966257,-6.9559,-6.5658,2.3075,0.5600,1.4700,-0.2800,0.0191,0.0503,-0.0096,0
966296,-6.8482,-6.5705,2.2261,1.0500,2.0300,-0.6300,0.0359,0.0694,-0.0215,0
966335,-6.8099,-6.5490,2.1902,1.2600,1.1900,-0.7700,0.0431,0.0407,-0.0263,0
966374,-6.8626,-6.5394,2.2093,0.8400,0.0000,-0.7000,0.0287,0.0000,-0.0239,0
966413,-6.8697,-6.5610,2.2357,0.6300,-0.6300,-0.4900,0.0215,-0.0215,-0.0168,0
966452,-6.8434,-6.5705,2.2213,1.1200,-0.6300,-0.5600,0.0383,-0.0215,-0.0191,0
966491,-6.8530,-6.6088,2.2548,1.0500,-0.7700,-0.4900,0.0359,-0.0263,-0.0168,0
966530,-6.8482,-6.5945,2.2404,1.0500,-0.9100,1.0500,0.0359,-0.0311,0.0359,0
966569,-6.8697,-6.5346,2.2596,0.6300,-1.1200,1.1200,0.0215,-0.0383,0.0383,0
966608,-6.8602,-6.5251,2.2500,0.6300,-0.7000,0.2800,0.0215,-0.0239,0.0096,0
966647,-6.8314,-6.5586,2.2428,0.7700,-0.5600,-0.0700,0.0263,-0.0191,-0.0024,0
966686,-6.8650,-6.5777,2.2452,0.2800,-0.9100,0.0000,0.0096,-0.0311,0.0000,0
966725,-6.9128,-6.5634,2.2668,0.4200,-1.6800,0.5600,0.0144,-0.0574,0.0191,0
966764,-6.9128,-6.5610,2.2883,0.7000,-2.3100,0.8400,0.0239,-0.0790,0.0287,0
966803,-6.8961,-6.5418,2.3027,0.9800,-2.3800,0.5600,0.0335,-0.0814,0.0191,0
966842,-6.8626,-6.5299,2.3123,1.1200,-2.1700,0.0700,0.0383,-0.0742,0.0024,0
966881,-6.8697,-6.5299,2.3194,0.8400,-1.1200,-0.4200,0.0287,-0.0383,-0.0144,0
966920,-6.8889,-6.5442,2.3218,0.4900,-0.1400,-0.4900,0.0168,-0.0048,-0.0168,0
966959,-6.8817,-6.5514,2.3099,0.7000,0.1400,-0.5600,0.0239,0.0048,-0.0191,0
966998,-6.8841,-6.5610,2.2955,0.5600,0.2100,-0.7700,0.0191,0.0072,-0.0263,0
967037,-6.8697,-6.5538,2.3027,0.7000,-0.2800,-0.3500,0.0239,-0.0096,-0.0120,0
967076,-6.8506,-6.5681,2.3051,0.7700,-0.1400,0.0700,0.0263,-0.0048,0.0024,0
967115,-6.8817,-6.5466,2.3027,0.9100,-0.1400,0.1400,0.0311,-0.0048,0.0048,0
967154,-6.8769,-6.5299,2.3075,0.9800,0.1400,-0.4900,0.0335,0.0048,-0.0168,0
967193,-6.8410,-6.5466,2.2835,1.2600,0.6300,-0.8400,0.0431,0.0215,-0.0287,0
967232,-6.8147,-6.5538,2.2620,0.7000,0.1400,-0.5600,0.0239,0.0048,-0.0191,0
967271,-6.8530,-6.5705,2.2883,0.2800,-1.1200,0.1400,0.0096,-0.0383,0.0048,0
967310,-6.8937,-6.5586,2.3218,0.4900,-1.7500,0.7700,0.0168,-0.0598,0.0263,0
967349,-6.8745,-6.5322,2.3362,1.1900,-1.4700,0.4900,0.0407,-0.0503,0.0168,0
967388,-6.8697,-6.5322,2.3314,1.0500,-1.0500,0.0700,0.0359,-0.0359,0.0024,0
967427,-6.8602,-6.5322,2.3290,0.5600,-0.5600,-0.3500,0.0191,-0.0191,-0.0120,0
967466,-6.8697,-6.5370,2.3266,0.5600,-0.1400,-0.3500,0.0191,-0.0048,-0.0120,0
967505,-6.8745,-6.5275,2.3338,0.4200,0.0700,-0.4200,0.0144,0.0024,-0.0144,0
967544,-6.8745,-6.5514,2.3194,0.3500,0.3500,-0.6300,0.0120,0.0120,-0.0215,0
967583,-6.8578,-6.5514,2.3194,0.4900,-0.0700,-0.3500,0.0168,-0.0024,-0.0120,0
967622,-6.8434,-6.5610,2.2979,0.4200,-0.4900,0.1400,0.0144,-0.0168,0.0048,0
967661,-6.8674,-6.5466,2.3290,0.4200,-0.9100,0.5600,0.0144,-0.0311,0.0191,0
967700,-6.8889,-6.5179,2.3314,0.5600,-0.2800,0.1400,0.0191,-0.0096,0.0048,0
967739,-6.8530,-6.5227,2.3170,0.8400,0.2100,-0.7000,0.0287,0.0072,-0.0239,0
967778,-6.8291,-6.5466,2.3051,0.3500,-0.2100,-0.4900,0.0120,-0.0072,-0.0168,0
967817,-6.8769,-6.5729,2.3123,0.2100,-0.7700,0.2100,0.0072,-0.0263,0.0072,0
967856,-6.9080,-6.5466,2.3362,0.2800,-1.0500,0.6300,0.0096,-0.0359,0.0215,0
967895,-6.8913,-6.5179,2.3482,0.4200,-0.8400,0.2800,0.0144,-0.0287,0.0096,0
967934,-6.8602,-6.5346,2.3314,0.6300,-0.3500,-0.2800,0.0215,-0.0120,-0.0096,0
967973,-6.8458,-6.5322,2.3218,0.4900,-0.1400,-0.7000,0.0168,-0.0048,-0.0239,0
968012,-6.8697,-6.5514,2.3218,0.3500,0.1400,-0.8400,0.0120,0.0048,-0.0287,0
968051,-6.8578,-6.5490,2.3051,0.4900,0.0000,-0.3500,0.0168,0.0000,-0.0120,0
968090,-6.8554,-6.5466,2.3123,0.5600,-0.3500,-0.2100,0.0191,-0.0120,-0.0072,0
968129,-6.8817,-6.5729,2.3123,0.2100,-0.5600,-0.4200,0.0072,-0.0191,-0.0144,0
968168,-6.8434,-6.5514,2.3266,0.4900,-0.8400,0.2800,0.0168,-0.0287,0.0096,0
968207,-6.8458,-6.5442,2.3099,0.1400,-0.5600,0.6300,0.0048,-0.0191,0.0215,0
968246,-6.9152,-6.5011,2.3410,0.6300,-0.3500,0.2800,0.0215,-0.0120,0.0096,0
968285,-6.9009,-6.5299,2.3314,0.9100,0.1400,-0.9800,0.0311,0.0048,-0.0335,0
968324,-6.8362,-6.5490,2.2931,0.9800,0.2800,-0.9100,0.0335,0.0096,-0.0311,0
968363,-6.8099,-6.5586,2.2811,0.4900,-0.4200,-0.4200,0.0168,-0.0144,-0.0144,0
968402,-6.8458,-6.5801,2.3099,0.3500,-1.4000,0.4900,0.0120,-0.0479,0.0168,0
968441,-6.8865,-6.5418,2.3410,0.3500,-1.8200,1.2600,0.0120,-0.0622,0.0431,0
968480,-6.8937,-6.5227,2.3506,0.7700,-1.5400,0.7700,0.0263,-0.0527,0.0263,0
968519,-6.8817,-6.5179,2.3506,0.7000,-1.1900,-0.0700,0.0239,-0.0407,-0.0024,0
968558,-6.8674,-6.5299,2.3553,0.3500,-0.6300,-0.4900,0.0120,-0.0215,-0.0168,0
968597,-6.8745,-6.5370,2.3577,0.2100,-0.1400,-0.4900,0.0072,-0.0048,-0.0168,0
968636,-6.8650,-6.5442,2.3434,0.0000,0.1400,-0.2800,0.0000,0.0048,-0.0096,0
968675,-6.8793,-6.5370,2.3266,0.2100,0.0700,-0.2800,0.0072,0.0024,-0.0096,0
968714,-6.8338,-6.5418,2.3194,0.4200,-0.2800,-0.2100,0.0144,-0.0096,-0.0072,0
968753,-6.8841,-6.5538,2.3434,0.0700,-0.5600,-0.2800,0.0024,-0.0191,-0.0096,0
968792,-6.8769,-6.5490,2.3290,0.2100,-0.5600,-0.0700,0.0072,-0.0191,-0.0024,0
968831,-6.8578,-6.5394,2.3266,0.1400,-0.5600,0.3500,0.0048,-0.0191,0.0120,0
968870,-6.9009,-6.5107,2.3506,0.1400,-0.7000,0.0700,0.0048,-0.0239,0.0024,0
968909,-6.8554,-6.5299,2.3362,0.2800,0.0700,-0.9800,0.0096,0.0024,-0.0335,0
968948,-6.8458,-6.5753,2.3218,0.4900,0.9100,-1.4000,0.0168,0.0311,-0.0479,0
968987,-6.8458,-6.5586,2.2931,-0.3500,0.7700,-0.3500,-0.0120,0.0263,-0.0120,0
969026,-6.8674,-6.5658,2.2955,-0.3500,0.1400,-0.0700,-0.0120,0.0048,-0.0024,0
969065,-6.9104,-6.5586,2.3099,0.2100,-0.4200,0.3500,0.0072,-0.0144,0.0120,0
969104,-6.8817,-6.5466,2.3194,0.4200,-0.2100,-0.3500,0.0144,-0.0072,-0.0120,0
969143,-6.8075,-6.5346,2.2764,0.0700,-0.1400,-0.3500,0.0024,-0.0048,-0.0120,0
969182,-6.8338,-6.5562,2.2955,-0.1400,-0.2800,-0.6300,-0.0048,-0.0096,-0.0215,0
969221,-6.8721,-6.5514,2.3051,-0.3500,-0.0700,-0.3500,-0.0120,-0.0024,-0.0120,0
969260,-6.8889,-6.5658,2.3003,-0.4200,0.1400,-0.4200,-0.0144,0.0048,-0.0144,0
969299,-6.8817,-6.5825,2.2931,0.0700,0.2100,-0.4900,0.0024,0.0072,-0.0168,0
969338,-6.8721,-6.5945,2.2907,0.3500,0.1400,-0.3500,0.0120,0.0048,-0.0120,0
969377,-6.8338,-6.5299,2.2596,0.4200,-0.1400,0.0700,0.0144,-0.0048,0.0024,0
969416,-6.8123,-6.5634,2.2644,0.3500,-0.2100,-0.2800,0.0120,-0.0072,-0.0096,0
969455,-6.8650,-6.5969,2.2883,1.1900,-0.2100,-0.1400,0.0407,-0.0072,-0.0048,0
969494,-6.9176,-6.5514,2.3099,0.8400,-0.3500,0.1400,0.0287,-0.0120,0.0048,0
969533,-6.8458,-6.5586,2.2764,1.1200,0.2800,-0.4900,0.0383,0.0096,-0.0168,0
969572,-6.8027,-6.5897,2.2428,0.4900,0.0700,-0.3500,0.0168,0.0024,-0.0120,0
969611,-6.8865,-6.5873,2.2859,0.7000,-0.7700,0.0000,0.0239,-0.0263,0.0000,0
969650,-6.8913,-6.5514,2.2811,0.6300,-1.0500,0.9100,0.0215,-0.0359,0.0311,0
969689,-6.8626,-6.5586,2.3027,0.6300,-1.0500,0.4200,0.0215,-0.0359,0.0144,0
969728,-6.8674,-6.5586,2.2931,0.8400,-0.9800,-0.2100,0.0287,-0.0335,-0.0072,0
969767,-6.8506,-6.5442,2.2955,0.7000,-0.7700,0.0000,0.0239,-0.0263,0.0000,0
969806,-6.8434,-6.5442,2.2907,0.7000,-0.4900,-0.1400,0.0239,-0.0168,-0.0048,0
969845,-6.8697,-6.5466,2.2931,0.4200,-0.5600,-0.3500,0.0144,-0.0191,-0.0120,0
969884,-6.8626,-6.5681,2.3147,0.4200,-0.4900,-0.2100,0.0144,-0.0168,-0.0072,0
969923,-6.8865,-6.5705,2.2979,0.6300,-0.3500,-0.1400,0.0215,-0.0120,-0.0048,0
969962,-6.8626,-6.5562,2.3003,0.6300,-0.5600,-0.0700,0.0215,-0.0191,-0.0024,0
970001,-6.8626,-6.5610,2.3003,0.5600,-0.3500,-0.2800,0.0191,-0.0120,-0.0096,0
970040,-6.8578,-6.5586,2.3075,0.5600,-0.1400,-0.0700,0.0191,-0.0048,-0.0024,0
970079,-6.8626,-6.5658,2.3003,0.7700,-0.2100,0.2100,0.0263,-0.0072,0.0072,0
970118,-6.8841,-6.5275,2.3003,0.7700,-0.0700,-0.1400,0.0263,-0.0024,-0.0048,0
970157,-6.8506,-6.5586,2.3027,0.9100,0.1400,-0.9800,0.0311,0.0048,-0.0335,0
970196,-6.8195,-6.5729,2.2692,0.7700,0.2800,-0.4200,0.0263,0.0096,-0.0144,0
970235,-6.8291,-6.5825,2.2716,0.4900,-0.3500,0.0700,0.0168,-0.0120,0.0024,0
970274,-6.8626,-6.5634,2.2835,0.4900,-1.1200,0.7000,0.0168,-0.0383,0.0239,0
970313,-6.9104,-6.5514,2.3147,0.4200,-1.1900,0.7000,0.0144,-0.0407,0.0239,0
970352,-6.8721,-6.5418,2.3027,0.9100,-1.0500,0.3500,0.0311,-0.0359,0.0120,0
970391,-6.8674,-6.5299,2.3147,0.7700,-1.0500,-0.0700,0.0263,-0.0359,-0.0024,0
970430,-6.8674,-6.5514,2.3218,0.5600,-0.4900,-0.4200,0.0191,-0.0168,-0.0144,0
970469,-6.8697,-6.5562,2.3266,0.3500,-0.1400,-0.2100,0.0120,-0.0048,-0.0072,0
970508,-6.8626,-6.5586,2.3170,0.6300,-0.1400,-0.2100,0.0215,-0.0048,-0.0072,0
970547,-6.8578,-6.5299,2.3123,0.5600,-0.1400,-0.2800,0.0191,-0.0048,-0.0096,0
970586,-6.8745,-6.5610,2.3123,0.4200,-0.0700,-0.5600,0.0144,-0.0024,-0.0191,0
970625,-6.8434,-6.5610,2.3147,0.7000,-0.2800,0.0000,0.0239,-0.0096,0.0000,0
970664,-6.8506,-6.5442,2.2979,0.3500,-0.3500,0.0000,0.0120,-0.0120,0.0000,0
970703,-6.8506,-6.5514,2.3170,0.4200,-0.5600,0.2100,0.0144,-0.0191,0.0072,0
970742,-6.8889,-6.5394,2.3314,0.8400,-0.4900,-0.1400,0.0287,-0.0168,-0.0048,0
970781,-6.8482,-6.5562,2.3075,1.0500,-0.2800,-0.4200,0.0359,-0.0096,-0.0144,0
970820,-6.7955,-6.5634,2.2764,0.8400,-0.5600,0.0700,0.0287,-0.0191,0.0024,0
970859,-6.8410,-6.5586,2.3003,0.4200,-1.6100,0.6300,0.0144,-0.0551,0.0215,0
970898,-6.9128,-6.5251,2.3577,0.2100,-1.4700,1.1200,0.0072,-0.0503,0.0383,0
970937,-6.9152,-6.5370,2.3506,0.2800,-0.9800,0.0000,0.0096,-0.0335,0.0000,0
970976,-6.8674,-6.5251,2.3482,0.4900,-0.6300,-0.7000,0.0168,-0.0215,-0.0239,0
971015,-6.8458,-6.5466,2.3338,0.3500,-0.2100,-0.9100,0.0120,-0.0072,-0.0311,0
971054,-6.8602,-6.5610,2.3266,-0.2100,-0.2100,-0.2800,-0.0072,-0.0072,-0.0096,0
971093,-6.8650,-6.5370,2.3194,0.0000,-0.3500,0.0000,0.0000,-0.0120,0.0000,0
971132,-6.8721,-6.5418,2.3314,-0.1400,-0.2800,-0.4900,-0.0048,-0.0096,-0.0168,0
971171,-6.8650,-6.5514,2.3218,-0.1400,0.0700,-0.6300,-0.0048,0.0024,-0.0215,0
971210,-6.8458,-6.5586,2.3051,-0.2800,0.0700,-0.9100,-0.0096,0.0024,-0.0311,0
971249,-6.8243,-6.5825,2.3170,0.1400,-0.2800,-0.4900,0.0048,-0.0096,-0.0168,0
971288,-6.8650,-6.5681,2.3051,-0.4900,0.0700,-0.4200,-0.0168,0.0024,-0.0144,0
971327,-6.8721,-6.5490,2.3099,0.0000,0.2100,-0.1400,0.0000,0.0072,-0.0048,0
971366,-6.8626,-6.5418,2.2979,0.3500,0.7000,-0.7000,0.0120,0.0239,-0.0239,0
971405,-6.8075,-6.5753,2.2596,-0.1400,1.0500,-0.8400,-0.0048,0.0359,-0.0287,0
971444,-6.8195,-6.5610,2.2381,-1.0500,0.4900,-0.0700,-0.0359,0.0168,-0.0024,0
971483,-6.8841,-6.5825,2.2692,-1.0500,-0.1400,-0.1400,-0.0359,-0.0048,-0.0048,0
971522,-6.9009,-6.5753,2.2716,-0.4900,-0.3500,0.0000,-0.0168,-0.0120,0.0000,0
971561,-6.8721,-6.5681,2.2620,-0.0700,-0.3500,-0.2800,-0.0024,-0.0120,-0.0096,0
971600,-6.8291,-6.5801,2.2524,0.0000,-0.1400,-0.5600,0.0000,-0.0048,-0.0191,0
971639,-6.8243,-6.5873,2.2524,-0.2100,0.1400,-0.2800,-0.0072,0.0048,-0.0096,0
971678,-6.8410,-6.5897,2.2428,-0.1400,0.2800,-0.0700,-0.0048,0.0096,-0.0024,0
971717,-6.8386,-6.5897,2.2213,0.4200,0.1400,-0.2100,0.0144,0.0048,-0.0072,0
971756,-6.8530,-6.5993,2.2357,0.9100,-0.2800,-0.2800,0.0311,-0.0096,-0.0096,0
971795,-6.8626,-6.5514,2.2261,0.7000,-0.6300,0.3500,0.0239,-0.0215,0.0120,0
971834,-6.8386,-6.5777,2.2381,0.5600,-0.9800,0.1400,0.0191,-0.0335,0.0048,0
971873,-6.8267,-6.5969,2.2381,1.0500,-1.1900,0.4200,0.0359,-0.0407,0.0144,0
971912,-6.8889,-6.5586,2.2740,1.4000,-1.4700,0.4200,0.0479,-0.0503,0.0144,0
971951,-6.8769,-6.5658,2.2835,1.3300,-0.7000,-0.3500,0.0455,-0.0239,-0.0120,0
971990,-6.8458,-6.5658,2.2596,1.3300,-0.2100,-0.4200,0.0455,-0.0072,-0.0144,0
972029,-6.8267,-6.5586,2.2381,0.6300,-0.4900,-0.0700,0.0215,-0.0168,-0.0024,0
972068,-6.8434,-6.5825,2.2692,0.5600,-0.9800,0.2100,0.0191,-0.0335,0.0072,0
972107,-6.8745,-6.5658,2.2811,0.7700,-1.3300,0.7700,0.0263,-0.0455,0.0263,0
972146,-6.8937,-6.5490,2.2955,0.8400,-1.2600,0.4200,0.0287,-0.0431,0.0144,0
972185,-6.8721,-6.5490,2.2811,1.1900,-1.1900,0.0700,0.0407,-0.0407,0.0024,0
972224,-6.8482,-6.5490,2.3123,0.7700,-0.9100,-0.4900,0.0263,-0.0311,-0.0168,0
972263,-6.8626,-6.5729,2.3147,0.8400,-0.6300,-0.3500,0.0287,-0.0215,-0.0120,0
972302,-6.8674,-6.5562,2.3218,0.7700,-0.4900,-0.2800,0.0263,-0.0168,-0.0096,0
972341,-6.8410,-6.5705,2.3099,0.7000,0.0700,-0.5600,0.0239,0.0024,-0.0191,0
972380,-6.8578,-6.5705,2.3099,0.6300,0.2800,-0.2800,0.0215,0.0096,-0.0096,0
972419,-6.8769,-6.5514,2.3027,0.4900,0.1400,-0.2800,0.0168,0.0048,-0.0096,0
972458,-6.8362,-6.5825,2.2859,0.5600,0.0700,-0.3500,0.0191,0.0024,-0.0120,0
972497,-6.8147,-6.5634,2.2835,0.8400,-0.4200,0.3500,0.0287,-0.0144,0.0120,0
972536,-6.8889,-6.5562,2.3075,0.7700,-0.6300,0.1400,0.0263,-0.0215,0.0048,0
972575,-6.8745,-6.5442,2.3218,0.9100,-0.3500,0.0700,0.0311,-0.0120,0.0024,0
972614,-6.8195,-6.5634,2.2883,1.1900,0.0700,-0.2800,0.0407,0.0024,-0.0096,0
972653,-6.8219,-6.5658,2.2955,0.6300,-0.7000,0.1400,0.0215,-0.0239,0.0048,0
972692,-6.8674,-6.5610,2.3051,0.6300,-1.1900,0.6300,0.0215,-0.0407,0.0215,0
972731,-6.9080,-6.5442,2.3290,0.6300,-1.5400,0.7700,0.0215,-0.0527,0.0263,0
972770,-6.8745,-6.5370,2.3362,0.7000,-1.2600,0.0700,0.0239,-0.0431,0.0024,0
972809,-6.8482,-6.5418,2.3194,0.7700,-0.8400,-0.2800,0.0263,-0.0287,-0.0096,0
972848,-6.8602,-6.5466,2.3242,0.4900,-0.5600,-0.4900,0.0168,-0.0191,-0.0168,0
972887,-6.8793,-6.5634,2.3482,0.4200,-0.0700,-0.4200,0.0144,-0.0024,-0.0144,0
972926,-6.8650,-6.5514,2.3194,0.4900,0.0700,-0.1400,0.0168,0.0024,-0.0048,0
972965,-6.8434,-6.5466,2.3123,0.6300,-0.1400,-0.2100,0.0215,-0.0048,-0.0072,0
973004,-6.8530,-6.5681,2.3051,0.6300,-0.4200,-0.2100,0.0215,-0.0144,-0.0072,0
973043,-6.8434,-6.5562,2.3218,0.7700,-1.1200,0.2100,0.0263,-0.0383,0.0072,0
973082,-6.8769,-6.5346,2.3410,0.4200,-1.1200,0.5600,0.0144,-0.0383,0.0191,0
973121,-6.8865,-6.5418,2.3434,0.3500,-0.8400,-0.0700,0.0120,-0.0287,-0.0024,0
973160,-6.8841,-6.5442,2.3649,0.6300,-0.4200,-0.6300,0.0215,-0.0144,-0.0215,0
973199,-6.8434,-6.5466,2.3314,0.2800,0.2800,-0.9800,0.0096,0.0096,-0.0335,0
973238,-6.8147,-6.5586,2.2979,-0.3500,0.2800,-0.4200,-0.0120,0.0096,-0.0144,0
973277,-6.8099,-6.5705,2.2859,-0.0700,-0.4900,0.1400,-0.0024,-0.0168,0.0048,0
973316,-6.7932,-6.5490,2.2883,1.1200,-2.0300,1.0500,0.0383,-0.0694,0.0359,0
973355,-6.9152,-6.5418,2.3601,0.7700,-2.8000,-0.2800,0.0263,-0.0957,-0.0096,0
973394,-6.9775,-6.5634,2.4319,2.2400,-2.3800,0.2800,0.0766,-0.0814,0.0096,0
973433,-6.8506,-6.5083,2.3793,0.6300,-1.4000,1.1900,0.0215,-0.0479,0.0407,0
973472,-6.7836,-6.5155,2.3458,-0.0700,-0.4900,0.2800,-0.0024,-0.0168,0.0096,0
973511,-6.8554,-6.5227,2.3793,-0.3500,0.0000,-0.9100,-0.0120,0.0000,-0.0311,0
973550,-6.8841,-6.5466,2.3649,-0.1400,0.6300,-0.9100,-0.0048,0.0215,-0.0311,0
973589,-6.8769,-6.5873,2.3410,-0.2800,0.4900,-1.2600,-0.0096,0.0168,-0.0431,0
973628,-6.8721,-6.5370,2.3529,-0.3500,-0.4200,-0.3500,-0.0120,-0.0144,-0.0120,0
973667,-6.8578,-6.5634,2.3458,-0.7000,0.2800,-0.6300,-0.0239,0.0096,-0.0215,0
973706,-6.8291,-6.5777,2.3314,-0.0700,0.4200,-0.0700,-0.0024,0.0144,-0.0024,0
973745,-6.8602,-6.5394,2.3506,-0.1400,0.4900,-0.3500,-0.0048,0.0168,-0.0120,0
973784,-6.8219,-6.5514,2.3123,-0.2100,1.8900,-1.4000,-0.0072,0.0646,-0.0479,0
973823,-6.7979,-6.5945,2.2668,-0.8400,2.3100,-1.0500,-0.0287,0.0790,-0.0359,0
973862,-6.7979,-6.5873,2.2285,-0.9800,1.2600,-0.2800,-0.0335,0.0431,-0.0096,0
973901,-6.8745,-6.5921,2.2524,-0.2800,-0.2100,-0.0700,-0.0096,-0.0072,-0.0024,0
973940,-6.8674,-6.5873,2.2764,0.5600,-1.2600,0.7000,0.0191,-0.0431,0.0239,0
973979,-6.8482,-6.5562,2.2787,1.0500,-1.4000,0.1400,0.0359,-0.0479,0.0048,0
974018,-6.8386,-6.5610,2.2955,0.4900,-0.8400,-0.0700,0.0168,-0.0287,-0.0024,0
974057,-6.8362,-6.5634,2.2811,0.7000,-0.3500,-0.0700,0.0239,-0.0120,-0.0024,0
974096,-6.8578,-6.5825,2.2931,0.7700,-0.1400,-0.3500,0.0263,-0.0048,-0.0120,0
974135,-6.8458,-6.5801,2.2907,0.8400,-0.2100,-0.2100,0.0287,-0.0072,-0.0072,0
974174,-6.8506,-6.5753,2.2787,0.6300,-0.5600,0.0000,0.0215,-0.0191,0.0000,0
974213,-6.8530,-6.5849,2.2955,0.7700,-1.0500,0.3500,0.0263,-0.0359,0.0120,0
974252,-6.8291,-6.5729,2.2883,0.9100,-1.4700,0.6300,0.0311,-0.0503,0.0215,0
974291,-6.8554,-6.5514,2.3218,0.9800,-1.5400,0.7000,0.0335,-0.0527,0.0239,0
974330,-6.8961,-6.5346,2.3506,1.2600,-0.9100,0.2100,0.0431,-0.0311,0.0072,0
974369,-6.8554,-6.5370,2.3266,1.1900,0.0000,-0.6300,0.0407,0.0000,-0.0215,0
974408,-6.8171,-6.5801,2.2907,0.9800,0.0000,-0.6300,0.0335,0.0000,-0.0215,0
974447,-6.8721,-6.5658,2.3194,0.3500,-0.8400,0.0000,0.0120,-0.0287,0.0000,0
974486,-6.8554,-6.5658,2.3314,0.6300,-1.1200,0.6300,0.0215,-0.0383,0.0215,0
974525,-6.8506,-6.5418,2.3362,0.8400,-1.0500,0.3500,0.0287,-0.0359,0.0120,0
974564,-6.8530,-6.5514,2.3386,1.1900,-0.8400,-0.2100,0.0407,-0.0287,-0.0072,0
974603,-6.8530,-6.5442,2.3386,0.9100,-0.4200,-0.7000,0.0311,-0.0144,-0.0239,0
974642,-6.8434,-6.5705,2.3529,0.8400,-0.0700,-0.7000,0.0287,-0.0024,-0.0239,0
974681,-6.8458,-6.5705,2.3314,0.5600,0.1400,-0.4900,0.0191,0.0048,-0.0168,0
974720,-6.8530,-6.5681,2.3290,0.6300,-0.1400,-0.2100,0.0215,-0.0048,-0.0072,0
974759,-6.8410,-6.5658,2.3242,0.6300,-0.2100,-0.2800,0.0215,-0.0072,-0.0096,0
974798,-6.8434,-6.5681,2.3266,0.0700,-0.3500,-0.0700,0.0024,-0.0120,-0.0024,0
974837,-6.8243,-6.5681,2.3314,0.2100,-0.4200,0.1400,0.0072,-0.0144,0.0048,0
974876,-6.8578,-6.5658,2.3553,0.4200,-0.4900,0.4200,0.0144,-0.0168,0.0144,0
974915,-6.8937,-6.5466,2.3601,0.8400,-0.1400,0.1400,0.0287,-0.0048,0.0048,0
974954,-6.8674,-6.5346,2.3290,1.0500,0.2800,-0.4900,0.0359,0.0096,-0.0168,0
974993,-6.8171,-6.5562,2.3099,0.8400,0.2100,-0.6300,0.0287,0.0072,-0.0215,0
975032,-6.8195,-6.5681,2.3099,0.3500,-0.2800,-0.2100,0.0120,-0.0096,-0.0072,0
975071,-6.8650,-6.5634,2.3290,0.3500,-0.5600,0.2800,0.0120,-0.0191,0.0096,0
975110,-6.8721,-6.5490,2.3338,0.4200,-0.6300,0.5600,0.0144,-0.0215,0.0191,0
975149,-6.8769,-6.5442,2.3338,0.6300,-0.6300,-0.0700,0.0215,-0.0215,-0.0024,0
975188,-6.8386,-6.5634,2.3290,0.7000,-0.7000,-0.4200,0.0239,-0.0239,-0.0144,0
975227,-6.8291,-6.5562,2.3338,0.5600,-0.4900,-0.1400,0.0191,-0.0168,-0.0048,0
975266,-6.8506,-6.5490,2.3338,0.4200,-0.2800,0.0000,0.0144,-0.0096,0.0000,0
975305,-6.8745,-6.5418,2.3482,0.4900,0.0000,-0.2100,0.0168,0.0000,-0.0072,0
975344,-6.8530,-6.5562,2.3218,0.4200,0.0000,-0.4900,0.0144,0.0000,-0.0168,0
975383,-6.8482,-6.5610,2.3242,0.5600,-0.3500,-0.2800,0.0191,-0.0120,-0.0096,0
975422,-6.8482,-6.5634,2.3194,0.3500,-0.7700,-0.1400,0.0120,-0.0263,-0.0048,0
975461,-6.8578,-6.5562,2.3410,0.4200,-1.0500,0.5600,0.0144,-0.0359,0.0191,0
975500,-6.8530,-6.5538,2.3458,0.8400,-0.5600,0.0000,0.0287,-0.0191,0.0000,0
975539,-6.8267,-6.5442,2.3314,1.1200,-0.2800,-0.5600,0.0383,-0.0096,-0.0191,0
975578,-6.8027,-6.5658,2.3051,0.7700,-0.5600,-0.1400,0.0263,-0.0191,-0.0048,0
975617,-6.8458,-6.5705,2.3386,0.4200,-1.1200,0.5600,0.0144,-0.0383,0.0191,0
975656,-6.8697,-6.5466,2.3434,0.3500,-1.3300,0.7700,0.0120,-0.0455,0.0263,0
975695,-6.9009,-6.5370,2.3721,0.6300,-1.7500,0.7700,0.0215,-0.0598,0.0263,0
975734,-6.8578,-6.5418,2.3745,0.9100,-1.1200,-0.4200,0.0311,-0.0383,-0.0144,0
975773,-6.8506,-6.5514,2.3625,0.3500,-0.5600,-0.2800,0.0120,-0.0191,-0.0096,0
975812,-6.8434,-6.5538,2.3625,0.0700,-0.1400,-0.2800,0.0024,-0.0048,-0.0096,0
975851,-6.8674,-6.5466,2.3697,0.0700,-0.0700,-0.2800,0.0024,-0.0024,-0.0096,0
975890,-6.8745,-6.5442,2.3625,0.0000,0.0000,-0.5600,0.0000,0.0000,-0.0191,0
975929,-6.8434,-6.5562,2.3386,0.1400,-0.2100,-0.4200,0.0048,-0.0072,-0.0144,0
975968,-6.8650,-6.5658,2.3649,0.0000,-0.5600,-0.4900,0.0000,-0.0191,-0.0168,0
976007,-6.8482,-6.5394,2.3553,0.1400,-0.8400,-0.2100,0.0048,-0.0287,-0.0072,0
976046,-6.8362,-6.5466,2.3529,-0.7700,-0.2800,-0.4900,-0.0263,-0.0096,-0.0168,0
976085,-6.8506,-6.5897,2.3793,-0.2800,0.2800,-0.0700,-0.0096,0.0096,-0.0024,0
976124,-6.8769,-6.5394,2.3577,-0.0700,0.8400,-0.3500,-0.0024,0.0287,-0.0120,0
976163,-6.8314,-6.5514,2.3290,0.0700,1.3300,-0.8400,0.0024,0.0455,-0.0287,0
976202,-6.7955,-6.5801,2.2811,-0.4900,0.9100,-0.3500,-0.0168,0.0311,-0.0120,0
976241,-6.8721,-6.5777,2.2907,-0.7000,-0.2100,0.1400,-0.0239,-0.0072,0.0048,0
976280,-6.8674,-6.5705,2.3003,-0.3500,-0.7000,0.5600,-0.0120,-0.0239,0.0191,0
976319,-6.8697,-6.5562,2.3170,-0.2800,-0.9100,0.0700,-0.0096,-0.0311,0.0024,0
976358,-6.8530,-6.5658,2.3123,-0.0700,-0.4200,-0.4900,-0.0024,-0.0144,-0.0168,0
976397,-6.8314,-6.5825,2.2979,0.0000,0.1400,-0.9100,0.0000,0.0048,-0.0311,0
976436,-6.8578,-6.5801,2.3003,-0.1400,0.4900,-0.6300,-0.0048,0.0168,-0.0215,0
976475,-6.8123,-6.5825,2.2644,0.0000,0.6300,-0.5600,0.0000,0.0215,-0.0191,0
976514,-6.8243,-6.5921,2.2620,0.2800,0.3500,-0.3500,0.0096,0.0120,-0.0120,0
976553,-6.8530,-6.5921,2.2668,0.2800,-0.2100,0.0000,0.0096,-0.0072,0.0000,0
976592,-6.8314,-6.5777,2.2692,0.7000,-0.7000,0.2800,0.0239,-0.0239,0.0096,0
976631,-6.8769,-6.5849,2.2907,0.6300,-0.8400,0.6300,0.0215,-0.0287,0.0215,0
976670,-6.8506,-6.5442,2.2859,1.0500,-1.1200,0.2800,0.0359,-0.0383,0.0096,0
976709,-6.8650,-6.5681,2.3027,1.2600,-0.6300,-0.6300,0.0431,-0.0215,-0.0215,0
976748,-6.8291,-6.5801,2.2811,1.1200,-0.2800,-0.3500,0.0383,-0.0096,-0.0120,0
976787,-6.8099,-6.5825,2.2716,0.5600,-0.4200,0.0000,0.0191,-0.0144,0.0000,0
976826,-6.8626,-6.5849,2.3051,0.7000,-1.1200,0.2100,0.0239,-0.0383,0.0072,0
976865,-6.8674,-6.5658,2.2979,1.0500,-1.3300,0.5600,0.0359,-0.0455,0.0191,0
976904,-6.8410,-6.5610,2.3003,1.1200,-1.4000,0.3500,0.0383,-0.0479,0.0120,0
976943,-6.8530,-6.5729,2.3290,1.4000,-1.3300,0.0000,0.0479,-0.0455,0.0000,0
976982,-6.8458,-6.5586,2.3410,0.9800,-1.1200,-0.0700,0.0335,-0.0383,-0.0024,0
977021,-6.8314,-6.5562,2.3338,0.9800,-0.7000,-0.0700,0.0335,-0.0239,-0.0024,0
977060,-6.8482,-6.5610,2.3386,0.7700,-0.4200,-0.1400,0.0263,-0.0144,-0.0048,0
977099,-6.8626,-6.5610,2.3410,1.0500,-0.3500,-0.0700,0.0359,-0.0120,-0.0024,0
977138,-6.8482,-6.5610,2.3506,0.9800,-0.2800,-0.2800,0.0335,-0.0096,-0.0096,0
977177,-6.8410,-6.5562,2.3410,0.6300,-0.3500,-0.2100,0.0215,-0.0120,-0.0072,0
977216,-6.8386,-6.5681,2.3434,0.3500,-0.2100,-0.1400,0.0120,-0.0072,-0.0048,0
977255,-6.8171,-6.5681,2.3410,0.6300,-0.2100,0.2100,0.0215,-0.0072,0.0072,0
977294,-6.8674,-6.5442,2.3506,0.7000,-0.2100,0.2800,0.0239,-0.0072,0.0096,0
977333,-6.8650,-6.5418,2.3529,0.7700,0.0700,-0.4900,0.0263,0.0024,-0.0168,0
977372,-6.8386,-6.5610,2.3290,0.9800,0.2100,-0.6300,0.0335,0.0072,-0.0215,0
977411,-6.8267,-6.5586,2.3075,0.4900,-0.2800,-0.2100,0.0168,-0.0096,-0.0072,0
977450,-6.8482,-6.5634,2.3410,0.4200,-0.8400,0.1400,0.0144,-0.0287,0.0048,0
977489,-6.8697,-6.5634,2.3529,0.4200,-0.8400,0.3500,0.0144,-0.0287,0.0120,0
977528,-6.8482,-6.5514,2.3529,0.6300,-0.8400,0.0000,0.0215,-0.0287,0.0000,0
977567,-6.8338,-6.5658,2.3506,0.7000,-0.6300,-0.4200,0.0239,-0.0215,-0.0144,0
977606,-6.8267,-6.5610,2.3625,0.4200,-0.4900,-0.3500,0.0144,-0.0168,-0.0120,0
977645,-6.8506,-6.5681,2.3434,0.3500,-0.1400,-0.1400,0.0120,-0.0048,-0.0048,0
977684,-6.8578,-6.5442,2.3458,0.2800,-0.3500,0.1400,0.0096,-0.0120,0.0048,0
977723,-6.8386,-6.5490,2.3434,0.4900,-0.4900,-0.1400,0.0168,-0.0168,-0.0048,0
977762,-6.8530,-6.5777,2.3529,0.4200,-0.6300,-0.3500,0.0144,-0.0215,-0.0120,0
977801,-6.8434,-6.5610,2.3601,0.4900,-0.7000,0.0700,0.0168,-0.0239,0.0024,0
977840,-6.8410,-6.5490,2.3506,0.2100,-0.3500,-0.1400,0.0072,-0.0120,-0.0048,0
977879,-6.8338,-6.5705,2.3529,0.4200,-0.5600,0.2100,0.0144,-0.0191,0.0072,0
977918,-6.8626,-6.5322,2.3649,0.6300,-0.1400,-0.1400,0.0215,-0.0048,-0.0048,0
977957,-6.8650,-6.5466,2.3673,0.8400,0.2100,-0.5600,0.0287,0.0072,-0.0191,0
977996,-6.8075,-6.5658,2.3194,0.3500,0.0700,-0.4900,0.0120,0.0024,-0.0168,0
978035,-6.8291,-6.5729,2.3314,0.5600,-0.9100,0.2100,0.0191,-0.0311,0.0072,0
978074,-6.8602,-6.5610,2.3553,0.3500,-1.2600,0.7000,0.0120,-0.0431,0.0239,0
978113,-6.8745,-6.5466,2.3745,0.4200,-1.3300,0.4200,0.0144,-0.0455,0.0144,0
978152,-6.8482,-6.5466,2.3625,1.0500,-1.4000,0.0700,0.0359,-0.0479,0.0024,0
978191,-6.8362,-6.5370,2.3649,0.7000,-1.1200,-0.1400,0.0239,-0.0383,-0.0048,0
978230,-6.8434,-6.5514,2.3769,0.2800,-0.7700,-0.2100,0.0096,-0.0263,-0.0072,0
978269,-6.8530,-6.5562,2.3865,0.0700,-0.4200,0.0700,0.0024,-0.0144,0.0024,0
978308,-6.8602,-6.5442,2.3721,0.1400,0.0700,-0.2100,0.0048,0.0024,-0.0072,0
978347,-6.8506,-6.5586,2.3601,0.1400,0.1400,-0.4900,0.0048,0.0048,-0.0168,0
978386,-6.8769,-6.5442,2.3601,0.0000,-0.0700,-0.4900,0.0000,-0.0024,-0.0168,0
978425,-6.8386,-6.5610,2.3601,-0.0700,-0.0700,-0.4900,-0.0024,-0.0024,-0.0168,0
978464,-6.8338,-6.5658,2.3434,-0.2100,0.2100,-0.6300,-0.0072,0.0072,-0.0215,0
978503,-6.8410,-6.5729,2.3458,0.1400,0.0000,-0.3500,0.0048,0.0000,-0.0120,0
978542,-6.8745,-6.5658,2.3673,0.0700,0.4900,-0.7700,0.0024,0.0168,-0.0263,0
978581,-6.8410,-6.5658,2.3362,0.0000,0.9800,-0.7700,0.0000,0.0335,-0.0263,0
978620,-6.7764,-6.5873,2.2931,-0.2800,0.9800,-0.4900,-0.0096,0.0335,-0.0168,0
978659,-6.8099,-6.5753,2.3003,-0.4200,0.0700,-0.2100,-0.0144,0.0024,-0.0072,0
978698,-6.8674,-6.5729,2.3218,-0.5600,-0.4200,0.1400,-0.0191,-0.0144,0.0048,0
978737,-6.8817,-6.5634,2.3266,-0.2100,-0.7000,0.1400,-0.0072,-0.0239,0.0048,0
978776,-6.8314,-6.5753,2.3194,-0.1400,-0.4200,-0.5600,-0.0048,-0.0144,-0.0191,0
978815,-6.8099,-6.5801,2.3003,0.0700,-0.1400,-0.7700,0.0024,-0.0048,-0.0263,0
978854,-6.8482,-6.5969,2.3123,-0.7700,0.5600,-0.4900,-0.0263,0.0191,-0.0168,0
978893,-6.8506,-6.5825,2.2835,-1.1900,0.8400,-0.2100,-0.0407,0.0287,-0.0072,0
978932,-6.8219,-6.5873,2.2644,-0.6300,0.7000,-0.3500,-0.0215,0.0239,-0.0120,0
978971,-6.8434,-6.5849,2.2548,-0.2800,0.2800,-0.3500,-0.0096,0.0096,-0.0120,0
979010,-6.8362,-6.6088,2.2524,-0.5600,0.0000,-0.4200,-0.0191,0.0000,-0.0144,0
979049,-6.7979,-6.6136,2.2500,0.2800,-0.2800,0.2100,0.0096,-0.0096,0.0072,0
979088,-6.8578,-6.6064,2.2428,0.4200,-0.2100,-0.0700,0.0144,-0.0072,-0.0024,0
979127,-6.8602,-6.5921,2.2692,0.8400,-0.6300,0.2100,0.0287,-0.0215,0.0072,0
979166,-6.8314,-6.5825,2.2644,1.6100,-0.3500,-0.0700,0.0551,-0.0120,-0.0024,0
979205,-6.8075,-6.5897,2.2452,1.2600,-0.1400,-0.0700,0.0431,-0.0048,-0.0024,0
979244,-6.7955,-6.5945,2.2333,0.7700,-0.3500,0.0700,0.0263,-0.0120,0.0024,0
979283,-6.8674,-6.5873,2.2692,0.7700,-1.6100,0.4200,0.0263,-0.0551,0.0144,0
979322,-6.8554,-6.6017,2.2907,0.9100,-1.4000,0.4900,0.0311,-0.0479,0.0168,0
979361,-6.8554,-6.5705,2.3027,1.1200,-1.3300,0.2100,0.0383,-0.0455,0.0072,0
979400,-6.8314,-6.5658,2.2955,1.1200,-1.1200,0.0000,0.0383,-0.0383,0.0000,0
979439,-6.8434,-6.5658,2.3003,0.9800,-0.9800,-0.0700,0.0335,-0.0335,-0.0024,0
979478,-6.8482,-6.5705,2.3123,0.7700,-0.7700,-0.2100,0.0263,-0.0263,-0.0072,0
979517,-6.8506,-6.5801,2.3027,0.7000,-0.5600,-0.2800,0.0239,-0.0191,-0.0096,0
979556,-6.8410,-6.5801,2.3027,0.9100,-0.6300,0.0700,0.0311,-0.0215,0.0024,0
979595,-6.8338,-6.5777,2.3194,0.9800,-0.7000,0.1400,0.0335,-0.0239,0.0048,0
979634,-6.8674,-6.5729,2.3266,0.7000,-0.4900,-0.1400,0.0239,-0.0168,-0.0048,0
979673,-6.8434,-6.5586,2.3194,0.7700,-0.2800,-0.1400,0.0263,-0.0096,-0.0048,0
979712,-6.8338,-6.5753,2.3242,0.6300,-0.2100,-0.4900,0.0215,-0.0072,-0.0168,0
979751,-6.7955,-6.5705,2.3075,0.9100,-0.6300,0.2100,0.0311,-0.0215,0.0072,0
979790,-6.8817,-6.5514,2.3386,0.7700,-0.1400,0.0700,0.0263,-0.0048,0.0024,0
979829,-6.8482,-6.5681,2.3218,0.8400,0.1400,-0.4200,0.0287,0.0048,-0.0144,0
979868,-6.8099,-6.5705,2.3003,0.7700,-0.0700,-0.3500,0.0263,-0.0024,-0.0120,0
979907,-6.8314,-6.5873,2.3170,0.6300,-0.5600,-0.1400,0.0215,-0.0191,-0.0048,0
979946,-6.8506,-6.5658,2.3075,0.6300,-0.9100,0.4900,0.0215,-0.0311,0.0168,0
979985,-6.8697,-6.5514,2.3410,0.2100,-1.1200,0.5600,0.0072,-0.0383,0.0191,0
980024,-6.8362,-6.5562,2.3362,0.7700,-0.8400,-0.1400,0.0263,-0.0287,-0.0048,0
980063,-6.8410,-6.5562,2.3386,0.7000,-0.7000,-0.4200,0.0239,-0.0239,-0.0144,0
980102,-6.8362,-6.5801,2.3553,0.4200,-0.2100,-0.7000,0.0144,-0.0072,-0.0239,0
980141,-6.8314,-6.5801,2.3266,0.4900,0.1400,-0.2100,0.0168,0.0048,-0.0072,0
980180,-6.8434,-6.5753,2.3338,0.5600,-0.2100,-0.1400,0.0191,-0.0072,-0.0048,0
980219,-6.8314,-6.5729,2.3314,0.4900,-0.2100,-0.3500,0.0168,-0.0072,-0.0120,0
980258,-6.8410,-6.5658,2.3290,0.3500,-0.2100,-0.2800,0.0120,-0.0072,-0.0096,0
980297,-6.8267,-6.5825,2.3362,0.5600,-0.1400,-0.1400,0.0191,-0.0048,-0.0048,0
980336,-6.8338,-6.5801,2.3242,0.5600,-0.2100,-0.0700,0.0191,-0.0072,-0.0024,0
980375,-6.8721,-6.5514,2.3410,0.4900,-0.4200,-0.0700,0.0168,-0.0144,-0.0024,0
980414,-6.8314,-6.5442,2.3338,0.9800,0.1400,-0.6300,0.0335,0.0048,-0.0215,0
980453,-6.7620,-6.5801,2.4894,8.1900,0.8400,-4.4100,0.2801,0.0287,-0.1508,0
980492,-7.0086,-6.7070,2.2309,6.3000,2.3100,1.6100,0.2154,0.0790,0.0551,0
980531,-6.8841,-6.5203,2.3506,10.0800,-4.7600,6.7200,0.3447,-0.1628,0.2298,0
980570,-6.9272,-6.4413,2.5277,11.5500,-9.1000,5.5300,0.3950,-0.3112,0.1891,0
980609,-6.7333,-6.3599,2.4511,-1.8900,-6.4400,0.7000,-0.0646,-0.2202,0.0239,0
980648,-6.5586,-6.5083,2.5253,-0.3500,-8.7500,1.7500,-0.0120,-0.2992,0.0598,0
980687,-6.7788,-6.5107,2.6043,-3.0100,-6.0900,7.8400,-0.1029,-0.2082,0.2681,0
980726,-6.9463,-6.2737,2.5109,-1.1900,-7.9100,12.7400,-0.0407,-0.2705,0.4356,0
980765,-6.8051,-6.1253,2.5660,0.4900,-12.1100,8.8900,0.0168,-0.4141,0.3040,0
980804,-7.0971,-6.3120,2.7527,-2.8000,-11.7600,0.9100,-0.0957,-0.4021,0.0311,0
980843,-7.3844,-6.4078,2.9442,-8.4700,-14.7000,1.1900,-0.2896,-0.5027,0.0407,0
980882,-6.9775,-6.3503,2.7287,-10.1500,-23.3800,8.3300,-0.3471,-0.7995,0.2848,0
980921,-6.5083,-6.0535,2.6450,-5.1800,-33.3900,9.5200,-0.1771,-1.1418,0.3255,0
980960,-6.5753,-6.2019,2.3458,4.6900,-35.9800,10.9900,0.1604,-1.2303,0.3758,0
980999,-6.8530,-6.3120,3.1141,4.6200,-41.3700,3.3600,0.1580,-1.4146,0.1149,0
981038,-6.8745,-6.7189,3.8921,-8.9600,-56.4200,7.3500,-0.3064,-1.9293,0.2513,0
981077,-6.4533,-6.2402,4.2631,-10.7100,-49.1400,5.1100,-0.3662,-1.6803,0.1747,0
981116,-6.5322,-6.3431,4.2272,-26.0400,-29.6800,-3.4300,-0.8904,-1.0149,-0.1173,0
981155,-6.4796,-6.2833,4.2894,16.3800,-1.1200,-8.8900,0.5601,-0.0383,-0.3040,0
981194,-6.5227,-6.1301,4.3109,63.2800,25.8300,-22.3300,2.1639,0.8833,-0.7636,0
981233,-6.1062,-6.3336,4.1889,27.7200,32.2000,-30.8700,0.9479,1.1011,-1.0556,0
981272,-6.0798,-6.4916,3.8131,5.1800,36.4000,-24.9200,0.1771,1.2447,-0.8521,0
981311,-6.3862,-6.5634,3.8226,-2.6600,34.0200,-21.4900,-0.0910,1.1633,-0.7348,0
981350,-5.9889,-6.5634,3.3774,-3.5000,34.0200,-18.5500,-0.1197,1.1633,-0.6343,0
981389,-5.9985,-6.7142,2.9035,-12.3200,28.5600,-16.0300,-0.4213,0.9766,-0.5481,0
981428,-6.0344,-6.8027,2.8748,-4.9700,14.8400,-13.3000,-0.1699,0.5075,-0.4548,0
981467,-5.7495,-6.5681,2.7623,0.0000,2.3800,-1.9600,0.0000,0.0814,-0.0670,0
981506,-6.1158,-6.4676,2.9849,3.0800,4.3400,22.7500,0.1053,0.1484,0.7779,0
981545,-6.1110,-6.9368,2.9107,2.7300,7.8400,35.5600,0.0934,0.2681,1.2160,0
981584,-7.8631,-5.5173,4.0117,-1.6100,-44.7300,30.6600,-0.0551,-1.5295,1.0484,0
981623,-7.9612,-5.7256,4.3612,-32.9700,-49.3500,22.9600,-1.1274,-1.6875,0.7851,0
981662,-7.4538,-5.9602,4.1817,-18.3400,-15.8200,0.3500,-0.6271,-0.5410,0.0120,0
981701,-6.8913,-6.3575,3.7532,2.8000,6.5100,-2.7300,0.0957,0.2226,-0.0934,0
981740,-6.7501,-6.4269,3.6072,9.3100,16.8700,-0.4900,0.3184,0.5769,-0.0168,0
981779,-6.4844,-6.3934,3.4540,28.5600,11.6900,0.3500,0.9766,0.3997,0.0120,0
981818,-6.7261,-6.4485,3.6216,22.6800,11.2000,-3.7800,0.7755,0.3830,-0.1293,0
981857,-6.4365,-6.3695,3.6982,6.8600,13.0900,-1.1900,0.2346,0.4476,-0.0407,0
981896,-6.3168,-6.4485,2.9753,-21.1400,10.0100,11.5500,-0.7229,0.3423,0.3950,0
981935,-6.4987,-5.9530,2.7886,15.4700,-5.3200,-0.2800,0.5290,-0.1819,-0.0096,0
981974,-6.7740,-6.1253,2.4846,8.3300,-15.6100,-9.8000,0.2848,-0.5338,-0.3351,0
982013,-6.6328,-5.6394,3.5881,3.2900,-35.9100,-7.9100,0.1125,-1.2279,-0.2705,0
982052,-7.4706,-5.9434,5.6107,26.7400,-15.4000,-19.3900,0.9144,-0.5266,-0.6630,0
982091,-6.6304,-5.7878,4.0261,-15.2600,37.9400,-25.8300,-0.5218,1.2974,-0.8833,0
982130,-5.9937,-6.4533,3.4804,5.5300,65.6600,-22.8900,0.1891,2.2452,-0.7827,0
982169,-5.8596,-7.1091,3.0686,-5.0400,77.2100,-21.8400,-0.1723,2.6402,-0.7468,0
982208,-6.7932,-6.8865,3.2769,-21.2800,75.6000,-20.3700,-0.7277,2.5851,-0.6965,0
982247,-6.7166,-7.6596,2.8748,-39.2700,52.9900,1.5400,-1.3428,1.8120,0.0527,0
982286,-6.7381,-6.6567,1.4553,-72.9400,18.2000,-19.6700,-2.4942,0.6223,-0.6726,0
982325,-7.1426,-5.9482,1.3117,-42.5600,25.9000,-13.7200,-1.4553,0.8856,-0.4692,0
982364,-6.5299,-7.2312,1.5774,-9.6600,32.0600,-14.7000,-0.3303,1.0963,-0.5027,0
982403,-6.3431,-6.7692,0.6559,-13.1600,25.0600,-24.4300,-0.4500,0.8569,-0.8354,0
982442,-6.1923,-7.2815,0.6942,-1.2600,27.1600,-12.9500,-0.0431,0.9287,-0.4428,0
982481,-6.4030,-7.5088,0.4931,-6.0900,22.0500,-12.6000,-0.2082,0.7540,-0.4309,0
982520,-6.2857,-7.5759,0.6439,-0.9100,19.7400,-11.4800,-0.0311,0.6750,-0.3926,0
982559,-6.3814,-7.4442,0.9646,-5.6700,13.2300,-4.9000,-0.1939,0.4524,-0.1676,0
982598,-6.1086,-7.1857,0.9790,2.3800,19.7400,-5.3900,0.0814,0.6750,-0.1843,0
982637,-6.0009,-7.1953,0.8689,-6.7200,25.6900,-12.3900,-0.2298,0.8785,-0.4237,0
982676,-6.1564,-7.4059,0.1125,-8.1900,34.1600,-10.7800,-0.2801,1.1681,-0.3686,0
982715,-6.2450,-8.8852,-0.0934,-2.6600,32.4100,-5.0400,-0.0910,1.1083,-0.1723,0
982754,-6.0104,-7.7434,-0.2178,-12.6700,33.0400,-21.8400,-0.4332,1.1298,-0.7468,0
982793,-6.2450,-7.7003,-0.9838,-12.4600,35.5600,-19.8100,-0.4261,1.2160,-0.6774,0
982832,-5.8788,-8.2533,-0.9407,4.4100,27.8600,-4.4100,0.1508,0.9527,-0.1508,0
982871,-5.4934,-7.3963,-0.3016,-0.9100,23.8700,-11.7600,-0.0311,0.8162,-0.4021,0
982910,-5.5580,-7.9373,-0.6223,-7.0700,14.2800,-8.9600,-0.2418,0.4883,-0.3064,0
982949,-5.4407,-7.8847,-1.0508,-9.5200,9.2400,-5.8800,-0.3255,0.3160,-0.2011,0
982988,-5.6993,-7.4753,-1.7306,-16.4500,1.9600,-2.7300,-0.5625,0.0670,-0.0934,0
983027,-5.6801,-7.7889,-1.0556,3.5000,5.2500,-4.2000,0.1197,0.1795,-0.1436,0
983066,-5.7040,-8.1647,-0.7708,6.2300,3.6400,-0.2800,0.2130,0.1245,-0.0096,0
983105,-5.6227,-7.8583,-0.9814,0.6300,-3.0100,-2.6600,0.0215,-0.1029,-0.0910,0
983144,-5.4120,-7.9493,-0.9263,0.4200,-2.9400,-2.1700,0.0144,-0.1005,-0.0742,0
983183,-5.4671,-7.7602,-0.9934,3.9900,-1.0500,-1.2600,0.1364,-0.0359,-0.0431,0
983222,-5.8381,-7.5854,-0.9814,5.6700,1.4700,-5.1100,0.1939,0.0503,-0.1747,0
983261,-5.5796,-8.2006,-0.6367,1.7500,0.1400,-5.4600,0.0598,0.0048,-0.1867,0
983300,-5.7519,-8.1216,-0.8234,-4.4100,-6.4400,-2.4500,-0.1508,-0.2202,-0.0838,0
983339,-5.4671,-7.9732,-0.7468,-3.7100,-5.2500,-0.2800,-0.1269,-0.1795,-0.0096,0
983378,-5.4527,-7.9948,-0.8282,-1.7500,-0.6300,-1.0500,-0.0598,-0.0215,-0.0359,0
983417,-5.3929,-7.8631,-0.8856,0.7700,0.9800,-0.0700,0.0263,0.0335,-0.0024,0
983456,-5.4024,-7.7865,-0.9431,4.5500,3.5700,-0.9100,0.1556,0.1221,-0.0311,0
983495,-5.4599,-8.0426,-0.8833,5.7400,4.4100,-2.2400,0.1963,0.1508,-0.0766,0
983534,-5.3641,-8.0139,-0.9981,9.3800,2.9400,3.2900,0.3207,0.1005,0.1125,0
983573,-5.5149,-8.1168,-0.8306,13.7200,-3.7100,10.2900,0.4692,-0.1269,0.3519,0
983612,-5.6634,-7.8894,-0.5338,12.6000,-4.7600,14.9100,0.4309,-0.1628,0.5098,0
983651,-5.8357,-7.9373,-0.4548,9.5200,-1.6800,10.6400,0.3255,-0.0574,0.3638,0
983690,-5.9434,-7.9636,-0.4979,6.3700,-0.9800,7.8400,0.2178,-0.0335,0.2681,0
983729,-5.9171,-7.6429,-0.5242,1.1200,-5.6700,6.9300,0.0383,-0.1939,0.2370,0
983768,-5.8692,-7.9206,-0.3854,4.0600,-3.6400,3.0100,0.1388,-0.1245,0.1029,0
983807,-5.9650,-7.7985,-0.3926,1.8900,-1.1200,0.9100,0.0646,-0.0383,0.0311,0
983846,-5.9482,-7.8296,-0.3519,1.6100,3.6400,-0.4900,0.0551,0.1245,-0.0168,0
983885,-5.8860,-7.8033,-0.5122,-0.9100,1.6800,-4.3400,-0.0311,0.0574,-0.1484,0
983924,-5.8596,-7.8727,-0.4332,-0.7000,2.0300,-2.8000,-0.0239,0.0694,-0.0957,0
983963,-5.7136,-7.7602,-0.5577,-2.1000,2.1700,-3.0100,-0.0718,0.0742,-0.1029,0
984002,-5.9195,-7.8847,-0.4883,-0.4200,3.8500,-0.8400,-0.0144,0.1317,-0.0287,0
984041,-5.8716,-7.9229,-0.4715,-0.9800,3.0800,-0.3500,-0.0335,0.1053,-0.0120,0
984080,-5.8620,-7.8751,-0.5673,-3.1500,2.5200,-0.6300,-0.1077,0.0862,-0.0215,0
984119,-5.7567,-7.7793,-0.6104,-3.9200,2.2400,-0.7000,-0.1340,0.0766,-0.0239,0
984158,-5.6346,-7.7171,-0.6965,-2.1700,3.9900,-2.0300,-0.0742,0.1364,-0.0694,0
984197,-5.6442,-7.7434,-0.7971,-1.4700,3.8500,-3.9200,-0.0503,0.1317,-0.1340,0
984236,-5.8142,-7.9373,-0.7157,0.6300,2.7300,-1.6100,0.0215,0.0934,-0.0551,0
984275,-5.8237,-7.9014,-0.6846,-0.1400,0.8400,-1.1900,-0.0048,0.0287,-0.0407,0
984314,-5.8022,-7.9110,-0.7229,-1.0500,0.3500,-1.2600,-0.0359,0.0120,-0.0431,0
984353,-5.7280,-7.8631,-0.7133,-1.1200,-0.3500,-0.4200,-0.0383,-0.0120,-0.0144,0
984392,-5.7399,-7.8296,-0.7013,-0.8400,1.1900,-0.5600,-0.0287,0.0407,-0.0191,0
984431,-5.7376,-7.8607,-0.7085,-0.4200,1.8200,-1.1200,-0.0144,0.0622,-0.0383,0
984470,-5.6921,-7.8918,-0.7660,-1.3300,2.1700,-2.1000,-0.0455,0.0742,-0.0718,0
984509,-5.6538,-7.8368,-0.8402,-1.4700,1.5400,-1.5400,-0.0503,0.0527,-0.0527,0
984548,-5.7064,-7.9134,-0.7779,0.0700,2.5200,-0.7000,0.0024,0.0862,-0.0239,0
984587,-5.7495,-7.8966,-0.8019,-0.9800,1.1200,-1.2600,-0.0335,0.0383,-0.0431,0
984626,-5.6897,-7.8823,-0.8833,-1.2600,0.6300,-1.6100,-0.0431,0.0215,-0.0551,0
984665,-5.6370,-7.8248,-0.8856,-0.2800,-0.6300,-0.8400,-0.0096,-0.0215,-0.0287,0
984704,-5.7280,-7.9469,-0.8019,1.2600,0.2100,0.4900,0.0431,0.0072,0.0168,0
984743,-5.7184,-7.8870,-0.8043,0.0700,-1.4000,0.1400,0.0024,-0.0479,0.0048,0
984782,-5.6538,-7.9158,-0.8330,-0.8400,-0.9100,-0.8400,-0.0287,-0.0311,-0.0287,0
984821,-5.6945,-7.8559,-0.8545,-0.4200,-0.9100,-0.2100,-0.0144,-0.0311,-0.0072,0
984860,-5.6562,-7.9062,-0.8402,0.1400,-0.4200,-0.2100,0.0048,-0.0144,-0.0072,0
984899,-5.6801,-7.8751,-0.8306,0.0000,-0.9800,-0.4200,0.0000,-0.0335,-0.0144,0
984938,-5.6777,-7.8870,-0.8569,-0.0700,-1.4000,-0.2100,-0.0024,-0.0479,-0.0072,0
984977,-5.6274,-7.8727,-0.8450,0.5600,-1.6100,0.2800,0.0191,-0.0551,0.0096,0
985016,-5.6825,-7.9038,-0.8521,1.4000,-1.4000,0.5600,0.0479,-0.0479,0.0191,0
985055,-5.6657,-7.8966,-0.7995,0.9800,-2.4500,0.7000,0.0335,-0.0838,0.0239,0
985094,-5.7040,-7.9038,-0.7540,0.9100,-1.5400,0.5600,0.0311,-0.0527,0.0191,0
985133,-5.6825,-7.8823,-0.7827,0.6300,-1.0500,-0.2100,0.0215,-0.0359,-0.0072,0
985172,-5.6586,-7.8607,-0.7947,0.4200,-0.5600,-0.2100,0.0144,-0.0191,-0.0072,0
985211,-5.7543,-7.9421,-0.7540,0.9100,-0.2800,-0.1400,0.0311,-0.0096,-0.0048,0
985250,-5.7399,-7.8799,-0.7899,0.0000,-0.0700,-0.2100,0.0000,-0.0024,-0.0072,0
985289,-5.7256,-7.9253,-0.7731,0.0000,0.2800,-0.2100,0.0000,0.0096,-0.0072,0
985328,-5.6993,-7.8535,-0.8091,-0.4200,-0.0700,-0.1400,-0.0144,-0.0024,-0.0048,0
985367,-5.6729,-7.9062,-0.7923,-0.1400,-0.2800,-0.2800,-0.0048,-0.0096,-0.0096,0
985406,-5.6155,-7.8344,-0.8665,-0.0700,-0.6300,-0.0700,-0.0024,-0.0215,-0.0024,0
985445,-5.6418,-7.8775,-0.8138,1.2600,-0.4900,0.1400,0.0431,-0.0168,0.0048,0
985484,-5.7471,-7.8942,-0.7444,1.6100,-0.0700,0.1400,0.0551,-0.0024,0.0048,0
985523,-5.7519,-7.8727,-0.7971,0.1400,-0.7000,-0.1400,0.0048,-0.0239,-0.0048,0
985562,-5.7136,-7.8870,-0.7660,0.2800,-0.7700,0.3500,0.0096,-0.0263,0.0120,0
985601,-5.6969,-7.8823,-0.7827,0.0700,-0.2800,-0.0700,0.0024,-0.0096,-0.0024,0
985640,-5.7088,-7.8727,-0.8043,0.0000,0.1400,-0.4200,0.0000,0.0048,-0.0144,0
985679,-5.7064,-7.9229,-0.7779,0.1400,0.2800,-0.4200,0.0048,0.0096,-0.0144,0
985718,-5.6586,-7.8511,-0.8378,-0.4900,-0.2800,-0.5600,-0.0168,-0.0096,-0.0191,0
985757,-5.6969,-7.9206,-0.7755,0.3500,0.0000,-0.2100,0.0120,0.0000,-0.0072,0
985796,-5.6681,-7.8679,-0.8043,0.3500,0.0700,-0.0700,0.0120,0.0024,-0.0024,0
985835,-5.6993,-7.9277,-0.7779,0.4200,0.2100,-0.1400,0.0144,0.0072,-0.0048,0
985874,-5.6705,-7.8511,-0.8210,0.2100,0.2800,-0.2800,0.0072,0.0096,-0.0096,0
985913,-5.6921,-7.8894,-0.8091,0.6300,0.4900,-0.2800,0.0215,0.0168,-0.0096,0
985952,-5.7040,-7.8823,-0.8114,0.3500,0.2100,-0.2800,0.0120,0.0072,-0.0096,0
985991,-5.6514,-7.8823,-0.8282,0.2100,-0.2100,-0.4200,0.0072,-0.0072,-0.0144,0
986030,-5.7136,-7.9301,-0.7779,0.8400,0.0700,0.1400,0.0287,0.0024,0.0048,0
986069,-5.7184,-7.8679,-0.8186,0.1400,-0.1400,-0.2100,0.0048,-0.0048,-0.0072,0
986108,-5.6634,-7.8823,-0.8330,0.7700,0.0700,-0.2100,0.0263,0.0024,-0.0072,0
986147,-5.6586,-7.9373,-0.7971,0.6300,-0.2800,-0.1400,0.0215,-0.0096,-0.0048,0
986186,-5.6274,-7.8607,-0.8378,0.3500,-0.6300,0.0000,0.0120,-0.0215,0.0000,0
986225,-5.7040,-7.8823,-0.8067,1.2600,-0.2100,0.3500,0.0431,-0.0072,0.0120,0
986264,-5.6945,-7.8775,-0.8186,1.4700,-0.3500,0.2800,0.0503,-0.0120,0.0096,0
986303,-5.7471,-7.8990,-0.7779,1.0500,-0.6300,0.1400,0.0359,-0.0215,0.0048,0
986342,-5.6993,-7.9062,-0.7899,0.8400,-0.6300,0.0700,0.0287,-0.0215,0.0024,0
986381,-5.6897,-7.8823,-0.7851,0.6300,-0.5600,0.0000,0.0215,-0.0191,0.0000,0
986420,-5.6849,-7.8870,-0.7875,0.9800,-0.3500,0.0700,0.0335,-0.0120,0.0024,0
986459,-5.6873,-7.9038,-0.7803,1.1200,-0.4200,0.2100,0.0383,-0.0144,0.0072,0
986498,-5.7112,-7.9014,-0.7803,1.1200,-0.7000,0.2100,0.0383,-0.0239,0.0072,0
986537,-5.6993,-7.8966,-0.7612,1.0500,-0.9100,0.3500,0.0359,-0.0311,0.0120,0
986576,-5.7328,-7.8703,-0.7348,0.6300,-0.6300,-0.2100,0.0215,-0.0215,-0.0072,0
986615,-5.6777,-7.8751,-0.8282,0.7700,0.0000,-0.3500,0.0263,0.0000,-0.0120,0
986654,-5.6921,-7.8416,-0.7875,0.7000,-1.3300,0.0000,0.0239,-0.0455,0.0000,0
986693,-5.7136,-7.8847,-0.7540,1.1900,-1.1200,0.3500,0.0407,-0.0383,0.0120,0
986732,-5.6993,-7.8918,-0.7420,1.6100,-0.3500,0.8400,0.0551,-0.0120,0.0287,0
986771,-5.7040,-7.8679,-0.7372,1.1900,-0.2800,0.4200,0.0407,-0.0096,0.0144,0
986810,-5.7208,-7.8416,-0.7468,1.3300,0.3500,0.3500,0.0455,0.0120,0.0120,0
986849,-5.7639,-7.8942,-0.7325,1.1200,-0.2100,0.4200,0.0383,-0.0072,0.0144,0
986888,-5.7471,-7.8847,-0.7133,0.6300,-1.0500,0.5600,0.0215,-0.0359,0.0191,0
986927,-5.7567,-7.8583,-0.6942,0.4900,-0.6300,0.3500,0.0168,-0.0215,0.0120,0
986966,-5.7304,-7.8583,-0.7325,0.5600,0.1400,-0.1400,0.0191,0.0048,-0.0048,0
987005,-5.7304,-7.8727,-0.7348,0.5600,0.0700,-0.3500,0.0191,0.0024,-0.0120,0
987044,-5.7208,-7.8655,-0.7468,0.4200,-0.5600,-0.2100,0.0144,-0.0191,-0.0072,0
987083,-5.7352,-7.8894,-0.7205,0.6300,-0.4900,0.0700,0.0215,-0.0168,0.0024,0
987122,-5.7088,-7.8607,-0.7229,0.6300,-0.7000,0.0700,0.0215,-0.0239,0.0024,0
987161,-5.7352,-7.8847,-0.7157,0.3500,-0.5600,-0.3500,0.0120,-0.0191,-0.0120,0
987200,-5.7208,-7.8799,-0.7133,0.5600,-0.2100,0.2100,0.0191,-0.0072,0.0072,0
987239,-5.7519,-7.8799,-0.7277,0.4900,-0.2800,0.2800,0.0168,-0.0096,0.0096,0
987278,-5.7088,-7.8775,-0.7205,0.1400,-0.1400,-0.1400,0.0048,-0.0048,-0.0048,0
987317,-5.6777,-7.8368,-0.7396,0.4200,0.0000,-0.0700,0.0144,0.0000,-0.0024,0
987356,-5.7663,-7.8966,-0.7061,0.7000,0.3500,-0.0700,0.0239,0.0120,-0.0024,0
987395,-5.7759,-7.8847,-0.7157,0.4200,-0.1400,0.0000,0.0144,-0.0048,0.0000,0
987434,-5.7160,-7.8655,-0.7444,-0.3500,-0.8400,-0.0700,-0.0120,-0.0287,-0.0024,0
987473,-5.6945,-7.8392,-0.7396,0.0000,-0.5600,0.1400,0.0000,-0.0191,0.0048,0
987512,-5.7040,-7.8296,-0.7492,0.8400,-0.0700,-0.0700,0.0287,-0.0024,-0.0024,0
987551,-5.7447,-7.8823,-0.7061,1.1200,0.1400,-0.0700,0.0383,0.0048,-0.0024,0
987590,-5.7615,-7.8990,-0.6894,0.2100,-0.3500,-0.5600,0.0072,-0.0120,-0.0191,0
987629,-5.7423,-7.8870,-0.7109,-0.2800,-0.3500,-0.6300,-0.0096,-0.0120,-0.0215,0
987668,-5.7256,-7.8703,-0.7468,0.1400,0.1400,-0.3500,0.0048,0.0048,-0.0120,0
987707,-5.7519,-7.8416,-0.7109,0.0700,-0.4900,-0.2800,0.0024,-0.0168,-0.0096,0
987746,-5.7447,-7.8775,-0.7325,-0.2800,0.1400,-1.0500,-0.0096,0.0048,-0.0359,0
987785,-5.6825,-7.9086,-0.7540,0.0000,-0.2100,-0.1400,0.0000,-0.0072,-0.0048,0
987824,-5.6993,-7.8727,-0.7396,0.2100,-0.9800,0.0000,0.0072,-0.0335,0.0000,0
987863,-5.7280,-7.8440,-0.7085,0.0700,-0.2800,0.0000,0.0024,-0.0096,0.0000,0
987902,-5.7878,-7.8870,-0.7205,0.9100,1.6800,-0.0700,0.0311,0.0574,-0.0024,0
987941,-5.6897,-7.8727,-0.7612,-0.6300,1.2600,-0.9800,-0.0215,0.0431,-0.0335,0
987980,-5.7064,-7.8942,-0.7636,-0.2100,1.4000,-0.7000,-0.0072,0.0479,-0.0239,0
988019,-5.7040,-7.8727,-0.7947,0.0000,0.7000,-0.5600,0.0000,0.0239,-0.0191,0
988058,-5.6442,-7.8487,-0.8282,0.0700,-0.9100,-0.2100,0.0024,-0.0311,-0.0072,0
988097,-5.6538,-7.8990,-0.7660,0.9100,-1.3300,0.2800,0.0311,-0.0455,0.0096,0
988136,-5.6801,-7.8631,-0.7779,1.6800,-1.1200,0.3500,0.0574,-0.0383,0.0120,0
988175,-5.7567,-7.8870,-0.7157,1.2600,-1.4700,0.4200,0.0431,-0.0503,0.0144,0
988214,-5.8070,-7.9277,-0.6870,1.1900,-0.5600,0.4200,0.0407,-0.0191,0.0144,0
988253,-5.7304,-7.8823,-0.7181,0.4200,-0.1400,0.4900,0.0144,-0.0048,0.0168,0
988292,-5.8261,-7.9206,-0.6774,0.0000,0.4200,0.0000,0.0000,0.0144,0.0000,0
988331,-5.8692,-7.8464,-0.7253,-1.1900,1.7500,-0.2800,-0.0407,0.0598,-0.0096,0
988370,-5.9075,-7.9493,-0.6750,-1.9600,2.9400,-1.0500,-0.0670,0.1005,-0.0359,0
988409,-5.6346,-7.8847,-0.7540,-3.2900,2.3100,-2.3800,-0.1125,0.0790,-0.0814,0
988448,-5.5963,-7.8176,-0.8019,-1.7500,3.2200,-1.7500,-0.0598,0.1101,-0.0598,0
988487,-5.5676,-7.8799,-0.9981,-0.0700,3.1500,0.1400,-0.0024,0.1077,0.0048,0
988526,-5.6155,-7.9277,-1.0508,0.2800,-2.1000,0.6300,0.0096,-0.0718,0.0215,0
988565,-5.7423,-7.9206,-1.0412,1.8200,-11.8300,7.7700,0.0622,-0.4045,0.2657,0
988604,-5.1727,-7.7099,-0.8761,2.7300,-14.9800,11.0600,0.0934,-0.5122,0.3782,0
988643,-5.2636,-7.7362,-0.6152,3.6400,-17.8500,12.4600,0.1245,-0.6104,0.4261,0
988682,-5.5030,-7.4729,-0.6487,2.5900,-19.3900,15.8900,0.0886,-0.6630,0.5434,0
988721,-5.9793,-7.0636,-0.8641,18.7600,-18.8300,25.2000,0.6415,-0.6439,0.8617,0
988760,-6.3599,-7.3030,-0.3926,26.8800,-13.0900,19.0400,0.9192,-0.4476,0.6511,0
988799,-5.7040,-8.0450,-0.4524,32.6200,-12.8800,29.1900,1.1154,-0.4404,0.9981,0
988838,-6.6376,-7.4346,0.1388,11.9700,-39.2700,36.2600,0.4093,-1.3428,1.2399,0
988877,-6.5035,-7.5400,1.2591,11.5500,-23.6600,47.1100,0.3950,-0.8091,1.6109,0
988916,-6.4916,-6.7357,0.5912,-8.6800,-26.1800,25.4100,-0.2968,-0.8952,0.8689,0
988955,-6.9559,-6.6639,0.1771,-3.5000,-19.8100,27.7900,-0.1197,-0.6774,0.9503,0
988994,-7.0612,-6.7046,0.9646,-3.5000,-27.6500,35.4900,-0.1197,-0.9455,1.2136,0
989033,-8.1671,-6.3743,0.9335,-21.2100,-23.3100,25.2000,-0.7253,-0.7971,0.8617,0
989072,-8.1815,-6.6088,1.1849,-3.2900,-24.2200,13.8600,-0.1125,-0.8282,0.4739,0
989111,-7.9325,-6.5514,1.0245,5.4600,-9.5200,11.4100,0.1867,-0.3255,0.3902,0
989150,-7.5687,-6.2857,1.5128,-11.4100,-39.5500,-11.2000,-0.3902,-1.3524,-0.3830,0
989189,-8.0235,-6.0966,0.4309,13.7900,-18.5500,-15.9600,0.4715,-0.6343,-0.5457,0
989228,-7.8583,-6.7261,1.3117,7.7000,-0.1400,4.0600,0.2633,-0.0048,0.1388,0
989267,-6.9655,-6.1995,1.7880,3.8500,-4.7600,-0.1400,0.1317,-0.1628,-0.0048,0
989306,-7.1785,-6.3096,1.5894,6.9300,9.5200,9.5900,0.2370,0.3255,0.3279,0
989345,-7.7458,-6.0775,1.5247,-2.8000,23.0300,-8.4700,-0.0957,0.7875,-0.2896,0
989384,-7.6381,-6.6232,1.5702,19.8100,43.6100,-17.0100,0.6774,1.4912,-0.5817,0
989423,-7.6908,-6.4533,0.9694,1.6100,57.3300,-24.1500,0.0551,1.9604,-0.8258,0
989462,-7.9229,-6.8985,0.5505,-11.5500,45.6400,-17.4300,-0.3950,1.5607,-0.5960,0
989501,-6.4892,-6.5993,0.2609,-13.7900,32.6900,-6.5100,-0.4715,1.1178,-0.2226,0
989540,-6.2881,-6.8769,-0.4763,-18.9700,22.4700,-2.3800,-0.6487,0.7684,-0.0814,0
989579,-6.7046,-6.4868,-1.3716,-13.4400,8.5400,0.9800,-0.4596,0.2920,0.0335,0
989618,-6.6902,-6.9200,-0.3184,-3.4300,10.3600,13.1600,-0.1173,0.3543,0.4500,0
989657,-6.8314,-6.7357,-0.4739,-14.0000,5.2500,3.9200,-0.4787,0.1795,0.1340,0
989696,-6.4341,-6.9152,-0.3088,-13.5100,5.8100,5.9500,-0.4620,0.1987,0.2035,0
989735,-6.4485,-6.6400,-0.4021,-9.7300,3.5700,1.8900,-0.3327,0.1221,0.0646,0
989774,-6.7932,-6.7142,-0.5721,0.2800,6.7900,-5.4600,0.0096,0.2322,-0.1867,0
989813,-7.2001,-6.2953,-0.4452,-7.8400,6.1600,-4.2000,-0.2681,0.2106,-0.1436,0
989852,-7.1546,-6.7764,-0.7708,-3.3600,6.3700,-1.9600,-0.1149,0.2178,-0.0670,0
989891,-7.4682,-6.6328,-1.1178,3.0100,-1.9600,0.8400,0.1029,-0.0670,0.0287,0
989930,-6.8003,-6.7668,-0.6894,-5.8100,-7.2100,3.0100,-0.1987,-0.2465,0.1029,0
989969,-7.2264,-6.7237,-0.9383,1.3300,-6.2300,-5.9500,0.0455,-0.2130,-0.2035,0
990008,-6.7477,-6.6064,-0.9000,-10.2200,-16.4500,2.5200,-0.3495,-0.5625,0.0862,0
990047,-6.5849,-6.7237,-0.6702,-3.3600,-19.6000,0.1400,-0.1149,-0.6702,0.0048,0
990086,-7.0253,-6.5418,-0.6223,3.1500,-17.0800,-1.1900,0.1077,-0.5840,-0.0407,0
990125,-7.2408,-6.9057,-0.1771,5.5300,-14.9100,0.9800,0.1891,-0.5098,0.0335,0
990164,-7.3485,-6.9128,-0.0359,4.2000,-12.8100,2.9400,0.1436,-0.4380,0.1005,0
990203,-7.2288,-6.5777,-0.2705,-4.2000,-13.4400,1.9600,-0.1436,-0.4596,0.0670,0
990242,-7.1713,-6.6136,-0.0718,0.9800,-7.3500,2.5200,0.0335,-0.2513,0.0862,0
990281,-7.2647,-6.8123,-0.1053,2.0300,-4.1300,-1.2600,0.0694,-0.1412,-0.0431,0
990320,-7.1785,-6.7788,-0.1101,-1.8200,-5.6000,1.9600,-0.0622,-0.1915,0.0670,0
990359,-7.0708,-6.6112,-0.1269,0.2800,-6.0200,3.6400,0.0096,-0.2059,0.1245,0
990398,-7.2288,-6.5490,-0.0694,5.4600,-0.4900,-0.3500,0.1867,-0.0168,-0.0120,0
990437,-7.5017,-6.7046,0.1317,8.6100,3.6400,-2.6600,0.2944,0.1245,-0.0910,0
990476,-7.4634,-6.7357,0.2106,4.1300,7.7700,0.0000,0.1412,0.2657,0.0000,0
990515,-7.3916,-6.7142,0.1939,-0.3500,13.4400,-1.2600,-0.0120,0.4596,-0.0431,0
990554,-7.2336,-6.7046,-0.1604,-4.2000,15.6800,-3.0100,-0.1436,0.5362,-0.1029,0
990593,-7.2192,-6.6088,-0.2274,-7.4900,16.1700,-2.1700,-0.2561,0.5529,-0.0742,0
990632,-7.1713,-6.7908,-0.3782,-5.8800,19.1800,-2.5200,-0.2011,0.6559,-0.0862,0
990671,-7.0852,-6.6112,-0.8210,-15.5400,10.7800,-3.2900,-0.5314,0.3686,-0.1125,0
990710,-6.8602,-6.5658,-1.0795,-11.2000,7.9100,-4.2700,-0.3830,0.2705,-0.1460,0
990749,-6.5490,-6.9799,-1.0508,-4.6900,5.7400,-2.8000,-0.1604,0.1963,-0.0957,0
990788,-6.5969,-6.8602,-0.9192,-3.2900,-1.8200,4.1300,-0.1125,-0.0622,0.1412,0
990827,-6.7932,-6.8697,-0.5003,2.7300,1.7500,3.9900,0.0934,0.0598,0.1364,0
990866,-7.2862,-6.7094,-0.6606,8.3300,8.1900,0.3500,0.2848,0.2801,0.0120,0
990905,-7.3940,-6.5993,-0.9575,3.0800,7.7000,1.0500,0.1053,0.2633,0.0359,0
990944,-7.3102,-6.4748,-0.8952,1.6800,3.9900,4.2000,0.0574,0.1364,0.1436,0
990983,-7.1474,-6.4006,-1.0269,-2.1700,-0.0700,2.0300,-0.0742,-0.0024,0.0694,0
991022,-6.9822,-6.7213,-0.8593,0.4200,0.9100,0.2100,0.0144,0.0311,0.0072,0
991061,-7.0253,-6.7405,-0.7923,-2.4500,0.3500,-0.4900,-0.0838,0.0120,-0.0168,0
991100,-7.0086,-6.5825,-0.7875,-0.7000,0.6300,0.0000,-0.0239,0.0215,0.0000,0
991139,-7.0205,-6.5155,-1.0436,1.4700,-0.1400,-1.7500,0.0503,-0.0048,-0.0598,0
991178,-6.9559,-6.7118,-0.8641,0.1400,0.9800,-4.3400,0.0048,0.0335,-0.1484,0
991217,-7.0325,-6.9894,-0.6678,5.9500,4.6200,-5.3900,0.2035,0.1580,-0.1843,0
991256,-7.1259,-6.7477,-0.9934,-4.1300,-0.1400,-1.1900,-0.1412,-0.0048,-0.0407,0
991295,-7.0253,-6.6711,-1.0317,-2.1700,-2.4500,-0.1400,-0.0742,-0.0838,-0.0048,0
991334,-6.9559,-6.6495,-0.9192,0.2100,-2.2400,-0.7000,0.0072,-0.0766,-0.0239,0
991373,-6.9463,-6.5346,-0.9144,1.6100,-1.6800,-2.6600,0.0551,-0.0574,-0.0910,0
991412,-7.1378,-6.7453,-0.8665,2.3100,0.9800,-6.4400,0.0790,0.0335,-0.2202,0
991451,-7.1498,-6.6806,-1.0771,5.1800,0.6300,-5.3200,0.1771,0.0215,-0.1819,0
991490,-6.9033,-6.8793,-0.9934,-1.3300,-7.3500,1.7500,-0.0455,-0.2513,0.0598,0
991529,-7.1690,-6.9870,-0.7947,0.9100,-9.8000,2.5200,0.0311,-0.3351,0.0862,0
991568,-7.0110,-6.9703,-0.4524,-5.9500,-14.1400,9.8700,-0.2035,-0.4835,0.3375,0
991607,-6.9033,-6.6471,-0.6822,-7.2100,-16.8000,7.3500,-0.2465,-0.5745,0.2513,0
991646,-6.8195,-6.4652,-0.8067,1.4700,-5.6700,-0.4200,0.0503,-0.1939,-0.0144,0
991685,-6.8865,-6.7094,-0.5912,6.4400,0.4900,-2.8700,0.2202,0.0168,-0.0981,0
991724,-7.5065,-6.8123,-0.5697,11.4100,4.9700,-4.4800,0.3902,0.1699,-0.1532,0
991763,-7.5591,-6.8506,-0.3207,0.7000,3.3600,0.4200,0.0239,0.1149,0.0144,0
991802,-6.9057,-6.8626,-0.5745,-4.8300,3.9900,0.2100,-0.1652,0.1364,0.0072,0
991841,-6.9799,-6.6041,-1.0029,-5.0400,2.9400,-0.2800,-0.1723,0.1005,-0.0096,0
991880,-7.0014,-6.6256,-0.6918,2.3100,1.7500,0.7000,0.0790,0.0598,0.0239,0
991919,-7.1450,-6.6830,-0.6702,4.2700,2.9400,-1.1200,0.1460,0.1005,-0.0383,0
991958,-7.2144,-6.6830,-0.7564,-0.0700,1.6100,-0.5600,-0.0024,0.0551,-0.0191,0
991997,-7.0876,-6.7429,-0.7779,-1.5400,-0.2800,0.1400,-0.0527,-0.0096,0.0048,0
992036,-7.0397,-6.7333,-0.7875,-0.9100,-1.1200,-0.4200,-0.0311,-0.0383,-0.0144,0
992075,-7.0349,-6.7692,-0.7755,0.0000,-1.6100,-0.4200,0.0000,-0.0551,-0.0144,0
992114,-6.9655,-6.7740,-0.7325,-2.7300,-2.7300,0.3500,-0.0934,-0.0934,0.0120,0
992153,-6.9440,-6.6615,-0.7660,-2.6600,-2.8000,0.1400,-0.0910,-0.0957,0.0048,0
992192,-7.0612,-6.6806,-0.7013,0.7000,-1.4000,-0.9100,0.0239,-0.0479,-0.0311,0
992231,-7.1163,-6.8219,-0.6965,1.3300,0.2100,-1.2600,0.0455,0.0072,-0.0431,0
992270,-7.0947,-6.7453,-0.7157,-1.8900,-0.6300,-0.2800,-0.0646,-0.0215,-0.0096,0
992309,-7.0684,-6.7381,-0.7013,-0.8400,0.5600,-0.9100,-0.0287,0.0191,-0.0311,0
992348,-7.0517,-6.7070,-0.7923,-0.7000,1.0500,-1.6100,-0.0239,0.0359,-0.0551,0
992387,-6.9057,-6.7094,-0.8856,-1.4000,-1.0500,-0.8400,-0.0479,-0.0359,-0.0287,0
992426,-6.9990,-6.6950,-0.7660,0.4900,-2.0300,-2.0300,0.0168,-0.0694,-0.0694,0
992465,-7.0493,-6.8123,-0.7037,0.7700,-1.2600,-2.1700,0.0263,-0.0431,-0.0742,0
992504,-7.0253,-6.7884,-0.7229,-1.2600,-1.2600,-1.1900,-0.0431,-0.0431,-0.0407,0
992543,-7.0469,-6.8482,-0.7636,-0.2100,-0.6300,-0.5600,-0.0072,-0.0215,-0.0191,0
992582,-7.0708,-6.7525,-0.7396,-0.8400,-2.5200,0.5600,-0.0287,-0.0862,0.0191,0
992621,-6.9799,-6.7309,-0.7181,0.1400,-2.1700,0.1400,0.0048,-0.0742,0.0048,0
992660,-6.9990,-6.7932,-0.7133,1.2600,-1.1200,-1.0500,0.0431,-0.0383,-0.0359,0
992699,-7.0182,-6.7812,-0.6965,-0.0700,-0.9100,-0.4200,-0.0024,-0.0311,-0.0144,0
992738,-7.0134,-6.7381,-0.7181,-0.0700,-0.2800,-0.6300,-0.0024,-0.0096,-0.0215,0
992777,-6.9607,-6.7955,-0.7420,0.6300,-0.1400,-0.9100,0.0215,-0.0048,-0.0311,0
992816,-6.9440,-6.8362,-0.7468,0.9800,0.0000,-0.4200,0.0335,0.0000,-0.0144,0
992855,-7.0541,-6.7932,-0.7325,1.5400,-0.3500,-0.2800,0.0527,-0.0120,-0.0096,0
992894,-7.0445,-6.7740,-0.7061,0.5600,-0.6300,0.0700,0.0191,-0.0215,0.0024,0
992933,-6.9799,-6.7644,-0.7229,-0.7000,-0.9800,0.0000,-0.0239,-0.0335,0.0000,0
992972,-6.9631,-6.7405,-0.7372,0.2100,-1.1200,-0.1400,0.0072,-0.0383,-0.0048,0
993011,-7.0277,-6.8075,-0.6942,2.3800,-0.7700,-0.7000,0.0814,-0.0263,-0.0239,0
993050,-6.9799,-6.8362,-0.7013,1.2600,-1.0500,-0.2800,0.0431,-0.0359,-0.0096,0
993089,-6.9655,-6.8099,-0.6989,0.2100,-1.4000,-0.0700,0.0072,-0.0479,-0.0024,0
993128,-7.0158,-6.7692,-0.6822,-0.5600,-1.6800,0.2800,-0.0191,-0.0574,0.0096,0
993167,-7.0541,-6.7716,-0.6152,-0.2800,-1.2600,0.0700,-0.0096,-0.0431,0.0024,0
993206,-7.0636,-6.7812,-0.6104,0.9800,0.2100,-0.4900,0.0335,0.0072,-0.0168,0
993245,-6.9870,-6.8314,-0.6654,2.3100,1.6800,-0.5600,0.0790,0.0574,-0.0191,0
993284,-6.9440,-6.8362,-0.7205,1.4700,1.4000,-0.0700,0.0503,0.0479,-0.0024,0
993323,-6.9320,-6.7908,-0.7396,0.2800,0.0700,0.3500,0.0096,0.0024,0.0120,0
993362,-7.0182,-6.7357,-0.6870,-0.2800,-0.8400,0.4200,-0.0096,-0.0287,0.0144,0
993401,-7.0469,-6.7525,-0.6559,0.5600,-0.7000,-0.1400,0.0191,-0.0239,-0.0048,0
993440,-7.0253,-6.7908,-0.6487,0.8400,-0.0700,-0.4200,0.0287,-0.0024,-0.0144,0
993479,-6.9727,-6.8267,-0.6774,1.6800,0.3500,-0.3500,0.0574,0.0120,-0.0120,0
993518,-6.9631,-6.8099,-0.6822,0.9100,0.1400,-0.0700,0.0311,0.0048,-0.0024,0
993557,-6.9751,-6.7908,-0.6798,0.7700,0.1400,0.2100,0.0263,0.0048,0.0072,0
993596,-7.0110,-6.7644,-0.6918,0.7000,-0.2800,0.1400,0.0239,-0.0096,0.0048,0
993635,-7.0445,-6.7525,-0.6535,1.0500,-0.1400,-0.2100,0.0359,-0.0048,-0.0072,0
993674,-7.0277,-6.7860,-0.6750,1.0500,0.0000,-0.4900,0.0359,0.0000,-0.0168,0
993713,-6.9822,-6.8051,-0.6678,0.9100,-0.2100,-0.3500,0.0311,-0.0072,-0.0120,0
993752,-6.9703,-6.8171,-0.6511,0.4900,-0.2100,0.0700,0.0168,-0.0072,0.0024,0
993791,-6.9966,-6.7932,-0.6894,-0.3500,-0.4900,0.4200,-0.0120,-0.0168,0.0144,0
993830,-7.0062,-6.7501,-0.6559,-0.3500,-0.6300,0.6300,-0.0120,-0.0215,0.0215,0
993869,-7.0876,-6.7644,-0.6439,1.2600,0.3500,-0.4200,0.0431,0.0120,-0.0144,0
993908,-6.9583,-6.8195,-0.7229,1.5400,-0.0700,0.2800,0.0527,-0.0024,0.0096,0
993947,-6.9990,-6.7884,-0.7205,1.4000,-1.5400,0.6300,0.0479,-0.0527,0.0215,0
993986,-6.9918,-6.7309,-0.6750,-0.8400,-3.0100,1.3300,-0.0287,-0.1029,0.0455,0
994025,-7.0134,-6.7022,-0.6176,-0.6300,-2.3800,0.0700,-0.0215,-0.0814,0.0024,0
994064,-7.0852,-6.8075,-0.5769,1.1200,-0.6300,-1.1200,0.0383,-0.0215,-0.0383,0
994103,-7.0205,-6.8123,-0.6200,0.2100,-0.4200,-0.4200,0.0072,-0.0144,-0.0144,0
994142,-6.9751,-6.7740,-0.6487,0.9100,0.0000,0.0000,0.0311,0.0000,0.0000,0
994181,-7.0182,-6.7860,-0.6415,1.0500,0.4200,-0.4200,0.0359,0.0144,-0.0144,0
994220,-7.0900,-6.7764,-0.6343,0.4200,0.1400,-0.4200,0.0144,0.0048,-0.0144,0
994259,-7.0924,-6.7716,-0.6056,0.2100,0.1400,-0.0700,0.0072,0.0048,-0.0024,0
994298,-7.0277,-6.7429,-0.6271,-0.1400,0.2100,-0.0700,-0.0048,0.0072,-0.0024,0
994337,-6.9655,-6.7979,-0.6630,0.4900,0.6300,-0.3500,0.0168,0.0215,-0.0120,0
994376,-7.0253,-6.7764,-0.6702,0.6300,0.4200,-0.3500,0.0215,0.0144,-0.0120,0
994415,-7.0277,-6.7979,-0.6630,-0.2100,-0.0700,0.0000,-0.0072,-0.0024,0.0000,0
994454,-7.0014,-6.7596,-0.6583,-1.0500,-0.6300,0.3500,-0.0359,-0.0215,0.0120,0
994493,-7.0110,-6.7788,-0.6535,0.6300,-0.0700,0.0700,0.0215,-0.0024,0.0024,0
994532,-7.0253,-6.7477,-0.6702,-0.1400,-0.1400,-0.2100,-0.0048,-0.0048,-0.0072,0
994571,-7.0229,-6.8003,-0.6678,0.0700,-0.0700,-0.4900,0.0024,-0.0024,-0.0168,0
994610,-6.9775,-6.7740,-0.6583,-0.4900,-0.4900,0.0000,-0.0168,-0.0168,0.0000,0
994649,-6.9775,-6.8123,-0.6846,0.6300,-0.0700,-0.2800,0.0215,-0.0024,-0.0096,0
994688,-7.0397,-6.7788,-0.6606,0.5600,-0.4200,0.0700,0.0191,-0.0144,0.0024,0
994727,-7.0373,-6.7596,-0.6606,0.0700,-0.4200,0.3500,0.0024,-0.0144,0.0120,0
994766,-7.0110,-6.7549,-0.6870,0.5600,-0.4900,-0.2100,0.0191,-0.0168,-0.0072,0
994805,-7.0253,-6.7836,-0.6822,0.2800,-0.7000,-0.2100,0.0096,-0.0239,-0.0072,0
994844,-7.0110,-6.7668,-0.6606,-0.5600,-1.0500,0.1400,-0.0191,-0.0359,0.0048,0
994883,-7.0253,-6.7908,-0.6559,0.1400,-0.7000,-0.2100,0.0048,-0.0239,-0.0072,0
994922,-7.0493,-6.7860,-0.6343,0.2800,-0.5600,0.0000,0.0096,-0.0191,0.0000,0
994961,-7.0205,-6.7620,-0.6463,0.2100,-0.2100,0.2100,0.0072,-0.0072,0.0072,0
995000,-6.9966,-6.7572,-0.6822,0.1400,0.0000,-0.0700,0.0048,0.0000,-0.0024,0
995039,-7.0325,-6.7405,-0.6750,-0.7700,-0.4200,-0.3500,-0.0263,-0.0144,-0.0120,0
995078,-7.0469,-6.8051,-0.6606,-0.2100,-0.3500,-0.4200,-0.0072,-0.0120,-0.0144,0
995117,-7.0301,-6.7955,-0.6654,-1.1900,-0.7700,-0.0700,-0.0407,-0.0263,-0.0024,0
995156,-7.0158,-6.7740,-0.6846,-0.6300,-0.4200,-0.1400,-0.0215,-0.0144,-0.0048,0
995195,-7.0086,-6.7429,-0.6894,-0.7700,-0.4200,-0.2800,-0.0263,-0.0144,-0.0096,0
995234,-7.0253,-6.7692,-0.6822,-0.1400,-0.2100,-0.7000,-0.0048,-0.0072,-0.0239,0
995273,-6.9870,-6.7740,-0.6989,-0.6300,-0.6300,-0.6300,-0.0215,-0.0215,-0.0215,0
995312,-7.0086,-6.8003,-0.7109,0.0000,-0.2800,-0.9100,0.0000,-0.0096,-0.0311,0
995351,-7.0134,-6.7908,-0.6965,-0.7000,-0.7000,-0.2100,-0.0239,-0.0239,-0.0072,0
995390,-7.0038,-6.7764,-0.7037,-0.5600,-0.7000,-0.2800,-0.0191,-0.0239,-0.0096,0
995429,-6.9894,-6.7860,-0.7085,-0.5600,-0.8400,0.0000,-0.0191,-0.0287,0.0000,0
995468,-7.0469,-6.7549,-0.6989,-0.3500,-0.8400,-0.2800,-0.0120,-0.0287,-0.0096,0
995507,-7.0110,-6.7740,-0.6846,-0.1400,-0.4200,-0.4200,-0.0048,-0.0144,-0.0144,0
995546,-6.9463,-6.8027,-0.7157,-0.5600,-0.0700,-0.7000,-0.0191,-0.0024,-0.0239,0
995585,-6.9966,-6.7908,-0.7564,-0.2800,-0.4900,-0.4200,-0.0096,-0.0168,-0.0144,0
995624,-7.0588,-6.7788,-0.6918,-0.0700,-1.0500,-0.3500,-0.0024,-0.0359,-0.0120,0
995663,-7.0397,-6.7860,-0.6918,-0.4900,-0.6300,-0.0700,-0.0168,-0.0215,-0.0024,0
995702,-7.0014,-6.7740,-0.7037,-0.0700,-0.2100,-0.1400,-0.0024,-0.0072,-0.0048,0
995741,-7.0110,-6.7716,-0.7037,0.3500,0.0700,-0.3500,0.0120,0.0024,-0.0120,0
995780,-6.9990,-6.7764,-0.7301,0.4900,0.1400,-0.5600,0.0168,0.0048,-0.0191,0
995819,-6.9272,-6.8434,-0.7253,-0.2800,-0.0700,-0.2100,-0.0096,-0.0024,-0.0072,0
995858,-6.9583,-6.7836,-0.7564,-0.7000,-0.6300,-0.2800,-0.0239,-0.0215,-0.0096,0
995897,-7.0110,-6.7884,-0.7277,0.7700,-0.2800,-0.2100,0.0263,-0.0096,-0.0072,0
995936,-6.9846,-6.7692,-0.7133,2.1000,-0.0700,-0.2800,0.0718,-0.0024,-0.0096,0
995975,-6.9918,-6.7812,-0.7301,2.0300,0.2100,-0.8400,0.0694,0.0072,-0.0287,0
996014,-7.0253,-6.8123,-0.7109,1.4000,-0.2800,-0.7000,0.0479,-0.0096,-0.0239,0
996053,-7.0349,-6.7860,-0.6846,0.7700,-0.8400,0.0000,0.0263,-0.0287,0.0000,0
996092,-7.0373,-6.7764,-0.6630,0.9100,-0.4900,-0.2100,0.0311,-0.0168,-0.0072,0
996131,-6.9966,-6.7884,-0.6750,1.1900,0.0000,-0.3500,0.0407,0.0000,-0.0120,0
996170,-6.8937,-6.8961,-0.6965,-0.5600,-0.1400,0.0000,-0.0191,-0.0048,0.0000,0
996209,-6.9559,-6.7908,-0.7301,-2.1700,-1.6800,0.9100,-0.0742,-0.0574,0.0311,0
996248,-7.0517,-6.8003,-0.6271,2.8000,0.0000,0.2100,0.0957,0.0000,0.0072,0
996287,-6.9535,-6.8195,-0.6870,2.3800,0.9100,-0.0700,0.0814,0.0311,-0.0024,0
996326,-6.9176,-6.7429,-0.7612,0.8400,0.6300,-0.7000,0.0287,0.0215,-0.0239,0
996365,-6.9846,-6.7189,-0.6989,4.4800,0.9100,-0.8400,0.1532,0.0311,-0.0287,0
996404,-7.0253,-6.8410,-0.6606,3.7800,0.7700,-0.5600,0.1293,0.0263,-0.0191,0
996443,-6.9248,-6.8338,-0.6606,-0.7000,-1.3300,-0.0700,-0.0239,-0.0455,-0.0024,0
996482,-6.8482,-6.7572,-0.6391,0.2800,-1.2600,-0.2100,0.0096,-0.0431,-0.0072,0
996521,-7.0732,-6.8985,-0.6415,4.7600,1.6800,-3.4300,0.1628,0.0574,-0.1173,0
996560,-7.1067,-6.8195,-0.5410,2.0300,-0.6300,1.5400,0.0694,-0.0215,0.0527,0
996599,-7.0277,-6.8434,-0.6008,-0.2100,0.6300,1.1200,-0.0072,0.0215,0.0383,0
996638,-6.9966,-6.7094,-0.7540,-1.2600,-0.9100,0.3500,-0.0431,-0.0311,0.0120,0
996677,-6.9559,-6.6902,-0.6200,1.5400,-0.8400,0.5600,0.0527,-0.0287,0.0191,0
996716,-7.0756,-6.8051,-0.6247,2.7300,0.6300,-3.3600,0.0934,0.0215,-0.1149,0
996755,-7.0588,-6.8578,-0.6343,1.6100,0.4900,-1.3300,0.0551,0.0168,-0.0455,0
996794,-6.9775,-6.9200,-0.5386,1.7500,0.3500,-0.9800,0.0598,0.0120,-0.0335,0
996833,-6.8937,-6.9200,-0.6391,-0.7000,-0.2800,-0.0700,-0.0239,-0.0096,-0.0024,0
996872,-6.9607,-6.8243,-0.6894,-1.4700,-1.5400,0.4900,-0.0503,-0.0527,0.0168,0
996911,-6.9296,-6.7549,-0.6176,-0.7000,-2.1700,0.5600,-0.0239,-0.0742,0.0191,0
996950,-6.8386,-6.8554,-0.6008,0.6300,-0.1400,-0.6300,0.0215,-0.0048,-0.0215,0
996989,-7.0086,-6.8889,-0.6463,0.7000,-0.3500,-0.3500,0.0239,-0.0120,-0.0120,0
997028,-6.8314,-6.9128,-0.5936,0.9100,0.0000,0.5600,0.0311,0.0000,0.0191,0
997067,-6.9966,-6.8338,-0.6870,1.0500,-0.7000,-0.4900,0.0359,-0.0239,-0.0168,0
997106,-7.0110,-6.7979,-0.5649,1.4000,-1.2600,0.7700,0.0479,-0.0431,0.0263,0
997145,-6.9942,-6.8123,-0.5888,0.8400,-0.7700,-0.7000,0.0287,-0.0263,-0.0239,0
997184,-7.0014,-6.8482,-0.5912,1.2600,0.0000,-0.2800,0.0431,0.0000,-0.0096,0
997223,-6.9846,-6.8267,-0.5793,0.8400,-0.3500,-0.1400,0.0287,-0.0120,-0.0048,0
997262,-7.0469,-6.8123,-0.6319,0.4900,-0.2800,-0.4900,0.0168,-0.0096,-0.0168,0
997301,-6.9822,-6.7860,-0.6080,0.0700,-0.9800,0.1400,0.0024,-0.0335,0.0048,0
997340,-6.8985,-6.8674,-0.6032,1.0500,-0.4200,-0.7000,0.0359,-0.0144,-0.0239,0
997379,-6.8937,-6.8578,-0.6056,-0.4900,-0.8400,-0.2800,-0.0168,-0.0287,-0.0096,0
997418,-6.9463,-6.8338,-0.5721,0.9800,-0.1400,-0.2100,0.0335,-0.0048,-0.0072,0
997457,-7.0277,-6.8434,-0.5840,1.5400,0.2800,-0.4900,0.0527,0.0096,-0.0168,0
997496,-6.9775,-6.8362,-0.5840,0.5600,-0.4200,-0.2100,0.0191,-0.0144,-0.0072,0
997535,-6.9128,-6.8482,-0.5721,-0.2100,-0.3500,-0.4900,-0.0072,-0.0120,-0.0168,0
997574,-6.9440,-6.8626,-0.6176,-0.1400,-0.3500,-0.4200,-0.0048,-0.0120,-0.0144,0
997613,-7.0565,-6.8291,-0.5745,0.9800,-0.7000,0.0000,0.0335,-0.0239,0.0000,0
997652,-6.9272,-6.8099,-0.5673,-1.2600,-1.4700,0.1400,-0.0431,-0.0503,0.0048,0
997691,-6.9846,-6.8626,-0.5434,0.2100,0.3500,-0.7700,0.0072,0.0120,-0.0263,0
997730,-7.0086,-6.8769,-0.5721,0.5600,0.8400,-0.6300,0.0191,0.0287,-0.0215,0
997769,-6.9559,-6.8362,-0.5936,-2.1700,0.0700,0.4900,-0.0742,0.0024,0.0168,0
997808,-6.9080,-6.7955,-0.6391,-1.1200,0.4900,0.0700,-0.0383,0.0168,0.0024,0
997847,-6.9846,-6.8219,-0.6176,1.1200,1.0500,-1.1900,0.0383,0.0359,-0.0407,0
997886,-7.0062,-6.8674,-0.6487,-1.6800,0.6300,-1.0500,-0.0574,0.0215,-0.0359,0
997925,-6.8889,-6.8386,-0.6750,-1.7500,-0.2800,-0.0700,-0.0598,-0.0096,-0.0024,0
997964,-6.8793,-6.8362,-0.7061,0.6300,-0.1400,-0.5600,0.0215,-0.0048,-0.0191,0
998003,-6.9272,-6.8267,-0.6989,0.0700,-1.6100,-0.9800,0.0024,-0.0551,-0.0335,0
998042,-6.9320,-6.8362,-0.6223,-0.9100,-2.3100,-0.6300,-0.0311,-0.0790,-0.0215,0
998081,-6.9009,-6.8410,-0.5936,-0.0700,-1.4000,-1.0500,-0.0024,-0.0479,-0.0359,0
998120,-7.0421,-6.9272,-0.5936,0.9800,0.0000,-1.4700,0.0335,0.0000,-0.0503,0
998159,-6.9966,-6.9320,-0.6295,-2.1700,-0.9100,0.0000,-0.0742,-0.0311,0.0000,0
998198,-6.9080,-6.7836,-0.6965,-3.2200,-1.9600,0.8400,-0.1101,-0.0670,0.0287,0
998237,-6.9128,-6.8291,-0.6630,0.4200,-1.3300,-0.7000,0.0144,-0.0455,-0.0239,0
998276,-6.9248,-6.9033,-0.5912,1.8900,-0.3500,-1.0500,0.0646,-0.0120,-0.0359,0
998315,-6.8769,-6.9080,-0.6511,-0.7000,1.8900,-0.9100,-0.0239,0.0646,-0.0311,0
998354,-6.7477,-6.9104,-0.7181,-2.2400,0.9100,0.5600,-0.0766,0.0311,0.0191,0
998393,-6.9751,-6.8219,-0.6487,1.4000,1.6800,-0.0700,0.0479,0.0574,-0.0024,0
998432,-7.0493,-6.8482,-0.6870,1.5400,1.5400,0.2100,0.0527,0.0527,0.0072,0
998471,-6.9966,-6.8075,-0.6965,0.8400,0.2800,0.3500,0.0287,0.0096,0.0120,0
998510,-6.9607,-6.9009,-0.7013,2.2400,0.4900,-0.7000,0.0766,0.0168,-0.0239,0
998549,-6.9200,-6.9224,-0.6870,-0.9100,-0.9800,0.4900,-0.0311,-0.0335,0.0168,0
998588,-6.8937,-6.8482,-0.7061,-2.6600,-2.1000,1.4700,-0.0910,-0.0718,0.0503,0
998627,-6.9296,-6.8338,-0.6271,0.0000,-1.5400,1.4700,0.0000,-0.0527,0.0503,0
998666,-7.0038,-6.8554,-0.6176,1.6100,0.5600,0.4900,0.0551,0.0191,0.0168,0
998705,-7.0158,-6.8865,-0.6487,0.5600,1.6800,0.6300,0.0191,0.0574,0.0215,0
998744,-6.9751,-6.8195,-0.6870,-2.3100,0.4200,1.4700,-0.0790,0.0144,0.0503,0
998783,-6.9990,-6.8027,-0.7109,-1.6100,0.5600,1.1200,-0.0551,0.0191,0.0383,0
998822,-7.0565,-6.8171,-0.7085,-1.6800,0.6300,0.8400,-0.0574,0.0215,0.0287,0
998861,-7.0684,-6.8195,-0.7205,-0.3500,1.0500,0.6300,-0.0120,0.0359,0.0215,0
998900,-6.9846,-6.8171,-0.7588,-1.9600,0.6300,0.9800,-0.0670,0.0215,0.0335,0
998939,-6.7644,-6.7955,-0.8545,-3.9900,-0.0700,0.7700,-0.1364,-0.0024,0.0263,0
998978,-6.8171,-6.7812,-0.8737,-0.4200,0.0700,-0.3500,-0.0144,0.0024,-0.0120,0
999017,-6.9440,-6.8195,-0.7875,1.1900,-0.7000,-0.2800,0.0407,-0.0239,-0.0096,0
999056,-7.0325,-6.7860,-0.7468,0.6300,-0.8400,0.0700,0.0215,-0.0287,0.0024,0
999095,-7.0229,-6.8195,-0.7708,0.6300,-0.2100,-0.2800,0.0215,-0.0072,-0.0096,0
999134,-6.9799,-6.8051,-0.7947,0.0000,-0.9100,-0.1400,0.0000,-0.0311,-0.0048,0
999173,-6.9320,-6.8027,-0.8186,-0.7000,-1.6100,0.2100,-0.0239,-0.0551,0.0072,0
999212,-6.9679,-6.7884,-0.7660,-0.4900,-1.9600,0.1400,-0.0168,-0.0670,0.0048,0
999251,-7.0086,-6.8051,-0.7444,0.7700,-1.4700,-0.2100,0.0263,-0.0503,-0.0072,0
999290,-6.9631,-6.8219,-0.7372,0.8400,-1.1200,-0.1400,0.0287,-0.0383,-0.0048,0
999329,-6.9511,-6.8195,-0.7540,0.7700,-0.6300,-0.2100,0.0263,-0.0215,-0.0072,0
999368,-6.9416,-6.8219,-0.7588,1.6100,-0.2100,-0.2800,0.0551,-0.0072,-0.0096,0
999407,-7.0158,-6.7884,-0.7325,1.1900,-0.3500,-0.0700,0.0407,-0.0120,-0.0024,0
999446,-7.0373,-6.7740,-0.7181,0.4900,-0.2100,-0.1400,0.0168,-0.0072,-0.0048,0
999485,-7.0325,-6.7908,-0.7396,0.7000,0.0700,-0.3500,0.0239,0.0024,-0.0120,0
999524,-6.9775,-6.8099,-0.7516,0.3500,-0.2100,-0.1400,0.0120,-0.0072,-0.0048,0
999563,-7.0253,-6.7932,-0.7396,0.0000,-0.1400,-0.2100,0.0000,-0.0048,-0.0072,0
999602,-6.9057,-6.8674,-0.7564,-0.4200,-0.2100,0.3500,-0.0144,-0.0072,0.0120,0
999641,-6.9559,-6.7764,-0.7564,0.7700,-0.2100,0.2800,0.0263,-0.0072,0.0096,0
999680,-7.0229,-6.7812,-0.7181,1.8900,0.4200,-0.2100,0.0646,0.0144,-0.0072,0
999719,-6.9392,-6.8075,-0.7684,0.6300,0.4200,-0.4200,0.0215,0.0144,-0.0144,0
999758,-6.9751,-6.8195,-0.7851,1.7500,0.1400,-0.6300,0.0598,0.0048,-0.0215,0
999797,-7.0110,-6.8219,-0.7420,1.1900,-0.7700,-0.0700,0.0407,-0.0263,-0.0024,0
999836,-6.9870,-6.7860,-0.7444,-0.3500,-1.4000,0.4900,-0.0120,-0.0479,0.0168,0
999875,-7.0301,-6.7716,-0.7061,0.4900,-1.2600,-0.0700,0.0168,-0.0431,-0.0024,0
999914,-6.9942,-6.8027,-0.7037,0.8400,-0.9100,-0.2800,0.0287,-0.0311,-0.0096,0
999953,-6.9846,-6.8051,-0.7037,0.4200,-0.5600,-0.2800,0.0144,-0.0191,-0.0096,0
999992,-7.0277,-6.8099,-0.7157,1.1200,0.0000,-0.4200,0.0383,0.0000,-0.0144,0
1000031,-7.0182,-6.8195,-0.7085,0.2800,-0.3500,-0.0700,0.0096,-0.0120,-0.0024,0
1000070,-6.9703,-6.8123,-0.7277,-0.2100,-0.2800,-0.1400,-0.0072,-0.0096,-0.0048,0
1000109,-6.9703,-6.7932,-0.7325,0.3500,-0.4200,0.0000,0.0120,-0.0144,0.0000,0
1000148,-6.9990,-6.7884,-0.7253,0.6300,-0.6300,-0.2100,0.0215,-0.0215,-0.0072,0
1000187,-6.9918,-6.8219,-0.7181,0.2100,-0.6300,0.0000,0.0072,-0.0215,0.0000,0
1000226,-7.0205,-6.7812,-0.6989,0.3500,-0.7000,0.0000,0.0120,-0.0239,0.0000,0
1000265,-7.0229,-6.7764,-0.7205,0.2100,-0.9100,-0.1400,0.0072,-0.0311,-0.0048,0
1000304,-6.9200,-6.8219,-0.7133,0.4900,-0.9800,-0.0700,0.0168,-0.0335,-0.0024,0
1000343,-6.9104,-6.8075,-0.7492,1.1900,-0.8400,-0.4900,0.0407,-0.0287,-0.0168,0
1000382,-6.9822,-6.7836,-0.7205,0.9800,-1.3300,-0.4200,0.0335,-0.0455,-0.0144,0
1000421,-7.0014,-6.8171,-0.6894,0.0000,-1.5400,-0.3500,0.0000,-0.0527,-0.0120,0
1000460,-6.9775,-6.7932,-0.6822,-0.4200,-2.2400,0.0700,-0.0144,-0.0766,0.0024,0
1000499,-7.0038,-6.8051,-0.6487,1.4700,-1.4000,-0.3500,0.0503,-0.0479,-0.0120,0
1000538,-7.0062,-6.7955,-0.6583,0.5600,-1.6800,-0.2100,0.0191,-0.0574,-0.0072,0
1000577,-7.0086,-6.8027,-0.6678,0.3500,-1.6800,-0.4200,0.0120,-0.0574,-0.0144,0
1000616,-6.9918,-6.8003,-0.6391,-0.5600,-2.1000,-0.1400,-0.0191,-0.0718,-0.0048,0
1000655,-6.9775,-6.8267,-0.6247,0.0700,-1.5400,-0.2800,0.0024,-0.0527,-0.0096,0
1000694,-6.9918,-6.8075,-0.6200,0.2800,-1.0500,-0.2800,0.0096,-0.0359,-0.0096,0
1000733,-7.0158,-6.8171,-0.6080,0.2800,-0.2100,-0.5600,0.0096,-0.0072,-0.0191,0
1000772,-7.0110,-6.8195,-0.6247,-0.3500,0.4200,-0.6300,-0.0120,0.0144,-0.0215,0
1000811,-6.9368,-6.8075,-0.6678,-1.2600,0.4200,-0.1400,-0.0431,0.0144,-0.0048,0
1000850,-7.0038,-6.8075,-0.6583,0.1400,0.4900,-0.3500,0.0048,0.0168,-0.0120,0
1000889,-7.0062,-6.8147,-0.6463,-0.0700,0.4200,-0.1400,-0.0024,0.0144,-0.0048,0
1000928,-6.8985,-6.8243,-0.6965,-0.5600,0.6300,-0.0700,-0.0191,0.0215,-0.0024,0
1000967,-6.9703,-6.7884,-0.7253,0.3500,-0.2100,-0.2800,0.0120,-0.0072,-0.0096,0
1001006,-6.9870,-6.8243,-0.6750,-0.0700,-0.6300,-0.2800,-0.0024,-0.0215,-0.0096,0
1001045,-6.9535,-6.8099,-0.7013,-0.3500,-0.7700,0.0000,-0.0120,-0.0263,0.0000,0
1001084,-6.9583,-6.8171,-0.6750,0.7000,-0.6300,-0.1400,0.0239,-0.0215,-0.0048,0
1001123,-6.9607,-6.8195,-0.6678,1.0500,-0.3500,-0.1400,0.0359,-0.0120,-0.0048,0
1001162,-6.9775,-6.8075,-0.6798,0.7000,-0.2100,-0.0700,0.0239,-0.0072,-0.0024,0
1001201,-6.9990,-6.8075,-0.6798,0.9800,-0.2100,-0.2100,0.0335,-0.0072,-0.0072,0
1001240,-7.0062,-6.8051,-0.6630,0.8400,-0.6300,-0.1400,0.0287,-0.0215,-0.0048,0
1001279,-6.9775,-6.8243,-0.6702,0.9100,-0.5600,-0.1400,0.0311,-0.0191,-0.0048,0
1001318,-6.9607,-6.8147,-0.6702,0.9100,-0.4200,-0.0700,0.0311,-0.0144,-0.0024,0
1001357,-6.9679,-6.8147,-0.6559,0.5600,-0.4900,0.0000,0.0191,-0.0168,0.0000,0
1001396,-6.9679,-6.8147,-0.6774,0.0700,-0.5600,0.2100,0.0024,-0.0191,0.0072,0
1001435,-6.9942,-6.7788,-0.6439,1.1900,-0.3500,-0.1400,0.0407,-0.0120,-0.0048,0
1001474,-6.9822,-6.8267,-0.6439,1.3300,-0.0700,-0.2800,0.0455,-0.0024,-0.0096,0
1001513,-6.9392,-6.8147,-0.6678,0.4900,-0.2800,0.0000,0.0168,-0.0096,0.0000,0
1001552,-7.0014,-6.7979,-0.6535,1.0500,-0.3500,-0.1400,0.0359,-0.0120,-0.0048,0
1001591,-7.0253,-6.8195,-0.6247,0.7700,-0.4900,0.0000,0.0263,-0.0168,0.0000,0
1001630,-6.9990,-6.7955,-0.6319,0.0700,-0.6300,0.0700,0.0024,-0.0215,0.0024,0
1001669,-6.9822,-6.7979,-0.6367,0.7000,-0.2800,-0.1400,0.0239,-0.0096,-0.0048,0
1001708,-6.9703,-6.8314,-0.6487,0.8400,-0.1400,-0.2100,0.0287,-0.0048,-0.0072,0
1001747,-6.9751,-6.8075,-0.6439,0.3500,-0.3500,0.0000,0.0120,-0.0120,0.0000,0
1001786,-6.9966,-6.8075,-0.6367,0.7700,-0.3500,-0.2100,0.0263,-0.0120,-0.0072,0
1001825,-6.9775,-6.8219,-0.6343,0.3500,-0.4900,-0.1400,0.0120,-0.0168,-0.0048,0
1001864,-6.9846,-6.8099,-0.6391,0.5600,-0.4200,-0.2100,0.0191,-0.0144,-0.0072,0
1001903,-6.9966,-6.8147,-0.6343,0.9800,-0.2100,-0.2800,0.0335,-0.0072,-0.0096,0
1001942,-6.9846,-6.8123,-0.6343,0.4200,-0.4200,-0.1400,0.0144,-0.0144,-0.0048,0
1001981,-6.9559,-6.8338,-0.6439,0.3500,-0.4900,-0.0700,0.0120,-0.0168,-0.0024,0
1002020,-7.0134,-6.7955,-0.6152,0.5600,-0.4900,0.0700,0.0191,-0.0168,0.0024,0
1002059,-7.0110,-6.8003,-0.6056,0.8400,-0.3500,0.0000,0.0287,-0.0120,0.0000,0
1002098,-6.9679,-6.8243,-0.6343,0.4900,-0.0700,-0.2800,0.0168,-0.0024,-0.0096,0
1002137,-6.9727,-6.8003,-0.6559,0.4900,-0.3500,-0.2100,0.0168,-0.0120,-0.0072,0
1002176,-6.9894,-6.8267,-0.6152,0.5600,-0.6300,-0.2100,0.0191,-0.0215,-0.0072,0
1002215,-7.0038,-6.8147,-0.6032,0.0000,-0.7000,0.1400,0.0000,-0.0239,0.0048,0
1002254,-7.0014,-6.8051,-0.6080,0.5600,-0.3500,-0.0700,0.0191,-0.0120,-0.0024,0
1002293,-6.9918,-6.8027,-0.6176,0.4900,-0.2100,-0.1400,0.0168,-0.0072,-0.0048,0
1002332,-6.9440,-6.8051,-0.6032,0.5600,0.0000,-0.1400,0.0191,0.0000,-0.0048,0
1002371,-6.8219,-6.7596,-0.7492,3.5700,0.9800,0.0000,0.1221,0.0335,0.0000,0
1002410,-6.8099,-6.7740,-0.5864,7.0000,1.7500,0.2800,0.2394,0.0598,0.0096,0
1002449,-7.2455,-6.8674,-0.3878,14.8400,6.8600,0.2100,0.5075,0.2346,0.0072,0
1002488,-7.1785,-7.2168,-0.4237,12.0400,6.7200,1.5400,0.4117,0.2298,0.0527,0
1002527,-6.8554,-6.8434,-0.5338,-0.1400,1.4700,5.4600,-0.0048,0.0503,0.1867,0
1002566,-6.5801,-6.4724,-0.6989,7.2800,2.1700,5.3200,0.2489,0.0742,0.1819,0
1002605,-6.6759,-6.6280,-0.8641,10.8500,2.0300,-2.9400,0.3710,0.0694,-0.1005,0
1002644,-7.1235,-6.5394,-0.6965,7.9100,-1.8200,-5.6000,0.2705,-0.0622,-0.1915,0
1002683,-7.0971,-6.8554,-0.4309,7.6300,-10.0800,-2.5200,0.2609,-0.3447,-0.0862,0
1002722,-6.8674,-7.0995,-0.1819,7.0700,-13.9300,1.6100,0.2418,-0.4763,0.0551,0
1002761,-6.8123,-6.8171,-0.3279,3.2200,-19.0400,1.6800,0.1101,-0.6511,0.0574,0
1002800,-7.0182,-6.8362,-0.2609,0.8400,-24.7800,-0.7700,0.0287,-0.8473,-0.0263,0
1002839,-6.9033,-6.7644,-0.2250,0.6300,-31.4300,-0.3500,0.0215,-1.0747,-0.0120,0
1002878,-6.7932,-6.7596,0.1628,-2.1000,-34.7200,1.8900,-0.0718,-1.1872,0.0646,0
1002917,-6.5610,-6.7429,0.2585,2.8000,-36.1200,4.1300,0.0957,-1.2351,0.1412,0
1002956,-6.6495,-6.5801,0.4141,-1.0500,-40.8800,4.2000,-0.0359,-1.3979,0.1436,0
1002995,-7.0971,-6.7094,0.7516,-2.9400,-38.5000,9.5900,-0.1005,-1.3165,0.3279,0
1003034,-7.1139,-6.7716,0.9527,3.7800,-38.2900,10.0100,0.1293,-1.3093,0.3423,0
1003073,-7.3557,-6.6543,1.2997,5.0400,-37.0300,8.1200,0.1723,-1.2662,0.2777,0
1003112,-7.3413,-6.5275,1.3093,5.1800,-35.1400,4.5500,0.1771,-1.2016,0.1556,0
1003151,-7.1330,-6.4844,1.5367,7.7700,-33.1800,4.8300,0.2657,-1.1346,0.1652,0
1003190,-6.9152,-6.6256,1.9795,11.5500,-29.3300,5.6700,0.3950,-1.0029,0.1939,0
1003229,-7.0110,-6.3958,2.1591,8.1200,-32.1300,10.0800,0.2777,-1.0987,0.3447,0
1003268,-7.0876,-6.2283,2.4295,12.2500,-29.6800,11.9700,0.4189,-1.0149,0.4093,0
1003307,-7.0158,-6.1086,2.3338,12.0400,-25.9700,14.8400,0.4117,-0.8880,0.5075,0
1003346,-7.7051,-6.6280,3.2194,11.6200,-12.0400,10.0800,0.3973,-0.4117,0.3447,0
1003385,-8.2126,-6.0703,3.3726,16.2400,-5.5300,3.9900,0.5553,-0.1891,0.1364,0
1003424,-7.5926,-5.5126,2.9992,5.1100,12.1100,-14.5600,0.1747,0.4141,-0.4979,0
1003463,-6.7979,-6.5418,2.6043,7.7000,26.0400,-21.8400,0.2633,0.8904,-0.7468,0
1003502,-6.5681,-6.5322,2.0490,-1.8900,22.5400,-8.9600,-0.0646,0.7708,-0.3064,0
1003541,-6.8650,-6.3958,2.0825,-10.5000,12.3900,0.8400,-0.3590,0.4237,0.0287,0
1003580,-7.2479,-6.5227,2.3553,-1.1200,10.8500,-0.2800,-0.0383,0.3710,-0.0096,0
1003619,-7.3772,-6.0942,2.2404,-3.0100,12.3900,-7.8400,-0.1029,0.4237,-0.2681,0
1003658,-7.2479,-6.4700,2.0226,-9.5200,21.8400,-13.3000,-0.3255,0.7468,-0.4548,0
1003697,-7.3102,-6.5921,2.0178,-1.1900,16.0300,-17.0100,-0.0407,0.5481,-0.5817,0
1003736,-6.9846,-6.7213,2.3577,-3.0800,16.7300,-14.8400,-0.1053,0.5721,-0.5075,0
1003775,-6.9200,-6.8410,1.8623,-3.7100,37.8700,-3.9200,-0.1269,1.2950,-0.1340,0
1003814,-7.4706,-6.2474,1.4673,-1.0500,46.7600,-15.4000,-0.0359,1.5990,-0.5266,0
1003853,-7.2455,-6.8291,1.3692,11.5500,62.3000,-31.7100,0.3950,2.1303,-1.0843,0
1003892,-7.2312,-7.4466,1.1537,-2.7300,71.1900,-32.0600,-0.0934,2.4343,-1.0963,0
1003931,-6.9200,-6.8075,0.5122,-11.4100,65.7300,-25.9000,-0.3902,2.2476,-0.8856,0
1003970,-6.6543,-7.7267,0.7755,-20.2300,70.2800,-24.6400,-0.6918,2.4032,-0.8426,0
1004009,-5.4288,-6.9751,-0.6750,3.2900,44.5900,-40.0400,0.1125,1.5247,-1.3692,0
1004048,-5.4599,-7.5854,-0.8976,-10.7100,32.7600,-19.0400,-0.3662,1.1202,-0.6511,0
1004087,-5.4096,-7.4466,-0.7923,-4.5500,18.9000,-6.0200,-0.1556,0.6463,-0.2059,0
1004126,-5.8022,-7.5065,-1.2351,-1.3300,12.2500,-9.7300,-0.0455,0.4189,-0.3327,0
1004165,-5.8381,-7.7626,-0.7444,1.8200,3.0100,-0.2100,0.0622,0.1029,-0.0072,0
1004204,-5.9650,-7.5998,-0.7325,0.0700,-2.8000,1.6800,0.0024,-0.0957,0.0574,0
1004243,-6.0009,-7.5256,-0.8282,-0.5600,-7.4200,1.6800,-0.0191,-0.2537,0.0574,0
1004282,-6.1038,-7.6214,-0.6176,2.1700,-7.4900,2.8000,0.0742,-0.2561,0.0957,0
1004321,-6.0727,-7.7219,-0.5577,4.1300,-7.6300,4.8300,0.1412,-0.2609,0.1652,0
1004360,-6.1636,-7.5017,-0.6583,1.6800,-13.3000,7.9100,0.0574,-0.4548,0.2705,0
1004399,-6.3886,-7.6022,-0.3303,3.5000,-12.0400,11.4100,0.1197,-0.4117,0.3902,0
1004438,-6.3767,-7.7339,-0.4548,-0.9100,-14.0000,15.8900,-0.0311,-0.4787,0.5434,0
1004477,-6.5753,-7.1235,-0.6319,-4.2000,-26.3200,21.1400,-0.1436,-0.9000,0.7229,0
1004516,-6.8482,-6.9033,-0.3088,4.1300,-27.1600,19.6700,0.1412,-0.9287,0.6726,0
1004555,-6.7357,-7.0565,-0.2705,5.5300,-28.8400,15.1200,0.1891,-0.9862,0.5170,0
1004594,-6.4054,-7.0947,0.3040,3.3600,-27.2300,11.9000,0.1149,-0.9311,0.4069,0
1004633,-6.5155,-6.9942,0.0431,-4.2000,-30.6600,-1.0500,-0.1436,-1.0484,-0.0359,0
1004672,-5.9123,-6.7644,0.2753,3.0100,-33.6700,11.4100,0.1029,-1.1513,0.3902,0
1004711,-6.9104,-7.5998,0.6678,55.4400,-25.2700,-12.6700,1.8958,-0.8641,-0.4332,0
1004750,-6.6232,-7.3628,1.4266,35.2800,-21.7700,-3.3600,1.2064,-0.7444,-0.1149,0
1004789,-6.4126,-7.2096,1.5128,10.5700,-16.5200,-0.1400,0.3614,-0.5649,-0.0048,0
1004828,-6.4700,-7.0780,1.5894,8.7500,-4.4800,5.9500,0.2992,-0.1532,0.2035,0
1004867,-6.4197,-6.8482,1.1944,8.4000,-1.4700,5.1800,0.2872,-0.0503,0.1771,0
1004906,-6.4293,-7.0828,1.3883,4.2000,-0.4200,5.9500,0.1436,-0.0144,0.2035,0
1004945,-6.7644,-7.2073,1.5487,-6.0900,-10.0800,5.8800,-0.2082,-0.3447,0.2011,0
1004984,-7.0277,-6.8745,1.5966,-2.4500,-6.2300,9.9400,-0.0838,-0.2130,0.3399,0
1005023,-7.4275,-7.0804,1.5750,-2.2400,-2.8700,11.7600,-0.0766,-0.0981,0.4021,0
1005062,-7.3150,-6.0056,0.8402,-7.0700,-7.2100,15.6800,-0.2418,-0.2465,0.5362,0
1005101,-6.8291,-6.2809,1.1968,8.2600,-9.1000,8.9600,0.2824,-0.3112,0.3064,0
1005140,-7.3365,-6.5442,1.8144,22.2600,-10.0800,-2.0300,0.7612,-0.3447,-0.0694,0
1005179,-7.0636,-6.7908,1.8072,22.4000,-0.0700,1.1900,0.7660,-0.0024,0.0407,0
1005218,-7.4011,-7.3174,2.0849,24.2900,0.6300,-1.6100,0.8306,0.0215,-0.0551,0
1005257,-6.7118,-6.5538,1.4984,0.7000,-9.7300,6.8600,0.0239,-0.3327,0.2346,0
1005296,-6.3958,-7.9110,2.3314,-1.5400,-5.5300,8.5400,-0.0527,-0.1891,0.2920,0
1005335,-6.5729,-5.9578,1.1154,-49.0000,-33.3200,23.6600,-1.6755,-1.1394,0.8091,0
1005374,-7.1139,-5.5437,1.5415,-15.8900,-46.3400,19.4600,-0.5434,-1.5846,0.6654,0
1005413,-6.6184,-6.1995,2.4367,-2.9400,-21.5600,7.0700,-0.1005,-0.7372,0.2418,0
1005452,-6.6088,-5.9793,2.4990,-15.8200,-0.0700,-9.5200,-0.5410,-0.0024,-0.3255,0
1005491,-8.8613,-6.6376,4.0500,10.4300,43.8900,-11.6200,0.3567,1.5008,-0.3973,0
1005530,-11.1591,-8.3179,4.3995,10.4300,81.8300,-11.5500,0.3567,2.7982,-0.3950,0
1005569,-11.6259,-8.2820,3.2386,16.9400,119.7000,17.5000,0.5793,4.0931,0.5984,0
1005608,-11.3770,-9.9599,3.0040,-6.1600,57.6100,84.9100,-0.2106,1.9700,2.9035,0
1005647,-10.7283,-6.6232,1.0747,-72.3100,-86.8000,112.9100,-2.4726,-2.9681,3.8609,0
1005686,-10.5775,-7.0134,0.6343,36.4000,68.1800,108.4300,1.2447,2.3314,3.7077,0
1005725,-7.9421,-4.6054,5.5317,-118.3700,-86.7300,70.2800,-4.0476,-2.9657,2.4032,0
1005764,-8.9833,-3.2290,-3.3679,-80.7100,-8.7500,56.0700,-2.7599,-0.2992,1.9173,0
1005803,-9.7182,-4.5312,0.0383,-2.6600,87.4300,2.3100,-0.0910,2.9897,0.0790,0
1005842,-7.6022,-3.3008,0.0239,-17.9200,45.4300,-7.9800,-0.6128,1.5535,-0.2729,0
1005881,-7.5735,-3.3607,-0.4309,-20.5100,69.7900,39.7600,-0.7013,2.3865,1.3596,0
1005920,-7.3174,-3.6647,-0.3207,1.0500,63.0700,73.3600,0.0359,2.1567,2.5085,0
1005959,-7.9325,-4.5216,-0.5793,-1.7500,36.1200,90.7200,-0.0598,1.2351,3.1022,0
1005998,-8.2533,-3.6431,-1.4170,-25.9700,42.0700,45.5700,-0.8880,1.4386,1.5583,0
1006037,-6.0224,-2.8532,-0.9981,21.7700,45.8500,39.4100,0.7444,1.5678,1.3476,0
1006076,-5.2804,-2.3553,-1.0700,22.6100,36.8900,43.2600,0.7731,1.2614,1.4793,0
1006115,-6.5299,-2.5420,-2.3386,27.3000,42.3500,71.8200,0.9335,1.4482,2.4559,0
1006154,-6.3575,-2.5947,-2.6785,6.6500,41.7900,44.3800,0.2274,1.4290,1.5176,0
1006193,-6.2737,-0.0527,-1.7450,13.4400,38.5000,20.2300,0.4596,1.3165,0.6918,0
1006232,-6.5849,-0.3447,-2.6115,19.3200,8.9600,35.3500,0.6606,0.3064,1.2088,0
1006271,-9.3208,-1.6708,-2.7790,49.1400,-11.6900,32.2700,1.6803,-0.3997,1.1035,0
1006310,-9.0982,-1.7258,-3.5234,84.4200,33.2500,-48.6500,2.8867,1.1370,-1.6636,0
1006349,-8.2461,-1.1370,-2.7527,80.2900,44.1700,-46.4800,2.7455,1.5104,-1.5894,0
1006388,-8.6363,-1.9652,-3.6790,56.6300,36.6800,5.9500,1.9365,1.2543,0.2035,0
1006427,-9.0144,-1.8048,-2.1351,64.4700,48.0200,18.6900,2.2045,1.6420,0.6391,0
1006466,-9.7301,-3.7006,-2.6976,55.0200,30.8700,23.0300,1.8814,1.0556,0.7875,0
1006505,-9.2155,-2.6689,-2.4774,47.3200,27.7900,9.5200,1.6181,0.9503,0.3255,0
1006544,-9.5841,-2.7670,-2.6737,27.7200,22.5400,8.8900,0.9479,0.7708,0.3040,0
1006583,-9.1557,-2.2021,-3.1548,42.0000,34.0200,-10.2900,1.4362,1.1633,-0.3519,0
1006622,-9.2155,-1.9341,-3.2745,57.5400,23.0300,4.7600,1.9676,0.7875,0.1628,0
1006661,-9.7325,-4.2415,-3.2649,74.5500,2.9400,22.3300,2.5492,0.1005,0.7636,0
1006700,-10.8791,-1.4194,-6.4724,-20.3000,-42.8400,-14.9100,-0.6942,-1.4649,-0.5098,0
1006739,-7.0421,-1.5032,-4.0716,177.5900,-11.3400,-6.8600,6.0727,-0.3878,-0.2346,0
1006778,-6.7596,-4.4594,-2.6162,210.2100,13.7200,35.9800,7.1881,0.4692,1.2303,0
1006817,-9.1341,-6.7836,-1.4960,127.1900,-2.0300,84.7700,4.3492,-0.0694,2.8987,0
1006856,-10.1323,-5.7567,-3.7101,68.8800,-54.8100,54.8800,2.3553,-1.8742,1.8766,0
1006895,-8.3897,-3.9902,-1.5774,61.4600,-41.4400,-21.4200,2.1016,-1.4170,-0.7325,0
1006934,-8.5046,-3.8226,-0.7181,45.7800,-17.0100,-43.4700,1.5654,-0.5817,-1.4865,0
1006973,-8.2461,-3.0926,-0.4452,21.4200,21.3500,-21.8400,0.7325,0.7301,-0.7468,0
1007012,-7.6740,-3.4133,-1.1059,-7.9100,14.4900,0.2100,-0.2705,0.4955,0.0072,0
1007051,-6.9320,-2.2333,-0.5505,19.0400,36.6800,7.9800,0.6511,1.2543,0.2729,0
1007090,-8.1216,-4.3564,-0.2130,2.8700,58.9400,42.7000,0.0981,2.0154,1.4601,0
1007129,-9.3496,-4.3373,-0.9527,-17.5000,40.6000,32.0600,-0.5984,1.3883,1.0963,0
1007168,-9.2227,-1.9724,-0.4117,10.1500,-16.3800,-13.0200,0.3471,-0.5601,-0.4452,0
1007207,-10.6086,-4.7753,-2.5014,115.1500,28.0700,-27.9300,3.9375,0.9598,-0.9551,0
1007246,-16.1068,-5.3282,-5.3977,-118.3700,-90.6500,154.3500,-4.0476,-3.0998,5.2780,0
1007285,-7.0660,-2.6498,-1.6660,359.2400,11.4100,-38.0800,12.2842,0.3902,-1.3021,0
1007324,-9.9982,-4.1913,-3.0950,5.4600,-23.5900,69.1600,0.1867,-0.8067,2.3649,0
1007363,-11.2788,-3.0519,-3.5187,11.9000,6.7200,45.2200,0.4069,0.2298,1.5463,0
1007402,-10.1347,-0.8545,-3.1716,20.2300,21.4200,-15.4700,0.6918,0.7325,-0.5290,0
1007441,-9.1006,-0.4309,-1.9748,-38.0100,34.8600,-1.4000,-1.2997,1.1920,-0.0479,0
1007480,-8.3442,-1.7091,-3.3224,5.1100,32.8300,-58.8000,0.1747,1.1226,-2.0107,0
1007519,-8.7727,-0.5888,-2.6234,49.3500,23.8700,-77.9100,1.6875,0.8162,-2.6641,0
1007558,-9.7732,-2.5995,-2.9968,40.6000,43.3300,-5.5300,1.3883,1.4817,-0.1891,0
1007597,-9.2873,-2.3218,-1.1059,58.1000,58.8000,-13.6500,1.9867,2.0107,-0.4668,0
1007636,-8.5549,-2.0896,-1.5870,32.6200,46.3400,-4.4800,1.1154,1.5846,-0.1532,0
1007675,-7.4753,-2.1567,-0.6487,31.7100,24.9200,0.0000,1.0843,0.8521,0.0000,0
1007714,-8.6626,-4.2080,-1.1992,0.8400,22.5400,45.3600,0.0287,0.7708,1.5511,0
1007753,-9.4118,-5.5796,-1.1202,-31.2900,26.5300,61.7400,-1.0700,0.9072,2.1112,0
1007792,-9.6607,-2.5133,-3.0399,-58.3100,-40.1100,26.3200,-1.9939,-1.3716,0.9000,0
1007831,-12.6935,-0.0191,-5.4862,7.9100,-73.3600,4.2700,0.2705,-2.5085,0.1460,0
1007870,-9.1485,-1.4865,-3.3679,106.8200,-26.1800,-26.7400,3.6527,-0.8952,-0.9144,0
1007909,-7.2527,-6.2139,0.8426,129.9900,10.6400,49.0700,4.4450,0.3638,1.6779,0
1007948,-10.8528,-5.8381,-4.9596,-43.1200,-81.0600,56.2800,-1.4745,-2.7718,1.9245,0
1007987,-9.8666,-3.1022,-2.6928,5.5300,-69.4400,-20.7200,0.1891,-2.3745,-0.7085,0
1008026,-8.8134,-2.7718,0.1101,-6.0900,-17.1500,-28.5600,-0.2082,-0.5864,-0.9766,0
1008065,-7.4634,-3.6766,-0.8952,-76.8600,4.8300,-32.4100,-2.6282,0.1652,-1.1083,0
1008104,-6.7285,-2.8891,-0.1747,-75.7400,54.1100,-44.3100,-2.5899,1.8503,-1.5152,0
1008143,-7.2886,-3.7006,-0.6487,-106.1200,42.4200,-27.6500,-3.6288,1.4505,-0.9455,0
1008182,-9.7254,-2.4942,-2.8436,-150.4300,4.6900,4.2000,-5.1439,0.1604,0.1436,0
1008221,-8.1503,-4.0883,-1.4793,-14.0000,-15.0500,-49.4900,-0.4787,-0.5146,-1.6923,0
1008260,-12.8179,-7.7243,-6.7908,-201.3200,-138.4600,6.6500,-6.8841,-4.7346,0.2274,0
1008299,-13.8688,-0.7301,-4.4976,-86.4500,2.4500,-84.2100,-2.9561,0.0838,-2.8795,0
1008338,-4.9883,0.5673,-0.6559,19.0400,65.5200,-80.6400,0.6511,2.2404,-2.7575,0
1008377,-6.9559,0.4165,-0.6152,-41.9300,-49.5600,-31.2200,-1.4338,-1.6947,-1.0676,0
1008416,-14.1392,0.1149,-8.3634,-342.3700,-163.4500,61.4600,-11.7073,-5.5891,2.1016,0
1008455,-9.3472,-3.6790,-3.2362,-96.1100,-0.2100,-41.6500,-3.2865,-0.0072,-1.4242,0
1008494,-9.0887,-0.3327,-2.6952,-41.9300,107.1000,-129.7100,-1.4338,3.6623,-4.4354,0
1008533,-8.7416,-3.8801,-2.3936,-33.6000,-13.2300,68.1800,-1.1489,-0.4524,2.3314,0
1008572,-8.7942,-3.4564,-3.6240,-19.9500,-18.2700,87.5000,-0.6822,-0.6247,2.9921,0
1008611,-8.8493,-2.9466,-3.4708,-35.0700,-2.8000,20.0900,-1.1992,-0.0957,0.6870,0
1008650,-8.6674,-2.0442,-2.9250,-43.3300,-6.0200,-17.2900,-1.4817,-0.2059,-0.5912,0
1008689,-8.6339,-2.2093,-3.5785,-51.3100,-22.4000,-16.5900,-1.7545,-0.7660,-0.5673,0
1008728,-8.8373,-2.1782,-4.2032,-58.3100,-50.4000,-16.5200,-1.9939,-1.7234,-0.5649,0
1008767,-8.1958,-1.7258,-3.2769,-31.7800,-39.2700,-34.7200,-1.0867,-1.3428,-1.1872,0
1008806,-9.2442,-1.8838,-3.9399,-27.0200,-23.6600,10.8500,-0.9239,-0.8091,0.3710,0
1008845,-9.3448,-2.4678,-3.4827,-58.3800,-37.7300,31.5000,-1.9963,-1.2902,1.0771,0
1008884,-9.4333,-2.7407,-2.9849,-38.0800,-17.1500,5.9500,-1.3021,-0.5864,0.2035,0
1008923,-9.1485,-1.8886,-3.2745,-21.9800,-19.7400,-17.6400,-0.7516,-0.6750,-0.6032,0
1008962,-8.6913,-1.8623,-2.9059,-26.2500,-23.0300,-18.6200,-0.8976,-0.7875,-0.6367,0
1009001,-10.0341,-2.4535,-3.1524,-44.7300,-27.7200,-5.8100,-1.5295,-0.9479,-0.1987,0
1009040,-9.5195,-2.6785,-2.0561,-33.3200,-17.7800,-5.8800,-1.1394,-0.6080,-0.2011,0
1009079,-9.4046,-2.3625,-2.2237,-58.6600,-32.0600,-9.6600,-2.0059,-1.0963,-0.3303,0
1009118,-9.6057,-1.9293,-2.1471,-67.9700,-33.1100,-22.2600,-2.3242,-1.1322,-0.7612,0
1009157,-9.3711,-1.8168,-2.3936,-63.7000,-32.3400,-34.6500,-2.1782,-1.1059,-1.1849,0
1009196,-9.5937,-1.4386,-2.5157,-51.2400,-32.6200,-31.5700,-1.7521,-1.1154,-1.0795,0
1009235,-10.0533,-1.8240,-2.2548,-57.5400,-38.9900,-25.4100,-1.9676,-1.3333,-0.8689,0
1009274,-9.3974,-0.7708,-2.4511,-61.6000,-38.0100,-41.9300,-2.1064,-1.2997,-1.4338,0
1009313,-9.4477,-1.0556,-2.5157,-42.1400,-28.2800,-46.0600,-1.4410,-0.9670,-1.5750,0
1009352,-9.5004,-0.8976,-2.1878,-42.7000,-26.1100,-50.2600,-1.4601,-0.8928,-1.7186,0
1009391,-8.9714,-1.6947,-1.9700,-24.5000,-26.7400,-58.8000,-0.8378,-0.9144,-2.0107,0
1009430,-8.9714,-1.4721,-1.4817,-24.2200,-20.0200,-58.2400,-0.8282,-0.6846,-1.9915,0
1009469,-10.2783,-3.5163,-0.7109,-1.6100,-12.1100,-36.9600,-0.0551,-0.4141,-1.2638,0
1009508,-10.5177,-4.2056,0.1963,-20.5800,-12.4600,-18.0600,-0.7037,-0.4261,-0.6176,0
1009547,-9.7397,-6.8434,0.0886,-66.0800,-38.8500,-11.8300,-2.2596,-1.3285,-0.4045,0
1009586,-7.9421,-5.5365,-2.2883,-51.1700,-51.5200,-49.7000,-1.7498,-1.7617,-1.6995,0
1009625,-8.3394,-6.5969,-2.1471,-39.3400,-55.7200,-37.0300,-1.3452,-1.9053,-1.2662,0
1009664,-8.4304,-5.1894,-2.6952,-74.8300,-100.0300,-2.1000,-2.5588,-3.4205,-0.0718,0
1009703,-7.1283,-4.7562,-1.2232,-52.7800,-73.0800,-2.0300,-1.8048,-2.4990,-0.0694,0
1009742,-7.4370,-5.4982,0.0191,-53.1300,-78.3300,-15.4000,-1.8168,-2.6785,-0.5266,0
1009781,-8.2341,-3.4804,-0.1412,-111.0900,-107.1000,26.3200,-3.7987,-3.6623,0.9000,0
1009820,-8.9019,-4.8998,0.5434,-138.1100,-95.9700,50.8200,-4.7227,-3.2817,1.7378,0
1009859,-8.8948,-2.9873,1.9700,-117.2500,-60.8300,-2.5900,-4.0093,-2.0801,-0.0886,0
1009898,-8.5142,-2.3362,0.9359,-140.9800,-95.2000,1.7500,-4.8208,-3.2554,0.0598,0
1009937,-8.0785,-2.3314,0.4739,-114.0300,-83.3700,12.2500,-3.8992,-2.8508,0.4189,0
1009976,-7.9134,-2.2237,0.5051,-119.4900,-58.1000,25.8300,-4.0859,-1.9867,0.8833,0
1010015,-9.0144,-1.9724,0.9359,-131.5300,-56.1400,42.9100,-4.4976,-1.9197,1.4673,0
1010054,-9.9049,-2.3936,0.7947,-125.5800,-50.4000,47.0400,-4.2942,-1.7234,1.6085,0
1010093,-9.6679,-2.1830,1.3524,-100.4500,-37.6600,21.0700,-3.4349,-1.2878,0.7205,0
1010132,-10.3142,-2.7647,-0.0886,-90.8600,-37.3100,8.1200,-3.1069,-1.2758,0.2777,0
1010171,-10.2424,-2.0370,2.9561,-73.1500,-28.0000,36.2600,-2.5014,-0.9575,1.2399,0
1010210,-9.8929,-1.9173,0.6247,-63.7700,-28.1400,12.9500,-2.1806,-0.9622,0.4428,0
1010249,-8.3035,-1.0532,2.1519,-24.6400,8.8900,31.7800,-0.8426,0.3040,1.0867,0
1010288,-22.0287,3.5498,-13.6844,-569.2400,-222.1800,84.2800,-19.4651,-7.5974,2.8819,0
1010327,-3.1788,-6.0152,3.8490,204.4700,92.1900,-147.0000,6.9918,3.1524,-5.0266,0
1010366,-7.5065,-0.1723,-3.1644,-70.2800,-13.3700,-71.1900,-2.4032,-0.4572,-2.4343,0
1010405,-9.6009,-2.9992,-2.1567,-77.4200,-80.2200,127.8900,-2.6474,-2.7431,4.3732,0
1010444,-12.0233,-1.6875,-4.0788,-108.1500,21.4200,-12.1800,-3.6982,0.7325,-0.4165,0
1010483,-8.0235,0.5410,-2.3673,-91.2800,54.8800,-12.1800,-3.1213,1.8766,-0.4165,0
1010522,-9.1485,-1.6516,-4.6317,-50.0500,31.7800,-3.2200,-1.7115,1.0867,-0.1101,0
1010561,-10.7474,-2.8365,-3.2577,85.6800,64.4700,-105.0700,2.9298,2.2045,-3.5929,0
1010600,-9.6966,0.6606,-2.6545,6.4400,76.8600,7.0000,0.2202,2.6282,0.2394,0
1010639,-9.6583,-2.7335,-2.2045,16.5900,14.9100,79.8700,0.5673,0.5098,2.7311,0
1010678,-8.6985,-3.5761,-1.0484,108.9900,48.0200,16.0300,3.7269,1.6420,0.5481,0
1010717,-9.3615,-1.6013,-2.6545,18.8300,27.8600,-24.6400,0.6439,0.9527,-0.8426,0
1010756,-9.9528,-1.9053,-1.3380,32.2700,45.3600,-11.8300,1.1035,1.5511,-0.4045,0
1010795,-9.2323,-1.1035,-2.9777,84.3500,51.7300,-37.8000,2.8843,1.7689,-1.2926,0
1010834,-9.5841,-2.7766,-1.0029,115.5000,102.3400,-3.8500,3.9495,3.4995,-0.1317,0
1010873,-9.3304,-2.2620,-1.0149,98.4200,86.9400,11.9700,3.3655,2.9729,0.4093,0
1010912,-9.3687,-1.6588,-2.7814,106.6100,59.9900,-22.8200,3.6455,2.0513,-0.7803,0
1010951,-9.9001,-0.3255,-3.3631,113.6800,68.1800,-37.3800,3.8873,2.3314,-1.2782,0
1010990,-7.7865,-0.0957,-2.1351,165.6900,86.3100,-15.0500,5.6657,2.9514,-0.5146,0
1011029,-7.0995,-1.4314,-1.0676,162.9600,47.7400,7.5600,5.5724,1.6325,0.2585,0
1011068,-8.2772,-5.4407,-2.6713,172.1300,33.1800,56.7000,5.8860,1.1346,1.9388,0
1011107,-12.9352,-8.0259,-4.6867,51.7300,-7.1400,93.3100,1.7689,-0.2442,3.1907,0
1011146,-11.8725,-7.5591,0.7755,126.0000,-10.9200,59.7800,4.3086,-0.3734,2.0442,0
1011185,-8.8206,-5.0386,-0.3231,134.2600,-55.5800,31.6400,4.5910,-1.9006,1.0819,0
1011224,-6.0679,-5.0482,2.4391,133.0000,29.1900,-24.5000,4.5479,0.9981,-0.8378,0
1011263,-5.9745,-4.0764,1.1944,61.6000,45.3600,38.6400,2.1064,1.5511,1.3213,0
1011302,-7.2623,-3.6240,0.7923,40.6700,57.1900,37.3100,1.3907,1.9556,1.2758,0
1011341,-8.3442,-3.8729,3.2817,17.9900,52.4300,57.9600,0.6152,1.7928,1.9819,0
1011380,-7.6836,-4.4378,1.6995,3.9900,46.4100,50.8200,0.1364,1.5870,1.7378,0
1011419,-6.7142,-4.4187,3.0854,-37.8700,82.5300,43.0500,-1.2950,2.8221,1.4721,0
1011458,-7.9182,-3.6790,0.3423,-136.5000,67.6900,37.7300,-4.6676,2.3147,1.2902,0
1011497,-8.9714,-4.0859,-1.6588,-121.9400,26.7400,63.2100,-4.1697,0.9144,2.1615,0
1011536,-12.2315,-1.1944,-4.5455,-168.4900,-44.5900,87.0100,-5.7615,-1.5247,2.9753,0
1011575,-10.3381,-1.5152,-4.6939,64.8900,-24.4300,-100.1700,2.2189,-0.8354,-3.4253,0
1011614,-7.0541,-1.3237,-3.1596,112.7000,39.2000,-65.5900,3.8538,1.3404,-2.2428,0
1011653,-8.3299,0.1771,0.0622,63.3500,32.9700,-31.2200,2.1662,1.1274,-1.0676,0
1011692,-11.9012,-2.3721,-2.0466,4.2700,-47.6700,10.7800,0.1460,-1.6301,0.3686,0
1011731,-8.5740,-5.2588,-0.1819,74.9000,11.6900,-80.9900,2.5612,0.3997,-2.7694,0
1011770,-8.3203,-2.0777,-0.5338,55.6500,48.8600,-125.9300,1.9029,1.6708,-4.3062,0
1011809,-8.4376,-4.8016,-1.0724,3.5000,-38.0800,22.9600,0.1197,-1.3021,0.7851,0
1011848,-9.7278,-6.2594,-1.1322,-20.2300,-54.0400,70.7000,-0.6918,-1.8479,2.4176,0
1011887,-8.9690,-3.5043,0.3710,4.5500,-11.4800,-36.1200,0.1556,-0.3926,-1.2351,0
1011926,-9.6392,-3.2984,-1.7545,-47.8100,-5.0400,-32.9000,-1.6349,-0.1723,-1.1250,0
1011965,-7.1809,-3.1381,-1.1609,-41.0200,-24.5000,-8.9600,-1.4027,-0.8378,-0.3064,0
1012004,-7.3772,-3.6288,-1.9604,-17.8500,-17.2200,5.8800,-0.6104,-0.5888,0.2011,0
1012043,-8.0426,-3.6335,0.5314,46.4800,-4.6200,15.6800,1.5894,-0.1580,0.5362,0
1012082,-8.7440,-4.0453,0.7708,10.8500,7.0000,-18.2000,0.3710,0.2394,-0.6223,0
1012121,-8.8708,-3.2960,-1.2399,-42.9800,-24.2200,-4.2700,-1.4697,-0.8282,-0.1460,0
1012160,-8.1862,-3.3511,-1.2591,-9.1700,-2.2400,-36.8900,-0.3136,-0.0766,-1.2614,0
1012199,-8.9857,-3.0040,-1.5200,8.8200,-4.9000,-16.1000,0.3016,-0.1676,-0.5505,0
1012238,-8.0235,-4.3469,-0.8138,36.1900,-18.6900,-13.7900,1.2375,-0.6391,-0.4715,0
1012277,-7.9110,-4.5742,-0.1388,29.6100,-4.9000,-30.0300,1.0125,-0.1676,-1.0269,0
1012316,-8.5740,-3.4851,-1.2423,-4.8300,-22.0500,-18.4800,-0.1652,-0.7540,-0.6319,0
1012355,-7.9229,-3.6958,-0.7348,-10.9200,-10.7800,-12.3200,-0.3734,-0.3686,-0.4213,0
1012394,-8.6147,-4.8160,-0.7157,10.2900,-7.4200,9.0300,0.3519,-0.2537,0.3088,0
1012433,-8.1360,-4.3780,-0.3590,1.9600,-19.4600,8.9600,0.0670,-0.6654,0.3064,0
1012472,-7.6190,-3.9902,0.4476,9.5900,-27.6500,-9.9400,0.3279,-0.9455,-0.3399,0
1012511,-8.4783,-4.5288,-0.8138,-8.9600,-41.1600,6.5100,-0.3064,-1.4075,0.2226,0
1012550,-8.2389,-3.7556,-0.9886,-7.0700,-33.8800,-7.6300,-0.2418,-1.1585,-0.2609,0
1012589,-8.0307,-3.9184,0.0622,12.8100,-22.3300,-18.1300,0.4380,-0.7636,-0.6200,0
1012628,-7.6357,-3.0064,-1.1489,8.9600,-38.3600,-20.6500,0.3064,-1.3117,-0.7061,0
1012667,-7.0373,-4.1434,0.1173,46.2700,-10.9900,-26.6000,1.5822,-0.3758,-0.9096,0
1012706,-8.1456,-4.7992,1.3859,33.5300,-14.8400,-38.3600,1.1466,-0.5075,-1.3117,0
1012745,-10.4195,-8.6985,1.6540,17.6400,8.8200,-74.7600,0.6032,0.3016,-2.5564,0
1012784,-8.0929,-8.3897,2.6139,-15.7500,6.7900,-113.1900,-0.5386,0.2322,-3.8705,0
1012823,-8.2245,-7.8918,1.2064,110.3200,33.3200,-141.8200,3.7724,1.1394,-4.8495,0
1012862,-8.9618,-9.4214,1.8599,-71.6800,-26.5300,-96.4600,-2.4511,-0.9072,-3.2984,0
1012901,-7.8200,-8.2820,2.8843,15.1900,4.6200,5.5300,0.5194,0.1580,0.1891,0
1012940,-9.0599,-9.0360,2.3242,-8.4000,-30.2400,32.5500,-0.2872,-1.0341,1.1130,0
1012979,-8.5142,-7.3365,1.9724,18.2700,-56.2100,52.9200,0.6247,-1.9221,1.8096,0
1013018,-6.3934,-6.2091,2.0633,78.6800,-60.9000,16.5900,2.6905,-2.0825,0.5673,0
1013057,-6.1181,-5.7064,2.1782,41.0900,-56.7700,0.4200,1.4051,-1.9412,0.0144,0
1013096,-5.6251,-5.8309,2.8604,20.7900,-31.5700,-16.3100,0.7109,-1.0795,-0.5577,0
1013135,-5.8094,-6.1660,2.8173,-4.6200,-14.7700,-18.1300,-0.1580,-0.5051,-0.6200,0
1013174,-6.3025,-6.6328,3.2649,-8.6100,-6.7200,-31.0100,-0.2944,-0.2298,-1.0604,0
1013213,-6.5945,-7.4658,3.7508,12.8100,6.7900,-33.8800,0.4380,0.2322,-1.1585,0
1013252,-6.4533,-7.7147,3.3655,3.9900,7.0700,-14.7700,0.1364,0.2418,-0.5051,0
1013291,-5.9458,-7.0205,2.9322,3.4300,0.9100,2.0300,0.1173,0.0311,0.0694,0
1013330,-5.4383,-8.1192,3.2530,45.0800,13.3700,-0.8400,1.5415,0.4572,-0.0287,0
1013369,-5.9123,-7.1666,2.8221,1.4700,23.1000,18.2000,0.0503,0.7899,0.6223,0
1013408,-6.4868,-6.4604,2.5157,-5.6700,17.6400,24.3600,-0.1939,0.6032,0.8330,0
1013447,-6.4054,-5.9673,3.0902,27.9300,1.6800,10.3600,0.9551,0.0574,0.3543,0
1013486,-6.6088,-6.2618,3.4756,23.3100,14.4200,-12.3900,0.7971,0.4931,-0.4237,0
1013525,-7.2671,-6.3647,3.4062,-7.7000,7.0000,-20.5800,-0.2633,0.2394,-0.7037,0
1013564,-6.7716,-7.1091,2.9418,-34.1600,0.2100,-5.7400,-1.1681,0.0072,-0.1963,0
1013603,-6.4126,-7.3437,1.9963,-37.8700,-0.9800,21.7700,-1.2950,-0.0335,0.7444,0
1013642,-7.0301,-7.3628,2.3673,-5.3200,-34.4400,13.5800,-0.1819,-1.1777,0.4644,0
1013681,-6.4868,-6.7620,2.6330,29.2600,-40.9500,3.0800,1.0005,-1.4003,0.1053,0
1013720,-6.1205,-6.3910,3.4827,50.9600,-24.9200,-5.8100,1.7426,-0.8521,-0.1987,0
1013759,-5.6274,-6.3982,3.9040,28.1400,-12.1100,-0.5600,0.9622,-0.4141,-0.0191,0
1013798,-5.0458,-5.9937,4.3971,3.8500,27.5100,5.4600,0.1317,0.9407,0.1867,0
1013837,-5.9027,-5.9290,4.6102,-3.2200,52.8500,-13.4400,-0.1101,1.8072,-0.4596,0
1013876,-7.0995,-7.7793,2.9107,16.7300,73.5000,7.3500,0.5721,2.5133,0.2513,0
1013915,-7.8344,-6.2618,2.9035,-54.5300,41.4400,19.3900,-1.8646,1.4170,0.6630,0
1013954,-7.1163,-6.2354,2.8125,6.0200,20.2300,6.3700,0.2059,0.6918,0.2178,0
1013993,-7.0517,-6.3431,2.5468,-2.4500,31.5000,13.7900,-0.0838,1.0771,0.4715,0
1014032,-7.3963,-6.0751,2.0178,-22.1200,32.0600,14.4900,-0.7564,1.0963,0.4955,0
1014071,-6.5107,-5.7878,1.2208,-20.8600,12.1800,4.7600,-0.7133,0.4165,0.1628,0
1014110,-7.2192,-6.5681,1.5535,10.4300,8.2600,-7.9800,0.3567,0.2824,-0.2729,0
1014149,-7.4969,-6.7620,2.5253,6.0900,7.8400,-6.3000,0.2082,0.2681,-0.2154,0
1014188,-7.3700,-6.4580,2.4870,-1.6800,10.7100,2.4500,-0.0574,0.3662,0.0838,0
1014227,-7.4538,-6.6064,0.9311,-25.0600,7.2100,7.4900,-0.8569,0.2465,0.2561,0
1014266,-6.9679,-6.2259,1.1872,-14.4900,0.3500,0.8400,-0.4955,0.0120,0.0287,0
1014305,-6.8123,-6.1780,1.2662,5.3900,-6.8600,-6.0900,0.1843,-0.2346,-0.2082,0
1014344,-6.6041,-6.3503,1.7162,2.3100,-7.2100,-15.8900,0.0790,-0.2465,-0.5434,0
1014383,-6.6830,-6.8243,1.8934,-3.3600,-0.5600,-4.0600,-0.1149,-0.0191,-0.1388,0
1014422,-6.9703,-6.6830,1.7474,-16.1700,4.3400,3.3600,-0.5529,0.1484,0.1149,0
1014461,-6.9990,-6.4317,1.6325,-10.9900,2.1000,12.3200,-0.3758,0.0718,0.4213,0
1014500,-7.1187,-6.2809,1.3955,-8.3300,1.4000,5.0400,-0.2848,0.0479,0.1723,0
1014539,-7.4011,-6.4844,1.3644,-10.9200,2.5900,0.9800,-0.3734,0.0886,0.0335,0
1014578,-7.3102,-6.3623,1.4027,-3.3600,-1.4700,-1.1900,-0.1149,-0.0503,-0.0407,0
1014617,-7.2527,-6.6112,1.5271,-0.4900,-1.4000,0.8400,-0.0168,-0.0479,0.0287,0
1014656,-7.2192,-6.4772,1.4003,-6.8600,-1.8200,4.2700,-0.2346,-0.0622,0.1460,0
1014695,-7.3006,-6.2618,1.5008,-0.3500,-4.3400,4.2000,-0.0120,-0.1484,0.1436,0
1014734,-7.3916,-6.4173,1.5774,-0.3500,-1.3300,0.7700,-0.0120,-0.0455,0.0263,0
1014773,-7.2886,-6.4700,1.4003,-2.5200,-2.2400,1.9600,-0.0862,-0.0766,0.0670,0
1014812,-7.1091,-6.4006,1.2950,-7.2800,-5.6700,1.8200,-0.2489,-0.1939,0.0622,0
1014851,-6.8506,-6.3743,1.2758,-1.2600,-3.5700,1.1900,-0.0431,-0.1221,0.0407,0
1014890,-7.1067,-6.3001,1.3428,7.5600,-1.5400,0.4900,0.2585,-0.0527,0.0168,0
1014929,-7.5735,-6.5562,1.6779,13.5100,-1.1900,-3.5700,0.4620,-0.0407,-0.1221,0
1014968,-7.7650,-6.5562,1.7258,3.2200,-0.2100,-0.4900,0.1101,-0.0072,-0.0168,0
1015007,-7.3126,-6.3120,1.5295,-2.3800,-1.0500,1.2600,-0.0814,-0.0359,0.0431,0
1015046,-6.8697,-6.3719,1.2255,1.1200,-1.9600,0.2800,0.0383,-0.0670,0.0096,0
1015085,-7.0158,-6.3455,1.2375,-0.8400,-2.3800,-3.1500,-0.0287,-0.0814,-0.1077,0
1015124,-7.2671,-6.4293,1.5966,2.0300,-6.1600,-6.5100,0.0694,-0.2106,-0.2226,0
1015163,-7.4706,-6.5203,1.8958,11.2700,-4.8300,-8.4700,0.3854,-0.1652,-0.2896,0
1015202,-7.2671,-6.3025,1.8910,13.5800,-8.5400,-7.4200,0.4644,-0.2920,-0.2537,0
1015241,-6.8530,-6.7381,1.9867,6.1600,-2.3100,-9.3800,0.2106,-0.0790,-0.3207,0
1015280,-6.9392,-6.7118,1.8407,5.9500,8.1900,-3.3600,0.2035,0.2801,-0.1149,0
1015319,-7.0971,-6.3336,1.6899,-4.2700,12.5300,7.8400,-0.1460,0.4285,0.2681,0
1015358,-7.0134,-6.4796,1.5056,-9.8700,7.7700,1.5400,-0.3375,0.2657,0.0527,0
1015397,-7.0708,-6.6352,1.5104,-3.3600,4.6200,0.3500,-0.1149,0.1580,0.0120,0
1015436,-6.9679,-6.4150,1.5032,-3.7100,3.5700,1.8900,-0.1269,0.1221,0.0646,0
1015475,-7.1713,-6.2235,1.3763,-0.4200,3.7800,2.9400,-0.0144,0.1293,0.1005,0
1015514,-7.3820,-6.4485,1.4218,-2.1700,-0.1400,-5.1800,-0.0742,-0.0048,-0.1771,0
1015553,-7.1450,-6.6878,1.5918,-5.8800,-7.0000,-5.9500,-0.2011,-0.2394,-0.2035,0
1015592,-7.2192,-6.8458,1.4673,-7.3500,-12.5300,-3.7100,-0.2513,-0.4285,-0.1269,0
1015631,-7.0636,-6.5777,1.7833,-1.4700,-14.2100,-6.6500,-0.0503,-0.4859,-0.2274,0
1015670,-6.9583,-6.8123,1.5774,1.6100,-10.5000,-7.1400,0.0551,-0.3590,-0.2442,0
1015709,-6.6424,-6.6304,1.6037,0.0700,-8.8900,-7.4200,0.0024,-0.3040,-0.2537,0
1015748,-6.5897,-6.6735,1.6085,4.4800,-8.8900,-2.0300,0.1532,-0.3040,-0.0694,0
1015787,-6.8769,-6.9607,2.0154,5.6000,-1.6100,-6.3700,0.1915,-0.0551,-0.2178,0
1015826,-6.8147,-6.7285,1.9604,0.8400,2.1000,1.4700,0.0287,0.0718,0.0503,0
1015865,-6.8051,-6.7525,1.6157,6.5100,6.7900,5.3200,0.2226,0.2322,0.1819,0
1015904,-7.0158,-6.6567,1.6851,1.2600,3.1500,3.7800,0.0431,0.1077,0.1293,0
1015943,-6.8961,-6.5634,1.8168,1.5400,0.9800,1.2600,0.0527,0.0335,0.0431,0
1015982,-6.9727,-6.7357,1.6947,2.3800,5.8800,-0.9100,0.0814,0.2011,-0.0311,0
1016021,-6.9368,-6.6184,1.7498,2.3100,3.9900,2.8700,0.0790,0.1364,0.0981,0
1016060,-6.9080,-6.4844,1.6468,1.4700,4.5500,-0.6300,0.0503,0.1556,-0.0215,0
1016099,-6.9559,-6.6998,1.6325,-0.4200,3.0800,4.0600,-0.0144,0.1053,0.1388,0
1016138,-6.9607,-6.7022,1.6875,2.8700,3.5000,1.4000,0.0981,0.1197,0.0479,0
1016177,-7.0110,-6.5945,1.5535,-0.5600,1.1900,3.0100,-0.0191,0.0407,0.1029,0
1016216,-7.0636,-6.6232,1.6229,0.3500,0.0000,1.3300,0.0120,0.0000,0.0455,0
1016255,-7.0014,-6.5562,1.6037,-1.2600,0.8400,-0.6300,-0.0431,0.0287,-0.0215,0
1016294,-7.0612,-6.6208,1.5966,-0.4900,0.1400,-0.7700,-0.0168,0.0048,-0.0263,0
1016333,-6.9655,-6.6424,1.5966,-1.6800,-1.6800,-0.0700,-0.0574,-0.0574,-0.0024,0
1016372,-7.0062,-6.6256,1.5846,-3.1500,-1.6100,0.2800,-0.1077,-0.0551,0.0096,0
1016411,-7.0277,-6.5825,1.6133,-2.5900,-2.9400,0.7000,-0.0886,-0.1005,0.0239,0
1016450,-7.0110,-6.5921,1.6109,-1.8200,-1.0500,-0.2100,-0.0622,-0.0359,-0.0072,0
1016489,-7.0517,-6.6328,1.5870,-2.8000,-2.3800,0.7000,-0.0957,-0.0814,0.0239,0
1016528,-7.0517,-6.5969,1.6349,0.1400,-2.6600,0.8400,0.0048,-0.0910,0.0287,0
1016567,-7.0182,-6.6400,1.6325,-0.2100,-2.1000,0.2800,-0.0072,-0.0718,0.0096,0
1016606,-7.0014,-6.5921,1.5726,-0.6300,-1.0500,0.6300,-0.0215,-0.0359,0.0215,0
1016645,-6.9966,-6.6160,1.5894,0.4900,-1.1900,0.5600,0.0168,-0.0407,0.0191,0
1016684,-7.0158,-6.6088,1.6037,-0.1400,-1.4700,0.2800,-0.0048,-0.0503,0.0096,0
1016723,-7.0349,-6.6304,1.5990,0.0700,-1.4000,0.5600,0.0024,-0.0479,0.0191,0
1016762,-7.0182,-6.5849,1.6636,0.7000,-2.0300,0.2800,0.0239,-0.0694,0.0096,0
1016801,-7.0421,-6.5873,1.6564,0.8400,-0.7700,0.2800,0.0287,-0.0263,0.0096,0
1016840,-7.0373,-6.5993,1.6325,1.4000,-0.7000,0.2800,0.0479,-0.0239,0.0096,0
1016879,-7.0158,-6.5993,1.6277,1.1900,-1.6100,0.4200,0.0407,-0.0551,0.0144,0
1016918,-7.0158,-6.5801,1.6588,1.4700,-0.9800,0.4900,0.0503,-0.0335,0.0168,0
1016957,-6.9918,-6.5849,1.6564,1.4700,-1.1200,0.5600,0.0503,-0.0383,0.0191,0
1016996,-7.0182,-6.5658,1.6588,0.4200,-0.4200,0.0700,0.0144,-0.0144,0.0024,0
1017035,-7.0373,-6.5873,1.6660,-0.4900,0.1400,0.1400,-0.0168,0.0048,0.0048,0
1017074,-7.0397,-6.6041,1.6875,0.7000,-0.3500,0.2100,0.0239,-0.0120,0.0072,0
1017113,-7.0684,-6.5394,1.6971,0.6300,-0.4200,0.2800,0.0215,-0.0144,0.0096,0
1017152,-7.0325,-6.5753,1.6755,0.8400,0.0000,-0.2800,0.0287,0.0000,-0.0096,0
1017191,-7.0014,-6.5705,1.6325,0.7700,-0.3500,0.0000,0.0263,-0.0120,0.0000,0
1017230,-7.0086,-6.5945,1.6325,0.7700,-0.5600,-0.1400,0.0263,-0.0191,-0.0048,0
1017269,-7.0325,-6.5825,1.6612,0.8400,-1.5400,0.3500,0.0287,-0.0527,0.0120,0
1017308,-7.0421,-6.5634,1.6875,0.7700,-2.1700,0.8400,0.0263,-0.0742,0.0287,0
1017347,-7.0588,-6.5586,1.7282,1.4000,-1.0500,0.2800,0.0479,-0.0359,0.0096,0
1017386,-7.0517,-6.5634,1.7067,0.3500,-0.7700,0.1400,0.0120,-0.0263,0.0048,0
1017425,-7.0038,-6.5490,1.6899,0.5600,-1.1200,0.2800,0.0191,-0.0383,0.0096,0
1017464,-7.0253,-6.5634,1.6875,-0.7000,-0.4200,-0.1400,-0.0239,-0.0144,-0.0048,0
1017503,-7.0397,-6.5658,1.7186,0.2100,-1.1200,0.0700,0.0072,-0.0383,0.0024,0
1017542,-7.0636,-6.5370,1.7474,0.5600,-0.9800,0.1400,0.0191,-0.0335,0.0048,0
1017581,-7.0469,-6.5562,1.7306,0.1400,-0.4900,-0.1400,0.0048,-0.0168,-0.0048,0
1017620,-7.0205,-6.5562,1.7067,0.3500,-0.2800,-0.4200,0.0120,-0.0096,-0.0144,0
1017659,-7.0397,-6.5825,1.7138,0.4900,-0.5600,-0.4200,0.0168,-0.0191,-0.0144,0
1017698,-7.0229,-6.5418,1.7067,-0.5600,-0.7700,0.0700,-0.0191,-0.0263,0.0024,0
1017737,-7.0110,-6.5634,1.7091,-0.8400,-0.7000,0.2100,-0.0287,-0.0239,0.0072,0
1017776,-7.0780,-6.5610,1.7474,0.5600,-0.6300,-0.2100,0.0191,-0.0215,-0.0072,0
1017815,-7.0062,-6.5610,1.7138,0.9800,-0.9100,-0.0700,0.0335,-0.0311,-0.0024,0
1017854,-6.9990,-6.5993,1.6708,1.4000,-0.8400,0.1400,0.0479,-0.0287,0.0048,0
1017893,-7.0517,-6.5538,1.7115,0.5600,-1.6800,0.3500,0.0191,-0.0574,0.0120,0
1017932,-7.0469,-6.5346,1.7593,1.4000,-2.1000,-0.0700,0.0479,-0.0718,-0.0024,0
1017971,-6.9990,-6.5514,1.7545,0.4900,-1.2600,-0.3500,0.0168,-0.0431,-0.0120,0
1018010,-7.0277,-6.5729,1.7569,0.6300,-0.4200,-0.7000,0.0215,-0.0144,-0.0239,0
1018049,-7.0253,-6.5753,1.7474,0.6300,-0.6300,0.0000,0.0215,-0.0215,0.0000,0
1018088,-7.0469,-6.5514,1.7857,0.9100,-0.7000,0.0700,0.0311,-0.0239,0.0024,0
1018127,-7.0325,-6.5275,1.7569,0.7700,-0.5600,0.2800,0.0263,-0.0191,0.0096,0
1018166,-7.0205,-6.5490,1.7617,0.4900,-0.5600,-0.3500,0.0168,-0.0191,-0.0120,0
1018205,-7.0445,-6.5753,1.7737,0.5600,-0.4900,17.5000,0.0191,-0.0168,0.5984,0
1018244,-7.0301,-6.5370,1.7665,0.4200,-0.1400,0.2100,0.0144,-0.0048,0.0072,0
1018283,-7.0205,-6.5586,1.7569,0.4900,-0.2100,-0.1400,0.0168,-0.0072,-0.0048,0
1018322,-7.0469,-6.5729,1.7737,0.0700,-0.5600,-0.2100,0.0024,-0.0191,-0.0072,0
1018361,-7.0373,-6.5586,1.7665,0.5600,-0.9100,0.2800,0.0191,-0.0311,0.0096,0
1018400,-7.0421,-6.5322,1.8024,1.1900,-0.5600,0.1400,0.0407,-0.0191,0.0048,0
1018439,-7.0253,-6.5370,1.7928,1.6800,-0.2100,0.0000,0.0574,-0.0072,0.0000,0
1018478,-7.0182,-6.5514,1.7426,0.8400,0.1400,-0.0700,0.0287,0.0048,-0.0024,0
1018517,-7.0397,-6.5442,1.7761,0.4200,-0.7000,0.1400,0.0144,-0.0239,0.0048,0
1018556,-7.0445,-6.5418,1.7976,0.4900,-0.7700,0.2100,0.0168,-0.0263,0.0072,0
1018595,-7.0349,-6.5418,1.8000,0.5600,-0.8400,0.3500,0.0191,-0.0287,0.0120,0
1018634,-7.0253,-6.5275,1.7952,0.5600,-0.7700,-0.0700,0.0191,-0.0263,-0.0024,0
1018673,-7.0277,-6.5370,1.7928,0.3500,-0.2800,-0.0700,0.0120,-0.0096,-0.0024,0
1018712,-7.0493,-6.5418,1.7976,0.4200,-0.2800,0.1400,0.0144,-0.0096,0.0048,0
1018751,-7.0636,-6.5346,1.8335,0.0700,-0.3500,-0.0700,0.0024,-0.0120,-0.0024,0
1018790,-7.0541,-6.5322,1.8240,0.7000,-0.1400,-0.2800,0.0239,-0.0048,-0.0096,0
1018829,-7.0469,-6.5370,1.8096,0.7000,0.0000,-0.3500,0.0239,0.0000,-0.0120,0
1018868,-7.0301,-6.5299,1.7976,0.6300,0.1400,-0.7000,0.0215,0.0048,-0.0239,0
1018907,-7.0134,-6.5658,1.7761,0.7000,0.5600,-0.5600,0.0239,0.0191,-0.0191,0
1018946,-7.0229,-6.5442,1.7689,0.0700,-0.2100,-0.2800,0.0024,-0.0072,-0.0096,0
1018985,-6.9942,-6.5442,1.7833,0.3500,-0.9100,0.2100,0.0120,-0.0311,0.0072,0
1019024,-7.0517,-6.5370,1.8120,0.8400,-0.4200,-0.0700,0.0287,-0.0144,-0.0024,0
1019063,-7.0421,-6.5322,1.8144,0.4200,-0.2100,-0.1400,0.0144,-0.0072,-0.0048,0
1019102,-6.9942,-6.5442,1.7665,1.0500,0.1400,0.2100,0.0359,0.0048,0.0072,0
1019141,-7.0469,-6.5275,1.7904,0.2100,-0.6300,0.3500,0.0072,-0.0215,0.0120,0
1019180,-7.0684,-6.5346,1.8216,0.1400,-0.8400,0.2100,0.0048,-0.0287,0.0072,0
1019219,-7.0708,-6.5203,1.8503,0.0000,-0.8400,0.2800,0.0000,-0.0287,0.0096,0
1019258,-7.0325,-6.5275,1.8263,0.6300,-0.5600,-0.1400,0.0215,-0.0191,-0.0048,0
1019297,-7.0277,-6.5322,1.8240,0.9800,-0.0700,-0.2100,0.0335,-0.0024,-0.0072,0
1019336,-7.0469,-6.5299,1.8096,0.5600,0.1400,-0.2100,0.0191,0.0048,-0.0072,0
1019375,-7.0421,-6.5370,1.8096,0.5600,-0.2100,-0.0700,0.0191,-0.0072,-0.0024,0
1019414,-7.0349,-6.5155,1.8120,0.9800,0.0700,0.0700,0.0335,0.0024,0.0024,0
1019453,-7.0517,-6.5203,1.8335,1.0500,-0.0700,-0.2800,0.0359,-0.0024,-0.0096,0
1019492,-7.0301,-6.5299,1.8072,0.7700,0.2100,-0.2100,0.0263,0.0072,-0.0072,0
1019531,-7.0493,-6.5083,1.8000,0.2800,-0.3500,-0.2800,0.0096,-0.0120,-0.0096,0
1019570,-7.0253,-6.5490,1.8048,0.2800,-0.7700,-0.4200,0.0096,-0.0263,-0.0144,0
1019609,-7.0277,-6.5346,1.8287,0.4900,-1.1200,-0.2800,0.0168,-0.0383,-0.0096,0
1019648,-7.0301,-6.5322,1.8311,0.9800,-0.9100,0.0700,0.0335,-0.0311,0.0024,0
1019687,-6.9894,-6.5179,1.8168,1.0500,-0.5600,0.2800,0.0359,-0.0191,0.0096,0
1019726,-7.0038,-6.5322,1.7904,1.1200,-0.4200,0.2800,0.0383,-0.0144,0.0096,0
1019765,-7.0493,-6.5227,1.8383,0.4200,-1.1200,0.5600,0.0144,-0.0383,0.0191,0
1019804,-7.0804,-6.5131,1.8766,0.0700,-1.6100,0.7000,0.0024,-0.0551,0.0239,0
1019843,-7.0732,-6.5179,1.8599,0.0700,-1.1200,0.1400,0.0024,-0.0383,0.0048,0
1019882,-7.0445,-6.4892,1.8814,0.6300,-0.8400,0.0000,0.0215,-0.0287,0.0000,0
1019921,-7.0517,-6.5011,1.8886,-0.1400,-0.1400,-0.7000,-0.0048,-0.0048,-0.0239,0
1019960,-7.0541,-6.5059,1.8694,-0.4200,-0.1400,-0.4200,-0.0144,-0.0048,-0.0144,0
1019999,-7.0469,-6.5203,1.8742,-1.6800,0.9100,-0.7000,-0.0574,0.0311,-0.0239,0
1020038,-7.0780,-6.5753,1.8599,-3.2200,1.1900,-0.4200,-0.1101,0.0407,-0.0144,0
1020077,-6.9942,-6.5322,1.7689,-2.1000,0.9800,-0.1400,-0.0718,0.0335,-0.0048,0
1020116,-7.0229,-6.5203,1.7737,0.4200,0.5600,-0.3500,0.0144,0.0191,-0.0120,0
1020155,-7.0349,-6.5275,1.7857,0.4900,0.5600,-0.4900,0.0168,0.0191,-0.0168,0
1020194,-7.0469,-6.5346,1.8000,0.0700,0.7700,-0.9800,0.0024,0.0263,-0.0335,0
1020233,-7.0804,-6.5610,1.7737,-0.2100,0.6300,-0.8400,-0.0072,0.0215,-0.0287,0
1020272,-7.0373,-6.5466,1.7689,-1.6800,-0.0700,-0.8400,-0.0574,-0.0024,-0.0287,0
1020311,-6.9607,-6.5490,1.7162,0.0000,-0.9100,-0.9100,0.0000,-0.0311,-0.0311,0
1020350,-6.9870,-6.5897,1.7186,0.7700,-0.9100,-0.7700,0.0263,-0.0311,-0.0263,0
1020389,-7.0205,-6.5299,1.7809,0.0000,-1.3300,-0.3500,0.0000,-0.0455,-0.0120,0
1020428,-6.9990,-6.5610,1.7617,-0.4900,-0.7000,-0.7700,-0.0168,-0.0239,-0.0263,0
1020467,-6.9559,-6.5921,1.7569,-0.2100,-0.8400,-0.2800,-0.0072,-0.0287,-0.0096,0
1020506,-6.9775,-6.5993,1.7617,1.1900,-0.4200,0.1400,0.0407,-0.0144,0.0048,0
1020545,-7.0253,-6.5586,1.7809,1.1200,0.0000,0.7000,0.0383,0.0000,0.0239,0
1020584,-7.0182,-6.5322,1.7617,0.7700,-0.4900,0.9100,0.0263,-0.0168,0.0311,0
1020623,-7.0062,-6.5586,1.7593,1.1900,-0.8400,0.1400,0.0407,-0.0287,0.0048,0
1020662,-7.0445,-6.5610,1.7976,1.1900,-1.1900,0.2100,0.0407,-0.0407,0.0072,0
1020701,-7.0732,-6.5538,1.8383,0.6300,-0.8400,0.2100,0.0215,-0.0287,0.0072,0
1020740,-7.0469,-6.5562,1.8287,1.1900,-0.7000,0.2100,0.0407,-0.0239,0.0072,0
1020779,-7.0182,-6.5322,1.8000,1.8200,-0.7700,0.2800,0.0622,-0.0263,0.0096,0
1020818,-6.9942,-6.5275,1.7857,1.9600,-1.0500,0.2800,0.0670,-0.0359,0.0096,0
1020857,-7.0421,-6.5275,1.8503,1.1900,-0.9100,-0.2100,0.0407,-0.0311,-0.0072,0
1020896,-7.0110,-6.5275,1.8263,0.7000,-0.1400,0.3500,0.0239,-0.0048,0.0120,0
1020935,-7.0158,-6.5346,1.8120,0.7700,0.0700,0.2800,0.0263,0.0024,0.0096,0
1020974,-7.0373,-6.5346,1.8407,0.5600,-0.3500,-0.0700,0.0191,-0.0120,-0.0024,0
1021013,-7.0421,-6.5346,1.8527,0.4900,-0.5600,0.2100,0.0168,-0.0191,0.0072,0
1021052,-7.0756,-6.5131,1.8623,0.3500,-0.1400,-0.1400,0.0120,-0.0048,-0.0048,0
1021091,-7.0325,-6.5203,1.8479,0.7000,-0.2100,-0.4200,0.0239,-0.0072,-0.0144,0
1021130,-7.0373,-6.5299,1.8240,0.7000,-0.1400,-0.9800,0.0239,-0.0048,-0.0335,0
1021169,-7.0110,-6.5442,1.8623,0.5600,-0.1400,-0.7700,0.0191,-0.0048,-0.0263,0
1021208,-7.0325,-6.5562,1.8575,1.8200,0.7700,-1.3300,0.0622,0.0263,-0.0455,0
1021247,-7.0134,-6.5083,1.8168,2.5200,1.0500,-1.2600,0.0862,0.0359,-0.0431,0
1021286,-6.9894,-6.5538,1.8240,2.1700,0.7700,-1.7500,0.0742,0.0263,-0.0598,0
1021325,-7.0110,-6.5466,1.8383,2.8000,0.5600,-1.7500,0.0957,0.0191,-0.0598,0
1021364,-7.0038,-6.5801,1.8670,3.5700,1.4700,-0.7700,0.1221,0.0503,-0.0263,0
1021403,-6.9918,-6.5011,1.8096,2.8700,1.3300,0.0000,0.0981,0.0455,0.0000,0
1021442,-7.0852,-6.5562,1.9484,3.7100,0.4200,-1.6800,0.1269,0.0144,-0.0574,0
1021481,-6.8889,-6.6447,1.8431,2.5900,0.0000,-1.6800,0.0886,0.0000,-0.0574,0
1021520,-6.8769,-6.5729,1.7928,4.6200,0.6300,0.1400,0.1580,0.0215,0.0048,0
1021559,-7.0397,-6.5346,1.9101,2.7300,0.1400,-0.3500,0.0934,0.0048,-0.0120,0
1021598,-7.0158,-6.5251,1.8599,-0.7000,-0.4900,-0.2800,-0.0239,-0.0168,-0.0096,0
1021637,-7.0277,-6.5801,1.8958,-1.8200,-2.1700,-0.0700,-0.0622,-0.0742,-0.0024,0
1021676,-6.9942,-6.5801,1.9341,-1.2600,-3.1500,0.7700,-0.0431,-0.1077,0.0263,0
1021715,-7.0301,-6.5729,1.9341,-0.9800,-1.7500,0.6300,-0.0335,-0.0598,0.0215,0
1021754,-7.0182,-6.5203,1.9245,-0.7700,-1.5400,0.2100,-0.0263,-0.0527,0.0072,0
1021793,-6.9822,-6.5610,1.8958,0.7000,-1.4000,-0.2800,0.0239,-0.0479,-0.0096,0
1021832,-6.9822,-6.5442,1.9197,-0.6300,-1.0500,0.0000,-0.0215,-0.0359,0.0000,0
1021871,-6.9870,-6.5873,1.9221,0.0000,-0.3500,0.0000,0.0000,-0.0120,0.0000,0
1021910,-7.0158,-6.5825,1.9173,0.0700,-0.0700,0.1400,0.0024,-0.0024,0.0048,0
1021949,-6.9727,-6.5777,1.8838,0.1400,-0.2100,0.0700,0.0048,-0.0072,0.0024,0
1021988,-6.9440,-6.5610,1.8575,1.0500,-0.4200,0.8400,0.0359,-0.0144,0.0287,0
1022027,-6.9990,-6.5299,1.8790,1.1900,-0.6300,0.9800,0.0407,-0.0215,0.0335,0
1022066,-7.0110,-6.5131,1.9101,0.4200,-1.4000,0.6300,0.0144,-0.0479,0.0215,0
1022105,-7.0205,-6.5538,1.9341,0.6300,-1.6100,0.2100,0.0215,-0.0551,0.0072,0
1022144,-7.0229,-6.5490,1.9293,-1.0500,-1.7500,0.2800,-0.0359,-0.0598,0.0096,0
1022183,-6.9846,-6.5705,1.9006,-0.4900,-1.0500,0.4200,-0.0168,-0.0359,0.0144,0
1022222,-7.0229,-6.4987,1.9125,-1.1900,-0.4200,0.4200,-0.0407,-0.0144,0.0144,0
1022261,-6.9894,-6.5275,1.8910,-0.6300,-0.8400,0.0000,-0.0215,-0.0287,0.0000,0
1022300,-7.0038,-6.5322,1.9077,-0.8400,-0.7000,-0.2800,-0.0287,-0.0239,-0.0096,0
1022339,-7.0110,-6.5562,1.8910,-1.6100,-0.1400,-0.3500,-0.0551,-0.0048,-0.0120,0
1022378,-7.0469,-6.5490,1.9173,-1.5400,-0.2100,-0.2100,-0.0527,-0.0072,-0.0072,0
1022417,-7.0205,-6.5394,1.8958,-1.5400,-0.2800,-0.0700,-0.0527,-0.0096,-0.0024,0
1022456,-7.0086,-6.5538,1.8766,-1.3300,-0.2800,-0.4200,-0.0455,-0.0096,-0.0144,0
1022495,-6.9822,-6.5586,1.8599,-1.8900,-0.0700,-0.2800,-0.0646,-0.0024,-0.0096,0
1022534,-7.0421,-6.5538,1.8599,-1.7500,0.3500,-0.2800,-0.0598,0.0120,-0.0096,0
1022573,-7.0301,-6.5562,1.8670,-0.7700,-0.0700,0.2100,-0.0263,-0.0024,0.0072,0
1022612,-7.0134,-6.5562,1.8503,-0.5600,-0.1400,-0.3500,-0.0191,-0.0048,-0.0120,0
1022651,-6.9727,-6.5729,1.7928,-0.7700,0.4900,-0.4900,-0.0263,0.0168,-0.0168,0
1022690,-6.9846,-6.5705,1.7809,-0.6300,0.5600,-0.1400,-0.0215,0.0191,-0.0048,0
1022729,-7.0301,-6.5610,1.8311,-0.7000,0.0000,-0.0700,-0.0239,0.0000,-0.0024,0
1022768,-7.0158,-6.5538,1.7976,-0.9800,-0.5600,-0.0700,-0.0335,-0.0191,-0.0024,0
1022807,-6.9894,-6.5658,1.8000,0.3500,-0.7000,-0.2100,0.0120,-0.0239,-0.0072,0
1022846,-6.9894,-6.5681,1.8024,0.7000,-0.6300,-0.3500,0.0239,-0.0215,-0.0120,0
1022885,-7.0038,-6.5753,1.8120,0.9100,-0.7000,-0.0700,0.0311,-0.0239,-0.0024,0
1022924,-6.9942,-6.5466,1.8024,0.8400,-0.4900,0.0700,0.0287,-0.0168,0.0024,0
1022963,-6.9942,-6.5849,1.8216,1.1200,-0.4200,-0.4900,0.0383,-0.0144,-0.0168,0
1023002,-6.9894,-6.5993,1.8120,1.3300,-0.2100,0.2100,0.0455,-0.0072,0.0072,0
1023041,-7.0182,-6.5442,1.8263,1.4000,0.0000,0.4900,0.0479,0.0000,0.0168,0
1023080,-7.0373,-6.5394,1.8311,1.2600,-0.7000,-0.2100,0.0431,-0.0239,-0.0072,0
1023119,-6.9727,-6.5753,1.7976,0.9800,-1.2600,-0.2100,0.0335,-0.0431,-0.0072,0
1023158,-7.0038,-6.5514,1.8623,1.6800,-1.6100,-0.1400,0.0574,-0.0551,-0.0048,0
1023197,-7.0301,-6.5514,1.8742,0.9100,-0.9100,-0.2100,0.0311,-0.0311,-0.0072,0
1023236,-6.9392,-6.5466,1.8311,0.4200,-0.6300,0.2800,0.0144,-0.0215,0.0096,0
1023275,-6.9583,-6.5658,1.8311,1.9600,-0.4200,-0.2100,0.0670,-0.0144,-0.0072,0
1023314,-7.1067,-6.5586,1.9101,0.7700,-0.6300,-0.4200,0.0263,-0.0215,-0.0144,0
1023353,-6.9990,-6.5394,1.8814,0.0700,-1.4700,0.4900,0.0024,-0.0503,0.0168,0
1023392,-6.9679,-6.5299,1.8718,0.1400,-0.6300,-0.4200,0.0048,-0.0215,-0.0144,0
1023431,-7.0325,-6.5586,1.8790,0.7700,-0.4900,-0.4900,0.0263,-0.0168,-0.0168,0
1023470,-6.9990,-6.5299,1.8694,0.7700,-1.6100,-0.1400,0.0263,-0.0551,-0.0048,0
1023509,-6.9655,-6.5538,1.9173,2.3100,-1.5400,-0.6300,0.0790,-0.0527,-0.0215,0
1023548,-7.0062,-6.5753,1.9221,1.3300,-0.8400,-0.1400,0.0455,-0.0287,-0.0048,0
1023587,-6.9727,-6.5394,1.9221,0.9800,-0.5600,0.0000,0.0335,-0.0191,0.0000,0
1023626,-6.9966,-6.5418,1.9053,0.9800,-0.2100,0.2100,0.0335,-0.0072,0.0072,0
1023665,-7.0134,-6.5251,1.9412,0.5600,-0.5600,-0.2800,0.0191,-0.0191,-0.0096,0
1023704,-7.0110,-6.5562,1.9532,1.3300,-0.4900,-0.5600,0.0455,-0.0168,-0.0191,0
1023743,-6.9942,-6.5562,1.9412,1.0500,-0.1400,-0.2800,0.0359,-0.0048,-0.0096,0
1023782,-6.9870,-6.5418,1.9341,1.1200,0.2800,-0.4900,0.0383,0.0096,-0.0168,0
1023821,-6.9583,-6.5466,1.9125,1.0500,0.3500,-0.2100,0.0359,0.0120,-0.0072,0
1023860,-6.9416,-6.5562,1.8790,0.8400,0.2100,0.0700,0.0287,0.0072,0.0024,0
1023899,-7.0062,-6.5442,1.9245,0.6300,-0.5600,0.2800,0.0215,-0.0191,0.0096,0
1023938,-6.9990,-6.5346,1.9317,0.4200,-1.1900,0.7000,0.0144,-0.0407,0.0239,0
1023977,-7.0062,-6.5418,1.9628,0.2800,-1.0500,0.0000,0.0096,-0.0359,0.0000,0
1024016,-6.9846,-6.5514,1.9580,0.2100,-0.8400,-0.0700,0.0072,-0.0287,-0.0024,0
1024055,-6.9870,-6.5370,1.9604,0.5600,-0.3500,0.0700,0.0191,-0.0120,0.0024,0
1024094,-7.0253,-6.5346,1.9652,0.7700,-0.2100,0.2100,0.0263,-0.0072,0.0072,0
1024133,-7.0110,-6.5251,1.9580,0.4200,-0.4900,-0.1400,0.0144,-0.0168,-0.0048,0
1024172,-6.9822,-6.5466,1.9628,0.4900,-0.3500,-0.2800,0.0168,-0.0120,-0.0096,0
1024211,-6.9894,-6.5299,1.9388,0.4200,-0.1400,-0.1400,0.0144,-0.0048,-0.0048,0
1024250,-7.0038,-6.5418,1.9556,0.4200,-0.2100,-0.1400,0.0144,-0.0072,-0.0048,0
1024289,-6.9990,-6.5299,1.9317,0.9100,-0.4200,-0.0700,0.0311,-0.0144,-0.0024,0
1024328,-6.9870,-6.5322,1.9365,1.3300,-1.3300,0.4200,0.0455,-0.0455,0.0144,0
1024367,-7.0205,-6.5107,1.9843,1.0500,-1.2600,0.1400,0.0359,-0.0431,0.0048,0
1024406,-7.0469,-6.5035,2.0298,-0.3500,-0.2800,-0.6300,-0.0120,-0.0096,-0.0215,0
1024445,-6.9870,-6.5514,1.9341,-0.8400,0.2100,-0.4200,-0.0287,0.0072,-0.0144,0
1024484,-6.9966,-6.5418,1.9508,-0.0700,-0.4900,-0.4200,-0.0024,-0.0168,-0.0144,0
1024523,-7.0014,-6.5275,1.9508,-0.4200,-0.7000,0.0000,-0.0144,-0.0239,0.0000,0
1024562,-6.9727,-6.5299,1.9508,-1.4700,-0.5600,-0.3500,-0.0503,-0.0191,-0.0120,0
1024601,-6.9344,-6.5681,1.9365,-0.9100,0.1400,-0.7700,-0.0311,0.0048,-0.0263,0
1024640,-6.9751,-6.5897,1.9388,-0.4900,0.8400,-0.4900,-0.0168,0.0287,-0.0168,0
1024679,-6.9942,-6.5418,1.9245,-0.4900,0.9800,0.9100,-0.0168,0.0335,0.0311,0
1024718,-7.0253,-6.5107,1.9173,-0.5600,0.8400,0.2100,-0.0191,0.0287,0.0072,0
1024757,-7.0325,-6.5299,1.9221,-0.9100,0.2100,-0.4200,-0.0311,0.0072,-0.0144,0
1024796,-7.0086,-6.5681,1.9149,-0.7700,0.0700,-0.6300,-0.0263,0.0024,-0.0215,0
1024835,-6.9822,-6.5346,1.8958,-0.1400,0.2100,-0.3500,-0.0048,0.0072,-0.0120,0
1024874,-6.9918,-6.5586,1.8718,-0.9100,0.5600,-0.4200,-0.0311,0.0191,-0.0144,0
1024913,-6.9559,-6.5538,1.8575,-1.0500,-0.0700,0.0700,-0.0359,-0.0024,0.0024,0
1024952,-6.9799,-6.5514,1.8742,-0.2800,0.0700,-0.2100,-0.0096,0.0024,-0.0072,0
1024991,-6.9775,-6.5681,1.8599,-0.4200,0.4200,0.0000,-0.0144,0.0144,0.0000,0
1025030,-6.9918,-6.5586,1.8455,0.0000,0.3500,0.3500,0.0000,0.0120,0.0120,0
1025069,-7.0373,-6.5538,1.8718,0.6300,-0.4900,-0.0700,0.0215,-0.0168,-0.0024,0
1025108,-7.0182,-6.5658,1.8742,1.0500,-1.2600,0.0000,0.0359,-0.0431,0.0000,0
1025147,-6.9631,-6.5514,1.8503,0.9100,-1.4000,0.0700,0.0311,-0.0479,0.0024,0
1025186,-6.9822,-6.5514,1.8790,1.2600,-1.2600,-0.0700,0.0431,-0.0431,-0.0024,0
1025225,-6.9918,-6.5681,1.8982,0.9800,-0.5600,-0.1400,0.0335,-0.0191,-0.0048,0
1025264,-6.9751,-6.5538,1.8766,1.1900,-0.4900,0.0000,0.0407,-0.0168,0.0000,0
1025303,-6.9966,-6.5658,1.9029,1.0500,-0.6300,0.0700,0.0359,-0.0215,0.0024,0
1025342,-6.9966,-6.5490,1.9101,1.1200,-0.5600,0.2800,0.0383,-0.0191,0.0096,0
1025381,-6.9775,-6.5227,1.8862,1.0500,-0.2800,0.0000,0.0359,-0.0096,0.0000,0
1025420,-7.0062,-6.5658,1.9173,1.4000,-0.4900,-0.5600,0.0479,-0.0168,-0.0191,0
1025459,-6.9966,-6.5634,1.9317,0.5600,-0.4200,-0.3500,0.0191,-0.0144,-0.0120,0
1025498,-6.9751,-6.5514,1.9029,1.2600,-0.4900,0.4200,0.0431,-0.0168,0.0144,0
1025537,-7.0086,-6.5299,1.9293,0.9800,-0.4200,0.0000,0.0335,-0.0144,0.0000,0
1025576,-7.0038,-6.5322,1.9365,0.8400,-0.4200,-0.2100,0.0287,-0.0144,-0.0072,0
1025615,-6.9799,-6.5562,1.9053,0.3500,-0.2800,-0.4200,0.0120,-0.0096,-0.0144,0
1025654,-7.0014,-6.5538,1.9317,0.5600,-0.4200,-0.1400,0.0191,-0.0144,-0.0048,0
1025693,-7.0373,-6.5322,1.9628,0.7000,-0.4900,-0.5600,0.0239,-0.0168,-0.0191,0
1025732,-6.9751,-6.5418,1.9341,0.2800,-1.0500,0.0000,0.0096,-0.0359,0.0000,0
1025771,-6.9775,-6.5442,1.9460,0.7700,-0.4200,-0.4200,0.0263,-0.0144,-0.0144,0
1025810,-7.0038,-6.5538,1.9412,0.4900,0.2800,-0.8400,0.0168,0.0096,-0.0287,0
1025849,-6.9822,-6.5610,1.9197,0.9100,0.0700,-0.0700,0.0311,0.0024,-0.0024,0
1025888,-6.9775,-6.5299,1.9293,1.3300,-0.6300,0.0700,0.0455,-0.0215,0.0024,0
1025927,-6.9918,-6.5418,1.9412,1.1200,-0.7700,-0.4200,0.0383,-0.0263,-0.0144,0
1025966,-6.9942,-6.5418,1.9604,0.0700,-0.9800,-0.0700,0.0024,-0.0335,-0.0024,0
1026005,-6.9966,-6.5442,1.9724,0.1400,-0.5600,-0.2100,0.0048,-0.0191,-0.0072,0
1026044,-6.9751,-6.5634,1.9628,0.5600,0.1400,-0.1400,0.0191,0.0048,-0.0048,0
1026083,-6.9966,-6.5634,1.9460,0.9800,0.0700,0.1400,0.0335,0.0024,0.0048,0
1026122,-7.0205,-6.4987,1.9771,0.4900,0.0700,0.2800,0.0168,0.0024,0.0096,0
1026161,-7.0014,-6.5179,1.9293,0.8400,-0.2800,-0.2800,0.0287,-0.0096,-0.0096,0
1026200,-6.9655,-6.5490,1.9532,0.3500,-0.5600,-0.5600,0.0120,-0.0191,-0.0191,0
1026239,-6.9799,-6.5705,1.9412,0.6300,0.0700,0.0000,0.0215,0.0024,0.0000,0
1026278,-7.0110,-6.5370,1.9652,0.7000,-0.4900,0.4900,0.0239,-0.0168,0.0168,0
1026317,-7.0110,-6.5155,1.9652,0.8400,-0.9800,0.2800,0.0287,-0.0335,0.0096,0
1026356,-6.9679,-6.5179,1.9508,1.4000,-1.4700,-0.1400,0.0479,-0.0503,-0.0048,0
1026395,-6.9894,-6.5418,1.9628,1.3300,-1.6100,-0.5600,0.0455,-0.0551,-0.0191,0
1026434,-7.0110,-6.5251,2.0250,1.8900,-1.7500,-0.2800,0.0646,-0.0598,-0.0096,0
1026473,-7.0205,-6.5299,2.0513,0.0000,-0.7000,-0.4200,0.0000,-0.0239,-0.0144,0
1026512,-6.9799,-6.5442,2.0131,-1.1900,0.1400,-0.3500,-0.0407,0.0048,-0.0120,0
1026551,-6.9535,-6.5610,1.9748,-0.7700,0.2800,-0.2800,-0.0263,0.0096,-0.0096,0
1026590,-6.9846,-6.5514,1.9819,-0.4200,0.5600,-0.3500,-0.0144,0.0191,-0.0120,0
1026629,-6.9918,-6.5538,1.9628,-1.8200,0.7700,-0.2100,-0.0622,0.0263,-0.0072,0
1026668,-6.9655,-6.5705,1.9436,-1.4000,0.4900,0.0000,-0.0479,0.0168,0.0000,0
1026707,-6.9799,-6.5490,1.9484,-0.4900,0.2100,-0.0700,-0.0168,0.0072,-0.0024,0
1026746,-7.0014,-6.5322,1.9604,-0.2100,0.4200,-0.1400,-0.0072,0.0144,-0.0048,0
1026785,-6.9775,-6.5466,1.9197,-0.8400,0.9100,0.0000,-0.0287,0.0311,0.0000,0
1026824,-6.9870,-6.5466,1.8958,-1.0500,0.5600,-0.0700,-0.0359,0.0191,-0.0024,0
1026863,-7.0134,-6.5586,1.9221,-0.9100,-0.2800,-0.3500,-0.0311,-0.0096,-0.0120,0
1026902,-7.0110,-6.5658,1.9221,-0.8400,-0.4900,-0.2100,-0.0287,-0.0168,-0.0072,0
1026941,-6.9799,-6.5466,1.9029,-1.2600,-0.4900,-0.0700,-0.0431,-0.0168,-0.0024,0
1026980,-6.9631,-6.5681,1.8766,-0.4200,-0.0700,-0.2800,-0.0144,-0.0024,-0.0096,0
1027019,-6.9894,-6.5562,1.8862,-0.7700,0.1400,-0.2100,-0.0263,0.0048,-0.0072,0
1027058,-6.9894,-6.5729,1.8958,-1.0500,0.2100,-0.2100,-0.0359,0.0072,-0.0072,0
1027097,-6.9942,-6.5921,1.8814,-1.0500,0.6300,-0.4200,-0.0359,0.0215,-0.0144,0
1027136,-6.9822,-6.5801,1.8527,-0.2800,0.5600,0.1400,-0.0096,0.0191,0.0048,0
1027175,-7.0038,-6.5538,1.8383,-0.3500,0.4200,0.0000,-0.0120,0.0144,0.0000,0
1027214,-6.9918,-6.5801,1.8383,0.3500,0.0700,-0.3500,0.0120,0.0024,-0.0120,0
1027253,-7.0158,-6.5753,1.8599,0.2100,0.3500,-0.3500,0.0072,0.0120,-0.0120,0
1027292,-7.0277,-6.5562,1.8623,-0.0700,0.1400,-0.1400,-0.0024,0.0048,-0.0048,0
1027331,-6.9440,-6.5969,1.8048,1.1200,-0.1400,-0.2800,0.0383,-0.0048,-0.0096,0
1027370,-6.9152,-6.5753,1.8024,1.1900,0.3500,0.2100,0.0407,0.0120,0.0072,0
1027409,-7.0636,-6.5538,1.8599,1.4700,0.5600,0.0000,0.0503,0.0191,0.0000,0
1027448,-7.0565,-6.5203,1.8862,0.2800,-0.4900,-0.0700,0.0096,-0.0168,-0.0024,0
1027487,-6.9894,-6.5681,1.8479,0.5600,-0.8400,-0.7700,0.0191,-0.0287,-0.0263,0
1027526,-6.9631,-6.5921,1.8551,1.0500,-0.4900,-0.5600,0.0359,-0.0168,-0.0191,0
1027565,-6.9846,-6.5658,1.8623,1.2600,0.1400,0.0000,0.0431,0.0048,0.0000,0
1027604,-6.9751,-6.5490,1.8263,0.8400,-0.2100,0.2800,0.0287,-0.0072,0.0096,0
1027643,-6.9775,-6.5777,1.8479,0.8400,-0.5600,-0.5600,0.0287,-0.0191,-0.0191,0
1027682,-6.9918,-6.5849,1.8838,0.8400,-0.7000,-0.1400,0.0287,-0.0239,-0.0048,0
1027721,-7.0158,-6.5634,1.8958,0.8400,-0.2100,0.1400,0.0287,-0.0072,0.0048,0
1027760,-6.9727,-6.5442,1.8479,0.7700,-0.2800,0.1400,0.0263,-0.0096,0.0048,0
1027799,-7.0373,-6.5729,1.9053,0.5600,0.2800,-0.6300,0.0191,0.0096,-0.0215,0
1027838,-7.0780,-6.5658,1.9508,0.2100,0.0000,-0.8400,0.0072,0.0000,-0.0287,0
1027877,-6.9559,-6.5849,1.8934,1.8900,0.4900,-0.4200,0.0646,0.0168,-0.0144,0
1027916,-6.9368,-6.5346,1.8240,3.3600,1.2600,-0.1400,0.1149,0.0431,-0.0048,0
1027955,-6.9487,-6.5251,1.8096,2.2400,1.2600,-1.6800,0.0766,0.0431,-0.0574,0
1027994,-6.9751,-6.5921,1.8551,2.8700,0.2100,-1.1900,0.0981,0.0072,-0.0407,0
1028033,-6.9727,-6.6064,1.9029,1.0500,-0.7000,-0.4900,0.0359,-0.0239,-0.0168,0
1028072,-6.9440,-6.5634,1.8718,0.4200,-1.0500,0.9100,0.0144,-0.0359,0.0311,0
1028111,-7.0038,-6.4820,1.9006,0.9100,-0.8400,0.0000,0.0311,-0.0287,0.0000,0
1028150,-7.0469,-6.5993,1.9867,1.3300,-1.1900,-1.0500,0.0455,-0.0407,-0.0359,0
1028189,-7.0134,-6.5993,1.9580,0.3500,-0.6300,-0.2800,0.0120,-0.0215,-0.0096,0
1028228,-6.9463,-6.5562,1.8934,0.8400,0.5600,-1.2600,0.0287,0.0191,-0.0431,0
1028267,-6.8937,-6.5634,1.8862,1.9600,0.4900,-0.8400,0.0670,0.0168,-0.0287,0
1028306,-6.9846,-6.5610,1.8790,1.8200,1.2600,-0.9100,0.0622,0.0431,-0.0311,0
1028345,-7.0086,-6.6112,1.9460,-0.5600,-1.1200,-0.6300,-0.0191,-0.0383,-0.0215,0
1028384,-6.9344,-6.6495,1.9508,1.4700,-1.4000,1.1200,0.0503,-0.0479,0.0383,0
1028423,-6.9224,-6.4868,1.9556,2.9400,1.6100,0.2800,0.1005,0.0551,0.0096,0
1028462,-7.0038,-6.5777,1.8670,0.2800,1.4000,-0.2100,0.0096,0.0479,-0.0072,0
1028501,-6.9511,-6.5777,1.8503,-0.6300,-0.9800,-0.5600,-0.0215,-0.0335,-0.0191,0
1028540,-6.9416,-6.6136,1.9245,-0.7000,-1.6800,-0.5600,-0.0239,-0.0574,-0.0191,0
1028579,-7.0205,-6.5705,1.9843,0.2100,-1.1900,0.0000,0.0072,-0.0407,0.0000,0
1028618,-6.9583,-6.5634,1.9197,0.7000,-0.5600,0.6300,0.0239,-0.0191,0.0215,0
1028657,-6.8889,-6.5610,1.8503,-0.4900,-0.1400,0.6300,-0.0168,-0.0048,0.0215,0
1028696,-6.9607,-6.5586,1.9029,-0.4200,-0.8400,0.2800,-0.0144,-0.0287,0.0096,0
1028735,-7.0086,-6.5514,1.9724,0.0700,-1.1200,0.0700,0.0024,-0.0383,0.0024,0
1028774,-7.0325,-6.5753,1.9676,0.6300,-0.4200,-0.3500,0.0215,-0.0144,-0.0120,0
1028813,-6.9918,-6.5801,1.9388,1.1200,-0.9100,0.0000,0.0383,-0.0311,0.0000,0
1028852,-6.9033,-6.5610,1.8982,0.4900,-0.0700,-0.2100,0.0168,-0.0024,-0.0072,0
1028891,-6.9846,-6.5466,1.9317,-0.1400,-0.4200,-0.0700,-0.0048,-0.0144,-0.0024,0
1028930,-6.9822,-6.5634,1.9556,-1.1200,-0.0700,-0.2100,-0.0383,-0.0024,-0.0072,0
1028969,-7.0014,-6.5586,1.9532,-0.2800,0.2800,-0.0700,-0.0096,0.0096,-0.0024,0
1029008,-6.9822,-6.5753,1.9245,-0.4200,0.3500,-0.4900,-0.0144,0.0120,-0.0168,0
1029047,-6.9631,-6.5873,1.9006,-0.7700,0.8400,-0.6300,-0.0263,0.0287,-0.0215,0
1029086,-6.9487,-6.5777,1.8670,-1.9600,0.7700,-0.2100,-0.0670,0.0263,-0.0072,0
1029125,-6.9511,-6.5777,1.8575,-1.1900,0.0000,0.1400,-0.0407,0.0000,0.0048,0
1029164,-6.9799,-6.5634,1.8623,-0.7000,-0.3500,0.0700,-0.0239,-0.0120,0.0024,0
1029203,-6.9679,-6.5825,1.8886,-1.0500,-0.5600,0.0000,-0.0359,-0.0191,0.0000,0
1029242,-6.9607,-6.6064,1.8623,-1.3300,0.0700,-0.2100,-0.0455,0.0024,-0.0072,0
1029281,-6.9918,-6.5801,1.8335,-1.8200,-0.4900,0.1400,-0.0622,-0.0168,0.0048,0
1029320,-6.9942,-6.5873,1.8694,-0.2800,-0.7000,0.0000,-0.0096,-0.0239,0.0000,0
1029359,-6.9846,-6.5801,1.8766,-0.7000,0.2100,-0.2800,-0.0239,0.0072,-0.0096,0
1029398,-6.9703,-6.5945,1.8335,-0.8400,1.1200,-0.6300,-0.0287,0.0383,-0.0215,0
1029437,-6.9535,-6.6064,1.8024,-0.4200,0.9100,-0.4900,-0.0144,0.0311,-0.0168,0
1029476,-6.9655,-6.6017,1.7809,0.2100,0.7700,0.0700,0.0072,0.0263,0.0024,0
1029515,-6.9799,-6.5777,1.7809,-0.5600,0.2800,-0.3500,-0.0191,0.0096,-0.0120,0
1029554,-6.9583,-6.6088,1.7713,0.5600,-0.6300,-0.4200,0.0191,-0.0215,-0.0144,0
1029593,-6.9775,-6.6256,1.7809,0.3500,-0.9800,0.0000,0.0120,-0.0335,0.0000,0
1029632,-6.9583,-6.5921,1.8072,-0.0700,-1.7500,0.4200,-0.0024,-0.0598,0.0144,0
1029671,-6.9583,-6.6112,1.8311,0.7700,-1.4700,0.0000,0.0263,-0.0503,0.0000,0
1029710,-6.9822,-6.6041,1.8287,1.3300,-1.1200,0.4900,0.0455,-0.0383,0.0168,0
1029749,-6.9894,-6.5801,1.8575,2.3800,-0.9800,0.2100,0.0814,-0.0335,0.0072,0
1029788,-6.9799,-6.5945,1.8503,1.2600,-0.4200,0.2100,0.0431,-0.0144,0.0072,0
1029827,-6.9463,-6.5945,1.8048,1.1200,-0.3500,0.7700,0.0383,-0.0120,0.0263,0
1029866,-6.9990,-6.5538,1.8623,1.6100,-0.6300,0.0700,0.0551,-0.0215,0.0024,0
1029905,-7.0301,-6.5658,1.9029,1.1200,-0.9100,-0.2100,0.0383,-0.0311,-0.0072,0
1029944,-6.9727,-6.5849,1.8790,0.1400,-0.2800,-0.3500,0.0048,-0.0096,-0.0120,0
1029983,-6.9751,-6.5634,1.8503,0.7700,-0.2100,0.1400,0.0263,-0.0072,0.0048,0
1030022,-6.9942,-6.5586,1.8862,0.9100,-0.6300,-0.5600,0.0311,-0.0215,-0.0191,0
1030061,-6.9966,-6.5801,1.8910,2.0300,-0.5600,-0.5600,0.0694,-0.0191,-0.0191,0
1030100,-6.9535,-6.5729,1.8814,1.6100,-0.0700,-0.4900,0.0551,-0.0024,-0.0168,0
1030139,-6.9200,-6.6017,1.8503,2.2400,0.4900,-0.1400,0.0766,0.0168,-0.0048,0
1030178,-6.9727,-6.5562,1.8670,-0.1400,0.2100,0.1400,-0.0048,0.0072,0.0048,0
1030217,-6.9990,-6.5634,1.8934,-0.4200,-0.7700,0.0700,-0.0144,-0.0263,0.0024,0
1030256,-6.9727,-6.5634,1.8862,-0.2100,-1.0500,0.2800,-0.0072,-0.0359,0.0096,0
1030295,-6.9822,-6.5562,1.9077,1.0500,-0.7700,-0.2800,0.0359,-0.0263,-0.0096,0
1030334,-6.9894,-6.5490,1.9077,1.2600,-0.4900,-0.2800,0.0431,-0.0168,-0.0096,0
1030373,-6.9870,-6.5729,1.8982,0.9100,-0.2800,-0.6300,0.0311,-0.0096,-0.0215,0
1030412,-6.9703,-6.5921,1.9125,0.8400,-0.1400,-0.7000,0.0287,-0.0048,-0.0239,0
1030451,-6.9176,-6.6064,1.8503,0.6300,0.3500,-0.2100,0.0215,0.0120,-0.0072,0
1030490,-6.9200,-6.5610,1.8431,0.8400,0.0700,0.2100,0.0287,0.0024,0.0072,0
1030529,-6.9990,-6.5538,1.9006,1.0500,-0.4200,0.2100,0.0359,-0.0144,0.0072,0
1030568,-7.0134,-6.5490,1.9269,0.0700,-0.6300,0.1400,0.0024,-0.0215,0.0048,0
1030607,-6.9799,-6.5753,1.9173,0.6300,-0.3500,-0.3500,0.0215,-0.0120,-0.0120,0
1030646,-6.9751,-6.5658,1.9029,0.0700,-0.4200,0.0000,0.0024,-0.0144,0.0000,0
1030685,-6.9703,-6.5753,1.9053,0.8400,-0.3500,-0.1400,0.0287,-0.0120,-0.0048,0
1030724,-6.9894,-6.5322,1.9125,0.6300,-0.0700,-0.0700,0.0215,-0.0024,-0.0024,0
1030763,-6.9559,-6.5729,1.8838,0.7000,-0.3500,-0.4900,0.0239,-0.0120,-0.0168,0
1030802,-6.9535,-6.5777,1.8862,0.7000,-0.2100,-0.0700,0.0239,-0.0072,-0.0024,0
1030841,-7.0158,-6.5490,1.9149,0.0700,0.1400,-0.1400,0.0024,0.0048,-0.0048,0
1030880,-7.0182,-6.5705,1.9101,-0.0700,-0.4200,-0.4200,-0.0024,-0.0144,-0.0144,0
1030919,-6.9703,-6.5777,1.8982,0.5600,-1.3300,-0.4200,0.0191,-0.0455,-0.0144,0
1030958,-6.8769,-6.5705,1.8575,2.1000,-1.1900,0.5600,0.0718,-0.0407,0.0191,0
1030997,-6.9799,-6.5418,1.9149,0.8400,-0.2800,0.1400,0.0287,-0.0096,0.0048,0
1031036,-7.0397,-6.5801,1.9508,-1.3300,0.4900,-0.5600,-0.0455,0.0168,-0.0191,0
1031075,-6.9583,-6.5658,1.8886,-0.2100,-0.0700,0.6300,-0.0072,-0.0024,0.0215,0
1031114,-6.9559,-6.5418,1.8886,0.7000,-0.1400,0.2800,0.0239,-0.0048,0.0096,0
1031153,-7.0397,-6.5322,1.9173,0.0000,-0.0700,-0.1400,0.0000,-0.0024,-0.0048,0
1031192,-7.0134,-6.5562,1.9077,-0.9800,-0.4200,-0.3500,-0.0335,-0.0144,-0.0120,0
1031231,-6.9511,-6.5969,1.8694,-0.7000,0.0700,-0.7000,-0.0239,0.0024,-0.0239,0
1031270,-6.9440,-6.5945,1.8479,-0.7000,0.2800,-0.1400,-0.0239,0.0096,-0.0048,0
1031309,-6.9822,-6.5370,1.8766,-0.5600,-0.2100,0.4200,-0.0191,-0.0072,0.0144,0
1031348,-7.0086,-6.5562,1.9101,-0.7700,0.3500,-0.4900,-0.0263,0.0120,-0.0168,0
1031387,-6.9799,-6.5897,1.8551,-1.4000,1.1900,-0.2100,-0.0479,0.0407,-0.0072,0
1031426,-6.9918,-6.5873,1.8240,-0.9800,1.1900,-0.2800,-0.0335,0.0407,-0.0096,0
1031465,-7.0182,-6.5897,1.8335,-1.1200,0.4900,-0.3500,-0.0383,0.0168,-0.0120,0
1031504,-6.9751,-6.5705,1.8000,-0.6300,-0.6300,-0.2100,-0.0215,-0.0215,-0.0072,0
1031543,-6.9631,-6.6017,1.7857,-0.4900,0.2800,-0.3500,-0.0168,0.0096,-0.0120,0
1031582,-6.9894,-6.5849,1.8000,-0.9100,0.0000,0.0000,-0.0311,0.0000,0.0000,0
1031621,-7.0014,-6.5873,1.8287,-0.9100,-0.2100,-0.2800,-0.0311,-0.0072,-0.0096,0
1031660,-6.9822,-6.6280,1.8024,1.1200,0.2100,-0.2100,0.0383,0.0072,-0.0072,0
1031699,-6.9607,-6.6088,1.7665,0.7700,0.4900,0.2800,0.0263,0.0168,0.0096,0
1031738,-6.9511,-6.5538,1.7450,0.7700,0.0700,0.4200,0.0263,0.0024,0.0144,0
1031777,-6.9799,-6.5586,1.7641,0.1400,-1.0500,0.1400,0.0048,-0.0359,0.0048,0
1031816,-7.0205,-6.6112,1.8000,0.6300,-2.3800,-0.1400,0.0215,-0.0814,-0.0048,0
1031855,-6.9727,-6.5849,1.8359,0.6300,-3.0800,0.0700,0.0215,-0.1053,0.0024,0
1031894,-7.0062,-6.6064,1.8862,1.8900,-1.8900,0.0000,0.0646,-0.0646,0.0000,0
1031933,-7.0038,-6.5849,1.8575,1.6100,-1.6800,0.1400,0.0551,-0.0574,0.0048,0
1031972,-6.9631,-6.5705,1.8551,1.9600,-1.4000,0.0000,0.0670,-0.0479,0.0000,0
1032011,-6.9751,-6.5705,1.8910,1.4700,-0.9800,-0.4200,0.0503,-0.0335,-0.0144,0
1032050,-6.9607,-6.5753,1.8958,1.5400,-0.5600,-0.4200,0.0527,-0.0191,-0.0144,0
1032089,-7.0086,-6.5969,1.9269,1.8900,0.3500,-0.4200,0.0646,0.0120,-0.0144,0
1032128,-6.9990,-6.5681,1.8982,1.7500,0.5600,0.1400,0.0598,0.0191,0.0048,0
1032167,-6.9942,-6.5705,1.8670,0.8400,-0.2100,-0.2800,0.0287,-0.0072,-0.0096,0
1032206,-6.9487,-6.5801,1.8551,0.7000,-1.1900,0.0000,0.0239,-0.0407,0.0000,0
1032245,-6.9057,-6.5442,1.8527,1.6800,-2.0300,0.2800,0.0574,-0.0694,0.0096,0
1032284,-6.9799,-6.5849,1.9508,0.7700,-1.3300,-0.7000,0.0263,-0.0455,-0.0239,0
1032323,-7.0110,-6.5681,1.9771,0.3500,0.0700,-0.0700,0.0120,0.0024,-0.0024,0
1032362,-6.9846,-6.5562,1.9149,1.2600,0.4900,0.2100,0.0431,0.0168,0.0072,0
1032401,-6.9727,-6.5849,1.9006,1.0500,-0.5600,-0.1400,0.0359,-0.0191,-0.0048,0
1032440,-6.9559,-6.5179,1.8958,0.0000,-0.8400,0.6300,0.0000,-0.0287,0.0215,0
1032479,-6.9535,-6.5729,1.9317,0.8400,-1.0500,0.0700,0.0287,-0.0359,0.0024,0
1032518,-7.0158,-6.5777,1.9508,0.2800,-0.2100,-0.4900,0.0096,-0.0072,-0.0168,0
1032557,-6.9990,-6.5634,1.9484,0.5600,-0.6300,-0.4900,0.0191,-0.0215,-0.0168,0
1032596,-6.9822,-6.5658,1.9412,1.2600,-0.6300,-0.1400,0.0431,-0.0215,-0.0048,0
1032635,-7.0014,-6.5346,1.9532,-0.1400,-0.3500,0.3500,-0.0048,-0.0120,0.0120,0
1032674,-6.9463,-6.5370,1.9317,0.1400,-0.2800,-0.0700,0.0048,-0.0096,-0.0024,0
1032713,-7.0205,-6.5729,1.9532,1.6800,0.1400,-0.7700,0.0574,0.0048,-0.0263,0
1032752,-6.9775,-6.5634,1.9484,0.3500,-0.1400,-0.3500,0.0120,-0.0048,-0.0120,0
1032791,-6.9487,-6.5753,1.8982,0.4900,0.0700,-0.2800,0.0168,0.0024,-0.0096,0
1032830,-6.9655,-6.5586,1.9197,0.8400,-0.8400,0.2800,0.0287,-0.0287,0.0096,0
1032869,-6.9727,-6.5562,1.9484,1.8900,-0.4200,-0.3500,0.0646,-0.0144,-0.0120,0
1032908,-6.9822,-6.5490,1.9724,1.0500,-0.2800,-0.4900,0.0359,-0.0096,-0.0168,0
1032947,-6.9583,-6.5490,1.9365,0.0000,-0.2100,0.2100,0.0000,-0.0072,0.0072,0
1032986,-6.9870,-6.5681,1.9365,0.0000,-0.3500,-0.0700,0.0000,-0.0120,-0.0024,0
1033025,-6.9631,-6.5586,1.9484,0.0700,-1.1900,0.2800,0.0024,-0.0407,0.0096,0
1033064,-6.9463,-6.5681,1.9197,1.8200,-1.3300,0.2800,0.0622,-0.0455,0.0096,0
1033103,-6.9727,-6.5490,1.9676,2.3100,-1.3300,-0.3500,0.0790,-0.0455,-0.0120,0
1033142,-7.0038,-6.5610,1.9939,0.6300,-1.9600,-0.9100,0.0215,-0.0670,-0.0311,0
1033181,-6.9727,-6.5610,2.0298,-0.0700,-1.7500,-0.2800,-0.0024,-0.0598,-0.0096,0
1033220,-6.9248,-6.5658,1.9867,-0.4900,-0.0700,-0.2800,-0.0168,-0.0024,-0.0096,0
1033259,-6.9320,-6.5849,1.9532,0.0700,0.4200,0.2100,0.0024,0.0144,0.0072,0
1033298,-6.9799,-6.5610,1.9700,-0.1400,-0.1400,0.2100,-0.0048,-0.0048,0.0072,0
1033337,-6.9607,-6.5466,1.9676,-0.4900,-0.4200,0.4900,-0.0168,-0.0144,0.0168,0
1033376,-6.9631,-6.5514,1.9628,-0.7000,0.0000,-0.0700,-0.0239,0.0000,-0.0024,0
1033415,-6.9751,-6.5681,1.9748,0.2100,0.4900,-0.2800,0.0072,0.0168,-0.0096,0
1033454,-7.0349,-6.5466,1.9676,-1.8200,0.7700,-0.0700,-0.0622,0.0263,-0.0024,0
1033493,-6.9727,-6.5658,1.9460,-1.4000,-0.0700,0.1400,-0.0479,-0.0024,0.0048,0
1033532,-6.9751,-6.5251,1.9484,0.2800,-0.2800,0.1400,0.0096,-0.0096,0.0048,0
1033571,-6.9655,-6.5634,1.9412,-0.2100,0.4900,-0.7700,-0.0072,0.0168,-0.0263,0
1033610,-6.9440,-6.6160,1.8934,-0.9100,1.1900,-0.4900,-0.0311,0.0407,-0.0168,0
1033649,-6.9655,-6.5753,1.8670,-1.5400,0.9800,0.4200,-0.0527,0.0335,0.0144,0
1033688,-6.9655,-6.5681,1.8575,-0.6300,-0.2100,0.2100,-0.0215,-0.0072,0.0072,0
1033727,-6.9942,-6.5442,1.8934,-0.8400,-1.1900,0.0700,-0.0287,-0.0407,0.0024,0
1033766,-6.9775,-6.5753,1.9006,-0.3500,-1.1200,-0.1400,-0.0120,-0.0383,-0.0048,0
1033805,-6.9511,-6.5849,1.8910,0.0000,-0.6300,0.0700,0.0000,-0.0215,0.0024,0
1033844,-6.9894,-6.5825,1.9006,1.1900,-0.2800,0.0700,0.0407,-0.0096,0.0024,0
1033883,-7.0038,-6.5610,1.9101,1.1900,-0.4900,0.1400,0.0407,-0.0168,0.0048,0
1033922,-6.9727,-6.5538,1.8886,0.9800,-0.8400,0.0700,0.0335,-0.0287,0.0024,0
1033961,-6.9559,-6.5681,1.8814,1.2600,-1.0500,-0.0700,0.0431,-0.0359,-0.0024,0
1034000,-6.9846,-6.5610,1.9125,1.5400,-1.4700,-0.2800,0.0527,-0.0503,-0.0096,0
1034039,-6.9918,-6.5562,1.9700,2.5200,-1.4000,-0.5600,0.0862,-0.0479,-0.0191,0
1034078,-6.9679,-6.5681,1.9580,1.8900,-1.4000,-0.4900,0.0646,-0.0479,-0.0168,0
1034117,-6.9463,-6.5562,1.9388,2.4500,-1.1200,0.0700,0.0838,-0.0383,0.0024,0
1034156,-6.9775,-6.5562,1.9963,1.8900,-0.9800,-0.2100,0.0646,-0.0335,-0.0072,0
1034195,-6.9631,-6.5562,2.0011,1.0500,-0.4200,-0.4200,0.0359,-0.0144,-0.0144,0
1034234,-6.9248,-6.5873,1.9460,0.9800,0.1400,-0.2100,0.0335,0.0048,-0.0072,0
1034273,-6.9559,-6.5586,1.9628,0.4900,0.0000,0.2800,0.0168,0.0000,0.0096,0
1034312,-6.9894,-6.5394,1.9604,0.2800,-0.5600,0.4900,0.0096,-0.0191,0.0168,0
1034351,-6.9607,-6.5275,1.9748,-0.0700,-1.1200,0.1400,-0.0024,-0.0383,0.0048,0
1034390,-6.9703,-6.5586,2.0131,1.8900,-0.8400,-1.1200,0.0646,-0.0287,-0.0383,0
1034429,-6.9822,-6.5466,2.0178,0.9800,-1.0500,-0.2800,0.0335,-0.0359,-0.0096,0
1034468,-6.9511,-6.5418,2.0035,1.3300,-0.9100,-0.2100,0.0455,-0.0311,-0.0072,0
1034507,-6.9775,-6.5610,2.0274,1.0500,-0.3500,-0.9100,0.0359,-0.0120,-0.0311,0
1034546,-6.9559,-6.5681,2.0226,0.5600,0.4200,-0.4200,0.0191,0.0144,-0.0144,0
1034585,-6.9535,-6.5801,1.9891,1.1900,0.9800,0.6300,0.0407,0.0335,0.0215,0
1034624,-6.9655,-6.5418,1.9700,0.5600,0.2100,0.0700,0.0191,0.0072,0.0024,0
1034663,-7.0134,-6.5370,2.0107,0.3500,-0.4200,-0.4900,0.0120,-0.0144,-0.0168,0
1034702,-7.0086,-6.5586,2.0346,-0.3500,-0.7700,-0.4900,-0.0120,-0.0263,-0.0168,0
1034741,-6.9463,-6.5562,1.9843,0.2100,-0.7700,0.2100,0.0072,-0.0263,0.0072,0
1034780,-6.9487,-6.5466,2.0154,1.1200,-0.2800,-0.4900,0.0383,-0.0096,-0.0168,0
1034819,-6.9655,-6.5681,2.0322,1.1900,0.4200,-0.9100,0.0407,0.0144,-0.0311,0
1034858,-6.9559,-6.5705,1.9891,1.0500,1.6100,-0.3500,0.0359,0.0551,-0.0120,0
1034897,-6.9128,-6.5681,1.9077,0.7000,1.4000,0.2800,0.0239,0.0479,0.0096,0
1034936,-6.9559,-6.5562,1.9269,0.7700,0.2800,0.2800,0.0263,0.0096,0.0096,0
1034975,-6.9870,-6.5346,1.9867,0.8400,-1.0500,0.2800,0.0287,-0.0359,0.0096,0
1035014,-7.0062,-6.5346,2.0226,0.0000,-1.4700,0.0700,0.0000,-0.0503,0.0024,0
1035053,-6.9703,-6.5514,1.9987,-0.1400,-1.8900,-0.1400,-0.0048,-0.0646,-0.0048,0
1035092,-6.9751,-6.5514,2.0178,0.6300,-1.8900,-0.4200,0.0215,-0.0646,-0.0144,0
1035131,-6.9679,-6.5562,2.0657,1.5400,-1.1900,-0.7700,0.0527,-0.0407,-0.0263,0
1035170,-6.9846,-6.5562,2.0585,0.4200,-0.9800,-0.2800,0.0144,-0.0335,-0.0096,0
1035209,-6.9535,-6.5562,2.0274,0.2100,-0.4900,-0.2100,0.0072,-0.0168,-0.0072,0
1035248,-6.9511,-6.5586,2.0250,0.4900,0.0700,-0.4200,0.0168,0.0024,-0.0144,0
1035287,-6.9535,-6.5538,2.0226,0.4900,0.5600,-0.2800,0.0168,0.0191,-0.0096,0
1035326,-6.9583,-6.5538,2.0107,0.8400,0.6300,-0.1400,0.0287,0.0215,-0.0048,0
1035365,-6.9463,-6.5586,1.9915,0.5600,0.4200,-0.1400,0.0191,0.0144,-0.0048,0
1035404,-6.9392,-6.5562,1.9867,0.9100,-0.3500,0.2800,0.0311,-0.0120,0.0096,0
1035443,-6.9463,-6.5418,1.9963,1.5400,-0.6300,-0.1400,0.0527,-0.0215,-0.0048,0
1035482,-6.9440,-6.5442,2.0059,1.9600,-1.1900,0.5600,0.0670,-0.0407,0.0191,0
1035521,-6.9679,-6.5227,2.0513,0.4900,-1.4700,0.4200,0.0168,-0.0503,0.0144,0
1035560,-6.9727,-6.5442,2.0705,0.2100,-1.0500,-0.1400,0.0072,-0.0359,-0.0048,0
1035599,-6.9751,-6.5418,2.0609,0.0000,-0.7000,0.0700,0.0000,-0.0239,0.0024,0
1035638,-6.9583,-6.5418,2.0633,-0.5600,-0.4900,-0.0700,-0.0191,-0.0168,-0.0024,0
1035677,-6.9583,-6.5586,2.0322,-0.4900,0.1400,-0.1400,-0.0168,0.0048,-0.0048,0
1035716,-6.9631,-6.5394,2.0274,-0.9800,-0.2100,-0.0700,-0.0335,-0.0072,-0.0024,0
1035755,-6.9535,-6.5370,2.0442,0.2100,0.1400,-0.6300,0.0072,0.0048,-0.0215,0
1035794,-6.9751,-6.5490,2.0394,-0.7700,0.1400,-0.0700,-0.0263,0.0048,-0.0024,0
1035833,-6.9631,-6.5466,2.0298,-0.9100,0.3500,-0.0700,-0.0311,0.0120,-0.0024,0
1035872,-6.9655,-6.5562,2.0154,-0.7700,0.5600,-0.2800,-0.0263,0.0191,-0.0096,0
1035911,-6.9751,-6.5610,2.0035,-0.7700,0.2800,-0.3500,-0.0263,0.0096,-0.0120,0
1035950,-6.9583,-6.5490,1.9915,-1.3300,-0.0700,-0.2800,-0.0455,-0.0024,-0.0096,0
1035989,-6.9775,-6.5634,1.9939,-1.6100,0.6300,-0.7700,-0.0551,0.0215,-0.0263,0
1036028,-6.9559,-6.5634,1.9652,-0.9800,0.7000,0.0000,-0.0335,0.0239,0.0000,0
1036067,-6.9440,-6.5562,1.9508,-0.7700,0.5600,-0.4200,-0.0263,0.0191,-0.0144,0
1036106,-6.9487,-6.5825,1.9365,-0.7000,0.7000,-0.4900,-0.0239,0.0239,-0.0168,0
1036145,-6.9272,-6.5825,1.8958,-1.1200,0.5600,-0.0700,-0.0383,0.0191,-0.0024,0
1036184,-6.9679,-6.5801,1.9149,-0.4900,0.0700,-0.1400,-0.0168,0.0024,-0.0048,0
1036223,-6.9846,-6.5681,1.9245,-0.4900,-0.4200,-0.2100,-0.0168,-0.0144,-0.0072,0
1036262,-6.9272,-6.5897,1.9053,0.1400,-0.7700,-0.1400,0.0048,-0.0263,-0.0048,0
1036301,-6.9559,-6.5705,1.9245,0.7000,-0.9800,-0.1400,0.0239,-0.0335,-0.0048,0
1036340,-6.9583,-6.5753,1.9269,0.8400,-0.8400,-0.0700,0.0287,-0.0287,-0.0024,0
1036379,-6.9583,-6.5777,1.9365,0.9100,-0.7000,0.0000,0.0311,-0.0239,0.0000,0
1036418,-6.9607,-6.5729,1.9412,0.9100,-0.7000,-0.0700,0.0311,-0.0239,-0.0024,0
1036457,-6.9511,-6.5753,1.9317,1.1900,-0.9800,0.0700,0.0407,-0.0335,0.0024,0
1036496,-6.9559,-6.5729,1.9676,1.2600,-0.7700,0.1400,0.0431,-0.0263,0.0048,0
1036535,-6.9607,-6.5658,1.9556,1.1200,-0.3500,0.2100,0.0383,-0.0120,0.0072,0
1036574,-6.9631,-6.5586,1.9508,0.8400,-0.7000,0.2800,0.0287,-0.0239,0.0096,0
1036613,-6.9775,-6.5729,1.9724,0.7000,-0.7700,-0.1400,0.0239,-0.0263,-0.0048,0
1036652,-6.9846,-6.5586,1.9819,0.8400,-0.4200,0.0000,0.0287,-0.0144,0.0000,0
1036691,-6.9583,-6.5275,1.9771,1.6100,-0.8400,0.2100,0.0551,-0.0287,0.0072,0
1036730,-6.9703,-6.5394,1.9963,1.8900,-0.7000,-0.5600,0.0646,-0.0239,-0.0191,0
1036769,-6.9655,-6.5562,1.9843,1.4700,-0.5600,-0.3500,0.0503,-0.0191,-0.0120,0
1036808,-6.9392,-6.5729,1.9580,0.5600,-0.5600,-0.2100,0.0191,-0.0191,-0.0072,0
1036847,-6.9511,-6.5658,1.9867,0.5600,-1.1900,0.0000,0.0191,-0.0407,0.0000,0
1036886,-6.9559,-6.5562,1.9891,1.6100,-1.1900,-0.0700,0.0551,-0.0407,-0.0024,0
1036925,-6.9703,-6.5490,2.0370,0.8400,-0.8400,-0.2100,0.0287,-0.0287,-0.0072,0
1036964,-6.9679,-6.5466,2.0394,1.0500,-0.6300,-0.2800,0.0359,-0.0215,-0.0096,0
1037003,-6.9559,-6.5562,2.0250,0.7000,-0.6300,-0.3500,0.0239,-0.0215,-0.0120,0
1037042,-6.9559,-6.5658,2.0250,0.4900,-0.4200,-0.2800,0.0168,-0.0144,-0.0096,0
1037081,-6.9463,-6.5586,2.0274,0.4200,-0.0700,-0.0700,0.0144,-0.0024,-0.0024,0
1037120,-6.9583,-6.5562,2.0298,0.7700,0.0700,-0.0700,0.0263,0.0024,-0.0024,0
1037159,-6.9416,-6.5562,2.0107,0.2100,0.2100,-0.2100,0.0072,0.0072,-0.0072,0
1037198,-6.9320,-6.5586,2.0107,-0.0700,0.4200,-0.2100,-0.0024,0.0144,-0.0072,0
1037237,-7.0253,-6.5753,2.0418,0.4200,0.0700,-0.3500,0.0144,0.0024,-0.0120,0
1037276,-6.9344,-6.4916,1.9748,-1.4700,-1.6100,0.5600,-0.0503,-0.0551,0.0191,0
1037315,-6.8362,-6.5586,1.9700,0.8400,-1.7500,-0.9100,0.0287,-0.0598,-0.0311,0
1037354,-6.9775,-6.6088,2.0920,1.1900,-0.5600,-2.0300,0.0407,-0.0191,-0.0694,0
1037393,-6.9535,-6.5897,2.0849,0.7700,1.2600,-0.5600,0.0263,0.0431,-0.0191,0
1037432,-6.8745,-6.5993,1.9221,2.1700,3.0100,1.0500,0.0742,0.1029,0.0359,0
1037471,-6.9248,-6.5418,1.9029,1.1900,1.6100,1.2600,0.0407,0.0551,0.0431,0
1037510,-6.9679,-6.5179,1.9819,0.3500,-0.4200,-0.0700,0.0120,-0.0144,-0.0024,0
1037549,-6.9990,-6.5418,2.0178,0.7700,-1.3300,0.1400,0.0263,-0.0455,0.0048,0
1037588,-6.9846,-6.5346,2.0154,-0.2800,-1.8200,0.2800,-0.0096,-0.0622,0.0096,0
1037627,-6.9463,-6.5634,2.0059,0.4200,-2.0300,-0.4900,0.0144,-0.0694,-0.0168,0
1037666,-6.9727,-6.5299,2.0968,2.7300,-1.5400,-1.2600,0.0934,-0.0527,-0.0431,0
1037705,-6.9416,-6.5634,2.0657,0.1400,-0.9800,-0.3500,0.0048,-0.0335,-0.0120,0
1037744,-6.9200,-6.5634,2.0274,0.2800,0.0000,-0.3500,0.0096,0.0000,-0.0120,0
1037783,-6.9559,-6.5658,2.0633,0.7000,0.4900,-0.4200,0.0239,0.0168,-0.0144,0
1037822,-6.9799,-6.5562,2.0466,0.9800,0.5600,-0.1400,0.0335,0.0191,-0.0048,0
1037861,-6.9535,-6.5514,2.0274,0.1400,0.2100,-0.4200,0.0048,0.0072,-0.0144,0
1037900,-6.9104,-6.5705,2.0011,0.4200,-0.0700,-0.2800,0.0144,-0.0024,-0.0096,0
1037939,-6.9320,-6.5729,2.0131,0.7700,0.0700,-0.2100,0.0263,0.0024,-0.0072,0
1037978,-6.9392,-6.5586,2.0274,0.6300,-0.2800,0.2800,0.0215,-0.0096,0.0096,0
1038017,-6.9679,-6.5466,2.0298,0.7700,-0.2100,0.0000,0.0263,-0.0072,0.0000,0
1038056,-6.9463,-6.5634,2.0226,0.4200,-0.4200,0.0000,0.0144,-0.0144,0.0000,0
1038095,-6.9296,-6.5634,2.0107,0.9800,-0.4900,0.0700,0.0335,-0.0168,0.0024,0
1038134,-6.9487,-6.5490,2.0274,0.9100,-0.9800,0.1400,0.0311,-0.0335,0.0048,0
1038173,-6.9607,-6.5394,2.0466,0.9800,-1.0500,0.0700,0.0335,-0.0359,0.0024,0
1038212,-6.9463,-6.5466,2.0322,1.3300,-1.4000,-0.0700,0.0455,-0.0479,-0.0024,0
1038251,-6.9296,-6.5490,2.0561,1.7500,-2.1000,0.0700,0.0598,-0.0718,0.0024,0
1038290,-6.9511,-6.5466,2.0992,1.0500,-2.0300,-0.2100,0.0359,-0.0694,-0.0072,0
1038329,-6.9751,-6.5322,2.1136,0.5600,-1.0500,-0.2100,0.0191,-0.0359,-0.0072,0
1038368,-6.9440,-6.5442,2.1303,0.5600,-0.3500,-0.3500,0.0191,-0.0120,-0.0120,0
1038407,-6.9224,-6.5681,2.0896,-0.4200,0.4200,-0.2800,-0.0144,0.0144,-0.0096,0
1038446,-6.9344,-6.5538,2.0585,-0.4900,0.7000,0.0700,-0.0168,0.0239,0.0024,0
1038485,-6.9487,-6.5418,2.0633,-0.4200,0.2100,0.1400,-0.0144,0.0072,0.0048,0
1038524,-6.9631,-6.5346,2.0801,-0.7000,0.2800,-0.4900,-0.0239,0.0096,-0.0168,0
1038563,-6.9631,-6.5610,2.0825,-0.9100,0.0700,-0.4900,-0.0311,0.0024,-0.0168,0
1038602,-6.9152,-6.5777,2.0274,-0.5600,0.6300,-0.1400,-0.0191,0.0215,-0.0048,0
1038641,-6.9344,-6.5610,2.0131,-0.6300,0.7000,0.0000,-0.0215,0.0239,0.0000,0
1038680,-6.9463,-6.5658,2.0178,-1.1900,0.3500,-0.3500,-0.0407,0.0120,-0.0120,0
1038719,-6.9344,-6.5969,1.9987,-1.4700,0.3500,-0.0700,-0.0503,0.0120,-0.0024,0
1038758,-6.9320,-6.5586,1.9819,-1.4000,0.2100,0.3500,-0.0479,0.0072,0.0120,0
1038797,-6.9870,-6.5490,2.0226,-0.7700,-0.1400,-0.0700,-0.0263,-0.0048,-0.0024,0
1038836,-6.9775,-6.5538,2.0107,-0.9100,-0.2800,0.0000,-0.0311,-0.0096,0.0000,0
1038875,-6.9487,-6.5753,1.9819,-1.1200,0.1400,-0.2800,-0.0383,0.0048,-0.0096,0
1038914,-6.9440,-6.5849,1.9652,-0.4900,0.2100,-0.3500,-0.0168,0.0072,-0.0120,0
1038953,-6.9440,-6.5705,1.9724,-0.7000,0.2800,-0.2100,-0.0239,0.0096,-0.0072,0
1038992,-6.9416,-6.5681,1.9580,-0.2100,0.4200,-0.1400,-0.0072,0.0144,-0.0048,0
1039031,-6.9511,-6.5849,1.9460,0.3500,0.3500,-0.1400,0.0120,0.0120,-0.0048,0
1039070,-6.9535,-6.5681,1.9436,0.6300,-0.2100,0.0000,0.0215,-0.0072,0.0000,0
1039109,-6.9392,-6.5658,1.9341,0.4200,-0.3500,-0.1400,0.0144,-0.0120,-0.0048,0
1039148,-6.9463,-6.5945,1.9412,0.7700,-0.7700,-0.2800,0.0263,-0.0263,-0.0096,0
1039187,-6.9583,-6.5801,1.9819,0.8400,-0.9800,-0.0700,0.0287,-0.0335,-0.0024,0
1039226,-6.9487,-6.5514,1.9724,0.7700,-1.1200,0.3500,0.0263,-0.0383,0.0120,0
1039265,-6.9392,-6.5705,1.9987,1.1900,-0.9800,-0.2800,0.0407,-0.0335,-0.0096,0
1039304,-6.9535,-6.5777,1.9843,1.0500,-0.3500,-0.2100,0.0359,-0.0120,-0.0072,0
1039343,-6.9224,-6.5753,1.9580,0.7700,-0.3500,0.0700,0.0263,-0.0120,0.0024,0
1039382,-6.9535,-6.5705,1.9867,1.1200,-0.7000,0.0700,0.0383,-0.0239,0.0024,0
1039421,-6.9894,-6.5586,2.0274,0.7000,-0.9100,0.0000,0.0239,-0.0311,0.0000,0
1039460,-6.9248,-6.5681,1.9915,1.1900,-0.6300,0.0000,0.0407,-0.0215,0.0000,0
1039499,-6.9679,-6.5658,2.0154,1.4700,-0.6300,-0.2800,0.0503,-0.0215,-0.0096,0
1039538,-6.9511,-6.5681,2.0202,0.9800,-0.5600,0.0000,0.0335,-0.0191,0.0000,0
1039577,-6.9535,-6.5634,2.0154,1.1200,-0.2800,-0.0700,0.0383,-0.0096,-0.0024,0
1039616,-6.9487,-6.5634,2.0154,1.4700,-0.3500,-0.1400,0.0503,-0.0120,-0.0048,0
1039655,-6.9440,-6.5562,2.0226,1.3300,-0.4200,-0.0700,0.0455,-0.0144,-0.0024,0
1039694,-6.9583,-6.5490,2.0202,1.2600,-0.3500,-0.1400,0.0431,-0.0120,-0.0048,0
1039733,-6.9607,-6.5562,2.0274,0.9100,-0.4900,-0.1400,0.0311,-0.0168,-0.0048,0
1039772,-6.9583,-6.5538,2.0418,0.6300,-0.7000,-0.2800,0.0215,-0.0239,-0.0096,0
1039811,-6.9487,-6.5586,2.0394,0.4900,-0.7700,-0.2100,0.0168,-0.0263,-0.0072,0
1039850,-6.9392,-6.5658,2.0274,0.8400,-0.7000,0.0000,0.0287,-0.0239,0.0000,0
1039889,-6.9535,-6.5466,2.0513,1.1900,-0.8400,-0.2800,0.0407,-0.0287,-0.0096,0
1039928,-6.9559,-6.5490,2.0825,1.4700,-0.2100,-0.4900,0.0503,-0.0072,-0.0168,0
1039967,-6.9368,-6.5586,2.0466,0.6300,0.0700,-0.1400,0.0215,0.0024,-0.0048,0
1040006,-6.9416,-6.5562,2.0513,0.4900,-0.2100,-0.2100,0.0168,-0.0072,-0.0072,0
1040045,-6.9679,-6.5586,2.0681,0.5600,-0.3500,-0.2100,0.0191,-0.0120,-0.0072,0
1040084,-6.9583,-6.5442,2.0657,0.3500,-0.4200,0.0000,0.0120,-0.0144,0.0000,0
1040123,-6.9416,-6.5514,2.0657,0.6300,-0.2100,-0.2100,0.0215,-0.0072,-0.0072,0
1040162,-6.9487,-6.5586,2.0585,0.5600,-0.2100,-0.3500,0.0191,-0.0072,-0.0120,0
1040201,-6.9392,-6.5538,2.0657,0.3500,-0.2100,-0.4200,0.0120,-0.0072,-0.0144,0
1040240,-6.9368,-6.5681,2.0633,0.6300,-0.2100,-0.1400,0.0215,-0.0072,-0.0048,0
1040279,-6.9535,-6.5562,2.0777,0.4200,0.0000,-0.2100,0.0144,0.0000,-0.0072,0
1040318,-6.9416,-6.5538,2.0633,0.5600,-0.0700,-0.0700,0.0191,-0.0024,-0.0024,0
1040357,-6.9487,-6.5490,2.0609,0.2100,-0.2800,-0.3500,0.0072,-0.0096,-0.0120,0
1040396,-6.9487,-6.5562,2.0633,0.2800,-0.2800,-0.2800,0.0096,-0.0096,-0.0096,0
1040435,-6.9368,-6.5729,2.0633,0.2100,-0.1400,-0.2100,0.0072,-0.0048,-0.0072,0
1040474,-6.9368,-6.5586,2.0561,0.7700,-0.3500,0.0000,0.0263,-0.0120,0.0000,0
1040513,-6.9607,-6.5322,2.0825,0.4200,-0.2800,-0.1400,0.0144,-0.0096,-0.0048,0
1040552,-6.9296,-6.5634,2.0609,0.3500,-0.1400,-0.3500,0.0120,-0.0048,-0.0120,0
1040591,-6.9392,-6.5729,2.0561,0.6300,0.0700,-0.2100,0.0215,0.0024,-0.0072,0
1040630,-6.9416,-6.5514,2.0753,0.1400,-0.2800,0.0000,0.0048,-0.0096,0.0000,0
1040669,-6.9583,-6.5610,2.0633,0.7700,-0.4900,0.0700,0.0263,-0.0168,0.0024,0
1040708,-6.9583,-6.5442,2.0849,0.1400,-0.7000,-0.0700,0.0048,-0.0239,-0.0024,0
1040747,-6.9344,-6.5538,2.0753,0.4900,-0.5600,-0.4200,0.0168,-0.0191,-0.0144,0
1040786,-6.9463,-6.5658,2.0705,0.4200,-0.0700,-0.3500,0.0144,-0.0024,-0.0120,0
1040825,-6.9440,-6.5538,2.0657,0.5600,0.1400,-0.0700,0.0191,0.0048,-0.0024,0
1040864,-6.9416,-6.5442,2.0657,0.4900,-0.0700,-0.1400,0.0168,-0.0024,-0.0048,0
1040903,-6.9511,-6.5562,2.0609,0.4900,-0.2100,-0.2100,0.0168,-0.0072,-0.0072,0
1040942,-6.9248,-6.5514,2.0585,0.3500,-0.0700,-0.1400,0.0120,-0.0024,-0.0048,0
1040981,-6.9368,-6.5586,2.0609,0.4200,-0.0700,-0.2800,0.0144,-0.0024,-0.0096,0
1041020,-6.9224,-6.5681,2.0537,0.4900,-0.2100,-0.2100,0.0168,-0.0072,-0.0072,0
1041059,-6.9463,-6.5514,2.0657,0.1400,-0.4200,-0.1400,0.0048,-0.0144,-0.0048,0
1041098,-6.9200,-6.5634,2.0585,0.5600,-0.6300,0.1400,0.0191,-0.0215,0.0048,0
1041137,-6.9511,-6.5514,2.0753,0.9100,-0.4200,0.0000,0.0311,-0.0144,0.0000,0
1041176,-6.9463,-6.5394,2.0920,0.5600,-0.5600,0.0000,0.0191,-0.0191,0.0000,0
1041215,-6.9176,-6.5658,2.0681,0.5600,-0.0700,-0.1400,0.0191,-0.0024,-0.0048,0
1041254,-6.9440,-6.5514,2.0705,0.5600,-0.4900,0.1400,0.0191,-0.0168,0.0048,0
1041293,-6.9487,-6.5514,2.0753,0.9100,-0.7000,0.0700,0.0311,-0.0239,0.0024,0
1041332,-6.9535,-6.5394,2.0920,0.4900,-0.9800,0.0700,0.0168,-0.0335,0.0024,0
1041371,-6.9320,-6.5442,2.0920,0.9800,-1.1200,-0.2800,0.0335,-0.0383,-0.0096,0
1041410,-6.9559,-6.5418,2.1064,0.7700,-0.9100,-0.1400,0.0263,-0.0311,-0.0048,0
1041449,-6.9440,-6.5586,2.1160,0.4900,-0.4200,-0.2800,0.0168,-0.0144,-0.0096,0
1041488,-6.9368,-6.5681,2.1016,-0.0700,-0.1400,-0.2800,-0.0024,-0.0048,-0.0096,0
1041527,-6.9344,-6.5562,2.0944,-0.2800,0.0700,-0.1400,-0.0096,0.0024,-0.0048,0
1041566,-6.9248,-6.5538,2.0896,-0.1400,0.1400,-0.1400,-0.0048,0.0048,-0.0048,0
1041605,-6.9368,-6.5466,2.0873,-0.4200,0.2100,-0.1400,-0.0144,0.0072,-0.0048,0
1041644,-6.9487,-6.5490,2.0729,-0.4900,0.0700,-0.3500,-0.0168,0.0024,-0.0120,0
1041683,-6.9511,-6.5562,2.0825,-0.8400,0.2800,-0.2800,-0.0287,0.0096,-0.0096,0
1041722,-6.9344,-6.5634,2.0561,-0.8400,0.2100,-0.0700,-0.0287,0.0072,-0.0024,0
1041761,-6.9296,-6.5610,2.0513,-0.4200,0.2800,-0.2800,-0.0144,0.0096,-0.0096,0
1041800,-6.9392,-6.5681,2.0466,-0.3500,0.2100,-0.2800,-0.0120,0.0072,-0.0096,0
1041839,-6.9104,-6.5849,2.0202,-0.8400,0.4200,-0.0700,-0.0287,0.0144,-0.0024,0
1041878,-6.9368,-6.5729,2.0107,-0.3500,0.0700,0.2100,-0.0120,0.0024,0.0072,0
1041917,-6.9703,-6.5514,2.0490,-0.3500,-0.4200,0.0000,-0.0120,-0.0144,0.0000,0
1041956,-6.9583,-6.5634,2.0466,0.0000,-0.2800,0.0000,0.0000,-0.0096,0.0000,0
1041995,-6.9487,-6.5514,2.0298,-0.4900,-0.1400,-0.2100,-0.0168,-0.0048,-0.0072,0
1042034,-6.9440,-6.5777,2.0274,-0.2100,-0.0700,-0.4200,-0.0072,-0.0024,-0.0144,0
1042073,-6.9463,-6.5729,2.0154,-0.2800,0.2100,-0.2100,-0.0096,0.0072,-0.0072,0
1042112,-6.9392,-6.5753,2.0131,0.0700,0.0700,-0.0700,0.0024,0.0024,-0.0024,0
1042151,-6.9392,-6.5777,2.0011,0.2100,0.0000,-0.2100,0.0072,0.0000,-0.0072,0
1042190,-6.9392,-6.5705,2.0035,0.7000,-0.2800,-0.1400,0.0239,-0.0096,-0.0048,0
1042229,-6.9559,-6.5705,2.0107,0.9100,-0.4900,-0.2100,0.0311,-0.0168,-0.0072,0
1042268,-6.9440,-6.5514,2.0131,0.4200,-0.4900,0.0000,0.0144,-0.0168,0.0000,0
1042307,-6.9392,-6.5801,2.0035,0.6300,-0.4200,-0.2100,0.0215,-0.0144,-0.0072,0
1042346,-6.9487,-6.5729,2.0226,0.9800,-0.4900,-0.0700,0.0335,-0.0168,-0.0024,0
1042385,-6.9487,-6.5562,2.0274,1.1200,-0.8400,0.1400,0.0383,-0.0287,0.0048,0
1042424,-6.9368,-6.5538,2.0346,1.2600,-0.8400,-0.0700,0.0431,-0.0287,-0.0024,0
1042463,-6.9272,-6.5658,2.0274,1.1200,-0.6300,0.0000,0.0383,-0.0215,0.0000,0
1042502,-6.9344,-6.5610,2.0394,1.3300,-0.6300,0.0700,0.0455,-0.0215,0.0024,0
1042541,-6.9727,-6.5514,2.0705,1.0500,-0.9100,-0.1400,0.0359,-0.0311,-0.0048,0
1042580,-6.9535,-6.5705,2.0298,1.0500,-0.9100,-0.0700,0.0359,-0.0311,-0.0024,0
1042619,-6.9416,-6.5490,2.0825,1.1200,-0.7000,-0.4200,0.0383,-0.0239,-0.0144,0
1042658,-6.9463,-6.5658,2.0777,1.0500,-0.4900,-0.4200,0.0359,-0.0168,-0.0144,0
1042697,-6.9416,-6.5586,2.0777,0.9100,-0.2100,-0.2800,0.0311,-0.0072,-0.0096,0
1042736,-6.9440,-6.5466,2.0729,0.8400,-0.1400,-0.1400,0.0287,-0.0048,-0.0048,0
1042775,-6.9368,-6.5610,2.0801,0.7000,-0.2800,-0.2100,0.0239,-0.0096,-0.0072,0
1042814,-6.9296,-6.5514,2.0729,0.6300,-0.2800,-0.1400,0.0215,-0.0096,-0.0048,0
1042853,-6.9200,-6.5562,2.0705,0.6300,-0.2800,-0.1400,0.0215,-0.0096,-0.0048,0
1042892,-6.9511,-6.5586,2.0968,0.5600,-0.2100,-0.2800,0.0191,-0.0072,-0.0096,0
1042931,-6.9392,-6.5538,2.1088,0.2100,-0.2800,-0.1400,0.0072,-0.0096,-0.0048,0
1042970,-6.9320,-6.5658,2.0729,0.5600,-0.3500,-0.3500,0.0191,-0.0120,-0.0120,0
1043009,-6.9176,-6.5634,2.0825,0.7700,-0.5600,-0.0700,0.0263,-0.0191,-0.0024,0
1043048,-6.9392,-6.5490,2.1040,0.9800,-0.3500,-0.2800,0.0335,-0.0120,-0.0096,0
1043087,-6.9248,-6.5538,2.1064,0.6300,-0.0700,-0.2800,0.0215,-0.0024,-0.0096,0
1043126,-6.9344,-6.5586,2.0705,0.4900,0.1400,-0.2100,0.0168,0.0048,-0.0072,0
1043165,-6.9296,-6.5562,2.0801,0.4900,-0.4200,-0.1400,0.0168,-0.0144,-0.0048,0
1043204,-6.9559,-6.5538,2.1016,0.2800,-0.4900,-0.0700,0.0096,-0.0168,-0.0024,0
1043243,-6.9176,-6.5514,2.0944,0.0000,-0.5600,-0.1400,0.0000,-0.0191,-0.0048,0
1043282,-6.9200,-6.5610,2.0920,0.6300,-0.2800,-0.2800,0.0215,-0.0096,-0.0096,0
1043321,-6.9463,-6.5538,2.0944,0.6300,-0.0700,-0.2100,0.0215,-0.0024,-0.0072,0
1043360,-6.9440,-6.5418,2.1016,0.6300,-0.2100,-0.0700,0.0215,-0.0072,-0.0024,0
1043399,-6.9248,-6.5562,2.0944,0.2100,0.0700,-0.2100,0.0072,0.0024,-0.0072,0
1043438,-6.9272,-6.5634,2.0753,0.4900,-0.1400,-0.1400,0.0168,-0.0048,-0.0048,0
1043477,-6.9416,-6.5418,2.0992,0.4200,-0.2100,-0.2100,0.0144,-0.0072,-0.0072,0
1043516,-6.9296,-6.5634,2.0801,0.4200,-0.0700,-0.3500,0.0144,-0.0024,-0.0120,0
1043555,-6.9320,-6.5442,2.0777,0.3500,-0.1400,-0.0700,0.0120,-0.0048,-0.0024,0
1043594,-6.9344,-6.5514,2.0729,0.0700,-0.2800,-0.2100,0.0024,-0.0096,-0.0072,0
1043633,-6.9224,-6.5729,2.0729,0.2100,-0.3500,-0.2100,0.0072,-0.0120,-0.0072,0
1043672,-6.9392,-6.5586,2.0873,0.7700,-0.6300,0.0700,0.0263,-0.0215,0.0024,0
1043711,-6.9535,-6.5346,2.1112,0.4900,-0.3500,-0.1400,0.0168,-0.0120,-0.0048,0
1043750,-6.9392,-6.5634,2.1064,0.2100,0.0700,-0.3500,0.0072,0.0024,-0.0120,0
1043789,-6.9200,-6.5586,2.0705,0.4900,0.0000,-0.1400,0.0168,0.0000,-0.0048,0
1043828,-6.9344,-6.5681,2.0944,0.4900,-0.3500,-0.2100,0.0168,-0.0120,-0.0072,0
1043867,-6.9416,-6.5586,2.0992,0.2100,-0.2100,-0.0700,0.0072,-0.0072,-0.0024,0
1043906,-6.9487,-6.5466,2.0968,0.4900,-0.2100,-0.3500,0.0168,-0.0072,-0.0120,0
1043945,-6.9296,-6.5658,2.0920,0.3500,-0.2800,-0.4200,0.0120,-0.0096,-0.0144,0
1043984,-6.9057,-6.5681,2.0681,0.0000,-0.2800,-0.3500,0.0000,-0.0096,-0.0120,0
1044023,-6.9248,-6.5801,2.0849,0.5600,-0.6300,0.0000,0.0191,-0.0215,0.0000,0
1044062,-6.9392,-6.5586,2.1040,0.1400,-0.5600,0.0000,0.0048,-0.0191,0.0000,0
1044101,-6.9296,-6.5658,2.1064,0.3500,-0.2800,-0.1400,0.0120,-0.0096,-0.0048,0
1044140,-6.9272,-6.5538,2.1064,0.5600,0.2100,-0.1400,0.0191,0.0072,-0.0048,0
1044179,-6.9344,-6.5634,2.0968,0.7700,0.2800,-0.2100,0.0263,0.0096,-0.0072,0
1044218,-6.9224,-6.5777,2.0777,0.8400,0.5600,-0.2100,0.0287,0.0191,-0.0072,0
1044257,-6.9248,-6.5681,2.0633,0.5600,0.1400,0.0700,0.0191,0.0048,0.0024,0
1044296,-6.9224,-6.5538,2.0777,0.3500,-0.2800,0.2100,0.0120,-0.0096,0.0072,0
1044335,-6.9440,-6.5610,2.1040,0.7700,-0.4200,0.1400,0.0263,-0.0144,0.0048,0
1044374,-6.9392,-6.5394,2.1064,0.7000,-0.3500,0.1400,0.0239,-0.0120,0.0048,0
1044413,-6.9224,-6.5466,2.0777,1.0500,-0.2800,0.0000,0.0359,-0.0096,0.0000,0
1044452,-6.9320,-6.5562,2.0896,0.4900,-0.9800,-0.1400,0.0168,-0.0335,-0.0048,0
1044491,-6.9511,-6.5610,2.1160,0.2100,-1.3300,-0.0700,0.0072,-0.0455,-0.0024,0
1044530,-6.9607,-6.5562,2.0873,0.6300,-1.0500,0.0700,0.0215,-0.0359,0.0024,0
1044569,-6.9487,-6.5418,2.1375,0.5600,-0.7000,-0.4200,0.0191,-0.0239,-0.0144,0
1044608,-6.9487,-6.5490,2.1303,0.2800,-0.2100,-0.6300,0.0096,-0.0072,-0.0215,0
1044647,-6.9296,-6.5705,2.1064,-0.2100,0.0000,-0.2100,-0.0072,0.0000,-0.0072,0
1044686,-6.9152,-6.5562,2.1040,-0.2800,-0.2100,0.0700,-0.0096,-0.0072,0.0024,0
1044725,-6.9416,-6.5514,2.1112,-0.2800,0.0000,-0.2100,-0.0096,0.0000,-0.0072,0
1044764,-6.9487,-6.5490,2.1136,-0.2100,0.3500,-0.2100,-0.0072,0.0120,-0.0072,0
1044803,-6.9440,-6.5538,2.0944,-0.0700,0.5600,-0.2800,-0.0024,0.0191,-0.0096,0
1044842,-6.9416,-6.5562,2.0873,-0.0700,0.2800,-0.2800,-0.0024,0.0096,-0.0096,0
1044881,-6.9248,-6.5729,2.0729,-0.2800,0.2100,-0.4900,-0.0096,0.0072,-0.0168,0
1044920,-6.9200,-6.5729,2.0609,-0.2100,-0.2100,-0.0700,-0.0072,-0.0072,-0.0024,0
1044959,-6.9200,-6.5658,2.0825,-0.2100,-0.4900,0.0000,-0.0072,-0.0168,0.0000,0
1044998,-6.9200,-6.5394,2.0777,-0.3500,-0.0700,-0.1400,-0.0120,-0.0024,-0.0048,0
1045037,-6.9248,-6.5825,2.0681,-0.2100,0.6300,-0.4200,-0.0072,0.0215,-0.0144,0
1045076,-6.9440,-6.5729,2.0394,0.0700,0.3500,0.2100,0.0024,0.0120,0.0072,0
1045115,-6.9487,-6.5562,2.0705,-0.4900,-0.5600,0.0700,-0.0168,-0.0191,0.0024,0
1045154,-6.9487,-6.5562,2.0609,-0.4900,-0.6300,-0.0700,-0.0168,-0.0215,-0.0024,0
1045193,-6.9224,-6.5610,2.0753,-0.7700,-0.4900,-0.4200,-0.0263,-0.0168,-0.0144,0
1045232,-6.9487,-6.5825,2.0681,0.5600,0.2100,-0.3500,0.0191,0.0072,-0.0120,0
1045271,-6.9176,-6.5729,2.0346,0.2800,0.2100,-0.1400,0.0096,0.0072,-0.0048,0
1045310,-6.9176,-6.5753,2.0346,0.5600,0.0000,-0.1400,0.0191,0.0000,-0.0048,0
1045349,-6.9296,-6.5681,2.0513,0.7000,-0.0700,-0.2800,0.0239,-0.0024,-0.0096,0
1045388,-6.9224,-6.5825,2.0418,0.9800,-0.4200,-0.1400,0.0335,-0.0144,-0.0048,0
1045427,-6.9368,-6.5658,2.0490,1.0500,-0.7000,-0.1400,0.0359,-0.0239,-0.0048,0
1045466,-6.9368,-6.5801,2.0657,0.4200,-0.8400,-0.2100,0.0144,-0.0287,-0.0072,0
1045505,-6.9224,-6.5729,2.0705,0.6300,-0.9100,0.0000,0.0215,-0.0311,0.0000,0
1045544,-6.9033,-6.5586,2.0561,1.0500,-0.7700,0.2800,0.0359,-0.0263,0.0096,0
1045583,-6.9440,-6.5658,2.0968,1.4000,-0.7000,-0.2800,0.0479,-0.0239,-0.0096,0
1045622,-6.9631,-6.5514,2.1160,1.1900,-0.2800,-0.2100,0.0407,-0.0096,-0.0072,0
1045661,-6.9176,-6.5729,2.0537,0.6300,0.2100,0.0000,0.0215,0.0072,0.0000,0
1045700,-6.9344,-6.5729,2.0920,0.5600,-0.1400,-0.3500,0.0191,-0.0048,-0.0120,0
1045739,-6.9224,-6.5705,2.0753,0.7000,-0.4900,-0.0700,0.0239,-0.0168,-0.0024,0
1045778,-6.9296,-6.5466,2.0753,0.4200,-0.3500,0.0700,0.0144,-0.0120,0.0024,0
1045817,-6.9368,-6.5562,2.0944,0.4900,-0.5600,-0.2800,0.0168,-0.0191,-0.0096,0
1045856,-6.9224,-6.5681,2.0944,0.3500,-0.4900,-0.1400,0.0120,-0.0168,-0.0048,0
1045895,-6.9296,-6.5705,2.0825,0.7000,0.0000,-0.2800,0.0239,0.0000,-0.0096,0
1045934,-6.9416,-6.5705,2.0681,0.5600,-0.0700,-0.1400,0.0191,-0.0024,-0.0048,0
1045973,-6.9416,-6.5586,2.1040,0.4200,-0.4900,-0.0700,0.0144,-0.0168,-0.0024,0
1046012,-6.9344,-6.5538,2.0992,0.3500,-0.5600,-0.2800,0.0120,-0.0191,-0.0096,0
1046051,-6.9272,-6.5658,2.1088,0.4200,-0.1400,-0.4200,0.0144,-0.0048,-0.0144,0
1046090,-6.9224,-6.5586,2.0968,0.4200,0.5600,-0.3500,0.0144,0.0191,-0.0120,0
1046129,-6.9416,-6.5586,2.0705,0.2800,0.1400,-0.1400,0.0096,0.0048,-0.0048,0
1046168,-6.8889,-6.5801,2.0466,0.2800,-0.5600,0.0700,0.0096,-0.0191,0.0024,0
1046207,-6.9296,-6.5466,2.0920,0.8400,-0.8400,0.0700,0.0287,-0.0287,0.0024,0
1046246,-6.9463,-6.5490,2.1112,0.5600,-0.6300,-0.2100,0.0191,-0.0215,-0.0072,0
1046285,-6.9272,-6.5753,2.0849,0.3500,-0.1400,-0.3500,0.0120,-0.0048,-0.0120,0
1046324,-6.9152,-6.5681,2.0801,0.2100,-0.4900,-0.0700,0.0072,-0.0168,-0.0024,0
1046363,-6.9392,-6.5562,2.1112,0.5600,-0.7000,-0.0700,0.0191,-0.0239,-0.0024,0
1046402,-6.9463,-6.5466,2.1160,0.6300,-0.4200,0.0700,0.0215,-0.0144,0.0024,0
1046441,-6.9272,-6.5514,2.1040,0.6300,-0.0700,-0.3500,0.0215,-0.0024,-0.0120,0
1046480,-6.9320,-6.5658,2.0992,0.6300,0.1400,-0.4200,0.0215,0.0048,-0.0144,0
1046519,-6.8985,-6.5729,2.0825,0.2100,0.0000,-0.1400,0.0072,0.0000,-0.0048,0
1046558,-6.9272,-6.5562,2.0968,0.7000,-0.5600,0.0000,0.0239,-0.0191,0.0000,0
1046597,-6.9487,-6.5514,2.1088,0.2800,-0.4200,-0.2100,0.0096,-0.0144,-0.0072,0
1046636,-6.9152,-6.5610,2.0825,0.5600,-0.4200,-0.0700,0.0191,-0.0144,-0.0024,0
1046675,-6.9344,-6.5538,2.1112,0.4200,-0.2100,-0.2800,0.0144,-0.0072,-0.0096,0
1046714,-6.9296,-6.5658,2.1136,0.5600,-0.3500,0.0000,0.0191,-0.0120,0.0000,0
1046753,-6.9368,-6.5490,2.1184,0.4200,-0.2100,-0.0700,0.0144,-0.0072,-0.0024,0
1046792,-6.9152,-6.5514,2.0920,0.5600,-0.4900,0.1400,0.0191,-0.0168,0.0048,0
1046831,-6.9320,-6.5610,2.1184,0.7000,-0.3500,-0.4200,0.0239,-0.0120,-0.0144,0
1046870,-6.8626,-6.5107,2.0801,-0.1400,0.0000,0.2800,-0.0048,0.0000,0.0096,0
1046909,-6.8913,-6.6759,2.1998,3.8500,2.2400,-1.4700,0.1317,0.0766,-0.0503,0
1046948,-7.1833,-6.5993,2.2069,4.2700,5.3200,-1.3300,0.1460,0.1819,-0.0455,0
1046987,-6.9224,-6.4485,2.1040,2.3100,3.2200,2.1000,0.0790,0.1101,0.0718,0
1047026,-6.8338,-6.5203,1.9173,3.2900,3.5700,-0.9800,0.1125,0.1221,-0.0335,0
1047065,-6.9368,-6.5681,2.0418,-1.1900,0.7700,-2.3800,-0.0407,0.0263,-0.0814,0
1047104,-6.9870,-6.5729,2.1351,3.9200,0.2800,-1.5400,0.1340,0.0096,-0.0527,0
1047143,-7.0660,-6.6376,2.2333,5.6700,1.4000,-0.9800,0.1939,0.0479,-0.0335,0
1047182,-6.9607,-6.5011,2.1423,3.1500,2.1000,0.1400,0.1077,0.0718,0.0048,0
1047221,-6.7788,-6.4844,1.9317,1.1200,1.0500,1.7500,0.0383,0.0359,0.0598,0
1047260,-6.7884,-6.5155,1.9388,1.1200,-0.3500,-0.0700,0.0383,-0.0120,-0.0024,0
1047299,-6.9631,-6.4963,2.0633,-2.8700,-2.3100,-1.9600,-0.0981,-0.0790,-0.0670,0
1047338,-7.0732,-6.5897,2.1902,-2.8000,-4.1300,-2.4500,-0.0957,-0.1412,-0.0838,0
1047377,-7.0253,-6.5681,2.1567,-3.3600,-5.6000,-1.1900,-0.1149,-0.1915,-0.0407,0
1047416,-6.8841,-6.5705,2.1184,-0.7700,-5.2500,-0.9800,-0.0263,-0.1795,-0.0335,0
1047455,-6.8075,-6.5729,2.1447,0.0000,-3.5700,-1.2600,0.0000,-0.1221,-0.0431,0
1047494,-6.9080,-6.5777,2.2237,-1.1200,-2.9400,-1.0500,-0.0383,-0.1005,-0.0359,0
1047533,-6.9631,-6.5634,2.2764,-1.1900,-2.1700,-0.5600,-0.0407,-0.0742,-0.0191,0
1047572,-6.9799,-6.5945,2.2644,-2.0300,-1.1900,-0.6300,-0.0694,-0.0407,-0.0215,0
1047611,-6.9440,-6.5945,2.2428,-1.6800,-0.7000,-0.6300,-0.0574,-0.0239,-0.0215,0
1047650,-6.8865,-6.6064,2.1950,0.2100,0.3500,-0.8400,0.0072,0.0120,-0.0287,0
1047689,-6.8865,-6.6112,2.1782,0.6300,1.4000,-0.7700,0.0215,0.0479,-0.0263,0
1047728,-6.8219,-6.6232,2.1256,1.2600,2.1700,-0.5600,0.0431,0.0742,-0.0191,0
1047767,-6.8099,-6.5969,2.0657,1.5400,2.6600,-0.1400,0.0527,0.0910,-0.0048,0
1047806,-6.8051,-6.6017,2.0442,0.9800,1.8900,0.0700,0.0335,0.0646,0.0024,0
1047845,-6.8506,-6.6280,2.0849,0.9100,1.1900,-0.2800,0.0311,0.0407,-0.0096,0
1047884,-6.8650,-6.5610,2.0801,0.4200,0.2100,1.1900,0.0144,0.0072,0.0407,0
1047923,-6.8482,-6.5849,2.0609,1.1200,-0.4200,0.4200,0.0383,-0.0144,0.0144,0
1047962,-6.9224,-6.6112,2.1279,0.3500,-1.5400,-0.1400,0.0120,-0.0527,-0.0048,0
1048001,-6.9224,-6.5658,2.1567,0.7700,-2.5200,0.9800,0.0263,-0.0862,0.0335,0
1048040,-6.9057,-6.5610,2.1662,0.9100,-2.5900,0.4900,0.0311,-0.0886,0.0168,0
1048079,-6.8841,-6.5729,2.1662,0.4900,-2.2400,0.0000,0.0168,-0.0766,0.0000,0
1048118,-6.8817,-6.5801,2.1758,0.4200,-1.6100,-0.0700,0.0144,-0.0551,-0.0024,0
1048157,-6.9200,-6.5873,2.2021,0.8400,-1.1900,-0.2100,0.0287,-0.0407,-0.0072,0
1048196,-6.9224,-6.5729,2.1854,1.1200,-1.1200,-0.0700,0.0383,-0.0383,-0.0024,0
1048235,-6.8793,-6.5729,2.1926,0.8400,-1.4700,0.0700,0.0287,-0.0503,0.0024,0
1048274,-6.8745,-6.5634,2.1902,0.9800,-1.1900,0.0000,0.0335,-0.0407,0.0000,0
1048313,-6.8913,-6.5705,2.2237,0.1400,-0.4200,0.1400,0.0048,-0.0144,0.0048,0
1048352,-6.9272,-6.5562,2.2141,0.2800,-0.2100,0.4900,0.0096,-0.0072,0.0168,0
1048391,-6.9344,-6.5514,2.2333,0.2100,-0.7000,-0.2100,0.0072,-0.0239,-0.0072,0
1048430,-6.9104,-6.5729,2.2285,0.1400,-0.9100,-0.5600,0.0048,-0.0311,-0.0191,0
1048469,-6.8745,-6.5921,2.2117,-0.2800,-0.4200,-0.4900,-0.0096,-0.0144,-0.0168,0
1048508,-6.8458,-6.5729,2.1926,0.1400,-0.0700,-0.0700,0.0048,-0.0024,-0.0024,0
1048547,-6.8219,-6.5825,2.1591,-0.1400,0.9100,-0.4200,-0.0048,0.0311,-0.0144,0
1048586,-6.8674,-6.5753,2.1375,0.0000,0.8400,-0.1400,0.0000,0.0287,-0.0048,0
1048625,-6.8889,-6.5514,2.1662,0.5600,-1.0500,0.4200,0.0191,-0.0359,0.0144,0
1048664,-6.9176,-6.5586,2.2189,0.4200,-1.3300,-0.2800,0.0144,-0.0455,-0.0096,0
1048703,-6.8937,-6.5897,2.2141,0.4200,-1.6100,-0.3500,0.0144,-0.0551,-0.0120,0
1048742,-6.8602,-6.5801,2.1902,0.7700,-1.0500,0.0700,0.0263,-0.0359,0.0024,0
1048781,-6.8937,-6.5921,2.2069,-0.0700,-1.3300,-0.3500,-0.0024,-0.0455,-0.0120,0
1048820,-6.8697,-6.5562,2.2237,2.3100,-1.6800,-0.7000,0.0790,-0.0574,-0.0239,0
1048859,-6.8721,-6.5538,2.2668,1.4700,-2.0300,-0.3500,0.0503,-0.0694,-0.0120,0
1048898,-6.8458,-6.5825,2.2476,1.1200,-1.6100,-0.4200,0.0383,-0.0551,-0.0144,0
1048937,-6.8578,-6.5873,2.2548,0.8400,-0.9100,-0.4200,0.0287,-0.0311,-0.0144,0
1048976,-6.8434,-6.5801,2.2620,0.7700,-0.6300,-0.0700,0.0263,-0.0215,-0.0024,0
1049015,-6.8506,-6.5921,2.2524,1.1900,-0.1400,0.1400,0.0407,-0.0048,0.0048,0
1049054,-6.8793,-6.5658,2.2764,0.8400,-0.0700,0.0000,0.0287,-0.0024,0.0000,0
1049093,-6.8721,-6.5490,2.2811,0.8400,-0.2800,0.1400,0.0287,-0.0096,0.0048,0
1049132,-6.9080,-6.5610,2.3051,0.9800,-0.1400,-0.3500,0.0335,-0.0048,-0.0120,0
1049171,-6.8961,-6.5610,2.3003,0.8400,-0.0700,-0.4900,0.0287,-0.0024,-0.0168,0
1049210,-6.8458,-6.5705,2.2500,0.5600,-0.1400,-0.1400,0.0191,-0.0048,-0.0048,0
1049249,-6.8434,-6.5658,2.2692,0.7000,-0.5600,-0.0700,0.0239,-0.0191,-0.0024,0
1049288,-6.8626,-6.5705,2.2811,0.8400,-0.3500,-0.3500,0.0287,-0.0120,-0.0120,0
1049327,-6.8578,-6.5705,2.2811,0.7700,-0.2800,-0.2100,0.0263,-0.0096,-0.0072,0
1049366,-6.8314,-6.5753,2.2548,0.9100,0.0700,0.2100,0.0311,0.0024,0.0072,0
1049405,-6.8697,-6.5562,2.2668,0.7000,-0.2100,0.1400,0.0239,-0.0072,0.0048,0
1049444,-6.8913,-6.5586,2.3003,0.3500,-0.7000,-0.2100,0.0120,-0.0239,-0.0072,0
1049483,-6.8793,-6.5658,2.3027,1.4700,-0.5600,-0.4200,0.0503,-0.0191,-0.0144,0
1049522,-6.8650,-6.5514,2.3003,0.4900,-0.8400,-0.0700,0.0168,-0.0287,-0.0024,0
1049561,-6.8650,-6.5490,2.3075,0.9100,-0.5600,-0.4900,0.0311,-0.0191,-0.0168,0
1049600,-6.8626,-6.5658,2.2979,0.3500,-0.4200,-0.1400,0.0120,-0.0144,-0.0048,0
1049639,-6.8650,-6.5562,2.3003,0.9100,-0.7000,-0.3500,0.0311,-0.0239,-0.0120,0
1049678,-6.8602,-6.5681,2.3194,0.4900,-0.4200,-0.2800,0.0168,-0.0144,-0.0096,0
1049717,-6.8769,-6.5634,2.3386,0.4900,-0.2100,-0.1400,0.0168,-0.0072,-0.0048,0
1049756,-6.8578,-6.5681,2.3266,0.2800,0.2800,-0.3500,0.0096,0.0096,-0.0120,0
1049795,-6.8626,-6.5610,2.3027,0.4900,0.2100,-0.3500,0.0168,0.0072,-0.0120,0
1049834,-6.8650,-6.5634,2.3003,0.2100,-0.1400,-0.3500,0.0072,-0.0048,-0.0120,0
1049873,-6.8386,-6.5610,2.2883,0.4200,-0.4900,-0.2800,0.0144,-0.0168,-0.0096,0
1049912,-6.8482,-6.5777,2.3051,0.6300,-0.6300,-0.1400,0.0215,-0.0215,-0.0048,0
1049951,-6.8410,-6.5681,2.3194,0.4900,-0.5600,-0.0700,0.0168,-0.0191,-0.0024,0
1049990,-6.8314,-6.5681,2.2764,1.1200,-0.2800,0.2800,0.0383,-0.0096,0.0096,0
1050029,-6.8434,-6.5514,2.2811,1.5400,-1.1900,0.6300,0.0527,-0.0407,0.0215,0
1050068,-6.8865,-6.5490,2.3506,0.3500,-1.8200,-0.6300,0.0120,-0.0622,-0.0215,0
1050107,-6.8602,-6.5753,2.3410,-0.2100,-0.4200,0.0000,-0.0072,-0.0144,0.0000,0
1050146,-6.8482,-6.5466,2.3386,0.0700,0.0700,0.2800,0.0024,0.0024,0.0096,0
1050185,-6.8697,-6.5586,2.3314,0.2800,0.4200,0.0000,0.0096,0.0144,0.0000,0
1050224,-6.8793,-6.5442,2.3362,-0.1400,0.1400,0.0000,-0.0048,0.0048,0.0000,0
1050263,-6.8841,-6.5394,2.3338,-0.8400,0.2800,-0.1400,-0.0287,0.0096,-0.0048,0
1050302,-6.8506,-6.5490,2.3003,-0.2800,0.2800,-0.2800,-0.0096,0.0096,-0.0096,0
1050341,-6.8626,-6.5634,2.3242,0.0000,0.4200,-0.5600,0.0000,0.0144,-0.0191,0
1050380,-6.8817,-6.5610,2.3147,-0.7000,0.8400,-0.4900,-0.0239,0.0287,-0.0168,0
1050419,-6.8530,-6.5753,2.2859,-0.9100,0.6300,-0.2800,-0.0311,0.0215,-0.0096,0
1050458,-6.8697,-6.5658,2.2811,-1.1200,0.2800,-0.4200,-0.0383,0.0096,-0.0144,0
1050497,-6.8482,-6.5753,2.2811,-1.3300,-0.1400,-0.1400,-0.0455,-0.0048,-0.0048,0
1050536,-6.8721,-6.5825,2.2716,-1.5400,0.4900,-0.4200,-0.0527,0.0168,-0.0144,0
1050575,-6.8530,-6.5634,2.2668,-1.1900,0.4200,-0.4200,-0.0407,0.0144,-0.0144,0
1050614,-6.8458,-6.5921,2.2285,-0.4900,1.0500,-0.7000,-0.0168,0.0359,-0.0239,0
1050653,-6.8219,-6.5993,2.1639,-0.8400,0.9800,-0.2800,-0.0287,0.0335,-0.0096,0
1050692,-6.8386,-6.5945,2.1662,-0.1400,0.0700,-0.1400,-0.0048,0.0024,-0.0048,0
1050731,-6.8626,-6.5897,2.2285,0.0000,-0.9800,-0.0700,0.0000,-0.0335,-0.0024,0
1050770,-6.8793,-6.5921,2.2476,0.4200,-0.8400,0.0000,0.0144,-0.0287,0.0000,0
1050809,-6.8554,-6.5825,2.2285,0.5600,-0.8400,-0.0700,0.0191,-0.0287,-0.0024,0
1050848,-6.8506,-6.5849,2.2069,1.1200,-0.5600,-0.1400,0.0383,-0.0191,-0.0048,0
1050887,-6.8530,-6.5801,2.2285,0.9100,-0.9100,0.0700,0.0311,-0.0311,0.0024,0
1050926,-6.8674,-6.5777,2.2381,0.7700,-1.1200,0.0700,0.0263,-0.0383,0.0024,0
1050965,-6.8793,-6.5921,2.2716,0.6300,-0.8400,0.0700,0.0215,-0.0287,0.0024,0
1051004,-6.8554,-6.5705,2.2548,0.7700,-0.7000,0.4200,0.0263,-0.0239,0.0144,0
1051043,-6.8506,-6.5705,2.2787,1.1200,-0.6300,0.0000,0.0383,-0.0215,0.0000,0
1051082,-6.8650,-6.5873,2.2668,1.1900,-0.0700,-0.7000,0.0407,-0.0024,-0.0239,0
1051121,-6.8769,-6.5801,2.2692,1.1900,-0.3500,-0.2800,0.0407,-0.0120,-0.0096,0
1051160,-6.8219,-6.5921,2.2644,0.6300,-0.7700,-0.0700,0.0215,-0.0263,-0.0024,0
1051199,-6.8267,-6.5897,2.2357,1.3300,-0.2100,-0.1400,0.0455,-0.0072,-0.0048,0
1051238,-6.8578,-6.5729,2.2620,1.6100,-0.9100,0.2800,0.0551,-0.0311,0.0096,0
1051277,-6.8578,-6.5466,2.3075,0.9100,-1.3300,0.3500,0.0311,-0.0455,0.0120,0
1051316,-6.8674,-6.5705,2.3027,0.7000,-0.7000,0.1400,0.0239,-0.0239,0.0048,0
1051355,-6.8554,-6.5562,2.2979,0.4200,-0.4200,0.0000,0.0144,-0.0144,0.0000,0
1051394,-6.9080,-6.5801,2.3194,0.7700,-0.4200,-0.2100,0.0263,-0.0144,-0.0072,0
1051433,-6.8434,-6.5586,2.3003,0.5600,-0.7000,0.0000,0.0191,-0.0239,0.0000,0
1051472,-6.8482,-6.5466,2.2979,1.1900,-0.3500,-0.4200,0.0407,-0.0120,-0.0144,0
1051511,-6.8602,-6.5681,2.3194,0.8400,0.0000,-0.7700,0.0287,0.0000,-0.0263,0
1051550,-6.8554,-6.5777,2.3242,0.4900,0.1400,-0.4900,0.0168,0.0048,-0.0168,0
1051589,-6.8458,-6.5777,2.2859,0.4900,0.0000,-0.0700,0.0168,0.0000,-0.0024,0
1051628,-6.8410,-6.5753,2.3003,0.4900,-0.4200,0.0000,0.0168,-0.0144,0.0000,0
1051667,-6.8674,-6.5586,2.3170,0.7700,-0.3500,0.0000,0.0263,-0.0120,0.0000,0
1051706,-6.8506,-6.5490,2.3242,0.4200,-0.2800,-0.2100,0.0144,-0.0096,-0.0072,0
1051745,-6.8578,-6.5705,2.3242,0.4900,0.2100,-0.4900,0.0168,0.0072,-0.0168,0
1051784,-6.8697,-6.5681,2.3194,0.3500,0.0700,-0.0700,0.0120,0.0024,-0.0024,0
1051823,-6.8626,-6.5586,2.3147,0.4200,0.0700,-0.2100,0.0144,0.0024,-0.0072,0
1051862,-6.8362,-6.5705,2.2931,0.6300,0.0700,-0.1400,0.0215,0.0024,-0.0048,0
1051901,-6.8578,-6.5825,2.3075,1.0500,-0.2100,-0.4200,0.0359,-0.0072,-0.0144,0
1051940,-6.8578,-6.5825,2.3242,0.5600,-0.3500,-0.2100,0.0191,-0.0120,-0.0072,0
1051979,-6.8314,-6.5729,2.2907,0.5600,-0.1400,0.1400,0.0191,-0.0048,0.0048,0
1052018,-6.8314,-6.5634,2.2931,0.4900,-0.4200,0.0700,0.0168,-0.0144,0.0024,0
1052057,-6.8650,-6.5658,2.3194,0.6300,-0.6300,-0.0700,0.0215,-0.0215,-0.0024,0
1052096,-6.8817,-6.5610,2.3314,0.0700,-0.8400,0.1400,0.0024,-0.0287,0.0048,0
1052135,-6.8745,-6.5634,2.3362,0.4200,-0.7000,-0.1400,0.0144,-0.0239,-0.0048,0
1052174,-6.8530,-6.5658,2.3266,0.4900,-0.7000,-0.0700,0.0168,-0.0239,-0.0024,0
1052213,-6.8721,-6.5514,2.3362,-0.2100,-0.6300,-0.1400,-0.0072,-0.0215,-0.0048,0
1052252,-6.8267,-6.5586,2.3170,0.6300,-0.6300,-0.3500,0.0215,-0.0215,-0.0120,0
1052291,-6.8554,-6.5921,2.3769,0.9800,0.8400,-0.9100,0.0335,0.0287,-0.0311,0
1052330,-6.8386,-6.5801,2.3218,1.1200,1.8200,-0.1400,0.0383,0.0622,-0.0048,0
1052369,-6.8099,-6.5610,2.2452,1.0500,1.8200,0.4200,0.0359,0.0622,0.0144,0
1052408,-6.8554,-6.5681,2.2716,0.9100,0.4900,0.0000,0.0311,0.0168,0.0000,0
1052447,-6.8554,-6.5586,2.3027,0.0700,-0.6300,0.0700,0.0024,-0.0215,0.0024,0
1052486,-6.8602,-6.5586,2.3075,0.0700,-1.2600,0.2100,0.0024,-0.0431,0.0072,0
1052525,-6.8530,-6.5658,2.3170,0.2100,-1.8900,0.4200,0.0072,-0.0646,0.0144,0
1052564,-6.8985,-6.5418,2.3673,0.7000,-1.9600,-0.1400,0.0239,-0.0670,-0.0048,0
1052603,-6.8913,-6.5418,2.3769,0.8400,-1.4000,-0.4200,0.0287,-0.0479,-0.0144,0
1052642,-6.8434,-6.5658,2.3625,-0.4200,0.2100,-0.4200,-0.0144,0.0072,-0.0144,0
1052681,-6.8314,-6.5634,2.3194,-0.7000,0.7700,-0.5600,-0.0239,0.0263,-0.0191,0
1052720,-6.8458,-6.5801,2.3123,0.1400,0.6300,-0.1400,0.0048,0.0215,-0.0048,0
1052759,-6.8745,-6.5634,2.3194,-0.2800,0.2800,-0.1400,-0.0096,0.0096,-0.0048,0
1052798,-6.8362,-6.5634,2.3075,-0.6300,0.0700,-0.2100,-0.0215,0.0024,-0.0072,0
1052837,-6.8434,-6.5634,2.2955,-0.6300,0.4900,-0.2800,-0.0215,0.0168,-0.0096,0
1052876,-6.8458,-6.5729,2.2931,-0.6300,0.7000,-0.0700,-0.0215,0.0239,-0.0024,0
1052915,-6.8650,-6.5634,2.2859,-0.6300,0.5600,-0.0700,-0.0215,0.0191,-0.0024,0
1052954,-6.8817,-6.5705,2.2883,-0.4200,0.4200,-0.2800,-0.0144,0.0144,-0.0096,0
1052993,-6.8506,-6.5825,2.2668,-0.4900,0.1400,-0.2100,-0.0168,0.0048,-0.0072,0
1053032,-6.8506,-6.5705,2.2500,-0.8400,-0.0700,-0.2100,-0.0287,-0.0024,-0.0072,0
1053071,-6.8458,-6.5586,2.2692,-0.9800,-0.2800,-0.2100,-0.0335,-0.0096,-0.0072,0
1053110,-6.8458,-6.5993,2.2572,-0.7000,0.3500,-0.3500,-0.0239,0.0120,-0.0120,0
1053149,-6.8817,-6.5897,2.2620,-0.7700,1.0500,-0.1400,-0.0263,0.0359,-0.0048,0
1053188,-6.8626,-6.5705,2.2213,-0.3500,0.4200,-0.1400,-0.0120,0.0144,-0.0048,0
1053227,-6.8434,-6.5705,2.1974,-0.6300,-0.1400,-0.2100,-0.0215,-0.0048,-0.0072,0
1053266,-6.8291,-6.6017,2.1974,0.0700,-0.4200,-0.0700,0.0024,-0.0144,-0.0024,0
1053305,-6.8841,-6.5825,2.2309,0.6300,-0.7000,0.2100,0.0215,-0.0239,0.0072,0
1053344,-6.9009,-6.5777,2.2572,0.5600,-0.9100,0.0700,0.0191,-0.0311,0.0024,0
1053383,-6.8697,-6.5801,2.2357,0.4200,-0.9100,0.2100,0.0144,-0.0311,0.0072,0
1053422,-6.8554,-6.5729,2.2452,0.6300,-0.8400,-0.1400,0.0215,-0.0287,-0.0048,0
1053461,-6.8578,-6.5753,2.2476,0.9800,-0.6300,-0.4200,0.0335,-0.0215,-0.0144,0
1053500,-6.8554,-6.5921,2.2404,1.1200,-0.6300,-0.2100,0.0383,-0.0215,-0.0072,0
1053539,-6.8650,-6.5873,2.2428,1.1900,-0.8400,-0.0700,0.0407,-0.0287,-0.0024,0
1053578,-6.8697,-6.5753,2.2644,1.1900,-1.2600,-0.1400,0.0407,-0.0431,-0.0048,0
1053617,-6.8410,-6.5729,2.2644,1.0500,-0.6300,-0.3500,0.0359,-0.0215,-0.0120,0
1053656,-6.8434,-6.5753,2.2620,0.9100,-0.4200,-0.0700,0.0311,-0.0144,-0.0024,0
1053695,-6.8530,-6.5658,2.2620,0.7700,-0.4900,0.0700,0.0263,-0.0168,0.0024,0
1053734,-6.8602,-6.5801,2.2859,0.7000,-0.7000,0.0700,0.0239,-0.0239,0.0024,0
1053773,-6.8578,-6.5634,2.2883,0.8400,-0.9100,0.1400,0.0287,-0.0311,0.0048,0
1053812,-6.8697,-6.5562,2.2907,0.7700,-0.9100,0.0700,0.0263,-0.0311,0.0024,0
1053851,-6.8602,-6.5825,2.3123,0.9100,-0.6300,-0.2100,0.0311,-0.0215,-0.0072,0
1053890,-6.8482,-6.5705,2.2883,0.4200,-0.2100,0.0700,0.0144,-0.0072,0.0024,0
1053929,-6.8674,-6.5610,2.2979,0.7700,-0.2800,-0.1400,0.0263,-0.0096,-0.0048,0
1053968,-6.8817,-6.5729,2.3290,0.6300,-0.6300,-0.1400,0.0215,-0.0215,-0.0048,0
1054007,-6.8458,-6.5586,2.3170,0.2100,-0.3500,-0.1400,0.0072,-0.0120,-0.0048,0
1054046,-6.8530,-6.5753,2.3051,0.9800,-0.0700,-0.5600,0.0335,-0.0024,-0.0191,0
1054085,-6.8434,-6.5634,2.2883,0.4900,0.2100,-0.2100,0.0168,0.0072,-0.0072,0
1054124,-6.8602,-6.5610,2.2883,0.7700,-0.0700,-0.2800,0.0263,-0.0024,-0.0096,0
1054163,-6.8506,-6.5777,2.3003,0.4900,-0.4900,-0.1400,0.0168,-0.0168,-0.0048,0
1054202,-6.8530,-6.5705,2.3123,0.4900,-0.3500,-0.2100,0.0168,-0.0120,-0.0072,0
1054241,-6.8506,-6.5753,2.3123,0.7000,-0.4900,-0.0700,0.0239,-0.0168,-0.0024,0
1054280,-6.8458,-6.5634,2.3194,0.3500,0.0700,-0.2100,0.0120,0.0024,-0.0072,0
1054319,-6.8386,-6.5777,2.2835,0.2800,-0.0700,0.0700,0.0096,-0.0024,0.0024,0
1054358,-6.8506,-6.5729,2.3003,0.4900,-0.7000,0.0000,0.0168,-0.0239,0.0000,0
1054397,-6.8578,-6.5610,2.3242,0.0700,-0.6300,0.1400,0.0024,-0.0215,0.0048,0
1054436,-6.8793,-6.5466,2.3410,0.7000,-0.3500,0.0000,0.0239,-0.0120,0.0000,0
1054475,-6.8721,-6.5514,2.3338,0.4900,-0.0700,-0.4200,0.0168,-0.0024,-0.0144,0
1054514,-6.8314,-6.5753,2.2692,0.3500,0.2100,-0.4900,0.0120,0.0072,-0.0168,0
1054553,-6.8530,-6.5705,2.2883,0.2800,-0.4900,-0.2800,0.0096,-0.0168,-0.0096,0
1054592,-6.8650,-6.5777,2.3051,0.3500,-0.7700,0.0000,0.0120,-0.0263,0.0000,0
1054631,-6.8530,-6.5586,2.3218,0.3500,-0.7000,-0.0700,0.0120,-0.0239,-0.0024,0
1054670,-6.8482,-6.5801,2.3170,0.5600,-0.3500,-0.2100,0.0191,-0.0120,-0.0072,0
1054709,-6.8578,-6.5634,2.3099,0.5600,-0.1400,-0.0700,0.0191,-0.0048,-0.0024,0
1054748,-6.8410,-6.5753,2.2955,0.7700,-0.4200,0.0000,0.0263,-0.0144,0.0000,0
1054787,-6.8482,-6.5705,2.3003,0.9800,-0.7700,0.0700,0.0335,-0.0263,0.0024,0
1054826,-6.8650,-6.5610,2.3362,1.0500,-1.1200,0.0700,0.0359,-0.0383,0.0024,0
1054865,-6.8458,-6.5610,2.3506,0.9100,-0.8400,0.3500,0.0311,-0.0287,0.0120,0
1054904,-6.8602,-6.5538,2.3362,0.0700,0.1400,-0.2100,0.0024,0.0048,-0.0072,0
1054943,-6.8554,-6.5658,2.3147,-0.4900,-0.0700,0.0000,-0.0168,-0.0024,0.0000,0
1054982,-6.8362,-6.5753,2.3099,-0.2800,0.0000,0.2800,-0.0096,0.0000,0.0096,0
1055021,-6.8745,-6.5538,2.3290,-0.2100,-0.2100,0.1400,-0.0072,-0.0072,0.0048,0
1055060,-6.8626,-6.5370,2.3386,0.6300,0.1400,-0.4200,0.0215,0.0048,-0.0144,0
1055099,-6.8793,-6.5514,2.3338,-0.4200,0.2800,-0.2800,-0.0144,0.0096,-0.0096,0
1055138,-6.8506,-6.5610,2.3027,-0.5600,0.6300,-0.2800,-0.0191,0.0215,-0.0096,0
1055177,-6.8697,-6.5753,2.2955,-0.4200,0.4200,-0.4900,-0.0144,0.0144,-0.0168,0
1055216,-6.8650,-6.5658,2.2907,-0.4900,0.2100,-0.1400,-0.0168,0.0072,-0.0048,0
1055255,-6.8554,-6.5753,2.2883,-0.5600,0.1400,-0.3500,-0.0191,0.0048,-0.0120,0
1055294,-6.8554,-6.5825,2.2811,-0.9800,0.4200,-0.3500,-0.0335,0.0144,-0.0120,0
1055333,-6.8578,-6.5729,2.2692,-1.1900,0.2100,0.0000,-0.0407,0.0072,0.0000,0
1055372,-6.8674,-6.5634,2.2859,-0.7000,0.3500,-0.3500,-0.0239,0.0120,-0.0120,0
1055411,-6.8602,-6.5969,2.2381,-0.7000,0.9100,-0.4900,-0.0239,0.0311,-0.0168,0
1055450,-6.8602,-6.5873,2.2381,-1.0500,0.4900,-0.2100,-0.0359,0.0168,-0.0072,0
1055489,-6.8602,-6.5921,2.2261,-0.7000,0.2800,-0.3500,-0.0239,0.0096,-0.0120,0
1055528,-6.8458,-6.5777,2.2093,-0.7700,0.2800,-0.0700,-0.0263,0.0096,-0.0024,0
1055567,-6.8721,-6.5945,2.2189,-1.0500,0.7000,-0.4200,-0.0359,0.0239,-0.0144,0
1055606,-6.8674,-6.5969,2.1902,0.1400,0.2100,0.0700,0.0048,0.0072,0.0024,0
1055645,-6.8578,-6.5921,2.1950,0.7000,-0.4200,-0.2100,0.0239,-0.0144,-0.0072,0
1055684,-6.8434,-6.5993,2.1998,1.0500,-0.6300,-0.3500,0.0359,-0.0215,-0.0120,0
1055723,-6.8243,-6.5945,2.1878,0.9100,-0.4900,0.0000,0.0311,-0.0168,0.0000,0
1055762,-6.8410,-6.5921,2.1998,1.1900,-0.7000,0.2800,0.0407,-0.0239,0.0096,0
1055801,-6.8530,-6.5945,2.2045,0.8400,-1.0500,0.1400,0.0287,-0.0359,0.0048,0
1055840,-6.8721,-6.5849,2.2404,0.7700,-1.6100,0.4900,0.0263,-0.0551,0.0168,0
1055879,-6.8793,-6.5729,2.2787,0.7000,-1.6800,0.0700,0.0239,-0.0574,0.0024,0
1055918,-6.8793,-6.5753,2.2764,0.9100,-0.9100,-0.0700,0.0311,-0.0311,-0.0024,0
1055957,-6.8841,-6.5562,2.2668,1.0500,-0.1400,-0.1400,0.0359,-0.0048,-0.0048,0
1055996,-6.8602,-6.5729,2.2644,1.3300,-0.1400,-0.3500,0.0455,-0.0048,-0.0120,0
1056035,-6.8745,-6.5753,2.2644,1.1900,-0.3500,-0.6300,0.0407,-0.0120,-0.0215,0
1056074,-6.8530,-6.5921,2.2548,0.9800,-0.4900,-0.4200,0.0335,-0.0168,-0.0144,0
1056113,-6.8195,-6.5873,2.2596,0.8400,-0.5600,-0.3500,0.0287,-0.0191,-0.0120,0
1056152,-6.8386,-6.5873,2.2668,0.7700,-0.4200,0.0000,0.0263,-0.0144,0.0000,0
1056191,-6.8506,-6.5873,2.2787,0.8400,-0.3500,0.0700,0.0287,-0.0120,0.0024,0
1056230,-6.8697,-6.5753,2.2740,1.3300,-0.0700,-0.0700,0.0455,-0.0024,-0.0024,0
1056269,-6.8602,-6.5610,2.2764,1.0500,-0.9800,0.0700,0.0359,-0.0335,0.0024,0
1056308,-6.8482,-6.5681,2.2931,1.1200,-0.5600,-0.0700,0.0383,-0.0191,-0.0024,0
1056347,-6.8410,-6.5825,2.2907,0.5600,-0.3500,0.0700,0.0191,-0.0120,0.0024,0
1056386,-6.8650,-6.5753,2.3003,0.9800,-0.4200,-0.1400,0.0335,-0.0144,-0.0048,0
1056425,-6.8817,-6.5610,2.3170,0.7000,-0.8400,-0.0700,0.0239,-0.0287,-0.0024,0
1056464,-6.8554,-6.5610,2.3075,0.6300,-1.0500,-0.1400,0.0215,-0.0359,-0.0048,0
1056503,-6.8506,-6.5586,2.3123,0.8400,-0.5600,-0.4200,0.0287,-0.0191,-0.0144,0
1056542,-6.8482,-6.5777,2.3051,0.4900,-0.0700,-0.3500,0.0168,-0.0024,-0.0120,0
1056581,-6.8410,-6.5705,2.3075,0.4900,-0.2800,-0.0700,0.0168,-0.0096,-0.0024,0
1056620,-6.8626,-6.5753,2.3410,0.4900,-0.2800,-0.2800,0.0168,-0.0096,-0.0096,0
1056659,-6.8721,-6.5753,2.3290,0.5600,0.1400,0.0000,0.0191,0.0048,0.0000,0
1056698,-6.8745,-6.5442,2.3147,0.4200,0.2100,-0.2100,0.0144,0.0072,-0.0072,0
1056737,-6.8410,-6.5705,2.3123,0.2800,0.2800,-0.6300,0.0096,0.0096,-0.0215,0
1056776,-6.8506,-6.5825,2.2955,0.3500,0.0000,-0.4900,0.0120,0.0000,-0.0168,0
1056815,-6.8458,-6.5897,2.2979,0.0000,-0.2100,-0.4200,0.0000,-0.0072,-0.0144,0
1056854,-6.8314,-6.6017,2.2931,0.4200,-0.2100,-0.2100,0.0144,-0.0072,-0.0072,0
1056893,-6.8578,-6.5705,2.3027,0.6300,-0.6300,0.0700,0.0215,-0.0215,0.0024,0
1056932,-6.8554,-6.5442,2.3290,0.4200,-0.7700,-0.2100,0.0144,-0.0263,-0.0072,0
1056971,-6.8386,-6.5729,2.3242,0.2100,-0.0700,-0.4900,0.0072,-0.0024,-0.0168,0
1057010,-6.8314,-6.5897,2.2811,0.6300,0.2100,-0.2800,0.0215,0.0072,-0.0096,0
1057049,-6.8434,-6.5825,2.2859,0.7000,-0.4200,0.0700,0.0239,-0.0144,0.0024,0
1057088,-6.8578,-6.5801,2.3051,0.5600,-0.6300,0.0700,0.0191,-0.0215,0.0024,0
1057127,-6.8530,-6.5705,2.3147,0.2100,-0.9800,0.2100,0.0072,-0.0335,0.0072,0
1057166,-6.8482,-6.5681,2.3314,0.6300,-0.6300,0.0700,0.0215,-0.0215,0.0024,0
1057205,-6.8626,-6.5610,2.3506,1.1200,0.2100,-0.4200,0.0383,0.0072,-0.0144,0
1057244,-6.8626,-6.5610,2.3362,0.6300,0.1400,-0.2100,0.0215,0.0048,-0.0072,0
1057283,-6.8386,-6.5586,2.3147,0.7000,0.2800,-0.2800,0.0239,0.0096,-0.0096,0
1057322,-6.8410,-6.5681,2.3075,0.4900,0.0700,-0.2100,0.0168,0.0024,-0.0072,0
1057361,-6.8410,-6.5705,2.3051,0.4900,-0.4200,-0.2100,0.0168,-0.0144,-0.0072,0
1057400,-6.8506,-6.5873,2.3290,0.4900,-0.5600,-0.1400,0.0168,-0.0191,-0.0048,0
1057439,-6.8386,-6.5586,2.3194,0.4900,-0.7700,0.1400,0.0168,-0.0263,0.0048,0
1057478,-6.8578,-6.5658,2.3338,0.3500,-0.7000,-0.2100,0.0120,-0.0239,-0.0072,0
1057517,-6.8482,-6.5729,2.3458,0.2100,-0.4900,-0.1400,0.0072,-0.0168,-0.0048,0
1057556,-6.8506,-6.5562,2.3529,0.0700,-0.1400,-0.0700,0.0024,-0.0048,-0.0024,0
1057595,-6.8482,-6.5658,2.3290,-0.2100,0.4900,-0.4200,-0.0072,0.0168,-0.0144,0
1057634,-6.8362,-6.5849,2.2811,-0.1400,0.7000,-0.3500,-0.0048,0.0239,-0.0120,0
1057673,-6.8410,-6.5825,2.2979,-0.4900,0.2800,0.0000,-0.0168,0.0096,0.0000,0
1057712,-6.8554,-6.5634,2.3027,-0.2800,0.0000,-0.1400,-0.0096,0.0000,-0.0048,0
1057751,-6.8721,-6.5705,2.3147,-0.6300,-0.2100,-0.2100,-0.0215,-0.0072,-0.0072,0
1057790,-6.8291,-6.5681,2.3027,-0.7700,0.0000,-0.2800,-0.0263,0.0000,-0.0096,0
1057829,-6.8386,-6.5849,2.2764,-0.3500,0.6300,-0.3500,-0.0120,0.0215,-0.0120,0
1057868,-6.8602,-6.5897,2.2692,-0.7000,0.5600,-0.0700,-0.0239,0.0191,-0.0024,0
1057907,-6.8410,-6.5849,2.2764,-0.4200,0.3500,0.0000,-0.0144,0.0120,0.0000,0
1057946,-6.8554,-6.5753,2.2620,-0.4200,0.3500,-0.0700,-0.0144,0.0120,-0.0024,0
1057985,-6.8578,-6.5825,2.2524,-0.8400,0.2800,-0.2100,-0.0287,0.0096,-0.0072,0
1058024,-6.8578,-6.5897,2.2428,-0.5600,0.4200,-0.3500,-0.0191,0.0144,-0.0120,0
1058063,-6.8721,-6.6041,2.2524,-0.3500,0.2800,-0.2100,-0.0120,0.0096,-0.0072,0
1058102,-6.8458,-6.5849,2.2237,-0.4900,0.0000,0.0000,-0.0168,0.0000,0.0000,0
1058141,-6.8578,-6.5993,2.2285,-0.4900,0.0000,-0.3500,-0.0168,0.0000,-0.0120,0
1058180,-6.8530,-6.5969,2.2213,0.0700,0.0700,0.1400,0.0024,0.0024,0.0048,0
1058219,-6.8602,-6.5825,2.2309,0.6300,-0.1400,-0.1400,0.0215,-0.0048,-0.0048,0
1058258,-6.8506,-6.5945,2.2261,0.5600,-0.0700,-0.3500,0.0191,-0.0024,-0.0120,0
1058297,-6.8171,-6.6064,2.1902,0.8400,-0.1400,0.0000,0.0287,-0.0048,0.0000,0
1058336,-6.8602,-6.5921,2.2093,1.1200,-0.5600,0.1400,0.0383,-0.0191,0.0048,0
1058375,-6.8889,-6.5873,2.2548,0.7700,-1.0500,0.0700,0.0263,-0.0359,0.0024,0
1058414,-6.8530,-6.5849,2.2452,0.7700,-1.0500,0.0700,0.0263,-0.0359,0.0024,0
1058453,-6.8434,-6.5873,2.2452,1.1200,-1.0500,-0.2100,0.0383,-0.0359,-0.0072,0
1058492,-6.8721,-6.5873,2.2668,1.0500,-0.9100,0.0000,0.0359,-0.0311,0.0000,0
1058531,-6.8530,-6.5873,2.2668,1.1200,-0.6300,0.0700,0.0383,-0.0215,0.0024,0
1058570,-6.8578,-6.5729,2.2787,1.1200,-0.4900,-0.2100,0.0383,-0.0168,-0.0072,0
1058609,-6.8506,-6.5873,2.2764,0.9100,-0.4200,-0.2100,0.0311,-0.0144,-0.0072,0
1058648,-6.8506,-6.5801,2.2740,1.3300,-0.2800,-0.0700,0.0455,-0.0096,-0.0024,0
1058687,-6.8554,-6.5658,2.2716,0.8400,-0.2800,0.0000,0.0287,-0.0096,0.0000,0
1058726,-6.8578,-6.5753,2.2835,0.9100,-0.5600,-0.1400,0.0311,-0.0191,-0.0048,0
1058765,-6.8626,-6.5801,2.3003,0.7000,-0.4900,-0.2100,0.0239,-0.0168,-0.0072,0
1058804,-6.8410,-6.5705,2.2692,0.4200,-0.3500,-0.1400,0.0144,-0.0120,-0.0048,0
1058843,-6.8386,-6.5801,2.2811,0.5600,-0.5600,-0.2100,0.0191,-0.0191,-0.0072,0
1058882,-6.8578,-6.5705,2.3003,0.7700,-0.7000,-0.0700,0.0263,-0.0239,-0.0024,0
1058921,-6.8602,-6.5681,2.2979,0.9100,-0.6300,0.0700,0.0311,-0.0215,0.0024,0
1058960,-6.8554,-6.5586,2.3147,0.9800,-0.1400,-0.3500,0.0335,-0.0048,-0.0120,0
1058999,-6.8674,-6.5681,2.2883,0.7700,0.1400,-0.2800,0.0263,0.0048,-0.0096,0
1059038,-6.8482,-6.5777,2.2955,0.7700,-0.4200,-0.2800,0.0263,-0.0144,-0.0096,0
1059077,-6.8626,-6.5825,2.3170,0.3500,-0.7700,0.0000,0.0120,-0.0263,0.0000,0
1059116,-6.8386,-6.5634,2.3194,0.2100,-0.7000,0.0000,0.0072,-0.0239,0.0000,0
1059155,-6.8482,-6.5705,2.3266,0.7700,-0.4900,-0.2800,0.0263,-0.0168,-0.0096,0
1059194,-6.8578,-6.5681,2.3194,0.5600,-0.1400,-0.3500,0.0191,-0.0048,-0.0120,0
1059233,-6.8410,-6.5681,2.3147,0.4200,0.0000,-0.1400,0.0144,0.0000,-0.0048,0
1059272,-6.8530,-6.5753,2.3170,0.4200,-0.0700,-0.2800,0.0144,-0.0024,-0.0096,0
1059311,-6.8554,-6.5849,2.3147,0.1400,-0.0700,-0.1400,0.0048,-0.0024,-0.0048,0
1059350,-6.8482,-6.5658,2.3099,0.4900,-0.2100,-0.2100,0.0168,-0.0072,-0.0072,0
1059389,-6.8362,-6.5658,2.2931,0.4200,-0.1400,-0.1400,0.0144,-0.0048,-0.0048,0
1059428,-6.8338,-6.5801,2.2979,0.0000,-0.3500,-0.2800,0.0000,-0.0120,-0.0096,0
1059467,-6.8458,-6.5753,2.3194,0.5600,-0.5600,0.0000,0.0191,-0.0191,0.0000,0
1059506,-6.8602,-6.5681,2.3170,0.4900,-0.2800,0.2100,0.0168,-0.0096,0.0072,0
1059545,-6.8530,-6.5586,2.3147,0.1400,-0.4900,0.0700,0.0048,-0.0168,0.0024,0
1059584,-6.8506,-6.5777,2.3170,0.2800,-0.4900,-0.1400,0.0096,-0.0168,-0.0048,0
1059623,-6.8961,-6.5514,2.3577,0.7700,-0.3500,-0.0700,0.0263,-0.0120,-0.0024,0
1059662,-6.8482,-6.5490,2.3338,0.4900,0.0700,-0.3500,0.0168,0.0024,-0.0120,0
1059701,-6.8362,-6.5729,2.2859,0.9100,0.1400,-0.3500,0.0311,0.0048,-0.0120,0
1059740,-6.8362,-6.5658,2.3051,0.2100,-0.6300,-0.1400,0.0072,-0.0215,-0.0048,0
1059779,-6.8458,-6.5658,2.3147,0.3500,-0.7700,-0.0700,0.0120,-0.0263,-0.0024,0
1059818,-6.8243,-6.5705,2.3290,0.4200,-0.7000,-0.1400,0.0144,-0.0239,-0.0048,0
1059857,-6.8434,-6.5729,2.3362,0.9100,-0.4200,-0.2100,0.0311,-0.0144,-0.0072,0
1059896,-6.8602,-6.5586,2.3266,0.6300,-0.5600,0.1400,0.0215,-0.0191,0.0048,0
1059935,-6.8626,-6.5562,2.3362,0.2800,-0.5600,-0.2100,0.0096,-0.0191,-0.0072,0
1059974,-6.8506,-6.5681,2.3458,0.0700,-0.4900,-0.1400,0.0024,-0.0168,-0.0048,0
1060013,-6.8458,-6.5658,2.3362,-0.0700,0.0700,-0.2100,-0.0024,0.0024,-0.0072,0
1060052,-6.8362,-6.5753,2.3218,-0.0700,0.5600,-0.4900,-0.0024,0.0191,-0.0168,0
1060091,-6.8602,-6.5801,2.3194,-0.2800,0.7700,-0.3500,-0.0096,0.0263,-0.0120,0
1060130,-6.8362,-6.5681,2.3051,-0.6300,0.4200,0.2100,-0.0215,0.0144,0.0072,0
1060169,-6.8602,-6.5681,2.2979,-0.0700,0.5600,-0.3500,-0.0024,0.0191,-0.0120,0
1060208,-6.8650,-6.5610,2.3051,-0.8400,0.3500,-0.2800,-0.0287,0.0120,-0.0096,0
1060247,-6.8386,-6.5729,2.2764,-0.9100,0.4900,-0.1400,-0.0311,0.0168,-0.0048,0
1060286,-6.8506,-6.5921,2.2764,-0.9800,0.2800,-0.0700,-0.0335,0.0096,-0.0024,0
1060325,-6.8554,-6.5705,2.2859,-0.3500,0.1400,-0.2100,-0.0120,0.0048,-0.0072,0
1060364,-6.8458,-6.5634,2.2572,-0.4200,0.3500,-0.3500,-0.0144,0.0120,-0.0120,0
1060403,-6.8338,-6.5993,2.2333,-0.7000,0.4900,-0.2800,-0.0239,0.0168,-0.0096,0
1060442,-6.8554,-6.5658,2.2404,-0.7000,0.1400,0.1400,-0.0239,0.0048,0.0048,0
1060481,-6.8817,-6.5681,2.2644,-0.2800,0.0000,-0.2100,-0.0096,0.0000,-0.0072,0
1060520,-6.8650,-6.6112,2.2572,-0.9100,0.4200,-0.7000,-0.0311,0.0144,-0.0239,0
1060559,-6.8530,-6.6136,2.2117,-1.0500,0.4200,-0.4900,-0.0359,0.0144,-0.0168,0
1060598,-6.8482,-6.5993,2.2213,0.0700,-0.0700,-0.2100,0.0024,-0.0024,-0.0072,0
1060637,-6.8051,-6.5945,2.1830,0.1400,0.0000,0.2800,0.0048,0.0000,0.0096,0
1060676,-6.8482,-6.5849,2.1830,0.4200,-0.2100,-0.0700,0.0144,-0.0072,-0.0024,0
1060715,-6.8841,-6.6088,2.2404,0.9800,-0.8400,0.0000,0.0335,-0.0287,0.0000,0
1060754,-6.8458,-6.5873,2.2237,0.7700,-0.7700,0.7000,0.0263,-0.0263,0.0239,0
1060793,-6.8530,-6.5825,2.2189,1.6800,-0.6300,-0.2800,0.0574,-0.0215,-0.0096,0
1060832,-6.8769,-6.5777,2.2572,1.4700,-1.1200,-0.2100,0.0503,-0.0383,-0.0072,0
1060871,-6.8410,-6.5993,2.2428,1.5400,-1.2600,-0.0700,0.0527,-0.0431,-0.0024,0
1060910,-6.8578,-6.5849,2.2572,1.6800,-1.3300,0.0700,0.0574,-0.0455,0.0024,0
1060949,-6.8338,-6.5753,2.2787,0.8400,-1.1900,-0.1400,0.0287,-0.0407,-0.0048,0
1060988,-6.8458,-6.5801,2.2859,1.1900,-0.4900,0.0700,0.0407,-0.0168,0.0024,0
1061027,-6.8674,-6.5705,2.3003,1.6800,-0.3500,0.0000,0.0574,-0.0120,0.0000,0
1061066,-6.8745,-6.5610,2.2955,1.8200,-0.4200,-0.2800,0.0622,-0.0144,-0.0096,0
1061105,-6.8458,-6.5801,2.2764,0.6300,-0.4900,-0.2100,0.0215,-0.0168,-0.0072,0
1061144,-6.8314,-6.5825,2.2764,0.9100,-0.9800,0.0700,0.0311,-0.0335,0.0024,0
1061183,-6.8769,-6.5681,2.3338,0.5600,-0.7700,-0.0700,0.0191,-0.0263,-0.0024,0
1061222,-6.8554,-6.5681,2.3170,0.7000,-0.3500,0.0000,0.0239,-0.0120,0.0000,0
1061261,-6.8697,-6.5610,2.3218,0.9800,-0.1400,-0.2100,0.0335,-0.0048,-0.0072,0
1061300,-6.8578,-6.5705,2.3266,0.2800,-0.1400,-0.3500,0.0096,-0.0048,-0.0120,0
1061339,-6.8458,-6.5753,2.2979,0.7700,0.1400,-0.2100,0.0263,0.0048,-0.0072,0
1061378,-6.8650,-6.5753,2.3027,0.6300,-0.0700,-0.1400,0.0215,-0.0024,-0.0048,0
1061417,-6.8458,-6.5777,2.3075,0.5600,-0.1400,-0.1400,0.0191,-0.0048,-0.0048,0
1061456,-6.8650,-6.5658,2.3099,0.4900,-0.2800,-0.1400,0.0168,-0.0096,-0.0048,0
1061495,-6.8626,-6.5658,2.3147,0.2100,-0.3500,-0.2800,0.0072,-0.0120,-0.0096,0
1061534,-6.8434,-6.5681,2.3170,0.2800,-0.4200,-0.1400,0.0096,-0.0144,-0.0048,0
1061573,-6.8506,-6.5729,2.3147,0.2100,17.8500,-0.4200,0.0072,0.6104,-0.0144,0
1061612,-6.8626,-6.5729,2.3099,0.2800,-0.3500,-0.2100,0.0096,-0.0120,-0.0072,0
1061651,-6.8386,-6.5658,2.3123,0.0700,-0.4200,-0.1400,0.0024,-0.0144,-0.0048,0
1061690,-6.8219,-6.5729,2.2955,0.5600,-0.4200,0.0700,0.0191,-0.0144,0.0024,0
1061729,-6.8865,-6.5610,2.3458,0.7700,-0.2100,-0.2800,0.0263,-0.0072,-0.0096,0
1061768,-6.8482,-6.5849,2.3290,0.7000,0.0000,-0.2100,0.0239,0.0000,-0.0072,0
1061807,-6.8434,-6.5729,2.2883,0.6300,0.2800,-0.0700,0.0215,0.0096,-0.0024,0
1061846,-6.8578,-6.5610,2.3218,0.3500,-0.4900,-0.1400,0.0120,-0.0168,-0.0048,0
1061885,-6.8578,-6.5634,2.3147,0.5600,-0.4900,-0.1400,0.0191,-0.0168,-0.0048,0
1061924,-6.8434,-6.5681,2.3147,0.4200,-0.6300,-0.2100,0.0144,-0.0215,-0.0072,0
1061963,-6.8434,-6.5873,2.3218,0.5600,-0.5600,-0.3500,0.0191,-0.0191,-0.0120,0
1062002,-6.8434,-6.5825,2.3027,0.4900,-0.4900,-0.1400,0.0168,-0.0168,-0.0048,0
1062041,-6.8338,-6.5610,2.3218,0.6300,-0.8400,0.0700,0.0215,-0.0287,0.0024,0
1062080,-6.8554,-6.5610,2.3410,1.2600,-0.7000,0.0000,0.0431,-0.0239,0.0000,0
1062119,-6.8602,-6.5514,2.3410,0.9800,-0.4900,0.2800,0.0335,-0.0168,0.0096,0
1062158,-6.8602,-6.5466,2.3506,0.5600,-0.4900,0.0700,0.0191,-0.0168,0.0024,0
1062197,-6.8530,-6.5610,2.3506,0.1400,-0.2100,-0.3500,0.0048,-0.0072,-0.0120,0
1062236,-6.8697,-6.5681,2.3577,-0.2100,-0.0700,-0.2800,-0.0072,-0.0024,-0.0096,0
1062275,-6.8434,-6.5490,2.3290,-0.2100,0.1400,-0.0700,-0.0072,0.0048,-0.0024,0
1062314,-6.8506,-6.5658,2.3218,-0.7700,0.4200,-0.4200,-0.0263,0.0144,-0.0144,0
1062353,-6.8434,-6.5825,2.3218,-1.1200,0.7700,-0.3500,-0.0383,0.0263,-0.0120,0
1062392,-6.8386,-6.5753,2.2979,-0.7700,0.7000,-0.2100,-0.0263,0.0239,-0.0072,0
1062431,-6.8506,-6.5801,2.2931,-0.3500,0.6300,-0.1400,-0.0120,0.0215,-0.0048,0
1062470,-6.8410,-6.5681,2.2859,-0.8400,0.7000,-0.0700,-0.0287,0.0239,-0.0024,0
1062509,-6.8674,-6.5729,2.2787,-0.6300,0.3500,-0.3500,-0.0215,0.0120,-0.0120,0
1062548,-6.8697,-6.5753,2.2764,-0.5600,-0.0700,-0.2800,-0.0191,-0.0024,-0.0096,0
1062587,-6.8410,-6.5801,2.2596,-0.7700,-0.3500,-0.4200,-0.0263,-0.0120,-0.0144,0
1062626,-6.8482,-6.5849,2.2548,-0.7700,-0.2100,-0.4900,-0.0263,-0.0072,-0.0168,0
1062665,-6.8291,-6.5873,2.2524,-0.9100,-0.1400,-0.2100,-0.0311,-0.0048,-0.0072,0
1062704,-6.8410,-6.5945,2.2476,-0.5600,0.3500,-0.1400,-0.0191,0.0120,-0.0048,0
1062743,-6.8674,-6.5969,2.2500,-0.0700,0.4900,0.0000,-0.0024,0.0168,0.0000,0
1062782,-6.8554,-6.5921,2.2213,0.2100,0.5600,0.1400,0.0072,0.0191,0.0048,0
1062821,-6.8817,-6.5921,2.2333,0.2800,0.2100,-0.0700,0.0096,0.0072,-0.0024,0
1062860,-6.8554,-6.5897,2.2452,0.6300,-0.1400,-0.2800,0.0215,-0.0048,-0.0096,0
1062899,-6.8602,-6.5825,2.2261,0.9100,0.0000,0.0000,0.0311,0.0000,0.0000,0
1062938,-6.8554,-6.5897,2.2141,1.0500,-1.1200,-0.2100,0.0359,-0.0383,-0.0072,0
1062977,-6.8362,-6.5945,2.2428,0.9100,-1.8200,-0.3500,0.0311,-0.0622,-0.0120,0
1063016,-6.8219,-6.6064,2.2596,1.4000,-1.5400,0.0000,0.0479,-0.0527,0.0000,0
1063055,-6.8434,-6.5849,2.2668,1.4700,-1.2600,0.3500,0.0503,-0.0431,0.0120,0
1063094,-6.8626,-6.5873,2.3170,1.9600,-1.3300,-0.2800,0.0670,-0.0455,-0.0096,0
1063133,-6.8434,-6.5729,2.2907,1.4000,-0.4900,-0.2800,0.0479,-0.0168,-0.0096,0
1063172,-6.8458,-6.5705,2.2716,1.6100,-0.1400,-0.2100,0.0551,-0.0048,-0.0072,0
1063211,-6.8482,-6.5921,2.2883,0.9100,-0.7700,-0.2100,0.0311,-0.0263,-0.0072,0
1063250,-6.8889,-6.6017,2.3218,0.1400,-0.9100,0.1400,0.0048,-0.0311,0.0048,0
1063289,-6.8554,-6.5658,2.3123,0.9100,-1.2600,0.4200,0.0311,-0.0431,0.0144,0
1063328,-6.8362,-6.5514,2.3075,1.8200,-0.9100,-0.2100,0.0622,-0.0311,-0.0072,0
1063367,-6.8745,-6.5538,2.3482,0.4900,-0.5600,-0.4900,0.0168,-0.0191,-0.0168,0
1063406,-6.8434,-6.5801,2.3410,0.9100,-0.2100,-0.4200,0.0311,-0.0072,-0.0144,0
1063445,-6.8697,-6.5634,2.3458,1.0500,0.0000,-0.2800,0.0359,0.0000,-0.0096,0
1063484,-6.8362,-6.5538,2.3290,0.4200,0.2100,-0.4200,0.0144,0.0072,-0.0144,0
1063523,-6.8267,-6.5586,2.2883,0.7000,0.3500,-0.2800,0.0239,0.0120,-0.0096,0
1063562,-6.8434,-6.5849,2.3099,0.3500,-0.2800,-0.5600,0.0120,-0.0096,-0.0191,0
1063601,-6.8267,-6.5945,2.3290,0.3500,-0.8400,-0.0700,0.0120,-0.0287,-0.0024,0
1063640,-6.8362,-6.5849,2.3338,0.7700,-0.5600,-0.0700,0.0263,-0.0191,-0.0024,0
1063679,-6.8578,-6.5538,2.3338,0.1400,-0.6300,0.6300,0.0048,-0.0215,0.0215,0
1063718,-6.8482,-6.5322,2.3673,1.1200,-0.5600,-0.4200,0.0383,-0.0191,-0.0144,0
1063757,-6.8530,-6.5610,2.3745,0.6300,-0.0700,-0.4900,0.0215,-0.0024,-0.0168,0
1063796,-6.8458,-6.5777,2.3314,0.5600,0.3500,-0.3500,0.0191,0.0120,-0.0120,0
1063835,-6.8410,-6.5873,2.3123,0.2800,-0.2800,-0.2100,0.0096,-0.0096,-0.0072,0
1063874,-6.8482,-6.5681,2.3290,0.2100,-0.5600,-0.0700,0.0072,-0.0191,-0.0024,0
1063913,-6.8458,-6.5562,2.3625,0.3500,-0.7000,-0.4200,0.0120,-0.0239,-0.0144,0
1063952,-6.8602,-6.5753,2.3577,0.2800,0.0000,-0.6300,0.0096,0.0000,-0.0215,0
1063991,-6.8338,-6.5777,2.3338,0.1400,0.2800,-0.4200,0.0048,0.0096,-0.0144,0
1064030,-6.7860,-6.5897,2.3075,0.3500,0.4200,-0.4200,0.0120,0.0144,-0.0144,0
1064069,-6.8458,-6.5969,2.3290,0.2800,0.7000,-0.7700,0.0096,0.0239,-0.0263,0
1064108,-6.8506,-6.5897,2.3218,0.2800,0.0700,0.0700,0.0096,0.0024,0.0024,0
1064147,-6.7955,-6.5610,2.2692,1.3300,-0.4900,0.3500,0.0455,-0.0168,0.0120,0
1064186,-6.8291,-6.5490,2.3003,0.6300,-1.2600,0.0700,0.0215,-0.0431,0.0024,0
1064225,-6.8410,-6.5681,2.3697,0.2800,-1.5400,-0.3500,0.0096,-0.0527,-0.0120,0
1064264,-6.8243,-6.6017,2.3458,0.7700,0.0000,0.3500,0.0263,0.0000,0.0120,0
1064303,-6.8482,-6.5705,2.3266,1.0500,0.3500,0.5600,0.0359,0.0120,0.0191,0
1064342,-6.8578,-6.5370,2.3290,1.4000,-0.2800,0.1400,0.0479,-0.0096,0.0048,0
1064381,-6.8937,-6.5562,2.3529,1.1900,-1.3300,-0.2800,0.0407,-0.0455,-0.0096,0
1064420,-6.8195,-6.5658,2.3697,1.1200,-1.8900,0.0000,0.0383,-0.0646,0.0000,0
1064459,-6.8195,-6.5801,2.3673,0.7700,-0.9100,-0.2100,0.0263,-0.0311,-0.0072,0
1064498,-6.8386,-6.5562,2.4104,0.1400,-0.1400,-0.1400,0.0048,-0.0048,-0.0048,0
1064537,-6.8554,-6.5586,2.3912,-0.0700,0.4200,0.0700,-0.0024,0.0144,0.0024,0
1064576,-6.8434,-6.5634,2.3625,-0.3500,0.5600,-0.2100,-0.0120,0.0191,-0.0072,0
1064615,-6.8338,-6.5681,2.3553,-0.5600,0.2100,-0.4200,-0.0191,0.0072,-0.0144,0
1064654,-6.8195,-6.5801,2.3410,-0.2800,0.4900,-0.4900,-0.0096,0.0168,-0.0168,0
1064693,-6.8434,-6.5705,2.3362,-0.7700,0.9100,-0.2100,-0.0263,0.0311,-0.0072,0
1064732,-6.8386,-6.5873,2.3242,-0.6300,0.9100,-0.3500,-0.0215,0.0311,-0.0120,0
1064771,-6.8458,-6.5753,2.3003,-0.7700,0.6300,-0.2100,-0.0263,0.0215,-0.0072,0
1064810,-6.8386,-6.5705,2.2979,-0.4200,0.0700,-0.1400,-0.0144,0.0024,-0.0048,0
1064849,-6.8482,-6.5777,2.3170,-0.4900,0.0000,-0.3500,-0.0168,0.0000,-0.0120,0
1064888,-6.8338,-6.5825,2.3051,-0.5600,0.0700,-0.2100,-0.0191,0.0024,-0.0072,0
1064927,-6.8434,-6.5969,2.2955,-1.1200,0.4900,-0.5600,-0.0383,0.0168,-0.0191,0
1064966,-6.8362,-6.5897,2.2740,-0.9800,0.5600,0.0700,-0.0335,0.0191,0.0024,0
1065005,-6.8314,-6.5849,2.2596,-0.5600,0.3500,-0.1400,-0.0191,0.0120,-0.0048,0
1065044,-6.8482,-6.5945,2.2668,-0.5600,0.7700,-0.2800,-0.0191,0.0263,-0.0096,0
1065083,-6.8314,-6.6041,2.2381,-0.2800,0.4900,0.1400,-0.0096,0.0168,0.0048,0
1065122,-6.8506,-6.5729,2.2524,0.6300,-0.3500,-0.3500,0.0215,-0.0120,-0.0120,0
1065161,-6.8721,-6.5993,2.2596,0.7700,-0.4200,-0.4200,0.0263,-0.0144,-0.0144,0
1065200,-6.8219,-6.6017,2.2452,0.4200,-0.7000,0.0000,0.0144,-0.0239,0.0000,0
1065239,-6.8267,-6.5873,2.2524,0.9800,-0.5600,-0.1400,0.0335,-0.0191,-0.0048,0
1065278,-6.8458,-6.5801,2.2548,1.1900,-0.8400,0.1400,0.0407,-0.0287,0.0048,0
1065317,-6.8434,-6.5873,2.2787,1.1900,-0.9100,-0.2100,0.0407,-0.0311,-0.0072,0
1065356,-6.8506,-6.5873,2.2811,1.3300,-0.8400,-0.1400,0.0455,-0.0287,-0.0048,0
1065395,-6.8195,-6.5825,2.2764,1.3300,-0.7000,0.2100,0.0455,-0.0239,0.0072,0
1065434,-6.8410,-6.5681,2.2740,1.6100,-0.7700,0.1400,0.0551,-0.0263,0.0048,0
1065473,-6.8650,-6.5729,2.3170,1.1900,-1.1200,-0.2100,0.0407,-0.0383,-0.0072,0
1065512,-6.8434,-6.5777,2.3266,1.0500,-1.1200,-0.3500,0.0359,-0.0383,-0.0120,0
1065551,-6.8410,-6.5849,2.3242,1.2600,-0.4200,17.5700,0.0431,-0.0144,0.6008,0
1065590,-6.8219,-6.5634,2.3051,1.1900,-0.6300,0.2800,0.0407,-0.0215,0.0096,0
1065629,-6.8362,-6.5705,2.3338,0.9800,-0.7000,-0.3500,0.0335,-0.0239,-0.0120,0
1065668,-6.8578,-6.5993,2.3434,0.9800,-0.4200,-0.4200,0.0335,-0.0144,-0.0144,0
1065707,-6.8338,-6.5610,2.3410,0.6300,-0.7700,0.5600,0.0215,-0.0263,0.0191,0
1065746,-6.8362,-6.5490,2.3314,0.6300,-0.4900,0.0700,0.0215,-0.0168,0.0024,0
1065785,-6.8554,-6.5610,2.3553,0.8400,-0.5600,0.0700,0.0287,-0.0191,0.0024,0
1065824,-6.8578,-6.5538,2.3697,1.0500,-0.6300,-0.3500,0.0359,-0.0215,-0.0120,0
1065863,-6.8506,-6.5753,2.3577,0.6300,-0.0700,-0.4200,0.0215,-0.0024,-0.0144,0
1065902,-6.8386,-6.5729,2.3434,0.1400,-0.0700,-0.2800,0.0048,-0.0024,-0.0096,0
1065941,-6.8410,-6.5610,2.3506,0.9100,-0.2100,-0.3500,0.0311,-0.0072,-0.0120,0
1065980,-6.8482,-6.5777,2.3601,0.6300,0.0700,-0.4200,0.0215,0.0024,-0.0144,0
1066019,-6.8482,-6.5681,2.3338,0.3500,-0.1400,-0.2100,0.0120,-0.0048,-0.0072,0
1066058,-6.8362,-6.5753,2.3410,0.2100,-0.4200,-0.2100,0.0072,-0.0144,-0.0072,0
1066097,-6.8458,-6.5705,2.3601,0.4200,-0.5600,-0.0700,0.0144,-0.0191,-0.0024,0
1066136,-6.8530,-6.5681,2.3625,0.4900,-0.1400,-0.1400,0.0168,-0.0048,-0.0048,0
1066175,-6.8482,-6.5634,2.3482,0.3500,-0.2100,-0.2100,0.0120,-0.0072,-0.0072,0
1066214,-6.8219,-6.5873,2.3314,0.3500,-0.3500,-0.2100,0.0120,-0.0120,-0.0072,0
1066253,-6.8243,-6.5753,2.3553,0.7700,-0.3500,0.0000,0.0263,-0.0120,0.0000,0
1066292,-6.8578,-6.5610,2.3721,0.2800,-0.2800,0.0000,0.0096,-0.0096,0.0000,0
1066331,-6.8458,-6.5681,2.3601,0.4200,0.2100,-0.2100,0.0144,0.0072,-0.0072,0
1066370,-6.8434,-6.5466,2.3482,0.5600,0.1400,-0.0700,0.0191,0.0048,-0.0024,0
1066409,-6.8458,-6.5610,2.3625,0.4200,-0.4900,-0.3500,0.0144,-0.0168,-0.0120,0
1066448,-6.8314,-6.5729,2.3458,0.3500,-0.6300,-0.2800,0.0120,-0.0215,-0.0096,0
1066487,-6.8219,-6.5849,2.3434,0.3500,-0.9100,-0.5600,0.0120,-0.0311,-0.0191,0
1066526,-6.8099,-6.5921,2.3577,0.8400,-0.7700,-0.0700,0.0287,-0.0263,-0.0024,0
1066565,-6.8338,-6.5586,2.3721,0.7000,-0.7000,0.3500,0.0239,-0.0239,0.0120,0
1066604,-6.8291,-6.5514,2.3649,1.0500,-0.7700,0.3500,0.0359,-0.0263,0.0120,0
1066643,-6.8410,-6.5514,2.3817,0.5600,-0.4900,-0.0700,0.0191,-0.0168,-0.0024,0
1066682,-6.8386,-6.5753,2.3889,-0.2800,0.1400,-0.1400,-0.0096,0.0048,-0.0048,0
1066721,-6.8362,-6.5753,2.3745,-0.3500,0.4200,-0.0700,-0.0120,0.0144,-0.0024,0
1066760,-6.8554,-6.5538,2.3697,-0.7700,0.6300,-0.1400,-0.0263,0.0215,-0.0048,0
1066799,-6.8362,-6.5658,2.3625,-0.6300,0.7700,-0.3500,-0.0215,0.0263,-0.0120,0
1066838,-6.8817,-6.5705,2.3553,-1.7500,1.6800,-0.9100,-0.0598,0.0574,-0.0311,0
1066877,-6.8243,-6.5634,2.2883,-1.1200,0.6300,0.3500,-0.0383,0.0215,0.0120,0
1066916,-6.8506,-6.5897,2.3194,-0.2800,0.3500,-1.1900,-0.0096,0.0120,-0.0407,0
1066955,-6.8267,-6.6017,2.3027,-0.6300,0.8400,-0.4900,-0.0215,0.0287,-0.0168,0
1066994,-6.8171,-6.6017,2.2596,-1.1900,1.1200,0.2800,-0.0407,0.0383,0.0096,0
1067033,-6.8291,-6.5729,2.2692,-0.7700,0.9100,0.4200,-0.0263,0.0311,0.0144,0
1067072,-6.8841,-6.5801,2.2692,-0.1400,0.6300,-0.2100,-0.0048,0.0215,-0.0072,0
1067111,-6.8721,-6.5873,2.2835,-0.3500,0.0000,-0.0700,-0.0120,0.0000,-0.0024,0
1067150,-6.8530,-6.5921,2.2596,-0.7000,-0.1400,-0.0700,-0.0239,-0.0048,-0.0024,0
1067189,-6.8386,-6.5993,2.2404,-0.9800,-0.0700,-0.2100,-0.0335,-0.0024,-0.0072,0
1067228,-6.8554,-6.5873,2.2692,-0.4900,-0.0700,0.0000,-0.0168,-0.0024,0.0000,0
1067267,-6.8721,-6.5897,2.2524,0.4900,0.3500,0.0000,0.0168,0.0120,0.0000,0
1067306,-6.8482,-6.5610,2.2237,0.9100,0.0700,0.0000,0.0311,0.0024,0.0000,0
1067345,-6.8793,-6.5993,2.2524,0.2800,-0.5600,-0.7700,0.0096,-0.0191,-0.0263,0
1067384,-6.8267,-6.5945,2.2381,0.4200,-0.6300,0.0700,0.0144,-0.0215,0.0024,0
1067423,-6.8171,-6.5777,2.2309,1.0500,-0.4900,0.0000,0.0359,-0.0168,0.0000,0
1067462,-6.8362,-6.5969,2.2500,0.9800,-0.2800,-0.4900,0.0335,-0.0096,-0.0168,0
1067501,-6.8578,-6.5921,2.2572,1.0500,-0.7000,-0.2800,0.0359,-0.0239,-0.0096,0
1067540,-6.8482,-6.5945,2.2596,1.0500,-0.9800,-0.0700,0.0359,-0.0335,-0.0024,0
1067579,-6.8267,-6.5849,2.2524,0.7700,-0.7700,0.0700,0.0263,-0.0263,0.0024,0
1067618,-6.8434,-6.5825,2.2548,0.7700,-0.4200,0.0000,0.0263,-0.0144,0.0000,0
1067657,-6.8674,-6.5777,2.2787,0.9800,-0.5600,-0.1400,0.0335,-0.0191,-0.0048,0
1067696,-6.8769,-6.5825,2.2907,0.7000,-0.7700,-0.0700,0.0239,-0.0263,-0.0024,0
1067735,-6.8314,-6.5873,2.2716,0.4900,-0.7700,-0.2100,0.0168,-0.0263,-0.0072,0
1067774,-6.8458,-6.5825,2.2835,0.6300,-0.5600,-0.2800,0.0215,-0.0191,-0.0096,0
1067813,-6.8410,-6.5801,2.3003,0.7000,-0.6300,-0.2800,0.0239,-0.0215,-0.0096,0
1067852,-6.8602,-6.5825,2.2979,0.7700,-0.2100,-0.1400,0.0263,-0.0072,-0.0048,0
1067891,-6.8554,-6.5825,2.2883,0.5600,-0.4900,-0.1400,0.0191,-0.0168,-0.0048,0
1067930,-6.8291,-6.5849,2.2955,0.5600,-0.3500,-0.3500,0.0191,-0.0120,-0.0120,0
1067969,-6.8386,-6.5921,2.2835,0.7000,-0.2800,-0.2100,0.0239,-0.0096,-0.0072,0
1068008,-6.8458,-6.5897,2.3170,0.4200,-0.2100,0.0000,0.0144,-0.0072,0.0000,0
1068047,-6.8578,-6.5801,2.3099,0.7700,0.1400,-0.0700,0.0263,0.0048,-0.0024,0
1068086,-6.8530,-6.5634,2.2931,0.4900,-0.0700,-0.2100,0.0168,-0.0024,-0.0072,0
1068125,-6.8243,-6.5993,2.2787,0.4900,-0.1400,-0.2800,0.0168,-0.0048,-0.0096,0
1068164,-6.8362,-6.5873,2.2859,0.9800,-0.3500,0.1400,0.0335,-0.0120,0.0048,0
1068203,-6.8602,-6.5610,2.3147,0.5600,-0.6300,0.0700,0.0191,-0.0215,0.0024,0
1068242,-6.8195,-6.5873,2.2859,0.6300,-0.3500,-0.2100,0.0215,-0.0120,-0.0072,0
1068281,-6.8362,-6.5873,2.2931,0.5600,-0.7000,0.0700,0.0191,-0.0239,0.0024,0
1068320,-6.8650,-6.5729,2.3314,0.5600,-0.9100,0.1400,0.0191,-0.0311,0.0048,0
1068359,-6.8410,-6.5681,2.3147,0.4200,-0.8400,0.2100,0.0144,-0.0287,0.0072,0
1068398,-6.8482,-6.5825,2.3362,0.6300,-0.7700,-0.4200,0.0215,-0.0263,-0.0144,0
1068437,-6.8434,-6.5729,2.3362,0.5600,-0.6300,-0.2100,0.0191,-0.0215,-0.0072,0
1068476,-6.8219,-6.5753,2.3242,0.7700,-0.2800,0.0700,0.0263,-0.0096,0.0024,0
1068515,-6.8578,-6.5681,2.3338,1.0500,0.0000,-0.2100,0.0359,0.0000,-0.0072,0
1068554,-6.8602,-6.5705,2.3434,0.7000,-0.1400,-0.2100,0.0239,-0.0048,-0.0072,0
1068593,-6.8362,-6.5658,2.3290,0.2800,-0.2100,0.0000,0.0096,-0.0072,0.0000,0
1068632,-6.8291,-6.5634,2.3242,0.0000,-0.0700,-0.2800,0.0000,-0.0024,-0.0096,0
1068671,-6.8410,-6.5801,2.3290,0.0000,0.3500,-0.1400,0.0000,0.0120,-0.0048,0
1068710,-6.8578,-6.5753,2.3194,-0.2800,0.2100,-0.2800,-0.0096,0.0072,-0.0096,0
1068749,-6.8291,-6.5993,2.3123,-0.7000,0.1400,-0.2800,-0.0239,0.0048,-0.0096,0
1068788,-6.8458,-6.5705,2.3027,-0.4900,0.2800,-0.0700,-0.0168,0.0096,-0.0024,0
1068827,-6.8482,-6.5681,2.2931,-0.1400,0.3500,-0.2800,-0.0048,0.0120,-0.0096,0
1068866,-6.8267,-6.5921,2.2716,-0.4900,0.4900,-0.2800,-0.0168,0.0168,-0.0096,0
1068905,-6.8267,-6.5969,2.2596,-0.5600,0.2800,-0.0700,-0.0191,0.0096,-0.0024,0
1068944,-6.8482,-6.5825,2.2859,-0.2800,-0.2800,0.0700,-0.0096,-0.0096,0.0024,0
1068983,-6.8674,-6.5681,2.2859,-0.4200,-0.3500,0.1400,-0.0144,-0.0120,0.0048,0
1069022,-6.8410,-6.5849,2.2787,-0.7000,-0.4900,0.0000,-0.0239,-0.0168,0.0000,0
1069061,-6.8674,-6.5801,2.2883,-0.2100,0.0700,-0.4200,-0.0072,0.0024,-0.0144,0
1069100,-6.8626,-6.5945,2.2740,-0.9100,0.4200,-0.1400,-0.0311,0.0144,-0.0048,0
1069139,-6.8434,-6.5969,2.2524,-0.4900,0.7000,-0.2100,-0.0168,0.0239,-0.0072,0
1069178,-6.8482,-6.5969,2.2404,-0.7700,0.6300,-0.2100,-0.0263,0.0215,-0.0072,0
1069217,-6.8841,-6.5969,2.2476,-1.6100,0.7000,-0.6300,-0.0551,0.0239,-0.0215,0
1069256,-6.8171,-6.5993,2.2285,-0.3500,0.2100,-0.3500,-0.0120,0.0072,-0.0120,0
1069295,-6.8243,-6.6304,2.1950,0.4200,1.0500,-0.4200,0.0144,0.0359,-0.0144,0
1069334,-6.8650,-6.5705,2.1974,0.0700,0.9800,-0.2800,0.0024,0.0335,-0.0096,0
1069373,-6.8458,-6.6041,2.2141,-0.2100,0.5600,-1.5400,-0.0072,0.0191,-0.0527,0
1069412,-6.8362,-6.6447,2.1950,-0.2100,1.1900,-1.1900,-0.0072,0.0407,-0.0407,0
1069451,-6.8817,-6.6184,2.1974,0.0000,0.4900,-0.4200,0.0000,0.0168,-0.0144,0
1069490,-6.8099,-6.6041,2.1902,0.5600,-0.5600,-0.7000,0.0191,-0.0191,-0.0239,0
1069529,-6.8051,-6.6591,2.1710,1.8900,0.2800,-1.1900,0.0646,0.0096,-0.0407,0
1069568,-6.8674,-6.5921,2.2213,1.1900,-0.8400,-0.5600,0.0407,-0.0287,-0.0191,0
1069607,-6.8386,-6.6328,2.2141,0.2100,-0.5600,-0.8400,0.0072,-0.0191,-0.0287,0
1069646,-6.8219,-6.6519,2.2093,0.4900,-0.8400,-0.6300,0.0168,-0.0287,-0.0215,0
1069685,-6.8171,-6.6304,2.2237,1.6100,-1.1200,-0.5600,0.0551,-0.0383,-0.0191,0
1069724,-6.8195,-6.6352,2.2213,0.4900,-0.3500,-0.4200,0.0168,-0.0120,-0.0144,0
1069763,-6.7979,-6.6352,2.1950,-0.4200,-0.1400,-0.0700,-0.0144,-0.0048,-0.0024,0
1069802,-6.8075,-6.6424,2.1806,1.5400,-0.8400,0.1400,0.0527,-0.0287,0.0048,0
1069841,-6.8362,-6.6064,2.2524,1.8200,-2.0300,0.4200,0.0622,-0.0694,0.0144,0
1069880,-6.8243,-6.6017,2.2548,0.9100,-1.1900,0.2800,0.0311,-0.0407,0.0096,0
1069919,-6.8506,-6.6184,2.2524,1.6800,-0.9100,-0.3500,0.0574,-0.0311,-0.0120,0
1069958,-6.8291,-6.6471,2.2668,1.3300,-1.5400,0.2100,0.0455,-0.0527,0.0072,0
1069997,-6.7836,-6.6208,2.2548,0.5600,-0.8400,0.4900,0.0191,-0.0287,0.0168,0
1070036,-6.8003,-6.6041,2.2620,1.3300,-0.8400,-0.2800,0.0455,-0.0287,-0.0096,0
1070075,-6.8219,-6.6064,2.2668,1.1200,-0.2800,-0.2100,0.0383,-0.0096,-0.0072,0
1070114,-6.8362,-6.6232,2.2764,0.9100,-1.1200,0.1400,0.0311,-0.0383,0.0048,0
1070153,-6.8386,-6.5969,2.3147,1.2600,-0.9100,0.0000,0.0431,-0.0311,0.0000,0
1070192,-6.8219,-6.6304,2.2787,0.8400,-0.2800,-0.0700,0.0287,-0.0096,-0.0024,0
1070231,-6.8003,-6.5873,2.2883,0.5600,-1.1900,0.7700,0.0191,-0.0407,0.0263,0
1070270,-6.8434,-6.6017,2.3314,0.7700,-0.9100,0.2800,0.0263,-0.0311,0.0096,0
1070309,-6.8410,-6.5777,2.3147,-0.3500,-0.2100,-0.1400,-0.0120,-0.0072,-0.0048,0
1070348,-6.8362,-6.6160,2.3338,0.3500,0.0000,-0.7700,0.0120,0.0000,-0.0263,0
1070387,-6.8291,-6.6112,2.3147,0.5600,0.3500,-0.4200,0.0191,0.0120,-0.0144,0
1070426,-6.8314,-6.5945,2.2883,-0.3500,0.3500,-0.1400,-0.0120,0.0120,-0.0048,0
1070465,-6.8003,-6.5945,2.2668,0.9100,-0.1400,0.2800,0.0311,-0.0048,0.0096,0
1070504,-6.8267,-6.5873,2.2859,0.4200,0.1400,-0.0700,0.0144,0.0048,-0.0024,0
1070543,-6.8243,-6.6088,2.2859,0.2100,0.0700,-0.2800,0.0072,0.0024,-0.0096,0
1070582,-6.8554,-6.6256,2.3027,0.7700,0.0700,-0.3500,0.0263,0.0024,-0.0120,0
1070621,-6.8291,-6.6041,2.2883,0.1400,-0.1400,0.2800,0.0048,-0.0048,0.0096,0
1070660,-6.8051,-6.5873,2.2716,0.3500,-0.3500,0.4200,0.0120,-0.0120,0.0144,0
1070699,-6.8554,-6.5825,2.2955,0.2800,-0.3500,-0.1400,0.0096,-0.0120,-0.0048,0
1070738,-6.8458,-6.5873,2.3003,0.2100,-0.7000,0.0000,0.0072,-0.0239,0.0000,0
1070777,-6.8362,-6.5993,2.2931,0.8400,-0.8400,-0.2100,0.0287,-0.0287,-0.0072,0
1070816,-6.7955,-6.6112,2.2859,0.8400,-0.8400,0.1400,0.0287,-0.0287,0.0048,0
1070855,-6.8171,-6.6088,2.2764,0.9100,-0.3500,0.0000,0.0311,-0.0120,0.0000,0
1070894,-6.8458,-6.5801,2.3266,0.4200,-0.9100,0.4200,0.0144,-0.0311,0.0144,0
1070933,-6.8386,-6.5849,2.3051,0.4900,-0.5600,0.2100,0.0168,-0.0191,0.0072,0
1070972,-6.8314,-6.5777,2.3194,0.0000,-0.4200,-0.1400,0.0000,-0.0144,-0.0048,0
1071011,-6.8314,-6.6064,2.3194,0.0700,-0.2800,-0.4900,0.0024,-0.0096,-0.0168,0
1071050,-6.8267,-6.5921,2.3075,0.0700,0.1400,-0.1400,0.0024,0.0048,-0.0048,0
1071089,-6.8458,-6.5873,2.3027,-0.4900,0.2800,-0.0700,-0.0168,0.0096,-0.0024,0
1071128,-6.8338,-6.5801,2.3003,-0.2800,0.0000,-0.1400,-0.0096,0.0000,-0.0048,0
1071167,-6.8314,-6.5897,2.2955,-0.2800,0.4900,-0.5600,-0.0096,0.0168,-0.0191,0
1071206,-6.8147,-6.6017,2.2835,-0.0700,0.7000,-0.2800,-0.0024,0.0239,-0.0096,0
1071245,-6.8434,-6.6160,2.2811,-0.0700,0.5600,-0.4200,-0.0024,0.0191,-0.0144,0
1071284,-6.8434,-6.6088,2.2716,-0.1400,0.0700,0.0000,-0.0048,0.0024,0.0000,0
1071323,-6.8171,-6.5897,2.2620,-0.2800,-0.3500,0.0700,-0.0096,-0.0120,0.0024,0
1071362,-6.8171,-6.5849,2.2692,-0.4200,-0.1400,0.2100,-0.0144,-0.0048,0.0072,0
1071401,-6.8578,-6.6041,2.2835,-0.3500,0.9100,-0.6300,-0.0120,0.0311,-0.0215,0
1071440,-6.8434,-6.6088,2.2309,-0.5600,1.1900,-0.1400,-0.0191,0.0407,-0.0048,0
1071479,-6.8386,-6.6041,2.1926,-0.7700,0.5600,0.4900,-0.0263,0.0191,0.0168,0
1071518,-6.8482,-6.5849,2.2357,0.0700,-0.9100,0.3500,0.0024,-0.0311,0.0120,0
1071557,-6.8793,-6.5921,2.2716,0.0000,-0.9800,-0.2800,0.0000,-0.0335,-0.0096,0
1071596,-6.8434,-6.6017,2.2548,0.0000,-0.7000,-0.1400,0.0000,-0.0239,-0.0048,0
1071635,-6.8338,-6.6160,2.2333,0.7000,-0.4200,-0.1400,0.0239,-0.0144,-0.0048,0
1071674,-6.8362,-6.5993,2.2285,0.7000,-0.7000,0.0700,0.0239,-0.0239,0.0024,0
1071713,-6.8554,-6.5969,2.2428,0.9800,-1.1900,0.2800,0.0335,-0.0407,0.0096,0
1071752,-6.8386,-6.5969,2.2644,1.0500,-0.8400,-0.0700,0.0359,-0.0287,-0.0024,0
1071791,-6.8458,-6.5873,2.2668,1.4000,-0.8400,-0.1400,0.0479,-0.0287,-0.0048,0
1071830,-6.8506,-6.6017,2.2859,1.3300,-0.8400,-0.5600,0.0455,-0.0287,-0.0191,0
1071869,-6.8410,-6.6017,2.2668,1.3300,-0.9100,0.0000,0.0455,-0.0311,0.0000,0
1071908,-6.8291,-6.5705,2.2740,1.4700,-1.4000,0.1400,0.0503,-0.0479,0.0048,0
1071947,-6.8338,-6.6017,2.3075,0.8400,-1.2600,-0.6300,0.0287,-0.0431,-0.0215,0
1071986,-6.8243,-6.6041,2.3051,0.9100,-1.1200,-0.4900,0.0311,-0.0383,-0.0168,0
1072025,-6.8219,-6.5897,2.3170,0.9800,-1.1200,0.3500,0.0335,-0.0383,0.0120,0
1072064,-6.8219,-6.5801,2.3170,1.1900,-0.7700,0.4200,0.0407,-0.0263,0.0144,0
1072103,-6.8482,-6.5705,2.3123,0.9100,-0.3500,0.1400,0.0311,-0.0120,0.0048,0
1072142,-6.8697,-6.5897,2.3434,0.2800,-0.7000,-0.2100,0.0096,-0.0239,-0.0072,0
1072181,-6.8338,-6.5825,2.3553,0.8400,-0.8400,0.1400,0.0287,-0.0287,0.0048,0
1072220,-6.8554,-6.5490,2.3697,1.1200,-0.4900,-0.7700,0.0383,-0.0168,-0.0263,0
1072259,-6.8602,-6.5658,2.3625,0.7000,-0.3500,-0.9800,0.0239,-0.0120,-0.0335,0
1072298,-6.8147,-6.5681,2.3266,0.1400,0.2100,-0.3500,0.0048,0.0072,-0.0120,0
1072337,-6.7979,-6.5993,2.3051,0.5600,0.2100,-0.4900,0.0191,0.0072,-0.0168,0
1072376,-6.8362,-6.5921,2.3218,0.9100,-0.1400,-0.4200,0.0311,-0.0048,-0.0144,0
1072415,-6.8171,-6.5969,2.3410,0.2800,-0.4200,-0.2800,0.0096,-0.0144,-0.0096,0
1072454,-6.7955,-6.5969,2.3051,0.4900,-0.4900,0.2800,0.0168,-0.0168,0.0096,0
1072493,-6.8410,-6.5681,2.3506,0.4900,-0.7000,-0.0700,0.0168,-0.0239,-0.0024,0
1072532,-6.8291,-6.5873,2.3673,0.4900,-0.5600,-0.2800,0.0168,-0.0191,-0.0096,0
1072571,-6.8267,-6.5873,2.3434,0.0700,-0.1400,-0.1400,0.0024,-0.0048,-0.0048,0
1072610,-6.7908,-6.6136,2.3314,0.4200,-0.3500,0.2100,0.0144,-0.0120,0.0072,0
1072649,-6.8554,-6.5777,2.3506,0.5600,-0.2800,0.1400,0.0191,-0.0096,0.0048,0
1072688,-6.8219,-6.5658,2.3721,0.5600,-0.2800,-0.2100,0.0191,-0.0096,-0.0072,0
1072727,-6.8243,-6.5945,2.3434,0.4900,0.2100,-0.4200,0.0168,0.0072,-0.0144,0
1072766,-6.8386,-6.5681,2.3506,0.4200,-0.1400,-0.3500,0.0144,-0.0048,-0.0120,0
1072805,-6.8338,-6.5825,2.3529,0.4900,0.0000,-0.4200,0.0168,0.0000,-0.0144,0
1072844,-6.8195,-6.5921,2.3338,0.2800,-0.1400,-0.2100,0.0096,-0.0048,-0.0072,0
1072883,-6.8219,-6.5897,2.3529,0.7700,-0.4200,-0.5600,0.0263,-0.0144,-0.0191,0
1072922,-6.8123,-6.5945,2.3290,0.4200,-0.2800,-0.2800,0.0144,-0.0096,-0.0096,0
1072961,-6.8171,-6.5921,2.3434,0.2800,-0.3500,0.1400,0.0096,-0.0120,0.0048,0
1073000,-6.8195,-6.5681,2.3434,0.3500,-0.4200,0.0000,0.0120,-0.0144,0.0000,0
1073039,-6.8314,-6.5873,2.3649,0.4900,-0.2100,-0.2100,0.0168,-0.0072,-0.0072,0
1073078,-6.8434,-6.5777,2.3553,0.8400,-0.0700,0.0700,0.0287,-0.0024,0.0024,0
1073117,-6.8267,-6.5969,2.3553,0.3500,-0.3500,-0.1400,0.0120,-0.0120,-0.0048,0
1073156,-6.8314,-6.5658,2.3673,0.5600,-0.4900,0.0000,0.0191,-0.0168,0.0000,0
1073195,-6.8410,-6.5705,2.3625,0.2800,-0.0700,-0.2100,0.0096,-0.0024,-0.0072,0
1073234,-6.8314,-6.5969,2.3482,-0.2100,0.0700,-0.4200,-0.0072,0.0024,-0.0144,0
1073273,-6.8243,-6.5753,2.3458,-0.2800,0.3500,-0.2800,-0.0096,0.0120,-0.0096,0
1073312,-6.8171,-6.5873,2.3314,-0.6300,0.5600,-0.4200,-0.0215,0.0191,-0.0144,0
1073351,-6.8003,-6.5873,2.2955,-0.4900,0.7000,0.0700,-0.0168,0.0239,0.0024,0
1073390,-6.8195,-6.5969,2.3123,-0.9800,0.4200,0.0000,-0.0335,0.0144,0.0000,0
1073429,-6.8530,-6.5873,2.3410,-0.9800,0.6300,-0.2800,-0.0335,0.0215,-0.0096,0
1073468,-6.8506,-6.5873,2.3170,-0.4900,0.6300,-0.6300,-0.0168,0.0215,-0.0215,0
1073507,-6.8051,-6.5969,2.2859,0.9800,0.6300,-0.7000,0.0335,0.0215,-0.0239,0
1073546,-6.8099,-6.5849,2.2644,-0.7700,0.4200,-0.2100,-0.0263,0.0144,-0.0072,0
1073585,-6.8362,-6.5849,2.2811,-1.0500,0.2800,-0.0700,-0.0359,0.0096,-0.0024,0
1073624,-6.8195,-6.6160,2.2883,-0.7700,0.2800,-0.4900,-0.0263,0.0096,-0.0168,0
1073663,-6.8219,-6.6256,2.2572,-0.5600,0.7000,-0.3500,-0.0191,0.0239,-0.0120,0
1073702,-6.8362,-6.6088,2.2333,-1.1900,0.5600,-0.0700,-0.0407,0.0191,-0.0024,0
1073741,-6.8171,-6.6017,2.2333,-0.9800,-0.3500,0.4900,-0.0335,-0.0120,0.0168,0
1073780,-6.8075,-6.6041,2.2261,0.2800,-0.4900,0.0000,0.0096,-0.0168,0.0000,0
1073819,-6.8482,-6.6136,2.2572,-0.2800,-0.7000,0.0700,-0.0096,-0.0239,0.0024,0
1073858,-6.8650,-6.6352,2.2596,-1.1900,-0.2800,0.3500,-0.0407,-0.0096,0.0120,0
1073897,-6.8674,-6.6112,2.2476,-1.0500,-0.3500,0.9800,-0.0359,-0.0120,0.0335,0
1073936,-6.8482,-6.5825,2.2476,0.0700,-0.4200,0.4200,0.0024,-0.0144,0.0144,0
1073975,-6.8674,-6.5801,2.2644,0.2800,0.4200,-0.6300,0.0096,0.0144,-0.0215,0
1074014,-6.8147,-6.6256,2.1662,0.2800,0.2100,0.0000,0.0096,0.0072,0.0000,0
1074053,-6.8434,-6.5945,2.2261,0.2100,-0.9100,0.0700,0.0072,-0.0311,0.0024,0
1074092,-6.8506,-6.6017,2.2524,0.2800,-1.1200,-0.2800,0.0096,-0.0383,-0.0096,0
1074131,-6.8482,-6.6088,2.2452,0.4900,-0.7700,-0.4900,0.0168,-0.0263,-0.0168,0
1074170,-6.8267,-6.6136,2.2500,0.2100,-0.3500,-0.5600,0.0072,-0.0120,-0.0191,0
1074209,-6.8195,-6.6208,2.2093,0.0700,0.2100,-0.4900,0.0024,0.0072,-0.0168,0
1074248,-6.7812,-6.6424,2.2021,1.0500,-0.4900,0.1400,0.0359,-0.0168,0.0048,0
1074287,-6.8458,-6.5993,2.2548,1.4000,-0.2800,0.0700,0.0479,-0.0096,0.0024,0
1074326,-6.8338,-6.6088,2.2476,1.5400,-0.6300,0.7700,0.0527,-0.0215,0.0263,0
1074365,-6.7860,-6.6136,2.1734,2.3800,-1.0500,1.0500,0.0814,-0.0359,0.0359,0
1074404,-6.8243,-6.5873,2.2069,1.6100,-2.7300,1.1900,0.0551,-0.0934,0.0407,0
1074443,-6.9176,-6.5993,2.3075,1.8900,-3.5000,0.4900,0.0646,-0.1197,0.0168,0
1074482,-6.8386,-6.5322,2.3482,2.5200,-2.9400,1.1900,0.0862,-0.1005,0.0407,0
1074521,-6.8362,-6.5538,2.3362,1.9600,-1.9600,-0.4200,0.0670,-0.0670,-0.0144,0
1074560,-6.8817,-6.5418,2.3960,0.9100,-1.8200,-0.5600,0.0311,-0.0622,-0.0191,0
1074599,-6.8578,-6.5873,2.4152,1.3300,-1.6800,-0.9100,0.0455,-0.0574,-0.0311,0
1074638,-6.8243,-6.5538,2.4152,1.8900,-0.5600,-0.8400,0.0646,-0.0191,-0.0287,0
1074677,-6.8123,-6.5586,2.3865,1.1200,0.9100,-1.6100,0.0383,0.0311,-0.0551,0
1074716,-6.8075,-6.6017,2.3721,1.0500,1.6100,-1.5400,0.0359,0.0551,-0.0527,0
1074755,-6.8003,-6.5993,2.3553,1.1200,2.0300,-0.5600,0.0383,0.0694,-0.0191,0
1074794,-6.8291,-6.5634,2.3290,0.5600,1.4700,0.1400,0.0191,0.0503,0.0048,0
1074833,-6.8219,-6.5634,2.3553,0.5600,0.6300,-0.5600,0.0191,0.0215,-0.0191,0
1074872,-6.8243,-6.5945,2.3482,1.2600,0.7700,-0.3500,0.0431,0.0263,-0.0120,0
1074911,-6.8362,-6.5681,2.3601,0.9100,0.0700,0.2800,0.0311,0.0024,0.0096,0
1074950,-6.8219,-6.5729,2.3410,0.5600,0.2800,0.0000,0.0191,0.0096,0.0000,0
1074989,-6.8386,-6.5586,2.3434,1.1200,-0.2100,-0.2100,0.0383,-0.0072,-0.0072,0
1075028,-6.8171,-6.5777,2.3386,0.9800,-0.6300,-0.4900,0.0335,-0.0215,-0.0168,0
1075067,-6.8291,-6.5729,2.3601,0.3500,-0.5600,-0.1400,0.0120,-0.0191,-0.0048,0
1075106,-6.8410,-6.5777,2.3769,0.3500,-0.5600,0.0000,0.0120,-0.0191,0.0000,0
1075145,-6.8554,-6.5658,2.3960,0.6300,-0.6300,-0.0700,0.0215,-0.0215,-0.0024,0
1075184,-6.8243,-6.5586,2.3649,0.7700,-0.1400,-0.3500,0.0263,-0.0048,-0.0120,0
1075223,-6.8243,-6.5873,2.3553,0.4200,-0.2100,-0.6300,0.0144,-0.0072,-0.0215,0
1075262,-6.8291,-6.5753,2.3793,0.6300,-0.3500,-0.2100,0.0215,-0.0120,-0.0072,0
1075301,-6.8243,-6.5705,2.3793,1.3300,-0.1400,-0.5600,0.0455,-0.0048,-0.0191,0
1075340,-6.8051,-6.5969,2.3410,0.9100,-0.2800,0.0000,0.0311,-0.0096,0.0000,0
1075379,-6.7884,-6.5658,2.3386,0.7700,-1.1900,0.5600,0.0263,-0.0407,0.0191,0
1075418,-6.8195,-6.5705,2.3912,1.1200,-1.4000,0.2800,0.0383,-0.0479,0.0096,0
1075457,-6.8386,-6.5634,2.4128,1.0500,-1.3300,0.1400,0.0359,-0.0455,0.0048,0
1075496,-6.8650,-6.5418,2.4367,0.5600,-1.2600,-0.0700,0.0191,-0.0431,-0.0024,0
1075535,-6.8386,-6.5466,2.4463,0.7700,-1.0500,-0.2800,0.0263,-0.0359,-0.0096,0
1075574,-6.8291,-6.5538,2.4200,-0.2800,-0.2100,-0.6300,-0.0096,-0.0072,-0.0215,0
1075613,-6.8291,-6.5729,2.4128,-0.5600,0.0700,-0.4900,-0.0191,0.0024,-0.0168,0
1075652,-6.7932,-6.5825,2.3865,-0.2100,0.2800,-0.2800,-0.0072,0.0096,-0.0096,0
1075691,-6.8171,-6.5801,2.3817,-0.5600,0.4900,-0.2800,-0.0191,0.0168,-0.0096,0
1075730,-6.8147,-6.5729,2.3865,-0.3500,0.0700,-0.2100,-0.0120,0.0024,-0.0072,0
1075769,-6.8147,-6.5753,2.3936,-0.6300,0.4900,-0.2100,-0.0215,0.0168,-0.0072,0
1075808,-6.8314,-6.5801,2.3721,-0.2100,0.7700,-0.3500,-0.0072,0.0263,-0.0120,0
1075847,-6.8506,-6.5753,2.3769,-0.2800,0.6300,-0.2800,-0.0096,0.0215,-0.0096,0
1075886,-6.8171,-6.5562,2.3529,-0.8400,0.2100,0.0000,-0.0287,0.0072,0.0000,0
1075925,-6.8027,-6.5801,2.3362,-0.7700,0.5600,-0.5600,-0.0263,0.0191,-0.0191,0
1075964,-6.7955,-6.6041,2.3218,-0.5600,0.7700,-0.4200,-0.0191,0.0263,-0.0144,0
1076003,-6.8362,-6.6017,2.3123,-0.6300,0.5600,0.0700,-0.0215,0.0191,0.0024,0
1076042,-6.8386,-6.5897,2.3170,-0.3500,-0.2800,0.2100,-0.0120,-0.0096,0.0072,0
1076081,-6.8338,-6.5849,2.3362,-0.2800,-0.4900,0.0700,-0.0096,-0.0168,0.0024,0
1076120,-6.8338,-6.5921,2.3338,-0.1400,-0.3500,-0.0700,-0.0048,-0.0120,-0.0024,0
1076159,-6.8243,-6.5825,2.3314,0.3500,0.0000,-0.2800,0.0120,0.0000,-0.0096,0
1076198,-6.8362,-6.6017,2.3051,0.6300,-0.0700,-0.1400,0.0215,-0.0024,-0.0048,0
1076237,-6.8338,-6.5945,2.3170,0.9100,-0.4200,-0.2100,0.0311,-0.0144,-0.0072,0
1076276,-6.8267,-6.5873,2.3266,0.7000,-0.4900,-0.0700,0.0239,-0.0168,-0.0024,0
1076315,-6.8243,-6.5849,2.3194,1.1200,-0.6300,-0.0700,0.0383,-0.0215,-0.0024,0
1076354,-6.8314,-6.5873,2.3218,1.2600,-0.8400,-0.1400,0.0431,-0.0287,-0.0048,0
1076393,-6.8291,-6.5897,2.3338,1.0500,-1.0500,-0.0700,0.0359,-0.0359,-0.0024,0
1076432,-6.8243,-6.5705,2.3458,1.2600,-1.2600,0.1400,0.0431,-0.0431,0.0048,0
1076471,-6.8219,-6.5849,2.3577,1.0500,-1.4700,-0.0700,0.0359,-0.0503,-0.0024,0
1076510,-6.8243,-6.5777,2.3769,1.3300,-1.1900,0.0000,0.0455,-0.0407,0.0000,0
1076549,-6.8362,-6.5705,2.3960,1.4000,-0.9100,0.0700,0.0479,-0.0311,0.0024,0
1076588,-6.8291,-6.5610,2.3889,1.1200,-0.4200,0.0000,0.0383,-0.0144,0.0000,0
1076627,-6.8075,-6.5753,2.3745,0.9800,-0.2100,-0.1400,0.0335,-0.0072,-0.0048,0
1076666,-6.8362,-6.5753,2.3960,0.9800,-0.2100,-0.1400,0.0335,-0.0072,-0.0048,0
1076705,-6.8482,-6.5681,2.3984,0.5600,-0.2800,0.0000,0.0191,-0.0096,0.0000,0
1076744,-6.8219,-6.5681,2.3817,0.5600,-0.4200,-0.0700,0.0191,-0.0144,-0.0024,0
1076783,-6.8386,-6.5514,2.3960,0.4200,-0.4200,-0.3500,0.0144,-0.0144,-0.0120,0
1076822,-6.8099,-6.5658,2.3865,0.6300,-0.4900,-0.0700,0.0215,-0.0168,-0.0024,0
1076861,-6.8267,-6.5634,2.3889,0.6300,-0.1400,-0.0700,0.0215,-0.0048,-0.0024,0
1076900,-6.8362,-6.5586,2.3984,0.4900,-0.2800,-0.2100,0.0168,-0.0096,-0.0072,0
1076939,-6.8123,-6.5634,2.3841,0.1400,-0.4200,-0.1400,0.0048,-0.0144,-0.0048,0
1076978,-6.8314,-6.5705,2.4032,0.1400,-0.2800,0.0000,0.0048,-0.0096,0.0000,0
1077017,-6.8291,-6.5562,2.4128,0.2100,0.1400,-0.2100,0.0072,0.0048,-0.0072,0
1077056,-6.8458,-6.5634,2.4056,0.2100,0.2800,-0.4200,0.0072,0.0096,-0.0144,0
1077095,-6.8291,-6.5777,2.3745,-0.0700,-0.2100,-0.6300,-0.0024,-0.0072,-0.0215,0
1077134,-6.8123,-6.5945,2.3721,-0.2800,-0.2100,-0.4900,-0.0096,-0.0072,-0.0168,0
1077173,-6.8027,-6.5777,2.3601,0.0700,-0.3500,0.1400,0.0024,-0.0120,0.0048,0
1077212,-6.8147,-6.5634,2.3889,0.6300,-0.5600,-0.0700,0.0215,-0.0191,-0.0024,0
1077251,-6.8123,-6.5801,2.4080,0.7000,-0.0700,-0.6300,0.0239,-0.0024,-0.0215,0
1077290,-6.8267,-6.5921,2.3721,0.5600,0.4200,-0.2100,0.0191,0.0144,-0.0072,0
1077329,-6.8195,-6.5610,2.3601,0.2800,-0.2100,0.0700,0.0096,-0.0072,0.0024,0
1077368,-6.8099,-6.5729,2.3697,0.5600,-0.7700,0.1400,0.0191,-0.0263,0.0048,0
1077407,-6.8291,-6.5658,2.4032,0.4900,-0.9100,-0.1400,0.0168,-0.0311,-0.0048,0
1077446,-6.8291,-6.5729,2.4176,0.4900,-0.4900,-0.3500,0.0168,-0.0168,-0.0120,0
1077485,-6.8219,-6.5801,2.3889,0.3500,-0.0700,-0.0700,0.0120,-0.0024,-0.0024,0
1077524,-6.8075,-6.5753,2.3745,0.5600,-0.1400,-0.0700,0.0191,-0.0048,-0.0024,0
1077563,-6.8410,-6.5705,2.4008,0.8400,-0.3500,-0.0700,0.0287,-0.0120,-0.0024,0
1077602,-6.8410,-6.5634,2.4128,0.0000,-0.2100,-0.0700,0.0000,-0.0072,-0.0024,0
1077641,-6.7955,-6.5562,2.3817,0.4200,0.0700,-0.0700,0.0144,0.0024,-0.0024,0
1077680,-6.8267,-6.5801,2.3841,0.3500,0.1400,-0.2800,0.0120,0.0048,-0.0096,0
1077719,-6.8267,-6.5610,2.3960,-0.0700,0.0000,-0.0700,-0.0024,0.0000,-0.0024,0
1077758,-6.8243,-6.5634,2.3649,0.4900,0.1400,-0.4900,0.0168,0.0048,-0.0168,0
1077797,-6.8171,-6.5897,2.3793,0.5600,-0.5600,-0.2100,0.0191,-0.0191,-0.0072,0
1077836,-6.8027,-6.5777,2.3793,1.0500,-0.4900,-0.0700,0.0359,-0.0168,-0.0024,0
1077875,-6.8410,-6.5586,2.3960,1.3300,-0.4900,-0.1400,0.0455,-0.0168,-0.0048,0
1077914,-6.7836,-6.5777,2.3673,0.7000,-0.8400,0.2100,0.0239,-0.0287,0.0072,0
1077953,-6.8075,-6.5753,2.3649,0.9800,-1.2600,0.2800,0.0335,-0.0431,0.0096,0
1077992,-6.8506,-6.5681,2.4295,1.0500,-1.4700,0.2800,0.0359,-0.0503,0.0096,0
1078031,-6.8506,-6.5490,2.4559,0.7700,-1.4700,0.2100,0.0263,-0.0503,0.0072,0
1078070,-6.8314,-6.5275,2.4583,0.6300,-0.6300,0.0000,0.0215,-0.0215,0.0000,0
1078109,-6.8171,-6.5538,2.4295,-0.0700,0.4200,-0.5600,-0.0024,0.0144,-0.0191,0
1078148,-6.8410,-6.5705,2.4391,-0.0700,0.9800,-0.6300,-0.0024,0.0335,-0.0215,0
1078187,-6.8267,-6.5705,2.4080,-0.4900,1.0500,-0.2800,-0.0168,0.0359,-0.0096,0
1078226,-6.8147,-6.5801,2.3817,-0.4200,0.5600,-0.1400,-0.0144,0.0191,-0.0048,0
1078265,-6.8267,-6.5658,2.3936,-0.2100,0.0000,-0.2100,-0.0072,0.0000,-0.0072,0
1078304,-6.8267,-6.5634,2.3769,-0.8400,0.2100,-0.3500,-0.0287,0.0072,-0.0120,0
1078343,-6.8219,-6.5873,2.3889,-1.0500,0.6300,-0.4200,-0.0359,0.0215,-0.0144,0
1078382,-6.8219,-6.5634,2.3721,-0.5600,0.4900,-0.2100,-0.0191,0.0168,-0.0072,0
1078421,-6.8267,-6.5753,2.3649,-0.5600,0.2100,-0.2800,-0.0191,0.0072,-0.0096,0
1078460,-6.8171,-6.5849,2.3362,-0.7700,0.2800,-0.3500,-0.0263,0.0096,-0.0120,0
1078499,-6.8147,-6.5849,2.3601,-0.7000,-0.2800,-0.2800,-0.0239,-0.0096,-0.0096,0
1078538,-6.8051,-6.5945,2.3458,-0.2800,0.2800,-0.2100,-0.0096,0.0096,-0.0072,0
1078577,-6.8027,-6.5945,2.3170,-0.2800,1.1900,0.2100,-0.0096,0.0407,0.0072,0
1078616,-6.8530,-6.5849,2.3123,-0.2100,0.6300,0.0700,-0.0072,0.0215,0.0024,0
1078655,-6.8626,-6.5777,2.3314,-0.1400,-0.4200,-0.1400,-0.0048,-0.0144,-0.0048,0
1078694,-6.8291,-6.5873,2.3266,-0.4200,-0.7700,-0.0700,-0.0144,-0.0263,-0.0024,0
1078733,-6.8099,-6.5873,2.3218,-0.2100,-0.4200,-0.1400,-0.0072,-0.0144,-0.0048,0
1078772,-6.8219,-6.5921,2.3194,0.4900,-0.0700,-0.1400,0.0168,-0.0024,-0.0048,0
1078811,-6.8314,-6.5825,2.3099,0.3500,0.0000,0.0000,0.0120,0.0000,0.0000,0
1078850,-6.8674,-6.5825,2.3314,-1.4000,-1.2600,-0.3500,-0.0479,-0.0431,-0.0120,0
1078889,-6.8003,-6.6088,2.3314,-3.0100,-1.3300,-0.2100,-0.1029,-0.0455,-0.0072,0
1078928,-6.7429,-6.6232,2.2740,-0.7700,0.2100,0.5600,-0.0263,0.0072,0.0191,0
1078967,-6.8650,-6.5897,2.3123,0.5600,0.9800,0.1400,0.0191,0.0335,0.0048,0
1079006,-6.8769,-6.5634,2.3003,-0.4900,0.2800,0.1400,-0.0168,0.0096,0.0048,0
1079045,-6.8530,-6.5969,2.2979,-0.9100,0.0700,-0.1400,-0.0311,0.0024,-0.0048,0
1079084,-6.8554,-6.5945,2.2955,0.3500,0.1400,-0.0700,0.0120,0.0048,-0.0024,0
1079123,-6.8554,-6.5681,2.2859,-0.4200,0.0700,-0.2800,-0.0144,0.0024,-0.0096,0
1079162,-6.8578,-6.5969,2.2907,-1.4700,0.7700,-1.2600,-0.0503,0.0263,-0.0431,0
1079201,-6.8219,-6.6519,2.2524,-3.2200,1.7500,-0.9800,-0.1101,0.0598,-0.0335,0
1079240,-6.8147,-6.6328,2.1878,-3.7100,2.3100,-0.3500,-0.1269,0.0790,-0.0120,0
1079279,-6.7979,-6.6280,2.1471,-3.5700,1.4000,0.1400,-0.1221,0.0479,0.0048,0
1079318,-6.8410,-6.6376,2.1567,-3.4300,1.3300,0.2100,-0.1173,0.0455,0.0072,0
1079357,-6.8769,-6.6160,2.1710,-3.8500,1.9600,-0.2100,-0.1317,0.0670,-0.0072,0
1079396,-6.8961,-6.6663,2.1519,-4.3400,2.8700,-0.7700,-0.1484,0.0981,-0.0263,0
1079435,-6.8434,-6.6543,2.0346,-3.0800,2.8000,-0.0700,-0.1053,0.0957,-0.0024,0
1079474,-6.8386,-6.6328,1.9915,-1.8200,2.1700,0.0700,-0.0622,0.0742,0.0024,0
1079513,-6.8458,-6.6639,1.9795,-2.7300,1.1900,-0.6300,-0.0934,0.0407,-0.0215,0
1079552,-6.7788,-6.6878,1.9317,-0.6300,0.0700,-0.3500,-0.0215,0.0024,-0.0120,0
1079591,-6.7381,-6.7142,1.9173,3.8500,-1.6100,0.1400,0.1317,-0.0551,0.0048,0
1079630,-6.8386,-6.6304,1.9987,4.6200,-2.1700,0.7000,0.1580,-0.0742,0.0239,0
1079669,-6.9440,-6.5969,2.1184,2.5200,-3.0100,0.5600,0.0862,-0.1029,0.0191,0
1079708,-6.8937,-6.6591,2.1375,2.3800,-3.6400,0.2100,0.0814,-0.1245,0.0072,0
1079747,-6.8123,-6.6328,2.1279,2.8000,-2.1700,0.0700,0.0957,-0.0742,0.0024,0
1079786,-6.8674,-6.6088,2.1375,2.4500,-1.2600,0.5600,0.0838,-0.0431,0.0191,0
1079825,-6.8841,-6.5993,2.1806,0.6300,-1.1200,0.1400,0.0215,-0.0383,0.0048,0
1079864,-6.8506,-6.6591,2.1686,0.6300,-0.9800,-0.4900,0.0215,-0.0335,-0.0168,0
1079903,-6.8267,-6.6352,2.1375,0.7700,-0.8400,0.2800,0.0263,-0.0287,0.0096,0
1079942,-6.8530,-6.6184,2.1662,0.7000,-0.7700,0.2100,0.0239,-0.0263,0.0072,0
1079981,-6.8841,-6.6112,2.1950,1.0500,-0.9100,0.0000,0.0359,-0.0311,0.0000,0
1080020,-6.8530,-6.6184,2.1854,0.7000,-0.7000,-0.4200,0.0239,-0.0239,-0.0144,0
1080059,-6.8410,-6.6447,2.1710,0.7000,-0.2100,-0.2800,0.0239,-0.0072,-0.0096,0
1080098,-6.8650,-6.6232,2.1926,0.7000,-0.2100,0.0000,0.0239,-0.0072,0.0000,0
1080137,-6.8578,-6.6088,2.1854,0.7700,-0.0700,0.0700,0.0263,-0.0024,0.0024,0
1080176,-6.8602,-6.6208,2.1686,0.6300,0.0000,-0.2800,0.0215,0.0000,-0.0096,0
1080215,-6.8434,-6.6064,2.1686,0.9100,-0.2800,-0.1400,0.0311,-0.0096,-0.0048,0
1080254,-6.8410,-6.5969,2.1662,0.8400,-0.4200,0.0000,0.0287,-0.0144,0.0000,0
1080293,-6.8506,-6.6208,2.1878,0.5600,-0.7700,-0.1400,0.0191,-0.0263,-0.0048,0
1080332,-6.8434,-6.6304,2.2069,0.9800,-0.2800,-0.2800,0.0335,-0.0096,-0.0096,0
1080371,-6.8410,-6.6328,2.1854,0.6300,0.0000,-0.1400,0.0215,0.0000,-0.0048,0
1080410,-6.8338,-6.6112,2.1615,0.4900,-0.0700,0.1400,0.0168,-0.0024,0.0048,0
1080449,-6.8051,-6.5993,2.1519,1.4700,-0.6300,0.1400,0.0503,-0.0215,0.0048,0
1080488,-6.8793,-6.5825,2.1974,0.9100,-1.6100,0.4200,0.0311,-0.0551,0.0144,0
1080527,-6.8482,-6.5993,2.2357,0.1400,-1.7500,-0.2100,0.0048,-0.0598,-0.0072,0
1080566,-6.8506,-6.6424,2.2357,1.0500,-0.6300,-0.3500,0.0359,-0.0215,-0.0120,0
1080605,-6.8674,-6.6088,2.2476,1.2600,-0.4200,0.0700,0.0431,-0.0144,0.0024,0
1080644,-6.8314,-6.5993,2.2189,1.4000,-0.5600,0.0700,0.0479,-0.0191,0.0024,0
1080683,-6.8530,-6.5873,2.2309,1.1900,-0.5600,-0.2100,0.0407,-0.0191,-0.0072,0
1080722,-6.8362,-6.6112,2.2548,1.8200,-0.2800,-0.6300,0.0622,-0.0096,-0.0215,0
1080761,-6.8506,-6.6304,2.2452,1.5400,0.2100,-0.4200,0.0527,0.0072,-0.0144,0
1080800,-6.8386,-6.5993,2.2357,1.0500,-0.2800,0.0000,0.0359,-0.0096,0.0000,0
1080839,-6.8410,-6.5969,2.2381,1.5400,-0.7000,0.0700,0.0527,-0.0239,0.0024,0
1080878,-6.8314,-6.5873,2.2500,1.5400,-1.0500,-0.0700,0.0527,-0.0359,-0.0024,0
1080917,-6.8243,-6.5921,2.2668,2.1000,-1.0500,-0.4900,0.0718,-0.0359,-0.0168,0
1080956,-6.8674,-6.5969,2.3123,1.6800,-0.8400,-0.3500,0.0574,-0.0287,-0.0120,0
1080995,-6.8434,-6.5849,2.2955,2.1000,-0.8400,0.2100,0.0718,-0.0287,0.0072,0
1081034,-6.8386,-6.5753,2.2907,2.1700,-0.8400,0.0000,0.0742,-0.0287,0.0000,0
1081073,-6.8195,-6.5897,2.2955,1.7500,-1.0500,-0.2100,0.0598,-0.0359,-0.0072,0
1081112,-6.8434,-6.5777,2.3218,1.6800,-1.1900,-0.0700,0.0574,-0.0407,-0.0024,0
1081151,-6.8482,-6.5753,2.3553,1.1900,-1.5400,0.0000,0.0407,-0.0527,0.0000,0
1081190,-6.8434,-6.5753,2.3673,1.4700,-1.1200,0.0700,0.0503,-0.0383,0.0024,0
1081229,-6.8410,-6.5634,2.3649,1.5400,-0.7700,-0.0700,0.0527,-0.0263,-0.0024,0
1081268,-6.8314,-6.5658,2.3625,1.6800,-0.7700,-0.3500,0.0574,-0.0263,-0.0120,0
1081307,-6.8219,-6.5729,2.3793,1.3300,-0.7000,-0.3500,0.0455,-0.0239,-0.0120,0
1081346,-6.8386,-6.5753,2.3889,1.2600,-0.3500,-0.1400,0.0431,-0.0120,-0.0048,0
1081385,-6.8147,-6.5658,2.3769,1.2600,-0.4200,0.0700,0.0431,-0.0144,0.0024,0
1081424,-6.8267,-6.5634,2.3793,1.4000,-0.0700,-0.0700,0.0479,-0.0024,-0.0024,0
1081463,-6.8458,-6.5586,2.4080,1.4700,-0.4900,-0.0700,0.0503,-0.0168,-0.0024,0
1081502,-6.8219,-6.5610,2.4056,0.7700,-0.1400,-0.4200,0.0263,-0.0048,-0.0144,0
1081541,-6.8243,-6.5634,2.3936,0.7700,-0.2800,-0.3500,0.0263,-0.0096,-0.0120,0
1081580,-6.8243,-6.5634,2.3960,0.7700,-0.3500,-0.1400,0.0263,-0.0120,-0.0048,0
1081619,-6.8314,-6.5514,2.4056,0.7700,-0.6300,-0.1400,0.0263,-0.0215,-0.0048,0
1081658,-6.8219,-6.5562,2.4080,0.9100,-0.8400,-0.2800,0.0311,-0.0287,-0.0096,0
1081697,-6.8243,-6.5538,2.4224,0.6300,-0.9800,-0.0700,0.0215,-0.0335,-0.0024,0
1081736,-6.8147,-6.5634,2.4104,0.9100,-0.8400,-0.2800,0.0311,-0.0287,-0.0096,0
1081775,-6.8219,-6.5562,2.4200,0.6300,-0.2800,-0.2800,0.0215,-0.0096,-0.0096,0
1081814,-6.8291,-6.5538,2.4343,0.2800,-0.5600,0.0700,0.0096,-0.0191,0.0024,0
1081853,-6.8314,-6.5538,2.4343,0.7700,-0.6300,0.1400,0.0263,-0.0215,0.0048,0
1081892,-6.8458,-6.5442,2.4463,0.5600,-0.3500,-0.1400,0.0191,-0.0120,-0.0048,0
1081931,-6.8458,-6.5418,2.4487,0.5600,-0.0700,-0.5600,0.0191,-0.0024,-0.0191,0
1081970,-6.8243,-6.5729,2.4272,0.4900,0.1400,-0.4200,0.0168,0.0048,-0.0144,0
1082009,-6.8147,-6.5681,2.4080,0.4200,0.0000,-0.1400,0.0144,0.0000,-0.0048,0
1082048,-6.8123,-6.5586,2.4200,0.4900,-0.2100,-0.2100,0.0168,-0.0072,-0.0072,0
1082087,-6.8243,-6.5634,2.4248,0.4200,-0.2100,-0.2100,0.0144,-0.0072,-0.0072,0
1082126,-6.8195,-6.5658,2.4248,0.2800,-0.2800,0.0000,0.0096,-0.0096,0.0000,0
1082165,-6.8219,-6.5634,2.4343,0.4200,-0.3500,-0.0700,0.0144,-0.0120,-0.0024,0
1082204,-6.8314,-6.5610,2.4272,0.2100,-0.2800,0.0000,0.0072,-0.0096,0.0000,0
1082243,-6.8219,-6.5490,2.4248,0.1400,-0.2800,0.1400,0.0048,-0.0096,0.0048,0
1082282,-6.8243,-6.5562,2.4319,0.2800,-0.2800,-0.2100,0.0096,-0.0096,-0.0072,0
1082321,-6.8267,-6.5705,2.4343,0.4900,-0.5600,-0.1400,0.0168,-0.0191,-0.0048,0
1082360,-6.8434,-6.5442,2.4535,0.7700,-0.3500,-0.1400,0.0263,-0.0120,-0.0048,0
1082399,-6.8075,-6.5562,2.4176,0.3500,0.1400,-0.3500,0.0120,0.0048,-0.0120,0
1082438,-6.8195,-6.5538,2.4200,0.4200,0.0000,-0.3500,0.0144,0.0000,-0.0120,0
1082477,-6.8219,-6.5634,2.4176,0.2800,-0.2100,-0.2800,0.0096,-0.0072,-0.0096,0
1082516,-6.8219,-6.5681,2.4224,0.2800,-0.5600,-0.0700,0.0096,-0.0191,-0.0024,0
1082555,-6.8003,-6.5610,2.4463,0.3500,-0.6300,-0.0700,0.0120,-0.0215,-0.0024,0
1082594,-6.8291,-6.5538,2.4439,0.2800,0.0000,-0.2100,0.0096,0.0000,-0.0072,0
1082633,-6.8195,-6.5514,2.4176,0.2100,0.1400,-0.3500,0.0072,0.0048,-0.0120,0
1082672,-6.8123,-6.5777,2.4224,0.4900,-0.2100,-0.2800,0.0168,-0.0072,-0.0096,0
1082711,-6.8243,-6.5586,2.4439,0.2100,-0.3500,-0.0700,0.0072,-0.0120,-0.0024,0
1082750,-6.8171,-6.5586,2.4415,0.1400,-0.2100,-0.0700,0.0048,-0.0072,-0.0024,0
1082789,-6.8195,-6.5562,2.4272,0.2800,-0.0700,-0.2100,0.0096,-0.0024,-0.0072,0
1082828,-6.8075,-6.5658,2.4176,0.4900,0.0700,-0.4200,0.0168,0.0024,-0.0144,0
1082867,-6.8267,-6.5658,2.4272,0.1400,0.2100,-0.2100,0.0048,0.0072,-0.0072,0
1082906,-6.8099,-6.5658,2.4032,0.1400,0.1400,-0.2800,0.0048,0.0048,-0.0096,0
1082945,-6.8003,-6.5705,2.3984,0.5600,0.0000,-0.2100,0.0191,0.0000,-0.0072,0
1082984,-6.8243,-6.5658,2.4128,0.7000,-0.3500,-0.2100,0.0239,-0.0120,-0.0072,0
1083023,-6.8243,-6.5634,2.4295,0.3500,-0.5600,-0.0700,0.0120,-0.0191,-0.0024,0
1083062,-6.7955,-6.5729,2.4152,0.4200,-0.4900,-0.1400,0.0144,-0.0168,-0.0048,0
1083101,-6.8123,-6.5705,2.4128,0.5600,-0.4900,0.0700,0.0191,-0.0168,0.0024,0
1083140,-6.8099,-6.5586,2.4295,0.4900,-0.7000,0.1400,0.0168,-0.0239,0.0048,0
1083179,-6.8410,-6.5514,2.4415,0.4900,-0.6300,0.2800,0.0168,-0.0215,0.0096,0
1083218,-6.8267,-6.5466,2.4583,0.5600,-0.8400,0.1400,0.0191,-0.0287,0.0048,0
1083257,-6.8267,-6.5466,2.4487,0.7700,-0.2800,-0.3500,0.0263,-0.0096,-0.0120,0
1083296,-6.8123,-6.5586,2.4415,0.0000,0.0700,-0.2100,0.0000,0.0024,-0.0072,0
1083335,-6.8171,-6.5610,2.4367,0.0700,0.2100,-0.2800,0.0024,0.0072,-0.0096,0
1083374,-6.8314,-6.5705,2.4319,0.0000,0.3500,-0.3500,0.0000,0.0120,-0.0120,0
1083413,-6.8267,-6.5681,2.4176,-0.2100,0.2800,-0.1400,-0.0072,0.0096,-0.0048,0
1083452,-6.8147,-6.5610,2.4176,-0.3500,0.3500,-0.2100,-0.0120,0.0120,-0.0072,0
1083491,-6.8338,-6.5658,2.4128,-0.2100,0.4900,-0.3500,-0.0072,0.0168,-0.0120,0
1083530,-6.8338,-6.5634,2.4032,-0.5600,0.4200,-0.4200,-0.0191,0.0144,-0.0144,0
1083569,-6.8243,-6.5849,2.4104,-0.7700,0.2800,-0.2100,-0.0263,0.0096,-0.0072,0
1083608,-6.8123,-6.5729,2.3865,-0.8400,0.3500,-0.1400,-0.0287,0.0120,-0.0048,0
1083647,-6.8243,-6.5753,2.3841,-0.5600,0.0700,-0.2100,-0.0191,0.0024,-0.0072,0
1083686,-6.8291,-6.5729,2.4008,-0.2800,0.0700,-0.3500,-0.0096,0.0024,-0.0120,0
1083725,-6.7932,-6.6017,2.3338,-0.5600,1.1200,-0.1400,-0.0191,0.0383,-0.0048,0
1083764,-6.8219,-6.5873,2.3314,-0.4200,0.4200,0.2100,-0.0144,0.0144,0.0072,0
1083803,-6.8650,-6.5729,2.3697,0.0700,-0.4200,-0.1400,0.0024,-0.0144,-0.0048,0
1083842,-6.8482,-6.5753,2.3673,-0.2100,-0.4200,-0.1400,-0.0072,-0.0144,-0.0048,0
1083881,-6.8123,-6.5825,2.3482,-0.3500,-0.4900,-0.3500,-0.0120,-0.0168,-0.0120,0
1083920,-6.8075,-6.5993,2.3506,0.3500,-0.1400,-0.2800,0.0120,-0.0048,-0.0096,0
1083959,-6.8219,-6.5897,2.3362,0.4900,0.0000,0.2100,0.0168,0.0000,0.0072,0
1083998,-6.8362,-6.5849,2.3506,0.8400,-0.4900,0.0700,0.0287,-0.0168,0.0024,0
1084037,-6.8410,-6.5705,2.3673,0.7700,-0.8400,0.0000,0.0263,-0.0287,0.0000,0
1084076,-6.8075,-6.5777,2.3553,0.7700,-0.6300,0.0000,0.0263,-0.0215,0.0000,0
1084115,-6.8219,-6.5705,2.3625,1.2600,-0.4200,-0.0700,0.0431,-0.0144,-0.0024,0
1084154,-6.8578,-6.5658,2.3936,1.0500,-0.5600,-0.1400,0.0359,-0.0191,-0.0048,0
1084193,-6.8147,-6.5801,2.3673,0.8400,-0.5600,-0.2100,0.0287,-0.0191,-0.0072,0
1084232,-6.8003,-6.5825,2.3625,0.9100,-0.7000,-0.2800,0.0311,-0.0239,-0.0096,0
1084271,-6.8243,-6.5705,2.3936,1.1200,-0.9100,-0.0700,0.0383,-0.0311,-0.0024,0
1084310,-6.8243,-6.5658,2.4176,1.2600,-0.9800,0.0000,0.0431,-0.0335,0.0000,0
1084349,-6.8362,-6.5586,2.4080,1.0500,-0.5600,-0.0700,0.0359,-0.0191,-0.0024,0
1084388,-6.8243,-6.5681,2.4104,1.0500,-0.4900,-0.3500,0.0359,-0.0168,-0.0120,0
1084427,-6.8219,-6.5753,2.4008,0.5600,-0.4200,-0.1400,0.0191,-0.0144,-0.0048,0
1084466,-6.8314,-6.5681,2.4080,0.7000,-0.9100,0.0700,0.0239,-0.0311,0.0024,0
1084505,-6.8027,-6.5753,2.4176,0.8400,-0.9800,0.0700,0.0287,-0.0335,0.0024,0
1084544,-6.8267,-6.5586,2.4319,0.5600,-0.3500,-0.2100,0.0191,-0.0120,-0.0072,0
1084583,-6.8243,-6.5658,2.4343,0.7000,0.1400,-0.0700,0.0239,0.0048,-0.0024,0
1084622,-6.8362,-6.5466,2.4272,0.8400,0.1400,0.0000,0.0287,0.0048,0.0000,0
1084661,-6.8219,-6.5658,2.4200,0.4200,-0.2100,-0.3500,0.0144,-0.0072,-0.0120,0
1084700,-6.8123,-6.5777,2.4152,0.9100,-0.2800,-0.2800,0.0311,-0.0096,-0.0096,0
1084739,-6.8219,-6.5610,2.4272,0.7000,-0.2800,0.0700,0.0239,-0.0096,0.0024,0
1084778,-6.8267,-6.5562,2.4367,0.6300,0.0000,-0.1400,0.0215,0.0000,-0.0048,0
1084817,-6.8386,-6.5610,2.4295,0.5600,0.2800,-0.2800,0.0191,0.0096,-0.0096,0
1084856,-6.8243,-6.5514,2.4128,0.7700,0.0700,-0.1400,0.0263,0.0024,-0.0048,0
1084895,-6.8314,-6.5442,2.4152,0.4200,-0.2100,-0.1400,0.0144,-0.0072,-0.0048,0
1084934,-6.8314,-6.5610,2.4319,0.9100,-0.6300,-0.2100,0.0311,-0.0215,-0.0072,0
1084973,-6.8434,-6.5418,2.4487,0.7700,-0.3500,-0.5600,0.0263,-0.0120,-0.0191,0
1085012,-6.8243,-6.5562,2.4391,0.2800,0.0000,-0.3500,0.0096,0.0000,-0.0120,0
1085051,-6.8147,-6.5634,2.4080,0.1400,0.1400,-0.3500,0.0048,0.0048,-0.0120,0
1085090,-6.8267,-6.5658,2.4367,0.2100,-0.3500,-0.3500,0.0072,-0.0120,-0.0120,0
1085129,-6.8219,-6.5634,2.4319,0.2800,-0.4200,-0.4200,0.0096,-0.0144,-0.0144,0
1085168,-6.8267,-6.5514,2.4607,0.1400,-0.2100,-0.8400,0.0048,-0.0072,-0.0287,0
1085207,-6.8099,-6.5586,2.4295,0.2800,0.1400,-0.7000,0.0096,0.0048,-0.0239,0
1085246,-6.7788,-6.5729,2.3889,0.4900,0.1400,-0.5600,0.0168,0.0048,-0.0191,0
1085285,-6.8338,-6.5777,2.4463,-0.2100,0.1400,-0.7000,-0.0072,0.0048,-0.0239,0
1085324,-6.8147,-6.5705,2.4200,0.6300,0.5600,-0.6300,0.0215,0.0191,-0.0215,0
1085363,-6.8362,-6.5849,2.4391,0.2100,0.8400,-0.6300,0.0072,0.0287,-0.0215,0
1085402,-6.7932,-6.5873,2.4224,1.2600,0.7000,-1.0500,0.0431,0.0239,-0.0359,0
1085441,-6.7932,-6.5610,2.3912,0.0000,2.1000,-1.8900,0.0000,0.0718,-0.0646,0
1085480,-6.8434,-6.5945,2.3769,3.0100,1.3300,-1.4700,0.1029,0.0455,-0.0503,0
1085519,-6.7668,-6.5801,2.3721,1.0500,0.0000,0.0000,0.0359,0.0000,0.0000,0
1085558,-6.7644,-6.5681,2.3458,0.6300,-0.1400,0.1400,0.0215,-0.0048,0.0048,0
1085597,-6.8482,-6.5538,2.4343,2.0300,-0.7000,-1.5400,0.0694,-0.0239,-0.0527,0
1085636,-6.7429,-6.5490,2.3912,1.8900,2.8700,-4.9000,0.0646,0.0981,-0.1676,0
1085675,-6.7572,-6.6878,2.3769,3.4300,4.4100,-1.4000,0.1173,0.1508,-0.0479,0
1085714,-6.8075,-6.6041,2.3266,3.7800,0.1400,-0.1400,0.1293,0.0048,-0.0048,0
1085753,-6.7261,-6.6232,2.3721,1.8200,-4.8300,2.0300,0.0622,-0.1652,0.0694,0
1085792,-6.7836,-6.5825,2.5014,0.7700,-5.6700,1.1200,0.0263,-0.1939,0.0383,0
1085831,-6.8338,-6.5322,2.5133,-1.1200,-3.6400,-1.1200,-0.0383,-0.1245,-0.0383,0
1085870,-6.7501,-6.6184,2.5564,-0.4900,-2.6600,-1.1900,-0.0168,-0.0910,-0.0407,0
1085909,-6.6615,-6.6591,2.4559,0.1400,1.0500,-2.7300,0.0048,0.0359,-0.0934,0
1085948,-6.8051,-6.6041,2.4295,-2.8700,1.3300,-0.3500,-0.0981,0.0455,-0.0120,0
1085987,-6.8003,-6.6064,2.4942,-0.7000,-0.4900,0.8400,-0.0239,-0.0168,0.0287,0
1086026,-6.7118,-6.6495,2.4128,-0.9800,1.1900,-0.5600,-0.0335,0.0407,-0.0191,0
1086065,-6.7333,-6.6376,2.3912,-1.0500,0.7000,-0.2100,-0.0359,0.0239,-0.0072,0
1086104,-6.7836,-6.6088,2.4391,-0.7000,0.8400,0.2100,-0.0239,0.0287,0.0072,0
1086143,-6.7979,-6.6495,2.4080,-1.4000,1.6800,-0.2100,-0.0479,0.0574,-0.0072,0
1086182,-6.7549,-6.6735,2.3506,-2.1700,1.0500,0.5600,-0.0742,0.0359,0.0191,0
1086221,-6.7836,-6.6232,2.4032,-0.4200,0.0700,0.2800,-0.0144,0.0024,0.0096,0
1086260,-6.7285,-6.6376,2.3721,0.0700,1.1200,0.4900,0.0024,0.0383,0.0168,0
1086299,-6.7357,-6.6591,2.3027,-1.3300,2.1700,0.4900,-0.0455,0.0742,0.0168,0
1086338,-6.7955,-6.6064,2.3099,-1.2600,0.9800,0.7700,-0.0431,0.0335,0.0263,0
1086377,-6.8338,-6.6543,2.3601,0.8400,-0.2100,-0.1400,0.0287,-0.0072,-0.0048,0
1086416,-6.7692,-6.6017,2.3123,0.4200,-0.0700,0.0700,0.0144,-0.0024,0.0024,0
1086455,-6.7501,-6.6280,2.2859,1.1200,-0.3500,0.0000,0.0383,-0.0120,0.0000,0
1086494,-6.7860,-6.6184,2.3242,0.9100,-0.7000,0.0700,0.0311,-0.0239,0.0024,0
1086533,-6.7644,-6.6352,2.3386,0.3500,-0.9100,0.4900,0.0120,-0.0311,0.0168,0
1086572,-6.7955,-6.6376,2.3458,1.2600,-0.3500,-0.2800,0.0431,-0.0120,-0.0096,0
1086611,-6.8123,-6.6160,2.3553,0.7000,-0.7000,-0.0700,0.0239,-0.0239,-0.0024,0
1086650,-6.7932,-6.6232,2.3362,0.3500,-1.0500,0.2800,0.0120,-0.0359,0.0096,0
1086689,-6.7764,-6.6136,2.3410,-0.2800,-1.3300,0.7700,-0.0096,-0.0455,0.0263,0
1086728,-6.8003,-6.6136,2.3793,0.2100,-1.1200,-0.1400,0.0072,-0.0383,-0.0048,0
1086767,-6.8051,-6.5993,2.3673,1.2600,-0.4900,-0.3500,0.0431,-0.0168,-0.0120,0
1086806,-6.7812,-6.6184,2.3673,0.3500,-0.3500,-0.0700,0.0120,-0.0120,-0.0024,0
1086845,-6.7692,-6.6112,2.3506,0.9800,0.4200,0.0700,0.0335,0.0144,0.0024,0
1086884,-6.8027,-6.6136,2.3482,0.4200,0.1400,0.0000,0.0144,0.0048,0.0000,0
1086923,-6.8051,-6.6041,2.3817,0.1400,-0.0700,-0.3500,0.0048,-0.0024,-0.0120,0
1086962,-6.8171,-6.6280,2.3673,0.9800,-0.0700,-0.1400,0.0335,-0.0024,-0.0048,0
1087001,-6.8123,-6.5921,2.3889,-0.1400,-0.3500,-0.2100,-0.0048,-0.0120,-0.0072,0
1087040,-6.8027,-6.5945,2.3649,0.4200,0.2100,-0.5600,0.0144,0.0072,-0.0191,0
1087079,-6.7549,-6.5993,2.3194,0.3500,0.4200,-0.2800,0.0120,0.0144,-0.0096,0
1087118,-6.7477,-6.6376,2.3194,-0.1400,-0.0700,-0.7000,-0.0048,-0.0024,-0.0239,0
1087157,-6.7764,-6.6543,2.3386,0.1400,-0.1400,-0.3500,0.0048,-0.0048,-0.0120,0
1087196,-6.7979,-6.6256,2.3506,-0.8400,-0.2100,0.6300,-0.0287,-0.0072,0.0215,0
1087235,-6.7932,-6.6017,2.3386,-0.2800,-0.4900,0.5600,-0.0096,-0.0168,0.0191,0
1087274,-6.8123,-6.6041,2.3673,0.2100,-0.2100,-0.2100,0.0072,-0.0072,-0.0072,0
1087313,-6.8195,-6.6136,2.3673,-0.0700,0.1400,-0.5600,-0.0024,0.0048,-0.0191,0
1087352,-6.8123,-6.6232,2.3553,0.3500,0.0000,-0.5600,0.0120,0.0000,-0.0191,0
1087391,-6.7955,-6.6136,2.3410,0.2100,0.3500,-0.4900,0.0072,0.0120,-0.0168,0
1087430,-6.7668,-6.6064,2.3123,-0.0700,0.9800,-0.7000,-0.0024,0.0335,-0.0239,0
1087469,-6.7740,-6.6663,2.2907,-0.4200,0.8400,-1.1200,-0.0144,0.0287,-0.0383,0
1087508,-6.7549,-6.6567,2.2859,-0.2100,-0.1400,0.0000,-0.0072,-0.0048,0.0000,0
1087547,-6.7836,-6.6280,2.3147,0.2800,-0.3500,0.3500,0.0096,-0.0120,0.0120,0
1087586,-6.8506,-6.5969,2.3553,0.5600,-0.0700,-0.8400,0.0191,-0.0024,-0.0287,0
1087625,-6.7908,-6.6208,2.3553,1.0500,0.1400,-0.9800,0.0359,0.0048,-0.0335,0
1087664,-6.7788,-6.6495,2.3170,1.1900,1.7500,-1.1200,0.0407,0.0598,-0.0383,0
1087703,-6.7740,-6.5969,2.2907,-2.3800,1.8200,-0.4900,-0.0814,0.0622,-0.0168,0
1087742,-6.7453,-6.7189,2.3027,1.8200,0.6300,-0.4900,0.0622,0.0215,-0.0168,0
1087781,-6.8027,-6.6136,2.2740,3.2200,1.3300,0.0700,0.1101,0.0455,0.0024,0
1087820,-6.7932,-6.6136,2.2572,1.9600,0.8400,-0.4200,0.0670,0.0287,-0.0144,0
1087859,-6.7142,-6.6424,2.2404,1.4700,-0.4200,-0.5600,0.0503,-0.0144,-0.0191,0
1087898,-6.8003,-6.6783,2.3099,0.4900,-1.4000,-0.2800,0.0168,-0.0479,-0.0096,0
1087937,-6.8243,-6.6088,2.3123,-0.7000,-3.0800,1.0500,-0.0239,-0.1053,0.0359,0
1087976,-6.8099,-6.5921,2.3410,0.0000,-3.1500,0.9100,0.0000,-0.1077,0.0311,0
1088015,-6.8171,-6.6687,2.4152,0.5600,-2.5900,0.4200,0.0191,-0.0886,0.0144,0
1088054,-6.7932,-6.6088,2.3936,-0.5600,-1.8900,1.6100,-0.0191,-0.0646,0.0551,0
1088093,-6.7884,-6.5873,2.3745,0.9100,0.0000,0.5600,0.0311,0.0000,0.0191,0
1088132,-6.7501,-6.6041,2.3027,0.6300,0.5600,0.2800,0.0215,0.0191,0.0096,0
1088171,-6.8554,-6.5945,2.3123,-1.0500,-0.4900,0.3500,-0.0359,-0.0168,0.0120,0
1088210,-6.7979,-6.6041,2.3936,0.7000,-2.1700,1.0500,0.0239,-0.0742,0.0359,0
1088249,-6.8147,-6.6160,2.3841,1.8200,-0.2100,-0.0700,0.0622,-0.0072,-0.0024,0
1088288,-6.8027,-6.5849,2.3577,0.9100,0.4200,-0.0700,0.0311,0.0144,-0.0024,0
1088327,-6.8530,-6.5921,2.4080,0.7700,0.9800,0.0000,0.0263,0.0335,0.0000,0
1088366,-6.7740,-6.6136,2.3266,-0.7000,1.0500,0.2800,-0.0239,0.0359,0.0096,0
1088405,-6.8147,-6.5705,2.3027,0.7000,1.4000,0.2100,0.0239,0.0479,0.0072,0
1088444,-6.9033,-6.6304,2.4032,2.3100,0.9100,0.2800,0.0790,0.0311,0.0096,0
1088483,-6.7764,-6.5849,2.3123,1.1900,-0.3500,0.9100,0.0407,-0.0120,0.0311,0
1088522,-6.7309,-6.5969,2.2117,0.9800,-0.3500,0.4900,0.0335,-0.0120,0.0168,0
1088561,-6.7979,-6.5562,2.3027,0.8400,-3.7100,1.4000,0.0287,-0.1269,0.0479,0
1088600,-6.9152,-6.5346,2.5301,6.4400,-2.0300,0.9800,0.2202,-0.0694,0.0335,0
1088639,-6.9344,-6.6902,2.4654,2.2400,-3.2200,0.8400,0.0766,-0.1101,0.0287,0
1088678,-6.8075,-6.4748,2.4726,1.7500,-5.0400,1.7500,0.0598,-0.1723,0.0598,0
1088717,-6.7237,-6.4868,2.3912,6.6500,-3.5700,0.6300,0.2274,-0.1221,0.0215,0
1088756,-6.6854,-6.4844,2.3936,0.0700,-6.0200,-1.4700,0.0024,-0.2059,-0.0503,0
1088795,-6.8985,-6.5346,2.5684,0.5600,-7.2800,-3.9200,0.0191,-0.2489,-0.1340,0
1088834,-6.8219,-6.6184,2.6569,-2.4500,-9.8700,-1.8200,-0.0838,-0.3375,-0.0622,0
1088873,-6.7501,-6.6471,2.6139,0.2100,-9.7300,-0.2800,0.0072,-0.3327,-0.0096,0
1088912,-6.7118,-6.5634,2.6450,-1.5400,-8.8900,-1.1900,-0.0527,-0.3040,-0.0407,0
1088951,-6.5586,-6.5227,2.6737,-2.1000,-8.1900,-1.4700,-0.0718,-0.2801,-0.0503,0
1088990,-6.6017,-6.6208,2.7910,0.0700,-4.8300,-2.1000,0.0024,-0.1652,-0.0718,0
1089029,-6.6376,-6.5705,2.8030,-2.1700,1.5400,-2.5200,-0.0742,0.0527,-0.0862,0
1089068,-6.6974,-6.6854,2.7335,0.2100,3.9200,-3.1500,0.0072,0.1340,-0.1077,0
1089107,-6.6759,-6.6543,2.6905,0.2100,3.5700,-1.4700,0.0072,0.1221,-0.0503,0
1089146,-6.6447,-6.6902,2.6474,2.7300,2.9400,-0.9100,0.0934,0.1005,-0.0311,0
1089185,-6.6615,-6.6424,2.6306,3.1500,2.3800,0.5600,0.1077,0.0814,0.0191,0
1089224,-6.6376,-6.5299,2.6378,1.2600,2.3800,0.3500,0.0431,0.0814,0.0120,0
1089263,-6.6830,-6.6639,2.6713,3.9200,3.1500,-1.7500,0.1340,0.1077,-0.0598,0
1089302,-6.6615,-6.6567,2.6665,2.5900,3.9200,-0.9100,0.0886,0.1340,-0.0311,0
1089341,-6.6830,-6.6495,2.5899,0.0700,3.1500,0.2800,0.0024,0.1077,0.0096,0
1089380,-6.6926,-6.6304,2.5995,-0.3500,1.7500,0.2800,-0.0120,0.0598,0.0096,0
1089419,-6.6687,-6.5849,2.6162,-0.5600,1.1900,-0.9100,-0.0191,0.0407,-0.0311,0
1089458,-6.7213,-6.6304,2.5875,-0.4900,0.9800,-0.6300,-0.0168,0.0335,-0.0215,0
1089497,-6.6447,-6.6424,2.5540,-0.4900,0.4200,-0.3500,-0.0168,0.0144,-0.0120,0
1089536,-6.6974,-6.6830,2.5708,-0.0700,0.0700,0.6300,-0.0024,0.0024,0.0215,0
1089575,-6.6806,-6.6041,2.5971,-1.7500,-0.4200,0.3500,-0.0598,-0.0144,0.0120,0
1089614,-6.7477,-6.6160,2.6162,0.5600,0.1400,-0.2100,0.0191,0.0048,-0.0072,0
1089653,-6.7094,-6.6735,2.5971,1.0500,0.5600,-0.8400,0.0359,0.0191,-0.0287,0
1089692,-6.6950,-6.6328,2.5468,-0.2800,0.5600,-0.3500,-0.0096,0.0191,-0.0120,0
1089731,-6.6687,-6.6352,2.5444,0.2100,-0.4200,0.2100,0.0072,-0.0144,0.0072,0
1089770,-6.7142,-6.6495,2.5612,-0.7000,0.4200,-0.0700,-0.0239,0.0144,-0.0024,0
1089809,-6.7333,-6.6017,2.5827,-1.8200,-0.2100,0.3500,-0.0622,-0.0072,0.0120,0
1089848,-6.7046,-6.6160,2.5660,-0.1400,0.1400,-0.0700,-0.0048,0.0048,-0.0024,0
1089887,-6.7118,-6.6519,2.5373,0.3500,0.5600,-0.3500,0.0120,0.0191,-0.0120,0
1089926,-6.7237,-6.6256,2.5444,0.1400,-0.4200,0.9100,0.0048,-0.0144,0.0311,0
1089965,-6.6687,-6.6232,2.5014,-0.0700,-0.2100,1.0500,-0.0024,-0.0072,0.0359,0
1090004,-6.7118,-6.6232,2.5373,0.0700,-0.4200,0.0700,0.0024,-0.0144,0.0024,0
1090043,-6.7261,-6.6304,2.5564,0.8400,-0.2100,-0.5600,0.0287,-0.0072,-0.0191,0
1090082,-6.7261,-6.6495,2.5349,-0.1400,-0.4900,0.2800,-0.0048,-0.0168,0.0096,0
1090121,-6.7213,-6.6543,2.5468,-0.1400,-1.0500,0.3500,-0.0048,-0.0359,0.0120,0
1090160,-6.7118,-6.6088,2.5301,0.8400,-1.8200,0.6300,0.0287,-0.0622,0.0215,0
1090199,-6.7189,-6.5705,2.5803,0.3500,-1.8200,0.6300,0.0120,-0.0622,0.0215,0
1090238,-6.7285,-6.6280,2.5756,0.2100,-0.2800,-0.4200,0.0072,-0.0096,-0.0144,0
1090277,-6.7142,-6.6280,2.5420,-1.5400,0.0000,0.0700,-0.0527,0.0000,0.0024,0
1090316,-6.7237,-6.6400,2.5492,-0.8400,-0.5600,-0.2100,-0.0287,-0.0191,-0.0072,0
1090355,-6.7764,-6.6208,2.5444,-1.2600,-1.0500,0.1400,-0.0431,-0.0359,0.0048,0
1090394,-6.6447,-6.6017,2.4918,-1.1200,-1.2600,0.8400,-0.0383,-0.0431,0.0287,0
1090433,-6.6806,-6.6328,2.5085,0.6300,-0.6300,-0.4200,0.0215,-0.0215,-0.0144,0
1090472,-6.7309,-6.6304,2.5373,-1.5400,-0.0700,-0.4200,-0.0527,-0.0024,-0.0144,0
1090511,-6.7094,-6.6519,2.5277,-1.2600,0.1400,0.2100,-0.0431,0.0048,0.0072,0
1090550,-6.7620,-6.6687,2.5373,-0.2800,0.0700,0.1400,-0.0096,0.0024,0.0048,0
1090589,-6.7333,-6.5873,2.5157,-1.3300,-0.5600,0.7000,-0.0455,-0.0191,0.0239,0
1090628,-6.7094,-6.6136,2.5037,-0.2800,0.8400,-0.8400,-0.0096,0.0287,-0.0287,0
1090667,-6.7501,-6.6711,2.5061,0.8400,1.4700,-1.9600,0.0287,0.0503,-0.0670,0
1090706,-6.6806,-6.6567,2.4367,-1.4000,0.7700,0.0000,-0.0479,0.0263,0.0000,0
1090745,-6.6854,-6.6471,2.4559,-0.2100,0.0700,0.1400,-0.0072,0.0024,0.0048,0
1090784,-6.7094,-6.6495,2.4678,0.0000,0.5600,-0.3500,0.0000,0.0191,-0.0120,0
1090823,-6.7142,-6.6424,2.4511,0.3500,0.4900,0.0700,0.0120,0.0168,0.0024,0
1090862,-6.7596,-6.6663,2.4726,0.8400,-0.1400,0.4200,0.0287,-0.0048,0.0144,0
1090901,-6.7501,-6.6208,2.5037,-0.6300,-0.6300,0.7700,-0.0215,-0.0215,0.0263,0
1090940,-6.6926,-6.6184,2.4295,0.2100,-0.1400,-0.0700,0.0072,-0.0048,-0.0024,0
1090979,-6.7405,-6.6447,2.4726,0.5600,-0.1400,-0.4200,0.0191,-0.0048,-0.0144,0
1091018,-6.7525,-6.6400,2.5133,0.8400,0.2800,-0.7700,0.0287,0.0096,-0.0263,0
1091057,-6.7692,-6.6304,2.4918,0.7000,0.9800,-0.9800,0.0239,0.0335,-0.0335,0
1091096,-6.6854,-6.6543,2.4487,1.0500,1.2600,-1.4700,0.0359,0.0431,-0.0503,0
1091135,-6.6830,-6.6806,2.4511,2.1000,1.7500,-1.3300,0.0718,0.0598,-0.0455,0
1091174,-6.6998,-6.6447,2.4128,1.7500,1.1900,-0.5600,0.0598,0.0407,-0.0191,0
1091213,-6.7046,-6.5993,2.4200,1.6800,0.4200,0.0000,0.0574,0.0144,0.0000,0
1091252,-6.7501,-6.6735,2.4870,-0.5600,-0.7700,-0.6300,-0.0191,-0.0263,-0.0215,0
1091291,-6.7166,-6.6735,2.4942,-0.4900,-1.0500,0.2100,-0.0168,-0.0359,0.0072,0
1091330,-6.6998,-6.6424,2.4654,0.1400,-0.5600,0.2800,0.0048,-0.0191,0.0096,0
1091369,-6.7237,-6.6759,2.4535,1.4700,-0.2100,-1.2600,0.0503,-0.0072,-0.0431,0
1091408,-6.7812,-6.5705,2.4846,3.0800,-2.3100,-1.2600,0.1053,-0.0790,-0.0431,0
1091447,-6.7046,-6.6902,2.5660,4.4100,-2.0300,-1.5400,0.1508,-0.0694,-0.0527,0
1091486,-6.6352,-6.7836,2.5899,5.8100,0.4900,-1.3300,0.1987,0.0168,-0.0455,0
1091525,-6.5586,-6.6806,2.4607,3.1500,1.8900,1.2600,0.1077,0.0646,0.0431,0
1091564,-6.7549,-6.6112,2.5181,0.7700,-0.2100,1.1200,0.0263,-0.0072,0.0383,0
1091603,-6.7932,-6.5729,2.6210,1.6100,-1.1900,0.0000,0.0551,-0.0407,0.0000,0
1091642,-6.7405,-6.6806,2.4990,0.7700,-0.9100,0.2100,0.0263,-0.0311,0.0072,0
1091681,-6.7022,-6.6471,2.5875,1.5400,-3.4300,0.4200,0.0527,-0.1173,0.0144,0
1091720,-6.7142,-6.5801,2.5827,0.5600,-2.1700,1.4700,0.0191,-0.0742,0.0503,0
1091759,-6.6495,-6.5705,2.5397,1.4700,-1.7500,-0.2100,0.0503,-0.0598,-0.0072,0
1091798,-6.6471,-6.6112,2.5660,1.7500,-1.9600,-0.7000,0.0598,-0.0670,-0.0239,0
1091837,-6.6639,-6.6447,2.6067,-1.2600,-1.9600,-0.2800,-0.0431,-0.0670,-0.0096,0
1091876,-6.6902,-6.6352,2.6330,-0.7700,-2.1000,0.6300,-0.0263,-0.0718,0.0215,0
1091915,-6.7022,-6.6017,2.6234,-0.7000,-3.0100,1.5400,-0.0239,-0.1029,0.0527,0
1091954,-6.7166,-6.6424,2.6569,-0.1400,-4.0600,-0.3500,-0.0048,-0.1388,-0.0120,0
1091993,-6.6400,-6.6304,2.6522,0.1400,-3.6400,0.6300,0.0048,-0.1245,0.0215,0
1092032,-6.5993,-6.6184,2.6522,-1.4000,-2.1700,0.7700,-0.0479,-0.0742,0.0263,0
1092071,-6.7142,-6.6567,2.6617,-0.3500,-0.9100,-0.0700,-0.0120,-0.0311,-0.0024,0
1092110,-6.6567,-6.6088,2.6474,17.6400,-2.0300,0.4200,0.6032,-0.0694,0.0144,0
1092149,-6.7094,-6.6160,2.7072,0.0000,-0.7700,0.0000,0.0000,-0.0263,0.0000,0
1092188,-6.7166,-6.6017,2.7240,1.1900,0.2100,-0.4900,0.0407,0.0072,-0.0168,0
1092227,-6.6160,-6.6041,2.5971,-0.0700,0.7000,0.2800,-0.0024,0.0239,0.0096,0
1092266,-6.6543,-6.6567,2.6450,0.1400,0.4200,-0.0700,0.0048,0.0144,-0.0024,0
1092305,-6.6783,-6.5993,2.6785,-0.9800,0.9100,0.3500,-0.0335,0.0311,0.0120,0
1092344,-6.7189,-6.6041,2.6569,-0.2100,2.5900,-0.9100,-0.0072,0.0886,-0.0311,0
1092383,-6.7453,-6.6232,2.6378,-0.7000,1.8900,-0.2100,-0.0239,0.0646,-0.0072,0
1092422,-6.6663,-6.6208,2.5708,-0.6300,1.4000,0.2800,-0.0215,0.0479,0.0096,0
1092461,-6.6783,-6.5705,2.5660,-0.8400,1.1900,0.4200,-0.0287,0.0407,0.0144,0
1092500,-6.7046,-6.6471,2.5851,0.1400,0.3500,-0.4900,0.0048,0.0120,-0.0168,0
1092539,-6.7333,-6.6328,2.6139,0.5600,-0.1400,-0.2800,0.0191,-0.0048,-0.0096,0
1092578,-6.7046,-6.6447,2.5875,-0.2800,-0.2800,0.7700,-0.0096,-0.0096,0.0263,0
1092617,-6.6902,-6.5897,2.5756,0.0000,-0.1400,0.6300,0.0000,-0.0048,0.0215,0
1092656,-6.7142,-6.6232,2.5660,0.7000,-0.1400,0.0700,0.0239,-0.0048,0.0024,0
1092695,-6.6854,-6.6208,2.5803,-0.4200,-0.2100,0.0000,-0.0144,-0.0072,0.0000,0
1092734,-6.7142,-6.6232,2.5684,0.2800,0.2800,0.0000,0.0096,0.0096,0.0000,0
1092773,-6.7189,-6.6184,2.5492,-0.0700,-0.4200,0.2800,-0.0024,-0.0144,0.0096,0
1092812,-6.7285,-6.6112,2.5899,-0.2800,-1.2600,0.7000,-0.0096,-0.0431,0.0239,0
1092851,-6.7429,-6.5969,2.5971,-0.3500,-1.1200,0.7700,-0.0120,-0.0383,0.0263,0
1092890,-6.7142,-6.6112,2.5875,-2.2400,-0.4900,0.1400,-0.0766,-0.0168,0.0048,0
1092929,-6.6806,-6.6256,2.5397,-0.8400,0.2100,0.2100,-0.0287,0.0072,0.0072,0
1092968,-6.7453,-6.6041,2.5756,-0.1400,0.3500,-0.2100,-0.0048,0.0120,-0.0072,0
1093007,-6.7620,-6.6256,2.5325,-0.7000,0.7700,-0.1400,-0.0239,0.0263,-0.0048,0
1093046,-6.7237,-6.6208,2.5109,-0.8400,0.6300,-0.4200,-0.0287,0.0215,-0.0144,0
1093085,-6.7094,-6.6352,2.5181,0.2800,0.0700,-0.3500,0.0096,0.0024,-0.0120,0
1093124,-6.7094,-6.6041,2.5037,-0.8400,0.5600,-0.2800,-0.0287,0.0191,-0.0096,0
1093163,-6.7549,-6.6471,2.5253,-0.7700,0.1400,-0.5600,-0.0263,0.0048,-0.0191,0
1093202,-6.6974,-6.6256,2.5181,-0.9800,0.0000,-0.1400,-0.0335,0.0000,-0.0048,0
1093241,-6.7237,-6.6447,2.4894,0.0700,0.2800,0.0000,0.0024,0.0096,0.0000,0
1093280,-6.6902,-6.6256,2.4750,-0.3500,0.0700,-0.1400,-0.0120,0.0024,-0.0048,0
1093319,-6.7213,-6.6304,2.4966,0.0700,0.5600,-0.2800,0.0024,0.0191,-0.0096,0
1093358,-6.7405,-6.6256,2.4990,-0.6300,0.7000,0.0700,-0.0215,0.0239,0.0024,0
1093397,-6.7333,-6.6208,2.4846,0.2800,0.7700,-0.3500,0.0096,0.0263,-0.0120,0
1093436,-6.7788,-6.6328,2.4894,17.8500,-0.4200,-0.2100,0.6104,-0.0144,-0.0072,0
1093475,-6.7022,-6.6304,2.4750,1.1900,0.1400,-0.2100,0.0407,0.0048,-0.0072,0
1093514,-6.7381,-6.6064,2.4798,1.2600,0.4900,-0.0700,0.0431,0.0168,-0.0024,0
1093553,-6.7118,-6.6304,2.4774,1.1900,0.6300,-0.9100,0.0407,0.0215,-0.0311,0
1093592,-6.7094,-6.6687,2.4822,1.1900,0.9800,-1.1900,0.0407,0.0335,-0.0407,0
1093631,-6.7309,-6.6447,2.4487,1.6100,0.6300,-0.4900,0.0551,0.0215,-0.0168,0
1093670,-6.7405,-6.6424,2.5037,1.0500,-0.4200,0.0700,0.0359,-0.0144,0.0024,0
1093709,-6.7572,-6.6160,2.4966,1.8200,0.0700,-0.2800,0.0622,0.0024,-0.0096,0
1093748,-6.7094,-6.6208,2.4726,0.0000,0.0700,-0.2800,0.0000,0.0024,-0.0096,0
1093787,-6.7166,-6.6280,2.4822,0.5600,0.1400,-0.7700,0.0191,0.0048,-0.0263,0
1093826,-6.7309,-6.6447,2.4774,2.3100,0.3500,-0.7000,0.0790,0.0120,-0.0239,0
1093865,-6.7477,-6.6328,2.5061,1.1200,0.0000,-0.7700,0.0383,0.0000,-0.0263,0
1093904,-6.7213,-6.6615,2.4942,0.2800,-0.3500,-0.4900,0.0096,-0.0120,-0.0168,0
1093943,-6.6950,-6.6447,2.4966,0.5600,-0.4200,-0.0700,0.0191,-0.0144,-0.0024,0
1093982,-6.7620,-6.6376,2.5229,1.1200,-0.0700,-0.6300,0.0383,-0.0024,-0.0215,0
1094021,-6.7357,-6.6376,2.5109,1.4700,-0.2100,-0.2100,0.0503,-0.0072,-0.0072,0
1094060,-6.7189,-6.6064,2.4942,0.0000,0.1400,-0.0700,0.0000,0.0048,-0.0024,0
1094099,-6.6543,-6.6567,2.4559,0.2800,-0.4200,-0.4900,0.0096,-0.0144,-0.0168,0
1094138,-6.7237,-6.6687,2.5037,0.4200,-0.4900,-0.1400,0.0144,-0.0168,-0.0048,0
1094177,-6.7501,-6.6280,2.5109,0.3500,-0.7700,0.7700,0.0120,-0.0263,0.0263,0
1094216,-6.6854,-6.6232,2.4559,1.4700,-1.1200,0.2100,0.0503,-0.0383,0.0072,0
1094255,-6.7022,-6.6304,2.5014,0.4200,-1.5400,0.0000,0.0144,-0.0527,0.0000,0
1094294,-6.7022,-6.6184,2.5373,1.8900,-1.5400,-0.4200,0.0646,-0.0527,-0.0144,0
1094333,-6.7932,-6.6280,2.5827,1.0500,-0.7700,-0.1400,0.0359,-0.0263,-0.0048,0
1094372,-6.6447,-6.6352,2.5085,0.5600,-2.3100,1.4700,0.0191,-0.0790,0.0503,0
1094411,-6.6639,-6.6136,2.5277,2.9400,-2.3800,0.2100,0.1005,-0.0814,0.0072,0
1094450,-6.7788,-6.5203,2.5540,4.6200,-1.9600,-0.9800,0.1580,-0.0670,-0.0335,0
1094489,-6.7453,-6.6376,2.6282,3.2200,-4.5500,-0.3500,0.1101,-0.1556,-0.0120,0
1094528,-6.6711,-6.6232,2.6498,0.4200,-5.0400,-0.9800,0.0144,-0.1723,-0.0335,0
1094567,-6.7668,-6.7070,2.7216,0.8400,-5.9500,2.1700,0.0287,-0.2035,0.0742,0
1094606,-6.5442,-6.4987,2.6833,-1.9600,-5.8800,2.6600,-0.0670,-0.2011,0.0910,0
1094645,-6.6639,-6.5538,2.7216,1.1200,-1.4000,-0.9800,0.0383,-0.0479,-0.0335,0
1094684,-6.6998,-6.6232,2.7766,-0.3500,0.7700,-1.8200,-0.0120,0.0263,-0.0622,0
1094723,-6.7166,-6.6519,2.6952,-0.2100,2.5200,-2.3800,-0.0072,0.0862,-0.0814,0
1094762,-6.6783,-6.6759,2.6474,-0.9800,-0.4200,1.7500,-0.0335,-0.0144,0.0598,0
1094801,-6.6519,-6.5945,2.6426,0.0000,0.0700,0.7700,0.0000,0.0024,0.0263,0
1094840,-6.6567,-6.5801,2.6785,-0.7000,0.9800,-0.3500,-0.0239,0.0335,-0.0120,0
1094879,-6.7022,-6.6328,2.6258,0.2100,2.4500,-1.0500,0.0072,0.0838,-0.0359,0
1094918,-6.6471,-6.6256,2.5947,-1.6800,1.8900,0.5600,-0.0574,0.0646,0.0191,0
1094957,-6.7094,-6.6208,2.5875,-1.6800,1.1900,-0.0700,-0.0574,0.0407,-0.0024,0
1094996,-6.7620,-6.6017,2.6426,-0.4200,-0.2100,0.2800,-0.0144,-0.0072,0.0096,0
1095035,-6.6974,-6.6017,2.6115,-0.2100,-0.4200,0.5600,-0.0072,-0.0144,0.0191,0
1095074,-6.6806,-6.6256,2.5851,0.6300,0.4200,0.4200,0.0215,0.0144,0.0144,0
1095113,-6.7166,-6.6088,2.5756,-0.1400,0.3500,1.1900,-0.0048,0.0120,0.0407,0
1095152,-6.7142,-6.6088,2.5684,0.7000,-0.4200,0.5600,0.0239,-0.0144,0.0191,0
1095191,-6.7309,-6.6017,2.5995,0.7000,-0.4900,0.4200,0.0239,-0.0168,0.0144,0
1095230,-6.7357,-6.5705,2.6378,0.0000,-0.2800,0.4200,0.0000,-0.0096,0.0144,0
1095269,-6.7309,-6.5873,2.5995,0.2100,0.2100,0.2100,0.0072,0.0072,0.0072,0
1095308,-6.7357,-6.5969,2.5923,0.1400,-0.3500,0.3500,0.0048,-0.0120,0.0120,0
1095347,-6.7261,-6.5849,2.6067,0.2100,-0.4200,0.1400,0.0072,-0.0144,0.0048,0
1095386,-6.7764,-6.5825,2.6282,0.7700,-0.2100,-0.1400,0.0263,-0.0072,-0.0048,0
1095425,-6.7333,-6.5825,2.6115,0.5600,0.1400,-0.5600,0.0191,0.0048,-0.0191,0
1095464,-6.7213,-6.6041,2.5684,0.2100,0.2800,-0.4900,0.0072,0.0096,-0.0168,0
1095503,-6.7285,-6.6088,2.5923,0.2800,-0.1400,-0.4200,0.0096,-0.0048,-0.0144,0
1095542,-6.7381,-6.5969,2.5971,0.0700,-0.6300,-0.0700,0.0024,-0.0215,-0.0024,0
1095581,-6.7237,-6.5777,2.6019,0.0700,-0.9100,-0.2100,0.0024,-0.0311,-0.0072,0
1095620,-6.7333,-6.5945,2.6234,0.0000,-0.9100,-0.6300,0.0000,-0.0311,-0.0215,0
1095659,-6.7118,-6.6136,2.6186,0.3500,0.2100,-0.7000,0.0120,0.0072,-0.0239,0
1095698,-6.6998,-6.5873,2.5875,0.7700,0.9100,-0.7700,0.0263,0.0311,-0.0263,0
1095737,-6.6902,-6.6232,2.5564,0.9100,0.4900,-0.4200,0.0311,0.0168,-0.0144,0
1095776,-6.7118,-6.6160,2.5780,0.8400,-0.3500,0.0000,0.0287,-0.0120,0.0000,0
1095815,-6.7070,-6.5921,2.5995,0.8400,-0.5600,0.2100,0.0287,-0.0191,0.0072,0
1095854,-6.7118,-6.6064,2.5708,0.9800,-0.7000,0.1400,0.0335,-0.0239,0.0048,0
1095893,-6.7189,-6.5993,2.5995,0.0000,-0.9800,0.2800,0.0000,-0.0335,0.0096,0
1095932,-6.7261,-6.5849,2.6115,0.3500,-1.4000,0.4200,0.0120,-0.0479,0.0144,0
1095971,-6.7453,-6.6041,2.6330,0.9800,-1.3300,-0.2100,0.0335,-0.0455,-0.0072,0
1096010,-6.7381,-6.5658,2.6450,0.0700,-1.0500,0.0000,0.0024,-0.0359,0.0000,0
1096049,-6.6902,-6.6088,2.6115,0.9100,-0.5600,0.0000,0.0311,-0.0191,0.0000,0
1096088,-6.7213,-6.5729,2.6043,0.7700,-0.9800,-0.7000,0.0263,-0.0335,-0.0239,0
1096127,-6.7357,-6.5945,2.6617,1.1900,-1.9600,-0.9100,0.0407,-0.0670,-0.0311,0
1096166,-6.7213,-6.6112,2.6593,-0.3500,-1.6800,-0.3500,-0.0120,-0.0574,-0.0120,0
1096205,-6.7501,-6.5538,2.7048,-0.4200,-0.6300,-0.5600,-0.0144,-0.0215,-0.0191,0
1096244,-6.7189,-6.5945,2.7000,0.2100,-0.4200,-2.5200,0.0072,-0.0144,-0.0862,0
1096283,-6.5897,-6.6519,2.5923,0.5600,0.2800,-2.3100,0.0191,0.0096,-0.0790,0
1096322,-6.7285,-6.6160,2.6162,-0.7000,1.6100,-1.8200,-0.0239,0.0551,-0.0622,0
1096361,-6.7860,-6.6232,2.6545,0.2100,2.0300,-1.6800,0.0072,0.0694,-0.0574,0
1096400,-6.6376,-6.6017,2.6498,-1.1200,-0.2100,-1.3300,-0.0383,-0.0072,-0.0455,0
1096439,-6.6352,-6.6112,2.6737,4.8300,5.0400,-4.1300,0.1652,0.1723,-0.1412,0
1096478,-6.7381,-6.7836,2.6737,-0.2800,7.4200,-4.8300,-0.0096,0.2537,-0.1652,0
1096517,-6.4676,-6.7309,2.3769,-0.2800,3.2200,2.7300,-0.0096,0.1101,0.0934,0
1096556,-6.5538,-6.6854,2.3386,7.2800,-2.1000,5.7400,0.2489,-0.0718,0.1963,0
1096595,-6.8865,-6.4652,2.7216,10.0100,-8.4700,2.0300,0.3423,-0.2896,0.0694,0
1096634,-7.0852,-6.5275,3.0854,7.0700,-9.7300,1.4700,0.2418,-0.3327,0.0503,0
1096673,-6.8434,-6.5275,2.8795,3.9200,-9.6600,2.5900,0.1340,-0.3303,0.0886,0
1096712,-6.8913,-6.6352,2.7575,3.9200,-7.0700,3.6400,0.1340,-0.2418,0.1245,0
1096751,-7.2049,-6.6543,2.9011,13.2300,-14.1400,6.0900,0.4524,-0.4835,0.2082,0
1096790,-7.1953,-6.4102,3.5067,8.5400,-10.5000,4.6900,0.2920,-0.3590,0.1604,0
1096829,-5.5891,-6.3743,3.1596,16.5900,-7.2800,4.6900,0.5673,-0.2489,0.1604,0
1096868,1.8287,19.6087,0.3064,53.4800,573.4400,8.9600,1.8287,19.6087,0.3064,0
1096908,1.8287,19.6087,0.3064,53.4800,573.4400,8.9600,1.8287,19.6087,0.3064,0
1096948,1.8287,19.6087,0.3064,53.4800,573.4400,8.9600,1.8287,19.6087,0.3064,0
1096988,1.8287,19.6087,0.3064,53.4800,573.4400,8.9600,1.8287,19.6087,0.3064,0
1097028,-6.9272,-6.0056,3.5234,3.4300,-0.9100,10.1500,0.1173,-0.0311,0.3471,0
1097067,-7.2384,-5.2564,3.4421,-3.6400,11.3400,8.7500,-0.1245,0.3878,0.2992,0
1097106,-6.9990,-5.7926,2.5899,-21.7000,0.7000,-3.9900,-0.7420,0.0239,-0.1364,0
1097145,-7.7554,-5.7782,4.7155,2.6600,-39.6200,-23.0300,0.0910,-1.3548,-0.7875,0
1097184,-7.2288,-6.3934,4.1769,-3.3600,0.4200,-14.4200,-0.1149,0.0144,-0.4931,0
1097223,-6.9463,-6.4724,3.4349,2.1000,9.3100,-6.3700,0.0718,0.3184,-0.2178,0
1097262,-6.7309,-6.4485,3.2554,5.1100,13.0200,-1.8900,0.1747,0.4452,-0.0646,0
1097301,-6.6663,-6.3216,2.9514,7.3500,10.9200,-2.3800,0.2513,0.3734,-0.0814,0
1097340,-6.6376,-6.1373,2.7240,6.0900,11.2000,-4.2700,0.2082,0.3830,-0.1460,0
1097379,1.8287,19.6087,0.3064,53.4800,573.4400,8.9600,1.8287,19.6087,0.3064,0
1097419,1.8287,19.6087,0.3064,53.4800,573.4400,8.9600,1.8287,19.6087,0.3064,0
1097459,1.8287,19.6087,0.3064,53.4800,573.4400,8.9600,1.8287,19.6087,0.3064,0
