timestamp_ms,waist_x,waist_y,waist_z,waist_gx,waist_gy,waist_gz,thigh_x,thigh_y,thigh_z,event_flag
318,6.4221,5.2612,5.4671,1.0500,0.5600,0.2800,0.0359,0.0191,0.0096,0
357,6.2857,5.3139,5.4431,0.9800,1.1200,0.7000,0.0335,0.0383,0.0239,0
19077,7.2503,6.0870,3.2984,-65.8700,-48.7900,-65.4500,-2.2524,-1.6684,-2.2381,0
19116,7.6668,5.7711,2.5420,-72.5200,-59.5700,-65.1700,-2.4798,-2.0370,-2.2285,0
19155,7.8104,6.5394,3.2984,-78.8200,-61.1800,-62.5100,-2.6952,-2.0920,-2.1375,0
19194,7.7626,7.1977,3.6096,-93.3800,-58.3800,-60.5500,-3.1931,-1.9963,-2.0705,0
19233,7.9756,7.0588,2.7192,-100.2400,-62.5800,-56.2800,-3.4277,-2.1399,-1.9245,0
19272,7.9277,6.5418,2.8341,-98.7700,-60.1300,-56.0700,-3.3774,-2.0561,-1.9173,0
19311,7.0301,6.2929,4.1195,-93.4500,-46.9000,-56.5600,-3.1955,-1.6037,-1.9341,0
19350,4.7346,4.7729,4.7466,-67.9700,-47.0400,-48.5800,-2.3242,-1.6085,-1.6612,0
19389,4.6389,5.1104,5.4431,-51.5900,-43.2600,-43.1900,-1.7641,-1.4793,-1.4769,0
19428,4.8016,6.3982,5.8189,-39.2000,-42.0700,-42.1400,-1.3404,-1.4386,-1.4410,0
19467,4.6939,6.9655,5.2636,-17.3600,-37.5900,-36.4000,-0.5936,-1.2854,-1.2447,0
19506,4.8998,6.6615,4.5719,-23.1000,-34.7200,-33.1100,-0.7899,-1.1872,-1.1322,0
19545,4.7992,7.3389,5.1128,-16.5900,-53.0600,-30.4500,-0.5673,-1.8144,-1.0412,0
19584,4.2152,7.3700,5.3570,-15.5400,-59.7100,-29.2600,-0.5314,-2.0418,-1.0005,0
19623,4.3612,7.2934,4.9955,-29.6100,-62.9300,-25.0600,-1.0125,-2.1519,-0.8569,0
19662,5.1487,6.2211,4.8088,-41.3000,-54.6700,-20.0200,-1.4122,-1.8694,-0.6846,0
19701,5.8261,5.8357,5.2732,-38.5000,-43.7500,-14.9100,-1.3165,-1.4960,-0.5098,0
19740,7.1737,5.8907,4.6484,-33.3900,-33.9500,-14.4200,-1.1418,-1.1609,-0.4931,0
19779,7.0182,6.1253,4.8735,-16.3800,-27.5800,-5.3900,-0.5601,-0.9431,-0.1843,0
19818,7.3844,6.9463,5.8764,5.1800,-5.0400,-4.6200,0.1771,-0.1723,-0.1580,0
19857,7.1809,6.0607,3.9351,1.6100,10.5700,-6.6500,0.0551,0.3614,-0.2274,0
19896,6.4437,5.7112,3.0495,6.5800,11.2000,-0.4900,0.2250,0.3830,-0.0168,0
19935,6.9655,6.1277,2.9059,7.4900,16.2400,2.9400,0.2561,0.5553,0.1005,0
19974,6.3767,5.8764,2.0513,7.7000,22.1900,7.2100,0.2633,0.7588,0.2465,0
20013,7.1354,8.2748,4.3828,8.1200,48.7200,5.6700,0.2777,1.6660,0.1939,0
20052,7.9804,9.9169,3.4349,-17.4300,83.7200,-11.9700,-0.5960,2.8628,-0.4093,0
20091,5.1655,9.0336,5.9530,-42.1400,36.1200,-15.8900,-1.4410,1.2351,-0.5434,0
20130,4.6054,6.6208,8.1958,-28.2100,12.0400,-51.8700,-0.9646,0.4117,-1.7737,0
20169,5.2947,5.4264,6.9679,-51.3100,62.7900,-50.8200,-1.7545,2.1471,-1.7378,0
20208,4.7514,3.9854,6.0703,-35.2100,32.5500,-52.6400,-1.2040,1.1130,-1.8000,0
20247,3.0663,5.2899,6.9583,-19.1100,39.6900,-51.3100,-0.6535,1.3572,-1.7545,0
20286,2.6402,5.6418,7.1139,-13.4400,38.5000,-52.9200,-0.4596,1.3165,-1.8096,0
20325,2.3362,6.1110,7.2575,-24.0800,30.6600,-46.2000,-0.8234,1.0484,-1.5798,0
20364,2.2404,6.4030,7.1857,-21.8400,14.2100,-33.3200,-0.7468,0.4859,-1.1394,0
20403,2.1806,6.3479,6.6902,-10.7800,5.8800,-21.2800,-0.3686,0.2011,-0.7277,0
20442,1.5942,4.6245,6.3767,-1.3300,-2.7300,-17.1500,-0.0455,-0.0934,-0.5864,0
20481,1.7258,4.5383,6.4820,13.9300,-11.9700,-12.6700,0.4763,-0.4093,-0.4332,0
20520,1.8383,4.6724,6.9152,27.9300,-4.7600,-1.4700,0.9551,-0.1628,-0.0503,0
20559,2.4104,5.8836,6.6495,19.6700,9.7300,16.1700,0.6726,0.3327,0.5529,0
20598,2.3482,7.1187,5.5724,0.7000,19.9500,22.6800,0.0239,0.6822,0.7755,0
20637,3.0567,8.4448,7.7458,-10.0100,21.8400,9.4500,-0.3423,0.7468,0.3231,0
20676,2.4726,6.2665,7.3844,-2.6600,-18.6200,-7.7000,-0.0910,-0.6367,-0.2633,0
20715,2.6258,6.3838,7.5065,-0.9100,-2.3800,-9.7300,-0.0311,-0.0814,-0.3327,0
20754,2.4966,4.8782,6.5059,4.2700,-7.1400,-4.0600,0.1460,-0.2442,-0.1388,0
20793,1.1920,5.5102,6.7189,13.0900,-4.0600,-4.6200,0.4476,-0.1388,-0.1580,0
20832,1.4410,6.2330,6.3575,20.4400,0.3500,-0.5600,0.6989,0.0120,-0.0191,0
20871,1.5607,5.1583,5.4934,11.4800,10.2900,7.4200,0.3926,0.3519,0.2537,0
20910,1.8407,6.1205,5.2995,5.0400,14.0700,3.8500,0.1723,0.4811,0.1317,0
20949,1.4410,5.4623,6.3025,4.4800,11.5500,0.4200,0.1532,0.3950,0.0144,0
20988,2.2165,4.4857,8.3993,-16.8700,-14.7000,7.4200,-0.5769,-0.5027,0.2537,0
21027,3.9184,10.4482,9.7373,5.6000,-3.7800,31.4300,0.1915,-0.1293,1.0747,0
21066,3.5354,7.9708,10.5177,-27.5800,49.4200,10.6400,-0.9431,1.6899,0.3638,0
21105,6.6519,10.3501,14.7352,32.6200,21.6300,-25.2700,1.1154,0.7396,-0.8641,0
21144,1.6636,11.4344,12.3272,61.8800,41.4400,-15.5400,2.1160,1.4170,-0.5314,0
21183,0.7708,10.0078,9.2730,59.2200,72.1000,-18.9700,2.0250,2.4654,-0.6487,0
21222,1.8431,6.4150,4.9477,85.7500,-7.0000,33.1100,2.9322,-0.2394,1.1322,0
21261,-0.5601,6.0463,4.9213,68.3200,-82.9500,66.7100,2.3362,-2.8365,2.2811,0
21300,0.9239,6.8243,4.3301,36.6800,-93.1000,68.1800,1.2543,-3.1835,2.3314,0
21339,4.2367,4.7274,2.9897,4.3400,-34.7900,85.4700,0.1484,-1.1896,2.9226,0
21378,4.5671,5.4503,2.9178,21.0700,-25.1300,88.9000,0.7205,-0.8593,3.0399,0
21417,3.9232,6.0918,3.4085,44.3800,-60.9000,73.7800,1.5176,-2.0825,2.5229,0
21456,4.8016,6.4006,1.9508,49.0700,-111.7900,76.7200,1.6779,-3.8226,2.6234,0
21495,6.0894,6.1277,1.6205,19.8100,-80.5700,84.2100,0.6774,-2.7551,2.8795,0
21534,6.2594,5.9386,2.5061,0.9800,-47.2500,50.9600,0.0335,-1.6157,1.7426,0
21573,6.2474,5.4479,2.9394,-4.4100,-37.9400,42.2100,-0.1508,-1.2974,1.4434,0
21612,6.6639,4.5383,1.8407,-27.5100,-54.6000,47.5300,-0.9407,-1.8670,1.6253,0
21651,6.6280,5.0075,3.5665,-20.2300,-37.4500,46.8300,-0.6918,-1.2806,1.6013,0
21690,7.6501,4.0117,1.4122,-32.3400,-42.8400,31.7800,-1.1059,-1.4649,1.0867,0
21729,8.9235,5.8525,1.3716,5.8100,-43.2600,22.9600,0.1987,-1.4793,0.7851,0
21768,8.2461,5.2157,1.8000,0.2800,-31.0800,34.8600,0.0096,-1.0628,1.1920,0
21807,6.0942,4.7873,3.6623,5.1100,-7.8400,18.6200,0.1747,-0.2681,0.6367,0
21846,6.0439,3.3056,1.1609,-5.3200,-2.1000,-6.1600,-0.1819,-0.0718,-0.2106,0
21885,5.5796,3.4468,1.0269,6.5800,-2.8700,-20.5100,0.2250,-0.0981,-0.7013,0
21924,6.7884,4.7035,1.8694,-2.7300,-10.5000,-33.1100,-0.0934,-0.3590,-1.1322,0
21963,8.6123,5.5149,0.4045,-6.3700,-10.5000,-45.9900,-0.2178,-0.3590,-1.5726,0
22002,9.9216,5.4982,3.1811,-18.1300,-5.5300,-32.2700,-0.6200,-0.1891,-1.1035,0
22041,9.1485,4.9740,2.2021,1.1200,-22.8200,-24.2200,0.0383,-0.7803,-0.8282,0
22080,9.4525,7.4753,2.4559,21.0700,-3.0100,-31.3600,0.7205,-0.1029,-1.0724,0
22119,8.3945,7.1019,2.2404,8.6800,-2.8700,-38.6400,0.2968,-0.0981,-1.3213,0
22158,7.6142,6.7836,2.4176,2.6600,2.2400,-35.0000,0.0910,0.0766,-1.1968,0
22197,6.6376,7.2815,2.2021,-7.2800,-7.5600,-21.0000,-0.2489,-0.2585,-0.7181,0
22236,6.2953,7.4538,1.2327,-12.4600,-5.7400,-15.6800,-0.4261,-0.1963,-0.5362,0
22275,6.0703,7.1163,0.3231,-9.9400,-10.1500,-30.0300,-0.3399,-0.3471,-1.0269,0
22314,6.6447,7.5615,-0.3638,-9.1700,-13.3000,-27.2300,-0.3136,-0.4548,-0.9311,0
22353,6.5107,8.6099,1.3739,-14.4200,-20.1600,-5.1800,-0.4931,-0.6894,-0.1771,0
22392,6.5035,8.3825,1.5176,-35.1400,-12.3200,9.2400,-1.2016,-0.4213,0.3160,0
22431,5.2828,7.0253,2.1256,-47.6000,4.2000,-6.0200,-1.6277,0.1436,-0.2059,0
22470,5.8381,7.2073,1.7067,-51.8700,12.3900,-14.2800,-1.7737,0.4237,-0.4883,0
22509,6.6711,7.3341,3.1859,-59.5700,47.3900,-18.4100,-2.0370,1.6205,-0.6295,0
22548,5.9338,7.0636,2.7503,-62.2300,58.0300,-30.5200,-2.1279,1.9843,-1.0436,0
22587,5.3833,6.8721,3.2673,-55.0200,59.5700,-29.8900,-1.8814,2.0370,-1.0221,0
22626,5.8405,7.1378,4.3923,-43.8200,40.3900,-44.5900,-1.4984,1.3811,-1.5247,0
22665,4.4617,7.1450,5.1248,-22.6100,-4.2700,-61.1100,-0.7731,-0.1460,-2.0896,0
22704,4.4354,7.9565,4.8806,-21.2100,-0.8400,-48.5100,-0.7253,-0.0287,-1.6588,0
22743,4.7514,8.1144,5.5173,-26.5300,29.4700,-39.3400,-0.9072,1.0077,-1.3452,0
22782,4.3732,8.0402,5.7567,-33.7400,19.7400,-46.0600,-1.1537,0.6750,-1.5750,0
22821,2.9466,7.0565,5.6562,-20.1600,-4.9700,-42.5600,-0.6894,-0.1699,-1.4553,0
22860,2.1423,6.4269,6.5681,7.4200,-4.6200,-13.5800,0.2537,-0.1580,-0.4644,0
22899,1.6444,3.4612,5.7663,9.6600,-15.1200,23.7300,0.3303,-0.5170,0.8114,0
22938,3.2745,3.7891,2.4726,28.2800,-33.5300,78.5400,0.9670,-1.1466,2.6857,0
22977,6.7285,7.0062,3.8131,9.0300,-23.5200,110.0400,0.3088,-0.8043,3.7628,0
23016,6.4916,9.4429,4.5359,46.6200,-76.0900,11.4100,1.5942,-2.6019,0.3902,0
23055,5.9530,9.0336,5.0051,11.9000,-43.8200,13.7200,0.4069,-1.4984,0.4692,0
23094,7.0373,7.1283,3.7724,-3.0800,-9.8700,13.4400,-0.1053,-0.3375,0.4596,0
23133,6.3934,6.7453,4.1003,-6.7200,-20.7200,20.2300,-0.2298,-0.7085,0.6918,0
23172,6.7357,6.9511,3.8921,-3.5000,-11.9000,20.8600,-0.1197,-0.4069,0.7133,0
23211,6.8769,6.8745,3.4899,2.4500,-18.4100,10.5000,0.0838,-0.6295,0.3590,0
23250,6.1995,6.3599,3.6982,2.6600,-23.9400,4.6900,0.0910,-0.8186,0.1604,0
23289,5.6897,6.3120,3.5593,0.9100,-20.5800,2.1700,0.0311,-0.7037,0.0742,0
23328,6.1205,6.3910,3.5952,1.3300,-14.2100,-4.7600,0.0455,-0.4859,-0.1628,0
23367,5.8788,5.6729,3.7173,-6.1600,-8.2600,-6.2300,-0.2106,-0.2824,-0.2130,0
23406,6.1947,6.1445,3.8394,-7.5600,-4.5500,-5.2500,-0.2585,-0.1556,-0.1795,0
23445,6.4987,6.4676,3.5617,-5.8800,-1.5400,-6.1600,-0.2011,-0.0527,-0.2106,0
23484,6.7716,6.7501,3.4444,-5.7400,-0.9100,-6.2300,-0.1963,-0.0311,-0.2130,0
23523,6.7070,6.8745,3.4516,-6.5800,-0.5600,-4.0600,-0.2250,-0.0191,-0.1388,0
23562,6.2570,6.4556,3.7413,-6.0900,2.8700,-2.3800,-0.2082,0.0981,-0.0814,0
23601,6.2187,6.1588,3.6862,-3.8500,-2.0300,-2.6600,-0.1317,-0.0694,-0.0910,0
23640,6.6615,6.5729,3.7245,-4.2000,-0.8400,-1.4000,-0.1436,-0.0287,-0.0479,0
23679,6.8769,6.6615,3.2266,-7.6300,-8.8900,-1.5400,-0.2609,-0.3040,-0.0527,0
23718,6.5634,6.8626,3.3152,-6.9300,-9.8700,-3.2200,-0.2370,-0.3375,-0.1101,0
23757,6.2785,6.5514,3.5833,-7.7000,-3.9900,-2.7300,-0.2633,-0.1364,-0.0934,0
23796,6.2211,6.1971,3.4564,-7.7700,-4.5500,-0.1400,-0.2657,-0.1556,-0.0048,0
23835,6.3360,6.1349,3.6527,-7.0700,-8.4700,2.1700,-0.2418,-0.2896,0.0742,0
23874,6.4365,6.1804,3.5737,-5.8100,-8.8900,1.3300,-0.1987,-0.3040,0.0455,0
23913,6.3240,6.1732,3.3918,-4.2000,-9.8000,-0.9800,-0.1436,-0.3351,-0.0335,0
23952,6.4533,6.3910,3.6096,0.5600,-10.5700,-0.4200,0.0191,-0.3614,-0.0144,0
23991,6.4892,6.6806,3.6407,-3.0800,-9.7300,-1.8200,-0.1053,-0.3327,-0.0622,0
24030,6.6830,6.9033,3.4756,-3.9200,-11.5500,-1.8200,-0.1340,-0.3950,-0.0622,0
24069,6.8578,6.9799,3.5163,-3.0800,-10.6400,-3.3600,-0.1053,-0.3638,-0.1149,0
24108,6.6926,6.8985,3.5115,-4.8300,-6.0900,-2.3100,-0.1652,-0.2082,-0.0790,0
24147,6.6974,6.5681,3.8466,-8.0500,-1.2600,-0.8400,-0.2753,-0.0431,-0.0287,0
24186,6.4556,6.0104,3.9184,-9.4500,2.7300,17.8500,-0.3231,0.0934,0.6104,0
24225,6.0894,5.9817,3.8538,-2.9400,-0.3500,0.4200,-0.1005,-0.0120,0.0144,0
24264,6.1612,6.0368,3.6407,0.8400,-0.2800,-1.0500,0.0287,-0.0096,-0.0359,0
24303,6.2019,6.1229,3.1788,8.3300,-5.8100,-2.5200,0.2848,-0.1987,-0.0862,0
24342,6.3479,6.8003,3.1405,12.7400,-8.1900,-3.2900,0.4356,-0.2801,-0.1125,0
24381,6.5538,7.3054,3.2601,7.7000,-5.9500,-2.5900,0.2633,-0.2035,-0.0886,0
24420,6.6495,6.7525,3.4923,-1.6100,-4.6900,0.2800,-0.0551,-0.1604,0.0096,0
24459,6.8267,6.3958,3.7604,-2.3100,-2.1700,2.8000,-0.0790,-0.0742,0.0957,0
24498,6.9846,6.7166,3.7915,-2.3800,1.8200,3.6400,-0.0814,0.0622,0.1245,0
24537,6.8123,6.5562,3.7341,-3.2900,5.3200,4.5500,-0.1125,0.1819,0.1556,0
24576,6.4676,6.3838,3.7460,-1.0500,4.4100,5.0400,-0.0359,0.1508,0.1723,0
24615,6.5418,6.1804,3.9998,1.1200,6.6500,3.8500,0.0383,0.2274,0.1317,0
24654,6.4748,5.8907,3.8370,5.1800,7.9100,2.5900,0.1771,0.2705,0.0886,0
24693,6.3192,6.3551,3.6910,6.0900,2.0300,-0.0700,0.2082,0.0694,-0.0024,0
24732,6.2761,6.6328,3.7149,6.5100,0.3500,-1.2600,0.2226,0.0120,-0.0431,0
24771,6.3982,6.8913,3.7245,4.6200,-0.6300,-1.0500,0.1580,-0.0215,-0.0359,0
24810,6.4604,6.8147,3.7939,0.9800,-1.8200,-1.0500,0.0335,-0.0622,-0.0359,0
24849,6.5442,6.6639,3.8873,0.2100,-2.3100,-1.7500,0.0072,-0.0790,-0.0598,0
24888,6.5299,6.7525,3.7676,1.2600,-1.6800,-2.5900,0.0431,-0.0574,-0.0886,0
24927,6.5873,6.8171,3.6982,-2.3800,-2.5200,-3.0800,-0.0814,-0.0862,-0.1053,0
24966,6.4868,6.7549,3.8753,-7.0700,-2.1000,-2.4500,-0.2418,-0.0718,-0.0838,0
25005,6.3982,6.3168,3.8202,-8.7500,-1.8900,-0.7700,-0.2992,-0.0646,-0.0263,0
25044,6.3838,6.1756,3.7101,-7.2100,-1.6800,-1.8900,-0.2465,-0.0574,-0.0646,0
25083,6.2833,6.2665,3.7365,-5.3200,-1.9600,-2.3100,-0.1819,-0.0670,-0.0790,0
25122,6.2929,6.2642,3.6000,-3.5700,-1.4000,-1.7500,-0.1221,-0.0479,-0.0598,0
25161,6.4102,6.6400,3.5857,-1.8200,-0.2800,-1.8200,-0.0622,-0.0096,-0.0622,0
25200,6.3719,6.7381,3.5713,-1.9600,0.9800,-0.7700,-0.0670,0.0335,-0.0263,0
25239,6.3360,6.6567,3.6383,-2.5200,0.4200,0.1400,-0.0862,0.0144,0.0048,0
25278,6.2953,6.5490,3.8155,-2.8000,0.3500,0.2100,-0.0957,0.0120,0.0072,0
25317,6.3168,6.4652,3.8418,-3.5000,-1.9600,-0.4900,-0.1197,-0.0670,-0.0168,0
25356,6.3862,6.5658,3.7173,-2.8000,-2.9400,-1.1200,-0.0957,-0.1005,-0.0383,0
25395,6.4556,6.5897,3.6551,-2.0300,-2.1700,-1.4700,-0.0694,-0.0742,-0.0503,0
25434,6.3312,6.4006,3.6742,-1.4700,-2.1700,-1.1200,-0.0503,-0.0742,-0.0383,0
25473,6.4676,6.4030,3.8083,-0.0700,-2.1000,-0.4900,-0.0024,-0.0718,-0.0168,0
25512,6.4676,6.3982,3.8657,1.3300,-0.6300,0.0700,0.0455,-0.0215,0.0024,0
25551,6.4485,6.3743,3.6695,3.0100,-0.0700,1.2600,0.1029,-0.0024,0.0431,0
25590,6.4317,6.5658,3.8035,3.0800,-0.2800,1.6100,0.1053,-0.0096,0.0551,0
25629,6.4820,6.5299,3.9112,2.3800,-0.6300,1.2600,0.0814,-0.0215,0.0431,0
25668,6.4772,6.4844,3.8226,2.8700,-1.1200,0.0700,0.0981,-0.0383,0.0024,0
25707,6.3934,6.5873,3.7245,4.1300,-1.6800,-1.5400,0.1412,-0.0574,-0.0527,0
25746,6.4126,6.6591,3.7125,3.7800,-1.6800,-1.7500,0.1293,-0.0574,-0.0598,0
25785,6.2929,6.5394,3.7556,2.7300,-1.9600,-1.6800,0.0934,-0.0670,-0.0574,0
25824,6.2187,6.4963,3.7197,1.4700,-1.5400,-1.6800,0.0503,-0.0527,-0.0574,0
25863,6.2426,6.3384,3.7604,0.5600,-1.1900,-0.6300,0.0191,-0.0407,-0.0215,0
25902,6.3671,6.4197,3.6886,1.9600,1.9600,0.8400,0.0670,0.0670,0.0287,0
25941,6.3791,6.5275,3.7460,1.6800,2.8700,1.7500,0.0574,0.0981,0.0598,0
25980,6.4054,6.4892,3.7508,1.0500,3.0100,2.6600,0.0359,0.1029,0.0910,0
26019,6.4509,6.6352,3.7484,2.7300,3.1500,1.8900,0.0934,0.1077,0.0646,0
26058,6.3025,6.6041,3.7987,3.8500,2.3800,1.3300,0.1317,0.0814,0.0455,0
26097,6.4341,6.6830,3.7317,5.1100,1.7500,0.1400,0.1747,0.0598,0.0048,0
26136,6.2833,6.6543,3.7269,4.0600,2.5200,-0.2100,0.1388,0.0862,-0.0072,0
26175,6.3312,6.5753,3.9591,1.5400,2.0300,0.0000,0.0527,0.0694,0.0000,0
26214,6.2953,6.3336,3.9519,1.7500,0.2800,0.7000,0.0598,0.0096,0.0239,0
26253,6.2689,6.4413,3.7556,4.5500,-0.9100,-1.8200,0.1556,-0.0311,-0.0622,0
26292,6.1684,6.7142,3.6288,5.2500,-1.8900,-3.7100,0.1795,-0.0646,-0.1269,0
26331,6.2570,6.7716,3.7054,4.7600,-3.8500,-2.6600,0.1628,-0.1317,-0.0910,0
26370,6.3791,6.7501,3.7054,4.6200,-3.1500,-1.8900,0.1580,-0.1077,-0.0646,0
26409,6.3791,6.4868,3.6910,4.2000,1.0500,-0.7700,0.1436,0.0359,-0.0263,0
26448,6.3743,6.4676,3.8609,5.4600,1.9600,-0.1400,0.1867,0.0670,-0.0048,0
26487,6.2306,6.3886,3.8442,7.0700,3.9900,0.2800,0.2418,0.1364,0.0096,0
26526,6.1684,6.4437,3.7604,6.7200,7.4200,0.1400,0.2298,0.2537,0.0048,0
26565,6.3072,6.8291,3.7652,5.6000,6.3700,0.6300,0.1915,0.2178,0.0215,0
26604,6.3120,6.7884,3.7676,5.1100,3.7800,2.3100,0.1747,0.1293,0.0790,0
26643,6.2426,6.6280,3.8705,4.5500,2.1000,1.6800,0.1556,0.0718,0.0574,0
26682,6.3599,6.8027,3.8968,4.2700,3.3600,0.2100,0.1460,0.1149,0.0072,0
26721,6.1373,6.5825,3.6910,3.9200,0.1400,-1.6100,0.1340,0.0048,-0.0551,0
26760,6.0607,6.5993,3.6527,6.1600,-1.9600,-1.7500,0.2106,-0.0670,-0.0598,0
26799,6.0775,6.7955,3.5187,6.5100,-3.2200,-2.5200,0.2226,-0.1101,-0.0862,0
26838,6.1181,6.7692,3.5115,4.6200,-3.4300,-1.8200,0.1580,-0.1173,-0.0622,0
26877,6.1493,6.7213,3.6982,3.1500,-2.8000,-1.3300,0.1077,-0.0957,-0.0455,0
26916,6.2091,6.7453,3.6599,0.5600,-2.6600,-1.2600,0.0191,-0.0910,-0.0431,0
26955,6.1397,6.6854,3.7867,-0.4200,-0.9800,-1.0500,-0.0144,-0.0335,-0.0359,0
26994,6.3503,6.4030,3.7796,1.9600,2.5900,-0.1400,0.0670,0.0886,-0.0048,0
27033,6.3096,6.3025,3.8466,1.6100,2.2400,0.2100,0.0551,0.0766,0.0072,0
27072,6.3671,6.4987,3.9160,1.2600,1.2600,0.4900,0.0431,0.0431,0.0168,0
27111,6.1756,6.3743,3.9543,0.7000,-0.9100,0.4200,0.0239,-0.0311,0.0144,0
27150,6.1205,6.4916,3.8609,-0.9100,1.9600,-1.1200,-0.0311,0.0670,-0.0383,0
27189,6.1732,6.3958,3.7389,1.6800,-3.8500,-4.3400,0.0574,-0.1317,-0.1484,0
27228,6.2354,6.2522,3.7820,4.8300,-5.1100,-3.9900,0.1652,-0.1747,-0.1364,0
27267,6.2498,6.4269,3.8968,6.1600,-3.9900,-4.9700,0.2106,-0.1364,-0.1699,0
27306,6.1612,6.2330,3.8083,4.4100,-9.2400,-5.1800,0.1508,-0.3160,-0.1771,0
27345,6.1445,6.1517,3.8179,5.8800,-5.6000,-6.7200,0.2011,-0.1915,-0.2298,0
27384,6.0822,6.1445,3.4804,6.3000,-4.7600,-10.5700,0.2154,-0.1628,-0.3614,0
27423,5.8046,6.1445,3.0806,5.3900,-2.2400,-18.7600,0.1843,-0.0766,-0.6415,0
27462,5.5628,5.8094,3.2147,19.5300,6.1600,-30.2400,0.6678,0.2106,-1.0341,0
27501,5.2373,4.8854,5.2588,6.4400,9.4500,-13.3700,0.2202,0.3231,-0.4572,0
27540,4.6484,4.7610,4.1027,-2.9400,-1.0500,-9.9400,-0.1005,-0.0359,-0.3399,0
27579,4.4426,4.5072,1.3261,-10.5000,-23.6600,10.9200,-0.3590,-0.8091,0.3734,0
27618,4.7921,5.1942,1.0532,-12.8100,-20.1600,5.4600,-0.4380,-0.6894,0.1867,0
27657,4.4043,4.5120,0.9192,-9.4500,-32.1300,-6.7200,-0.3231,-1.0987,-0.2298,0
27696,2.1662,3.7796,1.9748,2.2400,0.2100,-24.0800,0.0766,0.0072,-0.8234,0
27735,4.4019,2.3266,5.3426,-10.7100,11.8300,-33.8800,-0.3662,0.4045,-1.1585,0
27774,1.1035,1.5678,0.4309,-1.2600,-27.1600,-30.3100,-0.0431,-0.9287,-1.0364,0
27813,0.0742,1.3237,1.8551,-12.8100,-0.9100,-45.3600,-0.4380,-0.0311,-1.5511,0
27852,7.2360,9.9982,1.6372,57.4700,29.6800,-41.0900,1.9652,1.0149,-1.4051,0
27891,8.7607,12.8610,3.9567,94.5700,6.6500,-80.9200,3.2338,0.2274,-2.7670,0
27930,12.7509,18.5555,0.9287,99.2600,17.1500,-87.7100,3.3942,0.5864,-2.9992,0
27969,11.5756,21.8635,4.5790,148.7500,-74.6900,-124.8800,5.0865,-2.5540,-4.2703,0
28008,8.8277,20.3890,6.6160,108.5000,-120.8200,-159.9500,3.7101,-4.1314,-5.4695,0
28047,8.1934,11.9155,7.6860,99.7500,-120.8200,-193.2700,3.4109,-4.1314,-6.6088,0
28086,5.9650,0.1388,5.4144,111.5100,-155.1200,-216.4400,3.8131,-5.3043,-7.4011,0
28125,-1.5918,-3.7772,4.0453,140.7700,-204.5400,-251.5100,4.8136,-6.9942,-8.6003,1
28164,-2.9107,-1.4817,-6.3982,97.8600,-70.6300,-265.9300,3.3463,-2.4152,-9.0934,0
28203,-8.3897,7.7506,-3.3511,45.7800,110.8800,-197.8200,1.5654,3.7915,-6.7644,0
28242,-10.1730,8.1791,-8.7296,-24.5000,216.6500,-134.0500,-0.8378,7.4083,-4.5838,0
28281,-15.1134,5.3857,-11.8318,10.8500,252.9100,-24.7100,0.3710,8.6482,-0.8450,0
28320,-12.8060,4.5671,-16.0254,68.8800,77.9800,-54.1100,2.3553,2.6665,-1.8503,0
28359,-15.6520,2.8460,-18.7566,74.5500,109.9700,-58.5200,2.5492,3.7604,-2.0011,0
28398,-13.5552,3.9950,-16.9948,-7.2100,13.3700,-12.0400,-0.2465,0.4572,-0.4117,0
28437,-9.0025,3.8992,-8.5261,-63.2800,-35.5600,36.2600,-2.1639,-1.2160,1.2399,0
28476,-4.7657,1.2208,-4.9740,-2.5200,-98.2800,11.4800,-0.0862,-3.3607,0.3926,0
28515,-2.8125,-1.7330,-3.8657,-38.9200,-42.7000,26.4600,-1.3309,-1.4601,0.9048,0
28554,-2.1662,-0.7348,-3.0686,-48.0900,-35.7700,44.3800,-1.6444,-1.2232,1.5176,0
28593,-2.4535,3.6742,-1.6803,-18.8300,-70.2100,31.7100,-0.6439,-2.4008,1.0843,0
28632,-4.6317,5.9721,-2.1758,39.6200,-100.3800,-23.5900,1.3548,-3.4325,-0.8067,0
28671,-6.8506,6.7596,-5.9267,-6.7200,-53.4100,69.5100,-0.2298,-1.8263,2.3769,0
28710,-5.4982,10.1586,-2.4702,-35.7700,-23.1000,98.4200,-1.2232,-0.7899,3.3655,0
28749,-5.4383,12.4062,-4.5264,-37.2400,36.0500,90.3000,-1.2734,1.2327,3.0878,0
28788,-3.6455,9.3639,-4.1482,1.4700,32.9700,23.8700,0.0503,1.1274,0.8162,0
28827,-3.7221,7.9349,-3.4780,20.2300,8.6100,-11.9700,0.6918,0.2944,-0.4093,0
28866,-3.6575,6.6280,-2.8317,26.7400,17.8500,-16.3100,0.9144,0.6104,-0.5577,0
28905,-4.6269,6.7405,-3.7413,9.1700,38.2200,-0.2800,0.3136,1.3069,-0.0096,0
28944,-5.1200,7.1378,-4.4019,-2.8700,33.7400,1.2600,-0.0981,1.1537,0.0431,0
28983,-5.5173,7.5663,-4.9189,-0.0700,21.2100,0.4200,-0.0024,0.7253,0.0144,0
29022,-4.7657,7.5783,-4.9740,11.0600,14.1400,-3.5700,0.3782,0.4835,-0.1221,0
29061,-4.9955,7.2192,-5.2660,15.2600,3.9900,-5.1100,0.5218,0.1364,-0.1747,0
29100,-4.8208,7.2312,-5.1272,7.3500,-0.3500,0.0000,0.2513,-0.0120,0.0000,0
29139,-4.7250,7.2479,-4.8782,-5.9500,1.8200,5.0400,-0.2035,0.0622,0.1723,0
29178,-4.6102,7.3078,-4.8304,-11.4800,2.1700,7.7000,-0.3926,0.0742,0.2633,0
29217,-4.4019,7.3174,-4.6724,-10.2900,-2.7300,6.2300,-0.3519,-0.0934,0.2130,0
29256,-4.2535,7.3365,-4.3708,-7.3500,-9.0300,0.2800,-0.2513,-0.3088,0.0096,0
29295,-4.5072,7.4466,-4.3708,-4.5500,-9.1000,-2.8000,-0.1556,-0.3112,-0.0957,0
29334,-4.7466,7.6142,-4.4594,-3.5000,-3.1500,-2.0300,-0.1197,-0.1077,-0.0694,0
29373,-4.6580,7.3748,-4.2726,-3.5700,3.2200,-0.2800,-0.1221,0.1101,-0.0096,0
29412,-4.6006,7.2408,-4.2535,-2.8000,4.0600,-0.9800,-0.0957,0.1388,-0.0335,0
29451,-4.7681,7.3221,-4.3253,-0.0700,2.9400,-2.1000,-0.0024,0.1005,-0.0718,0
29490,-4.8471,7.3221,-4.4211,2.8000,1.4700,-1.1200,0.0957,0.0503,-0.0383,0
29529,-4.6963,7.2815,-4.4713,3.9200,-1.4700,1.0500,0.1340,-0.0503,0.0359,0
29568,-4.6125,7.3509,-4.5886,4.4100,-4.3400,0.7700,0.1508,-0.1484,0.0263,0
29607,-4.6748,7.4777,-4.6461,3.6400,-5.1800,0.0700,0.1245,-0.1771,0.0024,0
29646,-4.6844,7.4777,-4.6317,1.8200,-3.9900,0.4200,0.0622,-0.1364,0.0144,0
29685,-4.6748,7.3772,-4.4953,0.9100,-4.0600,0.4900,0.0311,-0.1388,0.0168,0
29724,-4.6772,7.3269,-4.4498,1.5400,-4.2700,0.0700,0.0527,-0.1460,0.0024,0
29763,-4.6915,7.2982,-4.4234,2.3100,-4.0600,0.0000,0.0790,-0.1388,0.0000,0
29802,-4.7179,7.2743,-4.4043,3.2900,-4.2700,-0.2800,0.1125,-0.1460,-0.0096,0
29841,-4.7466,7.2862,-4.4163,4.3400,-5.1100,-0.5600,0.1484,-0.1747,-0.0191,0
29880,-4.7681,7.3820,-4.5575,4.4800,-4.5500,-0.5600,0.1532,-0.1556,-0.0191,0
29919,-4.8064,7.3054,-4.5695,3.3600,-3.2900,0.0000,0.1149,-0.1125,0.0000,0
29958,-4.8016,7.2647,-4.4953,2.9400,-4.6900,0.0700,0.1005,-0.1604,0.0024,0
29997,-4.8040,7.2886,-4.5719,2.5200,-3.9900,0.2100,0.0862,-0.1364,0.0072,0
30036,-4.8064,7.2503,-4.4306,1.9600,-4.0600,0.5600,0.0670,-0.1388,0.0191,0
30075,-4.8088,7.2695,-4.4570,2.3100,-3.3600,1.0500,0.0790,-0.1149,0.0359,0
30114,-4.7969,7.3413,-4.5168,2.1000,-2.3800,0.4200,0.0718,-0.0814,0.0144,0
30153,-4.8399,7.2719,-4.4976,1.0500,-1.1200,0.2800,0.0359,-0.0383,0.0096,0
30192,-4.8375,7.2623,-4.5048,1.9600,-1.7500,0.2100,0.0670,-0.0598,0.0072,0
30231,-4.8184,7.2695,-4.5120,2.5900,-2.8700,-0.2800,0.0886,-0.0981,-0.0096,0
30270,-4.8902,7.2647,-4.5168,1.2600,-1.4000,0.1400,0.0431,-0.0479,0.0048,0
30309,-4.8184,7.2288,-4.4976,1.4000,-1.1200,0.7700,0.0479,-0.0383,0.0263,0
30348,-4.8208,7.2791,-4.5336,0.1400,0.2800,0.6300,0.0048,0.0096,0.0215,0
30387,-4.8711,7.2982,-4.5503,-0.8400,1.1200,0.3500,-0.0287,0.0383,0.0120,0
30426,-4.8519,7.2455,-4.4857,-1.0500,0.7000,0.6300,-0.0359,0.0239,0.0215,0
30465,-4.8160,7.2719,-4.5072,-0.4200,0.3500,0.4900,-0.0144,0.0120,0.0168,0
30504,-4.8016,7.2551,-4.4761,-1.2600,1.1900,0.3500,-0.0431,0.0407,0.0120,0
30543,-4.7729,7.2527,-4.4234,-0.9800,1.6800,0.4900,-0.0335,0.0574,0.0168,0
30582,-4.7873,7.2982,-4.5407,-1.4700,2.3800,0.1400,-0.0503,0.0814,0.0048,0
30621,-4.8136,7.3030,-4.5000,-1.1900,1.2600,-0.4900,-0.0407,0.0431,-0.0168,0
30660,-4.8280,7.2767,-4.4833,-0.9100,1.5400,-0.4900,-0.0311,0.0527,-0.0168,0
30699,-4.8328,7.2695,-4.4833,-1.2600,1.6100,0.0700,-0.0431,0.0551,0.0024,0
30738,-4.8256,7.2743,-4.5024,-1.6100,2.2400,0.7000,-0.0551,0.0766,0.0239,0
30777,-4.8088,7.2767,-4.4570,-0.8400,0.7000,0.6300,-0.0287,0.0239,0.0215,0
30816,-4.7849,7.2982,-4.4641,-0.0700,0.0000,0.6300,-0.0024,0.0000,0.0215,0
30855,-4.7753,7.2958,-4.4833,-0.3500,2.0300,0.6300,-0.0120,0.0694,0.0215,0
30894,-4.7514,7.2862,-4.4594,-0.8400,3.0100,0.7000,-0.0287,0.1029,0.0239,0
30933,-4.7705,7.3293,-4.5240,-0.2800,2.4500,0.3500,-0.0096,0.0838,0.0120,0
30972,-4.7777,7.3485,-4.5647,-0.2800,1.8200,0.2800,-0.0096,0.0622,0.0096,0
31011,-4.7610,7.3437,-4.5407,-0.9100,1.3300,0.4200,-0.0311,0.0455,0.0144,0
31050,-4.7227,7.2862,-4.4713,-0.8400,1.1900,0.8400,-0.0287,0.0407,0.0287,0
31089,-4.7011,7.3126,-4.4785,-1.2600,1.3300,0.7000,-0.0431,0.0455,0.0239,0
31128,-4.7250,7.3461,-4.4976,-1.4700,1.8900,0.4200,-0.0503,0.0646,0.0144,0
31167,-4.7562,7.2958,-4.4522,-0.4900,0.9100,0.2800,-0.0168,0.0311,0.0096,0
31206,-4.7155,7.3293,-4.4785,0.2800,0.2800,0.6300,0.0096,0.0096,0.0215,0
31245,-4.7250,7.3221,-4.4785,0.3500,0.7000,0.7700,0.0120,0.0239,0.0263,0
31284,-4.7107,7.3365,-4.5048,0.8400,-0.3500,0.7700,0.0287,-0.0120,0.0263,0
31323,-4.7011,7.3533,-4.5312,0.9100,-0.4200,0.5600,0.0311,-0.0144,0.0191,0
31362,-4.7179,7.3293,-4.5000,0.5600,0.1400,0.2800,0.0191,0.0048,0.0096,0
31401,-4.6724,7.3221,-4.4929,0.5600,0.5600,0.4900,0.0191,0.0191,0.0168,0
31440,-4.6915,7.3126,-4.5120,0.4200,0.4200,0.2100,0.0144,0.0144,0.0072,0
31479,-4.7227,7.3533,-4.5479,0.4900,-0.1400,0.2800,0.0168,-0.0048,0.0096,0
31518,-4.7322,7.3509,-4.5551,-0.4200,-0.0700,0.4900,-0.0144,-0.0024,0.0168,0
31557,-4.7011,7.3245,-4.4665,0.3500,-1.4000,0.4900,0.0120,-0.0479,0.0168,0
31596,-4.6724,7.3198,-4.4809,1.1200,-2.3100,0.1400,0.0383,-0.0790,0.0048,0
31635,-4.7035,7.3174,-4.4953,1.1900,-1.4700,-0.0700,0.0407,-0.0503,-0.0024,0
31674,-4.7203,7.3317,-4.5048,1.2600,-1.6100,0.0000,0.0431,-0.0551,0.0000,0
31713,-4.7346,7.3269,-4.5048,2.2400,-2.8000,-0.0700,0.0766,-0.0957,-0.0024,0
31752,-4.7562,7.3245,-4.5407,1.7500,-2.9400,0.0700,0.0598,-0.1005,0.0024,0
31791,-4.7370,7.3198,-4.5048,2.1700,-3.1500,0.4200,0.0742,-0.1077,0.0144,0
31830,-4.7227,7.3006,-4.5024,1.7500,-2.8000,0.1400,0.0598,-0.0957,0.0048,0
31869,-4.7394,7.2671,-4.4546,2.3100,-3.0800,0.0700,0.0790,-0.1053,0.0024,0
31908,-4.7610,7.2958,-4.4809,2.1700,-3.0800,0.0700,0.0742,-0.1053,0.0024,0
31947,-4.7753,7.2934,-4.5431,2.3800,-2.7300,-0.0700,0.0814,-0.0934,-0.0024,0
31986,-4.8016,7.3054,-4.5407,2.4500,-2.8000,0.0700,0.0838,-0.0957,0.0024,0
32025,-4.8136,7.3174,-4.5551,1.4000,-2.2400,0.3500,0.0479,-0.0766,0.0120,0
32064,-4.7897,7.2886,-4.5264,0.9800,-2.1700,0.7000,0.0335,-0.0742,0.0239,0
32103,-4.7969,7.2767,-4.4929,1.4000,-2.9400,0.4900,0.0479,-0.1005,0.0168,0
32142,-4.7562,7.2695,-4.4641,2.0300,-2.8000,0.5600,0.0694,-0.0957,0.0191,0
32181,-4.7777,7.2767,-4.4953,1.3300,-2.0300,-0.1400,0.0455,-0.0694,-0.0048,0
32220,-4.8471,7.2767,-4.5359,1.5400,-2.3800,-0.2100,0.0527,-0.0814,-0.0072,0
32259,-4.8591,7.2791,-4.4905,1.6100,-2.1700,0.2800,0.0551,-0.0742,0.0096,0
32298,-4.8495,7.2168,-4.4665,2.1700,-3.0800,0.3500,0.0742,-0.1053,0.0120,0
32337,-4.8375,7.2623,-4.5048,2.5200,-4.2700,0.0700,0.0862,-0.1460,0.0024,0
32376,-4.8567,7.2838,-4.5240,1.8200,-3.2200,0.1400,0.0622,-0.1101,0.0048,0
32415,-4.8304,7.2479,-4.5192,0.7700,-2.0300,0.2800,0.0263,-0.0694,0.0096,0
32454,-4.8663,7.2527,-4.4378,0.2800,-0.9100,0.5600,0.0096,-0.0311,0.0191,0
32493,-4.8447,7.2073,-4.4450,0.7700,-1.0500,0.4200,0.0263,-0.0359,0.0144,0
32532,-4.8687,7.2408,-4.4833,1.6100,-1.3300,-0.0700,0.0551,-0.0455,-0.0024,0
32571,-4.8974,7.2743,-4.5240,1.2600,-0.9800,0.0000,0.0431,-0.0335,0.0000,0
32610,-4.8926,7.2695,-4.5503,0.5600,17.8500,0.5600,0.0191,0.6104,0.0191,0
32649,-4.8615,7.2527,-4.5096,-0.2100,0.0700,0.6300,-0.0072,0.0024,0.0215,0
32688,-4.8471,7.2503,-4.4857,-0.2800,0.2800,0.4200,-0.0096,0.0096,0.0144,0
32727,-4.8519,7.2336,-4.4617,0.0700,0.2100,0.5600,0.0024,0.0072,0.0191,0
32766,-4.8495,7.2455,-4.4881,0.0700,0.5600,0.3500,0.0024,0.0191,0.0120,0
32805,-4.8567,7.2623,-4.5000,-0.1400,0.9100,0.2100,-0.0048,0.0311,0.0072,0
32844,-4.8591,7.2503,-4.5024,-0.5600,1.6800,0.4900,-0.0191,0.0574,0.0168,0
32883,-4.8447,7.2360,-4.4953,-0.7000,1.5400,0.5600,-0.0239,0.0527,0.0191,0
32922,-4.8304,7.2623,-4.5240,-0.2100,0.5600,0.2800,-0.0072,0.0191,0.0096,0
32961,-4.8280,7.2958,-4.5120,-0.9100,0.9800,0.2100,-0.0311,0.0335,0.0072,0
33000,-4.8471,7.2647,-4.4976,-1.4000,2.0300,0.6300,-0.0479,0.0694,0.0215,0
33039,-4.8160,7.2360,-4.4570,-1.1900,1.9600,0.7700,-0.0407,0.0670,0.0263,0
33078,-4.8040,7.2838,-4.4929,0.0000,0.9800,0.2100,0.0000,0.0335,0.0072,0
33117,-4.8016,7.2767,-4.4953,0.4200,0.4900,0.5600,0.0144,0.0168,0.0191,0
33156,-4.7753,7.3006,-4.5120,-1.4000,2.8700,1.0500,-0.0479,0.0981,0.0359,0
33195,-4.7945,7.2695,-4.4905,-2.2400,4.4800,0.9800,-0.0766,0.1532,0.0335,0
33234,-4.8375,7.2958,-4.5096,-0.7000,2.3100,0.6300,-0.0239,0.0790,0.0215,0
33273,-4.8184,7.3054,-4.5096,0.1400,0.9100,0.9800,0.0048,0.0311,0.0335,0
33312,-4.7227,7.2982,-4.5168,0.2800,0.7000,1.2600,0.0096,0.0239,0.0431,0
33351,-4.7035,7.3006,-4.5120,-0.1400,1.1200,0.9100,-0.0048,0.0383,0.0311,0
33390,-4.7346,7.3102,-4.5024,-0.3500,1.1900,0.6300,-0.0120,0.0407,0.0215,0
33429,-4.7250,7.3198,-4.5359,-0.2800,0.8400,0.3500,-0.0096,0.0287,0.0120,0
33468,-4.7298,7.3126,-4.5312,-0.2800,1.1200,0.2800,-0.0096,0.0383,0.0096,0
33507,-4.7442,7.3078,-4.5144,-0.6300,1.2600,0.5600,-0.0215,0.0431,0.0191,0
33546,-4.7298,7.3150,-4.5000,-0.7700,1.4700,0.7000,-0.0263,0.0503,0.0239,0
33585,-4.7179,7.3198,-4.5120,-0.2100,0.6300,0.4900,-0.0072,0.0215,0.0168,0
33624,-4.7035,7.3221,-4.4953,0.1400,0.2100,0.4900,0.0048,0.0072,0.0168,0
33663,-4.6963,7.3126,-4.5192,0.0000,0.6300,0.6300,0.0000,0.0215,0.0215,0
33702,-4.7011,7.3341,-4.5072,0.2800,0.4900,0.5600,0.0096,0.0168,0.0191,0
33741,-4.6939,7.3485,-4.5551,0.2100,0.4900,0.4200,0.0072,0.0168,0.0144,0
33780,-4.7059,7.3174,-4.5216,0.2100,0.2100,0.4900,0.0072,0.0072,0.0168,0
33819,-4.6987,7.3509,-4.5264,-0.2100,-0.2800,0.4900,-0.0072,-0.0096,0.0168,0
33858,-4.6844,7.3150,-4.5048,-0.2100,0.9100,0.7700,-0.0072,0.0311,0.0263,0
33897,-4.6867,7.3341,-4.5240,0.0000,0.4200,0.6300,0.0000,0.0144,0.0215,0
33936,-4.6915,7.3365,-4.5216,0.2100,0.1400,0.4900,0.0072,0.0048,0.0168,0
33975,-4.6939,7.3461,-4.5216,0.7000,-0.2800,0.6300,0.0239,-0.0096,0.0215,0
34014,-4.6437,7.3317,-4.5072,1.1200,-0.6300,0.4200,0.0383,-0.0215,0.0144,0
34053,-4.6556,7.3245,-4.5288,1.7500,-1.8200,-0.1400,0.0598,-0.0622,-0.0048,0
34092,-4.6700,7.3557,-4.5336,1.5400,-2.4500,-0.6300,0.0527,-0.0838,-0.0215,0
34131,-4.7035,7.3413,-4.5742,1.0500,-1.2600,-0.4900,0.0359,-0.0431,-0.0168,0
34170,-4.7442,7.3221,-4.5695,-0.2800,0.4200,0.1400,-0.0096,0.0144,0.0048,0
34209,-4.7681,7.3054,-4.4929,-0.0700,-0.7000,0.4900,-0.0024,-0.0239,0.0168,0
34248,-4.7107,7.3126,-4.4857,1.6100,-1.9600,0.8400,0.0551,-0.0670,0.0287,0
34287,-4.7155,7.2910,-4.5048,1.7500,-1.8900,0.7700,0.0598,-0.0646,0.0263,0
34326,-4.6628,7.3054,-4.5216,2.5900,-2.7300,0.4900,0.0886,-0.0934,0.0168,0
34365,-4.6652,7.3221,-4.5336,2.4500,-2.9400,-0.0700,0.0838,-0.1005,-0.0024,0
34404,-4.7203,6.7572,-4.5862,1.4700,-1.8200,-0.2800,0.0503,-0.0622,-0.0096,0
34443,-4.7729,7.3174,-4.5695,1.0500,-2.1000,0.1400,0.0359,-0.0718,0.0048,0
34482,-4.7586,7.2408,-4.4498,0.9100,-2.3100,0.5600,0.0311,-0.0790,0.0191,0
34521,-4.7442,7.2527,-4.4617,2.1700,-3.9200,0.2100,0.0742,-0.1340,0.0072,0
34560,-4.7801,7.3006,-4.5383,3.0800,-3.4300,0.0000,0.1053,-0.1173,0.0000,0
34599,-4.7969,7.2791,-4.5671,2.4500,-2.5900,0.4200,0.0838,-0.0886,0.0144,0
34638,-4.8567,7.3365,-4.6508,1.6100,-2.8000,0.7700,0.0551,-0.0957,0.0263,0
34677,-6.0224,8.3418,-6.9679,7.3500,-9.6600,-2.9400,0.2513,-0.3303,-0.1005,0
34716,-6.3910,7.9445,-7.0469,22.4000,-29.2600,-13.8600,0.7660,-1.0005,-0.4739,0
34755,-4.8567,7.7961,-4.4019,-1.7500,-24.0100,-5.5300,-0.0598,-0.8210,-0.1891,0
34794,-5.4264,7.7769,-4.4330,0.8400,-28.6300,-23.3800,0.0287,-0.9790,-0.7995,0
34833,-4.5144,7.2743,-5.8333,4.9700,-15.1900,-32.4100,0.1699,-0.5194,-1.1083,0
34872,-4.5671,6.3695,-4.2822,0.7000,-15.5400,-37.9400,0.0239,-0.5314,-1.2974,0
34911,-4.1745,7.1809,-5.5485,-5.5300,-39.6200,-39.9000,-0.1891,-1.3548,-1.3644,0
34950,-5.5078,8.0211,-5.0171,-14.9100,-56.1400,-44.0300,-0.5098,-1.9197,-1.5056,0
34989,-6.6878,7.9349,-4.6102,-18.6900,-66.5700,-44.8700,-0.6391,-2.2764,-1.5343,0
35028,-6.1732,7.1809,-3.5737,-19.4600,-58.5900,-46.5500,-0.6654,-2.0035,-1.5918,0
35067,-6.6447,5.7735,-2.9322,-10.8500,-79.0300,-54.3200,-0.3710,-2.7024,-1.8575,0
35106,-7.2073,4.9836,-3.2913,-10.6400,-111.4400,-58.5200,-0.3638,-3.8107,-2.0011,0
35145,-6.5107,4.8328,-1.3955,-15.4000,-106.6800,-65.1700,-0.5266,-3.6479,-2.2285,0
35184,-5.9410,4.0405,-0.6271,-29.1200,-93.8700,-58.3100,-0.9958,-3.2099,-1.9939,0
35223,-6.8410,3.4899,0.0934,-29.1200,-91.1400,-48.3000,-0.9958,-3.1165,-1.6516,0
35262,-7.3389,3.2530,0.0120,-25.4800,-98.1400,-47.0400,-0.8713,-3.3559,-1.6085,0
35301,-9.1222,2.8963,1.5607,-21.2800,-90.7200,-38.5000,-0.7277,-3.1022,-1.3165,0
35340,-9.5626,3.1117,2.0537,-25.0600,-91.4200,-39.3400,-0.8569,-3.1261,-1.3452,0
35379,-9.7421,3.1428,2.8317,-21.8400,-80.5000,-36.6100,-0.7468,-2.7527,-1.2519,0
35418,-9.3783,3.0615,3.2960,-18.9700,-90.9300,-31.2900,-0.6487,-3.1093,-1.0700,0
35457,-8.7296,2.9609,4.2942,-16.8700,-77.8400,-29.5400,-0.5769,-2.6617,-1.0101,0
35496,-8.0546,2.9155,3.9639,-16.8700,-69.1600,-22.1900,-0.5769,-2.3649,-0.7588,0
35535,-8.4304,2.6689,5.0625,-10.2200,-70.4200,-16.9400,-0.3495,-2.4080,-0.5793,0
35574,-7.9014,2.2381,4.8328,-8.6800,-68.6000,-9.3800,-0.2968,-2.3458,-0.3207,0
35613,-7.6740,1.8072,4.6652,-4.6200,-68.8800,-0.2800,-0.1580,-2.3553,-0.0096,0
35652,-8.1503,1.9460,5.2301,-6.7200,-56.2100,8.6100,-0.2298,-1.9221,0.2944,0
35691,-8.2533,1.4553,5.6179,-15.7500,-35.7000,6.8600,-0.5386,-1.2208,0.2346,0
35730,-7.4706,1.8263,5.4862,-9.8000,-28.7700,9.2400,-0.3351,-0.9838,0.3160,0
35769,-7.0349,2.2189,6.1564,1.0500,-27.5100,9.4500,0.0359,-0.9407,0.3231,0
35808,-6.7692,2.2117,5.8596,9.7300,-42.9100,10.4300,0.3327,-1.4673,0.3567,0
35847,-6.0032,1.1825,6.2139,18.7600,-25.2000,11.8300,0.6415,-0.8617,0.4045,0
35886,-5.9195,1.7665,7.2216,26.1100,-22.8900,12.6700,0.8928,-0.7827,0.4332,0
35925,-5.5700,2.8221,7.2958,31.0800,-18.4800,18.9000,1.0628,-0.6319,0.6463,0
35964,-5.7208,2.8365,8.3011,33.3200,-7.1400,23.8700,1.1394,-0.2442,0.8162,0
36003,-5.2493,3.0303,8.9522,39.5500,-4.9700,27.5800,1.3524,-0.1699,0.9431,0
36042,-5.6394,3.9088,8.6051,47.2500,-1.1900,36.1200,1.6157,-0.0407,1.2351,0
36081,-6.5251,5.1487,8.8636,59.0800,-20.9300,42.4200,2.0202,-0.7157,1.4505,0
36120,-6.3144,5.1966,8.6841,62.5100,-27.6500,63.2100,2.1375,-0.9455,2.1615,0
36159,-5.9362,4.7849,7.6357,26.5300,19.6000,46.2700,0.9072,0.6702,1.5822,0
36198,-6.0798,7.0612,7.2264,19.5300,8.6800,34.3000,0.6678,0.2968,1.1729,0
36237,-5.2923,6.0296,7.1522,29.4700,17.9900,28.2100,1.0077,0.6152,0.9646,0
36276,-6.4030,6.5490,5.6155,35.0700,7.9100,37.3800,1.1992,0.2705,1.2782,0
36315,-7.4131,7.9158,5.5652,35.6300,0.0700,38.0100,1.2184,0.0024,1.2997,0
36354,-6.5490,8.0067,5.3522,10.2900,13.7200,37.1000,0.3519,0.4692,1.2686,0
36393,-5.5341,7.5328,4.2679,-5.3200,17.4300,36.4700,-0.1819,0.5960,1.2471,0
36432,-4.9572,7.5352,4.3804,4.3400,12.8800,42.6300,0.1484,0.4404,1.4577,0
36471,-5.4527,6.7788,4.5958,10.6400,8.7500,48.3700,0.3638,0.2992,1.6540,0
36510,-3.8346,6.3527,4.8615,6.4400,11.1300,45.3600,0.2202,0.3806,1.5511,0
36549,-3.4636,7.7195,5.1272,4.4100,34.3000,47.8100,0.1508,1.1729,1.6349,0
36588,-4.3469,6.6615,4.8136,11.2700,49.6300,50.7500,0.3854,1.6971,1.7354,0
36627,-4.0883,8.1886,3.6072,29.6100,28.1400,60.4800,1.0125,0.9622,2.0681,0
36666,-4.5886,8.3155,4.6054,12.3200,63.9100,62.5800,0.4213,2.1854,2.1399,0
36705,-3.4468,6.7955,3.3774,9.7300,72.7300,64.9600,0.3327,2.4870,2.2213,0
36744,-2.0944,5.4479,3.3176,8.1200,88.4100,65.9400,0.2777,3.0232,2.2548,0
36783,-2.8269,5.6394,1.9006,19.2500,85.0500,58.2400,0.6583,2.9083,1.9915,0
36822,-3.7676,4.6963,0.4093,12.1800,54.6700,43.2600,0.4165,1.8694,1.4793,0
36861,-2.7982,5.4862,1.1920,-6.4400,58.8000,23.6600,-0.2202,2.0107,0.8091,0
36900,-3.3750,5.2923,0.6583,-33.8100,35.0700,9.1000,-1.1561,1.1992,0.3112,0
36939,-3.1141,6.4892,1.1872,-41.3000,17.7800,7.7700,-1.4122,0.6080,0.2657,0
36978,-2.4343,6.1684,2.3194,-73.7100,2.1700,22.5400,-2.5205,0.0742,0.7708,0
37017,-2.3649,7.8128,3.5258,-91.7000,-2.9400,35.3500,-3.1357,-0.1005,1.2088,0
37056,-1.3883,8.4735,5.1008,-77.7700,-18.3400,50.9600,-2.6593,-0.6271,1.7426,0
37095,-0.0957,10.1466,7.2599,-58.8000,-25.6900,56.0700,-2.0107,-0.8785,1.9173,0
37134,0.1987,10.6589,8.5812,-44.1700,-39.9000,58.7300,-1.5104,-1.3644,2.0083,0
37173,0.2801,10.7283,9.0887,-39.4800,-44.2400,62.1600,-1.3500,-1.5128,2.1256,0
37212,0.3495,10.2544,9.1269,-43.6800,-47.6700,56.2100,-1.4936,-1.6301,1.9221,0
37251,0.2920,10.5488,9.0264,-52.4300,-58.4500,37.8700,-1.7928,-1.9987,1.2950,0
37290,0.5481,10.4626,9.8594,-55.5100,-44.7300,18.8300,-1.8982,-1.5295,0.6439,0
37329,0.0838,7.3772,7.9828,-74.6900,-17.0800,-7.9800,-2.5540,-0.5840,-0.2729,0
37368,-0.6176,7.6333,6.2689,-32.6200,-39.2700,-4.0600,-1.1154,-1.3428,-0.1388,0
37407,1.5391,10.1083,10.0916,5.8800,-39.5500,7.4900,0.2011,-1.3524,0.2561,0
37446,2.6091,5.4072,8.0905,-21.2100,3.4300,9.2400,-0.7253,0.1173,0.3160,0
37485,1.6133,5.8692,6.9152,13.2300,0.3500,46.9000,0.4524,0.0120,1.6037,0
37524,2.1615,7.0517,7.8464,26.7400,-37.1700,53.0600,0.9144,-1.2710,1.8144,0
37563,1.7091,6.7812,7.4610,44.5200,-62.5100,48.4400,1.5224,-2.1375,1.6564,0
37602,2.1615,6.9607,6.5658,53.9000,-70.4900,43.6800,1.8431,-2.4104,1.4936,0
37641,2.7766,6.5729,6.5610,52.6400,-72.3800,42.5600,1.8000,-2.4750,1.4553,0
37680,4.2463,6.3096,6.5131,51.8000,-62.0200,42.0000,1.7713,-2.1208,1.4362,0
37719,4.3421,6.7453,4.5551,56.6300,-70.4200,41.9300,1.9365,-2.4080,1.4338,0
37758,4.2224,6.6878,3.6024,54.8800,-70.0700,43.0500,1.8766,-2.3960,1.4721,0
37797,4.8328,6.2043,2.5516,50.7500,-63.0000,51.5900,1.7354,-2.1543,1.7641,0
37836,4.7921,5.7950,2.3649,50.5400,-47.8800,54.8800,1.7282,-1.6372,1.8766,0
37875,4.5336,5.6083,1.7115,62.0900,-24.2900,42.7700,2.1232,-0.8306,1.4625,0
37914,4.5383,5.8094,2.5660,64.5400,-16.5200,45.8500,2.2069,-0.5649,1.5678,0
37953,5.5868,6.2402,2.7838,38.1500,-2.5900,51.5900,1.3045,-0.0886,1.7641,0
37992,6.0798,5.7471,2.8987,33.4600,3.2200,40.4600,1.1442,0.1101,1.3835,0
38031,5.3426,5.8142,2.5444,24.2200,-3.0100,22.3300,0.8282,-0.1029,0.7636,0
38070,6.1062,4.9907,3.2841,-8.9600,-2.5200,6.7900,-0.3064,-0.0862,0.2322,0
38109,6.3312,3.8298,2.2189,-18.8300,-1.5400,-5.7400,-0.6439,-0.0527,-0.1963,0
38148,6.3312,5.5580,2.5014,-21.7000,29.8900,-16.3800,-0.7420,1.0221,-0.5601,0
38187,6.8386,6.9559,3.2123,-7.4900,67.7600,-37.1700,-0.2561,2.3170,-1.2710,0
38226,6.5251,8.5238,3.3607,-13.0200,59.0800,-49.4200,-0.4452,2.0202,-1.6899,0
38265,7.3365,7.2862,1.0341,-20.4400,56.0000,-23.2400,-0.6989,1.9149,-0.7947,0
38304,6.2713,8.5884,2.9777,-6.7900,62.4400,-12.8800,-0.2322,2.1351,-0.4404,0
38343,3.3655,7.8392,3.7580,0.1400,53.3400,-20.3700,0.0048,1.8240,-0.6965,0
38382,4.5671,8.5692,5.6681,20.7200,59.7800,-50.9600,0.7085,2.0442,-1.7426,0
38421,3.0639,8.7847,6.1876,-11.8300,63.0700,-33.8100,-0.4045,2.1567,-1.1561,0
38460,3.0734,8.0043,6.0966,-35.4200,45.9200,-14.8400,-1.2112,1.5702,-0.5075,0
38499,2.7886,8.1647,5.8644,-27.2300,31.7100,-14.0700,-0.9311,1.0843,-0.4811,0
38538,3.0064,7.7099,5.7830,-18.1300,31.7800,-13.5100,-0.6200,1.0867,-0.4620,0
38577,3.0639,6.5418,4.9022,-5.2500,34.7200,-10.2900,-0.1795,1.1872,-0.3519,0
38616,2.3889,6.6232,4.3564,3.0100,30.3800,-0.8400,0.1029,1.0388,-0.0287,0
38655,2.2596,7.2791,4.6652,17.8500,28.6300,-0.5600,0.6104,0.9790,-0.0191,0
38694,2.2093,7.2240,4.6532,28.6300,29.1900,-2.5200,0.9790,0.9981,-0.0862,0
38733,1.5846,7.4490,4.7969,29.8200,26.1800,2.1000,1.0197,0.8952,0.0718,0
38772,1.3811,7.4801,5.2181,31.0100,28.4900,11.9700,1.0604,0.9742,0.4093,0
38811,1.2399,7.2886,5.5365,35.2100,26.8800,22.8900,1.2040,0.9192,0.7827,0
38850,1.2040,6.7692,6.2474,35.6300,37.5900,39.8300,1.2184,1.2854,1.3620,0
38889,1.4625,6.8482,5.6418,30.2400,48.3000,59.9900,1.0341,1.6516,2.0513,0
38928,2.3482,6.9727,4.6604,8.0500,55.7200,77.2800,0.2753,1.9053,2.6426,0
38967,4.0572,9.9719,5.0649,21.2100,34.6500,74.1300,0.7253,1.1849,2.5349,0
39006,2.7982,9.1461,4.2032,38.6400,-6.3000,45.9900,1.3213,-0.2154,1.5726,0
39045,3.3798,8.6339,3.9304,27.2300,12.0400,71.3300,0.9311,0.4117,2.4391,0
39084,6.7381,10.1969,4.6987,29.3300,15.8200,63.2800,1.0029,0.5410,2.1639,0
39123,6.3025,8.0019,3.0447,33.7400,-16.9400,45.1500,1.1537,-0.5793,1.5439,0
39162,5.1344,7.5208,3.1548,28.9100,-21.9100,48.9300,0.9886,-0.7492,1.6732,0
39201,4.8136,7.3676,3.9399,26.8100,-24.2200,40.8800,0.9168,-0.8282,1.3979,0
39240,4.3109,6.9631,3.1668,10.3600,-20.5800,38.4300,0.3543,-0.7037,1.3141,0
39279,4.9907,5.7615,2.7431,-4.9700,-23.1000,28.7000,-0.1699,-0.7899,0.9814,0
39318,5.6274,6.3072,2.3769,-10.0800,-15.9600,20.4400,-0.3447,-0.5457,0.6989,0
39357,6.6950,6.6878,3.3822,-7.1400,-19.6700,14.5600,-0.2442,-0.6726,0.4979,0
39396,7.0876,5.6801,3.8729,-1.9600,-11.0600,17.4300,-0.0670,-0.3782,0.5960,0
39435,7.6549,6.0439,2.3434,5.1100,2.6600,29.7500,0.1747,0.0910,1.0173,0
39474,7.6908,7.4897,2.5851,24.0100,1.1200,38.2900,0.8210,0.0383,1.3093,0
39513,8.3299,7.0708,2.5875,34.2300,5.7400,36.0500,1.1705,0.1963,1.2327,0
39552,8.1767,6.1732,1.6229,33.5300,11.2000,36.1900,1.1466,0.3830,1.2375,0
39591,7.4251,7.2240,1.6301,37.0300,8.7500,37.1700,1.2662,0.2992,1.2710,0
39630,7.3006,7.2264,2.3386,18.2700,-3.2200,26.6000,0.6247,-0.1101,0.9096,0
39669,7.3796,5.9745,2.1950,-8.1200,-2.5900,14.2800,-0.2777,-0.0886,0.4883,0
39708,8.1408,5.5126,2.0681,-10.9200,-5.8100,10.2900,-0.3734,-0.1987,0.3519,0
39747,8.0307,5.3857,4.3971,5.6000,12.3900,4.7600,0.1915,0.4237,0.1628,0
39786,7.3221,4.3157,3.1333,14.4200,30.8700,-5.4600,0.4931,1.0556,-0.1867,0
39825,7.9972,5.2756,2.4654,28.0000,32.7600,-3.2900,0.9575,1.1202,-0.1125,0
39864,8.3370,5.7711,1.7354,39.2000,38.2900,4.3400,1.3404,1.3093,0.1484,0
39903,7.8918,6.1828,1.3404,49.1400,37.2400,8.3300,1.6803,1.2734,0.2848,0
39942,7.7602,6.5825,1.6516,48.4400,35.8400,4.8300,1.6564,1.2255,0.1652,0
39981,7.3987,6.9631,2.8317,42.9800,50.5400,3.5000,1.4697,1.7282,0.1197,0
40020,7.4921,6.3144,2.3338,37.1700,57.9600,-3.6400,1.2710,1.9819,-0.1245,0
40059,7.0565,7.1761,2.1543,33.8800,52.4300,-4.6900,1.1585,1.7928,-0.1604,0
40098,6.9080,8.2987,2.0609,23.5200,22.6100,0.9100,0.8043,0.7731,0.0311,0
40137,7.8894,7.8775,3.3319,14.4900,11.9000,-1.0500,0.4955,0.4069,-0.0359,0
40176,6.8147,7.2958,2.3266,2.3100,10.9200,-12.7400,0.0790,0.3734,-0.4356,0
40215,6.5490,7.3844,1.8599,-1.3300,5.8800,-11.7600,-0.0455,0.2011,-0.4021,0
40254,6.0368,7.1067,2.0968,-4.1300,2.3100,-18.2700,-0.1412,0.0790,-0.6247,0
40293,5.1727,6.5418,2.7910,-8.1900,1.8200,-30.3800,-0.2801,0.0622,-1.0388,0
40332,4.8375,6.9846,3.3487,-11.2000,13.2300,-43.8200,-0.3830,0.4524,-1.4984,0
40371,4.7992,6.2450,3.1476,-14.2100,11.9700,-53.9700,-0.4859,0.4093,-1.8455,0
40410,4.0596,5.8165,2.9178,-11.9700,-0.7700,-46.3400,-0.4093,-0.0263,-1.5846,0
40449,3.4732,6.5418,3.8418,-9.8700,-15.8200,-37.8000,-0.3375,-0.5410,-1.2926,0
40488,4.7801,7.6142,4.6556,-7.8400,7.8400,-43.5400,-0.2681,0.2681,-1.4888,0
40527,4.6030,7.1881,4.3229,-13.0200,12.0400,-43.6100,-0.4452,0.4117,-1.4912,0
40566,4.0859,8.4998,4.0405,-21.7700,-0.9800,-20.0200,-0.7444,-0.0335,-0.6846,0
40605,5.2660,9.3256,3.9830,-18.6200,-29.8900,-34.1600,-0.6367,-1.0221,-1.1681,0
40644,4.9381,9.7445,4.3038,-15.8900,-32.0600,-40.4600,-0.5434,-1.0963,-1.3835,0
40683,4.6413,9.7589,4.5312,-34.5100,-22.3300,-49.6300,-1.1801,-0.7636,-1.6971,0
40722,4.0093,8.5668,4.9548,-22.6100,-11.6200,-60.4800,-0.7731,-0.3973,-2.0681,0
40761,3.1141,7.1426,5.2540,-41.9300,-2.6600,-62.0200,-1.4338,-0.0910,-2.1208,0
40800,2.9394,5.9841,6.2115,-33.5300,-6.5100,-40.6000,-1.1466,-0.2226,-1.3883,0
40839,2.8221,5.8477,5.7352,-19.9500,3.9900,-10.6400,-0.6822,0.1364,-0.3638,0
40878,2.6522,5.9434,4.8974,1.8900,6.0900,10.5700,0.0646,0.2082,0.3614,0
40917,1.8742,6.9344,4.8184,16.3800,17.3600,23.0300,0.5601,0.5936,0.7875,0
40956,1.5224,8.1216,4.9477,35.8400,28.1400,38.8500,1.2255,0.9622,1.3285,0
40995,3.2266,8.5357,4.9477,34.5100,19.5300,60.2000,1.1801,0.6678,2.0585,0
41034,3.5378,7.4418,4.6867,28.7000,-24.0800,66.7800,0.9814,-0.8234,2.2835,0
41073,5.4383,8.5668,3.5019,44.4500,-26.1100,54.4600,1.5200,-0.8928,1.8623,0
41112,5.2469,9.5219,3.4253,31.7800,-17.2900,32.1300,1.0867,-0.5912,1.0987,0
41151,4.4474,8.9833,3.9280,5.6700,-11.8300,20.3700,0.1939,-0.4045,0.6965,0
41190,5.0673,9.1581,4.6772,-3.0800,7.4900,16.1700,-0.1053,0.2561,0.5529,0
41229,5.4766,7.3102,3.8921,-2.8000,13.1600,25.7600,-0.0957,0.4500,0.8809,0
41268,5.5245,6.6902,3.4253,-2.8700,-0.2800,41.4400,-0.0981,-0.0096,1.4170,0
41307,6.4461,6.7501,4.1195,16.3100,-4.6200,33.7400,0.5577,-0.1580,1.1537,0
41346,5.1535,6.5275,3.5258,10.8500,-17.5000,34.0200,0.3710,-0.5984,1.1633,0
41385,4.7227,6.2594,2.4176,-2.0300,1.4000,42.7000,-0.0694,0.0479,1.4601,0
41424,5.4527,5.3330,2.4343,5.1800,14.0000,32.2700,0.1771,0.4787,1.1035,0
41463,5.2660,5.9745,2.0059,8.0500,15.1900,28.0700,0.2753,0.5194,0.9598,0
41502,6.5945,5.9889,2.4056,15.0500,10.0800,17.5700,0.5146,0.3447,0.6008,0
41541,6.4628,6.7429,2.5349,12.0400,15.5400,21.8400,0.4117,0.5314,0.7468,0
41580,6.8937,7.1402,2.8460,13.0200,22.8200,23.0300,0.4452,0.7803,0.7875,0
41619,6.8051,7.1977,3.2793,10.7100,11.0600,20.0900,0.3662,0.3782,0.6870,0
41658,6.8889,8.0091,3.6599,4.0600,7.1400,10.0100,0.1388,0.2442,0.3423,0
41697,6.1660,6.9104,4.4474,-4.9000,-4.5500,1.9600,-0.1676,-0.1556,0.0670,0
41736,7.3748,7.3868,3.1811,-9.0300,5.3200,0.4200,-0.3088,0.1819,0.0144,0
41775,7.7841,8.1240,2.5947,-10.7800,-3.7100,9.8000,-0.3686,-0.1269,0.3351,0
41814,7.2360,8.7129,2.3362,-15.7500,-6.3700,10.0100,-0.5386,-0.2178,0.3423,0
41853,7.2168,8.3035,3.9878,-30.7300,-4.9700,1.8900,-1.0508,-0.1699,0.0646,0
41892,7.1115,6.2115,4.1362,-31.9900,5.3200,-3.0800,-1.0939,0.1819,-0.1053,0
41931,6.6567,4.8782,3.9615,-21.2100,7.7000,-3.9200,-0.7253,0.2633,-0.1340,0
41970,6.1564,4.7155,3.6240,-3.8500,4.4100,-6.4400,-0.1317,0.1508,-0.2202,0
42009,6.1493,5.4527,3.3152,5.1800,3.0800,-5.3200,0.1771,0.1053,-0.1819,0
42048,6.3910,6.3408,3.2745,7.4200,9.8700,-3.9200,0.2537,0.3375,-0.1340,0
42087,6.2306,7.0995,3.5498,4.8300,12.8800,0.0700,0.1652,0.4404,0.0024,0
42126,5.8189,6.9966,4.0500,2.3100,14.0700,3.0800,0.0790,0.4811,0.1053,0
42165,6.0751,6.3838,3.7724,-0.9100,13.2300,2.6600,-0.0311,0.4524,0.0910,0
42204,6.0487,5.9817,3.8705,-2.4500,0.1400,1.1900,-0.0838,0.0048,0.0407,0
42243,6.4293,5.8668,4.1171,0.7000,-4.2000,-2.4500,0.0239,-0.1436,-0.0838,0
42282,6.3743,6.0128,4.2224,4.9000,-7.4200,-5.2500,0.1676,-0.2537,-0.1795,0
42321,5.9267,6.1301,4.3756,5.1800,-8.6100,-3.4300,0.1771,-0.2944,-0.1173,0
42360,5.9219,6.3599,4.2726,3.9900,-11.6900,-2.8000,0.1364,-0.3997,-0.0957,0
42399,5.3953,5.4599,4.5958,0.9100,-12.0400,-2.5900,0.0311,-0.4117,-0.0886,0
42438,6.1134,6.5993,4.3301,3.5000,-5.6000,-6.6500,0.1197,-0.1915,-0.2274,0
42477,6.6974,7.0182,4.3181,-3.9900,-8.5400,-5.8100,-0.1364,-0.2920,-0.1987,0
42516,6.2785,7.0134,4.1984,-8.1900,-7.6300,-3.5700,-0.2801,-0.2609,-0.1221,0
42555,5.8285,7.0062,4.4785,-11.4100,-10.4300,-4.1300,-0.3902,-0.3567,-0.1412,0
42594,6.2522,6.9966,4.4091,-18.9700,-12.1800,-7.7000,-0.6487,-0.4165,-0.2633,0
42633,6.3814,6.4437,4.3421,-20.0900,-15.9600,-9.2400,-0.6870,-0.5457,-0.3160,0
42672,6.9320,6.2905,4.2655,-14.2800,-16.2400,-10.3600,-0.4883,-0.5553,-0.3543,0
42711,6.9152,6.5131,4.6317,-20.8600,5.2500,-12.1800,-0.7133,0.1795,-0.4165,0
42750,6.8578,6.5299,4.3133,-15.2600,-1.4700,-7.7000,-0.5218,-0.0503,-0.2633,0
42789,6.6328,6.5179,3.9447,-2.8000,-5.5300,-4.0600,-0.0957,-0.1891,-0.1388,0
42828,6.4245,7.3437,4.3277,-13.5800,7.0000,1.1900,-0.4644,0.2394,0.0407,0
42867,6.3575,6.9272,4.3229,-6.7900,10.5700,2.3100,-0.2322,0.3614,0.0790,0
42906,6.2426,6.6950,3.9136,-9.3100,13.5100,2.2400,-0.3184,0.4620,0.0766,0
42945,6.1684,6.6280,4.0883,-5.9500,7.7000,-1.0500,-0.2035,0.2633,-0.0359,0
42984,5.4790,6.6974,3.9495,-2.8000,17.7100,-5.3900,-0.0957,0.6056,-0.1843,0
43023,5.3953,6.3599,4.0644,-2.3800,15.3300,-3.7100,-0.0814,0.5242,-0.1269,0
43062,5.6945,5.9721,4.5168,-12.7400,-5.8800,-0.4900,-0.4356,-0.2011,-0.0168,0
43101,5.7352,6.1325,4.3780,-1.4000,16.7300,-2.6600,-0.0479,0.5721,-0.0910,0
43140,5.5509,6.0104,4.9046,2.5200,18.3400,-3.9200,0.0862,0.6271,-0.1340,0
43179,5.3402,6.0439,4.9333,9.0300,16.9400,-4.2000,0.3088,0.5793,-0.1436,0
43218,5.4455,6.3264,4.9453,7.9100,-9.8000,1.6800,0.2705,-0.3351,0.0574,0
43257,5.5844,6.5562,4.6796,3.9200,-5.7400,0.1400,0.1340,-0.1963,0.0048,0
43296,5.8429,6.7836,4.3804,4.2000,-3.7800,0.4200,0.1436,-0.1293,0.0144,0
43335,5.9027,6.5921,4.5958,1.8900,-7.0700,1.4000,0.0646,-0.2418,0.0479,0
43374,5.8764,6.6208,4.7227,3.4300,-4.9700,1.5400,0.1173,-0.1699,0.0527,0
43413,5.5796,6.6184,4.7370,4.0600,-0.6300,2.1700,0.1388,-0.0215,0.0742,0
43452,5.4024,6.2881,4.5910,2.8700,0.0000,2.9400,0.0981,0.0000,0.1005,0
43491,5.7878,6.1349,4.3421,7.6300,-3.7800,6.7900,0.2609,-0.1293,0.2322,0
43530,6.1349,6.4628,4.1410,14.3500,-1.2600,7.2800,0.4907,-0.0431,0.2489,0
43569,5.3881,7.0541,3.9399,12.9500,-2.7300,5.9500,0.4428,-0.0934,0.2035,0
43608,5.0602,7.4969,4.3995,8.4000,-10.1500,6.7200,0.2872,-0.3471,0.2298,0
43647,5.6274,6.7477,4.3062,4.2000,-9.6600,6.1600,0.1436,-0.3303,0.2106,0
43686,5.8285,6.5562,4.4115,3.2900,-7.0000,1.1900,0.1125,-0.2394,0.0407,0
43725,6.4700,6.6543,4.1889,-1.9600,-14.4900,1.8200,-0.0670,-0.4955,0.0622,0
43764,6.5777,6.4580,4.2128,1.8900,-7.7700,1.9600,0.0646,-0.2657,0.0670,0
43803,6.0415,6.1947,3.7724,8.5400,-1.1900,1.2600,0.2920,-0.0407,0.0431,0
43842,5.7878,6.2857,3.7149,14.0000,-3.0100,5.3900,0.4787,-0.1029,0.1843,0
43881,6.4700,6.3288,3.8155,22.4000,2.0300,9.9400,0.7660,0.0694,0.3399,0
43920,6.3192,6.1493,3.2482,27.7200,10.0800,10.5700,0.9479,0.3447,0.3614,0
43959,6.0080,6.5825,3.5019,36.7500,9.5200,17.8500,1.2567,0.3255,0.6104,0
43998,6.4461,6.3025,3.2003,50.8200,15.9600,19.2500,1.7378,0.5457,0.6583,0
44037,5.7184,4.5096,1.7761,51.8000,21.0700,17.6400,1.7713,0.7205,0.6032,0
44076,5.4144,6.0966,1.9987,47.5300,6.4400,16.9400,1.6253,0.2202,0.5793,0
44115,5.8046,7.3174,3.7556,34.3000,-4.4100,27.5800,1.1729,-0.1508,0.9431,0
44154,6.4485,4.9620,4.0046,5.1100,-5.8800,26.3900,0.1747,-0.2011,0.9024,0
44193,7.9206,5.8237,3.3966,-4.1300,7.6300,10.1500,-0.1412,0.2609,0.3471,0
44232,8.9594,6.1349,3.1572,0.4900,10.2200,1.2600,0.0168,0.3495,0.0431,0
44271,9.2514,6.3671,3.0950,17.4300,6.5800,-2.8700,0.5960,0.2250,-0.0981,0
44310,8.4376,8.0881,3.2266,21.8400,-0.5600,-4.4800,0.7468,-0.0191,-0.1532,0
44349,8.1192,8.1456,3.8226,14.9100,-1.8200,-10.4300,0.5098,-0.0622,-0.3567,0
44388,7.0062,7.1498,2.5995,7.8400,9.9400,-17.5700,0.2681,0.3399,-0.6008,0
44427,7.2384,7.8559,2.0250,17.6400,16.4500,-18.5500,0.6032,0.5625,-0.6343,0
44466,7.8918,8.2317,2.6091,12.4600,1.1200,-14.1400,0.4261,0.0383,-0.4835,0
44505,7.6477,7.8296,2.1016,-6.0900,-14.1400,-5.6700,-0.2082,-0.4835,-0.1939,0
44544,7.4107,7.4323,2.4966,-12.9500,-16.5900,-8.6100,-0.4428,-0.5673,-0.2944,0
44583,6.4820,6.3767,3.0830,-18.5500,-8.2600,-20.7900,-0.6343,-0.2824,-0.7109,0
44622,4.9596,4.6844,2.0466,-20.4400,-0.8400,-19.2500,-0.6989,-0.0287,-0.6583,0
44661,5.4838,5.9051,2.6617,-9.1000,-0.4200,-15.5400,-0.3112,-0.0144,-0.5314,0
44700,6.1756,5.9410,2.8891,-4.5500,-2.8000,-17.2900,-0.1556,-0.0957,-0.5912,0
44739,5.7471,5.9721,2.3314,-2.5200,-2.9400,-14.0700,-0.0862,-0.1005,-0.4811,0
44778,5.6753,6.6184,2.4056,-0.4900,2.4500,-10.2900,-0.0168,0.0838,-0.3519,0
44817,5.9410,7.6237,3.0112,-5.2500,13.5800,-21.4900,-0.1795,0.4644,-0.7348,0
44856,4.7921,8.2150,2.4487,-10.9900,18.2700,-39.1300,-0.3758,0.6247,-1.3380,0
44895,4.8711,7.5807,4.3540,-10.1500,13.7900,-50.7500,-0.3471,0.4715,-1.7354,0
44934,4.1889,7.7051,3.5569,-19.5300,3.7100,-42.4900,-0.6678,0.1269,-1.4529,0
44973,4.9500,8.2868,2.8508,-24.3600,-6.2300,-21.0000,-0.8330,-0.2130,-0.7181,0
45012,5.8931,9.2634,2.7527,-32.8300,-28.4900,-26.6000,-1.1226,-0.9742,-0.9096,0
45051,4.5503,9.4860,3.4062,-33.0400,-35.7000,-49.9800,-1.1298,-1.2208,-1.7091,0
45090,4.4546,8.5046,4.1171,-38.9200,-17.8500,-56.9100,-1.3309,-0.6104,-1.9460,0
45129,4.5216,7.3413,4.3062,-47.4600,-4.4800,-63.9800,-1.6229,-0.1532,-2.1878,0
45168,3.7030,6.7932,5.7064,-51.3800,9.3800,-64.5400,-1.7569,0.3207,-2.2069,0
45207,3.2290,5.1344,6.1110,-33.6700,3.3600,-54.0400,-1.1513,0.1149,-1.8479,0
45246,2.4224,5.2301,5.6011,-20.8600,-7.1400,-24.1500,-0.7133,-0.2442,-0.8258,0
45285,1.8216,6.4676,5.5485,0.4900,-9.0300,-0.6300,0.0168,-0.3088,-0.0215,0
45324,1.9843,7.9828,5.7040,21.9800,-11.8300,13.6500,0.7516,-0.4045,0.4668,0
45363,2.7670,8.8182,5.3618,19.3200,3.5700,34.5100,0.6606,0.1221,1.1801,0
45402,3.2601,9.3424,5.3522,7.5600,-7.0700,51.5200,0.2585,-0.2418,1.7617,0
45441,4.5192,8.6578,4.2870,15.8200,-33.8800,47.8800,0.5410,-1.1585,1.6372,0
45480,4.6796,9.9169,4.6508,19.9500,-29.3300,28.5600,0.6822,-1.0029,0.9766,0
45519,5.2325,9.2179,4.2367,10.1500,-28.2800,10.7800,0.3471,-0.9670,0.3686,0
45558,4.3660,7.5639,4.0476,12.3200,-20.9300,13.7900,0.4213,-0.7157,0.4715,0
45597,4.8926,7.2791,3.8322,15.4000,-7.0000,10.0100,0.5266,-0.2394,0.3423,0
45636,4.4474,7.1785,3.9112,7.7000,-27.9300,16.8000,0.2633,-0.9551,0.5745,0
45675,4.4474,6.7979,3.1333,0.7700,-31.5700,22.3300,0.0263,-1.0795,0.7636,0
45714,4.3756,7.0924,2.7718,-3.1500,-28.5600,15.3300,-0.1077,-0.9766,0.5242,0
45753,4.3995,6.9727,3.0806,-1.6100,-19.6700,4.5500,-0.0551,-0.6726,0.1556,0
45792,4.6413,6.5155,2.6833,-7.2100,-22.6800,8.8200,-0.2465,-0.7755,0.3016,0
45831,5.9027,6.2378,3.4875,-5.6000,-20.1600,14.4200,-0.1915,-0.6894,0.4931,0
45870,6.2426,5.8046,2.6115,-6.0900,-14.5600,17.2200,-0.2082,-0.4979,0.5888,0
45909,5.7256,7.4131,2.5014,2.1000,-5.4600,22.5400,0.0718,-0.1867,0.7708,0
45948,6.1493,9.3160,2.3769,4.2000,-8.4000,20.4400,0.1436,-0.2872,0.6989,0
45987,7.1019,6.4844,3.2530,15.9600,-5.7400,17.8500,0.5457,-0.1963,0.6104,0
46026,5.5437,3.8131,1.7785,20.1600,-3.8500,23.5900,0.6894,-0.1317,0.8067,0
46065,6.1708,5.0841,1.0125,32.4100,-6.9300,35.7000,1.1083,-0.2370,1.2208,0
46104,7.5232,6.5131,1.6564,29.7500,-9.2400,30.3800,1.0173,-0.3160,1.0388,0
46143,7.9972,8.4065,2.4128,13.5800,-18.9700,31.0800,0.4644,-0.6487,1.0628,0
46182,8.3777,8.6746,3.5929,-2.0300,-3.8500,14.2800,-0.0694,-0.1317,0.4883,0
46221,7.8176,7.0708,2.8460,-27.8600,-1.4700,-13.5100,-0.9527,-0.0503,-0.4620,0
46260,6.6088,6.8697,2.9226,-23.8700,7.2800,-30.8700,-0.8162,0.2489,-1.0556,0
46299,8.1503,6.9463,2.2835,-19.1100,17.5000,-33.4600,-0.6535,0.5984,-1.1442,0
46338,8.6961,7.5184,2.1543,-9.8000,16.1000,-21.6300,-0.3351,0.5505,-0.7396,0
46377,7.2815,9.5123,2.4367,-13.7200,-8.1200,-7.2100,-0.4692,-0.2777,-0.2465,0
46416,6.7788,8.9355,3.3894,-17.9200,-12.2500,-15.1200,-0.6128,-0.4189,-0.5170,0
46455,6.0272,6.5514,3.0950,-27.0900,-11.0600,-17.8500,-0.9263,-0.3782,-0.6104,0
46494,5.3522,5.2852,3.1046,-22.9600,-15.4700,-15.3300,-0.7851,-0.5290,-0.5242,0
46533,4.6700,5.4886,2.6282,-15.8200,-19.2500,-17.3600,-0.5410,-0.6583,-0.5936,0
46572,4.9644,5.6681,2.1998,-12.8800,-19.5300,-21.7000,-0.4404,-0.6678,-0.7420,0
46611,6.2043,6.9416,2.9346,-7.2100,-11.6200,-22.1900,-0.2465,-0.3973,-0.7588,0
46650,6.0918,6.7166,2.8628,-9.6600,-13.2300,-13.3700,-0.3303,-0.4524,-0.4572,0
46689,5.5772,6.4126,2.8317,-8.5400,-13.3700,-5.5300,-0.2920,-0.4572,-0.1891,0
46728,5.1439,6.8650,2.6306,-5.7400,-5.3200,-2.3100,-0.1963,-0.1819,-0.0790,0
46767,5.1559,7.3987,3.5905,-2.9400,-3.9900,-8.8900,-0.1005,-0.1364,-0.3040,0
46806,5.0769,6.6328,3.4588,-9.1700,-4.5500,-9.4500,-0.3136,-0.1556,-0.3231,0
46845,5.9913,6.7213,3.6599,-3.4300,-6.5100,-6.7200,-0.1173,-0.2226,-0.2298,0
46884,6.7094,7.6166,3.6647,1.6800,-2.1000,-9.1700,0.0574,-0.0718,-0.3136,0
46923,6.7094,8.0857,3.2601,-2.1700,-4.4800,0.4900,-0.0742,-0.1532,0.0168,0
46962,6.2474,8.5716,2.9944,-5.7400,-6.2300,4.4100,-0.1963,-0.2130,0.1508,0
47001,6.3025,8.6363,3.2051,-11.0600,3.0100,-0.0700,-0.3782,0.1029,-0.0024,0
47040,5.9243,7.8823,3.7245,-19.4600,3.8500,-1.8900,-0.6654,0.1317,-0.0646,0
47079,5.4216,6.9990,4.0883,-22.4000,10.0800,-2.6600,-0.7660,0.3447,-0.0910,0
47118,5.2660,6.0152,3.4157,-14.4900,0.6300,-3.6400,-0.4955,0.0215,-0.1245,0
47157,5.3641,6.3025,3.2841,-4.6900,-1.7500,-2.8000,-0.1604,-0.0598,-0.0957,0
47196,4.9955,6.9463,2.8700,-1.1900,-10.9200,-3.5000,-0.0407,-0.3734,-0.1197,0
47235,5.2995,7.3461,3.0543,0.5600,-13.5100,-8.4700,0.0191,-0.4620,-0.2896,0
47274,5.4551,7.7195,3.1500,-0.7000,-10.4300,-8.3300,-0.0239,-0.3567,-0.2848,0
47313,5.9841,7.8535,3.2889,-7.1400,-7.7000,-9.4500,-0.2442,-0.2633,-0.3231,0
47352,6.0703,7.6309,3.6024,-12.6700,-6.7200,-7.7700,-0.4332,-0.2298,-0.2657,0
47391,5.9147,7.6812,3.6144,-13.6500,-2.5900,-4.6900,-0.4668,-0.0886,-0.1604,0
47430,6.0415,7.6956,3.7006,-13.7900,0.9800,-9.3100,-0.4715,0.0335,-0.3184,0
47469,5.6777,7.0708,4.0285,-11.1300,1.3300,-8.3300,-0.3806,0.0455,-0.2848,0
47508,5.4024,6.9894,3.8801,-6.3000,-1.1900,-8.4000,-0.2154,-0.0407,-0.2872,0
47547,5.0721,6.9822,3.9591,-3.0100,-1.2600,-9.6600,-0.1029,-0.0431,-0.3303,0
47586,4.9620,6.8889,3.8202,-4.4100,-2.1700,-8.8200,-0.1508,-0.0742,-0.3016,0
47625,5.1583,7.2791,3.7389,-4.9000,-7.4200,-9.2400,-0.1676,-0.2537,-0.3160,0
47664,5.4982,7.9182,3.5976,-6.5800,-2.0300,-11.0600,-0.2250,-0.0694,-0.3782,0
47703,5.4455,7.3437,3.9854,-9.2400,-2.4500,-10.6400,-0.3160,-0.0838,-0.3638,0
47742,5.5245,7.2551,3.8370,-4.6900,-3.0800,-4.5500,-0.1604,-0.1053,-0.1556,0
47781,5.1966,6.9009,4.0309,-1.4700,-4.6200,-3.1500,-0.0503,-0.1580,-0.1077,0
47820,5.2469,6.6974,4.0165,-1.5400,-6.8600,-4.7600,-0.0527,-0.2346,-0.1628,0
47859,4.6915,7.1809,3.8968,-5.3200,-14.3500,-9.9400,-0.1819,-0.4907,-0.3399,0
47898,4.5455,7.6261,4.1386,-6.7900,-12.8800,-13.9300,-0.2322,-0.4404,-0.4763,0
47937,5.5030,7.6956,4.0572,-7.8400,-8.2600,-16.0300,-0.2681,-0.2824,-0.5481,0
47976,5.7399,7.3006,3.9663,-9.5200,-8.1200,-11.4800,-0.3255,-0.2777,-0.3926,0
48015,5.8668,7.7530,4.0405,-7.4200,-10.8500,-6.5800,-0.2537,-0.3710,-0.2250,0
48054,5.3857,8.2796,3.9639,-9.0300,-2.7300,-10.9900,-0.3088,-0.0934,-0.3758,0
48093,5.1679,7.7889,3.8657,-12.6700,3.1500,-13.1600,-0.4332,0.1077,-0.4500,0
48132,5.1798,7.4131,3.6718,-9.4500,3.2900,-12.4600,-0.3231,0.1125,-0.4261,0
48171,4.8447,6.9487,4.3947,-8.5400,-1.3300,-18.8300,-0.2920,-0.0455,-0.6439,0
48210,4.7227,6.5514,3.9615,-9.3800,-4.0600,-21.4900,-0.3207,-0.1388,-0.7348,0
48249,3.9567,6.6974,4.0835,-10.0800,-1.8200,-25.1300,-0.3447,-0.0622,-0.8593,0
48288,3.6886,7.1977,3.9423,-9.0300,-9.1000,-30.9400,-0.3088,-0.3112,-1.0580,0
48327,4.6341,7.1833,4.1937,-12.4600,-15.7500,-30.5900,-0.4261,-0.5386,-1.0460,0
48366,4.6724,7.1283,3.9974,-17.8500,-21.8400,-29.5400,-0.6104,-0.7468,-1.0101,0
48405,4.6102,7.7434,4.0405,-17.7100,-21.2100,-29.8900,-0.6056,-0.7253,-1.0221,0
48444,5.3282,6.8913,4.0883,-14.8400,-14.1400,-35.7700,-0.5075,-0.4835,-1.2232,0
48483,5.0793,6.2450,4.2798,-19.1100,-14.7700,-43.0500,-0.6535,-0.5051,-1.4721,0
48522,4.4091,7.6692,4.4474,-23.5200,-20.9300,-45.1500,-0.8043,-0.7157,-1.5439,0
48561,4.4498,7.5807,4.2655,-25.8300,-4.9700,-49.6300,-0.8833,-0.1699,-1.6971,0
48600,5.2756,5.6729,3.0184,-24.0100,4.7600,-52.7100,-0.8210,0.1628,-1.8024,0
48639,4.3971,5.0123,2.7766,-23.8700,-11.9700,-57.8900,-0.8162,-0.4093,-1.9795,0
48678,4.1003,4.8974,2.4176,-25.5500,-17.1500,-60.9000,-0.8737,-0.5864,-2.0825,0
48717,3.0327,3.9304,1.7115,-20.3000,-8.4000,-77.2800,-0.6942,-0.2872,-2.6426,0
48756,3.1883,2.1878,4.8591,-18.1300,7.3500,-96.8800,-0.6200,0.2513,-3.3128,0
48795,4.0093,3.9208,2.7311,-37.7300,29.0500,-89.8800,-1.2902,0.9934,-3.0734,0
48834,0.0479,3.3272,1.2710,-33.6000,29.7500,-91.2100,-1.1489,1.0173,-3.1189,0
48873,1.5870,3.5976,3.0447,-11.9000,21.4900,-85.9600,-0.4069,0.7348,-2.9394,0
48912,1.1872,5.6945,2.5827,-38.2900,62.7900,-90.8600,-1.3093,2.1471,-3.1069,0
48951,0.2944,7.7410,6.6615,-61.3200,131.8100,-94.9900,-2.0968,4.5072,-3.2482,0
48990,0.2011,6.4389,6.1995,-81.0600,209.5800,-121.3800,-2.7718,7.1666,-4.1506,0
49029,-1.7785,5.9721,8.3921,-8.3300,181.8600,-170.0300,-0.2848,6.2187,-5.8142,0
49068,-6.3025,7.0325,8.0163,26.7400,152.3900,-206.5700,0.9144,5.2110,-7.0636,0
49107,-17.3036,8.1456,8.5788,57.6100,58.4500,-244.8600,1.9700,1.9987,-8.3730,0
49146,-22.3207,7.7123,9.1293,49.1400,148.8200,-227.9900,1.6803,5.0889,-7.7961,0
49185,-22.5912,-1.5343,4.6748,33.0400,185.5700,-194.1800,1.1298,6.3455,-6.6400,0
49224,-24.9824,-5.3378,-4.1841,70.5600,30.3100,-127.2600,2.4128,1.0364,-4.3516,0
49263,-24.8029,-3.0615,-2.1136,76.9300,-78.2600,-78.6100,2.6306,-2.6761,-2.6881,1
49302,-18.0026,-0.9048,-2.0729,-80.4300,89.4600,-30.3800,-2.7503,3.0591,-1.0388,0
49341,-8.0570,-1.6301,-1.6636,-125.5100,157.1500,-10.0800,-4.2918,5.3737,-0.3447,0
49380,-2.8772,-2.6210,0.1843,-136.9200,125.6500,8.4700,-4.6820,4.2966,0.2896,0
49419,-0.1197,-2.9921,-0.5194,-107.0300,80.6400,2.8700,-3.6599,2.7575,0.0981,0
49458,0.1556,-3.3846,-0.1077,-17.7100,23.0300,-25.6900,-0.6056,0.7875,-0.8785,0
49497,-2.9370,-2.2237,-1.6779,6.3000,-44.8700,-31.5000,0.2154,-1.5343,-1.0771,0
49536,-4.3014,-1.1489,-3.6575,12.9500,-87.2900,-26.3200,0.4428,-2.9849,-0.9000,0
49575,-8.7392,-0.8067,-2.6091,-21.7700,-39.9000,-30.2400,-0.7444,-1.3644,-1.0341,0
49614,-9.8618,-1.7976,-2.1399,-37.5200,-29.3300,-13.3700,-1.2830,-1.0029,-0.4572,0
49653,-11.2142,-3.3631,-1.9436,-26.8100,-62.8600,19.5300,-0.9168,-2.1495,0.6678,0
49692,-13.6916,-3.9806,-1.9963,-16.2400,-35.7000,42.1400,-0.5553,-1.2208,1.4410,0
49731,-16.0637,-3.6120,1.6516,-5.9500,-10.3600,66.6400,-0.2035,-0.3543,2.2787,0
49770,-15.4486,-1.6899,1.5630,-2.1700,3.7800,103.1800,-0.0742,0.1293,3.5282,0
49809,-13.8951,-1.4888,1.9341,-14.6300,27.8600,118.8600,-0.5003,0.9527,4.0644,0
49848,-11.3315,0.6989,2.5540,-40.1800,31.1500,122.2200,-1.3739,1.0652,4.1793,0
49887,-8.6841,2.1399,1.9341,-41.2300,5.7400,144.3400,-1.4099,0.1963,4.9357,0
49926,-4.8591,2.7455,2.1543,-70.2800,-11.1300,152.7400,-2.4032,-0.3806,5.2229,0
49965,-3.1333,3.3631,2.8795,-34.8600,-6.4400,118.9300,-1.1920,-0.2202,4.0668,0
50004,-4.5719,5.2157,1.7474,17.6400,-39.6200,67.7600,0.6032,-1.3548,2.3170,0
50043,-5.1990,8.3490,2.3003,4.0600,-16.3800,58.8000,0.1388,-0.5601,2.0107,0
50082,-6.0727,10.7833,1.4218,-17.1500,29.0500,30.4500,-0.5864,0.9934,1.0412,0
50121,-8.8565,9.5219,0.8856,-5.8800,30.1000,-7.4900,-0.2011,1.0293,-0.2561,0
50160,-8.6291,6.9535,0.2322,2.9400,21.3500,-14.0000,0.1005,0.7301,-0.4787,0
50199,-7.6094,7.0421,0.1221,-4.0600,39.2000,0.2100,-0.1388,1.3404,0.0072,0
50238,-6.6974,5.9889,-0.4715,-8.4000,41.3700,7.2800,-0.2872,1.4146,0.2489,0
50277,-6.9535,5.4120,-0.3375,-5.6000,23.3100,2.0300,-0.1915,0.7971,0.0694,0
50316,-7.7051,5.5820,-0.9168,-7.7000,22.6800,-1.6100,-0.2633,0.7755,-0.0551,0
50355,-8.1480,5.5891,-1.6732,5.6700,13.0200,-18.3400,0.1939,0.4452,-0.6271,0
50394,-9.2538,6.0224,-0.9192,-6.0200,7.2800,-21.1400,-0.2059,0.2489,-0.7229,0
50433,-9.1940,5.6657,-0.9359,1.8200,-24.1500,-18.5500,0.0622,-0.8258,-0.6343,0
50472,-8.6841,5.5221,-0.2705,2.5900,-28.6300,-16.4500,0.0886,-0.9790,-0.5625,0
50511,-8.3777,5.2947,0.3088,-0.3500,-18.8300,-13.7200,-0.0120,-0.6439,-0.4692,0
50550,-7.8607,5.1535,0.8569,7.7700,-29.9600,-15.3300,0.2657,-1.0245,-0.5242,0
50589,-7.9565,5.0769,0.7708,8.1900,-38.8500,-17.2900,0.2801,-1.3285,-0.5912,0
50628,-8.0283,4.9907,0.9287,4.5500,-29.8900,-13.5800,0.1556,-1.0221,-0.4644,0
50667,-7.8870,4.8112,1.1609,-0.2800,-17.2900,-10.7800,-0.0096,-0.5912,-0.3686,0
50706,-8.2509,4.6461,1.1944,-1.2600,-8.6800,-10.0100,-0.0431,-0.2968,-0.3423,0
50745,-8.4926,4.4641,1.2710,5.5300,-6.4400,-7.8400,0.1891,-0.2202,-0.2681,0
50784,-8.6578,4.5575,1.1418,7.7000,-4.8300,-2.9400,0.2633,-0.1652,-0.1005,0
50823,-8.6051,4.6173,1.0891,8.1200,-2.9400,0.1400,0.2777,-0.1005,0.0048,0
50862,-8.5046,4.7011,0.9239,3.8500,-1.0500,1.1900,0.1317,-0.0359,0.0407,0
50901,-8.3586,4.7825,0.7875,-1.2600,6.8600,3.9900,-0.0431,0.2346,0.1364,0
50940,-8.2030,4.7897,0.8378,-2.1700,12.1800,6.0200,-0.0742,0.4165,0.2059,0
50979,-8.3299,4.8687,0.7971,-0.4900,13.4400,5.4600,-0.0168,0.4596,0.1867,0
51018,-8.3993,4.9979,0.6606,3.1500,8.1200,3.4300,0.1077,0.2777,0.1173,0
51057,-8.4711,5.1104,0.4117,5.1100,0.0000,1.1900,0.1747,0.0000,0.0407,0
51096,-8.5357,5.1822,0.4117,3.6400,-1.1200,0.7700,0.1245,-0.0383,0.0263,0
51135,-8.4065,5.1463,0.5242,-0.2100,1.9600,0.7700,-0.0072,0.0670,0.0263,0
51174,-8.4065,5.0745,0.5170,-1.4000,0.6300,-0.2800,-0.0479,0.0215,-0.0096,0
51213,-8.4615,5.0171,0.5817,-0.9100,-1.1900,-0.7000,-0.0311,-0.0407,-0.0239,0
51252,-8.2365,4.9429,0.5673,-1.6800,2.1700,-0.3500,-0.0574,0.0742,-0.0120,0
51291,-8.4160,4.8830,0.6559,-1.9600,3.2200,-1.5400,-0.0670,0.1101,-0.0527,0
51330,-8.4376,4.7897,0.7037,-0.3500,1.1900,-2.0300,-0.0120,0.0407,-0.0694,0
51369,-8.4902,4.8040,0.6463,0.4900,-1.4700,-2.0300,0.0168,-0.0503,-0.0694,0
51408,-8.4902,4.8687,0.6223,0.2100,-2.0300,-1.8200,0.0072,-0.0694,-0.0622,0
51447,-8.5094,4.8758,0.5505,-0.1400,0.0700,-0.6300,-0.0048,0.0024,-0.0215,0
51486,-8.4543,4.9189,0.4979,0.4200,1.5400,0.5600,0.0144,0.0527,0.0191,0
51525,-8.4232,4.9046,0.4979,-0.6300,5.8800,1.7500,-0.0215,0.2011,0.0598,0
51564,-8.5046,4.8615,0.6439,0.4900,4.6900,0.7000,0.0168,0.1604,0.0239,0
51603,-8.4065,4.9261,0.5697,3.8500,-4.4800,-1.4700,0.1317,-0.1532,-0.0503,0
51642,-8.3825,4.8399,0.5697,1.7500,-2.8000,-0.8400,0.0598,-0.0957,-0.0287,0
51681,-8.4472,4.8016,0.6415,1.1200,-0.7700,-0.7700,0.0383,-0.0263,-0.0263,0
51720,-8.4160,4.8591,0.5386,1.9600,-1.5400,-0.7700,0.0670,-0.0527,-0.0263,0
51759,-8.4735,4.8711,0.5075,0.3500,0.3500,0.0700,0.0120,0.0120,0.0024,0
51798,-8.4519,4.8232,0.5242,-0.8400,2.5200,0.5600,-0.0287,0.0862,0.0191,0
51837,-8.5070,4.8447,0.5386,-0.3500,2.0300,0.4900,-0.0120,0.0694,0.0168,0
51876,-8.5214,4.8711,0.5218,0.8400,-0.2100,0.7700,0.0287,-0.0072,0.0263,0
51915,-8.4495,4.9022,0.4739,0.4900,0.3500,1.0500,0.0168,0.0120,0.0359,0
51954,-8.3873,4.9046,0.4739,-0.6300,2.3100,0.9800,-0.0215,0.0790,0.0335,0
51993,-8.3682,4.9022,0.4835,-1.6100,3.9200,0.9100,-0.0551,0.1340,0.0311,0
52032,-8.4160,4.9644,0.3758,-2.8000,7.2100,2.5900,-0.0957,0.2465,0.0886,0
52071,-8.3969,4.8232,0.5051,-5.6000,12.1800,3.6400,-0.1915,0.4165,0.1245,0
52110,-8.5190,4.8471,0.4428,-7.2100,13.9300,3.3600,-0.2465,0.4763,0.1149,0
52149,-8.4495,4.9309,0.3399,-1.9600,8.1200,3.0100,-0.0670,0.2777,0.1029,0
52188,-8.4113,4.9907,0.2561,-0.1400,6.0900,2.7300,-0.0048,0.2082,0.0934,0
52227,-8.4783,5.0602,0.1221,-3.4300,10.1500,3.2900,-0.1173,0.3471,0.1125,0
52266,-8.4041,5.0123,0.1508,-6.7200,13.2300,2.8700,-0.2298,0.4524,0.0981,0
52305,-8.3682,4.9692,0.1221,-4.2700,7.5600,1.7500,-0.1460,0.2585,0.0598,0
52344,-8.4376,5.0195,0.0503,-2.8700,3.9900,0.9800,-0.0981,0.1364,0.0335,0
52383,-8.3706,5.0027,0.1053,-3.0100,4.7600,1.4000,-0.1029,0.1628,0.0479,0
52422,-8.4136,5.0027,0.0407,-3.3600,4.7600,1.5400,-0.1149,0.1628,0.0527,0
52461,-8.4280,4.9740,0.0622,-3.0800,5.4600,1.6800,-0.1053,0.1867,0.0574,0
52500,-8.4495,4.8998,0.0862,-3.0100,5.5300,1.4700,-0.1029,0.1891,0.0503,0
52539,-8.4160,4.9716,0.0694,-1.9600,3.4300,1.3300,-0.0670,0.1173,0.0455,0
52578,-8.3825,5.0219,0.0024,-1.3300,3.5700,1.6100,-0.0455,0.1221,0.0551,0
52617,-8.3682,5.0266,-0.0215,-1.3300,4.8300,1.7500,-0.0455,0.1652,0.0598,0
52656,-8.3562,5.0554,-0.0311,-0.8400,4.2000,1.6800,-0.0287,0.1436,0.0574,0
52695,-8.3586,5.0530,-0.0622,-1.1900,4.3400,1.7500,-0.0407,0.1484,0.0598,0
52734,-8.3682,5.0434,-0.0551,-0.4200,3.5000,1.2600,-0.0144,0.1197,0.0431,0
52773,-8.4256,5.0482,-0.0479,1.2600,-1.0500,-0.6300,0.0431,-0.0359,-0.0215,0
52812,-8.4136,5.0913,-0.1245,3.0800,-7.0000,-2.2400,0.1053,-0.2394,-0.0766,0
52851,-8.3634,5.0745,-0.1699,2.5200,-5.6000,-1.9600,0.0862,-0.1915,-0.0670,0
52890,-8.3873,5.0554,-0.0862,1.8200,-4.4800,-1.4700,0.0622,-0.1532,-0.0503,0
52929,-8.4663,4.9596,-0.0120,2.0300,-4.6200,-1.1900,0.0694,-0.1580,-0.0407,0
52968,-8.4160,4.9716,0.0598,2.8000,-7.9100,-2.3100,0.0957,-0.2705,-0.0790,0
53007,-8.3418,4.9285,0.0981,5.7400,-11.1300,-2.9400,0.1963,-0.3806,-0.1005,0
53046,-8.4711,4.9572,0.1556,5.7400,-10.7800,-2.8000,0.1963,-0.3686,-0.0957,0
53085,-8.4543,4.9333,0.2106,5.1800,-9.6600,-2.9400,0.1771,-0.3303,-0.1005,0
53124,-8.3969,4.9213,0.1795,4.9700,-9.2400,-2.8000,0.1699,-0.3160,-0.0957,0
53163,-8.4232,4.9620,0.1867,6.3700,-8.2600,-1.5400,0.2178,-0.2824,-0.0527,0
53202,-8.4495,4.9070,0.3016,4.7600,-7.0000,-1.2600,0.1628,-0.2394,-0.0431,0
53241,-8.4687,4.8782,0.2465,5.1100,-8.6800,-1.8200,0.1747,-0.2968,-0.0622,0
53280,-8.4998,4.9261,0.2872,6.2300,-10.9900,-2.5900,0.2130,-0.3758,-0.0886,0
53319,-8.4424,4.9213,0.3375,4.4800,-10.0100,-2.6600,0.1532,-0.3423,-0.0910,0
53358,-8.4639,4.8495,0.3997,3.6400,-7.9800,-1.8900,0.1245,-0.2729,-0.0646,0
53397,-8.3945,4.8758,0.4117,5.3200,-7.9100,-1.7500,0.1819,-0.2705,-0.0598,0
53436,-8.4950,4.8184,0.4835,5.5300,-6.1600,-1.4000,0.1891,-0.2106,-0.0479,0
53475,-8.5381,4.7969,0.4811,4.9700,-7.0700,-1.6100,0.1699,-0.2418,-0.0551,0
53514,-8.5812,4.7586,0.5888,5.4600,-8.7500,-1.7500,0.1867,-0.2992,-0.0598,0
53553,-8.5261,4.8136,0.5601,7.8400,-15.0500,-2.3100,0.2681,-0.5146,-0.0790,0
53592,-8.3442,4.9668,0.3375,8.1900,-14.3500,-1.8900,0.2801,-0.4907,-0.0646,0
53631,-8.3155,4.8830,0.5075,-0.0700,1.1200,1.2600,-0.0024,0.0383,0.0431,0
53670,-8.5549,4.7633,0.8569,-0.8400,1.8200,2.5900,-0.0287,0.0622,0.0886,0
53709,-8.4591,5.0314,0.4979,1.3300,-2.2400,1.8900,0.0455,-0.0766,0.0646,0
53748,-8.3370,4.8639,0.4668,-1.1200,6.5800,3.7800,-0.0383,0.2250,0.1293,0
53787,-8.6722,4.6054,1.0580,-3.2200,10.3600,4.7600,-0.1101,0.3543,0.1628,0
53826,-8.7464,5.0171,1.0580,4.1300,-9.5900,7.4900,0.1412,-0.3279,0.2561,0
53865,-8.1312,5.3043,-0.2681,7.2800,-13.3000,6.7200,0.2489,-0.4548,0.2298,0
53904,-8.2365,4.8064,0.6606,-6.3700,21.3500,5.4600,-0.2178,0.7301,0.1867,0
53943,-8.3849,4.8040,0.6630,-3.9200,10.7100,3.0100,-0.1340,0.3662,0.1029,0
53982,-8.3155,4.9405,0.5888,-0.1400,-0.4200,0.4200,-0.0048,-0.0144,0.0144,0
54021,-8.4184,4.8543,0.6894,-0.6300,3.4300,1.8900,-0.0215,0.1173,0.0646,0
54060,-8.3682,5.2732,0.4165,0.2100,-3.0800,0.4900,0.0072,-0.1053,0.0168,0
54099,-8.3753,5.1750,0.1819,-1.1900,-1.6100,-0.6300,-0.0407,-0.0551,-0.0215,0
54138,-8.3777,4.9213,0.4428,-1.6800,4.6200,-0.8400,-0.0574,0.1580,-0.0287,0
54177,-8.2820,5.0027,0.3734,-2.3800,6.9300,0.6300,-0.0814,0.2370,0.0215,0
54216,-8.3825,4.9477,0.5146,-3.2900,8.2600,1.1900,-0.1125,0.2824,0.0407,0
54255,-8.3706,5.0003,0.3447,-3.1500,4.8300,1.1900,-0.1077,0.1652,0.0407,0
54294,-8.3179,5.0841,0.2298,-5.1100,6.8600,0.6300,-0.1747,0.2346,0.0215,0
54333,-8.2652,4.9644,0.3567,-11.0600,21.2100,1.5400,-0.3782,0.7253,0.0527,0
54372,-8.4543,4.8735,0.3567,-6.3700,15.3300,0.2800,-0.2178,0.5242,0.0096,0
54411,-8.6315,4.8567,0.2442,2.1000,3.1500,-1.4700,0.0718,0.1077,-0.0503,0
54450,-8.5190,4.9644,0.1245,4.6900,-7.0000,-4.2700,0.1604,-0.2394,-0.1460,0
54489,-8.3897,5.1750,-0.0191,4.0600,-6.6500,-3.4300,0.1388,-0.2274,-0.1173,0
54528,-8.4902,5.0554,0.1125,2.1000,-1.9600,-1.6100,0.0718,-0.0670,-0.0551,0
54567,-8.4735,4.9596,0.2585,1.1200,-3.0800,-2.0300,0.0383,-0.1053,-0.0694,0
54606,-8.4639,4.8567,0.2944,3.7800,-7.8400,-2.6600,0.1293,-0.2681,-0.0910,0
54645,-8.4639,4.7969,0.3447,7.0700,-11.2700,-2.8700,0.2418,-0.3854,-0.0981,0
54684,-8.5070,4.8328,0.3614,8.1200,-13.3700,-3.5700,0.2777,-0.4572,-0.1221,0
54723,-8.4950,4.8399,0.3878,7.6300,-12.9500,-3.3600,0.2609,-0.4428,-0.1149,0
54762,-8.3969,4.8399,0.4620,6.2300,-11.4800,-2.4500,0.2130,-0.3926,-0.0838,0
54801,-8.4831,5.0458,0.3854,10.8500,-17.0800,2.3800,0.3710,-0.5840,0.0814,0
54840,-8.2102,5.1750,0.2537,3.4300,-6.6500,4.2700,0.1173,-0.2274,0.1460,0
54879,-8.3777,5.1176,0.5912,-6.5800,12.8800,8.1900,-0.2250,0.4404,0.2801,0
54918,-8.2413,5.0027,0.4069,-6.0200,17.5000,10.3600,-0.2059,0.5984,0.3543,0
54957,-8.3706,4.9931,0.1771,-5.3200,5.6700,2.8700,-0.1819,0.1939,0.0981,0
54996,-8.5980,4.7921,0.2968,-1.9600,1.4700,-0.0700,-0.0670,0.0503,-0.0024,0
55035,-8.3921,4.8184,0.4117,-0.6300,1.5400,0.5600,-0.0215,0.0527,0.0191,0
55074,-8.3155,4.9572,0.3136,-2.8700,7.0700,1.7500,-0.0981,0.2418,0.0598,0
55113,-8.4184,4.9141,0.5529,-2.4500,7.0000,0.9800,-0.0838,0.2394,0.0335,0
55152,-8.2605,4.9955,0.4380,-3.5000,5.5300,0.5600,-0.1197,0.1891,0.0191,0
55191,-8.2509,5.0673,0.4309,-4.2700,5.1100,0.4900,-0.1460,0.1747,0.0168,0
55230,-8.4663,5.0099,0.1556,-0.6300,1.8900,0.1400,-0.0215,0.0646,0.0048,0
55269,-8.4448,5.0195,0.1795,-1.5400,4.9000,1.0500,-0.0527,0.1676,0.0359,0
55308,-8.3658,4.9764,0.1412,-4.4800,10.1500,2.2400,-0.1532,0.3471,0.0766,0
55347,-8.4184,4.9836,0.1245,-1.4700,4.0600,0.1400,-0.0503,0.1388,0.0048,0
55386,-8.4878,4.9883,0.0934,-1.3300,0.1400,-0.7000,-0.0455,0.0048,-0.0239,0
55425,-8.3562,4.9931,0.1915,-2.6600,3.9900,0.4900,-0.0910,0.1364,0.0168,0
55464,-8.3131,4.9907,0.2609,-3.5000,9.5200,1.5400,-0.1197,0.3255,0.0527,0
55503,-8.3347,4.9261,0.3088,-1.4000,8.3300,1.5400,-0.0479,0.2848,0.0527,0
55542,-8.4256,4.9812,0.1412,0.0700,3.2900,0.3500,0.0024,0.1125,0.0120,0
55581,-8.5094,4.9477,0.1149,2.1000,0.8400,0.7000,0.0718,0.0287,0.0239,0
55620,-8.5333,4.9261,0.0215,3.2900,-3.0800,0.0000,0.1125,-0.1053,0.0000,0
55659,-8.5046,5.0530,-0.0191,2.3100,-7.0000,-0.2100,0.0790,-0.2394,-0.0072,0
55698,-8.4160,4.9860,0.1939,-1.7500,-6.8600,-0.8400,-0.0598,-0.2346,-0.0287,0
55737,-8.3490,4.8256,0.2968,-1.9600,-10.6400,-2.7300,-0.0670,-0.3638,-0.0934,0
55776,-8.4543,4.9620,0.1628,1.6100,-17.2200,-6.4400,0.0551,-0.5888,-0.2202,0
55815,-8.6267,4.9453,0.2370,4.5500,-16.5900,-5.6000,0.1556,-0.5673,-0.1915,0
55854,-8.5190,4.8782,0.3590,2.9400,-16.6600,-2.8700,0.1005,-0.5697,-0.0981,0
55893,-8.3083,5.1104,0.3351,3.3600,-10.9900,0.4900,0.1149,-0.3758,0.0168,0
55932,-8.2772,5.1487,0.5170,2.8700,-7.4200,-0.0700,0.0981,-0.2537,-0.0024,0
55971,-8.5118,4.9883,0.5146,5.8100,-6.4400,-4.2700,0.1987,-0.2202,-0.1460,0
56010,-8.4519,5.1056,0.2561,12.3900,-11.6200,-4.9000,0.4237,-0.3973,-0.1676,0
56049,-8.3370,5.2277,0.3926,9.3100,-12.3200,-4.6200,0.3184,-0.4213,-0.1580,0
56088,-8.3131,5.3019,0.3973,1.7500,-7.7000,-6.7900,0.0598,-0.2633,-0.2322,0
56127,-8.4495,4.8375,1.1035,1.8200,-5.4600,-4.8300,0.0622,-0.1867,-0.1652,0
56166,-8.2269,4.6844,0.4524,-0.7000,-12.1100,-7.2100,-0.0239,-0.4141,-0.2465,0
56205,-8.7081,4.6197,1.1370,6.4400,-17.9200,-9.8700,0.2202,-0.6128,-0.3375,0
56244,-8.5980,4.5024,0.7731,7.0700,-19.1800,-9.5900,0.2418,-0.6559,-0.3279,0
56283,-8.6530,4.3947,1.1753,5.4600,-14.8400,-10.3600,0.1867,-0.5075,-0.3543,0
56322,-8.8517,4.4761,1.2806,2.4500,-8.7500,-6.8600,0.0838,-0.2992,-0.2346,0
56361,-8.6051,3.9878,1.0101,1.1900,-12.1100,-5.3200,0.0407,-0.4141,-0.1819,0
56400,-8.7344,4.0668,1.2327,3.9900,-17.5000,-6.4400,0.1364,-0.5984,-0.2202,0
56439,-8.9139,4.2894,1.2519,8.1200,-21.2100,-7.0000,0.2777,-0.7253,-0.2394,0
56478,-8.6219,4.4234,1.4577,11.5500,-22.4700,-7.7000,0.3950,-0.7684,-0.2633,0
56517,-8.5668,4.7298,2.0202,12.1800,-12.7400,-4.7600,0.4165,-0.4356,-0.1628,0
56556,-8.2724,4.4522,2.0011,14.2800,-0.7700,-3.7100,0.4883,-0.0263,-0.1269,0
56595,-7.8200,4.1649,1.4122,14.4900,-0.7700,-6.5800,0.4955,-0.0263,-0.2250,0
56634,-8.5836,4.5048,1.0795,5.0400,-3.5000,-6.4400,0.1723,-0.1197,-0.2202,0
56673,-9.3089,4.3899,1.0484,-2.3100,-10.2200,-5.4600,-0.0790,-0.3495,-0.1867,0
56712,-8.8684,4.3708,1.7498,3.3600,-3.4300,-0.3500,0.1149,-0.1173,-0.0120,0
56751,-9.0168,3.9208,1.3404,1.4000,7.6300,11.6200,0.0479,0.2609,0.3973,0
56790,-8.5094,3.9687,1.6803,-4.2700,9.2400,14.6300,-0.1460,0.3160,0.5003,0
56829,-8.6841,4.1123,1.8359,-1.1900,14.7700,16.4500,-0.0407,0.5051,0.5625,0
56868,-8.6243,3.8035,0.7348,2.9400,-2.8000,9.2400,0.1005,-0.0957,0.3160,0
56907,-8.7033,4.6365,1.1561,15.6800,-16.0300,1.4000,0.5362,-0.5481,0.0479,0
56946,-8.5597,5.3570,1.2471,9.2400,-13.9300,-0.2100,0.3160,-0.4763,-0.0072,0
56985,-8.2461,5.2157,0.8928,8.6100,-6.8600,-12.1800,0.2944,-0.2346,-0.4165,0
57024,-8.4113,5.0243,1.2543,11.2700,-11.7600,-15.6100,0.3854,-0.4021,-0.5338,0
57063,-8.6937,5.1032,1.2638,7.4200,-11.5500,-13.6500,0.2537,-0.3950,-0.4668,0
57102,-8.5549,4.6030,1.0915,5.1800,-7.4200,-20.7900,0.1771,-0.2537,-0.7109,0
57141,-8.1862,4.4091,1.4218,1.6100,-11.4800,-25.4100,0.0551,-0.3926,-0.8689,0
57180,-8.7511,4.2080,1.7210,-1.6800,-22.9600,-24.3600,-0.0574,-0.7851,-0.8330,0
57219,-9.2849,3.9088,1.5463,2.5900,-29.9600,-23.5200,0.0886,-1.0245,-0.8043,0
57258,-9.1964,3.5857,1.7904,3.9900,-34.5800,-21.6300,0.1364,-1.1825,-0.7396,0
57297,-8.4304,3.2482,2.1950,2.6600,-26.0400,-20.7900,0.0910,-0.8904,-0.7109,0
57336,-8.7416,2.9107,2.0394,1.6800,-23.5900,-19.3900,0.0574,-0.8067,-0.6630,0
57375,-9.0312,2.6737,2.0466,8.8200,-47.6700,-26.8100,0.3016,-1.6301,-0.9168,0
57414,-9.4477,3.1141,2.4391,18.2700,-60.9700,-32.0600,0.6247,-2.0849,-1.0963,0
57453,-8.7248,3.3918,3.2482,14.7000,-63.2100,-40.4600,0.5027,-2.1615,-1.3835,0
57492,-8.8182,2.9992,3.2577,11.0600,-52.7800,-37.3800,0.3782,-1.8048,-1.2782,0
57531,-8.2964,2.8508,3.7460,12.8100,-47.9500,-41.4400,0.4380,-1.6396,-1.4170,0
57570,-8.0714,2.8748,4.4737,10.0800,-44.3100,-40.3200,0.3447,-1.5152,-1.3787,0
57609,-8.0450,2.4295,4.5359,2.0300,-43.6100,-40.3900,0.0694,-1.4912,-1.3811,0
57648,-8.0522,2.1375,4.5551,4.2000,-43.7500,-37.3100,0.1436,-1.4960,-1.2758,0
57687,-8.0331,2.0705,4.9094,2.3100,-36.1200,-35.7000,0.0790,-1.2351,-1.2208,0
57726,-8.0809,1.2543,4.9453,-2.5200,-31.0800,-31.5000,-0.0862,-1.0628,-1.0771,0
57765,-7.9756,1.2232,5.6274,-4.6200,-26.8800,-28.0000,-0.1580,-0.9192,-0.9575,0
57804,-7.8344,1.1106,5.6298,-8.4000,-19.6700,-25.3400,-0.2872,-0.6726,-0.8665,0
57843,-7.7362,0.8833,5.3570,-5.0400,-25.4100,-24.3600,-0.1723,-0.8689,-0.8330,0
57882,-7.3963,0.7660,5.8381,2.2400,-32.9000,-24.5700,0.0766,-1.1250,-0.8402,0
57921,-7.7075,1.0819,5.8548,0.0700,-28.9100,-22.4000,0.0024,-0.9886,-0.7660,0
57960,-7.4323,0.5194,6.2642,-1.8900,-27.0200,-25.7600,-0.0646,-0.9239,-0.8809,0
57999,-7.4155,0.2106,5.8453,0.7000,-27.7900,-26.0400,0.0239,-0.9503,-0.8904,0
58038,-7.2791,0.3543,6.2809,-0.7700,-25.4800,-28.4900,-0.0263,-0.8713,-0.9742,0
58077,-7.4346,-0.0120,6.7261,-1.1200,-17.4300,-25.5500,-0.0383,-0.5960,-0.8737,0
58116,-7.7865,-0.3519,7.0565,-1.3300,-26.0400,-28.2800,-0.0455,-0.8904,-0.9670,0
58155,-7.2288,-0.5840,7.3437,-11.6200,-24.7800,-29.5400,-0.3973,-0.8473,-1.0101,0
58194,-6.8769,-1.2088,6.8937,-16.9400,-22.6100,-30.5200,-0.5793,-0.7731,-1.0436,0
58233,-7.1402,-0.5888,6.8937,-9.4500,-19.5300,-29.1200,-0.3231,-0.6678,-0.9958,0
58272,-7.3389,-0.5003,6.6376,-12.3200,-12.5300,-30.8700,-0.4213,-0.4285,-1.0556,0
58311,-6.1038,-0.7277,6.6424,-3.2900,-11.5500,-26.8100,-0.1125,-0.3950,-0.9168,0
58350,-6.4963,-0.8617,6.6974,0.8400,8.3300,-16.5200,0.0287,0.2848,-0.5649,0
58389,-6.1445,-1.3189,6.9344,3.1500,2.5200,-17.1500,0.1077,0.0862,-0.5864,0
58428,-5.8213,-1.3476,7.7219,-5.1800,4.6900,-11.7600,-0.1771,0.1604,-0.4021,0
58467,-6.2594,-1.8646,7.7578,-21.6300,-1.1200,-7.1400,-0.7396,-0.0383,-0.2442,0
58506,-6.2881,-2.9609,7.4610,-28.0000,-25.6900,-1.3300,-0.9575,-0.8785,-0.0455,0
58545,-6.5729,-2.5205,7.0110,-13.7900,-21.0700,4.2000,-0.4715,-0.7205,0.1436,0
58584,-8.0043,-1.3739,6.1684,-0.3500,-4.4100,16.1700,-0.0120,-0.1508,0.5529,0
58623,-8.1527,-1.5415,5.3402,15.3300,-13.0200,9.0300,0.5242,-0.4452,0.3088,0
58662,-8.3801,-0.7588,5.1703,9.4500,-9.0300,8.2600,0.3231,-0.3088,0.2824,0
58701,-7.4706,-0.7827,5.0985,9.8000,-16.0300,7.5600,0.3351,-0.5481,0.2585,0
58740,-7.9493,-0.3423,6.0463,1.1200,-20.7900,4.9000,0.0383,-0.7109,0.1676,0
58779,-6.1828,-1.0963,7.6166,8.4700,-38.6400,-18.6200,0.2896,-1.3213,-0.6367,0
58818,-5.2564,-1.9676,8.5238,18.2700,-22.8900,-19.6000,0.6247,-0.7827,-0.6702,0
58857,-5.9195,-2.2883,8.2748,30.1700,-40.6700,-21.6300,1.0317,-1.3907,-0.7396,0
58896,-4.9692,-2.7814,8.4543,25.7600,-34.4400,-10.7100,0.8809,-1.1777,-0.3662,0
58935,-5.8309,-1.9460,7.7075,26.9500,-40.5300,-4.2000,0.9216,-1.3859,-0.1436,0
58974,-6.0415,-1.3380,8.8541,31.9200,-23.4500,0.9100,1.0915,-0.8019,0.0311,0
59013,-5.0985,-1.0532,8.2892,39.9700,-20.2300,-0.7700,1.3668,-0.6918,-0.0263,0
59052,-5.1966,-0.5338,8.7248,42.7700,-21.7700,-5.7400,1.4625,-0.7444,-0.1963,0
59091,-4.2750,0.1245,8.0211,39.6900,-9.7300,-4.2000,1.3572,-0.3327,-0.1436,0
59130,-4.7849,0.0000,8.4687,38.0800,-16.4500,-0.4200,1.3021,-0.5625,-0.0144,0
59169,-3.8083,0.2537,9.1389,31.9200,-10.7100,-3.9200,1.0915,-0.3662,-0.1340,0
59208,-4.3875,-0.2322,8.6171,41.5100,-19.8800,-1.0500,1.4194,-0.6798,-0.0359,0
59247,-3.6934,0.7899,9.1533,37.9400,-25.6900,-2.3100,1.2974,-0.8785,-0.0790,0
59286,-4.0093,0.6223,9.5434,38.7800,-37.3100,6.0200,1.3261,-1.2758,0.2059,0
59325,-4.0357,1.2806,9.0887,44.0300,-41.1600,17.7800,1.5056,-1.4075,0.6080,0
59364,-3.6216,1.9006,9.0360,45.9200,-33.0400,17.7800,1.5702,-1.1298,0.6080,0
59403,-3.6862,2.1184,8.7200,39.9700,-12.0400,15.1900,1.3668,-0.4117,0.5194,0
59442,-3.2506,2.5253,7.9493,44.4500,-8.7500,11.6900,1.5200,-0.2992,0.3997,0
59481,-2.7144,2.5277,8.6219,35.7000,2.4500,5.6700,1.2208,0.0838,0.1939,0
59520,-2.8006,2.6761,8.9331,32.9000,2.7300,9.9400,1.1250,0.0934,0.3399,0
59559,-2.6545,2.9944,9.9312,39.9700,3.9200,18.4800,1.3668,0.1340,0.6319,0
59598,-3.3679,2.4104,9.2371,36.8200,19.6000,23.8700,1.2591,0.6702,0.8162,0
59637,-3.3152,2.9729,9.5363,38.7800,28.7000,25.4800,1.3261,0.9814,0.8713,0
59676,-3.7054,3.4780,8.6769,33.1100,26.8100,15.7500,1.1322,0.9168,0.5386,0
59715,-3.5139,3.1764,8.5692,32.2000,46.2000,20.3000,1.1011,1.5798,0.6942,0
59754,-3.8418,3.6982,9.1365,40.6700,38.0100,26.2500,1.3907,1.2997,0.8976,0
59793,-4.1889,3.3607,9.1461,52.6400,15.1900,29.7500,1.8000,0.5194,1.0173,0
59832,-4.8352,4.2367,9.3041,60.5500,-3.9200,30.5900,2.0705,-0.1340,1.0460,0
59871,-4.9860,4.8471,9.3639,58.3100,-15.9600,36.9600,1.9939,-0.5457,1.2638,0
59910,-5.0673,5.8165,8.1073,54.9500,-19.4600,43.6100,1.8790,-0.6654,1.4912,0
59949,-4.8711,6.8626,8.0737,38.0100,-12.8800,49.5600,1.2997,-0.4404,1.6947,0
59988,-4.8328,7.1761,7.6668,26.8800,-9.7300,55.6500,0.9192,-0.3327,1.9029,0
60027,-4.8471,6.3838,7.3533,27.8600,-0.3500,61.9500,0.9527,-0.0120,2.1184,0
60066,-3.7532,6.7046,6.8506,38.0100,7.7700,63.1400,1.2997,0.2657,2.1591,0
60105,-3.6814,7.6190,5.9889,40.7400,30.8700,71.2600,1.3931,1.0556,2.4367,0
60144,-2.8413,7.0660,6.9009,52.7100,54.1100,62.5800,1.8024,1.8503,2.1399,0
60183,-1.5343,7.5041,5.7639,60.4100,76.0900,65.4500,2.0657,2.6019,2.2381,0
60222,-1.5726,8.2174,5.6610,64.2600,79.1000,47.1100,2.1974,2.7048,1.6109,0
60261,-0.7540,8.1886,3.9567,61.3200,75.1800,35.2100,2.0968,2.5708,1.2040,0
60300,-2.3242,7.6429,4.5934,51.6600,93.6600,23.9400,1.7665,3.2027,0.8186,0
60339,0.0479,6.1229,4.2990,44.5900,72.2400,13.4400,1.5247,2.4702,0.4596,0
60378,-4.5503,6.0344,2.9178,23.3800,82.8100,24.4300,0.7995,2.8317,0.8354,0
60417,-2.7048,7.4993,1.2399,-5.8800,69.9300,22.1900,-0.2011,2.3912,0.7588,0
60456,-2.0896,6.2665,2.7359,-40.1100,94.2900,22.4700,-1.3716,3.2242,0.7684,0
60495,-1.5224,6.8602,2.4990,-57.6100,89.6000,20.6500,-1.9700,3.0639,0.7061,0
60534,-2.6426,7.2336,2.3386,-64.0500,57.5400,12.9500,-2.1902,1.9676,0.4428,0
60573,-1.6779,7.1307,3.2266,-83.7200,34.0900,16.0300,-2.8628,1.1657,0.5481,0
60612,-1.5176,6.2402,3.5785,-76.3000,-2.3100,30.8700,-2.6091,-0.0790,1.0556,0
60651,-0.0981,6.3192,5.0171,-64.6800,-28.0700,35.4200,-2.2117,-0.9598,1.2112,0
60690,-0.0646,8.0546,4.2990,-36.1200,-26.6700,46.4800,-1.2351,-0.9120,1.5894,0
60729,-1.2016,9.6176,5.4790,-25.9000,-31.4300,49.0700,-0.8856,-1.0747,1.6779,0
60768,0.0287,9.9288,6.7836,-31.8500,-62.3000,47.8100,-1.0891,-2.1303,1.6349,0
60807,0.7588,9.9528,6.6064,-27.9300,-48.3700,47.0400,-0.9551,-1.6540,1.6085,0
60846,0.2681,7.7243,7.0469,-40.2500,-58.3800,24.3600,-1.3763,-1.9963,0.8330,0
60885,1.8694,7.8559,7.2503,-14.9100,-80.8500,16.1000,-0.5098,-2.7647,0.5505,0
60924,-0.4692,6.9080,6.9440,-10.0800,-70.9800,-6.7200,-0.3447,-2.4272,-0.2298,0
60963,-0.9622,9.7325,6.6950,1.8900,-78.8200,-7.1400,0.0646,-2.6952,-0.2442,0
61002,-0.3638,9.6679,8.7918,-66.8500,-48.8600,-28.7000,-2.2859,-1.6708,-0.9814,0
61041,0.4500,7.6884,7.4562,-41.5800,-60.8300,-15.2600,-1.4218,-2.0801,-0.5218,0
61080,1.6396,8.6051,9.2514,-18.9700,-8.4000,14.5600,-0.6487,-0.2872,0.4979,0
61119,3.6335,7.1785,9.2658,12.3900,0.9800,25.9000,0.4237,0.0335,0.8856,0
61158,3.9208,7.3748,8.8014,15.8200,-0.0700,29.6800,0.5410,-0.0024,1.0149,0
61197,3.0926,8.7392,8.0905,24.0800,4.8300,33.5300,0.8234,0.1652,1.1466,0
61236,0.9359,6.5777,6.5514,48.4400,-18.3400,44.6600,1.6564,-0.6271,1.5271,0
61275,0.6104,7.5328,6.7860,54.2500,-64.4700,39.9700,1.8551,-2.2045,1.3668,0
61314,3.5498,7.3628,5.4048,36.8200,-77.7000,33.3900,1.2591,-2.6569,1.1418,0
61353,2.2596,6.8195,3.9399,45.9200,-102.0600,21.6300,1.5702,-3.4899,0.7396,0
61392,3.4804,7.3700,4.1314,45.9200,-99.2600,16.2400,1.5702,-3.3942,0.5553,0
61431,4.5216,6.8913,3.2577,24.0800,-74.3400,17.6400,0.8234,-2.5420,0.6032,0
61470,4.7514,6.5658,2.6928,22.1200,-81.6200,20.0900,0.7564,-2.7910,0.6870,0
61509,5.2804,6.4987,3.3415,19.1100,-68.3200,27.5100,0.6535,-2.3362,0.9407,0
61548,5.4383,6.9104,2.3721,18.0600,-65.4500,32.3400,0.6176,-2.2381,1.1059,0
61587,5.0410,6.6256,2.5205,13.0900,-51.5200,28.2100,0.4476,-1.7617,0.9646,0
61626,3.9256,7.3892,2.3577,6.3700,-45.2900,21.8400,0.2178,-1.5487,0.7468,0
61665,4.9548,6.1732,2.4535,5.6000,-38.2900,18.5500,0.1915,-1.3093,0.6343,0
61704,5.3282,6.0368,2.0729,-5.0400,-27.3000,20.1600,-0.1723,-0.9335,0.6894,0
61743,5.9051,5.4743,2.7096,-7.7700,-33.2500,20.4400,-0.2657,-1.1370,0.6989,0
61782,6.4868,5.6753,2.2835,-10.5700,-35.4900,4.6200,-0.3614,-1.2136,0.1580,0
61821,6.3551,6.0751,2.2572,-28.4200,-37.7300,-9.0300,-0.9718,-1.2902,-0.3088,0
61860,6.5753,5.5939,3.5115,-37.3100,-3.3600,-34.3000,-1.2758,-0.1149,-1.1729,0
61899,6.5251,4.8112,2.3099,-24.9900,56.7000,-39.2000,-0.8545,1.9388,-1.3404,0
61938,6.1110,6.6543,1.5032,-18.1300,77.2100,-45.0800,-0.6200,2.6402,-1.5415,0
61977,4.5886,6.2115,2.5468,-17.2200,48.4400,-26.0400,-0.5888,1.6564,-0.8904,0
62016,4.0237,8.5477,1.7450,-21.0000,59.5000,-18.4800,-0.7181,2.0346,-0.6319,0
62055,2.9035,9.0384,5.0721,3.5700,85.4000,-50.9600,0.1221,2.9202,-1.7426,0
62094,2.0154,8.2940,5.2804,-9.3800,70.4200,-39.0600,-0.3207,2.4080,-1.3357,0
62133,3.7843,8.7847,6.5705,-11.2000,79.7300,-6.9300,-0.3830,2.7264,-0.2370,0
62172,3.3128,8.6817,6.4293,-17.8500,93.7300,13.4400,-0.6104,3.2051,0.4596,0
62211,3.3248,7.5663,5.0458,11.4800,71.6800,27.5100,0.3926,2.4511,0.9407,0
62250,3.4875,8.4639,5.9314,37.0300,76.2300,40.4600,1.2662,2.6067,1.3835,0
62289,2.9729,8.5788,5.5772,31.0100,72.5900,47.6700,1.0604,2.4822,1.6301,0
62328,1.8383,7.6214,5.4192,34.6500,74.1300,68.7400,1.1849,2.5349,2.3506,0
62367,2.6976,5.9338,5.7112,34.6500,83.7900,79.8700,1.1849,2.8652,2.7311,0
62406,2.6689,4.3516,4.3229,52.8500,58.2400,95.6900,1.8072,1.9915,3.2721,0
62445,3.7077,4.3205,2.6617,84.4900,34.4400,107.1700,2.8891,1.1777,3.6647,0
62484,5.0697,6.9463,2.8843,86.5200,35.7000,110.8100,2.9585,1.2208,3.7891,0
62523,4.7083,9.6990,3.5785,84.4900,20.1600,76.1600,2.8891,0.6894,2.6043,0
62562,5.0338,8.1384,3.3224,55.7900,49.5600,91.0000,1.9077,1.6947,3.1117,0
62601,7.4921,9.3543,1.9341,62.5100,65.8700,91.9800,2.1375,2.2524,3.1452,0
62640,8.7679,9.1772,2.0418,71.5400,41.7900,64.5400,2.4463,1.4290,2.2069,0
62679,8.0067,7.9828,2.0561,59.9900,52.9200,68.1800,2.0513,1.8096,2.3314,0
62718,7.4394,6.8003,2.8484,79.1000,78.2600,68.8800,2.7048,2.6761,2.3553,0
62757,6.6232,4.7538,2.0849,85.6800,68.4600,50.5400,2.9298,2.3410,1.7282,0
62796,2.7335,6.3120,2.2045,90.0200,12.9500,80.9900,3.0782,0.4428,2.7694,0
62835,6.8961,9.0049,4.0070,41.0200,4.0600,65.8700,1.4027,0.1388,2.2524,0
62874,7.1283,6.3791,3.9256,26.8100,19.2500,37.0300,0.9168,0.6583,1.2662,0
62913,8.1480,6.5299,3.9447,17.2900,12.3200,17.5000,0.5912,0.4213,0.5984,0
62952,9.2849,6.6639,3.6790,20.0900,8.6100,3.9200,0.6870,0.2944,0.1340,0
62991,10.2065,7.3485,2.4894,24.7100,12.6700,5.0400,0.8450,0.4332,0.1723,0
63030,9.7541,6.9176,2.1447,25.9700,30.0300,-0.3500,0.8880,1.0269,-0.0120,0
63069,8.4735,6.3791,1.4673,26.9500,36.0500,-15.4000,0.9216,1.2327,-0.5266,0
63108,6.9344,6.3958,2.2069,35.4200,35.3500,-29.8900,1.2112,1.2088,-1.0221,0
63147,6.7908,6.8650,2.1998,24.5700,43.6100,-39.2700,0.8402,1.4912,-1.3428,0
63186,6.2474,7.2455,2.0394,18.8300,35.0700,-42.0000,0.6439,1.1992,-1.4362,0
63225,5.8070,9.1269,2.5492,3.9200,-12.8800,-38.0100,0.1340,-0.4404,-1.2997,0
63264,4.9500,7.6716,1.7737,-16.8700,-17.7800,-50.5400,-0.5769,-0.6080,-1.7282,0
63303,4.4809,7.7841,3.2841,-12.3900,-9.8000,-63.2800,-0.4237,-0.3351,-2.1639,0
63342,4.0189,8.6027,3.6527,-33.6000,4.5500,-66.1500,-1.1489,0.1556,-2.2620,0
63381,4.7490,6.8171,3.6120,-55.1600,30.2400,-66.0800,-1.8862,1.0341,-2.2596,0
63420,3.8346,5.4766,4.8136,-42.9100,15.1900,-55.3700,-1.4673,0.5194,-1.8934,0
63459,1.9580,5.9267,5.1248,-25.2700,14.7000,-29.1900,-0.8641,0.5027,-0.9981,0
63498,2.2165,6.1780,4.8902,-5.5300,10.3600,-22.4700,-0.1891,0.3543,-0.7684,0
63537,2.3314,7.3054,5.0075,3.9900,10.5000,7.1400,0.1364,0.3590,0.2442,0
63576,2.7383,8.2054,5.0458,20.8600,18.1300,37.9400,0.7133,0.6200,1.2974,0
63615,3.3367,8.0809,4.7586,26.2500,18.3400,59.0800,0.8976,0.6271,2.0202,0
63654,5.1679,8.5501,3.9399,27.3000,-3.0800,77.7000,0.9335,-0.1053,2.6569,0
63693,6.1277,9.1389,2.1902,41.2300,4.7600,71.5400,1.4099,0.1628,2.4463,0
63732,6.1517,9.6655,2.8317,57.9600,1.6800,53.2700,1.9819,0.0574,1.8216,0
63771,5.3306,7.5663,2.6809,54.6000,14.0700,47.3200,1.8670,0.4811,1.6181,0
63810,4.9644,5.5628,1.8096,54.3900,24.2200,40.6000,1.8599,0.8282,1.3883,0
63849,5.7950,3.0280,0.7348,48.6500,14.4900,51.5200,1.6636,0.4955,1.7617,0
63888,6.7213,5.1032,2.2141,56.2800,-23.8700,54.6700,1.9245,-0.8162,1.8694,0
63927,5.8333,6.5227,3.0830,27.0200,-0.4900,49.7000,0.9239,-0.0168,1.6995,0
63966,6.3240,5.0362,2.2907,3.0100,8.5400,36.6800,0.1029,0.2920,1.2543,0
64005,7.8176,6.0080,1.8503,0.4900,17.0100,28.0000,0.0168,0.5817,0.9575,0
64044,8.7440,7.1881,2.4056,9.3800,19.8100,19.2500,0.3207,0.6774,0.6583,0
64083,9.9934,6.7644,2.2452,5.1800,5.5300,23.1700,0.1771,0.1891,0.7923,0
64122,9.9312,7.7219,1.3237,7.8400,13.7900,20.0200,0.2681,0.4715,0.6846,0
64161,9.8091,6.4580,4.4258,7.2800,31.7800,1.6800,0.2489,1.0867,0.0574,0
64200,9.1724,4.4258,3.5019,18.2000,51.3100,-26.6700,0.6223,1.7545,-0.9120,0
64239,7.0469,3.6120,0.6702,30.3800,41.4400,-12.3200,1.0388,1.4170,-0.4213,0
64278,9.4238,6.3048,4.2750,53.2700,49.2800,-8.1200,1.8216,1.6851,-0.2777,0
64317,5.7974,4.9716,1.7019,50.3300,46.9700,-14.0700,1.7210,1.6061,-0.4811,0
64356,6.2522,6.8626,1.3165,57.1900,25.6900,-7.9100,1.9556,0.8785,-0.2705,0
64395,9.9887,9.3615,5.1200,35.0000,9.3100,-6.7900,1.1968,0.3184,-0.2322,0
64434,8.2509,6.9344,4.0692,8.2600,17.7800,-11.7600,0.2824,0.6080,-0.4021,0
64473,8.4376,6.7572,4.0548,9.1700,12.1100,-16.1000,0.3136,0.4141,-0.5505,0
64512,8.9570,7.3748,3.3583,9.1000,16.5900,-15.7500,0.3112,0.5673,-0.5386,0
64551,6.2953,6.0798,-0.4237,17.7800,43.8900,-10.1500,0.6080,1.5008,-0.3471,0
64590,4.7155,7.5543,1.1944,-1.9600,52.6400,-9.2400,-0.0670,1.8000,-0.3160,0
64629,2.6857,8.3610,2.5253,-19.5300,42.2800,-3.2200,-0.6678,1.4458,-0.1101,0
64668,2.9849,7.5878,3.8155,-54.9500,62.2300,-24.7100,-1.8790,2.1279,-0.8450,0
64707,4.0476,6.9894,2.4726,-32.8300,61.6700,-27.8600,-1.1226,2.1088,-0.9527,0
64746,3.9471,8.1934,3.7508,-19.2500,75.0400,-13.5100,-0.6583,2.5660,-0.4620,0
64785,3.8107,8.8876,4.7274,-23.8000,62.0900,-35.6300,-0.8138,2.1232,-1.2184,0
64824,2.9274,8.4184,4.4522,-31.8500,34.7200,-40.6000,-1.0891,1.1872,-1.3883,0
64863,4.1051,8.1025,6.0679,-36.3300,35.3500,-27.3700,-1.2423,1.2088,-0.9359,0
64902,4.1434,7.2934,6.4102,-35.9800,31.9200,-16.6600,-1.2303,1.0915,-0.5697,0
64941,3.5881,6.1636,6.0296,-23.5200,-5.3200,-0.9100,-0.8043,-0.1819,-0.0311,0
64980,2.6761,4.7777,5.8716,13.8600,-28.6300,26.7400,0.4739,-0.9790,0.9144,0
65019,2.6952,4.1242,6.0535,22.6100,-16.6600,41.5100,0.7731,-0.5697,1.4194,0
65058,3.1237,2.8101,6.4939,-11.6200,-6.3700,68.2500,-0.3973,-0.2178,2.3338,0
65097,3.8538,4.3133,5.0195,-2.1000,-28.4900,77.3500,-0.0718,-0.9742,2.6450,0
65136,6.2330,9.2993,5.8884,18.5500,-27.3000,40.0400,0.6343,-0.9335,1.3692,0
65175,1.0963,8.1839,5.7735,36.6800,-73.9900,-10.6400,1.2543,-2.5301,-0.3638,0
65214,2.6713,9.9480,4.6963,-23.5200,-50.0500,26.3900,-0.8043,-1.7115,0.9024,0
65253,5.0051,11.6642,1.2662,-49.6300,-56.9100,41.3000,-1.6971,-1.9460,1.4122,0
65292,7.4131,7.3796,1.0508,-34.6500,-58.6600,-16.7300,-1.1849,-2.0059,-0.5721,0
65331,6.6495,7.1761,3.0016,-26.6000,-78.5400,-47.3200,-0.9096,-2.6857,-1.6181,0
65370,6.5945,8.2006,2.4654,-42.0700,-100.2400,-0.9800,-1.4386,-3.4277,-0.0335,0
65409,6.9583,7.8799,3.1213,-42.9800,-91.9100,-3.5700,-1.4697,-3.1428,-0.1221,0
65448,7.4251,9.6536,2.7359,-80.2900,-112.4200,-17.4300,-2.7455,-3.8442,-0.5960,0
65487,8.7703,8.2461,3.0303,-79.9400,-114.0300,-27.2300,-2.7335,-3.8992,-0.9311,0
65526,9.3663,7.1283,3.4684,-74.6900,-101.7800,-34.4400,-2.5540,-3.4804,-1.1777,0
65565,9.1676,5.2804,3.9351,-68.2500,-84.0000,-21.3500,-2.3338,-2.8724,-0.7301,0
65604,8.2222,2.7503,4.5000,-33.9500,-51.9400,-4.1300,-1.1609,-1.7761,-0.1412,0
65643,6.7261,3.5641,2.5253,-11.9000,-37.1700,3.9200,-0.4069,-1.2710,0.1340,0
65682,6.1493,7.7434,3.4564,-22.1900,-49.0000,-2.4500,-0.7588,-1.6755,-0.0838,0
65721,4.5120,6.0631,4.4426,-63.0700,-48.7200,-14.4900,-2.1567,-1.6660,-0.4955,0
65760,4.3588,2.1471,4.1601,-69.9300,-30.5200,-42.0000,-2.3912,-1.0436,-1.4362,0
65799,5.1918,3.6838,2.0609,-50.1900,-21.5600,-66.2200,-1.7162,-0.7372,-2.2644,0
65838,5.6993,5.2899,3.6407,-39.1300,-17.3600,-62.7200,-1.3380,-0.5936,-2.1447,0
65877,9.6990,7.5471,4.4737,-40.9500,-32.6900,-50.5400,-1.4003,-1.1178,-1.7282,0
65916,8.7392,7.1905,0.4213,-33.4600,-3.7800,-42.6300,-1.1442,-0.1293,-1.4577,0
65955,5.3306,9.0671,-1.0724,-29.9600,24.9900,-24.2200,-1.0245,0.8545,-0.8282,0
65994,4.0213,12.4038,2.9753,-29.1900,42.3500,-5.2500,-0.9981,1.4482,-0.1795,0
66033,5.9769,9.3711,3.0639,-75.1800,53.7600,-37.4500,-2.5708,1.8383,-1.2806,0
66072,5.1942,8.9905,4.2296,-84.9800,51.1700,-50.8200,-2.9059,1.7498,-1.7378,0
66111,5.1128,7.2862,4.5431,-50.0500,33.5300,-81.3400,-1.7115,1.1466,-2.7814,0
66150,4.7992,8.0737,6.0583,-37.4500,22.6800,-84.0700,-1.2806,0.7755,-2.8748,0
66189,4.3445,7.9158,7.8799,-25.7600,-17.9200,-71.7500,-0.8809,-0.6128,-2.4535,0
66228,3.3439,6.7094,6.4293,-27.7900,-11.4100,-39.6200,-0.9503,-0.3902,-1.3548,0
66267,2.4487,6.1301,6.0870,-6.0200,-20.3700,-16.2400,-0.2059,-0.6965,-0.5553,0
66306,2.3051,4.2056,7.9804,40.6700,-5.7400,33.7400,1.3907,-0.1963,1.1537,0
66345,0.1915,2.1256,4.3636,9.5900,30.8000,55.7900,0.3279,1.0532,1.9077,0
66384,-0.9048,3.1979,1.8838,8.8200,1.6800,52.7800,0.3016,0.0574,1.8048,0
66423,-0.7875,6.1564,3.8633,-24.2200,46.6900,98.9800,-0.8282,1.5966,3.3846,0
66462,10.9701,11.2621,5.1224,37.8700,-28.3500,22.4700,1.2950,-0.9694,0.7684,0
66501,4.1961,10.9796,3.3822,18.2000,-94.4300,7.4900,0.6223,-3.2290,0.2561,0
66540,8.3107,12.7940,3.3176,-0.0700,-78.4700,-19.6000,-0.0024,-2.6833,-0.6702,0
66579,8.4759,7.5519,2.7407,-16.2400,-82.1100,-28.3500,-0.5553,-2.8077,-0.9694,0
66618,9.7780,5.8429,2.6402,-39.3400,-76.8600,-14.2800,-1.3452,-2.6282,-0.4883,0
66657,9.3783,4.8399,3.1237,-41.7200,-91.9100,9.0300,-1.4266,-3.1428,0.3088,0
66696,8.5812,4.7011,2.3721,-17.3600,-72.3800,16.3800,-0.5936,-2.4750,0.5601,0
66735,8.1551,4.7059,2.7982,5.8800,-53.1300,12.1100,0.2011,-1.8168,0.4141,0
66774,7.1570,6.6041,3.9998,5.4600,-34.6500,7.6300,0.1867,-1.1849,0.2609,0
66813,6.4700,5.4312,2.8197,-0.8400,-23.1000,4.0600,-0.0287,-0.7899,0.1388,0
66852,7.0229,5.1296,2.5875,-2.8700,-9.8000,-10.7800,-0.0981,-0.3351,-0.3686,0
66891,7.8511,5.2493,2.5708,-9.5900,-11.1300,-13.3000,-0.3279,-0.3806,-0.4548,0
66930,7.4083,5.5245,2.9370,-28.0000,-24.2200,-10.2200,-0.9575,-0.8282,-0.3495,0
66969,6.0009,6.1134,2.6043,-38.9900,-9.1700,-25.2700,-1.3333,-0.3136,-0.8641,0
67008,6.3288,5.6466,2.5612,-26.1800,-1.0500,-29.6100,-0.8952,-0.0359,-1.0125,0
67047,9.5123,6.8626,4.2391,-15.6100,-12.1800,-41.2300,-0.5338,-0.4165,-1.4099,0
67086,9.5530,6.8314,3.0184,-9.8700,6.3700,-29.9600,-0.3375,0.2178,-1.0245,0
67125,8.5908,7.5041,3.4780,0.7000,30.4500,-13.4400,0.0239,1.0412,-0.4596,0
67164,7.3485,7.4586,2.9585,7.2800,34.0200,-2.4500,0.2489,1.1633,-0.0838,0
67203,5.2421,7.5854,4.1625,14.9800,38.9900,-7.0000,0.5122,1.3333,-0.2394,0
67242,4.1362,7.9708,2.3506,19.2500,27.7900,-11.6900,0.6583,0.9503,-0.3997,0
67281,4.7753,6.9176,1.8240,11.4800,15.9600,-12.5300,0.3926,0.5457,-0.4285,0
67320,4.4617,6.5251,1.6588,8.6100,8.3300,-11.7600,0.2944,0.2848,-0.4021,0
67359,2.9083,7.1833,2.3984,3.4300,-0.3500,-8.8900,0.1173,-0.0120,-0.3040,0
67398,3.6982,7.4346,2.8173,-10.2900,2.1000,-11.1300,-0.3519,0.0718,-0.3806,0
67437,4.8998,6.5059,2.7383,-14.4200,0.1400,-15.2600,-0.4931,0.0048,-0.5218,0
67476,5.4288,6.1277,3.2482,-14.0000,-7.4200,-8.0500,-0.4787,-0.2537,-0.2753,0
67515,5.4814,7.6022,4.1099,-7.6300,-10.5700,-9.7300,-0.2609,-0.3614,-0.3327,0
67554,6.2259,8.5980,4.3564,-1.6800,-6.8600,-16.8000,-0.0574,-0.2346,-0.5745,0
67593,6.7572,7.7985,4.7657,-5.1800,-5.9500,-12.3900,-0.1771,-0.2035,-0.4237,0
67632,6.1181,7.5735,4.4234,0.7000,-6.9300,-1.4700,0.0239,-0.2370,-0.0503,0
67671,4.2367,7.0684,3.7796,10.0100,-7.7000,-1.6100,0.3423,-0.2633,-0.0551,0
67710,4.5144,7.4514,3.8107,8.9600,-7.1400,-5.5300,0.3064,-0.2442,-0.1891,0
67749,5.0625,7.8176,3.2554,4.9000,-11.9700,-4.1300,0.1676,-0.4093,-0.1412,0
67788,5.2349,7.1019,3.4062,1.9600,-4.8300,-5.2500,0.0670,-0.1652,-0.1795,0
67827,5.2469,7.3940,3.2697,4.9000,-1.3300,-8.1200,0.1676,-0.0455,-0.2777,0
67866,4.9094,8.1168,3.3463,4.7600,2.8700,-8.4700,0.1628,0.0981,-0.2896,0
67905,5.0721,8.3370,3.2003,-5.7400,2.8000,-5.5300,-0.1963,0.0957,-0.1891,0
67944,5.4001,7.6740,3.3248,-12.5300,3.0100,-1.7500,-0.4285,0.1029,-0.0598,0
67983,5.4407,7.7698,3.1859,-13.9300,3.4300,-1.6800,-0.4763,0.1173,-0.0574,0
68022,5.3474,8.9594,1.9006,-10.7800,24.3600,-1.3300,-0.3686,0.8330,-0.0455,0
68061,4.6556,7.9469,3.6982,-38.8500,6.2300,-8.1900,-1.3285,0.2130,-0.2801,0
68100,3.7891,7.5591,4.3540,-40.3900,-2.4500,-18.7600,-1.3811,-0.0838,-0.6415,0
68139,4.2248,7.5735,4.6078,-24.7800,-2.3800,-40.4600,-0.8473,-0.0814,-1.3835,0
68178,3.8825,7.3724,4.7155,-25.2000,-0.9800,-54.8800,-0.8617,-0.0335,-1.8766,0
68217,4.8136,7.7051,4.9309,-32.6200,-4.9000,-54.9500,-1.1154,-0.1676,-1.8790,0
68256,3.6910,6.5849,5.8620,-33.6700,-23.6600,-44.9400,-1.1513,-0.8091,-1.5367,0
68295,3.6288,5.8955,5.1391,-19.1800,-41.5800,-23.8700,-0.6559,-1.4218,-0.8162,0
68334,3.8490,5.7878,6.2019,-13.7900,-49.2100,-9.5900,-0.4715,-1.6827,-0.3279,0
68373,3.6527,7.1953,6.1828,-15.9600,-36.6800,-4.2000,-0.5457,-1.2543,-0.1436,0
68412,2.7982,7.9182,5.1942,-17.1500,-57.0500,-2.9400,-0.5864,-1.9508,-0.1005,0
68451,2.2213,8.1862,3.4181,-19.3200,-72.5200,-5.8800,-0.6606,-2.4798,-0.2011,0
68490,3.0974,8.9450,4.4282,-32.9700,-83.5800,-12.4600,-1.1274,-2.8580,-0.4261,0
68529,5.0099,7.3461,4.1195,-72.9400,-79.3100,5.7400,-2.4942,-2.7120,0.1963,0
68568,6.3240,8.2437,3.8849,-40.0400,-106.6800,13.3000,-1.3692,-3.6479,0.4548,0
68607,6.5442,8.1575,3.2338,-25.9000,-98.7000,-14.8400,-0.8856,-3.3750,-0.5075,0
68646,4.7298,6.6112,4.0524,-21.2800,-90.5100,-28.9100,-0.7277,-3.0950,-0.9886,0
68685,7.6142,2.4678,2.9202,-9.1000,-83.1600,-47.0400,-0.3112,-2.8436,-1.6085,0
68724,7.1426,3.1237,1.8048,-9.1000,-83.0900,-18.3400,-0.3112,-2.8413,-0.6271,0
68763,9.2514,6.7884,3.2913,-40.2500,-72.1700,3.3600,-1.3763,-2.4678,0.1149,0
68802,9.6009,8.2437,3.2410,-52.2200,-63.8400,-8.4000,-1.7857,-2.1830,-0.2872,0
68841,8.7871,6.5083,4.2990,-39.1300,-52.9900,-29.5400,-1.3380,-1.8120,-1.0101,0
68880,7.1043,6.3001,4.0931,-39.2000,-17.4300,-41.2300,-1.3404,-0.5960,-1.4099,0
68919,6.0655,5.3187,3.0232,-33.0400,-39.1300,-22.6800,-1.1298,-1.3380,-0.7755,0
68958,8.8038,4.4522,2.5157,-7.8400,-57.1900,-7.9800,-0.2681,-1.9556,-0.2729,0
68997,6.9176,7.6357,3.1764,-19.6700,-19.6000,-20.6500,-0.6726,-0.6702,-0.7061,0
69036,6.9128,4.1865,5.6442,-17.9900,3.6400,-52.2200,-0.6152,0.1245,-1.7857,0
69075,8.1408,4.7945,3.0758,-28.7000,-12.6700,-65.4500,-0.9814,-0.4332,-2.2381,0
69114,4.8399,7.4538,2.4918,-36.1200,-19.2500,-90.1600,-1.2351,-0.6583,-3.0830,0
69153,6.0727,7.1713,4.7801,-40.2500,-28.1400,-130.0600,-1.3763,-0.9622,-4.4474,0
69192,7.7554,7.0684,3.5617,-36.6800,-24.5000,-135.1000,-1.2543,-0.8378,-4.6197,0
69231,4.6102,8.0857,1.7976,-26.1800,-14.4200,-113.3300,-0.8952,-0.4931,-3.8753,0
69270,2.8053,10.4817,3.5641,16.9400,-3.9900,-118.3700,0.5793,-0.1364,-4.0476,0
69309,2.2476,10.9294,4.8878,30.8700,-63.3500,-123.1300,1.0556,-2.1662,-4.2104,0
69348,-0.1245,8.5644,4.0141,47.1800,-83.4400,-103.8800,1.6133,-2.8532,-3.5522,0
69387,-0.8234,7.5854,3.4421,35.7700,-71.1200,-74.6200,1.2232,-2.4319,-2.5516,0
69426,0.0335,7.3341,3.2434,19.1800,-25.0600,-47.2500,0.6559,-0.8569,-1.6157,0
69465,-0.5817,7.6214,3.8968,39.9000,-30.2400,-10.5000,1.3644,-1.0341,-0.3590,0
69504,-0.3902,7.8607,3.1357,33.6000,-20.2300,8.1900,1.1489,-0.6918,0.2801,0
69543,0.3997,9.3184,2.3051,3.6400,10.7100,11.3400,0.1245,0.3662,0.3878,0
69582,-0.2681,10.7235,1.3716,-7.9100,20.5800,11.0600,-0.2705,0.7037,0.3782,0
69621,0.0646,11.3435,1.8503,19.5300,-18.7600,4.1300,0.6678,-0.6415,0.1412,0
69660,0.5793,12.0209,2.3482,14.3500,-23.2400,-12.0400,0.4907,-0.7947,-0.4117,0
69699,0.7013,10.6445,2.3769,-3.9900,-11.7600,-17.2900,-0.1364,-0.4021,-0.5912,0
69738,1.1442,9.3855,1.6061,0.2100,-19.3200,-12.4600,0.0072,-0.6606,-0.4261,0
69777,1.1059,9.1150,1.9724,12.3200,-5.8100,-3.7800,0.4213,-0.1987,-0.1293,0
69816,0.6606,9.0216,1.8240,10.2200,8.0500,6.0200,0.3495,0.2753,0.2059,0
69855,1.0005,9.8115,1.3620,3.8500,0.0000,9.9400,0.1317,0.0000,0.3399,0
69894,1.0676,10.1155,1.4314,-3.2200,5.0400,5.2500,-0.1101,0.1723,0.1795,0
69933,1.0173,9.6224,1.7713,-7.4900,5.3200,1.6100,-0.2561,0.1819,0.0551,0
69972,1.0149,9.1078,2.0920,-7.8400,-0.9100,3.7800,-0.2681,-0.0311,0.1293,0
70011,1.4410,10.0940,1.7545,-3.2200,-11.4800,9.5200,-0.1101,-0.3926,0.3255,0
70050,0.9814,9.8881,2.1686,-14.7000,-0.4900,11.5500,-0.5027,-0.0168,0.3950,0
70089,1.0317,9.7780,2.4295,-11.4100,-11.2700,10.8500,-0.3902,-0.3854,0.3710,0
70128,1.5056,9.6583,2.3290,-16.3800,-17.2200,20.0200,-0.5601,-0.5888,0.6846,0
70167,1.7378,9.7756,2.9107,-27.3700,-14.2100,23.7300,-0.9359,-0.4859,0.8114,0
70206,1.6875,9.7828,3.0399,-35.2800,-21.8400,27.0200,-1.2064,-0.7468,0.9239,0
70245,1.7761,9.5051,3.6742,-36.1900,-28.7000,30.3800,-1.2375,-0.9814,1.0388,0
70284,1.7689,8.6674,4.0285,-37.0300,-37.8000,34.5800,-1.2662,-1.2926,1.1825,0
70323,2.9681,8.7464,4.2511,-47.5300,-37.3800,39.8300,-1.6253,-1.2782,1.3620,0
70362,2.9609,8.6530,4.1362,-35.4900,-40.0400,42.0700,-1.2136,-1.3692,1.4386,0
70401,2.7096,7.9373,4.5288,-35.9100,-28.0700,44.1000,-1.2279,-0.9598,1.5080,0
70440,2.9705,7.6836,4.0141,-41.1600,-44.1700,46.2700,-1.4075,-1.5104,1.5822,0
70479,3.6671,8.3730,4.2056,-39.3400,-50.9600,44.4500,-1.3452,-1.7426,1.5200,0
70518,4.4019,8.3610,4.1530,-34.3000,-59.0100,32.9700,-1.1729,-2.0178,1.1274,0
70557,4.1123,8.0163,4.2463,-36.6100,-55.3700,26.8100,-1.2519,-1.8934,0.9168,0
70596,3.4851,7.2096,3.2123,-32.4100,-53.1300,29.1900,-1.1083,-1.8168,0.9981,0
70635,3.8226,6.0559,2.9202,-15.4700,-55.1600,36.8900,-0.5290,-1.8862,1.2614,0
70674,4.9022,5.8931,2.5899,-11.9700,-68.6000,44.0300,-0.4093,-2.3458,1.5056,0
70713,5.9865,6.3096,1.7234,-25.4800,-70.9100,39.6200,-0.8713,-2.4248,1.3548,0
70752,7.3126,8.1743,2.5373,-35.9800,-61.0400,14.2100,-1.2303,-2.0873,0.4859,0
70791,7.5711,7.8966,2.0609,-50.3300,-48.0900,-0.7700,-1.7210,-1.6444,-0.0263,0
70830,8.0546,7.1402,2.7551,-45.2900,-45.4300,-8.9600,-1.5487,-1.5535,-0.3064,0
70869,7.4299,6.5466,4.1099,-45.9200,-43.8200,-10.9200,-1.5702,-1.4984,-0.3734,0
70908,6.1253,6.0679,2.4463,-37.4500,-46.6200,-10.2200,-1.2806,-1.5942,-0.3495,0
70947,5.7830,6.1684,3.6335,-26.3900,-56.1400,-12.8100,-0.9024,-1.9197,-0.4380,0
70986,7.3126,5.7639,3.5019,-28.1400,-54.6000,-21.9800,-0.9622,-1.8670,-0.7516,0
71025,6.6806,6.5849,3.5067,-32.9000,-49.7000,-26.6700,-1.1250,-1.6995,-0.9120,0
71064,6.1517,6.4939,5.1176,-38.2900,-56.1400,-34.8600,-1.3093,-1.9197,-1.1920,0
71103,5.7543,6.8961,5.5724,-60.0600,-56.0700,-42.2100,-2.0537,-1.9173,-1.4434,0
71142,5.4503,5.5556,3.7556,-72.6600,-44.9400,-52.1500,-2.4846,-1.5367,-1.7833,0
71181,6.8410,7.6022,4.6580,-61.8800,-50.0500,-66.5000,-2.1160,-1.7115,-2.2740,0
71220,8.4639,6.0320,2.6402,-73.4300,-45.1500,-71.9600,-2.5109,-1.5439,-2.4607,0
71259,8.1025,6.6591,1.0939,-67.0600,-37.7300,-75.5300,-2.2931,-1.2902,-2.5827,0
71298,4.8711,5.9673,1.6827,-60.6200,-31.3600,-73.7100,-2.0729,-1.0724,-2.5205,0
71337,4.9572,8.0642,4.5240,-35.5600,16.1000,-77.9100,-1.2160,0.5505,-2.6641,0
71376,5.2062,9.0480,3.8777,-66.9900,59.2900,-72.1700,-2.2907,2.0274,-2.4678,0
71415,5.3187,9.3352,4.6221,-67.4100,38.9200,-53.2700,-2.3051,1.3309,-1.8216,0
71454,4.9524,8.2964,5.2229,-50.5400,10.9200,-40.7400,-1.7282,0.3734,-1.3931,0
71493,4.6604,9.3711,6.1708,-31.9200,2.2400,-52.8500,-1.0915,0.0766,-1.8072,0
71532,3.6623,8.1671,6.0415,-31.5700,8.9600,-47.8100,-1.0795,0.3064,-1.6349,0
71571,2.9250,7.1857,6.1732,-29.9600,21.0700,-26.2500,-1.0245,0.7205,-0.8976,0
71610,2.5061,5.9697,5.7376,-17.0100,29.3300,2.3100,-0.5817,1.0029,0.0790,0
71649,1.2638,4.4641,6.7237,2.7300,40.3200,18.9700,0.0934,1.3787,0.6487,0
71688,0.6008,2.8963,6.7596,1.6800,53.5500,45.8500,0.0574,1.8311,1.5678,0
71727,0.9192,2.1471,7.2838,20.5800,44.4500,62.6500,0.7037,1.5200,2.1423,0
71766,2.5684,0.9072,5.1224,36.6100,26.6000,98.8400,1.2519,0.9096,3.3798,0
71805,4.7131,5.8979,4.9955,94.3600,-5.9500,106.6100,3.2266,-0.2035,3.6455,0
71844,5.9961,10.2544,5.4910,79.7300,43.8200,106.3300,2.7264,1.4984,3.6359,0
71883,3.5522,9.7278,4.3014,44.9400,20.3700,98.9100,1.5367,0.6965,3.3822,0
71922,6.6878,10.5679,4.0979,51.3100,-12.5300,70.8400,1.7545,-0.4285,2.4224,0
71961,6.5370,8.8828,4.3516,55.2300,-5.8800,60.5500,1.8886,-0.2011,2.0705,0
72000,7.2695,5.6346,1.6971,47.1800,17.7800,67.6200,1.6133,0.6080,2.3123,0
72039,6.6447,5.1870,1.2782,73.0100,-4.5500,65.7300,2.4966,-0.1556,2.2476,0
72078,6.7118,8.1120,2.5133,43.6800,-1.8900,56.2800,1.4936,-0.0646,1.9245,0
72117,8.2078,7.9421,2.5397,40.6700,14.2100,43.1900,1.3907,0.4859,1.4769,0
72156,8.9067,6.9152,2.5684,23.5900,24.6400,26.8800,0.8067,0.8426,0.9192,0
72195,8.7320,6.0176,3.6958,40.6000,22.4000,17.5000,1.3883,0.7660,0.5984,0
72234,7.7171,5.7112,4.2463,44.5900,31.2200,20.3000,1.5247,1.0676,0.6942,0
72273,7.7626,5.2325,4.2152,32.6900,29.4700,19.8800,1.1178,1.0077,0.6798,0
72312,8.3514,3.8801,4.3253,27.7900,35.7700,15.8200,0.9503,1.2232,0.5410,0
72351,8.7918,4.4665,4.1506,34.3700,64.8900,3.4300,1.1753,2.2189,0.1173,0
72390,7.2408,4.0548,2.4008,51.3800,108.4300,-0.9100,1.7569,3.7077,-0.0311,0
72429,5.3618,7.8296,2.8149,61.6000,90.1600,6.0900,2.1064,3.0830,0.2082,0
72468,8.2628,6.9727,1.7833,43.9600,85.1200,4.2000,1.5032,2.9107,0.1436,0
72507,8.6339,4.3899,0.1197,76.3700,120.0500,9.3100,2.6115,4.1051,0.3184,0
72546,6.0296,8.3801,1.6349,69.7900,153.6500,4.2700,2.3865,5.2540,0.1460,0
72585,3.9806,9.6583,3.7772,35.5600,157.9200,9.1700,1.2160,5.4001,0.3136,0
72624,3.1285,7.9660,3.9232,7.1400,146.5800,24.5700,0.2442,5.0123,0.8402,0
72663,5.0219,6.2713,3.7556,14.6300,143.6400,33.9500,0.5003,4.9117,1.1609,0
72702,5.4240,7.9612,4.9285,30.6600,129.2900,31.7100,1.0484,4.4211,1.0843,0
72741,3.9854,9.0073,5.9051,38.7100,101.1500,24.2900,1.3237,3.4588,0.8306,0
72780,3.9160,8.8828,5.4527,38.5000,91.5600,27.5100,1.3165,3.1309,0.9407,0
72819,3.4564,7.6046,5.6969,28.2100,96.8100,39.5500,0.9646,3.3104,1.3524,0
72858,3.6000,7.0876,5.5149,43.7500,90.2300,44.9400,1.4960,3.0854,1.5367,0
72897,3.2410,6.8530,5.4862,60.8300,87.5700,53.8300,2.0801,2.9944,1.8407,0
72936,2.7886,6.9033,6.2905,63.1400,112.0000,81.9000,2.1591,3.8298,2.8006,0
72975,3.0734,5.0147,6.2306,47.2500,127.4700,85.8200,1.6157,4.3588,2.9346,0
73014,3.2913,4.8016,6.6112,64.2600,125.7200,106.6800,2.1974,4.2990,3.6479,0
73053,3.9304,4.7394,4.3971,80.1500,123.2000,131.5300,2.7407,4.2128,4.4976,0
73092,4.8902,7.5663,3.9663,96.4600,139.7900,141.6800,3.2984,4.7801,4.8447,0
73131,5.4766,7.9804,2.9705,140.1400,112.0700,134.4700,4.7921,3.8322,4.5982,0
73170,6.0296,7.3078,1.6803,124.9500,83.1600,154.4900,4.2726,2.8436,5.2828,0
73209,8.3730,9.6344,1.3955,139.4400,18.4800,119.7000,4.7681,0.6319,4.0931,0
73248,6.7285,7.8559,0.8019,123.6200,28.7700,73.5700,4.2272,0.9838,2.5157,0
73287,6.7261,7.5591,2.3601,81.6900,16.7300,62.4400,2.7934,0.5721,2.1351,0
73326,7.1881,9.1317,2.7503,30.2400,25.9000,41.9300,1.0341,0.8856,1.4338,0
73365,8.6674,4.3062,3.6575,30.3800,34.2300,12.3200,1.0388,1.1705,0.4213,0
73404,7.9325,5.1200,2.1016,49.8400,56.5600,-16.8000,1.7043,1.9341,-0.5745,0
73443,6.7788,5.0841,1.4075,44.5200,69.7200,-30.1000,1.5224,2.3841,-1.0293,0
73482,8.3538,5.4360,-0.2154,43.4700,44.9400,-22.4000,1.4865,1.5367,-0.7660,0
73521,6.6328,6.4892,1.2950,36.9600,28.0000,-30.5900,1.2638,0.9575,-1.0460,0
73560,3.1285,7.1881,0.5410,23.9400,59.3600,-29.6800,0.8186,2.0298,-1.0149,0
73599,4.6867,7.6596,1.9819,12.2500,56.6300,-36.4700,0.4189,1.9365,-1.2471,0
73638,6.2450,7.2073,2.1447,1.4000,40.9500,-38.0100,0.0479,1.4003,-1.2997,0
73677,5.0506,4.6197,2.6857,-10.8500,13.8600,-31.9900,-0.3710,0.4739,-1.0939,0
73716,3.3870,3.8873,4.3086,31.0100,28.9100,-47.4600,1.0604,0.9886,-1.6229,0
73755,3.3367,1.9053,0.5003,47.3200,40.0400,-56.8400,1.6181,1.3692,-1.9436,0
73794,1.8048,1.2399,-0.9742,59.0100,-3.8500,-16.3100,2.0178,-0.1317,-0.5577,0
73833,0.5721,3.7341,4.7873,73.2900,29.4000,-5.2500,2.5061,1.0053,-0.1795,0
73872,2.0585,3.4109,-0.7708,56.0000,9.8000,-8.1200,1.9149,0.3351,-0.2777,0
73911,0.2609,5.6825,0.8162,79.2400,64.1900,-36.6800,2.7096,2.1950,-1.2543,0
73950,0.1149,7.1905,-1.8551,33.5300,45.2900,9.9400,1.1466,1.5487,0.3399,0
73989,4.9812,15.2618,-0.9000,69.0900,68.1800,-87.1500,2.3625,2.3314,-2.9801,0
74028,6.9703,20.8510,-0.0551,69.3000,-46.4100,-110.6700,2.3697,-1.5870,-3.7843,0
74067,12.8467,16.3557,6.4102,151.8300,-164.8500,-199.2200,5.1918,-5.6370,-6.8123,0
74106,8.3179,11.4057,4.8998,174.7200,-164.2200,-202.3700,5.9745,-5.6155,-6.9200,0
74145,-3.9399,7.1283,-0.5529,151.2700,-176.1900,-213.2900,5.1727,-6.0248,-7.2934,0
74184,-7.0780,-0.7731,-5.8118,198.3800,-35.9800,-225.1900,6.7836,-1.2303,-7.7003,0
74223,-4.0548,2.0944,-14.0028,129.1500,317.7300,-275.6600,4.4163,10.8647,-9.4262,0
74262,-13.4044,15.4270,-13.1818,273.5600,100.4500,28.0000,9.3543,3.4349,0.9575,0
74301,-12.1453,5.6777,-19.5848,131.8800,44.8700,-3.5000,4.5096,1.5343,-0.1197,1
74340,-10.5009,2.7910,-16.2935,53.5500,13.1600,-2.9400,1.8311,0.4500,-0.1005,0
74379,-8.2006,1.9843,-11.7384,-65.8000,34.5800,38.2900,-2.2500,1.1825,1.3093,0
74418,-4.6341,0.7588,-8.3059,-97.1600,29.5400,62.6500,-3.3224,1.0101,2.1423,0
74457,-2.4128,2.9849,-4.7657,-74.6200,-8.4000,58.8700,-2.5516,-0.2872,2.0131,0
74496,-2.6162,-0.0096,-4.0764,-43.4700,-28.9800,50.2600,-1.4865,-0.9910,1.7186,0
74535,-0.4859,1.5104,-3.8849,-7.4200,-37.3100,31.4300,-0.2537,-1.2758,1.0747,0
74574,-0.7157,2.2285,-4.6748,44.9400,-70.2100,7.8400,1.5367,-2.4008,0.2681,0
74613,-1.4434,4.5048,-7.9014,95.2700,-53.4100,24.7100,3.2577,-1.8263,0.8450,0
74652,-2.5397,6.8362,-11.3578,70.5600,5.7400,54.2500,2.4128,0.1963,1.8551,0
74691,-3.1381,7.4682,-11.8605,53.6900,25.7600,43.8200,1.8359,0.8809,1.4984,0
74730,-3.2099,5.9267,-9.8977,-31.9200,45.9900,32.8300,-1.0915,1.5726,1.1226,0
74769,-0.9598,6.2474,-7.9445,-50.4000,28.4900,33.3900,-1.7234,0.9742,1.1418,0
74808,-1.4793,5.2612,-8.3610,-25.5500,19.6000,10.0100,-0.8737,0.6702,0.3423,0
74847,-0.4692,5.4766,-6.2067,-21.0700,-6.0200,-11.8300,-0.7205,-0.2059,-0.4045,0
74886,0.0790,5.0458,-5.5796,25.0600,-14.3500,-10.3600,0.8569,-0.4907,-0.3543,0
74925,-1.4290,5.0506,-7.5639,48.8600,-21.4200,-25.5500,1.6708,-0.7325,-0.8737,0
74964,-1.8838,4.9165,-8.6363,50.1900,-20.3700,-27.1600,1.7162,-0.6965,-0.9287,0
75003,-2.6162,5.4168,-9.6751,38.6400,-3.9900,-20.8600,1.3213,-0.1364,-0.7133,0
75042,-2.4295,4.8040,-8.5525,16.3100,16.2400,-11.0600,0.5577,0.5553,-0.3782,0
75081,-1.9939,4.2320,-8.7057,12.4600,14.2800,-1.3300,0.4261,0.4883,-0.0455,0
75120,-1.9460,4.5814,-8.9211,7.2800,7.0700,3.0100,0.2489,0.2418,0.1029,0
75159,-2.0298,4.4234,-8.2652,4.3400,4.0600,6.8600,0.1484,0.1388,0.2346,0
75198,-1.6708,4.3301,-8.7655,5.2500,4.2700,7.9800,0.1795,0.1460,0.2729,0
75237,-1.6253,4.5168,-8.6530,3.8500,2.3800,8.1900,0.1317,0.0814,0.2801,0
75276,-1.7043,4.6221,-8.7799,4.4800,1.4000,6.7200,0.1532,0.0479,0.2298,0
75315,-1.5583,4.5192,-8.7918,7.0700,1.6100,3.7800,0.2418,0.0551,0.1293,0
75354,-1.6779,4.4139,-8.7823,2.9400,-1.4000,0.3500,0.1005,-0.0479,0.0120,0
75393,-1.6851,4.4211,-8.6171,1.4700,-3.1500,-1.1900,0.0503,-0.1077,-0.0407,0
75432,-1.7426,4.3349,-8.6769,3.9200,-4.5500,-1.1200,0.1340,-0.1556,-0.0383,0
75471,-1.7665,4.2942,-8.6913,3.3600,-3.7100,-0.9800,0.1149,-0.1269,-0.0335,0
75510,-1.8934,4.3684,-8.6722,2.5900,-2.4500,0.5600,0.0886,-0.0838,0.0191,0
75549,-1.8407,4.2726,-8.8277,6.0200,-2.1700,2.4500,0.2059,-0.0742,0.0838,0
75588,-1.7162,4.3445,-8.7607,2.9400,-0.7700,2.5200,0.1005,-0.0263,0.0862,0
75627,-1.7713,4.3349,-8.8062,0.2800,-1.1900,0.6300,0.0096,-0.0407,0.0215,0
75666,-1.7617,4.2726,-8.6698,-0.4200,-0.8400,0.7000,-0.0144,-0.0287,0.0239,0
75705,-1.7737,4.2846,-8.7200,-0.2800,-2.1000,0.5600,-0.0096,-0.0718,0.0191,0
75744,-1.8000,4.3205,-8.7272,1.4000,-1.7500,0.4900,0.0479,-0.0598,0.0168,0
75783,-1.7498,4.2248,-8.6985,1.4000,-3.0800,0.7000,0.0479,-0.1053,0.0239,0
75822,-1.8575,4.2822,-8.7272,0.8400,-2.8000,0.2800,0.0287,-0.0957,0.0096,0
75861,-1.8311,4.3109,-8.7488,-0.0700,-1.7500,0.1400,-0.0024,-0.0598,0.0048,0
75900,-1.8479,4.3205,-8.7224,0.0000,0.9100,0.1400,0.0000,0.0311,0.0048,0
75939,-1.7857,4.3301,-8.7823,0.2100,1.8900,0.3500,0.0072,0.0646,0.0120,0
75978,-1.8263,4.3564,-8.7081,-1.2600,-0.0700,-0.0700,-0.0431,-0.0024,-0.0024,0
76017,-1.8335,4.3325,-8.7894,1.0500,-1.4000,-0.3500,0.0359,-0.0479,-0.0120,0
76056,-1.8479,4.2798,-8.7057,0.8400,-0.3500,0.2100,0.0287,-0.0120,0.0072,0
76095,-1.8359,4.2774,-8.7440,-1.3300,-0.2800,1.1200,-0.0455,-0.0096,0.0383,0
76134,-1.7952,4.3038,-8.5884,-1.4000,0.9100,0.9100,-0.0479,0.0311,0.0311,0
76173,-1.8168,4.3325,-8.7511,-0.4200,0.1400,0.4200,-0.0144,0.0048,0.0144,0
76212,-1.7880,4.3540,-8.6530,0.5600,-0.2100,0.1400,0.0191,-0.0072,0.0048,0
76251,-1.7737,4.3062,-8.7272,0.7700,-0.7700,-0.2800,0.0263,-0.0263,-0.0096,0
76290,-1.8670,4.3469,-8.6889,0.0000,-1.1900,-0.9100,0.0000,-0.0407,-0.0311,0
76329,-1.8790,4.3325,-8.7918,0.6300,0.1400,-0.3500,0.0215,0.0048,-0.0120,0
76368,-1.8263,4.3301,-8.6746,-0.5600,0.7700,0.1400,-0.0191,0.0263,0.0048,0
76407,-1.8192,4.3205,-8.7033,0.1400,0.9100,0.1400,0.0048,0.0311,0.0048,0
76446,-1.8144,4.3636,-8.6985,0.0700,0.5600,0.2800,0.0024,0.0191,0.0096,0
76485,-1.7593,4.3253,-8.7200,-0.0700,0.5600,0.2100,-0.0024,0.0191,0.0072,0
76524,-1.8096,4.3684,-8.7751,0.4200,0.3500,0.1400,0.0144,0.0120,0.0048,0
76563,-1.7833,4.3014,-8.6458,-0.7700,0.0000,0.2100,-0.0263,0.0000,0.0072,0
76602,-1.7952,4.3516,-8.6482,0.7700,0.1400,0.0000,0.0263,0.0048,0.0000,0
76641,-1.7880,4.3373,-8.7224,2.1700,1.1900,0.2100,0.0742,0.0407,0.0072,0
76680,-1.7641,4.3253,-8.7679,1.0500,1.1200,0.1400,0.0359,0.0383,0.0048,0
76719,-1.7737,4.3445,-8.6937,0.2800,0.0000,0.2100,0.0096,0.0000,0.0072,0
76758,-1.8168,4.3684,-8.7248,0.2100,-0.2100,0.0000,0.0072,-0.0072,0.0000,0
76797,-1.7689,4.3109,-8.7176,0.5600,-0.1400,0.2100,0.0191,-0.0048,0.0072,0
76836,-1.7880,4.3445,-8.7368,0.2800,0.5600,-0.1400,0.0096,0.0191,-0.0048,0
76875,-1.7761,4.3301,-8.7607,0.9100,0.9800,0.2800,0.0311,0.0335,0.0096,0
76914,-1.7521,4.3421,-8.6817,-0.5600,1.0500,0.4900,-0.0191,0.0359,0.0168,0
76953,-1.7689,4.3469,-8.7200,0.2800,1.0500,0.5600,0.0096,0.0359,0.0191,0
76992,-1.7354,4.3708,-8.7176,0.5600,-0.3500,0.4900,0.0191,-0.0120,0.0168,0
77031,-1.7665,4.3445,-8.7583,0.6300,-0.9100,0.3500,0.0215,-0.0311,0.0120,0
77070,-1.7378,4.3421,-8.7727,0.9800,-0.9100,0.9800,0.0335,-0.0311,0.0335,0
77109,-1.7569,4.3325,-8.7320,-0.0700,-0.7000,1.1200,-0.0024,-0.0239,0.0383,0
77148,-1.7474,4.3205,-8.7057,-0.4900,-0.9100,1.4000,-0.0168,-0.0311,0.0479,0
77187,-1.7330,4.3421,-8.6626,0.2100,-1.1900,1.1200,0.0072,-0.0407,0.0383,0
77226,-1.7330,4.3469,-8.7296,2.0300,-2.0300,1.3300,0.0694,-0.0694,0.0455,0
77265,-1.7880,4.3469,-8.7129,2.2400,-1.6800,1.1200,0.0766,-0.0574,0.0383,0
77304,-1.7450,4.3229,-8.7440,3.5000,-1.8200,1.2600,0.1197,-0.0622,0.0431,0
77343,-1.8024,4.3253,-8.8014,2.0300,-1.1900,0.9100,0.0694,-0.0407,0.0311,0
77382,-1.7617,4.2990,-8.6865,1.4000,-1.2600,1.1200,0.0479,-0.0431,0.0383,0
77421,-1.7426,4.2966,-8.7511,1.3300,-1.4700,1.0500,0.0455,-0.0503,0.0359,0
77460,-1.7833,4.2966,-8.6865,1.2600,-1.9600,0.9800,0.0431,-0.0670,0.0335,0
77499,-1.7928,4.2966,-8.8086,1.5400,-2.1000,0.9800,0.0527,-0.0718,0.0335,0
77538,-1.7833,4.2822,-8.7081,1.0500,-1.9600,0.9100,0.0359,-0.0670,0.0311,0
77577,-1.8287,4.2990,-8.7152,1.2600,-1.6100,0.7700,0.0431,-0.0551,0.0263,0
77616,-1.8383,4.2750,-8.7871,1.8200,-2.1000,0.9800,0.0622,-0.0718,0.0335,0
77655,-1.8311,4.2918,-8.6985,0.8400,-1.1200,1.7500,0.0287,-0.0383,0.0598,0
77694,-1.7593,4.2559,-8.6937,4.7600,-1.4700,1.4000,0.1628,-0.0503,0.0479,0
77733,-1.8527,4.2272,-8.7152,3.2900,-2.3800,0.4900,0.1125,-0.0814,0.0168,0
77772,-1.8742,4.2224,-8.8182,4.5500,-2.0300,1.3300,0.1556,-0.0694,0.0455,0
77811,-1.8527,4.2008,-8.7320,2.2400,-1.4000,1.2600,0.0766,-0.0479,0.0431,0
77850,-1.8240,4.2128,-8.8373,1.4700,-0.9800,1.5400,0.0503,-0.0335,0.0527,0
77889,-1.8311,4.1793,-8.7392,0.9100,-1.6100,1.1900,0.0311,-0.0551,0.0407,0
77928,-1.8311,4.1745,-8.7775,1.1200,-2.3100,0.9800,0.0383,-0.0790,0.0335,0
77967,-1.8694,4.2224,-8.7703,0.2800,-1.8200,0.4900,0.0096,-0.0622,0.0168,0
78006,-1.8694,4.1769,-8.7918,1.4700,-1.1200,0.4900,0.0503,-0.0383,0.0168,0
78045,-1.8623,4.1625,-8.7942,0.8400,-0.8400,0.4200,0.0287,-0.0287,0.0144,0
78084,-1.8766,4.1817,-8.7727,0.3500,-0.4200,0.3500,0.0120,-0.0144,0.0120,0
78123,-1.8934,4.1817,-8.7823,0.2100,-0.4200,0.2100,0.0072,-0.0144,0.0072,0
78162,-1.8551,4.1817,-8.7559,0.7700,-0.3500,0.3500,0.0263,-0.0120,0.0120,0
78201,-1.8742,4.1745,-8.8684,0.0000,-0.4200,0.2100,0.0000,-0.0144,0.0072,0
78240,-1.8527,4.2248,-8.7248,-0.3500,1.9600,-0.2800,-0.0120,0.0670,-0.0096,0
78279,-1.8335,4.1649,-8.7320,1.0500,1.0500,-0.1400,0.0359,0.0359,-0.0048,0
78318,-1.8838,4.2104,-8.8948,0.9800,-0.9100,0.0000,0.0335,-0.0311,0.0000,0
78357,-1.8910,4.2032,-8.8541,-0.7000,-0.2100,0.4900,-0.0239,-0.0072,0.0168,0
78396,-1.8311,4.1793,-8.7607,-1.7500,0.2100,0.8400,-0.0598,0.0072,0.0287,0
78435,-1.8216,4.2128,-8.7320,-2.0300,-0.2100,0.7700,-0.0694,-0.0072,0.0263,0
78474,-1.8168,4.2008,-8.7679,-0.6300,-0.2100,0.2100,-0.0215,-0.0072,0.0072,0
78513,-1.9053,4.2870,-8.9331,-1.8900,-1.4000,0.2100,-0.0646,-0.0479,0.0072,0
78552,-1.9748,4.4211,-9.2873,-14.2100,-2.1700,2.1000,-0.4859,-0.0742,0.0718,0
78591,-2.2811,4.6341,-9.4860,-35.9100,-3.8500,4.2000,-1.2279,-0.1317,0.1436,0
78630,-2.2333,4.8016,-8.9163,-41.3000,-8.2600,3.1500,-1.4122,-0.2824,0.1077,0
78669,-1.8910,4.9405,-8.5453,-40.1100,-17.8500,-2.5200,-1.3716,-0.6104,-0.0862,0
78708,-1.7569,4.8399,-8.5549,-41.5100,-26.1100,-7.7000,-1.4194,-0.8928,-0.2633,0
78747,-2.9992,5.5724,-8.7655,-44.1700,-30.1000,-11.2000,-1.5104,-1.0293,-0.3830,0
78786,-3.0567,5.5772,-8.3370,-39.4100,-47.8800,-23.8000,-1.3476,-1.6372,-0.8138,0
78825,-2.4367,5.9003,-8.2293,-50.4700,-45.3600,-26.2500,-1.7258,-1.5511,-0.8976,0
78864,-3.0734,6.4102,-7.8440,-61.6000,-37.5900,-27.4400,-2.1064,-1.2854,-0.9383,0
78903,-3.4277,6.1708,-7.1713,-59.9900,-35.2800,-30.2400,-2.0513,-1.2064,-1.0341,0
78942,-3.3391,6.5466,-7.1163,-54.4600,-33.4600,-31.9900,-1.8623,-1.1442,-1.0939,0
78981,-3.7437,6.1756,-6.7261,-42.0000,-41.9300,-30.1700,-1.4362,-1.4338,-1.0317,0
79020,-4.5192,6.7788,-5.8692,-34.1600,-55.0200,-35.1400,-1.1681,-1.8814,-1.2016,0
79059,-4.6317,6.6352,-5.0769,-26.9500,-66.7800,-37.5200,-0.9216,-2.2835,-1.2830,0
79098,-5.5485,6.3719,-5.3665,-33.8800,-48.5100,-28.3500,-1.1585,-1.6588,-0.9694,0
79137,-5.2636,7.0756,-5.3115,-33.5300,-37.3100,-16.3100,-1.1466,-1.2758,-0.5577,0
79176,-3.9136,7.4586,-4.3804,-38.5700,-20.3700,-16.5900,-1.3189,-0.6965,-0.5673,0
79215,-4.3301,7.5184,-3.9543,-29.2600,-25.2000,-21.3500,-1.0005,-0.8617,-0.7301,0
79254,-5.5724,7.4801,-4.2870,-24.2200,-27.2300,-28.8400,-0.8282,-0.9311,-0.9862,0
79293,-5.6370,7.5759,-3.6958,-25.2700,-24.5000,-37.5900,-0.8641,-0.8378,-1.2854,0
79332,-6.1373,7.0780,-3.9615,-30.3800,-25.3400,-40.3900,-1.0388,-0.8665,-1.3811,0
79371,-6.9918,6.5921,-3.7389,-38.8500,-44.5900,-48.5100,-1.3285,-1.5247,-1.6588,0
79410,-7.2096,6.8003,-2.9705,-33.9500,-58.5900,-49.7700,-1.1609,-2.0035,-1.7019,0
79449,-7.4179,5.8596,-3.2697,-24.7100,-47.3200,-44.0300,-0.8450,-1.6181,-1.5056,0
79488,-6.8530,5.6801,-3.3439,-40.6000,-38.0100,-41.2300,-1.3883,-1.2997,-1.4099,0
79527,-6.9751,5.5891,-2.6976,-47.1800,-56.6300,-50.4700,-1.6133,-1.9365,-1.7258,0
79566,-7.3796,4.8423,-1.7689,-36.4700,-60.4800,-57.7500,-1.2471,-2.0681,-1.9748,0
79605,-8.0881,4.4594,-0.4093,-24.7100,-105.2800,-55.2300,-0.8450,-3.6000,-1.8886,0
79644,-6.8410,2.7886,0.7731,-30.6600,-68.4600,-44.6600,-1.0484,-2.3410,-1.5271,0
79683,-6.2953,2.8125,0.1580,-45.0800,-48.3000,-33.3200,-1.5415,-1.6516,-1.1394,0
79722,-7.5304,3.2984,0.7660,-29.1900,-60.0600,-33.6700,-0.9981,-2.0537,-1.1513,0
79761,-7.7458,4.0788,1.5630,-13.6500,-63.1400,-41.0200,-0.4668,-2.1591,-1.4027,0
79800,-9.3424,3.3990,2.2764,-2.3100,-70.8400,-44.3800,-0.0790,-2.4224,-1.5176,0
79839,-9.4525,2.9155,2.5397,-13.4400,-60.9700,-39.2700,-0.4596,-2.0849,-1.3428,0
79878,-9.5363,2.3841,3.5713,-24.0800,-40.1800,-29.1200,-0.8234,-1.3739,-0.9958,0
79917,-9.7900,2.4846,3.8466,-18.4800,-52.9200,-23.8000,-0.6319,-1.8096,-0.8138,0
79956,-9.1198,2.4726,4.0261,-11.9000,-62.2300,-21.7700,-0.4069,-2.1279,-0.7444,0
79995,-9.3998,2.1710,5.0530,-15.3300,-55.0900,-19.7400,-0.5242,-1.8838,-0.6750,0
80034,-8.9211,1.5630,4.9429,-19.5300,-64.8200,-3.0100,-0.6678,-2.2165,-0.1029,0
80073,-8.6195,1.9724,5.1679,-21.3500,-47.8800,12.0400,-0.7301,-1.6372,0.4117,0
80112,-8.1384,1.2423,4.9931,-29.9600,-37.1700,22.7500,-1.0245,-1.2710,0.7779,0
80151,-8.1623,2.1112,5.4407,-28.0700,-17.4300,19.6700,-0.9598,-0.5960,0.6726,0
80190,-7.1833,1.7450,4.6149,-22.8900,-11.6900,26.9500,-0.7827,-0.3997,0.9216,0
80229,-7.8655,1.5870,5.0051,-4.4100,5.6000,25.5500,-0.1508,0.1915,0.8737,0
80268,-6.9870,1.3979,4.1266,4.9700,2.8000,21.0000,0.1699,0.0957,0.7181,0
80307,-7.2144,1.7019,4.8926,26.1100,-3.7800,28.4900,0.8928,-0.1293,0.9742,0
80346,-7.3724,2.6115,3.9423,28.8400,-3.5700,17.0100,0.9862,-0.1221,0.5817,0
80385,-7.6429,2.8915,5.5245,25.8300,-26.9500,19.6000,0.8833,-0.9216,0.6702,0
80424,-7.7626,3.5498,6.5921,30.8000,-20.8600,34.4400,1.0532,-0.7133,1.1777,0
80463,-7.5783,4.6317,7.2408,28.1400,-34.8600,51.0300,0.9622,-1.1920,1.7450,0
80502,-6.1181,5.2852,8.1623,29.6100,-23.0300,54.9500,1.0125,-0.7875,1.8790,0
80541,-7.2336,4.7945,7.8990,43.8200,-7.4200,41.5800,1.4984,-0.2537,1.4218,0
80580,-7.3748,4.9309,7.6166,69.0900,-19.8800,35.7700,2.3625,-0.6798,1.2232,0
80619,-6.6759,6.5753,6.7381,66.7100,-20.0200,39.1300,2.2811,-0.6846,1.3380,0
80658,-6.9727,6.4963,6.3838,32.4100,12.0400,36.7500,1.1083,0.4117,1.2567,0
80697,-6.1062,7.8152,6.2546,24.7100,14.4900,36.8200,0.8450,0.4955,1.2591,0
80736,-5.4096,7.6716,5.4743,23.3100,8.2600,37.3100,0.7971,0.2824,1.2758,0
80775,-4.8830,8.2987,5.3426,25.4800,15.1900,27.3000,0.8713,0.5194,0.9335,0
80814,-4.3301,6.4844,3.5593,28.2800,1.4700,26.0400,0.9670,0.0503,0.8904,0
80853,-5.5532,7.0971,2.8269,30.6600,-10.7800,17.5700,1.0484,-0.3686,0.6008,0
80892,-5.3905,8.0091,2.2476,22.8200,-42.4200,6.3000,0.7803,-1.4505,0.2154,0
80931,-4.9237,9.1581,3.3535,-22.1200,-33.8800,-5.9500,-0.7564,-1.1585,-0.2035,0
80970,-4.1195,6.1445,3.4109,-44.1700,22.0500,-4.1300,-1.5104,0.7540,-0.1412,0
81009,-4.0141,4.5671,4.8328,-30.4500,42.4900,0.0000,-1.0412,1.4529,0.0000,0
81048,-4.6891,5.0219,4.7514,-38.9900,36.7500,-0.0700,-1.3333,1.2567,-0.0024,0
81087,-5.6251,4.7274,4.2320,-36.1200,24.2900,1.6100,-1.2351,0.8306,0.0551,0
81126,-6.4868,5.6370,3.9830,-14.8400,15.7500,11.1300,-0.5075,0.5386,0.3806,0
81165,-6.6663,5.5628,5.0290,-22.1900,22.8200,11.4800,-0.7588,0.7803,0.3926,0
81204,-5.3163,4.6939,4.4809,-17.7800,20.7900,29.2600,-0.6080,0.7109,1.0005,0
81243,-5.2253,5.4168,4.0476,-10.9200,13.2300,45.4300,-0.3734,0.4524,1.5535,0
81282,-5.1272,6.3431,4.8280,-0.5600,32.1300,47.1100,-0.0191,1.0987,1.6109,0
81321,-4.0979,5.8860,4.1625,-1.1200,38.2900,57.8900,-0.0383,1.3093,1.9795,0
81360,-4.8735,6.5131,5.0530,-14.9100,61.2500,53.4100,-0.5098,2.0944,1.8263,0
81399,-5.6227,7.1785,4.4976,4.2700,76.3700,52.4300,0.1460,2.6115,1.7928,0
81438,-5.4336,7.7626,3.9567,18.2000,63.6300,52.8500,0.6223,2.1758,1.8072,0
81477,-5.3235,8.7894,4.2631,28.3500,49.7000,56.0000,0.9694,1.6995,1.9149,0
81516,-6.7955,9.5626,4.0524,28.6300,26.8100,54.1800,0.9790,0.9168,1.8527,0
81555,-6.0751,9.6775,4.7179,37.3800,17.8500,35.5600,1.2782,0.6104,1.2160,0
81594,-7.7961,9.5841,3.4875,33.5300,22.0500,15.6100,1.1466,0.7540,0.5338,0
81633,-6.3599,9.4166,2.0202,64.4700,-23.3100,13.6500,2.2045,-0.7971,0.4668,0
81672,-1.4242,9.1413,2.4654,70.2800,-15.6100,20.7200,2.4032,-0.5338,0.7085,0
81711,1.8527,7.5136,1.3668,62.0200,-33.2500,19.0400,2.1208,-1.1370,0.6511,0
81750,0.1293,8.9450,0.0694,39.7600,-35.8400,17.6400,1.3596,-1.2255,0.6032,0
81789,-2.1256,9.9504,-0.5362,16.7300,-7.8400,-0.7700,0.5721,-0.2681,-0.0263,0
81828,-3.0064,6.5466,0.6415,-18.0600,-11.7600,-32.7600,-0.6176,-0.4021,-1.1202,0
81867,-3.8825,5.7950,1.4458,-35.7700,-36.6100,-24.9900,-1.2232,-1.2519,-0.8545,0
81906,-5.0362,5.6849,2.3266,-89.9500,-20.7200,-9.9400,-3.0758,-0.7085,-0.3399,0
81945,-3.4133,6.0775,1.2327,-137.4800,-15.1900,7.3500,-4.7011,-0.5194,0.2513,0
81984,-2.2237,6.4844,3.4301,-189.0000,11.6200,16.3100,-6.4628,0.3973,0.5577,0
82023,-3.2147,6.0990,3.5306,-210.1400,7.2800,19.5300,-7.1857,0.2489,0.6678,0
82062,-1.0532,3.9902,4.9524,-206.1500,6.9300,-9.4500,-7.0493,0.2370,-0.3231,0
82101,-2.6785,4.4234,7.6142,-179.1300,33.6700,-3.5000,-6.1253,1.1513,-0.1197,0
82140,-0.0598,0.6511,5.6897,-160.6500,61.9500,-9.1700,-5.4934,2.1184,-0.3136,0
82179,-3.1811,3.2386,4.1410,-116.6200,72.1700,27.6500,-3.9878,2.4678,0.9455,0
82218,-0.7660,2.1758,4.8998,-83.2300,92.2600,51.5200,-2.8460,3.1548,1.7617,0
82257,1.2926,2.9274,-0.2848,-72.3800,110.4600,45.4300,-2.4750,3.7772,1.5535,0
82296,-4.7298,6.3096,2.6426,-121.3100,133.0700,53.6200,-4.1482,4.5503,1.8335,0
82335,-7.8751,9.3137,7.7195,-183.0500,218.7500,53.6900,-6.2594,7.4801,1.8359,0
82374,-13.3254,11.0227,7.7530,-232.3300,241.6400,14.0000,-7.9445,8.2628,0.4787,0
82413,-18.4238,9.0863,8.7440,-141.6100,234.6400,-37.4500,-4.8423,8.0235,-1.2806,0
82452,-21.2699,5.1248,11.7384,-52.1500,146.1600,-91.7700,-1.7833,4.9979,-3.1381,0
82491,-20.3340,-1.3093,7.0038,-22.1200,-8.4700,-78.0500,-0.7564,-0.2896,-2.6689,0
82530,-15.6831,-1.5822,4.2248,30.3100,-56.6300,-67.9000,1.0364,-1.9365,-2.3218,0
82569,-10.1778,0.6032,3.7341,57.2600,-68.3900,-65.1000,1.9580,-2.3386,-2.2261,0
82608,-4.9357,0.1221,2.2476,31.5000,-57.0500,-47.6700,1.0771,-1.9508,-1.6301,0
82647,-3.5881,-0.7755,2.0801,22.1200,-76.3700,-15.7500,0.7564,-2.6115,-0.5386,0
82686,-2.6833,-0.9934,2.2668,33.0400,-107.5900,-8.3300,1.1298,-3.6790,-0.2848,0
82725,-5.2277,-2.6833,2.5947,30.6600,-116.6900,-33.7400,1.0484,-3.9902,-1.1537,0
82764,-5.6969,-3.4492,3.0351,5.3900,-79.5900,-50.8900,0.1843,-2.7216,-1.7402,0
82803,-7.4011,-3.0543,5.4695,-5.0400,-45.7100,-52.2900,-0.1723,-1.5630,-1.7880,0
82842,-8.6889,-2.6713,7.4179,-16.7300,-12.8800,-30.4500,-0.5721,-0.4404,-1.0412,0
82881,-9.7972,-3.9208,8.3035,-18.4800,20.8600,-11.6200,-0.6319,0.7133,-0.3973,0
82920,-9.4501,-3.4875,8.7033,-18.2700,-3.5000,0.9800,-0.6247,-0.1197,0.0335,0
82959,-8.6027,-2.0705,8.7966,6.7200,-52.8500,-1.2600,0.2298,-1.8072,-0.0431,0
82998,-7.6956,-1.0724,8.5190,17.4300,-55.5800,11.8300,0.5960,-1.9006,0.4045,0
83037,-6.1469,-0.5505,7.6261,16.8000,-46.8300,24.9900,0.5745,-1.6013,0.8545,0
83076,-5.5269,-0.1819,7.0373,27.0900,-51.8700,29.2600,0.9263,-1.7737,1.0005,0
83115,-5.5389,-0.3902,7.0158,23.9400,-42.4900,27.1600,0.8186,-1.4529,0.9287,0
83154,-5.1894,-0.1197,6.9368,28.6300,-56.4200,17.3600,0.9790,-1.9293,0.5936,0
83193,-5.2804,-0.1532,7.1211,29.2600,-56.6300,13.6500,1.0005,-1.9365,0.4668,0
83232,-5.0673,-0.3279,8.0474,16.1700,-27.0200,8.8200,0.5529,-0.9239,0.3016,0
83271,-4.2679,-0.2537,8.4352,10.5700,-25.9000,4.7600,0.3614,-0.8856,0.1628,0
83310,-4.0117,-0.4620,8.5908,9.4500,-29.6800,0.8400,0.3231,-1.0149,0.0287,0
83349,-3.5546,0.0527,9.4238,13.0900,-31.0800,1.5400,0.4476,-1.0628,0.0527,0
83388,-3.6958,0.3854,9.7038,16.6600,-39.2000,5.6700,0.5697,-1.3404,0.1939,0
83427,-3.6359,0.7971,9.7397,16.3800,-32.1300,6.2300,0.5601,-1.0987,0.2130,0
83466,-3.4444,0.9766,9.8570,19.0400,-37.9400,3.7800,0.6511,-1.2974,0.1293,0
83505,-3.1309,1.0029,9.8977,20.4400,-43.5400,4.6900,0.6989,-1.4888,0.1604,0
83544,-3.1764,0.8330,9.6488,17.2200,-35.8400,2.8700,0.5888,-1.2255,0.0981,0
83583,-2.6210,0.8067,9.3496,20.9300,-36.0500,5.0400,0.7157,-1.2327,0.1723,0
83622,-2.4726,1.1059,9.0743,15.8900,-30.2400,1.7500,0.5434,-1.0341,0.0598,0
83661,-2.1471,1.3596,8.8852,14.6300,-31.2200,4.4800,0.5003,-1.0676,0.1532,0
83700,-1.9412,1.4817,9.2586,12.1100,-25.9700,7.0000,0.4141,-0.8880,0.2394,0
83739,-1.5128,1.7378,9.5698,11.2000,-15.6800,5.8800,0.3830,-0.5362,0.2011,0
83778,-1.5080,1.8766,9.2730,4.2000,-5.9500,5.2500,0.1436,-0.2035,0.1795,0
83817,-1.6420,2.0633,9.5267,-0.5600,-4.6200,0.7000,-0.0191,-0.1580,0.0239,0
83856,-1.7617,1.6468,9.7900,-9.3100,2.9400,-4.0600,-0.3184,0.1005,-0.1388,0
83895,-2.0370,1.3907,9.6871,-14.0000,7.9100,-4.6200,-0.4787,0.2705,-0.1580,0
83934,-2.2907,1.1202,9.7373,-5.7400,8.2600,-4.0600,-0.1963,0.2824,-0.1388,0
83973,-2.3123,1.0005,9.6775,-0.4900,-0.4900,-5.4600,-0.0168,-0.0168,-0.1867,0
84012,-2.0346,1.1154,9.3041,1.5400,6.3000,-4.9700,0.0527,0.2154,-0.1699,0
84051,-2.2045,0.9311,9.2658,-3.9900,0.6300,-2.5900,-0.1364,0.0215,-0.0886,0
84090,-2.1495,1.1801,9.1533,-6.3700,2.5200,-0.9800,-0.2178,0.0862,-0.0335,0
84129,-2.5875,1.2974,9.3328,-11.4100,-2.7300,0.2800,-0.3902,-0.0934,0.0096,0
84168,-2.3984,1.0029,9.5793,-11.2700,-4.8300,0.1400,-0.3854,-0.1652,0.0048,0
84207,-2.0418,0.5864,9.3567,-6.8600,-13.6500,3.8500,-0.2346,-0.4668,0.1317,0
84246,-2.2428,0.8833,9.4214,-3.4300,-11.9000,5.3900,-0.1173,-0.4069,0.1843,0
84285,-2.1016,0.8952,9.4549,-2.1000,-12.8100,4.7600,-0.0718,-0.4380,0.1628,0
84324,-2.0394,1.0029,9.6536,-2.4500,-9.6600,5.2500,-0.0838,-0.3303,0.1795,0
84363,-2.1160,1.0963,9.7732,-1.6800,-14.8400,3.2900,-0.0574,-0.5075,0.1125,0
84402,-1.8718,0.8019,9.6871,-7.0000,-12.1800,0.5600,-0.2394,-0.4165,0.0191,0
84441,-1.7833,0.5745,9.5650,-4.8300,-18.2700,1.9600,-0.1652,-0.6247,0.0670,0
84480,-1.5080,0.6463,9.5698,0.8400,-18.2000,0.1400,0.0287,-0.6223,0.0048,0
84519,-1.5391,0.7971,9.4860,-3.6400,-17.2900,-0.9800,-0.1245,-0.5912,-0.0335,0
84558,-1.3716,0.7157,9.7589,-3.2900,-20.8600,-0.7000,-0.1125,-0.7133,-0.0239,0
84597,-1.1154,0.6798,9.8163,-3.0100,-19.4600,-1.0500,-0.1029,-0.6654,-0.0359,0
84636,-1.1801,0.4787,9.9408,-5.3200,-13.7200,-1.5400,-0.1819,-0.4692,-0.0527,0
84675,-0.9311,0.1508,9.7325,-2.5200,-14.9100,-0.3500,-0.0862,-0.5098,-0.0120,0
84714,-0.7971,0.3782,9.6416,4.3400,-17.0100,-0.5600,0.1484,-0.5817,-0.0191,0
84753,-0.5984,0.8091,9.7158,3.5700,-11.0600,-3.2200,0.1221,-0.3782,-0.1101,0
84792,-0.4596,0.9216,9.8043,-2.1000,-4.2700,-4.5500,-0.0718,-0.1460,-0.1556,0
84831,-0.6439,0.4739,9.6009,-3.5700,-2.8000,-2.8000,-0.1221,-0.0957,-0.0957,0
84870,-0.9239,0.6128,9.5674,-7.2800,-0.4900,-2.9400,-0.2489,-0.0168,-0.1005,0
84909,-1.1585,0.4165,9.7038,-7.2100,-2.2400,-3.5000,-0.2465,-0.0766,-0.1197,0
84948,-0.8952,0.3207,9.9743,0.8400,-6.5800,-1.8200,0.0287,-0.2250,-0.0622,0
84987,-0.6487,0.0598,9.7445,0.3500,-7.2800,-0.1400,0.0120,-0.2489,-0.0048,0
85026,-0.4620,0.2920,9.9169,4.3400,-10.2200,1.4700,0.1484,-0.3495,0.0503,0
85065,-0.4165,0.5314,9.7493,6.4400,-13.9300,2.8000,0.2202,-0.4763,0.0957,0
85104,-0.4524,0.6942,9.7948,5.4600,-11.7600,2.1700,0.1867,-0.4021,0.0742,0
85143,-0.2609,0.7037,9.6823,4.1300,-11.2000,1.9600,0.1412,-0.3830,0.0670,0
85182,-0.2848,0.6798,9.7038,6.0200,-10.0100,3.2900,0.2059,-0.3423,0.1125,0
85221,-0.2298,0.5864,9.8809,4.5500,-9.3100,2.2400,0.1556,-0.3184,0.0766,0
85260,-0.2178,0.5601,9.9408,0.2800,-8.8200,0.4900,0.0096,-0.3016,0.0168,0
85299,-0.1532,0.4404,9.7421,-6.0900,-10.5700,-2.0300,-0.2082,-0.3614,-0.0694,0
85338,-0.2585,0.5960,9.5482,-18.1300,-6.7200,-5.5300,-0.6200,-0.2298,-0.1891,0
85377,0.2442,0.4548,9.8139,0.2800,-5.6000,-1.5400,0.0096,-0.1915,-0.0527,0
85416,0.0718,0.3016,9.9719,3.0100,-1.6800,-0.7700,0.1029,-0.0574,-0.0263,0
85455,0.0957,0.3375,9.9025,5.6000,-4.2700,1.4000,0.1915,-0.1460,0.0479,0
85494,-0.0287,0.3447,9.7924,7.4900,-7.0000,2.4500,0.2561,-0.2394,0.0838,0
85533,-0.0263,0.7277,9.6918,5.8100,-8.8200,1.2600,0.1987,-0.3016,0.0431,0
85572,0.0072,0.7492,9.7254,5.2500,-7.8400,0.2100,0.1795,-0.2681,0.0072,0
85611,0.1293,0.3519,9.8738,0.4200,-11.9000,-3.6400,0.0144,-0.4069,-0.1245,0
85650,0.0718,0.8473,9.4549,-3.0100,-16.0300,-5.3900,-0.1029,-0.5481,-0.1843,0
85689,0.4644,1.1729,9.7469,0.5600,-14.0700,-3.8500,0.0191,-0.4811,-0.1317,0
85728,0.5194,0.7372,9.7780,-6.7200,-6.3000,-6.7900,-0.2298,-0.2154,-0.2322,0
85767,0.5840,0.4548,9.8259,-2.5200,-9.8700,-6.8600,-0.0862,-0.3375,-0.2346,0
85806,0.7731,0.2944,9.9647,2.9400,-8.1900,-4.0600,0.1005,-0.2801,-0.1388,0
85845,0.8569,0.1053,9.9001,4.2000,-5.2500,-1.9600,0.1436,-0.1795,-0.0670,0
85884,0.6918,0.2442,9.9791,0.3500,-4.8300,-4.0600,0.0120,-0.1652,-0.1388,0
85923,0.8880,0.5362,9.8929,3.9200,-12.2500,-3.4300,0.1340,-0.4189,-0.1173,0
85962,1.1872,0.7564,9.4477,6.5800,-10.2200,-2.0300,0.2250,-0.3495,-0.0694,0
86001,0.8569,0.9168,9.6679,8.3300,-4.6200,-0.7000,0.2848,-0.1580,-0.0239,0
86040,0.8785,0.7636,9.7996,7.3500,-2.3100,-2.7300,0.2513,-0.0790,-0.0934,0
86079,0.9263,0.5960,9.9240,6.3700,-3.0100,-3.4300,0.2178,-0.1029,-0.1173,0
86118,0.9096,0.4596,9.9623,6.4400,-1.6800,-3.6400,0.2202,-0.0574,-0.1245,0
86157,1.0963,0.4692,9.8187,6.7900,-3.0100,-2.2400,0.2322,-0.1029,-0.0766,0
86196,1.0556,0.7612,9.9049,6.3000,-3.0100,-1.4000,0.2154,-0.1029,-0.0479,0
86235,1.1681,1.1920,9.5171,2.8000,-0.9100,-1.8900,0.0957,-0.0311,-0.0646,0
86274,0.8354,1.2734,9.4932,2.8700,-2.1700,0.0000,0.0981,-0.0742,0.0000,0
86313,0.8019,1.2710,9.6392,5.1100,0.7000,0.9800,0.1747,0.0239,0.0335,0
86352,0.8426,1.0628,9.7684,4.7600,0.4200,1.4700,0.1628,0.0144,0.0503,0
86391,0.9838,0.8091,9.7301,6.0200,0.2800,2.5200,0.2059,0.0096,0.0862,0
86430,1.0221,0.9072,9.8426,3.9200,0.9800,1.8900,0.1340,0.0335,0.0646,0
86469,1.1322,1.1202,9.7541,2.8000,0.0700,0.3500,0.0957,0.0024,0.0120,0
86508,0.7684,1.1226,9.6775,1.2600,-1.7500,-0.0700,0.0431,-0.0598,-0.0024,0
86547,1.0436,1.2423,9.6703,3.2900,-4.4100,0.1400,0.1125,-0.1508,0.0048,0
86586,1.0029,1.1130,9.7517,1.3300,-2.5900,-0.1400,0.0455,-0.0886,-0.0048,0
86625,1.0293,0.9024,9.7900,0.4200,-2.1700,-0.4900,0.0144,-0.0742,-0.0168,0
86664,1.0628,0.9263,9.8714,0.1400,-4.2700,0.2800,0.0048,-0.1460,0.0096,0
86703,1.0149,1.1274,9.8235,0.4900,-4.4800,-0.4900,0.0168,-0.1532,-0.0168,0
