timestamp_ms,waist_x,waist_y,waist_z,waist_gx,waist_gy,waist_gz,thigh_x,thigh_y,thigh_z,event_flag
318,-3.5043,2.1902,10.3310,-59.5700,-61.0400,21.5600,-2.0370,-2.0873,0.7372,0
357,-4.6078,-0.1819,14.3044,-61.1800,-50.2600,24.6400,-2.0920,-1.7186,0.8426,0
14865,7.3700,-6.6567,0.5505,3.1500,0.7700,0.7000,0.1077,0.0263,0.0239,0
14904,7.3150,-6.5753,0.5912,-0.2100,2.3100,0.9100,-0.0072,0.0790,0.0311,0
14943,7.2168,-6.6424,0.5960,-0.5600,2.2400,0.9100,-0.0191,0.0766,0.0311,0
14982,7.2503,-6.6830,0.5601,-0.6300,0.7700,1.3300,-0.0215,0.0263,0.0455,0
15021,7.3557,-6.5969,0.5003,-0.1400,0.6300,1.4000,-0.0048,0.0215,0.0479,0
15060,7.3413,-6.6735,0.5122,0.2100,0.9100,1.0500,0.0072,0.0311,0.0359,0
15099,7.3772,-6.6998,0.6152,-1.4700,0.7000,0.9800,-0.0503,0.0239,0.0335,0
15138,7.3389,-6.6639,0.5840,0.0700,1.3300,0.0000,0.0024,0.0455,0.0000,0
15177,7.3221,-6.5729,0.5601,0.7000,1.4000,-1.2600,0.0239,0.0479,-0.0431,0
15216,7.4562,-6.5394,0.5960,0.2100,-0.0700,-1.0500,0.0072,-0.0024,-0.0359,0
15255,7.4179,-6.4868,0.5673,0.2800,0.6300,-0.2800,0.0096,0.0215,-0.0096,0
15294,7.3892,-6.5107,0.5529,-0.3500,-0.4900,0.0000,-0.0120,-0.0168,0.0000,0
15333,7.4490,-6.5275,0.5912,-0.7000,-2.7300,-0.4200,-0.0239,-0.0934,-0.0144,0
15372,7.3963,-6.5418,0.5697,-0.2800,-0.6300,-1.9600,-0.0096,-0.0215,-0.0670,0
15411,7.3772,-6.6136,0.6535,2.2400,-1.2600,-1.6100,0.0766,-0.0431,-0.0551,0
15450,7.4634,-6.6998,0.6463,3.9200,-3.0100,-1.2600,0.1340,-0.1029,-0.0431,0
15489,7.4993,-6.5993,0.6271,5.1800,-2.0300,-1.9600,0.1771,-0.0694,-0.0670,0
15528,7.5663,-6.5155,0.6056,4.4800,-2.9400,-0.5600,0.1532,-0.1005,-0.0191,0
15567,7.4825,-6.5634,0.6606,2.5900,-2.8700,0.9800,0.0886,-0.0981,0.0335,0
15606,7.5352,-6.6304,0.6367,2.8700,-2.5200,1.3300,0.0981,-0.0862,0.0455,0
15645,7.5376,-6.5251,0.5721,3.5700,-0.4200,-0.1400,0.1221,-0.0144,-0.0048,0
15684,7.3341,-6.3001,0.6583,3.5000,1.7500,-1.4000,0.1197,0.0598,-0.0479,0
15723,7.2408,-6.1684,0.5697,2.7300,1.1900,-2.3100,0.0934,0.0407,-0.0790,0
15762,7.3341,-6.2833,0.5769,-2.1000,-0.0700,-2.8000,-0.0718,-0.0024,-0.0957,0
15801,7.4945,-6.5490,0.4548,-4.1300,0.4200,-2.2400,-0.1412,0.0144,-0.0766,0
15840,7.2479,-6.6112,0.5434,-2.3800,2.3800,-2.1000,-0.0814,0.0814,-0.0718,0
15879,7.4969,-6.7453,0.6559,-1.4000,2.5900,-4.4800,-0.0479,0.0886,-0.1532,0
15918,7.5926,-6.7142,0.5912,0.7700,3.1500,-5.8100,0.0263,0.1077,-0.1987,0
15957,7.5208,-6.4628,0.5888,3.7100,4.1300,-6.1600,0.1269,0.1412,-0.2106,0
15996,7.4849,-6.2163,0.6965,3.7800,3.1500,-4.2700,0.1293,0.1077,-0.1460,0
16035,7.5878,-6.3479,0.6798,1.1200,1.6800,-1.7500,0.0383,0.0574,-0.0598,0
16074,7.4945,-6.3982,0.6822,-0.8400,0.9800,-0.8400,-0.0287,0.0335,-0.0287,0
16113,7.4753,-6.5059,0.7660,-0.6300,0.0000,-0.1400,-0.0215,0.0000,-0.0048,0
16152,7.5567,-6.5681,0.6271,0.7000,-1.5400,0.7000,0.0239,-0.0527,0.0239,0
16191,7.5448,-6.5705,0.6295,2.4500,-0.7700,0.4200,0.0838,-0.0263,0.0144,0
16230,7.4825,-6.3168,0.6200,2.5200,-1.4000,0.2100,0.0862,-0.0479,0.0072,0
16269,7.4729,-6.2809,0.6200,0.8400,-1.3300,0.7700,0.0287,-0.0455,0.0263,0
16308,7.5256,-6.4221,0.6128,1.1200,-2.3100,1.4700,0.0383,-0.0790,0.0503,0
16347,7.5735,-6.4676,0.7133,0.7700,-1.4700,1.4000,0.0263,-0.0503,0.0479,0
16386,7.5735,-6.3958,0.7372,1.8200,-1.5400,0.7700,0.0622,-0.0527,0.0263,0
16425,7.6118,-6.4437,0.6104,2.7300,-3.7800,1.5400,0.0934,-0.1293,0.0527,0
16464,7.6501,-6.2929,0.7013,1.0500,-2.5900,2.4500,0.0359,-0.0886,0.0838,0
16503,7.4682,-6.1493,0.5625,1.2600,-3.7800,3.7100,0.0431,-0.1293,0.1269,0
16542,7.3868,-6.3647,0.5745,-0.6300,-5.8800,4.2700,-0.0215,-0.2011,0.1460,0
16581,7.4418,-6.3743,0.5769,-1.8200,-6.2300,4.5500,-0.0622,-0.2130,0.1556,0
16620,7.4873,-6.4628,0.3902,-0.2100,-6.0200,4.2700,-0.0072,-0.2059,0.1460,0
16659,7.4418,-6.5681,0.4476,-0.2100,-4.4100,2.3100,-0.0072,-0.1508,0.0790,0
16698,7.5256,-6.6328,0.5266,1.7500,-2.6600,1.4700,0.0598,-0.0910,0.0503,0
16737,7.5232,-6.5825,0.5410,3.5000,-1.5400,0.0000,0.1197,-0.0527,0.0000,0
16776,7.5591,-6.5514,0.5242,3.7800,-0.7700,-1.4700,0.1293,-0.0263,-0.0503,0
16815,7.7434,-6.5921,0.4931,4.1300,-1.1900,-0.7700,0.1412,-0.0407,-0.0263,0
16854,7.5256,-6.4485,0.6463,2.9400,3.0100,-1.9600,0.1005,0.1029,-0.0670,0
16893,7.3628,-6.2761,0.6606,3.2200,2.7300,-2.4500,0.1101,0.0934,-0.0838,0
16932,7.4849,-6.2833,0.6583,1.8200,0.3500,-0.4200,0.0622,0.0120,-0.0144,0
16971,7.5208,-6.3934,0.5936,0.2800,-0.4200,0.6300,0.0096,-0.0144,0.0215,0
17010,7.3509,-6.3743,0.6128,-0.7000,0.7000,1.2600,-0.0239,0.0239,0.0431,0
17049,7.3628,-6.4485,0.6128,-0.9800,-1.5400,2.6600,-0.0335,-0.0527,0.0910,0
17088,7.4921,-6.7189,0.5003,17.6400,-4.9000,3.8500,0.6032,-0.1676,0.1317,0
17127,7.4921,-6.6974,0.6343,-0.2100,-1.0500,1.4700,-0.0072,-0.0359,0.0503,0
17166,7.3245,-6.4341,0.5888,0.9800,-0.9800,-0.1400,0.0335,-0.0335,-0.0048,0
17205,7.4418,-6.4892,0.5434,0.9100,-3.7800,0.7000,0.0311,-0.1293,0.0239,0
17244,7.5854,-6.5562,0.6798,0.4200,-1.8900,1.1200,0.0144,-0.0646,0.0383,0
17283,7.4610,-6.4341,0.6487,0.4200,0.1400,-0.0700,0.0144,0.0048,-0.0024,0
17322,7.4562,-6.4173,0.5314,-0.1400,-0.7000,-0.0700,-0.0048,-0.0239,-0.0024,0
17361,7.4251,-6.4676,0.5601,-0.6300,0.9100,0.0700,-0.0215,0.0311,0.0024,0
17400,7.3724,-6.5035,0.6319,-0.9100,1.7500,-0.3500,-0.0311,0.0598,-0.0120,0
17439,7.3868,-6.5729,0.6128,-0.4200,0.4900,-0.1400,-0.0144,0.0168,-0.0048,0
17478,7.4897,-6.5801,0.4907,0.9100,-0.2100,0.5600,0.0311,-0.0072,0.0191,0
17517,7.5280,-6.5993,0.5625,0.9100,0.7000,0.8400,0.0311,0.0239,0.0287,0
17556,7.4299,-6.4556,0.5625,0.2800,0.2800,0.3500,0.0096,0.0096,0.0120,0
17595,7.4035,-6.4604,0.5457,-0.4200,-0.2100,0.7700,-0.0144,-0.0072,0.0263,0
17634,7.4706,-6.5705,0.5817,-0.6300,-0.7000,1.2600,-0.0215,-0.0239,0.0431,0
17673,7.4131,-6.5346,0.6104,0.2100,0.2100,0.4200,0.0072,0.0072,0.0144,0
17712,7.4251,-6.4509,0.5505,0.1400,0.0700,0.0700,0.0048,0.0024,0.0024,0
17751,7.4466,-6.4892,0.5553,0.3500,-0.3500,0.5600,0.0120,-0.0120,0.0191,0
17790,7.4753,-6.5179,0.5960,0.2100,-0.1400,0.7700,0.0072,-0.0048,0.0263,0
17829,7.3987,-6.4892,0.5912,-0.4200,0.1400,0.5600,-0.0144,0.0048,0.0191,0
17868,7.3916,-6.5442,0.5170,-0.7700,-0.5600,1.0500,-0.0263,-0.0191,0.0359,0
17907,7.5088,-6.6088,0.5386,-0.2100,-0.7000,1.0500,-0.0072,-0.0239,0.0359,0
17946,7.4107,-6.5873,0.5577,0.6300,0.6300,0.4900,0.0215,0.0215,0.0168,0
17985,7.4370,-6.5131,0.5314,0.3500,-0.7000,0.7000,0.0120,-0.0239,0.0239,0
18024,7.4179,-6.5059,0.5218,1.9600,-0.8400,1.1900,0.0670,-0.0287,0.0407,0
18063,7.4825,-6.4341,0.5745,-2.5900,0.2800,0.1400,-0.0886,0.0096,0.0048,0
18102,7.6142,-6.4221,0.4476,-1.2600,0.4900,-1.2600,-0.0431,0.0168,-0.0431,0
18141,7.6333,-6.2115,0.5601,-8.4000,4.2000,0.2100,-0.2872,0.1436,0.0072,0
18180,7.1474,-5.6346,0.4811,-9.7300,6.4400,-0.4200,-0.3327,0.2202,-0.0144,0
18219,7.8009,-5.5245,0.3973,-18.7600,-2.3100,-1.1900,-0.6415,-0.0790,-0.0407,0
18258,7.9660,-5.6035,0.1221,-30.0300,3.0100,2.1700,-1.0269,0.1029,0.0742,0
18297,8.2628,-6.0703,0.0072,-31.2900,5.9500,3.5000,-1.0700,0.2035,0.1197,0
18336,8.3179,-6.5562,-1.0676,-21.4900,11.2000,7.4200,-0.7348,0.3830,0.2537,0
18375,8.0283,-6.0751,-0.2346,-17.3600,18.9000,9.0300,-0.5936,0.6463,0.3088,0
18414,7.9349,-5.6298,0.1269,-25.4800,17.0100,15.2600,-0.8713,0.5817,0.5218,0
18453,8.1432,-6.3336,0.2848,-27.1600,11.9700,16.5900,-0.9287,0.4093,0.5673,0
18492,8.6841,-6.4533,-0.0862,-32.2000,18.2000,21.3500,-1.1011,0.6223,0.7301,0
18531,8.6841,-5.7687,-0.1412,-36.9600,35.6300,21.7700,-1.2638,1.2184,0.7444,0
18570,8.1240,-5.5365,0.1364,-36.8200,43.4000,30.8000,-1.2591,1.4841,1.0532,0
18609,6.9033,-7.1929,-0.3878,-38.7100,44.1700,43.8200,-1.3237,1.5104,1.4984,0
18648,5.7591,-9.7110,0.3136,-42.4200,61.8800,61.2500,-1.4505,2.1160,2.0944,0
18687,6.4030,-9.2969,0.8114,-50.1900,47.1800,76.0200,-1.7162,1.6133,2.5995,0
18726,4.8328,-8.6434,-1.0029,20.1600,63.3500,80.3600,0.6894,2.1662,2.7479,0
18765,2.1543,-8.8660,-0.4428,40.6000,68.6700,55.6500,1.3883,2.3482,1.9029,0
18804,1.6732,-8.9881,0.9335,14.2100,68.8100,34.4400,0.4859,2.3529,1.1777,0
18843,1.8072,-8.4495,1.7976,1.1900,48.5100,19.6000,0.0407,1.6588,0.6702,0
18882,3.3583,-9.1533,1.1370,-19.4600,30.0300,-14.9800,-0.6654,1.0269,-0.5122,0
18921,4.1099,-9.9121,0.6247,-31.3600,15.8200,-38.9200,-1.0724,0.5410,-1.3309,0
18960,3.7245,-9.5985,1.1896,-26.8800,17.9200,-47.8800,-0.9192,0.6128,-1.6372,0
18999,2.8700,-8.0522,1.5654,-28.8400,19.8800,-59.3600,-0.9862,0.6798,-2.0298,0
19038,2.9657,-6.6806,1.2160,-56.2800,10.7800,-67.5500,-1.9245,0.3686,-2.3099,0
19077,7.1187,-9.3687,-0.3854,-54.3900,2.8700,-65.4500,-1.8599,0.0981,-2.2381,0
19116,6.9894,-9.2275,0.4117,-6.3700,5.8800,-50.8900,-0.2178,0.2011,-1.7402,0
19155,5.8309,-7.2479,1.6755,-19.9500,11.8300,-42.9800,-0.6822,0.4045,-1.4697,0
19194,5.5891,-9.6105,-0.7372,-34.0900,4.8300,-32.5500,-1.1657,0.1652,-1.1130,0
19233,4.9477,-8.0809,0.6104,-39.4800,-4.8300,-39.2000,-1.3500,-0.1652,-1.3404,0
19272,6.9344,-7.3198,0.5146,-42.2800,0.2100,-38.9900,-1.4458,0.0072,-1.3333,0
19311,7.8200,-7.1690,-0.4811,-44.6600,5.3200,-36.8200,-1.5271,0.1819,-1.2591,0
19350,7.2120,-5.1966,0.4931,-51.2400,16.6600,-34.9300,-1.7521,0.5697,-1.1944,0
19389,7.4107,-4.9141,0.1676,-51.3100,19.4600,-26.8800,-1.7545,0.6654,-0.9192,0
19428,7.7793,-4.5096,-0.6152,-50.6100,17.3600,-21.8400,-1.7306,0.5936,-0.7468,0
19467,7.8942,-3.8370,-0.6798,-54.3200,15.4700,-18.5500,-1.8575,0.5290,-0.6343,0
19506,9.0288,-3.8418,-1.6349,-63.1400,15.4700,-18.8300,-2.1591,0.5290,-0.6439,0
19545,10.3333,-4.5742,-1.7138,-68.0400,23.3100,-11.1300,-2.3266,0.7971,-0.3806,0
19584,10.8887,-5.8142,-1.4314,-68.6700,36.8200,-4.7600,-2.3482,1.2591,-0.1628,0
19623,9.7996,-6.0822,-1.0628,-65.5200,44.5900,-6.0200,-2.2404,1.5247,-0.2059,0
19662,9.6224,-6.1421,-1.0293,-51.3800,40.1800,-5.3200,-1.7569,1.3739,-0.1819,0
19701,9.4166,-5.5580,-1.3524,-44.9400,40.4600,-3.9200,-1.5367,1.3835,-0.1340,0
19740,9.2418,-4.7705,-0.7923,-43.4000,41.3000,12.7400,-1.4841,1.4122,0.4356,0
19779,8.0283,-5.2612,-0.7803,-46.3400,35.0700,13.5100,-1.5846,1.1992,0.4620,0
19818,7.6956,-6.5011,-0.9981,-34.3000,35.7000,9.7300,-1.1729,1.2208,0.3327,0
19857,6.7812,-6.7381,-1.3931,-23.9400,29.2600,7.9800,-0.8186,1.0005,0.2729,0
19896,6.4365,-6.9583,-2.2692,-16.5900,24.7100,2.1000,-0.5673,0.8450,0.0718,0
19935,5.5604,-7.1402,-2.9873,-10.0800,23.5200,1.5400,-0.3447,0.8043,0.0527,0
19974,6.2259,-8.0522,-2.8676,19.3200,8.9600,10.7100,0.6606,0.3064,0.3662,0
20013,7.3413,-6.5945,-1.6612,48.2300,29.0500,23.1700,1.6492,0.9934,0.7923,0
20052,7.4370,-7.1187,0.0024,69.0200,46.6900,44.0300,2.3601,1.5966,1.5056,0
20091,7.4370,-5.7926,0.6367,95.5500,20.4400,34.4400,3.2673,0.6989,1.1777,0
20130,8.7152,-6.0272,1.0508,88.5500,12.4600,19.2500,3.0280,0.4261,0.6583,0
20169,8.2389,-5.1631,1.1178,70.7000,-7.2800,23.8000,2.4176,-0.2489,0.8138,0
20208,7.1785,-2.2237,1.1585,44.1700,-70.2100,43.8900,1.5104,-2.4008,1.5008,0
20247,9.5865,-5.5485,1.9436,14.5600,-81.0600,102.3400,0.4979,-2.7718,3.4995,0
20286,6.6543,-7.0158,2.5612,-11.2700,-56.1400,107.3800,-0.3854,-1.9197,3.6718,0
20325,5.3258,-7.9948,2.1902,1.6800,-59.6400,81.0600,0.0574,-2.0394,2.7718,0
20364,5.5054,-8.7942,-0.1508,42.7700,-82.8800,57.5400,1.4625,-2.8341,1.9676,0
20403,7.0876,-10.5607,0.0144,45.5700,-99.1900,62.0900,1.5583,-3.3918,2.1232,0
20442,6.1660,-10.0126,-0.0072,66.4300,-92.0500,60.2000,2.2716,-3.1476,2.0585,0
20481,6.1684,-9.1030,0.2896,65.9400,-91.6300,50.4700,2.2548,-3.1333,1.7258,0
20520,7.1522,-8.3131,0.1771,64.4000,-80.2200,31.2900,2.2021,-2.7431,1.0700,0
20559,6.0822,-6.7932,0.4476,52.5700,-64.2600,23.1700,1.7976,-2.1974,0.7923,0
20598,4.8423,-6.8075,0.4045,35.7700,-57.2600,22.0500,1.2232,-1.9580,0.7540,0
20637,4.1578,-7.8320,0.3926,44.8000,-62.6500,15.8200,1.5319,-2.1423,0.5410,0
20676,3.2458,-9.1964,-0.3279,46.3400,-61.0400,1.6100,1.5846,-2.0873,0.0551,0
20715,1.8718,-8.8277,-0.6894,43.0500,-56.3500,-13.1600,1.4721,-1.9269,-0.4500,0
20754,0.9598,-8.0067,-1.5271,31.1500,-78.6800,-30.8700,1.0652,-2.6905,-1.0556,0
20793,1.7186,-7.3293,-2.0729,20.0200,-87.5700,-59.1500,0.6846,-2.9944,-2.0226,0
20832,4.1793,-7.1354,-1.1035,25.6200,-81.8300,-86.0300,0.8761,-2.7982,-2.9418,0
20871,10.6325,-8.9690,-0.8306,55.5800,-70.7700,-83.8600,1.9006,-2.4200,-2.8676,0
20910,9.9887,-6.4844,0.4500,37.5900,-41.3000,-69.3700,1.2854,-1.4122,-2.3721,0
20949,9.0001,-6.2283,0.0335,-3.2200,-27.3000,-58.5900,-0.1101,-0.9335,-2.0035,0
20988,8.4352,-8.1839,0.2896,0.4200,-32.7600,-39.1300,0.0144,-1.1202,-1.3380,0
21027,8.1862,-7.9014,-0.7516,20.3700,-45.2900,-31.0100,0.6965,-1.5487,-1.0604,0
21066,7.5112,-6.9057,-0.7995,8.1900,-50.4700,-36.5400,0.2801,-1.7258,-1.2495,0
21105,8.1264,-5.9434,0.1364,25.1300,-51.4500,-44.1700,0.8593,-1.7593,-1.5104,0
21144,8.4304,-3.8083,0.0862,34.5800,-19.0400,-45.2200,1.1825,-0.6511,-1.5463,0
21183,6.7118,-3.1333,-0.5505,24.0100,-13.9300,-45.5000,0.8210,-0.4763,-1.5559,0
21222,6.4987,-2.5085,-1.0724,12.3200,-12.0400,-37.6600,0.4213,-0.4117,-1.2878,0
21261,7.9876,-3.3607,-0.5673,-3.8500,-0.6300,-15.8900,-0.1317,-0.0215,-0.5434,0
21300,9.6847,-4.7705,-0.4572,-17.8500,-12.7400,-9.2400,-0.6104,-0.4356,-0.3160,0
21339,9.1629,-6.6615,-0.6678,-19.1100,-23.4500,-17.5000,-0.6535,-0.8019,-0.5984,0
21378,9.1724,-7.2767,-0.4165,8.1200,-17.2900,-4.4800,0.2777,-0.5912,-0.1532,0
21417,9.9671,-6.3360,-0.5266,18.9000,-14.9800,4.4800,0.6463,-0.5122,0.1532,0
21456,9.6200,-5.9889,-0.8162,32.9700,-4.6900,-0.3500,1.1274,-0.1604,-0.0120,0
21495,9.2706,-6.0703,-1.3357,26.5300,-3.0100,-5.9500,0.9072,-0.1029,-0.2035,0
21534,9.2993,-5.9650,-1.6492,22.4000,4.6200,-6.1600,0.7660,0.1580,-0.2106,0
21573,8.7464,-5.4336,-1.3237,20.7900,22.1200,-6.9300,0.7109,0.7564,-0.2370,0
21612,7.7171,-5.4814,-0.7037,20.2300,25.9000,-4.6200,0.6918,0.8856,-0.1580,0
21651,6.5227,-6.1469,-0.1867,16.1700,21.0700,-2.3100,0.5529,0.7205,-0.0790,0
21690,6.7908,-6.2187,-1.7928,53.3400,13.8600,3.3600,1.8240,0.4739,0.1149,0
21729,8.2916,-6.6447,-0.6056,50.4700,3.6400,8.2600,1.7258,0.1245,0.2824,0
21768,8.2964,-5.7256,-0.1484,40.2500,25.8300,12.2500,1.3763,0.8833,0.4189,0
21807,6.8530,-4.9836,-0.4021,60.9700,42.3500,27.6500,2.0849,1.4482,0.9455,0
21846,7.9253,-6.1852,1.6372,66.5000,22.8900,43.8900,2.2740,0.7827,1.5008,0
21885,10.1442,-5.2564,1.4817,70.6300,4.1300,51.1700,2.4152,0.1412,1.7498,0
21924,8.8708,-3.7030,0.4668,50.6800,2.5200,41.8600,1.7330,0.0862,1.4314,0
21963,6.9080,-1.3931,2.1279,-40.3200,-25.4800,100.5200,-1.3787,-0.8713,3.4373,0
22002,5.0290,-4.6102,3.7508,-66.2900,-37.2400,122.4300,-2.2668,-1.2734,4.1865,0
22041,4.6939,-6.8243,-0.1795,-44.5900,-85.5400,114.8000,-1.5247,-2.9250,3.9256,0
22080,3.9758,-8.9785,0.7588,-56.4900,-78.2600,76.2300,-1.9317,-2.6761,2.6067,0
22119,5.3282,-11.0754,-1.3739,-38.2200,-102.4800,91.8400,-1.3069,-3.5043,3.1405,0
22158,1.8431,-12.3943,-0.4524,28.2100,-101.0100,85.8900,0.9646,-3.4540,2.9370,0
22197,3.8394,-13.3733,-2.5157,67.8300,-120.2600,58.8700,2.3194,-4.1123,2.0131,0
22236,8.0139,-13.5312,-3.3463,100.0300,-83.4400,17.8500,3.4205,-2.8532,0.6104,0
22275,6.0751,-8.2126,0.2872,85.9600,-50.1200,-3.8500,2.9394,-1.7138,-0.1317,0
22314,4.8974,-7.9062,-0.4165,69.6500,-44.7300,-30.1000,2.3817,-1.5295,-1.0293,0
22353,3.8945,-8.8636,-0.1532,47.1100,-43.1200,-63.6300,1.6109,-1.4745,-2.1758,0
22392,5.6466,-10.3357,-3.6671,89.7400,-45.4300,-76.3000,3.0686,-1.5535,-2.6091,0
22431,4.5216,-3.8921,-0.7037,131.7400,-55.1600,-37.3100,4.5048,-1.8862,-1.2758,0
22470,7.4155,0.8617,-1.4673,155.0500,-70.0700,6.6500,5.3019,-2.3960,0.2274,0
22509,5.8716,4.3062,-1.2830,41.8600,0.5600,48.8600,1.4314,0.0191,1.6708,0
22548,3.8370,-0.0862,-0.9000,-47.2500,16.1700,84.4200,-1.6157,0.5529,2.8867,0
22587,4.0309,-3.1405,0.5553,-63.4900,54.3200,94.9900,-2.1710,1.8575,3.2482,0
22626,4.5551,-7.4490,0.1125,-2.5900,32.8300,69.0200,-0.0886,1.1226,2.3601,0
22665,2.9346,-6.9320,0.9910,24.2900,29.9600,37.5200,0.8306,1.0245,1.2830,0
22704,2.5660,-7.7171,-1.2136,22.8900,22.5400,26.2500,0.7827,0.7708,0.8976,0
22743,2.6043,-5.1631,-0.1077,68.8800,-24.1500,58.8700,2.3553,-0.8258,2.0131,1
22782,4.2391,-6.7333,-1.3069,62.9300,-36.4700,90.0900,2.1519,-1.2471,3.0806,0
22821,3.7149,-8.9546,3.8657,36.2600,-24.4300,111.5100,1.2399,-0.8354,3.8131,0
22860,5.7998,-10.6541,0.8282,114.8000,-13.9300,85.5400,3.9256,-0.4763,2.9250,0
22899,6.6974,-9.7397,3.2075,145.2500,22.7500,80.8500,4.9668,0.7779,2.7647,0
22938,7.0636,-12.3081,1.7641,179.8300,64.8200,67.9700,6.1493,2.2165,2.3242,0
22977,-0.0383,-15.8267,8.3562,199.1500,145.7400,79.9400,6.8099,4.9836,2.7335,0
23016,-1.4865,-13.8640,11.0179,241.0800,147.7000,116.3400,8.2437,5.0506,3.9782,0
23055,-9.1796,-9.7948,16.4132,261.6600,184.9400,96.4600,8.9474,6.3240,3.2984,0
23094,-18.0002,-1.7665,18.3832,247.0300,104.1600,66.9200,8.4472,3.5617,2.2883,0
23133,-14.4743,3.8083,16.2480,202.3000,-19.3900,87.0100,6.9176,-0.6630,2.9753,0
23172,-14.3547,10.7211,15.6903,142.8000,-84.4900,68.4600,4.8830,-2.8891,2.3410,0
23211,-5.5891,14.6108,11.5948,53.6200,-111.3000,32.8300,1.8335,-3.8059,1.1226,0
23250,-0.3926,8.0331,7.4346,-18.1300,-91.9800,39.5500,-0.6200,-3.1452,1.3524,0
23289,1.6947,0.9981,2.8819,-58.1700,-21.2800,18.4100,-1.9891,-0.7277,0.6295,0
23328,-0.6774,-1.2303,1.1633,-52.8500,-1.6100,-4.4100,-1.8072,-0.0551,-0.1508,0
23367,-1.3404,0.2130,-0.3231,-17.3600,-11.2700,-14.7700,-0.5936,-0.3854,-0.5051,0
23406,-2.4104,1.5822,1.3644,-6.7200,-2.3100,-14.2100,-0.2298,-0.0790,-0.4859,0
23445,-2.9633,2.5061,3.0423,4.7600,-13.0900,-12.4600,0.1628,-0.4476,-0.4261,0
23484,-3.1692,4.9979,7.0349,-9.5200,-22.8900,-10.8500,-0.3255,-0.7827,-0.3710,0
23523,-5.4958,4.6796,11.5589,-70.8400,-30.6600,4.2000,-2.4224,-1.0484,0.1436,0
23562,-5.2971,2.7742,13.3015,-62.0900,-69.0900,7.7700,-2.1232,-2.3625,0.2657,0
23601,-5.6322,-0.9359,13.9932,-57.1900,-60.9700,14.9800,-1.9556,-2.0849,0.5122,0
23640,-3.3080,-4.4617,15.6592,-37.5900,-106.6100,10.9200,-1.2854,-3.6455,0.3734,0
23679,7.9062,-7.6788,15.4988,-5.1100,-80.2900,33.0400,-0.1747,-2.7455,1.1298,0
23718,6.7955,-6.8602,10.7570,41.7200,4.9000,40.5300,1.4266,0.1676,1.3859,0
23757,-0.9455,-0.0551,7.1546,24.7800,33.3900,-12.0400,0.8473,1.1418,-0.4117,0
23796,-1.5607,0.5362,6.1181,-23.6600,17.5000,-23.6600,-0.8091,0.5984,-0.8091,0
23835,-1.2638,-0.9934,6.4485,-30.5900,-5.0400,-23.6600,-1.0460,-0.1723,-0.8091,0
23874,-0.4739,-2.4295,7.3006,-34.5100,-4.8300,-13.9300,-1.1801,-0.1652,-0.4763,0
23913,0.8617,-4.9931,8.4519,-31.0800,-14.7000,3.4300,-1.0628,-0.5027,0.1173,0
23952,2.1926,-6.6974,10.5248,12.0400,-24.7800,11.5500,0.4117,-0.8473,0.3950,0
23991,1.3285,-3.4899,10.8336,42.0700,-18.0600,8.4000,1.4386,-0.6176,0.2872,0
24030,-0.0742,-0.4859,11.6355,34.5800,1.1200,4.9000,1.1825,0.0383,0.1676,0
24069,-0.9192,0.4309,11.3315,21.7700,6.6500,3.5700,0.7444,0.2274,0.1221,0
24108,-0.6247,0.0144,10.1419,11.7600,-2.5900,1.7500,0.4021,-0.0886,0.0598,0
24147,-0.1532,-0.5362,9.2945,3.8500,-7.9100,0.1400,0.1317,-0.2705,0.0048,0
24186,0.3447,-1.0795,8.7248,-6.6500,-3.9900,-2.2400,-0.2274,-0.1364,-0.0766,0
24225,0.9216,-1.9652,8.8014,-3.7800,1.4000,-1.0500,-0.1293,0.0479,-0.0359,0
24264,0.5170,-1.8287,9.4860,-3.4300,10.2200,0.2800,-0.1173,0.3495,0.0096,0
24303,-0.3136,-1.9388,9.8666,-1.8900,10.9200,2.4500,-0.0646,0.3734,0.0838,0
24342,-0.4787,-2.1423,10.0700,-0.0700,5.1800,1.8900,-0.0024,0.1771,0.0646,0
24381,-0.1747,-1.8958,10.1395,1.6800,0.3500,0.0700,0.0574,0.0120,0.0024,0
24420,-0.1604,-1.6325,9.8857,3.5000,-0.9800,-0.7700,0.1197,-0.0335,-0.0263,0
24459,-0.3088,-1.4960,9.6751,2.6600,-0.9100,-0.4900,0.0910,-0.0311,-0.0168,0
24498,-0.2657,-1.4266,9.4525,3.0100,-0.9800,0.6300,0.1029,-0.0335,0.0215,0
24537,-0.2346,-1.3524,9.4262,2.3800,-1.6800,0.5600,0.0814,-0.0574,0.0191,0
24576,-0.1580,-1.5128,9.5817,0.2100,-2.7300,0.7000,0.0072,-0.0934,0.0239,0
24615,0.0527,-1.6181,9.7014,1.8900,-4.0600,0.9100,0.0646,-0.1388,0.0311,0
24654,0.1508,-1.5846,9.8379,2.3100,-2.3100,0.6300,0.0790,-0.0790,0.0215,0
24693,0.1532,-1.5367,9.8067,1.3300,-1.1200,0.2800,0.0455,-0.0383,0.0096,0
24732,0.0670,-1.5367,9.7038,1.2600,-0.9800,0.0700,0.0431,-0.0335,0.0024,0
24771,-0.0239,-1.5008,9.6440,0.4200,-0.2800,-0.2800,0.0144,-0.0096,-0.0096,0
24810,-0.0096,-1.5247,9.5817,1.4700,-1.7500,-0.1400,0.0503,-0.0598,-0.0048,0
24849,0.0503,-1.4577,9.6368,1.5400,-1.6100,0.0700,0.0527,-0.0551,0.0024,0
24888,-0.0383,-1.5966,9.7014,0.4900,-0.2100,0.2800,0.0168,-0.0072,0.0096,0
24927,-0.0431,-1.6612,9.7445,0.9100,-0.4900,-0.2100,0.0311,-0.0168,-0.0072,0
24966,-0.0120,-1.4817,9.7110,2.1000,-2.3800,0.1400,0.0718,-0.0814,0.0048,0
25005,0.1317,-1.3692,9.7517,2.1000,-1.6100,1.1200,0.0718,-0.0551,0.0383,0
25044,0.2250,-1.4266,9.6512,1.0500,0.5600,1.4700,0.0359,0.0191,0.0503,0
25083,0.0479,-1.5224,9.6559,0.2800,1.2600,0.2100,0.0096,0.0431,0.0072,0
25122,-0.0048,-1.4865,9.6536,0.8400,-0.5600,-0.0700,0.0287,-0.0191,-0.0024,0
25161,0.1364,-1.4649,9.7110,0.6300,-0.8400,0.1400,0.0215,-0.0287,0.0048,0
25200,0.1173,-1.4458,9.6512,0.7700,0.3500,0.9800,0.0263,0.0120,0.0335,0
25239,-0.1077,-1.4697,9.8235,-0.5600,1.8200,1.4700,-0.0191,0.0622,0.0503,0
25278,-0.1484,-1.4888,9.7756,0.2100,-0.1400,1.4000,0.0072,-0.0048,0.0479,0
25317,-0.1317,-1.6181,9.6871,-0.2100,-1.3300,0.4200,-0.0072,-0.0455,0.0144,0
25356,0.0144,-1.6372,9.5937,1.6100,-2.1700,-0.0700,0.0551,-0.0742,-0.0024,0
25395,0.0527,-1.3548,9.6559,2.0300,-1.1900,-0.0700,0.0694,-0.0407,-0.0024,0
25434,0.0096,-1.3309,9.7397,0.8400,-0.8400,0.8400,0.0287,-0.0287,0.0287,0
25473,0.0718,-1.4960,9.7565,-0.1400,-0.9100,1.1200,-0.0048,-0.0311,0.0383,0
25512,0.1628,-1.6133,9.7038,0.3500,-0.9100,0.3500,0.0120,-0.0311,0.0120,0
25551,0.1364,-1.4577,9.6392,1.1200,-0.3500,0.3500,0.0383,-0.0120,0.0120,0
25590,0.0383,-1.3811,9.6559,0.8400,0.6300,0.3500,0.0287,0.0215,0.0120,0
25629,-0.0503,-1.3835,9.6847,0.8400,0.7000,0.3500,0.0287,0.0239,0.0120,0
25668,-0.0934,-1.4099,9.7254,-0.6300,0.3500,0.0000,-0.0215,0.0120,0.0000,0
25707,-0.0694,-1.5870,9.7421,-0.6300,-0.9100,0.2100,-0.0215,-0.0311,0.0072,0
25746,0.1245,-1.5559,9.7373,0.7000,-1.6100,0.5600,0.0239,-0.0551,0.0191,0
25785,0.0574,-1.4601,9.6871,1.1200,-1.0500,0.5600,0.0383,-0.0359,0.0191,0
25824,0.1077,-1.4936,9.6488,0.7700,-0.0700,0.4900,0.0263,-0.0024,0.0168,0
25863,0.0598,-1.4386,9.6344,0.9800,-0.0700,0.1400,0.0335,-0.0024,0.0048,0
25902,-0.0574,-1.4122,9.7421,0.0700,0.0700,0.1400,0.0024,0.0024,0.0048,0
25941,-0.0024,-1.4888,9.7278,0.4900,-0.9800,0.2100,0.0168,-0.0335,0.0072,0
25980,0.0694,-1.5200,9.7110,0.4900,-0.4900,0.4200,0.0168,-0.0168,0.0144,0
26019,0.0574,-1.4601,9.6799,1.3300,-0.7700,0.5600,0.0455,-0.0263,0.0191,0
26058,0.0694,-1.3907,9.6679,1.0500,-0.3500,0.2800,0.0359,-0.0120,0.0096,0
26097,0.0598,-1.4817,9.6990,-0.1400,-0.2100,0.0700,-0.0048,-0.0072,0.0024,0
26136,0.0527,-1.5080,9.6990,0.6300,-0.4900,0.2100,0.0215,-0.0168,0.0072,0
26175,0.0431,-1.4051,9.7254,0.9100,-0.2800,0.2800,0.0311,-0.0096,0.0096,0
26214,0.0287,-1.4194,9.6942,0.4200,-0.2100,0.5600,0.0144,-0.0072,0.0191,0
26253,0.0072,-1.4386,9.7134,-0.0700,-0.0700,0.4200,-0.0024,-0.0024,0.0144,0
26292,0.0359,-1.5032,9.7469,-0.2100,-0.6300,0.1400,-0.0072,-0.0215,0.0048,0
26331,0.0335,-1.5367,9.6583,0.6300,-0.7700,-0.0700,0.0215,-0.0263,-0.0024,0
26370,0.0168,-1.4912,9.6918,0.6300,-0.1400,0.0700,0.0215,-0.0048,0.0024,0
26409,-0.1101,-1.3213,10.1610,-2.3100,-0.5600,3.2900,-0.0790,-0.0191,0.1125,0
26448,-0.2561,-0.8665,10.6493,-1.6100,-2.5900,8.0500,-0.0551,-0.0886,0.2753,0
26487,-0.0574,-0.6391,10.4985,-0.3500,-7.7000,11.6200,-0.0120,-0.2633,0.3973,0
26526,1.2495,-0.9646,10.3333,0.9100,7.1400,8.1200,0.0311,0.2442,0.2777,0
26565,1.9460,-1.2806,9.8833,7.3500,16.6600,8.9600,0.2513,0.5697,0.3064,0
26604,2.1591,-1.7665,8.5884,-10.0800,32.2000,-2.5200,-0.3447,1.1011,-0.0862,0
26643,2.8221,-1.7282,9.1341,-22.4000,44.3100,-18.1300,-0.7660,1.5152,-0.6200,0
26682,2.1495,-2.1351,8.8541,-36.3300,66.7800,-19.8100,-1.2423,2.2835,-0.6774,0
26721,-0.7540,-2.6234,9.6799,-22.1200,91.3500,-18.5500,-0.7564,3.1237,-0.6343,0
26760,-2.9992,-2.5014,9.7397,-24.1500,83.6500,-20.3700,-0.8258,2.8604,-0.6965,0
26799,-3.2123,-2.5756,9.0384,-16.4500,60.5500,-22.7500,-0.5625,2.0705,-0.7779,0
26838,-2.4822,-2.0585,8.5094,1.8200,53.7600,-10.7100,0.0622,1.8383,-0.3662,0
26877,-2.1160,-1.7761,8.2006,2.6600,76.0200,-4.5500,0.0910,2.5995,-0.1556,0
26916,-2.8676,-1.8646,7.4466,-0.9100,91.7000,-13.0900,-0.0311,3.1357,-0.4476,0
26955,-3.7125,-2.1184,7.4275,4.7600,95.5500,-21.8400,0.1628,3.2673,-0.7468,0
26994,-4.3828,-2.2859,7.3533,8.7500,85.8900,-24.0800,0.2992,2.9370,-0.8234,0
27033,-5.0219,-2.3434,7.0971,7.2800,95.5500,-23.2400,0.2489,3.2673,-0.7947,0
27072,-5.9243,-2.3170,6.8410,-1.8200,83.6500,-20.2300,-0.0622,2.8604,-0.6918,0
27111,-6.7860,-2.4870,7.2336,-3.9200,74.2000,-24.2200,-0.1340,2.5373,-0.8282,0
27150,-6.6639,-2.1399,7.6908,-14.0000,63.3500,-27.3000,-0.4787,2.1662,-0.9335,0
27189,-5.8644,-2.0992,6.9918,-15.4000,62.7200,-21.3500,-0.5266,2.1447,-0.7301,0
27228,-5.9051,-2.7742,6.5538,-21.6300,67.0600,-15.0500,-0.7396,2.2931,-0.5146,0
27267,-6.8003,-2.8508,4.8758,-22.8200,71.5400,-13.4400,-0.7803,2.4463,-0.4596,0
27306,-8.0115,-4.7203,3.1692,-22.3300,35.9100,-18.2000,-0.7636,1.2279,-0.6223,0
27345,-7.0373,-4.0189,4.0812,-28.3500,16.9400,-25.8300,-0.9694,0.5793,-0.8833,0
27384,-6.3072,-3.0902,5.4312,-28.8400,48.0900,-14.8400,-0.9862,1.6444,-0.5075,0
27423,-7.4251,-3.0902,5.7160,-32.5500,68.3900,-22.2600,-1.1130,2.3386,-0.7612,0
27462,-9.4070,-4.6532,5.3809,-25.3400,69.7200,-24.5700,-0.8665,2.3841,-0.8402,0
27501,-8.7799,-5.8213,4.5168,-6.3700,41.0200,-29.4000,-0.2178,1.4027,-1.0053,0
27540,-7.8487,-5.3330,4.0907,-2.6600,23.0300,-36.5400,-0.0910,0.7875,-1.2495,0
27579,-7.0732,-4.9429,2.8676,14.8400,19.7400,-37.8000,0.5075,0.6750,-1.2926,0
27618,-7.6429,-5.1535,3.1500,-1.8900,23.5900,-34.5100,-0.0646,0.8067,-1.1801,0
27657,-8.8397,-6.0631,2.5947,-10.2200,37.4500,-35.7000,-0.3495,1.2806,-1.2208,0
27696,-9.5147,-7.0541,3.6814,0.8400,13.0200,-43.7500,0.0287,0.4452,-1.4960,0
27735,-8.3969,-6.6232,2.6928,-2.4500,11.2000,-51.8000,-0.0838,0.3830,-1.7713,0
27774,-7.8511,-6.2594,2.8365,-9.9400,5.6000,-52.3600,-0.3399,0.1915,-1.7904,0
27813,-7.1881,-6.4772,2.5732,-10.0100,10.2200,-54.3200,-0.3423,0.3495,-1.8575,0
27852,-6.5969,-6.6256,2.9083,-16.3100,8.8200,-55.7200,-0.5577,0.3016,-1.9053,0
27891,-7.0158,-7.0110,2.1279,-2.4500,9.0300,-58.0300,-0.0838,0.3088,-1.9843,0
27930,-6.6064,-6.2689,1.9819,-5.4600,0.2100,-56.9100,-0.1867,0.0072,-1.9460,0
27969,-6.0990,-6.8195,2.3099,-7.2100,-6.0900,-53.4800,-0.2465,-0.2082,-1.8287,0
28008,-5.5868,-8.0354,2.9346,-1.8900,-9.2400,-52.0800,-0.0646,-0.3160,-1.7809,0
28047,-5.1822,-8.5788,2.7335,-1.9600,-11.4800,-54.5300,-0.0670,-0.3926,-1.8646,0
28086,-4.4929,-8.8636,2.7287,-0.9800,-17.5000,-55.4400,-0.0335,-0.5984,-1.8958,0
28125,-5.3713,-10.1802,2.7359,10.8500,-19.7400,-51.2400,0.3710,-0.6750,-1.7521,0
28164,-5.5173,-9.2299,2.4631,13.0200,-21.9100,-48.6500,0.4452,-0.7492,-1.6636,0
28203,-5.8381,-9.3400,2.7311,4.0600,-41.6500,-43.8900,0.1388,-1.4242,-1.5008,0
28242,-4.7466,-9.1557,3.2649,14.2800,-45.8500,-28.2800,0.4883,-1.5678,-0.9670,0
28281,-3.7221,-9.5458,3.9974,9.8700,-42.4900,-28.8400,0.3375,-1.4529,-0.9862,0
28320,-2.5851,-10.0916,4.1123,4.7600,-40.5300,-34.8600,0.1628,-1.3859,-1.1920,0
28359,-2.1758,-9.7780,4.0740,7.9100,-39.0600,-45.7100,0.2705,-1.3357,-1.5630,0
28398,-1.8551,-8.8517,4.2439,2.3800,-32.6200,-42.4200,0.0814,-1.1154,-1.4505,0
28437,-2.6593,-9.0575,3.8897,6.0200,-27.3700,-46.2000,0.2059,-0.9359,-1.5798,0
28476,-2.6545,-8.3394,4.6245,-10.4300,-36.8900,-45.2200,-0.3567,-1.2614,-1.5463,0
28515,-2.3386,-8.9833,3.8538,-18.7600,-55.3700,-36.3300,-0.6415,-1.8934,-1.2423,0
28554,-1.8096,-9.0887,5.2253,-22.6100,-44.1700,-32.2700,-0.7731,-1.5104,-1.1035,0
28593,-2.2381,-9.6248,4.4426,-11.0600,-37.5900,-22.0500,-0.3782,-1.2854,-0.7540,0
28632,-3.1620,-8.6769,6.5011,13.9300,-55.1600,-10.5000,0.4763,-1.8862,-0.3590,0
28671,-1.6923,-7.9972,4.8232,34.7200,-73.9200,5.6700,1.1872,-2.5277,0.1939,0
28710,-0.2681,-7.3509,3.0639,36.1200,-74.2000,8.8200,1.2351,-2.5373,0.3016,0
28749,-0.6965,-6.9009,3.7796,10.3600,-81.5500,18.3400,0.3543,-2.7886,0.6271,0
28788,0.3399,-6.2881,2.1016,10.2900,-83.0900,40.6000,0.3519,-2.8413,1.3883,0
28827,0.0383,-5.7184,2.4272,6.6500,-68.8800,55.4400,0.2274,-2.3553,1.8958,0
28866,1.1896,-5.2540,3.3726,-18.6900,-78.1200,84.7700,-0.6391,-2.6713,2.8987,0
28905,2.4224,-8.2054,2.5349,-22.8900,-62.5100,110.4600,-0.7827,-2.1375,3.7772,0
28944,-0.1269,-7.6956,1.8575,-32.4800,-31.3600,86.3800,-1.1106,-1.0724,2.9538,0
28983,-2.6019,-7.0636,1.9843,-52.3600,-44.0300,75.7400,-1.7904,-1.5056,2.5899,0
29022,1.1202,-7.9493,1.2447,-76.6500,-44.4500,65.6600,-2.6210,-1.5200,2.2452,0
29061,0.9742,-10.1251,1.1489,-100.7300,-16.0300,3.3600,-3.4444,-0.5481,0.1149,0
29100,0.0455,-10.9988,1.0963,-97.5800,-17.0100,-39.4800,-3.3367,-0.5817,-1.3500,0
29139,1.8623,-10.8145,2.1519,-75.1800,-13.0900,-60.2700,-2.5708,-0.4476,-2.0609,0
29178,2.2644,-12.0855,1.7617,-45.6400,17.1500,-44.1000,-1.5607,0.5864,-1.5080,0
29217,-0.5601,-11.2501,1.3452,-17.7100,49.9800,-35.7000,-0.6056,1.7091,-1.2208,0
29256,-0.8713,-11.4631,-0.0670,-28.9100,56.9800,-21.8400,-0.9886,1.9484,-0.7468,0
29295,-1.4003,-12.1381,0.4955,-6.0900,52.9900,-20.8600,-0.2082,1.8120,-0.7133,0
29334,1.1825,-14.3571,1.6085,-13.7900,46.0600,-22.8900,-0.4715,1.5750,-0.7827,0
29373,3.3008,-12.7509,0.1269,39.5500,50.8200,-75.5300,1.3524,1.7378,-2.5827,0
29412,1.8359,-9.4764,2.6881,-0.9800,71.8200,-114.8700,-0.0335,2.4559,-3.9280,0
29451,1.8766,-18.0816,-0.9981,-31.3600,55.7900,-96.1100,-1.0724,1.9077,-3.2865,0
29490,-1.5894,-11.0897,0.1197,9.3100,7.4200,-65.1000,0.3184,0.2537,-2.2261,0
29529,2.0920,-9.6392,0.0215,-5.8100,-27.6500,-47.0400,-0.1987,-0.9455,-1.6085,0
29568,4.5479,-10.2998,0.2657,-10.6400,-24.3600,-51.0300,-0.3638,-0.8330,-1.7450,0
29607,4.7945,-10.6206,-0.9766,-24.5700,-0.7700,-63.0700,-0.8402,-0.0263,-2.1567,0
29646,3.9088,-8.5525,-1.4960,-14.9800,0.5600,-66.9900,-0.5122,0.0191,-2.2907,0
29685,4.1673,-7.6979,-0.9479,-23.7300,-5.9500,-67.3400,-0.8114,-0.2035,-2.3027,0
29724,6.2689,-7.5759,-0.3279,-23.8000,-10.2900,-69.3700,-0.8138,-0.3519,-2.3721,0
29763,6.2043,-6.4939,-0.2537,-25.8300,0.6300,-70.7000,-0.8833,0.0215,-2.4176,0
29802,5.5915,-6.0200,0.0239,-26.8100,-0.7000,-65.3100,-0.9168,-0.0239,-2.2333,0
29841,5.0386,-6.5107,-0.1580,-9.3100,4.8300,-49.4900,-0.3184,0.1652,-1.6923,0
29880,4.2320,-6.8219,0.1508,16.2400,-5.6000,-37.2400,0.5553,-0.1915,-1.2734,0
29919,3.7724,-6.3623,0.1604,38.5000,-22.4700,-32.9700,1.3165,-0.7684,-1.1274,0
29958,4.3899,-4.6341,-0.8019,57.8200,-42.6300,-29.8900,1.9771,-1.4577,-1.0221,0
29997,5.8477,-3.9543,-0.9216,55.0900,-47.8100,-17.5700,1.8838,-1.6349,-0.6008,0
30036,6.5681,-3.6120,-0.7396,35.6300,-32.5500,-10.1500,1.2184,-1.1130,-0.3471,0
30075,7.2192,-3.4301,-1.1657,21.4900,-21.2800,-2.8700,0.7348,-0.7277,-0.0981,0
30114,7.2216,-3.5929,-1.3333,22.8200,0.4900,13.4400,0.7803,0.0168,0.4596,0
30153,7.1067,-4.8830,-0.0838,14.3500,20.7900,30.1700,0.4907,0.7109,1.0317,0
30192,8.7081,-8.4543,1.6827,-1.6100,17.7100,61.6000,-0.0551,0.6056,2.1064,0
30231,8.1671,-11.2429,1.8263,8.4000,-18.4800,32.3400,0.2872,-0.6319,1.1059,0
30270,8.4783,-8.8277,0.0934,10.9200,-11.2000,16.5200,0.3734,-0.3830,0.5649,0
30309,7.4131,-9.2299,0.9981,-0.0700,20.6500,39.2000,-0.0024,0.7061,1.3404,0
30348,5.0745,-11.0921,1.0125,-44.2400,15.4000,55.5100,-1.5128,0.5266,1.8982,0
30387,3.9615,-8.6769,2.4678,-34.6500,18.2700,40.8100,-1.1849,0.6247,1.3955,0
30426,1.6923,-9.4405,0.3902,-8.4700,10.2200,29.3300,-0.2896,0.3495,1.0029,0
30465,1.2950,-9.9312,-0.8234,20.7900,8.1200,21.4900,0.7109,0.2777,0.7348,0
30504,0.5577,-8.8876,-0.1939,13.3000,1.1900,26.1100,0.4548,0.0407,0.8928,0
30543,0.9862,-8.7224,0.9168,2.3800,-21.2100,28.6300,0.0814,-0.7253,0.9790,0
30582,2.2189,-8.7129,-0.0263,13.0200,-27.3700,18.4100,0.4452,-0.9359,0.6295,0
30621,3.3535,-8.5764,0.1197,11.9000,-14.2100,6.9300,0.4069,-0.4859,0.2370,0
30660,3.4038,-8.3251,0.2872,13.5100,-3.2900,-3.0800,0.4620,-0.1125,-0.1053,0
30699,3.8490,-7.6836,0.9287,-4.3400,5.3200,-10.5000,-0.1484,0.1819,-0.3590,0
30738,4.6987,-7.9445,0.5745,-13.0200,29.8900,-16.6600,-0.4452,1.0221,-0.5697,0
30777,4.7011,-7.8344,0.8904,-9.7300,35.8400,-21.5600,-0.3327,1.2255,-0.7372,0
30816,5.0721,-7.7745,0.9431,-30.3100,60.5500,-19.8100,-1.0364,2.0705,-0.6774,0
30855,5.3546,-8.7081,1.0843,-44.3100,86.5900,-26.3200,-1.5152,2.9609,-0.9000,0
30894,5.2660,-8.6961,0.4309,-53.9000,81.4100,-39.1300,-1.8431,2.7838,-1.3380,0
30933,4.0812,-9.4381,-0.1556,-49.9800,73.2900,-41.7900,-1.7091,2.5061,-1.4290,0
30972,4.3133,-11.4943,0.1077,-52.5700,51.1000,-30.6600,-1.7976,1.7474,-1.0484,0
31011,4.2248,-11.3889,0.7037,-30.9400,36.4700,-4.6200,-1.0580,1.2471,-0.1580,0
31050,3.7580,-9.1868,0.7301,-35.9800,60.3400,-0.1400,-1.2303,2.0633,-0.0048,0
31089,3.7939,-9.6799,-0.5936,-14.0700,39.9700,-2.7300,-0.4811,1.3668,-0.0934,0
31128,3.8633,-9.0288,0.6367,-23.3800,27.4400,-13.0900,-0.7995,0.9383,-0.4476,0
31167,4.5359,-8.7559,0.5434,-30.3100,30.8000,-19.4600,-1.0364,1.0532,-0.6654,0
31206,4.8687,-8.3323,-1.0460,-47.8100,27.0900,-31.3600,-1.6349,0.9263,-1.0724,0
31245,4.5407,-7.0253,-0.6654,-36.6800,36.7500,-31.1500,-1.2543,1.2567,-1.0652,0
31284,5.4814,-8.1264,-0.3686,-62.7200,43.8200,-24.2900,-2.1447,1.4984,-0.8306,0
31323,5.8740,-8.2868,0.1436,-44.4500,46.2000,-22.4000,-1.5200,1.5798,-0.7660,0
31362,5.6538,-7.6285,0.7779,-14.0000,40.6000,-31.7800,-0.4787,1.3883,-1.0867,0
31401,5.6394,-5.7136,-1.2543,-3.2900,13.3700,-48.7900,-0.1125,0.4572,-1.6684,0
31440,5.7974,-3.2649,-2.7694,7.1400,-4.4100,-41.4400,0.2442,-0.1508,-1.4170,0
31479,7.0636,-4.5216,-2.0250,-8.9600,9.5900,-5.5300,-0.3064,0.3279,-0.1891,0
31518,9.0504,-6.4389,-0.5745,-36.0500,34.7200,1.0500,-1.2327,1.1872,0.0359,0
31557,9.1796,-8.2078,-0.8473,-41.9300,9.7300,-17.6400,-1.4338,0.3327,-0.6032,0
31596,7.4514,-9.5650,-0.9263,-24.7800,2.6600,-13.7200,-0.8473,0.0910,-0.4692,0
31635,6.8961,-7.7865,-1.5750,-4.9700,7.7000,-0.2800,-0.1699,0.2633,-0.0096,0
31674,6.3120,-8.6099,-2.6857,8.4000,-14.5600,11.8300,0.2872,-0.4979,0.4045,0
31713,7.2312,-9.6631,-1.8742,13.0900,-16.1000,1.5400,0.4476,-0.5505,0.0527,0
31752,6.0080,-7.5878,-3.2577,19.6700,0.1400,-7.0700,0.6726,0.0048,-0.2418,0
31791,5.3426,-8.6363,-4.4617,38.6400,-2.9400,10.5700,1.3213,-0.1005,0.3614,0
31830,5.7399,-10.4243,-3.0806,66.9200,-3.5000,25.2700,2.2883,-0.1197,0.8641,0
31869,6.1445,-9.2730,-2.2021,107.6600,11.8300,28.0700,3.6814,0.4045,0.9598,0
31908,4.7586,-6.0392,-0.3327,125.1600,-15.9600,14.4200,4.2798,-0.5457,0.4931,0
31947,6.1588,-4.1554,0.8785,130.5500,-47.6700,24.7800,4.4641,-1.6301,0.8473,0
31986,6.7668,-2.8053,-0.2872,97.0200,-61.2500,51.3800,3.3176,-2.0944,1.7569,0
32025,7.7841,-4.1578,-0.0479,38.8500,-100.3100,72.0300,1.3285,-3.4301,2.4631,0
32064,8.3370,-6.9918,0.6439,1.2600,-106.8200,94.9200,0.0431,-3.6527,3.2458,0
32103,5.4168,-9.2490,2.9729,10.5700,-99.1900,84.0000,0.3614,-3.3918,2.8724,0
32142,4.4067,-8.2557,1.7378,51.3100,-145.1100,38.0800,1.7545,-4.9620,1.3021,0
32181,7.3006,-10.8288,-3.0303,72.3100,-155.6100,33.8800,2.4726,-5.3211,1.1585,0
32220,4.5431,-9.9456,-0.9120,32.4100,-122.6400,28.7700,1.1083,-4.1937,0.9838,0
32259,4.9117,-9.7589,-0.6918,54.6000,-143.0800,41.8600,1.8670,-4.8926,1.4314,0
32298,5.5963,-9.9432,-1.5822,80.0800,-179.4100,30.3800,2.7383,-6.1349,1.0388,0
32337,6.1038,-9.3160,-2.4032,82.6700,-152.0400,16.6600,2.8269,-5.1990,0.5697,0
32376,4.4953,-8.5094,-1.9269,74.5500,-131.3200,11.3400,2.5492,-4.4905,0.3878,0
32415,3.6599,-8.2102,-1.5200,80.2900,-132.9300,6.5800,2.7455,-4.5455,0.2250,0
32454,3.1620,-7.3724,-1.8551,80.2200,-127.6100,-10.8500,2.7431,-4.3636,-0.3710,0
32493,2.2740,-6.3862,-2.1878,70.0700,-124.9500,-28.9100,2.3960,-4.2726,-0.9886,0
32532,1.2926,-5.7854,-3.5354,40.3200,-122.9200,-43.8200,1.3787,-4.2032,-1.4984,0
32571,1.6109,-8.2269,-4.4163,13.1600,-96.8100,-61.6700,0.4500,-3.3104,-2.1088,0
32610,2.9897,-7.9660,-4.0285,31.7100,-97.8600,-74.5500,1.0843,-3.3463,-2.5492,0
32649,5.6059,-6.7549,-3.0878,41.4400,-118.1600,-72.7300,1.4170,-4.0405,-2.4870,0
32688,13.6485,-8.5621,-2.0585,75.8800,-85.8900,-78.3300,2.5947,-2.9370,-2.6785,0
32727,12.6408,-6.4652,-0.9886,59.0800,-34.7200,-53.0600,2.0202,-1.1872,-1.8144,0
32766,9.6512,-6.6854,0.5769,-15.6100,-9.5900,-39.2000,-0.5338,-0.3279,-1.3404,0
32805,7.5854,-8.0283,2.1974,-18.2000,-10.0800,-19.6000,-0.6223,-0.3447,-0.6702,0
32844,6.7237,-8.6865,1.2064,22.9600,-25.4800,-21.7000,0.7851,-0.8713,-0.7420,0
32883,5.6681,-5.7878,-0.6056,65.1000,-46.0600,-19.6700,2.2261,-1.5750,-0.6726,0
32922,8.3107,-5.1655,-0.8162,54.8800,-47.3900,6.3000,1.8766,-1.6205,0.2154,0
32961,10.1275,-4.4067,-0.7588,35.2800,-20.7200,5.9500,1.2064,-0.7085,0.2035,0
33000,10.1323,-4.3947,-0.1460,8.8200,-21.7000,-10.9200,0.3016,-0.7420,-0.3734,0
33039,8.8828,-6.4245,-0.2418,-13.0200,-10.3600,-4.5500,-0.4452,-0.3543,-0.1556,0
33078,8.4136,-7.1474,-0.7229,0.0000,-16.9400,-26.8100,0.0000,-0.5793,-0.9168,0
33117,7.7195,-7.0756,-1.2997,7.7000,-13.2300,-26.7400,0.2633,-0.4524,-0.9144,0
33156,7.1043,-7.7578,-0.9838,-2.5900,-13.2300,-22.3300,-0.0886,-0.4524,-0.7636,0
33195,7.0900,-6.3695,-0.7133,25.5500,-16.5200,-18.6900,0.8737,-0.5649,-0.6391,0
33234,6.7166,-5.4790,-0.7229,39.4100,-9.8700,-9.8000,1.3476,-0.3375,-0.3351,0
33273,7.2001,-7.1043,-3.1261,40.3900,10.6400,-4.2700,1.3811,0.3638,-0.1460,0
33312,5.5413,-7.9038,-2.5684,50.8900,28.2800,-15.7500,1.7402,0.9670,-0.5386,0
33351,4.7322,-7.3987,-1.7545,60.9700,35.0700,-15.8200,2.0849,1.1992,-0.5410,0
33390,5.0362,-6.2211,-1.4194,87.9200,56.5600,4.2000,3.0064,1.9341,0.1436,0
33429,5.5006,-7.4897,-1.2232,85.4700,38.3600,30.3100,2.9226,1.3117,1.0364,0
33468,6.9559,-7.8128,0.4285,78.9600,-24.7100,37.5900,2.7000,-0.8450,1.2854,0
33507,6.1110,-4.3995,1.3955,35.7000,-24.9200,61.8800,1.2208,-0.8521,2.1160,0
33546,6.4628,-2.9968,1.9293,11.4100,-88.4800,98.2800,0.3902,-3.0256,3.3607,0
33585,9.7732,-8.7966,1.8814,42.9100,-146.7200,132.5100,1.4673,-5.0171,4.5312,0
33624,8.0857,-10.8456,3.2601,44.3100,-145.8800,84.8400,1.5152,-4.9883,2.9011,0
33663,7.0612,-8.2054,1.7737,50.6100,-151.0600,28.1400,1.7306,-5.1655,0.9622,0
33702,7.7602,-8.0953,-0.9144,76.1600,-159.1800,45.6400,2.6043,-5.4431,1.5607,0
33741,6.5969,-9.0097,-1.1537,25.9000,-155.8900,36.3300,0.8856,-5.3306,1.2423,0
33780,5.2899,-8.6817,-0.1197,41.5100,-148.8900,34.7900,1.4194,-5.0913,1.1896,0
33819,5.8525,-9.3735,-0.7636,70.0000,-162.2600,48.2300,2.3936,-5.5485,1.6492,0
33858,5.2684,-8.6674,-1.8982,94.7800,-172.8300,51.0300,3.2410,-5.9099,1.7450,0
33897,4.4617,-8.3873,-1.4984,76.2300,-159.1800,50.6100,2.6067,-5.4431,1.7306,0
33936,3.9375,-9.0982,-0.6630,85.8900,-141.8900,46.4100,2.9370,-4.8519,1.5870,0
33975,3.4588,-8.6530,-0.8785,88.3400,-139.8600,40.5300,3.0208,-4.7825,1.3859,0
34014,2.9968,-8.3801,-1.4577,70.6300,-129.7100,26.4600,2.4152,-4.4354,0.9048,0
34053,1.9365,-7.8009,-1.0843,49.9800,-121.1000,2.8000,1.7091,-4.1410,0.0957,0
34092,0.7971,-7.2216,-2.4295,37.1700,-120.1900,-15.8200,1.2710,-4.1099,-0.5410,0
34131,0.4500,-7.5639,-2.2213,-10.2900,-127.8200,-41.3000,-0.3519,-4.3708,-1.4122,0
34170,1.5224,-9.4860,-2.4966,21.4900,-130.2700,-75.6000,0.7348,-4.4546,-2.5851,0
34209,4.7586,-8.3586,-2.3147,46.6900,-119.4900,-97.3700,1.5966,-4.0859,-3.3296,0
34248,10.8169,-9.0791,-1.8934,64.8200,-117.3900,-78.9600,2.2165,-4.0141,-2.7000,0
34287,8.7871,-6.2689,-0.4548,45.5700,-78.8900,-79.1700,1.5583,-2.6976,-2.7072,0
34326,7.2743,-7.0900,0.2370,49.9100,-65.8700,-94.8500,1.7067,-2.2524,-3.2434,0
34365,7.3509,-8.0163,0.1053,83.1600,-90.4400,-86.8700,2.8436,-3.0926,-2.9705,0
34404,6.3743,-3.6264,-1.5750,68.6700,-79.9400,-63.5600,2.3482,-2.7335,-2.1734,0
34443,7.9948,-2.9322,-1.3189,42.7000,-52.7800,-22.6800,1.4601,-1.8048,-0.7755,0
34482,10.1634,-8.3849,-0.8138,32.2000,-25.0600,-1.8200,1.1011,-0.8569,-0.0622,0
34521,7.8799,-8.0761,-1.5535,5.3900,-0.7700,-11.4800,0.1843,-0.0263,-0.3926,0
34560,7.7339,-9.4525,-2.6354,45.0800,-37.6600,-12.2500,1.5415,-1.2878,-0.4189,0
34599,7.6118,-9.0551,-2.0777,53.8300,-50.1900,-2.1700,1.8407,-1.7162,-0.0742,0
34638,8.1791,-7.8511,-0.3160,68.3900,-50.8200,5.0400,2.3386,-1.7378,0.1723,0
34677,7.0493,-6.1038,-1.2184,75.9500,-46.8300,-4.2000,2.5971,-1.6013,-0.1436,0
34716,5.5437,-6.4628,0.2968,81.9000,-55.3000,-8.8900,2.8006,-1.8910,-0.3040,0
34755,6.7142,-6.9200,0.6846,94.5000,-70.7700,-1.2600,3.2314,-2.4200,-0.0431,0
34794,7.2719,-4.7801,0.6654,113.9600,-66.8500,15.6100,3.8968,-2.2859,0.5338,0
34833,10.4889,-6.1804,0.2226,97.4400,-76.8600,45.5700,3.3319,-2.6282,1.5583,0
34872,9.0144,-6.8937,-0.9503,94.1500,-72.1700,48.0900,3.2194,-2.4678,1.6444,0
34911,5.7208,-7.1115,-0.6630,60.2700,-28.8400,33.2500,2.0609,-0.9862,1.1370,0
34950,4.8280,-4.7083,0.3806,19.3200,-41.3000,28.9800,0.6606,-1.4122,0.9910,0
34989,7.4299,-8.3730,-0.1939,23.7300,-40.7400,-4.1300,0.8114,-1.3931,-0.1412,0
35028,10.2927,-9.2610,-0.1412,38.7100,-12.9500,-8.4000,1.3237,-0.4428,-0.2872,0
35067,7.5831,-6.5179,0.5194,39.1300,-1.4700,15.6100,1.3380,-0.0503,0.5338,0
35106,4.6389,-5.9697,-0.3878,54.9500,6.6500,36.6100,1.8790,0.2274,1.2519,0
35145,3.4038,-5.6418,1.2974,27.7900,10.1500,48.0900,0.9503,0.3471,1.6444,0
35184,3.7006,-7.2240,0.5864,4.6200,-8.3300,51.6600,0.1580,-0.2848,1.7665,0
35223,3.7269,-8.3706,0.4763,15.1200,-14.2800,37.5200,0.5170,-0.4883,1.2830,0
35262,4.6293,-8.4136,1.1466,31.4300,-17.9200,28.9100,1.0747,-0.6128,0.9886,0
35301,4.5264,-7.4155,1.3117,49.0000,-16.8700,17.5700,1.6755,-0.5769,0.6008,0
35340,5.3953,-6.5945,1.4242,25.0600,-15.1900,14.3500,0.8569,-0.5194,0.4907,0
35379,5.2205,-5.8979,1.3309,21.4900,-10.7100,12.9500,0.7348,-0.3662,0.4428,0
35418,6.1253,-6.8865,1.6492,-2.0300,-17.4300,20.0900,-0.0694,-0.5960,0.6870,0
35457,7.3533,-9.9815,1.9891,-15.2600,-16.1700,18.4800,-0.5218,-0.5529,0.6319,0
35496,6.5370,-10.1371,2.8460,-21.8400,2.6600,9.4500,-0.7468,0.0910,0.3231,0
35535,3.5857,-7.0086,1.6037,-0.3500,12.4600,5.8100,-0.0120,0.4261,0.1987,0
35574,4.6556,-8.1336,0.9407,3.1500,-6.7900,14.0700,0.1077,-0.2322,0.4811,0
35613,5.4455,-10.0246,1.4865,0.6300,6.0900,20.7200,0.0215,0.2082,0.7085,0
35652,3.1859,-7.7793,1.6540,-7.0000,26.2500,17.5000,-0.2394,0.8976,0.5984,0
35691,4.3109,-9.3879,2.5397,-4.6200,-2.4500,-0.2100,-0.1580,-0.0838,-0.0072,0
35730,5.2947,-7.9995,1.2232,-8.3300,19.5300,13.2300,-0.2848,0.6678,0.4524,0
35769,3.7149,-10.8336,2.1327,8.2600,7.7700,23.4500,0.2824,0.2657,0.8019,0
35808,2.1471,-11.2501,2.1686,32.1300,-2.5200,8.9600,1.0987,-0.0862,0.3064,0
35847,-1.0987,-10.1107,2.3721,27.1600,18.3400,1.6100,0.9287,0.6271,0.0551,0
35886,1.8503,-8.7488,3.6575,-32.9700,-6.1600,17.5000,-1.1274,-0.2106,0.5984,0
35925,4.7849,-9.2849,1.3476,-70.4200,-5.8800,28.4200,-2.4080,-0.2011,0.9718,0
35964,6.1301,-9.8714,1.4194,-13.8600,7.2800,8.4700,-0.4739,0.2489,0.2896,0
36003,3.9519,-8.4878,2.4032,11.7600,0.4900,5.7400,0.4021,0.0168,0.1963,0
36042,3.9280,-8.7033,1.4888,-23.4500,0.3500,0.0700,-0.8019,0.0120,0.0024,0
36081,4.7729,-9.0144,1.1753,-5.0400,-11.7600,3.0800,-0.1723,-0.4021,0.1053,0
36120,3.5976,-8.8206,1.7306,-12.0400,0.5600,1.0500,-0.4117,0.0191,0.0359,0
36159,3.2266,-9.4429,0.9072,-9.0300,3.2900,7.7000,-0.3088,0.1125,0.2633,0
36198,3.4421,-9.2610,1.1346,-11.9000,6.8600,8.4700,-0.4069,0.2346,0.2896,0
36237,3.4373,-8.9283,0.8928,-11.7600,5.1100,3.8500,-0.4021,0.1747,0.1317,0
36276,3.8753,-9.4190,1.3285,-11.6900,1.1200,2.6600,-0.3997,0.0383,0.0910,0
36315,3.7963,-9.3472,0.6678,-9.7300,1.4700,-0.7700,-0.3327,0.0503,-0.0263,0
36354,3.2171,-9.2634,0.6391,-0.8400,3.6400,-0.9800,-0.0287,0.1245,-0.0335,0
36393,3.1955,-9.3472,0.9048,-6.4400,0.4900,1.5400,-0.2202,0.0168,0.0527,0
36432,3.5210,-9.1868,0.6343,-6.5100,0.1400,-0.3500,-0.2226,0.0048,-0.0120,0
36471,3.9687,-9.4309,0.6439,-4.9700,0.2100,-0.2800,-0.1699,0.0072,-0.0096,0
36510,3.6862,-9.1964,0.7372,3.2900,-1.0500,0.2800,0.1125,-0.0359,0.0096,0
36549,3.5187,-8.8086,0.9335,2.5900,0.6300,-0.3500,0.0886,0.0215,-0.0120,0
36588,3.5019,-9.4549,0.7396,2.8700,-2.1700,1.0500,0.0981,-0.0742,0.0359,0
36627,3.6120,-9.0001,0.9646,0.6300,-0.7700,-0.3500,0.0215,-0.0263,-0.0120,0
36666,3.6886,-8.9833,0.7731,3.2200,-1.8200,-0.7000,0.1101,-0.0622,-0.0239,0
36705,3.6695,-9.2658,0.8880,4.0600,-1.5400,0.0000,0.1388,-0.0527,0.0000,0
36744,3.4325,-8.9594,0.9910,1.4700,-0.6300,-0.4900,0.0503,-0.0215,-0.0168,0
36783,3.6551,-9.2131,1.0101,2.5900,-0.9800,-0.2800,0.0886,-0.0335,-0.0096,0
36822,3.5474,-9.1078,0.7827,-1.8200,-1.6800,0.4200,-0.0622,-0.0574,0.0144,0
36861,3.6144,-8.7224,0.7372,1.8200,-0.7700,0.5600,0.0622,-0.0263,0.0191,0
36900,3.7676,-9.2466,1.0029,0.9800,-0.7700,0.8400,0.0335,-0.0263,0.0287,0
36939,3.5929,-9.0719,1.0101,2.0300,-1.1900,-0.6300,0.0694,-0.0407,-0.0215,0
36978,3.8202,-9.0910,1.0101,1.4700,-1.1200,-0.2800,0.0503,-0.0383,-0.0096,0
37017,3.5689,-9.1461,0.9622,0.8400,1.7500,0.7700,0.0287,0.0598,0.0263,0
37056,3.6647,-9.0934,0.9120,-1.3300,0.0000,0.1400,-0.0455,0.0000,0.0048,0
37095,3.6742,-9.0767,0.8354,-0.2800,-0.0700,0.3500,-0.0096,-0.0024,0.0120,0
37134,3.6599,-9.0839,0.9503,1.5400,0.5600,-0.2800,0.0527,0.0191,-0.0096,0
37173,3.4851,-9.2107,0.8689,-0.9100,0.0700,0.4900,-0.0311,0.0024,0.0168,0
37212,3.5833,-9.0551,0.8043,-0.4200,-0.2800,-0.1400,-0.0144,-0.0096,-0.0048,0
37251,3.6479,-9.1676,0.8761,1.0500,-0.7700,0.3500,0.0359,-0.0263,0.0120,0
37290,3.6288,-9.1700,0.8617,1.8900,-1.1900,0.3500,0.0646,-0.0407,0.0120,0
37329,3.6455,-9.0432,0.9383,1.2600,-0.9100,0.1400,0.0431,-0.0311,0.0048,0
37368,3.6240,-9.1341,0.8880,2.0300,-1.0500,0.6300,0.0694,-0.0359,0.0215,0
37407,3.5569,-9.0599,0.9862,1.3300,-0.7700,0.4900,0.0455,-0.0263,0.0168,0
37446,3.6599,-9.0240,0.9000,1.3300,-0.7000,0.1400,0.0455,-0.0239,0.0048,0
37485,3.5522,-9.1605,0.9192,1.6800,-1.0500,0.2800,0.0574,-0.0359,0.0096,0
37524,3.6718,-9.0863,0.9766,0.9100,-0.9100,-0.1400,0.0311,-0.0311,-0.0048,0
37563,3.6671,-9.1102,0.9527,1.8900,-0.0700,-0.1400,0.0646,-0.0024,-0.0048,0
37602,3.5713,-9.0456,0.9551,2.0300,0.0700,0.0700,0.0694,0.0024,0.0024,0
37641,3.6455,-8.9953,1.0795,-0.2800,-0.7000,0.3500,-0.0096,-0.0239,0.0120,0
37680,3.6575,-9.1916,0.8330,0.2800,0.2100,0.0000,0.0096,0.0072,0.0000,0
37719,3.6623,-9.1964,0.9575,1.8200,-1.5400,0.1400,0.0622,-0.0527,0.0048,0
37758,3.6240,-9.0312,1.0341,0.9100,0.2100,-0.0700,0.0311,0.0072,-0.0024,0
37797,3.6575,-8.9666,0.9120,2.0300,-0.8400,0.4900,0.0694,-0.0287,0.0168,0
37836,3.5043,-9.0575,1.0724,0.6300,-0.5600,1.2600,0.0215,-0.0191,0.0431,0
37875,3.7341,-9.2131,0.9048,0.4200,-0.9100,0.4200,0.0144,-0.0311,0.0144,0
37914,3.6024,-9.0121,1.0221,1.8200,-0.3500,0.1400,0.0622,-0.0120,0.0048,0
37953,3.6288,-9.0743,0.9646,1.6100,-0.2800,0.5600,0.0551,-0.0096,0.0191,0
37992,3.4660,-9.0695,1.0700,2.2400,-0.3500,1.1200,0.0766,-0.0120,0.0383,0
38031,3.6479,-9.1198,1.0293,-0.4900,-0.0700,-0.5600,-0.0168,-0.0024,-0.0191,0
38070,3.6479,-8.9762,1.1106,0.4200,-0.9800,-0.7000,0.0144,-0.0335,-0.0239,0
38109,3.7939,-9.2155,1.0077,-0.2800,0.5600,-0.1400,-0.0096,0.0191,-0.0048,0
38148,3.5234,-9.0001,0.9598,0.8400,-0.4900,0.8400,0.0287,-0.0168,0.0287,0
38187,3.6934,-9.1198,1.0580,0.2100,1.3300,0.3500,0.0072,0.0455,0.0120,0
38226,3.6335,-9.3783,1.0317,0.5600,0.9800,-0.2100,0.0191,0.0335,-0.0072,0
38265,3.7341,-9.4621,0.9096,0.2800,2.3100,-0.8400,0.0096,0.0790,-0.0287,0
38304,3.7724,-9.9169,1.1298,5.3900,4.5500,0.9800,0.1843,0.1556,0.0335,0
38343,3.6288,-9.8905,1.0771,5.1800,8.9600,2.8700,0.1771,0.3064,0.0981,0
38382,3.6216,-9.4740,1.1178,7.4900,12.6000,7.7000,0.2561,0.4309,0.2633,0
38421,3.6407,-8.7105,0.8856,13.6500,6.5800,12.9500,0.4668,0.2250,0.4428,0
38460,4.0883,-8.1862,1.2543,28.7000,-0.4900,23.3100,0.9814,-0.0168,0.7971,0
38499,3.9208,-8.8780,1.7641,23.1700,0.7700,27.7200,0.7923,0.0263,0.9479,0
38538,2.9561,-8.7081,1.6133,25.4100,10.9900,27.9300,0.8689,0.3758,0.9551,0
38577,2.7814,-8.9762,2.0896,1.8200,15.3300,31.9900,0.0622,0.5242,1.0939,0
38616,1.2830,-9.7828,1.5128,9.5200,18.8300,32.9700,0.3255,0.6439,1.1274,0
38655,1.3692,-9.5865,2.5277,-5.1800,7.7700,28.4900,-0.1771,0.2657,0.9742,0
38694,2.7575,-10.1419,2.1639,-12.3900,-12.8800,28.9100,-0.4237,-0.4404,0.9886,0
38733,2.9035,-9.6847,2.1639,-6.3700,2.5900,29.1900,-0.2178,0.0886,0.9981,0
38772,2.4152,-8.4783,1.8144,4.4100,12.1100,24.5000,0.1508,0.4141,0.8378,0
38811,1.8910,-9.2538,1.3309,8.1900,16.8000,15.8200,0.2801,0.5745,0.5410,0
38850,0.8521,-9.4190,2.2524,7.0700,23.3100,10.8500,0.2418,0.7971,0.3710,0
38889,1.1250,-9.3160,2.8030,2.5900,9.4500,5.3200,0.0886,0.3231,0.1819,0
38928,1.6612,-9.2227,1.4721,-7.2800,5.5300,4.4800,-0.2489,0.1891,0.1532,0
38967,1.2040,-9.6895,2.5014,1.7500,8.4700,1.3300,0.0598,0.2896,0.0455,0
39006,0.9455,-8.5525,1.2495,-2.1700,7.0000,5.6000,-0.0742,0.2394,0.1915,0
39045,1.5391,-9.1581,2.4080,-4.9700,0.0000,-0.1400,-0.1699,0.0000,-0.0048,0
39084,0.6104,-9.2514,1.8862,-4.1300,9.7300,2.7300,-0.1412,0.3327,0.0934,0
39123,1.3548,-8.7105,1.5224,-6.0900,-2.0300,-4.4800,-0.2082,-0.0694,-0.1532,0
39162,1.3787,-9.4501,1.7450,-8.1200,-7.2100,-5.5300,-0.2777,-0.2465,-0.1891,0
39201,0.9311,-9.7972,0.6128,2.7300,-5.1100,-22.2600,0.0934,-0.1747,-0.7612,0
39240,0.2418,-9.1246,1.3692,-12.2500,-26.1800,-42.5600,-0.4189,-0.8952,-1.4553,0
39279,2.5397,-8.6674,0.9503,-13.0200,-26.4600,-51.8000,-0.4452,-0.9048,-1.7713,0
39318,2.3697,-8.2772,1.8886,-19.7400,-41.7200,-51.1700,-0.6750,-1.4266,-1.7498,0
39357,5.0554,-11.0682,1.8934,-24.6400,-29.8900,-40.3900,-0.8426,-1.0221,-1.3811,0
39396,3.3631,-9.9767,0.3160,-14.0000,-5.1100,-17.2200,-0.4787,-0.1747,-0.5888,0
39435,3.8897,-10.4171,1.6588,1.5400,-2.7300,2.1700,0.0527,-0.0934,0.0742,0
39474,3.7245,-9.8977,0.3567,-6.0200,-2.9400,7.0000,-0.2059,-0.1005,0.2394,0
39513,2.5205,-8.7392,0.9287,10.0100,13.3000,1.7500,0.3423,0.4548,0.0598,0
39552,3.7006,-9.1629,1.3644,6.0900,-3.8500,3.3600,0.2082,-0.1317,0.1149,0
39591,3.1309,-9.1365,0.5840,6.7900,10.2200,-4.4800,0.2322,0.3495,-0.1532,0
39630,2.1686,-9.0049,0.5481,19.6000,2.4500,-3.2900,0.6702,0.0838,-0.1125,0
39669,2.5205,-9.4908,1.5391,-9.8700,-2.3100,1.5400,-0.3375,-0.0790,0.0527,0
39708,2.8867,-9.2514,1.0556,2.6600,-10.9200,-1.7500,0.0910,-0.3734,-0.0598,0
39747,3.4899,-9.1964,1.4458,0.9100,-13.8600,2.6600,0.0311,-0.4739,0.0910,0
39786,3.5139,-9.0312,1.0700,0.9100,-3.9900,-2.7300,0.0311,-0.1364,-0.0934,0
39825,3.4373,-9.5075,1.2734,14.3500,-7.5600,2.8700,0.4907,-0.2585,0.0981,0
39864,2.4391,-8.9115,1.3165,4.7600,-2.8700,3.9900,0.1628,-0.0981,0.1364,0
39903,2.7096,-8.4950,1.7617,10.1500,-7.8400,1.4700,0.3471,-0.2681,0.0503,0
39942,2.3841,-8.7392,2.1950,-7.9100,0.7700,-6.3000,-0.2705,0.0263,-0.2154,0
39981,2.6402,-9.6895,1.3045,-12.8800,5.9500,-29.4700,-0.4404,0.2035,-1.0077,0
40020,2.8700,-8.8230,1.5008,-19.2500,8.0500,-32.9700,-0.6583,0.2753,-1.1274,0
40059,2.6737,-10.6062,1.6564,-12.5300,16.3100,-34.3000,-0.4285,0.5577,-1.1729,0
40098,3.7700,-10.5129,0.8138,4.6200,6.9300,-33.3900,0.1580,0.2370,-1.1418,0
40137,4.0931,-9.2706,1.5128,-8.4000,22.2600,-31.0100,-0.2872,0.7612,-1.0604,0
40176,4.6461,-9.1533,0.4285,-10.4300,19.9500,-21.3500,-0.3567,0.6822,-0.7301,0
40215,3.4229,-9.5339,0.1340,6.5800,25.1300,-16.0300,0.2250,0.8593,-0.5481,0
40254,4.3157,-9.4190,0.6678,-5.9500,13.2300,-8.8900,-0.2035,0.4524,-0.3040,0
40293,4.6461,-9.5530,0.8928,-4.9000,8.6800,-9.1700,-0.1676,0.2968,-0.3136,0
40332,5.2445,-10.1730,0.9407,-19.8800,-0.4900,-14.0000,-0.6798,-0.0168,-0.4787,0
40371,5.3905,-10.5033,0.6367,-10.0800,-4.2700,-17.0800,-0.3447,-0.1460,-0.5840,0
40410,5.0482,-10.8815,1.0197,-7.5600,-10.2900,-15.8900,-0.2585,-0.3519,-0.5434,0
40449,5.7017,-11.1711,0.4979,-6.4400,-12.3900,-16.3800,-0.2202,-0.4237,-0.5601,0
40488,5.6753,-10.4578,0.6391,10.5000,-2.3800,-17.7100,0.3590,-0.0814,-0.6056,0
40527,5.4766,-9.2777,0.3806,6.3700,-5.2500,-15.8200,0.2178,-0.1795,-0.5410,0
40566,5.6897,-9.1341,1.0987,9.0300,-1.1200,-16.3100,0.3088,-0.0383,-0.5577,0
40605,6.8147,-10.1155,2.5349,14.5600,-11.7600,-9.1000,0.4979,-0.4021,-0.3112,0
40644,5.4360,-8.2341,2.0250,-3.3600,30.3100,-35.3500,-0.1149,1.0364,-1.2088,0
40683,4.6772,-6.5658,1.9006,14.4900,24.1500,-51.4500,0.4955,0.8258,-1.7593,0
40722,6.3551,-6.2713,0.7420,28.0700,5.6000,-42.2100,0.9598,0.1915,-1.4434,0
40761,4.2535,-4.5312,1.5942,15.2600,14.9100,-40.3200,0.5218,0.5098,-1.3787,0
40800,3.4588,-3.0878,1.9341,11.9700,12.3200,-29.4000,0.4093,0.4213,-1.0053,0
40839,3.1213,-2.9178,1.7138,-4.3400,10.7800,-23.6600,-0.1484,0.3686,-0.8091,0
40878,3.6766,-3.2194,1.2160,-12.3900,4.6200,-15.2600,-0.4237,0.1580,-0.5218,0
40917,4.8328,-4.0022,1.1442,-23.6600,24.4300,-1.2600,-0.8091,0.8354,-0.0431,0
40956,4.9381,-4.8687,0.6463,-26.1100,29.2600,14.4200,-0.8928,1.0005,0.4931,0
40995,5.3282,-7.0900,1.9748,-31.2200,33.9500,35.3500,-1.0676,1.1609,1.2088,0
41034,5.5126,-8.9905,0.9910,-1.2600,2.5200,24.0800,-0.0431,0.0862,0.8234,0
41073,6.0559,-9.4932,0.6008,4.0600,5.7400,13.5100,0.1388,0.1963,0.4620,0
41112,7.0947,-8.8660,2.3769,1.8200,8.5400,12.1100,0.0622,0.2920,0.4141,0
41151,7.8272,-9.1892,2.6665,-4.6200,-14.7000,7.2800,-0.1580,-0.5027,0.2489,0
41190,8.1120,-9.0839,2.1830,-14.2100,-14.7700,7.2100,-0.4859,-0.5051,0.2465,0
41229,7.1354,-9.5554,2.2476,-39.2000,-8.2600,13.9300,-1.3404,-0.2824,0.4763,0
41268,7.2432,-9.2586,1.7402,-50.8200,-21.3500,28.3500,-1.7378,-0.7301,0.9694,0
41307,5.2373,-8.6793,0.2513,-24.9900,-17.0100,36.8900,-0.8545,-0.5817,1.2614,0
41346,4.1123,-9.6296,0.4668,-50.7500,1.4000,33.3900,-1.7354,0.0479,1.1418,0
41385,2.4678,-8.8373,1.0532,8.1900,10.5700,26.8800,0.2801,0.3614,0.9192,0
41424,1.9604,-9.1102,0.9048,18.5500,-9.9400,9.0300,0.6343,-0.3399,0.3088,0
41463,1.8168,-7.7937,-0.5864,45.2900,-15.7500,-33.0400,1.5487,-0.5386,-1.1298,0
41502,3.3152,-8.8493,0.8521,82.3200,-16.5900,-46.2000,2.8149,-0.5673,-1.5798,0
41541,5.0649,-8.6817,2.1830,68.3200,-17.8500,-51.8000,2.3362,-0.6104,-1.7713,0
41580,6.5753,-8.3131,1.0197,82.6000,-8.4700,-58.0300,2.8245,-0.2896,-1.9843,0
41619,8.5980,-7.0732,2.7647,59.7800,2.3100,-75.2500,2.0442,0.0790,-2.5732,0
41658,10.3645,-6.2570,2.2931,24.2900,8.3300,-47.6700,0.8306,0.2848,-1.6301,0
41697,11.5014,-5.4575,4.0357,-17.0100,26.3900,-5.9500,-0.5817,0.9024,-0.2035,0
41736,8.2341,-6.6926,-0.8569,-76.6500,50.8900,-3.7800,-2.6210,1.7402,-0.1293,0
41775,6.0535,-7.6357,3.1764,-58.4500,75.8100,-21.8400,-1.9987,2.5923,-0.7468,0
41814,8.6363,-8.7823,3.1931,-43.4700,64.4700,-43.3300,-1.4865,2.2045,-1.4817,0
41853,6.2259,-3.8202,-0.0838,-17.8500,65.8000,-63.7000,-0.6104,2.2500,-2.1782,0
41892,4.5431,-2.2955,-1.4194,-47.4600,76.0900,17.7800,-1.6229,2.6019,0.6080,0
41931,2.8365,-5.1774,-2.3865,-95.6900,113.8900,39.9000,-3.2721,3.8945,1.3644,0
41970,3.1452,-9.5793,1.0412,-117.1100,101.0100,28.4200,-4.0046,3.4540,0.9718,0
42009,2.5229,-8.7248,-0.3303,-32.1300,64.4700,6.7200,-1.0987,2.2045,0.2298,0
42048,2.7216,-5.8692,-1.7809,48.1600,41.2300,11.2700,1.6468,1.4099,0.3854,0
42087,4.9381,-5.7806,2.1423,23.1000,44.3100,9.1000,0.7899,1.5152,0.3112,0
42126,8.0211,-5.7160,1.1681,17.3600,40.1100,-4.3400,0.5936,1.3716,-0.1484,0
42165,7.5687,-4.7466,-0.2729,-2.8700,57.8900,2.5900,-0.0981,1.9795,0.0886,0
42204,4.8830,-5.8501,0.9311,22.2600,83.6500,38.2200,0.7612,2.8604,1.3069,0
42243,2.7766,-4.0620,1.5176,-29.1200,116.4100,33.6700,-0.9958,3.9806,1.1513,0
42282,1.6085,-4.8064,-1.5487,-12.2500,82.7400,24.9900,-0.4189,2.8293,0.8545,1
42321,1.6851,-5.7926,-0.3016,45.7100,50.1900,38.0800,1.5630,1.7162,1.3021,0
42360,3.4444,-3.9088,2.4702,55.3000,45.5700,57.4700,1.8910,1.5583,1.9652,0
42399,7.0684,-10.4674,3.8585,85.9600,73.6400,69.2300,2.9394,2.5181,2.3673,0
42438,7.8607,-16.9565,-1.1083,169.3300,113.5400,39.2700,5.7902,3.8825,1.3428,0
42477,1.9867,-13.8831,3.7843,228.6900,197.1900,20.5100,7.8200,6.7429,0.7013,0
42516,-0.8282,-6.9392,11.2812,227.8500,239.8900,27.2300,7.7913,8.2030,0.9311,0
42555,-9.5937,-4.8423,22.1412,187.4600,267.3300,18.6900,6.4102,9.1413,0.6391,0
42594,-20.4967,-1.6061,22.8042,216.5800,199.7800,17.2200,7.4059,6.8314,0.5888,0
42633,-20.2861,6.9009,22.7970,165.6200,28.9800,90.2300,5.6634,0.9910,3.0854,0
42672,-16.4778,12.0065,17.2749,15.1200,-73.0800,66.9900,0.5170,-2.4990,2.2907,0
42711,-6.1229,11.8605,12.3488,7.5600,-90.2300,37.3800,0.2585,-3.0854,1.2782,0
42750,-3.4947,6.3240,5.5485,-64.8900,-60.8300,34.7200,-2.2189,-2.0801,1.1872,0
42789,1.0436,-0.9383,1.3069,-45.9900,-51.1000,22.0500,-1.5726,-1.7474,0.7540,0
42828,2.0394,-3.6383,-0.9886,-86.1700,6.6500,-5.1100,-2.9466,0.2274,-0.1747,0
42867,0.8809,-1.7330,-0.8785,-57.6800,9.5900,-40.6700,-1.9724,0.3279,-1.3907,0
42906,-1.2064,-0.9048,-0.7636,-8.6100,42.8400,-54.3200,-0.2944,1.4649,-1.8575,0
42945,-3.1979,1.7306,3.7245,16.2400,59.4300,-62.7900,0.5553,2.0322,-2.1471,0
42984,-5.3474,3.0758,8.0833,-34.5800,38.5700,-54.1800,-1.1825,1.3189,-1.8527,0
43023,-8.4902,0.9431,11.7863,-36.1900,-0.2100,-23.3800,-1.2375,-0.0072,-0.7995,0
43062,-12.1549,-4.0835,14.5150,-20.3700,-46.7600,-5.1800,-0.6965,-1.5990,-0.1771,0
43101,-8.9738,-7.4897,10.8097,-47.0400,-63.3500,16.5200,-1.6085,-2.1662,0.5649,0
43140,2.9849,-6.1780,18.0648,38.6400,-65.3800,26.8100,1.3213,-2.2357,0.9168,0
43179,1.6301,-2.9561,14.3618,47.6700,-11.2000,32.7600,1.6301,-0.3830,1.1202,0
43218,-2.9107,-1.1083,11.0849,-5.8800,15.6800,-5.8800,-0.2011,0.5362,-0.2011,0
43257,-3.2721,-1.8311,7.7458,-4.3400,0.9100,-15.9600,-0.1484,0.0311,-0.5457,0
43296,-1.8144,-1.2040,5.5868,-3.2900,-29.1200,-7.5600,-0.1125,-0.9958,-0.2585,0
43335,-0.6894,-1.3428,5.2804,-9.9400,-34.5100,1.1200,-0.3399,-1.1801,0.0383,0
43374,0.5721,-2.2668,6.5107,-11.9000,-25.3400,11.3400,-0.4069,-0.8665,0.3878,0
43413,1.3620,-4.2487,8.3873,3.6400,-27.3700,19.2500,0.1245,-0.9359,0.6583,0
43452,0.3231,-3.7796,10.7522,14.2800,-18.9000,11.2700,0.4883,-0.6463,0.3854,0
43491,-0.7468,-2.9681,11.4248,19.8100,-10.2900,-1.0500,0.6774,-0.3519,-0.0359,0
43530,-1.1418,-2.8484,11.5206,15.4700,-3.0100,-4.0600,0.5290,-0.1029,-0.1388,0
43569,-0.6367,-2.3769,10.3525,30.1700,-0.2800,1.6800,1.0317,-0.0096,0.0574,0
43608,-0.7875,-1.2950,10.1969,8.4700,2.1700,-2.3100,0.2896,0.0742,-0.0790,0
43647,-0.8689,-1.0987,9.1389,7.2100,-1.7500,-6.7200,0.2465,-0.0598,-0.2298,0
43686,-0.7348,-1.3668,8.7464,-2.2400,-6.7900,-4.2000,-0.0766,-0.2322,-0.1436,0
43725,-0.3590,-1.7258,8.8900,-2.1700,-9.7300,1.1900,-0.0742,-0.3327,0.0407,0
43764,-0.3399,-1.9676,9.3520,-1.6100,-2.1000,4.6200,-0.0551,-0.0718,0.1580,0
43803,-0.5386,-2.0370,9.7900,0.5600,0.0000,3.9200,0.0191,0.0000,0.1340,0
43842,-0.6223,-2.0968,9.9025,1.7500,2.5200,2.3100,0.0598,0.0862,0.0790,0
43881,-0.6176,-2.2285,9.8762,-0.0700,4.5500,0.7700,-0.0024,0.1556,0.0263,0
43920,-0.6559,-2.1184,9.7397,-0.9800,3.7800,-0.9100,-0.0335,0.1293,-0.0311,0
43959,-0.7708,-1.9676,9.7134,-0.4900,3.2200,-0.7000,-0.0168,0.1101,-0.0239,0
43998,-0.8378,-1.9077,9.4501,1.2600,1.4700,0.0000,0.0431,0.0503,0.0000,0
44037,-0.9551,-1.9508,9.3352,-1.6100,0.2100,0.2100,-0.0551,0.0072,0.0072,0
44076,-0.8976,-2.1136,9.3950,0.3500,0.7000,0.1400,0.0120,0.0239,0.0048,0
44115,-0.8665,-2.2333,9.5195,0.2100,0.4900,-0.1400,0.0072,0.0168,-0.0048,0
44154,-1.0388,-2.1686,9.6224,0.9800,0.7000,0.0700,0.0335,0.0239,0.0024,0
44193,-0.8904,-2.0873,9.6200,1.6800,-0.9800,0.2800,0.0574,-0.0335,0.0096,0
44232,-0.8162,-1.8982,9.5961,1.7500,-1.9600,0.2800,0.0598,-0.0670,0.0096,0
44271,-0.8330,-1.8766,9.4477,1.4000,-3.1500,0.0700,0.0479,-0.1077,0.0024,0
44310,-0.7468,-2.0825,9.5339,0.3500,-0.8400,0.4900,0.0120,-0.0287,0.0168,0
44349,-0.6654,-2.1806,9.4860,0.7700,-3.2900,0.0700,0.0263,-0.1125,0.0024,0
44388,-0.7468,-2.0442,9.6081,1.2600,-1.2600,-0.4200,0.0431,-0.0431,-0.0144,0
44427,-0.7229,-1.9221,9.6009,1.6800,-1.6800,0.0000,0.0574,-0.0574,0.0000,0
44466,-0.7612,-1.9365,9.5722,0.9800,0.6300,0.3500,0.0335,0.0215,0.0120,0
44505,-0.7612,-2.0131,9.5099,-0.2100,0.9100,0.5600,-0.0072,0.0311,0.0191,0
44544,-0.7755,-2.0274,9.5674,0.3500,0.2100,0.4200,0.0120,0.0072,0.0144,0
44583,-0.7325,-1.9676,9.5363,0.9100,0.0700,0.7000,0.0311,0.0024,0.0239,0
44622,-0.8354,-1.9963,9.6272,0.2100,0.2800,0.4900,0.0072,0.0096,0.0168,0
44661,-0.8378,-1.9843,9.6129,0.7000,-1.2600,0.3500,0.0239,-0.0431,0.0120,0
44700,-0.7516,-1.9436,9.5434,0.3500,-2.5900,0.4200,0.0120,-0.0886,0.0144,0
44739,-0.7277,-2.0873,9.5099,-0.0700,-0.7700,0.4900,-0.0024,-0.0263,0.0168,0
44778,-0.8162,-2.1064,9.5602,0.0000,0.2800,0.0000,0.0000,0.0096,0.0000,0
44817,-0.7923,-2.0178,9.5506,1.2600,0.5600,0.0000,0.0431,0.0191,0.0000,0
44856,-0.8162,-1.9317,9.5434,1.6100,0.3500,0.4900,0.0551,0.0120,0.0168,0
44895,-0.7588,-1.8910,9.6272,0.2800,-0.4900,0.5600,0.0096,-0.0168,0.0191,0
44934,-0.7037,-1.9915,9.5099,1.0500,-2.3100,0.5600,0.0359,-0.0790,0.0191,0
44973,-0.7971,-2.0226,9.6033,0.4200,-0.9800,-0.2100,0.0144,-0.0335,-0.0072,0
45012,-0.7612,-2.0226,9.5650,0.9800,-1.6100,0.0700,0.0335,-0.0551,0.0024,0
45051,-0.8641,-1.9412,9.6536,0.7700,-1.4000,-0.1400,0.0263,-0.0479,-0.0048,0
45090,-0.7229,-1.9245,9.5410,-0.7000,-1.3300,0.3500,-0.0239,-0.0455,0.0120,0
45129,-1.0101,-1.8431,10.9892,-0.3500,-0.9100,-0.1400,-0.0120,-0.0311,-0.0048,0
45168,0.2801,-0.5434,8.4400,5.6000,-10.4300,4.3400,0.1915,-0.3567,0.1484,0
45207,-0.3758,-1.6827,9.6057,-21.6300,11.4100,7.1400,-0.7396,0.3902,0.2442,0
45246,-0.9096,-3.4181,9.3926,-11.4100,10.7800,4.2700,-0.3902,0.3686,0.1460,0
45285,-0.7564,-2.7048,8.9642,-0.9800,-1.8900,-4.2000,-0.0335,-0.0646,-0.1436,0
45324,-1.1370,-2.2596,9.0575,1.2600,2.0300,-6.7900,0.0431,0.0694,-0.2322,0
45363,-1.6157,-2.5516,9.5339,2.1700,7.4900,-2.7300,0.0742,0.2561,-0.0934,0
45402,-1.2638,-2.0490,10.0341,0.4900,-1.3300,1.0500,0.0168,-0.0455,0.0359,0
45441,-0.7133,-2.1950,9.6296,0.5600,-0.4200,5.9500,0.0191,-0.0144,0.2035,0
45480,-0.9239,-2.4654,9.5339,-1.3300,0.1400,2.5200,-0.0455,0.0048,0.0862,0
45519,-0.6798,-2.0657,9.0623,3.7100,-5.1800,0.3500,0.1269,-0.1771,0.0120,0
45558,-0.6726,-1.8670,9.1724,2.5900,-1.7500,-2.0300,0.0886,-0.0598,-0.0694,0
45597,-1.0221,-2.0944,9.4549,0.2800,2.2400,-1.8200,0.0096,0.0766,-0.0622,0
45636,-0.8856,-2.2931,9.6679,1.4700,0.5600,-0.3500,0.0503,0.0191,-0.0120,0
45675,-0.7516,-2.2548,9.9575,4.6200,-0.4200,0.9800,0.1580,-0.0144,0.0335,0
45714,-0.8091,-1.9676,9.7158,6.2300,0.4900,1.2600,0.2130,0.0168,0.0431,0
45753,-0.8258,-1.6564,9.8187,3.5000,0.4900,0.2100,0.1197,0.0168,0.0072,0
45792,-0.5840,-1.5008,9.6224,-1.6800,-0.5600,0.3500,-0.0574,-0.0191,0.0120,0
45831,-0.6822,-1.8694,9.2155,-4.7600,1.6800,1.0500,-0.1628,0.0574,0.0359,0
45870,-1.0149,-2.4750,9.2299,-6.3000,1.1900,-2.0300,-0.2154,0.0407,-0.0694,0
45909,-1.1011,-2.6426,9.2730,1.6100,-1.6800,-1.5400,0.0551,-0.0574,-0.0527,0
45948,-1.0412,-2.1662,9.3926,3.6400,0.4900,-0.7700,0.1245,0.0168,-0.0263,0
45987,-1.2112,-2.1782,9.7852,1.1900,1.3300,1.9600,0.0407,0.0455,0.0670,0
46026,-1.0819,-2.2668,9.7589,3.5000,-1.5400,3.0100,0.1197,-0.0527,0.1029,0
46065,-0.8689,-2.0059,9.6679,2.6600,-4.2000,0.3500,0.0910,-0.1436,0.0120,0
46104,-0.6846,-1.9676,9.4716,1.7500,-4.9000,-0.3500,0.0598,-0.1676,-0.0120,0
46143,-0.5529,-1.8000,9.4309,0.1400,-3.0100,0.4900,0.0048,-0.1029,0.0168,0
46182,-0.7085,-1.9867,9.5506,-0.4200,0.0000,0.9100,-0.0144,0.0000,0.0311,0
46221,-0.7684,-2.1471,9.4573,0.0000,0.9100,-0.4200,0.0000,0.0311,-0.0144,0
46260,-0.9120,-2.1040,9.5028,-0.4900,-0.7700,-0.7700,-0.0168,-0.0263,-0.0263,0
46299,-0.8880,-2.2883,9.5291,0.4200,1.1900,0.2800,0.0144,0.0407,0.0096,0
46338,-0.9168,-2.1567,9.5937,1.4000,0.6300,0.5600,0.0479,0.0215,0.0191,0
46377,-1.0245,-1.9987,9.6153,1.4700,-0.4200,0.5600,0.0503,-0.0144,0.0191,0
46416,-0.8880,-1.9365,9.6512,0.0000,-1.4700,0.4900,0.0000,-0.0503,0.0168,0
46455,-0.6008,-1.7809,9.5793,-1.1200,-3.3600,1.3300,-0.0383,-0.1149,0.0455,0
46494,-0.6989,-1.9771,9.6009,-0.7000,-1.8200,1.8900,-0.0239,-0.0622,0.0646,0
46533,-0.6942,-2.0705,9.7876,-2.6600,0.9800,0.0000,-0.0910,0.0335,0.0000,0
46572,-0.4907,-1.6588,9.9623,0.2800,-0.7700,-0.0700,0.0096,-0.0263,-0.0024,0
46611,-0.3303,-1.6875,9.0073,3.1500,-0.9100,3.4300,0.1077,-0.0311,0.1173,0
46650,-0.9479,-2.0753,9.4932,-13.2300,13.7200,1.7500,-0.4524,0.4692,0.0598,0
46689,-1.5894,-2.8245,9.2251,-12.6700,6.5100,-0.2800,-0.4332,0.2226,-0.0096,0
46728,-1.4984,-3.2984,9.0839,-3.6400,0.2800,-1.9600,-0.1245,0.0096,-0.0670,0
46767,-1.1849,-2.9944,10.0365,6.7900,-2.5200,-5.1100,0.2322,-0.0862,-0.1747,0
46806,-0.4404,-1.4865,9.2514,6.7200,-4.0600,1.8900,0.2298,-0.1388,0.0646,0
46845,-0.3399,-1.8311,9.6559,1.1900,5.7400,9.8000,0.0407,0.1963,0.3351,0
46884,-1.7306,-2.4822,9.6655,-6.4400,5.8100,4.2000,-0.2202,0.1987,0.1436,0
46923,-1.7282,-2.4846,9.1844,-1.0500,-6.9300,-3.2900,-0.0359,-0.2370,-0.1125,0
46962,-0.8785,-2.1399,9.3041,3.9200,-13.9300,-6.6500,0.1340,-0.4763,-0.2274,0
47001,-0.4500,-1.8934,9.2490,1.2600,-5.4600,-1.6800,0.0431,-0.1867,-0.0574,0
47040,-0.1077,-1.9101,9.7349,-2.9400,3.5000,6.5100,-0.1005,0.1197,0.2226,0
47079,-1.3117,-2.8556,9.9169,-3.2200,7.7700,4.5500,-0.1101,0.2657,0.1556,0
47118,-1.2710,-2.5708,9.1126,2.5200,-2.5200,-1.7500,0.0862,-0.0862,-0.0598,0
47157,-1.3045,-2.2787,9.4932,1.9600,-6.3700,-5.1800,0.0670,-0.2178,-0.1771,0
47196,-0.8306,-2.1806,9.4238,3.6400,-4.2700,0.8400,0.1245,-0.1460,0.0287,0
47235,-0.5386,-2.2117,9.6583,-1.5400,2.3100,3.9900,-0.0527,0.0790,0.1364,0
47274,-0.7253,-2.4894,9.2897,3.7100,0.7000,2.5900,0.1269,0.0239,0.0886,0
47313,-1.0221,-1.8742,9.3113,0.0000,-0.1400,-1.6800,0.0000,-0.0048,-0.0574,0
47352,-1.2806,-2.1926,9.5674,-2.2400,0.2800,-2.4500,-0.0766,0.0096,-0.0838,0
47391,-0.8043,-2.4128,9.3184,4.0600,-1.0500,-1.1900,0.1388,-0.0359,-0.0407,0
47430,-0.8162,-1.9436,10.2759,0.4900,0.0700,-1.1900,0.0168,0.0024,-0.0407,0
47469,-0.9718,-1.8479,9.7038,1.7500,-1.4700,2.2400,0.0598,-0.0503,0.0766,0
47508,-0.8114,-2.3075,9.4956,-3.8500,1.1900,2.2400,-0.1317,0.0407,0.0766,0
47547,-0.7181,-2.7359,9.3280,-3.3600,1.7500,2.2400,-0.1149,0.0598,0.0766,0
47586,-0.6463,-2.1591,9.0001,3.3600,-4.4800,1.9600,0.1149,-0.1532,0.0670,0
47625,-0.7277,-1.8144,9.2993,-0.7700,-1.7500,-1.8200,-0.0263,-0.0598,-0.0622,0
47664,-1.0532,-2.4918,9.5004,-4.4800,3.5000,-1.4700,-0.1532,0.1197,-0.0503,0
47703,-1.0867,-2.7551,10.0509,-1.6100,4.1300,0.7000,-0.0551,0.1412,0.0239,0
47742,-0.9814,-2.4750,9.4980,6.1600,2.0300,1.0500,0.2106,0.0694,0.0359,0
47781,-1.0173,-2.0633,9.4668,2.9400,2.4500,-0.6300,0.1005,0.0838,-0.0215,0
47820,-0.9646,-1.9939,9.3256,1.6800,0.0700,-0.7700,0.0574,0.0024,-0.0263,0
47859,-0.7468,-2.1686,9.2203,-2.4500,-0.2100,-0.4900,-0.0838,-0.0072,-0.0168,0
47898,-1.0101,-2.5732,9.6966,-0.7000,0.5600,0.3500,-0.0239,0.0191,0.0120,0
47937,-0.9981,-2.4200,9.4262,2.3800,0.9100,-1.8200,0.0814,0.0311,-0.0622,0
47976,-1.0700,-2.2117,9.4668,2.0300,2.5900,-1.7500,0.0694,0.0886,-0.0598,0
48015,-1.3380,-2.2740,9.6536,1.0500,3.2900,-0.2100,0.0359,0.1125,-0.0072,0
48054,-1.1633,-2.0609,9.4190,3.5000,-0.1400,1.6800,0.1197,-0.0048,0.0574,0
48093,-1.2806,-2.1639,9.3017,0.0700,0.2100,2.5200,0.0024,0.0072,0.0862,0
48132,-0.6080,-2.2381,9.5770,2.1000,-1.6100,3.2200,0.0718,-0.0551,0.1101,0
48171,-0.2729,-2.0250,9.7756,4.2700,0.0700,2.5200,0.1460,0.0024,0.0862,0
48210,-0.5553,-1.7928,9.6655,2.2400,6.2300,-0.0700,0.0766,0.2130,-0.0024,0
48249,-0.8521,-1.9939,9.6176,-0.2800,11.9000,-1.8200,-0.0096,0.4069,-0.0622,0
48288,-1.1442,-2.2859,9.3807,0.7000,13.4400,-1.8200,0.0239,0.4596,-0.0622,0
48327,-0.9742,-2.0920,9.3041,0.3500,11.6200,-1.6800,0.0120,0.3973,-0.0574,0
48366,-1.0077,-1.9269,9.4477,-1.1900,13.0200,-1.8200,-0.0407,0.4452,-0.0622,0
48405,-1.2136,-2.2117,9.4501,-1.8900,19.5300,-1.8200,-0.0646,0.6678,-0.0622,0
48444,-1.3811,-2.2811,9.4333,-2.1700,22.0500,-3.3600,-0.0742,0.7540,-0.1149,0
48483,-1.3644,-2.2572,9.6751,0.4200,23.3100,-4.2000,0.0144,0.7971,-0.1436,0
48522,-1.5630,-1.7761,9.6871,2.1700,25.9000,-5.7400,0.0742,0.8856,-0.1963,0
48561,-1.6253,-1.6157,9.6033,-7.4900,29.2600,-3.8500,-0.2561,1.0005,-0.1317,0
48600,-1.8670,-2.4056,9.3687,-26.3200,35.3500,-1.3300,-0.9000,1.2088,-0.0455,0
48639,-2.6881,-3.0663,8.9977,-15.4700,33.0400,0.6300,-0.5290,1.1298,0.0215,0
48678,-3.4540,-3.3272,8.2293,-18.3400,35.7000,-0.2100,-0.6271,1.2208,-0.0072,0
48717,-3.4253,-2.4822,8.4615,-16.2400,26.2500,1.3300,-0.5553,0.8976,0.0455,0
48756,-4.0907,-2.8795,9.1413,-13.8600,20.7200,5.8100,-0.4739,0.7085,0.1987,0
48795,-3.2099,-3.0806,8.5956,-9.9400,11.3400,7.0000,-0.3399,0.3878,0.2394,0
48834,-2.9035,-3.2099,8.5357,-9.5200,14.5600,9.7300,-0.3255,0.4979,0.3327,0
48873,-3.4971,-2.9777,8.4902,-5.0400,18.6900,9.1700,-0.1723,0.6391,0.3136,0
48912,-4.1266,-2.6091,8.7105,-6.8600,15.1200,5.1800,-0.2346,0.5170,0.1771,0
48951,-3.9256,-2.6905,8.4543,-10.1500,13.8600,4.9000,-0.3471,0.4739,0.1676,0
48990,-3.7221,-3.0998,8.3035,-2.7300,10.5700,7.4900,-0.0934,0.3614,0.2561,0
49029,-3.7484,-3.2793,8.4759,-3.0800,11.7600,2.7300,-0.1053,0.4021,0.0934,0
49068,-3.5067,-2.8125,8.4017,-1.1900,14.0000,1.9600,-0.0407,0.4787,0.0670,0
49107,-3.4804,-2.7623,8.2054,-0.1400,16.2400,5.4600,-0.0048,0.5553,0.1867,0
49146,-3.5761,-3.1333,8.1073,1.1900,21.4900,6.7200,0.0407,0.7348,0.2298,0
49185,-3.8155,-3.0710,8.2581,1.0500,29.9600,5.3200,0.0359,1.0245,0.1819,0
49224,-4.0979,-3.2649,8.0833,3.2900,32.1300,3.2200,0.1125,1.0987,0.1101,0
49263,-4.2343,-3.1237,7.9086,5.6000,36.2600,-1.7500,0.1915,1.2399,-0.0598,0
49302,-4.6556,-3.3391,8.2102,12.5300,32.4100,-4.8300,0.4285,1.1083,-0.1652,0
49341,-5.2014,-3.6886,8.0498,20.3000,35.4900,-8.0500,0.6942,1.2136,-0.2753,0
49380,-5.5437,-2.9346,7.4538,27.4400,31.7100,-9.5200,0.9383,1.0843,-0.3255,0
49419,-5.8955,-2.2045,7.0995,29.4700,36.0500,-15.6100,1.0077,1.2327,-0.5338,0
49458,-5.7639,-0.6295,7.1546,16.8700,28.9100,-31.2200,0.5769,0.9886,-1.0676,0
49497,-5.5485,-1.1513,7.3150,-5.5300,23.1000,-31.0100,-0.1891,0.7899,-1.0604,0
49536,-5.6227,-2.4463,7.4490,-14.4900,27.4400,-28.5600,-0.4955,0.9383,-0.9766,0
49575,-5.6849,-3.1955,7.5759,-8.3300,23.6600,-23.8000,-0.2848,0.8091,-0.8138,0
49614,-5.8189,-3.0591,7.7578,-0.7000,22.6100,-22.2600,-0.0239,0.7731,-0.7612,0
49653,-6.0942,-3.2290,7.4849,0.9100,20.3700,-22.4700,0.0311,0.6965,-0.7684,0
49692,-5.5796,-2.3242,7.7626,2.6600,20.9300,-19.3900,0.0910,0.7157,-0.6630,0
49731,-5.6873,-2.8317,6.6424,-4.4100,25.6200,-17.7100,-0.1508,0.8761,-0.6056,0
49770,-5.9626,-3.8107,6.1469,-10.6400,34.2300,-15.5400,-0.3638,1.1705,-0.5314,0
49809,-6.4509,-4.5192,6.5969,-14.2100,27.0900,-13.6500,-0.4859,0.9263,-0.4668,0
49848,-6.5442,-4.6915,6.0224,-5.3200,24.2200,-6.7200,-0.1819,0.8282,-0.2298,0
49887,-6.7620,-4.2535,6.0080,-8.2600,17.6400,-4.6900,-0.2824,0.6032,-0.1604,0
49926,-6.9535,-4.3109,6.0990,-14.5600,18.4100,-1.4000,-0.4979,0.6295,-0.0479,0
49965,-7.2049,-4.1075,5.8501,-11.4800,12.6700,1.4700,-0.3926,0.4332,0.0503,0
50004,-6.8841,-4.3612,5.8453,-10.5000,2.7300,-0.2800,-0.3590,0.0934,-0.0096,0
50043,-7.1785,-4.3349,6.1612,-11.5500,7.4200,-2.1700,-0.3950,0.2537,-0.0742,0
50082,-7.0277,-4.1218,5.9673,-3.7800,-0.7000,-0.4200,-0.1293,-0.0239,-0.0144,0
50121,-6.1900,-3.4612,5.6993,-3.2900,3.1500,-1.8200,-0.1125,0.1077,-0.0622,0
50160,-6.2522,-4.1578,5.5987,0.1400,15.8200,-3.2900,0.0048,0.5410,-0.1125,0
50199,-6.9344,-4.2679,6.1373,1.4700,21.8400,-3.2900,0.0503,0.7468,-0.1125,0
50238,-7.4897,-4.1889,6.4078,8.6800,22.5400,-5.8100,0.2968,0.7708,-0.1987,0
50277,-7.8703,-3.7054,7.1450,11.9700,4.9000,-10.7100,0.4093,0.1676,-0.3662,0
50316,-5.4001,-1.9484,5.2133,17.4300,-1.6100,-11.6200,0.5960,-0.0551,-0.3973,0
50355,-5.5293,-1.9293,4.6461,7.9100,9.4500,-16.1000,0.2705,0.3231,-0.5505,0
50394,-6.8889,-2.7527,4.6102,-19.9500,7.0700,-16.1000,-0.6822,0.2418,-0.5505,0
50433,-7.7075,-3.3200,6.0607,-34.9300,-10.1500,-18.1300,-1.1944,-0.3471,-0.6200,0
50472,-7.1378,-4.8232,4.6700,-32.4800,-17.2900,-17.3600,-1.1106,-0.5912,-0.5936,0
50511,-6.4556,-5.2301,4.9979,-27.3700,-6.0200,-16.7300,-0.9359,-0.2059,-0.5721,0
50550,-6.1540,-5.5245,5.4264,-22.4000,-8.2600,-13.7200,-0.7660,-0.2824,-0.4692,0
50589,-6.1517,-5.3570,5.2995,-26.7400,-1.1200,-11.3400,-0.9144,-0.0383,-0.3878,0
50628,-6.6352,-6.3671,5.8740,-20.6500,4.9000,-2.7300,-0.7061,0.1676,-0.0934,0
50667,-7.0517,-6.5059,6.4365,-20.7200,14.5600,0.9100,-0.7085,0.4979,0.0311,0
50706,-7.3006,-6.5107,5.0769,13.7200,28.0700,-1.9600,0.4692,0.9598,-0.0670,0
50745,-7.5376,-6.4509,4.2583,6.3000,8.9600,-16.0300,0.2154,0.3064,-0.5481,0
50784,-6.7884,-4.8232,5.1990,3.2900,7.2100,-6.3000,0.1125,0.2465,-0.2154,0
50823,-6.2426,-5.4312,4.2726,8.1200,0.3500,-1.9600,0.2777,0.0120,-0.0670,0
50862,-5.7878,-5.6801,5.1822,7.5600,12.6700,-11.9000,0.2585,0.4332,-0.4069,0
50901,-6.1995,-5.7782,4.5527,16.7300,13.9300,-3.9200,0.5721,0.4763,-0.1340,0
50940,-6.8865,-6.1971,4.7514,27.3000,28.4900,-3.3600,0.9335,0.9742,-0.1149,0
50979,-7.1307,-5.2062,4.9524,20.3700,18.9700,-3.1500,0.6965,0.6487,-0.1077,0
51018,-7.2599,-5.2469,4.9022,14.7700,14.6300,-2.6600,0.5051,0.5003,-0.0910,0
51057,-7.2216,-6.3599,4.2152,17.5700,2.9400,-8.4700,0.6008,0.1005,-0.2896,0
51096,-7.7075,-6.6591,5.2469,19.3900,-9.3100,-12.5300,0.6630,-0.3184,-0.4285,0
51135,-7.1953,-4.6269,4.5719,17.8500,-23.2400,-20.5100,0.6104,-0.7947,-0.7013,0
51174,-6.7572,-3.9351,4.9357,13.9300,-29.3300,-53.1300,0.4763,-1.0029,-1.8168,0
51213,-4.9788,-5.2756,5.8357,6.4400,-29.8900,-41.7900,0.2202,-1.0221,-1.4290,0
51252,-5.5317,-4.4019,5.6131,17.9200,-9.3100,-38.5700,0.6128,-0.3184,-1.3189,0
51291,-7.4706,-3.6144,5.7806,20.7200,6.3000,-40.1100,0.7085,0.2154,-1.3716,0
51330,-8.0307,-4.0572,6.4987,-5.0400,-23.1000,-33.8100,-0.1723,-0.7899,-1.1561,0
51369,-7.4370,-4.2655,8.2533,-32.3400,-30.3800,-27.3000,-1.1059,-1.0388,-0.9335,0
51408,-8.0570,-6.7142,6.4437,-30.0300,-32.0600,-30.9400,-1.0269,-1.0963,-1.0580,0
51447,-8.6769,-7.6190,6.0487,-41.7900,-59.7800,-36.6100,-1.4290,-2.0442,-1.2519,0
51486,-8.2844,-7.7961,5.3881,-38.1500,-73.9900,-28.7700,-1.3045,-2.5301,-0.9838,0
51525,-6.6902,-8.0977,5.4216,-41.5800,-105.0000,-23.7300,-1.4218,-3.5905,-0.8114,0
51564,-4.9165,-8.9043,5.4647,-27.7200,-113.3300,-26.3200,-0.9479,-3.8753,-0.9000,0
51603,-3.3822,-9.2371,5.7447,-2.2400,-114.1700,-40.0400,-0.0766,-3.9040,-1.3692,0
51642,-1.6229,-7.8799,6.2881,43.7500,-103.3900,-51.6600,1.4960,-3.5354,-1.7665,0
51681,-1.7952,-6.4604,6.7213,74.6900,-106.6100,-59.9200,2.5540,-3.6455,-2.0490,0
51720,-0.8162,-3.3176,5.6203,78.0500,-99.9600,-47.8800,2.6689,-3.4181,-1.6372,0
51759,-1.0939,-1.6349,5.9362,52.9200,-98.0700,-35.6300,1.8096,-3.3535,-1.2184,0
51798,-0.4572,-2.0178,5.0171,33.8100,-91.6300,-23.3100,1.1561,-3.1333,-0.7971,0
51837,1.4984,-2.2333,5.4144,6.0200,-84.5600,-5.1800,0.2059,-2.8915,-0.1771,0
51876,3.1357,-2.8484,3.7772,-16.3800,-66.2900,1.1900,-0.5601,-2.2668,0.0407,0
51915,3.9687,-4.3899,3.4851,-63.5600,-50.4000,0.9800,-2.1734,-1.7234,0.0335,0
51954,3.8466,-6.0152,5.5102,-77.3500,-39.9700,29.0500,-2.6450,-1.3668,0.9934,0
51993,5.0745,-6.9559,4.3373,-56.2800,-36.8900,44.3800,-1.9245,-1.2614,1.5176,0
52032,5.4431,-10.4961,3.9591,-91.1400,-22.6100,39.0600,-3.1165,-0.7731,1.3357,0
52071,5.2110,-10.3812,5.3378,-72.1000,-52.9200,43.6100,-2.4654,-1.8096,1.4912,0
52110,4.3373,-12.3751,5.0482,-64.2600,-35.9100,45.4300,-2.1974,-1.2279,1.5535,0
52149,2.8676,-11.5206,4.6030,-33.5300,-57.6800,53.7600,-1.1466,-1.9724,1.8383,0
52188,3.2242,-9.3974,3.4205,-37.7300,-38.4300,69.3700,-1.2902,-1.3141,2.3721,0
52227,3.8035,-9.1676,4.0955,-44.5200,-55.5100,91.2100,-1.5224,-1.8982,3.1189,0
52266,3.0567,-8.0809,3.7389,-36.8200,1.8900,106.3300,-1.2591,0.0646,3.6359,0
52305,1.0197,-7.1067,3.3224,-41.9300,44.5900,91.1400,-1.4338,1.5247,3.1165,0
52344,0.5840,-6.4317,4.6580,-29.8200,33.9500,83.7200,-1.0197,1.1609,2.8628,0
52383,0.4332,-6.1947,2.1591,-9.7300,72.3100,59.8500,-0.3327,2.4726,2.0466,0
52422,-1.1657,-6.9463,2.7886,-51.4500,72.3800,33.8100,-1.7593,2.4750,1.1561,0
52461,-1.5128,-6.5825,2.3601,-20.5800,57.6800,-3.7100,-0.7037,1.9724,-0.1269,0
52500,-0.6942,-6.9535,1.8503,-31.2900,41.0200,-49.9800,-1.0700,1.4027,-1.7091,0
52539,-1.4960,-9.4884,1.0867,-46.0600,53.7600,-63.6300,-1.5750,1.8383,-2.1758,0
52578,-1.8766,-9.5051,1.7138,-63.2100,54.2500,-47.9500,-2.1615,1.8551,-1.6396,0
52617,-3.3367,-11.8150,1.2710,-47.6700,38.2200,-8.8900,-1.6301,1.3069,-0.3040,0
52656,-3.9591,-14.9435,1.0724,-30.3100,5.3900,2.5200,-1.0364,0.1843,0.0862,0
52695,-0.9981,-12.2674,0.6463,-13.1600,-11.9700,-6.7900,-0.4500,-0.4093,-0.2322,0
52734,-0.1843,-12.1094,0.7396,-20.7200,-15.2600,-28.1400,-0.7085,-0.5218,-0.9622,0
52773,1.3596,-13.9573,-0.1173,-53.9700,-4.8300,-42.7000,-1.8455,-0.1652,-1.4601,0
52812,0.2394,-13.6916,1.0436,-35.7000,27.4400,-56.8400,-1.2208,0.9383,-1.9436,0
52851,0.9000,-13.2225,2.1567,-5.3200,26.5300,-68.5300,-0.1819,0.9072,-2.3434,0
52890,2.0250,-12.2602,-0.1269,14.6300,13.5100,-67.7600,0.5003,0.4620,-2.3170,0
52929,0.5769,-10.9581,-0.2154,18.2700,2.1700,-64.1900,0.6247,0.0742,-2.1950,0
52968,1.4122,-9.7158,0.2609,-1.6100,-37.1700,-66.9200,-0.0551,-1.2710,-2.2883,0
53007,3.8466,-9.4932,-0.4692,-2.8000,-36.4000,-74.0600,-0.0957,-1.2447,-2.5325,0
53046,4.6078,-9.2107,-1.3548,-16.5900,-22.2600,-77.9100,-0.5673,-0.7612,-2.6641,0
53085,4.1937,-9.4764,-1.2614,-16.0300,1.2600,-70.3500,-0.5481,0.0431,-2.4056,0
53124,3.9974,-9.7110,-2.0011,-11.1300,11.4100,-66.0800,-0.3806,0.3902,-2.2596,0
53163,4.0405,-8.3490,-1.1609,-20.9300,13.1600,-67.6900,-0.7157,0.4500,-2.3147,0
53202,4.7777,-7.8081,-1.6468,-20.9300,6.7200,-64.4700,-0.7157,0.2298,-2.2045,0
53241,5.7399,-8.5285,-1.7019,-22.4000,20.6500,-60.2700,-0.7660,0.7061,-2.0609,0
53280,4.8304,-8.1551,-0.6606,-13.4400,24.7100,-66.7100,-0.4596,0.8450,-2.2811,0
53319,4.9405,-6.5849,-0.3662,6.9300,12.1100,-64.2600,0.2370,0.4141,-2.1974,0
53358,4.6556,-6.1876,0.0957,14.3500,10.7100,-60.6200,0.4907,0.3662,-2.0729,0
53397,4.5910,-5.4551,-0.7253,24.2900,-7.8400,-43.6100,0.8306,-0.2681,-1.4912,0
53436,4.5240,-4.7203,-1.0388,38.5000,-24.2900,-18.4100,1.3165,-0.8306,-0.6295,0
53475,4.7633,-4.6820,-0.5003,36.6100,-17.5700,-6.5100,1.2519,-0.6008,-0.2226,0
53514,6.1876,-4.9572,-0.1221,24.3600,-15.9600,-6.5800,0.8330,-0.5457,-0.2250,0
53553,6.5203,-5.8189,-0.4955,31.6400,-47.3900,-21.1400,1.0819,-1.6205,-0.7229,0
53592,5.5389,-6.8745,0.0694,12.8800,-29.4000,-21.2800,0.4404,-1.0053,-0.7277,0
53631,6.0344,-7.0804,-0.2537,38.1500,-49.4900,-12.3200,1.3045,-1.6923,-0.4213,0
53670,6.6232,-7.1570,-0.9838,70.0000,-60.0600,-17.0100,2.3936,-2.0537,-0.5817,0
53709,7.9708,-6.6064,-1.0197,76.5800,-60.9000,-10.0800,2.6186,-2.0825,-0.3447,0
53748,8.3921,-8.0354,-1.4051,53.3400,-58.3800,-3.9900,1.8240,-1.9963,-0.1364,0
53787,7.3126,-8.0211,-2.0825,50.2600,-43.1200,-7.3500,1.7186,-1.4745,-0.2513,0
53826,6.4796,-7.7003,-1.2926,61.9500,-33.9500,7.7000,2.1184,-1.1609,0.2633,0
53865,4.9381,-8.2748,-3.9112,106.4000,-9.5900,40.1800,3.6383,-0.3279,1.3739,0
53904,4.1242,-8.9091,-0.8019,94.2900,-18.8300,52.8500,3.2242,-0.6439,1.8072,0
53943,5.2588,-6.3384,-0.1101,87.9900,-27.5800,56.7700,3.0088,-0.9431,1.9412,0
53982,6.1756,-7.1139,-0.3303,132.8600,-12.6000,72.0300,4.5431,-0.4309,2.4631,0
54021,7.1259,-7.8487,0.1005,97.2300,-46.4800,53.2700,3.3248,-1.5894,1.8216,0
54060,7.0469,-7.2025,1.2997,34.0200,-105.4900,48.5800,1.1633,-3.6072,1.6612,0
54099,7.1594,-7.5376,1.9412,56.2800,-89.6700,69.2300,1.9245,-3.0663,2.3673,0
54138,6.4173,-7.4538,1.5343,77.5600,-99.5400,65.1700,2.6522,-3.4038,2.2285,0
54177,5.5078,-7.2886,1.2064,59.6400,-74.8300,69.1600,2.0394,-2.5588,2.3649,0
54216,7.8464,-8.8996,0.5840,39.4100,-112.9800,55.5800,1.3476,-3.8633,1.9006,0
54255,7.9995,-8.2605,0.7588,-2.5200,-80.6400,36.8200,-0.0862,-2.7575,1.2591,0
54294,6.8338,-8.9570,2.5373,2.3100,-76.7200,21.7000,0.0790,-2.6234,0.7420,0
54333,5.3594,-8.7679,1.4266,15.3300,-105.7700,21.0700,0.5242,-3.6168,0.7205,0
54372,5.1391,-9.1772,-0.0335,35.2100,-112.2800,20.5800,1.2040,-3.8394,0.7037,0
54411,5.0673,-8.2652,0.2992,26.1800,-87.9900,23.8000,0.8952,-3.0088,0.8138,0
54450,4.6102,-7.5807,1.4601,21.1400,-89.3200,31.2900,0.7229,-3.0543,1.0700,0
54489,4.2343,-7.5304,1.8359,25.9700,-88.2700,37.2400,0.8880,-3.0184,1.2734,0
54528,5.1583,-7.7099,0.6152,15.1900,-86.5900,34.7900,0.5194,-2.9609,1.1896,0
54567,4.7250,-7.7817,0.0455,12.8800,-73.7100,36.0500,0.4404,-2.5205,1.2327,0
54606,3.4253,-8.5764,-0.1173,4.6900,-57.9600,42.2800,0.1604,-1.9819,1.4458,0
54645,3.9328,-8.6865,-0.2418,-1.7500,-63.1400,44.2400,-0.0598,-2.1591,1.5128,0
54684,3.7748,-8.8876,-1.1083,-6.8600,-50.5400,35.0700,-0.2346,-1.7282,1.1992,0
54723,2.8700,-9.6775,-1.1274,3.0800,-32.3400,11.6900,0.1053,-1.1059,0.3997,0
54762,2.4559,-9.9025,-0.7899,6.5800,-21.7700,-10.6400,0.2250,-0.7444,-0.3638,0
54801,0.8737,-9.1102,-1.1681,10.2200,-1.4000,-34.1600,0.3495,-0.0479,-1.1681,0
54840,-0.0957,-8.7799,-1.2591,-0.4900,-9.0300,-59.0100,-0.0168,-0.3088,-2.0178,0
54879,-0.1317,-8.6769,-1.2160,-12.7400,-10.5700,-74.0600,-0.4356,-0.3614,-2.5325,0
54918,1.0221,-8.0091,-0.3950,-15.7500,-28.7700,-78.8200,-0.5386,-0.9838,-2.6952,0
54957,6.6495,-9.6416,-0.7396,0.2100,-31.0100,-64.1900,0.0072,-1.0604,-2.1950,0
54996,8.1575,-10.9389,-1.1035,-0.9800,-16.8000,-45.6400,-0.0335,-0.5745,-1.5607,0
55035,6.3455,-9.2251,-1.1178,-5.7400,5.2500,-46.5500,-0.1963,0.1795,-1.5918,0
55074,5.1583,-8.5980,-0.0910,-10.0100,14.9800,-31.0100,-0.3423,0.5122,-1.0604,0
55113,4.9309,-8.8780,-0.7229,-11.9000,-1.0500,-26.2500,-0.4069,-0.0359,-0.8976,0
55152,5.5532,-8.8852,-0.7636,0.2100,2.8000,-30.4500,0.0072,0.0957,-1.0412,0
55191,5.5820,-8.3921,-1.2902,12.6700,-5.4600,-21.0700,0.4332,-0.1867,-0.7205,0
55230,5.2636,-7.5328,-1.0077,15.2600,-4.7600,-20.3000,0.5218,-0.1628,-0.6942,0
55269,5.6777,-7.2216,-1.0532,21.0700,-11.8300,-17.0800,0.7205,-0.4045,-0.5840,0
55308,5.9865,-7.3628,-1.0484,20.4400,-21.1400,-18.2000,0.6989,-0.7229,-0.6223,0
55347,6.3958,-7.5112,-1.0317,23.8700,-29.8900,-19.3200,0.8162,-1.0221,-0.6606,0
55386,6.4269,-7.3533,-0.9239,29.3300,-34.5100,-16.8700,1.0029,-1.1801,-0.5769,0
55425,6.8865,-6.7453,-0.7396,36.9600,-29.4000,-8.6800,1.2638,-1.0053,-0.2968,0
55464,7.0828,-5.8094,-0.4883,38.0800,-26.2500,-9.5900,1.3021,-0.8976,-0.3279,0
55503,7.7482,-5.3689,-0.0335,27.2300,-21.7700,-13.8600,0.9311,-0.7444,-0.4739,0
55542,8.4567,-6.3360,-0.8306,16.1700,-6.3000,-15.4700,0.5529,-0.2154,-0.5290,0
55581,8.3993,-6.7213,-0.4692,28.2100,-6.0900,-16.3800,0.9646,-0.2082,-0.5601,0
55620,7.7482,-6.3144,-0.1604,31.0800,-21.2100,-24.2900,1.0628,-0.7253,-0.8306,0
55659,7.8703,-4.7298,-0.9479,16.8700,-19.4600,-20.9300,0.5769,-0.6654,-0.7157,0
55698,7.5112,-5.6562,-1.0819,6.4400,-17.0100,-13.4400,0.2202,-0.5817,-0.4596,0
55737,6.6352,-8.7775,-0.5314,5.8100,-19.1100,-6.3700,0.1987,-0.6535,-0.2178,0
55776,6.2881,-9.2251,0.2585,40.5300,-27.2300,-3.4300,1.3859,-0.9311,-0.1173,0
55815,7.6764,-7.1666,-1.4266,71.2600,-65.1000,-15.6800,2.4367,-2.2261,-0.5362,0
55854,8.6458,-7.2527,-2.2045,43.9600,-64.6100,-11.6200,1.5032,-2.2093,-0.3973,0
55893,7.8631,-7.8655,-1.6708,26.0400,-49.0700,-7.2800,0.8904,-1.6779,-0.2489,0
55932,7.1642,-7.3604,-2.1615,21.7700,-42.6300,-5.4600,0.7444,-1.4577,-0.1867,0
55971,6.7094,-7.7147,-3.3367,31.2900,-27.3700,3.4300,1.0700,-0.9359,0.1173,0
56010,5.1296,-7.4370,-3.2984,49.5600,-12.6700,18.1300,1.6947,-0.4332,0.6200,0
56049,4.5671,-7.0325,-2.9202,70.4200,15.1900,40.1800,2.4080,0.5194,1.3739,0
56088,4.9524,-6.7070,-0.2681,72.4500,12.8100,58.5200,2.4774,0.4380,2.0011,0
56127,5.9482,-7.6573,1.1442,68.8800,-2.5900,70.1400,2.3553,-0.0886,2.3984,0
56166,7.6692,-9.0049,1.2327,67.6900,-32.6200,53.2000,2.3147,-1.1154,1.8192,0
56205,7.1570,-7.4131,1.5008,50.8200,-48.6500,19.4600,1.7378,-1.6636,0.6654,0
56244,6.6806,-6.5299,2.5205,29.1900,-34.0900,7.2800,0.9981,-1.1657,0.2489,0
56283,8.4376,-6.8003,2.5971,29.2600,3.7800,21.8400,1.0005,0.1293,0.7468,0
56322,7.6884,-6.1995,1.9771,0.2800,-17.5000,27.7900,0.0096,-0.5984,0.9503,0
56361,6.8410,-7.8081,1.7474,-9.6600,-30.8000,34.5800,-0.3303,-1.0532,1.1825,0
56400,6.6663,-8.6626,2.5684,-28.9100,-15.0500,24.0100,-0.9886,-0.5146,0.8210,0
56439,5.3641,-8.4543,1.8718,-19.5300,-32.3400,11.9000,-0.6678,-1.1059,0.4069,0
56478,3.9208,-8.5740,0.7516,14.2800,-30.5900,28.2100,0.4883,-1.0460,0.9646,0
56517,5.2014,-7.8224,1.8527,6.9300,-57.5400,44.3800,0.2370,-1.9676,1.5176,0
56556,6.0009,-6.6830,1.5487,-0.1400,-57.9600,33.3900,-0.0048,-1.9819,1.1418,0
56595,5.3354,-8.1695,0.0431,-19.6000,-27.5800,35.6300,-0.6702,-0.9431,1.2184,0
56634,3.2554,-10.2807,0.7420,-9.1000,-18.2700,34.8600,-0.3112,-0.6247,1.1920,0
56673,2.7670,-10.7163,1.0149,15.6100,-53.6200,26.0400,0.5338,-1.8335,0.8904,0
56712,3.1117,-9.6440,0.0503,21.3500,-50.8200,21.7000,0.7301,-1.7378,0.7420,0
56751,3.7125,-8.7799,0.3519,22.1900,-48.0200,18.8300,0.7588,-1.6420,0.6439,0
56790,3.5450,-9.1605,-1.2686,19.8800,-41.9300,17.9900,0.6798,-1.4338,0.6152,0
56829,3.6264,-8.2892,0.4596,15.9600,-41.5100,9.1000,0.5457,-1.4194,0.3112,0
56868,2.7216,-8.7727,0.4380,14.0700,-53.6900,11.6900,0.4811,-1.8359,0.3997,0
56907,2.2141,-11.2094,-0.0263,13.2300,-32.9000,-10.9900,0.4524,-1.1250,-0.3758,0
56946,1.0173,-10.4674,-2.0274,40.4600,-54.7400,-44.2400,1.3835,-1.8718,-1.5128,0
56985,-0.0934,-7.0660,-2.2979,31.9900,-37.5900,-65.5900,1.0939,-1.2854,-2.2428,0
57024,-0.0527,-6.3216,-1.4362,15.3300,-47.1100,-87.7800,0.5242,-1.6109,-3.0016,0
57063,4.1314,-7.1977,-1.5654,11.9000,-71.6100,-91.6300,0.4069,-2.4487,-3.1333,0
57102,10.7666,-11.2381,-2.3769,14.6300,-54.0400,-62.0200,0.5003,-1.8479,-2.1208,0
57141,7.1546,-6.8769,-0.0934,4.7600,-11.7600,-65.2400,0.1628,-0.4021,-2.2309,0
57180,7.0541,-7.3485,0.6918,-17.4300,-3.9900,-49.0700,-0.5960,-0.1364,-1.6779,0
57219,7.0158,-9.5004,-0.6774,6.7200,-17.7100,-10.1500,0.2298,-0.6056,-0.3471,0
57258,7.3580,-9.5650,0.2346,11.5500,-38.9900,-5.3200,0.3950,-1.3333,-0.1819,0
57297,6.9511,-7.2312,0.3160,8.8900,-42.4200,-21.0000,0.3040,-1.4505,-0.7181,0
57336,6.7357,-7.1426,-0.0551,1.6100,-31.9200,-14.8400,0.0551,-1.0915,-0.5075,0
57375,6.0128,-7.6812,0.7612,-7.6300,-24.7100,-1.4000,-0.2609,-0.8450,-0.0479,0
57414,6.2450,-6.6615,-0.6056,21.2800,-22.8900,2.7300,0.7277,-0.7827,0.0934,0
57453,5.3235,-5.2110,-1.0221,8.2600,-26.0400,-5.8800,0.2824,-0.8904,-0.2011,0
57492,6.1708,-4.0644,-0.8497,7.8400,-7.4200,-2.8000,0.2681,-0.2537,-0.0957,0
57531,8.3682,-4.8543,-1.9748,18.7600,16.3100,-3.2200,0.6415,0.5577,-0.1101,0
57570,8.2509,-6.5275,-0.9168,-18.8300,20.2300,2.8000,-0.6439,0.6918,0.0957,0
57609,7.7578,-9.2107,0.2322,-33.6700,20.1600,-2.8000,-1.1513,0.6894,-0.0957,0
57648,7.8775,-8.4184,-0.8497,-7.4900,5.8100,-8.2600,-0.2561,0.1987,-0.2824,0
57687,8.2222,-8.3203,-1.8910,-1.1200,-9.8000,3.3600,-0.0383,-0.3351,0.1149,0
57726,8.1719,-8.5046,-1.5990,-4.3400,-1.8200,11.3400,-0.1484,-0.0622,0.3878,0
57765,7.3724,-8.4280,-1.6013,-1.0500,8.1200,10.0800,-0.0359,0.2777,0.3447,0
57804,5.8046,-7.8464,-2.6067,3.0800,16.2400,9.4500,0.1053,0.5553,0.3231,0
57843,5.1368,-8.3562,-2.2907,13.8600,7.0000,33.3900,0.4739,0.2394,1.1418,0
57882,5.5604,-7.8703,-1.4266,26.8100,11.5500,40.0400,0.9168,0.3950,1.3692,0
57921,5.8979,-7.4610,-0.9431,50.8200,16.4500,39.2000,1.7378,0.5625,1.3404,0
57960,5.9793,-7.6190,-0.2059,58.7300,-11.4100,33.4600,2.0083,-0.3902,1.1442,0
57999,7.3269,-7.5017,3.7077,52.6400,-23.5900,23.9400,1.8000,-0.8067,0.8186,0
58038,7.6142,-7.9924,2.1232,73.5700,-64.9600,-4.3400,2.5157,-2.2213,-0.1484,0
58077,7.4442,-6.6424,2.8676,48.8600,-49.9100,-18.9000,1.6708,-1.7067,-0.6463,0
58116,8.2174,-7.4011,1.5559,46.0600,-50.7500,12.6700,1.5750,-1.7354,0.4332,0
58155,8.4735,-7.7410,3.6862,33.2500,-55.4400,34.0200,1.1370,-1.8958,1.1633,0
58194,10.9294,-6.1804,4.7729,49.4200,-155.4700,22.6800,1.6899,-5.3163,0.7755,0
58233,6.1971,-17.0786,-6.5777,-11.0600,6.9300,-23.8000,-0.3782,0.2370,-0.8138,0
58272,-2.8460,-4.1147,-3.1931,77.2800,-8.6800,-17.2900,2.6426,-0.2968,-0.5912,0
58311,-1.3141,-1.8790,-1.5104,-8.8900,32.2700,-6.6500,-0.3040,1.1035,-0.2274,0
58350,5.9099,-7.5448,1.5678,3.2200,-5.7400,17.5000,0.1101,-0.1963,0.5984,0
58389,7.0588,-9.0815,2.1256,52.7100,-34.0200,48.7900,1.8024,-1.1633,1.6684,0
58428,4.8447,-4.8663,1.3500,13.4400,-24.0800,11.4800,0.4596,-0.8234,0.3926,0
58467,5.1032,-7.8799,-0.3184,2.2400,-10.2900,20.1600,0.0766,-0.3519,0.6894,0
58506,5.3570,-8.0498,-0.7540,-29.0500,4.4100,33.2500,-0.9934,0.1508,1.1370,0
58545,3.5067,-8.8349,0.3207,19.4600,-30.0300,41.2300,0.6654,-1.0269,1.4099,0
58584,2.8867,-8.9163,1.6971,-3.0100,-63.9800,49.2800,-0.1029,-2.1878,1.6851,0
58623,3.9447,-9.6679,1.4434,-37.7300,-108.2900,43.8900,-1.2902,-3.7030,1.5008,0
58662,6.0463,-11.9730,-0.7013,11.4100,-85.9600,26.4600,0.3902,-2.9394,0.9048,0
58701,5.5006,-12.8754,-1.4601,21.0700,-63.4200,11.7600,0.7205,-2.1686,0.4021,0
58740,3.4468,-9.3184,-1.2303,22.7500,-45.0100,8.8200,0.7779,-1.5391,0.3016,0
58779,2.3817,-9.4094,-1.7785,33.8800,-58.9400,1.7500,1.1585,-2.0154,0.0598,0
58818,1.0029,-8.3538,-1.9819,17.4300,-51.7300,-24.9900,0.5960,-1.7689,-0.8545,0
58857,0.0503,-7.4394,-3.3367,17.3600,-56.2100,-54.8800,0.5936,-1.9221,-1.8766,0
58896,-0.1005,-6.8937,-4.0213,0.5600,-41.7200,-83.4400,0.0191,-1.4266,-2.8532,0
58935,-0.7851,-6.4078,-5.6418,-1.1900,-76.7200,-93.5200,-0.0407,-2.6234,-3.1979,0
58974,0.1364,-3.8729,-2.1758,14.1400,-90.4400,-103.1100,0.4835,-3.0926,-3.5258,0
59013,8.2724,-4.8639,-1.6253,59.6400,-118.3000,-85.5400,2.0394,-4.0453,-2.9250,0
59052,14.9866,-10.6732,-0.8019,65.0300,-81.4100,-10.3600,2.2237,-2.7838,-0.3543,0
59091,12.3081,-6.9200,2.0346,-1.1200,-10.2900,-30.8700,-0.0383,-0.3519,-1.0556,0
59130,8.7176,-7.6214,3.1428,25.2700,-16.3800,-27.5800,0.8641,-0.5601,-0.9431,0
59169,7.7841,-6.9990,0.4931,48.9300,-18.5500,-2.0300,1.6732,-0.6343,-0.0694,0
59208,9.1317,-4.6987,-1.3428,59.5700,-31.7800,-5.5300,2.0370,-1.0867,-0.1891,0
59247,10.3764,-5.4096,-1.6779,2.9400,-7.8400,-8.7500,0.1005,-0.2681,-0.2992,0
59286,9.5482,-9.1126,-0.5098,-18.6900,4.1300,-3.6400,-0.6391,0.1412,-0.1245,0
59325,8.7607,-9.1174,-0.3686,-5.2500,-1.1200,-26.0400,-0.1795,-0.0383,-0.8904,0
59364,8.1480,-7.8559,-0.9527,15.2600,-12.3200,-23.5900,0.5218,-0.4213,-0.8067,0
59403,7.7291,-7.6333,-1.5463,10.0800,-18.9000,-7.6300,0.3447,-0.6463,-0.2609,0
59442,6.7118,-7.4155,-0.8426,9.5900,-13.0200,5.6700,0.3279,-0.4452,0.1939,0
59481,5.5580,-7.4873,-2.0059,11.9700,-6.2300,1.9600,0.4093,-0.2130,0.0670,0
59520,4.4522,-5.7830,-3.2194,22.3300,-0.0700,3.1500,0.7636,-0.0024,0.1077,0
59559,4.7562,-5.4024,-3.8753,39.2700,-18.9700,18.2700,1.3428,-0.6487,0.6247,0
59598,5.5628,-5.5868,-1.9101,69.9300,-1.7500,54.6700,2.3912,-0.0598,1.8694,0
59637,6.1301,-3.5546,0.7803,76.7900,29.8900,85.0500,2.6258,1.0221,2.9083,0
59676,6.5011,-7.7003,1.3117,51.7300,-44.3800,88.6200,1.7689,-1.5176,3.0303,0
59715,5.5652,-9.2347,0.9072,6.8600,-87.3600,52.7800,0.2346,-2.9873,1.8048,0
59754,4.2726,-10.3214,0.7325,16.0300,-83.0900,56.3500,0.5481,-2.8413,1.9269,0
59793,2.2811,-9.1006,1.3739,29.4000,-99.8900,67.6200,1.0053,-3.4157,2.3123,0
59832,4.7897,-9.4980,0.8928,13.9300,-111.1600,71.5400,0.4763,-3.8011,2.4463,0
59871,7.0469,-9.7038,0.6128,34.3000,-107.5900,46.3400,1.1729,-3.6790,1.5846,0
59910,5.2062,-9.3711,-0.6463,-12.1800,-84.0700,7.9800,-0.4165,-2.8748,0.2729,0
59949,5.1128,-9.0767,-0.1556,-13.6500,-99.5400,14.9800,-0.4668,-3.4038,0.5122,0
59988,3.9591,-10.5919,-1.2279,8.4700,-70.8400,18.7600,0.2896,-2.4224,0.6415,0
60027,3.6431,-10.3812,-1.3261,23.2400,-76.3000,26.2500,0.7947,-2.6091,0.8976,0
60066,3.0375,-7.7650,0.6822,35.9800,-79.6600,26.1800,1.2303,-2.7240,0.8952,0
60105,3.8921,-7.8033,-0.0503,16.0300,-64.4700,27.9300,0.5481,-2.2045,0.9551,0
60144,2.5181,-9.3041,-0.8521,22.7500,-57.4000,36.2600,0.7779,-1.9628,1.2399,0
60183,1.0149,-9.1222,0.0287,18.2000,-55.5100,31.4300,0.6223,-1.8982,1.0747,0
60222,2.4008,-9.9551,-0.4309,32.2000,-50.9600,25.4800,1.1011,-1.7426,0.8713,0
60261,2.4080,-10.3094,0.0503,33.6000,-50.5400,20.1600,1.1489,-1.7282,0.6894,0
60300,2.4702,-8.8924,-0.9216,32.6200,-35.0700,10.5700,1.1154,-1.1992,0.3614,0
60339,-0.4285,-8.1216,-0.9000,34.5800,-19.6700,4.5500,1.1825,-0.6726,0.1556,0
60378,0.0407,-7.6788,-0.4883,0.0700,-41.6500,-2.5200,0.0024,-1.4242,-0.0862,0
60417,1.7258,-9.4525,0.2705,-11.2700,-30.1000,-18.4800,-0.3854,-1.0293,-0.6319,0
60456,3.2960,-9.5770,0.8378,-10.6400,-21.6300,-26.9500,-0.3638,-0.7396,-0.9216,0
60495,2.5947,-8.3203,-0.6367,-33.4600,-1.7500,-38.9900,-1.1442,-0.0598,-1.3333,0
60534,2.6306,-10.0054,-0.7923,-24.7800,-1.7500,-33.6700,-0.8473,-0.0598,-1.1513,0
60573,2.4918,-11.3291,-1.0747,-14.0700,-5.9500,-24.8500,-0.4811,-0.2035,-0.8497,0
60612,2.0825,-10.1490,-0.6128,4.2000,-13.3000,-21.0700,0.1436,-0.4548,-0.7205,0
60651,2.5851,-9.7349,-0.7372,9.5200,-28.6300,-17.8500,0.3255,-0.9790,-0.6104,0
60690,2.8221,-10.0916,-0.6128,6.4400,-29.4000,-7.9100,0.2202,-1.0053,-0.2705,0
60729,2.6234,-9.7852,-0.4739,8.5400,-33.9500,-3.4300,0.2920,-1.1609,-0.1173,0
60768,2.1256,-9.5793,-0.9862,10.2200,-39.2700,-4.5500,0.3495,-1.3428,-0.1556,0
60807,1.7474,-9.7397,-1.2327,11.9000,-41.5800,-2.9400,0.4069,-1.4218,-0.1005,0
60846,1.4458,-10.2017,-1.2471,17.7100,-38.6400,-9.3100,0.6056,-1.3213,-0.3184,0
60885,1.0819,-9.1940,-1.6708,22.8900,-36.3300,-27.5100,0.7827,-1.2423,-0.9407,0
60924,0.9527,-8.6913,-1.7545,0.2100,-23.2400,-61.1100,0.0072,-0.7947,-2.0896,0
60963,1.6755,-8.7942,-1.4290,12.1100,-18.9700,-84.8400,0.4141,-0.6487,-2.9011,0
61002,3.8514,-8.2533,-0.5362,13.7900,-25.4100,-91.2100,0.4715,-0.8689,-3.1189,0
61041,7.3844,-10.0389,-2.0370,15.6100,-23.7300,-71.4700,0.5338,-0.8114,-2.4439,0
61080,5.9578,-8.6746,-0.5146,7.1400,-11.4100,-56.4200,0.2442,-0.3902,-1.9293,0
61119,5.2014,-8.6841,-0.7731,6.0900,-12.7400,-49.6300,0.2082,-0.4356,-1.6971,0
61158,5.3785,-8.4136,-1.1106,23.7300,-25.1300,-38.5700,0.8114,-0.8593,-1.3189,0
61197,6.2402,-8.2102,-0.7947,25.5500,-35.5600,-31.9200,0.8737,-1.2160,-1.0915,0
61236,6.7644,-7.8703,-0.9551,30.3800,-36.5400,-34.3000,1.0388,-1.2495,-1.1729,0
61275,6.1540,-7.1187,0.0790,38.5000,-40.6700,-35.7700,1.3165,-1.3907,-1.2232,0
61314,6.3814,-7.0780,-0.4476,50.6800,-48.7200,-30.5200,1.7330,-1.6660,-1.0436,0
61353,6.6280,-6.8721,-0.7612,55.8600,-42.8400,-24.7800,1.9101,-1.4649,-0.8473,0
61392,5.8836,-5.8692,-0.3590,58.6600,-49.0000,-23.2400,2.0059,-1.6755,-0.7947,0
61431,6.4054,-4.8160,-1.0173,42.4200,-47.1800,-24.9200,1.4505,-1.6133,-0.8521,0
61470,6.8219,-4.1171,-1.6755,31.0800,-41.5800,-20.0200,1.0628,-1.4218,-0.6846,0
61509,7.1594,-5.2038,-1.9365,15.9600,-21.4200,-6.9300,0.5457,-0.7325,-0.2370,0
61548,7.4801,-7.5017,-1.3907,-3.2200,-15.1900,5.6000,-0.1101,-0.5194,0.1915,0
61587,8.1886,-10.0437,-1.3500,11.8300,-38.4300,3.9900,0.4045,-1.3141,0.1364,0
61626,8.2652,-9.1940,-1.1178,33.7400,-49.7700,-9.6600,1.1537,-1.7019,-0.3303,0
61665,8.2293,-9.2203,-1.1801,50.6800,-46.7600,-15.7500,1.7330,-1.5990,-0.5386,0
61704,8.1503,-8.6482,-1.6013,69.2300,-55.4400,-18.9000,2.3673,-1.8958,-0.6463,0
61743,7.7219,-7.1283,-1.5750,58.9400,-46.7600,-15.5400,2.0154,-1.5990,-0.5314,0
61782,7.4945,-7.2240,-1.8407,53.9700,-40.5300,-2.3800,1.8455,-1.3859,-0.0814,0
61821,6.7860,-7.7147,-2.9298,71.8200,-36.8900,3.5000,2.4559,-1.2614,0.1197,0
61860,5.4527,-7.1953,-3.1357,87.4300,-37.0300,-2.5200,2.9897,-1.2662,-0.0862,0
61899,5.2684,-6.6974,-2.7000,105.2100,-41.4400,1.5400,3.5976,-1.4170,0.0527,0
61938,6.0056,-6.6184,-1.7833,119.3500,-32.7600,18.9700,4.0812,-1.1202,0.6487,0
61977,7.0852,-7.2767,-0.0814,119.6300,-6.0200,38.1500,4.0907,-0.2059,1.3045,0
62016,7.0014,-7.7698,1.1298,105.1400,-35.8400,30.3800,3.5952,-1.2255,1.0388,0
62055,7.9972,-7.1426,-0.2561,87.4300,-95.6200,18.9700,2.9897,-3.2697,0.6487,0
62094,6.6926,-5.0099,-0.2226,62.5800,-66.9200,27.5100,2.1399,-2.2883,0.9407,0
62133,5.5485,-4.2966,1.5846,21.8400,-60.6900,57.6800,0.7468,-2.0753,1.9724,0
62172,5.9386,-6.5562,2.5684,6.0900,-77.9100,86.9400,0.2082,-2.6641,2.9729,0
62211,4.6676,-9.8929,3.0830,10.9900,-98.8400,66.7100,0.3758,-3.3798,2.2811,0
62250,4.8136,-9.4932,1.8982,26.8100,-106.7500,35.3500,0.9168,-3.6503,1.2088,0
62289,5.7902,-7.5854,0.5075,20.4400,-88.8300,36.1200,0.6989,-3.0375,1.2351,0
62328,5.6897,-7.6333,1.2902,21.0700,-78.0500,29.3300,0.7205,-2.6689,1.0029,0
62367,6.4939,-9.2083,-0.8545,1.6100,-102.9000,30.9400,0.0551,-3.5187,1.0580,0
62406,6.0631,-8.5884,0.1412,-2.5900,-90.5100,28.6300,-0.0886,-3.0950,0.9790,0
62445,4.9740,-8.3083,-0.4476,6.0200,-99.1200,43.6800,0.2059,-3.3894,1.4936,0
62484,5.2133,-8.8134,-0.1580,-0.7700,-81.7600,58.5900,-0.0263,-2.7958,2.0035,0
62523,4.3062,-10.4052,-0.6104,15.6800,-70.2800,57.3300,0.5362,-2.4032,1.9604,0
62562,3.2889,-10.7139,-0.5817,23.1700,-62.8600,46.2700,0.7923,-2.1495,1.5822,0
62601,2.7910,-9.0910,-0.9910,36.6100,-62.3700,37.3100,1.2519,-2.1327,1.2758,0
62640,2.2500,-7.8416,-0.9694,34.2300,-51.0300,21.4900,1.1705,-1.7450,0.7348,0
62679,1.7689,-7.8727,-0.7851,14.2100,-46.9000,-0.5600,0.4859,-1.6037,-0.0191,0
62718,0.4596,-8.6985,-2.0537,7.3500,-42.3500,-38.7800,0.2513,-1.4482,-1.3261,0
62757,0.2250,-8.3897,-1.3333,7.1400,-56.9800,-58.1700,0.2442,-1.9484,-1.9891,0
62796,1.1944,-8.5118,-1.7067,-1.0500,-68.0400,-72.9400,-0.0359,-2.3266,-2.4942,0
62835,2.3075,-8.6243,-1.8814,5.5300,-58.3100,-82.4600,0.1891,-1.9939,-2.8197,0
62874,4.2104,-9.3256,-1.9891,26.6700,-76.3700,-76.2300,0.9120,-2.6115,-2.6067,0
62913,7.3772,-9.6464,-2.1112,32.8300,-61.8100,-65.7300,1.1226,-2.1136,-2.2476,0
62952,7.6285,-8.9666,-1.3404,17.7100,-20.0900,-69.0900,0.6056,-0.6870,-2.3625,0
62991,7.3054,-9.4621,-0.6367,12.9500,-1.7500,-65.5200,0.4428,-0.0598,-2.2404,0
63030,7.7075,-8.7559,-0.7468,21.7700,-5.9500,-47.8800,0.7444,-0.2035,-1.6372,0
63069,7.5687,-7.2719,-0.8210,22.0500,0.2800,-30.2400,0.7540,0.0096,-1.0341,0
63108,6.5490,-6.9751,-0.4428,0.8400,-9.2400,-29.0500,0.0287,-0.3160,-0.9934,0
63147,6.1876,-7.2408,-0.5960,-2.8700,-8.6800,-20.3000,-0.0981,-0.2968,-0.6942,0
63186,5.1104,-7.6932,-0.7372,23.1700,-17.2200,-15.6100,0.7923,-0.5888,-0.5338,0
63225,5.7471,-6.5945,-1.0484,25.6200,-31.5000,-23.6600,0.8761,-1.0771,-0.8091,0
63264,6.2402,-6.1445,-1.2614,39.7600,-27.6500,-26.5300,1.3596,-0.9455,-0.9072,0
63303,6.7692,-5.9075,-0.8761,42.6300,-28.3500,-23.4500,1.4577,-0.9694,-0.8019,0
63342,7.5232,-5.5126,-0.7779,36.4700,-19.1800,-25.6200,1.2471,-0.6559,-0.8761,0
63381,7.9038,-5.5868,-0.8737,43.0500,-23.5200,-24.5000,1.4721,-0.8043,-0.8378,0
63420,8.2844,-5.5724,-0.4428,24.2900,-26.0400,-16.5900,0.8306,-0.8904,-0.5673,0
63459,7.9349,-5.5628,-0.9551,23.4500,-21.6300,-14.1400,0.8019,-0.7396,-0.4835,0
63498,8.3131,-4.6939,-1.9006,23.1700,-19.9500,-17.8500,0.7923,-0.6822,-0.6104,0
63537,8.1240,-4.9285,-2.0083,26.8100,-11.8300,-16.2400,0.9168,-0.4045,-0.5553,0
63576,7.8104,-5.7926,-1.6899,0.4900,-6.2300,-0.6300,0.0168,-0.2130,-0.0215,0
63615,8.1719,-7.4634,-0.9120,6.4400,-20.7200,6.7900,0.2202,-0.7085,0.2322,0
63654,8.3730,-7.6453,-1.0532,23.6600,-23.2400,-4.6200,0.8091,-0.7947,-0.1580,0
63693,7.7434,-7.5519,-1.2782,21.8400,-20.6500,-9.2400,0.7468,-0.7061,-0.3160,0
63732,7.1833,-7.9421,-1.1106,36.1900,-26.3900,-5.3900,1.2375,-0.9024,-0.1843,0
63771,7.2958,-7.8368,-1.7474,51.1700,-37.3100,-5.0400,1.7498,-1.2758,-0.1723,0
63810,6.7740,-7.1761,-1.4841,62.3000,-44.7300,-2.8000,2.1303,-1.5295,-0.0957,0
63849,6.7333,-6.8003,-0.8138,73.2200,-25.4800,3.5000,2.5037,-0.8713,0.1197,0
63888,7.4538,-6.6711,-0.0910,81.5500,-11.4100,-1.1200,2.7886,-0.3902,-0.0383,0
63927,8.1982,-6.3647,-0.2537,74.9700,-11.2000,-2.7300,2.5636,-0.3830,-0.0934,0
63966,8.7033,-6.3599,0.1676,59.5700,-15.4000,-10.8500,2.0370,-0.5266,-0.3710,0
64005,9.0982,-6.9894,-0.5027,70.4200,-14.9800,-10.9900,2.4080,-0.5122,-0.3758,0
64044,7.0780,-6.1684,0.7396,35.7700,1.2600,-7.8400,1.2232,0.0431,-0.2681,0
64083,6.8985,-5.6681,1.0269,28.1400,-9.9400,-7.1400,0.9622,-0.3399,-0.2442,0
64122,7.4418,-5.7208,0.1269,31.0800,-18.4100,-2.2400,1.0628,-0.6295,-0.0766,0
64161,7.7099,-6.0727,0.3160,30.6600,-15.8200,7.5600,1.0484,-0.5410,0.2585,0
64200,7.0971,-5.9506,1.0460,28.9100,-21.8400,10.8500,0.9886,-0.7468,0.3710,0
64239,7.1618,-5.1918,1.5607,20.9300,-31.7100,11.9000,0.7157,-1.0843,0.4069,0
64278,8.1216,-5.4910,0.7779,10.7100,-21.9800,22.1200,0.3662,-0.7516,0.7564,0
64317,7.6501,-6.5466,0.2681,23.3800,-11.6900,27.7200,0.7995,-0.3997,0.9479,0
64356,7.0062,-6.7764,1.5056,7.4900,-6.7900,21.6300,0.2561,-0.2322,0.7396,0
64395,6.9176,-6.6711,1.5415,-1.8900,-2.5200,16.8000,-0.0646,-0.0862,0.5745,0
64434,6.8674,-7.1737,0.9024,4.9000,-11.8300,15.0500,0.1676,-0.4045,0.5146,0
64473,6.4389,-7.4777,1.2184,13.4400,-5.1100,6.5800,0.4596,-0.1747,0.2250,0
64512,6.3048,-5.8644,1.3859,18.7600,-5.1800,-11.2700,0.6415,-0.1771,-0.3854,0
64551,6.5538,-6.0511,0.2274,23.2400,-12.1100,-16.4500,0.7947,-0.4141,-0.5625,0
64590,7.1618,-6.5777,0.7923,16.5900,-8.6100,-8.6100,0.5673,-0.2944,-0.2944,0
64629,7.3772,-6.5753,1.7138,15.4700,-4.1300,-0.1400,0.5290,-0.1412,-0.0048,0
64668,7.3126,-7.1139,1.4122,15.2600,-4.4100,6.6500,0.5218,-0.1508,0.2274,0
64707,7.3509,-7.3317,1.1753,16.8000,-1.8200,10.1500,0.5745,-0.0622,0.3471,0
64746,7.1235,-7.2527,1.1777,18.6200,2.3800,5.0400,0.6367,0.0814,0.1723,0
64785,7.0038,-7.2264,1.5750,8.5400,-3.0100,-5.3900,0.2920,-0.1029,-0.1843,0
64824,6.4533,-6.7812,1.7617,3.0100,-7.2100,-12.0400,0.1029,-0.2465,-0.4117,0
64863,6.2833,-6.6088,1.9532,-1.1200,0.5600,-11.0600,-0.0383,0.0191,-0.3782,0
64902,6.6711,-6.4078,1.4649,2.3100,0.7700,14.1400,0.0790,0.0263,0.4835,0
64941,6.6902,-6.5849,1.7234,8.8200,5.8100,11.6900,0.3016,0.1987,0.3997,0
64980,7.7123,-7.7195,1.9891,-6.0900,8.7500,19.1800,-0.2082,0.2992,0.6559,0
65019,7.9110,-8.6099,2.0944,-3.8500,6.3000,9.8700,-0.1317,0.2154,0.3375,0
65058,7.3078,-7.3102,1.5966,3.1500,1.8900,-3.5700,0.1077,0.0646,-0.1221,0
65097,7.7626,-7.0684,1.5295,-2.6600,4.1300,-0.2100,-0.0910,0.1412,-0.0072,0
65136,7.2049,-6.7955,1.8216,-7.0700,15.3300,-0.6300,-0.2418,0.5242,-0.0215,0
65175,6.5681,-6.2115,1.9125,-6.1600,13.3700,-5.3900,-0.2106,0.4572,-0.1843,0
65214,6.0846,-6.0415,1.5918,-3.0800,5.4600,-5.0400,-0.1053,0.1867,-0.1723,0
65253,6.0679,-6.2761,1.7689,-7.0000,4.9000,-0.1400,-0.2394,0.1676,-0.0048,0
65292,6.5777,-6.6352,1.7162,-10.0100,9.0300,6.3000,-0.3423,0.3088,0.2154,0
65331,6.4580,-6.8913,1.7402,-10.8500,9.5200,7.1400,-0.3710,0.3255,0.2442,0
65370,6.6830,-7.3580,2.0657,-11.6200,2.8700,4.1300,-0.3973,0.0981,0.1412,0
65409,7.2264,-7.7386,1.8168,-12.1800,-0.4900,5.2500,-0.4165,-0.0168,0.1795,0
65448,7.5256,-7.5495,1.9748,-14.0700,3.7800,12.6700,-0.4811,0.1293,0.4332,0
65487,7.2767,-7.1139,2.2045,-9.5200,14.9800,12.4600,-0.3255,0.5122,0.4261,0
65526,6.6471,-7.1833,1.6085,-3.2900,14.4900,2.9400,-0.1125,0.4955,0.1005,0
65565,6.5753,-7.2623,1.3931,1.4000,-0.9800,0.9100,0.0479,-0.0335,0.0311,0
65604,6.8362,-6.6974,1.6420,-4.1300,3.5700,2.2400,-0.1412,0.1221,0.0766,0
65643,6.4365,-5.9961,1.3596,-2.8000,8.6100,0.3500,-0.0957,0.2944,0.0120,0
65682,6.3408,-5.9793,1.5607,-10.2200,8.7500,-5.4600,-0.3495,0.2992,-0.1867,0
65721,6.4676,-6.2809,1.5056,-22.6800,17.8500,0.0700,-0.7755,0.6104,0.0024,0
65760,6.2283,-6.7812,1.2399,-28.3500,25.6200,4.2700,-0.9694,0.8761,0.1460,0
65799,6.8171,-7.9397,1.5990,-32.1300,36.4000,-8.5400,-1.0987,1.2447,-0.2920,0
65838,6.0942,-7.7458,1.5870,-35.2100,25.1300,-14.9800,-1.2040,0.8593,-0.5122,0
65877,5.4982,-8.4663,1.8934,-23.1700,25.9700,-5.4600,-0.7923,0.8880,-0.1867,0
65916,6.0487,-9.4238,1.8216,-6.0900,7.0700,5.6000,-0.2082,0.2418,0.1915,0
65955,6.4078,-8.4184,1.5798,17.8500,-14.4900,-0.4200,0.6104,-0.4955,-0.0144,0
65994,6.3144,-6.6663,1.2686,25.4100,-30.1700,-8.0500,0.8689,-1.0317,-0.2753,0
66033,6.8817,-6.2211,1.1944,14.7000,-22.5400,-0.6300,0.5027,-0.7708,-0.0215,0
66072,7.4299,-5.2947,1.5942,-7.4200,-9.5900,-0.0700,-0.2537,-0.3279,-0.0024,0
66111,7.0086,-5.4838,0.8019,-19.4600,5.3200,-0.6300,-0.6654,0.1819,-0.0215,0
66150,6.6543,-7.0229,0.8282,-15.1200,14.2100,0.4900,-0.5170,0.4859,0.0168,0
66189,6.1828,-7.5256,1.5654,-25.8300,17.4300,-3.1500,-0.8833,0.5960,-0.1077,0
66228,5.8237,-8.0761,0.9718,-13.7900,6.8600,-6.8600,-0.4715,0.2346,-0.2346,0
66267,5.2349,-8.1862,1.0532,7.3500,-1.5400,-19.1100,0.2513,-0.0527,-0.6535,0
66306,6.3647,-6.7357,1.7234,11.6200,-1.1200,-20.3000,0.3973,-0.0383,-0.6942,0
66345,7.9038,-6.7213,0.9359,30.2400,-8.2600,-11.2700,1.0341,-0.2824,-0.3854,0
66384,8.0235,-6.3814,1.1489,32.7600,-21.3500,-17.9200,1.1202,-0.7301,-0.6128,0
66423,7.8368,-5.6011,0.7708,22.4700,-21.2100,-11.6900,0.7684,-0.7253,-0.3997,0
66462,8.1288,-6.7142,0.5817,2.6600,-10.9200,7.6300,0.0910,-0.3734,0.2609,0
66501,7.8320,-7.2647,1.9197,-18.6200,7.0000,8.7500,-0.6367,0.2394,0.2992,0
66540,7.4777,-6.7836,1.7689,-25.9000,3.4300,-2.8700,-0.8856,0.1173,-0.0981,0
66579,7.3700,-7.1785,0.3710,-7.4200,-9.5200,-1.5400,-0.2537,-0.3255,-0.0527,0
66618,6.8219,-7.6357,0.5840,2.1000,-0.4900,0.0700,0.0718,-0.0168,0.0024,0
66657,5.7399,-6.5514,1.5176,-7.2800,4.9700,-6.7900,-0.2489,0.1699,-0.2322,0
66696,6.5538,-6.1660,0.3758,5.2500,-10.8500,7.2800,0.1795,-0.3710,0.2489,0
66735,7.1259,-7.0852,0.5673,13.3700,-7.4900,6.2300,0.4572,-0.2561,0.2130,0
66774,7.1713,-6.9463,1.1083,13.3700,-5.9500,6.0200,0.4572,-0.2035,0.2059,0
66813,7.4801,-6.6735,1.0508,3.3600,2.5900,10.5000,0.1149,0.0886,0.3590,0
66852,7.4634,-7.2791,1.3763,-8.1200,9.2400,9.8700,-0.2777,0.3160,0.3375,0
66891,7.3126,-7.8607,1.4099,2.1700,2.7300,4.8300,0.0742,0.0934,0.1652,0
66930,7.3102,-7.5878,1.4410,9.1700,3.5000,-0.1400,0.3136,0.1197,-0.0048,0
66969,7.2503,-6.8434,1.1083,13.2300,0.4900,-4.5500,0.4524,0.0168,-0.1556,0
67008,7.4490,-6.4365,0.8210,2.5900,2.8700,-8.0500,0.0886,0.0981,-0.2753,0
67047,7.5280,-6.1900,0.7684,-14.2100,4.4800,-7.6300,-0.4859,0.1532,-0.2609,0
67086,7.0397,-6.2019,0.7301,-21.5600,18.6200,-2.2400,-0.7372,0.6367,-0.0766,0
67125,6.5801,-6.4245,1.0005,-22.5400,14.7000,1.8200,-0.7708,0.5027,0.0622,0
67164,6.0009,-7.3030,1.3357,-19.4600,12.8100,-0.2800,-0.6654,0.4380,-0.0096,0
67203,6.0655,-7.6596,1.4170,-10.5700,3.6400,-0.4200,-0.3614,0.1245,-0.0144,0
67242,6.3886,-8.3514,1.6420,11.1300,-0.7700,2.3800,0.3806,-0.0263,0.0814,0
67281,6.9104,-8.3730,1.7067,35.2800,-11.9000,6.8600,1.2064,-0.4069,0.2346,0
67320,7.5854,-6.9344,1.3357,48.1600,-18.2700,9.0300,1.6468,-0.6247,0.3088,0
67359,8.2724,-6.0032,1.2997,32.6900,-7.7000,10.1500,1.1178,-0.2633,0.3471,0
67398,8.0809,-5.9219,1.2016,5.1100,5.4600,6.3000,0.1747,0.1867,0.2154,0
67437,7.3676,-5.9434,1.1681,-17.9200,11.0600,-1.3300,-0.6128,0.3782,-0.0455,0
67476,6.4533,-6.0056,1.9652,-30.7300,22.4000,-4.4100,-1.0508,0.7660,-0.1508,0
67515,5.9841,-6.0894,1.8407,-19.9500,8.2600,-2.1000,-0.6822,0.2824,-0.0718,0
67554,6.7596,-6.2426,1.6684,-18.3400,-2.3100,-0.2800,-0.6271,-0.0790,-0.0096,0
67593,7.3700,-7.2312,1.6037,-16.5900,6.6500,0.4200,-0.5673,0.2274,0.0144,0
67632,7.0469,-7.0469,1.6732,-23.1000,20.6500,-7.2100,-0.7899,0.7061,-0.2465,0
67671,6.8554,-6.7070,1.6061,-28.4900,27.5100,-10.2200,-0.9742,0.9407,-0.3495,0
67710,7.2001,-7.2575,1.4577,-31.1500,28.2100,-9.5200,-1.0652,0.9646,-0.3255,0
67749,6.7070,-7.0421,1.0604,-27.5100,28.8400,-12.3900,-0.9407,0.9862,-0.4237,0
67788,6.4413,-6.7932,0.9479,-36.8900,31.7800,-16.3100,-1.2614,1.0867,-0.5577,0
67827,6.6232,-6.8793,1.1250,-42.3500,28.2800,-11.8300,-1.4482,0.9670,-0.4045,0
67866,6.7333,-7.3796,1.2974,-31.7100,26.6000,-6.1600,-1.0843,0.9096,-0.2106,0
67905,6.9416,-7.3485,1.3572,-32.6900,22.7500,-3.4300,-1.1178,0.7779,-0.1173,0
67944,7.2168,-7.5615,1.0819,-25.9000,9.3100,-2.4500,-0.8856,0.3184,-0.0838,0
67983,6.8793,-7.4418,1.2208,-12.8100,4.3400,-0.7000,-0.4380,0.1484,-0.0239,0
68022,7.1833,-7.0541,1.2495,-6.8600,2.5900,1.3300,-0.2346,0.0886,0.0455,0
68061,7.4490,-6.5921,0.9359,1.3300,-3.8500,-1.0500,0.0455,-0.1317,-0.0359,0
68100,7.2240,-6.6591,1.0364,1.8200,-2.3100,-0.9800,0.0622,-0.0790,-0.0335,0
68139,7.3940,-6.6400,0.9359,-1.6800,-2.5900,3.0800,-0.0574,-0.0886,0.1053,0
68178,7.2384,-6.7788,0.5553,-3.0100,1.7500,0.8400,-0.1029,0.0598,0.0287,0
68217,6.7477,-6.9535,0.6176,2.7300,1.1200,-6.0900,0.0934,0.0383,-0.2082,0
68256,6.4221,-7.0588,0.6918,9.3100,-2.9400,-4.5500,0.3184,-0.1005,-0.1556,0
68295,6.5179,-7.1211,0.6726,13.9300,-6.7900,0.4900,0.4763,-0.2322,0.0168,0
68334,7.2384,-6.9296,0.7731,21.5600,-19.8100,1.7500,0.7372,-0.6774,0.0598,0
68373,7.2575,-6.7333,0.7612,27.5800,-25.0600,3.0800,0.9431,-0.8569,0.1053,0
68412,7.5328,-6.5610,0.9503,31.7100,-24.3600,5.6700,1.0843,-0.8330,0.1939,0
68451,7.7171,-6.3551,0.8497,32.4800,-23.8700,8.6800,1.1106,-0.8162,0.2968,0
68490,8.0594,-6.8578,0.8402,25.2000,-24.5000,5.7400,0.8617,-0.8378,0.1963,0
68529,7.5376,-6.6400,0.9598,16.1700,-12.0400,0.0000,0.5529,-0.4117,0.0000,0
68568,7.4610,-6.1564,1.3476,18.9000,-13.9300,-2.3800,0.6463,-0.4763,-0.0814,0
68607,7.2695,-5.5437,0.5912,25.4800,-11.5500,4.1300,0.8713,-0.3950,0.1412,0
68646,6.8865,-5.6849,0.6247,18.2700,-7.5600,9.9400,0.6247,-0.2585,0.3399,0
68685,6.6615,-6.4652,1.1370,4.8300,-3.7800,12.5300,0.1652,-0.1293,0.4285,0
68724,6.6902,-7.3772,1.4170,15.4700,-8.1900,7.3500,0.5290,-0.2801,0.2513,0
68763,6.9104,-7.3604,1.3404,20.5100,-19.5300,2.3100,0.7013,-0.6678,0.0790,0
68802,7.0947,-7.2049,1.1011,34.2300,-34.4400,-0.4900,1.1705,-1.1777,-0.0168,0
68841,7.0134,-6.9200,1.3021,41.0200,-29.4700,0.2800,1.4027,-1.0077,0.0096,0
68880,7.2073,-6.8051,1.2112,45.8500,-29.7500,4.5500,1.5678,-1.0173,0.1556,0
68919,7.2432,-6.3025,1.1753,41.4400,-24.9200,9.3100,1.4170,-0.8521,0.3184,0
68958,7.0014,-6.4892,2.1375,28.5600,-10.2200,11.2700,0.9766,-0.3495,0.3854,0
68997,7.5854,-6.4509,2.3051,10.9200,-6.5800,10.2900,0.3734,-0.2250,0.3519,0
69036,8.1599,-6.6687,1.8982,0.3500,-2.7300,7.7000,0.0120,-0.0934,0.2633,0
69075,8.5908,-6.3695,1.7545,-19.5300,14.1400,3.0100,-0.6678,0.4835,0.1029,0
69114,7.8847,-6.0703,1.5702,-38.8500,34.5100,0.5600,-1.3285,1.1801,0.0191,0
69153,6.7836,-6.5107,1.3165,-46.9000,46.3400,3.2900,-1.6037,1.5846,0.1125,0
69192,5.5102,-7.2575,1.2806,-42.0700,48.7900,6.6500,-1.4386,1.6684,0.2274,0
69231,5.4001,-8.5118,1.0676,-37.5200,31.7800,20.1600,-1.2830,1.0867,0.6894,0
69270,4.6221,-9.6200,1.7976,-10.1500,21.7000,32.8300,-0.3471,0.7420,1.1226,0
69309,4.6030,-8.5740,1.3069,27.7200,-18.9700,23.3800,0.9479,-0.6487,0.7995,0
69348,5.2086,-7.4059,0.8378,47.1800,-46.2000,26.8800,1.6133,-1.5798,0.9192,0
69387,7.8296,-6.4748,2.0896,24.2200,-14.0000,25.4800,0.8282,-0.4787,0.8713,0
69426,8.3538,-6.7477,1.6923,-15.1200,4.2000,12.4600,-0.5170,0.1436,0.4261,0
69465,7.0062,-7.0684,1.6420,-29.4700,26.9500,0.8400,-1.0077,0.9216,0.0287,0
69504,5.5413,-6.9631,1.9628,-38.9900,29.6100,-3.2200,-1.3333,1.0125,-0.1101,0
69543,4.9668,-7.7889,1.6540,-40.1800,21.8400,1.8200,-1.3739,0.7468,0.0622,0
69582,4.3851,-9.0910,0.8138,-17.0100,11.1300,11.6900,-0.5817,0.3806,0.3997,0
69621,3.9399,-9.4118,1.4314,2.6600,6.9300,18.9000,0.0910,0.2370,0.6463,0
69660,4.7466,-8.9187,1.1298,32.8300,-29.9600,19.1100,1.1226,-1.0245,0.6535,0
69699,5.2660,-8.5357,1.5104,42.0000,-38.7800,16.5900,1.4362,-1.3261,0.5673,0
69738,6.2665,-7.5232,2.0394,42.9100,-37.3800,13.0200,1.4673,-1.2782,0.4452,0
69777,6.8937,-7.3604,1.6564,32.4100,-27.1600,13.4400,1.1083,-0.9287,0.4596,0
69816,6.7022,-7.4394,1.7976,6.6500,-9.8000,12.4600,0.2274,-0.3351,0.4261,0
69855,6.3791,-7.3820,1.9556,-18.5500,16.1700,7.4900,-0.6343,0.5529,0.2561,0
69894,5.7328,-7.3533,1.3165,-41.0900,28.7000,1.6100,-1.4051,0.9814,0.0551,0
69933,4.6676,-8.0354,1.5056,-44.3800,35.5600,-2.3100,-1.5176,1.2160,-0.0790,0
69972,3.5785,-8.1934,1.6157,-42.8400,29.4700,-4.4800,-1.4649,1.0077,-0.1532,0
70011,3.0878,-8.8780,1.7569,-23.8700,15.4700,-1.0500,-0.8162,0.5290,-0.0359,0
70050,3.7604,-9.6224,1.6492,-0.5600,0.5600,4.5500,-0.0191,0.0191,0.1556,0
70089,4.9644,-9.7278,1.2734,25.4100,-17.9200,6.6500,0.8689,-0.6128,0.2274,0
70128,6.1947,-8.9738,1.3883,33.2500,-22.4000,1.4700,1.1370,-0.7660,0.0503,0
70167,6.5322,-7.9229,1.5415,22.1200,-15.2600,-4.9700,0.7564,-0.5218,-0.1699,0
70206,6.5131,-7.3461,1.2662,-4.9700,1.6100,-10.9900,-0.1699,0.0551,-0.3758,0
70245,5.7423,-7.4394,1.5511,-34.5800,20.5800,-7.4900,-1.1825,0.7037,-0.2561,0
70284,5.1750,-7.6692,1.7976,-35.1400,23.8700,-8.6100,-1.2016,0.8162,-0.2944,0
70323,4.9309,-7.4346,1.4673,-32.2700,17.2200,-7.4900,-1.1035,0.5888,-0.2561,0
70362,4.9764,-7.2910,1.6444,-30.8700,19.1800,0.6300,-1.0556,0.6559,0.0215,0
70401,5.7830,-8.2126,1.2303,-25.4100,23.3100,7.0700,-0.8689,0.7971,0.2418,0
70440,5.7519,-8.7655,1.2303,-19.1100,29.9600,-1.6800,-0.6535,1.0245,-0.0574,0
70479,5.3235,-7.8655,1.4482,-24.5700,32.4100,-15.0500,-0.8402,1.1083,-0.5146,0
70518,5.9147,-7.2815,0.4165,-31.5000,36.0500,-14.0700,-1.0771,1.2327,-0.4811,0
70557,5.8716,-8.0761,0.1197,-32.3400,45.5000,-8.6100,-1.1059,1.5559,-0.2944,0
70596,5.1104,-8.6985,0.6989,-35.2800,37.3800,-11.5500,-1.2064,1.2782,-0.3950,0
70635,4.9524,-9.4597,1.0460,-30.2400,32.2000,-9.8000,-1.0341,1.1011,-0.3351,0
70674,4.9764,-9.9240,0.6678,-1.5400,-6.5800,-8.0500,-0.0527,-0.2250,-0.2753,0
70713,5.0243,-8.4376,0.7396,23.5900,-22.0500,-11.4100,0.8067,-0.7540,-0.3902,0
70752,5.1200,-7.2982,0.7516,40.1100,-35.9100,-9.4500,1.3716,-1.2279,-0.3231,0
70791,5.8453,-6.4389,0.7325,40.2500,-38.2900,-6.3700,1.3763,-1.3093,-0.2178,0
70830,7.3150,-6.4173,0.5697,25.7600,-12.7400,-1.6800,0.8809,-0.4356,-0.0574,0
70869,7.5184,-7.3820,0.6271,4.8300,-1.3300,-10.3600,0.1652,-0.0455,-0.3543,0
70908,7.4921,-7.6764,1.2088,-17.0100,10.7800,-19.5300,-0.5817,0.3686,-0.6678,0
70947,7.0110,-6.9966,0.4548,-20.7900,21.0700,-14.7000,-0.7109,0.7205,-0.5027,0
70986,5.8357,-7.3509,-0.1245,-26.6700,21.2100,-12.9500,-0.9120,0.7253,-0.4428,0
71025,5.3115,-9.1581,0.8282,-32.2700,19.9500,-14.8400,-1.1035,0.6822,-0.5075,0
71064,4.4641,-8.5860,1.2710,-26.3900,20.8600,-19.1100,-0.9024,0.7133,-0.6535,0
71103,4.8998,-7.2886,0.9407,-1.3300,2.9400,-6.1600,-0.0455,0.1005,-0.2106,0
71142,7.6381,-7.4945,0.8497,26.1100,-19.4600,6.7200,0.8928,-0.6654,0.2298,0
71181,7.9756,-8.1360,0.8330,12.5300,-11.6200,-1.1200,0.4285,-0.3973,-0.0383,0
71220,6.9990,-7.5615,0.6223,-4.4800,-14.4900,-16.2400,-0.1532,-0.4955,-0.5553,0
71259,6.1397,-7.0014,-0.0072,-18.4100,-7.4200,-7.9100,-0.6295,-0.2537,-0.2705,0
71298,5.6442,-6.6663,0.9168,0.0000,-2.8700,3.0800,0.0000,-0.0981,0.1053,0
71337,6.2546,-7.1713,1.5583,13.3700,-17.4300,1.2600,0.4572,-0.5960,0.0431,0
71376,6.6088,-7.3078,0.6606,27.5100,-38.5700,-1.6800,0.9407,-1.3189,-0.0574,0
71415,6.7309,-6.8841,0.4093,26.6700,-38.4300,1.7500,0.9120,-1.3141,0.0598,0
71454,7.3389,-6.7644,0.5218,19.4600,-33.8100,7.9800,0.6654,-1.1561,0.2729,0
71493,7.5304,-6.7453,1.3261,13.9300,-22.9600,4.0600,0.4763,-0.7851,0.1388,0
71532,8.1982,-6.7477,0.3902,7.6300,-14.2100,5.1100,0.2609,-0.4859,0.1747,0
71571,7.5184,-8.1982,0.7420,-10.6400,16.3800,-6.0900,-0.3638,0.5601,-0.2082,0
71610,7.2336,-6.7453,0.5266,-20.8600,19.5300,-8.5400,-0.7133,0.6678,-0.2920,0
71649,7.0900,-5.7040,0.2801,-42.9800,36.2600,-3.8500,-1.4697,1.2399,-0.1317,0
71688,6.5897,-5.7854,-0.5769,-51.8000,28.3500,4.8300,-1.7713,0.9694,0.1652,0
71727,5.0865,-7.2719,-1.2184,-47.9500,26.1100,12.1800,-1.6396,0.8928,0.4165,0
71766,4.6221,-9.1293,0.6008,-34.7900,16.5200,13.8600,-1.1896,0.5649,0.4739,0
71805,5.8142,-9.7110,-0.0598,3.3600,-4.5500,14.4200,0.1149,-0.1556,0.4931,0
71844,6.2283,-8.2461,-0.5936,20.6500,-4.4800,7.4200,0.7061,-0.1532,0.2537,0
71883,7.5759,-7.9995,-0.5003,24.5700,5.0400,14.7000,0.8402,0.1723,0.5027,0
71922,7.5543,-6.7525,0.5697,12.4600,13.9300,9.9400,0.4261,0.4763,0.3399,0
71961,7.1833,-5.4479,0.5434,-8.1200,2.3800,0.9100,-0.2777,0.0814,0.0311,0
72000,6.0751,-5.8812,0.1628,-50.6100,42.2100,1.7500,-1.7306,1.4434,0.0598,0
72039,4.8136,-8.4711,0.2681,-45.5000,22.8900,7.4900,-1.5559,0.7827,0.2561,0
72078,4.6006,-9.9408,0.1484,-13.5100,4.3400,15.0500,-0.4620,0.1484,0.5146,0
72117,4.1984,-9.3160,0.3088,14.0700,-7.4200,10.3600,0.4811,-0.2537,0.3543,0
72156,5.1439,-8.6410,0.2513,30.6600,-25.4800,6.1600,1.0484,-0.8713,0.2106,0
72195,6.3264,-8.2293,-0.0383,47.3900,-37.0300,5.6000,1.6205,-1.2662,0.1915,0
72234,7.1809,-7.7961,0.1101,56.9100,-47.6000,4.9700,1.9460,-1.6277,0.1699,0
72273,7.5639,-7.3413,0.1388,-4.6900,8.6800,4.5500,-0.1604,0.2968,0.1556,0
72312,7.2240,-7.5567,-0.3303,6.0900,13.0200,-3.9200,0.2082,0.4452,-0.1340,0
72351,5.9386,-7.3916,-0.4189,-0.9800,15.6800,-7.7000,-0.0335,0.5362,-0.2633,0
72390,4.8447,-6.9392,0.3902,-16.1700,19.7400,-5.3900,-0.5529,0.6750,-0.1843,0
72429,4.5790,-6.5203,0.6415,-15.5400,12.9500,-2.1000,-0.5314,0.4428,-0.0718,0
72468,6.5059,-8.9474,1.2974,-2.1700,10.1500,-2.8700,-0.0742,0.3471,-0.0981,0
72507,6.2474,-8.3849,1.1729,-10.6400,-2.5900,-7.2100,-0.3638,-0.0886,-0.2465,0
72546,5.2995,-7.0349,0.7923,8.6100,-6.1600,-2.5200,0.2944,-0.2106,-0.0862,0
72585,5.6969,-7.6596,0.7420,3.5700,-5.6000,10.0800,0.1221,-0.1915,0.3447,0
72624,6.4868,-8.5190,0.6247,-1.7500,-8.1900,19.2500,-0.0598,-0.2801,0.6583,0
72663,6.6615,-8.6410,1.0221,-8.1900,-5.8100,16.1000,-0.2801,-0.1987,0.5505,0
72702,6.6974,-8.5046,1.2016,-8.5400,-5.9500,10.0100,-0.2920,-0.2035,0.3423,0
72741,6.8434,-8.0618,0.7253,1.7500,-4.4800,8.1200,0.0598,-0.1532,0.2777,0
72780,5.9434,-7.1450,0.5242,1.8200,-2.5200,2.3100,0.0622,-0.0862,0.0790,0
72819,5.4288,-7.0732,0.5410,-3.4300,-2.1700,-1.1200,-0.1173,-0.0742,-0.0383,0
72858,5.2373,-7.2049,1.2088,-23.3100,4.2700,5.2500,-0.7971,0.1460,0.1795,0
72897,6.2163,-8.3275,-0.0574,-15.7500,-7.1400,2.0300,-0.5386,-0.2442,0.0694,0
72936,5.2110,-7.7650,-0.1508,-0.2800,-8.8900,-2.9400,-0.0096,-0.3040,-0.1005,0
72975,4.8160,-7.9780,-0.2705,4.6200,-3.5700,-2.2400,0.1580,-0.1221,-0.0766,0
73014,4.9165,-8.9235,-0.0239,16.1700,5.0400,-4.5500,0.5529,0.1723,-0.1556,0
73053,5.0649,-7.8751,0.4309,29.6100,4.2700,-6.7900,1.0125,0.1460,-0.2322,0
73092,5.9314,-7.3269,0.3854,30.2400,1.4000,4.6900,1.0341,0.0479,0.1604,0
73131,6.3240,-7.7267,0.8497,15.7500,4.5500,14.3500,0.5386,0.1556,0.4907,0
73170,6.4916,-7.2599,1.8599,-8.2600,15.0500,4.4800,-0.2824,0.5146,0.1532,0
73209,7.8200,-8.4663,0.4715,-28.4200,27.3000,-2.3800,-0.9718,0.9335,-0.0814,0
73248,7.1211,-10.6756,-0.1628,-20.0900,36.1200,-19.2500,-0.6870,1.2351,-0.6583,0
73287,6.0487,-8.3993,0.0670,-23.9400,21.2100,-32.0600,-0.8186,0.7253,-1.0963,0
73326,5.9099,-7.7626,-0.2394,-15.6800,21.6300,-17.6400,-0.5362,0.7396,-0.6032,0
73365,3.8322,-8.8636,-0.2178,-10.0100,8.2600,-15.1200,-0.3423,0.2824,-0.5170,0
73404,3.4851,-8.8158,-0.3926,9.8000,-9.8000,-20.5800,0.3351,-0.3351,-0.7037,0
73443,3.6766,-7.9517,-0.3519,31.0100,-29.9600,-14.4200,1.0604,-1.0245,-0.4931,0
73482,5.2205,-8.3753,-0.0862,45.6400,-47.9500,1.0500,1.5607,-1.6396,0.0359,0
73521,6.2546,-7.3365,-0.2322,34.4400,-37.8700,2.7300,1.1777,-1.2950,0.0934,0
73560,6.2259,-5.6442,0.2513,13.2300,-17.5700,-7.5600,0.4524,-0.6008,-0.2585,0
73599,6.7501,-6.2642,0.2633,-11.1300,-16.3800,-10.0800,-0.3806,-0.5601,-0.3447,0
73638,6.7525,-7.0684,0.0670,-26.1800,-5.6000,-9.8700,-0.8952,-0.1915,-0.3375,0
73677,6.6567,-7.4370,1.2471,-23.8000,-1.2600,-20.3700,-0.8138,-0.0431,-0.6965,0
73716,7.9972,-8.4519,0.7109,-10.3600,-10.6400,-25.7600,-0.3543,-0.3638,-0.8809,0
73755,7.1522,-7.2623,-0.3686,-0.2800,-14.1400,-28.8400,-0.0096,-0.4835,-0.9862,0
73794,5.7208,-4.6580,0.2801,-0.3500,-13.3700,-29.0500,-0.0120,-0.4572,-0.9934,0
73833,8.5692,-2.9873,-1.6061,-18.4800,-10.7800,-25.0600,-0.6319,-0.3686,-0.8569,0
73872,11.0347,-5.0769,-2.0083,-34.5800,7.0700,-19.7400,-1.1825,0.2418,-0.6750,0
73911,10.8001,-8.1216,-0.5936,-51.7300,29.6800,-25.9000,-1.7689,1.0149,-0.8856,0
73950,8.0881,-8.1192,-0.7971,-32.0600,17.2900,-15.0500,-1.0963,0.5912,-0.5146,0
73989,6.7285,-8.4017,-0.2370,-7.4900,14.6300,3.2200,-0.2561,0.5003,0.1101,0
74028,7.8679,-8.1001,0.1795,12.2500,14.7000,6.3700,0.4189,0.5027,0.2178,0
74067,7.3509,-6.2402,-0.5314,8.4700,17.9900,-5.7400,0.2896,0.6152,-0.1963,0
74106,8.4376,-5.7328,-3.5306,37.5900,17.7100,-3.0100,1.2854,0.6056,-0.1029,0
74145,7.2360,-4.6078,-0.9311,8.5400,43.8200,3.9900,0.2920,1.4984,0.1364,0
74184,8.6698,-2.8436,-0.0670,-32.7600,62.1600,10.7800,-1.1202,2.1256,0.3686,0
74223,9.3352,-6.7022,1.4051,-25.0600,49.2100,10.8500,-0.8569,1.6827,0.3710,0
74262,6.8410,-8.1264,1.1466,-10.8500,43.1200,18.4800,-0.3710,1.4745,0.6319,0
74301,6.5801,-6.4293,2.4463,-4.6900,46.4100,25.4800,-0.1604,1.5870,0.8713,0
74340,7.8224,-7.6237,0.3399,12.1100,41.2300,18.4100,0.4141,1.4099,0.6295,0
74379,5.7399,-7.4825,0.4332,40.1100,45.9900,16.3100,1.3716,1.5726,0.5577,0
74418,4.7753,-5.1607,1.7115,41.2300,20.2300,12.0400,1.4099,0.6918,0.4117,0
74457,6.6232,-6.0415,1.4649,8.1900,9.3800,0.0000,0.2801,0.3207,0.0000,0
74496,5.9889,-6.7261,2.8221,18.0600,18.7600,-4.4100,0.6176,0.6415,-0.1508,0
74535,6.4868,-7.4993,2.2357,15.7500,17.5000,-1.6800,0.5386,0.5984,-0.0574,0
74574,6.5394,-7.4801,1.5798,21.8400,16.7300,9.0300,0.7468,0.5721,0.3088,0
74613,6.3192,-7.1737,3.0926,20.3700,28.5600,0.6300,0.6965,0.9766,0.0215,0
74652,6.1780,-6.7764,3.1644,13.7900,20.1600,1.9600,0.4715,0.6894,0.0670,0
74691,5.6011,-6.8506,3.5306,18.6200,15.9600,-1.5400,0.6367,0.5457,-0.0527,0
74730,6.2737,-7.7913,2.7862,15.8900,5.5300,-3.0100,0.5434,0.1891,-0.1029,0
74769,6.3431,-5.8237,3.4660,12.3900,-0.7000,-0.4900,0.4237,-0.0239,-0.0168,0
74808,6.6998,-7.4514,3.4014,11.4800,8.2600,4.8300,0.3926,0.2824,0.1652,0
74847,5.4814,-6.8267,3.9064,0.6300,0.9100,8.6100,0.0215,0.0311,0.2944,0
74886,6.4437,-7.0397,3.6479,-6.7200,-11.0600,15.2600,-0.2298,-0.3782,0.5218,0
74925,6.6352,-7.2958,3.0495,-6.4400,-16.9400,20.7200,-0.2202,-0.5793,0.7085,0
74964,6.1684,-7.2671,2.8173,-13.5800,-21.9800,18.9000,-0.4644,-0.7516,0.6463,0
75003,6.0152,-7.4442,2.5349,-27.0200,-25.4100,16.3800,-0.9239,-0.8689,0.5601,0
75042,6.0966,-7.8009,1.9795,-29.2600,-31.3600,16.8000,-1.0005,-1.0724,0.5745,0
75081,6.1852,-7.8559,1.8048,-33.6700,-28.7000,17.0800,-1.1513,-0.9814,0.5840,0
75120,5.9171,-8.0785,1.8694,-30.9400,-21.2800,20.0200,-1.0580,-0.7277,0.6846,0
75159,6.2163,-8.0331,1.3093,-31.0800,-21.7700,27.0200,-1.0628,-0.7444,0.9239,0
75198,6.1373,-8.1049,1.4960,-28.8400,-16.3800,33.6000,-0.9862,-0.5601,1.1489,0
75237,5.6035,-8.4878,2.0992,-28.9100,-9.3800,37.0300,-0.9886,-0.3207,1.2662,0
75276,5.8405,-8.2126,0.9862,-21.1400,-5.4600,44.6600,-0.7229,-0.1867,1.5271,0
75315,5.7280,-5.9937,2.1639,-32.6900,8.2600,63.0000,-1.1178,0.2824,2.1543,0
75354,3.4588,-8.1886,0.0503,-35.2800,7.3500,73.5000,-1.2064,0.2513,2.5133,0
75393,1.7067,-8.1551,0.7851,-18.6900,12.4600,61.1100,-0.6391,0.4261,2.0896,0
75432,0.2011,-7.7410,2.2261,-29.8900,4.8300,42.9100,-1.0221,0.1652,1.4673,0
75471,1.2543,-8.0283,1.4146,-22.1200,-30.8700,21.6300,-0.7564,-1.0556,0.7396,0
75510,2.8915,-9.2371,1.0029,-4.5500,-44.1700,-8.7500,-0.1556,-1.5104,-0.2992,0
75549,3.2290,-9.0240,1.1825,-3.7100,-42.7700,-52.5700,-0.1269,-1.4625,-1.7976,0
75588,3.5713,-8.2868,0.1173,7.2100,-52.9900,-66.2900,0.2465,-1.8120,-2.2668,0
75627,6.8554,-10.0102,0.5362,3.0800,-30.5200,-55.9300,0.1053,-1.0436,-1.9125,0
75666,7.8440,-9.2610,0.6247,-2.1700,-12.3900,-28.4200,-0.0742,-0.4237,-0.9718,0
75705,8.2557,-9.8905,0.3495,4.5500,-5.0400,-16.8000,0.1556,-0.1723,-0.5745,0
75744,7.3724,-10.3908,-0.1101,18.5500,-19.5300,-22.8900,0.6343,-0.6678,-0.7827,0
75783,6.1062,-9.5865,0.6080,1.6100,-30.1000,-27.5800,0.0551,-1.0293,-0.9431,0
75822,5.5102,-7.8655,0.4763,22.5400,-38.3600,-32.6200,0.7708,-1.3117,-1.1154,0
75861,5.1128,-6.7357,0.3902,40.3200,-38.5700,-29.3300,1.3787,-1.3189,-1.0029,0
75900,5.4647,-5.2852,-0.1317,53.2000,-50.9600,-35.2100,1.8192,-1.7426,-1.2040,0
75939,7.0780,-4.3325,-1.4482,48.5800,-50.1900,-43.7500,1.6612,-1.7162,-1.4960,0
75978,8.8062,-3.9328,-1.3835,39.4800,-18.6900,-42.5600,1.3500,-0.6391,-1.4553,0
76017,7.8655,-5.4288,-2.3721,-67.4100,-26.6000,-42.4900,-2.3051,-0.9096,-1.4529,0
76056,6.4700,-6.8889,-2.4822,-105.0700,-4.0600,-17.0100,-3.5929,-0.1388,-0.5817,0
76095,7.4251,-8.9570,-1.2974,-45.7800,-2.5200,5.4600,-1.5654,-0.0862,0.1867,0
76134,7.5639,-9.7469,-2.5516,0.5600,1.6800,14.1400,0.0191,0.0574,0.4835,0
76173,6.6591,-8.9498,-2.5157,10.6400,22.3300,13.1600,0.3638,0.7636,0.4500,0
76212,6.9368,-8.1384,-0.9958,14.5600,15.3300,9.3800,0.4979,0.5242,0.3207,0
76251,7.2743,-6.6543,-1.2758,17.0100,11.2000,3.1500,0.5817,0.3830,0.1077,0
76290,6.1325,-5.8548,-1.3045,26.2500,11.5500,-0.9800,0.8976,0.3950,-0.0335,0
76329,7.0780,-6.1947,-1.5319,31.1500,11.9700,13.4400,1.0652,0.4093,0.4596,0
76368,7.1690,-6.9009,-2.0729,37.5900,22.4700,22.0500,1.2854,0.7684,0.7540,0
76407,6.9751,-7.0804,-1.1130,36.8200,6.8600,12.5300,1.2591,0.2346,0.4285,0
76446,7.2767,-7.4346,-0.0934,25.4800,-22.1200,-0.9100,0.8713,-0.7564,-0.0311,0
76485,6.9200,-7.6142,0.2394,4.9000,-40.2500,-4.7600,0.1676,-1.3763,-0.1628,0
76524,6.3551,-8.6889,1.1226,14.1400,-29.2600,7.0700,0.4835,-1.0005,0.2418,0
76563,6.7477,-7.5471,0.7588,28.9800,-33.3900,13.7900,0.9910,-1.1418,0.4715,0
76602,7.7075,-7.6429,-1.6133,34.9300,-36.6800,26.3200,1.1944,-1.2543,0.9000,0
76641,7.4131,-8.4424,-0.8689,22.8200,-24.7800,34.5100,0.7803,-0.8473,1.1801,0
76680,6.6400,-6.4078,0.6319,-28.6300,-25.2700,13.1600,-0.9790,-0.8641,0.4500,0
76719,6.4509,-5.2660,-0.5170,1.8900,-6.0900,13.0200,0.0646,-0.2082,0.4452,0
76758,5.9985,-5.9865,-1.2734,-1.1900,-4.9700,10.0100,-0.0407,-0.1699,0.3423,0
76797,5.5652,-7.6525,-0.5098,-17.5000,-2.5900,5.5300,-0.5984,-0.0886,0.1891,0
76836,5.3115,-9.0049,0.5769,-2.3800,2.1700,16.2400,-0.0814,0.0742,0.5553,0
76875,4.7011,-7.7434,0.5529,16.7300,-4.3400,-1.6100,0.5721,-0.1484,-0.0551,0
76914,5.2971,-7.3820,-0.2777,19.3900,-14.1400,10.5000,0.6630,-0.4835,0.3590,0
76953,5.4240,-9.0480,-1.1657,6.3000,-8.5400,28.9100,0.2154,-0.2920,0.9886,0
76992,4.2128,-7.7985,-0.0407,9.5900,18.6900,29.2600,0.3279,0.6391,1.0005,0
77031,4.9692,-8.9953,0.4955,18.2700,8.5400,27.7200,0.6247,0.2920,0.9479,0
77070,5.8931,-9.9911,-0.9551,37.3800,-26.9500,19.1100,1.2782,-0.9216,0.6535,0
77109,5.2828,-9.3232,-0.1245,30.4500,-10.2900,5.9500,1.0412,-0.3519,0.2035,0
77148,5.2086,-8.4998,0.0646,19.3200,-0.4900,2.1000,0.6606,-0.0168,0.0718,0
77187,5.2445,-8.5860,0.3184,18.8300,-8.4700,5.8100,0.6439,-0.2896,0.1987,0
77226,4.9357,-8.1623,0.4476,10.5700,-5.1800,12.5300,0.3614,-0.1771,0.4285,0
77265,4.4258,-7.3772,0.6056,5.3200,12.0400,23.0300,0.1819,0.4117,0.7875,0
77304,3.2913,-7.6333,0.3806,0.0000,12.4600,34.0200,0.0000,0.4261,1.1633,0
77343,3.4014,-9.1772,0.6702,-14.5600,9.8700,31.4300,-0.4979,0.3375,1.0747,0
77382,3.9663,-9.9288,0.5098,-19.4600,12.8800,25.6900,-0.6654,0.4404,0.8785,0
77421,4.4905,-10.1323,0.1987,-17.5700,11.1300,17.4300,-0.6008,0.3806,0.5960,0
77460,4.8160,-9.8881,0.2657,-18.2000,12.2500,14.9800,-0.6223,0.4189,0.5122,0
77499,4.9070,-9.7661,0.4883,-10.2200,13.3000,21.0700,-0.3495,0.4548,0.7205,0
77538,4.5336,-9.5626,-0.0359,-7.4200,17.1500,30.0300,-0.2537,0.5864,1.0269,0
77577,3.4397,-9.3017,-0.1532,-6.9300,24.9200,35.5600,-0.2370,0.8521,1.2160,0
77616,1.7115,-9.1413,0.0479,12.3200,24.9900,32.7600,0.4213,0.8545,1.1202,0
77655,1.5487,-8.7751,0.7636,-5.6700,29.8200,23.1000,-0.1939,1.0197,0.7899,0
77694,2.2572,-9.1246,0.2585,15.6800,11.8300,19.3900,0.5362,0.4045,0.6630,0
77733,2.4295,-9.2586,0.2513,10.0800,19.5300,7.5600,0.3447,0.6678,0.2585,0
77772,0.8928,-8.1503,0.8282,-1.3300,8.4700,-19.7400,-0.0455,0.2896,-0.6750,0
77811,1.3021,-8.0642,0.6559,-20.9300,2.8000,-37.8700,-0.7157,0.0957,-1.2950,0
77850,1.4793,-8.5357,0.5314,-14.9100,7.2800,-52.7100,-0.5098,0.2489,-1.8024,0
77889,1.5391,-8.7799,0.3543,-20.0200,4.1300,-66.4300,-0.6846,0.1412,-2.2716,0
77928,4.3205,-10.2232,0.1843,-21.9100,-21.8400,-63.6300,-0.7492,-0.7468,-2.1758,0
77967,8.0570,-11.5278,-0.4500,6.2300,-22.4000,-45.5700,0.2130,-0.7660,-1.5583,0
78006,5.9410,-9.6368,-0.7540,1.9600,7.7000,-39.9000,0.0670,0.2633,-1.3644,0
78045,4.5120,-9.4860,0.2250,-30.3800,5.0400,-34.5800,-1.0388,0.1723,-1.1825,0
78084,4.3923,-9.4262,-0.8880,-15.7500,-5.2500,-36.6100,-0.5386,-0.1795,-1.2519,0
78123,4.0429,-9.0504,0.0335,-5.3200,-7.1400,-40.3200,-0.1819,-0.2442,-1.3787,0
78162,4.9692,-8.6674,-0.7516,0.6300,-12.6700,-38.6400,0.0215,-0.4332,-1.3213,0
78201,4.8040,-7.2312,-0.2035,-0.6300,-12.6700,-34.8600,-0.0215,-0.4332,-1.1920,0
78240,5.7232,-5.6849,0.3710,-9.3100,-7.9800,-35.0700,-0.3184,-0.2729,-1.1992,0
78279,6.9631,-6.2785,-0.3447,-28.0700,-4.6200,-29.8200,-0.9598,-0.1580,-1.0197,0
78318,7.1043,-6.7788,-0.3136,-24.4300,-0.8400,-22.6800,-0.8354,-0.0287,-0.7755,0
78357,7.5639,-7.6237,-0.4045,-18.6200,1.4700,-17.3600,-0.6367,0.0503,-0.5936,0
78396,8.1025,-8.3370,-1.0939,6.2300,1.4700,-12.9500,0.2130,0.0503,-0.4428,0
78435,7.9612,-7.3652,-0.6511,5.6700,-1.1900,-19.4600,0.1939,-0.0407,-0.6654,0
78474,7.5184,-6.1588,-0.6271,3.7800,-6.3000,-25.5500,0.1293,-0.2154,-0.8737,0
78513,8.0737,-5.8309,-0.6535,-6.6500,-4.0600,-27.3000,-0.2274,-0.1388,-0.9335,0
78552,8.4448,-6.1445,-1.5942,-7.2800,-0.0700,-21.9100,-0.2489,-0.0024,-0.7492,0
78591,7.3557,-6.4868,-1.3476,-5.1100,0.6300,-20.8600,-0.1747,0.0215,-0.7133,0
78630,7.0732,-6.8243,-0.9239,-12.9500,2.1700,-23.7300,-0.4428,0.0742,-0.8114,0
78669,7.7099,-7.6094,-1.2997,4.1300,-6.3000,-17.4300,0.1412,-0.2154,-0.5960,0
78708,6.9870,-6.3767,-0.7277,7.7700,-15.6800,-24.4300,0.2657,-0.5362,-0.8354,0
78747,7.1833,-5.1415,-1.0604,12.6700,-19.4600,-28.4900,0.4332,-0.6654,-0.9742,0
78786,7.7219,-4.9333,-0.7875,15.1900,-17.7100,-20.6500,0.5194,-0.6056,-0.7061,0
78825,8.1216,-3.3583,-1.3548,-0.7700,1.1900,-5.1100,-0.0263,0.0407,-0.1747,0
78864,7.8918,-2.5516,-2.2524,-0.7700,-6.3700,-1.1900,-0.0263,-0.2178,-0.0407,0
78903,8.1934,-4.5958,-2.0513,-19.9500,16.1700,-6.8600,-0.6822,0.5529,-0.2346,0
78942,8.1312,-7.2216,-1.6755,-29.6800,25.5500,9.1700,-1.0149,0.8737,0.3136,0
78981,8.8924,-7.9541,-2.0059,-2.1000,-11.0600,7.6300,-0.0718,-0.3782,0.2609,0
79020,8.1527,-7.3174,-1.1250,9.0300,-11.4100,6.3700,0.3088,-0.3902,0.2178,0
79059,7.5567,-6.6424,-0.7516,13.3000,-2.8000,-1.3300,0.4548,-0.0957,-0.0455,0
79098,7.1211,-5.3570,-1.1633,29.9600,-9.1700,-8.6100,1.0245,-0.3136,-0.2944,0
79137,9.1748,-5.9937,-1.3141,23.1000,-9.1000,-10.9200,0.7899,-0.3112,-0.3734,0
79176,8.4950,-5.8907,-2.1854,15.6800,20.3700,-6.5800,0.5362,0.6965,-0.2250,0
79215,8.0594,-6.2378,-2.5253,26.8100,0.0700,4.9700,0.9168,0.0024,0.1699,0
79254,7.0660,-7.3652,-2.3099,21.2100,18.8300,5.5300,0.7253,0.6439,0.1891,0
79293,6.6041,-5.5389,-1.8694,11.5500,30.3100,-2.0300,0.3950,1.0364,-0.0694,0
79332,8.2222,-5.4192,-3.0447,31.2200,29.2600,-11.3400,1.0676,1.0005,-0.3878,0
79371,8.5190,-7.7841,-1.4290,23.5900,30.0300,-23.2400,0.8067,1.0269,-0.7947,0
79410,6.2067,-6.4030,-0.4380,20.0900,11.0600,4.8300,0.6870,0.3782,0.1652,0
79449,7.7745,-5.9817,-2.9466,53.0600,-13.6500,63.3500,1.8144,-0.4668,2.1662,0
79488,7.0852,-6.3934,-0.6606,23.9400,-6.3000,104.5100,0.8186,-0.2154,3.5737,0
79527,6.1852,-4.0835,-0.9503,-50.1900,18.0600,156.8700,-1.7162,0.6176,5.3641,0
79566,4.0979,-3.9543,0.7923,-90.5800,-34.3000,163.3800,-3.0974,-1.1729,5.5868,0
79605,3.7891,-10.3573,0.6726,-28.9800,-42.2800,166.8100,-0.9910,-1.4458,5.7040,0
79644,6.9176,-12.0687,-3.6312,-135.9400,7.7000,121.8700,-4.6484,0.2633,4.1673,0
79683,1.6684,-10.6828,-1.3668,-20.8600,40.5300,61.4600,-0.7133,1.3859,2.1016,0
79722,-9.2682,-9.6512,-2.8006,-37.4500,10.0800,5.8100,-1.2806,0.3447,0.1987,0
79761,-5.7902,-1.6660,-4.6867,120.3300,-56.9800,7.6300,4.1147,-1.9484,0.2609,0
79800,5.6442,10.9341,0.4548,198.7300,-174.7200,143.4300,6.7955,-5.9745,4.9046,0
79839,5.8477,4.5479,-1.4458,-19.3900,-62.7900,217.0000,-0.6630,-2.1471,7.4203,0
79878,5.3905,-2.8748,-2.5851,-61.7400,-1.2600,147.0000,-2.1112,-0.0431,5.0266,0
79917,0.1699,-6.3216,-1.3141,-112.7000,86.7300,68.0400,-3.8538,2.9657,2.3266,1
79956,-2.9490,-8.7033,0.4285,-31.2900,32.4800,41.3000,-1.0700,1.1106,1.4122,0
79995,0.1197,-5.6538,-1.1705,56.6300,-64.7500,140.8400,1.9365,-2.2141,4.8160,0
80034,-0.7899,-12.8658,-0.0431,65.6600,-70.7700,162.6100,2.2452,-2.4200,5.5604,0
80073,9.0312,-32.7546,-0.6918,167.1600,-212.8000,75.0400,5.7160,-7.2767,2.5660,0
80112,-14.9626,-19.4555,12.4757,342.3700,-159.3900,313.9500,11.7073,-5.4503,10.7355,0
80151,-16.8560,-28.0918,7.0995,39.7600,27.4400,354.3400,1.3596,0.9383,12.1166,0
80190,-19.5177,-29.1210,10.4506,40.3900,143.0100,238.9100,1.3811,4.8902,8.1695,0
80229,-19.1946,-15.0943,7.8464,-25.6900,21.4200,124.5300,-0.8785,0.7325,4.2583,0
80268,-12.5570,0.3950,6.0104,49.2100,-63.2800,92.2600,1.6827,-2.1639,3.1548,0
80307,-13.4666,3.8609,3.3152,85.1900,-22.6800,107.1700,2.9131,-0.7755,3.6647,0
80346,-8.4831,2.4152,3.2697,10.9900,-45.9200,73.6400,0.3758,-1.5702,2.5181,0
80385,-3.5498,0.9407,1.6181,13.5100,-89.9500,37.3100,0.4620,-3.0758,1.2758,0
80424,1.4553,-0.7085,-0.1676,18.3400,-48.8600,-4.8300,0.6271,-1.6708,-0.1652,0
80463,1.9412,-0.1173,-0.1005,23.5900,-25.5500,-2.0300,0.8067,-0.8737,-0.0694,0
80502,1.2255,3.2194,0.9910,36.8900,2.7300,23.1000,1.2614,0.0934,0.7899,0
80541,-1.6157,3.6551,0.8234,45.5000,24.5700,43.5400,1.5559,0.8402,1.4888,0
80580,-4.5312,6.2905,2.8676,-5.0400,16.5900,32.2700,-0.1723,0.5673,1.1035,0
80619,-5.6921,6.8314,4.5240,-29.8900,-4.9000,27.5800,-1.0221,-0.1676,0.9431,0
80658,-7.7362,4.8615,3.9232,-55.6500,20.3000,12.2500,-1.9029,0.6942,0.4189,0
80697,-11.5709,2.1519,2.4942,-63.3500,33.6700,-20.8600,-2.1662,1.1513,-0.7133,0
80736,-20.6906,1.2447,7.0421,-77.4200,55.5800,-20.5100,-2.6474,1.9006,-0.7013,0
80775,-20.7146,-2.2931,5.8931,-63.3500,51.7300,-21.8400,-2.1662,1.7689,-0.7468,0
80814,-14.9842,-4.3516,1.9939,-61.6000,48.6500,-35.7700,-2.1064,1.6636,-1.2232,0
80853,-10.1873,-8.9139,0.8952,-28.9800,187.6000,-8.8200,-0.9910,6.4150,-0.3016,0
80892,-9.2275,-1.4386,-1.7713,177.1700,606.3400,-0.4900,6.0583,20.7337,-0.0168,0
80931,-4.7274,-0.2585,-3.0686,127.8900,439.7400,6.5800,4.3732,15.0368,0.2250,0
80970,-4.4641,-1.6851,-0.7253,142.5200,113.0500,-4.3400,4.8735,3.8657,-0.1484,0
81009,-4.8208,-3.8657,2.5205,74.9000,-88.8300,-92.3300,2.5612,-3.0375,-3.1572,0
81048,-5.5006,-11.8318,0.3016,-44.5200,-502.1800,-173.8800,-1.5224,-17.1720,-5.9458,0
81087,-5.2253,-12.1621,4.0333,-21.9100,-549.2900,-100.0300,-0.7492,-18.7829,-3.4205,0
81126,-9.3352,-6.9894,4.5742,-51.1700,-113.7500,31.6400,-1.7498,-3.8897,1.0819,0
81165,-10.7498,-8.2317,-0.4548,-1.7500,-117.3200,36.4700,-0.0598,-4.0117,1.2471,0
81204,-9.0240,-5.5149,2.4990,-1.9600,-91.2800,-0.9800,-0.0670,-3.1213,-0.0335,0
81243,-6.7333,-3.7963,2.0394,9.1700,-37.3800,2.4500,0.3136,-1.2782,0.0838,0
81282,-6.9727,-5.3977,1.8670,2.1700,-24.6400,-1.3300,0.0742,-0.8426,-0.0455,0
81321,-8.9618,-4.6772,2.7000,34.3000,1.1900,2.5900,1.1729,0.0407,0.0886,0
81360,-8.5333,-5.6227,2.1998,21.7700,-28.7700,-5.4600,0.7444,-0.9838,-0.1867,0
81399,-7.8583,-5.2133,2.5732,23.2400,-42.7700,3.0100,0.7947,-1.4625,0.1029,0
81438,-7.7267,-4.0716,2.9059,17.2200,17.7800,6.5100,0.5888,0.6080,0.2226,0
81477,-7.5088,-4.1937,4.0070,5.7400,-18.4800,-3.7800,0.1963,-0.6319,-0.1293,0
81516,-7.2384,-5.1894,4.4641,12.3200,-42.9800,-8.1200,0.4213,-1.4697,-0.2777,0
81555,-7.6596,-4.8256,4.6006,12.1800,-18.7600,-4.7600,0.4165,-0.6415,-0.1628,0
81594,-7.2264,-4.6532,4.5288,1.9600,-18.9700,-4.8300,0.0670,-0.6487,-0.1652,0
81633,-6.5610,-5.3258,4.4689,-6.6500,-16.3800,-3.2900,-0.2274,-0.5601,-0.1125,0
81672,-6.1325,-5.0889,4.1817,-4.4100,-13.1600,-1.1200,-0.1508,-0.4500,-0.0383,0
81711,-6.3240,-5.2899,3.9160,-4.7600,-10.9900,1.9600,-0.1628,-0.3758,0.0670,0
81750,-7.1498,-5.4144,3.7843,-2.1700,-3.9900,1.4000,-0.0742,-0.1364,0.0479,0
81789,-7.5926,-5.8884,4.2320,-2.8700,4.0600,0.7700,-0.0981,0.1388,0.0263,0
81828,-7.3628,-5.6394,4.3133,-2.2400,-5.5300,0.3500,-0.0766,-0.1891,0.0120,0
81867,-6.6567,-5.6873,3.9447,2.5200,-8.3300,-0.0700,0.0862,-0.2848,-0.0024,0
81906,-7.0086,-5.5126,4.0524,1.6800,3.2900,0.2800,0.0574,0.1125,0.0096,0
81945,-7.2168,-5.3546,4.1817,3.9200,1.8200,0.7000,0.1340,0.0622,0.0239,0
81984,-7.1307,-5.3929,4.2248,3.5000,-1.4700,0.9100,0.1197,-0.0503,0.0311,0
82023,-6.9344,-5.2876,4.2726,4.4100,-1.6100,0.3500,0.1508,-0.0551,0.0120,0
82062,-6.9583,-5.1296,4.1242,3.2200,0.7700,-0.2800,0.1101,0.0263,-0.0096,0
82101,-7.1283,-5.1463,4.2703,1.1900,2.6600,0.2800,0.0407,0.0910,0.0096,0
82140,-7.1211,-5.1894,4.2487,2.5200,-1.1200,-1.1900,0.0862,-0.0383,-0.0407,0
82179,-7.2120,-5.1727,4.3708,2.8000,-6.1600,0.0000,0.0957,-0.2106,0.0000,0
82218,-6.9918,-5.1703,4.3421,3.1500,-7.2100,0.0000,0.1077,-0.2465,0.0000,0
82257,-6.8291,-5.1679,4.4737,0.7000,-4.8300,-0.2800,0.0239,-0.1652,-0.0096,0
82296,-6.8458,-5.2971,4.2583,-1.6800,1.8900,0.1400,-0.0574,0.0646,0.0048,0
82335,-6.9440,-5.2852,4.3660,-0.1400,0.7700,-0.2800,-0.0048,0.0263,-0.0096,0
82374,-6.8745,-5.1152,4.3756,-0.1400,0.1400,-0.8400,-0.0048,0.0048,-0.0287,0
82413,-6.8889,-5.2732,4.3086,-0.0700,-1.4700,-0.3500,-0.0024,-0.0503,-0.0120,0
82452,-7.0325,-5.3091,4.3373,-1.6800,3.1500,0.1400,-0.0574,0.1077,0.0048,0
82491,-7.0900,-5.4599,4.2846,-0.9100,1.8900,0.0700,-0.0311,0.0646,0.0024,0
82530,-6.9176,-5.3594,4.1625,0.6300,0.1400,0.1400,0.0215,0.0048,0.0048,0
82569,-7.2144,-5.3857,4.2798,0.7700,2.1700,0.2800,0.0263,0.0742,0.0096,0
82608,-7.3892,-5.2133,4.4546,-0.1400,-4.6900,0.7000,-0.0048,-0.1604,0.0239,0
82647,-7.1163,-5.4072,4.1171,-2.8000,-4.4100,-1.2600,-0.0957,-0.1508,-0.0431,0
82686,-7.0995,-5.4599,3.9782,0.1400,-5.5300,-1.8900,0.0048,-0.1891,-0.0646,0
82725,-6.8147,-5.4001,4.3828,0.4900,-6.0900,-1.4000,0.0168,-0.2082,-0.0479,0
82764,-6.5825,-5.2828,4.1721,2.1000,-3.3600,-0.7000,0.0718,-0.1149,-0.0239,0
82803,-6.8314,-5.2253,4.5766,3.8500,-3.0100,-0.7000,0.1317,-0.1029,-0.0239,0
82842,-6.8386,-5.2852,4.5407,2.2400,-2.4500,-0.3500,0.0766,-0.0838,-0.0120,0
82881,-6.8650,-5.3187,4.6030,0.4900,-0.9100,0.4900,0.0168,-0.0311,0.0168,0
82920,-6.7644,-5.2636,4.4354,0.2800,-1.9600,0.7700,0.0096,-0.0670,0.0263,0
82959,-6.8051,-5.2947,4.2200,0.0700,1.4700,0.0700,0.0024,0.0503,0.0024,0
82998,-6.9631,-5.1152,4.3947,0.9800,-3.0800,-0.2800,0.0335,-0.1053,-0.0096,0
83037,-7.0110,-5.2923,4.3540,-0.9100,0.6300,0.0000,-0.0311,0.0215,0.0000,0
83076,-7.0732,-5.3594,4.3851,-0.9800,-2.3100,-0.9800,-0.0335,-0.0790,-0.0335,0
83115,-6.8937,-5.5030,4.2918,-2.8000,-1.5400,-0.9100,-0.0957,-0.0527,-0.0311,0
83154,-6.7166,-5.4575,4.2846,-0.7000,-0.2800,0.2100,-0.0239,-0.0096,0.0072,0
83193,-6.6328,-5.2540,4.3157,0.6300,0.1400,0.8400,0.0215,0.0048,0.0287,0
83232,-6.8697,-5.3594,4.3421,-0.1400,1.9600,1.1900,-0.0048,0.0670,0.0407,0
83271,-7.0110,-5.4934,4.4522,-0.4200,5.1800,0.6300,-0.0144,0.1771,0.0215,0
83310,-6.9176,-5.3378,4.2966,2.3100,-0.2100,0.7700,0.0790,-0.0072,0.0263,0
83349,-7.0277,-5.3737,4.2391,0.8400,3.9900,0.6300,0.0287,0.1364,0.0215,0
83388,-7.2432,-5.3474,4.3301,0.5600,1.0500,0.2100,0.0191,0.0359,0.0072,0
83427,-7.2001,-5.1583,4.2870,1.3300,-4.3400,-0.2800,0.0455,-0.1484,-0.0096,0
83466,-7.0756,-5.1607,4.4857,-2.3800,-2.8700,-1.1900,-0.0814,-0.0981,-0.0407,0
83505,-6.8410,-5.4695,4.0165,-4.8300,-1.0500,0.0000,-0.1652,-0.0359,0.0000,0
83544,-6.9846,-5.6155,4.2343,-1.1200,-1.1200,0.5600,-0.0383,-0.0383,0.0191,0
83583,-6.9607,-5.5245,4.3947,2.1700,-6.6500,0.2100,0.0742,-0.2274,0.0072,0
83622,-6.6950,-5.4455,4.2128,4.8300,-8.4700,0.2100,0.1652,-0.2896,0.0072,0
83661,-6.7979,-5.4072,4.4713,3.0800,-1.5400,0.2800,0.1053,-0.0527,0.0096,0
83700,-6.9176,-5.2564,4.5431,2.7300,0.4200,1.0500,0.0934,0.0144,0.0359,0
83739,-6.8147,-5.0721,4.3038,2.7300,-1.1900,1.3300,0.0934,-0.0407,0.0455,0
83778,-6.8793,-5.3091,4.3851,1.1200,-0.4200,0.7000,0.0383,-0.0144,0.0239,0
83817,-6.9559,-5.3258,4.4282,1.7500,-1.4000,-0.0700,0.0598,-0.0479,-0.0024,0
83856,-6.9703,-5.2421,4.5431,2.0300,-2.3800,0.1400,0.0694,-0.0814,0.0048,0
83895,-6.8985,-5.2852,4.4953,-0.8400,-1.8200,-0.2100,-0.0287,-0.0622,-0.0072,0
83934,-6.8267,-5.3235,4.4091,-0.8400,-1.5400,-0.3500,-0.0287,-0.0527,-0.0120,0
83973,-6.7381,-5.3689,4.3277,0.4900,-0.5600,-0.3500,0.0168,-0.0191,-0.0120,0
84012,-6.8027,-5.3474,4.5336,0.9800,1.4000,-0.4200,0.0335,0.0479,-0.0144,0
84051,-6.7764,-5.3019,4.4665,0.7000,0.0700,0.0700,0.0239,0.0024,0.0024,0
84090,-6.7668,-5.3402,4.4043,-2.1700,2.3800,-0.2800,-0.0742,0.0814,-0.0096,0
84129,-6.9679,-5.4719,4.4570,-0.6300,2.2400,0.4200,-0.0215,0.0766,0.0144,0
84168,-7.0636,-5.2923,4.3947,-0.2100,-1.6800,0.5600,-0.0072,-0.0574,0.0191,0
84207,-7.0158,-5.3450,4.4402,-1.1900,-3.7800,0.2800,-0.0407,-0.1293,0.0096,0
84246,-6.7261,-5.3378,4.1362,-1.4700,-3.0800,-0.5600,-0.0503,-0.1053,-0.0191,0
84285,-6.9272,-5.4862,4.4785,-1.6100,1.1200,-0.0700,-0.0551,0.0383,-0.0024,0
84324,-6.8841,-5.3809,4.4402,-1.7500,-2.3100,0.8400,-0.0598,-0.0790,0.0287,0
84363,-6.8051,-5.3953,4.3205,-0.2100,-2.5200,0.6300,-0.0072,-0.0862,0.0215,0
84402,-6.8697,-5.3833,4.4091,1.1200,-0.9800,0.4900,0.0383,-0.0335,0.0168,0
84441,-6.6926,-5.2971,4.4976,0.3500,-0.1400,0.2800,0.0120,-0.0048,0.0096,0
84480,-6.6208,-5.2086,4.4091,0.0000,0.9100,0.5600,0.0000,0.0311,0.0191,0
84519,-6.9655,-5.3378,4.4258,-1.1900,4.0600,0.6300,-0.0407,0.1388,0.0215,0
84558,-7.1857,-5.5293,4.3277,-1.5400,1.9600,0.4900,-0.0527,0.0670,0.0168,0
84597,-6.9990,-5.3737,4.3373,1.0500,-5.2500,0.1400,0.0359,-0.1795,0.0048,0
84636,-6.8961,-5.7112,4.1506,-0.7000,-1.7500,-0.3500,-0.0239,-0.0598,-0.0120,0
84675,-7.0971,-5.8381,4.2750,-0.8400,2.5900,-0.4900,-0.0287,0.0886,-0.0168,0
84714,-6.8985,-5.5652,4.2870,1.9600,1.8200,-0.0700,0.0670,0.0622,-0.0024,0
84753,-6.5921,-5.2708,4.4426,3.3600,-3.0100,1.4000,0.1149,-0.1029,0.0479,0
84792,-6.5921,-5.0889,4.4211,4.2700,-5.6700,2.3100,0.1460,-0.1939,0.0790,0
84831,-6.7979,-5.0003,4.5599,-1.1900,6.5800,1.2600,-0.0407,0.2250,0.0431,0
84870,-6.8697,-5.3067,4.3157,0.7700,-5.1800,0.4200,0.0263,-0.1771,0.0144,0
84909,-6.9104,-5.1966,4.4929,-0.4900,1.6800,-0.7000,-0.0168,0.0574,-0.0239,0
84948,-6.9511,-5.3354,4.3995,-0.8400,-0.6300,-0.2100,-0.0287,-0.0215,-0.0072,0
84987,-6.8434,-5.4766,4.3181,-1.1900,-0.9800,0.4900,-0.0407,-0.0335,0.0168,0
85026,-6.8243,-5.3857,4.3708,-1.6800,0.2800,0.8400,-0.0574,0.0096,0.0287,0
85065,-6.9751,-5.5652,4.2080,-0.9800,0.4900,0.7700,-0.0335,0.0168,0.0263,0
85104,-7.0038,-5.5652,4.2966,0.0700,0.8400,0.2100,0.0024,0.0287,0.0072,0
85143,-6.9535,-5.4431,4.3062,0.7700,0.3500,-0.4200,0.0263,0.0120,-0.0144,0
85182,-6.9248,-5.4503,4.2607,1.4000,-0.1400,0.0700,0.0479,-0.0048,0.0024,0
85221,-6.8793,-5.3258,4.3540,1.5400,0.5600,0.4900,0.0527,0.0191,0.0168,0
85260,-6.8386,-5.2157,4.3133,0.9100,-0.2800,0.7700,0.0311,-0.0096,0.0263,0
85299,-7.0301,-5.3737,4.3564,0.5600,1.4000,0.2100,0.0191,0.0479,0.0072,0
85338,-7.0205,-5.3737,4.4067,0.5600,-2.1000,-0.6300,0.0191,-0.0718,-0.0215,0
85377,-6.8075,-5.4575,4.2894,0.3500,-0.4200,-0.7700,0.0120,-0.0144,-0.0263,0
85416,-6.8195,-5.3378,4.3588,1.6100,-3.7100,-0.0700,0.0551,-0.1269,-0.0024,0
85455,-6.8362,-5.4431,4.4378,3.3600,-2.9400,-0.2800,0.1149,-0.1005,-0.0096,0
85494,-6.7620,-5.3665,4.2391,2.5900,-4.1300,0.7700,0.0886,-0.1412,0.0263,0
85533,-6.8913,-5.4743,4.4282,3.7100,-2.1000,0.4200,0.1269,-0.0718,0.0144,0
85572,-6.9033,-5.3354,4.4665,2.8000,-2.1000,0.1400,0.0957,-0.0718,0.0048,0
85611,-6.9009,-5.2971,4.5000,2.0300,-1.2600,-0.0700,0.0694,-0.0431,-0.0024,0
85650,-6.8314,-5.2397,4.4641,0.4200,-2.0300,0.2800,0.0144,-0.0694,0.0096,0
85689,-6.8458,-5.3330,4.4067,-0.9100,-0.1400,0.0700,-0.0311,-0.0048,0.0024,0
85728,-6.8697,-5.3139,4.4665,0.2800,-1.5400,-0.1400,0.0096,-0.0527,-0.0048,0
85767,-6.8123,-5.3761,4.4306,1.6800,-3.5700,0.2100,0.0574,-0.1221,0.0072,0
85806,-6.9104,-5.3019,4.5312,2.3800,-1.4000,0.2800,0.0814,-0.0479,0.0096,0
85845,-6.8195,-5.3354,4.4737,0.9100,0.4900,-0.2100,0.0311,0.0168,-0.0072,0
85884,-6.8314,-5.4503,4.4713,0.7700,-0.6300,0.4900,0.0263,-0.0215,0.0168,0
85923,-6.8937,-5.4264,4.5479,1.5400,-0.7000,0.4200,0.0527,-0.0239,0.0144,0
85962,-6.9057,-5.3354,4.4163,2.0300,-2.5900,0.5600,0.0694,-0.0886,0.0191,0
86001,-7.0182,-5.5820,4.3971,-1.8900,-2.4500,0.3500,-0.0646,-0.0838,0.0120,0
86040,-6.3743,-5.1320,4.6700,-7.5600,-1.8900,3.0800,-0.2585,-0.0646,0.1053,0
86079,-7.2719,-5.7950,4.1099,-6.0900,3.5000,7.1400,-0.2082,0.1197,0.2442,0
86118,-7.7123,-5.9099,4.6676,-4.4800,-3.6400,10.0800,-0.1532,-0.1245,0.3447,0
86157,-7.2958,-5.5149,4.4354,-1.1200,-14.8400,12.0400,-0.0383,-0.5075,0.4117,0
86196,-6.6783,-5.0961,4.3612,-5.8800,-11.6900,9.3100,-0.2011,-0.3997,0.3184,0
86235,-6.2665,-4.7729,4.7777,-5.3200,-7.4900,9.5900,-0.1819,-0.2561,0.3279,0
86274,-6.2235,-4.7992,4.4833,-4.6900,-3.7800,11.4800,-0.1604,-0.1293,0.3926,0
86313,-6.7285,-5.1679,4.3875,-3.7800,-2.6600,11.9700,-0.1293,-0.0910,0.4093,0
86352,-7.0421,-5.3258,4.7083,-5.2500,-2.2400,13.9300,-0.1795,-0.0766,0.4763,0
86391,-6.9918,-5.4168,4.5647,0.4900,-3.6400,14.1400,0.0168,-0.1245,0.4835,0
86430,-6.8243,-5.0961,4.7227,-3.9200,-3.5000,11.9000,-0.1340,-0.1197,0.4069,0
86469,-6.8123,-4.9836,4.4187,-0.3500,-0.2100,12.8100,-0.0120,-0.0072,0.4380,0
86508,-6.8386,-4.7586,4.5120,0.3500,5.6700,11.9700,0.0120,0.1939,0.4093,0
86547,-6.8051,-4.7227,4.4761,-0.4200,5.9500,13.6500,-0.0144,0.2035,0.4668,0
86586,-6.4772,-4.6700,4.3109,0.7700,9.4500,15.7500,0.0263,0.3231,0.5386,0
86625,-6.8674,-3.8753,4.4450,10.6400,13.5100,10.1500,0.3638,0.4620,0.3471,0
86664,-7.0205,-3.9160,4.2463,13.5800,18.4800,4.4100,0.4644,0.6319,0.1508,0
86703,-7.2719,-4.1051,3.9998,12.8800,18.8300,-1.4000,0.4404,0.6439,-0.0479,0
86742,-7.5591,-4.2391,4.1673,8.6100,18.6200,-5.1100,0.2944,0.6367,-0.1747,0
86781,-8.2006,-4.2056,4.6700,8.1200,18.6900,-5.4600,0.2777,0.6391,-0.1867,0
86820,-8.5644,-4.2056,4.5072,9.6600,18.7600,-11.5500,0.3303,0.6415,-0.3950,0
86859,-8.5405,-4.4091,4.7466,10.2900,12.3900,-21.4200,0.3519,0.4237,-0.7325,0
86898,-7.4251,-4.2631,4.2463,13.7200,13.0200,-27.0900,0.4692,0.4452,-0.9263,0
86937,-6.0224,-4.0979,4.2918,8.8200,22.2600,-27.5800,0.3016,0.7612,-0.9431,0
86976,-5.4144,-4.8854,3.5043,17.4300,38.9200,-19.7400,0.5960,1.3309,-0.6750,0
87015,-7.0014,-6.3719,3.6048,31.4300,47.4600,-16.4500,1.0747,1.6229,-0.5625,0
87054,-8.7200,-6.0607,4.0572,29.7500,41.7200,-16.7300,1.0173,1.4266,-0.5721,0
87093,-9.5530,-5.4407,2.7287,27.3700,20.6500,-26.1800,0.9359,0.7061,-0.8952,0
87132,-8.5309,-4.7131,3.1907,20.3000,10.8500,-27.7200,0.6942,0.3710,-0.9479,0
87171,-9.0192,-4.7155,3.8202,16.9400,17.2900,-30.7300,0.5793,0.5912,-1.0508,0
87210,-7.6668,-4.3325,3.0591,9.3800,7.4200,-31.3600,0.3207,0.2537,-1.0724,0
87249,-7.4753,-5.1774,3.0208,8.5400,11.0600,-34.9300,0.2920,0.3782,-1.1944,0
87288,-7.4179,-5.7878,3.4109,6.6500,2.1700,-35.7700,0.2274,0.0742,-1.2232,0
87327,-7.6237,-6.4006,2.6952,6.3700,-1.0500,-35.5600,0.2178,-0.0359,-1.2160,0
87366,-7.6261,-6.6711,3.1428,5.3900,-4.0600,-40.2500,0.1843,-0.1388,-1.3763,0
87405,-7.0205,-6.5945,3.1500,7.9800,-5.7400,-38.9900,0.2729,-0.1963,-1.3333,0
87444,-7.0684,-6.5538,3.0734,11.1300,-8.3300,-38.3600,0.3806,-0.2848,-1.3117,0
87483,-6.4868,-6.2522,3.7413,11.6900,-13.0900,-39.8300,0.3997,-0.4476,-1.3620,0
87522,-6.6926,-6.4676,4.1242,13.8600,-8.1200,-41.3000,0.4739,-0.2777,-1.4122,0
87561,-6.5466,-6.0224,3.7700,6.0200,-15.5400,-44.1000,0.2059,-0.5314,-1.5080,0
87600,-6.4580,-6.4078,4.1266,0.0000,-15.9600,-47.1100,0.0000,-0.5457,-1.6109,0
87639,-6.4556,-6.8099,3.4564,-4.6200,-23.3800,-49.5600,-0.1580,-0.7995,-1.6947,0
87678,-6.4437,-7.3916,3.6742,-8.1200,-25.6900,-57.9600,-0.2777,-0.8785,-1.9819,0
87717,-5.6490,-7.4538,4.2032,-11.1300,-36.5400,-64.1900,-0.3806,-1.2495,-2.1950,0
87756,-4.1697,-6.5107,3.8250,7.0000,-37.6600,-59.4300,0.2394,-1.2878,-2.0322,0
87795,-3.9351,-7.4706,3.0830,12.0400,-33.8800,-65.2400,0.4117,-1.1585,-2.2309,0
87834,-3.6192,-7.8631,4.1482,20.1600,-21.7000,-46.3400,0.6894,-0.7420,-1.5846,0
87873,-3.7437,-9.2514,3.8011,21.8400,-15.7500,-39.0600,0.7468,-0.5386,-1.3357,0
87912,-4.5000,-9.7541,5.4120,9.1000,-28.7700,-44.8000,0.3112,-0.9838,-1.5319,0
87951,-1.8910,-10.7427,6.2163,9.9400,-45.3600,-22.2600,0.3399,-1.5511,-0.7612,0
87990,0.0790,-10.9318,5.6753,20.5800,-20.9300,-26.6700,0.7037,-0.7157,-0.9120,0
88029,-0.2848,-9.2993,5.7519,27.7900,-9.8700,-30.3800,0.9503,-0.3375,-1.0388,0
88068,-1.1059,-8.7775,4.5120,26.6000,3.7800,-38.3600,0.9096,0.1293,-1.3117,0
88107,-2.4319,-7.5256,4.4713,14.2100,8.4000,-43.4700,0.4859,0.2872,-1.4865,0
88146,-3.1405,-7.8511,5.5341,-31.2200,-1.5400,-46.9000,-1.0676,-0.0527,-1.6037,0
88185,-1.9795,-9.3160,5.7998,-46.9700,-23.8000,-32.2700,-1.6061,-0.8138,-1.1035,0
88224,-0.9359,-8.0809,7.9565,-7.2800,-35.8400,-20.9300,-0.2489,-1.2255,-0.7157,0
88263,-1.1777,-7.7267,7.4514,13.0900,-26.6700,-14.7000,0.4476,-0.9120,-0.5027,0
88302,-0.4404,-8.9498,7.1977,-11.9000,-36.9600,0.4900,-0.4069,-1.2638,0.0168,0
88341,-1.5846,-8.6051,5.8405,13.5100,-30.4500,11.2000,0.4620,-1.0412,0.3830,0
88380,-1.9317,-6.9440,5.7639,8.2600,-56.7700,19.1100,0.2824,-1.9412,0.6535,0
88419,-0.5793,-6.4868,5.0362,2.2400,-63.7700,29.1900,0.0766,-2.1806,0.9981,0
88458,-0.7708,-6.0679,4.3492,4.5500,-65.5900,31.5000,0.1556,-2.2428,1.0771,0
88497,-0.8833,-6.1014,4.4809,-0.1400,-62.2300,33.3900,-0.0048,-2.1279,1.1418,0
88536,-0.2896,-6.1923,3.4062,27.1600,-55.2300,31.5700,0.9287,-1.8886,1.0795,0
88575,-0.7205,-2.8891,4.0213,28.4900,-28.0000,36.3300,0.9742,-0.9575,1.2423,0
88614,-1.2734,-4.1554,1.8646,3.8500,-33.8100,37.1000,0.1317,-1.1561,1.2686,0
88653,-2.3338,-3.4780,2.7742,-43.0500,-29.6800,34.6500,-1.4721,-1.0149,1.1849,0
88692,-1.6492,-4.1649,4.0309,-79.5900,-54.1100,28.7000,-2.7216,-1.8503,0.9814,0
88731,1.0580,-7.5304,2.2883,-91.6300,-54.0400,19.3900,-3.1333,-1.8479,0.6630,0
88770,-0.2130,-7.2096,3.0495,-72.6600,-50.8900,1.8200,-2.4846,-1.7402,0.0622,0
88809,1.9436,-8.2365,2.0059,-93.4500,-41.3700,-12.8100,-3.1955,-1.4146,-0.4380,0
88848,0.6798,-12.5259,2.4176,-73.1500,-8.5400,-15.8900,-2.5014,-0.2920,-0.5434,0
88887,3.9663,-17.8374,1.7641,-127.3300,-5.1100,-22.0500,-4.3540,-0.1747,-0.7540,0
88926,4.2631,-17.6555,-1.1657,-60.8300,14.9800,-25.4100,-2.0801,0.5122,-0.8689,0
88965,2.0274,-13.7610,2.3529,-53.5500,56.6300,-59.1500,-1.8311,1.9365,-2.0226,0
89004,4.3899,-15.2571,-1.0293,-60.9700,31.7100,-48.8600,-2.0849,1.0843,-1.6708,0
89043,1.7545,-13.9741,1.8838,-40.3900,47.1100,-37.2400,-1.3811,1.6109,-1.2734,0
89082,1.3979,-14.3930,1.4577,-50.0500,36.3300,-33.1800,-1.7115,1.2423,-1.1346,0
89121,0.6223,-13.3302,-1.7330,-30.8000,8.1200,-67.7600,-1.0532,0.2777,-2.3170,0
89160,0.8234,-9.4740,-1.1968,0.6300,-31.1500,-83.0200,0.0215,-1.0652,-2.8389,0
89199,4.1171,-8.5573,-0.4668,-5.2500,-38.9200,-79.6600,-0.1795,-1.3309,-2.7240,0
89238,4.6748,-9.2275,-0.2130,-13.7900,-14.9800,-81.9000,-0.4715,-0.5122,-2.8006,0
89277,4.3612,-9.8474,-0.7899,-13.0900,7.4200,-75.2500,-0.4476,0.2537,-2.5732,0
89316,3.3798,-7.9732,-0.9981,13.7900,6.5100,-70.4900,0.4715,0.2226,-2.4104,0
89355,3.8346,-6.9176,-0.8402,17.9200,-13.0900,-60.6900,0.6128,-0.4476,-2.0753,0
89394,5.9985,-7.6596,-1.4505,21.9800,-19.3900,-51.4500,0.7516,-0.6630,-1.7593,0
89433,5.7423,-7.0062,-1.2567,24.9900,0.9800,-60.1300,0.8545,0.0335,-2.0561,0
89472,4.9094,-5.7256,-0.0239,34.0900,-11.6200,-69.3700,1.1657,-0.3973,-2.3721,0
89511,6.0607,-6.4150,-0.1484,40.8800,-14.4900,-60.4800,1.3979,-0.4955,-2.0681,0
89550,5.6538,-6.5418,0.6654,35.0700,-10.0800,-49.4200,1.1992,-0.3447,-1.6899,0
89589,5.0099,-6.3695,0.0359,43.4000,-32.0600,-44.2400,1.4841,-1.0963,-1.5128,0
89628,4.1362,-5.7280,-0.1867,50.8900,-51.4500,-36.9600,1.7402,-1.7593,-1.2638,0
89667,4.0548,-5.6873,-0.4572,54.6000,-65.3100,-26.0400,1.8670,-2.2333,-0.8904,0
89706,4.1195,-5.7184,-0.4021,78.2600,-65.2400,-11.5500,2.6761,-2.2309,-0.3950,0
89745,5.3163,-4.3373,-1.1178,93.1700,-76.2300,-6.0200,3.1859,-2.6067,-0.2059,0
89784,6.4317,-4.6197,-1.6947,100.8700,-70.1400,-4.8300,3.4492,-2.3984,-0.1652,0
89823,7.0660,-5.9386,-2.4654,104.0200,-64.4700,1.4700,3.5569,-2.2045,0.0503,0
89862,8.1671,-6.5346,-2.4391,103.3900,-48.7900,13.7200,3.5354,-1.6684,0.4692,0
89901,8.7679,-6.7166,-1.8814,121.0300,-34.7200,31.4300,4.1386,-1.1872,1.0747,0
89940,8.2030,-7.5184,-0.7899,132.7200,6.0900,35.4900,4.5383,0.2082,1.2136,0
89979,8.4974,-8.3969,-0.3710,86.9400,0.5600,47.4600,2.9729,0.0191,1.6229,0
90018,9.3496,-8.7703,1.1250,75.6000,-25.6900,47.6000,2.5851,-0.8785,1.6277,0
90057,8.1120,-7.2455,1.2160,80.4300,-67.5500,32.9700,2.7503,-2.3099,1.1274,0
90096,6.5825,-4.9740,1.6205,53.4800,-90.8600,37.2400,1.8287,-3.1069,1.2734,0
90135,6.2283,-2.8053,1.8455,-21.7700,-84.6300,49.1400,-0.7444,-2.8939,1.6803,0
90174,4.7346,-8.0714,1.3644,-46.4100,-91.3500,88.2000,-1.5870,-3.1237,3.0160,0
90213,1.4673,-11.0107,4.6221,23.2400,-118.7900,72.3100,0.7947,-4.0620,2.4726,0
90252,2.3075,-7.4035,0.9239,10.3600,-166.2500,19.4600,0.3543,-5.6849,0.6654,0
90291,5.3163,-7.2408,-1.5271,38.0800,-60.4800,17.6400,1.3021,-2.0681,0.6032,0
90330,6.8865,-10.3884,-0.8521,70.3500,-98.9100,29.7500,2.4056,-3.3822,1.0173,0
90369,6.3479,-9.1006,2.1088,7.7700,-107.1000,27.2300,0.2657,-3.6623,0.9311,0
90408,7.0612,-7.8727,0.4332,49.9800,-92.3300,35.7000,1.7091,-3.1572,1.2208,0
90447,6.8099,-9.3089,-0.1915,45.5700,-91.2800,43.8200,1.5583,-3.1213,1.4984,0
90486,6.7716,-11.4536,-1.0867,17.9900,-48.0900,49.7000,0.6152,-1.6444,1.6995,0
90525,5.7878,-11.1041,-0.4620,7.4200,-8.4700,35.5600,0.2537,-0.2896,1.2160,0
90564,4.1242,-11.0658,-1.2160,62.6500,-18.1300,25.4800,2.1423,-0.6200,0.8713,0
90603,2.0873,-9.9456,-1.1920,62.2300,-4.9000,3.5700,2.1279,-0.1676,0.1221,0
90642,-1.8670,-6.5610,-3.4444,33.4600,-27.7900,-25.8300,1.1442,-0.9503,-0.8833,0
90681,-2.0753,-5.4982,-1.6468,2.5900,-90.8600,-58.4500,0.0886,-3.1069,-1.9987,0
90720,-1.5343,-5.0578,-1.3835,-32.4100,-112.2100,-79.0300,-1.1083,-3.8370,-2.7024,0
90759,1.0556,-4.6437,-0.4285,-45.5000,-132.6500,-92.6100,-1.5559,-4.5359,-3.1668,0
90798,14.6634,-10.7403,1.1202,63.4900,-31.4300,-64.8200,2.1710,-1.0747,-2.2165,0
90837,14.4887,-6.1445,-0.8091,52.5700,17.4300,-32.6900,1.7976,0.5960,-1.1178,0
90876,8.1551,-7.0253,-0.4332,-50.3300,39.4800,-59.2900,-1.7210,1.3500,-2.0274,0
90915,6.2283,-9.8139,-0.1197,-42.4200,-10.7100,-58.1000,-1.4505,-0.3662,-1.9867,0
90954,6.9679,-11.9443,-0.2585,-2.5200,10.6400,-9.0300,-0.0862,0.3638,-0.3088,0
90993,6.9416,-8.8038,0.9000,54.6000,-0.2800,6.7900,1.8670,-0.0096,0.2322,0
91032,7.6309,-6.2785,-0.1747,66.8500,-64.4700,-7.4900,2.2859,-2.2045,-0.2561,0
91071,6.2163,-3.3319,-2.0178,46.0600,-51.8000,-18.9700,1.5750,-1.7713,-0.6487,0
91110,6.1445,-3.3798,-1.2351,23.1700,-40.5300,-6.6500,0.7923,-1.3859,-0.2274,0
91149,7.2360,-6.3384,-0.9311,11.0600,-3.7800,8.3300,0.3782,-0.1293,0.2848,0
91188,8.2605,-8.6793,0.0096,20.7200,-34.0200,-6.0900,0.7085,-1.1633,-0.2082,0
91227,7.7817,-9.1581,-0.7947,14.8400,-55.7900,-37.1700,0.5075,-1.9077,-1.2710,0
91266,7.2455,-8.1527,-0.9048,33.1100,-45.9900,-24.4300,1.1322,-1.5726,-0.8354,0
91305,7.4107,-8.7631,-1.4482,60.9700,-51.8700,-9.5900,2.0849,-1.7737,-0.3279,0
91344,7.1139,-8.2437,-2.1303,65.1000,-61.6000,-9.3800,2.2261,-2.1064,-0.3207,0
91383,6.0798,-8.5094,-2.4056,77.3500,-58.3800,-10.2900,2.6450,-1.9963,-0.3519,0
91422,5.7208,-8.3035,-3.2936,90.3000,-49.0000,-4.4800,3.0878,-1.6755,-0.1532,0
91461,5.2181,-8.1480,-3.4875,90.5100,-50.8900,5.6700,3.0950,-1.7402,0.1939,0
91500,5.1966,-8.1097,-4.3828,111.2300,-61.3200,23.8700,3.8035,-2.0968,0.8162,0
91539,5.8381,-7.9421,-4.6461,166.2500,-33.6700,58.5900,5.6849,-1.1513,2.0035,0
91578,5.8525,-5.1176,-0.6415,147.0700,27.1600,78.1200,5.0290,0.9287,2.6713,0
91617,5.7232,-2.3506,1.3189,65.4500,-33.3200,63.9800,2.2381,-1.1394,2.1878,0
91656,7.8942,-2.6091,0.1699,17.4300,-139.1600,68.6000,0.5960,-4.7586,2.3458,0
91695,9.9623,-8.3442,2.7287,6.6500,-161.0000,68.6700,0.2274,-5.5054,2.3482,0
91734,7.8416,-11.0227,3.4875,25.2000,-141.7500,50.7500,0.8617,-4.8471,1.7354,0
91773,3.6838,-10.0629,1.0628,69.6500,-115.2900,31.5000,2.3817,-3.9423,1.0771,0
91812,6.3168,-11.1161,1.0460,77.5600,-144.6200,39.4100,2.6522,-4.9453,1.3476,0
91851,7.7195,-8.8541,-0.9239,-10.2900,-183.3300,29.2600,-0.3519,-6.2689,1.0005,0
91890,8.6171,-9.8618,-1.1130,9.2400,-140.8400,24.6400,0.3160,-4.8160,0.8426,0
91929,6.2235,-9.5650,-0.8091,28.0000,-130.8300,32.0600,0.9575,-4.4737,1.0963,0
91968,4.2343,-9.0312,-1.1705,32.7600,-123.4100,36.1200,1.1202,-4.2200,1.2351,0
92007,4.8591,-8.6123,-1.2184,54.4600,-111.3700,36.5400,1.8623,-3.8083,1.2495,0
92046,4.2176,-7.9732,-1.0364,64.9600,-95.9000,22.7500,2.2213,-3.2793,0.7779,0
92085,2.5899,-7.2719,-2.1758,69.1600,-71.3300,-13.1600,2.3649,-2.4391,-0.4500,0
92124,-0.5529,-5.9578,-3.2506,49.1400,-61.2500,-48.7900,1.6803,-2.0944,-1.6684,0
92163,-0.7420,-3.9399,-3.3583,17.7100,-46.7600,-78.1900,0.6056,-1.5990,-2.6737,0
92202,-0.4955,-3.8202,-3.2554,-17.2900,-60.5500,-101.4300,-0.5912,-2.0705,-3.4684,0
92241,6.5035,-5.7064,-0.4644,-14.3500,-47.3900,-91.1400,-0.4907,-1.6205,-3.1165,0
92280,12.7150,-11.2645,-1.6684,6.9300,-23.8000,-44.7300,0.2370,-0.8138,-1.5295,0
92319,10.0222,-7.2120,0.9144,38.7100,17.0800,-68.9500,1.3237,0.5840,-2.3577,0
92358,7.5160,-8.0450,0.0574,0.2100,9.6600,-29.7500,0.0072,0.3303,-1.0173,0
92397,5.9602,-8.7559,1.5918,-2.3800,-14.7700,1.2600,-0.0814,-0.5051,0.0431,0
92436,6.4245,-7.6764,-1.2184,62.0200,-56.7000,-4.6200,2.1208,-1.9388,-0.1580,0
92475,7.6644,-6.0320,-1.8814,48.5100,-39.4800,-3.6400,1.6588,-1.3500,-0.1245,0
92514,8.2581,-6.9033,0.1077,32.4100,15.8900,-0.9100,1.1083,0.5434,-0.0311,0
92553,9.8546,-7.2096,-0.6750,39.9000,-26.1800,-23.2400,1.3644,-0.8952,-0.7947,0
92592,9.6320,-7.4801,-1.3931,20.6500,-51.5200,-33.2500,0.7061,-1.7617,-1.1370,0
92631,8.4567,-10.0222,-0.0551,0.8400,-37.4500,-16.3100,0.0287,-1.2806,-0.5577,0
92670,7.3365,-8.3682,0.0718,15.8200,-26.4600,-14.5600,0.5410,-0.9048,-0.4979,0
92709,6.4078,-7.2743,-0.9407,48.7900,-33.0400,-17.6400,1.6684,-1.1298,-0.6032,0
92748,5.5245,-6.9751,-1.2782,43.4000,-25.9000,-8.0500,1.4841,-0.8856,-0.2753,0
92787,5.2469,-6.9846,-1.9915,65.2400,-21.3500,6.9300,2.2309,-0.7301,0.2370,0
92826,5.1703,-7.8009,-1.9676,105.3500,-24.2900,8.9600,3.6024,-0.8306,0.3064,0
92865,3.7484,-6.2737,-1.5798,119.2100,-6.6500,15.0500,4.0764,-0.2274,0.5146,0
92904,3.6575,-4.4785,-0.4093,104.5100,-2.4500,36.1900,3.5737,-0.0838,1.2375,0
92943,6.6064,-4.6820,-0.1197,76.9300,-39.8300,62.7900,2.6306,-1.3620,2.1471,0
92982,7.2384,-5.6490,-0.7253,53.4800,-55.1600,61.2500,1.8287,-1.8862,2.0944,0
93021,6.7333,-5.3641,0.7612,10.4300,-74.4100,50.8900,0.3567,-2.5444,1.7402,0
93060,4.6748,-6.3431,3.4923,-10.0800,-84.7700,72.8700,-0.3447,-2.8987,2.4918,0
93099,6.6280,-10.6230,3.2625,31.5000,-145.9500,90.2300,1.0771,-4.9907,3.0854,0
93138,7.2719,-11.2334,-0.3686,47.8800,-139.9300,50.7500,1.6372,-4.7849,1.7354,0
93177,9.6488,-9.8211,-1.0317,37.9400,-128.7300,11.6200,1.2974,-4.4019,0.3973,0
93216,7.4251,-9.4812,-0.5793,7.6300,-131.4600,12.6700,0.2609,-4.4953,0.4332,0
93255,7.2025,-11.1783,1.4075,29.2600,-137.6900,34.9300,1.0005,-4.7083,1.1944,0
93294,6.7596,-9.1150,-1.4386,48.6500,-126.9100,28.0000,1.6636,-4.3397,0.9575,0
93333,5.4647,-8.5621,-1.3524,35.7000,-94.3600,27.1600,1.2208,-3.2266,0.9287,0
93372,3.8825,-8.3730,0.1580,37.9400,-75.5300,24.9900,1.2974,-2.5827,0.8545,0
93411,2.8269,-8.2772,-0.3375,54.1800,-69.7900,5.9500,1.8527,-2.3865,0.2035,0
93450,1.6229,-7.2120,-1.7785,58.8000,-56.9100,-24.9900,2.0107,-1.9460,-0.8545,0
93489,0.4021,-4.8519,-2.8963,34.0900,-54.6000,-55.3700,1.1657,-1.8670,-1.8934,0
93528,0.1676,-4.2535,-1.6396,11.6900,-50.8900,-81.6900,0.3997,-1.7402,-2.7934,0
93567,1.3428,-4.8974,-0.9646,13.5800,-52.5700,-92.8900,0.4644,-1.7976,-3.1764,0
93606,15.6855,-13.1914,-0.6989,53.6200,-71.9600,-55.0900,1.8335,-2.4607,-1.8838,0
93645,10.1012,-6.7932,0.0239,41.7900,-17.2900,-39.9700,1.4290,-0.5912,-1.3668,0
93684,9.3903,-6.8386,-0.2609,18.3400,0.7000,-65.0300,0.6271,0.0239,-2.2237,0
93723,7.8918,-8.1575,0.6104,-6.0200,6.6500,-27.0900,-0.2059,0.2274,-0.9263,0
93762,8.0402,-9.0001,0.3112,-12.6700,13.3000,-7.1400,-0.4332,0.4548,-0.2442,0
93801,7.2958,-7.9445,-0.2801,5.6000,-1.8900,-24.2900,0.1915,-0.0646,-0.8306,0
93840,6.9511,-7.1259,0.5098,-5.0400,-9.1000,-29.5400,-0.1723,-0.3112,-1.0101,0
93879,6.4461,-6.6759,0.9646,20.0200,-25.8300,-17.0800,0.6846,-0.8833,-0.5840,0
93918,5.0075,-5.4551,1.2399,34.4400,-28.9100,-20.7900,1.1777,-0.9886,-0.7109,0
93957,5.7112,-4.5240,-0.9766,41.3000,-60.3400,-22.1900,1.4122,-2.0633,-0.7588,0
93996,6.0368,-3.3367,-1.1896,29.8900,-18.7600,-15.3300,1.0221,-0.6415,-0.5242,0
94035,6.7022,-4.2511,-1.2160,10.5000,9.0300,-1.1900,0.3590,0.3088,-0.0407,0
94074,6.5921,-4.9979,-0.2633,-21.0700,5.6000,6.1600,-0.7205,0.1915,0.2106,0
94113,7.8009,-7.4394,-0.1149,-16.5200,-19.5300,6.1600,-0.5649,-0.6678,0.2106,0
94152,8.2964,-8.9187,-0.8521,-16.6600,-14.1400,-10.4300,-0.5697,-0.4835,-0.3567,0
94191,8.3658,-8.0235,-1.1370,-3.0100,-5.3900,-13.1600,-0.1029,-0.1843,-0.4500,0
94230,8.9809,-8.3777,-1.3644,9.7300,-12.2500,-6.2300,0.3327,-0.4189,-0.2130,0
94269,8.6985,-7.4514,-1.2160,-2.6600,-10.9900,-5.1800,-0.0910,-0.3758,-0.1771,0
94308,8.1360,-7.9660,-1.4529,3.2200,-4.8300,3.7800,0.1101,-0.1652,0.1293,0
94347,7.1474,-7.8631,-1.4314,9.5900,-1.3300,-4.4100,0.3279,-0.0455,-0.1508,0
94386,6.8123,-7.3485,-1.0795,27.9300,11.4100,-5.8800,0.9551,0.3902,-0.2011,0
94425,6.6711,-5.9386,-1.1513,42.0700,21.8400,-15.5400,1.4386,0.7468,-0.5314,0
94464,7.1594,-5.7423,-1.3021,46.7600,16.3100,-19.8100,1.5990,0.5577,-0.6774,0
94503,7.4131,-6.2546,-1.2423,44.7300,17.7800,-16.0300,1.5295,0.6080,-0.5481,0
94542,6.5490,-5.9697,-0.8043,37.5900,24.0100,-9.3100,1.2854,0.8210,-0.3184,0
94581,6.3767,-7.4921,-0.6630,33.3200,5.6700,12.0400,1.1394,0.1939,0.4117,0
94620,7.0780,-8.2269,0.2657,48.0200,-5.3200,19.6700,1.6420,-0.1819,0.6726,0
94659,7.0253,-7.7075,0.3638,48.0900,-1.3300,21.4200,1.6444,-0.0455,0.7325,0
94698,7.3365,-7.7865,0.7468,66.0100,-4.3400,31.7800,2.2572,-0.1484,1.0867,0
94737,7.8823,-7.2838,0.9551,57.3300,-6.3700,36.6800,1.9604,-0.2178,1.2543,0
94776,7.6453,-6.1852,1.0867,42.3500,-6.5100,36.4700,1.4482,-0.2226,1.2471,0
94815,7.7841,-7.2815,1.2064,42.2100,-23.1000,46.7600,1.4434,-0.7899,1.5990,0
94854,6.8817,-6.9846,3.0256,41.9300,-14.4900,32.2000,1.4338,-0.4955,1.1011,0
94893,6.3623,-5.8596,2.9107,38.9900,-12.6000,1.7500,1.3333,-0.4309,0.0598,0
94932,6.2929,-5.1080,1.2854,36.9600,-31.5700,-1.1900,1.2638,-1.0795,-0.0407,0
94971,6.4916,-4.4976,1.6468,6.9300,-19.3900,20.5100,0.2370,-0.6630,0.7013,0
95010,5.1032,-4.2176,1.6444,-16.8000,-11.2700,43.8900,-0.5745,-0.3854,1.5008,0
95049,5.4407,-5.5772,3.3128,-78.3300,-26.4600,61.6700,-2.6785,-0.9048,2.1088,0
95088,6.3479,-7.5160,2.2189,-42.7700,-59.1500,61.8800,-1.4625,-2.0226,2.1160,0
95127,5.8237,-9.8403,1.2782,-41.9300,-50.3300,61.6000,-1.4338,-1.7210,2.1064,0
95166,5.3570,-10.9102,1.4434,-22.7500,-63.8400,59.7800,-0.7779,-2.1830,2.0442,0
95205,5.4048,-10.8145,0.9886,-9.3100,-70.0700,72.6600,-0.3184,-2.3960,2.4846,0
95244,5.0841,-11.2836,0.6463,20.7200,-68.2500,76.4400,0.7085,-2.3338,2.6139,0
95283,4.6006,-11.1711,0.9838,31.8500,-67.0600,67.2700,1.0891,-2.2931,2.3003,0
95322,4.4426,-10.0605,0.2681,38.7800,-51.0300,52.4300,1.3261,-1.7450,1.7928,0
95361,3.2458,-8.7583,0.5386,26.2500,-29.8900,42.1400,0.8976,-1.0221,1.4410,0
95400,2.1710,-7.9086,0.3782,8.8900,-25.6200,29.8900,0.3040,-0.8761,1.0221,0
95439,1.5247,-8.1432,-0.4883,1.7500,-34.1600,16.4500,0.0598,-1.1681,0.5625,0
95478,1.0005,-8.2389,-1.1154,8.5400,-43.4700,-20.3700,0.2920,-1.4865,-0.6965,0
95517,0.2968,-8.3490,-2.0322,5.3900,-46.3400,-49.5600,0.1843,-1.5846,-1.6947,0
95556,0.0287,-7.3245,-2.8532,-0.4200,-39.2000,-74.2700,-0.0144,-1.3404,-2.5397,0
95595,-0.4165,-7.4203,-2.5349,0.4900,-32.5500,-100.8000,0.0168,-1.1130,-3.4468,0
95634,0.9670,-5.8237,-1.0819,9.9400,-55.4400,-119.6300,0.3399,-1.8958,-4.0907,0
95673,11.2334,-9.2897,-1.3763,30.0300,-80.7100,-99.8900,1.0269,-2.7599,-3.4157,0
95712,10.7786,-8.3490,-0.9646,45.0800,-30.5200,-49.2100,1.5415,-1.0436,-1.6827,0
95751,8.4041,-8.7057,-0.4452,3.5000,-7.0700,-66.5000,0.1197,-0.2418,-2.2740,0
95790,8.3873,-8.8277,0.5769,-5.2500,-10.5700,-52.5700,-0.1795,-0.3614,-1.7976,0
95829,9.1222,-8.6075,0.2633,7.6300,-17.5000,-24.6400,0.2609,-0.5984,-0.8426,0
95868,7.9158,-7.5352,-0.0191,21.9100,-33.1100,-25.0600,0.7492,-1.1322,-0.8569,0
95907,6.7261,-7.9660,0.6678,6.3000,-25.6200,-20.3000,0.2154,-0.8761,-0.6942,0
95946,5.4001,-5.9769,0.5840,33.1800,-28.3500,-24.2900,1.1346,-0.9694,-0.8306,0
95985,5.5724,-4.6030,-0.4692,54.9500,-21.3500,-27.1600,1.8790,-0.7301,-0.9287,0
96024,6.3671,-3.9064,-0.9168,49.5600,-17.5000,-26.8800,1.6947,-0.5984,-0.9192,0
96063,7.8344,-3.6623,-1.0508,33.3200,-19.0400,-20.7900,1.1394,-0.6511,-0.7109,0
96102,8.0953,-4.6149,-1.4338,-0.8400,-29.1900,-27.5800,-0.0287,-0.9981,-0.9431,0
96141,8.5597,-6.4102,-0.0455,1.3300,-39.7600,-14.4900,0.0455,-1.3596,-0.4955,0
96180,8.8541,-7.3389,-0.1771,6.9300,-43.6800,-7.7000,0.2370,-1.4936,-0.2633,0
96219,8.7775,-8.3610,-0.6080,18.6900,-35.1400,-8.6100,0.6391,-1.2016,-0.2944,0
96258,8.2628,-8.8804,-0.8043,23.8700,-37.2400,-10.9200,0.8162,-1.2734,-0.3734,0
96297,7.7434,-7.4155,-1.2974,41.0200,-32.7600,-1.8200,1.4027,-1.1202,-0.0622,0
96336,7.7291,-8.0737,-0.6176,48.5800,-44.9400,1.6800,1.6612,-1.5367,0.0574,0
96375,7.7410,-6.6232,-1.7737,76.5100,-22.6800,5.5300,2.6162,-0.7755,0.1891,0
96414,7.2910,-7.1354,-2.0226,60.1300,-27.1600,1.8900,2.0561,-0.9287,0.0646,0
96453,6.2402,-7.3748,-1.7258,61.3200,-13.6500,-3.5000,2.0968,-0.4668,-0.1197,0
96492,6.1205,-7.5136,-2.2500,70.5600,1.2600,-8.6100,2.4128,0.0431,-0.2944,0
96531,5.6514,-7.7075,-2.6186,133.4900,11.4800,-5.6000,4.5647,0.3926,-0.1915,0
96570,5.8237,-6.3886,-0.8856,138.1800,46.0600,0.9800,4.7250,1.5750,0.0335,0
96609,8.0618,-4.3947,0.7205,110.1100,25.2000,14.2800,3.7652,0.8617,0.4883,0
96648,9.7804,-5.4312,0.4739,59.5000,-39.7600,11.8300,2.0346,-1.3596,0.4045,0
96687,9.5243,-6.0583,-0.3878,84.2800,-56.6300,40.2500,2.8819,-1.9365,1.3763,0
96726,7.6501,-5.2732,1.4170,65.8000,-46.0600,65.0300,2.2500,-1.5750,2.2237,0
96765,6.8578,-6.8171,1.5678,43.9600,-51.7300,88.4100,1.5032,-1.7689,3.0232,0
96804,6.2211,-5.9650,1.7378,-10.3600,-63.4900,74.1300,-0.3543,-2.1710,2.5349,0
96843,6.4245,-4.9572,1.2686,-34.1600,-74.9000,70.7700,-1.1681,-2.5612,2.4200,0
96882,4.2966,-7.7769,2.0825,-19.1100,-61.0400,98.7000,-0.6535,-2.0873,3.3750,0
96921,3.2530,-9.8283,2.5875,0.6300,-81.4800,82.3900,0.0215,-2.7862,2.8173,0
96960,4.8687,-8.6961,0.8330,24.6400,-112.8400,62.7900,0.8426,-3.8585,2.1471,0
96999,6.0727,-10.1179,-0.5697,56.2800,-115.9900,47.7400,1.9245,-3.9663,1.6325,0
97038,6.0320,-9.9216,-0.3351,28.7700,-109.2700,40.2500,0.9838,-3.7365,1.3763,0
97077,5.5078,-9.5650,0.5960,20.0200,-83.9300,37.8000,0.6846,-2.8700,1.2926,0
97116,5.3426,-9.1485,0.7947,37.7300,-95.2000,29.7500,1.2902,-3.2554,1.0173,0
97155,5.5868,-8.8948,-1.1035,42.4200,-78.8200,24.6400,1.4505,-2.6952,0.8426,0
97194,4.2272,-9.1006,-0.2992,29.9600,-45.6400,17.4300,1.0245,-1.5607,0.5960,0
97233,3.6335,-9.0384,0.6032,17.6400,-52.8500,2.4500,0.6032,-1.8072,0.0838,0
97272,2.2381,-8.4831,-0.9072,26.8100,-54.8800,-12.3900,0.9168,-1.8766,-0.4237,0
97311,1.3979,-7.5448,-1.2614,16.8700,-56.0000,-34.9300,0.5769,-1.9149,-1.1944,0
97350,1.1705,-6.9870,-1.6037,-7.9800,-60.1300,-50.4000,-0.2729,-2.0561,-1.7234,0
97389,1.2543,-7.3509,-2.8580,-24.5700,-42.7000,-78.2600,-0.8402,-1.4601,-2.6761,0
97428,2.3553,-7.6525,-1.9053,6.3700,-45.7800,-97.7200,0.2178,-1.5654,-3.3415,0
97467,8.7799,-9.5650,0.2370,49.7000,-54.9500,-84.0000,1.6995,-1.8790,-2.8724,0
97506,9.5434,-8.5501,-1.1154,70.0700,-65.6600,-34.1600,2.3960,-2.2452,-1.1681,0
97545,7.6094,-6.5203,0.2370,17.9900,-26.3200,-46.7600,0.6152,-0.9000,-1.5990,0
97584,8.1623,-8.1551,-0.7612,-0.2800,-11.6200,-26.8800,-0.0096,-0.3973,-0.9192,0
97623,6.9607,-7.9900,0.0934,-29.7500,3.7800,-19.6700,-1.0173,0.1293,-0.6726,0
97662,6.8578,-8.4807,-0.8258,-44.3100,6.7900,-11.8300,-1.5152,0.2322,-0.4045,0
97701,6.3336,-7.3844,1.1681,-5.8800,17.3600,-22.7500,-0.2011,0.5936,-0.7779,0
97740,5.9506,-4.3660,-0.2011,15.9600,13.0200,-36.6800,0.5457,0.4452,-1.2543,0
97779,6.5251,-3.2171,-1.0077,17.4300,42.8400,-21.1400,0.5960,1.4649,-0.7229,0
97818,8.9618,-4.2463,-0.9934,0.7700,57.1900,3.1500,0.0263,1.9556,0.1077,0
97857,9.1389,-5.2971,-0.3782,-51.4500,58.8000,-0.4900,-1.7593,2.0107,-0.0168,0
97896,9.3448,-7.3604,-0.3447,-64.5400,10.1500,-9.3100,-2.2069,0.3471,-0.3184,0
97935,8.7176,-8.8972,-0.8593,-60.9700,22.1900,-3.6400,-2.0849,0.7588,-0.1245,0
97974,8.6291,-8.3730,-0.9718,-70.3500,35.1400,-0.1400,-2.4056,1.2016,-0.0048,0
98013,7.9684,-7.6190,-0.9239,-54.6700,34.2300,10.9200,-1.8694,1.1705,0.3734,0
98052,7.3940,-6.8745,-0.9239,-50.4000,36.4700,1.5400,-1.7234,1.2471,0.0527,0
98091,7.1977,-6.4102,-1.6468,-48.4400,47.9500,-1.6800,-1.6564,1.6396,-0.0574,0
98130,6.4485,-6.2618,-1.6755,-43.2600,52.2900,9.5200,-1.4793,1.7880,0.3255,0
98169,6.4580,-5.3881,-1.2160,-35.6300,62.8600,18.1300,-1.2184,2.1495,0.6200,0
98208,6.1062,-5.9362,-1.9388,-38.6400,92.1900,25.4800,-1.3213,3.1524,0.8713,0
98247,5.6394,-6.0775,-1.4266,-40.1800,95.6200,30.7300,-1.3739,3.2697,1.0508,0
98286,7.2168,-6.8003,0.3806,-52.8500,98.1400,33.7400,-1.8072,3.3559,1.1537,0
98325,9.6559,-8.6937,2.3290,-46.5500,100.0300,47.9500,-1.5918,3.4205,1.6396,0
98364,10.7379,-8.2293,3.1022,-66.6400,61.0400,47.6700,-2.2787,2.0873,1.6301,0
98403,11.1065,-8.4495,2.1136,-59.3600,23.4500,35.4200,-2.0298,0.8019,1.2112,0
98442,10.3022,-8.1934,2.5588,-55.1600,15.0500,23.8000,-1.8862,0.5146,0.8138,0
98481,10.3142,-6.4820,-0.8641,-88.5500,59.5000,40.1800,-3.0280,2.0346,1.3739,0
98520,4.6915,-6.5969,-3.2051,-94.0100,98.0000,69.2300,-3.2147,3.3511,2.3673,0
98559,0.9981,-9.3304,-2.2404,-73.2900,123.9000,73.5000,-2.5061,4.2367,2.5133,0
98598,0.7061,-9.3041,-1.9460,-4.6900,95.2700,50.6800,-0.1604,3.2577,1.7330,0
98637,0.7803,-8.9235,-2.6019,15.8200,88.0600,32.1300,0.5410,3.0112,1.0987,0
98676,1.4482,-8.8565,-1.0652,-2.2400,77.5600,27.9300,-0.0766,2.6522,0.9551,0
98715,2.1782,-8.5788,-0.4644,5.3200,68.2500,27.3700,0.1819,2.3338,0.9359,0
98754,1.1896,-8.2054,-1.2950,5.3200,68.1100,10.9900,0.1819,2.3290,0.3758,0
98793,1.2136,-8.2485,-0.2418,-17.2200,80.8500,-11.7600,-0.5888,2.7647,-0.4021,0
98832,2.3529,-8.7129,0.2968,-24.0100,78.1900,-22.6100,-0.8210,2.6737,-0.7731,0
98871,3.5426,-9.3472,0.5769,-23.5200,74.7600,-27.7200,-0.8043,2.5564,-0.9479,0
98910,4.2631,-9.1485,0.2681,-15.6100,84.1400,-31.7800,-0.5338,2.8772,-1.0867,0
98949,4.0740,-9.2969,1.2327,-17.4300,96.0400,-29.6800,-0.5960,3.2841,-1.0149,0
98988,4.4857,-8.5836,0.8186,-23.5200,83.3000,-23.3800,-0.8043,2.8484,-0.7995,0
99027,3.7628,-8.3658,1.1872,-31.0100,90.8600,-25.4800,-1.0604,3.1069,-0.8713,0
99066,2.6785,-8.9905,1.9029,-38.8500,112.0700,-36.4700,-1.3285,3.8322,-1.2471,0
99105,1.3093,-8.8589,1.7067,-49.4900,101.9900,-49.9800,-1.6923,3.4875,-1.7091,0
99144,1.8982,-8.9714,1.5391,-44.0300,76.9300,-57.8900,-1.5056,2.6306,-1.9795,0
99183,4.0476,-9.4788,2.5157,-52.5000,72.4500,-55.1600,-1.7952,2.4774,-1.8862,0
99222,5.9290,-9.4573,0.6630,-58.7300,55.1600,-46.6200,-2.0083,1.8862,-1.5942,0
99261,5.6251,-9.4668,0.2705,-12.1800,45.5700,-48.4400,-0.4165,1.5583,-1.6564,0
99300,6.3934,-8.9929,2.2189,-46.4800,13.0900,-35.2800,-1.5894,0.4476,-1.2064,0
99339,5.9626,-8.4519,1.4936,-48.0900,9.3800,-16.7300,-1.6444,0.3207,-0.5721,0
99378,5.5245,-9.1652,0.4931,-44.1000,14.8400,-20.0900,-1.5080,0.5075,-0.6870,0
99417,4.5168,-7.7578,0.1149,-54.7400,24.9200,-33.7400,-1.8718,0.8521,-1.1537,0
99456,5.2876,-7.1378,0.7779,-47.1100,27.4400,-19.4600,-1.6109,0.9383,-0.6654,0
99495,6.6950,-6.9894,0.1149,-61.9500,27.2300,-33.7400,-2.1184,0.9311,-1.1537,0
99534,6.5873,-5.4144,-1.1154,-59.0100,31.5700,-37.3100,-2.0178,1.0795,-1.2758,0
99573,6.7094,-4.6867,-0.6056,-45.9900,42.7000,-28.5600,-1.5726,1.4601,-0.9766,0
99612,6.6328,-4.5383,0.2418,-58.6600,57.1200,-25.2000,-2.0059,1.9532,-0.8617,0
99651,7.5112,-5.3785,-2.2955,-93.8700,64.9600,-22.9600,-3.2099,2.2213,-0.7851,0
99690,7.2384,-6.2953,-1.5511,-79.3100,69.4400,-13.5100,-2.7120,2.3745,-0.4620,0
99729,7.9421,-7.8081,-1.0077,-62.5800,44.3100,-8.8200,-2.1399,1.5152,-0.3016,0
99768,8.5429,-7.8104,-0.4237,-67.1300,47.1800,-8.2600,-2.2955,1.6133,-0.2824,0
99807,10.3645,-7.9134,0.3112,-57.5400,52.1500,-2.3100,-1.9676,1.7833,-0.0790,0
99846,9.6942,-8.2245,-0.5840,-53.1300,49.9100,-2.1700,-1.8168,1.7067,-0.0742,0
99885,8.7847,-7.8703,-0.2465,-62.8600,59.1500,-1.9600,-2.1495,2.0226,-0.0670,0
99924,7.0397,-7.7961,-1.6468,-57.1200,44.8000,-0.4900,-1.9532,1.5319,-0.0168,0
99963,6.4676,-8.7942,-0.8880,-47.8800,33.3900,-1.9600,-1.6372,1.1418,-0.0670,0
100002,6.6639,-6.7333,-1.6995,-15.3300,38.0800,0.1400,-0.5242,1.3021,0.0048,0
100041,5.9243,-6.2283,-1.6253,-10.0800,48.1600,0.2800,-0.3447,1.6468,0.0096,0
100080,5.4551,-7.0182,-1.1944,-26.4600,68.1100,-1.7500,-0.9048,2.3290,-0.0598,0
100119,5.1248,-7.4466,-0.7468,-28.3500,72.1700,-0.9100,-0.9694,2.4678,-0.0311,0
100158,5.0410,-6.5562,1.1274,-10.2200,69.7900,14.9100,-0.3495,2.3865,0.5098,0
100197,6.2115,-6.4939,2.9849,0.7700,35.4200,37.0300,0.0263,1.2112,1.2662,0
100236,6.9535,-6.5514,2.0633,20.0200,-3.6400,35.2100,0.6846,-0.1245,1.2040,0
100275,6.5873,-6.7405,1.2136,11.3400,-14.0700,18.4800,0.3878,-0.4811,0.6319,0
100314,6.7644,-5.1607,1.1681,-4.5500,-17.3600,36.6100,-0.1556,-0.5936,1.2519,0
100353,7.4562,-4.6293,0.5745,-30.3100,-38.6400,96.6000,-1.0364,-1.3213,3.3032,0
100392,6.7285,-7.6573,0.5362,-36.1900,-3.6400,110.6700,-1.2375,-0.1245,3.7843,0
100431,4.4976,-9.6990,1.1896,-49.2100,-17.1500,80.9900,-1.6827,-0.5864,2.7694,0
100470,3.9950,-11.5756,0.7612,-35.6300,-26.1100,59.6400,-1.2184,-0.8928,2.0394,0
100509,5.5868,-15.3696,0.4811,4.4800,-47.0400,67.6200,0.1532,-1.6085,2.3123,0
100548,4.7633,-12.8634,1.4434,41.4400,-43.9600,38.0800,1.4170,-1.5032,1.3021,0
100587,3.6312,-10.0198,1.2519,52.9900,-38.2900,2.7300,1.8120,-1.3093,0.0934,0
100626,1.8287,-7.0325,-0.9718,32.9000,-39.3400,-28.8400,1.1250,-1.3452,-0.9862,0
100665,0.1053,-5.7782,-2.8197,18.4800,-42.7700,-56.3500,0.6319,-1.4625,-1.9269,0
100704,-0.0335,-4.6341,-1.8048,7.0700,-55.2300,-81.9700,0.2418,-1.8886,-2.8030,0
100743,1.9484,-3.8155,0.8833,-20.0200,-71.6800,-109.8300,-0.6846,-2.4511,-3.7556,0
100782,9.5865,-9.6272,0.1508,103.5300,-114.7300,-75.9500,3.5402,-3.9232,-2.5971,0
100821,6.8865,-3.5761,0.4596,74.0600,-46.7600,-64.9600,2.5325,-1.5990,-2.2213,0
100860,5.0697,-4.4139,-0.1005,50.3300,-22.0500,-49.1400,1.7210,-0.7540,-1.6803,0
100899,6.0822,-5.1200,-0.9503,43.1200,-32.8300,-13.1600,1.4745,-1.1226,-0.4500,0
100938,9.9264,-6.1971,-1.9963,7.5600,-23.8000,-1.9600,0.2585,-0.8138,-0.0670,0
100977,8.9402,-7.3365,-1.0843,-2.7300,-28.3500,-27.7200,-0.0934,-0.9694,-0.9479,0
101016,5.9721,-10.2831,-1.3692,-25.5500,-39.2000,7.4900,-0.8737,-1.3404,0.2561,0
101055,5.8261,-9.5315,-0.6774,20.9300,-34.6500,39.9700,0.7157,-1.1849,1.3668,0
101094,7.6573,-7.5448,-1.4218,48.0900,-27.8600,45.2900,1.6444,-0.9527,1.5487,0
101133,7.0900,-6.4102,-0.6678,45.2900,-25.2000,25.8300,1.5487,-0.8617,0.8833,0
101172,6.9104,-6.9344,-1.5966,33.6000,-20.3700,25.0600,1.1489,-0.6965,0.8569,0
101211,6.8195,-5.4575,-0.7109,31.3600,-22.1900,18.5500,1.0724,-0.7588,0.6343,0
101250,6.6615,-9.8474,-1.3907,21.6300,-24.0800,32.9000,0.7396,-0.8234,1.1250,0
101289,6.0703,-6.3767,-0.1532,23.4500,2.3800,29.1900,0.8019,0.0814,0.9981,0
101328,5.9219,-8.7703,-1.9987,15.3300,2.4500,28.3500,0.5242,0.0838,0.9694,0
101367,7.1785,-11.1927,-1.3787,8.0500,10.2900,10.7800,0.2753,0.3519,0.3686,0
101406,6.4269,-9.1916,-0.6319,21.3500,15.0500,13.0200,0.7301,0.5146,0.4452,0
101445,5.9147,-10.9677,0.6487,23.3100,18.9000,23.6600,0.7971,0.6463,0.8091,0
101484,4.2679,-7.7291,0.0407,26.2500,26.4600,26.6700,0.8976,0.9048,0.9120,0
101523,2.5277,-6.2522,-0.2011,7.1400,27.4400,19.6700,0.2442,0.9383,0.6726,0
101562,3.9351,-9.4932,0.2705,-10.6400,-4.9000,33.1100,-0.3638,-0.1676,1.1322,0
101601,3.4109,-7.5424,0.2561,4.0600,10.9200,23.1700,0.1388,0.3734,0.7923,0
101640,2.9083,-7.9756,0.9239,3.9200,-5.7400,13.3000,0.1340,-0.1963,0.4548,0
101679,4.0883,-8.3634,0.0910,-14.0700,-5.3900,-0.9100,-0.4811,-0.1843,-0.0311,0
101718,4.9381,-9.7373,0.3567,2.9400,-14.0000,9.2400,0.1005,-0.4787,0.3160,0
101757,5.1415,-9.4094,0.3519,-4.9700,-5.9500,3.9200,-0.1699,-0.2035,0.1340,0
101796,4.7873,-9.1796,0.2753,-2.6600,-3.9200,9.3800,-0.0910,-0.1340,0.3207,0
101835,4.6149,-9.6392,0.5553,-4.0600,-5.1800,8.4700,-0.1388,-0.1771,0.2896,0
101874,5.1439,-10.3070,0.4141,-7.7700,-7.9800,5.1800,-0.2657,-0.2729,0.1771,0
101913,4.8471,-9.6344,0.3854,-3.5000,-1.4700,1.4700,-0.1197,-0.0503,0.0503,0
101952,5.3881,-10.0653,0.7325,-1.7500,-3.5000,-0.0700,-0.0598,-0.1197,-0.0024,0
101991,4.9405,-9.0480,0.3423,-0.6300,6.6500,-5.7400,-0.0215,0.2274,-0.1963,0
102030,4.4737,-9.0408,0.1412,1.6100,6.5800,1.7500,0.0551,0.2250,0.0598,0
102069,4.0524,-8.0666,0.2178,1.4700,9.5900,2.6600,0.0503,0.3279,0.0910,0
102108,4.2272,-9.0695,-0.2298,3.7800,10.2900,-0.8400,0.1293,0.3519,-0.0287,0
102147,3.9519,-8.1097,0.0981,2.5200,9.5200,-3.6400,0.0862,0.3255,-0.1245,0
102186,3.9639,-8.4519,0.4021,-0.6300,3.3600,2.5900,-0.0215,0.1149,0.0886,0
102225,4.2176,-9.4381,0.1125,-3.9900,2.2400,-0.5600,-0.1364,0.0766,-0.0191,0
102264,3.7101,-8.4831,0.1795,1.3300,2.9400,0.1400,0.0455,0.1005,0.0048,0
102303,4.2583,-9.1676,0.3567,2.3800,-3.7100,4.0600,0.0814,-0.1269,0.1388,0
102342,4.2966,-8.1551,0.4189,-2.9400,2.1700,-3.0800,-0.1005,0.0742,-0.1053,0
102381,4.5407,-9.8307,0.2274,-3.5000,-1.9600,2.1700,-0.1197,-0.0670,0.0742,0
102420,3.9926,-8.8182,0.5027,2.2400,1.1900,1.4000,0.0766,0.0407,0.0479,0
102459,4.0572,-8.7248,0.2130,-0.8400,0.4200,-0.7700,-0.0287,0.0144,-0.0263,0
102498,4.0070,-8.9019,0.1771,-2.3100,-3.5000,1.4700,-0.0790,-0.1197,0.0503,0
102537,4.3038,-9.1174,0.2729,1.4700,-1.7500,0.6300,0.0503,-0.0598,0.0215,0
102576,4.0883,-8.7966,0.0431,-1.2600,-4.6200,1.3300,-0.0431,-0.1580,0.0455,0
102615,4.2846,-8.7607,0.1221,-1.7500,-1.8900,1.0500,-0.0598,-0.0646,0.0359,0
102654,4.2152,-8.7033,0.0862,0.4200,-0.4900,1.3300,0.0144,-0.0168,0.0455,0
102693,4.4211,-9.0049,0.3926,-2.2400,-3.2200,1.8900,-0.0766,-0.1101,0.0646,0
102732,4.3732,-8.6219,0.1269,-1.9600,1.0500,0.0700,-0.0670,0.0359,0.0024,0
102771,4.1218,-8.8876,0.2130,-2.7300,-0.9100,3.5700,-0.0934,-0.0311,0.1221,0
102810,4.2774,-9.0982,0.1005,-2.3800,0.4200,2.5900,-0.0814,0.0144,0.0886,0
102849,4.0596,-8.5357,0.2513,-1.9600,1.4000,1.2600,-0.0670,0.0479,0.0431,0
102888,4.4953,-9.4214,0.1939,-0.8400,-4.5500,2.3800,-0.0287,-0.1556,0.0814,0
102927,4.1769,-8.5309,0.0718,-0.3500,2.1700,0.8400,-0.0120,0.0742,0.0287,0
102966,4.2894,-9.0575,0.2896,-1.3300,0.1400,2.8000,-0.0455,0.0048,0.0957,0
103005,4.6030,-9.5410,0.0000,1.5400,2.2400,-1.8200,0.0527,0.0766,-0.0622,0
103044,3.8968,-8.7176,0.4883,3.6400,-1.3300,1.2600,0.1245,-0.0455,0.0431,0
103083,4.4426,-9.0432,-0.3112,-3.0800,-0.6300,-3.5700,-0.1053,-0.0215,-0.1221,0
103122,4.4522,-10.2950,-0.1029,2.7300,-1.3300,-3.1500,0.0934,-0.0455,-0.1077,0
103161,4.0716,-9.2466,0.2035,5.2500,-1.6100,-5.8100,0.1795,-0.0551,-0.1987,0
103200,4.5312,-9.5961,0.2992,4.1300,-7.4900,-5.8100,0.1412,-0.2561,-0.1987,0
103239,5.0602,-9.6823,0.1125,3.0800,-7.4200,-6.7200,0.1053,-0.2537,-0.2298,0
103278,4.6173,-9.2395,0.4907,6.1600,0.7700,-9.8000,0.2106,0.0263,-0.3351,0
103317,4.1865,-8.0642,0.3710,6.1600,3.0800,-7.0700,0.2106,0.1053,-0.2418,0
103356,4.8782,-9.5530,0.7923,0.9800,-8.6100,-10.0800,0.0335,-0.2944,-0.3447,0
103395,4.3540,-7.9397,0.1245,6.9300,3.3600,-13.1600,0.2370,0.1149,-0.4500,0
103434,3.3128,-7.3892,0.6415,10.8500,-3.0800,-5.4600,0.3710,-0.1053,-0.1867,0
103473,4.0189,-7.0971,-0.4500,-2.6600,0.4900,-4.2700,-0.0910,0.0168,-0.1460,0
103512,3.8370,-8.2102,0.3567,-3.7100,-2.8700,5.8800,-0.1269,-0.0981,0.2011,0
103551,4.3109,-8.1456,-0.0862,3.7100,-0.6300,2.0300,0.1269,-0.0215,0.0694,0
103590,3.6814,-7.9301,0.6439,0.4900,-0.3500,4.2700,0.0168,-0.0120,0.1460,0
103629,4.3923,-8.7320,0.1628,-6.8600,-7.7700,4.5500,-0.2346,-0.2657,0.1556,0
103668,4.8519,-9.2251,0.3447,-7.7700,-3.7100,2.9400,-0.2657,-0.1269,0.1005,0
103707,4.6365,-9.9240,-0.1436,-3.7800,-4.2000,4.7600,-0.1293,-0.1436,0.1628,0
103746,5.8477,-11.4488,0.0838,-2.9400,-10.5700,-3.5000,-0.1005,-0.3614,-0.1197,0
103785,5.7471,-10.7881,0.3064,7.4200,-4.6200,-15.4700,0.2537,-0.1580,-0.5290,0
103824,5.7759,-10.8552,0.1005,13.6500,-4.6900,-13.4400,0.4668,-0.1604,-0.4596,0
103863,5.4934,-10.6014,0.2442,7.1400,-0.1400,-18.6200,0.2442,-0.0048,-0.6367,0
103902,5.4072,-10.3764,0.5194,7.9100,-7.4200,-15.9600,0.2705,-0.2537,-0.5457,0
103941,5.3139,-9.7110,0.4404,7.9100,-4.4100,-26.2500,0.2705,-0.1508,-0.8976,0
103980,4.8591,-9.2610,0.1269,8.3300,-2.8000,-28.5600,0.2848,-0.0957,-0.9766,0
104019,4.2487,-8.5692,0.2322,14.2100,-3.2900,-28.0000,0.4859,-0.1125,-0.9575,0
104058,3.8490,-7.4107,-0.1891,10.7100,-2.6600,-29.3300,0.3662,-0.0910,-1.0029,0
104097,4.5216,-7.4777,-0.3758,-6.5800,-14.8400,-27.8600,-0.2250,-0.5075,-0.9527,0
104136,5.0961,-8.2676,-0.3399,-6.7900,-22.8900,-27.2300,-0.2322,-0.7827,-0.9311,0
104175,5.0578,-8.2964,0.2896,-9.3800,-14.4200,-30.9400,-0.3207,-0.4931,-1.0580,0
104214,5.0027,-7.6261,-0.2322,-11.8300,-26.3200,-35.5600,-0.4045,-0.9000,-1.2160,0
104253,6.1421,-6.5634,-0.3758,-12.6000,-17.5000,-29.8900,-0.4309,-0.5984,-1.0221,0
104292,7.7051,-6.8386,-0.1556,-14.1400,7.3500,-25.6200,-0.4835,0.2513,-0.8761,0
104331,7.0541,-6.0703,0.2992,-28.7000,20.8600,-25.6200,-0.9814,0.7133,-0.8761,0
104370,4.8304,-6.0344,-0.1125,-26.7400,23.6600,-18.2000,-0.9144,0.8091,-0.6223,0
104409,5.3737,-6.5155,0.0359,-17.1500,22.1900,-14.9800,-0.5864,0.7588,-0.5122,0
104448,6.5107,-6.4437,-0.3662,1.1200,18.4100,-18.6200,0.0383,0.6295,-0.6367,0
104487,7.2982,-6.1277,0.2729,6.2300,19.1100,-21.9800,0.2130,0.6535,-0.7516,0
104526,7.1498,-4.1362,0.1364,-15.2600,22.4000,-19.1100,-0.5218,0.7660,-0.6535,0
104565,7.5591,-3.7221,-0.9551,-14.7000,17.3600,-14.0700,-0.5027,0.5936,-0.4811,0
104604,7.4346,-4.4641,-1.4505,-53.6900,16.5900,-13.1600,-1.8359,0.5673,-0.4500,0
104643,7.1235,-6.9775,-0.2657,-59.5000,41.3700,3.2900,-2.0346,1.4146,0.1125,0
104682,7.4921,-8.3993,0.0622,-20.7200,21.0700,-1.4000,-0.7085,0.7205,-0.0479,0
104721,7.7865,-7.7841,-0.2250,-1.1900,7.5600,-7.7000,-0.0407,0.2585,-0.2633,0
104760,8.5285,-6.6711,0.2082,-6.4400,-7.9800,-5.9500,-0.2202,-0.2729,-0.2035,0
104799,7.6094,-7.0182,-0.3351,-13.7200,-16.7300,3.2200,-0.4692,-0.5721,0.1101,0
104838,7.7267,-7.9158,-1.2638,-14.7000,-4.9700,3.5000,-0.5027,-0.1699,0.1197,0
104877,7.6573,-9.4932,-2.2213,14.8400,4.9700,-1.0500,0.5075,0.1699,-0.0359,0
104916,6.1804,-9.4501,-1.8072,27.7900,29.6100,-6.7900,0.9503,1.0125,-0.2322,0
104955,5.1655,-8.4711,-2.6522,56.0000,51.8000,-3.9900,1.9149,1.7713,-0.1364,0
104994,4.9381,-8.2916,-2.4343,78.3300,51.2400,9.6600,2.6785,1.7521,0.3303,0
105033,5.0075,-7.4897,-0.8210,76.6500,55.5100,39.4800,2.6210,1.8982,1.3500,0
105072,5.3977,-6.3886,1.5607,78.4700,43.8200,60.9000,2.6833,1.4984,2.0825,0
105111,7.4490,-6.7620,2.7240,79.6600,-37.8000,66.2200,2.7240,-1.2926,2.2644,0
105150,6.9822,-5.8094,0.8593,44.0300,-63.1400,56.7700,1.5056,-2.1591,1.9412,0
105189,7.4945,-4.4043,0.4715,-10.2200,-72.0300,65.4500,-0.3495,-2.4631,2.2381,0
105228,7.7506,-5.8764,1.8240,-29.2600,-58.0300,100.8000,-1.0005,-1.9843,3.4468,0
105267,3.4851,-7.9756,2.3912,-25.7600,-40.6700,105.7700,-0.8809,-1.3907,3.6168,0
105306,3.5641,-10.3525,2.6617,-25.6900,-84.9100,72.8000,-0.8785,-2.9035,2.4894,0
105345,5.9099,-10.2041,-0.8809,-5.1100,-118.6500,48.6500,-0.1747,-4.0572,1.6636,0
105384,5.2397,-10.4123,-1.7354,25.5500,-129.1500,50.1200,0.8737,-4.4163,1.7138,0
105423,4.8663,-9.8115,0.7875,26.5300,-119.7700,48.3700,0.9072,-4.0955,1.6540,0
105462,4.9788,-8.8014,0.2394,40.0400,-115.8500,44.4500,1.3692,-3.9615,1.5200,0
105501,4.7203,-9.1868,-1.4482,45.7800,-108.7800,42.8400,1.5654,-3.7197,1.4649,0
105540,3.2554,-9.4238,-1.5295,14.0000,-80.5000,25.4100,0.4787,-2.7527,0.8689,0
105579,2.3027,-9.5841,-1.6827,-7.0000,-70.2800,-1.1200,-0.2394,-2.4032,-0.0383,0
105618,1.1513,-9.0527,-3.1883,32.8300,-87.8500,-31.0800,1.1226,-3.0040,-1.0628,0
105657,0.7492,-6.2833,-5.2899,22.6800,-71.6100,-78.0500,0.7755,-2.4487,-2.6689,0
105696,-0.1029,-5.4790,-3.4516,0.7700,-51.1000,-100.8000,0.0263,-1.7474,-3.4468,0
105735,2.0202,-5.6274,-2.3960,1.6100,-67.3400,-117.9500,0.0551,-2.3027,-4.0333,0
105774,11.3195,-9.7684,-3.1357,62.6500,-87.2200,-93.1000,2.1423,-2.9825,-3.1835,0
105813,11.2118,-7.7578,-0.0120,77.0000,-53.9000,-52.1500,2.6330,-1.8431,-1.7833,0
105852,9.2873,-6.2211,0.2394,32.2700,-28.5600,-63.7000,1.1035,-0.9766,-2.1782,0
105891,7.8583,-7.8104,-0.1245,7.4900,-3.0100,-32.6900,0.2561,-0.1029,-1.1178,0
105930,6.1900,-7.9325,3.0686,-7.9800,-7.7000,-12.8100,-0.2729,-0.2633,-0.4380,0
105969,6.6208,-7.3389,0.7013,32.9000,-23.0300,-18.4800,1.1250,-0.7875,-0.6319,0
106008,6.4796,-5.8501,-1.6779,65.1000,-22.4700,-17.2200,2.2261,-0.7684,-0.5888,0
106047,7.5519,-7.3892,-1.2926,41.0900,5.8100,2.8000,1.4051,0.1987,0.0957,0
106086,9.2658,-8.6746,0.3926,9.0300,2.7300,-25.4800,0.3088,0.0934,-0.8713,0
106125,9.2227,-8.0833,0.2250,3.5700,-41.9300,-16.3100,0.1221,-1.4338,-0.5577,0
106164,8.1408,-9.6129,-0.3830,-19.8100,-20.3000,-18.4100,-0.6774,-0.6942,-0.6295,0
106203,6.1804,-8.4663,-0.9192,-22.3300,-23.8700,-18.8300,-0.7636,-0.8162,-0.6439,0
106242,5.4264,-8.0450,-1.2303,-11.2700,-11.4800,-2.8700,-0.3854,-0.3926,-0.0981,0
106281,5.1966,-7.4586,-1.2734,43.8900,-15.3300,-5.0400,1.5008,-0.5242,-0.1723,0
106320,4.4713,-8.2461,-2.6976,68.4600,0.7700,-11.2700,2.3410,0.0263,-0.3854,0
106359,3.9663,-6.5993,-2.4200,88.9700,-5.1100,-10.5000,3.0423,-0.1747,-0.3590,0
106398,5.5078,-6.5921,-3.0447,82.2500,5.8800,-21.2800,2.8125,0.2011,-0.7277,0
106437,7.2575,-7.0708,-1.8000,75.6700,49.0700,-7.2800,2.5875,1.6779,-0.2489,0
106476,5.3905,-8.8756,0.9838,73.2900,31.8500,12.6700,2.5061,1.0891,0.4332,0
106515,6.8482,-6.9727,1.9628,114.8700,-29.4000,23.3100,3.9280,-1.0053,0.7971,0
106554,8.5214,-4.9285,-0.0048,39.9700,-62.2300,62.1600,1.3668,-2.1279,2.1256,0
106593,8.8182,-4.9883,1.0221,-32.5500,-74.5500,80.0100,-1.1130,-2.5492,2.7359,0
106632,8.4328,-5.7519,1.7426,-51.0300,-77.4900,90.4400,-1.7450,-2.6498,3.0926,0
106671,5.5748,-8.6315,3.1668,-45.0100,-78.1200,105.9100,-1.5391,-2.6713,3.6216,0
106710,5.2564,-11.2286,3.1500,-28.9800,-123.3400,68.7400,-0.9910,-4.2176,2.3506,0
106749,5.4886,-10.4578,-0.7037,18.0600,-149.0300,57.1200,0.6176,-5.0961,1.9532,0
106788,5.3378,-10.2232,-0.5577,52.7100,-127.0500,66.6400,1.8024,-4.3445,2.2787,0
106827,5.6059,-9.0671,0.1269,11.0600,-90.9300,84.6300,0.3782,-3.1093,2.8939,0
106866,4.5359,-9.2969,-0.2465,40.8800,-75.5300,77.5600,1.3979,-2.5827,2.6522,0
106905,3.3248,-9.0216,-1.4458,34.9300,-72.3800,46.7600,1.1944,-2.4750,1.5990,0
106944,2.4295,-8.8110,-1.1394,24.5000,-45.2900,10.1500,0.8378,-1.5487,0.3471,0
106983,0.2106,-8.3394,-2.6210,-4.8300,-47.3200,-57.6100,-0.1652,-1.6181,-1.9700,0
107022,-0.6870,-5.7184,-3.7030,-12.5300,-59.0100,-98.7700,-0.4285,-2.0178,-3.3774,0
107061,-0.0766,-4.6963,-3.5976,-14.2800,-65.5900,-119.2800,-0.4883,-2.2428,-4.0788,0
107100,2.5181,-3.4995,-3.2554,26.3900,-104.5800,-138.2500,0.9024,-3.5761,-4.7274,0
107139,17.7847,-13.6725,0.5003,74.4100,-61.6000,-47.2500,2.5444,-2.1064,-1.6157,0
107178,11.4248,-7.7027,-0.0646,57.8900,-11.5500,-69.2300,1.9795,-0.3950,-2.3673,0
107217,7.0253,-8.6410,1.0029,34.3000,-10.7800,-83.9300,1.1729,-0.3686,-2.8700,0
107256,6.1158,-8.3394,1.6349,20.1600,-12.9500,-40.2500,0.6894,-0.4428,-1.3763,0
107295,6.7836,-7.6214,0.5745,51.8000,-23.9400,-27.8600,1.7713,-0.8186,-0.9527,0
107334,6.4197,-5.0075,-1.6133,64.4000,-28.7000,-39.6900,2.2021,-0.9814,-1.3572,0
107373,7.3916,-4.7897,-2.3386,25.9700,-22.1200,-23.5200,0.8880,-0.7564,-0.8043,0
107412,7.6644,-6.4437,-1.0436,24.4300,-6.0900,-1.7500,0.8354,-0.2082,-0.0598,0
107451,8.6075,-8.2078,-0.4620,-5.7400,-25.9000,-21.3500,-0.1963,-0.8856,-0.7301,0
107490,9.0336,-8.9355,-0.3710,5.1100,-22.3300,-28.1400,0.1747,-0.7636,-0.9622,0
107529,8.8182,-6.5131,-0.5457,20.0900,-16.6600,-25.6900,0.6870,-0.5697,-0.8785,0
107568,8.3275,-5.8860,-0.8809,7.7000,-17.2900,-9.1700,0.2633,-0.5912,-0.3136,0
107607,6.9057,-7.8081,-2.3841,9.3100,-16.3100,-3.6400,0.3184,-0.5577,-0.1245,0
107646,5.6083,-7.4993,-1.4458,21.4200,-1.9600,-4.0600,0.7325,-0.0670,-0.1388,0
107685,5.3785,-6.8674,-2.0944,27.0200,5.1100,-2.3800,0.9239,0.1747,-0.0814,0
107724,6.1923,-6.4197,-2.6019,54.5300,8.1900,10.4300,1.8646,0.2801,0.3567,0
107763,7.2336,-5.6466,-1.8455,48.3000,24.6400,26.1800,1.6516,0.8426,0.8952,0
107802,7.6046,-6.2953,-0.3638,39.8300,50.4700,27.0200,1.3620,1.7258,0.9239,0
107841,8.0594,-6.7788,0.6439,28.0700,33.8100,29.3300,0.9598,1.1561,1.0029,0
107880,8.2030,-7.8847,1.4865,1.6100,-12.9500,58.1700,0.0551,-0.4428,1.9891,0
107919,9.0695,-8.1623,2.5253,-76.0200,-31.3600,67.4100,-2.5995,-1.0724,2.3051,0
107958,3.3655,-7.9301,-2.3147,-54.0400,-59.7800,81.1300,-1.8479,-2.0442,2.7742,0
107997,0.8856,-9.7589,1.8431,-13.1600,-117.9500,82.8800,-0.4500,-4.0333,2.8341,0
108036,0.5912,-7.2815,1.2830,-29.4000,-87.0100,92.9600,-1.0053,-2.9753,3.1788,0
108075,3.8897,-8.8493,-0.5122,-2.2400,-83.7900,75.8800,-0.0766,-2.8652,2.5947,0
108114,6.4221,-12.1836,-1.1489,16.5200,-57.4000,63.8400,0.5649,-1.9628,2.1830,0
108153,4.4976,-10.4554,-0.4165,31.0800,-34.0200,50.5400,1.0628,-1.1633,1.7282,0
108192,3.4062,-8.1312,-0.2968,48.5800,-17.0800,35.0000,1.6612,-0.5840,1.1968,0
108231,3.8322,-8.0450,-0.4117,45.5700,3.5700,18.5500,1.5583,0.1221,0.6343,0
108270,2.9801,-7.4035,-0.2801,12.6700,28.0000,6.5100,0.4332,0.9575,0.2226,0
108309,2.2931,-7.1019,-0.0886,-29.6800,32.4800,-14.0700,-1.0149,1.1106,-0.4811,0
108348,2.0394,-9.4908,-0.1795,-9.5200,15.6100,-14.5600,-0.3255,0.5338,-0.4979,0
108387,1.8694,-10.1107,-0.6918,-4.9700,3.6400,-10.5000,-0.1699,0.1245,-0.3590,0
108426,1.0963,-8.8469,-0.4237,8.9600,-5.3900,-12.0400,0.3064,-0.1843,-0.4117,0
108465,1.1178,-8.8493,-0.1915,-11.9000,-8.4700,-26.4600,-0.4069,-0.2896,-0.9048,0
108504,1.8766,-9.2323,-1.9652,-21.0700,-10.2900,-46.4100,-0.7205,-0.3519,-1.5870,0
108543,2.1662,-9.4285,-2.5229,-33.1100,-6.0900,-64.1900,-1.1322,-0.2082,-2.1950,0
108582,2.7048,-10.2950,-2.9968,-19.1100,-3.0100,-87.6400,-0.6535,-0.1029,-2.9968,0
108621,3.5617,-9.5482,-2.0466,2.7300,-2.3800,-111.3700,0.0934,-0.0814,-3.8083,0
108660,7.9972,-8.0043,-2.3266,41.9300,-14.2800,-99.6100,1.4338,-0.4883,-3.4062,0
108699,9.0216,-7.2623,-0.8809,31.9900,1.3300,-74.4800,1.0939,0.0455,-2.5468,0
108738,9.0216,-7.0804,-1.8240,-5.6000,14.4900,-46.8300,-0.1915,0.4955,-1.6013,0
108777,6.7429,-7.6692,-0.0191,-39.7600,39.6200,-16.8000,-1.3596,1.3548,-0.5745,0
108816,4.8040,-8.8349,1.5343,-61.6700,66.7100,-29.3300,-2.1088,2.2811,-1.0029,0
108855,3.5976,-6.8291,0.1053,-29.8900,43.9600,-38.7100,-1.0221,1.5032,-1.3237,0
108894,3.1046,-6.1397,-1.2351,-7.0700,29.8900,-15.5400,-0.2418,1.0221,-0.5314,0
108933,6.5227,-6.9942,-1.0867,3.2200,29.1900,24.9200,0.1101,0.9981,0.8521,0
108972,9.5698,-8.1599,0.5553,15.6100,47.8800,26.8100,0.5338,1.6372,0.9168,0
109011,10.4937,-6.5083,0.4452,-23.2400,26.1100,-15.3300,-0.7947,0.8928,-0.5242,0
109050,8.7368,-6.5059,-0.4069,-62.1600,25.4800,-7.9800,-2.1256,0.8713,-0.2729,0
109089,7.0205,-9.0192,1.0580,-60.1300,28.6300,21.7000,-2.0561,0.9790,0.7420,0
109128,7.0756,-9.1198,0.4668,-34.2300,24.0800,-3.5700,-1.1705,0.8234,-0.1221,0
109167,5.5963,-7.0852,-1.1370,-23.2400,16.1700,-26.0400,-0.7947,0.5529,-0.8904,0
109206,6.0607,-9.0168,-0.8833,3.7100,10.9900,-10.1500,0.1269,0.3758,-0.3471,0
109245,6.4700,-7.5208,-0.5314,12.2500,26.9500,-1.5400,0.4189,0.9216,-0.0527,0
109284,4.2870,-6.8769,-1.8910,10.9200,50.7500,0.4200,0.3734,1.7354,0.0144,0
109323,2.0178,-7.7985,-2.2644,10.0800,48.7200,23.5900,0.3447,1.6660,0.8067,0
109362,2.9226,-7.7721,-0.9383,4.6900,10.4300,61.8800,0.1604,0.3567,2.1160,0
109401,4.5886,-8.0809,0.0191,27.7200,-46.9700,100.7300,0.9479,-1.6061,3.4444,0
109440,6.2689,-5.4312,-0.2298,9.5900,-114.1000,88.1300,0.3279,-3.9016,3.0136,0
109479,5.8979,-2.4966,-0.6247,-8.6800,-109.4100,84.7000,-0.2968,-3.7413,2.8963,0
109518,7.5376,-4.8902,1.8096,-26.1100,-93.1700,149.5900,-0.8928,-3.1859,5.1152,0
109557,6.4413,-8.3658,0.9838,-96.6000,-88.3400,147.6300,-3.3032,-3.0208,5.0482,0
109596,8.7583,-15.0799,-0.9287,-22.4700,-133.9100,73.8500,-0.7684,-4.5790,2.5253,0
109635,7.1977,-11.2429,-0.9718,-5.1800,-36.8200,51.3800,-0.1771,-1.2591,1.7569,0
109674,5.0003,-5.9171,-1.4912,-18.0600,-12.8100,4.4100,-0.6176,-0.4380,0.1508,0
109713,5.4910,-3.5498,-6.0798,66.0100,-40.3200,13.0900,2.2572,-1.3787,0.4476,0
109752,6.5251,-6.6902,2.9178,-62.2300,-22.5400,78.2600,-2.1279,-0.7708,2.6761,0
109791,-0.0359,-6.3982,2.4176,-122.5000,-32.3400,88.6200,-4.1889,-1.1059,3.0303,0
109830,-3.8202,-11.0203,-4.5000,-0.7000,-94.2900,107.5900,-0.0239,-3.2242,3.6790,0
109869,-1.9676,-5.8788,-5.5102,116.3400,-79.8700,168.0000,3.9782,-2.7311,5.7447,0
109908,1.9365,-1.4769,-1.6660,13.2300,-71.5400,165.3400,0.4524,-2.4463,5.6538,0
109947,4.5982,-2.6091,0.8761,-73.5700,-70.8400,116.6200,-2.5157,-2.4224,3.9878,0
109986,2.1327,-6.1708,-0.8641,-6.0900,-27.7200,51.2400,-0.2082,-0.9479,1.7521,0
110025,-2.0442,-6.3001,-1.7785,23.3800,3.0800,30.8000,0.7995,0.1053,1.0532,0
110064,-3.1979,-1.6875,-1.3165,13.5800,8.1900,60.3400,0.4644,0.2801,2.0633,1
110103,-3.6096,-1.7498,-2.1471,-17.7100,-38.7100,124.2500,-0.6056,-1.3237,4.2487,0
110142,-1.9388,-4.5958,-1.7521,10.5000,-124.6000,155.2600,0.3590,-4.2607,5.3091,0
110181,-16.3988,-13.5600,-2.7240,234.2900,-103.5300,298.2000,8.0115,-3.5402,10.1969,0
110220,-26.3588,-12.8227,-3.7604,-98.8400,-34.9300,281.5400,-3.3798,-1.1944,9.6272,0
110259,-37.2929,-8.9857,-7.2527,-31.5000,3.1500,238.9100,-1.0771,0.1077,8.1695,0
110298,-38.5400,-6.5418,-6.5035,-30.2400,-59.7800,140.0700,-1.0341,-2.0442,4.7897,0
110337,-23.9220,-4.8950,-3.7054,15.3300,-17.9900,34.7200,0.5242,-0.6152,1.1872,0
110376,-14.1273,-1.8024,-2.4750,-70.4900,-9.6600,-15.0500,-2.4104,-0.3303,-0.5146,0
110415,-6.4389,2.7240,-0.1245,-28.9100,-29.3300,-4.2700,-0.9886,-1.0029,-0.1460,0
110454,-4.3971,1.7474,-0.4859,-14.3500,-52.5700,6.7200,-0.4907,-1.7976,0.2298,0
110493,-1.2662,0.7085,-1.1130,8.1200,-72.4500,14.2800,0.2777,-2.4774,0.4883,0
110532,0.2824,-0.1580,0.0359,-14.4200,-35.0700,20.5100,-0.4931,-1.1992,0.7013,0
110571,2.3745,0.0718,0.1245,-24.8500,-0.1400,40.3900,-0.8497,-0.0048,1.3811,0
110610,1.6540,-0.2824,0.9168,-22.0500,17.1500,53.6900,-0.7540,0.5864,1.8359,0
110649,-0.9455,0.0335,1.3644,-0.9800,25.2700,44.0300,-0.0335,0.8641,1.5056,0
110688,-4.8328,0.0718,-0.7803,20.4400,68.8100,28.6300,0.6989,2.3529,0.9790,0
110727,-11.7193,2.8436,0.9120,42.3500,72.3800,8.3300,1.4482,2.4750,0.2848,0
110766,-20.4967,4.2343,-0.3231,72.2400,-7.2100,17.7100,2.4702,-0.2465,0.6056,0
110805,-17.8661,-1.0747,-0.7157,-1.5400,-136.2200,-25.2000,-0.0527,-4.6580,-0.8617,0
110844,-16.9254,-0.5625,-1.4051,-40.8100,-49.3500,-56.0700,-1.3955,-1.6875,-1.9173,0
110883,-17.5286,0.2059,1.4075,-58.8000,-10.5000,-79.8700,-2.0107,-0.3590,-2.7311,0
110922,-12.3033,0.5481,-0.5936,-44.7300,3.7800,-85.8900,-1.5295,0.1293,-2.9370,0
110961,-8.6434,-0.6774,-0.1771,-22.4000,-0.2800,-93.2400,-0.7660,-0.0096,-3.1883,0
111000,-6.0870,-3.2865,-0.4644,-6.5800,-5.5300,-96.8800,-0.2250,-0.1891,-3.3128,0
111039,-5.8836,-4.5048,-0.2657,11.4100,-21.7700,-94.1500,0.3902,-0.7444,-3.2194,0
111078,-5.3282,-3.8418,0.0455,20.0200,-28.0000,-90.0200,0.6846,-0.9575,-3.0782,0
111117,-6.5299,-4.5048,0.9551,35.5600,-38.2900,-84.4200,1.2160,-1.3093,-2.8867,0
111156,-7.2408,-5.0003,2.7479,39.9000,-52.7800,-97.8600,1.3644,-1.8048,-3.3463,0
111195,-6.5753,-5.6753,2.3482,36.7500,8.5400,-109.0600,1.2567,0.2920,-3.7293,0
111234,-6.5969,-6.3767,1.6708,54.1800,22.8900,-105.7700,1.8527,0.7827,-3.6168,0
111273,-6.4724,-8.3275,2.6450,47.6000,3.9200,-100.7300,1.6277,0.1340,-3.4444,0
111312,-3.4947,-10.5727,2.9298,-7.5600,50.4000,-68.5300,-0.2585,1.7234,-2.3434,0
111351,-6.0583,-10.6373,0.8258,-43.3300,75.1100,16.5900,-1.4817,2.5684,0.5673,0
111390,-8.1001,-7.2767,0.2346,-47.9500,46.9000,45.4300,-1.6396,1.6037,1.5535,0
111429,-7.3724,-6.4365,-1.3021,-58.5200,47.1100,36.0500,-2.0011,1.6109,1.2327,0
111468,-7.3892,-6.9033,-1.6061,-32.2700,30.4500,17.5700,-1.1035,1.0412,0.6008,0
111507,-7.0062,-5.7471,-0.8952,-31.6400,38.3600,7.4900,-1.0819,1.3117,0.2561,0
111546,-7.2527,-5.3522,-1.7641,-26.8100,25.7600,7.2800,-0.9168,0.8809,0.2489,0
111585,-8.1192,-6.5131,-2.2428,-4.6200,-3.9900,6.5800,-0.1580,-0.1364,0.2250,0
111624,-8.1910,-7.0756,-2.2931,15.2600,-13.8600,0.6300,0.5218,-0.4739,0.0215,0
111663,-8.1192,-7.2312,-1.7713,43.1200,-23.1000,-3.9900,1.4745,-0.7899,-0.1364,0
111702,-7.6166,-6.7501,-0.7540,44.6600,-20.0200,-7.7700,1.5271,-0.6846,-0.2657,0
111741,-7.1594,-6.5322,-0.1412,36.3300,-14.8400,-10.9900,1.2423,-0.5075,-0.3758,0
111780,-6.8769,-6.5035,0.0215,26.2500,-10.5700,-11.5500,0.8976,-0.3614,-0.3950,0
111819,-6.6519,-6.5586,0.1580,17.7800,-9.8700,-8.0500,0.6080,-0.3375,-0.2753,0
111858,-6.3551,-6.3982,0.5817,5.5300,-5.8800,-1.7500,0.1891,-0.2011,-0.0598,0
111897,-6.8362,-6.7333,0.4309,6.3700,-6.0900,4.9700,0.2178,-0.2082,0.1699,0
111936,-7.0397,-6.5897,0.3902,-4.1300,0.4900,5.1800,-0.1412,0.0168,0.1771,0
111975,-7.0517,-6.5059,0.3160,-6.1600,2.4500,3.3600,-0.2106,0.0838,0.1149,0
112014,-7.0828,-6.5825,0.1436,-6.5100,2.7300,2.5900,-0.2226,0.0934,0.0886,0
112053,-7.1618,-6.5059,-0.0215,-10.6400,6.3700,1.5400,-0.3638,0.2178,0.0527,0
112092,-7.1929,-6.6064,-0.2657,-8.6100,4.8300,-0.2800,-0.2944,0.1652,-0.0096,0
112131,-7.2886,-6.7501,-0.3973,-7.6300,4.4100,-1.9600,-0.2609,0.1508,-0.0670,0
112170,-7.2408,-6.8267,-0.4835,-4.6200,3.2200,-2.7300,-0.1580,0.1101,-0.0934,0
112209,-7.2264,-6.8721,-0.4763,-0.0700,0.4200,-2.7300,-0.0024,0.0144,-0.0934,0
112248,-7.1713,-6.8745,-0.3997,3.8500,-1.7500,-2.3100,0.1317,-0.0598,-0.0790,0
112287,-7.0134,-6.8338,-0.2777,5.0400,-2.1700,-0.1400,0.1723,-0.0742,-0.0048,0
112326,-6.9894,-6.7070,-0.1293,4.9700,-3.0800,2.1700,0.1699,-0.1053,0.0742,0
112365,-7.0684,-6.6567,-0.0766,3.0800,-2.3800,2.7300,0.1053,-0.0814,0.0934,0
112404,-7.1378,-6.6136,-0.0120,1.3300,-1.0500,1.1200,0.0455,-0.0359,0.0383,0
112443,-7.0924,-6.6160,-0.0503,-0.4900,0.6300,-0.7000,-0.0168,0.0215,-0.0239,0
112482,-7.0349,-6.6328,-0.0957,-3.2900,1.7500,-1.1200,-0.1125,0.0598,-0.0383,0
112521,-7.0924,-6.6878,-0.2059,-3.5000,1.2600,-1.0500,-0.1197,0.0431,-0.0359,0
112560,-7.1163,-6.8219,-0.3207,-3.0800,1.2600,-1.3300,-0.1053,0.0431,-0.0455,0
112599,-7.0876,-6.7908,-0.2920,-2.3100,1.5400,-0.9100,-0.0790,0.0527,-0.0311,0
112638,-7.0852,-6.7381,-0.2968,-0.6300,0.4900,-0.6300,-0.0215,0.0168,-0.0215,0
112677,-7.0947,-6.8003,-0.3327,0.9800,-0.5600,-0.5600,0.0335,-0.0191,-0.0191,0
112716,-7.0588,-6.8003,-0.2848,1.7500,-0.9100,0.0000,0.0598,-0.0311,0.0000,0
112755,-7.0732,-6.7285,-0.2202,2.1700,-1.3300,0.5600,0.0742,-0.0455,0.0191,0
112794,-7.0708,-6.7309,-0.2130,0.5600,-0.6300,0.2800,0.0191,-0.0215,0.0096,0
112833,-7.0397,-6.6830,-0.1604,-0.1400,-0.1400,-0.2100,-0.0048,-0.0048,-0.0072,0
112872,-7.0684,-6.7309,-0.2442,-0.9800,0.7700,-0.7000,-0.0335,0.0263,-0.0239,0
112911,-7.0182,-6.7405,-0.2346,-1.5400,0.4900,-0.5600,-0.0527,0.0168,-0.0191,0
112950,-7.0517,-6.7596,-0.2896,-1.1200,0.2800,-0.1400,-0.0383,0.0096,-0.0048,0
112989,-7.0588,-6.7501,-0.2824,-1.1900,0.2800,-0.2800,-0.0407,0.0096,-0.0096,0
113028,-7.0684,-6.7740,-0.3279,-1.0500,0.2800,-0.7000,-0.0359,0.0096,-0.0239,0
113067,-7.0852,-6.8123,-0.3231,0.0700,0.4200,-0.8400,0.0024,0.0144,-0.0287,0
113106,-7.0349,-6.7908,-0.2968,0.3500,-0.0700,-0.7700,0.0120,-0.0024,-0.0263,0
113145,-7.0253,-6.7812,-0.3255,0.9800,-0.3500,-0.4200,0.0335,-0.0120,-0.0144,0
113184,-6.9966,-6.7381,-0.2609,-0.4900,0.2800,-0.3500,-0.0168,0.0096,-0.0120,0
113223,-7.0110,-6.7884,-0.2848,-0.9800,0.7000,0.1400,-0.0335,0.0239,0.0048,0
113262,-7.0947,-6.8051,-0.3471,-0.2800,-0.2100,0.2100,-0.0096,-0.0072,0.0072,0
113301,-7.0445,-6.7764,-0.3088,-0.7700,0.9800,-0.4200,-0.0263,0.0335,-0.0144,0
113340,-6.9966,-6.7453,-0.2968,-0.7000,0.3500,-0.2800,-0.0239,0.0120,-0.0096,0
113379,-7.0445,-6.7908,-0.3806,-0.7700,0.2800,-0.2100,-0.0263,0.0096,-0.0072,0
113418,-7.0182,-6.8291,-0.3710,0.0700,0.3500,-0.7000,0.0024,0.0120,-0.0239,0
113457,-7.0229,-6.8051,-0.3662,0.9800,-0.3500,-0.4900,0.0335,-0.0120,-0.0168,0
113496,-7.0158,-6.7908,-0.3375,0.5600,0.1400,-0.3500,0.0191,0.0048,-0.0120,0
113535,-7.0110,-6.8171,-0.3638,0.3500,-0.1400,-0.0700,0.0120,-0.0048,-0.0024,0
113574,-6.9966,-6.7908,-0.3303,0.4200,-0.2800,0.1400,0.0144,-0.0096,0.0048,0
113613,-7.0158,-6.7836,-0.3447,-0.4200,0.3500,-0.2100,-0.0144,0.0120,-0.0072,0
113652,-7.0325,-6.8243,-0.3638,0.0700,0.1400,0.0700,0.0024,0.0048,0.0024,0
113691,-7.0086,-6.7908,-0.3710,0.1400,0.1400,-0.1400,0.0048,0.0048,-0.0048,0
113730,-6.9918,-6.7884,-0.3590,-0.3500,0.4200,0.0000,-0.0120,0.0144,0.0000,0
113769,-6.9990,-6.7836,-0.3662,-0.5600,0.0700,0.2100,-0.0191,0.0024,0.0072,0
113808,-7.0397,-6.8386,-0.4309,-0.4200,-0.3500,-0.1400,-0.0144,-0.0120,-0.0048,0
113847,-7.0038,-6.8243,-0.3854,0.0700,0.4900,-0.5600,0.0024,0.0168,-0.0191,0
113886,-6.9966,-6.8147,-0.3878,0.2800,0.0000,-0.4900,0.0096,0.0000,-0.0168,0
113925,-6.9607,-6.8267,-0.3950,0.2800,-0.2800,-0.2800,0.0096,-0.0096,-0.0096,0
113964,-6.9511,-6.8147,-0.3973,0.2800,-0.2800,0.3500,0.0096,-0.0096,0.0120,0
114003,-7.0301,-6.8147,-0.3806,1.1200,-1.4000,0.8400,0.0383,-0.0479,0.0287,0
114042,-7.0277,-6.8386,-0.4069,-0.0700,0.0000,0.2800,-0.0024,0.0000,0.0096,0
114081,-6.9870,-6.8147,-0.3686,0.4200,-0.4200,0.4200,0.0144,-0.0144,0.0144,0
114120,-6.9942,-6.7884,-0.3950,0.2800,-0.2100,-0.1400,0.0096,-0.0072,-0.0048,0
114159,-6.9392,-6.7740,-0.3567,0.0000,0.0700,-0.1400,0.0000,0.0024,-0.0048,0
114198,-7.0038,-6.7932,-0.3926,-0.5600,-0.2800,0.1400,-0.0191,-0.0096,0.0048,0
114237,-7.0110,-6.8482,-0.4476,-0.5600,0.2800,-0.4200,-0.0191,0.0096,-0.0144,0
114276,-6.9463,-6.8314,-0.4213,-0.0700,0.4200,-0.4900,-0.0024,0.0144,-0.0168,0
114315,-6.9918,-6.8338,-0.4165,0.4900,-0.5600,0.3500,0.0168,-0.0191,0.0120,0
114354,-7.0158,-6.8506,-0.4452,0.4900,-0.7000,0.4200,0.0168,-0.0239,0.0144,0
114393,-6.9846,-6.8291,-0.4189,0.9100,-0.6300,0.1400,0.0311,-0.0215,0.0048,0
114432,-6.9559,-6.8003,-0.3902,0.7000,-0.5600,0.2800,0.0239,-0.0191,0.0096,0
114471,-6.9846,-6.8147,-0.4165,0.0000,-0.1400,0.2100,0.0000,-0.0048,0.0072,0
114510,-6.9655,-6.8171,-0.4045,-0.3500,0.2100,0.2100,-0.0120,0.0072,0.0072,0
114549,-7.0086,-6.8362,-0.4428,0.0700,0.0700,-0.0700,0.0024,0.0024,-0.0024,0
114588,-6.9894,-6.8219,-0.4189,-0.0700,0.1400,0.0700,-0.0024,0.0048,0.0024,0
114627,-6.9799,-6.8123,-0.4428,0.3500,-0.6300,0.2100,0.0120,-0.0215,0.0072,0
114666,-6.9799,-6.8386,-0.4332,0.0700,-0.2100,0.1400,0.0024,-0.0072,0.0048,0
114705,-6.9751,-6.8243,-0.4332,0.2100,-0.2800,0.1400,0.0072,-0.0096,0.0048,0
114744,-6.9822,-6.8219,-0.4285,0.3500,-0.2800,0.0000,0.0120,-0.0096,0.0000,0
114783,-6.9703,-6.8482,-0.4237,0.5600,-0.5600,0.2800,0.0191,-0.0191,0.0096,0
114822,-6.9679,-6.8027,-0.4285,0.2100,-0.4900,0.4200,0.0072,-0.0168,0.0144,0
114861,-6.9775,-6.8123,-0.4213,0.4900,-0.6300,0.2800,0.0168,-0.0215,0.0096,0
114900,-7.0134,-6.8051,-0.4141,-0.1400,0.0700,-0.0700,-0.0048,0.0024,-0.0024,0
114939,-6.9440,-6.8434,-0.4763,-0.4900,0.4900,-0.5600,-0.0168,0.0168,-0.0191,0
114978,-7.0038,-6.8554,-0.4668,0.3500,-0.3500,0.0000,0.0120,-0.0120,0.0000,0
115017,-6.9655,-6.8219,-0.4596,0.4900,-0.0700,0.0000,0.0168,-0.0024,0.0000,0
115056,-6.9463,-6.8171,-0.4309,0.2100,-0.2800,0.2100,0.0072,-0.0096,0.0072,0
115095,-6.9822,-6.8362,-0.4715,-0.0700,-0.2100,0.1400,-0.0024,-0.0072,0.0048,0
115134,-6.9535,-6.8434,-0.4548,-0.1400,0.3500,-0.2100,-0.0048,0.0120,-0.0072,0
115173,-6.9775,-6.8434,-0.4692,0.7700,-0.2800,0.0000,0.0263,-0.0096,0.0000,0
115212,-6.9727,-6.8410,-0.4476,0.6300,-0.2100,0.2100,0.0215,-0.0072,0.0072,0
115251,-6.9631,-6.8243,-0.4524,0.2800,-0.2800,0.3500,0.0096,-0.0096,0.0120,0
115290,-6.9775,-6.8578,-0.4883,0.7700,-0.4900,0.1400,0.0263,-0.0168,0.0048,0
115329,-6.9583,-6.7932,-0.4141,0.5600,-0.1400,0.0700,0.0191,-0.0048,0.0024,0
115368,-6.9894,-6.8602,-0.4883,0.2100,-0.0700,-0.0700,0.0072,-0.0024,-0.0024,0
115407,-6.9583,-6.8961,-0.4237,1.4700,-0.7700,0.3500,0.0503,-0.0263,0.0120,0
115446,-6.9655,-6.8219,-0.4572,0.7700,-0.1400,-0.0700,0.0263,-0.0048,-0.0024,0
115485,-6.9272,-6.8195,-0.4069,0.0000,0.2100,-0.0700,0.0000,0.0072,-0.0024,0
115524,-6.9655,-6.8051,-0.4285,-0.8400,0.1400,0.1400,-0.0287,0.0048,0.0048,0
115563,-6.9775,-6.8650,-0.4811,-1.0500,0.6300,-0.7000,-0.0359,0.0215,-0.0239,0
115602,-6.9128,-6.8626,-0.5003,-0.7000,0.8400,-0.7700,-0.0239,0.0287,-0.0263,0
115641,-6.9272,-6.8434,-0.4811,0.0700,-0.4200,0.4200,0.0024,-0.0144,0.0144,0
115680,-7.0086,-6.8985,-0.5290,0.4200,-0.9800,0.9100,0.0144,-0.0335,0.0311,0
115719,-6.9942,-6.8626,-0.5170,0.4900,-0.5600,0.5600,0.0168,-0.0191,0.0191,0
115758,-6.9727,-6.8386,-0.4787,1.1900,-0.7700,0.1400,0.0407,-0.0263,0.0048,0
115797,-6.9272,-6.7836,-0.4500,-0.2800,0.5600,-0.2800,-0.0096,0.0191,-0.0096,0
115836,-6.8961,-6.8626,-0.5075,0.0000,0.0700,0.0000,0.0000,0.0024,0.0000,0
115875,-6.9966,-6.8745,-0.5051,0.7000,-0.8400,0.1400,0.0239,-0.0287,0.0048,0
115914,-6.9296,-6.8458,-0.4835,-0.1400,0.3500,-0.0700,-0.0048,0.0120,-0.0024,0
115953,-6.9487,-6.8506,-0.4763,0.4200,-0.7000,0.4900,0.0144,-0.0239,0.0168,0
115992,-6.9751,-6.8769,-0.5027,-0.1400,-0.2800,0.2800,-0.0048,-0.0096,0.0096,0
116031,-6.8985,-6.8219,-0.5098,-0.1400,0.3500,-0.0700,-0.0048,0.0120,-0.0024,0
116070,-6.9583,-6.8482,-0.5098,0.9100,-0.7700,0.4200,0.0311,-0.0263,0.0144,0
116109,-7.0277,-6.8889,-0.5314,1.0500,-0.7700,0.1400,0.0359,-0.0263,0.0048,0
116148,-6.9128,-6.8410,-0.4620,0.7700,0.0000,-0.2800,0.0263,0.0000,-0.0096,0
116187,-6.9080,-6.8578,-0.4787,0.4200,-0.7700,0.2100,0.0144,-0.0263,0.0072,0
116226,-6.9200,-6.8458,-0.4787,0.2100,-0.4900,0.4900,0.0072,-0.0168,0.0168,0
116265,-6.9440,-6.8291,-0.4931,-0.2100,-0.1400,0.5600,-0.0072,-0.0048,0.0191,0
116304,-7.0086,-6.8793,-0.4835,0.2100,-0.4900,0.4900,0.0072,-0.0168,0.0168,0
116343,-6.9727,-6.8817,-0.5242,0.3500,-0.4200,0.0000,0.0120,-0.0144,0.0000,0
116382,-6.9248,-6.8195,-0.5027,0.7000,-0.4900,0.3500,0.0239,-0.0168,0.0120,0
116421,-6.9631,-6.8123,-0.4811,0.5600,-0.8400,0.4200,0.0191,-0.0287,0.0144,0
116460,-6.9368,-6.8482,-0.4835,0.4200,-0.2100,-0.2800,0.0144,-0.0072,-0.0096,0
116499,-6.9272,-6.8721,-0.4668,0.0000,0.0000,-0.4200,0.0000,0.0000,-0.0144,0
116538,-6.9200,-6.8697,-0.4811,-0.1400,-0.1400,0.0000,-0.0048,-0.0048,0.0000,0
116577,-6.9033,-6.8626,-0.5051,-0.2800,-0.3500,0.7000,-0.0096,-0.0120,0.0239,0
116616,-6.9583,-6.8195,-0.4979,-0.3500,-0.4900,1.1200,-0.0120,-0.0168,0.0383,0
116655,-7.0038,-6.8769,-0.5601,0.0700,-0.6300,0.3500,0.0024,-0.0215,0.0120,0
116694,-6.9727,-6.8602,-0.5146,0.7700,-0.0700,-0.0700,0.0263,-0.0024,-0.0024,0
116733,-6.9392,-6.8434,-0.5481,0.7700,-0.3500,-0.0700,0.0263,-0.0120,-0.0024,0
116772,-6.9751,-6.8769,-0.4979,1.5400,-1.0500,0.1400,0.0527,-0.0359,0.0048,0
116811,-6.9368,-6.8386,-0.4715,0.8400,-0.0700,-0.0700,0.0287,-0.0024,-0.0024,0
116850,-6.9200,-6.8434,-0.4668,0.2100,-0.1400,0.0700,0.0072,-0.0048,0.0024,0
116889,-6.9152,-6.8195,-0.4715,-0.9100,0.2800,0.1400,-0.0311,0.0096,0.0048,0
116928,-6.9535,-6.8650,-0.5601,-0.9800,0.3500,0.0700,-0.0335,0.0120,0.0024,0
116967,-6.9583,-6.8817,-0.5481,0.2800,0.2800,-0.1400,0.0096,0.0096,-0.0048,0
117006,-6.9583,-6.8697,-0.5314,1.0500,-0.3500,-0.0700,0.0359,-0.0120,-0.0024,0
117045,-6.9344,-6.8506,-0.5122,0.4900,-0.4900,0.2100,0.0168,-0.0168,0.0072,0
117084,-6.9416,-6.8793,-0.5170,0.4200,-0.3500,0.2800,0.0144,-0.0120,0.0096,0
117123,-6.9559,-6.8889,-0.5434,0.7000,-0.4900,0.2800,0.0239,-0.0168,0.0096,0
117162,-6.9057,-6.7955,-0.4644,-0.2800,0.0000,0.5600,-0.0096,0.0000,0.0191,0
117201,-6.9511,-6.8889,-0.5673,0.7700,-0.4900,0.8400,0.0263,-0.0168,0.0287,0
117240,-6.9631,-6.8386,-0.4596,0.0000,-0.0700,0.4900,0.0000,-0.0024,0.0168,0
117279,-6.9631,-6.8530,-0.6176,-1.6800,2.1700,-0.0700,-0.0574,0.0742,-0.0024,0
117318,-6.8171,-6.8530,-0.6942,-3.7800,4.9000,-0.0700,-0.1293,0.1676,-0.0024,0
117357,-6.0631,-6.3791,-0.3782,-4.6200,4.4100,4.2000,-0.1580,0.1508,0.1436,0
117396,-5.6945,-5.6155,0.5314,-31.8500,11.5500,19.2500,-1.0891,0.3950,0.6583,0
117435,-7.2432,-6.7213,-1.1059,-40.5300,-11.6200,34.7900,-1.3859,-0.3973,1.1896,0
117474,-8.3203,-6.7860,-1.7785,-50.1900,3.4300,32.1300,-1.7162,0.1173,1.0987,0
117513,-8.4089,-7.4059,-2.6905,-56.0000,4.6200,26.5300,-1.9149,0.1580,0.9072,0
117552,-8.2748,-7.5041,-3.0615,-21.6300,-38.6400,40.0400,-0.7396,-1.3213,1.3692,0
117591,-7.8248,-6.9966,-2.1806,-37.6600,-34.5100,63.2800,-1.2878,-1.1801,2.1639,0
117630,-7.2719,-5.3187,-1.0676,-41.3000,8.8200,62.6500,-1.4122,0.3016,2.1423,0
117669,-7.2575,-4.8232,-1.8024,-0.5600,-5.9500,59.5000,-0.0191,-0.2035,2.0346,0
117708,-8.9474,-4.7322,-1.8479,22.6100,-22.3300,48.6500,0.7731,-0.7636,1.6636,0
117747,-9.3328,-4.4570,-1.5966,22.1200,-16.5200,32.2000,0.7564,-0.5649,1.1011,0
117786,-8.8660,-4.2152,-0.8450,22.7500,-24.9200,17.5000,0.7779,-0.8521,0.5984,0
117825,-8.7224,-2.4726,0.1005,24.7100,-4.4100,5.8100,0.8450,-0.1508,0.1987,0
117864,-7.7123,-1.1083,0.7325,8.7500,-11.2700,-10.6400,0.2992,-0.3854,-0.3638,0
117903,-8.9857,-2.6976,-0.1987,29.7500,-5.1800,-23.1000,1.0173,-0.1771,-0.7899,0
117942,-8.2987,-3.7508,0.8091,-10.5700,-3.9200,-32.2700,-0.3614,-0.1340,-1.1035,0
117981,-7.4753,-5.0482,-0.2896,2.2400,15.8200,-28.4200,0.0766,0.5410,-0.9718,0
118020,-7.5160,-5.3426,-0.9958,7.7000,36.1900,-32.2000,0.2633,1.2375,-1.1011,0
118059,-7.0684,-6.4580,-2.3099,36.8900,28.5600,-27.7200,1.2614,0.9766,-0.9479,0
118098,-8.5860,-6.1445,-1.5104,30.9400,36.4700,-8.6100,1.0580,1.2471,-0.2944,0
118137,-9.3232,-6.2235,-2.8436,23.0300,32.3400,-20.5800,0.7875,1.1059,-0.7037,0
118176,-9.4262,-5.3115,-1.8192,27.5800,33.8800,-32.9000,0.9431,1.1585,-1.1250,0
118215,-8.8972,-4.3540,-1.1489,22.8200,26.1100,-44.4500,0.7803,0.8928,-1.5200,0
118254,-7.9349,-4.5790,-1.5200,18.6200,16.8700,-49.0000,0.6367,0.5769,-1.6755,0
118293,-7.8368,-5.0314,-0.9239,19.5300,6.3700,-51.2400,0.6678,0.2178,-1.7521,0
118332,-7.8128,-6.5394,-1.6564,14.4200,4.2700,-57.7500,0.4931,0.1460,-1.9748,0
118371,-7.2144,-8.0714,-2.0226,16.2400,-0.0700,-52.6400,0.5553,-0.0024,-1.8000,0
118410,-6.7788,-8.3347,-1.4553,21.1400,6.6500,-48.1600,0.7229,0.2274,-1.6468,0
118449,-7.2144,-8.0690,-2.2021,22.8900,8.4000,-40.9500,0.7827,0.2872,-1.4003,0
118488,-7.8535,-8.4089,-2.3194,9.5900,-16.5900,-44.1700,0.3279,-0.5673,-1.5104,0
118527,-6.3647,-9.2323,-1.9365,20.6500,-26.4600,-33.3200,0.7061,-0.9048,-1.1394,0
118566,-6.7381,-8.8708,-1.8216,25.6200,-21.7000,-22.5400,0.8761,-0.7420,-0.7708,0
118605,-7.3963,-9.9767,-2.8245,38.0100,-28.4900,-23.1000,1.2997,-0.9742,-0.7899,0
118644,-7.9589,-10.4961,-1.9580,59.5000,-39.9000,-16.3800,2.0346,-1.3644,-0.5601,0
118683,-6.7477,-9.5410,-1.0580,53.3400,-56.9800,-12.6700,1.8240,-1.9484,-0.4332,0
118722,-6.4580,-11.1496,-0.4811,68.7400,-58.1700,-13.0200,2.3506,-1.9891,-0.4452,0
118761,-6.4221,-10.0940,0.8856,62.6500,-69.7200,-6.4400,2.1423,-2.3841,-0.2202,0
118800,-6.3168,-7.0253,1.9317,50.0500,-82.9500,2.8000,1.7115,-2.8365,0.0957,0
118839,-5.7184,-5.9386,4.0405,32.2000,-83.5100,12.6000,1.1011,-2.8556,0.4309,0
118878,-4.4306,-6.9918,4.8974,1.4700,-86.8000,30.8000,0.0503,-2.9681,1.0532,0
118917,-4.0644,-8.4639,5.6634,0.1400,-62.3700,36.0500,0.0048,-2.1327,1.2327,0
118956,-4.3349,-8.7679,4.7107,16.8000,-51.1000,28.9800,0.5745,-1.7474,0.9910,0
118995,-6.6926,-6.5586,5.0649,36.8900,-41.8600,13.5100,1.2614,-1.4314,0.4620,0
119034,-8.8469,-4.1410,3.7508,34.9300,-88.4100,-2.5900,1.1944,-3.0232,-0.0886,0
119073,-6.1110,-4.0692,3.9902,18.6200,-141.9600,-24.5000,0.6367,-4.8543,-0.8378,0
119112,-4.6748,-4.8471,2.2548,-20.0900,-143.2900,-47.0400,-0.6870,-4.8998,-1.6085,0
119151,-6.1636,-4.3445,4.5719,-41.0900,-137.7600,-88.2700,-1.4051,-4.7107,-3.0184,0
119190,-3.6886,-7.9876,2.1208,-49.2800,-167.2300,-104.5800,-1.6851,-5.7184,-3.5761,0
119229,-1.0412,-4.7801,4.2822,-51.5200,-193.6200,-98.6300,-1.7617,-6.6208,-3.3726,0
119268,0.2729,-7.0062,4.6939,-38.7800,-178.6400,-117.7400,-1.3261,-6.1086,-4.0261,0
119307,2.3386,-8.9642,1.2064,19.9500,-175.5600,-103.5300,0.6822,-6.0032,-3.5402,0
119346,4.5742,-6.7932,4.1721,47.8100,-153.3000,-47.9500,1.6349,-5.2421,-1.6396,0
119385,6.8458,-9.2490,1.1609,7.4200,-120.1200,-2.6600,0.2537,-4.1075,-0.0910,0
119424,6.0559,-7.0636,1.6732,-25.1300,-114.1700,-20.9300,-0.8593,-3.9040,-0.7157,0
119463,7.5017,-7.6022,1.1370,-40.6000,-113.8900,-62.3000,-1.3883,-3.8945,-2.1303,0
119502,8.3107,-9.4022,0.7348,-46.2000,-87.5700,-80.7100,-1.5798,-2.9944,-2.7599,0
119541,8.6267,-12.3943,-0.9886,-37.6600,-44.3100,-68.8800,-1.2878,-1.5152,-2.3553,0
119580,6.7046,-10.2352,-1.0628,-5.8100,-37.3100,-71.8200,-0.1987,-1.2758,-2.4559,0
119619,7.2743,-5.9937,-0.2609,-5.8100,-72.8000,-67.1300,-0.1987,-2.4894,-2.2955,0
119658,4.8567,-4.7394,0.9000,-2.7300,-48.6500,-61.3200,-0.0934,-1.6636,-2.0968,0
119697,4.4809,-3.2410,1.2543,-19.3200,-37.4500,-46.6200,-0.6606,-1.2806,-1.5942,0
119736,7.0493,-6.1062,1.1250,4.4800,-20.7200,-10.2900,0.1532,-0.7085,-0.3519,0
119775,9.0336,-10.6876,0.1077,18.1300,10.1500,19.5300,0.6200,0.3471,0.6678,0
119814,7.7434,-5.8955,0.3207,15.4700,9.0300,-26.6700,0.5290,0.3088,-0.9120,0
119853,8.0426,-6.2139,-1.3907,-40.7400,-55.4400,-29.2600,-1.3931,-1.8958,-1.0005,0
119892,5.2253,-8.6626,-1.3452,-13.7900,-27.2300,-16.7300,-0.4715,-0.9311,-0.5721,0
119931,2.9155,-7.2910,-1.8168,-13.9300,-37.6600,8.3300,-0.4763,-1.2878,0.2848,0
119970,3.4971,-2.4415,-2.6091,-41.5100,-62.6500,37.5900,-1.4194,-2.1423,1.2854,0
120009,2.3769,-1.2112,-5.3043,7.6300,-10.0800,75.8100,0.2609,-0.3447,2.5923,0
120048,2.6258,-2.0178,-1.7737,73.1500,28.6300,125.9300,2.5014,0.9790,4.3062,0
120087,3.9806,-4.9405,2.7455,-33.1800,83.3700,158.4100,-1.1346,2.8508,5.4168,0
120126,6.0822,-15.3408,5.4383,-31.6400,-2.1000,105.7700,-1.0819,-0.0718,3.6168,0
120165,8.2341,-17.1863,2.4152,33.3200,-90.2300,-18.0600,1.1394,-3.0854,-0.6176,0
120204,6.7357,-11.1424,4.6772,-65.0300,-17.5000,-5.9500,-2.2237,-0.5984,-0.2035,0
120243,5.9673,-12.0568,3.5617,66.0800,-116.8300,42.0000,2.2596,-3.9950,1.4362,0
120282,8.3945,-10.6708,4.8447,-37.7300,-120.1200,65.8000,-1.2902,-4.1075,2.2500,0
120321,8.1910,-10.1969,0.4644,-42.1400,-118.5800,33.4600,-1.4410,-4.0548,1.1442,0
120360,4.6245,-12.6312,-0.4787,-18.3400,-52.2200,21.0700,-0.6271,-1.7857,0.7205,0
120399,2.2428,-12.2698,-0.2154,14.0000,1.4000,24.7100,0.4787,0.0479,0.8450,0
120438,2.3936,-9.4668,-1.5774,52.7800,-67.1300,12.2500,1.8048,-2.2955,0.4189,0
120477,0.0838,-6.8291,-0.9766,102.6200,-28.7000,-14.7700,3.5091,-0.9814,-0.5051,0
120516,-2.9968,-3.8226,-1.2495,67.2000,-46.9000,-65.1000,2.2979,-1.6037,-2.2261,0
120555,-3.7077,-1.4122,-1.7545,21.6300,-38.2900,-98.7000,0.7396,-1.3093,-3.3750,0
120594,-3.3846,-0.5075,-0.9958,6.8600,-95.9700,-121.6600,0.2346,-3.2817,-4.1601,0
120633,0.9814,-1.0197,-2.6474,-8.2600,-129.8500,-114.9400,-0.2824,-4.4402,-3.9304,0
120672,15.8842,-10.2161,1.7880,68.4600,-41.3000,5.7400,2.3410,-1.4122,0.1963,0
120711,13.0310,-7.8248,-1.1944,71.6800,-4.2000,-35.7000,2.4511,-0.1436,-1.2208,0
120750,6.9775,-7.7171,-1.6755,52.9200,-72.6600,-61.3900,1.8096,-2.4846,-2.0992,0
120789,6.9583,-8.7464,-0.8904,25.4800,-51.7300,-21.9100,0.8713,-1.7689,-0.7492,0
120828,10.8049,-9.6057,-1.6372,44.7300,-34.5800,6.8600,1.5295,-1.1825,0.2346,0
120867,11.5086,-11.3937,-1.6732,16.5200,-68.9500,-6.9300,0.5649,-2.3577,-0.2370,0
120906,9.1700,-11.3985,-2.1734,-5.5300,-43.8900,-23.4500,-0.1891,-1.5008,-0.8019,0
120945,7.6836,-10.7187,-1.1322,21.5600,-43.6800,-30.0300,0.7372,-1.4936,-1.0269,0
120984,6.7692,-10.0222,-1.7091,55.9300,-47.6000,-22.8900,1.9125,-1.6277,-0.7827,0
121023,6.9535,-8.6123,-1.0317,83.2300,-39.4800,-8.6800,2.8460,-1.3500,-0.2968,0
121062,7.4729,-7.4538,-1.1370,98.0700,-47.4600,-18.9000,3.3535,-1.6229,-0.6463,0
121101,6.0535,-6.4197,-0.9910,97.3000,-40.3900,-29.5400,3.3272,-1.3811,-1.0101,0
121140,5.1320,-5.6514,-0.5745,89.8800,-51.3800,-4.4100,3.0734,-1.7569,-0.1508,0
121179,5.2780,-4.6508,-0.7947,103.1800,-64.2600,-3.5700,3.5282,-2.1974,-0.1221,0
121218,5.1439,-5.0171,-0.5984,94.0100,-76.3700,5.8100,3.2147,-2.6115,0.1987,0
121257,5.2660,-4.5503,-1.0484,99.8200,-68.6700,14.8400,3.4133,-2.3482,0.5075,0
121296,5.5532,-5.1272,-0.9072,90.6500,-75.3900,14.4900,3.0998,-2.5780,0.4955,0
121335,7.8942,-7.2958,-0.8210,85.4700,-69.9300,22.6100,2.9226,-2.3912,0.7731,0
121374,9.4645,-7.4490,-0.4093,90.6500,-52.6400,14.0000,3.0998,-1.8000,0.4787,0
121413,10.2161,-7.8655,0.7803,73.7100,-61.8100,-9.4500,2.5205,-2.1136,-0.3231,0
121452,9.7541,-8.5453,0.5410,44.1700,-49.4900,-10.9900,1.5104,-1.6923,-0.3758,0
121491,9.2131,-8.0642,0.6152,42.6300,-15.1900,6.7200,1.4577,-0.5194,0.2298,0
121530,8.9594,-6.2043,0.4165,25.9000,-18.5500,18.1300,0.8856,-0.6343,0.6200,0
121569,7.5567,-6.1660,0.0551,-0.1400,0.2800,40.2500,-0.0048,0.0096,1.3763,0
121608,4.5048,-5.6155,1.8670,-80.4300,8.2600,72.5900,-2.7503,0.2824,2.4822,0
121647,3.3224,-7.8440,1.9891,-45.5700,-22.9600,103.8100,-1.5583,-0.7851,3.5498,0
121686,1.1609,-7.9277,1.2184,-18.4100,-50.5400,87.9900,-0.6295,-1.7282,3.0088,0
121725,3.5067,-8.4639,1.0245,10.7800,-91.0700,76.4400,0.3686,-3.1141,2.6139,0
121764,5.0530,-9.3472,-0.1293,9.3800,-55.7200,76.0900,0.3207,-1.9053,2.6019,0
121803,5.8836,-10.3645,-0.3351,34.7900,-72.7300,71.6100,1.1896,-2.4870,2.4487,0
121842,5.1248,-8.2557,0.2442,11.6900,-42.9800,54.6000,0.3997,-1.4697,1.8670,0
121881,3.9998,-8.6985,-0.1532,-0.2800,-12.4600,33.7400,-0.0096,-0.4261,1.1537,0
121920,3.4301,-9.5147,-1.0125,-13.3700,-0.4900,30.2400,-0.4572,-0.0168,1.0341,0
121959,2.3003,-10.4674,-0.5984,-4.1300,3.0800,24.2200,-0.1412,0.1053,0.8282,0
121998,1.0532,-9.9599,-0.5051,-14.3500,-4.7600,-5.5300,-0.4907,-0.1628,-0.1891,0
122037,0.2633,-9.5195,-1.5176,1.8200,-11.8300,-49.7700,0.0622,-0.4045,-1.7019,0
122076,-0.7037,-7.6525,-2.3362,1.9600,-14.4200,-71.1900,0.0670,-0.4931,-2.4343,0
122115,-0.4261,-6.2977,-1.6420,-30.5900,-16.6600,-83.2300,-1.0460,-0.5697,-2.8460,0
122154,3.1907,-7.8894,-0.7325,-40.7400,-18.4800,-81.1300,-1.3931,-0.6319,-2.7742,0
122193,10.5943,-10.2783,-0.7133,-3.4300,-18.9700,-47.6000,-0.1173,-0.6487,-1.6277,0
122232,8.1671,-9.2227,-1.2878,-13.7200,11.9000,-60.8300,-0.4692,0.4069,-2.0801,0
122271,6.6543,-8.8828,-0.7420,-15.8200,19.8100,-63.4200,-0.5410,0.6774,-2.1686,0
122310,6.9679,-7.9062,-0.4045,-23.5900,20.3000,-32.2700,-0.8067,0.6942,-1.1035,0
122349,7.0373,-7.8440,0.3399,-13.8600,41.5800,-10.7800,-0.4739,1.4218,-0.3686,0
122388,6.7788,-7.7482,0.2657,-7.4200,46.4800,-8.8900,-0.2537,1.5894,-0.3040,0
122427,6.7716,-7.0636,0.5601,-5.6000,51.3100,-4.8300,-0.1915,1.7545,-0.1652,0
122466,6.3934,-6.3455,0.9096,10.8500,35.9100,-13.0200,0.3710,1.2279,-0.4452,0
122505,6.8338,-5.7088,-0.9335,29.5400,4.6900,-23.8000,1.0101,0.1604,-0.8138,0
122544,6.5945,-4.7490,-1.5894,-0.1400,12.8100,-26.1800,-0.0048,0.4380,-0.8952,0
122583,6.9080,-6.4006,-0.1053,-28.0700,27.5800,-12.8100,-0.9598,0.9431,-0.4380,0
122622,8.1456,-8.2245,-0.2011,-19.4600,-2.3100,4.8300,-0.6654,-0.0790,0.1652,0
122661,7.3437,-9.1222,0.1412,1.0500,-7.4900,-0.1400,0.0359,-0.2561,-0.0048,0
122700,7.6668,-8.5453,-0.0622,-2.5900,-4.4800,-2.6600,-0.0886,-0.1532,-0.0910,0
122739,6.9894,-9.5410,-0.2585,-7.4900,-7.0000,-1.4700,-0.2561,-0.2394,-0.0503,0
122778,6.6639,-9.3113,-0.8737,10.9200,-13.4400,-6.3700,0.3734,-0.4596,-0.2178,0
122817,6.2211,-8.3849,-0.9981,34.2300,-15.4700,-3.3600,1.1705,-0.5290,-0.1149,0
122856,5.7615,-8.7440,-1.8670,49.9100,-9.2400,7.8400,1.7067,-0.3160,0.2681,0
122895,5.2014,-9.3400,-2.7168,57.4000,-4.9700,14.1400,1.9628,-0.1699,0.4835,0
122934,4.2750,-9.2131,-1.9317,96.4600,-16.6600,12.5300,3.2984,-0.5697,0.4285,0
122973,4.4713,-6.1086,-1.2997,94.3600,-28.9800,34.5800,3.2266,-0.9910,1.1825,0
123012,6.3025,-3.9854,-0.8593,99.7500,-47.6000,86.2400,3.4109,-1.6277,2.9490,0
123051,6.9487,-4.9740,-0.0287,86.9400,-36.6800,103.5300,2.9729,-1.2543,3.5402,0
123090,6.8865,-4.9907,-0.2011,46.5500,-51.5200,65.7300,1.5918,-1.7617,2.2476,0
123129,5.9171,-5.4024,1.1035,-32.8300,-64.9600,52.9900,-1.1226,-2.2213,1.8120,0
123168,6.4461,-9.2059,3.3463,-20.3700,-109.8300,69.4400,-0.6965,-3.7556,2.3745,0
123207,5.6705,-10.1227,0.7660,39.9000,-161.2800,45.2200,1.3644,-5.5149,1.5463,0
123246,6.6519,-11.1663,-1.4075,48.1600,-159.2500,24.9900,1.6468,-5.4455,0.8545,0
123285,5.4503,-9.7086,-2.4870,0.2100,-184.0300,14.4900,0.0072,-6.2929,0.4955,0
123324,5.1990,-9.8331,-0.5218,3.5700,-171.5000,15.2600,0.1221,-5.8644,0.5218,0
123363,6.0751,-10.5847,-0.9144,80.3600,-170.0300,23.8700,2.7479,-5.8142,0.8162,0
123402,4.5599,-8.8780,-2.2476,74.6200,-137.2700,17.5700,2.5516,-4.6939,0.6008,0
123441,3.0399,-8.1168,-2.5229,69.7900,-98.9800,9.7300,2.3865,-3.3846,0.3327,0
123480,1.7904,-7.2958,-1.0867,55.5800,-76.8600,-4.7600,1.9006,-2.6282,-0.1628,0
123519,0.4452,-6.5562,-2.7838,40.6000,-101.6400,-28.1400,1.3883,-3.4756,-0.9622,0
123558,1.8623,-6.1995,-3.6575,21.7000,-92.1900,-60.0600,0.7420,-3.1524,-2.0537,0
123597,1.5607,-6.8027,-4.4474,1.5400,-79.3800,-81.9000,0.0527,-2.7144,-2.8006,0
123636,2.1854,-7.1498,-4.8495,-7.9100,-80.8500,-94.0100,-0.2705,-2.7647,-3.2147,0
123675,7.4753,-8.1551,-2.6378,17.2900,-89.3200,-72.4500,0.5912,-3.0543,-2.4774,0
123714,12.2411,-9.1820,-3.3415,6.3700,-40.0400,-44.3800,0.2178,-1.3692,-1.5176,0
123753,8.2102,-8.2676,-0.5577,21.4900,15.2600,-66.4300,0.7348,0.5218,-2.2716,0
123792,9.5602,-7.7362,-0.4380,20.0200,-6.5800,-58.9400,0.6846,-0.2250,-2.0154,0
123831,8.9857,-8.9929,-0.3830,-4.4100,35.7700,-8.8900,-0.1508,1.2232,-0.3040,0
123870,6.3264,-8.9498,1.4505,3.5000,20.7900,-24.5000,0.1197,0.7109,-0.8378,0
123909,5.2181,-6.7596,1.2902,17.1500,-0.6300,-19.3200,0.5864,-0.0215,-0.6606,0
123948,6.5490,-4.9070,0.8665,40.7400,-2.7300,0.8400,1.3931,-0.0934,0.0287,0
123987,8.1336,-5.3378,-0.0598,31.5000,-6.7900,-1.1200,1.0771,-0.2322,-0.0383,0
124026,8.2748,-6.1421,0.0096,9.5900,9.8000,-15.3300,0.3279,0.3351,-0.5242,0
124065,8.6650,-6.4796,0.7540,5.2500,9.5200,-12.1100,0.1795,0.3255,-0.4141,0
124104,9.0527,-5.5485,0.7731,-12.5300,18.2700,-8.0500,-0.4285,0.6247,-0.2753,0
124143,8.2222,-7.0325,-0.0622,-33.3900,9.3100,-6.4400,-1.1418,0.3184,-0.2202,0
124182,6.7070,-7.8679,-0.3590,-41.0200,-13.5800,3.8500,-1.4027,-0.4644,0.1317,0
124221,5.8477,-10.2208,-1.0029,-48.7900,-3.7100,23.2400,-1.6684,-0.1269,0.7947,0
124260,5.4024,-9.2754,-0.0383,0.9800,3.7800,9.3100,0.0335,0.1293,0.3184,0
124299,6.0248,-5.8381,-0.5003,27.0200,15.3300,4.9700,0.9239,0.5242,0.1699,0
124338,6.7692,-5.4910,-1.1442,18.6200,29.8200,6.0900,0.6367,1.0197,0.2082,0
124377,6.3767,-5.2062,-1.8670,6.7900,56.7700,9.7300,0.2322,1.9412,0.3327,0
124416,5.0051,-5.0290,-1.2782,-4.4100,74.6200,9.7300,-0.1508,2.5516,0.3327,0
124455,6.8769,-5.7591,-0.2848,-2.0300,106.0500,59.2900,-0.0694,3.6264,2.0274,0
124494,5.6203,-7.5998,2.0418,-15.1200,115.2200,99.6800,-0.5170,3.9399,3.4085,0
124533,4.0668,-7.3892,4.0907,-38.2900,20.2300,62.0200,-1.3093,0.6918,2.1208,0
124572,8.6793,-8.1719,2.7814,-38.5700,-32.2700,29.3300,-1.3189,-1.1035,1.0029,0
124611,9.4214,-8.8684,3.9854,-30.6600,-10.3600,53.3400,-1.0484,-0.3543,1.8240,0
124650,6.0415,-10.1873,3.2075,-44.7300,22.0500,38.3600,-1.5295,0.7540,1.3117,0
124689,5.9793,-10.6996,0.5242,-22.2600,18.2700,15.3300,-0.7612,0.6247,0.5242,0
124728,4.9788,-8.5788,0.4069,-11.1300,27.0200,3.9900,-0.3806,0.9239,0.1364,0
124767,4.4306,-7.0397,0.8306,-64.4000,58.1700,-9.7300,-2.2021,1.9891,-0.3327,0
124806,4.3636,-6.8147,-1.4529,1.0500,55.6500,5.6700,0.0359,1.9029,0.1939,0
124845,3.4085,-6.0344,0.0335,-14.7700,58.0300,-0.3500,-0.5051,1.9843,-0.0120,0
124884,4.2032,-8.2533,0.3471,-20.4400,75.8800,4.8300,-0.6989,2.5947,0.1652,0
124923,4.1027,-9.6224,0.8641,-7.3500,88.7600,4.3400,-0.2513,3.0351,0.1484,0
124962,4.4498,-8.9546,1.8623,-0.9100,88.4100,-5.8800,-0.0311,3.0232,-0.2011,0
125001,6.1756,-7.5208,2.7072,-1.3300,95.8300,-17.4300,-0.0455,3.2769,-0.5960,0
125040,6.8889,-6.9631,2.3817,-31.7100,106.6800,-26.8800,-1.0843,3.6479,-0.9192,0
125079,5.9386,-6.7644,1.6013,-52.9200,105.5600,-27.7200,-1.8096,3.6096,-0.9479,0
125118,4.8423,-7.4227,1.8431,-81.9000,121.6600,-16.1000,-2.8006,4.1601,-0.5505,0
125157,3.8322,-8.3538,1.6468,-85.7500,135.5900,-12.4600,-2.9322,4.6365,-0.4261,0
125196,4.0788,-7.6429,1.1801,-83.9300,132.3000,-28.1400,-2.8700,4.5240,-0.9622,0
125235,4.0955,-7.9229,0.2418,-93.7300,132.7900,-47.6000,-3.2051,4.5407,-1.6277,0
125274,3.8849,-10.9796,-0.4117,-112.9800,114.3800,-54.1800,-3.8633,3.9112,-1.8527,0
125313,3.6144,-13.1937,1.1753,-112.3500,83.9300,-37.1000,-3.8418,2.8700,-1.2686,0
125352,3.7843,-10.4052,1.7282,-76.5800,94.4300,-23.3100,-2.6186,3.2290,-0.7971,0
125391,4.0859,-8.2509,0.8880,-84.4200,83.3000,-31.9900,-2.8867,2.8484,-1.0939,0
125430,5.3522,-8.8972,0.7109,-111.0200,53.5500,-35.9100,-3.7963,1.8311,-1.2279,0
125469,6.7501,-8.5644,-2.5133,-122.9900,92.0500,-48.2300,-4.2056,3.1476,-1.6492,0
125508,5.7184,-3.8083,-2.3769,-74.8300,73.1500,-43.6800,-2.5588,2.5014,-1.4936,0
125547,7.1067,-3.9974,-4.4617,-56.1400,81.3400,-18.6200,-1.9197,2.7814,-0.6367,0
125586,7.5807,-5.5269,-3.3679,-106.5400,126.8400,-15.6800,-3.6431,4.3373,-0.5362,0
125625,9.5698,-7.8583,-1.3692,-93.1000,97.0200,-11.5500,-3.1835,3.3176,-0.3950,0
125664,8.5549,-8.0331,-1.8814,-58.3100,69.5800,-11.5500,-1.9939,2.3793,-0.3950,0
125703,7.4825,-7.5591,-1.2375,-37.1000,90.5800,-7.2100,-1.2686,3.0974,-0.2465,0
125742,8.5381,-7.2096,-0.3471,-56.7700,71.3300,-2.8700,-1.9412,2.4391,-0.0981,0
125781,8.8900,-5.9673,-1.3811,-75.4600,56.1400,2.5900,-2.5803,1.9197,0.0886,0
125820,8.5716,-6.0487,-0.8234,-77.6300,74.7600,-7.7000,-2.6545,2.5564,-0.2633,0
125859,7.7075,-6.9894,-2.2237,-103.6000,105.7000,-6.8600,-3.5426,3.6144,-0.2346,0
125898,6.5634,-6.8386,-1.9987,-97.9300,112.3500,-11.6200,-3.3487,3.8418,-0.3973,0
125937,7.3676,-6.3862,-1.9341,-112.2800,92.9600,-4.2000,-3.8394,3.1788,-0.1436,0
125976,6.2522,-6.3647,-1.5487,-117.0400,102.3400,9.1700,-4.0022,3.4995,0.3136,0
126015,5.2708,-6.2378,-0.8856,-125.6500,104.5800,10.2900,-4.2966,3.5761,0.3519,0
126054,5.8429,-7.1139,-3.1716,-88.3400,99.1200,-11.9700,-3.0208,3.3894,-0.4093,0
126093,3.9256,-8.4113,-1.9795,-67.9700,112.4900,-16.6600,-2.3242,3.8466,-0.5697,0
126132,2.9968,-8.2174,-2.7718,-41.7900,115.8500,-12.4600,-1.4290,3.9615,-0.4261,0
126171,4.9261,-6.7812,-1.4601,-44.1700,79.5200,6.5800,-1.5104,2.7192,0.2250,0
126210,5.5963,-11.0371,-0.8952,-30.7300,40.8100,25.0600,-1.0508,1.3955,0.8569,0
126249,7.8918,-10.9318,1.0412,31.6400,23.5200,8.0500,1.0819,0.8043,0.2753,0
126288,8.5214,-6.6759,2.4391,25.6200,29.5400,-7.7700,0.8761,1.0101,-0.2657,0
126327,8.3658,-3.9902,4.2224,12.3900,21.7000,15.7500,0.4237,0.7420,0.5386,0
126366,9.8043,-3.6216,3.6551,-27.0200,-25.4100,36.6800,-0.9239,-0.8689,1.2543,0
126405,11.5852,-4.9764,2.8819,-57.2600,-11.0600,51.5900,-1.9580,-0.3782,1.7641,0
126444,9.0384,-5.5844,3.7820,-85.8200,33.1100,46.7600,-2.9346,1.1322,1.5990,0
126483,6.7860,-7.6453,1.3739,-85.6100,24.5700,61.7400,-2.9274,0.8402,2.1112,0
126522,6.7213,-8.9666,0.4692,-80.5700,16.6600,64.4700,-2.7551,0.5697,2.2045,0
126561,6.5107,-9.8067,0.8138,-53.4800,27.6500,74.4800,-1.8287,0.9455,2.5468,0
126600,5.7184,-8.3490,0.4404,-49.4900,33.4600,76.8600,-1.6923,1.1442,2.6282,0
126639,5.6083,-8.3801,-0.2059,-25.2000,22.4000,76.4400,-0.8617,0.7660,2.6139,0
126678,5.7950,-7.8200,-0.2705,-3.1500,18.7600,63.2800,-0.1077,0.6415,2.1639,0
126717,4.3421,-7.6333,-0.8497,-6.2300,62.6500,52.5000,-0.2130,2.1423,1.7952,0
126756,2.7790,-7.9924,-0.3710,-22.6800,88.4800,32.9700,-0.7755,3.0256,1.1274,0
126795,1.6779,-7.5998,-1.7186,-17.8500,75.9500,-1.0500,-0.6104,2.5971,-0.0359,0
126834,-0.2872,-7.1235,-2.6857,-28.4200,89.3200,-48.9300,-0.9718,3.0543,-1.6732,0
126873,-1.7306,-6.3072,-1.3213,-65.1700,90.8600,-95.9000,-2.2285,3.1069,-3.2793,0
126912,-0.1149,-7.1235,-0.2585,-135.3800,44.5200,-81.1300,-4.6293,1.5224,-2.7742,0
126951,11.4703,-13.8735,-2.4272,-69.8600,68.6700,-26.3200,-2.3889,2.3482,-0.9000,0
126990,6.2929,-8.9522,0.5051,-51.8700,87.3600,-43.5400,-1.7737,2.9873,-1.4888,0
127029,7.4083,-7.1833,0.6606,-84.9100,77.4900,-27.1600,-2.9035,2.6498,-0.9287,0
127068,7.4227,-7.4418,-0.0862,-95.6900,101.2900,3.5700,-3.2721,3.4636,0.1221,0
127107,5.8668,-6.4413,-1.6851,-64.6100,89.3900,-4.5500,-2.2093,3.0567,-0.1556,0
127146,6.6352,-4.7969,-1.7593,-58.8000,82.6700,-1.1900,-2.0107,2.8269,-0.0407,0
127185,8.4687,-6.4509,-2.0346,-59.0100,89.6000,16.0300,-2.0178,3.0639,0.5481,0
127224,9.6200,-6.6806,-1.2662,-81.2000,102.4800,3.9900,-2.7766,3.5043,0.1364,0
127263,9.6296,-5.3929,-1.2758,-77.2800,95.2000,-12.6000,-2.6426,3.2554,-0.4309,0
127302,9.1317,-5.7328,-1.8455,-77.7000,106.6800,-6.5100,-2.6569,3.6479,-0.2226,0
127341,8.7942,-7.0469,-2.1519,-107.7300,120.1200,-1.9600,-3.6838,4.1075,-0.0670,0
127380,6.9751,-7.8416,-1.1801,-105.9800,87.1500,4.9000,-3.6240,2.9801,0.1676,0
127419,7.1354,-6.8745,-0.5864,-89.2500,85.6800,6.5100,-3.0519,2.9298,0.2226,0
127458,7.1474,-6.4652,-2.0154,-77.7000,90.4400,12.3200,-2.6569,3.0926,0.4213,0
127497,6.6471,-7.3413,-1.5511,-85.2600,86.4500,10.7800,-2.9155,2.9561,0.3686,0
127536,6.4245,-7.4682,-1.3811,-85.6100,73.5700,3.9900,-2.9274,2.5157,0.1364,0
127575,5.7998,-7.3844,-2.4702,-70.4200,99.3300,7.8400,-2.4080,3.3966,0.2681,0
127614,5.2923,-7.9301,-2.6162,-71.3300,91.4900,17.0800,-2.4391,3.1285,0.5840,0
127653,5.0123,-6.8913,-1.3261,-74.9700,98.9800,22.5400,-2.5636,3.3846,0.7708,0
127692,6.1876,-6.4509,-0.2274,-90.8600,95.3400,39.0600,-3.1069,3.2601,1.3357,0
127731,6.0679,-9.8163,1.3644,-66.7800,73.9200,53.4100,-2.2835,2.5277,1.8263,0
127770,7.9517,-8.1480,1.0173,-31.6400,38.7100,40.7400,-1.0819,1.3237,1.3931,0
127809,9.1748,-5.2564,-0.0311,-41.0900,34.4400,45.9900,-1.4051,1.1777,1.5726,0
127848,7.1690,-5.9099,1.0412,-72.6600,49.7000,51.2400,-2.4846,1.6995,1.7521,0
127887,5.3235,-7.0229,0.4500,-84.4200,48.9300,44.5900,-2.8867,1.6732,1.5247,0
127926,3.4780,-9.3591,-0.8378,-60.8300,46.4800,49.7000,-2.0801,1.5894,1.6995,0
127965,3.0686,-7.9900,-0.5075,-49.6300,47.3200,67.6200,-1.6971,1.6181,2.3123,0
128004,2.8221,-8.2485,-1.3739,-45.5000,58.6600,79.9400,-1.5559,2.0059,2.7335,0
128043,2.7216,-8.2030,-1.9269,-32.6200,54.4600,68.8800,-1.1154,1.8623,2.3553,0
128082,3.5833,-8.8110,-1.0197,-28.0000,57.0500,50.7500,-0.9575,1.9508,1.7354,0
128121,4.2343,-10.0198,-1.0676,-29.7500,62.2300,36.1200,-1.0173,2.1279,1.2351,0
128160,4.2607,-10.9294,-0.7492,-15.8900,67.4800,28.7000,-0.5434,2.3075,0.9814,0
128199,4.0907,-10.6325,-0.7061,-13.3000,74.7600,19.0400,-0.4548,2.5564,0.6511,0
128238,3.6168,-10.0509,-0.1364,-14.3500,82.6700,6.9300,-0.4907,2.8269,0.2370,0
128277,2.9921,-8.0426,-0.4715,-17.6400,90.3700,-11.6200,-0.6032,3.0902,-0.3973,0
128316,1.6372,-7.7099,-0.2633,-25.4800,105.8400,-37.1700,-0.8713,3.6192,-1.2710,0
128355,0.4548,-7.5567,-0.9934,-54.1100,102.1300,-60.4100,-1.8503,3.4923,-2.0657,0
128394,-0.8330,-7.8464,-1.1657,-85.9600,81.3400,-73.3600,-2.9394,2.7814,-2.5085,0
128433,5.2828,-11.6714,-3.5474,-134.8200,56.1400,-48.8600,-4.6102,1.9197,-1.6708,0
128472,5.6346,-12.0975,-1.6612,-11.0600,79.8000,-9.6600,-0.3782,2.7287,-0.3303,0
128511,4.9524,-10.6900,-0.8330,-17.8500,62.6500,-26.1800,-0.6104,2.1423,-0.8952,0
128550,4.1673,-8.5261,-0.2035,-44.2400,52.0100,-33.8800,-1.5128,1.7785,-1.1585,0
128589,5.0147,-8.4998,-0.8545,-53.1300,62.5100,-28.5600,-1.8168,2.1375,-0.9766,0
128628,6.0511,-9.5674,-1.5056,-38.8500,49.7000,-27.9300,-1.3285,1.6995,-0.9551,0
128667,5.8860,-8.6865,-0.4931,-28.9100,33.0400,-28.2800,-0.9886,1.1298,-0.9670,0
128706,6.3695,-5.9626,-0.4452,-4.2000,27.9300,-27.1600,-0.1436,0.9551,-0.9287,0
128745,6.2905,-5.0075,-1.0197,-6.0900,29.8200,-24.2900,-0.2082,1.0197,-0.8306,0
128784,6.9559,-5.4048,-1.2710,-26.7400,24.0800,-23.6600,-0.9144,0.8234,-0.8091,0
128823,7.3198,-5.3163,-1.2016,-13.6500,45.5700,-16.5200,-0.4668,1.5583,-0.5649,0
128862,8.4807,-5.1104,-0.9503,-19.9500,54.5300,-6.8600,-0.6822,1.8646,-0.2346,0
128901,8.5333,-6.5394,-1.2710,-44.3800,34.1600,-10.7800,-1.5176,1.1681,-0.3686,0
128940,8.2796,-8.4783,0.0598,-43.9600,41.8600,-7.8400,-1.5032,1.4314,-0.2681,0
128979,8.2892,-7.6405,0.3638,-14.1400,33.1100,-1.2600,-0.4835,1.1322,-0.0431,0
129018,9.0121,-7.2791,-1.2303,-3.5700,23.3800,2.3100,-0.1221,0.7995,0.0790,0
129057,8.6865,-6.9990,-0.4763,-14.6300,30.4500,-1.4000,-0.5003,1.0412,-0.0479,0
129096,7.9373,-6.8530,0.2178,-38.5700,27.6500,-6.5800,-1.3189,0.9455,-0.2250,0
129135,5.8812,-7.7458,-0.4069,-33.0400,20.9300,2.8000,-1.1298,0.7157,0.0957,0
129174,7.5926,-8.9067,-0.8019,-42.2800,42.9100,-4.8300,-1.4458,1.4673,-0.1652,0
129213,8.8876,-9.2418,-1.3476,-59.2900,39.6900,-29.8900,-2.0274,1.3572,-1.0221,0
129252,8.6961,-8.3323,-1.3907,-49.5600,-5.6700,-71.3300,-1.6947,-0.1939,-2.4391,0
129291,7.2192,-5.8477,-2.3290,-33.6000,21.5600,-71.8200,-1.1489,0.7372,-2.4559,0
129330,5.0003,-2.8556,-2.8748,-3.4300,115.2200,-27.5100,-0.1173,3.9399,-0.9407,0
129369,3.7867,-3.1883,-0.3902,20.3000,70.4200,-8.1200,0.6942,2.4080,-0.2777,0
129408,4.9453,-3.9064,3.1117,28.8400,42.3500,32.7600,0.9862,1.4482,1.1202,0
129447,7.9421,-6.0104,1.1370,0.6300,-12.3200,20.4400,0.0215,-0.4213,0.6989,0
129486,9.0575,-5.2828,0.7444,-19.6700,16.5900,18.4100,-0.6726,0.5673,0.6295,0
129525,6.3838,-4.1218,3.0040,-4.9700,-3.8500,45.6400,-0.1699,-0.1317,1.5607,0
129564,5.8285,-5.3881,1.2375,11.7600,-19.4600,80.2200,0.4021,-0.6654,2.7431,0
129603,7.2240,-7.0062,2.2524,-20.3700,-27.8600,103.7400,-0.6965,-0.9527,3.5474,0
129642,8.1551,-7.4993,1.3309,-31.0800,-44.1000,82.5300,-1.0628,-1.5080,2.8221,0
129681,8.2916,-8.5453,0.2370,-11.4800,-40.0400,50.3300,-0.3926,-1.3692,1.7210,0
129720,7.7434,-10.2065,0.4739,4.4800,-16.1700,47.6000,0.1532,-0.5529,1.6277,0
129759,6.3719,-10.5703,0.7109,17.0100,0.9100,39.3400,0.5817,0.0311,1.3452,0
129798,5.4982,-9.9049,0.2801,4.9700,12.2500,11.7600,0.1699,0.4189,0.4021,0
129837,5.5102,-8.6913,0.3423,16.1700,8.1900,-14.7700,0.5529,0.2801,-0.5051,0
129876,3.2506,-6.8721,-0.2035,5.1100,5.4600,-36.8900,0.1747,0.1867,-1.2614,0
129915,1.7210,-7.0612,0.1317,-7.9100,-1.9600,-57.4000,-0.2705,-0.0670,-1.9628,0
129954,1.8814,-6.1445,0.3543,-38.0100,-24.2900,-71.3300,-1.2997,-0.8306,-2.4391,0
129993,6.8650,-7.3437,1.2950,1.9600,-39.2000,-83.8600,0.0670,-1.3404,-2.8676,0
130032,8.1743,-4.8112,-0.4907,38.9900,-26.3900,-55.3700,1.3333,-0.9024,-1.8934,0
130071,8.0522,-4.7011,0.4117,23.4500,-22.6100,-50.1200,0.8019,-0.7731,-1.7138,0
130110,8.3299,-5.0793,1.0867,-4.3400,-10.4300,-31.0800,-0.1484,-0.3567,-1.0628,0
130149,8.1001,-5.2564,-1.4362,-32.6200,-37.8700,-23.8700,-1.1154,-1.2950,-0.8162,0
130188,6.2450,-3.7820,-0.5338,-34.9300,3.1500,-35.9100,-1.1944,0.1077,-1.2279,0
130227,7.3102,-4.4522,-1.6540,-26.1800,-20.5800,-27.7900,-0.8952,-0.7037,-0.9503,0
130266,10.2280,-5.3641,-3.6192,-4.4800,-43.1200,-4.6200,-0.1532,-1.4745,-0.1580,0
130305,10.2927,-6.8913,-3.4492,-28.3500,-24.7100,-14.4200,-0.9694,-0.8450,-0.4931,0
130344,9.6009,-7.4418,-1.7354,-9.1700,-10.0100,-3.9200,-0.3136,-0.3423,-0.1340,0
130383,10.0844,-5.7926,-1.5630,-0.9800,-20.6500,-13.3000,-0.0335,-0.7061,-0.4548,0
130422,9.5506,-6.0080,-2.3147,-14.9100,7.2800,-7.3500,-0.5098,0.2489,-0.2513,0
130461,9.2179,-6.1014,-2.7479,-13.5100,30.1000,5.8800,-0.4620,1.0293,0.2011,0
130500,8.4567,-5.7304,-2.4367,-9.0300,41.3700,5.4600,-0.3088,1.4146,0.1867,0
130539,7.0804,-4.5814,-2.0466,-6.3000,55.5800,7.9800,-0.2154,1.9006,0.2729,0
130578,6.4197,-3.9160,-1.9628,-0.7700,37.7300,19.1100,-0.0263,1.2902,0.6535,0
130617,7.2503,-4.1314,-0.9766,-24.4300,27.7900,24.2200,-0.8354,0.9503,0.8282,0
130656,7.6644,-4.4976,-0.2394,-44.0300,33.2500,18.0600,-1.5056,1.1370,0.6176,0
130695,8.2413,-6.7118,-0.0694,-25.4800,27.6500,15.3300,-0.8713,0.9455,0.5242,0
130734,8.9929,-7.4131,-1.3739,-6.2300,6.0900,13.0900,-0.2130,0.2082,0.4476,0
130773,9.3974,-8.2772,-1.1992,17.9200,14.2100,10.3600,0.6128,0.4859,0.3543,0
130812,8.6171,-7.4634,-1.3835,18.6900,23.3800,6.9300,0.6391,0.7995,0.2370,0
130851,7.6788,-6.1517,-0.1532,4.8300,36.4700,15.6800,0.1652,1.2471,0.5362,0
130890,7.4538,-5.8596,0.0144,32.6200,29.0500,18.2000,1.1154,0.9934,0.6223,0
130929,6.3192,-6.0751,0.4859,33.1100,1.4700,9.6600,1.1322,0.0503,0.3303,0
130968,6.0415,-5.3163,0.7540,33.0400,-15.8900,1.8900,1.1298,-0.5434,0.0646,0
131007,6.8674,-5.5796,0.9359,38.6400,-15.4700,7.9100,1.3213,-0.5290,0.2705,0
131046,7.1690,-5.4647,0.5003,40.3900,-6.2300,12.3200,1.3811,-0.2130,0.4213,0
131085,6.3144,-4.9381,0.5960,27.2300,-3.3600,17.0100,0.9311,-0.1149,0.5817,0
131124,7.2049,-5.7687,1.2375,2.2400,-19.5300,15.8900,0.0766,-0.6678,0.5434,0
131163,7.5041,-5.7088,0.6463,-3.2900,-4.2700,7.0000,-0.1125,-0.1460,0.2394,0
131202,7.2982,-5.7782,0.3878,-2.7300,0.6300,-12.7400,-0.0934,0.0215,-0.4356,0
131241,7.6070,-6.2713,1.2279,-3.0800,-2.1000,-26.3900,-0.1053,-0.0718,-0.9024,0
131280,7.5328,-6.9535,1.7785,1.6800,1.8200,-27.6500,0.0574,0.0622,-0.9455,0
131319,7.7985,-7.3820,1.0580,12.3900,-14.9100,-10.2900,0.4237,-0.5098,-0.3519,0
131358,8.6602,-7.1426,1.3309,23.3100,-8.1200,16.8700,0.7971,-0.2777,0.5769,0
131397,8.2892,-7.4634,0.8282,22.3300,-2.8000,5.2500,0.7636,-0.0957,0.1795,0
131436,7.7171,-6.4580,1.1609,13.2300,2.4500,-6.0900,0.4524,0.0838,-0.2082,0
131475,7.5663,-5.2349,1.1394,8.7500,4.6200,-6.5800,0.2992,0.1580,-0.2250,0
131514,7.7578,-5.5030,0.8785,-3.7800,5.2500,-9.8000,-0.1293,0.1795,-0.3351,0
131553,7.8511,-5.7974,1.2303,-13.3700,11.8300,-12.5300,-0.4572,0.4045,-0.4285,0
131592,7.6979,-5.8453,1.1154,-11.8300,16.0300,-13.2300,-0.4045,0.5481,-0.4524,0
131631,7.7291,-6.0918,1.0915,-14.0700,14.1400,-9.6600,-0.4811,0.4835,-0.3303,0
131670,7.8009,-6.3144,0.9120,-12.7400,13.6500,-5.9500,-0.4356,0.4668,-0.2035,0
131709,7.9589,-6.3958,0.9359,-6.3000,9.4500,-1.3300,-0.2154,0.3231,-0.0455,0
131748,7.8248,-6.4963,0.7779,-3.4300,0.4200,1.6100,-0.1173,0.0144,0.0551,0
131787,7.7099,-6.4389,0.9862,-7.9100,1.4700,0.9100,-0.2705,0.0503,0.0311,0
131826,7.5543,-6.0822,1.0700,-6.2300,3.4300,2.8000,-0.2130,0.1173,0.0957,0
131865,7.5256,-6.0535,1.0173,-4.4800,0.0700,1.6100,-0.1532,0.0024,0.0551,0
131904,7.8440,-5.9769,0.9981,-3.8500,-1.1900,0.6300,-0.1317,-0.0407,0.0215,0
131943,7.8464,-5.9506,1.0891,-3.6400,4.7600,1.7500,-0.1245,0.1628,0.0598,0
131982,7.7674,-5.7495,1.0939,-9.8000,11.5500,3.6400,-0.3351,0.3950,0.1245,0
132021,7.8033,-5.6107,0.6463,-7.6300,11.4100,5.9500,-0.2609,0.3902,0.2035,0
132060,7.8057,-5.8261,0.5338,-12.0400,15.1200,7.7000,-0.4117,0.5170,0.2633,0
132099,7.7434,-5.7208,0.9096,-25.6200,25.4800,7.1400,-0.8761,0.8713,0.2442,0
132138,7.5759,-5.3689,0.7301,-34.7900,19.9500,2.8000,-1.1896,0.6822,0.0957,0
132177,7.4610,-5.4958,0.3734,-41.2300,16.2400,0.3500,-1.4099,0.5553,0.0120,0
132216,7.4346,-5.6705,0.5362,-48.3000,22.3300,3.1500,-1.6516,0.7636,0.1077,0
132255,7.3533,-6.7979,0.8569,-60.4100,11.7600,8.6800,-2.0657,0.4021,0.2968,0
132294,7.3652,-7.5471,0.8330,-48.6500,1.4700,12.1100,-1.6636,0.0503,0.4141,0
132333,7.1857,-7.5902,0.3112,-32.9000,-3.8500,8.5400,-1.1250,-0.1317,0.2920,0
132372,6.8506,-7.5471,0.4093,-16.3100,5.6000,5.1100,-0.5577,0.1915,0.1747,0
132411,7.0900,-7.3485,0.6870,-15.7500,-0.9800,2.5200,-0.5386,-0.0335,0.0862,0
132450,7.2408,-6.0727,1.0173,-16.7300,-3.3600,0.7000,-0.5721,-0.1149,0.0239,0
132489,8.0139,-5.3139,0.5314,-15.8200,5.9500,3.5000,-0.5410,0.2035,0.1197,0
132528,8.7320,-5.6657,0.3471,-21.3500,11.9700,6.7200,-0.7301,0.4093,0.2298,0
132567,8.9091,-6.6280,-0.0024,-36.9600,13.4400,6.3000,-1.2638,0.4596,0.2154,0
132606,7.8152,-6.6878,0.1867,-35.2800,22.2600,0.6300,-1.2064,0.7612,0.0215,0
132645,6.7285,-6.5801,-0.0191,-30.8700,22.2600,-2.1700,-1.0556,0.7612,-0.0742,0
132684,5.7040,-5.6514,0.3255,-9.8000,-5.0400,-4.6200,-0.3351,-0.1723,-0.1580,0
132723,5.8668,-4.3947,0.3567,-5.8800,-29.9600,-6.9300,-0.2011,-1.0245,-0.2370,0
132762,6.7549,-3.9088,-0.9431,-6.6500,-61.3200,-9.5900,-0.2274,-2.0968,-0.3279,0
132801,8.0283,-4.0285,-2.6162,-16.1000,-28.4200,-15.4000,-0.5505,-0.9718,-0.5266,0
132840,8.7224,-4.2415,-2.8484,-42.3500,-23.7300,-15.4700,-1.4482,-0.8114,-0.5290,0
132879,8.4089,-6.7860,-3.6000,-45.0800,-26.7400,3.5000,-1.5415,-0.9144,0.1197,0
132918,8.6793,-8.7631,-3.2697,-44.9400,-8.4000,26.1100,-1.5367,-0.2872,0.8928,0
132957,9.8498,-9.5722,-2.0442,-32.4800,-13.2300,32.4100,-1.1106,-0.4524,1.1083,0
132996,9.0982,-8.6913,-2.5803,-4.9700,0.9800,9.1700,-0.1699,0.0335,0.3136,0
133035,8.7464,-8.0809,-2.4654,10.0800,11.4800,2.6600,0.3447,0.3926,0.0910,0
133074,7.4945,-7.2336,-2.0154,16.5200,18.6900,7.6300,0.5649,0.6391,0.2609,0
133113,7.6261,-5.6969,-1.7091,22.3300,15.6100,15.2600,0.7636,0.5338,0.5218,0
133152,7.5783,-4.4641,-1.1274,7.0000,-3.3600,17.0800,0.2394,-0.1149,0.5840,0
133191,7.4466,-4.7346,-0.6056,2.8700,5.8100,11.4100,0.0981,0.1987,0.3902,0
133230,8.2293,-4.8399,-0.1843,9.0300,-8.1900,1.7500,0.3088,-0.2801,0.0598,0
133269,10.5943,-4.5383,-0.7779,6.7200,4.9000,-1.0500,0.2298,0.1676,-0.0359,0
133308,9.9480,-4.6652,-1.0293,2.2400,23.8700,3.0800,0.0766,0.8162,0.1053,0
133347,8.7320,-4.7705,-0.2585,-16.0300,15.3300,5.6000,-0.5481,0.5242,0.1915,0
133386,8.5238,-5.6681,0.8761,-32.5500,28.2100,11.0600,-1.1130,0.9646,0.3782,0
133425,8.3993,-6.4485,0.9096,-33.1800,20.0900,15.4700,-1.1346,0.6870,0.5290,0
133464,8.2030,-5.2828,0.7229,-33.6000,33.3900,41.1600,-1.1489,1.1418,1.4075,0
133503,7.5663,-7.0205,-2.8556,-26.9500,27.1600,77.7700,-0.9216,0.9287,2.6593,0
133542,3.6862,-8.9067,-3.2577,-53.4800,21.7000,101.6400,-1.8287,0.7420,3.4756,0
133581,2.1447,-9.6583,-2.4439,-7.1400,2.5200,114.8000,-0.2442,0.0862,3.9256,0
133620,3.0734,-10.6110,-3.0974,38.5700,-12.6700,96.5300,1.3189,-0.4332,3.3008,0
133659,4.5647,-10.8121,-3.9088,29.0500,1.0500,74.6900,0.9934,0.0359,2.5540,0
133698,4.3588,-10.8025,-2.8030,40.8800,20.4400,66.2200,1.3979,0.6989,2.2644,0
133737,0.9120,-9.5410,-0.8785,40.8100,14.8400,47.5300,1.3955,0.5075,1.6253,0
133776,0.5290,-8.1958,-1.2686,25.2000,-3.8500,26.3200,0.8617,-0.1317,0.9000,0
133815,1.5798,-7.7793,-1.3883,-5.1800,0.2800,-7.0700,-0.1771,0.0096,-0.2418,0
133854,2.4607,-7.9229,-0.9144,-17.2900,9.1000,-34.5100,-0.5912,0.3112,-1.1801,0
133893,3.5450,-8.8948,-0.3973,-0.7000,10.2900,-60.4100,-0.0239,0.3519,-2.0657,0
133932,3.8585,-7.8751,-0.6128,15.1900,26.6700,-84.8400,0.5194,0.9120,-2.9011,0
133971,3.6479,-5.9817,0.7660,13.7900,42.8400,-96.6000,0.4715,1.4649,-3.3032,0
134010,5.8644,-5.6011,-0.1699,-18.0600,80.0100,-101.1500,-0.6176,2.7359,-3.4588,0
134049,7.7362,-7.7195,1.2638,-11.5500,85.8200,-88.6900,-0.3950,2.9346,-3.0327,0
134088,8.4328,-5.8572,1.5319,-27.7200,79.3800,-78.3300,-0.9479,2.7144,-2.6785,0
134127,7.5831,-8.4687,1.3500,12.2500,13.5800,-83.1600,0.4189,0.4644,-2.8436,0
134166,8.8589,-9.2227,2.4918,2.8700,8.6100,-78.8900,0.0981,0.2944,-2.6976,0
134205,7.9397,-6.4078,-1.4314,-31.1500,-40.7400,-74.0600,-1.0652,-1.3931,-2.5325,0
134244,6.9846,-4.5575,-4.5312,17.6400,23.3800,-25.1300,0.6032,0.7995,-0.8593,0
134283,5.6298,-6.6112,-2.8125,-49.1400,-16.5200,25.4100,-1.6803,-0.5649,0.8689,0
134322,7.4586,-8.9067,-1.9221,-62.9300,-84.2800,13.8600,-2.1519,-2.8819,0.4739,0
134361,8.8684,-8.3634,-3.7221,-25.6900,-57.6100,-16.8700,-0.8785,-1.9700,-0.5769,0
134400,7.2551,-7.7985,-2.8724,-4.9700,-28.7000,-14.8400,-0.1699,-0.9814,-0.5075,0
134439,7.8440,-6.4245,-1.3596,0.6300,-37.1000,5.9500,0.0215,-1.2686,0.2035,0
134478,8.7009,-7.4251,-0.7085,11.5500,5.0400,2.5200,0.3950,0.1723,0.0862,0
134517,7.7099,-7.0995,-0.2585,37.3100,37.5900,0.6300,1.2758,1.2854,0.0215,0
134556,7.2910,-6.6280,-0.9814,59.6400,33.0400,0.9100,2.0394,1.1298,0.0311,0
134595,6.6663,-6.4245,-1.1896,46.7600,20.5800,5.4600,1.5990,0.7037,0.1867,0
134634,6.7836,-6.1134,-0.6391,76.3000,-6.0200,15.7500,2.6091,-0.2059,0.5386,0
134673,8.3394,-5.0841,-0.6080,81.0600,-8.3300,24.0100,2.7718,-0.2848,0.8210,0
134712,7.7745,-4.4019,0.1987,72.1700,-7.0000,3.7100,2.4678,-0.2394,0.1269,0
134751,9.4740,-5.3809,1.1944,43.0500,-27.1600,-19.5300,1.4721,-0.9287,-0.6678,0
134790,12.0376,-6.9942,1.2040,32.6900,-60.2000,-15.0500,1.1178,-2.0585,-0.5146,0
134829,9.8546,-5.6969,-0.2082,13.9300,-34.8600,-30.8700,0.4763,-1.1920,-1.0556,0
134868,7.6860,-5.1176,-0.3614,20.8600,11.2000,13.0200,0.7133,0.3830,0.4452,0
134907,5.9338,-3.5546,0.2753,-0.1400,12.9500,36.7500,-0.0048,0.4428,1.2567,0
134946,5.1607,-4.2942,0.0551,-19.2500,-3.2900,47.0400,-0.6583,-0.1125,1.6085,0
134985,6.0056,-5.0817,0.4596,-38.5000,-14.1400,58.8700,-1.3165,-0.4835,2.0131,0
135024,5.9650,-6.1684,1.3333,-58.3100,16.5900,46.4100,-1.9939,0.5673,1.5870,0
135063,5.2301,-7.3557,0.1269,-18.2000,6.5100,31.6400,-0.6223,0.2226,1.0819,0
135102,5.3522,-8.0259,-0.9359,21.9100,-29.8900,55.4400,0.7492,-1.0221,1.8958,0
135141,6.1708,-8.4113,-0.9096,-1.2600,-26.3200,52.1500,-0.0431,-0.9000,1.7833,0
135180,5.7040,-6.8817,0.3878,-20.3000,8.5400,27.6500,-0.6942,0.2920,0.9455,0
135219,7.1570,-8.5668,0.4285,-25.6900,9.8700,13.0200,-0.8785,0.3375,0.4452,0
135258,7.6740,-10.1442,-0.9024,-30.9400,8.1900,6.8600,-1.0580,0.2801,0.2346,0
135297,6.5394,-10.1036,-0.2777,-36.8900,16.8700,15.6100,-1.2614,0.5769,0.5338,0
135336,6.5921,-9.4262,-0.5888,-17.3600,-5.6000,36.5400,-0.5936,-0.1915,1.2495,0
135375,6.1229,-9.9599,-0.4883,2.1000,-21.2100,63.2800,0.0718,-0.7253,2.1639,0
135414,4.6700,-8.9809,-1.0532,-10.9900,-12.5300,67.4100,-0.3758,-0.4285,2.3051,0
135453,3.1022,-8.4400,-0.2250,-1.1900,-8.6100,57.7500,-0.0407,-0.2944,1.9748,0
135492,3.5641,-8.9019,-0.3806,2.0300,-0.2800,46.4800,0.0694,-0.0096,1.5894,0
135531,5.0649,-8.9067,-0.3351,9.3800,-10.9200,41.5100,0.3207,-0.3734,1.4194,0
135570,5.4599,-8.7057,-0.8210,25.2700,0.1400,36.9600,0.8641,0.0048,1.2638,0
135609,4.3181,-8.5860,-0.7229,23.1000,13.0900,30.9400,0.7899,0.4476,1.0580,0
135648,3.0184,-8.6530,-0.0934,17.8500,23.5900,23.3100,0.6104,0.8067,0.7971,0
135687,2.3721,-8.7583,-0.2561,18.6200,23.2400,13.6500,0.6367,0.7947,0.4668,0
135726,1.3835,-8.3155,-0.5625,12.6000,24.4300,-1.6800,0.4309,0.8354,-0.0574,0
135765,1.0676,-8.1001,0.1747,-17.2200,17.5000,-25.6200,-0.5888,0.5984,-0.8761,0
135804,1.6660,-8.9546,-0.2346,-23.7300,14.9100,-41.9300,-0.8114,0.5098,-1.4338,0
135843,1.5870,-9.4238,-0.2370,-22.3300,18.0600,-55.6500,-0.7636,0.6176,-1.9029,0
135882,1.3907,-9.1557,-0.4141,-13.7200,13.0900,-70.3500,-0.4692,0.4476,-2.4056,0
135921,2.4966,-9.1724,-0.2274,-19.6000,-16.8000,-79.1700,-0.6702,-0.5745,-2.7072,0
135960,6.8434,-9.9312,-1.5870,-14.3500,-10.0100,-72.7300,-0.4907,-0.3423,-2.4870,0
135999,7.1259,-8.1815,-0.2968,14.9800,1.2600,-56.2800,0.5122,0.0431,-1.9245,0
136038,7.4801,-8.3993,-0.1699,3.6400,1.6800,-39.8300,0.1245,0.0574,-1.3620,0
136077,8.1025,-8.9474,-1.1681,-21.4900,6.5800,-28.4900,-0.7348,0.2250,-0.9742,0
136116,6.9583,-7.7698,-0.4045,-11.0600,22.9600,-27.9300,-0.3782,0.7851,-0.9551,0
136155,6.7836,-7.0301,-0.3638,-22.4000,26.5300,-36.5400,-0.7660,0.9072,-1.2495,0
136194,7.2479,-6.9487,-0.5051,-23.8000,28.0000,-38.5000,-0.8138,0.9575,-1.3165,0
136233,7.4299,-6.5873,-0.4045,-35.0700,35.2100,-36.6100,-1.1992,1.2040,-1.2519,0
136272,7.2120,-6.6064,-0.7301,-32.6200,35.2800,-35.0700,-1.1154,1.2064,-1.1992,0
136311,6.6591,-6.5753,-0.2442,-29.4700,28.2100,-32.9700,-1.0077,0.9646,-1.1274,0
136350,7.2144,-6.3814,0.2370,-27.5100,21.7000,-33.0400,-0.9407,0.7420,-1.1298,0
136389,8.0402,-5.8094,-0.0934,-13.2300,11.4800,-30.8000,-0.4524,0.3926,-1.0532,0
136428,7.9469,-5.1583,-0.2489,-2.2400,2.9400,-29.4700,-0.0766,0.1005,-1.0077,0
136467,7.6525,-4.3708,-0.4835,7.3500,-17.2200,-22.4000,0.2513,-0.5888,-0.7660,0
136506,7.5926,-3.3702,-1.2614,8.8200,-17.0800,-10.7800,0.3016,-0.5840,-0.3686,0
136545,8.4160,-5.1990,-1.1944,-2.8700,-16.1000,3.6400,-0.0981,-0.5505,0.1245,0
136584,8.6746,-6.3216,-0.4859,-0.2100,-8.9600,8.5400,-0.0072,-0.3064,0.2920,0
136623,8.2724,-6.4150,-0.3351,15.1900,2.5900,2.2400,0.5194,0.0886,0.0766,0
136662,8.7679,-6.4916,-0.8450,21.2800,-11.4100,-7.7000,0.7277,-0.3902,-0.2633,0
136701,9.1724,-5.3474,-0.9886,21.4200,2.0300,-1.8900,0.7325,0.0694,-0.0646,0
136740,8.8134,-6.6902,-0.6654,17.1500,-12.5300,2.1000,0.5864,-0.4285,0.0718,0
136779,7.8775,-7.1283,-1.3548,24.1500,-16.8700,2.1700,0.8258,-0.5769,0.0742,0
136818,6.8841,-6.6878,-0.9694,35.4200,-22.6100,0.5600,1.2112,-0.7731,0.0191,0
136857,8.3370,-7.2695,-1.5367,48.1600,-13.7200,0.0700,1.6468,-0.4692,0.0024,0
136896,6.9057,-6.1947,-3.0399,70.4900,11.2000,-1.9600,2.4104,0.3830,-0.0670,0
136935,6.3288,-6.3934,-2.4343,78.4000,1.1900,-4.4100,2.6809,0.0407,-0.1508,0
136974,7.2719,-5.4240,-1.6468,87.8500,24.2200,8.9600,3.0040,0.8282,0.3064,0
137013,7.1019,-6.0200,-1.5894,84.3500,26.7400,33.9500,2.8843,0.9144,1.1609,0
137052,8.2940,-6.9990,0.5410,80.2200,-19.0400,43.7500,2.7431,-0.6511,1.4960,0
137091,9.1748,-5.8285,1.6875,95.1300,-18.9700,14.3500,3.2530,-0.6487,0.4907,0
137130,7.6405,-3.2171,-0.1915,84.2100,-44.7300,10.5700,2.8795,-1.5295,0.3614,0
137169,8.0331,-2.2835,0.5481,42.2800,-59.3600,38.7100,1.4458,-2.0298,1.3237,0
137208,8.3945,-3.3008,1.2997,-10.0100,-47.8800,90.3700,-0.3423,-1.6372,3.0902,0
137247,7.1642,-6.9392,3.0734,-3.8500,-38.5000,123.2700,-0.1317,-1.3165,4.2152,0
137286,5.3187,-9.4070,3.4516,34.6500,-89.5300,82.9500,1.1849,-3.0615,2.8365,0
137325,6.3360,-8.9809,0.7396,52.3600,-110.1100,44.0300,1.7904,-3.7652,1.5056,0
137364,6.7333,-8.6865,-0.0120,52.2900,-105.0700,31.7100,1.7880,-3.5929,1.0843,0
137403,6.0894,-8.3538,-0.6439,58.5200,-103.2500,36.8900,2.0011,-3.5306,1.2614,0
137442,7.2671,-8.3203,-0.3614,55.8600,-109.8300,41.9300,1.9101,-3.7556,1.4338,0
137481,7.9229,-7.4753,-0.2465,47.0400,-121.2400,34.3000,1.6085,-4.1458,1.1729,0
137520,6.9057,-7.0182,-0.7827,32.5500,-106.6800,18.2700,1.1130,-3.6479,0.6247,0
137559,5.5915,-8.5477,-0.2035,20.7900,-103.4600,25.8300,0.7109,-3.5378,0.8833,0
137598,5.6203,-8.8134,-0.5601,37.1000,-105.0000,29.5400,1.2686,-3.5905,1.0101,0
137637,5.4862,-7.8200,-0.6391,53.9700,-100.4500,28.8400,1.8455,-3.4349,0.9862,0
137676,5.3570,-6.6208,-0.5577,47.8100,-86.8700,32.6900,1.6349,-2.9705,1.1178,0
137715,5.1559,-7.5926,-1.0963,37.2400,-79.8700,32.2000,1.2734,-2.7311,1.1011,0
137754,4.4881,-8.6410,-0.5888,27.5800,-69.5800,16.8000,0.9431,-2.3793,0.5745,0
137793,3.8226,-8.8421,-1.5511,32.7600,-73.6400,-1.5400,1.1202,-2.5181,-0.0527,0
137832,3.3200,-8.7152,-2.6402,39.0600,-66.3600,-25.0600,1.3357,-2.2692,-0.8569,0
137871,2.3051,-8.0139,-3.3990,18.6200,-52.5000,-52.7800,0.6367,-1.7952,-1.8048,0
137910,1.9006,-7.3509,-3.6240,6.8600,-51.8700,-76.9300,0.2346,-1.7737,-2.6306,0
137949,2.7024,-7.8033,-4.1793,-17.9200,-39.2700,-96.2500,-0.6128,-1.3428,-3.2913,0
137988,5.2588,-7.5065,-1.8623,45.0100,-51.3800,-91.4900,1.5391,-1.7569,-3.1285,0
138027,13.0094,-7.9469,-1.6516,79.0300,-54.4600,-50.4700,2.7024,-1.8623,-1.7258,0
138066,9.7804,-6.9248,-0.7253,38.7800,-41.3000,-37.0300,1.3261,-1.4122,-1.2662,0
138105,8.0953,-7.2049,-1.4075,16.5200,-19.3200,-24.5000,0.5649,-0.6606,-0.8378,0
138144,6.9990,-6.7549,-0.7516,5.8800,-26.5300,-25.0600,0.2011,-0.9072,-0.8569,0
138183,6.4006,-6.6160,-0.3447,-6.8600,-17.1500,-35.9800,-0.2346,-0.5864,-1.2303,0
138222,6.5729,-7.0421,0.9072,-17.4300,-6.0200,-45.9200,-0.5960,-0.2059,-1.5702,0
138261,6.7213,-6.9918,1.7928,-13.0200,-2.7300,-44.0300,-0.4452,-0.0934,-1.5056,0
138300,6.1134,-5.6993,0.9000,1.1900,-3.9200,-38.2900,0.0407,-0.1340,-1.3093,0
138339,6.0344,-4.5862,-0.1628,29.4000,-14.0700,-22.0500,1.0053,-0.4811,-0.7540,0
138378,8.5118,-3.7460,-0.7301,24.9900,-14.0000,8.1200,0.8545,-0.4787,0.2777,0
138417,10.4530,-4.2631,-1.2543,-14.4900,3.9200,30.0300,-0.4955,0.1340,1.0269,0
138456,9.6751,-3.5091,-0.6415,-54.0400,26.9500,28.0700,-1.8479,0.9216,0.9598,0
138495,9.5937,-5.4120,-1.4434,-57.1900,45.7100,18.4100,-1.9556,1.5630,0.6295,0
138534,8.8684,-7.5448,-1.1872,-50.3300,35.2800,7.5600,-1.7210,1.2064,0.2585,0
138573,8.3299,-6.5825,-0.4476,-53.4800,51.8700,14.1400,-1.8287,1.7737,0.4835,0
138612,9.4716,-5.7256,-1.5104,-38.7800,27.1600,21.0000,-1.3261,0.9287,0.7181,0
138651,9.4956,-5.6394,-0.6152,-45.2200,28.8400,22.0500,-1.5463,0.9862,0.7540,0
138690,8.4759,-6.2761,-0.9934,-51.8000,44.1700,18.6200,-1.7713,1.5104,0.6367,0
138729,7.1067,-7.0038,-0.5864,-52.4300,18.9700,7.0000,-1.7928,0.6487,0.2394,0
138768,7.2264,-6.8338,-2.1710,-52.5700,22.0500,-0.9800,-1.7976,0.7540,-0.0335,0
138807,7.0804,-7.0158,-3.2913,-56.2100,16.5200,2.4500,-1.9221,0.5649,0.0838,0
138846,6.7549,-6.9703,-2.5492,-45.0800,20.0900,-1.7500,-1.5415,0.6870,-0.0598,0
138885,6.4341,-5.5748,-1.7521,-25.2700,22.6800,-1.1900,-0.8641,0.7755,-0.0407,0
138924,6.8793,-5.7232,-1.9843,-26.2500,2.9400,5.6700,-0.8976,0.1005,0.1939,0
138963,7.4275,-6.2283,-3.2051,-31.9900,-8.4000,-0.4200,-1.0939,-0.2872,-0.0144,0
139002,6.6160,-6.8410,-2.2452,-40.4600,-0.4200,-11.6200,-1.3835,-0.0144,-0.3973,0
139041,6.5993,-5.4814,-1.8192,-28.0700,1.0500,-5.6700,-0.9598,0.0359,-0.1939,0
139080,6.9463,-5.8453,-2.7048,-7.0700,10.0800,6.2300,-0.2418,0.3447,0.2130,0
139119,7.4658,-5.7687,-2.1782,-22.8200,11.9700,5.1100,-0.7803,0.4093,0.1747,0
139158,7.3078,-7.9253,-2.2835,-12.9500,17.4300,4.4100,-0.4428,0.5960,0.1508,0
139197,6.6064,-8.6267,-1.1370,12.1800,13.7200,0.4900,0.4165,0.4692,0.0168,0
139236,6.8937,-8.2269,-1.0771,45.2200,4.9700,-2.3800,1.5463,0.1699,-0.0814,0
139275,7.6022,-7.1570,-1.9604,68.8800,13.3000,-8.1200,2.3553,0.4548,-0.2777,0
139314,7.6142,-6.8243,-2.0633,55.1600,-8.1900,-13.8600,1.8862,-0.2801,-0.4739,0
139353,7.8679,-6.1397,-2.2668,54.3900,4.0600,-1.7500,1.8599,0.1388,-0.0598,0
139392,6.9870,-6.3479,-1.8742,50.0500,12.8800,-2.1700,1.7115,0.4404,-0.0742,0
139431,7.0732,-6.8386,-1.6779,42.9800,2.1000,6.7200,1.4697,0.0718,0.2298,0
139470,6.6519,-6.9535,-0.9646,49.6300,1.2600,4.9700,1.6971,0.0431,0.1699,0
139509,7.5543,-6.6639,-0.5864,64.3300,-7.3500,7.7000,2.1998,-0.2513,0.2633,0
139548,8.3131,-6.6543,-1.3213,75.8100,-16.5200,3.0100,2.5923,-0.5649,0.1029,0
139587,8.1815,-6.8985,-1.2040,73.0100,-34.1600,-5.4600,2.4966,-1.1681,-0.1867,0
139626,8.3634,-6.6759,-0.6606,67.4800,-23.8700,2.3800,2.3075,-0.8162,0.0814,0
139665,7.6573,-6.2594,-0.2035,59.6400,-3.1500,12.1100,2.0394,-0.1077,0.4141,0
139704,7.1043,-6.0894,-0.0766,54.1800,-4.2700,20.7200,1.8527,-0.1460,0.7085,0
139743,6.7620,-5.4144,0.3567,59.3600,-25.4100,30.9400,2.0298,-0.8689,1.0580,0
139782,6.0918,-4.4139,0.6654,39.3400,-41.7200,32.3400,1.3452,-1.4266,1.1059,0
139821,6.0751,-4.5910,0.6200,28.1400,-51.1000,41.3000,0.9622,-1.7474,1.4122,0
139860,5.5748,-6.0798,2.5349,6.0900,-40.4600,62.3700,0.2082,-1.3835,2.1327,0
139899,4.8064,-7.4945,2.3410,-10.5700,-33.3200,64.7500,-0.3614,-1.1394,2.2141,0
139938,5.0195,-7.9349,0.2394,22.6800,-48.9300,60.2700,0.7755,-1.6732,2.0609,0
139977,5.6274,-6.9080,-1.3811,29.6100,-74.4100,67.4800,1.0125,-2.5444,2.3075,0
140016,6.7764,-8.1695,-0.2130,17.0800,-91.7700,60.6900,0.5840,-3.1381,2.0753,0
140055,6.6878,-9.3184,-0.2609,-7.9100,-71.8900,51.8700,-0.2705,-2.4583,1.7737,0
140094,6.7860,-10.6828,-1.0795,11.7600,-64.2600,47.3200,0.4021,-2.1974,1.6181,0
140133,6.2713,-10.9820,-0.5769,24.5000,-64.1200,35.9800,0.8378,-2.1926,1.2303,0
140172,5.6945,-10.5823,0.1484,25.7600,-47.5300,29.9600,0.8809,-1.6253,1.0245,0
140211,4.7586,-8.7631,-0.2178,5.1100,-43.7500,19.1100,0.1747,-1.4960,0.6535,0
140250,4.3253,-8.0857,-0.4596,5.5300,-42.0000,16.5900,0.1891,-1.4362,0.5673,0
140289,3.4421,-8.0450,-0.0718,10.8500,-39.5500,17.7800,0.3710,-1.3524,0.6080,0
140328,2.9298,-8.1886,0.0359,-1.8900,-39.6900,20.1600,-0.0646,-1.3572,0.6894,0
140367,3.0519,-8.4759,-0.7372,2.5900,-44.1700,20.0200,0.0886,-1.5104,0.6846,0
140406,3.1716,-8.7631,-1.1226,18.3400,-39.8300,18.9700,0.6271,-1.3620,0.6487,0
140445,3.8418,-8.5740,-1.0556,16.1700,-36.6100,16.5900,0.5529,-1.2519,0.5673,0
140484,3.7293,-8.2389,-1.3692,2.8000,-26.4600,6.5800,0.0957,-0.9048,0.2250,0
140523,3.4899,-9.2849,-1.4505,0.4900,-15.6100,1.0500,0.0168,-0.5338,0.0359,0
140562,3.4899,-9.8714,-1.8479,-5.6000,-8.6800,-8.8200,-0.1915,-0.2968,-0.3016,0
140601,3.4109,-9.0982,-1.9341,-13.7900,6.9300,-22.4700,-0.4715,0.2370,-0.7684,0
140640,2.9849,-8.8301,-1.8287,-33.1100,22.1900,-41.3700,-1.1322,0.7588,-1.4146,0
140679,2.7647,-9.8211,-2.6330,-13.7900,12.6000,-54.4600,-0.4715,0.4309,-1.8623,0
140718,2.2285,-9.2299,-1.9508,2.2400,-0.5600,-64.7500,0.0766,-0.0191,-2.2141,0
140757,2.8963,-7.8464,-1.6875,12.1800,-21.7000,-69.3000,0.4165,-0.7420,-2.3697,0
140796,5.3139,-7.9038,-1.1370,30.5200,-41.6500,-64.3300,1.0436,-1.4242,-2.1998,0
140835,8.1647,-9.0791,-1.0556,28.7000,-29.7500,-47.5300,0.9814,-1.0173,-1.6253,0
140874,6.6304,-7.4753,-0.8354,19.1800,-7.9100,-34.5800,0.6559,-0.2705,-1.1825,0
140913,5.6705,-8.2389,-0.9048,11.4100,-6.1600,-26.6000,0.3902,-0.2106,-0.9096,0
140952,5.7471,-9.4214,-0.9958,10.9200,-17.2200,-20.8600,0.3734,-0.5888,-0.7133,0
140991,5.8788,-9.9312,-1.3309,23.4500,-22.4700,-15.6800,0.8019,-0.7684,-0.5362,0
141030,5.0721,-8.2533,-1.7450,27.4400,-19.4600,-16.8000,0.9383,-0.6654,-0.5745,0
141069,5.0769,-6.7788,-1.9580,18.0600,-13.5100,-30.0300,0.6176,-0.4620,-1.0269,0
141108,5.8405,-6.9535,-1.6755,7.6300,-10.5000,-36.2600,0.2609,-0.3590,-1.2399,0
141147,7.8990,-7.1307,-2.6067,14.6300,-10.9900,-34.7200,0.5003,-0.3758,-1.1872,0
141186,8.0498,-6.7189,-1.5008,13.7900,3.2200,-24.0800,0.4715,0.1101,-0.8234,0
141225,7.2862,-6.5011,-0.9407,5.8100,23.8000,-19.9500,0.1987,0.8138,-0.6822,0
141264,6.7740,-6.0846,0.0239,-2.4500,13.5800,-28.6300,-0.0838,0.4644,-0.9790,0
141303,7.3604,-6.6711,0.8689,17.0100,-0.2100,-33.6000,0.5817,-0.0072,-1.1489,0
141342,7.0038,-5.7208,0.0814,28.7000,0.9100,-34.5100,0.9814,0.0311,-1.1801,0
141381,4.9692,-4.9357,-0.9503,34.6500,-10.2200,-19.3200,1.1849,-0.3495,-0.6606,0
141420,6.3886,-5.4647,-1.2303,35.9800,-15.1200,5.7400,1.2303,-0.5170,0.1963,0
141459,8.3777,-7.0325,-0.2202,38.3600,-29.1200,8.7500,1.3117,-0.9958,0.2992,0
141498,9.6200,-7.4131,-0.0144,31.1500,-44.7300,-15.4700,1.0652,-1.5295,-0.5290,0
141537,9.4285,-9.7134,-0.1987,43.7500,-46.9700,-21.0700,1.4960,-1.6061,-0.7205,0
141576,9.4453,-8.1791,-1.1944,60.1300,-30.1000,-34.4400,2.0561,-1.0293,-1.1777,0
141615,9.2275,-6.6232,-1.1681,53.6900,-41.5800,-33.6000,1.8359,-1.4218,-1.1489,0
141654,8.4591,-6.6902,-1.3979,43.7500,-39.6900,-34.9300,1.4960,-1.3572,-1.1944,0
141693,6.9128,-7.2767,-2.4343,71.0500,-28.0700,-25.9000,2.4295,-0.9598,-0.8856,0
141732,5.5509,-5.8692,-2.1303,91.2800,-19.8800,-15.8900,3.1213,-0.6798,-0.5434,0
141771,5.5963,-5.1391,-2.7335,111.4400,-23.5900,-12.5300,3.8107,-0.8067,-0.4285,0
141810,5.6322,-5.6227,-3.1764,107.1000,-14.2800,-5.6000,3.6623,-0.4883,-0.1915,0
141849,6.8243,-5.2660,-2.5564,119.3500,4.4800,19.8800,4.0812,0.1532,0.6798,0
141888,7.7985,-4.8495,-0.4165,130.9700,46.4100,59.5000,4.4785,1.5870,2.0346,0
141927,7.5232,-5.7160,2.9226,79.3800,39.6200,61.5300,2.7144,1.3548,2.1040,0
141966,8.3682,-5.1990,2.8508,65.2400,-87.5000,25.4100,2.2309,-2.9921,0.8689,0
142005,9.3639,-3.5857,-0.1125,55.5100,-98.8400,41.5100,1.8982,-3.3798,1.4194,0
142044,8.3251,-4.0309,1.9748,20.3000,-77.4900,64.4000,0.6942,-2.6498,2.2021,0
142083,6.8003,-6.0296,3.5067,-12.3900,-63.0700,95.1300,-0.4237,-2.1567,3.2530,0
142122,7.6214,-9.3950,5.1439,-12.3900,-82.2500,89.3200,-0.4237,-2.8125,3.0543,0
142161,7.2432,-9.0934,0.8497,36.7500,-121.2400,39.8300,1.2567,-4.1458,1.3620,0
142200,7.1857,-8.5884,-0.5984,52.3600,-102.9700,27.0900,1.7904,-3.5210,0.9263,0
142239,6.1205,-7.5352,0.3184,47.1800,-95.8300,41.3000,1.6133,-3.2769,1.4122,0
142278,6.1205,-7.4777,0.3231,36.7500,-113.5400,57.3300,1.2567,-3.8825,1.9604,0
142317,6.3072,-7.6094,-0.7277,37.8700,-129.8500,50.3300,1.2950,-4.4402,1.7210,0
142356,6.0392,-7.3006,-1.3596,23.4500,-127.7500,33.3900,0.8019,-4.3684,1.1418,0
142395,4.8136,-7.5854,-0.2011,36.6800,-111.4400,31.5000,1.2543,-3.8107,1.0771,0
142434,4.7083,-9.4166,-1.4386,54.1100,-119.4900,35.3500,1.8503,-4.0859,1.2088,0
142473,3.6383,-8.2485,-1.2399,62.2300,-111.5800,30.1700,2.1279,-3.8155,1.0317,0
142512,3.3439,-8.1073,-1.2255,62.5800,-106.8200,13.0900,2.1399,-3.6527,0.4476,0
142551,3.5569,-8.7033,-1.9388,46.5500,-94.4300,-11.6200,1.5918,-3.2290,-0.3973,0
142590,3.2027,-8.8277,-3.6312,42.2100,-88.6900,-34.5800,1.4434,-3.0327,-1.1825,0
142629,2.5014,-9.0264,-3.3535,32.3400,-73.9900,-61.2500,1.1059,-2.5301,-2.0944,0
142668,2.0681,-8.1312,-3.8226,42.2100,-64.8900,-84.7700,1.4434,-2.2189,-2.8987,0
142707,2.5133,-6.0535,-2.2069,40.5300,-57.2600,-104.7200,1.3859,-1.9580,-3.5809,0
142746,10.4315,-8.2748,-1.5726,80.7800,-75.4600,-98.1400,2.7623,-2.5803,-3.3559,0
142785,10.5057,-6.8841,-0.9670,92.6800,-38.2900,-53.3400,3.1692,-1.3093,-1.8240,0
142824,7.3461,-5.9314,-0.9575,7.8400,-10.9900,-56.2800,0.2681,-0.3758,-1.9245,0
142863,7.7745,-6.4724,-1.5990,7.8400,1.4700,-30.0300,0.2681,0.0503,-1.0269,0
142902,8.5668,-7.9517,0.7947,7.3500,-8.2600,-27.5100,0.2513,-0.2824,-0.9407,0
142941,8.0618,-7.7841,1.9006,19.5300,-6.3700,-38.1500,0.6678,-0.2178,-1.3045,0
142980,5.8548,-5.4862,-0.0431,43.6800,-13.7200,-45.2900,1.4936,-0.4692,-1.5487,0
143019,4.6700,-2.7790,-1.1083,41.9300,-23.1000,-30.2400,1.4338,-0.7899,-1.0341,0
143058,6.5299,-3.4492,-0.6965,12.7400,2.3800,18.6900,0.4356,0.0814,0.6391,0
143097,9.2610,-6.3767,-0.1125,-9.4500,7.0000,21.8400,-0.3231,0.2394,0.7468,0
143136,9.6536,-7.6237,-0.4117,-26.1100,-24.7100,-9.5200,-0.8928,-0.8450,-0.3255,0
143175,9.7301,-7.8655,-0.2059,-9.4500,-2.0300,-14.2800,-0.3231,-0.0694,-0.4883,0
143214,10.0078,-8.1671,-0.5003,-8.4700,-18.7600,-18.6900,-0.2896,-0.6415,-0.6391,0
143253,8.1623,-7.3437,-0.8186,-4.0600,-6.9300,-12.8100,-0.1388,-0.2370,-0.4380,0
143292,7.5687,-7.6788,0.6535,7.6300,-13.5100,12.7400,0.2609,-0.4620,0.4356,0
143331,6.6208,-6.3886,-1.0005,42.3500,-13.7900,8.9600,1.4482,-0.4715,0.3064,0
143370,6.4652,-5.8596,-1.1801,48.2300,7.9800,6.5100,1.6492,0.2729,0.2226,0
143409,6.0679,-5.5030,-1.9341,48.6500,32.7600,-7.3500,1.6636,1.1202,-0.2513,0
143448,6.8458,-6.4245,-2.3242,55.0900,57.5400,-21.7700,1.8838,1.9676,-0.7444,0
143487,6.5610,-6.7812,-1.3955,43.8200,85.8200,-25.4100,1.4984,2.9346,-0.8689,0
143526,4.2056,-6.5658,1.0341,32.5500,85.8900,-19.0400,1.1130,2.9370,-0.6511,0
143565,8.2078,-7.7386,0.9790,74.2700,-4.2700,-0.7700,2.5397,-0.1460,-0.0263,0
143604,9.5267,-7.7410,1.2351,74.3400,-6.0900,-10.7800,2.5420,-0.2082,-0.3686,0
143643,7.3126,-5.6490,2.0370,27.1600,22.1900,-11.2700,0.9287,0.7588,-0.3854,0
143682,8.9043,-5.0075,2.2524,29.0500,-29.8900,9.1700,0.9934,-1.0221,0.3136,0
143721,8.9067,-4.3062,2.9561,15.4700,-31.9900,28.4900,0.5290,-1.0939,0.9742,0
143760,6.6064,-3.1500,2.1926,-29.2600,-66.5000,42.4200,-1.0005,-2.2740,1.4505,0
143799,7.2216,-4.1530,2.1639,-27.4400,-94.9900,66.3600,-0.9383,-3.2482,2.2692,0
143838,6.1660,-6.1612,3.3128,-10.0800,-68.7400,85.3300,-0.3447,-2.3506,2.9178,0
143877,6.0607,-7.5974,3.4301,-14.7700,-62.9300,74.2000,-0.5051,-2.1519,2.5373,0
143916,7.5280,-8.1216,1.5846,12.6700,-77.7000,60.9700,0.4332,-2.6569,2.0849,0
143955,7.7769,-7.8966,-0.3567,13.0200,-130.7600,59.1500,0.4452,-4.4713,2.0226,0
143994,7.3078,-8.3107,-0.4332,-0.5600,-112.4200,79.3800,-0.0191,-3.8442,2.7144,0
144033,6.6926,-9.9719,-0.5218,17.9900,-117.5300,79.7300,0.6152,-4.0189,2.7264,0
144072,6.5969,-9.8211,-1.0173,27.6500,-100.8700,68.6000,0.9455,-3.4492,2.3458,0
144111,6.0990,-9.2323,-1.0795,40.4600,-78.6100,60.4800,1.3835,-2.6881,2.0681,0
144150,5.1559,-9.2921,-1.1083,45.9200,-55.3000,41.7200,1.5702,-1.8910,1.4266,0
144189,3.8945,-8.7511,-1.3859,34.6500,-31.0100,-1.4700,1.1849,-1.0604,-0.0503,0
144228,0.1077,-8.6075,-2.6928,26.2500,-22.0500,-38.0800,0.8976,-0.7540,-1.3021,0
144267,-1.5894,-6.9751,-3.9088,7.3500,-33.3900,-79.5200,0.2513,-1.1418,-2.7192,0
144306,-2.0394,-6.2689,-2.2524,-22.1900,-31.5000,-115.5700,-0.7588,-1.0771,-3.9519,0
144345,2.0322,-6.0080,-1.8718,-18.3400,-84.0700,-120.1900,-0.6271,-2.8748,-4.1099,0
144384,17.6196,-12.0927,-2.9059,36.6800,-7.2100,-98.3500,1.2543,-0.2465,-3.3631,0
144423,10.7666,-5.9314,-1.1418,66.1500,2.6600,-59.1500,2.2620,0.0910,-2.0226,0
144462,7.7745,-3.8753,0.2418,33.3900,-18.4100,-61.0400,1.1418,-0.6295,-2.0873,0
144501,7.6237,-5.8237,-0.5793,18.9000,-40.5300,-26.2500,0.6463,-1.3859,-0.8976,0
144540,7.9038,-7.4179,0.5577,8.4000,-10.9200,-1.5400,0.2872,-0.3734,-0.0527,0
144579,7.2049,-7.6166,1.2830,23.7300,5.6000,-11.7600,0.8114,0.1915,-0.4021,0
144618,6.7740,-6.6830,-0.4548,61.3900,-57.2600,-31.7800,2.0992,-1.9580,-1.0867,0
144657,6.5897,-3.9687,-2.1662,52.9200,-22.6800,-28.6300,1.8096,-0.7755,-0.9790,0
144696,8.5860,-3.8179,-2.4176,25.1300,14.9800,-13.8600,0.8593,0.5122,-0.4739,0
144735,8.3634,-4.2487,-1.3763,-20.5100,10.1500,-9.5900,-0.7013,0.3471,-0.3279,0
144774,8.9259,-6.5753,-0.0479,-38.8500,10.0800,-2.8000,-1.3285,0.3447,-0.0957,0
144813,10.0892,-7.5304,-0.5194,-10.8500,-27.1600,-8.1200,-0.3710,-0.9287,-0.2777,0
144852,8.5333,-7.4035,-1.4194,13.1600,-25.2700,-18.0600,0.4500,-0.8641,-0.6176,0
144891,8.3299,-7.9277,-1.3476,20.4400,-22.4700,-15.6800,0.6989,-0.7684,-0.5362,0
144930,7.6285,-8.3490,-1.6037,41.7200,-39.0600,-23.5900,1.4266,-1.3357,-0.8067,0
144969,7.7147,-6.9296,-0.8114,64.1200,-33.8800,-17.4300,2.1926,-1.1585,-0.5960,0
145008,8.8397,-6.3862,-1.9077,71.3300,-24.6400,-20.0200,2.4391,-0.8426,-0.6846,0
145047,7.0684,-5.7471,-1.7043,72.4500,-3.6400,-24.0800,2.4774,-0.1245,-0.8234,0
145086,6.5011,-6.3216,-1.7857,69.3000,2.7300,-1.2600,2.3697,0.0934,-0.0431,0
145125,6.3743,-6.3479,-2.3984,73.7800,22.7500,5.5300,2.5229,0.7779,0.1891,0
145164,6.3647,-6.4916,-1.7426,64.5400,34.3000,-3.6400,2.2069,1.1729,-0.1245,0
145203,5.9458,-7.2192,-1.4146,52.5700,51.0300,-3.0800,1.7976,1.7450,-0.1053,0
145242,8.0426,-7.4753,0.5553,66.3600,11.7600,6.1600,2.2692,0.4021,0.2106,0
145281,9.7876,-7.9229,0.2274,71.1200,-25.8300,3.1500,2.4319,-0.8833,0.1077,0
145320,9.3496,-8.0163,-0.5146,75.8800,-8.3300,20.9300,2.5947,-0.2848,0.7157,0
145359,7.9756,-5.9171,0.8497,85.3300,-4.7600,52.2200,2.9178,-0.1628,1.7857,0
145398,6.7237,-3.5569,1.3261,75.2500,-39.2000,82.1800,2.5732,-1.3404,2.8101,0
145437,7.0397,-1.5176,1.5990,29.8900,-77.7000,87.8500,1.0221,-2.6569,3.0040,0
145476,8.0426,-2.7192,1.5966,-10.4300,-131.2500,94.5000,-0.3567,-4.4881,3.2314,0
145515,8.1480,-6.5179,2.9155,8.8900,-78.0500,118.3700,0.3040,-2.6689,4.0476,0
145554,4.1673,-9.2371,3.5306,-8.4700,-91.9100,63.9100,-0.2896,-3.1428,2.1854,0
145593,5.8548,-9.3304,-0.0838,15.9600,-137.3400,47.1100,0.5457,-4.6963,1.6109,0
145632,6.0152,-10.0054,-1.6157,60.2000,-109.2000,72.6600,2.0585,-3.7341,2.4846,0
145671,6.4820,-9.0216,0.2394,35.2800,-120.3300,66.5000,1.2064,-4.1147,2.2740,0
145710,6.2761,-9.2921,0.0670,56.3500,-118.4400,57.9600,1.9269,-4.0500,1.9819,0
145749,5.5772,-8.6339,-0.9910,63.2100,-109.2700,46.7600,2.1615,-3.7365,1.5990,0
145788,4.4282,-8.6554,-0.8785,24.0100,-85.1900,43.0500,0.8210,-2.9131,1.4721,0
145827,3.6359,-9.2801,-0.6439,11.6200,-76.5800,27.6500,0.3973,-2.6186,0.9455,0
145866,2.7359,-10.0557,-1.5678,30.1000,-83.4400,0.6300,1.0293,-2.8532,0.0215,0
145905,0.9431,-9.4788,-3.7484,27.5800,-82.3200,-37.9400,0.9431,-2.8149,-1.2974,0
145944,-0.4452,-7.7291,-4.5958,10.6400,-63.3500,-86.1700,0.3638,-2.1662,-2.9466,0
145983,0.0431,-5.9578,-4.2415,7.9100,-52.4300,-116.4800,0.2705,-1.7928,-3.9830,0
146022,1.8000,-3.6144,-1.8623,38.6400,-80.0800,-146.1600,1.3213,-2.7383,-4.9979,0
146061,18.3592,-9.7876,-1.9580,81.1300,-96.2500,-112.9800,2.7742,-3.2913,-3.8633,0
146100,12.8515,-6.6615,0.0766,71.4000,-8.1900,-45.5700,2.4415,-0.2801,-1.5583,0
146139,9.0073,-5.6753,0.2250,19.6700,-19.8100,-57.7500,0.6726,-0.6774,-1.9748,0
146178,7.4179,-7.2049,1.7186,-3.8500,-26.0400,-35.9100,-0.1317,-0.8904,-1.2279,0
146217,6.9272,-8.6363,1.6971,1.4700,-37.5200,-28.0700,0.0503,-1.2830,-0.9598,0
146256,5.5676,-6.9822,-0.3830,42.7000,-25.0600,-32.2000,1.4601,-0.8569,-1.1011,0
146295,5.8333,-4.9500,-1.0628,61.6700,-56.4900,-17.6400,2.1088,-1.9317,-0.6032,0
146334,8.6482,-5.1607,-1.4577,70.9800,-8.7500,1.6800,2.4272,-0.2992,0.0574,0
146373,9.2514,-3.6383,-0.9790,46.4100,0.9100,-20.5100,1.5870,0.0311,-0.7013,0
146412,9.6009,-6.1134,0.0000,5.3200,-26.1100,-16.5900,0.1819,-0.8928,-0.5673,0
146451,10.2041,-7.4610,0.1412,10.4300,-53.4800,-14.4200,0.3567,-1.8287,-0.4931,0
146490,8.3227,-6.7908,-1.4314,12.8100,-15.6800,-17.5700,0.4380,-0.5362,-0.6008,0
146529,7.5136,-8.2269,-0.5027,4.7600,-23.5200,5.6000,0.1628,-0.8043,0.1915,0
146568,7.1402,-8.3490,-1.0101,35.2100,-14.2100,-4.0600,1.2040,-0.4859,-0.1388,0
146607,6.8243,-7.1402,-2.1112,58.5900,3.0800,-15.9600,2.0035,0.1053,-0.5457,0
146646,6.8745,-7.4323,-2.5780,69.9300,14.2800,-14.2800,2.3912,0.4883,-0.4883,0
146685,5.8979,-7.5615,-3.1285,76.9300,30.8000,-17.1500,2.6306,1.0532,-0.5864,0
146724,5.7376,-6.5442,-1.5726,89.1100,46.4800,-11.2000,3.0471,1.5894,-0.3830,0
146763,6.5179,-4.7873,0.1029,93.1000,54.1800,17.5700,3.1835,1.8527,0.6008,0
146802,8.2844,-3.6958,0.5649,105.2800,10.4300,56.3500,3.6000,0.3567,1.9269,0
146841,8.7129,-4.5766,1.6803,11.9000,-48.1600,30.6600,0.4069,-1.6468,1.0484,0
146880,8.7033,-3.9399,1.0580,-17.5700,-76.5800,14.8400,-0.6008,-2.6186,0.5075,0
146919,6.5681,-4.0835,2.4391,1.4700,-100.4500,31.0800,0.0503,-3.4349,1.0628,0
146958,7.9660,-6.5394,3.0160,-11.9700,-106.5400,86.8000,-0.4093,-3.6431,2.9681,0
146997,6.4245,-6.8961,1.8048,-10.1500,-101.6400,76.1600,-0.3471,-3.4756,2.6043,0
147036,7.7386,-7.4155,0.3351,10.6400,-149.1700,53.4800,0.3638,-5.1008,1.8287,0
147075,9.4285,-8.2245,-0.7133,-3.9200,-125.9300,73.5700,-0.1340,-4.3062,2.5157,0
147114,6.6663,-9.2371,-2.1112,18.6900,-100.2400,91.6300,0.6391,-3.4277,3.1333,0
147153,6.9080,-11.0993,-1.8120,42.4900,-62.8600,87.3600,1.4529,-2.1495,2.9873,0
147192,6.2953,-9.5602,-1.4577,62.4400,-50.1200,51.1700,2.1351,-1.7138,1.7498,0
147231,3.3918,-6.9392,-1.9412,44.3800,-9.1000,-0.1400,1.5176,-0.3112,-0.0048,0
147270,1.2591,-5.6227,-2.2285,-6.3700,3.2900,-91.7000,-0.2178,0.1125,-3.1357,0
147309,1.1154,-5.1750,-1.5750,-51.6600,8.3300,-140.0000,-1.7665,0.2848,-4.7873,0
147348,7.1474,-6.5370,-0.8138,5.1100,0.7000,-139.7200,0.1747,0.0239,-4.7777,0
147387,11.3123,-7.4035,-0.9431,26.2500,10.2200,-60.2000,0.8976,0.3495,-2.0585,0
147426,9.2993,-6.3025,0.7995,19.7400,48.3000,-54.0400,0.6750,1.6516,-1.8479,0
147465,7.8440,-6.7429,0.5793,-3.5700,34.0200,-40.8800,-0.1221,1.1633,-1.3979,0
147504,8.3179,-6.0822,1.1657,-35.9100,21.7700,-14.8400,-1.2279,0.7444,-0.5075,0
147543,7.0421,-6.2761,0.5745,-9.4500,24.2200,-14.2100,-0.3231,0.8282,-0.4859,0
147582,6.9942,-6.5083,-0.5290,-14.5600,13.5800,-13.3000,-0.4979,0.4644,-0.4548,0
147621,6.4269,-6.0296,-0.5266,-9.1700,-5.9500,-4.2000,-0.3136,-0.2035,-0.1436,0
147660,7.3437,-6.4604,-0.5912,8.1900,-0.6300,0.9800,0.2801,-0.0215,0.0335,0
147699,8.4926,-5.4407,-0.8665,17.3600,-5.5300,-15.4000,0.5936,-0.1891,-0.5266,0
147738,10.1706,-5.7591,-0.1843,0.7700,10.8500,-14.5600,0.0263,0.3710,-0.4979,0
147777,9.9934,-5.7567,-0.2322,-13.9300,22.4700,-5.3900,-0.4763,0.7684,-0.1843,0
147816,7.9924,-6.5083,-0.8713,-34.5800,-1.8900,-5.2500,-1.1825,-0.0646,-0.1795,0
147855,7.3245,-6.7955,-0.9048,-14.4900,20.5100,12.0400,-0.4955,0.7013,0.4117,0
147894,7.6812,-6.6112,-0.5888,-9.2400,-0.7000,14.9800,-0.3160,-0.0239,0.5122,0
147933,8.0211,-6.1373,-0.6080,-2.1000,7.8400,8.8900,-0.0718,0.2681,0.3040,0
147972,7.7698,-6.3934,-0.7277,-0.0700,11.6200,4.1300,-0.0024,0.3973,0.1412,0
148011,7.6860,-6.3431,-1.2902,0.2100,24.1500,1.3300,0.0072,0.8258,0.0455,0
148050,6.1900,-6.7213,-1.3045,4.2000,32.9000,-4.4800,0.1436,1.1250,-0.1532,0
148089,5.9937,-8.4926,-1.4505,12.4600,32.1300,11.8300,0.4261,1.0987,0.4045,0
148128,6.0535,-7.9900,-0.4692,36.1200,31.8500,20.3000,1.2351,1.0891,0.6942,0
148167,7.2934,-7.8870,-0.4715,60.7600,-3.4300,39.6200,2.0777,-0.1173,1.3548,0
148206,5.1894,-5.0338,-0.1364,44.4500,-23.7300,66.7800,1.5200,-0.8114,2.2835,0
148245,5.7615,-4.5982,-0.5577,50.8900,-48.1600,115.8500,1.7402,-1.6468,3.9615,0
148284,6.1110,-3.3583,1.5654,-31.6400,-67.4800,158.1300,-1.0819,-2.3075,5.4072,0
148323,9.6129,-7.0947,6.2283,-54.6000,-81.9700,194.9500,-1.8670,-2.8030,6.6663,0
148362,8.7033,-12.8610,-0.2729,57.9600,-148.4000,129.5700,1.9819,-5.0745,4.4306,0
148401,6.1517,-9.5985,2.0226,12.3900,-80.2200,81.6900,0.4237,-2.7431,2.7934,0
148440,6.8410,-8.9762,0.4500,61.7400,-124.0400,107.5200,2.1112,-4.2415,3.6766,0
148479,5.8046,-5.2612,-2.3027,88.8300,-102.8300,61.1800,3.0375,-3.5163,2.0920,0
148518,4.9070,-0.1652,-5.1750,139.9300,-56.0700,24.4300,4.7849,-1.9173,0.8354,0
148557,1.4075,2.4176,-4.0093,117.8800,-28.0000,29.8900,4.0309,-0.9575,1.0221,0
148596,2.7072,0.3662,2.7910,-13.9300,-79.1000,109.9000,-0.4763,-2.7048,3.7580,0
148635,10.5512,-11.1879,2.5971,-49.6300,-55.4400,120.0500,-1.6971,-1.8958,4.1051,1
148674,2.2859,-8.7894,-0.0335,36.3300,3.4300,-10.4300,1.2423,0.1173,-0.3567,0
148713,0.3375,-6.4461,-4.1147,124.6700,-27.8600,28.4900,4.2631,-0.9527,0.9742,0
148752,1.3045,-4.2679,-1.0676,123.2000,-63.4900,114.4500,4.2128,-2.1710,3.9136,0
148791,1.5343,-4.1003,0.4715,52.6400,-53.5500,151.7600,1.8000,-1.8311,5.1894,0
148830,6.4197,-7.8344,2.5349,115.6400,-33.1800,149.4500,3.9543,-1.1346,5.1104,0
148869,2.2285,-14.3020,1.9317,208.6000,46.4800,147.3500,7.1330,1.5894,5.0386,0
148908,-8.9881,-15.8291,14.7448,172.7600,224.1400,213.0800,5.9075,7.6644,7.2862,0
148947,-20.1401,-11.3722,18.6489,253.1900,226.0300,269.5000,8.6578,7.7291,9.2155,0
148986,-32.4913,-8.5501,17.5334,150.7800,164.7100,208.6700,5.1559,5.6322,7.1354,0
149025,-24.1016,0.7181,10.9030,69.8600,-25.2700,100.4500,2.3889,-0.8641,3.4349,0
149064,-12.1405,4.3325,4.8447,-71.6800,-48.4400,28.0700,-2.4511,-1.6564,0.9598,0
149103,-7.5304,2.7216,4.4450,-24.0100,1.4000,31.5000,-0.8210,0.0479,1.0771,0
149142,-2.5373,1.6085,1.4841,-48.8600,-47.1100,20.5800,-1.6708,-1.6109,0.7037,0
149181,1.8024,-0.0742,0.3471,-56.7700,-47.1100,-2.3800,-1.9412,-1.6109,-0.0814,0
149220,3.8585,-2.0394,-0.4476,-45.7800,-9.6600,-7.8400,-1.5654,-0.3303,-0.2681,0
149259,3.6551,-1.1729,0.2274,-32.2000,20.8600,20.7200,-1.1011,0.7133,0.7085,0
149298,2.2428,-0.0191,2.2285,-2.8000,76.0200,31.3600,-0.0957,2.5995,1.0724,0
149337,-2.2309,1.5870,1.7043,11.9700,26.5300,23.3800,0.4093,0.9072,0.7995,0
149376,-6.2713,2.1256,2.9849,15.1900,41.1600,20.7200,0.5194,1.4075,0.7085,0
149415,-12.7102,2.5780,6.0559,8.1900,12.3900,4.1300,0.2801,0.4237,0.1412,0
149454,-20.5159,3.0160,7.8727,-19.1100,-36.2600,-15.8200,-0.6535,-1.2399,-0.5410,0
149493,-18.4286,-2.0777,8.5261,-81.6900,-63.8400,7.5600,-2.7934,-2.1830,0.2585,0
149532,-15.1972,-2.9274,9.0216,-78.2600,-69.0900,-31.3600,-2.6761,-2.3625,-1.0724,0
149571,-10.8360,-3.3702,6.7070,-79.7300,-91.0700,-65.6600,-2.7264,-3.1141,-2.2452,0
149610,-6.1373,-5.7280,4.2798,-59.1500,-67.4100,-80.3600,-2.0226,-2.3051,-2.7479,0
149649,-3.2410,-5.4551,3.2769,-29.8900,-24.0100,-67.5500,-1.0221,-0.8210,-2.3099,0
149688,-2.3003,-5.0003,4.2248,-2.4500,-6.3000,-51.8000,-0.0838,-0.2154,-1.7713,0
149727,-1.3739,-4.9070,4.6508,22.4000,-27.8600,-35.2800,0.7660,-0.9527,-1.2064,0
149766,-1.9293,-5.4120,4.9333,29.8900,-20.5100,-13.2300,1.0221,-0.7013,-0.4524,0
149805,-3.1117,-5.9889,6.5610,26.2500,-23.2400,-6.9300,0.8976,-0.7947,-0.2370,0
149844,-3.5187,-5.4503,7.2767,28.1400,-36.0500,-17.0100,0.9622,-1.2327,-0.5817,0
149883,-3.1740,-5.7711,7.0229,9.8000,-30.3800,-14.1400,0.3351,-1.0388,-0.4835,0
149922,-2.7335,-7.0325,7.4849,9.1000,-22.7500,-9.8700,0.3112,-0.7779,-0.3375,0
149961,-3.7748,-5.2086,8.0905,13.7200,-8.8900,4.9700,0.4692,-0.3040,0.1699,0
150000,-4.9907,-4.5886,7.7267,12.6000,17.0800,13.5100,0.4309,0.5840,0.4620,0
150039,-6.0320,-4.1913,7.6142,4.5500,19.0400,9.5900,0.1556,0.6511,0.3279,0
150078,-6.1684,-4.2583,7.2120,4.6200,14.9100,3.5000,0.1580,0.5098,0.1197,0
150117,-5.8285,-4.3756,6.5801,7.2100,9.8000,-0.4900,0.2465,0.3351,-0.0168,0
150156,-5.4503,-4.1482,6.3982,10.3600,5.6000,-2.0300,0.3543,0.1915,-0.0694,0
150195,-5.2708,-3.7460,6.6854,11.0600,2.4500,-3.2200,0.3782,0.0838,-0.1101,0
150234,-5.2445,-3.3870,6.8602,8.6100,-1.4700,-3.0100,0.2944,-0.0503,-0.1029,0
150273,-5.0530,-3.5546,6.8817,0.2100,-3.5000,-1.8200,0.0072,-0.1197,-0.0622,0
150312,-5.0123,-4.2032,7.2192,-3.9200,-6.0900,0.7700,-0.1340,-0.2082,0.0263,0
150351,-5.1559,-4.5551,7.5184,-7.3500,-1.8200,3.8500,-0.2513,-0.0622,0.1317,0
150390,-5.1248,-4.9165,7.1833,-9.6600,-0.5600,3.5000,-0.3303,-0.0191,0.1197,0
150429,-4.7322,-4.8280,6.7932,-5.3900,-0.8400,2.2400,-0.1843,-0.0287,0.0766,0
150468,-4.7705,-4.6652,6.9104,-4.8300,3.7800,1.2600,-0.1652,0.1293,0.0431,0
150507,-4.8447,-4.6461,6.7955,-4.4100,5.1100,1.3300,-0.1508,0.1747,0.0455,0
150546,-4.8208,-4.7897,6.7620,-4.2000,7.2100,0.6300,-0.1436,0.2465,0.0215,0
150585,-5.1607,-4.8495,6.8099,-1.7500,6.8600,-0.1400,-0.0598,0.2346,-0.0048,0
150624,-5.4455,-4.9117,6.7237,-2.3100,6.9300,0.0700,-0.0790,0.2370,0.0024,0
150663,-5.6418,-4.9046,6.8003,0.4200,3.1500,1.1900,0.0144,0.1077,0.0407,0
150702,-5.5269,-4.7179,6.7740,-0.6300,2.4500,0.5600,-0.0215,0.0838,0.0191,0
150741,-5.4024,-4.6915,6.7166,0.2800,1.7500,0.3500,0.0096,0.0598,0.0120,0
150780,-5.3833,-4.6197,6.7429,1.6100,0.7700,0.7700,0.0551,0.0263,0.0263,0
150819,-5.2732,-4.5695,6.6280,2.2400,-1.4700,0.9800,0.0766,-0.0503,0.0335,0
150858,-5.3498,-4.5144,6.8961,1.8200,-0.7700,0.4900,0.0622,-0.0263,0.0168,0
150897,-5.2588,-4.6628,6.7836,-1.0500,0.9800,0.1400,-0.0359,0.0335,0.0048,0
150936,-5.2756,-4.6915,6.6017,1.6800,0.0700,0.4200,0.0574,0.0024,0.0144,0
150975,-5.4360,-4.6556,6.7836,-0.9100,1.4000,0.1400,-0.0311,0.0479,0.0048,0
151014,-5.3450,-4.6413,6.7525,-0.4200,-0.8400,0.0700,-0.0144,-0.0287,0.0024,0
151053,-5.1966,-4.6676,6.7596,-0.3500,-1.2600,0.0700,-0.0120,-0.0431,0.0024,0
151092,-5.2229,-4.7370,6.6711,0.2100,1.0500,0.4900,0.0072,0.0359,0.0168,0
151131,-5.3282,-4.6724,6.7046,0.9800,0.5600,0.4900,0.0335,0.0191,0.0168,0
151170,-5.3067,-4.6652,6.7405,1.6800,0.7000,0.4200,0.0574,0.0239,0.0144,0
151209,-5.3857,-4.6125,6.6950,0.3500,0.0000,-0.2800,0.0120,0.0000,-0.0096,0
151248,-5.4766,-4.8184,6.7740,-0.7000,-0.0700,-0.5600,-0.0239,-0.0024,-0.0191,0
151287,-5.2325,-4.6437,6.7189,1.6100,-3.0100,0.1400,0.0551,-0.1029,0.0048,0
151326,-5.2277,-4.6772,6.6998,1.8900,-3.0100,0.5600,0.0646,-0.1029,0.0191,0
151365,-5.2564,-4.7059,6.6591,0.4200,-1.9600,0.2800,0.0144,-0.0670,0.0096,0
151404,-5.2995,-4.6628,6.7381,1.5400,-2.5200,0.7700,0.0527,-0.0862,0.0263,0
151443,-5.2564,-4.5958,6.8362,1.0500,-2.0300,0.5600,0.0359,-0.0694,0.0191,0
151482,-5.1463,-4.6269,6.8650,0.1400,-1.4000,0.4900,0.0048,-0.0479,0.0168,0
151521,-5.1942,-4.5551,6.8099,1.1200,-1.2600,0.4200,0.0383,-0.0431,0.0144,0
151560,-5.2828,-4.6484,6.8817,-0.5600,-0.4200,0.1400,-0.0191,-0.0144,0.0048,0
151599,-5.1727,-4.6030,6.8099,-0.3500,-0.9800,0.3500,-0.0120,-0.0335,0.0120,0
151638,-5.1439,-4.7035,6.7381,-1.2600,0.3500,0.5600,-0.0431,0.0120,0.0191,0
151677,-5.2540,-4.7131,6.8003,-0.8400,1.8200,0.5600,-0.0287,0.0622,0.0191,0
151716,-5.2852,-4.6102,6.8626,-0.4900,1.1900,0.8400,-0.0168,0.0407,0.0287,0
151755,-5.2947,-4.6891,6.7477,-0.4900,0.8400,0.8400,-0.0168,0.0287,0.0287,0
151794,-5.3905,-4.6963,6.7309,-0.3500,1.1200,0.2100,-0.0120,0.0383,0.0072,0
151833,-5.4024,-4.6317,6.7788,0.0000,-0.2800,0.2100,0.0000,-0.0096,0.0072,0
151872,-5.2971,-4.6724,6.7501,-0.7000,-0.1400,0.4900,-0.0239,-0.0048,0.0168,0
151911,-5.1511,-4.6796,6.6735,-0.2800,-0.8400,0.5600,-0.0096,-0.0287,0.0191,0
151950,-5.2253,-4.7370,6.6902,0.4900,-0.4900,0.9100,0.0168,-0.0168,0.0311,0
151989,-5.3402,-4.6389,6.7979,1.1900,-0.6300,0.9800,0.0407,-0.0215,0.0335,0
152028,-5.3713,-4.6508,6.8195,0.1400,-1.6100,0.6300,0.0048,-0.0551,0.0215,0
152067,-5.3258,-4.7801,6.7932,-0.6300,-1.1200,0.4200,-0.0215,-0.0383,0.0144,0
152106,-5.3211,-4.6987,6.7477,0.4200,-1.0500,0.4900,0.0144,-0.0359,0.0168,0
152145,-5.3594,-4.6197,6.8099,17.7800,0.7000,0.4900,0.6080,0.0239,0.0168,0
152184,-5.2780,-4.6532,6.6735,0.4900,0.8400,0.1400,0.0168,0.0287,0.0048,0
152223,-5.3522,-4.6891,6.7477,0.8400,0.1400,-0.1400,0.0287,0.0048,-0.0048,0
152262,-5.3043,-4.6532,6.7812,0.8400,-0.7000,0.1400,0.0287,-0.0239,0.0048,0
152301,-5.2373,-4.6437,6.7716,0.1400,-1.2600,0.4900,0.0048,-0.0431,0.0168,0
152340,-5.2469,-4.6820,6.7405,0.2800,0.1400,0.5600,0.0096,0.0048,0.0191,0
152379,-5.2995,-4.5910,6.7764,0.6300,-0.7700,0.3500,0.0215,-0.0263,0.0120,0
152418,-5.2516,-4.6125,6.7596,-0.1400,1.1200,0.2800,-0.0048,0.0383,0.0096,0
152457,-5.2277,-4.6676,6.7285,0.0700,0.5600,0.2800,0.0024,0.0191,0.0096,0
152496,-5.2133,-4.6963,6.7932,0.4900,1.2600,0.4200,0.0168,0.0431,0.0144,0
152535,-5.3546,-4.6628,6.7572,0.3500,1.1900,0.2800,0.0120,0.0407,0.0096,0
152574,-5.4216,-4.6724,6.7070,0.7700,0.7700,0.2100,0.0263,0.0263,0.0072,0
152613,-5.3474,-4.6197,6.6902,1.1200,-0.3500,0.1400,0.0383,-0.0120,0.0048,0
152652,-5.4048,-4.6173,6.7357,0.3500,-0.4200,-0.0700,0.0120,-0.0144,-0.0024,0
152691,-5.3570,-4.6317,6.7070,0.7700,-0.9100,0.2800,0.0263,-0.0311,0.0096,0
152730,-5.3546,-4.6700,6.6663,0.5600,-0.9100,0.3500,0.0191,-0.0311,0.0120,0
152769,-5.3378,-4.6844,6.7381,0.4900,0.2800,0.3500,0.0168,0.0096,0.0120,0
152808,-5.2876,-4.6221,6.7357,1.0500,-1.5400,-0.1400,0.0359,-0.0527,-0.0048,0
152847,-5.2732,-4.6437,6.8027,0.4900,-1.1200,-0.0700,0.0168,-0.0383,-0.0024,0
152886,-5.2493,-4.7394,6.7309,-0.4200,0.8400,0.1400,-0.0144,0.0287,0.0048,0
152925,-5.2780,-4.8280,6.6902,1.0500,0.7700,-0.1400,0.0359,0.0263,-0.0048,0
152964,-5.2828,-4.5623,6.6902,3.1500,-1.0500,0.0000,0.1077,-0.0359,0.0000,0
153003,-5.3211,-4.6149,6.8267,0.7000,0.4900,0.0700,0.0239,0.0168,0.0024,0
153042,-5.3809,-4.7203,6.7022,0.7700,0.0700,-0.2800,0.0263,0.0024,-0.0096,0
153081,-5.3929,-4.6532,6.7142,1.2600,-0.8400,0.0000,0.0431,-0.0287,0.0000,0
153120,-5.2923,-4.5383,6.6998,1.1200,-0.2800,0.2100,0.0383,-0.0096,0.0072,0
153159,-5.2780,-4.4833,6.7237,-2.4500,-0.0700,-0.7700,-0.0838,-0.0024,-0.0263,0
153198,-5.2995,-4.6508,6.7836,-2.3800,-0.9100,-0.4900,-0.0814,-0.0311,-0.0168,0
153237,-5.1655,-4.7753,6.6878,-1.8200,0.0700,0.2800,-0.0622,0.0024,0.0096,0
153276,-5.2110,-4.7586,6.7716,-0.3500,1.7500,0.6300,-0.0120,0.0598,0.0215,0
153315,-5.3306,-4.6221,6.7022,0.2800,1.3300,0.4200,0.0096,0.0455,0.0144,0
153354,-5.3977,-4.7394,6.5753,-2.9400,2.3800,-0.0700,-0.1005,0.0814,-0.0024,0
153393,-5.3833,-4.7083,6.7237,-0.2100,1.1900,0.2100,-0.0072,0.0407,0.0072,0
153432,-5.3450,-4.6532,6.7285,0.3500,1.0500,0.2100,0.0120,0.0359,0.0072,0
153471,-5.4001,-4.7418,6.5969,0.1400,-0.4200,0.2800,0.0048,-0.0144,0.0096,0
153510,-5.3570,-4.6389,6.7022,0.8400,-0.8400,0.7700,0.0287,-0.0287,0.0263,0
153549,-5.4383,-4.6508,6.6830,0.4200,-1.7500,0.7000,0.0144,-0.0598,0.0239,0
153588,-5.3953,-4.7203,6.6424,0.1400,-2.1700,0.5600,0.0048,-0.0742,0.0191,0
153627,-5.3426,-4.7538,6.6400,0.6300,-1.6800,0.4200,0.0215,-0.0574,0.0144,0
153666,-5.3641,-4.7514,6.6830,0.9100,-1.6100,0.4200,0.0311,-0.0551,0.0144,0
153705,-5.3282,-4.6556,6.7237,0.7700,-0.7700,0.6300,0.0263,-0.0263,0.0215,0
153744,-5.2181,-4.6580,6.6591,0.0700,-0.0700,0.4900,0.0024,-0.0024,0.0168,0
153783,-5.3091,-4.7777,6.6567,-0.3500,1.4700,0.8400,-0.0120,0.0503,0.0287,0
153822,-5.5341,-4.6532,6.6926,0.9100,0.7700,0.5600,0.0311,0.0263,0.0191,0
153861,-5.3929,-4.5575,6.6663,0.7700,0.0700,0.1400,0.0263,0.0024,0.0048,0
153900,-5.3187,-4.6173,6.7501,0.3500,-0.2100,0.2800,0.0120,-0.0072,0.0096,0
153939,-5.4240,-4.8112,6.6974,-1.7500,1.8200,0.4200,-0.0598,0.0622,0.0144,0
153978,-5.3330,-4.7466,6.6400,0.4200,-0.0700,0.6300,0.0144,-0.0024,0.0215,0
154017,-5.3929,-4.7346,6.6256,0.1400,1.1900,0.6300,0.0048,0.0407,0.0215,0
154056,-5.3546,-4.6891,6.5801,0.9100,-0.2100,0.2800,0.0311,-0.0072,0.0096,0
154095,-5.3809,-4.7610,6.6376,0.2100,0.0700,0.0000,0.0072,0.0024,0.0000,0
154134,-5.4695,-4.6939,6.6471,1.2600,-0.9800,0.2100,0.0431,-0.0335,0.0072,0
154173,-5.4527,-4.6915,6.6926,0.7000,-1.4700,0.4900,0.0239,-0.0503,0.0168,0
154212,-5.3809,-4.6532,6.6400,0.8400,-1.8200,0.4200,0.0287,-0.0622,0.0144,0
154251,-5.3570,-4.6748,6.6783,0.4900,-0.9100,0.4200,0.0168,-0.0311,0.0144,0
154290,-5.3019,-4.6293,6.6735,0.8400,-0.8400,0.4200,0.0287,-0.0287,0.0144,0
154329,-5.3139,-4.6915,6.7357,0.0700,0.2100,0.3500,0.0024,0.0072,0.0120,0
154368,-5.2684,-4.6939,6.6854,0.7000,1.2600,0.2800,0.0239,0.0431,0.0096,0
154407,-5.4766,-4.6628,6.6639,0.6300,0.8400,0.2800,0.0215,0.0287,0.0096,0
154446,-5.5197,-4.6461,6.6400,0.3500,0.7700,0.2800,0.0120,0.0263,0.0096,0
154485,-5.4120,-4.6628,6.6112,-0.1400,1.1200,0.1400,-0.0048,0.0383,0.0048,0
154524,-5.3713,-4.6939,6.6639,0.2800,-1.3300,0.1400,0.0096,-0.0455,0.0048,0
154563,-5.4072,-4.7610,6.6184,-0.3500,0.6300,0.4900,-0.0120,0.0215,0.0168,0
154602,-5.4168,-4.7370,6.6376,0.8400,-1.4000,0.0700,0.0287,-0.0479,0.0024,0
154641,-5.3785,-4.7131,6.6328,0.7000,-0.2100,0.0700,0.0239,-0.0072,0.0024,0
154680,-5.4072,-4.7203,6.6447,0.8400,0.0700,0.2100,0.0287,0.0024,0.0072,0
154719,-5.3546,-4.5886,6.6998,1.4700,-2.0300,0.2800,0.0503,-0.0694,0.0096,0
154758,-5.3402,-4.6461,6.7142,0.7000,-2.5900,0.0700,0.0239,-0.0886,0.0024,0
154797,-5.3498,-4.7610,6.6495,0.9800,-17.9200,0.2100,0.0335,-0.6128,0.0072,0
154836,-5.4647,-4.6628,6.7261,1.5400,0.2100,0.1400,0.0527,0.0072,0.0048,0
154875,-5.4360,-4.6245,6.6424,1.7500,-2.1700,0.0000,0.0598,-0.0742,0.0000,0
154914,-5.3570,-4.6628,6.6400,0.7700,-0.2100,0.2100,0.0263,-0.0072,0.0072,0
154953,-5.3522,-4.6125,6.6735,0.9100,-0.7700,0.3500,0.0311,-0.0263,0.0120,0
154992,-5.4072,-4.6939,6.6806,0.2100,-0.4900,0.3500,0.0072,-0.0168,0.0120,0
155031,-5.3785,-4.7274,6.6998,0.2100,-0.1400,0.2100,0.0072,-0.0048,0.0072,0
155070,-5.3115,-4.7298,6.6687,0.5600,0.2800,0.2100,0.0191,0.0096,0.0072,0
155109,-5.3689,-4.6484,6.7118,0.3500,1.4700,0.2100,0.0120,0.0503,0.0072,0
155148,-5.3498,-4.6508,6.6759,-0.0700,0.4200,0.2100,-0.0024,0.0144,0.0072,0
155187,-5.3378,-4.6652,6.6041,-0.4900,0.8400,0.2100,-0.0168,0.0287,0.0072,0
155226,-5.3235,-4.7370,6.6783,-0.7700,0.6300,0.5600,-0.0263,0.0215,0.0191,0
155265,-5.4001,-4.6748,6.6806,-0.4200,0.9100,0.2800,-0.0144,0.0311,0.0096,0
155304,-5.4503,-4.5910,6.6663,0.1400,-0.3500,0.5600,0.0048,-0.0120,0.0191,0
155343,-5.4647,-4.6604,6.6687,-1.2600,1.4700,0.4900,-0.0431,0.0503,0.0168,0
155382,-5.4048,-4.6532,6.6352,-0.9100,0.2100,0.4200,-0.0311,0.0072,0.0144,0
155421,-5.3498,-4.7514,6.5801,-1.2600,0.0700,0.1400,-0.0431,0.0024,0.0048,0
155460,-5.4024,-4.7801,6.5514,-0.4900,0.4900,0.3500,-0.0168,0.0168,0.0120,0
155499,-5.4599,-4.6939,6.6017,0.2100,-0.4900,0.5600,0.0072,-0.0168,0.0191,0
155538,-5.4862,-4.7155,6.6424,-0.4900,-0.9100,0.4900,-0.0168,-0.0311,0.0168,0
155577,-5.4671,-4.7490,6.5729,-0.7000,0.4900,0.4900,-0.0239,0.0168,0.0168,0
155616,-5.5006,-4.6844,6.6471,0.2100,-0.9100,0.3500,0.0072,-0.0311,0.0120,0
155655,-5.4814,-4.6987,6.6376,-0.6300,-0.2100,0.2800,-0.0215,-0.0072,0.0096,0
155694,-5.3641,-4.6628,6.6232,-1.1900,0.1400,0.2100,-0.0407,0.0048,0.0072,0
155733,-5.4120,-4.7610,6.5993,-9.3800,4.8300,-1.0500,-0.3207,0.1652,-0.0359,0
155772,-5.4360,-4.7418,6.5227,-3.5700,1.2600,-0.1400,-0.1221,0.0431,-0.0048,0
155811,-5.3641,-4.6676,6.4197,-11.4100,4.8300,-1.4700,-0.3902,0.1652,-0.0503,0
155850,-5.3330,-4.6844,6.3192,-12.9500,6.1600,-1.8200,-0.4428,0.2106,-0.0622,0
155889,-5.5891,-4.8830,6.3623,-1.4000,1.8200,-0.3500,-0.0479,0.0622,-0.0120,0
155928,-5.7064,-4.9357,6.3192,-1.6800,1.7500,-1.5400,-0.0574,0.0598,-0.0527,0
155967,-5.8165,-5.1152,6.5897,1.6800,0.3500,-2.1700,0.0574,0.0120,-0.0742,0
156006,-5.4743,-4.8519,6.4485,6.0200,-2.0300,-3.0100,0.2059,-0.0694,-0.1029,0
156045,-5.3330,-4.8735,6.4437,2.1000,-2.0300,-2.4500,0.0718,-0.0694,-0.0838,0
156084,-5.1391,-4.7107,6.1181,0.0700,2.5900,-0.6300,0.0024,0.0886,-0.0215,0
156123,-5.7040,-5.0243,6.6280,-3.5700,1.7500,1.1200,-0.1221,0.0598,0.0383,0
156162,-5.4958,-5.0410,6.3767,0.3500,-5.4600,3.3600,0.0120,-0.1867,0.1149,0
156201,-5.2756,-5.2660,6.2833,-14.3500,6.2300,2.7300,-0.4907,0.2130,0.0934,0
156240,-5.2899,-5.2971,6.1301,-3.0100,4.4100,7.7000,-0.1029,0.1508,0.2633,0
156279,-5.5724,-5.0003,6.5394,4.8300,6.0200,10.6400,0.1652,0.2059,0.3638,0
156318,-5.2995,-4.6580,6.4724,9.0300,4.4100,11.9000,0.3088,0.1508,0.4069,0
156357,-5.0578,-4.5359,6.2905,8.8900,5.6000,10.9900,0.3040,0.1915,0.3758,0
156396,-5.2205,-4.7801,6.4221,5.1800,14.2100,11.2700,0.1771,0.4859,0.3854,0
156435,-5.2636,-4.7298,6.5681,12.5300,17.0100,15.0500,0.4285,0.5817,0.5146,0
156474,-4.8926,-4.3038,6.2306,14.1400,25.2700,17.9200,0.4835,0.8641,0.6128,0
156513,-5.3258,-4.8471,6.0894,8.1200,41.0900,15.8200,0.2777,1.4051,0.5410,0
156552,-5.5891,-3.9519,6.3838,14.4900,37.3100,21.0700,0.4955,1.2758,0.7205,0
156591,-5.8860,-4.1554,5.1798,22.8200,34.5100,16.5900,0.7803,1.1801,0.5673,0
156630,-7.5974,-3.6288,6.1612,-2.5200,67.9700,12.7400,-0.0862,2.3242,0.4356,0
156669,-7.7123,-3.5115,5.4934,11.2000,42.5600,15.6800,0.3830,1.4553,0.5362,0
156708,-7.4227,-3.7891,5.0793,8.7500,40.9500,11.9000,0.2992,1.4003,0.4069,0
156747,-7.7410,-3.7293,5.0051,4.4100,44.1700,7.7000,0.1508,1.5104,0.2633,0
156786,-7.9876,-3.6168,4.7035,7.8400,41.3700,6.0900,0.2681,1.4146,0.2082,0
156825,-7.9397,-3.0758,4.1458,11.5500,38.0800,2.5200,0.3950,1.3021,0.0862,0
156864,-7.6620,-3.1811,4.6580,8.1900,36.8900,-5.2500,0.2801,1.2614,-0.1795,0
156903,-7.1163,-3.2194,4.2846,5.5300,36.2600,-5.6000,0.1891,1.2399,-0.1915,0
156942,-7.5831,-3.5067,3.8394,11.0600,47.8100,-6.5800,0.3782,1.6349,-0.2250,0
156981,-8.7727,-3.6790,3.7891,5.7400,44.5900,-12.5300,0.1963,1.5247,-0.4285,0
157020,-9.9360,-3.2721,2.9968,12.3900,42.4900,-0.4900,0.4237,1.4529,-0.0168,0
157059,-9.5482,-4.0070,2.9777,7.3500,25.2700,-0.4200,0.2513,0.8641,-0.0144,0
157098,-8.3873,-2.8915,3.6168,5.6700,31.9900,0.4900,0.1939,1.0939,0.0168,0
157137,-7.8440,-3.8490,3.5450,11.9000,27.5100,3.2200,0.4069,0.9407,0.1101,0
157176,-7.9373,-3.9567,3.2242,8.0500,21.7700,1.8200,0.2753,0.7444,0.0622,0
157215,-8.1695,-4.2942,2.0250,7.2100,18.1300,1.8200,0.2465,0.6200,0.0622,0
157254,-8.7942,-3.5881,2.3027,-2.0300,26.3200,5.5300,-0.0694,0.9000,0.1891,0
157293,-9.8379,-3.9543,2.0154,4.2000,23.5900,8.4000,0.1436,0.8067,0.2872,0
157332,-10.2017,-3.4421,2.4319,0.2800,23.0300,5.6000,0.0096,0.7875,0.1915,0
157371,-10.1419,-3.0710,2.1399,2.5200,14.0000,7.3500,0.0862,0.4787,0.2513,0
157410,-9.6895,-2.8101,2.0035,-2.1000,4.8300,2.5200,-0.0718,0.1652,0.0862,0
157449,-8.7344,-2.6067,1.1585,-2.4500,-3.7100,-1.8200,-0.0838,-0.1269,-0.0622,0
157488,-9.1964,-3.0351,1.8670,3.4300,-2.6600,-7.9100,0.1173,-0.0910,-0.2705,0
157527,-8.6099,-2.5444,2.0873,-4.9000,-7.2800,-4.4100,-0.1676,-0.2489,-0.1508,0
157566,-9.6847,-3.4516,1.6372,19.8100,-3.4300,-8.5400,0.6774,-0.1173,-0.2920,0
157605,-9.3280,-1.8527,3.8490,-17.5000,-2.7300,-6.0900,-0.5984,-0.0934,-0.2082,0
157644,-8.3011,-3.7054,3.0303,-2.3100,-18.4100,3.2200,-0.0790,-0.6295,0.1101,0
157683,-8.1120,-5.0219,3.0926,-13.4400,-16.0300,-1.8200,-0.4596,-0.5481,-0.0622,0
157722,-8.7057,-4.5288,2.8269,-5.3900,-10.2200,1.4000,-0.1843,-0.3495,0.0479,0
157761,-9.4812,-4.1649,2.5397,-5.8800,-14.2100,-3.9200,-0.2011,-0.4859,-0.1340,0
157800,-8.0139,-4.0046,1.5918,-23.1000,-15.0500,-11.5500,-0.7899,-0.5146,-0.3950,0
157839,-7.8296,-4.3062,1.6540,-3.9900,-14.2800,-9.3100,-0.1364,-0.4883,-0.3184,0
157878,-8.9091,-3.9256,3.7987,-32.3400,2.8700,-7.7000,-1.1059,0.0981,-0.2633,0
157917,-9.3591,-4.3421,0.6918,14.9100,-32.9000,-17.7100,0.5098,-1.1250,-0.6056,0
157956,-9.0599,-3.7293,2.5684,-14.5600,-17.7800,-23.1000,-0.4979,-0.6080,-0.7899,0
157995,-9.0216,-3.9160,3.5258,-20.2300,-23.8000,-19.5300,-0.6918,-0.8138,-0.6678,0
158034,-8.2078,-4.7227,2.6617,-5.7400,-21.0700,-22.4700,-0.1963,-0.7205,-0.7684,0
158073,-7.0995,-4.0309,3.1165,-4.2700,-20.8600,-28.8400,-0.1460,-0.7133,-0.9862,0
158112,-6.7237,-5.2277,2.8436,1.8200,-14.0000,-32.2700,0.0622,-0.4787,-1.1035,0
158151,-7.5424,-5.0745,4.2798,-8.0500,4.2000,-28.6300,-0.2753,0.1436,-0.9790,0
158190,-8.2820,-4.9548,4.0979,0.0000,2.5200,-12.8100,0.0000,0.0862,-0.4380,0
158229,-8.0594,-4.4282,3.7724,7.2100,-12.9500,-1.8900,0.2465,-0.4428,-0.0646,0
158268,-6.9822,-4.6173,3.3655,6.4400,-4.4100,3.4300,0.2202,-0.1508,0.1173,0
158307,-6.6878,-5.0434,3.2769,-4.0600,15.6800,10.5000,-0.1388,0.5362,0.3590,0
158346,-6.4317,-5.9841,2.9921,2.1700,31.8500,11.9700,0.0742,1.0891,0.4093,0
158385,-6.9918,-5.3570,2.7790,24.5000,42.1400,13.1600,0.8378,1.4410,0.4500,0
158424,-7.9708,-4.5575,2.5516,20.9300,42.0000,7.6300,0.7157,1.4362,0.2609,0
158463,-8.5668,-4.1554,3.0663,13.8600,37.1700,11.9000,0.4739,1.2710,0.4069,0
158502,-8.3538,-4.4426,2.7096,30.8000,23.1700,15.3300,1.0532,0.7923,0.5242,0
158541,-8.0833,-3.8657,2.6881,29.9600,26.5300,9.8000,1.0245,0.9072,0.3351,0
158580,-8.3466,-3.7772,2.1136,30.3100,26.6700,11.1300,1.0364,0.9120,0.3806,0
158619,-8.4017,-3.1069,3.3918,23.3800,28.4900,12.3900,0.7995,0.9742,0.4237,0
158658,-8.2006,-3.3774,1.8599,23.3800,26.8100,6.5800,0.7995,0.9168,0.2250,0
158697,-8.9498,-3.2673,2.5947,-4.2700,17.5700,-4.6200,-0.1460,0.6008,-0.1580,0
158736,-8.1695,-2.9155,2.7311,-10.5700,-2.5900,-4.9700,-0.3614,-0.0886,-0.1699,0
158775,-7.9948,-3.5187,1.8048,-18.2700,9.0300,-15.3300,-0.6247,0.3088,-0.5242,0
158814,-8.6506,-3.9830,3.0423,-54.1800,6.3700,-31.5000,-1.8527,0.2178,-1.0771,0
158853,-8.2581,-4.8663,0.1005,-60.9700,36.1200,-41.5800,-2.0849,1.2351,-1.4218,0
158892,-8.6003,-5.0506,0.2346,-66.9200,69.4400,-51.5900,-2.2883,2.3745,-1.7641,0
158931,-8.8852,-6.4078,-1.8359,-39.9000,55.9300,-48.3700,-1.3644,1.9125,-1.6540,0
158970,-8.4759,-5.6418,-0.8569,-56.8400,79.1700,-42.0700,-1.9436,2.7072,-1.4386,0
159009,-8.7631,-6.3599,-1.9604,-11.5500,41.7200,-41.5100,-0.3950,1.4266,-1.4194,0
159048,-7.9565,-6.2067,-1.6444,-17.2900,43.5400,-45.7800,-0.5912,1.4888,-1.5654,0
159087,-7.7841,-6.8721,-1.6923,5.9500,35.0000,-48.5100,0.2035,1.1968,-1.6588,0
159126,-7.3628,-6.8482,-1.7689,-1.4000,35.2100,-48.6500,-0.0479,1.2040,-1.6636,0
159165,-8.4017,-7.4801,-1.9436,16.9400,24.2200,-46.5500,0.5793,0.8282,-1.5918,0
159204,-8.0642,-7.1666,-2.0490,11.5500,16.1000,-47.2500,0.3950,0.5505,-1.6157,0
159243,-8.0354,-7.0062,-1.9748,27.5800,-10.9200,-56.2800,0.9431,-0.3734,-1.9245,0
159282,-6.1804,-7.4227,-0.9694,11.4100,-10.0800,-55.4400,0.3902,-0.3447,-1.8958,0
159321,-5.6586,-7.8272,-1.2614,17.5000,-14.5600,-46.9000,0.5984,-0.4979,-1.6037,0
159360,-4.9716,-7.8176,-0.7947,21.4200,-9.9400,-47.3900,0.7325,-0.3399,-1.6205,0
159399,-4.5503,-8.0881,-0.8234,22.1200,-0.2800,-45.0800,0.7564,-0.0096,-1.5415,0
159438,-4.6197,-8.4855,-0.5218,25.6200,3.7100,-44.5200,0.8761,0.1269,-1.5224,0
159477,-4.4617,-9.0216,-0.4500,19.1800,5.6000,-44.9400,0.6559,0.1915,-1.5367,0
159516,-4.7274,-9.7972,-1.2040,24.7800,5.2500,-40.1800,0.8473,0.1795,-1.3739,0
159555,-5.8381,-9.5267,-1.2160,29.6100,13.3700,-36.0500,1.0125,0.4572,-1.2327,0
159594,-5.3019,-9.2921,-1.2040,28.0700,-2.8700,-30.4500,0.9598,-0.0981,-1.0412,0
159633,-4.4091,-9.6368,-0.4117,35.4900,-4.8300,-25.6900,1.2136,-0.1652,-0.8785,0
159672,-3.6910,-10.0102,-0.6056,47.6000,-1.8200,-19.4600,1.6277,-0.0622,-0.6654,0
159711,-3.4780,-10.4267,0.7636,48.2300,-3.9900,-24.6400,1.6492,-0.1364,-0.8426,0
159750,-3.8346,-11.8318,-0.1077,66.0100,2.2400,-28.2800,2.2572,0.0766,-0.9670,0
159789,-5.2469,-10.3357,1.2447,65.5200,-0.5600,-31.2200,2.2404,-0.0191,-1.0676,0
159828,-4.0500,-8.7679,0.7109,57.7500,-13.3000,-41.6500,1.9748,-0.4548,-1.4242,0
159867,-4.4043,-9.1006,2.3123,54.8100,-15.4700,-45.4300,1.8742,-0.5290,-1.5535,0
159906,-4.0309,-9.4597,3.0734,36.0500,-26.9500,-52.0100,1.2327,-0.9216,-1.7785,0
159945,-4.0740,-9.3137,3.4301,20.3700,-46.2000,-51.7300,0.6965,-1.5798,-1.7689,0
159984,-3.4397,-10.9724,4.2272,36.5400,-22.4700,-37.1700,1.2495,-0.7684,-1.2710,0
160023,-1.9101,-11.2357,3.4516,24.0800,-61.8100,-16.6600,0.8234,-2.1136,-0.5697,0
160062,-1.7115,-9.6559,4.9716,26.5300,-43.1900,5.9500,0.9072,-1.4769,0.2035,0
160101,-0.8402,-8.9522,3.0423,54.3200,-41.6500,18.6900,1.8575,-1.4242,0.6391,0
160140,-2.4631,-7.2527,5.0817,50.1200,-52.7800,38.9900,1.7138,-1.8048,1.3333,0
160179,-2.3865,-5.0649,4.2200,38.8500,-77.7700,51.8000,1.3285,-2.6593,1.7713,0
160218,-2.4966,-4.4809,3.3750,14.2800,-82.8800,72.8700,0.4883,-2.8341,2.4918,0
160257,-1.5678,-5.6538,2.9753,-4.4800,-63.6300,77.2800,-0.1532,-2.1758,2.6426,0
160296,-0.5314,-5.6059,3.7891,-9.5200,-59.7100,72.8000,-0.3255,-2.0418,2.4894,0
160335,-0.9766,-6.0990,4.7107,-10.2900,-30.2400,66.2900,-0.3519,-1.0341,2.2668,0
160374,-1.1968,-3.3918,4.4833,-2.0300,-23.6600,44.1000,-0.0694,-0.8091,1.5080,0
160413,-2.0226,-3.4875,3.8083,-25.9700,-24.9900,3.1500,-0.8880,-0.8545,0.1077,0
160452,-1.2806,-5.8309,2.4032,-49.2100,-52.9200,-32.9700,-1.6827,-1.8096,-1.1274,0
160491,-2.1591,-4.6054,3.0830,-70.9100,-51.8700,-75.1100,-2.4248,-1.7737,-2.5684,0
160530,-2.2069,-4.9165,0.7636,-88.8300,-65.5200,-83.0900,-3.0375,-2.2404,-2.8413,0
160569,1.4673,-9.5674,0.2035,-119.7700,-64.1900,-50.8200,-4.0955,-2.1950,-1.7378,0
160608,-0.8114,-11.4033,-0.6104,-73.1500,-20.9300,-19.8100,-2.5014,-0.7157,-0.6774,0
160647,2.5014,-13.5217,0.0910,-104.1600,-28.7000,-18.8300,-3.5617,-0.9814,-0.6439,0
160686,2.8077,-14.7400,-0.3638,-105.7000,-27.0200,-40.0400,-3.6144,-0.9239,-1.3692,0
160725,4.8735,-18.0002,-0.2753,-75.8100,-42.7700,-48.4400,-2.5923,-1.4625,-1.6564,0
160764,5.8692,-16.0996,0.1388,-72.3800,8.1900,-50.8900,-2.4750,0.2801,-1.7402,0
160803,5.0362,-15.2427,-0.7181,-41.2300,42.9800,-45.5000,-1.4099,1.4697,-1.5559,0
160842,1.3716,-12.5379,0.0239,-29.1200,42.9100,-61.7400,-0.9958,1.4673,-2.1112,0
160881,1.5271,-11.3435,-0.5122,-26.3900,11.6900,-64.1200,-0.9024,0.3997,-2.1926,0
160920,3.1046,-11.4177,-1.3380,-6.9300,2.5200,-60.8300,-0.2370,0.0862,-2.0801,0
160959,2.4463,-8.8373,-1.0149,-0.0700,34.2300,-62.0200,-0.0024,1.1705,-2.1208,0
160998,3.0878,-7.8679,-0.9072,-5.5300,-10.0100,-65.1000,-0.1891,-0.3423,-2.2261,0
161037,5.7376,-10.3932,-2.1806,-9.3100,1.2600,-67.2700,-0.3184,0.0431,-2.3003,0
161076,4.2894,-8.1384,-2.1854,14.5600,10.2200,-69.4400,0.4979,0.3495,-2.3745,0
161115,4.7203,-7.4251,-1.7258,11.9700,2.5200,-61.7400,0.4093,0.0862,-2.1112,0
161154,5.3139,-7.0900,-1.8503,10.0800,11.4800,-54.4600,0.3447,0.3926,-1.8623,0
161193,4.7011,-6.6017,-1.1178,9.0300,27.5800,-50.1200,0.3088,0.9431,-1.7138,0
161232,4.6652,-7.3772,-1.0867,7.5600,25.3400,-53.1300,0.2585,0.8665,-1.8168,0
161271,4.5168,-6.7549,-1.6516,34.2300,29.1900,-56.8400,1.1705,0.9981,-1.9436,0
161310,4.3564,-6.1445,0.1436,41.0200,6.0900,-52.4300,1.4027,0.2082,-1.7928,0
161349,6.5418,-7.7841,-0.1556,35.1400,0.3500,-26.0400,1.2016,0.0120,-0.8904,0
161388,6.1445,-7.8870,0.8473,46.4800,2.1700,-25.6900,1.5894,0.0742,-0.8785,0
161427,5.4264,-6.7525,0.0527,37.8000,-28.7700,-36.1900,1.2926,-0.9838,-1.2375,0
161466,4.5024,-5.8548,0.3231,44.1700,-50.4700,-25.2700,1.5104,-1.7258,-0.8641,0
161505,5.2253,-4.7155,-0.5457,47.7400,-59.5000,-19.3900,1.6325,-2.0346,-0.6630,0
161544,5.4120,-5.0530,-0.8186,45.5700,-53.8300,-12.2500,1.5583,-1.8407,-0.4189,0
161583,5.5939,-6.2785,-1.0317,44.6600,-47.3200,-8.6800,1.5271,-1.6181,-0.2968,0
161622,4.5886,-5.9650,-2.3003,61.1100,-30.5900,-19.3200,2.0896,-1.0460,-0.6606,0
161661,5.0147,-5.4312,-3.7293,60.2000,-32.4800,-17.7100,2.0585,-1.1106,-0.6056,0
161700,5.8740,-5.5221,-4.8304,128.1700,-50.6800,15.3300,4.3828,-1.7330,0.5242,0
161739,6.4102,-5.6083,-4.7466,168.3500,34.8600,58.2400,5.7567,1.1920,1.9915,0
161778,6.3096,-7.5304,4.2726,60.5500,115.5700,75.4600,2.0705,3.9519,2.5803,0
161817,7.6884,-8.5573,9.5961,66.7100,-9.2400,62.5100,2.2811,-0.3160,2.1375,0
161856,10.0653,-4.6269,0.6726,92.6100,-193.6200,3.9900,3.1668,-6.6208,0.1364,0
161895,11.4105,-5.3522,0.9024,-9.3100,-65.4500,24.8500,-0.3184,-2.2381,0.8497,0
161934,6.0607,-6.8769,3.7437,-63.5600,-55.2300,66.0100,-2.1734,-1.8886,2.2572,0
161973,4.8615,-11.4751,6.0439,-0.2800,-116.4800,77.4900,-0.0096,-3.9830,2.6498,0
162012,7.3772,-10.1179,1.4817,15.2600,-170.9400,31.9900,0.5218,-5.8453,1.0939,0
162051,7.7602,-7.2862,-1.1657,34.0200,-98.6300,22.1200,1.1633,-3.3726,0.7564,0
162090,6.9440,-7.5615,0.2154,13.0900,-102.4100,35.3500,0.4476,-3.5019,1.2088,0
162129,5.1631,-7.9134,1.4314,21.0000,-114.1700,55.5100,0.7181,-3.9040,1.8982,0
162168,6.3695,-8.8086,0.5721,24.9900,-149.4500,62.5800,0.8545,-5.1104,2.1399,0
162207,6.1325,-7.9948,-1.3476,36.0500,-131.2500,49.0000,1.2327,-4.4881,1.6755,0
162246,5.0195,-7.7458,-1.1992,63.9800,-102.1300,52.5700,2.1878,-3.4923,1.7976,0
162285,3.3128,-7.9349,-0.8043,52.7100,-80.5700,44.3800,1.8024,-2.7551,1.5176,0
162324,2.8245,-8.7344,-1.2782,33.5300,-62.8600,18.3400,1.1466,-2.1495,0.6271,0
162363,1.5774,-8.0019,-1.9197,50.4000,-68.1100,-16.3800,1.7234,-2.3290,-0.5601,0
162402,0.4404,-6.5514,-2.4535,26.3900,-74.8300,-43.5400,0.9024,-2.5588,-1.4888,0
162441,0.8402,-6.4700,-2.6569,-8.8200,-83.7900,-66.6400,-0.3016,-2.8652,-2.2787,0
162480,2.2069,-7.1474,-2.4248,4.9700,-75.2500,-85.8900,0.1699,-2.5732,-2.9370,0
162519,5.2852,-8.4735,-1.1274,36.4700,-82.8800,-92.8200,1.2471,-2.8341,-3.1740,0
162558,13.0788,-11.7312,-3.1883,43.4000,-84.3500,-44.2400,1.4841,-2.8843,-1.5128,0
162597,7.9325,-6.0415,-0.6295,31.5700,-2.0300,-65.0300,1.0795,-0.0694,-2.2237,0
162636,6.7261,-6.9057,-0.7516,49.5600,4.8300,-60.0600,1.6947,0.1652,-2.0537,0
162675,9.9073,-8.6578,0.9120,91.1400,-14.0000,-30.6600,3.1165,-0.4787,-1.0484,0
162714,10.3932,-8.1695,2.3506,77.7700,-34.3700,-25.9000,2.6593,-1.1753,-0.8856,0
162753,5.8955,-4.9836,0.0335,71.2600,-69.9300,-51.7300,2.4367,-2.3912,-1.7689,0
162792,4.9668,-2.2404,-1.9341,1.6100,-49.1400,-46.0600,0.0551,-1.6803,-1.5750,0
162831,5.3665,-5.4120,-2.7862,-1.6800,8.8200,-14.7000,-0.0574,0.3016,-0.5027,0
162870,6.1971,-9.2179,-1.5990,-41.4400,-2.3100,20.3000,-1.4170,-0.0790,0.6942,0
162909,7.8847,-9.4764,-1.0724,-5.4600,-21.0700,-0.9100,-0.1867,-0.7205,-0.0311,0
162948,7.4490,-9.1222,-2.4918,56.9800,-35.9800,-11.6900,1.9484,-1.2303,-0.3997,0
162987,7.3413,-9.4812,-1.7713,56.7000,-28.9100,3.5700,1.9388,-0.9886,0.1221,0
163026,7.5639,-8.9570,-1.0149,73.5700,-24.7800,13.0200,2.5157,-0.8473,0.4452,0
163065,7.4969,-7.6214,-1.3261,87.9200,-1.1900,11.7600,3.0064,-0.0407,0.4021,0
163104,6.7501,-7.1067,-0.9646,82.7400,-15.4000,8.8200,2.8293,-0.5266,0.3016,0
163143,6.3455,-6.8697,-0.5553,98.7700,-42.4900,3.0100,3.3774,-1.4529,0.1029,0
163182,6.9822,-6.0727,0.3495,89.6000,-43.9600,5.8100,3.0639,-1.5032,0.1987,0
163221,8.5549,-6.6854,1.1561,54.4600,-54.4600,23.1000,1.8623,-1.8623,0.7899,0
163260,8.9402,-6.2737,-0.9144,33.3200,-59.9900,28.8400,1.1394,-2.0513,0.9862,0
163299,7.3054,-5.9147,-1.3476,14.0000,-49.2800,37.2400,0.4787,-1.6851,1.2734,0
163338,5.4671,-6.0798,0.1556,-32.9000,-35.6300,55.6500,-1.1250,-1.2184,1.9029,0
163377,4.9572,-7.2120,0.8617,-62.7900,-60.2700,73.0800,-2.1471,-2.0609,2.4990,0
163416,1.8311,-7.7243,-0.1197,-18.3400,-69.9300,80.6400,-0.6271,-2.3912,2.7575,0
163455,1.7043,-8.8756,-0.1412,-3.8500,-61.6000,72.3100,-0.1317,-2.1064,2.4726,0
163494,4.1697,-11.0251,-1.1992,14.0700,-71.5400,74.0600,0.4811,-2.4463,2.5325,0
163533,5.1631,-12.1764,-1.8168,46.7600,-59.2900,62.5800,1.5990,-2.0274,2.1399,0
163572,3.8825,-9.5434,0.0239,51.5900,-37.6600,49.4900,1.7641,-1.2878,1.6923,0
163611,3.9639,-7.4634,0.0335,36.8200,-35.9100,32.6200,1.2591,-1.2279,1.1154,0
163650,4.1937,-8.4136,-0.9072,11.1300,-19.1800,22.7500,0.3806,-0.6559,0.7779,0
163689,2.7886,-9.1246,0.2250,-19.8100,7.1400,15.2600,-0.6774,0.2442,0.5218,0
163728,1.6995,-8.9522,-0.2274,-14.3500,-2.8000,14.4900,-0.4907,-0.0957,0.4955,0
163767,2.2907,-9.1652,-1.8814,-3.7800,-15.1900,16.1700,-0.1293,-0.5194,0.5529,0
163806,3.0734,-9.0312,-1.5607,16.0300,-26.5300,12.1800,0.5481,-0.9072,0.4165,0
163845,2.1662,-8.5166,-0.8904,9.1000,-17.4300,0.4900,0.3112,-0.5960,0.0168,0
163884,1.1657,-8.4136,-1.2136,10.3600,-9.3100,-9.9400,0.3543,-0.3184,-0.3399,0
163923,1.2782,-9.1557,-1.4146,5.8800,-7.8400,-23.8700,0.2011,-0.2681,-0.8162,0
163962,1.1322,-8.7200,-1.9460,5.4600,-10.7800,-41.0200,0.1867,-0.3686,-1.4027,0
164001,0.9598,-8.6099,-2.0059,0.4900,-8.4000,-59.7800,0.0168,-0.2872,-2.0442,0
164040,0.8880,-8.5980,-1.7521,-12.3200,-3.2200,-79.2400,-0.4213,-0.1101,-2.7096,0
164079,1.4601,-8.2844,-1.3907,-19.8800,12.4600,-99.4000,-0.6798,0.4261,-3.3990,0
164118,4.5503,-10.1203,-0.8641,-11.4800,2.3800,-91.9100,-0.3926,0.0814,-3.1428,0
164157,8.2006,-11.0084,-1.1106,-3.5000,13.4400,-51.7300,-0.1197,0.4596,-1.7689,0
164196,5.6274,-9.7062,-1.1920,-36.1200,30.5200,-33.3200,-1.2351,1.0436,-1.1394,0
164235,4.3492,-9.5387,-1.8575,-28.9800,14.4900,-14.0000,-0.9910,0.4955,-0.4787,0
164274,4.7346,-10.4458,-2.0178,-24.1500,12.9500,-2.2400,-0.8258,0.4428,-0.0766,0
164313,3.6862,-8.3777,-0.9670,-14.1400,13.7900,-15.2600,-0.4835,0.4715,-0.5218,0
164352,5.6466,-6.2594,-0.5075,-6.1600,19.6000,-35.4900,-0.2106,0.6702,-1.2136,0
164391,8.5692,-5.7950,-0.3567,-5.3200,26.8800,-29.3300,-0.1819,0.9192,-1.0029,0
164430,8.8349,-5.8429,-0.0072,-21.8400,55.3700,-16.1700,-0.7468,1.8934,-0.5529,0
164469,7.2216,-6.0176,-0.3088,-7.9800,57.3300,-19.3900,-0.2729,1.9604,-0.6630,0
164508,6.3719,-5.6155,-0.7636,2.1700,30.5900,-15.1900,0.0742,1.0460,-0.5194,0
164547,6.9894,-6.2474,0.2346,0.0700,53.4100,2.3800,0.0024,1.8263,0.0814,0
164586,8.9259,-7.3006,0.3399,-9.0300,20.6500,-10.9900,-0.3088,0.7061,-0.3758,0
164625,9.0480,-7.8703,-1.0341,-4.8300,6.3000,-14.2100,-0.1652,0.2154,-0.4859,0
164664,8.7607,-7.9421,0.2346,-8.6100,13.3000,-12.6000,-0.2944,0.4548,-0.4309,0
164703,8.7775,-8.5477,0.0910,-7.8400,-5.8800,-19.3900,-0.2681,-0.2011,-0.6630,0
164742,7.4825,-8.6937,-0.8067,-13.9300,-5.4600,-12.5300,-0.4763,-0.1867,-0.4285,0
164781,6.4628,-9.1078,-0.5912,-10.7800,-0.8400,-4.5500,-0.3686,-0.0287,-0.1556,0
164820,6.0607,-7.7362,-1.2806,4.9000,11.4800,-8.9600,0.1676,0.3926,-0.3064,0
164859,5.2684,-7.6070,-2.3984,32.2700,29.8200,-11.5500,1.1035,1.0197,-0.3950,0
164898,4.6604,-7.7315,-2.4463,60.4100,26.4600,-0.8400,2.0657,0.9048,-0.0287,0
164937,3.1381,-7.0301,-2.0801,95.4800,29.8900,18.9000,3.2649,1.0221,0.6463,0
164976,3.0543,-3.5593,-0.2418,74.0600,73.7800,42.5600,2.5325,2.5229,1.4553,0
165015,4.6484,-3.4253,0.6247,-4.9700,-26.2500,102.4100,-0.1699,-0.8976,3.5019,0
165054,7.1091,-5.7759,0.6104,-10.0800,-80.5700,104.5100,-0.3447,-2.7551,3.5737,0
165093,9.7900,-8.4519,1.2878,5.9500,-95.0600,87.7800,0.2035,-3.2506,3.0016,0
165132,7.4370,-8.0091,2.2452,-6.5100,-65.1700,86.2400,-0.2226,-2.2285,2.9490,0
165171,6.0224,-10.4578,2.9681,20.8600,-114.1000,72.5200,0.7133,-3.9016,2.4798,0
165210,7.8966,-12.1453,1.1298,56.2800,-180.9500,38.7100,1.9245,-6.1876,1.3237,0
165249,7.4634,-11.0682,-0.2968,35.2100,-150.3600,13.9300,1.2040,-5.1415,0.4763,0
165288,5.7112,-9.6966,-0.7779,13.3000,-138.5300,17.0100,0.4548,-4.7370,0.5817,0
165327,5.6298,-11.1951,-1.0771,33.3900,-142.7300,16.4500,1.1418,-4.8806,0.5625,0
165366,4.8974,-10.5344,-2.1639,84.4900,-162.6800,17.5000,2.8891,-5.5628,0.5984,0
165405,4.1793,-8.8684,-1.5630,85.9600,-154.6300,23.4500,2.9394,-5.2876,0.8019,0
165444,3.9926,-7.9565,-2.6426,72.5200,-168.8400,18.2700,2.4798,-5.7735,0.6247,0
165483,2.7647,-7.2073,-2.1878,83.2300,-141.9600,7.0000,2.8460,-4.8543,0.2394,0
165522,1.2495,-5.9793,-2.1591,60.4100,-140.8400,-4.2700,2.0657,-4.8160,-0.1460,0
165561,2.0490,-6.4150,-3.6886,45.4300,-148.5400,-35.0000,1.5535,-5.0793,-1.1968,0
165600,1.8575,-5.6490,-5.7017,27.0900,-134.2600,-69.0200,0.9263,-4.5910,-2.3601,0
165639,1.2375,-6.0200,-6.3934,17.2900,-106.7500,-90.3000,0.5912,-3.6503,-3.0878,0
165678,0.9838,-5.7543,-4.4857,21.0000,-114.0300,-106.4000,0.7181,-3.8992,-3.6383,0
165717,5.9051,-4.9381,-2.7886,18.2000,-145.2500,-105.3500,0.6223,-4.9668,-3.6024,0
165756,18.3137,-10.4147,-2.5373,58.2400,-115.4300,-73.6400,1.9915,-3.9471,-2.5181,0
165795,12.1358,-7.8057,-1.4601,57.0500,-44.5200,-61.3900,1.9508,-1.5224,-2.0992,0
165834,9.8331,-6.7549,-0.4715,29.3300,-13.3700,-40.6000,1.0029,-0.4572,-1.3883,0
165873,9.7972,-9.5698,-0.4452,26.9500,-34.8600,-27.7200,0.9216,-1.1920,-0.9479,0
165912,8.0618,-8.6722,0.2705,74.9000,-42.7700,-39.0600,2.5612,-1.4625,-1.3357,0
165951,7.0995,-5.6035,0.2442,102.0600,-56.2100,-31.0100,3.4899,-1.9221,-1.0604,0
165990,7.3126,-4.4306,-1.0508,101.8500,-79.5200,-15.5400,3.4827,-2.7192,-0.5314,0
166029,7.2240,-3.4014,-1.3045,68.8800,-45.5700,-13.0900,2.3553,-1.5583,-0.4476,0
166068,7.3365,-2.5756,-0.7420,30.5200,-34.3000,-24.2200,1.0436,-1.1729,-0.8282,0
166107,7.9924,-4.4498,-1.2255,18.4800,-23.1700,-24.3600,0.6319,-0.7923,-0.8330,0
166146,7.3940,-7.4706,-0.1891,19.2500,-21.7700,-20.7900,0.6583,-0.7444,-0.7109,0
166185,7.7769,-7.7362,0.1412,29.5400,-27.3700,-31.0800,1.0101,-0.9359,-1.0628,0
166224,8.2748,-5.7663,-0.5218,58.3100,-35.7700,-31.5700,1.9939,-1.2232,-1.0795,0
166263,8.7176,-6.5203,-0.5912,36.2600,-41.6500,-25.2000,1.2399,-1.4242,-0.8617,0
166302,8.4328,-7.7530,-1.1585,22.2600,-46.5500,-13.7900,0.7612,-1.5918,-0.4715,0
166341,6.3767,-7.1115,-1.4482,60.8300,-12.1800,1.9600,2.0801,-0.4165,0.0670,0
166380,6.7237,-7.8894,-0.8761,44.1000,-9.6600,11.4800,1.5080,-0.3303,0.3926,0
166419,4.7131,-7.9804,-2.8293,75.4600,23.0300,10.9900,2.5803,0.7875,0.3758,0
166458,4.5264,-7.1426,-2.8628,108.4300,10.6400,14.3500,3.7077,0.3638,0.4907,0
166497,6.6543,-6.1469,-1.3979,113.5400,30.6600,39.5500,3.8825,1.0484,1.3524,0
166536,8.2245,-5.9793,-0.4309,65.4500,36.4700,52.9200,2.2381,1.2471,1.8096,0
166575,7.8655,-6.0798,-0.4548,61.7400,-23.3100,51.9400,2.1112,-0.7971,1.7761,0
166614,7.3963,-4.2966,-0.0981,31.9200,-32.4800,52.2200,1.0915,-1.1106,1.7857,0
166653,6.8745,-3.4588,0.5194,-15.1200,-40.4600,65.5200,-0.5170,-1.3835,2.2404,0
166692,7.7793,-6.4150,0.4572,-42.4200,-70.6300,92.0500,-1.4505,-2.4152,3.1476,0
166731,6.0056,-10.5200,2.5995,-28.2800,-68.1800,105.0700,-0.9670,-2.3314,3.5929,0
166770,4.3516,-11.2166,2.0920,-2.7300,-101.8500,25.7600,-0.0934,-3.4827,0.8809,0
166809,6.2474,-10.0820,-1.3931,17.2900,-111.0900,21.9800,0.5912,-3.7987,0.7516,0
166848,5.8165,-9.3400,-0.8162,14.7000,-111.0900,30.1000,0.5027,-3.7987,1.0293,0
166887,5.8572,-7.7841,-1.2806,-6.8600,-114.3800,26.5300,-0.2346,-3.9112,0.9072,0
166926,5.5580,-7.8464,-1.2758,13.9300,-120.7500,28.0000,0.4763,-4.1290,0.9575,0
166965,5.3187,-7.8775,-1.5080,9.5900,-123.1300,30.5900,0.3279,-4.2104,1.0460,0
167004,4.3756,-9.1916,-1.7857,14.3500,-104.7900,39.3400,0.4907,-3.5833,1.3452,0
167043,4.2176,-9.8355,-1.5559,34.5800,-89.4600,47.8100,1.1825,-3.0591,1.6349,0
167082,3.6695,-8.7990,-1.8096,51.3800,-68.6700,42.1400,1.7569,-2.3482,1.4410,0
167121,2.2692,-8.1049,-2.1375,47.3200,-58.4500,19.6000,1.6181,-1.9987,0.6702,0
167160,1.4841,-7.3604,-1.9508,27.1600,-45.4300,-9.5900,0.9287,-1.5535,-0.3279,0
167199,0.8210,-7.9301,-2.3841,15.3300,-31.5000,-52.7800,0.5242,-1.0771,-1.8048,0
167238,0.2801,-8.5333,-3.1931,6.3700,-28.6300,-85.4700,0.2178,-0.9790,-2.9226,0
167277,0.4404,-7.6261,-2.6091,-13.0200,-12.8800,-109.3400,-0.4452,-0.4404,-3.7389,0
167316,2.2835,-6.1134,-0.7827,-12.5300,-26.7400,-114.7300,-0.4285,-0.9144,-3.9232,0
167355,8.7152,-8.5333,-2.0322,-9.5900,-41.3000,-92.0500,-0.3279,-1.4122,-3.1476,0
167394,13.5911,-11.9323,-2.4774,25.4100,5.6000,-50.6800,0.8689,0.1915,-1.7330,0
167433,6.4509,-8.7727,-1.3524,3.9200,31.7100,-63.2100,0.1340,1.0843,-2.1615,0
167472,7.5304,-7.4849,-0.2968,1.1200,15.1900,-44.8000,0.0383,0.5194,-1.5319,0
167511,8.3777,-7.6166,-0.3495,21.4900,-25.1300,-23.1700,0.7348,-0.8593,-0.7923,0
167550,7.8128,-8.3993,0.3734,6.3000,23.4500,-24.8500,0.2154,0.8019,-0.8497,0
167589,5.7830,-7.6668,0.3351,27.7900,-2.7300,-40.5300,0.9503,-0.0934,-1.3859,0
167628,4.6580,-6.1852,-1.1394,54.3900,-20.5100,-33.0400,1.8599,-0.7013,-1.1298,0
167667,7.3700,-3.4397,-1.6420,53.9700,10.6400,-7.9100,1.8455,0.3638,-0.2705,0
167706,8.9379,-3.1189,-1.7785,27.7200,18.5500,-11.0600,0.9479,0.6343,-0.3782,0
167745,8.2317,-5.3953,-0.3782,-14.5600,-8.5400,-22.3300,-0.4979,-0.2920,-0.7636,0
167784,8.8349,-8.6961,-0.2394,-14.6300,-50.7500,-25.9700,-0.5003,-1.7354,-0.8880,0
167823,7.6596,-8.1958,-1.0221,2.1000,-30.5900,-31.5700,0.0718,-1.0460,-1.0795,0
167862,7.2623,-7.0373,-0.3447,3.3600,-25.9000,-13.1600,0.1149,-0.8856,-0.4500,0
167901,6.9176,-6.9344,-0.7995,1.8900,-37.5200,1.1900,0.0646,-1.2830,0.0407,0
167940,6.3886,-6.9200,-3.1309,22.8900,-30.6600,21.2100,0.7827,-1.0484,0.7253,0
167979,5.6753,-8.4256,-1.8407,31.1500,-36.6800,45.7100,1.0652,-1.2543,1.5630,0
168018,7.3365,-8.5238,-2.7431,62.2300,-8.4000,40.6700,2.1279,-0.2872,1.3907,0
168057,6.0296,-6.9009,-3.1381,113.8900,45.7800,-2.5200,3.8945,1.5654,-0.0862,0
168096,6.7908,-7.0134,-4.0572,101.5000,65.0300,-0.9800,3.4708,2.2237,-0.0335,0
168135,6.9080,-6.1756,-2.1399,88.4100,54.1100,-1.9600,3.0232,1.8503,-0.0670,0
168174,8.3801,-6.0751,0.2585,109.4100,-17.5700,29.3300,3.7413,-0.6008,1.0029,0
168213,8.2174,-7.4729,1.3452,66.6400,-46.6200,37.7300,2.2787,-1.5942,1.2902,0
168252,8.0714,-6.1828,1.6205,27.7200,-50.7500,36.6800,0.9479,-1.7354,1.2543,0
168291,7.2312,-4.0117,0.7947,2.1700,-81.6900,45.2200,0.0742,-2.7934,1.5463,0
168330,7.6285,-4.4976,1.5056,-12.6700,-133.5600,68.4600,-0.4332,-4.5671,2.3410,0
168369,7.9301,-8.2054,2.7216,-12.1800,-146.3700,87.9900,-0.4165,-5.0051,3.0088,0
168408,4.5742,-10.7068,4.8328,15.6100,-106.4700,77.0700,0.5338,-3.6407,2.6354,0
168447,4.8232,-9.4238,0.8019,66.9200,-163.2400,28.4900,2.2883,-5.5820,0.9742,0
168486,5.4623,-8.8756,-1.4865,62.9300,-154.6300,25.7600,2.1519,-5.2876,0.8809,0
168525,6.5897,-8.3969,-0.9407,60.5500,-114.3800,49.2800,2.0705,-3.9112,1.6851,0
168564,5.5724,-7.9277,-0.4165,23.5200,-119.9100,49.0000,0.8043,-4.1003,1.6755,0
168603,5.1535,-9.4070,-0.6200,49.2100,-147.0000,41.7200,1.6827,-5.0266,1.4266,0
168642,4.2104,-9.3903,-1.6851,57.4000,-128.9400,29.2600,1.9628,-4.4091,1.0005,0
168681,3.4660,-9.2179,-1.6540,28.5600,-88.2700,20.4400,0.9766,-3.0184,0.6989,0
168720,3.4780,-9.2347,-1.8599,49.7700,-97.4400,-7.9100,1.7019,-3.3319,-0.2705,0
168759,1.9221,-8.0474,-2.8604,63.7000,-101.9900,-35.0000,2.1782,-3.4875,-1.1968,0
168798,0.3782,-6.5322,-3.9567,32.7600,-84.0000,-68.3900,1.1202,-2.8724,-2.3386,0
168837,0.7133,-5.8860,-3.7772,15.6100,-77.1400,-94.4300,0.5338,-2.6378,-3.2290,0
168876,1.2088,-4.9141,-4.0237,7.9100,-97.0900,-116.5500,0.2705,-3.3200,-3.9854,0
168915,6.1804,-6.2378,-2.3936,47.0400,-94.9200,-123.1300,1.6085,-3.2458,-4.2104,0
168954,15.5084,-11.1352,-2.7503,66.5700,-53.2700,-73.8500,2.2764,-1.8216,-2.5253,0
168993,8.9355,-6.4987,0.3303,60.1300,-28.7700,-67.6900,2.0561,-0.9838,-2.3147,0
169032,8.0642,-8.1312,-1.4386,38.4300,-37.1000,-34.3000,1.3141,-1.2686,-1.1729,0
169071,7.1354,-8.6051,0.4285,31.2900,-36.0500,-17.3600,1.0700,-1.2327,-0.5936,0
169110,6.8602,-8.8445,0.8497,46.4100,-46.8300,-36.4000,1.5870,-1.6013,-1.2447,0
169149,6.1971,-6.0775,-0.4763,79.5900,-64.8200,-48.7900,2.7216,-2.2165,-1.6684,0
169188,5.8931,-3.3008,-1.5750,78.4700,-64.6100,-28.8400,2.6833,-2.2093,-0.9862,0
169227,7.7195,-3.2673,-2.1519,57.3300,-0.4900,2.5900,1.9604,-0.0168,0.0886,0
169266,8.8828,-5.3809,-0.7564,37.7300,-0.2100,6.7200,1.2902,-0.0072,0.2298,0
169305,9.2107,-6.4126,0.0120,17.5700,-52.6400,-8.4000,0.6008,-1.8000,-0.2872,0
169344,9.2921,-6.6400,-0.7253,21.0700,-42.2800,-14.9100,0.7205,-1.4458,-0.5098,0
169383,9.3065,-8.2557,-0.3423,13.2300,-42.0000,-10.2900,0.4524,-1.4362,-0.3519,0
169422,8.2748,-8.2844,-1.1250,32.8300,-17.8500,-10.2900,1.1226,-0.6104,-0.3519,0
169461,6.6208,-7.3437,-1.3452,45.9200,-24.8500,-5.1800,1.5702,-0.8497,-0.1771,0
169500,6.8626,-7.3676,-1.7450,58.8000,-19.1800,-5.3200,2.0107,-0.6559,-0.1819,0
169539,6.8386,-6.3360,-3.0232,82.5300,0.7700,1.1200,2.8221,0.0263,0.0383,0
169578,6.1062,-6.1660,-2.4295,80.7800,-4.9700,6.7900,2.7623,-0.1699,0.2322,0
169617,6.0128,-6.8769,-1.2279,73.7800,-11.6900,9.7300,2.5229,-0.3997,0.3327,0
169656,6.5059,-6.8003,0.0503,73.9200,-7.8400,17.7100,2.5277,-0.2681,0.6056,0
169695,7.3652,-7.3820,-0.2537,83.0900,0.6300,41.5800,2.8413,0.0215,1.4218,0
169734,6.8961,-6.6591,0.4500,96.8100,-9.3800,48.7200,3.3104,-0.3207,1.6660,0
169773,6.4413,-4.8375,0.5242,58.2400,-39.6900,40.7400,1.9915,-1.3572,1.3931,0
169812,8.0402,-4.3157,0.8833,3.3600,-70.4200,59.9900,0.1149,-2.4080,2.0513,0
169851,8.4735,-5.2612,1.2423,-36.7500,-69.2300,99.9600,-1.2567,-2.3673,3.4181,0
169890,5.3833,-9.8570,2.9202,-12.8100,-42.1400,104.4400,-0.4380,-1.4410,3.5713,0
169929,4.9979,-9.7014,3.0184,-22.7500,-60.9000,68.0400,-0.7779,-2.0825,2.3266,0
169968,5.4982,-9.6416,0.2370,13.7900,-112.8400,45.7800,0.4715,-3.8585,1.5654,0
170007,4.6796,-10.8671,-0.6439,30.2400,-82.3900,53.2000,1.0341,-2.8173,1.8192,0
170046,4.6987,-9.8450,1.0125,22.9600,-70.3500,51.3100,0.7851,-2.4056,1.7545,0
170085,4.7753,-8.5644,0.6343,25.6200,-62.2300,37.0300,0.8761,-2.1279,1.2662,0
170124,4.8256,-8.7799,-1.0197,47.8800,-71.3300,32.5500,1.6372,-2.4391,1.1130,0
170163,4.6484,-8.4089,-0.1867,17.4300,-41.0200,31.8500,0.5960,-1.4027,1.0891,0
170202,4.4234,-7.7171,-0.0287,13.8600,-29.5400,30.0300,0.4739,-1.0101,1.0269,0
170241,3.4014,-8.4998,0.1364,20.6500,-30.8700,18.6900,0.7061,-1.0556,0.6391,0
170280,2.3410,-9.2730,-0.0096,18.6200,-30.1000,5.1800,0.6367,-1.0293,0.1771,0
170319,0.6750,-7.8727,-0.1676,9.1700,-25.3400,-15.6800,0.3136,-0.8665,-0.5362,0
170358,1.1202,-8.3011,-1.0819,0.6300,-29.1900,-36.2600,0.0215,-0.9981,-1.2399,0
170397,0.9814,-8.7248,-1.2567,-2.1700,-29.1200,-54.3900,-0.0742,-0.9958,-1.8599,0
170436,1.0915,-8.5309,-1.2878,-12.8100,-30.8700,-73.7800,-0.4380,-1.0556,-2.5229,0
170475,2.0322,-7.8416,0.5338,-27.4400,-36.9600,-79.2400,-0.9383,-1.2638,-2.7096,0
170514,7.9397,-11.2621,-0.4309,-37.6600,-46.8300,-61.3900,-1.2878,-1.6013,-2.0992,0
170553,11.3267,-10.8480,-2.0873,-4.4800,-14.8400,-56.4900,-0.1532,-0.5075,-1.9317,0
170592,6.3168,-7.8631,-0.8450,-15.1900,33.4600,-66.9900,-0.5194,1.1442,-2.2907,0
170631,6.3240,-9.7613,-0.3351,-16.2400,12.8100,-51.6600,-0.5553,0.4380,-1.7665,0
170670,7.3844,-8.1288,0.4045,-12.6700,7.1400,-38.9900,-0.4332,0.2442,-1.3333,0
170709,6.6806,-7.2695,0.8785,21.4200,15.6100,-46.5500,0.7325,0.5338,-1.5918,0
170748,5.7112,-6.7884,0.2848,22.2600,-1.4700,-54.3200,0.7612,-0.0503,-1.8575,0
170787,4.4019,-2.5397,-1.3739,14.1400,2.9400,-43.0500,0.4835,0.1005,-1.4721,0
170826,5.9123,-1.6516,-2.7982,2.1700,-6.7200,-13.7900,0.0742,-0.2298,-0.4715,0
170865,7.8200,-4.5383,-1.5678,-31.8500,12.1800,8.4000,-1.0891,0.4165,0.2872,0
170904,8.7081,-8.5836,-0.6295,-27.2300,19.3200,-5.3200,-0.9311,0.6606,-0.1819,0
170943,8.8660,-7.4323,-0.7779,-13.3700,-7.4200,-23.0300,-0.4572,-0.2537,-0.7875,0
170982,9.5075,-7.0469,-0.5912,-17.4300,-8.6100,-0.6300,-0.5960,-0.2944,-0.0215,0
171021,9.7110,-7.0971,-0.4237,-13.5800,8.9600,2.4500,-0.4644,0.3064,0.0838,0
171060,8.7871,-7.9684,-1.4003,-23.2400,13.7900,1.4000,-0.7947,0.4715,0.0479,0
171099,7.7219,-8.5692,-1.2806,-16.3800,11.3400,2.3800,-0.5601,0.3878,0.0814,0
171138,7.3150,-6.8386,-2.6450,6.7200,23.8700,4.4800,0.2298,0.8162,0.1532,0
171177,7.3916,-5.9769,-3.3176,10.0100,34.6500,10.3600,0.3423,1.1849,0.3543,0
171216,7.5519,-4.4402,-1.9388,-17.7100,26.1100,28.0700,-0.6056,0.8928,0.9598,0
171255,7.2815,-7.0636,-0.7564,-5.1100,67.4100,53.9700,-0.1747,2.3051,1.8455,0
171294,6.6376,-10.0653,1.7378,8.1900,33.1800,50.1900,0.2801,1.1346,1.7162,0
171333,7.9876,-5.9362,1.7976,31.7800,5.0400,23.2400,1.0867,0.1723,0.7947,0
171372,8.7966,-6.4820,0.2274,-7.4200,24.2200,41.7900,-0.2537,0.8282,1.4290,0
171411,7.7075,-7.8511,0.0144,-10.9900,4.6900,71.1200,-0.3758,0.1604,2.4319,0
171450,5.1032,-7.5783,1.5726,0.5600,14.9100,77.6300,0.0191,0.5098,2.6545,0
171489,2.6857,-6.4652,1.7210,14.1400,17.3600,74.9000,0.4835,0.5936,2.5612,0
171528,1.7593,-7.6309,0.8976,12.3900,5.1800,66.5700,0.4237,0.1771,2.2764,0
171567,2.7862,-9.1341,1.8718,-17.2900,14.8400,58.0300,-0.5912,0.5075,1.9843,0
171606,4.1218,-11.0036,2.1710,20.2300,10.3600,51.1700,0.6918,0.3543,1.7498,0
171645,4.2846,-8.9642,1.4146,33.6700,24.0800,24.9200,1.1513,0.8234,0.8521,0
171684,2.4008,-7.9708,1.9532,18.9700,28.4900,2.5900,0.6487,0.9742,0.0886,0
171723,2.7527,-8.3203,1.6157,-6.7900,19.6700,-11.6200,-0.2322,0.6726,-0.3973,0
171762,1.5295,-9.7301,2.3266,-4.2000,8.2600,-31.0100,-0.1436,0.2824,-1.0604,0
171801,2.0920,-9.6871,3.0423,-15.8200,0.8400,-47.5300,-0.5410,0.0287,-1.6253,0
171840,2.4822,-7.6477,0.3734,17.9200,-9.6600,-54.1800,0.6128,-0.3303,-1.8527,0
171879,2.5349,-7.6142,2.2069,12.3900,-15.7500,-53.4800,0.4237,-0.5386,-1.8287,0
171918,6.1134,-8.6746,2.0585,0.1400,-33.6700,-38.1500,0.0048,-1.1513,-1.3045,0
171957,5.8285,-7.1378,1.6516,14.1400,13.5100,-28.5600,0.4835,0.4620,-0.9766,0
171996,4.5120,-7.4801,1.5032,-3.5700,20.3700,-32.6200,-0.1221,0.6965,-1.1154,0
172035,6.2618,-9.1557,0.6295,-15.4700,-7.2800,-31.0100,-0.5290,-0.2489,-1.0604,0
172074,5.9123,-8.8277,1.4170,12.5300,-6.5100,-14.8400,0.4285,-0.2226,-0.5075,0
172113,5.6945,-6.8602,1.1418,11.8300,11.3400,-14.0700,0.4045,0.3878,-0.4811,0
172152,5.8812,-7.3054,1.6803,-18.0600,1.1900,-23.8700,-0.6176,0.0407,-0.8162,0
172191,6.0152,-8.0426,1.2423,-9.4500,7.5600,-21.9100,-0.3231,0.2585,-0.7492,0
172230,6.0870,-7.6190,1.4146,-5.5300,-4.2700,-10.9900,-0.1891,-0.1460,-0.3758,0
172269,6.3336,-6.9775,0.9335,9.3100,-5.0400,-6.5100,0.3184,-0.1723,-0.2226,0
172308,5.5221,-6.6759,1.4194,-5.8100,8.5400,-14.8400,-0.1987,0.2920,-0.5075,0
172347,6.0056,-7.1905,0.4021,-16.9400,6.6500,-20.5800,-0.5793,0.2274,-0.7037,0
172386,6.2594,-7.9756,0.6295,-13.1600,3.6400,-14.3500,-0.4500,0.1245,-0.4907,0
172425,6.8386,-8.1456,0.8617,-12.3900,-1.1900,-4.3400,-0.4237,-0.0407,-0.1484,0
172464,6.9368,-8.4352,1.0628,-5.6700,3.6400,2.5200,-0.1939,0.1245,0.0862,0
172503,6.4676,-7.6979,0.6989,-1.8200,1.2600,-3.0100,-0.0622,0.0431,-0.1029,0
172542,7.7817,-8.1839,0.6750,-3.0800,-2.9400,-11.4100,-0.1053,-0.1005,-0.3902,0
172581,7.4418,-7.9253,0.3088,2.9400,3.3600,-10.5000,0.1005,0.1149,-0.3590,0
172620,6.7716,-8.0690,0.5051,-0.7700,6.7200,-5.3900,-0.0263,0.2298,-0.1843,0
172659,6.2689,-7.8583,0.4117,2.2400,5.6700,-6.0900,0.0766,0.1939,-0.2082,0
172698,5.6322,-7.4969,0.7755,1.6800,-0.4900,-6.9300,0.0574,-0.0168,-0.2370,0
172737,6.3982,-7.4682,0.3519,-0.2100,-9.2400,-7.5600,-0.0072,-0.3160,-0.2585,0
172776,6.4317,-7.2838,0.1939,4.6200,-14.0700,-2.3800,0.1580,-0.4811,-0.0814,0
172815,6.2330,-6.3336,0.3590,-1.7500,-8.9600,-3.1500,-0.0598,-0.3064,-0.1077,0
172854,7.4179,-6.8386,0.0742,-10.8500,-12.8800,-3.7800,-0.3710,-0.4404,-0.1293,0
172893,7.2455,-7.0804,0.1125,-10.2900,-2.8000,0.9100,-0.3519,-0.0957,0.0311,0
172932,5.9314,-6.4173,-0.0168,-15.9600,6.1600,4.2700,-0.5457,0.2106,0.1460,0
172971,6.1900,-6.0631,-0.6032,-34.0200,-4.2000,18.3400,-1.1633,-0.1436,0.6271,0
173010,6.2306,-7.4011,-0.4859,-33.3200,-1.1200,27.7200,-1.1394,-0.0383,0.9479,0
173049,6.0463,-7.9493,-0.3064,-35.9800,-10.2900,33.3200,-1.2303,-0.3519,1.1394,0
173088,6.2498,-8.1456,-0.4524,-35.0000,-8.8900,32.6900,-1.1968,-0.3040,1.1178,0
173127,5.5102,-9.7684,-0.2896,-20.2300,-8.4000,23.5200,-0.6918,-0.2872,0.8043,0
173166,5.2229,-7.0780,-0.2537,-17.6400,-20.2300,17.2200,-0.6032,-0.6918,0.5888,0
173205,5.8525,-7.1211,-1.5343,-38.4300,-30.5900,26.6700,-1.3141,-1.0460,0.9120,0
173244,4.9117,-8.6937,-1.6133,-41.5100,-16.4500,38.0100,-1.4194,-0.5625,1.2997,0
173283,4.8998,-8.7416,-1.6516,-17.2200,-25.9000,41.3700,-0.5888,-0.8856,1.4146,0
173322,4.4522,-6.4963,-1.7162,-25.9700,-35.6300,34.1600,-0.8880,-1.2184,1.1681,0
173361,4.8926,-7.7841,-1.1011,-36.4000,-44.7300,36.3300,-1.2447,-1.5295,1.2423,0
173400,5.1750,-8.2796,-2.2285,-17.7100,-26.9500,36.8200,-0.6056,-0.9216,1.2591,0
173439,3.2242,-6.6974,-2.0633,-0.2100,-58.3100,28.0700,-0.0072,-1.9939,0.9598,0
173478,4.9309,-7.9612,-2.5349,-28.8400,-65.8700,42.6300,-0.9862,-2.2524,1.4577,0
173517,5.1798,-9.9934,-2.8772,-3.5000,-55.6500,63.6300,-0.1197,-1.9029,2.1758,0
173556,4.8878,-8.0881,-2.6115,17.9200,-77.5600,66.5000,0.6128,-2.6522,2.2740,0
173595,5.4096,-6.2522,-1.9700,22.4700,-87.8500,59.2200,0.7684,-3.0040,2.0250,0
173634,5.8692,-7.3317,-3.0208,19.5300,-87.1500,58.8700,0.6678,-2.9801,2.0131,0
173673,5.2971,-6.3838,-1.2495,14.1400,-59.5700,59.5700,0.4835,-2.0370,2.0370,0
173712,3.1620,-7.0660,-3.4923,0.5600,-56.9100,62.0200,0.0191,-1.9460,2.1208,0
173751,4.6030,-9.4285,-2.9083,21.0000,-79.0300,100.5200,0.7181,-2.7024,3.4373,0
173790,2.1782,-6.4772,-0.8378,11.0600,-54.5300,101.6400,0.3782,-1.8646,3.4756,0
173829,3.5426,-5.1990,-1.1322,25.2700,-73.9900,109.9000,0.8641,-2.5301,3.7580,0
173868,2.7958,-3.7700,-0.3088,0.2800,-71.4700,108.2200,0.0096,-2.4439,3.7006,1
173907,1.4122,-5.6705,-1.7258,10.5700,-74.1300,110.5300,0.3614,-2.5349,3.7796,0
173946,-1.4673,-4.9812,-0.2082,21.9100,-81.6200,108.5700,0.7492,-2.7910,3.7125,0
173985,-2.9083,-8.0187,-3.0519,38.2200,-133.5600,134.2600,1.3069,-4.5671,4.5910,0
174024,-2.1351,-5.2612,-3.9256,210.8400,-86.0300,221.5500,7.2096,-2.9418,7.5759,0
174063,-11.9921,-18.5411,13.1052,350.0000,-201.4600,319.7600,11.9682,-6.8889,10.9341,0
174102,-16.7100,-5.0338,8.3538,117.8800,-2.3100,310.9400,4.0309,-0.0790,10.6325,0
174141,-31.3064,0.0263,12.0328,96.8100,10.0100,261.8000,3.3104,0.3423,8.9522,0
174180,-38.2145,1.7282,10.5536,-72.4500,76.6500,140.7000,-2.4774,2.6210,4.8112,0
174219,-20.3842,1.0867,5.7782,-58.7300,-20.7200,50.7500,-2.0083,-0.7085,1.7354,0
174258,-15.1613,3.9902,3.5905,-41.2300,-69.4400,31.2900,-1.4099,-2.3745,1.0700,0
174297,-9.8977,5.7926,1.0125,-63.7000,-26.8100,38.2900,-2.1782,-0.9168,1.3093,0
174336,-0.4476,1.5056,0.6606,-98.1400,-1.4700,34.7900,-3.3559,-0.0503,1.1896,0
174375,1.9293,-2.7431,-1.5295,-90.4400,2.5900,12.0400,-3.0926,0.0886,0.4117,0
174414,2.6905,-2.2859,-1.9125,-29.7500,-50.6800,5.1100,-1.0173,-1.7330,0.1747,0
174453,1.5630,-0.1101,-0.4285,2.6600,-18.4100,-0.3500,0.0910,-0.6295,-0.0120,0
174492,1.1083,1.3644,0.1747,15.4700,-52.1500,15.6100,0.5290,-1.7833,0.5338,0
174531,-1.0867,2.7886,2.9681,-4.6900,-9.5900,30.1700,-0.1604,-0.3279,1.0317,0
174570,-4.6102,2.5492,3.3822,40.3200,-10.9900,33.5300,1.3787,-0.3758,1.1466,0
174609,-11.9514,4.7250,7.0756,-3.5700,17.0100,16.1700,-0.1221,0.5817,0.5529,0
174648,-20.2646,7.5639,7.6932,-24.9900,13.0200,-2.5900,-0.8545,0.4452,-0.0886,0
174687,-19.1874,-0.3423,6.1301,-34.0200,-4.2000,-3.2200,-1.1633,-0.1436,-0.1101,0
174726,-17.4401,-3.2577,7.0349,-65.3800,-46.5500,-56.0700,-2.2357,-1.5918,-1.9173,0
174765,-12.1597,-0.3830,5.2899,-59.5000,-42.6300,-74.9000,-2.0346,-1.4577,-2.5612,0
174804,-8.0833,-2.1639,2.3099,-39.2000,-49.7700,-90.8600,-1.3404,-1.7019,-3.1069,0
174843,-5.8285,-3.5330,2.2500,-48.9300,-24.1500,-80.5000,-1.6732,-0.8258,-2.7527,0
174882,-3.1069,-3.6479,2.3553,-18.6900,-17.9900,-47.0400,-0.6391,-0.6152,-1.6085,0
174921,-3.0615,-4.1601,2.6306,15.6100,-5.9500,-23.4500,0.5338,-0.2035,-0.8019,0
174960,-4.7179,-3.6240,3.6240,25.8300,0.7000,-11.2000,0.8833,0.0239,-0.3830,0
174999,-6.5466,-2.9705,4.7801,17.1500,1.3300,-6.9300,0.5864,0.0455,-0.2370,0
175038,-7.8272,-3.9423,5.2684,9.1000,5.2500,-0.7700,0.3112,0.1795,-0.0263,0
175077,-8.6841,-5.8213,6.1900,-12.4600,8.4000,-0.7700,-0.4261,0.2872,-0.0263,0
175116,-8.2987,-5.4766,4.8375,-5.6700,-9.5900,-6.3000,-0.1939,-0.3279,-0.2154,0
175155,-8.7966,-4.3492,4.8328,3.7100,-12.0400,-8.2600,0.1269,-0.4117,-0.2824,0
175194,-9.1964,-3.5354,4.6748,-13.7200,2.1000,0.4900,-0.4692,0.0718,0.0168,0
175233,-8.6482,-3.9615,4.3086,-4.9000,-4.7600,1.4000,-0.1676,-0.1628,0.0479,0
175272,-8.1097,-3.8442,4.7346,-0.9100,-8.1200,-0.8400,-0.0311,-0.2777,-0.0287,0
175311,-7.7769,-3.1476,4.4785,5.1800,-0.3500,1.8200,0.1771,-0.0120,0.0622,0
175350,-7.4993,-2.6641,4.4019,12.6700,1.8900,1.3300,0.4332,0.0646,0.0455,0
175389,-7.6501,-2.3984,4.7921,7.4200,-3.7100,-2.0300,0.2537,-0.1269,-0.0694,0
175428,-7.4514,-2.3673,4.6389,6.6500,-6.3700,-1.7500,0.2274,-0.2178,-0.0598,0
175467,-7.7745,-2.8724,5.0578,6.5800,-9.4500,-2.8000,0.2250,-0.3231,-0.0957,0
175506,-8.1575,-3.1692,5.4934,-5.3900,-11.6200,-5.7400,-0.1843,-0.3973,-0.1963,0
175545,-7.7530,-3.5019,5.2876,-8.7500,-13.1600,-6.3000,-0.2992,-0.4500,-0.2154,0
175584,-7.4370,-3.5522,5.1750,-5.3900,-12.9500,-5.7400,-0.1843,-0.4428,-0.1963,0
175623,-7.3150,-3.4109,5.1535,-6.7200,-7.0700,-4.9700,-0.2298,-0.2418,-0.1699,0
175662,-7.2312,-3.7604,5.1679,-4.4100,-3.5700,-2.7300,-0.1508,-0.1221,-0.0934,0
175701,-7.0708,-3.8418,5.0362,-2.6600,-1.7500,-1.4000,-0.0910,-0.0598,-0.0479,0
175740,-7.2503,-3.8226,4.8256,0.4900,1.0500,-0.7700,0.0168,0.0359,-0.0263,0
175779,-7.4394,-3.7460,5.0602,0.0700,1.7500,0.2800,0.0024,0.0598,0.0096,0
175818,-7.4179,-3.7006,5.2445,0.0000,1.1900,0.8400,0.0000,0.0407,0.0287,0
175857,-7.5471,-3.7173,5.1894,0.2100,2.5900,0.9100,0.0072,0.0886,0.0311,0
175896,-7.5807,-3.7413,4.9931,2.9400,2.1700,1.1200,0.1005,0.0742,0.0383,0
175935,-7.7051,-3.6120,5.0865,0.5600,3.0800,0.6300,0.0191,0.1053,0.0215,0
175974,-7.5831,-3.4636,5.0003,1.2600,1.4000,0.7000,0.0431,0.0479,0.0239,0
176013,-7.6070,-3.4397,4.9572,0.6300,1.4700,0.3500,0.0215,0.0503,0.0120,0
176052,-7.6309,-3.4157,4.9979,-0.4900,-17.5700,-0.7700,-0.0168,-0.6008,-0.0263,0
176091,-7.7721,-3.6000,5.0554,-0.2100,-1.2600,-0.9800,-0.0072,-0.0431,-0.0335,0
176130,-7.6764,-3.7796,4.9907,-1.5400,-2.6600,-1.3300,-0.0527,-0.0910,-0.0455,0
176169,-7.5759,-3.7891,5.0458,-2.1000,-2.3100,-1.6800,-0.0718,-0.0790,-0.0574,0
176208,-7.5376,-3.6862,4.9955,-0.7700,-3.3600,-1.3300,-0.0263,-0.1149,-0.0455,0
176247,-7.5184,-3.7437,4.9668,-1.7500,-3.0800,-1.1900,-0.0598,-0.1053,-0.0407,0
176286,-7.4059,-3.7748,5.1822,-2.7300,-3.2200,-0.7700,-0.0934,-0.1101,-0.0263,0
176325,-7.4562,-3.8250,4.9668,-4.4100,-2.1000,0.0700,-0.1508,-0.0718,0.0024,0
176364,-7.5543,-3.6527,5.0266,-2.5200,-4.4800,0.3500,-0.0862,-0.1532,0.0120,0
176403,-7.3772,-3.5617,4.9740,-0.7000,-4.3400,0.3500,-0.0239,-0.1484,0.0120,0
176442,-7.4466,-3.8011,5.0985,-0.4200,-3.8500,0.2800,-0.0144,-0.1317,0.0096,0
176481,-7.3652,-3.8753,5.1296,-0.9100,-2.9400,0.3500,-0.0311,-0.1005,0.0120,0
176520,-7.2671,-3.7125,5.0961,2.0300,-1.8900,0.9100,0.0694,-0.0646,0.0311,0
176559,-7.4801,-3.5258,5.2516,2.3800,-1.6100,0.6300,0.0814,-0.0551,0.0215,0
176598,-7.5017,-3.6838,5.2445,-0.9100,0.5600,0.5600,-0.0311,0.0191,0.0191,0
176637,-7.3293,-3.7341,5.0386,0.4200,-0.5600,0.4900,0.0144,-0.0191,0.0168,0
176676,-7.4706,-3.6312,5.1727,1.4000,0.5600,0.4900,0.0479,0.0191,0.0168,0
176715,-7.5041,-3.7460,5.0506,0.0000,0.4900,0.0700,0.0000,0.0168,0.0024,0
176754,-7.5400,-3.8250,5.0290,1.1900,-0.5600,-0.4900,0.0407,-0.0191,-0.0168,0
176793,-7.4801,-3.6790,5.1463,0.2800,-1.8200,-0.8400,0.0096,-0.0622,-0.0287,0
176832,-7.4442,-3.6838,5.1511,-0.3500,-1.3300,-0.5600,-0.0120,-0.0455,-0.0191,0
176871,-7.4849,-3.7149,5.0434,0.5600,-2.3800,-0.2800,0.0191,-0.0814,-0.0096,0
176910,-7.5136,-3.9232,5.0578,-0.9100,-2.3100,-0.7700,-0.0311,-0.0790,-0.0263,0
176949,-7.3174,-3.8466,5.1631,0.9800,-3.1500,-0.4200,0.0335,-0.1077,-0.0144,0
176988,-7.3652,-3.6383,5.1798,1.6100,-2.3800,-0.2800,0.0551,-0.0814,-0.0096,0
177027,-7.4011,-3.7556,5.1391,-0.2800,-0.5600,-0.4900,-0.0096,-0.0191,-0.0168,0
177066,-7.3509,-3.7030,5.1296,-0.1400,-1.8900,-0.7700,-0.0048,-0.0646,-0.0263,0
177105,-7.2982,-3.8992,5.2181,-0.8400,-0.7700,-0.7700,-0.0287,-0.0263,-0.0263,0
177144,-7.3868,-3.8202,5.0673,1.8900,-2.1000,-0.7000,0.0646,-0.0718,-0.0239,0
177183,-7.4418,-3.7125,5.2923,-0.2800,-1.8200,-1.1900,-0.0096,-0.0622,-0.0407,0
177222,-7.2527,-3.8274,5.2684,-1.3300,-2.8000,-0.7000,-0.0455,-0.0957,-0.0239,0
177261,-7.2455,-3.9423,5.2062,0.2800,-1.6800,-0.1400,0.0096,-0.0574,-0.0048,0
177300,-7.3700,-3.6551,5.2325,0.4200,-2.2400,0.4200,0.0144,-0.0766,0.0144,0
177339,-7.2479,-3.7125,5.2373,0.1400,-1.6100,0.8400,0.0048,-0.0551,0.0287,0
177378,-7.3174,-3.8466,5.2038,0.7000,-0.9800,0.7000,0.0239,-0.0335,0.0239,0
177417,-7.3174,-3.7700,5.2397,0.1400,-0.0700,0.3500,0.0048,-0.0024,0.0120,0
177456,-7.2862,-3.7604,5.2493,0.9100,0.2800,0.2100,0.0311,0.0096,0.0072,0
177495,-7.3174,-3.6695,5.1224,-0.2100,0.2100,0.0000,-0.0072,0.0072,0.0000,0
177534,-7.4227,-3.8083,5.2660,-0.5600,0.3500,0.0000,-0.0191,0.0120,0.0000,0
177573,-7.3389,-3.8466,5.0625,-0.7700,-1.2600,-0.5600,-0.0263,-0.0431,-0.0191,0
177612,-7.4753,-3.8873,5.1703,-0.2800,-0.8400,-0.2800,-0.0096,-0.0287,-0.0096,0
177651,-7.4011,-3.7508,5.2469,-0.6300,-2.2400,-0.4900,-0.0215,-0.0766,-0.0168,0
177690,-7.2551,-3.8729,5.1176,-1.1900,-1.1900,-1.0500,-0.0407,-0.0407,-0.0359,0
177729,-7.3078,-3.9663,5.0530,0.0700,-2.8000,-0.2100,0.0024,-0.0957,-0.0072,0
177768,-7.1690,-4.1434,5.1846,2.8000,-2.3100,0.6300,0.0957,-0.0790,0.0215,0
177807,-7.0469,-3.7149,5.3618,2.8000,-1.6100,1.4000,0.0957,-0.0551,0.0479,0
177846,-7.3269,-3.6790,5.2660,0.6300,1.6100,0.8400,0.0215,0.0551,0.0287,0
177885,-7.5017,-3.7891,5.2612,-0.0700,0.2100,0.2100,-0.0024,0.0072,0.0072,0
177924,-7.2408,-3.5426,5.3881,-1.7500,-0.4900,0.5600,-0.0598,-0.0168,0.0191,0
177963,-7.2240,-3.6886,5.3067,-0.5600,-1.0500,1.5400,-0.0191,-0.0359,0.0527,0
178002,-7.3293,-3.8418,5.1655,-2.2400,-0.1400,0.7700,-0.0766,-0.0048,0.0263,0
178041,-7.4562,-4.0620,5.0937,-1.6800,0.8400,0.7000,-0.0574,0.0287,0.0239,0
178080,-7.3030,-3.9591,5.0697,0.2800,0.1400,0.5600,0.0096,0.0048,0.0191,0
178119,-7.3628,-4.0692,5.1104,0.7700,0.4200,0.7700,0.0263,0.0144,0.0263,0
178158,-7.1570,-3.7700,5.4264,2.5200,-1.2600,1.6800,0.0862,-0.0431,0.0574,0
178197,-7.4083,-3.6455,5.1822,3.9200,-0.4200,1.5400,0.1340,-0.0144,0.0527,0
178236,-7.4825,-3.7054,5.3282,1.2600,-0.6300,1.9600,0.0431,-0.0215,0.0670,0
178275,-7.2240,-3.6718,5.3139,1.8900,-2.1000,2.1000,0.0646,-0.0718,0.0718,0
178314,-7.2767,-3.6048,5.2469,0.6300,0.4900,1.9600,0.0215,0.0168,0.0670,0
178353,-7.3844,-3.6407,5.3019,-0.2100,0.1400,1.3300,-0.0072,0.0048,0.0455,0
178392,-7.4083,-3.7341,5.1391,0.0000,0.2800,0.0700,0.0000,0.0096,0.0024,0
178431,-7.3557,-3.8298,5.2157,0.0000,0.7700,-0.8400,0.0000,0.0263,-0.0287,0
178470,-7.4418,-3.7604,5.1272,-0.0700,1.4000,-1.3300,-0.0024,0.0479,-0.0455,0
178509,-7.3509,-3.6718,5.1703,2.0300,-0.4200,-1.1900,0.0694,-0.0144,-0.0407,0
178548,-7.3820,-3.8298,5.2325,0.0000,0.2100,-1.1200,0.0000,0.0072,-0.0383,0
178587,-7.3317,-3.8633,5.2229,0.2100,-0.8400,-0.5600,0.0072,-0.0287,-0.0191,0
178626,-7.3413,-3.8442,5.1200,0.4900,-1.4000,-0.2800,0.0168,-0.0479,-0.0096,0
178665,-7.3293,-3.8897,5.2181,-0.2800,-1.2600,0.0000,-0.0096,-0.0431,0.0000,0
178704,-7.2551,-3.8346,5.2564,0.6300,-1.8900,0.7700,0.0215,-0.0646,0.0263,0
178743,-7.3078,-3.6886,5.2923,0.0000,-1.4000,1.1200,0.0000,-0.0479,0.0383,0
178782,-7.4059,-3.8131,5.3115,-0.2800,-0.6300,1.0500,-0.0096,-0.0215,0.0359,0
178821,-7.1905,-3.7652,5.2133,-0.5600,-1.1900,0.7000,-0.0191,-0.0407,0.0239,0
178860,-7.2599,-3.8155,5.2181,0.1400,0.8400,0.8400,0.0048,0.0287,0.0287,0
178899,-7.3796,-3.6862,5.1655,1.0500,0.4200,0.9100,0.0359,0.0144,0.0311,0
178938,-7.4059,-3.6623,5.2110,0.7000,0.4900,0.5600,0.0239,0.0168,0.0191,0
178977,-7.4035,-3.7437,5.2995,0.3500,0.1400,0.2100,0.0120,0.0048,0.0072,0
179016,-7.4682,-3.7030,5.2660,0.7700,-0.8400,0.0700,0.0263,-0.0287,0.0024,0
179055,-7.3533,-3.7484,5.2373,-0.8400,-1.3300,-0.2100,-0.0287,-0.0455,-0.0072,0
179094,-7.2862,-3.7700,5.1679,-0.7000,-1.4000,-0.3500,-0.0239,-0.0479,-0.0120,0
179133,-7.3461,-3.8490,5.1894,-0.8400,-0.8400,-0.2800,-0.0287,-0.0287,-0.0096,0
179172,-7.1761,-3.7820,5.3067,0.3500,-1.1900,0.2800,0.0120,-0.0407,0.0096,0
179211,-7.2623,-3.8418,5.2493,-1.2600,-0.5600,0.7700,-0.0431,-0.0191,0.0263,0
179250,-7.2001,-3.9184,5.2756,-1.9600,0.7700,0.9100,-0.0670,0.0263,0.0311,0
179289,-7.4107,-3.8992,5.0937,0.6300,-0.0700,2.4500,0.0215,-0.0024,0.0838,0
179328,-7.4538,-3.8250,5.1607,0.7700,0.0000,1.3300,0.0263,0.0000,0.0455,0
179367,-7.4993,-3.7245,5.2014,0.1400,0.7000,0.4200,0.0048,0.0239,0.0144,0
179406,-7.4323,-3.6910,5.2493,0.9100,-0.6300,0.1400,0.0311,-0.0215,0.0048,0
179445,-7.3916,-3.7939,5.1846,0.2800,-1.1900,0.0000,0.0096,-0.0407,0.0000,0
179484,-7.2384,-3.6958,5.2540,0.2800,-2.1000,-0.2100,0.0096,-0.0718,-0.0072,0
179523,-7.1977,-3.6335,5.1750,0.8400,-1.6100,-0.6300,0.0287,-0.0551,-0.0215,0
179562,-7.2982,-3.8394,5.0051,0.9800,-1.6800,0.0000,0.0335,-0.0574,0.0000,0
179601,-7.1259,-3.8729,5.2684,4.4800,2.0300,-0.0700,0.1532,0.0694,-0.0024,0
179640,-7.4203,-3.8585,5.6849,3.4300,6.5800,1.7500,0.1173,0.2250,0.0598,0
179679,-7.3317,-3.8729,5.4862,3.9200,8.4700,3.0100,0.1340,0.2896,0.1029,0
179718,-6.9463,-3.6024,5.3091,3.7100,10.8500,3.5700,0.1269,0.3710,0.1221,0
179757,-6.9033,-3.4444,5.3809,-0.7000,14.9100,3.5000,-0.0239,0.5098,0.1197,0
179796,-6.8267,-3.3367,4.9189,1.4000,17.2900,4.6200,0.0479,0.5912,0.1580,0
179835,-7.2001,-3.4468,4.6867,9.3800,23.6600,5.2500,0.3207,0.8091,0.1795,0
179874,-7.6214,-3.6216,4.8782,4.2000,25.6900,5.8100,0.1436,0.8785,0.1987,0
179913,-7.4682,-3.5234,4.9094,5.2500,27.1600,7.4900,0.1795,0.9287,0.2561,0
179952,-7.5902,-3.3080,4.4857,7.3500,28.9100,9.4500,0.2513,0.9886,0.3231,0
179991,-8.0019,-3.1596,4.3014,14.0700,27.6500,9.8700,0.4811,0.9455,0.3375,0
180030,-8.1815,-3.1764,3.8777,31.3600,30.5900,13.3000,1.0724,1.0460,0.4548,0
180069,-8.6458,-3.4062,4.1913,19.1800,23.5900,7.9100,0.6559,0.8067,0.2705,0
180108,-8.8804,-3.0016,3.8538,16.5200,19.6700,4.6900,0.5649,0.6726,0.1604,0
180147,-9.1198,-3.0974,4.0883,9.8000,15.8200,4.1300,0.3351,0.5410,0.1412,0
180186,-9.0144,-3.0854,3.2530,5.0400,11.9000,1.7500,0.1723,0.4069,0.0598,0
180225,-8.8708,-2.8843,3.7460,4.9700,8.6100,0.0000,0.1699,0.2944,0.0000,0
180264,-8.7176,-2.7503,3.9064,-0.9800,10.6400,-0.4200,-0.0335,0.3638,-0.0144,0
180303,-8.5764,-3.1285,3.8274,-1.6100,8.6100,-0.2800,-0.0551,0.2944,-0.0096,0
180342,-8.4113,-2.8460,3.6096,7.0700,5.3900,-4.2700,0.2418,0.1843,-0.1460,0
180381,-7.7793,-1.6971,3.9256,3.5700,5.1100,-1.8900,0.1221,0.1747,-0.0646,0
180420,-7.7339,-2.7527,3.6982,12.6000,14.8400,5.9500,0.4309,0.5075,0.2035,0
180459,-8.8349,-3.6096,4.0189,-0.2800,31.0100,10.0800,-0.0096,1.0604,0.3447,0
180498,-9.1006,-3.4827,3.2817,2.4500,29.8200,16.5200,0.0838,1.0197,0.5649,0
180537,-9.3184,-2.7264,3.5785,-0.4900,16.9400,9.2400,-0.0168,0.5793,0.3160,0
180576,-8.2245,-2.0633,2.7694,0.7700,11.8300,3.5700,0.0263,0.4045,0.1221,0
180615,-7.4801,-1.8503,2.8748,9.1700,15.9600,-0.7000,0.3136,0.5457,-0.0239,0
180654,-8.5309,-2.3625,2.0920,-0.7000,24.4300,-6.7200,-0.0239,0.8354,-0.2298,0
180693,-9.7708,-2.2955,2.5803,5.8100,26.8100,-6.2300,0.1987,0.9168,-0.2130,0
180732,-10.3070,-2.5971,2.8652,8.8200,14.3500,-7.4900,0.3016,0.4907,-0.2561,0
180771,-10.3118,-2.0442,2.7862,3.2200,2.0300,-12.3900,0.1101,0.0694,-0.4237,0
180810,-10.0677,-2.1208,2.3625,-1.9600,4.7600,-17.6400,-0.0670,0.1628,-0.6032,0
180849,-9.5387,-2.8891,2.0633,-1.7500,0.3500,-25.0600,-0.0598,0.0120,-0.8569,0
180888,-8.6386,-2.6378,1.9987,2.7300,-14.4200,-31.6400,0.0934,-0.4931,-1.0819,0
180927,-8.4352,-3.3559,1.8407,-0.4200,7.4900,-30.5200,-0.0144,0.2561,-1.0436,0
180966,-7.7745,-3.2697,3.3104,8.6800,-7.9100,-20.3700,0.2968,-0.2705,-0.6965,0
181005,-7.5543,-3.4253,2.8580,0.8400,13.6500,-11.0600,0.0287,0.4668,-0.3782,0
181044,-8.3538,-3.6910,2.9729,0.0000,11.0600,0.0000,0.0000,0.3782,0.0000,0
181083,-9.1078,-4.7562,1.9053,-0.7000,23.2400,1.4700,-0.0239,0.7947,0.0503,0
181122,-9.9863,-5.0314,2.3051,-4.8300,-1.9600,4.7600,-0.1652,-0.0670,0.1628,0
181161,-8.6458,-4.6245,2.1878,-12.1800,1.0500,3.0800,-0.4165,0.0359,0.1053,0
181200,-8.0977,-4.9883,0.5673,13.4400,17.7800,5.9500,0.4596,0.6080,0.2035,0
181239,-8.8110,-4.3133,1.9604,18.2700,37.7300,2.2400,0.6247,1.2902,0.0766,0
181278,-9.6679,-3.2458,1.6899,29.1900,32.8300,-0.0700,0.9981,1.1226,-0.0024,0
181317,-10.2472,-2.5325,1.8455,32.2000,12.9500,-9.6600,1.1011,0.4428,-0.3303,0
181356,-9.8020,-1.7880,2.8317,25.9700,-3.3600,-23.2400,0.8880,-0.1149,-0.7947,0
181395,-6.4604,-0.8067,3.4564,-3.8500,-17.2200,-35.9800,-0.1317,-0.5888,-1.2303,0
181434,-6.5418,-2.4319,3.1788,-0.2100,9.5900,-47.0400,-0.0072,0.3279,-1.6085,0
181473,-5.5820,-3.5833,3.3248,-12.3200,6.5100,-51.3100,-0.4213,0.2226,-1.7545,0
181512,-7.8057,-5.3354,0.4141,-2.5900,13.7200,-39.9700,-0.0886,0.4692,-1.3668,0
181551,-10.6158,-5.5245,1.9149,-14.3500,19.2500,-25.0600,-0.4907,0.6583,-0.8569,0
181590,-10.1538,-5.5915,0.1412,-27.1600,0.9100,-28.2800,-0.9287,0.0311,-0.9670,0
181629,-9.9647,-5.8764,0.7899,-0.7700,4.3400,-32.9700,-0.0263,0.1484,-1.1274,0
181668,-9.2227,-6.0009,1.6037,7.2100,-9.3100,-34.7900,0.2465,-0.3184,-1.1896,0
181707,-8.5309,-6.2929,1.0652,-13.7200,2.6600,-43.8900,-0.4692,0.0910,-1.5008,0
181746,-7.2192,-5.7399,1.5559,-11.1300,-0.8400,-43.3300,-0.3806,-0.0287,-1.4817,0
181785,-6.7668,-6.0224,1.4051,-8.6800,8.0500,-39.9000,-0.2968,0.2753,-1.3644,0
181824,-6.1900,-6.3431,1.7067,-0.9100,8.8200,-36.1200,-0.0311,0.3016,-1.2351,0
181863,-6.8817,-6.7381,0.9431,2.1700,7.1400,-33.4600,0.0742,0.2442,-1.1442,0
181902,-7.4610,-7.2312,0.6942,8.4700,14.9800,-35.9100,0.2896,0.5122,-1.2279,0
181941,-7.4107,-7.0612,0.8952,3.9900,11.4800,-38.9900,0.1364,0.3926,-1.3333,0
181980,-7.7865,-7.4035,0.1987,15.6800,11.7600,-45.1500,0.5362,0.4021,-1.5439,0
182019,-7.4682,-7.4777,1.3883,5.7400,-1.4000,-43.6100,0.1963,-0.0479,-1.4912,0
182058,-6.7381,-7.4394,1.4745,-4.1300,2.8000,-37.7300,-0.1412,0.0957,-1.2902,0
182097,-6.2594,-7.3940,1.7809,-8.5400,4.4800,-32.4100,-0.2920,0.1532,-1.1083,0
182136,-6.0104,-7.3054,1.2638,-12.6000,7.9100,-31.2900,-0.4309,0.2705,-1.0700,0
182175,-5.8046,-7.4945,1.3069,-18.7600,4.6200,-28.4900,-0.6415,0.1580,-0.9742,0
182214,-4.7945,-8.2628,0.8282,-18.8300,3.8500,-28.3500,-0.6439,0.1317,-0.9694,0
182253,-5.3929,-8.5405,0.4739,-5.8800,33.1100,-37.0300,-0.2011,1.1322,-1.2662,0
182292,-7.2144,-8.3490,0.2824,16.1000,10.4300,-36.5400,0.5505,0.3567,-1.2495,0
182331,-6.3264,-8.5381,0.3064,14.0700,-8.7500,-37.7300,0.4811,-0.2992,-1.2902,0
182370,-5.1679,-9.7062,-0.4021,6.1600,-21.1400,-36.9600,0.2106,-0.7229,-1.2638,0
182409,-4.7250,-9.4621,0.4811,1.2600,-19.9500,-35.0000,0.0431,-0.6822,-1.1968,0
182448,-3.7796,-9.7493,-0.4261,17.4300,-20.9300,-27.1600,0.5960,-0.7157,-0.9287,0
182487,-4.3253,-10.5655,0.2442,45.7100,-13.5100,-30.4500,1.5630,-0.4620,-1.0412,0
182526,-4.0285,-10.2807,0.6176,42.5600,-13.3000,-37.9400,1.4553,-0.4548,-1.2974,0
182565,-4.0788,-10.9318,1.4529,51.5200,-15.0500,-36.0500,1.7617,-0.5146,-1.2327,0
182604,-4.3109,-9.7541,2.0992,40.7400,-14.9800,-37.2400,1.3931,-0.5122,-1.2734,0
182643,-4.3660,-8.8589,2.4774,42.2800,-22.9600,-38.4300,1.4458,-0.7851,-1.3141,0
182682,-3.8705,-8.5046,3.0375,31.0100,-26.3900,-37.5200,1.0604,-0.9024,-1.2830,0
182721,-3.5426,-8.7416,3.8274,21.4900,-29.8900,-39.2000,0.7348,-1.0221,-1.3404,0
182760,-3.9088,-8.4831,4.2391,16.8000,-34.1600,-35.7700,0.5745,-1.1681,-1.2232,0
182799,-3.5641,-8.5381,3.9950,-1.3300,-45.9900,-35.4200,-0.0455,-1.5726,-1.2112,0
182838,-3.0591,-9.2347,4.0835,-2.4500,-52.2900,-33.3900,-0.0838,-1.7880,-1.1418,0
182877,-1.9819,-9.3424,4.3780,3.7100,-51.9400,-25.3400,0.1269,-1.7761,-0.8665,0
182916,-2.0681,-8.7942,3.6671,9.8700,-54.4600,-22.5400,0.3375,-1.8623,-0.7708,0
182955,-1.9676,-9.4285,3.6886,34.4400,-49.4900,-17.6400,1.1777,-1.6923,-0.6032,0
182994,-1.6492,-8.2557,5.2325,43.6100,-22.6100,-15.6100,1.4912,-0.7731,-0.5338,0
183033,-0.9670,-7.4155,3.8538,9.6600,-95.4100,-2.5900,0.3303,-3.2625,-0.0886,0
183072,-0.9862,-7.2695,4.8328,18.7600,-92.7500,12.0400,0.6415,-3.1716,0.4117,0
183111,-0.6032,-7.4538,2.9107,15.5400,-82.9500,25.6200,0.5314,-2.8365,0.8761,0
183150,-1.0341,-6.1564,3.6312,-15.8900,-103.4600,39.7600,-0.5434,-3.5378,1.3596,0
183189,0.3782,-5.4814,2.6522,-37.6600,-110.3200,53.6900,-1.2878,-3.7724,1.8359,0
183228,1.4960,-8.4400,3.8202,-52.3600,-113.4000,70.5600,-1.7904,-3.8777,2.4128,0
183267,2.1112,-8.0690,2.9059,-48.2300,-95.1300,84.3500,-1.6492,-3.2530,2.8843,0
183306,0.8330,-8.6554,4.5144,-42.2100,-71.4700,88.7600,-1.4434,-2.4439,3.0351,0
183345,1.0676,-9.6081,2.0346,-35.3500,-62.7900,74.5500,-1.2088,-2.1471,2.5492,0
183384,-1.4697,-5.9195,2.6857,-34.0200,-58.0300,48.0900,-1.1633,-1.9843,1.6444,0
183423,-1.3189,-5.8525,0.4907,-68.1800,-48.7200,10.7800,-2.3314,-1.6660,0.3686,0
183462,1.2567,-7.8918,0.4476,-96.2500,-44.5900,-10.1500,-3.2913,-1.5247,-0.3471,0
183501,1.7545,-8.7823,0.6965,-80.4300,-26.2500,-25.4100,-2.7503,-0.8976,-0.8689,0
183540,2.3793,-8.6674,-0.5122,-82.1800,23.6600,-29.8200,-2.8101,0.8091,-1.0197,0
183579,-1.1561,-9.4597,-0.9670,-66.2900,39.2700,-12.8800,-2.2668,1.3428,-0.4404,0
183618,-0.0431,-11.6762,-1.2710,-80.7100,25.6900,4.6200,-2.7599,0.8785,0.1580,0
183657,-1.4075,-13.3924,-1.4410,-47.2500,26.4600,-3.5000,-1.6157,0.9048,-0.1197,0
183696,1.1154,-12.2387,-2.8652,-58.4500,34.1600,-22.1200,-1.9987,1.1681,-0.7564,0
183735,-0.7013,-11.0131,-3.4660,-30.9400,29.7500,-21.2100,-1.0580,1.0173,-0.7253,0
183774,-0.2561,-14.8358,-1.0532,-57.6800,37.3800,-23.5200,-1.9724,1.2782,-0.8043,0
183813,2.8915,-14.2230,-2.8197,-34.4400,32.6900,-15.8900,-1.1777,1.1178,-0.5434,0
183852,2.1064,-11.1544,-3.0136,39.9700,49.6300,-32.1300,1.3668,1.6971,-1.0987,0
183891,0.6271,-12.8921,0.1484,-30.7300,79.3800,-43.1900,-1.0508,2.7144,-1.4769,0
183930,1.0173,-12.6671,-3.4995,-15.8900,66.2200,-48.1600,-0.5434,2.2644,-1.6468,0
183969,-0.6870,-10.9198,-1.4410,-5.5300,56.7000,-73.0800,-0.1891,1.9388,-2.4990,0
184008,1.4218,-10.4602,-3.1979,-44.0300,8.2600,-74.9000,-1.5056,0.2824,-2.5612,0
184047,3.2697,-9.4285,-3.5689,-17.5700,17.6400,-67.1300,-0.6008,0.6032,-2.2955,0
184086,4.0572,-9.0839,-2.3960,-10.8500,1.9600,-69.1600,-0.3710,0.0670,-2.3649,0
184125,4.7131,-8.8684,-2.5564,-12.3200,-2.1700,-67.4100,-0.4213,-0.0742,-2.3051,0
184164,3.4444,-9.1198,-2.3434,-2.8700,16.1700,-66.0100,-0.0981,0.5529,-2.2572,0
184203,3.2530,-8.6051,-2.4200,12.0400,11.9700,-58.8000,0.4117,0.4093,-2.0107,0
184242,4.4234,-8.3394,-2.9777,21.7700,-8.0500,-52.5000,0.7444,-0.2753,-1.7952,0
184281,4.9524,-7.3676,-2.9514,29.3300,-2.1700,-53.0600,1.0029,-0.0742,-1.8144,0
184320,5.9793,-6.8123,-2.5109,29.9600,3.1500,-50.2600,1.0245,0.1077,-1.7186,0
184359,6.3623,-6.4939,-1.6325,30.1700,11.0600,-45.4300,1.0317,0.3782,-1.5535,0
184398,5.9338,-6.6495,-1.2064,23.7300,23.6600,-43.2600,0.8114,0.8091,-1.4793,0
184437,4.9477,-7.3700,-0.9431,34.0200,20.0200,-39.5500,1.1633,0.6846,-1.3524,0
184476,4.6580,-7.5663,-1.0580,42.5600,3.9900,-23.5200,1.4553,0.1364,-0.8043,0
184515,4.4737,-6.8913,-0.6511,53.3400,-16.5200,-19.5300,1.8240,-0.5649,-0.6678,0
184554,5.7543,-6.4963,-0.4189,65.0300,-26.2500,-18.4800,2.2237,-0.8976,-0.6319,0
184593,5.8453,-5.8405,-0.7660,64.2600,-25.9000,-23.1000,2.1974,-0.8856,-0.7899,0
184632,5.2923,-5.5724,-0.7396,65.1700,-32.5500,-23.1000,2.2285,-1.1130,-0.7899,0
184671,5.1272,-6.3216,-1.8934,60.2000,-34.7200,-17.5700,2.0585,-1.1872,-0.6008,0
184710,4.4713,-6.2019,-2.1399,59.0100,-31.1500,-9.3100,2.0178,-1.0652,-0.3184,0
184749,5.2229,-6.3767,-2.2165,73.9200,-26.6700,17.4300,2.5277,-0.9120,0.5960,0
184788,5.8788,-6.3479,-0.3710,80.0100,-10.7100,50.2600,2.7359,-0.3662,1.7186,0
184827,6.7932,-7.3365,1.4194,72.0300,-10.2900,52.4300,2.4631,-0.3519,1.7928,0
184866,6.6711,-8.3514,2.1950,56.9800,-43.4700,31.9900,1.9484,-1.4865,1.0939,0
184905,7.0397,-9.7541,1.5750,63.2800,-77.5600,52.6400,2.1639,-2.6522,1.8000,0
184944,5.8764,-5.4695,0.4548,7.9100,-106.2600,35.3500,0.2705,-3.6335,1.2088,0
184983,5.6538,-6.7620,-1.2327,10.3600,-98.3500,53.7600,0.3543,-3.3631,1.8383,0
185022,4.8016,-9.2107,-0.0191,20.2300,-73.7800,85.8900,0.6918,-2.5229,2.9370,0
185061,4.3133,-7.7554,2.9657,-13.7900,-86.1700,73.7100,-0.4715,-2.9466,2.5205,0
185100,2.6713,-8.2868,-0.3351,25.1300,-89.9500,57.0500,0.8593,-3.0758,1.9508,0
185139,3.1740,-11.0299,-0.4692,20.3700,-91.1400,52.0800,0.6965,-3.1165,1.7809,0
185178,4.1937,-10.2759,-0.3782,22.1900,-91.9100,40.1800,0.7588,-3.1428,1.3739,0
185217,4.5168,-8.3227,-0.0981,13.4400,-88.0600,26.7400,0.4596,-3.0112,0.9144,0
185256,4.8232,-8.9714,-0.3662,10.5000,-77.4200,14.9800,0.3590,-2.6474,0.5122,0
185295,4.5192,-9.5434,-0.5457,1.1900,-49.9800,-5.3900,0.0407,-1.7091,-0.1843,0
185334,3.1261,-9.4668,-1.1753,-3.5700,-31.2200,-19.9500,-0.1221,-1.0676,-0.6822,0
185373,2.4631,-9.4573,-1.8407,-5.6000,-9.6600,-45.0100,-0.1915,-0.3303,-1.5391,0
185412,2.1950,-8.3059,-1.8407,34.6500,-20.1600,-63.9800,1.1849,-0.6894,-2.1878,0
185451,2.3960,-7.1977,-1.3787,43.6800,-45.7100,-78.8900,1.4936,-1.5630,-2.6976,0
185490,3.7891,-6.3312,-0.9479,51.3800,-44.5200,-89.3900,1.7569,-1.5224,-3.0567,0
185529,8.4376,-7.9852,-0.3184,57.9600,-43.4000,-55.3000,1.9819,-1.4841,-1.8910,0
185568,9.1964,-8.3155,-0.4955,29.9600,-34.7200,-44.3800,1.0245,-1.1872,-1.5176,0
185607,7.0732,-9.1605,-1.0676,11.1300,-27.7200,-51.1700,0.3806,-0.9479,-1.7498,0
185646,5.3713,-8.9498,1.2806,32.9700,-16.1700,-29.1900,1.1274,-0.5529,-0.9981,0
185685,5.6466,-7.7865,2.4966,30.4500,-22.2600,-21.9800,1.0412,-0.7612,-0.7516,0
185724,7.0325,-7.2049,0.5457,47.9500,-24.0800,-34.4400,1.6396,-0.8234,-1.1777,0
185763,6.1421,-6.5299,-1.5128,61.3200,-36.2600,-46.1300,2.0968,-1.2399,-1.5774,0
185802,6.0463,-5.5413,-2.0274,51.3100,-30.8700,-24.2900,1.7545,-1.0556,-0.8306,0
185841,7.6836,-4.9979,-1.8455,0.0700,-24.1500,-10.9900,0.0024,-0.8258,-0.3758,0
185880,6.8003,-7.0971,-1.8551,-62.7200,-18.7600,9.7300,-2.1447,-0.6415,0.3327,0
185919,7.5902,-11.5493,0.1388,-52.1500,-22.4000,14.9100,-1.7833,-0.7660,0.5098,0
185958,6.7501,-11.7887,-0.5960,1.5400,-25.4100,-21.7000,0.0527,-0.8689,-0.7420,0
185997,5.7878,-8.4160,-1.0269,51.8000,-28.9100,-19.9500,1.7713,-0.9886,-0.6822,0
186036,6.4030,-7.4682,-0.8306,76.1600,-34.2300,-10.0800,2.6043,-1.1705,-0.3447,0
186075,6.8506,-7.1067,-1.3428,77.1400,-23.1700,-7.2800,2.6378,-0.7923,-0.2489,0
186114,7.4059,-6.1517,-2.1519,71.8200,-9.5200,1.1900,2.4559,-0.3255,0.0407,0
186153,7.4299,-7.0277,-2.9968,95.4100,7.2800,14.1400,3.2625,0.2489,0.4835,0
186192,6.3120,-6.9344,-0.7636,80.1500,34.3700,19.7400,2.7407,1.1753,0.6750,0
186231,6.7094,-7.2815,0.5362,61.2500,25.5500,20.5100,2.0944,0.8737,0.7013,0
186270,6.5538,-6.8506,1.1537,59.2200,5.0400,15.1900,2.0250,0.1723,0.5194,0
186309,7.7698,-7.8870,0.9718,62.4400,-49.4200,6.2300,2.1351,-1.6899,0.2130,0
186348,7.6668,-7.7937,0.2753,41.2300,-32.3400,-5.7400,1.4099,-1.1059,-0.1963,0
186387,6.7812,-5.6753,1.2495,36.8900,-14.2800,10.7800,1.2614,-0.4883,0.3686,0
186426,6.0703,-5.2780,0.3782,26.7400,-36.6800,32.2000,0.9144,-1.2543,1.1011,0
186465,4.9620,-5.7639,0.7779,12.9500,-27.2300,56.2800,0.4428,-0.9311,1.9245,0
186504,4.0285,-5.2205,3.0639,-63.8400,-52.5000,61.0400,-2.1830,-1.7952,2.0873,0
186543,4.9764,-6.8793,3.8059,-108.5000,-97.8600,61.2500,-3.7101,-3.3463,2.0944,0
186582,5.3809,-10.9724,2.3123,7.0700,-106.7500,85.1200,0.2418,-3.6503,2.9107,0
186621,5.2277,-8.8589,1.7761,-16.8000,-102.2700,61.2500,-0.5745,-3.4971,2.0944,0
186660,5.8118,-9.4381,-0.4069,-37.1700,-78.3300,56.9100,-1.2710,-2.6785,1.9460,0
186699,6.3144,-10.6230,-1.2375,-15.6800,-83.5800,66.2200,-0.5362,-2.8580,2.2644,0
186738,3.2889,-10.2950,-0.5697,-12.1100,-52.9200,49.4900,-0.4141,-1.8096,1.6923,0
186777,4.1338,-10.7091,-1.7545,29.2600,-52.5700,45.2900,1.0005,-1.7976,1.5487,0
186816,3.6288,-9.6153,-2.5014,17.1500,-34.5800,17.5000,0.5864,-1.1825,0.5984,0
186855,2.1758,-7.7291,-2.2141,14.2100,-12.3200,-17.0100,0.4859,-0.4213,-0.5817,0
186894,-0.0120,-7.7530,-2.9442,14.6300,5.5300,-53.4100,0.5003,0.1891,-1.8263,0
186933,-0.8976,-5.9913,-3.6407,9.0300,4.5500,-90.2300,0.3088,0.1556,-3.0854,0
186972,-0.7348,-4.2391,-3.3918,-7.7000,-14.2100,-115.3600,-0.2633,-0.4859,-3.9447,0
187011,1.0771,-3.9615,-3.1955,-38.7100,-34.4400,-129.2200,-1.3237,-1.1777,-4.4187,0
187050,12.0161,-9.7134,-0.7612,-62.3000,-29.1200,-75.5300,-2.1303,-0.9958,-2.5827,0
187089,11.6881,-9.7972,-0.6726,-17.1500,49.5600,-33.3900,-0.5864,1.6947,-1.1418,0
187128,8.5980,-8.2341,-0.0910,-26.8100,45.9200,-35.0000,-0.9168,1.5702,-1.1968,0
187167,7.3700,-6.1469,0.8450,-81.8300,61.9500,13.3000,-2.7982,2.1184,0.4548,0
187206,7.3054,-7.6214,-0.1293,-36.5400,90.6500,35.9100,-1.2495,3.0998,1.2279,0
187245,7.2216,-7.3461,-1.5463,1.2600,35.7700,-1.0500,0.0431,1.2232,-0.0359,0
187284,10.0557,-6.1325,-0.9407,7.2800,46.6200,6.3000,0.2489,1.5942,0.2154,0
187323,10.9413,-5.1296,-1.5846,-44.3100,69.5800,-2.4500,-1.5152,2.3793,-0.0838,0
187362,10.1299,-4.9261,-1.8024,-65.1700,84.2100,-9.1700,-2.2285,2.8795,-0.3136,0
187401,8.9809,-6.4245,-2.1279,-93.5200,94.7800,-7.0000,-3.1979,3.2410,-0.2394,0
187440,8.2245,-7.5735,-2.6474,-97.9300,99.8200,-1.4000,-3.3487,3.4133,-0.0479,0
187479,7.1474,-7.0804,-2.1830,-100.3800,98.4900,2.1000,-3.4325,3.3679,0.0718,0
187518,6.9942,-7.1091,-1.6133,-97.3000,83.8600,1.9600,-3.3272,2.8676,0.0670,0
187557,6.5777,-6.8650,-2.5564,-80.9200,84.2800,-2.8700,-2.7670,2.8819,-0.0981,0
187596,5.1344,-6.8721,-3.0758,-79.5200,92.4000,-0.8400,-2.7192,3.1596,-0.0287,0
187635,5.2133,-6.5203,-2.1447,-88.6900,100.3800,15.3300,-3.0327,3.4325,0.5242,0
187674,6.1947,-5.5341,-2.9705,-84.1400,137.6900,31.5000,-2.8772,4.7083,1.0771,0
187713,5.5748,-6.4150,-1.0293,-104.9300,143.8500,46.7600,-3.5881,4.9189,1.5990,0
187752,5.1559,-8.8876,1.5080,-109.0600,124.1100,51.1700,-3.7293,4.2439,1.7498,0
187791,7.2623,-10.1802,1.5367,-52.5700,74.0600,51.1000,-1.7976,2.5325,1.7474,0
187830,8.8541,-8.6219,0.8593,-48.0900,45.8500,42.5600,-1.6444,1.5678,1.4553,0
187869,9.8570,-6.5370,1.3213,-62.7900,50.8900,44.3100,-2.1471,1.7402,1.5152,0
187908,10.0222,-4.6748,0.2250,-84.4200,85.6800,54.9500,-2.8867,2.9298,1.8790,0
187947,6.1158,-6.6064,-2.1112,-89.3200,97.0900,65.7300,-3.0543,3.3200,2.2476,0
187986,3.0232,-7.7841,-2.0370,-104.1600,86.1000,87.7100,-3.5617,2.9442,2.9992,0
188025,-1.1226,-6.7620,-2.5971,-81.9700,42.0700,108.0800,-2.8030,1.4386,3.6958,0
188064,-1.9293,-9.2754,-2.5349,-34.6500,27.3000,96.1800,-1.1849,0.9335,3.2889,0
188103,0.4117,-11.6355,-1.5463,1.1900,14.5600,80.0100,0.0407,0.4979,2.7359,0
188142,2.8867,-11.4990,-1.3716,19.3200,8.1200,37.3800,0.6606,0.2777,1.2782,0
188181,3.1692,-8.5956,-1.5774,0.7700,33.1800,-13.9300,0.0263,1.1346,-0.4763,0
188220,3.5115,-6.4509,-1.0843,-34.1600,66.6400,-49.2800,-1.1681,2.2787,-1.6851,0
188259,4.5671,-8.7942,-1.4458,-67.2700,90.8600,-67.3400,-2.3003,3.1069,-2.3027,0
188298,5.5365,-10.5655,-0.2035,-104.4400,106.1200,-73.0800,-3.5713,3.6288,-2.4990,0
188337,6.9655,-11.6163,-0.9479,-48.4400,111.0200,-78.1900,-1.6564,3.7963,-2.6737,0
188376,5.1128,-9.9360,-2.2261,-37.5900,136.5000,-98.0700,-1.2854,4.6676,-3.3535,0
188415,6.2043,-10.9174,-2.4415,-40.1800,114.7300,-66.1500,-1.3739,3.9232,-2.2620,0
188454,3.7245,-8.3347,-0.9551,-13.9300,39.0600,18.3400,-0.4763,1.3357,0.6271,0
188493,4.8447,-7.5735,0.4883,-19.9500,73.2900,30.8700,-0.6822,2.5061,1.0556,0
188532,4.3109,-6.2618,-0.6630,-48.8600,59.9900,-2.1700,-1.6708,2.0513,-0.0742,0
188571,5.4455,-5.1463,-2.5037,-51.4500,64.4700,-35.1400,-1.7593,2.2045,-1.2016,0
188610,5.8668,-5.5556,-3.4468,-25.1300,77.4900,-25.4800,-0.8593,2.6498,-0.8713,0
188649,6.2306,-6.3408,-2.8939,-36.4000,50.9600,-9.2400,-1.2447,1.7426,-0.3160,0
188688,6.4987,-6.5945,-1.9724,-74.9000,20.7200,-21.7000,-2.5612,0.7085,-0.7420,0
188727,8.0354,-7.2384,-1.6803,-83.6500,-2.8700,-12.8100,-2.8604,-0.0981,-0.4380,0
188766,7.3341,-9.2083,-1.5583,-81.6200,3.7800,10.6400,-2.7910,0.1293,0.3638,0
188805,7.0110,-9.2801,-0.1987,-60.6200,37.2400,24.0100,-2.0729,1.2734,0.8210,0
188844,7.2049,-7.8583,0.7899,-2.9400,27.4400,10.3600,-0.1005,0.9383,0.3543,0
188883,8.6003,-6.4078,-1.0436,-1.2600,21.7000,-0.7000,-0.0431,0.7420,-0.0239,0
188922,7.6644,-6.7572,-1.0580,-30.1700,39.4100,-9.9400,-1.0317,1.3476,-0.3399,0
188961,6.5777,-6.7812,-1.7426,-45.0800,37.1000,6.2300,-1.5415,1.2686,0.2130,0
189000,6.5729,-7.9852,-1.6372,-20.5100,42.0700,34.3700,-0.7013,1.4386,1.1753,0
189039,6.4173,-8.1575,-1.1250,-4.3400,42.5600,31.0800,-0.1484,1.4553,1.0628,0
189078,6.4676,-7.6764,-0.9527,12.0400,23.8000,13.5800,0.4117,0.8138,0.4644,0
189117,6.6376,-6.2378,-1.0341,7.8400,31.7800,10.7100,0.2681,1.0867,0.3662,0
189156,6.3575,-6.5610,-0.7516,21.7700,37.4500,18.4800,0.7444,1.2806,0.6319,0
189195,6.4652,-7.3437,-0.2801,13.3700,36.4000,18.2700,0.4572,1.2447,0.6247,0
189234,7.0924,-7.2551,-0.3926,25.5500,44.6600,18.2700,0.8737,1.5271,0.6247,0
189273,7.4442,-7.6166,0.5601,34.7900,36.6100,7.9800,1.1896,1.2519,0.2729,0
189312,6.9392,-7.1139,0.8450,15.7500,14.3500,-0.4900,0.5386,0.4907,-0.0168,0
189351,6.6591,-6.6974,1.1896,-2.7300,-3.9900,-1.0500,-0.0934,-0.1364,-0.0359,0
189390,6.8769,-8.2102,1.2926,2.1700,-23.3100,10.4300,0.0742,-0.7971,0.3567,0
189429,7.0253,-8.4424,1.2399,-3.1500,-31.5700,21.4200,-0.1077,-1.0795,0.7325,0
189468,6.9799,-6.9320,1.3835,-25.6900,-26.6000,25.6200,-0.8785,-0.9096,0.8761,0
189507,6.9320,-6.4102,0.8138,-54.6700,-40.8800,31.7100,-1.8694,-1.3979,1.0843,0
189546,5.7376,-7.0038,0.1915,-72.2400,-28.8400,36.1900,-2.4702,-0.9862,1.2375,0
189585,3.8011,-9.0456,-1.1777,-52.9200,-32.2000,42.9800,-1.8096,-1.1011,1.4697,0
189624,3.5593,-9.2179,-0.6965,-22.1900,-29.2600,76.9300,-0.7588,-1.0005,2.6306,0
189663,3.4349,-8.5525,-0.2465,-4.6200,-26.8100,81.1300,-0.1580,-0.9168,2.7742,0
189702,2.8604,-9.2945,-2.4104,34.5800,-24.8500,70.3500,1.1825,-0.8497,2.4056,0
189741,2.1016,-10.4147,-2.1950,45.2900,4.4800,60.2700,1.5487,0.1532,2.0609,0
189780,1.0484,-8.8062,-2.3338,41.3700,-11.6900,35.5600,1.4146,-0.3997,1.2160,0
189819,1.5295,-8.1647,-1.9365,23.1000,-17.9200,8.8200,0.7899,-0.6128,0.3016,0
189858,2.9418,-10.0341,-1.6947,-5.8100,-9.0300,-14.7700,-0.1987,-0.3088,-0.5051,0
189897,2.7024,-10.2711,-0.9934,-21.1400,8.4000,-35.7700,-0.7229,0.2872,-1.2232,0
189936,2.8365,-9.8905,-1.4051,0.2100,7.5600,-57.1200,0.0072,0.2585,-1.9532,0
189975,2.9370,-8.3658,-1.3213,7.4900,20.9300,-74.1300,0.2561,0.7157,-2.5349,0
190014,3.7460,-8.2892,-0.4715,-10.0800,34.0200,-84.6300,-0.3447,1.1633,-2.8939,0
190053,6.3838,-8.9522,0.3662,-12.6000,44.3100,-66.2200,-0.4309,1.5152,-2.2644,0
190092,6.1158,-9.0527,-0.3662,13.7200,26.5300,-32.4800,0.4692,0.9072,-1.1106,0
190131,5.1798,-9.6440,0.5146,7.4900,6.2300,-11.5500,0.2561,0.2130,-0.3950,0
190170,4.8782,-9.5099,0.0335,10.5000,-24.8500,0.5600,0.3590,-0.8497,0.0191,0
190209,4.8088,-8.1360,-0.2178,11.1300,-20.7900,1.7500,0.3806,-0.7109,0.0598,0
190248,6.0439,-8.2102,-1.4266,-1.6100,0.8400,2.5200,-0.0551,0.0287,0.0862,0
190287,6.3240,-8.4567,-0.5888,6.2300,-1.8900,-0.4200,0.2130,-0.0646,-0.0144,0
190326,7.1307,-8.7703,0.0359,-8.3300,10.6400,-31.3600,-0.2848,0.3638,-1.0724,0
190365,7.3772,-10.0485,0.7109,-21.0000,-9.6600,-72.6600,-0.7181,-0.3303,-2.4846,0
190404,6.5514,-8.4998,-0.4524,-19.6000,-21.4200,-88.1300,-0.6702,-0.7325,-3.0136,0
190443,6.2306,-7.2886,-1.1011,-9.0300,7.1400,-61.8800,-0.3088,0.2442,-2.1160,0
190482,6.4269,-7.4873,-0.3040,-9.1000,10.4300,-53.7600,-0.3112,0.3567,-1.8383,0
190521,6.7764,-7.3676,-0.7229,7.7700,3.2900,-49.2800,0.2657,0.1125,-1.6851,0
190560,6.8171,-5.9123,-1.1681,0.2800,13.3700,-52.9200,0.0096,0.4572,-1.8096,0
190599,6.2809,-4.0309,-0.9503,3.3600,16.2400,-40.7400,0.1149,0.5553,-1.3931,0
190638,6.9511,-1.7186,-0.4045,6.5100,12.7400,-20.1600,0.2226,0.4356,-0.6894,0
190677,7.6573,-1.9508,-1.4362,-2.7300,5.8800,4.3400,-0.0934,0.2011,0.1484,0
190716,9.0432,-3.6264,-1.5343,-19.1100,12.2500,29.3300,-0.6535,0.4189,1.0029,0
190755,9.7589,-5.2684,-1.7019,-53.9000,29.8200,41.5800,-1.8431,1.0197,1.4218,0
190794,8.6315,-8.6769,-1.3739,-59.7800,23.0300,29.7500,-2.0442,0.7875,1.0173,0
190833,6.0463,-9.5219,-0.8713,-25.0600,2.4500,14.9800,-0.8569,0.0838,0.5122,0
190872,3.3367,-9.5626,-0.2250,-37.9400,17.0800,-14.9100,-1.2974,0.5840,-0.5098,0
190911,5.9219,-9.3304,-0.7995,-45.5700,4.8300,-45.9200,-1.5583,0.1652,-1.5702,0
190950,6.0128,-6.6806,-0.4620,-3.0800,1.8200,-33.6000,-0.1053,0.0622,-1.1489,0
190989,8.5453,-7.2455,0.3950,32.1300,17.7800,-33.1800,1.0987,0.6080,-1.1346,0
191028,9.6033,-6.1588,0.4715,36.6100,35.0000,-29.1200,1.2519,1.1968,-0.9958,0
191067,8.0235,-5.3235,-1.0724,-21.2800,-0.6300,-14.7700,-0.7277,-0.0215,-0.5051,0
191106,8.9714,-6.3312,-0.9096,-20.3700,-21.3500,1.1200,-0.6965,-0.7301,0.0383,0
191145,8.2293,-6.8434,-2.2428,-12.7400,0.0000,3.3600,-0.4356,0.0000,0.1149,0
191184,7.3652,-5.9458,-0.3902,11.0600,18.6200,-8.7500,0.3782,0.6367,-0.2992,0
191223,7.3868,-4.7945,0.4428,26.4600,6.4400,2.4500,0.9048,0.2202,0.0838,0
191262,7.4275,-4.8902,-0.1771,17.0100,6.3000,11.2700,0.5817,0.2154,0.3854,0
191301,6.6064,-4.4713,-0.9431,31.5700,12.8100,11.5500,1.0795,0.4380,0.3950,0
191340,7.5807,-4.2894,-1.1346,47.5300,-16.4500,12.1800,1.6253,-0.5625,0.4165,0
191379,8.9139,-4.3516,-1.2184,31.1500,-16.1700,16.6600,1.0652,-0.5529,0.5697,0
191418,8.9355,-4.3923,-0.2944,-2.2400,4.8300,18.2000,-0.0766,0.1652,0.6223,0
191457,8.5309,-5.6059,0.2657,-18.8300,18.6900,17.2200,-0.6439,0.6391,0.5888,0
191496,8.8708,-7.0349,-0.2729,-21.6300,16.8700,3.7100,-0.7396,0.5769,0.1269,0
191535,8.1791,-6.9248,-0.7803,-22.2600,3.4300,-6.9300,-0.7612,0.1173,-0.2370,0
191574,7.5184,-5.5341,-0.4811,-5.6700,21.2800,10.2200,-0.1939,0.7277,0.3495,0
191613,8.0331,-5.8812,-0.0024,-4.4100,14.9100,19.6700,-0.1508,0.5098,0.6726,0
191652,8.0714,-5.8979,0.4309,-15.2600,0.8400,18.9700,-0.5218,0.0287,0.6487,0
191691,8.0498,-5.9314,0.3351,-6.2300,7.2800,19.6000,-0.2130,0.2489,0.6702,0
191730,7.7698,-5.4719,0.2274,-14.4900,19.3200,14.4900,-0.4955,0.6606,0.4955,0
191769,7.7003,-5.0961,-0.1077,-22.3300,17.2900,13.7200,-0.7636,0.5912,0.4692,0
191808,7.5065,-5.4551,0.0981,-22.1200,14.9100,26.4600,-0.7564,0.5098,0.9048,0
191847,7.1929,-5.6729,0.5314,-18.2700,15.2600,47.3900,-0.6247,0.5218,1.6205,0
191886,6.2426,-6.1086,-0.3878,-34.7200,6.7900,64.8200,-1.1872,0.2322,2.2165,0
191925,6.4844,-8.4136,-0.7636,-16.8700,3.7100,83.9300,-0.5769,0.1269,2.8700,0
191964,4.6054,-9.2083,-1.4170,-14.3500,7.2800,62.7200,-0.4907,0.2489,2.1447,0
192003,3.5617,-8.1384,-0.7037,-11.3400,13.6500,21.4200,-0.3878,0.4668,0.7325,0
192042,5.2349,-9.9791,-1.5990,-0.8400,11.0600,4.8300,-0.0287,0.3782,0.1652,0
192081,6.4963,-10.3381,-1.2614,1.3300,7.1400,-3.2200,0.0455,0.2442,-0.1101,0
192120,6.1612,-8.8924,-0.6918,6.7200,10.4300,-4.0600,0.2298,0.3567,-0.1388,0
192159,5.8979,-8.4328,-0.2011,8.2600,4.9700,-2.6600,0.2824,0.1699,-0.0910,0
192198,5.9961,-8.9714,0.1484,-6.8600,0.0000,0.1400,-0.2346,0.0000,0.0048,0
192237,5.9769,-7.3916,1.3117,-24.9200,-6.0900,10.7800,-0.8521,-0.2082,0.3686,0
192276,5.8189,-8.0331,-0.9598,0.8400,-2.7300,33.5300,0.0287,-0.0934,1.1466,0
192315,3.8921,-9.3424,-1.2279,30.0300,-7.9800,50.4000,1.0269,-0.2729,1.7234,0
192354,2.8460,-8.9115,0.1891,46.2700,-5.3900,50.1900,1.5822,-0.1843,1.7162,0
192393,2.6067,-7.9301,0.3471,46.6900,-7.4900,39.8300,1.5966,-0.2561,1.3620,0
192432,2.5971,-7.7410,0.0311,34.6500,-12.2500,16.2400,1.1849,-0.4189,0.5553,0
192471,3.8897,-8.7559,0.1245,8.9600,-24.9200,-20.2300,0.3064,-0.8521,-0.6918,0
192510,3.5689,-8.9594,-0.2513,-4.8300,-27.6500,-40.3200,-0.1652,-0.9455,-1.3787,0
192549,3.5785,-8.6243,-0.4404,-18.2700,-27.0200,-63.4200,-0.6247,-0.9239,-2.1686,0
192588,4.9860,-9.0863,-0.0957,-2.6600,-18.5500,-75.1800,-0.0910,-0.6343,-2.5708,0
192627,8.1144,-8.6219,-0.2418,34.6500,-17.6400,-65.8700,1.1849,-0.6032,-2.2524,0
192666,7.7865,-7.7985,0.2944,42.4200,-22.6800,-41.4400,1.4505,-0.7755,-1.4170,0
192705,7.0134,-8.0594,0.3806,28.4200,-15.4700,-33.3900,0.9718,-0.5290,-1.1418,0
192744,6.7908,-8.0043,0.8665,34.7900,-26.7400,-32.9700,1.1896,-0.9144,-1.1274,0
192783,6.9583,-7.4299,0.5098,21.9800,-29.4700,-31.5700,0.7516,-1.0077,-1.0795,0
192822,6.9990,-6.6543,-0.5529,-8.3300,-33.9500,-32.0600,-0.2848,-1.1609,-1.0963,0
192861,6.9200,-6.4221,0.0503,-1.8200,-25.5500,-28.0700,-0.0622,-0.8737,-0.9598,0
192900,7.2527,-6.8865,-0.6008,-2.8700,-36.8200,-34.8600,-0.0981,-1.2591,-1.1920,0
192939,6.7884,-5.9626,-1.1609,9.3800,-32.1300,-39.2700,0.3207,-1.0987,-1.3428,0
192978,6.0990,-5.7112,0.4404,10.1500,-34.3000,-38.7800,0.3471,-1.1729,-1.3261,0
193017,7.3628,-6.1110,-0.3758,23.1000,-38.1500,-30.5900,0.7899,-1.3045,-1.0460,0
193056,7.9469,-5.9123,-0.5338,32.7600,-33.7400,-26.9500,1.1202,-1.1537,-0.9216,0
193095,7.6094,-5.5149,-0.8378,37.6600,-29.8200,-23.1700,1.2878,-1.0197,-0.7923,0
193134,7.9062,-5.3067,-0.9790,24.7800,-28.7000,-20.7900,0.8473,-0.9814,-0.7109,0
193173,8.2461,-5.4360,-0.5984,26.0400,-23.9400,-11.8300,0.8904,-0.8186,-0.4045,0
193212,8.5668,-5.4862,-0.8067,25.3400,-29.0500,-8.6800,0.8665,-0.9934,-0.2968,0
193251,7.9756,-5.2373,-0.7253,27.3700,-25.3400,-14.1400,0.9359,-0.8665,-0.4835,0
193290,8.0259,-4.2966,-1.2040,27.6500,-18.6200,-19.3200,0.9455,-0.6367,-0.6606,0
193329,8.2006,-4.3899,-2.0825,15.4700,-25.2700,1.4000,0.5290,-0.8641,0.0479,0
193368,9.9288,-6.7189,-1.6851,18.9700,-4.2000,1.2600,0.6487,-0.1436,0.0431,0
193407,8.7966,-6.9583,-0.7588,23.2400,6.5800,-4.7600,0.7947,0.2250,-0.1628,0
193446,10.1873,-6.6280,-2.4152,39.8300,16.5200,3.3600,1.3620,0.5649,0.1149,0
193485,8.7152,-4.9860,-1.6157,19.7400,34.9300,-9.5900,0.6750,1.1944,-0.3279,0
193524,8.7942,-4.3277,-0.4093,5.1100,20.9300,-4.5500,0.1747,0.7157,-0.1556,0
193563,8.0187,-4.0309,-0.6008,-2.3100,31.2200,-1.8900,-0.0790,1.0676,-0.0646,0
193602,8.2030,-4.3588,-0.0335,-26.9500,9.9400,-12.8800,-0.9216,0.3399,-0.4404,0
193641,8.6626,-4.2870,-0.3806,-30.3100,10.9900,-17.7100,-1.0364,0.3758,-0.6056,0
193680,8.0714,-4.3875,-1.0173,-25.6200,12.2500,-14.5600,-0.8761,0.4189,-0.4979,0
193719,7.5591,-4.2703,-0.7492,-45.8500,13.7200,-8.2600,-1.5678,0.4692,-0.2824,0
193758,6.8961,-4.5407,-1.3117,-33.1800,4.0600,-15.1200,-1.1346,0.1388,-0.5170,0
193797,9.0527,-4.5599,-0.7372,-23.8700,-26.1100,1.8200,-0.8162,-0.8928,0.0622,0
193836,10.8456,-5.6370,-1.2399,-32.4800,-32.1300,12.4600,-1.1106,-1.0987,0.4261,0
193875,10.6349,-7.2144,-0.9000,-18.0600,5.1800,6.6500,-0.6176,0.1771,0.2274,0
193914,8.4304,-5.9314,-0.0311,-7.4900,30.5900,-3.3600,-0.2561,1.0460,-0.1149,0
193953,9.7732,-5.2540,-0.5721,-4.2000,23.2400,-4.0600,-0.1436,0.7947,-0.1388,0
193992,9.8618,-4.8806,-1.4745,-9.7300,30.8700,-4.9700,-0.3327,1.0556,-0.1699,0
194031,8.3442,-5.5891,-1.2184,-28.1400,39.4100,-7.9800,-0.9622,1.3476,-0.2729,0
194070,7.8870,-5.5485,-1.6109,-30.5200,33.0400,-2.4500,-1.0436,1.1298,-0.0838,0
194109,7.0349,-5.1846,-1.5367,-32.6900,36.1200,7.6300,-1.1178,1.2351,0.2609,0
194148,6.8626,-5.0243,-2.1471,-30.4500,36.0500,20.5100,-1.0412,1.2327,0.7013,0
194187,8.5764,-6.2785,-1.1154,-7.8400,46.4100,54.5300,-0.2681,1.5870,1.8646,0
194226,8.4136,-4.7514,1.1370,-7.8400,59.2200,73.3600,-0.2681,2.0250,2.5085,0
194265,8.3035,-4.2224,2.2596,-20.3000,20.8600,72.5200,-0.6942,0.7133,2.4798,0
194304,7.7530,-6.3814,3.1069,-32.7600,-17.9200,68.7400,-1.1202,-0.6128,2.3506,0
194343,9.4357,-9.9480,1.5870,-24.5700,-62.7900,140.1400,-0.8402,-2.1471,4.7921,0
194382,6.0368,-8.8158,-1.3739,-41.4400,-16.5900,146.7200,-1.4170,-0.5673,5.0171,0
194421,3.4301,-8.4280,-1.3548,25.6200,29.9600,100.3100,0.8761,1.0245,3.4301,0
194460,3.1788,-9.7469,0.9551,42.2800,20.2300,58.0300,1.4458,0.6918,1.9843,0
194499,4.6102,-10.3286,0.6128,32.1300,5.9500,30.7300,1.0987,0.2035,1.0508,0
194538,3.4301,-7.3557,0.5529,38.0100,16.5900,8.8900,1.2997,0.5673,0.3040,0
194577,3.2386,-6.5777,-0.2777,13.4400,10.5000,-14.3500,0.4596,0.3590,-0.4907,0
194616,2.8748,-7.8128,-0.2322,-13.0200,-0.9100,-39.9700,-0.4452,-0.0311,-1.3668,0
194655,2.6426,-8.1623,0.3303,-52.7100,-11.4100,-63.1400,-1.8024,-0.3902,-2.1591,0
194694,1.8192,-7.1474,0.0886,-70.8400,-36.3300,-87.3600,-2.4224,-1.2423,-2.9873,0
194733,8.7129,-7.2025,-1.4314,18.4800,6.9300,-125.8600,0.6319,0.2370,-4.3038,0
194772,11.6163,-5.0625,0.8856,11.4100,-2.4500,-68.3900,0.3902,-0.0838,-2.3386,0
194811,9.9934,-4.7011,0.4859,-24.4300,-14.7700,-31.4300,-0.8354,-0.5051,-1.0747,0
194850,8.0067,-7.0924,0.2537,-56.0700,4.4800,-0.5600,-1.9173,0.1532,-0.0191,0
194889,5.8860,-8.8206,2.2261,-94.0800,-18.3400,8.8200,-3.2171,-0.6271,0.3016,0
194928,7.3389,-10.4411,0.9479,-26.1800,-9.8000,-31.5000,-0.8952,-0.3351,-1.0771,0
194967,4.8830,-2.4295,-1.8407,-2.2400,6.9300,-68.1100,-0.0766,0.2370,-2.3290,0
195006,6.1923,-2.1758,-3.3942,15.7500,14.2100,-14.3500,0.5386,0.4859,-0.4907,0
195045,12.0304,-5.5652,-2.6426,14.1400,10.0800,29.6100,0.4835,0.3447,1.0125,0
195084,11.1304,-5.1894,-1.4170,-52.9900,32.8300,-8.1900,-1.8120,1.1226,-0.2801,0
195123,9.2179,-9.9743,-1.2160,-41.5100,11.9000,3.2900,-1.4194,0.4069,0.1125,0
195162,9.3208,-8.9690,-2.0226,-12.4600,26.3900,-0.6300,-0.4261,0.9024,-0.0215,0
195201,8.3107,-6.7668,-1.0652,10.0100,21.9800,-3.5000,0.3423,0.7516,-0.1197,0
195240,7.7243,-5.8357,-0.8809,15.7500,8.6100,1.4700,0.5386,0.2944,0.0503,0
195279,7.9612,-5.1511,-1.1489,19.4600,-3.1500,4.8300,0.6654,-0.1077,0.1652,0
195318,7.8918,-4.8280,-0.0479,13.2300,8.8900,18.6200,0.4524,0.3040,0.6367,0
195357,7.1378,-3.5091,0.4931,-3.1500,47.3200,33.1800,-0.1077,1.6181,1.1346,0
195396,8.8301,-5.1774,2.1327,-21.6300,80.9200,54.2500,-0.7396,2.7670,1.8551,0
195435,7.7985,-5.9889,1.7952,-1.6800,35.4900,57.6800,-0.0574,1.2136,1.9724,0
195474,6.5610,-5.1296,0.6152,-11.9000,2.5900,61.2500,-0.4069,0.0886,2.0944,0
195513,6.9033,-9.2754,-0.6487,-3.0100,20.0200,125.9300,-0.1029,0.6846,4.3062,0
195552,3.1381,-9.0264,0.0742,9.3100,35.9800,115.8500,0.3184,1.2303,3.9615,0
195591,0.4596,-8.5908,0.8186,12.6700,14.6300,60.6900,0.4332,0.5003,2.0753,0
195630,2.6928,-11.1017,0.4332,7.6300,-23.2400,33.0400,0.2609,-0.7947,1.1298,0
195669,3.5929,-10.8288,0.3136,4.3400,-24.2900,2.3800,0.1484,-0.8306,0.0814,0
195708,3.1572,-7.8344,-0.3758,6.3000,-35.0000,-27.3000,0.2154,-1.1968,-0.9335,0
195747,3.0854,-6.7429,0.1915,-11.5500,-45.3600,-52.6400,-0.3950,-1.5511,-1.8000,0
195786,4.1554,-7.3006,0.6200,-31.9900,-33.3200,-74.4800,-1.0939,-1.1394,-2.5468,0
195825,6.0751,-8.9690,-1.2926,-18.0600,23.8000,-104.9300,-0.6176,0.8138,-3.5881,0
195864,6.3025,-7.4897,-0.5218,52.8500,7.4200,-109.2000,1.8072,0.2537,-3.7341,0
195903,6.4102,-5.7447,-1.4601,20.6500,-6.7900,-102.3400,0.7061,-0.2322,-3.4995,0
195942,8.4208,-5.1703,0.9383,59.6400,-31.3600,-71.4000,2.0394,-1.0724,-2.4415,0
195981,11.6858,-6.5538,2.2692,59.3600,-78.5400,-41.3700,2.0298,-2.6857,-1.4146,0
196020,9.7900,-5.5532,0.4763,-1.6100,-79.4500,-36.7500,-0.0551,-2.7168,-1.2567,0
196059,7.3676,-3.6623,-0.9958,-8.3300,-16.3100,-32.5500,-0.2848,-0.5577,-1.1130,0
196098,6.7046,-6.2091,-1.1705,16.4500,53.3400,-25.9000,0.5625,1.8240,-0.8856,0
196137,8.5956,-6.2187,-2.4272,24.4300,13.8600,-26.8800,0.8354,0.4739,-0.9192,0
196176,8.0618,-8.3179,-2.3984,-22.8900,-35.9800,-10.1500,-0.7827,-1.2303,-0.3471,0
196215,8.2509,-8.4711,0.4955,2.9400,-5.3200,-12.1800,0.1005,-0.1819,-0.4165,0
196254,8.6291,-7.5304,-1.3380,46.1300,-9.3100,-28.9100,1.5774,-0.3184,-0.9886,0
196293,8.5214,-7.0086,-1.1849,35.4900,-0.9800,-27.1600,1.2136,-0.0335,-0.9287,0
196332,8.3873,-6.2498,-1.0221,49.9800,3.4300,-14.8400,1.7091,0.1173,-0.5075,0
196371,8.2413,-5.9817,-1.6133,64.1900,3.2900,3.0800,2.1950,0.1125,0.1053,0
196410,6.1181,-4.3445,-1.1202,76.3000,7.7700,16.6600,2.6091,0.2657,0.5697,0
196449,5.1463,-1.0580,3.2314,10.5700,21.9800,66.7100,0.3614,0.7516,2.2811,0
196488,8.0570,-1.9269,1.0939,1.7500,2.1000,100.1000,0.0598,0.0718,3.4229,0
196527,7.1211,-2.4439,-0.4261,-8.4700,-52.8500,99.3300,-0.2896,-1.8072,3.3966,0
196566,9.2921,-9.0527,0.0407,-31.6400,-59.7800,130.2700,-1.0819,-2.0442,4.4546,0
196605,7.1115,-12.8682,5.7280,-35.4200,-37.4500,126.4900,-1.2112,-1.2806,4.3253,0
196644,4.9429,-14.1943,-3.6383,71.3300,12.9500,76.3700,2.4391,0.4428,2.6115,0
196683,9.6559,-14.7017,-0.6942,135.8000,12.3900,31.3600,4.6437,0.4237,1.0724,0
196722,7.4610,-13.1339,5.4192,56.8400,17.9900,-13.0200,1.9436,0.6152,-0.4452,0
196761,7.3604,-11.0084,4.1649,84.8400,-30.9400,-55.6500,2.9011,-1.0580,-1.9029,0
196800,7.7530,-7.6908,-1.2997,0.3500,-33.7400,-110.8800,0.0120,-1.1537,-3.7915,0
196839,4.2391,-3.2721,-3.6599,-4.9000,35.0700,-150.8500,-0.1676,1.1992,-5.1583,0
196878,2.3745,-1.0149,-2.1902,-34.3700,101.7100,-195.6500,-1.1753,3.4780,-6.6902,0
196917,2.9298,2.8269,0.7755,-19.0400,118.1600,-188.9300,-0.6511,4.0405,-6.4604,0
196956,15.6831,-3.6359,1.3835,-61.8100,133.9800,-17.8500,-2.1136,4.5814,-0.6104,0
196995,8.9666,-6.7644,-0.9838,-35.9800,139.5800,41.7900,-1.2303,4.7729,1.4290,0
197034,-0.6080,-2.7287,-3.8897,-95.9000,241.9200,12.1800,-3.2793,8.2724,0.4165,0
197073,-6.0224,-0.5793,-1.3141,-117.8800,191.0300,-0.7000,-4.0309,6.5322,-0.0239,0
197112,-1.0364,1.5032,-0.2346,-83.2300,74.6900,1.0500,-2.8460,2.5540,0.0359,0
197151,3.9423,-7.4370,-1.0747,-38.4300,64.6800,12.6000,-1.3141,2.2117,0.4309,0
197190,5.4695,-9.2107,-0.7420,44.8700,96.8100,-0.1400,1.5343,3.3104,-0.0048,1
197229,3.7748,-2.6402,-0.7803,51.9400,111.5800,-13.0900,1.7761,3.8155,-0.4476,0
197268,2.5468,-3.0639,-3.2889,30.4500,126.3500,4.0600,1.0412,4.3205,0.1388,0
197307,8.8038,-9.6751,0.3040,39.4100,110.7400,44.1700,1.3476,3.7867,1.5104,0
197346,7.1115,-9.9408,3.8083,112.5600,188.7900,3.7100,3.8490,6.4556,0.1269,0
197385,2.9011,-12.9592,14.5150,80.0800,213.0800,24.2900,2.7383,7.2862,0.8306,0
197424,-1.2926,-6.7453,23.6707,137.4800,256.8300,25.3400,4.7011,8.7823,0.8665,0
197463,-17.8829,-4.5479,26.8925,173.2500,240.5200,28.9100,5.9243,8.2245,0.9886,0
197502,-23.6492,12.0280,28.4173,200.0600,57.9600,70.0000,6.8410,1.9819,2.3936,0
197541,-18.6608,20.9515,22.6702,88.2700,-47.3900,90.3000,3.0184,-1.6205,3.0878,0
197580,-4.1530,12.2387,12.8802,-25.0600,-57.9600,75.3200,-0.8569,-1.9819,2.5756,0
197619,-0.7684,4.5216,5.1750,-84.9800,-18.6900,32.2000,-2.9059,-0.6391,1.1011,0
197658,-0.1005,-0.4955,0.3973,-117.1100,17.5000,-6.5100,-4.0046,0.5984,-0.2226,0
197697,0.0215,-1.2399,-1.4577,-86.5200,70.7000,-11.6200,-2.9585,2.4176,-0.3973,0
197736,-0.4476,-1.1202,-0.5194,-46.1300,39.0600,-18.0600,-1.5774,1.3357,-0.6176,0
197775,-1.5630,0.7947,0.6343,-35.2100,24.0800,-19.6000,-1.2040,0.8234,-0.6702,0
197814,-2.6019,0.9263,4.5719,-44.3100,25.9000,-18.2000,-1.5152,0.8856,-0.6223,0
197853,-4.3445,-1.0724,6.0942,-74.4100,20.9300,-11.1300,-2.5444,0.7157,-0.3806,0
197892,-6.1421,-2.8484,10.0533,-64.4000,5.0400,1.3300,-2.2021,0.1723,0.0455,0
197931,-9.5051,-6.7955,12.6360,-18.8300,-29.8200,7.5600,-0.6439,-1.0197,0.2585,0
197970,-10.0940,-7.7386,15.4533,20.1600,-9.1700,29.5400,0.6894,-0.3136,1.0101,0
198009,-6.9272,-6.6304,13.8328,36.8200,-40.3200,19.9500,1.2591,-1.3787,0.6822,0
198048,-1.2279,-4.7681,13.6437,24.4300,-30.4500,12.5300,0.8354,-1.0412,0.4285,0
198087,-2.0011,-4.0381,10.5536,14.5600,-10.7800,10.5700,0.4979,-0.3686,0.3614,0
198126,-3.3367,-3.0710,8.8517,-6.3700,6.6500,-4.6900,-0.2178,0.2274,-0.1604,0
198165,-3.7556,-2.2500,7.2049,-16.0300,15.0500,-21.6300,-0.5481,0.5146,-0.7396,0
198204,-2.6689,-1.8144,5.7112,3.4300,-17.4300,-21.1400,0.1173,-0.5960,-0.7229,0
198243,-1.2758,-3.2410,5.3977,16.1700,-49.1400,-7.8400,0.5529,-1.6803,-0.2681,0
198282,-1.0987,-3.4947,6.4509,15.4000,-46.6200,0.3500,0.5266,-1.5942,0.0120,0
198321,-0.4189,-3.8322,7.8894,20.5100,-59.7100,5.2500,0.7013,-2.0418,0.1795,0
198360,0.5721,-3.2123,10.7187,26.8100,-45.8500,18.6900,0.9168,-1.5678,0.6391,0
198399,-1.1872,-1.1872,12.5690,27.0900,-24.4300,19.9500,0.9263,-0.8354,0.6822,0
198438,-1.8072,-1.3668,11.2717,5.7400,-6.5800,11.5500,0.1963,-0.2250,0.3950,0
198477,-1.0101,-1.7569,10.8911,-7.0000,-7.2100,10.2900,-0.2394,-0.2465,0.3519,0
198516,-0.7971,-2.3745,9.6655,-16.1000,-2.0300,9.4500,-0.5505,-0.0694,0.3231,0
198555,-0.3638,-2.0944,8.7176,-12.3900,-1.3300,6.2300,-0.4237,-0.0455,0.2130,0
198594,-0.0144,-2.0107,8.6530,3.0100,-3.1500,-1.0500,0.1029,-0.1077,-0.0359,0
198633,0.0718,-1.7282,8.2461,3.0800,0.3500,-3.0100,0.1053,0.0120,-0.1029,0
198672,-1.0747,-1.7019,9.4285,1.4000,9.9400,-2.1000,0.0479,0.3399,-0.0718,0
198711,-1.6229,-2.1710,10.0700,-5.3900,6.9300,0.5600,-0.1843,0.2370,0.0191,0
198750,-1.6133,-3.0064,9.9671,-4.4800,9.5900,-0.7700,-0.1532,0.3279,-0.0263,0
198789,-1.7043,-3.4157,9.7780,-3.2900,7.9100,-2.1700,-0.1125,0.2705,-0.0742,0
198828,-1.8311,-3.0686,9.5458,-1.2600,13.7900,-1.9600,-0.0431,0.4715,-0.0670,0
198867,-1.8072,-2.6881,9.0384,-8.5400,18.8300,1.0500,-0.2920,0.6439,0.0359,0
198906,-1.6947,-2.5373,8.6291,-4.2000,13.9300,1.1200,-0.1436,0.4763,0.0383,0
198945,-1.9556,-2.3577,8.7990,-2.4500,9.6600,1.1200,-0.0838,0.3303,0.0383,0
198984,-2.3793,-2.5229,9.2035,-3.6400,5.5300,0.9100,-0.1245,0.1891,0.0311,0
199023,-2.1639,-2.7910,9.3280,-2.0300,-0.2800,0.8400,-0.0694,-0.0096,0.0287,0
199062,-2.0370,-2.9705,9.5482,-4.0600,1.4700,2.1000,-0.1388,0.0503,0.0718,0
199101,-2.0226,-2.7551,9.3591,0.4900,-2.8000,1.1200,0.0168,-0.0957,0.0383,0
199140,-1.6372,-2.7407,9.1030,0.2800,-6.7900,1.1900,0.0096,-0.2322,0.0407,0
199179,-1.5511,-2.7144,9.1509,0.5600,-6.3700,1.0500,0.0191,-0.2178,0.0359,0
199218,-1.5511,-2.6354,9.1365,0.2100,-3.5700,0.2800,0.0072,-0.1221,0.0096,0
199257,-1.5726,-2.7048,9.1772,1.4700,-1.2600,-0.0700,0.0503,-0.0431,-0.0024,0
199296,-1.5918,-2.7048,9.2682,1.3300,0.4200,-0.2100,0.0455,0.0144,-0.0072,0
199335,-1.7306,-2.7551,9.3280,0.8400,1.1900,0.0700,0.0287,0.0407,0.0024,0
199374,-1.8120,-2.7168,9.2969,0.7000,0.9100,-0.0700,0.0239,0.0311,-0.0024,0
199413,-1.8503,-2.6857,9.2107,0.4200,-0.2800,0.1400,0.0144,-0.0096,0.0048,0
199452,-1.8048,-2.6426,9.2347,1.4000,-1.6800,0.9100,0.0479,-0.0574,0.0311,0
199491,-1.8000,-2.5420,9.3113,0.7000,3.8500,1.2600,0.0239,0.1317,0.0431,0
199530,-1.7593,-2.6258,9.2490,-0.9100,-1.4000,0.9100,-0.0311,-0.0479,0.0311,0
199569,-1.7593,-2.7575,9.2969,0.7000,-6.9300,0.3500,0.0239,-0.2370,0.0120,0
199608,-1.6803,-2.8221,9.2538,1.4000,-4.7600,0.2100,0.0479,-0.1628,0.0072,0
199647,-1.7402,-2.8077,9.2251,2.7300,5.3200,0.5600,0.0934,0.1819,0.0191,0
199686,-1.7880,-2.7024,9.2466,1.4000,7.8400,1.0500,0.0479,0.2681,0.0359,0
199725,-1.8431,-2.6881,9.3304,-0.4200,2.6600,1.4000,-0.0144,0.0910,0.0479,0
199764,-1.7737,-2.6881,9.1030,1.4000,-0.0700,1.4700,0.0479,-0.0024,0.0503,0
199803,-1.8958,-2.6210,9.1317,0.0700,1.1200,1.3300,0.0024,0.0383,0.0455,0
199842,-1.9436,-2.5732,9.2706,-0.4200,-0.4900,1.6800,-0.0144,-0.0168,0.0574,0
199881,-1.9580,-2.5923,9.4022,0.1400,-2.2400,1.1200,0.0048,-0.0766,0.0383,0
199920,-1.7258,-2.6569,9.2466,0.4900,-1.8900,0.4200,0.0168,-0.0646,0.0144,0
199959,-1.7354,-2.7551,9.2562,0.1400,-0.1400,0.1400,0.0048,-0.0048,0.0048,0
199998,-1.8048,-2.6378,9.2227,-0.1400,0.3500,0.4200,-0.0048,0.0120,0.0144,0
200037,-1.9053,-2.7838,9.1988,-0.0700,1.2600,0.4200,-0.0024,0.0431,0.0144,0
200076,-1.8216,-2.7359,9.2083,0.7000,-0.9800,0.0700,0.0239,-0.0335,0.0024,0
200115,-1.8144,-2.6761,9.3520,0.3500,-1.7500,0.0000,0.0120,-0.0598,0.0000,0
200154,-1.7450,-2.5803,9.2801,1.7500,-1.4700,0.2100,0.0598,-0.0503,0.0072,0
200193,-1.9604,-2.5540,9.2897,0.5600,1.4000,0.2100,0.0191,0.0479,0.0072,0
200232,-1.9867,-2.5923,9.3639,0.2100,0.4900,0.0700,0.0072,0.0168,0.0024,0
200271,-1.7665,-2.7144,9.2299,0.0700,-1.2600,0.0700,0.0024,-0.0431,0.0024,0
200310,-1.7330,-2.7192,9.2035,-0.2100,0.0000,-0.2800,-0.0072,0.0000,-0.0096,0
200349,-1.8192,-2.7359,9.1629,0.0000,-1.6800,-0.2100,0.0000,-0.0574,-0.0072,0
200388,-1.8623,-2.7096,9.2131,0.2800,-0.8400,0.0000,0.0096,-0.0287,0.0000,0
200427,-1.9460,-2.7120,9.2586,0.2100,-2.2400,-0.8400,0.0072,-0.0766,-0.0287,0
200466,-1.8144,-2.7048,9.2682,0.0000,-2.7300,-0.6300,0.0000,-0.0934,-0.0215,0
200505,-1.7833,-2.6976,9.2323,0.6300,-2.7300,0.2800,0.0215,-0.0934,0.0096,0
200544,-1.7857,-2.6881,9.1054,0.9100,-3.2900,0.4200,0.0311,-0.1125,0.0144,0
200583,-1.7282,-2.6641,9.2682,-0.7700,-1.8200,0.7000,-0.0263,-0.0622,0.0239,0
200622,-1.6037,-2.7503,9.2969,-1.8900,-2.2400,0.9100,-0.0646,-0.0766,0.0311,0
200661,-1.6061,-2.6067,9.3065,0.3500,-4.2000,0.4900,0.0120,-0.1436,0.0168,0
200700,-1.6037,-2.6330,9.0910,-1.6800,-2.5900,-0.3500,-0.0574,-0.0886,-0.0120,0
200739,-1.7569,-2.8149,9.3137,-0.7000,-0.9100,-0.6300,-0.0239,-0.0311,-0.0215,0
200778,-1.7665,-2.7551,9.2754,0.0700,-3.1500,-0.8400,0.0024,-0.1077,-0.0287,0
200817,-1.7162,-2.8628,9.2179,-0.5600,0.4900,-0.6300,-0.0191,0.0168,-0.0215,0
200856,-1.7761,-2.8987,9.2969,2.2400,-5.5300,-0.0700,0.0766,-0.1891,-0.0024,0
200895,-1.7043,-2.5971,9.2466,2.2400,-3.7100,0.3500,0.0766,-0.1269,0.0120,0
200934,-1.7138,-2.6976,9.2514,0.8400,1.0500,0.7000,0.0287,0.0359,0.0239,0
200973,-1.6277,-2.8460,9.1629,-0.7000,-0.7000,0.3500,-0.0239,-0.0239,0.0120,0
201012,-1.4075,-2.8748,9.2777,3.1500,-6.5800,0.1400,0.1077,-0.2250,0.0048,0
201051,-1.4793,-2.5803,9.3639,4.2000,-5.2500,0.7000,0.1436,-0.1795,0.0239,0
201090,-1.7019,-2.4559,9.3879,0.6300,-0.2100,0.3500,0.0215,-0.0072,0.0120,0
201129,-1.6205,-2.6569,9.3400,-0.1400,0.0700,0.0700,-0.0048,0.0024,0.0024,0
201168,-1.5415,-2.7503,9.2921,0.6300,-1.9600,0.1400,0.0215,-0.0670,0.0048,0
201207,-1.4817,-2.7742,9.2490,0.1400,-1.6800,-0.1400,0.0048,-0.0574,-0.0048,0
201246,-1.5918,-2.7431,9.2466,1.1900,-2.0300,0.0000,0.0407,-0.0694,0.0000,0
201285,-1.6253,-2.6809,9.2754,1.9600,-1.5400,-0.2100,0.0670,-0.0527,-0.0072,0
201324,-1.5846,-2.6809,9.3520,1.3300,-0.6300,0.2800,0.0455,-0.0215,0.0096,0
201363,-1.4936,-2.7024,9.2921,1.1900,-0.7000,0.3500,0.0407,-0.0239,0.0120,0
201402,-1.5439,-2.7216,9.3472,0.9800,-0.4200,0.4200,0.0335,-0.0144,0.0144,0
201441,-1.4649,-2.6426,9.3472,1.5400,0.0000,0.7000,0.0527,0.0000,0.0239,0
201480,-1.5056,-2.4415,9.3232,0.9100,0.4900,0.5600,0.0311,0.0168,0.0191,0
201519,-1.5367,-2.5229,9.3376,-0.7000,0.2800,0.2800,-0.0239,0.0096,0.0096,0
201558,-1.4673,-2.7216,9.3089,-0.8400,-2.1700,0.1400,-0.0287,-0.0742,0.0048,0
201597,-1.5128,-2.8580,9.2897,1.6100,-2.0300,-0.0700,0.0551,-0.0694,-0.0024,0
201636,-1.5152,-2.7790,9.3520,2.1000,-0.3500,-0.2800,0.0718,-0.0120,-0.0096,0
201675,-1.5822,-2.6522,9.1820,1.4000,0.4900,0.2100,0.0479,0.0168,0.0072,0
201714,-1.6396,-2.5971,9.2682,0.7000,0.4200,0.4900,0.0239,0.0144,0.0168,0
201753,-1.3835,-2.5660,9.2490,-0.3500,0.4200,0.8400,-0.0120,0.0144,0.0287,0
201792,-1.5774,-2.5014,9.3926,0.4900,-0.4900,0.9100,0.0168,-0.0168,0.0311,0
201831,-1.6229,-2.6665,9.4381,0.8400,-3.1500,0.2100,0.0287,-0.1077,0.0072,0
201870,-1.5056,-2.8125,9.3903,1.4000,-1.4700,-0.4900,0.0479,-0.0503,-0.0168,0
201909,-1.5295,-2.6761,9.3400,1.5400,-1.5400,-1.2600,0.0527,-0.0527,-0.0431,0
201948,-1.5271,-2.5540,9.2059,5.2500,-3.8500,-0.7700,0.1795,-0.1317,-0.0263,0
201987,-1.6181,-2.5253,9.3256,3.2200,-5.6000,-0.1400,0.1101,-0.1915,-0.0048,0
202026,-1.4601,-2.3769,9.4668,2.6600,-2.4500,0.2100,0.0910,-0.0838,0.0072,0
202065,-1.4003,-2.3625,9.3735,0.3500,-3.4300,0.7000,0.0120,-0.1173,0.0239,0
202104,-1.3716,-2.6258,9.3280,-0.7700,-2.8000,0.4900,-0.0263,-0.0957,0.0168,0
202143,-1.0245,-2.7599,9.1676,0.1400,-0.9100,0.5600,0.0048,-0.0311,0.0191,0
202182,-1.1992,-2.6545,9.2395,0.4200,2.2400,0.3500,0.0144,0.0766,0.0120,0
202221,-1.5583,-2.6737,9.3041,1.8200,0.2800,-0.7000,0.0622,0.0096,-0.0239,0
202260,-1.5247,-2.8413,9.5219,4.4100,-1.0500,-1.1200,0.1508,-0.0359,-0.0383,0
202299,-1.4888,-2.4200,9.4836,3.8500,-2.3100,-0.4200,0.1317,-0.0790,-0.0144,0
202338,-1.6588,-2.2141,9.6823,2.1000,-4.1300,0.1400,0.0718,-0.1412,0.0048,0
202377,-1.0221,-1.8168,9.1293,2.2400,-1.3300,2.6600,0.0766,-0.0455,0.0910,0
202416,-1.3189,-2.2141,9.2538,-5.4600,2.4500,4.5500,-0.1867,0.0838,0.1556,0
202455,-1.3428,-2.8556,9.3113,-6.1600,0.6300,1.4700,-0.2106,0.0215,0.0503,0
202494,-1.3380,-3.0399,9.2179,-3.7800,-2.3100,-1.7500,-0.1293,-0.0790,-0.0598,0
202533,-1.4697,-2.9442,9.5650,2.3100,1.5400,-3.1500,0.0790,0.0527,-0.1077,0
202572,-1.2614,-2.2141,9.2179,3.6400,-0.6300,-0.0700,0.1245,-0.0215,-0.0024,0
202611,-1.6971,-2.7240,9.3831,-2.1700,3.0800,2.4500,-0.0742,0.1053,0.0838,0
202650,-1.8910,-2.7766,9.4956,-1.5400,1.4000,-0.6300,-0.0527,0.0479,-0.0215,0
202689,-2.4966,-3.2051,9.5195,-3.2200,-0.2800,-4.1300,-0.1101,-0.0096,-0.1412,0
202728,-1.6779,-3.3798,8.7751,6.7200,-9.6600,-4.9000,0.2298,-0.3303,-0.1676,0
202767,-0.5027,-3.1596,8.4902,12.0400,-3.8500,-2.2400,0.4117,-0.1317,-0.0766,0
202806,-1.0580,-2.4295,9.2083,15.6800,1.4000,1.0500,0.5362,0.0479,0.0359,0
202845,-1.3955,-1.6540,9.5841,8.6800,2.0300,1.0500,0.2968,0.0694,0.0359,0
202884,-1.2279,-2.1303,9.7230,7.6300,-5.4600,0.4900,0.2609,-0.1867,0.0168,0
202923,-0.9048,-1.8694,9.8809,11.1300,-12.5300,-0.3500,0.3806,-0.4285,-0.0120,0
202962,-0.8641,-1.4458,9.8020,6.0900,-15.1900,-1.7500,0.2082,-0.5194,-0.0598,0
203001,-0.9192,-1.3596,9.6033,2.2400,5.3200,-1.1200,0.0766,0.1819,-0.0383,0
203040,-0.9383,-1.6133,9.4764,-4.0600,3.9200,0.5600,-0.1388,0.1340,0.0191,0
203079,-0.9670,-2.2093,9.2897,-5.1800,2.5900,1.4000,-0.1771,0.0886,0.0479,0
203118,-1.0747,-2.4774,9.3496,-6.0900,-2.4500,1.1900,-0.2082,-0.0838,0.0407,0
203157,-1.3907,-2.8676,9.4309,-5.1100,7.9800,0.8400,-0.1747,0.2729,0.0287,0
203196,-1.5798,-2.8819,9.3567,-2.1000,6.8600,-0.2100,-0.0718,0.2346,-0.0072,0
203235,-1.6732,-2.8125,9.3711,0.8400,1.6800,-0.7700,0.0287,0.0574,-0.0263,0
203274,-1.7067,-2.6186,9.3113,2.1000,0.5600,-0.2800,0.0718,0.0191,-0.0096,0
203313,-1.6755,-2.5420,9.2945,0.3500,-1.6800,-0.2100,0.0120,-0.0574,-0.0072,0
203352,-1.5559,-2.6162,9.3280,3.3600,-1.8200,0.3500,0.1149,-0.0622,0.0120,0
203391,-1.4434,-2.3817,9.3903,3.3600,-5.1100,-0.2100,0.1149,-0.1747,-0.0072,0
203430,-1.2351,-2.3553,9.4238,4.8300,-5.8100,-0.6300,0.1652,-0.1987,-0.0215,0
203469,-1.0819,-2.1710,9.4285,4.8300,-4.9000,-0.3500,0.1652,-0.1676,-0.0120,0
203508,-1.0149,-1.9724,9.4262,6.0900,-3.0800,0.6300,0.2082,-0.1053,0.0215,0
203547,-1.0604,-1.6420,9.6607,1.1900,-1.4700,0.9100,0.0407,-0.0503,0.0311,0
203586,-1.0628,-2.0346,9.7254,-3.3600,-2.5200,1.1200,-0.1149,-0.0862,0.0383,0
203625,-0.7851,-2.4224,9.6009,-0.9100,-2.9400,0.4900,-0.0311,-0.1005,0.0168,0
203664,-1.0005,-2.1806,9.7038,1.7500,-11.3400,-0.5600,0.0598,-0.3878,-0.0191,0
203703,-1.2782,-1.9269,9.7373,0.6300,7.5600,-0.2800,0.0215,0.2585,-0.0096,0
203742,-1.2112,-1.9939,9.6105,-3.4300,0.4900,1.1900,-0.1173,0.0168,0.0407,0
203781,-1.3979,-2.4200,9.1413,-2.6600,-1.4000,1.3300,-0.0910,-0.0479,0.0455,0
203820,-1.0795,-2.3194,9.0527,-3.5700,0.4900,0.1400,-0.1221,0.0168,0.0048,0
203859,-0.8019,-2.3003,9.0767,-3.5700,-3.5700,1.8900,-0.1221,-0.1221,0.0646,0
203898,-1.1872,-2.6905,9.2610,-1.5400,-3.4300,0.9800,-0.0527,-0.1173,0.0335,0
203937,-1.7115,-2.7311,9.5171,-1.4700,2.7300,-1.9600,-0.0503,0.0934,-0.0670,0
203976,-1.4817,-2.6809,9.6057,3.9900,-5.2500,-0.7700,0.1364,-0.1795,-0.0263,0
204015,-1.3596,-2.6474,9.4333,4.1300,-3.5000,-0.2800,0.1412,-0.1197,-0.0096,0
204054,-1.1872,-2.8556,9.5123,3.5000,0.4200,0.7000,0.1197,0.0144,0.0239,0
204093,-0.5410,-2.2764,9.2945,9.2400,-2.4500,3.2200,0.3160,-0.0838,0.1101,0
204132,-0.4907,-1.4482,9.1892,0.4900,-3.8500,7.2800,0.0168,-0.1317,0.2489,0
204171,-1.0843,-1.6875,9.5482,-1.3300,1.1900,7.4200,-0.0455,0.0407,0.2537,0
204210,-0.9718,-1.9125,9.6272,-3.8500,-3.7100,0.5600,-0.1317,-0.1269,0.0191,0
204249,-0.9120,-2.1375,9.4573,-2.8000,0.0700,-5.1100,-0.0957,0.0024,-0.1747,0
204288,-1.0843,-2.5612,9.5243,-0.8400,5.8800,-5.5300,-0.0287,0.2011,-0.1891,0
204327,-1.3165,-2.5923,9.6918,3.2200,7.0000,-4.9700,0.1101,0.2394,-0.1699,0
204366,-1.4027,-2.2045,9.5171,5.4600,5.7400,-2.7300,0.1867,0.1963,-0.0934,0
204405,-1.4099,-2.0035,9.4884,-1.2600,-4.2000,2.0300,-0.0431,-0.1436,0.0694,0
204444,-1.1130,-2.7575,9.3065,-2.1000,-8.1200,3.5000,-0.0718,-0.2777,0.1197,0
204483,-0.8330,-2.4319,9.2730,0.7000,-2.5200,1.8900,0.0239,-0.0862,0.0646,0
204522,-1.0412,-2.0059,9.6296,1.4000,0.4900,1.5400,0.0479,0.0168,0.0527,0
204561,-1.1418,-2.1447,9.5650,-2.1000,2.1000,1.6800,-0.0718,0.0718,0.0574,0
204600,-1.1130,-2.2381,9.5387,-3.8500,3.9200,0.5600,-0.1317,0.1340,0.0191,0
204639,-1.0245,-1.9365,9.5434,1.4000,-4.9000,0.3500,0.0479,-0.1676,0.0120,0
204678,-0.8186,-1.6564,9.3591,-1.3300,-0.4900,2.5200,-0.0455,-0.0168,0.0862,0
204717,-1.0125,-2.1974,9.4285,-7.0700,-0.2800,3.5000,-0.2418,-0.0096,0.1197,0
204756,-1.5750,-3.0208,9.4070,-7.7000,2.1000,-0.2100,-0.2633,0.0718,-0.0072,0
204795,-1.5942,-3.0758,9.2275,-1.3300,-0.3500,-4.1300,-0.0455,-0.0120,-0.1412,0
204834,-1.5894,-3.1405,9.5051,5.7400,3.8500,-1.4000,0.1963,0.1317,-0.0479,0
204873,-1.0652,-2.0466,9.8379,1.1200,0.7700,2.5900,0.0383,0.0263,0.0886,0
204912,-0.2202,-1.3261,9.3783,4.9700,-4.2000,10.3600,0.1699,-0.1436,0.3543,0
204951,-0.4093,-1.3357,9.7708,-6.7200,3.8500,10.3600,-0.2298,0.1317,0.3543,0
204990,-1.5846,-2.4631,9.7469,-14.7700,5.8800,-0.7700,-0.5051,0.2011,-0.0263,0
205029,-2.1351,-2.8293,9.0336,-6.0900,-0.5600,-11.2700,-0.2082,-0.0191,-0.3854,0
205068,-2.1016,-3.1907,8.9139,0.9800,3.1500,-11.4100,0.0335,0.1077,-0.3902,0
205107,-1.7474,-3.3463,9.7565,8.1900,2.5200,-7.8400,0.2801,0.0862,-0.2681,0
205146,0.0383,-1.7617,9.1485,9.4500,-4.1300,3.1500,0.3231,-0.1412,0.1077,0
205185,-0.0383,-2.0442,9.1317,-1.4000,15.2600,12.6000,-0.0479,0.5218,0.4309,0
205224,-1.7186,-2.4607,9.0504,0.9100,7.0700,9.0300,0.0311,0.2418,0.3088,0
205263,-2.4702,-2.3362,9.6105,0.0000,-8.0500,2.3800,0.0000,-0.2753,0.0814,0
205302,-1.5104,-3.1740,9.8570,5.6700,-6.0200,-0.4200,0.1939,-0.2059,-0.0144,0
205341,-0.0838,-1.8934,9.1485,11.0600,-13.7200,1.6100,0.3782,-0.4692,0.0551,0
205380,-0.0718,-1.7306,9.5028,3.0100,10.0100,8.2600,0.1029,0.3423,0.2824,0
205419,-1.4888,-2.1926,9.4597,-4.6200,21.7000,7.5600,-0.1580,0.7420,0.2585,0
205458,-2.5444,-2.0849,9.3543,-9.4500,22.6800,1.6800,-0.3231,0.7755,0.0574,0
205497,-2.5636,-2.8628,9.2993,-4.2700,14.2800,-2.3800,-0.1460,0.4883,-0.0814,0
205536,-1.8790,-2.6857,9.4740,7.7700,2.1000,-0.6300,0.2657,0.0718,-0.0215,0
205575,-0.8114,-1.9963,9.1629,-0.9800,-4.6200,1.3300,-0.0335,-0.1580,0.0455,0
205614,-1.4075,-2.2189,9.2059,-0.0700,12.1100,7.0000,-0.0024,0.4141,0.2394,0
205653,-2.4918,-2.1974,9.5051,-1.9600,15.3300,4.9700,-0.0670,0.5242,0.1699,0
205692,-2.7647,-1.8790,9.4956,-1.4700,4.3400,1.4700,-0.0503,0.1484,0.0503,0
205731,-2.4966,-2.4248,8.9211,-6.7900,-6.0900,-2.1000,-0.2322,-0.2082,-0.0718,0
205770,-2.2117,-3.2506,9.0001,0.5600,-16.8700,-2.4500,0.0191,-0.5769,-0.0838,0
205809,-1.5798,-2.5205,9.4812,11.3400,-14.2800,0.4900,0.3878,-0.4883,0.0168,0
205848,-1.2878,-1.8263,9.6153,11.6900,-7.2100,5.2500,0.3997,-0.2465,0.1795,0
205887,-1.2974,-1.8575,9.5913,3.5700,-1.4700,6.3000,0.1221,-0.0503,0.2154,0
205926,-1.3069,-2.4152,9.7541,-1.0500,-4.0600,2.8000,-0.0359,-0.1388,0.0957,0
205965,-1.2064,-2.4750,9.6847,9.3100,-12.4600,-0.0700,0.3184,-0.4261,-0.0024,0
206004,-1.0987,-1.7976,9.7325,11.2700,-3.3600,-3.2900,0.3854,-0.1149,-0.1125,0
206043,-0.8067,-1.2878,9.1772,4.0600,1.1200,-4.4100,0.1388,0.0383,-0.1508,0
206082,-0.6702,-1.0747,9.2825,-6.1600,9.5200,-2.6600,-0.2106,0.3255,-0.0910,0
206121,-1.0628,-2.0131,9.7876,-26.8100,19.9500,-5.5300,-0.9168,0.6822,-0.1891,0
206160,-0.8689,-2.6785,9.3807,-21.0700,22.0500,-8.4700,-0.7205,0.7540,-0.2896,0
206199,-1.7474,-2.8867,9.6942,-15.1200,22.5400,-13.5100,-0.5170,0.7708,-0.4620,0
206238,-1.9101,-3.2865,8.8254,-25.2700,12.6000,-10.3600,-0.8641,0.4309,-0.3543,0
206277,-2.9992,-3.4827,9.2251,-24.7800,29.6100,-0.8400,-0.8473,1.0125,-0.0287,0
206316,-3.1668,-2.7264,9.2179,-12.1800,18.1300,0.5600,-0.4165,0.6200,0.0191,0
206355,-1.9748,-2.2716,8.9091,-6.6500,9.3100,-0.1400,-0.2274,0.3184,-0.0048,0
206394,-1.8910,-2.5636,8.6985,-3.4300,18.3400,0.0000,-0.1173,0.6271,0.0000,0
206433,-2.5037,-3.3415,9.0432,8.2600,20.3700,-1.6100,0.2824,0.6965,-0.0551,0
206472,-3.1788,-3.5354,8.8924,0.6300,31.2200,-1.0500,0.0215,1.0676,-0.0359,0
206511,-3.1165,-3.3080,8.6027,-7.2100,33.8800,-0.8400,-0.2465,1.1585,-0.0287,0
206550,-2.7383,-3.1907,8.4160,-1.6100,28.1400,-3.2900,-0.0551,0.9622,-0.1125,0
206589,-2.8030,-3.2554,8.3801,5.6700,21.9800,-7.6300,0.1939,0.7516,-0.2609,0
206628,-2.8748,-2.9968,8.3801,11.4800,24.8500,-12.1100,0.3926,0.8497,-0.4141,0
206667,-3.4325,-2.6258,9.1269,7.0700,31.2900,-12.6000,0.2418,1.0700,-0.4309,0
206706,-3.0256,-2.0394,8.4926,-0.5600,34.7200,-9.7300,-0.0191,1.1872,-0.3327,0
206745,-3.1069,-1.8838,8.1791,-0.9800,41.6500,-7.5600,-0.0335,1.4242,-0.2585,0
206784,-4.0764,-2.6234,7.5639,-15.1200,39.4100,-11.9000,-0.5170,1.3476,-0.4069,0
206823,-4.5742,-3.7843,7.6956,-25.6900,33.1100,-12.8800,-0.8785,1.1322,-0.4404,0
206862,-5.7591,-4.1362,7.8248,-14.4900,33.0400,-9.0300,-0.4955,1.1298,-0.3088,0
206901,-5.8094,-4.4713,8.0163,-7.1400,29.6100,-9.7300,-0.2442,1.0125,-0.3327,0
206940,-5.7543,-3.8274,7.2120,2.7300,23.5200,-11.6200,0.0934,0.8043,-0.3973,0
206979,-5.2421,-3.1788,7.0876,-1.1200,7.7000,-14.2800,-0.0383,0.2633,-0.4883,0
207018,-5.2540,-3.8777,7.9253,-15.2600,8.0500,-14.1400,-0.5218,0.2753,-0.4835,0
207057,-4.9213,-3.7413,6.8482,-26.2500,14.4200,-11.8300,-0.8976,0.4931,-0.4045,0
207096,-4.7298,-4.9165,7.5807,-16.3800,5.8100,-6.6500,-0.5601,0.1987,-0.2274,0
207135,-4.7059,-4.1865,7.4586,-1.1200,20.5100,-2.3100,-0.0383,0.7013,-0.0790,0
207174,-5.1008,-3.9112,7.6381,-3.2200,27.5800,-3.8500,-0.1101,0.9431,-0.1317,0
207213,-5.2971,-4.1075,7.6908,-7.1400,25.3400,-6.5800,-0.2442,0.8665,-0.2250,0
207252,-4.7490,-4.3516,6.6017,-11.6900,30.9400,-6.8600,-0.3997,1.0580,-0.2346,0
207291,-4.6221,-4.4306,6.9392,-3.6400,22.6800,-6.9300,-0.1245,0.7755,-0.2370,0
207330,-4.8782,-3.7125,6.8434,-0.4200,22.6100,-7.4900,-0.0144,0.7731,-0.2561,0
207369,-5.3761,-4.0979,6.3144,-2.5900,21.9800,-6.5800,-0.0886,0.7516,-0.2250,0
207408,-5.6155,-4.7825,6.1493,-4.4800,18.1300,-5.8100,-0.1532,0.6200,-0.1987,0
207447,-5.9314,-4.8543,6.5179,-1.8900,18.3400,-7.0000,-0.0646,0.6271,-0.2394,0
207486,-5.9434,-4.6125,5.7160,-1.4700,20.1600,-5.7400,-0.0503,0.6894,-0.1963,0
207525,-6.2283,-5.0530,6.4413,1.6800,11.2700,-9.3100,0.0574,0.3854,-0.3184,0
207564,-5.9027,-4.6772,6.2737,4.7600,3.1500,-11.9000,0.1628,0.1077,-0.4069,0
207603,-5.2947,-4.3564,6.4580,3.4300,0.7700,-8.4000,0.1173,0.0263,-0.2872,0
207642,-5.1631,-4.1745,6.4676,9.0300,1.7500,-4.4100,0.3088,0.0598,-0.1508,0
207681,-5.4024,-3.6192,7.1785,-20.1600,14.9100,-0.0700,-0.6894,0.5098,-0.0024,0
207720,-5.9961,-3.9902,6.1325,-32.5500,25.6900,2.7300,-1.1130,0.8785,0.0934,0
207759,-6.7549,-4.8639,5.6729,-41.4400,19.8100,-2.3800,-1.4170,0.6774,-0.0814,0
207798,-6.6615,-4.6963,5.8237,-31.5000,18.6900,-0.7700,-1.0771,0.6391,-0.0263,0
207837,-6.8530,-5.6969,5.2684,-21.9100,24.7100,-5.1100,-0.7492,0.8450,-0.1747,0
207876,-7.1235,-6.8817,4.5431,-15.3300,27.0200,-13.8600,-0.5242,0.9239,-0.4739,0
207915,-7.2264,-6.1732,4.7418,8.8900,20.6500,-15.4000,0.3040,0.7061,-0.5266,0
207954,-7.7027,-6.2354,4.3062,1.9600,17.7800,-21.4900,0.0670,0.6080,-0.7348,0
207993,-7.3700,-5.7878,5.2110,5.3900,5.6000,-23.1000,0.1843,0.1915,-0.7899,0
208032,-6.7549,-5.8812,4.8806,6.7900,3.7100,-25.0600,0.2322,0.1269,-0.8569,0
208071,-6.5753,-6.0439,5.0697,4.7600,1.7500,-31.0800,0.1628,0.0598,-1.0628,0
208110,-6.9775,-6.7405,4.8423,9.4500,-4.2700,-35.0000,0.3231,-0.1460,-1.1968,0
208149,-6.0535,-5.8668,4.6724,19.3200,-11.2700,-36.8200,0.6606,-0.3854,-1.2591,0
208188,-6.1540,-6.5083,5.0578,10.0100,-7.5600,-44.3800,0.3423,-0.2585,-1.5176,0
208227,-6.2833,-6.4724,6.1277,3.6400,-11.2700,-49.0700,0.1245,-0.3854,-1.6779,0
208266,-8.0426,-6.4197,5.4096,1.4000,26.7400,-44.5200,0.0479,0.9144,-1.5224,0
208305,-8.9426,-6.6232,5.8165,-4.9000,-9.6600,-55.3700,-0.1676,-0.3303,-1.8934,0
208344,-8.5668,-6.4652,6.2330,-3.7100,-44.1000,-48.5100,-0.1269,-1.5080,-1.6588,0
208383,-6.9033,-7.7506,6.3814,-30.0300,-77.1400,-50.3300,-1.0269,-2.6378,-1.7210,0
208422,-6.2713,-9.2754,5.9913,-16.0300,-86.0300,-61.1800,-0.5481,-2.9418,-2.0920,0
208461,-6.0655,-9.6679,6.1636,3.3600,-90.3000,-52.5700,0.1149,-3.0878,-1.7976,0
208500,-4.1147,-9.8546,5.2947,8.3300,-114.6600,-44.6600,0.2848,-3.9208,-1.5271,0
208539,-2.6210,-8.5549,5.4360,52.3600,-103.2500,-27.6500,1.7904,-3.5306,-0.9455,0
208578,-2.2093,-5.0697,5.6634,74.6200,-95.6200,-19.2500,2.5516,-3.2697,-0.6583,0
208617,-0.4979,-3.2625,5.4144,63.9800,-88.5500,-11.6900,2.1878,-3.0280,-0.3997,0
208656,0.2513,-3.5139,5.9027,34.2300,-69.5800,1.1200,1.1705,-2.3793,0.0383,0
208695,-0.5338,-5.7759,5.1344,37.8700,-50.8200,1.1900,1.2950,-1.7378,0.0407,0
208734,0.7636,-5.5006,5.4479,35.9800,-47.7400,9.9400,1.2303,-1.6325,0.3399,0
208773,0.4452,-3.6982,5.8237,23.1700,-42.7700,34.5100,0.7923,-1.4625,1.1801,0
208812,1.6947,-3.6647,6.0032,-2.2400,-55.6500,55.0200,-0.0766,-1.9029,1.8814,0
208851,1.8670,-4.7825,5.0721,-39.4800,-56.0000,69.7200,-1.3500,-1.9149,2.3841,0
208890,2.4559,-4.7322,5.1511,-56.7700,-76.6500,77.9800,-1.9412,-2.6210,2.6665,0
208929,4.6293,-7.2910,3.9591,-72.5200,-77.4900,88.5500,-2.4798,-2.6498,3.0280,0
208968,3.6671,-8.4160,5.1703,-77.8400,-44.7300,71.1900,-2.6617,-1.5295,2.4343,0
209007,1.4841,-8.1527,4.5288,-66.2900,-33.5300,46.6900,-2.2668,-1.1466,1.5966,0
209046,-0.3782,-9.3113,5.3378,-106.0500,-38.2900,29.4700,-3.6264,-1.3093,1.0077,0
209085,1.4458,-8.9019,5.7735,-86.0300,-27.2300,18.4800,-2.9418,-0.9311,0.6319,0
209124,4.0500,-11.1663,5.9051,-81.6200,-27.0900,11.9000,-2.7910,-0.9263,0.4069,0
209163,2.6976,-8.5908,3.0950,-52.1500,10.5000,0.4900,-1.7833,0.3590,0.0168,0
209202,0.0934,-7.8248,3.5306,-75.4600,46.5500,0.8400,-2.5803,1.5918,0.0287,0
209241,1.7138,-8.0714,1.8527,-71.6100,27.5800,1.7500,-2.4487,0.9431,0.0598,0
209280,2.4224,-9.2347,2.2093,-52.7800,49.5600,-22.0500,-1.8048,1.6947,-0.7540,0
209319,0.8976,-8.2868,0.5840,-75.3200,48.8600,-33.1100,-2.5756,1.6708,-1.1322,0
209358,-1.1849,-10.5440,0.3303,-62.2300,55.3700,-23.9400,-2.1279,1.8934,-0.8186,0
209397,-1.4865,-12.0927,2.0250,-50.2600,56.4200,-21.4200,-1.7186,1.9293,-0.7325,0
209436,0.0646,-11.8677,2.2764,-40.0400,75.1100,-32.6200,-1.3692,2.5684,-1.1154,0
209475,1.3811,-12.1070,-0.6798,-48.6500,82.4600,-34.1600,-1.6636,2.8197,-1.1681,0
209514,0.3638,-14.7496,0.8928,-83.3700,112.8400,-34.1600,-2.8508,3.8585,-1.1681,0
209553,1.3237,-16.1714,-1.8024,-68.6000,85.5400,-50.4700,-2.3458,2.9250,-1.7258,0
209592,0.1747,-11.5397,0.8043,-3.7100,93.4500,-100.2400,-0.1269,3.1955,-3.4277,0
209631,0.0048,-13.1531,1.6660,-44.7300,66.9200,-94.6400,-1.5295,2.2883,-3.2362,0
209670,0.9479,-12.7126,0.9670,-10.0100,6.5800,-64.8200,-0.3423,0.2250,-2.2165,0
209709,2.6474,-11.2884,-1.1418,2.7300,3.5700,-55.3700,0.0934,0.1221,-1.8934,0
209748,3.1524,-8.9977,0.0694,5.3900,7.9100,-52.6400,0.1843,0.2705,-1.8000,0
209787,3.7245,-7.5328,0.9048,-10.7800,-20.1600,-51.6600,-0.3686,-0.6894,-1.7665,0
209826,4.1817,-9.4597,0.2585,-19.1100,-12.8100,-59.5000,-0.6535,-0.4380,-2.0346,0
209865,4.1147,-8.6219,-0.6343,-7.8400,-8.2600,-59.6400,-0.2681,-0.2824,-2.0394,0
209904,4.2846,-9.1605,-0.6415,2.3100,-9.3100,-67.0600,0.0790,-0.3184,-2.2931,0
209943,3.6168,-9.0001,-1.5200,18.9700,-13.6500,-77.1400,0.6487,-0.4668,-2.6378,0
209982,4.4713,-8.3466,-0.6463,17.9900,-23.9400,-73.5700,0.6152,-0.8186,-2.5157,0
210021,4.9716,-7.5280,-1.4386,18.8300,-32.4800,-62.6500,0.6439,-1.1106,-2.1423,0
210060,5.0697,-6.0080,-1.3093,35.3500,-14.0000,-64.0500,1.2088,-0.4787,-2.1902,0
210099,5.5987,-5.7639,-1.5870,44.1700,-13.3000,-64.0500,1.5104,-0.4548,-2.1902,0
210138,6.3695,-4.4594,-1.1466,39.3400,-5.6000,-55.5800,1.3452,-0.1915,-1.9006,0
210177,7.2551,-4.0046,-0.1293,28.3500,13.4400,-42.0700,0.9694,0.4596,-1.4386,0
210216,7.6740,-3.4229,0.7612,28.4200,5.8800,-35.4200,0.9718,0.2011,-1.2112,0
210255,6.6687,-2.0705,-0.1245,18.6200,-30.3100,-27.6500,0.6367,-1.0364,-0.9455,0
210294,5.0290,-2.3123,0.4644,3.5700,-40.8100,-20.8600,0.1221,-1.3955,-0.7133,0
210333,4.1865,-2.8436,0.2346,1.4700,-23.4500,-14.5600,0.0503,-0.8019,-0.4979,0
210372,5.6322,-5.3043,0.0694,-2.6600,-29.8900,-18.4800,-0.0910,-1.0221,-0.6319,0
210411,7.5567,-7.3030,0.1412,11.2000,-38.2200,-18.2700,0.3830,-1.3069,-0.6247,0
210450,8.7607,-5.9147,-0.7875,6.9300,-30.1000,-18.7600,0.2370,-1.0293,-0.6415,0
210489,9.4453,-5.8620,-1.4314,40.7400,-20.7200,-4.4100,1.3931,-0.7085,-0.1508,0
210528,9.9240,-6.2450,-0.4524,15.1900,-6.5800,-4.1300,0.5194,-0.2250,-0.1412,0
210567,8.4639,-5.0817,-1.5295,-7.4200,-23.5900,-12.4600,-0.2537,-0.8067,-0.4261,0
210606,8.8684,-6.7094,-0.8306,-22.7500,-24.5000,6.4400,-0.7779,-0.8378,0.2202,0
210645,8.5668,-7.3963,-0.2418,3.0100,-32.4100,2.7300,0.1029,-1.1083,0.0934,0
210684,8.1408,-6.7932,-0.9575,20.9300,-35.1400,-7.5600,0.7157,-1.2016,-0.2585,0
210723,8.3753,-6.8865,-0.9072,26.1800,-36.2600,1.1900,0.8952,-1.2399,0.0407,0
210762,9.1844,-6.7572,-0.4404,54.0400,-29.1200,6.5800,1.8479,-0.9958,0.2250,0
210801,9.2155,-5.5149,-0.9048,59.8500,-26.8100,6.3000,2.0466,-0.9168,0.2154,0
210840,8.1791,-6.5227,-0.7660,48.3700,-11.2700,8.6100,1.6540,-0.3854,0.2944,0
210879,6.3360,-6.8817,-0.4811,35.7700,16.9400,-3.7100,1.2232,0.5793,-0.1269,0
210918,5.6203,-7.1426,-1.5367,64.8200,-4.4100,-4.2000,2.2165,-0.1508,-0.1436,0
210957,6.5107,-7.1354,-1.3141,64.7500,-10.0100,5.0400,2.2141,-0.3423,0.1723,0
210996,5.9458,-7.7793,-1.8263,71.3300,15.0500,14.5600,2.4391,0.5146,0.4979,0
211035,5.1272,-8.6003,-2.0178,108.2200,45.6400,20.8600,3.7006,1.5607,0.7133,0
211074,5.4886,-6.0990,0.6487,97.7900,38.2200,23.3100,3.3439,1.3069,0.7971,0
211113,7.8511,-5.2373,-0.3686,103.9500,2.1000,23.0300,3.5546,0.0718,0.7875,0
211152,10.1658,-5.6993,-1.0580,89.3900,-45.3600,25.6900,3.0567,-1.5511,0.8785,0
211191,9.7062,-6.3025,0.4763,68.8100,-45.5000,23.1000,2.3529,-1.5559,0.7899,0
211230,8.5046,-4.9836,2.2740,41.7900,-21.1400,30.5200,1.4290,-0.7229,1.0436,0
211269,7.7291,-5.2014,1.4003,34.0900,-17.2200,36.4700,1.1657,-0.5888,1.2471,0
211308,7.3676,-5.1774,1.0484,39.3400,-29.4000,61.2500,1.3452,-1.0053,2.0944,0
211347,6.2378,-4.8567,2.1567,-10.2900,-45.6400,74.2700,-0.3519,-1.5607,2.5397,0
211386,4.5838,-5.9338,2.0370,-15.9600,-48.7900,85.0500,-0.5457,-1.6684,2.9083,0
211425,5.2923,-8.4065,2.3817,4.4800,-71.4700,94.7800,0.1532,-2.4439,3.2410,0
211464,5.6610,-8.3562,0.9646,23.3100,-101.4300,63.7700,0.7971,-3.4684,2.1806,0
211503,7.3174,-9.7445,0.4069,48.3700,-133.0700,62.7900,1.6540,-4.5503,2.1471,0
211542,5.9721,-9.1054,-0.1939,39.4800,-135.2400,53.2000,1.3500,-4.6245,1.8192,0
211581,5.5269,-8.9426,-0.5769,30.8700,-128.8700,62.0200,1.0556,-4.4067,2.1208,0
211620,5.6538,-9.2706,-1.3500,20.1600,-133.0700,62.3000,0.6894,-4.5503,2.1303,0
211659,5.1391,-9.6057,-1.6755,26.8100,-135.1700,62.3000,0.9168,-4.6221,2.1303,0
211698,4.0979,-9.3280,-1.1394,31.9900,-127.4000,57.2600,1.0939,-4.3564,1.9580,0
211737,4.4665,-8.1862,-0.5362,46.8300,-101.2200,52.6400,1.6013,-3.4612,1.8000,0
211776,4.3014,-7.8559,-1.0436,57.1200,-86.8000,39.5500,1.9532,-2.9681,1.3524,0
211815,3.3679,-6.6208,-0.6008,39.7600,-64.8900,14.7700,1.3596,-2.2189,0.5051,0
211854,2.4391,-7.2743,-1.4505,14.1400,-48.9300,-13.6500,0.4835,-1.6732,-0.4668,0
211893,0.5314,-8.7416,-2.0777,3.9900,-41.0200,-40.9500,0.1364,-1.4027,-1.4003,0
211932,0.4644,-9.6679,-3.9375,8.3300,-59.3600,-70.4200,0.2848,-2.0298,-2.4080,0
211971,0.1556,-9.0025,-3.2194,1.1200,-72.5900,-86.5200,0.0383,-2.4822,-2.9585,0
212010,2.7694,-6.2067,-1.1011,17.7100,-78.2600,-92.5400,0.6056,-2.6761,-3.1644,0
212049,9.2275,-7.2025,-0.4069,45.0100,-60.1300,-69.9300,1.5391,-2.0561,-2.3912,0
212088,13.6461,-11.7983,-2.8819,8.9600,-31.0100,-49.2800,0.3064,-1.0604,-1.6851,0
212127,8.6793,-9.1557,0.2226,-26.8100,27.4400,-55.9300,-0.9168,0.9383,-1.9125,0
212166,8.0163,-9.1102,0.1484,-24.3600,14.3500,-45.5700,-0.8330,0.4907,-1.5583,0
212205,8.0953,-8.6626,0.6319,7.2100,10.7800,-29.0500,0.2465,0.3686,-0.9934,0
212244,8.0474,-8.0761,0.7109,12.1100,-15.5400,-29.3300,0.4141,-0.5314,-1.0029,0
212283,6.8219,-6.7022,1.4553,-5.8800,38.7800,-38.3600,-0.2011,1.3261,-1.3117,0
212322,6.1134,-5.2493,0.4739,9.4500,6.7900,-38.9900,0.3231,0.2322,-1.3333,0
212361,6.4413,-4.4953,-0.0574,20.6500,-10.2900,-27.0900,0.7061,-0.3519,-0.9263,0
212400,7.1019,-4.6365,-0.4620,12.1800,-17.8500,-20.2300,0.4165,-0.6104,-0.6918,0
212439,7.1857,-4.2511,-0.3878,-1.4700,-19.1100,-11.4100,-0.0503,-0.6535,-0.3902,0
212478,8.1144,-5.6490,-0.4955,-9.1700,-14.7000,-4.4800,-0.3136,-0.5027,-0.1532,0
212517,8.8086,-6.6376,-0.1556,-26.3900,-21.3500,-17.5700,-0.9024,-0.7301,-0.6008,0
212556,8.3251,-6.8961,-0.7971,-28.2100,2.9400,-10.0100,-0.9646,0.1005,-0.3423,0
212595,7.3940,-7.7099,-0.1364,-15.4700,22.1900,10.0100,-0.5290,0.7588,0.3423,0
212634,8.1360,-8.5549,-0.4596,-3.1500,4.3400,-2.7300,-0.1077,0.1484,-0.0934,0
212673,7.4801,-7.4801,-1.0053,-1.5400,5.8800,1.5400,-0.0527,0.2011,0.0527,0
212712,6.8554,-7.9828,-1.7952,23.5900,10.0800,12.7400,0.8067,0.3447,0.4356,0
212751,6.0798,-7.7339,-1.6349,41.2300,34.9300,8.1900,1.4099,1.1944,0.2801,0
212790,4.9381,-7.7721,-2.0298,59.9200,15.9600,4.4800,2.0490,0.5457,0.1532,0
212829,4.6245,-8.9402,-1.4051,77.7000,25.7600,12.6000,2.6569,0.8809,0.4309,0
212868,4.5288,-7.1187,-0.1604,91.2800,29.1200,19.6700,3.1213,0.9958,0.6726,0
212907,7.0373,-6.0870,-0.3160,112.4200,-22.1900,28.6300,3.8442,-0.7588,0.9790,0
212946,9.4812,-5.9578,1.0939,91.4200,-24.7100,17.5700,3.1261,-0.8450,0.6008,0
212985,8.7775,-4.3899,-0.1508,40.1100,-29.2600,13.7900,1.3716,-1.0005,0.4715,0
213024,7.4275,-2.8652,0.1604,13.3700,-47.6700,44.1700,0.4572,-1.6301,1.5104,0
213063,6.9224,-2.0154,1.4553,-42.8400,-70.9800,86.0300,-1.4649,-2.4272,2.9418,0
213102,8.7344,-7.3796,2.2787,-27.3700,-99.6100,135.6600,-0.9359,-3.4062,4.6389,0
213141,5.7040,-11.9299,5.3115,-0.9800,-60.3400,107.5900,-0.0335,-2.0633,3.6790,0
213180,3.7317,-10.2137,1.3189,7.2100,-113.9600,42.4200,0.2465,-3.8968,1.4505,0
213219,5.7806,-10.0581,-2.0537,-3.4300,-50.4000,43.0500,-0.1173,-1.7234,1.4721,0
213258,6.1517,-9.8977,-1.5104,28.8400,-118.1600,51.6600,0.9862,-4.0405,1.7665,0
213297,5.5054,-9.8020,0.6200,46.0600,-106.6800,51.1000,1.5750,-3.6479,1.7474,0
213336,5.3163,-9.7876,-0.2202,60.8300,-100.5200,36.2600,2.0801,-3.4373,1.2399,0
213375,4.3995,-9.3041,-0.2561,68.2500,-85.7500,18.2700,2.3338,-2.9322,0.6247,0
213414,3.3535,-8.3466,-0.1723,49.4200,-77.8400,10.0100,1.6899,-2.6617,0.3423,0
213453,2.4822,-8.0163,-0.5122,46.9000,-88.9700,-3.4300,1.6037,-3.0423,-0.1173,0
213492,1.0436,-7.6620,-3.0902,26.1100,-87.0800,-31.6400,0.8928,-2.9777,-1.0819,0
213531,0.3279,-6.7884,-4.5312,29.6100,-99.4700,-56.8400,1.0125,-3.4014,-1.9436,0
213570,0.5769,-4.7897,-3.5019,4.0600,-106.1200,-85.1900,0.1388,-3.6288,-2.9131,0
213609,2.4726,-4.1841,-2.6234,-5.2500,-117.6000,-105.4900,-0.1795,-4.0213,-3.6072,0
213648,16.5784,-10.8240,-1.0867,48.9300,-78.1900,-56.7000,1.6732,-2.6737,-1.9388,0
213687,10.5727,-7.4753,-0.0551,20.1600,-52.9200,-56.6300,0.6894,-1.8096,-1.9365,0
213726,8.7320,-8.0690,-0.3758,1.4000,-23.1000,-56.4200,0.0479,-0.7899,-1.9293,0
213765,8.3586,-8.8206,-0.9120,-9.3100,-19.6000,-31.7100,-0.3184,-0.6702,-1.0843,0
213804,7.4801,-9.2251,-0.1125,-1.0500,-11.7600,-17.5700,-0.0359,-0.4021,-0.6008,0
