timestamp_ms,waist_x,waist_y,waist_z,waist_gx,waist_gy,waist_gz,thigh_x,thigh_y,thigh_z,event_flag
857213,-6.8937,-6.7022,-3.9351,51.1000,17.9900,18.4100,1.7474,0.6152,0.6295,0
857252,-7.6142,-6.5658,-3.1309,57.0500,27.6500,9.5200,1.9508,0.9455,0.3255,0
857291,-8.4424,-6.9057,-2.6569,52.8500,34.2300,12.9500,1.8072,1.1705,0.4428,0
857330,-9.0719,-7.1307,-1.8886,49.9100,42.4200,0.2100,1.7067,1.4505,0.0072,0
857369,-7.9636,-5.0721,-1.9652,48.9300,36.3300,-16.3800,1.6732,1.2423,-0.5601,0
857408,-7.2168,-5.4336,-1.6420,56.4200,30.0300,-15.6800,1.9293,1.0269,-0.5362,0
857447,-6.8841,-5.5485,-2.2572,62.3700,32.6200,-3.0100,2.1327,1.1154,-0.1029,0
857486,-7.5735,-4.8711,-1.7689,65.3100,35.9100,8.5400,2.2333,1.2279,0.2920,0
857525,-7.7578,-5.0889,-1.1825,58.1700,37.8700,13.4400,1.9891,1.2950,0.4596,0
857564,-7.6692,-5.9673,-1.9580,50.9600,39.5500,11.4800,1.7426,1.3524,0.3926,0
857603,-7.2120,-5.9961,-2.2596,56.7000,42.9800,4.2700,1.9388,1.4697,0.1460,0
857642,-6.8937,-5.5939,-1.8359,61.3200,54.0400,12.8800,2.0968,1.8479,0.4404,0
857681,-7.7123,-5.7830,-1.1442,54.5300,61.2500,13.3700,1.8646,2.0944,0.4572,0
857720,-7.4107,-6.4724,-1.0891,53.1300,57.6100,13.0200,1.8168,1.9700,0.4452,0
857759,-6.8314,-6.5107,-1.4458,56.2800,58.7300,10.2900,1.9245,2.0083,0.3519,0
857798,-7.4777,-6.2977,-1.1609,57.1900,61.9500,8.8900,1.9556,2.1184,0.3040,0
857837,-8.0857,-5.7615,-0.5194,52.9900,63.9100,7.1400,1.8120,2.1854,0.2442,0
857876,-7.5041,-7.0062,0.8665,33.1800,58.7300,14.6300,1.1346,2.0083,0.5003,0
857915,-8.4041,-8.1336,-0.4524,14.9100,41.3700,14.0000,0.5098,1.4146,0.4787,0
857954,-6.9583,-5.0338,-2.4535,64.6800,52.0800,12.8100,2.2117,1.7809,0.4380,0
857993,-5.1679,-4.7538,-2.6426,65.7300,57.4700,14.3500,2.2476,1.9652,0.4907,0
858032,-6.8075,-3.0495,-3.7652,46.4800,60.6200,13.0900,1.5894,2.0729,0.4476,0
858071,-8.5908,-5.3426,-4.8399,48.6500,57.1200,18.0600,1.6636,1.9532,0.6176,0
858110,-8.3873,-5.5820,-5.1631,32.4100,56.9100,8.8900,1.1083,1.9460,0.3040,0
858149,-9.2371,-5.8812,-4.2320,25.0600,63.9100,13.6500,0.8569,2.1854,0.4668,0
858188,-9.7924,-6.0128,-3.0639,21.7700,63.7700,-11.8300,0.7444,2.1806,-0.4045,0
858227,-8.4232,-6.8410,-2.6498,5.7400,40.8100,-24.1500,0.1963,1.3955,-0.8258,0
858266,-6.8362,-6.5227,-3.6647,6.7200,27.7900,-32.4800,0.2298,0.9503,-1.1106,0
858305,-6.3312,-6.0798,-3.7700,28.9800,33.2500,-23.3100,0.9910,1.1370,-0.7971,0
858344,-6.4916,-4.2008,-2.4295,52.7100,35.3500,-18.1300,1.8024,1.2088,-0.6200,0
858383,-7.1737,-3.5091,-0.1053,63.0000,20.3000,-3.9900,2.1543,0.6942,-0.1364,0
858422,-5.5628,-4.5838,-1.0508,71.6100,-5.8100,8.0500,2.4487,-0.1987,0.2753,0
858461,-3.0256,-4.0812,-2.8580,56.3500,-16.6600,34.6500,1.9269,-0.5697,1.1849,0
858500,-4.4953,-7.1905,-1.5894,-10.1500,-2.0300,111.5800,-0.3471,-0.0694,3.8155,0
858539,-10.0317,-8.6171,-2.8772,-41.1600,-26.8800,83.5800,-1.4075,-0.9192,2.8580,0
858578,-11.3482,-9.4070,-4.0955,-47.8100,-28.3500,56.7000,-1.6349,-0.9694,1.9388,0
858617,-10.9294,-7.0086,-2.7910,-18.3400,-8.8900,15.6100,-0.6271,-0.3040,0.5338,0
858656,-11.0490,-5.9195,-1.3907,-17.4300,-17.0800,-4.9700,-0.5960,-0.5840,-0.1699,0
858695,-8.8301,-4.8471,-0.3973,-16.7300,-27.0200,-44.3800,-0.5721,-0.9239,-1.5176,0
858734,-6.0535,-2.9585,0.1795,-20.7900,-21.9800,-56.4900,-0.7109,-0.7516,-1.9317,0
858773,-3.0016,-3.5115,-1.6253,-40.8800,-10.7100,-45.8500,-1.3979,-0.3662,-1.5678,0
858812,-2.2668,-2.6067,-4.7298,-100.2400,-43.1900,-20.3700,-3.4277,-1.4769,-0.6965,0
858851,-3.8418,-6.6854,-5.2756,-36.2600,-49.0700,14.9800,-1.2399,-1.6779,0.5122,0
858890,-5.5030,-7.2958,-5.8118,7.0000,-70.7700,74.0600,0.2394,-2.4200,2.5325,0
858929,-9.4405,-10.2903,-8.0857,26.6000,11.6200,-28.2100,0.9096,0.3973,-0.9646,0
858968,-13.1339,-8.9618,-3.7484,-17.4300,20.1600,5.7400,-0.5960,0.6894,0.1963,0
859007,-11.5852,-6.3431,-3.4971,-6.7900,12.2500,-71.0500,-0.2322,0.4189,-2.4295,0
859046,-11.0347,-6.5945,-1.1825,-29.9600,-10.6400,-62.3700,-1.0245,-0.3638,-2.1327,0
859085,-8.8924,-4.8926,-2.4056,-37.5200,-46.9700,-86.1700,-1.2830,-1.6061,-2.9466,0
859124,-5.4072,-3.1548,-4.5264,-41.6500,-38.6400,-103.4600,-1.4242,-1.3213,-3.5378,0
859163,-3.4612,-3.2147,-4.8088,-29.7500,-20.1600,-54.8100,-1.0173,-0.6894,-1.8742,0
859202,-0.5577,-1.3859,-4.1242,18.2000,-17.5000,-33.8800,0.6223,-0.5984,-1.1585,0
859241,1.3404,-0.1101,-2.4894,53.1300,0.2800,4.3400,1.8168,0.0096,0.1484,0
859280,0.3375,-2.5301,0.7827,41.6500,16.6600,125.9300,1.4242,0.5697,4.3062,0
859319,-21.7845,-18.8044,0.7205,-77.2800,11.9700,275.6600,-2.6426,0.4093,9.4262,0
859358,-9.9695,-7.2360,-5.5485,-40.3200,-1.6800,-35.9800,-1.3787,-0.0574,-1.2303,0
859397,-10.6661,-10.1802,-4.1147,-10.1500,3.7100,-5.2500,-0.3471,0.1269,-0.1795,0
859436,-8.4519,-6.6136,-2.2309,12.8100,2.1000,-9.8700,0.4380,0.0718,-0.3375,0
859475,-7.6836,-3.9016,-2.5037,26.6000,15.9600,-9.3100,0.9096,0.5457,-0.3184,0
859514,-8.1456,-4.5024,0.2035,17.1500,30.3800,-18.9700,0.5864,1.0388,-0.6487,0
859553,-6.2594,-4.4761,0.2848,1.2600,18.9700,-42.2800,0.0431,0.6487,-1.4458,0
859592,-2.9394,-4.4067,-0.7779,0.0000,29.8900,-26.3200,0.0000,1.0221,-0.9000,0
859631,-4.2511,-5.5724,-2.1854,4.7600,38.2200,14.6300,0.1628,1.3069,0.5003,0
859670,-3.9280,-5.2828,-3.0926,18.9000,10.2200,15.9600,0.6463,0.3495,0.5457,0
859709,-6.3623,-8.5836,-5.7471,31.2200,1.6100,21.7700,1.0676,0.0551,0.7444,0
859748,-4.4139,-7.0876,-7.3724,50.6100,13.8600,10.9900,1.7306,0.4739,0.3758,0
859787,-7.3365,-5.5317,-3.9208,65.9400,46.2000,34.3000,2.2548,1.5798,1.1729,0
859826,-11.7456,-8.5453,-5.1248,84.3500,98.7700,-11.6200,2.8843,3.3774,-0.3973,0
859865,-11.7504,-7.9636,-2.5851,82.6700,113.5400,-19.7400,2.8269,3.8825,-0.6750,0
859904,-11.7384,-6.9703,-1.0125,65.7300,81.3400,-57.0500,2.2476,2.7814,-1.9508,0
859943,-8.3825,-4.1769,-1.0700,32.9700,52.3600,-83.7900,1.1274,1.7904,-2.8652,0
859982,-4.0979,-2.6737,-0.5481,16.3800,42.2100,-60.3400,0.5601,1.4434,-2.0633,0
860021,-3.6910,-4.6149,-1.2136,44.1700,30.8700,1.9600,1.5104,1.0556,0.0670,0
860060,-3.2530,-2.8867,-1.2734,65.3100,-7.4900,16.8700,2.2333,-0.2561,0.5769,0
860099,-0.9694,-1.9029,-1.6732,54.3900,-18.7600,47.8800,1.8599,-0.6415,1.6372,0
860138,1.5247,-2.7694,-1.5654,47.1100,7.2100,113.5400,1.6109,0.2465,3.8825,0
860177,-19.1731,-14.9435,-3.8705,-63.8400,40.1800,280.2100,-2.1830,1.3739,9.5817,0
860216,-12.3033,-7.6884,-3.9687,-27.0200,-12.7400,52.0800,-0.9239,-0.4356,1.7809,0
860255,-13.2584,-8.2174,-3.3032,-42.9100,-34.5800,1.9600,-1.4673,-1.1825,0.0670,0
860294,-11.1209,-6.8985,-2.0849,-28.9100,-47.1100,-32.7600,-0.9886,-1.6109,-1.1202,0
860333,-9.1629,-3.6934,-3.0663,-16.6600,-40.2500,-63.4900,-0.5697,-1.3763,-2.1710,0
860372,-6.2977,-2.7742,-1.5056,-17.2900,-42.5600,-80.1500,-0.5912,-1.4553,-2.7407,0
860411,-2.4463,-2.8604,-1.4314,-24.5000,-38.2900,-69.7200,-0.8378,-1.3093,-2.3841,0
860450,0.2777,-2.9801,-3.9375,-53.4800,-45.5700,-55.3700,-1.8287,-1.5583,-1.8934,0
860489,0.0718,-1.9652,-3.6335,-14.7000,-7.9800,16.3100,-0.5027,-0.2729,0.5577,0
860528,-0.9120,-0.8928,-0.7803,25.9700,9.3100,66.0100,0.8880,0.3184,2.2572,0
860567,-6.9152,-14.6419,-3.0375,4.1300,-43.0500,169.4000,0.1412,-1.4721,5.7926,0
860606,-18.8260,-6.6112,-6.9080,32.4100,45.1500,-65.4500,1.1083,1.5439,-2.2381,0
860645,-9.7182,-10.6900,-3.4277,-28.4200,-15.7500,-21.2800,-0.9718,-0.5386,-0.7277,0
860684,-13.9023,-6.9822,-5.2325,-4.6900,21.7000,-59.4300,-0.1604,0.7420,-2.0322,0
860723,-12.0759,-5.5509,-3.2913,-5.4600,-2.0300,-100.5900,-0.1867,-0.0694,-3.4397,0
860762,-7.4538,-2.8413,-2.7718,-26.7400,-9.5900,-113.8900,-0.9144,-0.3279,-3.8945,0
860801,-4.8064,-3.2889,-1.7928,-27.6500,-0.4200,-79.5200,-0.9455,-0.0144,-2.7192,0
860840,-2.6019,-2.5947,-1.5535,-2.4500,-5.9500,-70.6300,-0.0838,-0.2035,-2.4152,0
860879,0.3471,-0.0431,-0.1245,7.0700,-24.7800,-45.2900,0.2418,-0.8473,-1.5487,0
860918,2.4176,1.1992,-0.9886,6.4400,-68.5300,-6.3700,0.2202,-2.3434,-0.2178,0
860957,1.8503,-0.8928,-1.6660,6.4400,-41.0900,98.8400,0.2202,-1.4051,3.3798,0
860996,-32.4482,-24.1375,-8.1695,-170.8000,-52.9900,372.1900,-5.8405,-1.8120,12.7270,0
861035,-7.0876,-7.7458,-7.7051,-23.5200,-23.4500,-98.2100,-0.8043,-0.8019,-3.3583,0
861074,-9.3041,-7.1211,-3.8083,-48.1600,-20.3000,36.5400,-1.6468,-0.6942,1.2495,0
861113,-11.9874,-8.9379,-1.6061,-34.2300,-1.2600,12.0400,-1.1705,-0.0431,0.4117,0
861152,-9.9551,-5.2301,-1.9939,-3.4300,-32.0600,-39.1300,-0.1173,-1.0963,-1.3380,0
861191,-4.5838,-2.4128,-2.2811,-3.6400,-17.4300,-56.0000,-0.1245,-0.5960,-1.9149,0
861230,-1.8144,-2.1567,-0.9048,-16.4500,3.2200,-39.9700,-0.5625,0.1101,-1.3668,0
861269,-0.0981,-0.7684,-2.6306,-38.6400,-2.5200,-30.4500,-1.3213,-0.0862,-1.0412,0
861308,0.7420,-3.0208,-2.5397,-23.6600,3.7100,53.4100,-0.8091,0.1269,1.8263,0
861347,-5.4144,-5.8261,-2.5947,15.4700,-45.0100,114.6600,0.5290,-1.5391,3.9208,0
861386,-17.3323,-15.7142,-11.6810,-0.6300,-112.7700,149.8000,-0.0215,-3.8562,5.1224,0
861425,-10.0533,-5.9793,-2.8006,38.4300,39.4100,-109.2000,1.3141,1.3476,-3.7341,0
861464,-15.1517,-10.7810,-7.3580,-16.2400,4.2700,-35.7700,-0.5553,0.1460,-1.2232,0
861503,-11.1783,-6.6615,-3.8609,14.5600,25.1300,-65.5900,0.4979,0.8593,-2.2428,0
861542,-9.8163,-5.8692,-1.2734,23.9400,15.3300,-85.1200,0.8186,0.5242,-2.9107,0
861581,-7.6812,-2.4415,-1.2806,5.6000,14.1400,-100.9400,0.1915,0.4835,-3.4516,0
861620,-3.3822,-3.1357,-2.3960,-1.8900,15.4000,-62.3700,-0.0646,0.5266,-2.1327,0
861659,-1.1513,-0.7348,-0.6056,29.2600,10.0800,-41.8600,1.0005,0.3447,-1.4314,0
861698,2.6139,1.4529,0.7540,19.3200,-47.1800,-24.2900,0.6606,-1.6133,-0.8306,0
861737,1.5247,-0.4524,-1.6133,3.6400,-56.5600,104.3700,0.1245,-1.9341,3.5689,0
861776,-31.0742,-21.6768,-8.6099,-148.8200,-58.4500,377.5100,-5.0889,-1.9987,12.9089,0
861815,-8.2533,-8.9402,-5.9817,-41.8600,-35.0700,-38.7800,-1.4314,-1.1992,-1.3261,0
861854,-11.0227,-6.7572,-4.3899,-76.7200,-44.2400,17.8500,-2.6234,-1.5128,0.6104,0
861893,-12.3679,-7.9732,-0.5505,-66.2200,-8.6800,-9.4500,-2.2644,-0.2968,-0.3231,0
861932,-10.4913,-5.2540,-2.3577,-79.3100,-53.8300,-19.5300,-2.7120,-1.8407,-0.6678,0
861971,-7.7027,-2.5899,-2.9514,-61.2500,-57.2600,-60.6200,-2.0944,-1.9580,-2.0729,0
862010,-4.3780,-0.9694,-1.4003,-55.3000,-49.4200,-77.6300,-1.8910,-1.6899,-2.6545,0
862049,-1.7569,-1.2495,-2.2811,-121.3800,-62.7900,-32.6900,-4.1506,-2.1471,-1.1178,0
862088,-3.8298,-5.4120,-4.4953,-74.6200,-71.6100,25.9700,-2.5516,-2.4487,0.8880,0
862127,-7.9900,-7.7769,-4.9381,-12.3900,-118.1600,54.0400,-0.4237,-4.0405,1.8479,0
862166,-11.7121,-12.1573,-9.7397,-39.8300,-58.2400,46.0600,-1.3620,-1.9915,1.5750,0
862205,-14.2493,-5.3570,-4.1434,-37.7300,1.1200,-78.1200,-1.2902,0.0383,-2.6713,0
862244,-12.2483,-7.6549,-4.4354,-32.6200,-16.7300,-74.6900,-1.1154,-0.5721,-2.5540,0
862283,-10.0389,-6.0918,-3.3655,-47.7400,-17.7100,-49.1400,-1.6325,-0.6056,-1.6803,0
862322,-6.2450,-3.9615,-3.4014,-40.0400,-41.5100,-67.4800,-1.3692,-1.4194,-2.3075,0
862361,-4.3947,-1.6061,-2.9274,-45.2200,-30.8700,-56.9100,-1.5463,-1.0556,-1.9460,0
862400,-3.7915,-2.3625,-1.6947,-20.4400,-18.9000,-14.3500,-0.6989,-0.6463,-0.4907,0
862439,-2.9346,-1.6013,1.2279,3.2200,-51.5200,13.5100,0.1101,-1.7617,0.4620,0
862478,-1.4721,-2.3099,-0.7085,-45.0800,-92.1200,94.0800,-1.5415,-3.1500,3.2171,0
862517,-21.9545,-10.5368,-4.2918,-177.5900,-73.5000,160.2300,-6.0727,-2.5133,5.4790,0
862556,-12.6001,-6.2450,-3.9136,-135.3800,-88.2000,-42.3500,-4.6293,-3.0160,-1.4482,0
862595,-11.9347,-6.0751,-4.4785,-157.0100,-85.3300,-55.6500,-5.3689,-2.9178,-1.9029,0
862634,-11.6594,-7.3413,-3.5043,-163.7300,-78.7500,-47.9500,-5.5987,-2.6928,-1.6396,0
862673,-10.2161,-4.0548,-3.1117,-145.6700,-78.6100,-72.9400,-4.9812,-2.6881,-2.4942,0
862712,-8.2174,-1.7474,-2.1567,-138.7400,-102.4800,-85.4000,-4.7442,-3.5043,-2.9202,0
862751,-5.8381,0.6822,-1.9915,-158.9700,-120.8900,-91.2100,-5.4360,-4.1338,-3.1189,0
862790,-3.5498,0.1005,-3.7006,-209.5100,-136.8500,-75.1100,-7.1642,-4.6796,-2.5684,0
862829,-2.9202,-0.7181,-5.2804,-202.3000,-128.1000,-56.5600,-6.9176,-4.3804,-1.9341,0
862868,-4.7179,-5.6466,-5.8453,-131.1800,-149.1000,-33.2500,-4.4857,-5.0985,-1.1370,0
862907,-6.0583,-9.7876,-9.3065,-98.7000,-131.2500,27.5100,-3.3750,-4.4881,0.9407,0
862946,-9.0001,-6.5490,-5.9817,-92.5400,14.5600,-37.2400,-3.1644,0.4979,-1.2734,0
862985,-12.7461,-6.8434,-7.4346,-83.2300,-27.7900,-32.3400,-2.8460,-0.9503,-1.1059,0
863024,-11.1496,-6.6519,-5.4431,-75.4600,-23.3800,-52.9200,-2.5803,-0.7995,-1.8096,0
863063,-10.0054,-5.8716,-5.6825,-68.0400,-48.9300,-77.6300,-2.3266,-1.6732,-2.6545,0
863102,-7.4706,-4.9453,-4.3516,-72.2400,-53.7600,-75.8100,-2.4702,-1.8383,-2.5923,0
863141,-6.9176,-3.4253,-3.8131,-57.6800,-34.9300,-89.0400,-1.9724,-1.1944,-3.0447,0
863180,-5.7806,-1.8934,-5.1391,-48.9300,-38.5700,-104.0200,-1.6732,-1.3189,-3.5569,0
863219,-3.8322,-1.8216,-4.7298,-54.8100,-55.2300,-90.0200,-1.8742,-1.8886,-3.0782,0
863258,-4.2774,-2.0059,-5.6418,-72.6600,-73.9900,-75.1800,-2.4846,-2.5301,-2.5708,0
863297,-3.7269,-2.9992,-5.1128,-63.5600,-73.6400,-51.5900,-2.1734,-2.5181,-1.7641,0
863336,-3.9998,-4.9500,-2.0777,-15.1900,-55.8600,-5.6700,-0.5194,-1.9101,-0.1939,0
863375,-4.5312,-7.3604,-0.3614,-77.1400,-46.1300,97.9300,-2.6378,-1.5774,3.3487,0
863414,-12.4876,-10.2567,-2.8987,-104.5800,-46.4100,65.4500,-3.5761,-1.5870,2.2381,0
863453,-10.5631,-6.3791,-3.0567,-107.8700,-83.5100,-35.0000,-3.6886,-2.8556,-1.1968,0
863492,-11.7767,-7.5663,-4.7322,-81.4100,-78.1900,-65.1700,-2.7838,-2.6737,-2.2285,0
863531,-9.1246,-6.1110,-5.6921,-56.4200,-83.5800,-56.8400,-1.9293,-2.8580,-1.9436,0
863570,-8.7129,-5.1200,-4.6700,-59.5000,-68.3200,-15.4700,-2.0346,-2.3362,-0.5290,0
863609,-6.7740,-3.9615,-3.8346,-43.6100,-58.1000,-34.7900,-1.4912,-1.9867,-1.1896,0
863648,-5.3187,-1.7833,-2.2404,-38.0100,-52.8500,-36.5400,-1.2997,-1.8072,-1.2495,0
863687,-2.9944,-1.6851,-1.5104,-38.7800,-32.7600,-21.6300,-1.3261,-1.1202,-0.7396,0
863726,-2.2764,-1.5966,-2.7670,-51.9400,-21.7000,-15.4000,-1.7761,-0.7420,-0.5266,0
863765,-3.5043,-5.6634,-1.5176,-56.4900,-14.0700,39.4100,-1.9317,-0.4811,1.3476,0
863804,-11.3674,-12.0663,-8.4208,15.4700,-51.3800,16.6600,0.5290,-1.7569,0.5697,0
863843,-6.3647,-7.9421,-4.4306,48.5100,7.9100,-34.0900,1.6588,0.2705,-1.1657,0
863882,-9.0527,-9.0073,-5.0171,30.3100,26.6700,-22.9600,1.0364,0.9120,-0.7851,0
863921,-9.6631,-7.2767,-5.4743,42.2800,60.5500,-43.1200,1.4458,2.0705,-1.4745,0
863960,-11.4368,-7.0134,-3.2913,20.2300,69.6500,-0.7000,0.6918,2.3817,-0.0239,0
863999,-8.6458,-5.6035,-2.1950,31.5700,52.1500,-54.8100,1.0795,1.7833,-1.8742,0
864038,-6.2546,-3.2697,-1.7402,19.9500,36.2600,-79.0300,0.6822,1.2399,-2.7024,0
864077,-3.7915,-3.3056,-2.1160,3.0100,36.7500,-29.6100,0.1029,1.2567,-1.0125,0
864116,-2.3960,-2.3529,-0.8378,26.8100,36.8200,-29.8200,0.9168,1.2591,-1.0197,0
864155,-0.3423,-1.3596,0.7085,30.5900,18.4800,10.5700,1.0460,0.6319,0.3614,0
864194,2.1279,-1.6492,-1.0652,31.6400,-2.0300,81.2000,1.0819,-0.0694,2.7766,0
864233,-9.6176,-14.1344,-1.7952,-3.8500,-11.2700,241.9900,-0.1317,-0.3854,8.2748,0
864272,-8.3394,-8.6650,-4.0764,21.4200,-0.3500,-17.2900,0.7325,-0.0120,-0.5912,0
864311,-11.9347,-7.5567,-5.0625,-0.7700,-11.8300,37.0300,-0.0263,-0.4045,1.2662,0
864350,-11.7935,-8.7129,-2.8006,-7.2800,-6.5800,17.0800,-0.2489,-0.2250,0.5840,0
864389,-9.1126,-5.2540,-1.7354,19.7400,-35.0000,-34.8600,0.6750,-1.1968,-1.1920,0
864428,-7.8320,-2.9944,-2.3075,2.8000,-28.5600,-39.6200,0.0957,-0.9766,-1.3548,0
864467,-4.2870,-1.2351,-1.3141,1.3300,-12.1800,-44.7300,0.0455,-0.4165,-1.5295,0
864506,-1.8192,-1.9460,-0.7660,2.2400,12.2500,-30.5900,0.0766,0.4189,-1.0460,0
864545,-0.3519,-3.0974,-0.0574,4.6200,31.2900,-20.2300,0.1580,1.0700,-0.6918,0
864584,-0.3016,-0.3590,-3.5522,-40.6000,-18.9700,7.4900,-1.3883,-0.6487,0.2561,0
864623,-9.9384,-10.3381,-7.5926,33.5300,-73.9200,129.3600,1.1466,-2.5277,4.4234,0
864662,-13.1602,-11.3506,-6.5131,58.8000,-0.7000,68.6700,2.0107,-0.0239,2.3482,0
864701,-8.5405,-6.6519,-6.4293,-2.3100,29.2600,-19.9500,-0.0790,1.0005,-0.6822,0
864740,-11.0586,-6.7357,-4.8088,44.8000,53.8300,-73.0100,1.5319,1.8407,-2.4966,0
864779,-12.4302,-6.8793,-1.2279,22.6800,48.0200,-35.3500,0.7755,1.6420,-1.2088,0
864818,-9.0456,-4.0692,-0.6798,28.7000,28.4900,-100.5900,0.9814,0.9742,-3.4397,0
864857,-6.1995,-2.8915,-1.5176,2.4500,9.8000,-111.5100,0.0838,0.3351,-3.8131,0
864896,-3.5881,-3.7604,-3.0016,-20.9300,4.2000,-69.5100,-0.7157,0.1436,-2.3769,0
864935,-2.1758,-2.5325,-1.1920,17.4300,16.9400,-22.3300,0.5960,0.5793,-0.7636,0
864974,1.5391,-1.3716,-0.6989,46.5500,-14.0000,-12.1100,1.5918,-0.4787,-0.4141,0
865013,2.5684,-1.6612,0.3926,48.1600,-19.0400,91.4900,1.6468,-0.6511,3.1285,0
865052,-16.9015,-14.9124,-6.4580,-67.5500,-43.4000,300.7900,-2.3099,-1.4841,10.2855,0
865091,-12.0185,-11.5062,-4.7681,-18.3400,10.9200,52.8500,-0.6271,0.3734,1.8072,0
865130,-10.5919,-8.4400,-3.9040,-29.1900,-2.2400,38.2900,-0.9981,-0.0766,1.3093,0
865169,-10.9892,-6.2139,-1.4865,-15.8900,-2.8700,2.8000,-0.5434,-0.0981,0.0957,0
865208,-9.1222,-3.7987,-1.8910,-6.3000,-31.1500,-31.8500,-0.2154,-1.0652,-1.0891,0
865247,-6.3575,-2.6905,-2.0753,-8.2600,-36.9600,-61.8800,-0.2824,-1.2638,-2.1160,0
865286,-3.1022,-1.4362,-1.0029,-15.6800,-5.6000,-60.1300,-0.5362,-0.1915,-2.0561,0
865325,-1.0364,-3.4301,-2.6450,-35.0000,6.6500,-31.1500,-1.1968,0.2274,-1.0652,0
865364,0.4117,-2.2572,-3.3248,-20.7900,20.1600,-6.3000,-0.7109,0.6894,-0.2154,0
865403,-7.1713,-7.0325,-6.8674,21.2800,-24.6400,93.1700,0.7277,-0.8426,3.1859,0
865442,-9.8474,-9.1102,-3.9950,69.5800,-58.3800,59.2200,2.3793,-1.9963,2.0250,0
865481,-10.6613,-6.9846,-2.4032,45.6400,50.8900,-14.9100,1.5607,1.7402,-0.5098,0
865520,-14.2757,-10.2041,-5.6586,-18.7600,14.9100,-34.5100,-0.6415,0.5098,-1.1801,0
865559,-10.0222,-8.1934,-5.4790,21.8400,21.6300,-90.1600,0.7468,0.7396,-3.0830,0
865598,-10.5823,-5.8429,-2.2404,16.8000,34.2300,-51.8000,0.5745,1.1705,-1.7713,0
865637,-7.6214,-3.6958,-0.4428,30.3100,19.1800,-94.0100,1.0364,0.6559,-3.2147,0
865676,-4.0165,-4.1649,-1.7234,14.4200,11.8300,-85.1900,0.4931,0.4045,-2.9131,0
865715,-1.5654,-2.5684,-1.3213,2.3800,13.8600,-47.7400,0.0814,0.4739,-1.6325,0
865754,1.0029,-0.9168,0.0455,11.9000,5.5300,-14.4200,0.4069,0.1891,-0.4931,0
865793,4.2128,0.7468,2.1136,23.3100,-16.9400,43.1900,0.7971,-0.5793,1.4769,0
865832,-7.9038,-10.4363,-3.6120,-23.2400,-46.4100,252.5600,-0.7947,-1.5870,8.6363,0
865871,-17.3323,-16.2552,-6.0655,-31.0800,44.3100,150.0100,-1.0628,1.5152,5.1296,0
865910,-9.3687,-8.1910,-2.4990,-8.4000,-20.5800,8.3300,-0.2872,-0.7037,0.2848,0
865949,-14.0124,-8.3945,-2.2093,-33.9500,15.8900,38.5700,-1.1609,0.5434,1.3189,0
865988,-11.2477,-4.9931,-1.7019,-26.8800,-14.0000,-30.4500,-0.9192,-0.4787,-1.0412,0
866027,-7.7793,-2.1256,-1.8718,-17.5000,-28.0700,-53.5500,-0.5984,-0.9598,-1.8311,0
866066,-2.4846,-0.2274,-1.2591,-20.1600,-1.6100,-54.1800,-0.6894,-0.0551,-1.8527,0
866105,-0.8641,-2.9107,-0.8593,-40.8100,14.3500,-20.9300,-1.3955,0.4907,-0.7157,0
866144,1.0197,-6.3910,-0.9311,-46.4100,-3.2900,-6.2300,-1.5870,-0.1125,-0.2130,0
866183,-10.2879,-8.0522,-8.3370,-26.6000,-56.5600,116.3400,-0.9096,-1.9341,3.9782,0
866222,-10.6732,-10.2998,-5.6801,64.8200,-55.3000,58.5200,2.2165,-1.8910,2.0011,0
866261,-8.3370,-7.6716,-3.3774,67.5500,32.4100,-39.2000,2.3099,1.1083,-1.3404,0
866300,-11.8892,-7.9900,-4.4258,12.8100,37.3800,-42.7000,0.4380,1.2782,-1.4601,0
866339,-10.8504,-8.3418,-5.1631,48.4400,54.3900,-74.9700,1.6564,1.8599,-2.5636,0
866378,-10.5368,-5.1176,-2.2141,34.2300,63.3500,-55.5100,1.1705,2.1662,-1.8982,0
866417,-9.4022,-4.0333,-0.7995,36.6100,44.5900,-78.2600,1.2519,1.5247,-2.6761,0
866456,-4.8208,-4.4450,-2.4008,10.5700,39.6200,-72.0300,0.3614,1.3548,-2.4631,0
866495,-2.1208,-1.7545,-1.1083,4.4800,33.2500,-34.3000,0.1532,1.1370,-1.1729,0
866534,-1.2878,-1.5630,1.1944,31.4300,23.1000,12.1100,1.0747,0.7899,0.4141,0
866573,2.8460,-1.6468,2.3194,49.0000,-15.0500,85.4700,1.6755,-0.5146,2.9226,0
866612,-10.8216,-12.0209,-5.1344,-50.5400,-43.0500,280.3500,-1.7282,-1.4721,9.5865,0
866651,-17.8972,-12.6456,-6.4030,-50.8200,7.8400,102.2000,-1.7378,0.2681,3.4947,0
866690,-10.3357,-8.5812,-3.5067,2.6600,-31.3600,-0.8400,0.0910,-1.0724,-0.0287,0
866729,-12.0807,-8.6482,-2.1974,-9.3800,8.6800,29.6800,-0.3207,0.2968,1.0149,0
866768,-10.0461,-5.9267,-2.2045,-3.8500,-14.4200,-26.2500,-0.1317,-0.4931,-0.8976,0
866807,-7.7195,-2.7216,-1.6875,2.7300,-20.7900,-44.7300,0.0934,-0.7109,-1.5295,0
866846,-4.0859,-2.2500,-1.6708,1.7500,-28.7000,-56.6300,0.0598,-0.9814,-1.9365,0
866885,-0.7157,-1.5176,-0.5362,-11.1300,2.7300,-50.6800,-0.3806,0.0934,-1.7330,0
866924,0.9862,-2.8724,-1.8120,-38.3600,17.2900,-4.9700,-1.3117,0.5912,-0.1699,0
866963,-11.5804,-9.8115,-9.1389,-5.8800,-36.4700,128.5200,-0.2011,-1.2471,4.3947,0
867002,-10.2903,-9.3687,-7.3868,84.9100,-49.4200,35.0000,2.9035,-1.6899,1.1968,0
867041,-10.0772,-6.6591,-1.0843,50.8200,57.5400,3.4300,1.7378,1.9676,0.1173,0
867080,-15.2475,-9.8498,-5.0338,8.4700,34.7900,-24.5700,0.2896,1.1896,-0.8402,0
867119,-8.9139,-5.6897,-4.3971,29.5400,19.9500,-115.6400,1.0101,0.6822,-3.9543,0
867158,-7.5591,-5.0051,-2.2883,-0.2800,28.4200,-53.2000,-0.0096,0.9718,-1.8192,0
867197,-7.2025,-3.6958,-2.9705,20.1600,27.5800,-68.6700,0.6894,0.9431,-2.3482,0
867236,-5.8405,-5.0147,-2.5325,7.1400,40.1800,-22.1900,0.2442,1.3739,-0.7588,0
867275,-5.0266,-3.2410,-1.3692,26.4600,31.7100,-34.3000,0.9048,1.0843,-1.1729,0
867314,-2.0633,-2.2333,0.9551,39.2700,17.7800,-12.6000,1.3428,0.6080,-0.4309,0
867353,0.7157,-1.1274,2.6569,-6.2300,-4.5500,97.7900,-0.2130,-0.1556,3.3439,0
867392,-17.9834,-11.9778,-8.7488,-94.2200,-52.4300,247.4500,-3.2218,-1.7928,8.4615,0
867431,-9.0575,-11.0706,-4.0524,13.0900,7.3500,24.4300,0.4476,0.2513,0.8354,0
867470,-11.5756,-8.4687,-4.5862,-27.2300,-21.7000,40.6700,-0.9311,-0.7420,1.3907,0
867509,-12.8802,-8.2916,-2.7934,-3.0100,21.0700,22.0500,-0.1029,0.7205,0.7540,0
867548,-9.6416,-4.2966,-1.1489,6.3000,-12.4600,-39.1300,0.2154,-0.4261,-1.3380,0
867587,-6.8291,-2.7814,-0.9168,-8.4000,-23.5200,-50.2600,-0.2872,-0.8043,-1.7186,0
867626,-4.2607,-1.2136,-1.3213,-23.0300,-17.3600,-58.0300,-0.7875,-0.5936,-1.9843,0
867665,-0.7540,-2.6402,-1.0700,-22.8900,9.1700,-46.7600,-0.7827,0.3136,-1.5990,0
867704,-0.1676,-1.7330,-2.4415,-36.7500,17.3600,-16.6600,-1.2567,0.5936,-0.5697,0
867743,-9.0097,-9.0480,-8.2820,-12.0400,-34.6500,82.5300,-0.4117,-1.1849,2.8221,0
867782,-7.5232,-7.0684,-5.7017,97.7200,15.6100,43.3300,3.3415,0.5338,1.4817,0
867821,-10.7474,-5.5006,-0.5745,44.1000,56.2100,-6.3700,1.5080,1.9221,-0.2178,0
867860,-15.2882,-10.3836,-5.9721,15.6800,28.1400,-48.4400,0.5362,0.9622,-1.6564,0
867899,-7.7817,-4.8160,-3.7269,24.8500,11.9700,-101.3600,0.8497,0.4093,-3.4660,0
867938,-7.9660,-6.2570,-2.6067,-0.7000,31.9900,-33.8100,-0.0239,1.0939,-1.1561,0
867977,-7.2503,-3.4588,-3.7413,19.6700,34.0200,-64.9600,0.6726,1.1633,-2.2213,0
868016,-5.3953,-2.7335,-1.9676,10.1500,61.7400,-33.2500,0.3471,2.1112,-1.1370,0
868055,-4.2798,-3.1548,-0.6176,11.7600,43.9600,-7.6300,0.4021,1.5032,-0.2609,0
868094,-2.6522,-2.3362,0.9431,35.7700,10.7100,-12.0400,1.2232,0.3662,-0.4117,0
868133,0.2322,-2.2141,1.4865,15.4700,-20.4400,45.5700,0.5290,-0.6989,1.5583,0
868172,-7.2479,-8.7703,-3.6742,-59.9200,-17.3600,187.9500,-2.0490,-0.5936,6.4269,0
868211,-18.1318,-11.1280,-9.3543,-59.0100,4.1300,102.0600,-2.0178,0.1412,3.4899,0
868250,-9.3926,-7.4801,-4.3157,6.0200,-3.7100,36.2600,0.2059,-0.1269,1.2399,0
868289,-12.0496,-7.6932,-3.3798,2.7300,23.9400,34.6500,0.0934,0.8186,1.1849,0
868328,-9.9623,-5.4743,-1.8024,19.8800,-7.6300,-23.3800,0.6798,-0.2609,-0.7995,0
868367,-7.4011,-2.5612,-1.6779,12.3200,-16.1700,-39.3400,0.4213,-0.5529,-1.3452,0
868406,-4.6844,-1.7450,-1.2447,8.9600,-0.9800,-38.5000,0.3064,-0.0335,-1.3165,0
868445,-2.2117,-1.2806,-1.3021,-8.1900,21.9800,-33.8800,-0.2801,0.7516,-1.1585,0
868484,-1.4290,-2.4559,-1.7689,-34.3700,31.4300,3.2200,-1.1753,1.0747,0.1101,0
868523,-2.2381,-6.5777,0.7540,-12.5300,23.6600,25.1300,-0.4285,0.8091,0.8593,0
868562,-10.9677,-9.9911,-7.2791,52.9200,-64.3300,96.5300,1.8096,-2.1998,3.3008,0
868601,-11.5038,-7.8631,-4.9165,77.8400,24.9900,33.8100,2.6617,0.8545,1.1561,0
868640,-10.2184,-8.1815,-3.8633,37.3800,16.5200,-20.2300,1.2782,0.5649,-0.6918,0
868679,-9.3639,-8.3801,-6.6543,66.5000,51.4500,-68.5300,2.2740,1.7593,-2.3434,0
868718,-7.4251,-6.3479,-4.2679,59.7100,77.9800,-11.4100,2.0418,2.6665,-0.3902,0
868757,-6.5155,-4.5934,-3.0519,59.7100,94.7100,-2.6600,2.0418,3.2386,-0.0910,0
868796,-4.5575,-3.0639,-2.3051,70.4900,82.4600,-25.4100,2.4104,2.8197,-0.8689,0
868835,-4.1865,-2.0298,0.7899,69.0200,84.3500,16.6600,2.3601,2.8843,0.5697,0
868874,-4.5096,-3.7867,1.7043,68.6700,50.7500,67.2000,2.3482,1.7354,2.2979,0
868913,-6.7070,-10.3357,-2.6689,55.7200,19.3900,146.9300,1.9053,0.6630,5.0243,0
868952,-13.1507,-8.0761,-7.8392,16.5200,48.0200,99.4700,0.5649,1.6420,3.4014,0
868991,-10.9581,-11.8725,-2.9442,72.3800,39.2000,56.0000,2.4750,1.3404,1.9149,0
869030,-8.2772,-7.3557,-2.8341,62.0900,43.8200,32.7600,2.1232,1.4984,1.1202,0
869069,-10.9413,-7.6333,-1.7450,60.9000,44.2400,52.7800,2.0825,1.5128,1.8048,0
869108,-8.9235,-4.2272,-1.1035,73.7800,32.2700,-3.6400,2.5229,1.1035,-0.1245,0
869147,-7.2144,-1.4625,-0.2154,46.1300,36.3300,-13.3000,1.5774,1.2423,-0.4548,0
869186,-6.6208,-1.4529,1.3572,29.4700,32.6900,-15.2600,1.0077,1.1178,-0.5218,0
869225,-2.9370,-4.7179,1.2878,30.4500,25.2700,-38.9900,1.0412,0.8641,-1.3333,0
869264,-3.8131,-4.5072,-0.7612,-17.9200,-16.4500,-48.1600,-0.6128,-0.5625,-1.6468,0
869303,-10.2232,-8.5740,-10.7666,-3.0100,-19.0400,57.9600,-0.1029,-0.6511,1.9819,0
869342,-5.0937,-5.5173,-6.6471,94.6400,3.7100,34.6500,3.2362,0.1269,1.1849,0
869381,-7.2886,-6.6208,-5.1774,98.2100,57.5400,35.9100,3.3583,1.9676,1.2279,0
869420,-10.9988,-7.2910,-4.5479,91.7700,68.4600,2.1000,3.1381,2.3410,0.0718,0
869459,-10.4674,-7.5304,-3.7006,81.7600,77.1400,-0.2800,2.7958,2.6378,-0.0096,0
869498,-11.0227,-6.1732,-1.3117,43.6800,66.8500,-2.8700,1.4936,2.2859,-0.0981,0
869537,-10.1466,-7.1666,-2.4583,42.1400,50.3300,-32.8300,1.4410,1.7210,-1.1226,0
869576,-6.6902,-3.8346,-2.1303,22.9600,46.6900,-39.7600,0.7851,1.5966,-1.3596,0
869615,-5.9267,-4.1769,-1.7952,18.4800,48.9300,-3.9200,0.6319,1.6732,-0.1340,0
869654,-4.8112,-4.1003,-2.3314,37.5900,42.9800,6.9300,1.2854,1.4697,0.2370,0
869693,-2.1543,-2.3601,-2.1447,68.1100,53.1300,3.0800,2.3290,1.8168,0.1053,0
869732,1.1011,-1.4290,-2.1303,77.6300,59.9200,16.2400,2.6545,2.0490,0.5553,0
869771,1.7258,-1.4410,1.2184,82.0400,101.7800,126.4200,2.8053,3.4804,4.3229,0
869810,-24.2691,-17.3563,-4.9979,-93.5200,28.7000,386.8900,-3.1979,0.9814,13.2296,0
869849,-15.1350,-9.9504,-4.1314,-3.7800,8.0500,39.9000,-0.1293,0.2753,1.3644,0
869888,-11.4033,-8.1719,-5.7519,3.5700,-27.5800,-4.1300,0.1221,-0.9431,-0.1412,0
869927,-11.1496,-7.6477,-3.9902,5.6700,5.3200,17.4300,0.1939,0.1819,0.5960,0
869966,-7.8081,-4.7298,-4.1147,37.4500,8.2600,-12.9500,1.2806,0.2824,-0.4428,0
870005,-6.9296,-3.1428,-2.7168,54.5300,29.2600,-14.6300,1.8646,1.0005,-0.5003,0
870044,-3.8011,-2.1016,0.5577,60.7600,41.1600,-28.8400,2.0777,1.4075,-0.9862,0
870083,-2.2596,-2.5325,0.2968,41.6500,55.3700,-18.3400,1.4242,1.8934,-0.6271,0
870122,-2.5037,-2.5085,-0.3327,15.5400,52.2900,-5.6700,0.5314,1.7880,-0.1939,0
870161,-11.1974,-10.1275,-6.4580,8.4000,11.2000,104.2300,0.2872,0.3830,3.5641,0
870200,-7.9900,-7.4227,-5.6610,80.2900,-25.4100,18.2700,2.7455,-0.8689,0.6247,0
870239,-8.3035,-7.3078,-4.5048,57.6800,39.2700,24.2900,1.9724,1.3428,0.8306,0
870278,-10.0174,-9.7062,-6.8817,68.7400,62.4400,7.0700,2.3506,2.1351,0.2418,0
870317,-9.7206,-7.4514,-5.3761,99.4700,79.5200,-36.0500,3.4014,2.7192,-1.2327,0
870356,-9.5650,-6.5538,-3.6527,75.1100,88.2700,0.0000,2.5684,3.0184,0.0000,0
870395,-9.1509,-5.1846,-3.2338,69.1600,85.1200,-13.2300,2.3649,2.9107,-0.4524,0
870434,-7.2886,-1.9006,-2.2692,68.1800,79.1700,-28.4200,2.3314,2.7072,-0.9718,0
870473,-5.4240,-3.7365,0.1053,61.4600,67.3400,-0.7700,2.1016,2.3027,-0.0263,0
870512,-3.8729,-3.6192,1.3644,81.4800,48.0200,-13.1600,2.7862,1.6420,-0.4500,0
870551,-1.3692,-3.0495,-0.6750,63.5600,19.1800,5.5300,2.1734,0.6559,0.1891,0
870590,-4.9692,-7.8799,-1.3428,34.0200,12.2500,130.7600,1.1633,0.4189,4.4713,0
870629,-11.6570,-12.2339,-5.4958,-15.1200,13.2300,195.3000,-0.5170,0.4524,6.6783,0
870668,-10.8408,-10.1466,-4.0692,57.1200,48.2300,72.7300,1.9532,1.6492,2.4870,0
870707,-12.1884,-8.8660,-2.7359,18.6900,16.4500,76.2300,0.6391,0.5625,2.6067,0
870746,-11.3291,-7.5926,-2.2309,24.3600,9.8700,31.5000,0.8330,0.3375,1.0771,0
870785,-8.5118,-5.0913,-1.7138,38.9900,-8.8200,-18.7600,1.3333,-0.3016,-0.6415,0
870824,-6.7884,-2.9657,-1.4458,23.3800,-5.0400,-23.3100,0.7995,-0.1723,-0.7971,0
870863,-5.3713,-1.7258,0.0646,23.1000,12.2500,-24.8500,0.7899,0.4189,-0.8497,0
870902,-1.8527,-2.3529,0.1077,-14.2800,-0.9800,-30.3100,-0.4883,-0.0335,-1.0364,0
870941,-2.5540,-1.4529,-3.3846,-34.0900,16.1000,13.2300,-1.1657,0.5505,0.4524,0
870980,-9.9671,-9.3926,-7.6812,11.5500,-46.4800,102.5500,0.3950,-1.5894,3.5067,0
871019,-9.5961,-8.1097,-6.1134,48.3000,3.2200,32.2700,1.6516,0.1101,1.1035,0
871058,-10.8145,-7.2958,-3.6695,29.4000,22.7500,-6.0900,1.0053,0.7779,-0.2082,0
871097,-11.8198,-9.2562,-5.6035,43.2600,33.4600,-33.8100,1.4793,1.1442,-1.1561,0
871136,-9.0982,-5.5532,-2.9346,34.3700,44.1000,-61.9500,1.1753,1.5080,-2.1184,0
871175,-9.1174,-6.2187,-2.2548,13.5100,37.8700,-44.7300,0.4620,1.2950,-1.5295,0
871214,-7.4993,-3.6168,-3.1261,18.2000,26.1100,-69.4400,0.6223,0.8928,-2.3745,0
871253,-4.0381,-1.8623,-2.7694,28.0000,42.4200,-61.8800,0.9575,1.4505,-2.1160,0
871292,-3.5665,-2.1830,-1.5822,30.0300,47.6000,14.7000,1.0269,1.6277,0.5027,0
871331,-1.5942,-2.1399,-0.8162,63.0700,-3.0800,42.3500,2.1567,-0.1053,1.4482,0
871370,-3.4899,-5.4647,-0.6056,22.8200,12.4600,177.8700,0.7803,0.4261,6.0822,0
871409,-21.8061,-11.4536,-5.9578,-72.0300,25.2000,213.2200,-2.4631,0.8617,7.2910,0
871448,-10.7881,-11.0849,-3.0686,16.2400,-2.0300,15.9600,0.5553,-0.0694,0.5457,0
871487,-11.2621,-7.6836,-3.8514,-0.3500,-2.5200,24.1500,-0.0120,-0.0862,0.8258,0
871526,-11.4320,-6.6950,-2.6378,7.2100,4.1300,-4.8300,0.2465,0.1412,-0.1652,0
871565,-8.5214,-3.3990,-1.0269,12.3900,-13.3700,-43.1900,0.4237,-0.4572,-1.4769,0
871604,-7.1067,-2.5947,-0.6894,-16.1000,-28.7700,-40.8800,-0.5505,-0.9838,-1.3979,0
871643,-4.2320,-0.8378,-0.4931,-10.0100,-10.9200,-53.7600,-0.3423,-0.3734,-1.8383,0
871682,-0.7708,-1.9843,-0.7564,-14.2100,8.6100,-45.9200,-0.4859,0.2944,-1.5702,0
871721,-0.0981,-2.6186,-0.3758,-24.2900,22.1900,-24.5000,-0.8306,0.7588,-0.8378,0
871760,-12.6001,-9.1102,-11.2142,-42.5600,-42.9100,142.6600,-1.4553,-1.4673,4.8782,0
871799,-9.6895,-6.9487,-3.0998,70.0700,26.1800,45.9200,2.3960,0.8952,1.5702,0
871838,-9.6536,-5.6370,-2.2141,44.7300,29.1200,-25.5500,1.5295,0.9958,-0.8737,0
871877,-13.6868,-9.1150,-5.6849,31.4300,30.2400,-28.7700,1.0747,1.0341,-0.9838,0
871916,-7.8248,-4.4594,-4.0931,32.4800,31.5700,-61.0400,1.1106,1.0795,-2.0873,0
871955,-8.8493,-5.4934,-2.8891,10.1500,54.2500,-27.3000,0.3471,1.8551,-0.9335,0
871994,-8.2317,-3.7006,-2.9155,22.4000,41.0200,-62.6500,0.7660,1.4027,-2.1423,0
872033,-4.8878,-2.4104,-2.7551,18.0600,43.3300,-47.6700,0.6176,1.4817,-1.6301,0
872072,-3.3128,-2.6474,-1.2950,32.2700,48.0900,-11.9700,1.1035,1.6444,-0.4093,0
872111,-1.9939,-2.7311,1.0173,46.5500,35.0700,21.4200,1.5918,1.1992,0.7325,0
872150,0.2442,-4.6149,3.1500,45.6400,33.3200,77.9100,1.5607,1.1394,2.6641,0
872189,-12.2674,-8.8541,-7.7913,-62.5800,-17.6400,204.3300,-2.1399,-0.6032,6.9870,0
872228,-12.9424,-11.3435,-4.5982,49.7000,43.6100,25.4800,1.6995,1.4912,0.8713,0
872267,-10.4099,-6.9631,-6.2833,42.7700,25.1300,40.0400,1.4625,0.8593,1.3692,0
872306,-11.6403,-6.7572,-3.8179,42.0000,29.2600,23.9400,1.4362,1.0005,0.8186,0
872345,-8.5860,-4.3349,-2.2309,48.8600,3.3600,-26.0400,1.6708,0.1149,-0.8904,0
872384,-5.9650,-2.9322,-0.6798,44.1000,16.5200,-31.2900,1.5080,0.5649,-1.0700,0
872423,-3.7341,-2.0370,0.0168,40.3200,39.7600,-25.4100,1.3787,1.3596,-0.8689,0
872462,-2.2835,-3.3822,0.6894,41.1600,52.0100,-22.1200,1.4075,1.7785,-0.7564,0
872501,-0.4309,-2.4319,-1.1154,-11.6200,53.9000,5.5300,-0.3973,1.8431,0.1891,0
872540,-10.7355,-11.5852,-7.4370,4.8300,22.3300,129.2200,0.1652,0.7636,4.4187,0
872579,-8.1144,-6.0200,-7.8081,94.7800,-23.9400,21.6300,3.2410,-0.8186,0.7396,0
872618,-8.2605,-7.6716,-4.9883,73.7800,70.2800,49.0700,2.5229,2.4032,1.6779,0
872657,-11.8054,-9.6679,-7.6836,99.4000,83.5800,-19.5300,3.3990,2.8580,-0.6678,0
872696,-8.6578,-4.8926,-4.7562,103.3200,94.2900,-27.1600,3.5330,3.2242,-0.9287,0
872735,-10.0246,-5.4743,-3.0303,86.8000,106.8200,4.9700,2.9681,3.6527,0.1699,0
872774,-8.5022,-3.7915,-1.7354,93.3800,95.4100,-42.2800,3.1931,3.2625,-1.4458,0
872813,-6.9655,-2.7527,-1.3357,79.2400,80.0100,-36.2600,2.7096,2.7359,-1.2399,0
872852,-5.9482,-2.1256,0.3064,78.4000,65.1000,0.5600,2.6809,2.2261,0.0191,0
872891,-3.8729,-2.6833,1.4793,91.7700,48.5100,22.6100,3.1381,1.6588,0.7731,0
872930,0.9335,-3.4397,0.2106,78.2600,24.0100,30.6600,2.6761,0.8210,1.0484,0
872969,-3.5952,-6.4556,-0.9192,28.8400,12.4600,153.0200,0.9862,0.4261,5.2325,0
873008,-16.4012,-11.4009,-5.2923,-24.7800,39.2000,224.6300,-0.8473,1.3404,7.6812,0
873047,-11.7360,-12.0951,-2.9968,47.0400,22.7500,81.8300,1.6085,0.7779,2.7982,0
873086,-12.7940,-8.2940,-4.6173,26.1100,6.9300,56.4900,0.8928,0.2370,1.9317,0
873125,-10.9485,-6.2977,-1.9388,22.6100,-16.5900,12.1800,0.7731,-0.5673,0.4165,0
873164,-8.2030,-3.2817,-1.1561,26.3200,-17.9900,-25.6200,0.9000,-0.6152,-0.8761,0
873203,-6.0080,-2.2261,0.0670,26.6000,-15.8200,-43.9600,0.9096,-0.5410,-1.5032,0
873242,-2.4248,-1.7689,0.7803,11.5500,-6.0200,-55.1600,0.3950,-0.2059,-1.8862,0
873281,-1.1872,-0.7731,-1.4410,-25.8300,3.9900,-29.2600,-0.8833,0.1364,-1.0005,0
873320,-0.4069,-1.8311,-3.1907,-52.4300,9.0300,16.9400,-1.7928,0.3088,0.5793,0
873359,-10.4052,-11.3674,-7.9229,27.4400,-64.6100,116.5500,0.9383,-2.2093,3.9854,0
873398,-10.6900,-10.1586,-7.5184,76.5100,9.2400,47.1100,2.6162,0.3160,1.6109,0
873437,-10.8958,-6.6328,-2.8221,42.3500,51.2400,-20.2300,1.4482,1.7521,-0.6918,0
873476,-13.7323,-9.3520,-4.7633,35.7000,40.1100,-37.7300,1.2208,1.3716,-1.2902,0
873515,-9.0934,-4.3684,-2.1758,32.6200,34.8600,-97.0900,1.1154,1.1920,-3.3200,0
873554,-10.1658,-4.7849,-2.1112,1.9600,25.9000,-55.6500,0.0670,0.8856,-1.9029,0
873593,-6.6806,-2.8724,-1.9053,5.3200,12.5300,-93.4500,0.1819,0.4285,-3.1955,0
873632,-4.9285,-3.8945,-1.9365,1.7500,3.5000,-62.1600,0.0598,0.1197,-2.1256,0
873671,-3.1955,-3.4325,-1.5942,38.9200,-6.0900,-54.6700,1.3309,-0.2082,-1.8694,0
873710,-0.0455,-2.2764,-0.9168,43.1900,-7.7000,-24.5700,1.4769,-0.2633,-0.8402,0
873749,-1.4553,-5.6346,-0.1915,27.0900,-9.1000,86.8700,0.9263,-0.3112,2.9705,0
873788,-11.6139,-11.6307,-5.8596,-71.2600,-21.1400,214.2700,-2.4367,-0.7229,7.3269,0
873827,-9.8426,-11.5230,-5.1559,-8.5400,15.4700,78.4700,-0.2920,0.5290,2.6833,0
873866,-10.5200,-7.5615,-2.7311,-4.4100,8.3300,38.4300,-0.1508,0.2848,1.3141,0
873905,-12.4326,-6.9894,-1.7019,-4.2000,8.4000,13.8600,-0.1436,0.2872,0.4739,0
873944,-10.5847,-5.7950,-1.2950,-10.9200,-33.5300,-13.7900,-0.3734,-1.1466,-0.4715,0
873983,-7.1690,-3.6168,-1.8718,-14.0000,-44.4500,-59.6400,-0.4787,-1.5200,-2.0394,0
874022,-1.5726,-2.7000,-0.7396,-20.7900,-12.4600,-50.2600,-0.7109,-0.4261,-1.7186,0
874061,-1.5391,-0.8665,-3.1165,-52.7800,-7.6300,-8.5400,-1.8048,-0.2609,-0.2920,0
874100,0.1843,-3.3583,-2.4104,-28.9800,-3.6400,33.9500,-0.9910,-0.1245,1.1609,0
874139,-8.1097,-7.5424,-5.0841,26.3200,-43.3300,123.6200,0.9000,-1.4817,4.2272,0
874178,-18.6153,-12.1621,-7.0493,6.8600,-40.0400,140.0000,0.2346,-1.3692,4.7873,0
874217,-10.0246,-5.9721,-2.5875,47.5300,26.9500,-97.8600,1.6253,0.9216,-3.3463,0
874256,-11.5326,-9.0264,-5.8836,-0.4900,1.3300,-58.1700,-0.0168,0.0455,-1.9891,0
874295,-9.9599,-5.6442,-3.3296,1.9600,6.6500,-80.0800,0.0670,0.2274,-2.7383,0
874334,-9.6176,-5.4527,-1.7785,3.7800,9.1700,-75.7400,0.1293,0.3136,-2.5899,0
874373,-6.5921,-2.2931,-1.5224,7.4900,17.2200,-83.1600,0.2561,0.5888,-2.8436,0
874412,-5.0099,-2.4774,-2.1926,-7.1400,3.7800,-65.3800,-0.2442,0.1293,-2.2357,0
874451,-4.4498,-2.2955,-1.7426,29.8900,-17.2900,-49.7000,1.0221,-0.5912,-1.6995,0
874490,-0.5170,-2.2572,-0.1005,39.9000,-26.6700,-9.9400,1.3644,-0.9120,-0.3399,0
874529,-3.8562,-6.4796,1.6301,-9.3100,-44.5900,116.4800,-0.3184,-1.5247,3.9830,0
874568,-15.1876,-11.1974,-5.6035,-139.2300,-38.2200,216.3000,-4.7610,-1.3069,7.3963,0
874607,-10.4722,-10.1945,-4.8974,-63.0000,-41.5100,31.5700,-2.1543,-1.4194,1.0795,0
874646,-10.3525,-7.7482,-2.0944,-86.9400,-50.5400,21.2800,-2.9729,-1.7282,0.7277,0
874685,-10.9198,-5.5030,-1.0269,-92.1200,-47.4600,1.6100,-3.1500,-1.6229,0.0551,0
874724,-10.0868,-3.5498,-2.0920,-91.0000,-57.8200,-21.3500,-3.1117,-1.9771,-0.7301,0
874763,-8.5309,-2.7455,-2.9346,-102.1300,-78.4700,-32.9700,-3.4923,-2.6833,-1.1274,0
874802,-7.9038,-1.7043,-1.7833,-108.1500,-84.0000,-59.8500,-3.6982,-2.8724,-2.0466,0
874841,-5.1487,-1.3428,-1.0771,-156.2400,-101.4300,-63.0000,-5.3426,-3.4684,-2.1543,0
874880,-4.2056,-1.8024,-4.6556,-206.5000,-146.5800,-55.2300,-7.0612,-5.0123,-1.8886,0
874919,-9.0001,-4.8902,-7.3269,-153.7200,-173.3900,-58.5200,-5.2564,-5.9290,-2.0011,0
874958,-10.0557,-9.8618,-11.1783,-113.4700,-151.4100,5.8800,-3.8801,-5.1774,0.2011,0
874997,-5.2564,-1.8958,-7.7698,-82.6000,-68.7400,-94.7800,-2.8245,-2.3506,-3.2410,0
875036,-14.7089,-9.8929,-6.0176,-105.0700,-55.4400,19.8100,-3.5929,-1.8958,0.6774,0
875075,-12.9137,-5.4743,-4.9094,-88.4800,-42.2100,-96.4600,-3.0256,-1.4434,-3.2984,0
875114,-11.0873,-4.3469,-3.5976,-99.1900,-73.2900,-119.2800,-3.3918,-2.5061,-4.0788,0
875153,-8.7248,-2.2069,-3.6072,-119.1400,-93.9400,-100.7300,-4.0740,-3.2123,-3.4444,0
875192,-7.2049,-2.2907,-4.6054,-119.1400,-103.8800,-101.3600,-4.0740,-3.5522,-3.4660,0
875231,-4.8998,-1.1657,-4.0740,-99.1900,-90.6500,-87.0800,-3.3918,-3.0998,-2.9777,0
875270,-2.4032,-1.0963,-4.9165,-55.5800,-120.1900,-120.3300,-1.9006,-4.1099,-4.1147,0
875309,-1.8623,-2.2907,-3.9232,-43.6100,-126.2100,28.2100,-1.4912,-4.3157,0.9646,0
875348,-8.5597,-8.4065,-4.5958,-110.3900,-109.0600,91.2800,-3.7748,-3.7293,3.1213,0
875387,-10.8432,-10.2472,-0.9527,-113.3300,-51.0300,66.9200,-3.8753,-1.7450,2.2883,0
875426,-13.2536,-6.3767,-4.6724,-135.5200,-78.5400,16.3100,-4.6341,-2.6857,0.5577,0
875465,-12.4302,-6.0056,-4.0644,-92.5400,-53.6200,-29.2600,-3.1644,-1.8335,-1.0005,0
875504,-10.0078,-5.2301,-2.4870,-91.0000,-71.7500,-42.9800,-3.1117,-2.4535,-1.4697,0
875543,-8.7416,-4.5000,-2.5325,-102.2700,-84.7700,-42.7700,-3.4971,-2.8987,-1.4625,0
875582,-7.3030,-3.7460,-3.0663,-100.1700,-87.0100,-53.6200,-3.4253,-2.9753,-1.8335,0
875621,-5.6514,-1.8383,-2.3889,-92.8200,-78.8200,-45.5700,-3.1740,-2.6952,-1.5583,0
875660,-3.0663,-0.8952,-2.4248,-75.1100,-70.9100,-27.8600,-2.5684,-2.4248,-0.9527,0
875699,-1.0005,-2.4487,-3.3343,-69.0900,-54.1800,-10.4300,-2.3625,-1.8527,-0.3567,0
875738,-4.5431,-6.7094,-1.7857,-56.9100,-12.1800,59.7800,-1.9460,-0.4165,2.0442,0
875777,-10.2974,-8.9929,-5.7711,-27.3000,-33.1800,16.1700,-0.9335,-1.1346,0.5529,0
875816,-8.2916,-7.6932,-5.2373,-13.7200,-19.6000,-42.8400,-0.4692,-0.6702,-1.4649,0
875855,-9.5698,-8.6722,-6.5155,-22.0500,-1.7500,-36.1900,-0.7540,-0.0598,-1.2375,0
875894,-9.3879,-6.2785,-5.7615,-8.4700,15.8900,-47.3200,-0.2896,0.5434,-1.6181,0
875933,-10.5009,-5.9769,-2.8795,-17.1500,35.7000,-30.2400,-0.5864,1.2208,-1.0341,0
875972,-10.0198,-6.0009,-2.0418,-4.2000,13.2300,-66.7800,-0.1436,0.4524,-2.2835,0
876011,-6.2689,-3.4133,-2.1758,-8.8900,-6.5800,-99.8200,-0.3040,-0.2250,-3.4133,0
876050,-4.4378,-2.7048,-2.1543,-16.9400,-0.2100,-63.0000,-0.5793,-0.0072,-2.1543,0
876089,-3.9351,-4.2655,-2.7000,40.4600,-10.2200,-48.2300,1.3835,-0.3495,-1.6492,0
876128,-0.7325,-2.6809,-1.4458,49.7700,-13.5100,-22.5400,1.7019,-0.4620,-0.7708,0
876167,-1.1442,-1.5607,-1.3979,16.5200,-28.9800,60.9000,0.5649,-0.9910,2.0825,0
876206,-12.6815,-12.3033,-4.4402,-51.2400,-2.2400,160.5800,-1.7521,-0.0766,5.4910,0
876245,-9.3137,-10.7522,-3.2841,-27.3700,-20.3700,36.7500,-0.9359,-0.6965,1.2567,0
876284,-10.9270,-8.7894,-4.0548,-68.7400,-31.7100,44.0300,-2.3506,-1.0843,1.5056,0
876323,-10.2232,-6.3575,-2.4654,-39.9700,-22.6100,3.6400,-1.3668,-0.7731,0.1245,0
876362,-9.1868,-4.1530,-2.2979,-35.1400,-34.9300,-12.5300,-1.2016,-1.1944,-0.4285,0
876401,-6.6400,-2.9873,-2.3434,-21.9100,-35.1400,-43.1200,-0.7492,-1.2016,-1.4745,0
876440,-4.1362,-2.2644,-0.9503,-16.4500,-27.8600,-49.6300,-0.5625,-0.9527,-1.6971,0
876479,-1.5128,-2.5588,-0.6894,-33.4600,-22.6100,-37.0300,-1.1442,-0.7731,-1.2662,0
876518,-1.3692,-1.2662,-3.4397,-45.5000,-1.3300,16.5200,-1.5559,-0.0455,0.5649,0
876557,-7.9565,-7.9828,-6.3647,-36.4000,-22.3300,97.5800,-1.2447,-0.7636,3.3367,0
876596,-10.1730,-8.0929,-4.8735,32.9700,-60.2000,53.1300,1.1274,-2.0585,1.8168,0
876635,-10.4411,-8.3155,-3.9878,35.7700,-10.9900,-60.1300,1.2232,-0.3758,-2.0561,0
876674,-11.0179,-9.8929,-7.8583,1.1200,13.7900,-48.7200,0.0383,0.4715,-1.6660,0
876713,-8.4232,-5.4455,-4.1745,10.4300,35.6300,-60.2700,0.3567,1.2184,-2.0609,0
876752,-11.2501,-6.5849,-2.0370,0.4200,44.3100,-29.9600,0.0144,1.5152,-1.0245,0
876791,-8.5214,-4.3995,-1.4936,15.7500,24.9200,-99.0500,0.5386,0.8521,-3.3870,0
876830,-5.2660,-2.1806,-1.4625,-7.5600,9.5200,-92.6100,-0.2585,0.3255,-3.1668,0
876869,-4.7753,-4.4474,-1.9748,-10.0800,3.0100,-45.0800,-0.3447,0.1029,-1.5415,0
876908,-3.5737,-3.1046,-1.7569,26.5300,-17.4300,-39.7600,0.9072,-0.5960,-1.3596,0
876947,-0.6080,-1.4841,-1.1753,30.5900,-19.1800,-14.4900,1.0460,-0.6559,-0.4955,0
876986,-1.5774,-3.6982,1.2375,32.7600,-39.9700,87.7100,1.1202,-1.3668,2.9992,0
877025,-15.2116,-11.9586,-5.4001,-74.9000,-35.1400,224.2100,-2.5612,-1.2016,7.6668,0
877064,-10.7139,-11.0969,-4.3732,-24.4300,-7.2100,52.4300,-0.8354,-0.2465,1.7928,0
877103,-12.0855,-7.2647,-3.8705,-64.6100,-17.9200,36.9600,-2.2093,-0.6128,1.2638,0
877142,-10.4674,-6.4078,-1.5271,-29.4700,-26.9500,-33.5300,-1.0077,-0.9216,-1.1466,0
877181,-8.1288,-4.2487,-1.6301,-23.1000,-47.8100,-63.6300,-0.7899,-1.6349,-2.1758,0
877220,-6.7142,-3.1788,-1.9341,-32.9700,-56.0000,-41.2300,-1.1274,-1.9149,-1.4099,0
877259,-3.7389,-2.0250,-0.7157,-32.4800,-40.1800,-48.0900,-1.1106,-1.3739,-1.6444,0
877298,-1.8479,-0.3207,-2.2093,-65.0300,-35.8400,-32.2700,-2.2237,-1.2255,-1.1035,0
877337,-0.2896,-4.3086,-1.7521,-59.5000,1.1200,20.5100,-2.0346,0.0383,0.7013,0
877376,-10.2855,-8.3490,-7.4658,-18.9700,-40.2500,97.0900,-0.6487,-1.3763,3.3200,0
877415,-12.3536,-9.2873,-4.1506,25.4100,-57.9600,42.5600,0.8689,-1.9819,1.4553,0
877454,-9.7517,-5.8812,-2.6378,13.2300,10.2200,-39.9000,0.4524,0.3495,-1.3644,0
877493,-13.2871,-9.4166,-6.2953,-27.2300,-9.1000,-42.8400,-0.9311,-0.3112,-1.4649,0
877532,-9.1222,-6.0535,-2.4559,-28.6300,14.6300,-69.4400,-0.9790,0.5003,-2.3745,0
877571,-10.3238,-6.1732,-2.1950,-19.4600,13.7200,-61.1100,-0.6654,0.4692,-2.0896,0
877610,-7.3604,-2.4511,-2.0418,-15.9600,-1.3300,-95.3400,-0.5457,-0.0455,-3.2601,0
877649,-5.4096,-3.4612,-2.1591,-28.6300,-9.3100,-66.4300,-0.9790,-0.3184,-2.2716,0
877688,-4.5216,-3.2362,-2.0537,1.3300,-16.2400,-59.3600,0.0455,-0.5553,-2.0298,0
877727,-0.8713,-2.1926,-1.7498,21.4900,-46.9000,-55.0200,0.7348,-1.6037,-1.8814,0
877766,-1.2423,-1.9197,0.5625,3.2200,-76.0900,36.2600,0.1101,-2.6019,1.2399,0
877805,-9.8115,-9.7828,-4.5766,-71.1200,-66.5700,185.0800,-2.4319,-2.2764,6.3288,0
877844,-12.7964,-11.9682,-6.7716,-63.9800,-22.1900,97.6500,-2.1878,-0.7588,3.3391,0
877883,-10.4219,-9.6033,-3.2266,-55.7200,-38.9900,29.8200,-1.9053,-1.3333,1.0197,0
877922,-12.5953,-7.6956,-2.5157,-66.5000,-24.2900,20.5800,-2.2740,-0.8306,0.7037,0
877961,-10.3716,-5.2157,-1.1011,-59.1500,-50.5400,-36.4700,-2.0226,-1.7282,-1.2471,0
878000,-7.8847,-2.5995,-1.6109,-57.2600,-64.9600,-50.2600,-1.9580,-2.2213,-1.7186,0
878039,-4.1530,-2.3338,-1.4051,-52.8500,-65.6600,-76.0200,-1.8072,-2.2452,-2.5995,0
878078,-1.7617,-1.0484,-3.4373,-85.4000,-45.5700,-48.5800,-2.9202,-1.5583,-1.6612,0
878117,-0.9790,-3.0567,-3.8418,-77.4900,-18.3400,20.6500,-2.6498,-0.6271,0.7061,0
878156,-7.7913,-7.3293,-7.8344,-15.6100,-49.0700,68.1100,-0.5338,-1.6779,2.3290,0
878195,-8.1551,-7.0732,-2.3865,34.5100,-52.2200,59.5000,1.1801,-1.7857,2.0346,0
878234,-13.0812,-9.8091,-5.7017,-9.3100,6.6500,30.0300,-0.3184,0.2274,1.0269,0
878273,-12.9328,-7.8679,-4.3421,-32.2700,-16.2400,-57.8900,-1.1035,-0.5553,-1.9795,0
878312,-9.4908,-7.8727,-4.8280,-31.7100,-22.4000,-87.4300,-1.0843,-0.7660,-2.9897,0
878351,-8.6219,-5.7567,-3.5067,-31.0800,3.2900,-71.8900,-1.0628,0.1125,-2.4583,0
878390,-9.2107,-5.5628,-3.2984,-11.6900,5.7400,-75.1800,-0.3997,0.1963,-2.5708,0
878429,-6.6064,-4.3205,-1.8000,-33.8800,9.0300,-47.5300,-1.1585,0.3088,-1.6253,0
878468,-4.6676,-3.5498,-2.2787,-13.3000,10.0100,-52.9200,-0.4548,0.3423,-1.8096,0
878507,-2.6139,-1.5583,-1.3213,21.9100,-8.9600,-64.0500,0.7492,-0.3064,-2.1902,0
878546,-0.2035,-1.0388,-0.0383,17.7100,-49.2800,-23.8700,0.6056,-1.6851,-0.8162,0
878585,-2.7742,-5.5078,-0.5266,-13.2300,-59.0100,103.6700,-0.4524,-2.0178,3.5450,0
878624,-18.2228,-14.0578,-5.8357,-123.0600,-38.6400,197.5400,-4.2080,-1.3213,6.7549,0
878663,-9.6536,-10.6780,-4.7873,-46.7600,-31.2200,0.4900,-1.5990,-1.0676,0.0168,0
878702,-10.9006,-7.9780,-5.0578,-79.0300,-40.6000,32.5500,-2.7024,-1.3883,1.1130,0
878741,-10.6278,-6.9104,-2.4702,-49.4900,-16.8000,-10.4300,-1.6923,-0.5745,-0.3567,0
878780,-9.5961,-5.0386,-2.0992,-44.0300,-35.5600,-34.8600,-1.5056,-1.2160,-1.1920,0
878819,-6.9775,-3.2960,-1.9795,-31.7800,-52.1500,-56.9100,-1.0867,-1.7833,-1.9460,0
878858,-4.0261,-1.5630,-1.4027,-37.7300,-28.0700,-45.1500,-1.2902,-0.9598,-1.5439,0
878897,-1.4553,-1.8479,-3.1835,-67.1300,-13.5800,3.4300,-2.2955,-0.4644,0.1173,0
878936,-1.0101,-3.8801,-1.3787,-38.9200,7.3500,32.7600,-1.3309,0.2513,1.1202,0
878975,-8.7703,-6.2689,-6.6232,-4.3400,-36.8900,93.5200,-0.1484,-1.2614,3.1979,0
879014,-12.8969,-9.1150,-5.5126,13.5800,-45.8500,79.1000,0.4644,-1.5678,2.7048,0
879053,-11.3099,-7.2982,-3.8873,38.5700,14.7700,-47.3200,1.3189,0.5051,-1.6181,0
879092,-11.7288,-10.7379,-6.5897,-5.6700,-3.2900,-45.2900,-0.1939,-0.1125,-1.5487,0
879131,-9.5434,-6.8291,-4.4043,6.5100,25.2000,-76.4400,0.2226,0.8617,-2.6139,0
879170,-10.5679,-6.3958,-2.9394,8.6100,21.2100,-53.6200,0.2944,0.7253,-1.8335,0
879209,-7.5328,-3.5498,-2.2141,15.1200,25.2700,-82.8100,0.5170,0.8641,-2.8317,0
879248,-4.6891,-2.5157,-1.3692,3.5000,44.9400,-63.8400,0.1197,1.5367,-2.1830,0
879287,-4.3373,-2.5325,-1.2327,2.9400,14.7000,-56.4200,0.1005,0.5027,-1.9293,0
879326,-1.1657,-1.5702,-1.8335,26.8100,-22.6800,-36.6800,0.9168,-0.7755,-1.2543,0
879365,0.8785,-2.5588,1.6301,52.3600,-30.3800,39.4100,1.7904,-1.0388,1.3476,0
879404,-11.2525,-10.3740,-7.1953,-40.7400,-64.6800,221.9700,-1.3931,-2.2117,7.5902,0
879443,-12.8515,-10.6900,-5.4383,-33.8800,28.0700,76.0200,-1.1585,0.9598,2.5995,0
879482,-10.6685,-9.4405,-2.5612,-26.3900,-16.7300,27.8600,-0.9024,-0.5721,0.9527,0
879521,-12.5905,-7.6501,-2.0442,-49.5600,-10.7800,30.3800,-1.6947,-0.3686,1.0388,0
879560,-10.1275,-6.3096,-1.3955,-45.7100,-37.3100,-32.9700,-1.5630,-1.2758,-1.1274,0
879599,-6.9822,-3.2506,-2.3960,-35.9800,-55.6500,-62.5800,-1.2303,-1.9029,-2.1399,0
879638,-4.9979,-1.5942,-1.4122,-35.2800,-35.0700,-67.2000,-1.2064,-1.1992,-2.2979,0
879677,-3.0351,-2.1998,-0.4141,-52.9200,-35.7700,-51.7300,-1.8096,-1.2232,-1.7689,0
879716,-1.6684,-2.8101,-1.9748,-72.6600,-32.3400,-34.2300,-2.4846,-1.1059,-1.1705,0
879755,-6.3048,-6.6328,-6.5993,-41.7900,-46.8300,68.3900,-1.4290,-1.6013,2.3386,0
879794,-7.9972,-7.0780,-5.1631,43.4700,-65.5200,54.9500,1.4865,-2.2404,1.8790,0
879833,-12.1190,-10.9581,-6.7692,12.2500,-7.5600,59.1500,0.4189,-0.2585,2.0226,0
879872,-11.6139,-7.5735,-5.1344,10.3600,10.2200,-40.8800,0.3543,0.3495,-1.3979,0
879911,-11.2980,-8.3993,-5.0099,2.1700,7.7000,-49.5600,0.0742,0.2633,-1.6947,0
879950,-10.2567,-5.1798,-1.7857,-0.7700,10.6400,-66.5700,-0.0263,0.3638,-2.2764,0
879989,-8.4998,-4.5359,-1.3524,3.6400,-6.3000,-86.4500,0.1245,-0.2154,-2.9561,0
880028,-5.2516,-2.0131,-2.6210,-20.3000,-5.4600,-63.6300,-0.6942,-0.1867,-2.1758,0
880067,-4.1242,-3.5546,-1.7737,-10.5700,26.8100,-18.8300,-0.3614,0.9168,-0.6439,0
880106,-4.3086,-2.5468,-1.2734,29.0500,-14.8400,-18.6200,0.9934,-0.5075,-0.6367,0
880145,-1.0939,-2.5516,-0.5649,39.2700,-47.8100,38.0800,1.3428,-1.6349,1.3021,0
880184,-5.9937,-6.1828,-1.5104,-58.3800,-40.5300,191.8700,-1.9963,-1.3859,6.5610,0
880223,-13.4379,-6.7381,-4.0046,-35.6300,-22.8200,29.7500,-1.2184,-0.7803,1.0173,0
880262,-12.5618,-7.9684,-2.8772,-53.9000,-25.2700,15.2600,-1.8431,-0.8641,0.5218,0
880301,-12.2866,-6.8099,-2.8389,-70.5600,-34.0900,-16.8700,-2.4128,-1.1657,-0.5769,0
880340,-10.2639,-4.7705,-1.0963,-70.7700,-43.5400,-64.6100,-2.4200,-1.4888,-2.2093,0
880379,-8.2557,-3.2841,-0.9192,-76.9300,-67.5500,-80.0800,-2.6306,-2.3099,-2.7383,0
880418,-6.2163,-1.8646,-1.5918,-89.7400,-80.2200,-72.2400,-3.0686,-2.7431,-2.4702,0
880457,-4.9836,-1.4434,-2.9059,-107.5200,-70.8400,-52.5700,-3.6766,-2.4224,-1.7976,0
880496,-2.9992,-2.2979,-4.3899,-105.7000,-47.8800,-46.6200,-3.6144,-1.6372,-1.5942,0
880535,-1.7952,-2.9274,-2.9992,-88.7600,-28.9100,-9.8700,-3.0351,-0.9886,-0.3375,0
880574,-6.9392,-6.2139,-6.8099,-54.5300,-66.4300,39.1300,-1.8646,-2.2716,1.3380,0
880613,-9.2466,-8.0402,-4.3828,-1.6800,-12.9500,74.2700,-0.0574,-0.4428,2.5397,0
880652,-8.0426,-6.2019,-5.9075,-7.5600,-7.0000,-61.5300,-0.2585,-0.2394,-2.1040,0
880691,-10.8958,-8.4711,-7.6453,-12.0400,5.8100,-51.2400,-0.4117,0.1987,-1.7521,0
880730,-10.0126,-6.5466,-4.2415,-18.3400,21.2100,-27.9300,-0.6271,0.7253,-0.9551,0
880769,-10.2615,-6.0607,-2.6522,-12.0400,21.0700,-55.7200,-0.4117,0.7205,-1.9053,0
880808,-8.6291,-4.0381,-3.1668,-13.4400,4.0600,-81.9700,-0.4596,0.1388,-2.8030,0
880847,-6.0846,-1.5104,-2.9011,-26.0400,17.9900,-62.7900,-0.8904,0.6152,-2.1471,0
880886,-5.0530,-1.2997,-2.6522,-2.3100,3.1500,-67.4800,-0.0790,0.1077,-2.3075,0
880925,-3.4708,-1.7545,-0.9575,16.5200,-23.4500,-36.6100,0.5649,-0.8019,-1.2519,0
880964,1.0173,-0.6798,0.1939,6.1600,-56.4900,0.1400,0.2106,-1.9317,0.0048,0
881003,-5.8357,-8.2030,0.7133,-50.8200,-51.8700,150.0100,-1.7378,-1.7737,5.1296,0
881042,-19.0270,-12.1956,-7.2360,-152.6000,-52.6400,179.0600,-5.2181,-1.8000,6.1229,0
881081,-9.3280,-8.0905,-3.9064,-61.1100,-49.6300,-15.6800,-2.0896,-1.6971,-0.5362,0
881120,-10.3405,-5.5772,-3.0567,-79.5900,-45.7100,-3.2900,-2.7216,-1.5630,-0.1125,0
881159,-10.5224,-4.1578,-1.9724,-80.0800,-52.0800,-36.1900,-2.7383,-1.7809,-1.2375,0
881198,-8.3251,-3.3966,-2.6617,-73.3600,-76.3000,-62.3700,-2.5085,-2.6091,-2.1327,0
881237,-6.0846,-2.5827,-2.9131,-64.6800,-67.7600,-68.8100,-2.2117,-2.3170,-2.3529,0
881276,-4.5120,-1.2591,-2.6378,-87.0800,-65.5900,-51.5900,-2.9777,-2.2428,-1.7641,0
881315,-2.4894,-3.4109,-1.2495,-109.4100,-61.1800,-42.7000,-3.7413,-2.0920,-1.4601,0
881354,-3.8849,-3.8370,-4.0046,-93.8000,-80.1500,-40.6000,-3.2075,-2.7407,-1.3883,0
881393,-6.5658,-9.4549,-8.8948,-43.9600,-100.1000,28.1400,-1.5032,-3.4229,0.9622,0
881432,-7.6046,-8.5357,-8.5381,30.8700,-41.8600,43.2600,1.0556,-1.4314,1.4793,0
881471,-9.8139,-5.7447,-1.9245,14.4900,5.3900,35.1400,0.4955,0.1843,1.2016,0
881510,-16.9709,-9.2514,-6.5370,5.3900,12.2500,-69.3700,0.1843,0.4189,-2.3721,0
881549,-10.4099,-4.8208,-2.2668,-24.4300,0.4900,-81.1300,-0.8354,0.0168,-2.7742,0
881588,-9.7756,-4.8854,-3.5522,-26.2500,-26.2500,-120.7500,-0.8976,-0.8976,-4.1290,0
881627,-7.7410,-2.9107,-3.7796,-62.2300,-34.5800,-91.3500,-2.1279,-1.1825,-3.1237,0
881666,-3.7173,-1.5343,-4.1554,-52.1500,-34.6500,-99.4000,-1.7833,-1.1849,-3.3990,0
881705,-2.0513,-2.1567,-3.3798,-34.6500,-46.8300,-68.1100,-1.1849,-1.6013,-2.3290,0
881744,-1.0245,-1.3931,0.2489,13.0200,-82.6700,-57.8900,0.4452,-2.8269,-1.9795,0
881783,-0.8354,-0.4835,0.1795,-18.6900,-110.2500,26.5300,-0.6391,-3.7700,0.9072,0
881822,-14.4337,-13.0741,-1.6109,-116.4100,-69.7200,218.6100,-3.9806,-2.3841,7.4753,0
881861,-10.7810,-10.0653,-5.7376,-106.2600,-43.8900,17.3600,-3.6335,-1.5008,0.5936,0
881900,-9.9934,-8.6793,-3.4923,-112.7700,-59.0800,0.9100,-3.8562,-2.0202,0.0311,0
881939,-12.0735,-7.0947,-3.9878,-97.0200,-37.8700,-26.4600,-3.3176,-1.2950,-0.9048,0
881978,-10.0820,-5.4001,-2.6091,-83.3000,-69.3700,-44.5200,-2.8484,-2.3721,-1.5224,0
882017,-7.1163,-3.8657,-2.3147,-64.7500,-79.0300,-73.1500,-2.2141,-2.7024,-2.5014,0
882056,-4.7633,-2.0490,-2.0633,-66.7100,-61.4600,-64.9600,-2.2811,-2.1016,-2.2213,0
882095,-2.7958,-1.6205,-2.7168,-79.5200,-33.9500,-30.8700,-2.7192,-1.1609,-1.0556,0
882134,-2.3841,-1.7043,-3.1524,-81.6900,-19.7400,-10.2200,-2.7934,-0.6750,-0.3495,0
882173,0.3926,-5.9243,1.6396,-54.8100,-13.0900,3.5000,-1.8742,-0.4476,0.1197,0
882212,-11.7312,-8.5094,-9.9887,-42.5600,-94.9200,123.2000,-1.4553,-3.2458,4.2128,0
882251,-11.4727,-9.2227,-5.0913,26.1800,-26.5300,42.3500,0.8952,-0.9072,1.4482,0
882290,-9.7206,-8.1480,-3.9375,10.0800,3.0100,-35.9100,0.3447,0.1029,-1.2279,0
882329,-11.3195,-10.3669,-7.9469,-0.9100,11.4100,-61.3200,-0.0311,0.3902,-2.0968,0
882368,-7.9852,-5.6921,-4.8040,9.5200,42.4200,-44.9400,0.3255,1.4505,-1.5367,0
882407,-9.9240,-6.2330,-2.4272,18.8300,54.7400,-55.3000,0.6439,1.8718,-1.8910,0
882446,-7.3963,-2.6402,-0.8473,10.5000,46.2700,-86.4500,0.3590,1.5822,-2.9561,0
882485,-5.6131,-2.9011,-0.5864,-7.6300,27.6500,-41.5800,-0.2609,0.9455,-1.4218,0
882524,-4.1482,-3.2913,-0.7109,6.8600,-5.7400,-35.7700,0.2346,-0.1963,-1.2232,0
882563,-0.4261,-2.0609,-2.9729,25.7600,-32.0600,-44.8700,0.8809,-1.0963,-1.5343,0
882602,1.5080,-1.0747,2.4678,31.7100,-12.8100,37.0300,1.0843,-0.4380,1.2662,0
882641,-10.3022,-9.5889,-6.5011,-60.6900,-53.5500,213.7800,-2.0753,-1.8311,7.3102,0
882680,-14.7951,-12.8371,-6.4102,-33.5300,-0.8400,103.5300,-1.1466,-0.0287,3.5402,0
882719,-8.2437,-8.3945,-3.5952,-25.0600,-30.6600,11.4800,-0.8569,-1.0484,0.3926,0
882758,-13.7539,-9.0934,-4.5264,-53.6200,-4.2000,55.1600,-1.8335,-0.1436,1.8862,0
882797,-10.1107,-7.2647,-2.5181,-12.6700,-26.4600,-34.0900,-0.4332,-0.9048,-1.1657,0
882836,-7.3413,-3.8346,-2.1112,5.2500,-21.8400,-55.6500,0.1795,-0.7468,-1.9029,0
882875,-4.4953,-1.7306,-0.3878,-0.2100,-13.2300,-43.6100,-0.0072,-0.4524,-1.4912,0
882914,-1.9221,-0.5936,-0.3926,-24.9900,-4.5500,-42.4200,-0.8545,-0.1556,-1.4505,0
882953,-0.7061,-0.4644,-1.2184,-75.5300,-8.6800,-10.0100,-2.5827,-0.2968,-0.3423,0
882992,-5.5748,-3.8825,-5.6849,-76.4400,-12.5300,80.2900,-2.6139,-0.4285,2.7455,0
883031,-11.1496,-7.7578,-8.5285,37.8700,-109.8300,47.2500,1.2950,-3.7556,1.6157,0
883070,-8.9666,-9.7924,-6.7118,32.5500,-7.7000,45.1500,1.1130,-0.2633,1.5439,0
883109,-8.3682,-5.1439,-4.7466,29.1200,26.1100,-50.8200,0.9958,0.8928,-1.7378,0
883148,-14.9291,-10.9940,-6.6208,8.3300,37.3100,-6.4400,0.2848,1.2758,-0.2202,0
883187,-10.0820,-5.0865,-2.6545,15.9600,39.4800,-70.2100,0.5457,1.3500,-2.4008,0
883226,-9.6224,-5.3737,-2.3625,13.7200,46.0600,-66.0800,0.4692,1.5750,-2.2596,0
883265,-7.9948,-2.7838,-2.0777,-1.3300,37.3800,-67.9000,-0.0455,1.2782,-2.3218,0
883304,-5.4383,-3.5522,-1.9077,-2.5200,25.0600,-38.5700,-0.0862,0.8569,-1.3189,0
883343,-3.0016,-2.9370,-0.6391,40.4600,14.1400,-50.4000,1.3835,0.4835,-1.7234,0
883382,0.1005,-1.4721,-0.0455,33.6000,-31.6400,-25.2000,1.1489,-1.0819,-0.8617,0
883421,0.7875,-1.7545,1.4960,27.7200,-29.4700,66.5700,0.9479,-1.0077,2.2764,0
883460,-18.0672,-14.6227,-8.1503,-91.5600,-51.0300,261.3800,-3.1309,-1.7450,8.9379,0
883499,-10.3669,-9.5722,-4.7753,2.4500,0.7700,-11.6900,0.0838,0.0263,-0.3997,0
883538,-9.3543,-8.3083,-3.2123,-37.1700,-33.1100,20.5800,-1.2710,-1.1322,0.7037,0
883577,-12.1310,-8.3586,-3.0615,-42.3500,-2.7300,29.5400,-1.4482,-0.0934,1.0101,0
883616,-9.8498,-5.6849,-2.1447,-29.7500,-33.6700,-31.5700,-1.0173,-1.1513,-1.0795,0
883655,-7.2743,-2.9729,-2.0131,-19.6000,-36.1200,-68.1800,-0.6702,-1.2351,-2.3314,0
883694,-4.8112,-1.2327,-1.6492,-34.2300,-26.9500,-65.1000,-1.1705,-0.9216,-2.2261,0
883733,-1.5247,-0.3590,-2.5325,-56.7700,-10.5700,-33.3900,-1.9412,-0.3614,-1.1418,0
883772,0.3016,-5.0171,-0.0646,-22.6100,11.5500,3.5700,-0.7731,0.3950,0.1221,0
883811,-11.3076,-7.7793,-8.7320,-15.2600,-63.8400,125.7200,-0.5218,-2.1830,4.2990,0
883850,-9.5171,-8.1934,-3.6216,38.4300,-44.2400,76.7200,1.3141,-1.5128,2.6234,0
883889,-9.4094,-6.5801,-4.7227,34.7900,19.3200,-28.3500,1.1896,0.6606,-0.9694,0
883928,-12.6360,-8.2054,-6.6663,-15.1900,9.4500,-53.7600,-0.5194,0.3231,-1.8383,0
883967,-8.3418,-7.5687,-5.7519,17.4300,27.3000,-65.7300,0.5960,0.9335,-2.2476,0
884006,-10.3310,-6.4939,-3.9447,24.7800,45.7100,-48.7900,0.8473,1.5630,-1.6684,0
884045,-9.7086,-5.3665,-2.7120,29.6100,45.7800,-70.6300,1.0125,1.5654,-2.4152,0
884084,-6.2306,-2.3506,-1.5152,7.7700,34.5800,-75.7400,0.2657,1.1825,-2.5899,0
884123,-5.4671,-2.9585,-0.7779,-2.5200,34.6500,-51.2400,-0.0862,1.1849,-1.7521,0
884162,-4.1362,-3.2386,-0.2801,28.9800,-14.4900,-49.3500,0.9910,-0.4955,-1.6875,0
884201,0.1149,-1.2423,-1.4170,12.6700,-35.1400,-18.3400,0.4332,-1.2016,-0.6271,0
884240,-1.5750,-5.0266,0.6128,17.7100,-24.8500,113.9600,0.6056,-0.8497,3.8968,0
884279,-17.9379,-12.9951,-7.5543,-82.7400,-31.9900,217.0000,-2.8293,-1.0939,7.4203,0
884318,-10.5368,-11.7719,-4.3253,-6.9300,-6.0200,29.2600,-0.2370,-0.2059,1.0005,0
884357,-13.1483,-8.6578,-4.5336,-49.7700,-30.4500,23.8000,-1.7019,-1.0412,0.8138,0
884396,-11.8270,-8.1695,-3.0136,-28.7700,-13.7900,-17.8500,-0.9838,-0.4715,-0.6104,0
884435,-8.3897,-4.5790,-2.3601,-17.9900,-47.3200,-53.8300,-0.6152,-1.6181,-1.8407,0
884474,-6.6447,-2.8987,-1.9843,-21.7700,-46.9000,-56.2100,-0.7444,-1.6037,-1.9221,0
884513,-3.5043,-1.9963,-1.8168,-22.6800,-37.1000,-56.4200,-0.7755,-1.2686,-1.9293,0
884552,-0.3112,-0.9790,-2.3147,-26.1100,-0.5600,-44.0300,-0.8928,-0.0191,-1.5056,0
884591,-0.2035,0.1987,-2.7766,-43.4700,24.9200,37.2400,-1.4865,0.8521,1.2734,0
884630,-12.6767,-9.1461,-8.7392,14.7000,-43.8900,137.2700,0.5027,-1.5008,4.6939,0
884669,-13.5695,-10.0246,-4.2870,58.5900,-27.3000,70.7700,2.0035,-0.9335,2.4200,0
884708,-9.3663,-5.9769,-1.8455,50.2600,33.1100,-63.5600,1.7186,1.1322,-2.1734,0
884747,-14.2948,-9.8498,-6.9751,-27.3700,-2.9400,-55.2300,-0.9359,-0.1005,-1.8886,0
884786,-8.0929,-7.1259,-5.5700,4.9700,15.0500,-94.9200,0.1699,0.5146,-3.2458,0
884825,-9.5171,-6.7381,-3.8921,5.3900,35.0700,-40.9500,0.1843,1.1992,-1.4003,0
884864,-7.9421,-3.6192,-1.9077,26.5300,47.6000,-74.4100,0.9072,1.6277,-2.5444,0
884903,-5.4575,-2.6210,-1.1729,-0.2800,56.4900,-52.7100,-0.0096,1.9317,-1.8024,0
884942,-4.1649,-2.5109,-0.8713,-0.4900,41.7200,-42.0700,-0.0168,1.4266,-1.4386,0
884981,-1.8072,-1.4314,0.3279,25.9700,-7.4200,-54.9500,0.8880,-0.2537,-1.8790,0
885020,1.9700,-1.4434,2.3841,30.1700,-49.6300,-11.3400,1.0317,-1.6971,-0.3878,0
885059,-5.4790,-10.2232,-8.7631,-73.6400,-85.9600,217.3500,-2.5181,-2.9394,7.4323,0
885098,-10.0629,-14.5988,-5.7088,7.6300,16.8700,33.6000,0.2609,0.5769,1.1489,0
885137,-10.1323,-10.3262,-4.5072,-30.5200,-13.2300,43.5400,-1.0436,-0.4524,1.4888,0
885176,-14.3092,-9.3304,-3.3774,-33.4600,23.6600,68.6000,-1.1442,0.8091,2.3458,0
885215,-10.6062,-5.6107,-1.2519,7.9800,-6.7900,-33.8800,0.2729,-0.2322,-1.1585,0
885254,-7.5639,-3.9040,-1.4697,-3.1500,-31.7100,-47.1800,-0.1077,-1.0843,-1.6133,0
885293,-4.5312,-1.9341,-1.0269,-18.6900,-21.5600,-45.8500,-0.6391,-0.7372,-1.5678,0
885332,-1.9245,-1.6301,-0.2681,-35.3500,-0.4900,-49.2100,-1.2088,-0.0168,-1.6827,0
885371,-1.3835,0.1580,-2.6019,-58.3100,11.2700,-19.8100,-1.9939,0.3854,-0.6774,0
885410,-0.5481,-3.9854,-2.4367,-76.3700,12.6700,59.5700,-2.6115,0.4332,2.0370,0
885449,-11.3387,-9.3711,-9.2442,20.5800,-135.9400,92.2600,0.7037,-4.6484,3.1548,0
885488,-9.8690,-11.2262,-7.7817,78.4700,60.1300,-23.1700,2.6833,2.0561,-0.7923,0
885527,-14.2565,-9.0264,-4.4570,17.7100,37.3800,-21.7000,0.6056,1.2782,-0.7420,0
885566,-10.1586,-6.8578,-4.5359,41.4400,18.7600,-98.4900,1.4170,0.6415,-3.3679,0
885605,-7.8703,-4.8112,-2.3912,13.5100,29.0500,-53.1300,0.4620,0.9934,-1.8168,0
885644,-8.6841,-5.4814,-2.2907,19.1100,31.2200,-65.9400,0.6535,1.0676,-2.2548,0
885683,-5.1655,-3.9567,-2.4966,-3.3600,43.4000,-72.1700,-0.1149,1.4841,-2.4678,0
885722,-4.6844,-2.7790,-2.5253,6.5800,64.7500,-29.4700,0.2250,2.2141,-1.0077,0
885761,-3.0184,-2.6210,0.0551,50.1900,20.4400,-2.6600,1.7162,0.6989,-0.0910,0
885800,1.1777,-2.1543,1.0771,67.6900,-1.5400,12.4600,2.3147,-0.0527,0.4261,0
885839,-3.3631,-4.6676,-1.9317,23.0300,-20.3700,146.2300,0.7875,-0.6965,5.0003,0
885878,-21.8515,-13.8281,-8.1408,-59.3600,-14.7000,254.9400,-2.0298,-0.5027,8.7176,0
885917,-8.9402,-9.1365,-1.6803,36.4000,-8.6800,-6.3000,1.2447,-0.2968,-0.2154,0
885956,-12.3320,-7.0852,-2.8532,-30.4500,-4.4800,39.2700,-1.0412,-0.1532,1.3428,0
885995,-9.4142,-5.4647,-1.4194,-0.9100,-11.9700,-36.9600,-0.0311,-0.4093,-1.2638,0
886034,-7.4227,-2.9394,-1.5702,-5.9500,-32.6200,-61.6000,-0.2035,-1.1154,-2.1064,0
886073,-5.2612,-2.4367,-0.8713,-16.5900,-35.7700,-56.7700,-0.5673,-1.2232,-1.9412,0
886112,-1.9053,-1.7880,-0.9838,-52.9900,-31.8500,-56.7700,-1.8120,-1.0891,-1.9412,0
886151,-1.1489,-3.7628,-4.6125,-56.7000,-15.1200,7.6300,-1.9388,-0.5170,0.2609,0
886190,-5.5054,-5.4383,-3.9136,12.2500,23.4500,61.3900,0.4189,0.8019,2.0992,0
886229,-8.7631,-8.4878,-4.1027,42.4200,-34.4400,69.3000,1.4505,-1.1777,2.3697,0
886268,-11.5397,-7.4203,-5.8931,33.9500,7.9100,-12.8800,1.1609,0.2705,-0.4404,0
886307,-11.2884,-7.7458,-4.5144,28.7000,6.2300,-30.0300,0.9814,0.2130,-1.0269,0
886346,-10.8671,-6.5203,-4.5264,17.9900,17.0100,-79.9400,0.6152,0.5817,-2.7335,0
886385,-10.8025,-7.1522,-2.4702,9.1000,24.8500,-58.2400,0.3112,0.8497,-1.9915,0
886424,-7.6501,-3.8083,-2.4942,3.8500,10.4300,-99.8200,0.1317,0.3567,-3.4133,0
886463,-5.1320,-3.1046,-2.3170,-19.6000,15.1900,-67.9000,-0.6702,0.5194,-2.3218,0
886502,-4.5120,-3.1261,-1.0484,-7.0000,12.0400,-22.1200,-0.2394,0.4117,-0.7564,0
886541,-1.2974,-2.0896,0.0622,30.5900,-17.5700,-21.1400,1.0460,-0.6008,-0.7229,0
886580,0.9551,-0.6846,0.5098,32.3400,-40.0400,24.4300,1.1059,-1.3692,0.8354,0
886619,-8.0163,-8.9091,-4.6413,-12.1800,-60.4100,181.5100,-0.4165,-2.0657,6.2067,0
886658,-16.1427,-11.3459,-5.3450,-74.3400,-1.5400,135.7300,-2.5420,-0.0527,4.6413,0
886697,-10.1778,-8.6123,-2.2045,-65.6600,-45.2200,10.0100,-2.2452,-1.5463,0.3423,0
886736,-13.3398,-7.6501,-3.6383,-76.0900,-24.7800,22.5400,-2.6019,-0.8473,0.7708,0
886775,-10.7953,-5.0314,-1.8192,-60.1300,-46.8300,-31.3600,-2.0561,-1.6013,-1.0724,0
886814,-8.4663,-2.7910,-2.2357,-70.4200,-76.4400,-70.1400,-2.4080,-2.6139,-2.3984,0
886853,-4.8280,-1.6349,-1.9125,-78.0500,-63.5600,-74.5500,-2.6689,-2.1734,-2.5492,0
886892,-2.9849,-0.5266,-1.3404,-105.5600,-45.5000,-57.4000,-3.6096,-1.5559,-1.9628,0
886931,-2.4391,-2.0059,-2.1710,-150.0100,-57.3300,-20.3000,-5.1296,-1.9604,-0.6942,0
886970,-4.3397,-7.2288,-5.8405,-95.5500,-75.1800,2.7300,-3.2673,-2.5708,0.0934,0
887009,-10.6254,-10.2352,-12.1573,-15.6100,-152.0400,27.7900,-0.5338,-5.1990,0.9503,0
887048,-5.7854,-6.4030,-6.8219,4.1300,-16.5200,-31.0800,0.1412,-0.5649,-1.0628,0
887087,-12.3584,-6.6088,-2.6139,-24.8500,16.1000,-5.8100,-0.8497,0.5505,-0.1987,0
887126,-13.2440,-7.3174,-5.9745,-43.8900,-11.7600,-44.5200,-1.5008,-0.4021,-1.5224,0
887165,-10.2855,-5.3067,-3.6240,-39.3400,-10.5000,-80.4300,-1.3452,-0.3590,-2.7503,0
887204,-8.1240,-4.1817,-3.2649,-47.4600,-44.0300,-94.8500,-1.6229,-1.5056,-3.2434,0
887243,-5.6586,-2.3625,-3.7006,-56.5600,-35.7700,-97.9300,-1.9341,-1.2232,-3.3487,0
887282,-5.7352,-2.6186,-2.1279,-55.0200,-15.2600,-46.0600,-1.8814,-0.5218,-1.5750,0
887321,-6.8434,-4.1458,-1.2303,-31.7100,-63.2800,-45.1500,-1.0843,-2.1639,-1.5439,0
887360,-7.2599,-4.0333,-2.3123,-3.9200,-88.3400,-60.1300,-0.1340,-3.0208,-2.0561,0
887399,-6.4126,-3.0758,-3.6718,-14.4900,-91.0700,-38.8500,-0.4955,-3.1141,-1.3285,0
887438,-1.8838,-3.6718,-1.3548,-41.5800,-68.0400,30.1700,-1.4218,-2.3266,1.0317,0
887477,-5.1535,-6.3814,-0.3686,-93.7300,-84.3500,102.9700,-3.2051,-2.8843,3.5210,0
887516,-10.5009,-6.1229,-2.6450,-152.6000,-134.1900,138.4600,-5.2181,-4.5886,4.7346,0
887555,-16.1882,-6.7070,-3.5593,-151.9700,-84.6300,61.5300,-5.1966,-2.8939,2.1040,0
887594,-13.9310,-6.1086,-6.2187,-157.5700,-103.8100,21.0000,-5.3881,-3.5498,0.7181,0
887633,-15.3600,-7.6453,-5.7376,-133.5600,-117.1100,31.9200,-4.5671,-4.0046,1.0915,0
887672,-14.9890,-5.0458,-4.9261,-94.0100,-138.1100,17.1500,-3.2147,-4.7227,0.5864,0
887711,-13.7898,-4.5719,-3.3535,-62.0900,-102.7600,-4.2000,-2.1232,-3.5139,-0.1436,0
887750,-7.9277,-5.3258,-1.8263,-39.4800,-86.9400,-33.7400,-1.3500,-2.9729,-1.1537,0
887789,-4.5814,-2.6043,-2.5875,-44.0300,-46.5500,-16.1700,-1.5056,-1.5918,-0.5529,0
887828,-0.0646,0.6152,-0.6247,-39.7600,-23.3100,-4.6900,-1.3596,-0.7971,-0.1604,0
887867,3.1668,2.3147,-0.7396,-28.7700,-12.6000,6.4400,-0.9838,-0.4309,0.2202,0
887906,2.8245,0.7348,0.3447,-48.6500,-36.5400,25.4800,-1.6636,-1.2495,0.8713,0
887945,1.8886,0.4141,0.4787,-40.3900,-60.7600,49.7700,-1.3811,-2.0777,1.7019,0
887984,-3.5498,1.0556,1.2471,-44.2400,-88.4100,76.9300,-1.5128,-3.0232,2.6306,0
888023,-15.7310,-3.4468,-4.0476,-36.4700,-61.5300,152.8100,-1.2471,-2.1040,5.2253,0
888062,-14.8573,-1.8096,-0.9407,-6.9300,75.6700,157.7800,-0.2370,2.5875,5.3953,0
888101,-14.8406,-0.6559,1.9293,-59.9200,-14.9100,64.5400,-2.0490,-0.5098,2.2069,0
888140,-17.8853,-1.3548,0.3423,-3.1500,20.5800,-6.5800,-0.1077,0.7037,-0.2250,0
888179,-13.5408,1.5367,1.6085,-46.7600,24.9900,-9.0300,-1.5990,0.8545,-0.3088,0
888218,-11.8581,3.3679,0.9455,-45.5700,35.0000,-55.5100,-1.5583,1.1968,-1.8982,0
888257,-12.3775,-3.7054,4.1218,-34.5800,39.6200,-76.5800,-1.1825,1.3548,-2.6186,0
888296,-12.9017,0.1005,3.1572,-100.2400,23.7300,-67.0600,-3.4277,0.8114,-2.2931,0
888335,-11.0945,0.2585,-0.4237,-100.8700,10.1500,-114.3800,-3.4492,0.3471,-3.9112,0
888374,-10.9365,-1.5822,-0.6965,-74.6900,-0.8400,-121.1000,-2.5540,-0.0287,-4.1410,0
888413,-7.2551,-1.9173,-1.1657,-59.9200,10.5000,-127.8900,-2.0490,0.3590,-4.3732,0
888452,-5.9267,-1.9029,-1.5319,-74.8300,29.5400,-90.6500,-2.5588,1.0101,-3.0998,0
888491,-3.8107,-4.9094,-1.6253,-76.5100,29.1200,-71.4700,-2.6162,0.9958,-2.4439,0
888530,-1.7354,-5.6274,-5.7471,-78.1900,17.1500,-79.1700,-2.6737,0.5864,-2.7072,0
888569,-4.9117,-9.8546,-11.4775,-38.4300,-2.6600,-0.7000,-1.3141,-0.0910,-0.0239,0
888608,-6.3479,-3.7676,-5.2277,91.9800,69.9300,42.8400,3.1452,2.3912,1.4649,0
888647,-9.6200,-4.4833,-2.9561,82.1100,37.0300,23.8700,2.8077,1.2662,0.8162,0
888686,-10.1131,-5.3282,-5.4982,42.8400,21.5600,-14.3500,1.4649,0.7372,-0.4907,0
888725,-8.7176,-3.7867,-2.6234,36.4700,34.7200,-28.9100,1.2471,1.1872,-0.9886,0
888764,-13.1531,-6.2905,-3.3679,12.0400,29.6100,-4.8300,0.4117,1.0125,-0.1652,0
888803,-9.1006,-3.3942,-2.1591,9.7300,30.4500,-58.1700,0.3327,1.0412,-1.9891,0
888842,-11.3842,-5.7304,-1.6875,-22.6800,9.8000,-37.8700,-0.7755,0.3351,-1.2950,0
888881,-11.2405,-5.6969,-2.6378,-29.7500,-7.2800,-77.7700,-1.0173,-0.2489,-2.6593,0
888920,-10.5703,-6.3695,-2.9442,-41.3700,-20.4400,-78.1900,-1.4146,-0.6989,-2.6737,0
888959,-9.8091,-6.5346,-2.8556,-28.3500,-37.2400,-81.3400,-0.9694,-1.2734,-2.7814,0
888998,-7.2312,-3.4181,-3.5833,-10.1500,-46.9000,-72.0300,-0.3471,-1.6037,-2.4631,0
889037,-3.6431,-0.1580,-2.4104,24.2200,25.2000,-41.3000,0.8282,0.8617,-1.4122,0
889076,-0.9622,-0.4907,-0.8761,24.7800,-11.9000,-42.9100,0.8473,-0.4069,-1.4673,0
889115,3.6144,-0.3973,-0.5075,38.9900,-79.3800,-39.7600,1.3333,-2.7144,-1.3596,0
889154,3.0136,-1.2447,1.7426,17.9900,-98.7700,65.5900,0.6152,-3.3774,2.2428,0
889193,-26.4689,-18.4167,-2.3960,-184.3100,-137.1300,365.4000,-6.3025,-4.6891,12.4948,0
889232,-14.4672,-10.6900,-9.0887,-63.0700,-41.4400,-68.8100,-2.1567,-1.4170,-2.3529,0
889271,-7.1785,-5.3187,-7.8320,-73.1500,-89.3900,-34.8600,-2.5014,-3.0567,-1.1920,0
889310,-12.2602,-8.0714,-3.1165,-39.2000,-7.3500,52.8500,-1.3404,-0.2513,1.8072,0
889349,-12.3129,-7.2527,-1.0843,-17.0800,-21.4200,-13.4400,-0.5840,-0.7325,-0.4596,0
889388,-7.3844,-3.3080,-1.6420,-16.1000,-12.6000,-41.5800,-0.5505,-0.4309,-1.4218,0
889427,-4.7059,-2.5540,-1.1370,-39.0600,-18.2700,-47.8100,-1.3357,-0.6247,-1.6349,0
889466,-1.6372,-1.4003,-1.8168,-61.3900,-24.0800,-32.6200,-2.0992,-0.8234,-1.1154,0
889505,-0.1652,-1.5415,-2.9107,-65.0300,-13.7900,32.9000,-2.2237,-0.4715,1.1250,0
889544,-2.7623,-4.7801,-3.2577,25.2000,-69.5100,19.5300,0.8617,-2.3769,0.6678,0
889583,-15.2762,-16.9015,-11.1137,4.4800,-101.4300,187.2500,0.1532,-3.4684,6.4030,0
889622,-10.1969,-6.1923,-3.8083,56.2100,97.0900,-81.5500,1.9221,3.3200,-2.7886,0
889661,-14.8071,-8.6602,-3.6599,-2.1700,6.6500,-22.1200,-0.0742,0.2274,-0.7564,0
889700,-12.5929,-6.2450,-4.1195,4.4100,12.9500,-77.4900,0.1508,0.4428,-2.6498,0
889739,-10.3262,-5.4647,-3.1835,-3.9900,16.1700,-96.6000,-0.1364,0.5529,-3.3032,0
889778,-7.7147,-4.2870,-3.1309,-34.0200,5.1800,-74.1300,-1.1633,0.1771,-2.5349,0
889817,-6.2402,-2.8724,-2.4463,-19.4600,22.8900,-97.8600,-0.6654,0.7827,-3.3463,0
889856,-5.3857,-3.0758,-2.1112,-22.1200,29.1200,-37.3800,-0.7564,0.9958,-1.2782,0
889895,-2.2620,-1.2686,-2.1686,14.8400,6.5800,-44.6600,0.5075,0.2250,-1.5271,0
889934,3.6192,-2.7670,0.5481,50.1900,-35.4200,-16.7300,1.7162,-1.2112,-0.5721,0
889973,-6.0320,-7.5208,-0.0383,-2.3100,-89.9500,180.3200,-0.0790,-3.0758,6.1660,0
890012,-20.0467,-12.2889,-8.2605,-163.5200,-47.6700,158.2000,-5.5915,-1.6301,5.4096,0
890051,-7.2001,-10.5105,-4.6245,-49.0000,-46.6900,-35.1400,-1.6755,-1.5966,-1.2016,0
890090,-11.0155,-8.9809,-5.1032,-85.0500,-38.9900,30.8000,-2.9083,-1.3333,1.0532,0
890129,-11.1328,-7.0541,-3.1333,-75.4600,-31.0800,-1.6800,-2.5803,-1.0628,-0.0574,0
890168,-8.9714,-4.9117,-2.6569,-48.3700,-58.9400,-37.1700,-1.6540,-2.0154,-1.2710,0
890207,-6.1229,-3.0806,-2.4918,-41.0900,-66.2900,-43.4000,-1.4051,-2.2668,-1.4841,0
890246,-3.3918,-2.0202,-1.3045,-41.6500,-33.5300,-32.1300,-1.4242,-1.1466,-1.0987,0
890285,-1.6684,-2.0226,-1.6325,-46.7600,-6.3000,-11.7600,-1.5990,-0.2154,-0.4021,0
890324,-2.8628,-0.7492,-3.1093,-66.6400,-17.6400,3.0800,-2.2787,-0.6032,0.1053,0
890363,-3.7077,-4.8615,-4.5336,2.0300,-43.1200,35.9100,0.0694,-1.4745,1.2279,0
890402,-12.1932,-11.6881,-11.8485,26.2500,-90.5100,116.4100,0.8976,-3.0950,3.9806,0
890441,-7.8847,-6.7381,-4.4785,76.5800,48.4400,-39.9700,2.6186,1.6564,-1.3668,0
890480,-14.3235,-9.4238,-4.4019,11.2700,31.9900,9.0300,0.3854,1.0939,0.3088,0
890519,-12.0592,-6.1947,-4.5527,35.9100,48.0900,-75.6000,1.2279,1.6444,-2.5851,0
890558,-10.9653,-6.8985,-2.9777,16.4500,33.3900,-54.1100,0.5625,1.1418,-1.8503,0
890597,-8.1743,-4.7274,-2.9107,3.9200,21.0700,-77.6300,0.1340,0.7205,-2.6545,0
890636,-5.0195,-2.0585,-2.4463,5.3200,44.7300,-84.7700,0.1819,1.5295,-2.8987,0
890675,-3.4468,-2.1327,-2.2907,-0.0700,63.2800,-23.8000,-0.0024,2.1639,-0.8138,0
890714,-2.3841,-2.6330,-1.1896,39.9000,50.0500,-6.9300,1.3644,1.7115,-0.2370,0
890753,0.5912,-2.8413,-0.2753,61.7400,17.0100,9.2400,2.1112,0.5817,0.3160,0
890792,-0.9072,-5.8525,-0.7085,89.1100,7.0000,199.2200,3.0471,0.2394,6.8123,0
890831,-13.6222,-8.6650,-5.3187,-56.4900,32.2000,74.9700,-1.9317,1.1011,2.5636,0
890870,-8.7464,-9.5243,-3.0447,-16.8700,1.6100,31.5700,-0.5769,0.0551,1.0795,0
890909,-10.8240,-7.8607,-3.8825,-35.7700,-14.4200,60.2000,-1.2232,-0.4931,2.0585,0
890948,-11.0945,-6.6759,-2.5564,-12.8800,-3.0800,4.2000,-0.4404,-0.1053,0.1436,0
890987,-8.0211,-4.5168,-2.1303,4.6900,-25.3400,-33.3200,0.1604,-0.8665,-1.1394,0
891026,-4.4809,-2.1279,-0.4404,14.2800,-11.4100,-57.0500,0.4883,-0.3902,-1.9508,0
891065,-2.0992,-1.3787,-0.4069,-16.3100,18.4800,-35.4900,-0.5577,0.6319,-1.2136,0
891104,-1.5870,-1.5128,-1.2279,-27.7900,39.4100,-0.6300,-0.9503,1.3476,-0.0215,0
891143,-3.0950,-1.3763,-4.8447,-42.7000,55.5100,63.9100,-1.4601,1.8982,2.1854,0
891182,-11.6953,-13.6437,-11.2070,17.0100,-101.8500,124.3900,0.5817,-3.4827,4.2535,0
891221,-6.3791,-8.3993,-5.7208,162.6800,22.9600,2.1700,5.5628,0.7851,0.0742,0
891260,-13.1267,-9.0121,-4.3516,77.6300,57.1200,-14.0700,2.6545,1.9532,-0.4811,0
891299,-12.2459,-7.6261,-6.1373,55.0200,60.6200,-43.3300,1.8814,2.0729,-1.4817,0
891338,-10.9461,-6.8578,-2.5995,72.3100,65.1000,-10.7800,2.4726,2.2261,-0.3686,0
891377,-8.0809,-5.4886,-1.9795,74.1300,68.0400,-51.9400,2.5349,2.3266,-1.7761,0
891416,-5.5891,-4.7274,-2.9083,43.8900,73.7800,-36.2600,1.5008,2.5229,-1.2399,0
891455,-4.0716,-4.4211,-2.6905,47.7400,79.8700,-9.1700,1.6325,2.7311,-0.3136,0
891494,-2.3003,-2.7287,-2.1854,65.8700,83.1600,2.1700,2.2524,2.8436,0.0742,0
891533,-1.1633,-2.9346,-0.5649,110.1800,85.5400,26.8100,3.7676,2.9250,0.9168,0
891572,-3.9088,-3.2242,-2.4511,119.4900,67.7600,118.3000,4.0859,2.3170,4.0453,0
891611,-14.5462,-12.4828,0.2561,64.6800,69.7900,238.0700,2.2117,2.3865,8.1408,0
891650,-11.6020,-8.2605,-1.9508,65.9400,40.3900,30.8700,2.2548,1.3811,1.0556,0
891689,-11.4225,-6.9751,-2.1710,38.7800,9.5200,40.4600,1.3261,0.3255,1.3835,0
891728,-9.7828,-6.9152,-0.9694,51.3800,7.9800,3.0100,1.7569,0.2729,0.1029,0
891767,-7.9206,-3.8250,0.0431,53.0600,9.1000,-22.1900,1.8144,0.3112,-0.7588,0
891806,-6.7525,-2.2093,1.0436,42.7700,26.6000,-20.7200,1.4625,0.9096,-0.7085,0
891845,-4.2320,-1.3883,2.0681,25.9700,34.0200,-36.4700,0.8880,1.1633,-1.2471,0
891884,-2.7455,-2.1351,-0.0910,-54.7400,6.6500,-13.9300,-1.8718,0.2274,-0.4763,0
891923,-4.8399,-7.9924,-3.3966,-27.4400,16.1000,64.1200,-0.9383,0.5505,2.1926,0
891962,-8.0546,-6.0655,-9.0527,43.1900,-55.1600,56.0000,1.4769,-1.8862,1.9149,0
892001,-9.1844,-7.9517,-5.5389,75.9500,21.0700,16.9400,2.5971,0.7205,0.5793,0
892040,-9.0551,-7.2001,-4.0524,53.8300,44.0300,5.4600,1.8407,1.5056,0.1867,0
892079,-11.2142,-8.0737,-4.9429,44.9400,41.1600,-14.0000,1.5367,1.4075,-0.4787,0
892118,-10.3118,-5.8285,-1.8575,44.8700,43.7500,-36.8200,1.5343,1.4960,-1.2591,0
892157,-8.6746,-4.8136,-1.7737,18.6200,32.0600,-72.1700,0.6367,1.0963,-2.4678,0
892196,-6.6830,-3.6742,-3.0112,-5.6700,14.2100,-67.2000,-0.1939,0.4859,-2.2979,0
892235,-5.0314,-2.6091,-2.3697,6.5800,15.6800,-37.1000,0.2250,0.5362,-1.2686,0
892274,-4.6867,-2.8221,-1.3644,38.5700,10.8500,-0.9800,1.3189,0.3710,-0.0335,0
892313,-4.6724,-4.2631,-0.2418,83.9300,4.2700,13.5800,2.8700,0.1460,0.4644,0
892352,-1.7354,-3.9615,-3.4349,69.0900,-18.9700,56.7000,2.3625,-0.6487,1.9388,0
892391,-12.5235,-9.2514,-0.0934,-33.0400,7.3500,163.2400,-1.1298,0.2513,5.5820,0
892430,-11.4320,-6.4173,-3.2960,-70.6300,-28.5600,59.5700,-2.4152,-0.9766,2.0370,0
892469,-13.7730,-9.2012,-3.7628,-66.8500,-64.8900,1.4700,-2.2859,-2.2189,0.0503,0
892508,-10.3501,-8.5644,-4.1123,-66.2900,-75.3900,-32.2000,-2.2668,-2.5780,-1.1011,0
892547,-7.8727,-4.9285,-2.7000,-42.8400,-49.7700,-62.5100,-1.4649,-1.7019,-2.1375,0
892586,-4.7418,-2.0561,-0.7564,-26.6700,-36.9600,-74.5500,-0.9120,-1.2638,-2.5492,0
892625,-2.6761,-1.2184,-1.4146,-66.2200,-42.1400,-41.4400,-2.2644,-1.4410,-1.4170,0
892664,-0.0431,-4.1242,-2.0609,-60.8300,-25.1300,-0.9800,-2.0801,-0.8593,-0.0335,0
892703,-6.1732,-5.3785,-4.9740,-27.6500,-41.2300,43.6800,-0.9455,-1.4099,1.4936,0
892742,-8.7200,-5.2469,-4.0716,19.0400,-36.6100,69.2300,0.6511,-1.2519,2.3673,0
892781,-12.0927,-5.9937,-3.0950,-13.2300,21.4200,38.9200,-0.4524,0.7325,1.3309,0
892820,-15.7717,-7.1450,-2.2572,-29.6100,-12.9500,-26.5300,-1.0125,-0.4428,-0.9072,0
892859,-12.6719,-7.3389,-3.7604,-53.5500,-48.5800,-57.1900,-1.8311,-1.6612,-1.9556,0
892898,-9.2323,-6.1421,-4.1458,-48.0200,-32.6900,-106.8200,-1.6420,-1.1178,-3.6527,0
892937,-7.1330,-5.1439,-5.6705,-45.1500,-18.6200,-122.4300,-1.5439,-0.6367,-4.1865,0
892976,-6.3312,-3.6431,-5.1703,-59.6400,5.8800,-69.0900,-2.0394,0.2011,-2.3625,0
893015,-5.0841,-2.6426,-2.4200,-7.2800,8.1900,-43.5400,-0.2489,0.2801,-1.4888,0
893054,-3.6934,-2.1854,-1.0676,5.3200,1.1200,-25.9700,0.1819,0.0383,-0.8880,0
893093,-1.9939,-2.4774,0.7779,4.1300,-13.8600,-7.4900,0.1412,-0.4739,-0.2561,0
893132,-7.1091,-7.9660,-0.7396,-47.7400,-59.0100,115.6400,-1.6325,-2.0178,3.9543,0
893171,-12.2315,-11.2453,-5.0386,-100.3800,-67.5500,116.1300,-3.4325,-2.3099,3.9710,0
893210,-9.6823,-9.7996,-5.3833,-62.0900,-62.4400,7.2800,-2.1232,-2.1351,0.2489,0
893249,-8.4687,-8.6578,-5.1966,-78.4700,-67.1300,28.9100,-2.6833,-2.2955,0.9886,0
893288,-10.1371,-7.1929,-3.8202,-63.9800,-38.6400,34.5100,-2.1878,-1.3213,1.1801,0
893327,-11.1424,-7.3604,-3.3463,-34.1600,-41.2300,-12.0400,-1.1681,-1.4099,-0.4117,0
893366,-7.0947,-3.1309,-2.2524,-0.1400,-53.0600,-68.1100,-0.0048,-1.8144,-2.3290,0
893405,-5.8931,-2.0801,0.0742,-11.6200,-36.3300,-35.3500,-0.3973,-1.2423,-1.2088,0
893444,-4.1793,-2.2692,0.5338,-33.2500,-40.4600,-38.0800,-1.1370,-1.3835,-1.3021,0
893483,-1.6755,-0.2657,-2.6019,-43.4700,16.5900,6.5800,-1.4865,0.5673,0.2250,0
893522,-5.2636,-6.6902,-4.0189,-59.2200,-25.4800,39.1300,-2.0250,-0.8713,1.3380,0
893561,-8.8756,-6.8985,-6.6519,14.4900,-83.3700,67.6900,0.4955,-2.8508,2.3147,0
893600,-9.3615,-6.3862,-3.8107,43.0500,6.0900,16.0300,1.4721,0.2082,0.5481,0
893639,-11.7743,-7.3916,-2.9681,14.6300,22.7500,-43.0500,0.5003,0.7779,-1.4721,0
893678,-12.3775,-9.2754,-5.8596,-6.2300,-4.6200,-55.7900,-0.2130,-0.1580,-1.9077,0
893717,-7.9756,-5.2660,-2.9561,-3.6400,23.3100,-64.3300,-0.1245,0.7971,-2.1998,0
893756,-9.3879,-6.4676,-2.4894,-8.6800,40.3200,-42.9100,-0.2968,1.3787,-1.4673,0
893795,-7.3916,-3.0280,-2.7455,-4.6900,27.3700,-83.7200,-0.1604,0.9359,-2.8628,0
893834,-5.3306,-2.2883,-1.5319,-9.2400,33.6700,-49.5600,-0.3160,1.1513,-1.6947,0
893873,-4.8543,-2.9442,-0.6463,10.5000,15.4000,-14.0700,0.3590,0.5266,-0.4811,0
893912,-1.2208,-4.8375,0.0814,63.7000,-6.0200,11.5500,2.1782,-0.2059,0.3950,0
893951,-7.6668,-7.3844,-3.4373,5.2500,-61.1100,103.3900,0.1795,-2.0896,3.5354,0
893990,-11.6929,-9.2395,-4.6197,-48.4400,-21.7000,84.0000,-1.6564,-0.7420,2.8724,0
894029,-8.2509,-9.8881,-3.3224,-18.4800,-10.2200,46.4100,-0.6319,-0.3495,1.5870,0
894068,-11.6331,-9.0623,-3.1405,-32.6200,-22.2600,47.1100,-1.1154,-0.7612,1.6109,0
894107,-10.3429,-6.6615,-1.3572,-50.4700,-20.5800,27.3700,-1.7258,-0.7037,0.9359,0
894146,-9.5985,-4.0357,-0.5936,-44.4500,-35.0000,-34.0200,-1.5200,-1.1968,-1.1633,0
894185,-7.5448,-2.5875,-1.0436,-43.2600,-52.0800,-67.9700,-1.4793,-1.7809,-2.3242,0
894224,-4.9907,-1.7809,-0.4548,-44.7300,-45.3600,-75.6700,-1.5295,-1.5511,-2.5875,0
894263,-2.8963,-2.5397,-0.3854,-63.4200,-31.2900,-40.9500,-2.1686,-1.0700,-1.4003,0
894302,-3.4516,-2.6689,-3.3056,-95.9000,-36.8200,13.0200,-3.2793,-1.2591,0.4452,0
894341,-3.1022,-6.4533,-3.6575,-26.1800,-48.1600,99.1900,-0.8952,-1.6468,3.3918,0
894380,-6.4461,-5.5173,-3.7293,59.6400,-41.2300,44.8700,2.0394,-1.4099,1.5343,0
894419,-12.7222,-8.1815,-3.6647,6.5100,-9.2400,19.6000,0.2226,-0.3160,0.6702,0
894458,-13.6222,-7.7698,-5.8572,-9.9400,-5.7400,-67.6900,-0.3399,-0.1963,-2.3147,0
894497,-9.6990,-8.1073,-6.4676,-29.6800,-13.4400,-68.8100,-1.0149,-0.4596,-2.3529,0
894536,-7.3796,-4.6437,-2.6378,-38.4300,7.5600,-56.4900,-1.3141,0.2585,-1.9317,0
894575,-9.5865,-5.2923,-1.4888,-19.6000,30.7300,-77.2800,-0.6702,1.0508,-2.6426,0
894614,-8.2078,-3.0543,-1.4314,-18.9000,12.3200,-98.2100,-0.6463,0.4213,-3.3583,0
894653,-5.2588,-2.7862,-2.2069,-38.5700,-14.9800,-64.6100,-1.3189,-0.5122,-2.2093,0
894692,-4.3660,-2.5612,-1.6181,10.9200,-6.8600,-56.7700,0.3734,-0.2346,-1.9412,0
894731,-2.5229,-2.6976,-1.8503,24.4300,-56.9100,-36.3300,0.8354,-1.9460,-1.2423,0
894770,-2.9442,-4.0381,-0.2585,38.9200,-67.4800,88.2000,1.3309,-2.3075,3.0160,0
894809,-14.6419,-10.3453,-5.1679,-86.3100,-38.7800,128.1000,-2.9514,-1.3261,4.3804,0
894848,-8.8900,-9.6679,-3.3535,-20.2300,-26.6700,-21.9100,-0.6918,-0.9120,-0.7492,0
894887,-10.3621,-6.9703,-3.3655,-89.2500,-38.4300,28.7700,-3.0519,-1.3141,0.9838,0
894926,-10.7522,-5.0554,-2.2045,-100.3100,-22.1200,6.3700,-3.4301,-0.7564,0.2178,0
894965,-8.4807,-3.1285,-2.0537,-91.9100,-54.3900,-44.1700,-3.1428,-1.8599,-1.5104,0
895004,-5.6059,-3.6072,-2.5660,-82.1800,-80.3600,-63.5600,-2.8101,-2.7479,-2.1734,0
895043,-2.4200,-2.0274,-2.9729,-87.1500,-78.2600,-47.2500,-2.9801,-2.6761,-1.6157,0
895082,-1.3404,-2.2093,-2.8413,-108.9200,-58.7300,-3.7100,-3.7245,-2.0083,-0.1269,0
895121,-2.9226,-2.0585,-3.7867,-61.0400,-4.6200,43.9600,-2.0873,-0.1580,1.5032,0
895160,-12.1621,-11.1711,-6.8793,-27.0900,-60.2000,99.7500,-0.9263,-2.0585,3.4109,0
895199,-10.1083,-9.6512,-6.4916,32.4100,-36.4700,-33.3200,1.1083,-1.2471,-1.1394,0
895238,-11.5900,-8.4376,-5.5556,-30.2400,-4.2700,8.4700,-1.0341,-0.1460,0.2896,0
895277,-11.9921,-6.7525,-5.0793,-19.3900,20.0900,-41.6500,-0.6630,0.6870,-1.4242,0
895316,-11.7241,-5.9530,-2.4702,-18.6900,3.9900,-70.6300,-0.6391,0.1364,-2.4152,0
895355,-8.4495,-4.5312,-3.0327,-19.4600,-13.8600,-103.3200,-0.6654,-0.4739,-3.5330,0
895394,-5.8189,-2.0681,-3.2338,-41.2300,-3.9900,-65.1700,-1.4099,-0.1364,-2.2285,0
895433,-5.3665,-2.6426,-2.1327,-23.3800,18.7600,-29.4700,-0.7995,0.6415,-1.0077,0
895472,-3.0806,-2.6450,-2.0059,16.9400,-1.6800,-35.7000,0.5793,-0.0574,-1.2208,0
895511,1.4697,-1.5654,-0.9168,49.7700,5.5300,-34.2300,1.7019,0.1891,-1.1705,0
895550,-3.2075,-4.0548,-0.4500,19.7400,-3.6400,87.1500,0.6750,-0.1245,2.9801,0
895589,-18.7470,-13.8496,-4.9429,-91.0700,-94.5700,230.6500,-3.1141,-3.2338,7.8870,0
895628,-9.4788,-10.1466,-4.0381,-29.7500,-12.9500,2.3100,-1.0173,-0.4428,0.0790,0
895667,-10.5895,-8.6698,-2.5660,-87.7100,-66.9200,5.9500,-2.9992,-2.2883,0.2035,0
895706,-10.7905,-4.0620,-1.3716,-110.6000,-77.1400,-27.6500,-3.7820,-2.6378,-0.9455,0
895745,-9.3615,-4.0764,-1.4721,-117.3900,-87.4300,-52.9900,-4.0141,-2.9897,-1.8120,0
895784,-6.6519,-1.7809,-3.1117,-113.8200,-95.7600,-75.5300,-3.8921,-3.2745,-2.5827,0
895823,-4.9979,-1.3739,-2.7192,-99.8900,-72.8700,-56.4900,-3.4157,-2.4918,-1.9317,0
895862,-3.9615,-0.7660,-2.3936,-97.5100,-56.2100,-41.0200,-3.3343,-1.9221,-1.4027,0
895901,-3.0567,-3.4014,-1.7952,-110.2500,-66.7100,-28.4900,-3.7700,-2.2811,-0.9742,0
895940,-3.7604,-4.9022,-4.9931,-73.0100,-71.9600,-24.9200,-2.4966,-2.4607,-0.8521,0
895979,-13.4499,-10.4171,-15.2212,-34.1600,-136.9200,73.4300,-1.1681,-4.6820,2.5109,0
896018,-5.5317,-5.7399,-3.7772,35.2100,-7.2800,-40.6700,1.2040,-0.2489,-1.3907,0
896057,-11.9395,-6.5681,-4.6173,-30.3800,-8.5400,-0.1400,-1.0388,-0.2920,-0.0048,0
896096,-13.0621,-8.6554,-7.2599,-32.6200,-2.9400,-85.1900,-1.1154,-0.1005,-2.9131,0
896135,-9.5985,-5.8285,-2.2668,-36.8200,-3.9200,-65.1700,-1.2591,-0.1340,-2.2285,0
896174,-8.5764,-4.6173,-2.2764,-53.9700,-23.8700,-97.8600,-1.8455,-0.8162,-3.3463,0
896213,-6.5131,-2.8915,-2.4391,-68.1800,-14.5600,-94.5000,-2.3314,-0.4979,-3.2314,0
896252,-5.3426,-2.7742,-2.4822,-82.8800,-16.2400,-36.3300,-2.8341,-0.5553,-1.2423,0
896291,-4.1314,-1.8575,-3.0710,-46.6900,-31.0100,-71.5400,-1.5966,-1.0604,-2.4463,0
896330,-3.6479,-1.6755,-1.7617,-23.8700,-75.4600,-51.0300,-0.8162,-2.5803,-1.7450,0
896369,-1.7138,-2.1375,-0.9814,-21.7000,-87.0800,-6.2300,-0.7420,-2.9777,-0.2130,0
896408,-9.8929,-10.9629,-2.4774,-60.9700,-115.4300,131.4600,-2.0849,-3.9471,4.4953,0
896447,-12.0879,-10.2208,-6.4652,-83.5800,-67.0600,55.3700,-2.8580,-2.2931,1.8934,0
896486,-9.9719,-9.1078,-4.4019,-57.8900,-51.6600,4.8300,-1.9795,-1.7665,0.1652,0
896525,-10.6469,-8.0378,-3.1692,-66.0100,-24.3600,6.2300,-2.2572,-0.8330,0.2130,0
896564,-9.4477,-5.5820,-2.5157,-70.9800,-53.0600,-36.8900,-2.4272,-1.8144,-1.2614,0
896603,-7.2671,-4.0931,-1.7186,-59.5000,-61.2500,-55.5100,-2.0346,-2.0944,-1.8982,0
896642,-5.9697,-2.5660,-1.0101,-59.1500,-62.5100,-56.6300,-2.0226,-2.1375,-1.9365,0
896681,-4.0500,-1.3883,-1.7019,-75.3900,-62.6500,-45.2900,-2.5780,-2.1423,-1.5487,0
896720,-1.9484,-1.2997,-2.7000,-76.1600,-28.0700,-14.5600,-2.6043,-0.9598,-0.4979,0
896759,-3.2841,-1.8670,-3.5378,-73.7100,-14.1400,30.3100,-2.5205,-0.4835,1.0364,0
896798,-10.5727,-8.2293,-7.8368,-26.4600,-82.6000,73.3600,-0.9048,-2.8245,2.5085,0
896837,-7.8128,-8.8230,-5.6610,49.3500,-26.7400,50.8200,1.6875,-0.9144,1.7378,0
896876,-12.1262,-8.1671,-2.7096,22.6800,-11.4100,10.1500,0.7755,-0.3902,0.3471,0
896915,-11.9538,-10.1945,-7.1761,-0.0700,-16.8700,-44.5200,-0.0024,-0.5769,-1.5224,0
896954,-7.7985,-7.5926,-7.2455,11.4800,37.2400,-72.4500,0.3926,1.2734,-2.4774,0
896993,-10.2161,-6.5155,-3.2386,26.7400,45.1500,-50.2600,0.9144,1.5439,-1.7186,0
897032,-8.0714,-4.7466,-1.3931,29.6100,47.1800,-99.7500,1.0125,1.6133,-3.4109,0
897071,-5.5556,-2.5492,-0.8617,-12.0400,51.1000,-58.3100,-0.4117,1.7474,-1.9939,0
897110,-4.6915,-4.0333,-0.5194,-19.3900,53.2000,-11.6900,-0.6630,1.8192,-0.3997,0
897149,-4.1003,-3.5067,0.1987,10.0800,-11.1300,-44.8000,0.3447,-0.3806,-1.5319,0
897188,-1.4697,-1.8072,-1.5343,19.8800,-38.9900,-56.0700,0.6798,-1.3333,-1.9173,0
897227,-2.0370,-3.7843,-0.3997,6.8600,-40.1800,54.9500,0.2346,-1.3739,1.8790,0
897266,-9.8738,-9.2825,-5.8189,-40.6000,-70.4900,184.0300,-1.3883,-2.4104,6.2929,0
897305,-12.4350,-11.3913,-4.5479,-3.3600,-23.1700,56.0000,-0.1149,-0.7923,1.9149,0
897344,-10.0078,-8.3418,-3.0160,-44.3100,-33.8100,30.9400,-1.5152,-1.1561,1.0580,0
897383,-12.3512,-8.9139,-2.0609,-67.2700,-10.8500,40.8800,-2.3003,-0.3710,1.3979,0
897422,-9.5722,-6.4628,-1.4793,-55.9300,-36.4000,-50.9600,-1.9125,-1.2447,-1.7426,0
897461,-6.7429,-3.3894,-2.4056,-42.9800,-54.1800,-72.4500,-1.4697,-1.8527,-2.4774,0
897500,-4.6580,-2.4200,-1.5439,-47.8800,-42.7000,-48.1600,-1.6372,-1.4601,-1.6468,0
897539,-1.4482,-2.4224,-1.8192,-58.4500,-13.7200,-22.8200,-1.9987,-0.4692,-0.7803,0
897578,-2.4702,-1.6253,-4.9261,-53.4100,0.8400,29.4700,-1.8263,0.0287,1.0077,0
897617,-6.5825,-6.1900,-7.0612,6.4400,-45.8500,58.6600,0.2202,-1.5678,2.0059,0
897656,-6.7357,-6.1780,-5.1774,86.4500,-34.4400,57.4700,2.9561,-1.1777,1.9652,0
897695,-12.6839,-9.0887,-4.2128,38.2200,8.1200,56.7700,1.3069,0.2777,1.9412,0
897734,-11.6379,-7.5041,-4.7466,27.9300,22.6100,-53.3400,0.9551,0.7731,-1.8240,0
897773,-10.7618,-8.7894,-5.7208,-0.0700,19.9500,-42.1400,-0.0024,0.6822,-1.4410,0
897812,-9.9791,-6.2019,-3.0639,4.6900,44.1000,-49.2100,0.1604,1.5080,-1.6827,0
897851,-9.5913,-6.4389,-3.1979,28.2100,29.5400,-94.2900,0.9646,1.0101,-3.2242,0
897890,-7.3126,-3.6024,-1.4984,-38.8500,43.1900,-41.5100,-1.3285,1.4769,-1.4194,0
897929,-3.9423,-2.4654,-0.8545,-4.4800,38.9200,-51.2400,-0.1532,1.3309,-1.7521,0
897968,-3.6862,-3.7987,-1.8048,-0.9100,18.6900,-20.5100,-0.0311,0.6391,-0.7013,0
898007,-1.4697,-1.0173,-0.8114,8.2600,-7.7700,-26.2500,0.2824,-0.2657,-0.8976,0
898046,0.4332,-1.4458,1.2423,17.6400,-25.9700,21.6300,0.6032,-0.8880,0.7396,0
898085,-9.7780,-10.8958,-3.6000,-35.3500,-72.5900,191.5900,-1.2088,-2.4822,6.5514,0
898124,-15.5084,-13.9453,-8.4855,-63.3500,-39.5500,63.3500,-2.1662,-1.3524,2.1662,0
898163,-7.3293,-8.1216,-4.3277,-33.6700,-46.0600,-14.2800,-1.1513,-1.5750,-0.4883,0
898202,-12.1812,-9.0192,-4.2511,-42.0000,-0.2800,62.1600,-1.4362,-0.0096,2.1256,0
898241,-10.2639,-7.1019,-1.9149,-19.1100,-13.2300,-8.3300,-0.6535,-0.4524,-0.2848,0
898280,-8.1240,-3.9471,-1.8216,-0.3500,-24.6400,-49.5600,-0.0120,-0.8426,-1.6947,0
898319,-5.8142,-1.3811,-0.9598,-14.1400,-11.5500,-44.5200,-0.4835,-0.3950,-1.5224,0
898358,-1.4434,-0.1963,-1.8144,-33.1100,2.4500,-29.4000,-1.1322,0.0838,-1.0053,0
898397,-0.6223,-0.6894,-1.7115,-37.9400,25.4100,14.9100,-1.2974,0.8689,0.5098,0
898436,0.7301,-7.7362,1.2950,13.1600,-26.0400,19.3900,0.4500,-0.8904,0.6630,0
898475,-12.2052,-7.8559,-10.0533,45.4300,-98.7700,146.8600,1.5535,-3.3774,5.0219,0
898514,-14.5797,-10.1514,-3.1931,71.9600,12.0400,70.7700,2.4607,0.4117,2.4200,0
898553,-11.4488,-8.0283,-0.4931,15.0500,29.6800,-42.2100,0.5146,1.0149,-1.4434,0
898592,-13.0597,-9.9432,-7.9565,-52.0800,5.0400,-53.2700,-1.7809,0.1723,-1.8216,0
898631,-7.8655,-6.4533,-4.7562,11.4100,52.1500,-67.2000,0.3902,1.7833,-2.2979,0
898670,-9.1030,-5.6035,-2.4966,30.3800,81.7600,-56.8400,1.0388,2.7958,-1.9436,0
898709,-9.4118,-4.4474,-1.7091,19.5300,69.0900,-76.6500,0.6678,2.3625,-2.6210,0
898748,-7.4131,-3.2123,-1.2926,-2.5200,44.8700,-98.0700,-0.0862,1.5343,-3.3535,0
898787,-3.4468,-4.1961,-1.0891,4.2700,14.7000,-68.9500,0.1460,0.5027,-2.3577,0
898826,-1.4745,-2.5444,-1.1322,7.0700,-14.6300,-47.8100,0.2418,-0.5003,-1.6349,0
898865,2.6162,-0.9120,-0.0814,22.1200,10.5700,-27.6500,0.7564,0.3614,-0.9455,0
898904,-1.0604,-3.2482,-2.2835,22.4700,69.0900,95.4800,0.7684,2.3625,3.2649,0
898943,-17.9475,-18.1845,-6.5634,-48.7200,-70.5600,301.4900,-1.6660,-2.4128,10.3094,0
898982,-10.0054,-11.4751,-5.7256,38.5000,1.2600,-23.0300,1.3165,0.0431,-0.7875,0
899021,-12.2889,-8.3370,-3.7748,-79.3800,-5.4600,101.5000,-2.7144,-0.1867,3.4708,0
899060,-11.1424,-6.8889,-2.4104,-6.0200,-3.3600,6.6500,-0.2059,-0.1149,0.2274,0
899099,-8.1288,-4.1099,-2.0968,-0.5600,-38.7100,-43.0500,-0.0191,-1.3237,-1.4721,0
899138,-6.0607,-2.2524,-1.9245,15.2600,-13.3000,-64.8200,0.5218,-0.4548,-2.2165,0
899177,-2.8963,-1.5535,-0.8569,-3.6400,-7.7000,-40.0400,-0.1245,-0.2633,-1.3692,0
899216,-0.9479,-1.9317,-2.1854,-28.2800,29.3300,-4.6900,-0.9670,1.0029,-0.1604,0
899255,-0.4500,-3.0926,-3.2769,-12.9500,4.9700,27.6500,-0.4428,0.1699,0.9455,0
899294,-8.9738,-7.4299,-7.1666,52.9900,-74.4100,112.4200,1.8120,-2.5444,3.8442,0
899333,-11.5062,-11.3195,-6.3767,84.4900,-46.8300,80.4300,2.8891,-1.6013,2.7503,0
899372,-11.6929,-6.2115,-3.6886,67.9000,59.6400,-73.6400,2.3218,2.0394,-2.5181,0
899411,-12.9424,-10.9174,-6.3862,-26.2500,35.0700,-17.2900,-0.8976,1.1992,-0.5912,0
899450,-8.9546,-5.2899,-4.8854,43.5400,62.5100,-93.9400,1.4888,2.1375,-3.2123,0
899489,-11.1352,-7.1857,-2.6761,55.3700,77.4200,-43.8200,1.8934,2.6474,-1.4984,0
899528,-9.4549,-5.0745,-1.0269,24.5000,65.8700,-89.2500,0.8378,2.2524,-3.0519,0
899567,-6.4724,-2.8436,-1.3835,-1.9600,63.7000,-78.9600,-0.0670,2.1782,-2.7000,0
899606,-4.1410,-2.2452,-0.7253,-15.5400,43.0500,-51.5200,-0.5314,1.4721,-1.7617,0
899645,-0.8306,-1.3716,-0.1197,28.9800,19.3900,-65.3800,0.9910,0.6630,-2.2357,0
899684,4.7490,0.9479,2.7407,48.9300,-6.7200,-11.5500,1.6732,-0.2298,-0.3950,0
899723,-1.4673,-0.9958,-3.6479,7.2800,-57.4700,169.1200,0.2489,-1.9652,5.7830,0
899762,-35.9046,-21.9784,-18.5483,-277.2700,-96.0400,417.9700,-9.4812,-3.2841,14.2924,0
899801,-7.1043,-9.9408,-4.2655,3.8500,-38.7800,-9.8700,0.1317,-1.3261,-0.3375,0
899840,-15.3001,-9.4860,-4.5024,-51.5200,-19.0400,87.6400,-1.7617,-0.6511,2.9968,0
899879,-12.8108,-5.5365,-2.8867,-31.0100,-38.6400,16.2400,-1.0604,-1.3213,0.5553,0
899918,-9.5219,-0.9407,-2.0131,46.0600,-15.4700,-79.1700,1.5750,-0.5290,-2.7072,0
899957,-5.2469,-1.6947,-0.4859,11.2000,-35.4200,-51.3800,0.3830,-1.2112,-1.7569,0
899996,-0.4548,-1.7976,-0.5769,14.0700,21.2800,-54.3900,0.4811,0.7277,-1.8599,0
900035,1.7976,-2.9538,-1.5295,-35.3500,45.7800,0.4900,-1.2088,1.5654,0.0168,0
900074,0.0934,-0.2824,-3.2242,-15.4700,50.8200,39.3400,-0.5290,1.7378,1.3452,0
900113,-9.8211,-12.0017,-6.7716,59.3600,-142.5200,129.7100,2.0298,-4.8735,4.4354,0
900152,-16.3270,-13.7203,-9.0599,44.7300,-37.8000,67.6200,1.5295,-1.2926,2.3123,0
900191,-8.3825,-5.3402,0.3567,44.4500,59.0100,-69.0900,1.5200,2.0178,-2.3625,0
900230,-15.5395,-9.6918,-4.5934,-32.2700,0.2800,-37.8000,-1.1035,0.0096,-1.2926,0
900269,-8.4663,-2.9849,-1.5535,42.4900,37.0300,-137.9700,1.4529,1.2662,-4.7179,0
900308,-12.8562,-5.9482,-1.2782,-2.5200,30.1700,-26.2500,-0.0862,1.0317,-0.8976,0
900347,-10.9054,-4.4881,0.2250,27.1600,31.5000,-129.7100,0.9287,1.0771,-4.4354,0
900386,-7.9828,-3.2338,-2.1303,0.9100,36.4700,-67.9000,0.0311,1.2471,-2.3218,0
900425,-2.8724,-3.2697,0.0622,52.2200,66.2900,-54.4600,1.7857,2.2668,-1.8623,0
900464,3.2410,0.0503,1.9388,47.5300,10.2200,-31.2900,1.6253,0.3495,-1.0700,0
900503,0.4787,4.3588,1.5702,-54.1100,-82.4600,72.5200,-1.8503,-2.8197,2.4798,0
900542,-16.5401,-18.2467,-12.3488,-318.7100,-208.1100,328.6500,-10.8982,-7.1163,11.2381,0
900581,-4.2822,-6.0296,-5.0195,-105.6300,-180.8800,-78.1900,-3.6120,-6.1852,-2.6737,0
900620,-9.4381,-5.8740,-3.1046,-139.3700,-118.2300,101.6400,-4.7657,-4.0429,3.4756,0
900659,-14.1153,-3.1476,-0.5577,-134.6100,-41.3000,49.9100,-4.6030,-1.4122,1.7067,0
900698,-13.6222,-2.1830,0.6678,-129.7100,-70.6300,-80.7800,-4.4354,-2.4152,-2.7623,0
900737,-9.4477,2.9585,-0.1580,-140.6300,-113.6800,-163.4500,-4.8088,-3.8873,-5.5891,0
900776,-5.7495,3.0878,-2.2357,-148.6800,-116.3400,-241.0800,-5.0841,-3.9782,-8.2437,0
900815,-0.2154,0.6152,-3.5617,-72.9400,-234.4300,-299.4600,-2.4942,-8.0163,-10.2400,0
900854,-7.0445,-4.7873,-12.2291,-331.8700,-317.8700,61.1800,-11.3482,-10.8695,2.0920,0
900893,-12.4900,-5.4862,-18.7901,-192.8500,-195.8600,-7.2800,-6.5945,-6.6974,-0.2489,0
900932,-5.3211,-6.3982,-3.5067,-12.2500,-17.0100,-80.0100,-0.4189,-0.5817,-2.7359,0
900971,-11.8006,-9.0791,-6.4987,-84.9100,-54.6000,-30.2400,-2.9035,-1.8670,-1.0341,0
901010,-6.4700,-4.6772,-1.6253,-27.5800,-37.3100,-87.5700,-0.9431,-1.2758,-2.9944,0
901049,-10.1514,-5.4312,-5.4766,-76.7200,-15.6100,19.8800,-2.6234,-0.5338,0.6798,0
901088,-6.8410,-2.6665,-1.7234,-29.6100,56.8400,-31.2900,-1.0125,1.9436,-1.0700,0
901127,-12.5714,-6.8841,-2.5492,-77.2100,-50.8200,9.4500,-2.6402,-1.7378,0.3231,0
901166,-8.8134,-3.8322,-2.6162,-31.9900,-44.7300,-65.9400,-1.0939,-1.5295,-2.2548,0
901205,-9.0312,-4.0524,-0.9407,-39.4800,-49.7000,-39.3400,-1.3500,-1.6995,-1.3452,0
901244,-9.7565,-4.9429,-3.1811,-55.2300,-28.4200,-38.3600,-1.8886,-0.9718,-1.3117,0
901283,-7.9612,-3.6096,-4.0644,-46.5500,-30.3100,-61.5300,-1.5918,-1.0364,-2.1040,0
901322,-8.2964,-4.3062,-4.5503,-40.1100,-70.7000,-54.6000,-1.3716,-2.4176,-1.8670,0
901361,-4.5838,-4.2607,-3.9399,-5.0400,-60.2700,-78.4000,-0.1723,-2.0609,-2.6809,0
901400,-3.9639,-4.0357,-0.3136,-29.6800,-54.5300,14.4200,-1.0149,-1.8646,0.4931,0
901439,-8.7990,-7.5256,-0.0263,-113.8200,-134.4700,119.7000,-3.8921,-4.5982,4.0931,0
901478,-13.5624,-8.6363,-1.9795,-162.8200,-156.7300,54.8100,-5.5676,-5.3594,1.8742,0
901517,-11.2166,-4.7969,-5.0290,-140.2100,-141.1200,-31.0100,-4.7945,-4.8256,-1.0604,0
901556,-11.8294,-5.6777,-5.1846,-120.4000,-105.9800,-3.7800,-4.1171,-3.6240,-0.1293,0
901595,-11.9586,-7.0756,-4.6197,-90.4400,-94.5700,-5.7400,-3.0926,-3.2338,-0.1963,0
901634,-10.7020,-4.5790,-2.8772,-75.1800,-88.9000,-39.1300,-2.5708,-3.0399,-1.3380,0
901673,-8.7966,-0.4715,-2.7718,-51.8000,-74.3400,-46.7600,-1.7713,-2.5420,-1.5990,0
901712,-4.5934,-0.0957,-1.5750,-45.8500,-20.0900,-12.8100,-1.5678,-0.6870,-0.4380,0
901751,-0.4452,-2.6881,-1.1920,-71.2600,-14.2100,-39.8300,-2.4367,-0.4859,-1.3620,0
901790,1.5080,-4.4258,-2.7862,-87.2900,-24.2200,-47.8800,-2.9849,-0.8282,-1.6372,0
901829,-9.9623,-13.6031,-11.6020,-82.8800,-106.5400,91.0000,-2.8341,-3.6431,3.1117,0
901868,-6.9727,-10.1682,-2.0107,88.4800,46.4100,-46.2700,3.0256,1.5870,-1.5822,0
901907,-8.8660,-5.8333,-0.1556,8.2600,64.1200,22.4000,0.2824,2.1926,0.7660,0
901946,-17.1839,-10.1227,-2.8795,-18.0600,63.2800,15.6800,-0.6176,2.1639,0.5362,0
901985,-16.4276,-7.1187,-1.8072,-14.1400,38.5000,-104.7200,-0.4835,1.3165,-3.5809,0
902024,-11.5756,-5.2852,-0.8354,-14.9100,-5.4600,-113.4000,-0.5098,-0.1867,-3.8777,0
902063,-5.3785,-3.6000,-3.2984,10.5700,-0.0700,-117.6700,0.3614,-0.0024,-4.0237,0
902102,-0.9359,-0.6511,-3.5713,24.9900,206.0800,-51.9400,0.8545,7.0469,-1.7761,0
902141,2.3003,-2.3649,1.2495,13.0200,-31.5000,-37.4500,0.4452,-1.0771,-1.2806,0
902180,0.1388,0.0981,-0.5003,-4.4100,-160.7200,3.7100,-0.1508,-5.4958,0.1269,0
902219,-13.6677,-16.5664,-6.7692,-128.3800,-266.9100,278.7400,-4.3899,-9.1269,9.5315,0
902258,-8.7320,-12.2004,-12.5905,-88.6200,-76.1600,-29.1200,-3.0303,-2.6043,-0.9958,0
902297,-8.6051,-7.3916,-6.8291,-68.8100,-40.3200,106.7500,-2.3529,-1.3787,3.6503,0
902336,-12.4852,-5.7543,-0.2202,5.3200,-31.2900,17.7800,0.1819,-1.0700,0.6080,0
902375,-6.9846,-3.4636,-0.4596,-1.1900,-53.8300,-63.7700,-0.0407,-1.8407,-2.1806,0
902414,-3.0615,0.4404,-2.3841,-20.6500,-10.1500,-23.6600,-0.7061,-0.3471,-0.8091,0
902453,0.8665,0.2442,-2.2476,-10.0100,32.7600,-18.2000,-0.3423,1.1202,-0.6223,0
902492,3.4492,-1.6588,-2.2859,-22.4700,8.3300,-27.0200,-0.7684,0.2848,-0.9239,0
902531,1.4482,-1.3213,-3.5115,0.6300,-20.6500,44.5900,0.0215,-0.7061,1.5247,0
902570,-17.0068,-19.1611,-11.2238,-38.1500,-184.1700,266.2800,-1.3045,-6.2977,9.1054,0
902609,-12.4062,-4.9548,-1.6205,128.8000,130.6900,-128.2400,4.4043,4.4689,-4.3851,0
902648,-11.5062,-8.6769,-0.7133,-11.8300,18.4800,-41.6500,-0.4045,0.6319,-1.4242,0
902687,-16.4371,-9.0408,-8.0211,-29.3300,16.3800,-78.0500,-1.0029,0.5601,-2.6689,0
902726,-8.9283,-5.2947,-1.9077,37.3100,43.4700,-103.5300,1.2758,1.4865,-3.5402,0
902765,-6.2737,-0.8833,-1.1250,55.3000,134.8200,-96.1100,1.8910,4.6102,-3.2865,0
902804,-3.5474,-1.2040,1.7258,92.4700,223.9300,-124.1100,3.1620,7.6573,-4.2439,0
902843,2.5803,-1.0843,1.7785,4.8300,-31.3600,-47.3900,0.1652,-1.0724,-1.6205,0
902882,4.4594,1.6684,0.0910,-14.1400,-129.4300,21.4200,-0.4835,-4.4258,0.7325,0
902921,-9.5530,-16.4228,-4.5527,14.2100,-201.1800,203.3500,0.4859,-6.8793,6.9535,0
902960,-19.3454,-18.1965,-9.8403,-138.8100,-17.5000,176.1900,-4.7466,-0.5984,6.0248,0
902999,-11.8174,-9.2730,-5.1152,-78.8200,-80.3600,41.5800,-2.6952,-2.7479,1.4218,0
903038,-11.2956,-6.2833,-2.6761,-20.1600,-29.9600,23.3800,-0.6894,-1.0245,0.7995,0
903077,-9.4214,-4.3612,-1.2543,-23.1000,-25.4100,-38.9900,-0.7899,-0.8689,-1.3333,0
903116,-4.0405,-1.1322,-1.7474,-10.0100,4.6200,-33.5300,-0.3423,0.1580,-1.1466,0
903155,-0.0742,-0.5505,-1.1705,-3.5000,41.6500,-49.7000,-0.1197,1.4242,-1.6995,0
903194,1.7617,-0.5577,-1.7115,96.1100,45.8500,-93.4500,3.2865,1.5678,-3.1955,0
903233,-1.1968,-1.7306,-6.6735,185.4300,-109.1300,25.0600,6.3408,-3.7317,0.8569,0
903272,-13.8209,-16.4922,-3.4684,-145.5300,-230.7200,303.8000,-4.9764,-7.8894,10.3884,0
903311,-15.0632,-4.0835,-2.9346,116.2000,150.0100,-103.1100,3.9734,5.1296,-3.5258,0
903350,-12.3081,-6.8937,0.7181,-64.1200,79.5900,-36.6800,-2.1926,2.7216,-1.2543,0
903389,-17.8829,-7.7961,-4.9644,-48.4400,27.7200,-52.5000,-1.6564,0.9479,-1.7952,0
903428,-9.1748,-6.3192,-1.0652,6.7200,36.9600,-82.1100,0.2298,1.2638,-2.8077,0
903467,-5.3594,-5.6083,-3.9471,111.3000,104.9300,-183.8200,3.8059,3.5881,-6.2857,0
903506,-1.5367,-1.0053,2.8125,86.8700,326.7600,-83.5800,2.9705,11.1735,-2.8580,0
903545,2.0657,1.2782,1.7665,-65.5200,153.8600,-89.1100,-2.2404,5.2612,-3.0471,0
903584,5.4120,-1.0341,0.7684,-16.3800,-70.0000,57.2600,-0.5601,-2.3936,1.9580,0
903623,-5.4168,-13.1650,-3.7101,-41.5800,-271.8100,458.5000,-1.4218,-9.2945,15.6783,0
903662,-9.6655,-6.4341,-6.6926,-2.7300,-17.8500,-25.9700,-0.0934,-0.6104,-0.8880,0
903701,-13.0406,-5.1415,-4.1649,-13.9300,-77.3500,46.9000,-0.4763,-2.6450,1.6037,0
903740,-12.7150,-5.3163,-0.2944,43.1200,-5.1800,-10.2200,1.4745,-0.1771,-0.3495,0
903779,-9.0121,-1.9221,-1.6803,3.4300,-13.2300,-38.5000,0.1173,-0.4524,-1.3165,0
903818,-4.2679,-1.0867,0.6104,56.0000,33.3900,-60.7600,1.9149,1.1418,-2.0777,0
903857,-0.2226,-3.0064,-1.1466,-2.4500,32.2000,-52.2900,-0.0838,1.1011,-1.7880,0
903896,1.0963,-0.3399,-2.2189,57.7500,14.2800,-68.7400,1.9748,0.4883,-2.3506,0
903935,2.5780,-1.5487,-0.8641,195.5800,2.2400,-65.7300,6.6878,0.0766,-2.2476,0
903974,-4.2774,-12.0520,-2.9226,28.2100,-41.7900,149.5200,0.9646,-1.4290,5.1128,0
904013,-27.8835,-17.2222,-9.6871,-153.5100,-206.9200,346.2900,-5.2493,-7.0756,11.8413,0
904052,-6.7549,-5.2301,4.7562,75.1100,101.2900,-56.9800,2.5684,3.4636,-1.9484,0
904091,-13.5193,-4.6604,-6.8291,-15.7500,77.6300,-90.0200,-0.5386,2.6545,-3.0782,0
904130,-10.2567,-5.2660,-3.0351,3.8500,52.4300,36.7500,0.1317,1.7928,1.2567,0
904169,-6.0918,-4.9500,-2.5612,149.0300,92.8900,-116.6900,5.0961,3.1764,-3.9902,0
904208,-7.6620,-0.6056,1.5391,106.4700,356.0900,-271.4600,3.6407,12.1764,-9.2825,0
904247,1.2686,-0.4979,6.2235,9.5200,165.1300,47.1100,0.3255,5.6466,1.6109,0
904286,3.3679,0.7684,3.5546,-90.9300,-31.5000,173.5300,-3.1093,-1.0771,5.9338,0
904325,-13.8448,-11.6881,-4.7179,-151.9000,-271.8800,265.3000,-5.1942,-9.2969,9.0719,0
904364,-22.1340,-10.9509,-12.3320,-169.3300,-243.3900,230.4400,-5.7902,-8.3227,7.8799,0
904403,-7.5328,-2.1160,-5.3833,59.7100,-0.1400,-40.8800,2.0418,-0.0048,-1.3979,0
904442,-13.8735,-3.0782,-2.4415,75.5300,9.5900,24.5700,2.5827,0.3279,0.8402,0
904481,-10.8025,-3.2171,-1.1106,82.8100,27.5800,-36.1200,2.8317,0.9431,-1.2351,0
904520,-5.7759,-0.3567,0.3495,79.0300,107.3100,-16.3100,2.7024,3.6695,-0.5577,0
904559,-2.3745,-4.1865,-0.1771,35.0700,114.8700,-32.7600,1.1992,3.9280,-1.1202,0
904598,-2.6881,-0.1652,-2.9442,-15.1200,81.3400,-22.6800,-0.5170,2.7814,-0.7755,0
904637,-6.7932,-7.3198,-2.8748,30.1700,-19.1800,16.8700,1.0317,-0.6559,0.5769,0
904676,-12.6504,-6.7285,-16.0757,-175.3500,-257.9500,167.7900,-5.9961,-8.8206,5.7376,0
904715,-6.3671,-5.1894,-2.6450,122.0800,74.9000,-18.9700,4.1745,2.5612,-0.6487,0
904754,-10.9533,-3.9734,-6.6112,107.8000,123.7600,-43.6800,3.6862,4.2320,-1.4936,0
904793,-9.1341,-0.2944,-3.5713,29.7500,70.7700,42.2100,1.0173,2.4200,1.4434,0
904832,-11.2669,-6.6615,-0.0048,82.3900,25.3400,85.4000,2.8173,0.8665,2.9202,0
904871,-4.4354,-1.8359,-2.4343,335.9300,157.2200,-189.4900,11.4871,5.3761,-6.4796,0
904910,-1.4338,-0.2250,-3.5713,11.9700,52.8500,126.9800,0.4093,1.8072,4.3421,0
904949,-7.8033,-5.9051,-3.2434,80.6400,-147.9100,214.6900,2.7575,-5.0578,7.3413,0
904988,-14.3451,-3.5402,0.6559,191.1000,44.6600,80.5000,6.5346,1.5271,2.7527,0
905027,-14.9411,-5.7184,-1.9293,103.1800,-9.1700,26.1100,3.5282,-0.3136,0.8928,0
905066,-14.6993,-6.4844,-0.2489,92.8200,-7.0000,-0.0700,3.1740,-0.2394,-0.0024,0
905105,-10.9294,-4.9022,0.3997,66.9900,4.2700,-52.1500,2.2907,0.1460,-1.7833,0
905144,-7.4682,-3.1189,2.0107,59.7100,32.3400,-63.0700,2.0418,1.1059,-2.1567,0
905183,-4.4857,-3.9615,3.4397,34.7900,57.8200,-60.4800,1.1896,1.9771,-2.0681,0
905222,-3.8083,0.1436,-2.8030,-37.3800,22.5400,-14.9800,-1.2782,0.7708,-0.5122,0
905261,-3.8442,-1.5080,-4.5814,5.8100,42.0700,-4.4100,0.1987,1.4386,-0.1508,0
905300,-6.0727,-5.5102,-10.6254,-40.3900,-52.0800,56.3500,-1.3811,-1.7809,1.9269,0
905339,-9.7972,-3.4756,-7.0086,80.1500,2.8000,18.7600,2.7407,0.0957,0.6415,0
905378,-11.2118,-6.3527,-3.5187,84.1400,57.2600,77.7000,2.8772,1.9580,2.6569,0
905417,-11.9227,-3.8011,-3.3726,24.5700,63.0700,-19.3900,0.8402,2.1567,-0.6630,0
905456,-10.1754,-3.1859,-4.5742,19.5300,49.4200,-34.0200,0.6678,1.6899,-1.1633,0
905495,-9.5099,-3.9615,-5.1703,48.2300,43.6100,-41.5800,1.6492,1.4912,-1.4218,0
905534,-6.8267,-4.1003,-4.7873,110.2500,69.3000,-49.3500,3.7700,2.3697,-1.6875,0
905573,-5.7926,-2.4080,-0.9239,181.3700,145.0400,-19.3200,6.2019,4.9596,-0.6606,0
905612,-4.1721,-0.6176,-1.2351,98.9100,142.1700,44.5900,3.3822,4.8615,1.5247,0
905651,-0.3926,0.1340,-0.5146,96.2500,109.3400,31.8500,3.2913,3.7389,1.0891,0
905690,3.8633,-1.4745,-0.7947,159.8800,80.4300,6.7200,5.4671,2.7503,0.2298,0
905729,-3.7772,-6.6974,-0.5434,158.4800,73.2900,189.9100,5.4192,2.5061,6.4939,0
905768,-31.3974,-19.8433,-16.9996,-439.1100,-242.6900,416.2900,-15.0153,-8.2987,14.2350,0
905807,-11.7241,-4.9094,-6.0296,112.4200,48.5800,-1.8200,3.8442,1.6612,-0.0622,0
905846,-13.7323,-6.3192,-5.6849,81.2000,-73.4300,17.2200,2.7766,-2.5109,0.5888,0
905885,-10.5512,-4.4570,-2.0729,50.4700,12.1100,4.5500,1.7258,0.4141,0.1556,0
905924,-7.0804,-1.1059,0.7396,127.1200,55.1600,-32.6200,4.3469,1.8862,-1.1154,0
905963,-3.9040,-0.1293,1.1729,75.2500,95.0600,-11.4800,2.5732,3.2506,-0.3926,0
906002,-1.6708,-1.4027,1.4697,139.0200,117.0400,-90.5800,4.7538,4.0022,-3.0974,0
906041,0.4811,0.1939,-0.4045,52.0800,84.9800,-46.8300,1.7809,2.9059,-1.6013,0
906080,-1.3285,-3.4756,-3.1620,25.6900,38.2200,66.1500,0.8785,1.3069,2.2620,0
906119,-11.3578,-4.3133,-13.6820,-333.9000,-276.7800,326.7600,-11.4177,-9.4645,11.1735,0
906158,-15.2092,-2.2859,-7.6022,218.8200,70.7700,-59.2200,7.4825,2.4200,-2.0250,0
906197,-8.3514,-3.8968,-1.0221,219.1700,140.5600,-1.6800,7.4945,4.8064,-0.0574,0
906236,-16.9853,-2.9777,-1.8934,30.9400,25.4100,76.7900,1.0580,0.8689,2.6258,0
906275,-17.4066,-4.4953,-2.3625,92.2600,193.8300,-59.0100,3.1548,6.6280,-2.0178,0
906314,-10.9461,-5.4001,-0.0886,108.0800,111.3700,-126.2100,3.6958,3.8083,-4.3157,0
906353,-6.1756,0.1412,-1.2997,188.4400,93.0300,-279.5800,6.4437,3.1811,-9.5602,0
906392,-3.1931,1.4865,-3.9160,86.3100,230.0900,-66.4300,2.9514,7.8679,-2.2716,0
906431,1.6109,-6.6280,8.9402,-142.8000,271.8800,303.2400,-4.8830,9.2969,10.3692,0
906470,4.9309,-0.0144,0.0239,105.9800,-27.0200,46.6900,3.6240,-0.9239,1.5966,0
906509,-8.5285,-3.0902,-5.0003,-5.6000,-147.0000,186.2700,-0.1915,-5.0266,6.3695,0
906548,-25.9662,-12.6671,-16.6358,-362.7400,-320.2500,332.7800,-12.4038,-10.9509,11.3794,0
906587,-11.6331,-3.7173,-4.8854,136.7100,-62.1600,-90.3000,4.6748,-2.1256,-3.0878,0
906626,-13.0525,-1.4242,-3.7197,183.4700,-179.0600,-100.8000,6.2737,-6.1229,-3.4468,0
906665,-12.2818,-4.0453,-1.2399,72.3100,-17.2900,-6.3700,2.4726,-0.5912,-0.2178,0
906704,-7.9038,-0.9622,1.1968,95.4100,40.5300,-52.0800,3.2625,1.3859,-1.7809,0
906743,-2.8676,-1.1202,0.5242,107.3800,89.7400,-112.0700,3.6718,3.0686,-3.8322,0
906782,0.6415,-2.4511,0.5290,90.5100,31.0100,-124.6000,3.0950,1.0604,-4.2607,0
906821,0.3447,-3.3415,-4.5288,149.1700,-96.2500,-40.0400,5.1008,-3.2913,-1.3692,0
906860,-9.3184,-5.3498,-3.9663,-7.8400,-118.7900,139.5800,-0.2681,-4.0620,4.7729,0
906899,-23.8095,-7.4897,-14.8837,-184.5200,-214.9000,301.0700,-6.3096,-7.3485,10.2950,0
906938,-8.8589,-2.0346,2.3170,130.4800,150.8500,-70.9100,4.4617,5.1583,-2.4248,0
906977,-15.1829,-5.1200,-1.9269,41.7900,146.8600,-69.9300,1.4290,5.0219,-2.3912,0
907016,-13.6366,-1.4027,-1.8120,-60.1300,18.2000,29.6100,-2.0561,0.6223,1.0125,0
907055,-11.7935,-4.0405,-1.2519,78.4700,105.4200,-125.6500,2.6833,3.6048,-4.2966,0
907094,-9.2754,-3.1093,-1.5008,87.5700,216.1600,-170.6600,2.9944,7.3916,-5.8357,0
907133,-5.8884,-2.0083,0.0263,25.2000,202.2300,-38.0800,0.8617,6.9152,-1.3021,0
907172,-1.7785,-3.5522,0.5457,80.0100,91.0700,-72.5200,2.7359,3.1141,-2.4798,0
907211,3.2242,1.3500,-0.2920,50.6100,165.9700,50.9600,1.7306,5.6753,1.7426,0
907250,2.4966,4.4211,-0.3375,-187.5300,47.3200,220.9900,-6.4126,1.6181,7.5567,0
907289,-33.9969,-3.4421,-9.6392,-512.4700,-431.0600,437.9900,-17.5238,-14.7400,14.9770,0
907328,-12.7126,-0.5290,-7.4753,189.2800,10.9200,-15.1200,6.4724,0.3734,-0.5170,0
907367,-13.8065,-2.5373,-1.6995,71.3300,-162.6800,-79.7300,2.4391,-5.5628,-2.7264,0
907406,-14.0818,-5.3665,-2.3817,37.6600,-99.1200,0.0000,1.2878,-3.3894,0.0000,0
907445,-9.0575,0.4380,0.5960,84.7000,8.7500,-109.0600,2.8963,0.2992,-3.7293,0
907484,-6.3814,-0.4596,0.2561,84.9800,60.3400,-39.5500,2.9059,2.0633,-1.3524,0
907523,-3.1692,-1.4075,0.4500,72.3100,78.8900,-71.4700,2.4726,2.6976,-2.4439,0
907562,-0.2633,-2.3984,-2.0944,115.0800,64.1200,-129.1500,3.9351,2.1926,-4.4163,0
907601,0.7229,-3.4468,-2.4822,192.0100,11.7600,-95.8300,6.5658,0.4021,-3.2769,0
907640,-10.7714,-2.6833,-4.9788,-79.9400,-239.7500,327.3900,-2.7335,-8.1982,11.1951,0
907679,-22.0765,-10.9581,-6.3527,48.0900,-30.9400,50.5400,1.6444,-1.0580,1.7282,0
907718,-11.9155,-6.9033,-2.1112,9.2400,32.2700,33.8100,0.3160,1.1035,1.1561,0
907757,-18.5962,-2.6809,-2.5636,-57.1900,9.5200,-27.4400,-1.9556,0.3255,-0.9383,0
907796,-13.4642,-3.9328,-0.0670,-0.1400,97.5100,-55.5800,-0.0048,3.3343,-1.9006,0
907835,-10.2208,-3.4205,-0.9287,-10.8500,113.5400,-143.8500,-0.3710,3.8825,-4.9189,0
907874,-8.3155,-0.2777,-2.3482,67.8300,229.1100,-224.2800,2.3194,7.8344,-7.6692,0
907913,-4.7346,-6.0775,-2.2548,121.4500,138.7400,-75.3900,4.1530,4.7442,-2.5780,0
907952,-3.0303,2.4200,-4.9764,-96.7400,348.9500,-25.1300,-3.3080,11.9323,-0.8593,0
907991,8.0163,1.8455,13.8807,-122.2200,297.5000,143.1500,-4.1793,10.1730,4.8950,0
908030,0.5434,0.9934,-0.6271,20.1600,-129.3600,85.9600,0.6894,-4.4234,2.9394,0
908069,-39.1671,-6.3767,-14.2469,-268.8700,-867.6500,243.3200,-9.1940,-29.6692,8.3203,0
908108,-10.5177,-3.2290,5.5891,241.0800,-93.1000,-157.2200,8.2437,-3.1835,-5.3761,0
908147,-16.0470,-1.5032,-8.7679,-40.0400,-353.5000,29.6800,-1.3692,-12.0879,1.0149,0
908186,-10.6924,-1.2997,3.6718,24.7800,50.8900,-74.3400,0.8473,1.7402,-2.5420,0
908225,-7.7602,-0.2418,-0.3926,-80.4300,-15.4700,-6.5100,-2.7503,-0.5290,-0.2226,0
908264,-3.3990,-2.0920,-0.6894,11.2000,64.1900,-78.1200,0.3830,2.1950,-2.6713,0
908303,-2.4224,-1.5176,-0.1340,78.5400,-7.6300,-244.4400,2.6857,-0.2609,-8.3586,0
908342,-1.2064,-0.1269,-3.6024,122.0100,-88.5500,-164.7800,4.1721,-3.0280,-5.6346,0
908381,-3.0375,-0.1364,-2.1782,41.8600,-55.5800,45.9200,1.4314,-1.9006,1.5702,0
908420,-14.0052,-8.6243,5.2780,-74.2000,55.0200,419.7900,-2.5373,1.8814,14.3547,0
908459,-22.2369,-10.1802,-6.7979,-112.0700,-39.3400,131.7400,-3.8322,-1.3452,4.5048,0
908498,-11.7456,-4.2367,3.1022,-50.7500,84.2100,6.1600,-1.7354,2.8795,0.2106,0
908537,-16.0087,-1.0125,1.3261,-55.7200,98.3500,-45.9900,-1.9053,3.3631,-1.5726,0
908576,-11.7791,-2.4487,3.2649,-45.2200,143.9200,-70.6300,-1.5463,4.9213,-2.4152,0
908615,-11.9323,-1.3045,-4.8423,-48.5100,185.7800,-174.7200,-1.6588,6.3527,-5.9745,0
908654,-6.5969,-1.8646,1.8120,122.2200,451.7100,-201.6000,4.1793,15.4462,-6.8937,0
908693,-1.0532,-1.0963,0.8737,71.9600,262.7800,-81.9700,2.4607,8.9857,-2.8030,0
908732,3.3870,-1.7665,1.8263,36.1900,38.2900,-91.7000,1.2375,1.3093,-3.1357,0
908771,4.1554,1.7761,2.4607,71.1200,-86.1000,-162.1900,2.4319,-2.9442,-5.5461,0
908810,-5.3689,-3.1644,-5.8453,-15.7500,-211.8900,123.9000,-0.5386,-7.2455,4.2367,0
908849,-40.2108,-22.8760,-32.3979,-517.9300,-801.5000,667.6600,-17.7105,-27.4072,22.8305,0
908888,-11.0443,-9.5865,2.1902,169.9600,-251.7200,-44.3800,5.8118,-8.6075,-1.5176,0
908927,-17.7345,-1.8024,-7.8583,-17.5000,-301.0700,69.7200,-0.5984,-10.2950,2.3841,0
908966,-9.0695,-0.2896,2.5875,-63.9800,-37.5200,-30.1000,-2.1878,-1.2830,-1.0293,0
909005,-5.0889,-0.7875,0.7516,-51.5200,45.1500,-50.4700,-1.7617,1.5439,-1.7258,0
909044,-1.7617,-2.6402,0.6750,31.5000,72.3100,-130.3400,1.0771,2.4726,-4.4570,0
909083,0.3710,-0.7612,-1.3285,71.2600,-40.7400,-227.5700,2.4367,-1.3931,-7.7817,0
909122,-2.6067,-0.3973,-2.2261,95.9000,-128.9400,-136.2900,3.2793,-4.4091,-4.6604,0
909161,-7.7985,-5.7806,0.8785,15.6800,-4.7600,132.6500,0.5362,-0.1628,4.5359,0
909200,-32.2160,-7.9038,-7.7410,-392.4900,-368.8300,641.6900,-13.4211,-12.6121,21.9425,0
909239,-9.3950,3.6862,-1.4410,-32.3400,303.7300,-176.2600,-1.1059,10.3860,-6.0272,0
909278,-16.7339,-7.9828,3.1931,1.4000,62.6500,67.8300,0.0479,2.1423,2.3194,0
909317,-14.5318,-3.0351,4.2343,20.5100,92.4000,-58.2400,0.7013,3.1596,-1.9915,0
909356,-10.6541,-2.4295,0.5864,-83.4400,66.2900,-74.9000,-2.8532,2.2668,-2.5612,0
909395,-9.8211,-2.5157,-0.8856,157.9200,431.8300,-197.9600,5.4001,14.7664,-6.7692,0
909434,-5.1128,2.2237,0.6774,3.5000,387.7300,-156.5900,0.1197,13.2584,-5.3546,0
909473,1.1537,-3.6910,4.6939,122.0800,210.4900,5.1100,4.1745,7.1977,0.1747,0
909512,2.6809,1.8096,2.5732,-42.7700,-31.0800,-47.4600,-1.4625,-1.0628,-1.6229,0
909551,-14.5844,-8.2964,-6.3671,-130.7600,-337.0500,233.0300,-4.4713,-11.5254,7.9684,0
909590,-19.6685,-12.0759,-9.7613,-187.5300,-576.3800,175.2800,-6.4126,-19.7092,5.9937,0
909629,-15.4821,-7.0445,0.9742,-37.0300,-394.5900,-54.6700,-1.2662,-13.4929,-1.8694,0
909668,-16.5903,-1.1729,-9.1437,-103.1100,-528.6400,56.7700,-3.5258,-18.0768,1.9412,0
909707,-9.3352,-3.9639,6.8386,-155.0500,-45.9900,86.7300,-5.3019,-1.5726,2.9657,0
909746,-9.4764,-1.4314,2.5516,-142.9400,-25.6900,5.8800,-4.8878,-0.8785,0.2011,0
909785,-7.5495,0.8426,2.2572,-96.5300,12.9500,-185.3600,-3.3008,0.4428,-6.3384,0
909824,-5.1798,1.2734,1.3668,-153.8600,15.2600,-156.9400,-5.2612,0.5218,-5.3665,0
909863,-4.3349,1.2638,-0.5912,-202.3000,-170.0300,-162.4700,-6.9176,-5.8142,-5.5556,0
909902,-8.7224,-1.7138,0.4237,-125.1600,-202.8600,119.2800,-4.2798,-6.9368,4.0788,0
909941,-25.7484,-12.7030,-9.2395,-306.8800,-598.9200,610.2600,-10.4937,-20.4800,20.8678,0
909980,-12.2746,0.1173,2.6282,-100.8000,156.7300,-7.7700,-3.4468,5.3594,-0.2657,0
910019,-17.2749,-4.7897,-4.5120,-277.2000,-6.5800,193.2700,-9.4788,-0.2250,6.6088,0
910058,-11.9299,-2.4750,3.6910,-94.0100,38.0100,17.1500,-3.2147,1.2997,0.5864,0
910097,-11.4847,-1.6971,-0.7684,-141.0500,-34.1600,-8.3300,-4.8232,-1.1681,-0.2848,0
910136,-11.2166,-1.0508,-2.9968,-210.8400,134.8200,-64.3300,-7.2096,4.6102,-2.1998,0
910175,-6.2929,-1.6157,1.0436,-129.9200,50.6800,-84.0000,-4.4426,1.7330,-2.8724,0
910214,-6.0200,-2.4343,-1.8599,-81.8300,-30.9400,-60.9700,-2.7982,-1.0580,-2.0849,0
910253,-7.2455,-1.8311,0.2920,-80.9200,37.5900,-55.3700,-2.7670,1.2854,-1.8934,0
910292,-7.7841,-2.4990,-2.6689,-109.7600,-77.2100,-51.0300,-3.7532,-2.6402,-1.7450,0
910331,-12.1741,-4.0979,-4.3086,-109.4100,-117.6000,-57.6100,-3.7413,-4.0213,-1.9700,0
910370,-9.0432,-4.1913,-1.9724,-7.7000,-99.0500,-54.1100,-0.2633,-3.3870,-1.8503,0
910409,-8.9642,-5.6370,0.0191,-42.9800,-122.8500,52.9200,-1.4697,-4.2008,1.8096,0
910448,-10.4052,-6.1205,-0.7636,-54.4600,-167.7200,78.4000,-1.8623,-5.7352,2.6809,0
910487,-11.9347,-3.8705,2.5277,-77.7000,-165.2700,54.5300,-2.6569,-5.6514,1.8646,0
910526,-9.4405,-3.7915,3.0830,-61.3900,-54.3200,14.4900,-2.0992,-1.8575,0.4955,0
910565,-9.0551,-2.6545,1.4577,-158.2700,-68.3200,23.1700,-5.4120,-2.3362,0.7923,0
910604,-8.0833,-2.5564,-0.1125,-149.6600,-75.1100,8.2600,-5.1176,-2.5684,0.2824,0
910643,-6.6184,-1.3476,-1.4577,-141.8200,-85.5400,23.3100,-4.8495,-2.9250,0.7971,0
910682,-7.1546,-2.1232,-0.7684,-110.6700,-82.8800,32.9000,-3.7843,-2.8341,1.1250,0
910721,-9.1533,-2.5061,1.6612,-79.8700,-40.8800,22.5400,-2.7311,-1.3979,0.7708,0
910760,-8.3921,-1.9963,1.2088,-32.6200,-8.4000,35.8400,-1.1154,-0.2872,1.2255,0
910799,-10.7115,-2.0992,0.8067,-79.7300,-1.3300,82.1800,-2.7264,-0.0455,2.8101,0
910838,-9.6631,-3.7269,-0.3638,-13.3000,20.7200,69.0900,-0.4548,0.7085,2.3625,0
910877,-10.8767,-5.1703,-2.8173,-24.9200,-21.7700,27.6500,-0.8521,-0.7444,0.9455,0
910916,-10.3932,-3.8059,-2.5827,17.5000,1.6100,-45.6400,0.5984,0.0551,-1.5607,0
910955,-11.6570,-3.1644,-3.5641,-4.5500,35.7000,-18.0600,-0.1556,1.2208,-0.6176,0
910994,-10.6182,-2.4822,-2.3170,-0.1400,46.1300,-21.0000,-0.0048,1.5774,-0.7181,0
911033,-11.4727,-3.2554,-0.7516,10.2900,89.3900,4.1300,0.3519,3.0567,0.1412,0
911072,-11.5780,-3.9112,1.0269,57.1900,80.4300,-34.4400,1.9556,2.7503,-1.1777,0
911111,-10.7020,-2.6976,-0.7851,43.1900,55.5800,-145.1100,1.4769,1.9006,-4.9620,0
911150,-6.9296,0.1412,2.5037,-24.9200,130.3400,-26.7400,-0.8521,4.4570,-0.9144,0
911189,-7.0732,-3.3942,0.0886,-73.7100,60.6900,75.6700,-2.5205,2.0753,2.5875,0
911228,-4.8088,-3.7221,-3.4540,23.3800,33.8800,-17.3600,0.7995,1.1585,-0.5936,0
911267,-2.6569,-0.4548,-0.1676,55.2300,196.0000,14.0000,1.8886,6.7022,0.4787,0
911306,-7.6908,-3.2147,-2.0825,-9.3800,-61.8100,97.4400,-0.3207,-2.1136,3.3319,0
911345,-18.4550,-9.4022,-7.4873,-138.6000,-111.5800,191.6600,-4.7394,-3.8155,6.5538,0
911384,-8.8373,-3.9567,2.4080,142.8700,-355.2500,-48.9300,4.8854,-12.1477,-1.6732,0
911423,-17.1839,-6.6017,-5.7136,5.4600,-255.7100,122.3600,0.1867,-8.7440,4.1841,0
911462,-11.5038,-4.5048,2.4487,0.8400,0.6300,4.2700,0.0287,0.0215,0.1460,0
911501,-8.3586,-1.9939,1.7809,-12.6700,-41.3000,-60.3400,-0.4332,-1.4122,-2.0633,0
911540,-5.9195,-1.3428,1.5343,-7.6300,-9.4500,-71.1900,-0.2609,-0.3231,-2.4343,0
911579,-3.5785,0.0479,0.3830,-88.8300,33.5300,11.7600,-3.0375,1.1466,0.4021,0
911618,-1.5200,-1.2662,-4.2463,61.4600,-58.8000,-87.0100,2.1016,-2.0107,-2.9753,0
911657,-11.3195,-3.5474,1.4218,40.0400,-21.5600,47.6000,1.3692,-0.7372,1.6277,0
911696,-14.7281,-5.6394,-5.3306,-69.3000,-63.7700,206.9900,-2.3697,-2.1806,7.0780,0
911735,-12.4804,-5.3857,2.2644,91.7000,68.5300,-37.1700,3.1357,2.3434,-1.2710,0
911774,-15.3193,-4.6724,-1.3979,-22.2600,81.7600,10.7100,-0.7612,2.7958,0.3662,0
911813,-11.1615,-0.5912,0.6439,-18.4800,116.0600,-54.5300,-0.6319,3.9687,-1.8646,0
911852,-12.8203,-1.9556,0.4021,-20.7900,124.7400,-4.0600,-0.7109,4.2655,-0.1388,0
911891,-12.3632,-2.8939,-0.1747,-7.2800,75.9500,-86.1000,-0.2489,2.5971,-2.9442,0
911930,-9.2251,-1.7450,1.8862,66.9200,304.1500,-208.5300,2.2883,10.4004,-7.1307,0
911969,-5.4575,-1.5535,0.1963,-29.1900,168.5600,-121.6600,-0.9981,5.7639,-4.1601,0
912008,-2.7814,-0.9048,-1.3524,-52.9900,40.6000,-31.8500,-1.8120,1.3883,-1.0891,0
912047,1.5415,-3.0447,0.5434,91.4200,32.2700,-45.8500,3.1261,1.1035,-1.5678,0
912086,-7.0445,-0.0191,-4.5647,-47.1800,-105.7700,103.2500,-1.6133,-3.6168,3.5306,0
912125,-25.3104,-9.0360,-12.7605,-193.6900,-344.6800,347.2000,-6.6232,-11.7863,11.8725,0
912164,-11.0179,-6.7788,-0.9431,6.2300,-53.9000,39.3400,0.2130,-1.8431,1.3452,0
912203,-17.4736,-2.9131,-0.5218,0.7000,-427.7700,76.7200,0.0239,-14.6275,2.6234,0
912242,-11.5086,-5.1966,3.8107,46.1300,-6.4400,4.9000,1.5774,-0.2202,0.1676,0
912281,-7.8583,-0.2824,1.9604,-71.1900,-30.6600,-69.3700,-2.4343,-1.0484,-2.3721,0
912320,-5.1176,-0.5434,0.0551,-31.7100,-0.7000,-71.6800,-1.0843,-0.0239,-2.4511,0
912359,-2.3338,0.0814,-0.8617,-72.8000,46.7600,-52.6400,-2.4894,1.5990,-1.8000,0
912398,-1.1681,-1.9508,-2.5756,79.8700,8.4700,-153.5800,2.7311,0.2896,-5.2516,0
912437,-9.1341,-1.9460,2.3051,55.0200,-83.1600,-30.5900,1.8814,-2.8436,-1.0460,0
912476,-15.4677,-4.1242,-5.6993,-61.2500,-5.2500,341.6000,-2.0944,-0.1795,11.6810,0
912515,-13.4882,-2.8317,-2.6665,-17.4300,70.8400,-122.5000,-0.5960,2.4224,-4.1889,0
912554,-14.6156,-4.6580,2.3529,47.3200,186.5500,31.0100,1.6181,6.3791,1.0604,0
912593,-13.2679,-0.5553,0.5936,-25.8300,102.1300,-6.3000,-0.8833,3.4923,-0.2154,0
912632,-11.9084,-2.9059,2.6952,17.8500,99.8200,-45.6400,0.6104,3.4133,-1.5607,0
912671,-10.7786,-2.4319,-1.8503,-5.1100,241.9200,-141.3300,-0.1747,8.2724,-4.8328,0
912710,-6.0727,-2.0873,-0.7109,4.2700,318.0100,-214.4800,0.1460,10.8743,-7.3341,0
912749,-3.5641,-2.3242,-0.7229,102.9000,154.4900,-171.7800,3.5187,5.2828,-5.8740,0
912788,2.0202,-1.0101,-0.8593,78.4700,179.8300,-91.9800,2.6833,6.1493,-3.1452,0
912827,2.0705,-1.4434,2.9873,105.0700,138.1100,-67.5500,3.5929,4.7227,-2.3099,0
912866,-7.6429,1.3596,-6.0200,-196.5600,-232.6800,319.1300,-6.7213,-7.9565,10.9126,0
912905,-25.7532,-23.1010,-25.3008,-254.4500,-463.6100,-46.9700,-8.7009,-15.8531,-1.6061,0
912944,-12.4110,-1.5367,-1.2830,23.3100,-322.2100,-27.6500,0.7971,-11.0179,-0.9455,0
912983,-12.9496,-4.4594,1.3380,58.1000,-192.9200,-12.3200,1.9867,-6.5969,-0.4213,0
913022,-8.3155,-0.7444,1.9388,-5.7400,-51.9400,-74.0600,-0.1963,-1.7761,-2.5325,0
913061,-5.9099,-1.0819,-0.1819,-79.5900,-27.5100,-51.5200,-2.7216,-0.9407,-1.7617,0
913100,-2.1016,0.3519,-0.3662,-28.5600,52.7100,-88.5500,-0.9766,1.8024,-3.0280,0
913139,-1.7785,-0.8186,-1.6468,-52.5000,19.1100,-21.2100,-1.7952,0.6535,-0.7253,0
913178,-2.3793,-4.5695,-2.6761,93.1700,45.6400,-47.3200,3.1859,1.5607,-1.6181,0
913217,-14.6778,-1.8503,-8.2341,-117.7400,-351.7500,59.2200,-4.0261,-12.0280,2.0250,0
913256,-15.4174,-9.2083,2.9322,54.2500,44.8000,348.1800,1.8551,1.5319,11.9060,0
913295,-13.1004,-0.2106,0.8761,13.4400,91.0000,-75.5300,0.4596,3.1117,-2.5827,0
913334,-15.6712,-0.6295,1.2830,-14.2800,136.5700,-70.4200,-0.4883,4.6700,-2.4080,0
913373,-9.9743,-2.2093,1.0939,3.7800,117.0400,-5.1800,0.1293,4.0022,-0.1771,0
913412,-10.2256,-2.2931,1.1633,37.1000,76.2300,-112.2100,1.2686,2.6067,-3.8370,0
913451,-7.7027,-2.5851,-1.2255,61.1800,269.6400,-254.3800,2.0920,9.2203,-8.6985,0
913490,-4.5599,0.1029,0.7708,53.8300,195.4400,-201.6000,1.8407,6.6830,-6.8937,0
913529,-2.3529,-2.3769,-0.7372,79.9400,155.6100,-138.1100,2.7335,5.3211,-4.7227,0
913568,2.7742,1.0149,1.9053,5.6000,310.1700,23.0300,0.1915,10.6062,0.7875,0
913607,-1.7857,-1.3357,2.2883,-200.2700,88.1300,351.6100,-6.8482,3.0136,12.0233,0
913646,-28.5920,-7.5783,-16.7674,-131.7400,-511.0000,210.4200,-4.5048,-17.4736,7.1953,0
913685,-15.2140,-12.5522,-12.5403,-91.7700,-303.5900,165.3400,-3.1381,-10.3812,5.6538,0
913724,-16.1188,2.3984,-1.2878,15.4700,-548.2400,28.8400,0.5290,-18.7470,0.9862,0
913763,-13.2320,-5.1511,3.6838,57.1900,31.9900,-10.1500,1.9556,1.0939,-0.3471,0
913802,-7.2647,-0.9934,3.3128,-23.8700,-16.3100,-80.1500,-0.8162,-0.5577,-2.7407,0
913841,-3.2577,-1.2543,0.2992,-38.2900,35.1400,-70.7000,-1.3093,1.2016,-2.4176,0
913880,-1.3404,-2.2787,0.2513,8.1200,62.5100,-152.3200,0.2777,2.1375,-5.2086,0
913919,0.2130,-0.6870,-3.8107,107.1700,-56.7700,-201.4600,3.6647,-1.9412,-6.8889,0
913958,-15.6185,-5.4120,4.4402,30.5900,-120.8200,110.3200,1.0460,-4.1314,3.7724,0
913997,-16.2815,-4.4282,-13.4259,-154.2800,-218.7500,357.5600,-5.2756,-7.4801,12.2267,0
914036,-12.6241,-1.9987,-1.7019,2.9400,46.4100,16.5900,0.1005,1.5870,0.5673,0
914075,-17.9092,-5.6442,3.8753,112.6300,255.9200,34.9300,3.8514,8.7511,1.1944,0
914114,-12.9113,-0.3758,-0.1005,-9.1700,94.0100,-17.8500,-0.3136,3.2147,-0.6104,0
914153,-9.7469,-1.7186,2.5133,33.8800,102.4100,-38.0800,1.1585,3.5019,-1.3021,0
914192,-9.8211,-1.5535,-0.6846,-6.7900,137.9000,-97.1600,-0.2322,4.7155,-3.3224,0
914231,-10.5751,-3.1141,-1.2591,128.0300,376.8800,-227.3600,4.3780,12.8874,-7.7745,0
914270,-3.9160,-1.2614,1.7210,69.5800,193.1300,-215.4600,2.3793,6.6041,-7.3676,0
914309,-0.4189,-0.6032,1.7043,-9.2400,160.1600,-76.3700,-0.3160,5.4766,-2.6115,0
914348,3.7604,0.3973,1.9604,-51.9400,110.3200,73.5700,-1.7761,3.7724,2.5157,0
914387,-3.7987,-2.9083,-3.4109,-265.3000,-150.9200,361.0600,-9.0719,-5.1607,12.3464,0
914426,-19.1731,-1.1322,-10.7642,-52.2900,-442.6800,148.9600,-1.7880,-15.1374,5.0937,0
914465,-11.4368,-5.1248,-5.5437,79.0300,-98.9800,60.2000,2.7024,-3.3846,2.0585,0
914504,-14.5294,-6.6208,1.4458,9.3100,-212.4500,142.1700,0.3184,-7.2647,4.8615,0
914543,-10.1251,0.3136,2.4702,63.3500,-161.1400,-87.0100,2.1662,-5.5102,-2.9753,0
914582,-8.8852,-2.4415,0.1125,4.9700,-174.9300,43.4700,0.1699,-5.9817,1.4865,0
914621,-5.4623,-0.7875,1.0412,-55.3000,39.0600,-45.4300,-1.8910,1.3357,-1.5535,0
914660,-1.8144,-0.2609,1.2591,-62.8600,66.6400,-57.2600,-2.1495,2.2787,-1.9580,0
914699,-0.1460,-0.6319,-0.6870,61.2500,-21.2100,-17.4300,2.0944,-0.7253,-0.5960,0
914738,-19.3693,-6.8051,3.1907,61.2500,-272.0200,50.3300,2.0944,-9.3017,1.7210,0
914777,-12.2889,-4.0022,-4.9524,-38.5700,-14.0000,144.2000,-1.3189,-0.4787,4.9309,0
914816,-15.3839,-1.5535,-6.4197,-64.4700,-16.4500,73.9200,-2.2045,-0.5625,2.5277,0
914855,-13.2440,1.3979,0.4141,19.9500,208.1100,-42.4200,0.6822,7.1163,-1.4505,0
914894,-10.8504,-0.5936,-0.3902,67.8300,167.3000,-17.7100,2.3194,5.7208,-0.6056,0
914933,-11.1544,-2.2787,-0.0766,80.7100,97.0900,30.4500,2.7599,3.3200,1.0412,0
914972,-9.9432,-2.4367,-0.7492,119.0700,112.2800,-59.5700,4.0716,3.8394,-2.0370,0
915011,-7.9684,-1.6779,0.5984,207.6900,264.3900,-230.4400,7.1019,9.0408,-7.8799,0
915050,-3.7030,-0.9024,1.7067,157.7800,256.8300,-205.0300,5.3953,8.7823,-7.0110,0
915089,-0.5817,-1.1657,3.4085,173.0400,156.1700,-129.5700,5.9171,5.3402,-4.4306,0
915128,0.3662,-4.9309,-0.6152,52.4300,66.7100,99.6800,1.7928,2.2811,3.4085,0
915167,-19.8217,-1.4888,-5.5820,-324.9400,-211.0500,658.2100,-11.1113,-7.2168,22.5074,0
915206,-12.4254,-1.9436,-7.4299,-3.7100,-45.7100,31.2900,-0.1269,-1.5630,1.0700,0
915245,-15.2978,-5.9530,-4.8280,62.7200,-8.7500,36.7500,2.1447,-0.2992,1.2567,0
915284,-11.3961,-4.6867,-2.2668,103.9500,5.1100,38.6400,3.5546,0.1747,1.3213,0
915323,-10.1658,-3.3535,-0.9096,128.9400,-149.7300,-84.7700,4.4091,-5.1200,-2.8987,0
915362,-8.1001,-2.5995,-0.1676,126.5600,-106.5400,-114.3800,4.3277,-3.6431,-3.9112,0
915401,-5.1487,-2.9538,1.2423,53.6200,-9.2400,-86.2400,1.8335,-0.3160,-2.9490,0
915440,-3.7149,-2.8795,2.8125,24.0800,54.6700,-26.6700,0.8234,1.8694,-0.9120,0
915479,-3.1476,-5.1128,2.6234,-3.9200,95.9000,50.1900,-0.1340,3.2793,1.7162,0
915518,-3.9710,-3.2865,1.1609,2.3100,30.5200,57.7500,0.0790,1.0436,1.9748,0
915557,-17.9020,-4.9333,0.8617,3.0100,-195.0200,81.9700,0.1029,-6.6687,2.8030,0
915596,-7.9828,1.5463,0.0838,85.7500,19.0400,-112.4900,2.9322,0.6511,-3.8466,0
915635,-11.4967,2.2404,-0.9096,-67.6900,97.5100,126.9100,-2.3147,3.3343,4.3397,0
915674,-16.3127,-2.4008,-7.1330,-38.9900,75.4600,33.0400,-1.3333,2.5803,1.1298,0
915713,-9.3017,0.7133,-3.1835,112.8400,106.5400,-68.3900,3.8585,3.6431,-2.3386,0
915752,-11.5421,-2.4559,-2.2165,9.8700,54.1800,56.4200,0.3375,1.8527,1.9293,0
915791,-9.1892,-1.8670,-1.2543,140.2100,80.0800,-93.5200,4.7945,2.7383,-3.1979,0
915830,-8.5214,-3.4492,-2.4487,175.9100,125.0900,-188.1600,6.0152,4.2774,-6.4341,0
915869,-7.6166,-1.2734,0.8019,90.4400,203.6300,-106.0500,3.0926,6.9631,-3.6264,0
915908,-6.8458,-1.6205,2.0394,42.6300,109.5500,99.4000,1.4577,3.7460,3.3990,0
915947,-7.3820,-5.7112,0.7348,41.4400,13.0900,136.0100,1.4170,0.4476,4.6508,0
915986,-6.9751,-2.1399,0.2681,58.8000,17.2900,34.8600,2.0107,0.5912,1.1920,0
916025,-6.1540,-2.9968,-1.2662,187.7400,11.3400,17.9900,6.4197,0.3878,0.6152,0
916064,-3.2793,-3.6431,-5.5963,68.4600,-64.3300,-27.7900,2.3410,-2.1998,-0.9503,0
916103,-21.1167,-8.6554,-5.8931,-90.0900,-131.1800,304.5000,-3.0806,-4.4857,10.4123,0
916142,-14.8956,-5.7543,-3.0998,121.5900,-13.2300,71.6100,4.1578,-0.4524,2.4487,0
916181,-10.5895,-6.5753,1.5104,137.2700,-90.1600,20.1600,4.6939,-3.0830,0.6894,0
916220,-10.0485,-4.6197,0.4213,81.7600,-45.0100,38.5700,2.7958,-1.5391,1.3189,0
916259,-8.7727,-2.4008,1.6971,69.3700,-11.3400,-28.0000,2.3721,-0.3878,-0.9575,0
916298,-6.4604,-0.6319,2.1974,48.8600,19.1100,-45.6400,1.6708,0.6535,-1.5607,0
916337,-3.7365,-1.4170,2.7024,14.7700,47.6000,-56.2100,0.5051,1.6277,-1.9221,0
916376,-1.4865,-1.9125,1.4194,-38.1500,113.0500,-20.5800,-1.3045,3.8657,-0.7037,0
916415,-2.2333,-1.5032,-1.4434,-30.9400,128.9400,13.8600,-1.0580,4.4091,0.4739,0
916454,-16.2193,-3.8753,2.5564,-334.5300,-364.4200,168.9100,-11.4392,-12.4613,5.7759,0
916493,-11.6738,-2.6522,0.0862,283.5000,-36.6100,-43.4700,9.6942,-1.2519,-1.4865,0
916532,-12.4828,-0.8617,-1.2088,14.7700,13.9300,36.5400,0.5051,0.4763,1.2495,0
916571,-16.8417,-2.4367,-4.9979,73.5000,106.9600,-24.1500,2.5133,3.6575,-0.8258,0
916610,-8.6817,3.2673,-2.2021,70.7700,116.9700,-51.3800,2.4200,3.9998,-1.7569,0
916649,-8.9905,-2.2668,0.8617,148.8900,64.1200,-10.1500,5.0913,2.1926,-0.3471,0
916688,-10.6732,-3.9926,-5.2516,235.8300,-14.8400,-307.0200,8.0642,-0.5075,-10.4985,0
916727,-5.4001,-0.3950,-0.9455,141.5400,175.9100,-172.5500,4.8399,6.0152,-5.9003,0
916766,-6.7884,2.0873,-1.2375,59.9200,119.4900,-23.8700,2.0490,4.0859,-0.8162,0
916805,-7.0397,-3.1692,5.5987,129.7800,214.2000,137.7600,4.4378,7.3245,4.7107,0
916844,-8.4543,-6.4269,2.8724,41.2300,152.0400,146.9300,1.4099,5.1990,5.0243,0
916883,-10.5129,-3.0830,-0.1053,-116.2000,-14.3500,37.5200,-3.9734,-0.4907,1.2830,0
916922,-5.4958,-3.1955,-2.9394,-78.4000,-54.8100,-22.0500,-2.6809,-1.8742,-0.7540,0
916961,-8.9785,-1.2351,-6.7261,101.2200,-115.7800,-16.1700,3.4612,-3.9591,-0.5529,0
917000,-14.7879,-5.7208,-7.7674,102.3400,-119.3500,106.4000,3.4995,-4.0812,3.6383,0
917039,-10.3286,-8.5621,-0.0072,152.5300,-11.6900,124.6700,5.2157,-0.3997,4.2631,0
917078,-9.4405,-4.0165,0.6319,77.2100,-81.3400,64.3300,2.6402,-2.7814,2.1998,0
917117,-9.4381,-4.3899,0.0886,65.9400,-69.5800,34.3000,2.2548,-2.3793,1.1729,0
917156,-6.2474,-1.4122,1.1657,56.9100,-11.3400,-57.6100,1.9460,-0.3878,-1.9700,0
917195,-5.4383,-2.1782,1.7354,34.1600,-0.7700,-19.5300,1.1681,-0.0263,-0.6678,0
917234,-5.7160,-0.9575,1.2734,16.5200,16.7300,-17.9900,0.5649,0.5721,-0.6152,0
917273,-7.0947,-3.3990,3.1333,92.5400,7.8400,-28.6300,3.1644,0.2681,-0.9790,0
917312,-10.6589,-3.6479,3.0519,24.5000,22.1900,-64.1200,0.8378,0.7588,-2.1926,0
917351,-11.0155,-0.1987,1.5391,-94.1500,1.6800,160.7200,-3.2194,0.0574,5.4958,0
917390,-11.7791,-5.6035,1.9987,72.0300,105.2100,58.4500,2.4631,3.5976,1.9987,0
917429,-12.5307,-1.8958,-6.8913,-88.6200,-46.7600,58.7300,-3.0303,-1.5990,2.0083,0
917468,-10.6086,-3.3966,-4.1601,51.1000,23.5900,-49.2100,1.7474,0.8067,-1.6827,0
917507,-9.5219,-4.6149,-0.3614,-29.0500,34.9300,41.0200,-0.9934,1.1944,1.4027,0
917546,-10.5464,-1.0747,-0.0527,-74.2700,-96.9500,-74.7600,-2.5397,-3.3152,-2.5564,0
917585,-8.1839,-3.4349,-1.7617,-22.5400,2.7300,-52.1500,-0.7708,0.0934,-1.7833,0
917624,-6.5681,-2.5636,-3.3415,-26.8100,11.3400,-132.1600,-0.9168,0.3878,-4.5192,0
917663,-7.5160,-2.9059,-2.4391,25.4100,9.4500,-172.6900,0.8689,0.3231,-5.9051,0
917702,-8.3466,-2.6474,-2.2787,6.4400,32.6900,-70.3500,0.2202,1.1178,-2.4056,0
917741,-9.5028,-4.5336,0.1699,-49.5600,-11.3400,89.8100,-1.6947,-0.3878,3.0710,0
917780,-10.7139,-3.8992,-3.2410,-33.6700,56.3500,2.5200,-1.1513,1.9269,0.0862,0
917819,-9.2371,-2.8101,0.6654,17.6400,40.2500,-24.6400,0.6032,1.3763,-0.8426,0
917858,-8.7057,-5.3450,1.5678,14.5600,51.5200,-37.0300,0.4979,1.7617,-1.2662,0
917897,-9.2275,-3.5522,-1.4553,-49.4200,133.0000,-24.4300,-1.6899,4.5479,-0.8354,0
917936,-8.3562,-1.5056,-2.9609,1.4700,128.8700,-44.4500,0.0503,4.4067,-1.5200,0
917975,-8.7990,-4.5407,-3.2554,21.4200,71.4000,-22.4000,0.7325,2.4415,-0.7660,0
918014,-9.5530,-3.8418,-5.5939,23.3100,69.0200,62.7900,0.7971,2.3601,2.1471,0
918053,-5.5461,-2.0920,-4.2056,16.0300,-59.1500,55.5800,0.5481,-2.0226,1.9006,0
918092,-4.0644,-5.2397,-1.7210,115.0100,-48.6500,83.8600,3.9328,-1.6636,2.8676,0
918131,-8.7344,-6.1995,-5.1056,-0.4900,-35.2100,115.0100,-0.0168,-1.2040,3.9328,0
918170,-10.5631,-6.6687,-0.6319,55.3700,-142.6600,82.3200,1.8934,-4.8782,2.8149,0
918209,-9.2251,-4.4091,-1.8503,6.5800,-181.7200,51.8700,0.2250,-6.2139,1.7737,0
918248,-9.1700,-3.5952,2.4726,51.5200,-37.0300,-27.1600,1.7617,-1.2662,-0.9287,0
918287,-7.0158,-4.5790,2.1399,-46.2700,-6.4400,43.3300,-1.5822,-0.2202,1.4817,0
918326,-8.2628,-2.9585,0.2489,-72.5200,-17.3600,68.3200,-2.4798,-0.5936,2.3362,0
918365,-8.6626,-2.4702,1.6444,-23.1700,2.8000,8.5400,-0.7923,0.0957,0.2920,0
918404,-8.7176,-1.5654,2.1279,-38.0800,33.7400,-32.1300,-1.3021,1.1537,-1.0987,0
918443,-7.9206,-0.5793,3.6048,-111.5800,48.0200,-14.0700,-3.8155,1.6420,-0.4811,0
918482,-10.4794,-2.2165,1.9006,-192.7800,-30.8700,20.5800,-6.5921,-1.0556,0.7037,0
918521,-11.5302,-2.9394,-1.7761,-161.7000,-55.0900,-39.5500,-5.5293,-1.8838,-1.3524,0
918560,-9.6871,-3.4875,-2.3506,-73.2200,-85.0500,-66.0800,-2.5037,-2.9083,-2.2596,0
918599,-6.8745,-2.6402,0.2968,-8.1200,-23.1000,-89.4600,-0.2777,-0.7899,-3.0591,0
918638,-11.2334,-9.5315,-1.2974,-87.7800,-59.5000,97.6500,-3.0016,-2.0346,3.3391,0
918677,-15.4318,-5.9985,-5.1056,104.8600,-122.9900,81.6200,3.5857,-4.2056,2.7910,0
918716,-10.1873,-3.3343,0.8665,2.2400,-28.6300,1.6100,0.0766,-0.9790,0.0551,0
918755,-10.6445,-3.5713,-0.9096,-44.5200,13.1600,-54.3200,-1.5224,0.4500,-1.8575,0
918794,-7.5448,-0.7708,2.2811,-65.1700,80.9200,-42.0700,-2.2285,2.7670,-1.4386,0
918833,-9.7206,-3.0591,-1.3333,-141.4700,-7.2800,48.8600,-4.8375,-0.2489,1.6708,0
918872,-8.5908,-2.9322,-2.6330,-58.6600,85.4000,-124.6000,-2.0059,2.9202,-4.2607,0
918911,-6.8793,-1.8192,-2.1208,-38.7800,124.2500,-178.7800,-1.3261,4.2487,-6.1134,0
918950,-7.3796,-1.6923,-1.6516,-28.2100,122.6400,-21.5600,-0.9646,4.1937,-0.7372,0
918989,-9.3376,-1.7928,1.2184,-124.9500,18.9700,256.9700,-4.2726,0.6487,8.7871,0
919028,-11.1568,-2.7192,-2.7335,-78.0500,-28.2800,41.8600,-2.6689,-0.9670,1.4314,0
919067,-9.3807,-3.1572,-1.8623,-34.0900,-21.5600,-25.6200,-1.1657,-0.7372,-0.8761,0
919106,-8.4280,-2.9131,-1.8958,-49.2100,-29.1200,-19.8800,-1.6827,-0.9958,-0.6798,0
919145,-8.9139,-2.1806,-2.5995,-32.4800,-4.6200,-1.8900,-1.1106,-0.1580,-0.0646,0
919184,-8.8301,-1.8000,-1.4601,-3.8500,-14.2800,-9.0300,-0.1317,-0.4883,-0.3088,0
919223,-9.1605,-1.5056,-2.7886,-15.8200,-66.0100,1.6100,-0.5410,-2.2572,0.0551,0
919262,-10.2879,-3.1141,-1.0269,0.3500,0.2100,-5.5300,0.0120,0.0072,-0.1891,0
919301,-9.5075,-2.9633,-0.5649,15.6800,-12.3900,-30.4500,0.5362,-0.4237,-1.0412,0
919340,-9.5841,-2.2428,-1.5104,-19.0400,-38.2200,31.0100,-0.6511,-1.3069,1.0604,0
919379,-9.4764,-2.4511,-1.6444,-25.0600,3.1500,-10.7100,-0.8569,0.1077,-0.3662,0
919418,-8.5501,-2.5827,-1.7689,-14.7700,0.5600,-0.0700,-0.5051,0.0191,-0.0024,0
919457,-8.9857,-2.5780,-2.0418,-16.1000,-4.3400,2.7300,-0.5505,-0.1484,0.0934,0
919496,-9.2466,-2.6857,-2.1016,-10.8500,15.1200,13.3000,-0.3710,0.5170,0.4548,0
919535,-9.3926,-2.7048,-1.3069,-1.0500,12.3200,5.8800,-0.0359,0.4213,0.2011,0
