timestamp_ms,waist_x,waist_y,waist_z,waist_gx,waist_gy,waist_gz,thigh_x,thigh_y,thigh_z,event_flag
1307393,-7.4682,-6.0942,0.7492,-2.1000,-24.9200,-5.8800,-0.0718,-0.8521,-0.2011,0
1307432,-7.2551,-6.3264,0.7971,2.1000,-31.5700,-6.5100,0.0718,-1.0795,-0.2226,0
1307471,-7.4203,-6.1110,1.0771,-12.6000,-36.7500,-6.3700,-0.4309,-1.2567,-0.2178,0
1307510,-7.1642,-6.4150,1.1322,-4.2700,-37.5900,-9.5900,-0.1460,-1.2854,-0.3279,0
1307549,-7.1857,-6.4126,1.0987,-9.8000,-29.0500,-20.0900,-0.3351,-0.9934,-0.6870,0
1307588,-6.9128,-6.4126,1.4314,-7.0000,-26.5300,-16.7300,-0.2394,-0.9072,-0.5721,0
1307627,-6.8769,-6.7501,1.7234,-18.5500,-34.3000,-12.0400,-0.6343,-1.1729,-0.4117,0
1307666,-6.9440,-6.6543,1.9915,-26.4600,-32.6900,-11.5500,-0.9048,-1.1178,-0.3950,0
1307705,-6.8195,-6.8003,1.6372,-25.0600,-35.2100,16.0300,-0.8569,-1.2040,0.5481,0
1307744,-6.9416,-6.6806,1.7976,-7.3500,-45.3600,6.8600,-0.2513,-1.5511,0.2346,0
1307783,-6.7549,-6.7788,2.4343,-7.8400,-47.8100,-1.0500,-0.2681,-1.6349,-0.0359,0
1307822,-7.0636,-6.8626,2.5923,-13.9300,-39.7600,-5.1800,-0.4763,-1.3596,-0.1771,0
1307861,-6.6878,-6.8937,2.6162,-8.4000,-35.1400,-0.4900,-0.2872,-1.2016,-0.0168,0
1307900,-6.5490,-6.7525,2.6593,-3.0800,-30.2400,0.9800,-0.1053,-1.0341,0.0335,0
1307939,-6.5777,-6.9631,2.8197,-4.4100,-23.6600,0.8400,-0.1508,-0.8091,0.0287,0
1307978,-6.8458,-6.9799,2.2764,10.4300,-13.7900,-3.6400,0.3567,-0.4715,-0.1245,0
1308017,-6.2642,-6.6160,3.3056,35.3500,-3.7800,-22.7500,1.2088,-0.1293,-0.7779,0
1308056,-6.5346,-6.8195,3.0734,20.3700,-5.8100,-16.2400,0.6965,-0.1987,-0.5553,0
1308095,-6.3647,-6.8985,3.2889,15.4000,-3.9900,-18.1300,0.5266,-0.1364,-0.6200,0
1308134,-6.1158,-6.9368,3.2769,0.5600,-4.4100,-10.5000,0.0191,-0.1508,-0.3590,0
1308173,-6.0128,-6.9703,2.8963,-4.2700,4.0600,-1.8900,-0.1460,0.1388,-0.0646,0
1308212,-5.7567,-6.9631,2.7910,0.3500,5.4600,3.0100,0.0120,0.1867,0.1029,0
1308251,-6.2522,-7.0325,3.0734,2.4500,12.2500,0.0700,0.0838,0.4189,0.0024,0
1308290,-6.4724,-6.9224,3.2386,1.0500,7.2800,-2.1700,0.0359,0.2489,-0.0742,0
1308329,-6.4293,-6.9655,3.1596,-3.4300,9.4500,-4.0600,-0.1173,0.3231,-0.1388,0
1308368,-6.1205,-6.8386,2.6522,2.4500,8.7500,1.6100,0.0838,0.2992,0.0551,0
1308407,-6.0224,-6.8386,2.5612,-1.6800,7.2100,-2.6600,-0.0574,0.2465,-0.0910,0
1308446,-6.1876,-7.1546,2.8413,-6.6500,-0.7000,-12.3200,-0.2274,-0.0239,-0.4213,0
1308485,-6.1134,-7.2312,2.8963,-7.4200,-2.1000,-10.8500,-0.2537,-0.0718,-0.3710,0
1308524,-6.2426,-7.2168,2.7575,-0.8400,4.4100,-2.7300,-0.0287,0.1508,-0.0934,0
1308563,-6.0176,-7.0828,2.6186,-0.7000,2.1700,4.9700,-0.0239,0.0742,0.1699,0
1308602,-5.7040,-6.9607,2.4607,4.4100,5.0400,0.3500,0.1508,0.1723,0.0120,0
1308641,-6.2187,-7.1594,2.7407,2.8000,5.6000,-1.3300,0.0957,0.1915,-0.0455,0
1308680,-6.3455,-7.1067,2.9083,3.4300,4.7600,4.6200,0.1173,0.1628,0.1580,0
1308719,-6.1852,-6.9511,2.6952,5.3900,7.7000,3.0100,0.1843,0.2633,0.1029,0
1308758,-6.3791,-7.0756,2.7431,3.1500,5.3200,-0.4900,0.1077,0.1819,-0.0168,0
1308797,-6.2091,-6.8697,2.7551,2.3100,4.4100,0.0700,0.0790,0.1508,0.0024,0
1308836,-6.1493,-7.0182,2.5325,2.1000,6.8600,0.1400,0.0718,0.2346,0.0048,0
1308875,-6.2139,-7.0588,2.6067,2.4500,7.9100,0.7700,0.0838,0.2705,0.0263,0
1308914,-6.2618,-6.9679,2.6162,1.0500,7.2100,3.4300,0.0359,0.2465,0.1173,0
1308953,-6.4126,-6.9511,2.5923,-0.6300,6.5800,0.1400,-0.0215,0.2250,0.0048,0
1308992,-6.2665,-6.9511,2.5971,-0.3500,3.6400,-3.5700,-0.0120,0.1245,-0.1221,0
1309031,-6.3455,-7.0876,2.5636,0.4900,4.1300,-2.2400,0.0168,0.1412,-0.0766,0
1309070,-6.3192,-7.0469,2.5157,-0.0700,2.7300,0.8400,-0.0024,0.0934,0.0287,0
1309109,-6.3048,-7.0182,2.3625,-0.1400,3.7100,-0.2800,-0.0048,0.1269,-0.0096,0
1309148,-6.3479,-7.0253,2.3769,-1.2600,2.4500,0.4900,-0.0431,0.0838,0.0168,0
1309187,-6.2905,-6.9368,2.3936,-0.0700,1.0500,-1.5400,-0.0024,0.0359,-0.0527,0
1309226,-6.4054,-7.0971,2.5085,-0.3500,0.4200,-2.3100,-0.0120,0.0144,-0.0790,0
1309265,-6.3168,-7.0469,2.4463,0.0000,1.5400,0.0000,0.0000,0.0527,0.0000,0
1309304,-6.2474,-6.9966,2.3577,0.7700,0.5600,0.2800,0.0263,0.0191,0.0096,0
1309343,-6.3479,-7.0517,2.3697,-1.0500,-0.2800,-0.8400,-0.0359,-0.0096,-0.0287,0
1309382,-6.3312,-7.0229,2.3601,-1.6800,-3.4300,-1.8200,-0.0574,-0.1173,-0.0622,0
1309421,-6.2953,-7.1761,2.2931,-3.1500,-6.5800,-2.0300,-0.1077,-0.2250,-0.0694,0
1309460,-6.3288,-7.0971,2.3458,-6.7900,-11.2700,-2.8000,-0.2322,-0.3854,-0.0957,0
1309499,-6.2211,-7.0852,2.5157,0.7700,-9.8700,-1.1200,0.0263,-0.3375,-0.0383,0
1309538,-5.9602,-7.0062,2.4726,5.5300,-6.3000,3.0100,0.1891,-0.2154,0.1029,0
1309577,-6.1373,-6.9822,2.2931,8.8200,-8.8900,4.8300,0.3016,-0.3040,0.1652,0
1309616,-6.5418,-7.2073,2.9466,4.4100,-5.6700,-3.9200,0.1508,-0.1939,-0.1340,0
1309655,-6.3240,-7.0253,3.0854,3.2900,-5.9500,4.2000,0.1125,-0.2035,0.1436,0
1309694,-6.2546,-6.9799,2.7479,1.7500,4.4800,0.9800,0.0598,0.1532,0.0335,0
1309733,-6.3192,-7.0517,2.6665,-0.7000,4.6200,-0.9100,-0.0239,0.1580,-0.0311,0
1309772,-6.2259,-7.0205,2.6833,-0.6300,1.1200,0.6300,-0.0215,0.0383,0.0215,0
1309811,-6.1445,-7.0086,2.6162,-0.4200,2.9400,-0.7700,-0.0144,0.1005,-0.0263,0
1309850,-6.3025,-7.0469,2.6641,-1.1900,4.1300,-0.9100,-0.0407,0.1412,-0.0311,0
1309889,-6.1995,-7.0493,2.5205,-2.0300,2.8000,0.1400,-0.0694,0.0957,0.0048,0
1309928,-6.1708,-7.0517,2.4870,-0.2100,1.4700,-0.8400,-0.0072,0.0503,-0.0287,0
1309967,-6.2211,-7.0469,2.5540,-0.0700,1.5400,-0.0700,-0.0024,0.0527,-0.0024,0
1310006,-6.2546,-7.0541,2.5756,0.4900,2.3100,-0.3500,0.0168,0.0790,-0.0120,0
1310045,-6.2905,-7.0517,2.5995,0.5600,2.5200,-0.2100,0.0191,0.0862,-0.0072,0
1310084,-6.2761,-7.0349,2.5420,-0.4900,2.7300,0.4900,-0.0168,0.0934,0.0168,0
1310123,-6.2330,-7.0301,2.4583,-0.3500,2.3800,0.4200,-0.0120,0.0814,0.0144,0
1310162,-6.2713,-7.0565,2.4726,0.3500,1.5400,-0.3500,0.0120,0.0527,-0.0120,0
1310201,-6.2881,-7.0301,2.5037,0.4200,0.0000,0.0000,0.0144,0.0000,0.0000,0
1310240,-6.2905,-7.0469,2.5468,0.1400,0.4200,-0.2800,0.0048,0.0144,-0.0096,0
1310279,-6.2809,-7.0565,2.5181,0.2800,1.4700,-0.1400,0.0096,0.0503,-0.0048,0
1310318,-6.2594,-7.0517,2.4726,1.0500,1.4700,0.2100,0.0359,0.0503,0.0072,0
1310357,-6.2594,-7.0373,2.4535,1.4700,0.9100,0.7000,0.0503,0.0311,0.0239,0
1310396,-6.2785,-7.0277,2.4774,1.4000,-0.4900,0.2100,0.0479,-0.0168,0.0072,0
1310435,-6.2953,-7.0205,2.5301,0.7000,0.2800,0.0000,0.0239,0.0096,0.0000,0
1310474,-6.3240,-7.0565,2.5205,-0.0700,1.4700,0.0700,-0.0024,0.0503,0.0024,0
1310513,-6.3384,-7.0182,2.4942,0.4200,0.5600,0.8400,0.0144,0.0191,0.0287,0
1310552,-6.3575,-6.9966,2.5325,0.4900,-0.4900,0.3500,0.0168,-0.0168,0.0120,0
1310591,-6.3527,-7.0277,2.5253,-0.8400,0.1400,-0.3500,-0.0287,0.0048,-0.0120,0
1310630,-6.2881,-7.0565,2.4918,-0.5600,0.9800,-0.1400,-0.0191,0.0335,-0.0048,0
1310669,-6.2665,-7.0373,2.4726,1.2600,1.4000,0.0000,0.0431,0.0479,0.0000,0
1310708,-6.2905,-7.0469,2.4607,-1.4700,1.6100,0.1400,-0.0503,0.0551,0.0048,0
1310747,-6.3336,-7.0421,2.4343,-0.2100,3.2200,-0.4900,-0.0072,0.1101,-0.0168,0
1310786,-6.3144,-7.0469,2.3218,0.6300,1.8200,0.5600,0.0215,0.0622,0.0191,0
1310825,-6.3408,-7.0301,2.4128,-0.4200,-1.9600,0.0700,-0.0144,-0.0670,0.0024,0
1310864,-6.3360,-7.0158,2.4583,-0.6300,-2.8700,-0.2100,-0.0215,-0.0981,-0.0072,0
1310903,-6.3455,-7.0421,2.5014,-1.0500,-2.3800,-1.1200,-0.0359,-0.0814,-0.0383,0
1310942,-6.3216,-7.0469,2.4942,-0.2800,-0.3500,-0.4200,-0.0096,-0.0120,-0.0144,0
1310981,-6.2809,-7.0397,2.4152,0.8400,1.1200,0.3500,0.0287,0.0383,0.0120,0
1311020,-6.3120,-7.0301,2.3793,1.5400,0.7700,0.4900,0.0527,0.0263,0.0168,0
1311059,-6.3503,-7.0421,2.4511,1.0500,-0.4900,0.1400,0.0359,-0.0168,0.0048,0
1311098,-6.3408,-7.0541,2.4583,0.2100,-0.9800,-0.2100,0.0072,-0.0335,-0.0072,0
1311137,-6.2809,-7.0373,2.4152,0.5600,-1.4700,0.0700,0.0191,-0.0503,0.0024,0
1311176,-6.2857,-7.0277,2.4439,0.8400,-0.9100,-0.1400,0.0287,-0.0311,-0.0048,0
1311215,-6.3264,-7.0038,2.4535,1.1200,-0.1400,0.1400,0.0383,-0.0048,0.0048,0
1311254,-6.3479,-7.0229,2.4678,0.3500,-0.7700,0.0700,0.0120,-0.0263,0.0024,0
1311293,-6.3647,-7.0493,2.5061,-0.7000,-1.3300,-0.4200,-0.0239,-0.0455,-0.0144,0
1311332,-6.3216,-7.0421,2.4750,-1.1200,-0.7700,-0.4900,-0.0383,-0.0263,-0.0168,0
1311371,-6.2689,-7.0421,2.4248,-0.2800,-0.6300,-0.4200,-0.0096,-0.0215,-0.0144,0
1311410,-6.3001,-7.0493,2.4726,0.2800,0.3500,-0.4900,0.0096,0.0120,-0.0168,0
1311449,-6.3431,-7.0493,2.4846,0.5600,0.9800,-0.3500,0.0191,0.0335,-0.0120,0
1311488,-6.3455,-7.0253,2.4631,0.4900,1.4700,-0.2100,0.0168,0.0503,-0.0072,0
1311527,-6.3264,-7.0325,2.4056,0.3500,1.1200,-0.5600,0.0120,0.0383,-0.0191,0
1311566,-6.2881,-7.0349,2.3841,0.2800,0.0700,-0.5600,0.0096,0.0024,-0.0191,0
1311605,-6.3096,-7.0565,2.4200,-0.0700,-0.2100,-0.7700,-0.0024,-0.0072,-0.0263,0
1311644,-6.2713,-7.0397,2.3984,0.6300,-0.3500,0.4200,0.0215,-0.0120,0.0144,0
1311683,-6.3144,-7.0541,2.4367,0.4200,-0.3500,0.0000,0.0144,-0.0120,0.0000,0
1311722,-6.3001,-7.0229,2.4367,1.4000,-0.4900,0.7000,0.0479,-0.0168,0.0239,0
1311761,-6.3719,-7.0277,2.4774,0.7700,0.2800,-0.1400,0.0263,0.0096,-0.0048,0
1311800,-6.3336,-7.0301,2.4367,0.4900,-0.1400,-0.0700,0.0168,-0.0048,-0.0024,0
1311839,-6.3120,-7.0373,2.4176,0.7000,-0.7700,-0.2800,0.0239,-0.0263,-0.0096,0
1311878,-6.3384,-7.0277,2.4702,0.2800,-0.7700,-0.3500,0.0096,-0.0263,-0.0120,0
1311917,-6.3336,-7.0349,2.4726,0.2800,-0.2800,-0.0700,0.0096,-0.0096,-0.0024,0
1311956,-6.2977,-7.0373,2.4200,0.7000,-0.4200,0.1400,0.0239,-0.0144,0.0048,0
1311995,-6.3144,-7.0397,2.4295,0.7000,-0.7700,0.0700,0.0239,-0.0263,0.0024,0
1312034,-6.3408,-7.0253,2.4894,0.4900,-0.7700,0.1400,0.0168,-0.0263,0.0048,0
1312073,-6.3264,-7.0373,2.5061,0.5600,-0.2800,-0.3500,0.0191,-0.0096,-0.0120,0
1312112,-6.3360,-7.0134,2.4535,0.4200,0.6300,-0.0700,0.0144,0.0215,-0.0024,0
1312151,-6.3096,-7.0229,2.4463,-0.1400,0.1400,-0.8400,-0.0048,0.0048,-0.0287,0
1312190,-6.3360,-7.0445,2.4654,0.0700,0.2800,-0.2800,0.0024,0.0096,-0.0096,0
1312229,-6.3408,-7.0349,2.4774,0.0700,0.4200,-0.2100,0.0024,0.0144,-0.0072,0
1312268,-6.3216,-7.0301,2.4391,0.2100,1.4700,-0.4200,0.0072,0.0503,-0.0144,0
1312307,-6.3168,-7.0397,2.4008,0.3500,1.4700,-0.5600,0.0120,0.0503,-0.0191,0
1312346,-6.2881,-7.0421,2.3721,0.4900,0.4200,-0.4200,0.0168,0.0144,-0.0144,0
1312385,-6.3168,-7.0421,2.4032,0.7000,0.0000,0.0000,0.0239,0.0000,0.0000,0
1312424,-6.3240,-7.0277,2.3960,0.9800,-0.7700,0.4900,0.0335,-0.0263,0.0168,0
1312463,-6.3360,-7.0301,2.4200,1.1200,-1.8900,0.2800,0.0383,-0.0646,0.0096,0
1312502,-6.3240,-7.0182,2.4678,0.8400,-2.3100,0.2100,0.0287,-0.0790,0.0072,0
1312541,-6.3599,-7.0158,2.5085,0.6300,-1.4700,-0.0700,0.0215,-0.0503,-0.0024,0
1312580,-6.3384,-7.0373,2.4511,0.6300,-1.0500,-0.0700,0.0215,-0.0359,-0.0024,0
1312619,-6.3025,-7.0182,2.4343,0.7000,-1.7500,-0.1400,0.0239,-0.0598,-0.0048,0
1312658,-6.3025,-7.0277,2.4654,0.9100,-1.5400,0.0000,0.0311,-0.0527,0.0000,0
1312697,-6.3431,-7.0205,2.5085,1.0500,-0.7000,0.2800,0.0359,-0.0239,0.0096,0
1312736,-6.3360,-6.9918,2.5037,0.7000,-0.4200,0.4900,0.0239,-0.0144,0.0168,0
1312775,-6.3192,-7.0086,2.4846,0.2100,-0.1400,-0.3500,0.0072,-0.0048,-0.0120,0
1312814,-6.3312,-7.0253,2.4966,-0.1400,-0.3500,-0.5600,-0.0048,-0.0120,-0.0191,0
1312853,-6.3025,-7.0349,2.4774,-0.0700,-0.3500,-0.2800,-0.0024,-0.0120,-0.0096,0
1312892,-6.3336,-7.0182,2.5014,0.0000,-0.2100,-0.2800,0.0000,-0.0072,-0.0096,0
1312931,-6.3384,-7.0325,2.5157,-0.4200,0.2100,-0.5600,-0.0144,0.0072,-0.0191,0
1312970,-6.3048,-7.0373,2.4702,-0.1400,0.7000,-0.3500,-0.0048,0.0239,-0.0120,0
1313009,-6.3240,-7.0253,2.4726,-0.2100,1.1200,-0.2800,-0.0072,0.0383,-0.0096,0
1313048,-6.3384,-7.0325,2.4535,-0.2100,1.2600,-0.3500,-0.0072,0.0431,-0.0120,0
1313087,-6.3431,-7.0349,2.4367,-0.2800,0.9800,-0.7700,-0.0096,0.0335,-0.0263,0
1313126,-6.2833,-7.0349,2.4104,-0.1400,0.7000,-0.7000,-0.0048,0.0239,-0.0239,0
1313165,-6.2905,-7.0373,2.3841,0.4900,1.2600,0.0000,0.0168,0.0431,0.0000,0
1313204,-6.3216,-7.0421,2.4080,0.4900,0.1400,0.0700,0.0168,0.0048,0.0024,0
1313243,-6.3527,-7.0397,2.4678,0.0000,-0.4900,-0.4900,0.0000,-0.0168,-0.0168,0
1313282,-6.3001,-7.0541,2.4176,0.0000,-0.4200,-0.4200,0.0000,-0.0144,-0.0144,0
1313321,-6.2809,-7.0445,2.3936,0.5600,0.0000,0.0700,0.0191,0.0000,0.0024,0
1313360,-6.3216,-7.0469,2.4248,0.8400,-0.2800,0.1400,0.0287,-0.0096,0.0048,0
1313399,-6.3455,-7.0301,2.4343,0.8400,-0.3500,0.2100,0.0287,-0.0120,0.0072,0
1313438,-6.3527,-7.0349,2.4391,0.4900,-0.5600,-0.1400,0.0168,-0.0191,-0.0048,0
1313477,-6.3288,-7.0301,2.4248,0.2800,-0.5600,-0.4900,0.0096,-0.0191,-0.0168,0
1313516,-6.2977,-7.0612,2.4319,0.2800,-0.5600,-0.4900,0.0096,-0.0191,-0.0168,0
1313555,-6.3336,-7.0445,2.4391,0.6300,-0.0700,0.2800,0.0215,-0.0024,0.0096,0
1313594,-6.3025,-7.0205,2.4272,0.7700,-0.5600,0.3500,0.0263,-0.0191,0.0120,0
1313633,-6.3120,-7.0205,2.4200,0.7700,-0.3500,-0.0700,0.0263,-0.0120,-0.0024,0
1313672,-6.3312,-7.0301,2.4295,0.5600,-0.5600,0.0000,0.0191,-0.0191,0.0000,0
1313711,-6.3048,-7.0349,2.4319,0.5600,-1.1200,0.0700,0.0191,-0.0383,0.0024,0
1313750,-6.3408,-7.0253,2.4798,0.8400,-1.0500,0.1400,0.0287,-0.0359,0.0048,0
1313789,-6.3336,-7.0325,2.4750,0.5600,-1.1900,0.1400,0.0191,-0.0407,0.0048,0
1313828,-6.3096,-7.0253,2.4463,0.4200,-0.9100,-0.2800,0.0144,-0.0311,-0.0096,0
1313867,-6.3144,-7.0253,2.4583,0.4900,-0.7000,-0.3500,0.0168,-0.0239,-0.0120,0
1313906,-6.3264,-7.0301,2.4750,0.2100,-0.3500,-0.2100,0.0072,-0.0120,-0.0072,0
1313945,-6.3312,-7.0373,2.4846,0.2100,-0.1400,-0.1400,0.0072,-0.0048,-0.0048,0
1313984,-6.3096,-7.0134,2.4654,0.2800,0.0700,-0.2100,0.0096,0.0024,-0.0072,0
1314023,-6.3001,-7.0493,2.4367,0.6300,0.2800,0.0000,0.0215,0.0096,0.0000,0
1314062,-6.3695,-7.0588,2.4750,0.3500,0.2100,0.5600,0.0120,0.0072,0.0191,0
1314101,-6.3312,-6.9990,2.4631,0.3500,-0.9100,0.7700,0.0120,-0.0311,0.0263,0
1314140,-6.3144,-7.0038,2.4583,-0.1400,-0.7000,-0.4200,-0.0048,-0.0239,-0.0144,0
1314179,-6.3336,-7.0253,2.4894,-0.2100,-0.7000,-1.1200,-0.0072,-0.0239,-0.0383,0
1314218,-6.3384,-7.0469,2.4726,-0.2100,-0.1400,-1.0500,-0.0072,-0.0048,-0.0359,0
1314257,-6.3096,-7.0469,2.4439,0.0700,-0.0700,0.1400,0.0024,-0.0024,0.0048,0
1314296,-6.3240,-7.0182,2.4702,-0.0700,-0.2800,-0.2800,-0.0024,-0.0096,-0.0096,0
1314335,-6.2857,-7.0445,2.4415,-0.2100,-0.2100,-1.1200,-0.0072,-0.0072,-0.0383,0
1314374,-6.3025,-7.0588,2.4415,-0.0700,-0.2100,-0.7700,-0.0024,-0.0072,-0.0263,0
1314413,-6.2929,-7.0541,2.4224,0.3500,-0.3500,-0.1400,0.0120,-0.0120,-0.0048,0
1314452,-6.2929,-7.0397,2.4272,0.2100,-0.5600,-0.0700,0.0072,-0.0191,-0.0024,0
1314491,-6.2785,-7.0493,2.4295,0.4900,-0.6300,-0.2100,0.0168,-0.0215,-0.0072,0
1314530,-6.3240,-7.0565,2.4702,0.3500,-0.1400,-0.3500,0.0120,-0.0048,-0.0120,0
1314569,-6.3025,-7.0565,2.4391,0.2100,-0.2100,0.0000,0.0072,-0.0072,0.0000,0
1314608,-6.2665,-7.0445,2.4272,0.7700,-0.6300,0.2100,0.0263,-0.0215,0.0072,0
1314647,-6.3048,-7.0517,2.4654,0.9100,-0.5600,0.1400,0.0311,-0.0191,0.0048,0
1314686,-6.3264,-7.0229,2.4750,0.6300,-0.4900,0.0700,0.0215,-0.0168,0.0024,0
1314725,-6.3001,-7.0325,2.4511,0.4200,-0.0700,-0.1400,0.0144,-0.0024,-0.0048,0
1314764,-6.2833,-7.0469,2.4152,0.7700,0.0700,0.0700,0.0263,0.0024,0.0024,0
1314803,-6.3192,-7.0469,2.4774,0.7700,-0.7000,0.2100,0.0263,-0.0239,0.0072,0
1314842,-6.3431,-7.0229,2.4918,0.6300,-0.7000,0.0700,0.0215,-0.0239,0.0024,0
1314881,-6.3048,-7.0325,2.4654,0.3500,-0.2800,-0.2100,0.0120,-0.0096,-0.0072,0
1314920,-6.3048,-7.0301,2.4559,0.2800,0.0000,-0.2100,0.0096,0.0000,-0.0072,0
1314959,-6.3192,-7.0517,2.4750,0.0700,0.0000,-0.4900,0.0024,0.0000,-0.0168,0
1314998,-6.3168,-7.0493,2.4607,0.3500,0.1400,-0.2100,0.0120,0.0048,-0.0072,0
1315037,-6.3264,-7.0229,2.4583,-0.0700,0.2100,-0.3500,-0.0024,0.0072,-0.0120,0
1315076,-6.2929,-7.0445,2.4391,-0.0700,0.0700,-0.5600,-0.0024,0.0024,-0.0191,0
1315115,-6.3072,-7.0517,2.4439,-0.1400,-0.0700,-0.6300,-0.0048,-0.0024,-0.0215,0
1315154,-6.3001,-7.0493,2.4726,0.0700,-0.2800,-0.3500,0.0024,-0.0096,-0.0120,0
1315193,-6.3096,-7.0421,2.4391,0.4900,0.1400,-0.2800,0.0168,0.0048,-0.0096,0
1315232,-6.3048,-7.0445,2.4391,0.4200,0.0700,-0.4200,0.0144,0.0024,-0.0144,0
1315271,-6.2809,-7.0373,2.4248,-0.2800,0.2100,-0.2800,-0.0096,0.0072,-0.0096,0
1315310,-6.2306,-7.0708,2.3984,0.7000,-0.0700,-0.2100,0.0239,-0.0024,-0.0072,0
1315349,-6.3144,-7.0493,2.4391,1.1900,-0.0700,0.2800,0.0407,-0.0024,0.0096,0
1315388,-6.3479,-7.0301,2.4559,0.6300,0.0700,0.3500,0.0215,0.0024,0.0120,0
1315427,-6.3025,-7.0373,2.4295,0.0700,-0.5600,-0.5600,0.0024,-0.0191,-0.0191,0
1315466,-6.3025,-7.0588,2.4678,0.2800,-0.2800,-1.0500,0.0096,-0.0096,-0.0359,0
1315505,-6.2618,-7.0445,2.4056,1.5400,0.1400,0.2800,0.0527,0.0048,0.0096,0
1315544,-6.2881,-7.0205,2.4272,0.9800,-0.3500,0.0700,0.0335,-0.0120,0.0024,0
1315583,-6.3096,-7.0660,2.4607,0.4200,-0.5600,-0.2800,0.0144,-0.0191,-0.0096,0
1315622,-6.3264,-7.0565,2.4750,0.4900,0.0000,0.2100,0.0168,0.0000,0.0072,0
1315661,-6.3120,-7.0517,2.4511,0.4900,-0.4200,0.2100,0.0168,-0.0144,0.0072,0
1315700,-6.3216,-7.0445,2.4654,0.1400,-0.4900,-0.0700,0.0048,-0.0168,-0.0024,0
1315739,-6.3144,-7.0301,2.4583,0.1400,-1.1200,0.0000,0.0048,-0.0383,0.0000,0
1315778,-6.2833,-7.0397,2.4535,0.4200,-1.4700,-0.0700,0.0144,-0.0503,-0.0024,0
1315817,-6.3264,-7.0565,2.4822,0.2800,-0.2800,0.0000,0.0096,-0.0096,0.0000,0
1315856,-6.3360,-7.0277,2.4678,0.4200,-0.2100,0.5600,0.0144,-0.0072,0.0191,0
1315895,-6.3120,-7.0349,2.4463,-0.2100,-0.7000,-0.2100,-0.0072,-0.0239,-0.0072,0
1315934,-6.3048,-7.0493,2.4583,-0.4900,-1.0500,-0.7000,-0.0168,-0.0359,-0.0239,0
1315973,-6.2665,-7.0636,2.4439,-0.0700,-0.7700,-0.3500,-0.0024,-0.0263,-0.0120,0
1316012,-6.3048,-7.0445,2.4702,0.2800,-0.1400,0.0000,0.0096,-0.0048,0.0000,0
1316051,-6.3001,-7.0325,2.4631,0.2800,0.0700,0.0700,0.0096,0.0024,0.0024,0
1316090,-6.3072,-7.0421,2.4511,0.0700,0.7000,-0.2100,0.0024,0.0239,-0.0072,0
1316129,-6.3192,-7.0517,2.4415,0.0000,0.0000,-0.3500,0.0000,0.0000,-0.0120,0
1316168,-6.2929,-7.0612,2.4343,0.0700,0.2800,-0.2100,0.0024,0.0096,-0.0072,0
1316207,-6.3048,-7.0469,2.4415,0.0700,0.7000,0.0000,0.0024,0.0239,0.0000,0
1316246,-6.3048,-7.0397,2.4295,0.1400,0.4200,-0.1400,0.0048,0.0144,-0.0048,0
1316285,-6.3168,-7.0493,2.4152,0.1400,0.1400,-0.4200,0.0048,0.0048,-0.0144,0
1316324,-6.3001,-7.0421,2.4152,0.1400,0.0000,-0.2100,0.0048,0.0000,-0.0072,0
1316363,-6.2785,-7.0636,2.4104,0.0000,-0.2100,-0.2100,0.0000,-0.0072,-0.0072,0
1316402,-6.3096,-7.0684,2.4439,0.2800,-0.2800,0.0000,0.0096,-0.0096,0.0000,0
1316441,-6.3360,-7.0469,2.4535,0.2800,-0.3500,-0.0700,0.0096,-0.0120,-0.0024,0
1316480,-6.2929,-7.0445,2.4248,0.2100,-0.2800,-0.2800,0.0072,-0.0096,-0.0096,0
1316519,-6.2785,-7.0612,2.4056,0.1400,0.0700,-0.4900,0.0048,0.0024,-0.0168,0
1316558,-6.3120,-7.0636,2.4295,0.3500,-0.1400,0.0700,0.0120,-0.0048,0.0024,0
1316597,-6.3096,-7.0421,2.4152,0.6300,-0.3500,0.0700,0.0215,-0.0120,0.0024,0
1316636,-6.2953,-7.0445,2.4080,0.4900,-0.4900,-0.1400,0.0168,-0.0168,-0.0048,0
1316675,-6.3072,-7.0636,2.4272,0.4900,-0.5600,-0.2800,0.0168,-0.0191,-0.0096,0
1316714,-6.3048,-7.0565,2.4224,0.6300,-0.9100,0.0000,0.0215,-0.0311,0.0000,0
1316753,-6.3072,-7.0541,2.4272,0.9800,-0.9100,0.2800,0.0335,-0.0311,0.0096,0
1316792,-6.3048,-7.0373,2.4391,0.8400,-0.9800,0.0700,0.0287,-0.0335,0.0024,0
1316831,-6.3120,-7.0445,2.4463,0.7700,-0.9100,0.0700,0.0263,-0.0311,0.0024,0
1316870,-6.3048,-7.0517,2.4391,0.9800,-0.9100,0.1400,0.0335,-0.0311,0.0048,0
1316909,-6.3001,-7.0445,2.4559,0.7700,-0.9800,0.1400,0.0263,-0.0335,0.0048,0
1316948,-6.3312,-7.0493,2.4990,0.5600,-0.8400,-0.0700,0.0191,-0.0287,-0.0024,0
1316987,-6.3168,-7.0421,2.4798,0.5600,-0.8400,0.0000,0.0191,-0.0287,0.0000,0
1317026,-6.3072,-7.0445,2.4654,0.7000,-0.4200,-0.1400,0.0239,-0.0144,-0.0048,0
1317065,-6.3096,-7.0277,2.4774,0.4900,0.0000,-0.0700,0.0168,0.0000,-0.0024,0
1317104,-6.2977,-7.0421,2.4726,0.4900,0.0000,-0.1400,0.0168,0.0000,-0.0048,0
1317143,-6.3240,-7.0445,2.4726,0.4200,-0.0700,0.0000,0.0144,-0.0024,0.0000,0
1317182,-6.3025,-7.0445,2.4654,0.5600,-0.4900,0.0700,0.0191,-0.0168,0.0024,0
1317221,-6.3001,-7.0349,2.4822,0.3500,-0.4200,-0.2800,0.0120,-0.0144,-0.0096,0
1317260,-6.3216,-7.0325,2.4798,0.0700,0.0000,-0.4200,0.0024,0.0000,-0.0144,0
1317299,-6.2977,-7.0373,2.4583,0.1400,0.0000,-0.2800,0.0048,0.0000,-0.0096,0
1317338,-6.3001,-7.0469,2.4559,0.3500,-0.4900,-0.2100,0.0120,-0.0168,-0.0072,0
1317377,-6.3072,-7.0325,2.4846,0.1400,-0.5600,-0.2100,0.0048,-0.0191,-0.0072,0
1317416,-6.2905,-7.0253,2.4870,0.2100,-0.3500,-0.2800,0.0072,-0.0120,-0.0096,0
1317455,-6.3001,-7.0397,2.4559,0.3500,0.0700,-0.2100,0.0120,0.0024,-0.0072,0
1317494,-6.3072,-7.0469,2.4654,0.4200,-0.4900,-0.2100,0.0144,-0.0168,-0.0072,0
1317533,-6.3025,-7.0397,2.4678,0.5600,-0.7700,-0.0700,0.0191,-0.0263,-0.0024,0
1317572,-6.3240,-7.0421,2.4966,0.2100,-1.0500,-0.2100,0.0072,-0.0359,-0.0072,0
1317611,-6.2881,-7.0325,2.4750,-0.0700,-0.7700,-0.3500,-0.0024,-0.0263,-0.0120,0
1317650,-6.2689,-7.0469,2.4559,0.1400,0.0000,-0.5600,0.0048,0.0000,-0.0191,0
1317689,-6.2881,-7.0588,2.4631,0.4200,0.6300,0.1400,0.0144,0.0215,0.0048,0
1317728,-6.3288,-7.0469,2.4774,0.7700,0.4200,0.3500,0.0263,0.0144,0.0120,0
1317767,-6.2929,-7.0229,2.4583,0.9100,-0.4200,0.2800,0.0311,-0.0144,0.0096,0
1317806,-6.2953,-7.0158,2.4367,0.7000,-0.9100,-0.1400,0.0239,-0.0311,-0.0048,0
1317845,-6.3216,-7.0182,2.5061,0.4900,-1.6800,-0.2100,0.0168,-0.0574,-0.0072,0
1317884,-6.2929,-7.0541,2.5277,0.4900,-1.4000,-0.3500,0.0168,-0.0479,-0.0120,0
1317923,-6.3025,-7.0469,2.4966,0.5600,0.4900,0.2800,0.0191,0.0168,0.0096,0
1317962,-6.3072,-7.0134,2.4822,0.2800,0.7700,0.2100,0.0096,0.0263,0.0072,0
1318001,-6.3025,-7.0349,2.4678,0.3500,0.4900,-0.4200,0.0120,0.0168,-0.0144,0
1318040,-6.3096,-7.0397,2.4702,0.2100,-0.2800,-0.2100,0.0072,-0.0096,-0.0072,0
1318079,-6.2929,-7.0421,2.4870,0.4900,-0.5600,-0.2100,0.0168,-0.0191,-0.0072,0
1318118,-6.3240,-7.0325,2.4894,0.4900,-0.4900,-0.1400,0.0168,-0.0168,-0.0048,0
1318157,-6.2881,-7.0421,2.4798,0.2800,-0.7000,-0.2100,0.0096,-0.0239,-0.0072,0
1318196,-6.2857,-7.0421,2.4774,0.4200,-0.4900,-0.2100,0.0144,-0.0168,-0.0072,0
1318235,-6.2929,-7.0325,2.4846,0.6300,-0.6300,0.1400,0.0215,-0.0215,0.0048,0
1318274,-6.3025,-7.0349,2.4942,0.6300,-0.4900,-0.1400,0.0215,-0.0168,-0.0048,0
1318313,-6.3025,-7.0349,2.4942,0.4900,-0.2800,-0.0700,0.0168,-0.0096,-0.0024,0
1318352,-6.3072,-7.0469,2.4966,0.9100,-0.8400,0.2100,0.0311,-0.0287,0.0072,0
1318391,-6.3120,-7.0134,2.5133,0.7000,-0.8400,0.1400,0.0239,-0.0287,0.0048,0
1318430,-6.3312,-7.0253,2.5420,0.0700,-0.2800,-0.4200,0.0024,-0.0096,-0.0144,0
1318469,-6.2905,-7.0469,2.5014,-0.3500,0.2800,-0.5600,-0.0120,0.0096,-0.0191,0
1318508,-6.2857,-7.0445,2.4894,0.0000,0.2800,-0.2800,0.0000,0.0096,-0.0096,0
1318547,-6.3001,-7.0253,2.4822,0.0700,-0.0700,-0.2100,0.0024,-0.0024,-0.0072,0
1318586,-6.2809,-7.0349,2.4846,0.0700,-0.1400,-0.3500,0.0024,-0.0048,-0.0120,0
1318625,-6.2857,-7.0445,2.4631,0.2800,0.5600,-0.0700,0.0096,0.0191,-0.0024,0
1318664,-6.2977,-7.0469,2.4726,0.6300,0.2800,0.2100,0.0215,0.0096,0.0072,0
1318703,-6.3431,-7.0277,2.4918,0.5600,-0.0700,0.2100,0.0191,-0.0024,0.0072,0
1318742,-6.3120,-7.0301,2.4990,0.0700,-0.7000,-0.1400,0.0024,-0.0239,-0.0048,0
1318781,-6.2929,-7.0397,2.5037,-0.3500,0.1400,-0.6300,-0.0120,0.0048,-0.0215,0
1318820,-6.3048,-7.0445,2.4870,-0.1400,0.5600,-0.3500,-0.0048,0.0191,-0.0120,0
1318859,-6.3001,-7.0373,2.4654,0.0000,0.6300,-0.2800,0.0000,0.0215,-0.0096,0
1318898,-6.3048,-7.0373,2.4631,0.0000,0.3500,-0.2100,0.0000,0.0120,-0.0072,0
1318937,-6.3001,-7.0421,2.4607,0.0700,0.2100,-0.2100,0.0024,0.0072,-0.0072,0
1318976,-6.3025,-7.0541,2.4607,0.2800,0.1400,-0.2800,0.0096,0.0048,-0.0096,0
1319015,-6.3072,-7.0325,2.4607,0.0700,0.2800,-0.2100,0.0024,0.0096,-0.0072,0
1319054,-6.2833,-7.0565,2.4535,0.1400,0.0700,-0.2100,0.0048,0.0024,-0.0072,0
1319093,-6.3144,-7.0588,2.4535,0.2800,0.2100,-0.1400,0.0096,0.0072,-0.0048,0
1319132,-6.3096,-7.0421,2.4463,0.3500,-0.4200,0.0000,0.0120,-0.0144,0.0000,0
1319171,-6.2905,-7.0349,2.4415,0.5600,-0.4900,-0.1400,0.0191,-0.0168,-0.0048,0
1319210,-6.2953,-7.0493,2.4415,0.7700,-0.4900,0.1400,0.0263,-0.0168,0.0048,0
1319249,-6.3096,-7.0445,2.4535,0.9100,-0.7700,0.2800,0.0311,-0.0263,0.0096,0
1319288,-6.3360,-7.0397,2.4870,0.9100,-1.1900,0.1400,0.0311,-0.0407,0.0048,0
1319327,-6.3001,-7.0182,2.4798,0.7000,-1.5400,0.2100,0.0239,-0.0527,0.0072,0
1319366,-6.2953,-7.0397,2.5061,0.4200,-1.1200,-0.4900,0.0144,-0.0383,-0.0168,0
1319405,-6.2881,-7.0421,2.4774,0.6300,-0.6300,-0.2800,0.0215,-0.0215,-0.0096,0
1319444,-6.2881,-7.0349,2.4702,0.8400,-0.4900,0.1400,0.0287,-0.0168,0.0048,0
1319483,-6.2857,-7.0325,2.4798,0.7700,-0.7700,0.0700,0.0263,-0.0263,0.0024,0
1319522,-6.3048,-7.0325,2.5109,0.7000,-0.8400,-0.0700,0.0239,-0.0287,-0.0024,0
1319561,-6.3025,-7.0301,2.5253,0.9100,-0.6300,0.1400,0.0311,-0.0215,0.0048,0
1319600,-6.3025,-7.0182,2.5085,0.6300,0.2100,0.0000,0.0215,0.0072,0.0000,0
1319639,-6.3096,-7.0182,2.4966,0.6300,-0.0700,0.0000,0.0215,-0.0024,0.0000,0
1319678,-6.3192,-7.0253,2.5205,0.1400,-0.4200,-0.3500,0.0048,-0.0144,-0.0120,0
1319717,-6.2809,-7.0397,2.4846,0.3500,-0.3500,-0.2100,0.0120,-0.0120,-0.0072,0
1319756,-6.3048,-7.0325,2.5014,0.3500,-0.4200,-0.1400,0.0120,-0.0144,-0.0048,0
1319795,-6.2881,-7.0205,2.5133,0.4200,-0.2800,-0.2800,0.0144,-0.0096,-0.0096,0
1319834,-6.2953,-7.0325,2.4750,0.5600,0.3500,0.0000,0.0191,0.0120,0.0000,0
1319873,-6.2977,-7.0229,2.4870,0.7700,-0.4200,0.2100,0.0263,-0.0144,0.0072,0
1319912,-6.3168,-7.0349,2.5109,0.8400,-0.8400,0.0700,0.0287,-0.0287,0.0024,0
1319951,-6.3192,-7.0134,2.5301,0.7700,-1.3300,0.2100,0.0263,-0.0455,0.0072,0
1319990,-6.3025,-7.0158,2.5373,0.7000,-1.1200,-0.2800,0.0239,-0.0383,-0.0096,0
1320029,-6.3025,-7.0253,2.5349,0.3500,-0.4200,-0.3500,0.0120,-0.0144,-0.0120,0
1320068,-6.3072,-7.0229,2.5277,0.2100,-0.1400,-0.2100,0.0072,-0.0048,-0.0072,0
1320107,-6.3120,-7.0397,2.5301,0.0700,0.0000,-0.4900,0.0024,0.0000,-0.0168,0
1320146,-6.2953,-7.0301,2.5014,0.0700,0.0000,-0.3500,0.0024,0.0000,-0.0120,0
1320185,-6.2857,-7.0182,2.4966,0.4200,-0.2800,0.0700,0.0144,-0.0096,0.0024,0
1320224,-6.3048,-7.0277,2.5205,0.4200,-0.1400,-0.2100,0.0144,-0.0048,-0.0072,0
1320263,-6.3096,-7.0277,2.5157,0.3500,-0.1400,-0.1400,0.0120,-0.0048,-0.0048,0
1320302,-6.2953,-7.0253,2.5133,0.2800,-0.6300,-0.1400,0.0096,-0.0215,-0.0048,0
1320341,-6.2977,-7.0325,2.5085,0.5600,-0.4200,0.0700,0.0191,-0.0144,0.0024,0
1320380,-6.3072,-7.0182,2.5301,0.6300,-0.5600,0.0700,0.0215,-0.0191,0.0024,0
1320419,-6.3025,-7.0086,2.5325,0.4200,-0.2800,-0.2800,0.0144,-0.0096,-0.0096,0
1320458,-6.3072,-7.0253,2.5229,0.0700,0.4200,-0.4200,0.0024,0.0144,-0.0144,0
1320497,-6.2665,-7.0445,2.4798,0.1400,-0.2100,-0.2100,0.0048,-0.0072,-0.0072,0
1320536,-6.3048,-7.0397,2.4990,0.7000,-0.6300,0.1400,0.0239,-0.0215,0.0048,0
1320575,-6.2881,-7.0086,2.5349,0.7700,-0.9800,0.2800,0.0263,-0.0335,0.0096,0
1320614,-6.2929,-7.0229,2.5133,0.7700,-0.7000,-0.1400,0.0263,-0.0239,-0.0048,0
1320653,-6.2953,-7.0205,2.5349,0.5600,-0.5600,-0.0700,0.0191,-0.0191,-0.0024,0
1320692,-6.2881,-7.0349,2.5444,0.9100,-0.4200,-0.0700,0.0311,-0.0144,-0.0024,0
1320731,-6.3120,-7.0205,2.5564,0.7700,-0.2800,0.0700,0.0263,-0.0096,0.0024,0
1320770,-6.2881,-7.0086,2.5373,0.4200,-0.2100,0.0700,0.0144,-0.0072,0.0024,0
1320809,-6.2761,-7.0110,2.5277,0.4200,-0.1400,-0.1400,0.0144,-0.0048,-0.0048,0
1320848,-6.3048,-7.0421,2.5397,0.7700,-0.4900,0.0000,0.0263,-0.0168,0.0000,0
1320887,-6.3072,-6.9966,2.5444,1.0500,-0.9800,0.4200,0.0359,-0.0335,0.0144,0
1320926,-6.3384,-6.9966,2.5923,0.2800,-0.7000,-0.2800,0.0096,-0.0239,-0.0096,0
1320965,-6.3001,-7.0349,2.5612,-0.3500,0.0700,-0.6300,-0.0120,0.0024,-0.0215,0
1321004,-6.2905,-7.0134,2.5253,-0.0700,-0.2800,-0.3500,-0.0024,-0.0096,-0.0120,0
1321043,-6.2785,-7.0014,2.5349,-0.0700,-0.3500,-0.3500,-0.0024,-0.0120,-0.0120,0
1321082,-6.2737,-7.0349,2.5253,-0.0700,0.6300,-0.4900,-0.0024,0.0215,-0.0168,0
1321121,-6.3048,-7.0421,2.5397,0.0700,0.4900,-0.2100,0.0024,0.0168,-0.0072,0
1321160,-6.3025,-7.0014,2.5588,0.1400,0.1400,-0.4200,0.0048,0.0048,-0.0144,0
1321199,-6.3479,-6.9966,2.5612,-0.1400,0.8400,-1.4700,-0.0048,0.0287,-0.0503,0
1321238,-6.2857,-7.0277,2.4774,-1.4000,1.3300,-2.7300,-0.0479,0.0455,-0.0934,0
1321277,-6.2713,-7.0421,2.5085,-0.9100,-0.3500,-3.3600,-0.0311,-0.0120,-0.1149,0
1321316,-6.4245,-7.2073,2.7168,-3.5000,2.5900,-6.5800,-0.1197,0.0886,-0.2250,0
1321355,-6.2283,-7.0684,2.4511,-1.4700,2.5200,-4.6200,-0.0503,0.0862,-0.1580,0
1321394,-6.0487,-6.9846,2.3386,-2.2400,3.2900,-5.0400,-0.0766,0.1125,-0.1723,0
1321433,-6.2785,-7.1187,2.4128,-3.6400,0.7000,-8.8900,-0.1245,0.0239,-0.3040,0
1321472,-5.9961,-7.4203,2.2500,-1.2600,-5.1800,-3.7800,-0.0431,-0.1771,-0.1293,0
1321511,-6.1876,-7.2551,2.1016,-3.8500,-3.9900,-7.8400,-0.1317,-0.1364,-0.2681,0
1321550,-6.1181,-7.3868,2.1878,-4.3400,-7.2100,-6.2300,-0.1484,-0.2465,-0.2130,0
1321589,-5.8237,-7.3485,2.0226,4.4100,-10.0100,4.3400,0.1508,-0.3423,0.1484,0
1321628,-6.1708,-7.2886,2.3314,7.4900,-15.6100,3.7800,0.2561,-0.5338,0.1293,0
1321667,-6.3240,-6.9679,3.0591,9.9400,-19.0400,-3.9200,0.3399,-0.6511,-0.1340,0
1321706,-6.2187,-6.9224,2.5923,20.9300,-1.5400,13.2300,0.7157,-0.0527,0.4524,0
1321745,-5.5245,-7.1283,2.1710,25.8300,-33.3900,24.0100,0.8833,-1.1418,0.8210,0
1321784,-6.2043,-7.2743,4.1530,11.6200,-11.5500,-17.6400,0.3973,-0.3950,-0.6032,0
1321823,-6.3814,-7.4682,4.0261,-1.3300,3.0100,-0.8400,-0.0455,0.1029,-0.0287,0
1321862,-6.3408,-6.9966,3.2171,10.6400,35.9100,26.9500,0.3638,1.2279,0.9216,0
1321901,-6.6663,-6.4413,3.3296,12.9500,44.3100,18.2700,0.4428,1.5152,0.6247,0
1321940,-6.8578,-6.6328,3.9064,12.0400,60.9700,13.0200,0.4117,2.0849,0.4452,0
1321979,-8.2485,-6.5538,4.3588,-13.7900,73.2900,7.3500,-0.4715,2.5061,0.2513,0
1322018,-7.5998,-6.1469,5.0602,26.4600,105.7700,6.9300,0.9048,3.6168,0.2370,0
1322057,-7.0565,-7.9995,2.9633,-34.7200,82.5300,48.6500,-1.1872,2.8221,1.6636,0
1322096,-11.0371,-7.0038,-0.6750,-107.5200,65.1000,107.7300,-3.6766,2.2261,3.6838,0
1322135,-10.1897,-7.5807,0.4404,28.2800,74.5500,65.4500,0.9670,2.5492,2.2381,0
1322174,-9.2514,-7.5998,0.9000,10.1500,45.3600,56.6300,0.3471,1.5511,1.9365,0
1322213,-10.5560,-6.1397,-1.1729,-60.9000,12.8100,30.1000,-2.0825,0.4380,1.0293,0
1322252,-8.3323,-5.4144,-0.9958,-82.1100,5.6700,1.4700,-2.8077,0.1939,0.0503,0
1322291,-9.8187,-6.1014,-1.2926,-58.3100,18.4800,17.0800,-1.9939,0.6319,0.5840,0
1322330,-9.2514,-5.1918,-1.3093,-56.6300,35.9800,-2.1000,-1.9365,1.2303,-0.0718,0
1322369,-7.8655,-4.7777,-1.1154,-43.7500,28.5600,-10.7100,-1.4960,0.9766,-0.3662,0
1322408,-6.7333,-4.2128,-1.6085,-59.3600,14.9100,0.4200,-2.0298,0.5098,0.0144,0
1322447,-7.3413,-4.5742,-2.1208,-40.8100,-5.4600,15.8200,-1.3955,-0.1867,0.5410,0
1322486,-7.6405,-4.4785,-1.5319,-39.2700,-10.2200,21.2800,-1.3428,-0.3495,0.7277,0
1322525,-8.4280,-4.8878,-1.8766,-47.4600,-23.8700,25.4800,-1.6229,-0.8162,0.8713,0
1322564,-7.7865,-4.3684,-0.8617,-66.5000,-22.8900,29.2600,-2.2740,-0.7827,1.0005,0
1322603,-7.1450,-3.0256,-1.8766,-53.4100,-27.2300,26.1100,-1.8263,-0.9311,0.8928,0
1322642,-6.7740,-2.4080,-1.3859,-1.5400,-24.1500,32.4800,-0.0527,-0.8258,1.1106,0
1322681,-7.4442,-4.1625,-2.5014,-2.1700,-12.3900,44.2400,-0.0742,-0.4237,1.5128,0
1322720,-7.8799,-2.5277,-2.1519,-25.8300,2.5200,28.2800,-0.8833,0.0862,0.9670,0
1322759,-8.3706,-2.8580,-2.0035,-16.3100,-2.5200,37.0300,-0.5577,-0.0862,1.2662,0
1322798,-8.2628,-2.8748,-1.9221,-12.4600,-15.2600,25.9700,-0.4261,-0.5218,0.8880,0
1322837,-8.6099,-2.2883,-1.6851,-23.6600,-26.3900,0.6300,-0.8091,-0.9024,0.0215,0
1322876,-8.8277,-1.4529,-2.3051,-31.9200,-14.3500,10.4300,-1.0915,-0.4907,0.3567,0
1322915,-8.9043,-2.3434,-2.1878,-9.5900,-13.5100,8.8200,-0.3279,-0.4620,0.3016,0
1322954,-9.1652,-1.9915,-0.9359,2.3800,-12.5300,-4.1300,0.0814,-0.4285,-0.1412,0
1322993,-8.9522,-2.4152,-1.2710,-13.8600,-42.0000,9.7300,-0.4739,-1.4362,0.3327,0
1323032,-9.1772,-1.9221,-2.6641,-19.2500,-13.2300,18.8300,-0.6583,-0.4524,0.6439,0
1323071,-8.8732,-2.3242,-1.9101,-20.8600,13.2300,13.8600,-0.7133,0.4524,0.4739,0
1323110,-8.3586,-1.3907,-1.5870,-10.8500,8.8900,3.6400,-0.3710,0.3040,0.1245,0
1323149,-8.6746,-2.4080,-2.7742,-19.6700,6.3700,3.2200,-0.6726,0.2178,0.1101,0
1323188,-9.3160,-1.5176,-2.0466,-30.9400,18.4100,-15.6100,-1.0580,0.6295,-0.5338,0
1323227,-9.4309,-1.7378,-3.2721,-37.0300,-5.4600,12.2500,-1.2662,-0.1867,0.4189,0
1323266,-9.2706,-2.5277,-2.6905,17.2900,14.4200,-5.2500,0.5912,0.4931,-0.1795,0
1323305,-8.9785,-1.5295,-2.6713,-19.7400,16.8000,-12.2500,-0.6750,0.5745,-0.4189,0
1323344,-9.2801,-1.7258,-1.3309,-2.5900,2.8000,5.3200,-0.0886,0.0957,0.1819,0
1323383,-9.7158,-2.3194,-3.4109,-46.2000,-8.1900,26.4600,-1.5798,-0.2801,0.9048,0
1323422,-9.0073,-1.7210,-2.6737,30.5200,23.7300,-1.2600,1.0436,0.8114,-0.0431,0
1323461,-9.5793,-2.5014,-2.4607,11.4800,15.9600,-3.2200,0.3926,0.5457,-0.1101,0
1323500,-9.1820,-1.5918,-2.2811,-19.7400,-5.3900,5.6000,-0.6750,-0.1843,0.1915,0
1323539,-9.4238,-2.1758,-2.3817,4.2000,-4.4800,5.1100,0.1436,-0.1532,0.1747,0
1323578,-9.1246,-1.9293,-2.4295,-4.6900,-6.3000,-3.5700,-0.1604,-0.2154,-0.1221,0
1323617,-9.5171,-2.2428,-2.8508,-2.6600,0.1400,-8.1200,-0.0910,0.0048,-0.2777,0
1323656,-9.2730,-2.0729,-2.7168,0.5600,1.4000,-2.7300,0.0191,0.0479,-0.0934,0
1323695,-9.4118,-2.0035,-2.4583,15.5400,-4.1300,-5.8800,0.5314,-0.1412,-0.2011,0
1323734,-9.2083,-1.6923,-2.3242,0.4900,-3.9900,1.5400,0.0168,-0.1364,0.0527,0
1323773,-9.1652,-2.4607,-2.3434,9.7300,-3.3600,2.1700,0.3327,-0.1149,0.0742,0
1323812,-9.3184,-2.1615,-2.2668,9.3100,-3.2200,-7.5600,0.3184,-0.1101,-0.2585,0
1323851,-9.3591,-1.9460,-2.1734,11.6900,-2.8700,-4.6200,0.3997,-0.0981,-0.1580,0
1323890,-9.3711,-2.5564,-2.1447,2.0300,-4.4100,3.7100,0.0694,-0.1508,0.1269,0
1323929,-9.4980,-2.6833,-1.9460,14.0700,0.2800,1.8200,0.4811,0.0096,0.0622,0
1323968,-9.3520,-2.6162,-1.8910,-7.0700,-0.7000,2.7300,-0.2418,-0.0239,0.0934,0
1324007,-9.3376,-2.8149,-1.7330,-10.0100,1.8900,-1.1200,-0.3423,0.0646,-0.0383,0
1324046,-9.3520,-2.6833,-2.0873,-25.9000,-1.1200,-2.1700,-0.8856,-0.0383,-0.0742,0
1324085,-9.3663,-2.2213,-2.3051,-25.4800,1.8900,-0.9800,-0.8713,0.0646,-0.0335,0
1324124,-9.1796,-2.1208,-2.1639,-21.9800,-1.2600,-1.4000,-0.7516,-0.0431,-0.0479,0
1324163,-9.3041,-2.4295,-2.2309,-13.3700,-1.2600,-3.3600,-0.4572,-0.0431,-0.1149,0
1324202,-9.0599,-2.2524,-1.9963,-20.3700,-4.5500,-5.3200,-0.6965,-0.1556,-0.1819,0
1324241,-9.3926,-2.5947,-2.3218,-22.1200,-5.8800,-2.1700,-0.7564,-0.2011,-0.0742,0
1324280,-9.3496,-2.0657,-2.2309,-29.3300,-6.8600,-0.5600,-1.0029,-0.2346,-0.0191,0
1324319,-9.4836,-2.5947,-2.3529,-21.4200,-7.5600,1.1900,-0.7325,-0.2585,0.0407,0
1324358,-9.4070,-2.3912,-2.2500,-25.0600,0.1400,-2.1700,-0.8569,0.0048,-0.0742,0
1324397,-9.2155,-2.3889,-2.3625,-37.1700,-1.3300,-0.9800,-1.2710,-0.0455,-0.0335,0
1324436,-9.4453,-2.4295,-2.6689,-40.3900,-5.4600,3.0800,-1.3811,-0.1867,0.1053,0
1324475,-9.4716,-1.5894,-2.2692,-43.0500,-5.4600,-10.3600,-1.4721,-0.1867,-0.3543,0
1324514,-9.2754,-0.5912,-2.5780,-48.4400,-21.0700,-28.0000,-1.6564,-0.7205,-0.9575,0
1324553,-8.9833,-1.1202,-3.2027,-9.1000,-56.3500,-32.6900,-0.3112,-1.9269,-1.1178,0
1324592,-9.4788,-0.2418,-2.8173,-8.4700,-66.9200,-27.7900,-0.2896,-2.2883,-0.9503,0
1324631,-10.1682,-0.7181,-3.6742,-5.3200,-44.5200,-9.0300,-0.1819,-1.5224,-0.3088,0
1324670,-9.6559,-0.2633,-1.3716,47.8100,-13.0900,-41.3000,1.6349,-0.4476,-1.4122,0
1324709,-9.4716,0.7181,-0.6846,68.3900,-9.7300,-51.3800,2.3386,-0.3327,-1.7569,0
1324748,-9.7637,-1.9341,0.7372,85.1200,-5.3200,-51.4500,2.9107,-0.1819,-1.7593,0
1324787,-10.9557,-2.2476,-0.9527,-27.7900,5.6700,0.9800,-0.9503,0.1939,0.0335,0
1324826,-10.3884,-0.6415,-3.1620,-43.4000,35.3500,-4.6200,-1.4841,1.2088,-0.1580,0
1324865,-8.9331,1.6277,-1.0125,126.0000,32.2000,-104.9300,4.3086,1.1011,-3.5881,0
1324904,-8.8708,1.2878,-1.3620,156.3800,-82.5300,-82.8800,5.3474,-2.8221,-2.8341,0
1324943,-8.1599,-3.0758,0.8043,251.7200,23.1700,-17.8500,8.6075,0.7923,-0.6104,0
1324982,-10.3429,-5.3067,-1.7115,73.3600,87.2900,105.7000,2.5085,2.9849,3.6144,0
1325021,-10.2161,-8.0690,5.4144,205.8000,154.0000,93.6600,7.0373,5.2660,3.2027,0
1325060,-9.2059,-4.7921,3.0256,-0.4900,84.2100,-2.7300,-0.0168,2.8795,-0.0934,0
1325099,-9.9480,-2.9226,-2.7862,-79.7300,104.1600,42.0700,-2.7264,3.5617,1.4386,0
1325138,-10.9796,-1.4625,-0.3160,242.5500,234.0100,125.6500,8.2940,8.0019,4.2966,0
1325177,-5.1679,-4.1075,6.0080,321.5100,25.8300,161.3500,10.9940,0.8833,5.5173,0
1325216,-9.2490,-5.7352,0.2082,-98.6300,-30.9400,34.4400,-3.3726,-1.0580,1.1777,0
1325255,-11.0179,1.6372,-2.9107,-55.8600,0.4900,17.0800,-1.9101,0.0168,0.5840,0
1325294,-8.4567,-3.3415,-0.6439,71.9600,2.5200,-21.6300,2.4607,0.0862,-0.7396,0
1325333,-7.8176,-1.3476,0.5314,27.3000,-20.4400,-80.7800,0.9335,-0.6989,-2.7623,0
1325372,-9.4381,-2.4583,-1.6325,54.3900,-7.7000,0.4900,1.8599,-0.2633,0.0168,0
1325411,-8.1073,-2.4870,0.7755,97.3000,-3.7100,-30.2400,3.3272,-0.1269,-1.0341,0
1325450,-9.0408,-3.4468,0.0814,75.6000,-10.6400,-7.2800,2.5851,-0.3638,-0.2489,0
1325489,-8.3969,-2.8197,0.9479,84.2800,-6.9300,-13.7200,2.8819,-0.2370,-0.4692,0
1325528,-8.7200,-3.6647,0.9359,58.8000,-31.7100,-3.9200,2.0107,-1.0843,-0.1340,0
1325567,-10.2328,-3.7365,-0.8138,15.5400,3.5000,51.3800,0.5314,0.1197,1.7569,0
1325606,-8.3442,-5.6155,0.8473,54.3900,11.5500,48.8600,1.8599,0.3950,1.6708,0
1325645,-12.4565,-3.8968,0.0383,-46.4800,-28.9100,71.5400,-1.5894,-0.9886,2.4463,0
1325684,-11.3099,-2.9968,-0.7636,78.5400,4.1300,-0.5600,2.6857,0.1412,-0.0191,0
1325723,-10.4123,-2.6641,-1.0771,-4.4800,2.4500,-3.0100,-0.1532,0.0838,-0.1029,0
1325762,-9.1389,-2.1782,-2.8293,55.9300,6.9300,3.5000,1.9125,0.2370,0.1197,0
1325801,-8.8804,-0.8258,-0.1388,77.2800,50.0500,2.1700,2.6426,1.7115,0.0742,0
1325840,-9.6224,-2.1112,0.8019,39.3400,5.6700,43.3300,1.3452,0.1939,1.4817,0
1325879,-8.6769,-2.0490,-1.9077,7.4200,-41.5800,-34.6500,0.2537,-1.4218,-1.1849,0
1325918,-8.9450,-1.3093,-1.0293,41.8600,38.7100,-28.2800,1.4314,1.3237,-0.9670,0
1325957,-10.2017,-1.6181,-0.6415,25.2000,53.6200,-1.8900,0.8617,1.8335,-0.0646,0
1325996,-8.9331,-1.7569,0.1915,65.5200,2.8000,3.8500,2.2404,0.0957,0.1317,0
1326035,-9.2323,0.2657,-1.1609,5.5300,-85.1200,5.9500,0.1891,-2.9107,0.2035,0
1326074,-10.2687,-0.4620,-2.1878,63.6300,-67.5500,11.6900,2.1758,-2.3099,0.3997,0
1326113,-10.0341,-1.3620,0.6822,103.8100,7.2800,5.1800,3.5498,0.2489,0.1771,0
1326152,-9.7301,-1.8144,0.7947,71.3300,14.4200,6.4400,2.4391,0.4931,0.2202,0
1326191,-9.7373,-2.5325,1.2614,48.0900,31.2200,-11.2000,1.6444,1.0676,-0.3830,0
1326230,-9.9647,-2.3649,1.7880,10.4300,22.0500,-0.8400,0.3567,0.7540,-0.0287,0
1326269,-9.3160,-2.0896,0.1173,-11.8300,25.4800,-12.6700,-0.4045,0.8713,-0.4332,0
1326308,-9.7349,-1.6732,1.4888,4.9700,45.3600,-10.8500,0.1699,1.5511,-0.3710,0
1326347,-9.4860,-2.4152,0.0024,32.1300,5.2500,4.3400,1.0987,0.1795,0.1484,0
1326386,-9.0647,-2.1902,0.3303,37.8000,17.8500,-10.0800,1.2926,0.6104,-0.3447,0
1326425,-9.7158,-2.5085,-0.5434,42.9800,29.6800,-28.8400,1.4697,1.0149,-0.9862,0
1326464,-8.8852,-1.5654,1.1801,30.0300,25.4100,-28.5600,1.0269,0.8689,-0.9766,0
1326503,-9.9743,-2.4224,-0.0718,-14.7700,17.9900,-11.0600,-0.5051,0.6152,-0.3782,0
1326542,-10.2544,-1.6181,0.0910,0.5600,33.5300,-23.3100,0.0191,1.1466,-0.7971,0
1326581,-10.0557,-0.8282,0.9503,41.6500,61.0400,-42.0700,1.4242,2.0873,-1.4386,0
1326620,-7.9924,-0.7803,1.1178,37.4500,40.6000,-34.8600,1.2806,1.3883,-1.1920,0
1326659,-9.0575,-0.7803,-3.0160,3.0100,3.0800,-71.2600,0.1029,0.1053,-2.4367,0
1326698,-11.8198,-4.2176,0.1460,-39.0600,-4.2000,-12.3900,-1.3357,-0.1436,-0.4237,0
1326737,-10.9916,-7.7339,-0.9144,79.3100,-103.9500,45.3600,2.7120,-3.5546,1.5511,0
1326776,-8.2557,-7.6357,-0.1005,66.0100,-76.0200,-8.5400,2.2572,-2.5995,-0.2920,0
1326815,-6.4006,-6.8578,3.2051,74.4800,-23.5900,-27.0900,2.5468,-0.8067,-0.9263,0
1326854,-7.4323,-7.5759,1.7809,-38.0800,-101.5000,-6.5100,-1.3021,-3.4708,-0.2226,0
1326893,-8.2126,-4.3828,1.5702,-33.4600,-41.5800,-14.4200,-1.1442,-1.4218,-0.4931,0
1326932,-9.4142,-3.7197,-0.7348,-109.6900,-47.2500,5.3900,-3.7508,-1.6157,0.1843,0
1326971,-8.2341,-3.0495,0.7899,-91.4900,-31.5000,40.1800,-3.1285,-1.0771,1.3739,0
1327010,-7.1690,-3.0782,0.9838,-81.4100,-42.4900,37.6600,-2.7838,-1.4529,1.2878,0
1327049,-7.3533,-3.7604,2.4367,-61.0400,-21.4200,17.9200,-2.0873,-0.7325,0.6128,0
1327088,-7.7291,-3.2458,1.4865,-111.1600,-24.9900,2.7300,-3.8011,-0.8545,0.0934,0
1327127,-6.7477,-2.2668,2.6474,-77.5600,-21.6300,9.1000,-2.6522,-0.7396,0.3112,0
1327166,-7.6884,-2.6881,2.5684,-84.8400,-10.2200,55.8600,-2.9011,-0.3495,1.9101,0
1327205,-9.9911,-3.0447,3.5833,-129.5000,-26.9500,68.6000,-4.4282,-0.9216,2.3458,0
1327244,-11.9586,-3.3607,1.8383,-119.1400,-39.2700,30.0300,-4.0740,-1.3428,1.0269,0
1327283,-9.1054,-2.7838,0.3710,-13.4400,21.0700,-65.8700,-0.4596,0.7205,-2.2524,0
1327322,-15.1470,-5.7615,8.7631,66.5700,-7.4900,26.4600,2.2764,-0.2561,0.9048,0
1327361,-13.9525,-0.2130,-6.8530,-198.1700,-329.6300,44.4500,-6.7764,-11.2717,1.5200,0
1327400,-10.3214,-5.3139,-1.6636,18.9000,-100.3800,-47.7400,0.6463,-3.4325,-1.6325,0
1327439,-10.1921,2.3912,-1.3692,-121.3100,-41.7200,-37.5200,-4.1482,-1.4266,-1.2830,0
1327478,-11.7073,-1.7952,-1.3524,32.9700,178.6400,141.1200,1.1274,6.1086,4.8256,0
1327517,-5.6610,-3.7796,5.3378,-19.4600,137.3400,-48.5100,-0.6654,4.6963,-1.6588,0
1327556,-7.1642,2.1112,0.5817,-174.7900,-34.0200,-75.6700,-5.9769,-1.1633,-2.5875,0
1327595,-11.8413,-2.0418,-8.1599,-60.0600,97.9300,-70.8400,-2.0537,3.3487,-2.4224,0
1327634,-8.7727,-1.4769,2.0944,44.7300,227.4300,-22.1900,1.5295,7.7769,-0.7588,0
1327673,-8.3251,0.0239,1.3811,-44.0300,89.1100,140.7000,-1.5056,3.0471,4.8112,0
1327712,-9.3424,-1.5200,0.5912,-83.7900,-60.4800,273.2800,-2.8652,-2.0681,9.3448,0
1327751,-10.9748,-8.0354,-4.8208,50.6100,-51.6600,88.4800,1.7306,-1.7665,3.0256,0
1327790,-9.7349,-0.9216,-2.0274,57.9600,28.0700,-1.3300,1.9819,0.9598,-0.0455,0
1327829,-9.0336,1.8096,0.3519,-8.8200,52.2900,-1.1200,-0.3016,1.7880,-0.0383,0
1327868,-10.0030,-2.1064,0.6152,4.4100,13.6500,41.5100,0.1508,0.4668,1.4194,0
1327907,-9.1461,-2.8987,-3.5976,41.7200,3.2900,21.4900,1.4266,0.1125,0.7348,0
1327946,-9.3807,1.1466,-1.3811,-87.4300,-93.6600,41.0900,-2.9897,-3.2027,1.4051,0
1327985,-13.6653,0.2753,-7.7602,-8.8200,-94.5000,-27.7200,-0.3016,-3.2314,-0.9479,0
1328024,-10.3932,-2.4966,-2.9274,112.7000,-115.2200,-93.5200,3.8538,-3.9399,-3.1979,0
1328063,-13.4499,-1.6827,-7.0110,86.4500,-135.2400,-66.8500,2.9561,-4.6245,-2.2859,0
1328102,-9.7876,-0.7923,-4.5048,-8.7500,-96.7400,-39.2700,-0.2992,-3.3080,-1.3428,0
1328141,-8.7894,0.0694,-1.3093,116.2700,29.4000,-49.8400,3.9758,1.0053,-1.7043,0
1328180,-8.2006,-1.8670,1.4817,41.3000,7.1400,-11.2700,1.4122,0.2442,-0.3854,0
1328219,-7.7267,-2.5181,0.7708,79.5900,-28.0000,-48.5100,2.7216,-0.9575,-1.6588,0
1328258,-6.9894,-3.4133,3.4827,111.6500,-20.4400,-49.0700,3.8179,-0.6989,-1.6779,0
1328297,-8.1049,-7.3126,4.5072,60.6900,-3.5000,-21.2800,2.0753,-0.1197,-0.7277,0
1328336,-5.8381,-5.9051,4.4785,-11.4800,88.4100,16.6600,-0.3926,3.0232,0.5697,0
1328375,-4.7681,-6.2187,3.7700,-118.9300,70.0000,69.3000,-4.0668,2.3936,2.3697,0
1328414,-9.7397,-2.5253,3.4277,-265.0900,-13.5100,-49.1400,-9.0647,-0.4620,-1.6803,0
1328453,-23.6348,1.2591,-6.3647,-554.6800,-150.2200,-37.8700,-18.9672,-5.1368,-1.2950,0
1328492,-8.7200,3.1668,-2.4487,198.8700,57.1200,-151.4800,6.8003,1.9532,-5.1798,0
1328531,-9.3376,-0.3638,1.2997,-48.0900,-92.6800,-144.9000,-1.6444,-3.1692,-4.9548,0
1328570,-10.6565,-0.2968,-0.8067,-196.2100,-183.1900,52.7100,-6.7094,-6.2642,1.8024,0
1328609,-9.1006,-4.8040,-2.6689,-140.1400,-15.4700,101.9900,-4.7921,-0.5290,3.4875,0
1328648,-9.6009,-6.0607,0.2489,-82.9500,167.5100,-10.8500,-2.8365,5.7280,-0.3710,0
1328687,-10.3525,-2.5516,1.3261,-140.0000,80.3600,-83.8600,-4.7873,2.7479,-2.8676,0
1328726,-7.8727,-1.7115,3.4421,-109.3400,-64.4000,-10.2200,-3.7389,-2.2021,-0.3495,0
1328765,-9.7684,-0.4141,0.0096,-242.5500,-194.2500,56.9100,-8.2940,-6.6424,1.9460,0
1328804,-10.3477,-1.1154,-2.3841,-164.8500,-158.4100,92.6800,-5.6370,-5.4168,3.1692,0
1328843,-11.7815,-0.6511,-1.0628,-183.6100,-35.4200,94.5000,-6.2785,-1.2112,3.2314,0
1328882,-11.3650,3.4780,0.3519,-125.0200,88.2700,75.1100,-4.2750,3.0184,2.5684,0
1328921,-7.6573,-2.3865,5.7328,114.9400,98.4900,13.7900,3.9304,3.3679,0.4715,0
1328960,-10.1419,4.6484,-1.3763,-71.8900,-53.4800,-24.0800,-2.4583,-1.8287,-0.8234,0
1328999,-10.7929,1.0532,-0.0215,-203.5600,-1.5400,-33.7400,-6.9607,-0.0527,-1.1537,0
1329038,-11.9491,0.1125,0.0934,-122.4300,13.2300,-62.1600,-4.1865,0.4524,-2.1256,0
1329077,-10.3956,-0.8809,-1.2303,-100.6600,6.7200,-74.1300,-3.4421,0.2298,-2.5349,0
1329116,-8.2198,-2.2500,-3.4038,3.8500,7.6300,-140.2100,0.1317,0.2609,-4.7945,0
1329155,-6.8171,-1.6349,-3.6551,2.5900,-3.6400,-144.2000,0.0886,-0.1245,-4.9309,0
1329194,-10.5344,-3.4397,-2.1232,-76.1600,-69.3000,-54.6000,-2.6043,-2.3697,-1.8670,0
1329233,-9.9312,-5.8477,-3.9663,-75.8100,-172.9000,-54.4600,-2.5923,-5.9123,-1.8623,0
1329272,-8.0259,-3.8921,-1.4505,-72.3100,-94.1500,-106.1900,-2.4726,-3.2194,-3.6312,0
1329311,-9.0767,-2.7192,0.9838,-138.8100,-102.2700,-86.2400,-4.7466,-3.4971,-2.9490,0
1329350,-9.9719,-4.0955,-1.3859,-148.7500,-122.6400,-47.0400,-5.0865,-4.1937,-1.6085,0
1329389,-8.1815,-3.9974,1.2016,-101.3600,-129.0100,-60.6900,-3.4660,-4.4115,-2.0753,0
1329428,-9.2107,-2.8197,0.0096,-149.9400,-151.2700,27.3700,-5.1272,-5.1727,0.9359,0
1329467,-7.5663,-4.0716,0.8306,-113.6100,-128.9400,42.7700,-3.8849,-4.4091,1.4625,0
1329506,-6.7549,-2.0011,3.1955,-85.1200,-135.8700,4.8300,-2.9107,-4.6461,0.1652,0
1329545,-9.0408,-1.7593,1.9365,-113.9600,-160.6500,68.5300,-3.8968,-5.4934,2.3434,0
1329584,-9.7517,-2.6162,0.3878,-116.7600,-124.2500,112.2100,-3.9926,-4.2487,3.8370,0
1329623,-9.8833,-3.4253,2.3266,-73.7800,-24.4300,94.1500,-2.5229,-0.8354,3.2194,0
1329662,-10.3453,-2.7048,1.7761,-48.9300,33.2500,40.0400,-1.6732,1.1370,1.3692,0
1329701,-8.8397,-0.9503,2.2069,-91.8400,32.7600,-15.6800,-3.1405,1.1202,-0.5362,0
1329740,-13.5336,-2.5540,5.4958,-134.4000,-39.4800,106.1900,-4.5958,-1.3500,3.6312,0
1329779,-11.4895,-6.1780,-3.6695,61.8100,-140.0000,-2.9400,2.1136,-4.7873,-0.1005,0
1329818,-8.9139,-0.8833,-0.5314,-38.9900,1.1200,-25.2000,-1.3333,0.0383,-0.8617,0
1329857,-10.6325,-1.9891,0.3806,-17.0800,36.4000,21.3500,-0.5840,1.2447,0.7301,0
1329896,-9.5099,-0.3399,-0.4069,-105.4200,-6.5800,87.7800,-3.6048,-0.2250,3.0016,0
1329935,-7.9589,-0.3160,-2.2931,-83.7200,25.6200,22.8900,-2.8628,0.8761,0.7827,0
1329974,-9.1437,1.7833,-3.0208,-53.9000,157.9200,-70.0700,-1.8431,5.4001,-2.3960,0
1330013,-9.2849,0.3016,-0.9527,62.2300,222.3200,-36.3300,2.1279,7.6022,-1.2423,0
1330052,-8.6051,-1.0436,2.7264,7.7000,93.9400,52.3600,0.2633,3.2123,1.7904,0
1330091,-10.9701,-2.1519,-0.1987,-125.6500,-115.9200,127.6100,-4.2966,-3.9639,4.3636,0
1330130,-11.6403,-1.6301,-3.8131,-60.2700,-114.7300,26.4600,-2.0609,-3.9232,0.9048,0
1330169,-9.4716,-1.8934,-0.9503,51.1000,42.6300,-52.2200,1.7474,1.4577,-1.7857,0
1330208,-8.9426,-1.1872,-0.6487,-0.3500,52.5000,-40.1100,-0.0120,1.7952,-1.3716,0
1330247,-9.6176,0.4069,-0.3399,-21.9800,20.8600,6.3700,-0.7516,0.7133,0.2178,0
1330286,-10.3142,-0.6152,-0.7396,49.1400,82.4600,75.4600,1.6803,2.8197,2.5803,0
1330325,-10.3166,-2.4511,-1.4745,74.3400,86.1700,72.3800,2.5420,2.9466,2.4750,0
1330364,-11.9084,-3.1093,-2.3410,110.4600,4.4800,-10.1500,3.7772,0.1532,-0.3471,0
1330403,-9.0599,-0.8880,-1.9269,135.9400,-33.5300,-131.7400,4.6484,-1.1466,-4.5048,0
1330442,-9.3376,-1.0412,-8.7105,150.7800,-73.7800,-140.7700,5.1559,-2.5229,-4.8136,0
1330481,-8.4783,-2.9466,-1.7067,118.7900,-128.7300,20.9300,4.0620,-4.4019,0.7157,0
1330520,-12.4230,-6.8003,-3.9040,89.8800,-118.7200,87.1500,3.0734,-4.0596,2.9801,0
1330559,-8.9139,-5.7280,-1.6492,85.4700,-85.5400,-6.3700,2.9226,-2.9250,-0.2178,0
1330598,-8.1671,-3.7437,2.2333,49.9800,-24.2900,-59.0100,1.7091,-0.8306,-2.0178,0
1330637,-7.8894,-3.7149,3.2338,-17.4300,-4.5500,-21.1400,-0.5960,-0.1556,-0.7229,0
1330676,-8.8589,-4.1171,0.4596,-88.6200,-21.2100,-14.8400,-3.0303,-0.7253,-0.5075,0
1330715,-6.4317,-2.3266,2.2955,-7.3500,2.1000,1.1900,-0.2513,0.0718,0.0407,0
1330754,-6.6136,-3.8035,2.7670,-78.4000,19.3900,47.8800,-2.6809,0.6630,1.6372,0
1330793,-7.1211,-4.7969,2.3027,-86.5900,46.2700,110.5300,-2.9609,1.5822,3.7796,0
1330832,-8.9977,-5.1535,2.0801,-159.1100,3.9900,69.5800,-5.4407,0.1364,2.3793,0
1330871,-19.8505,-4.0429,1.9580,-172.5500,-64.3300,-23.8000,-5.9003,-2.1998,-0.8138,0
1330910,-12.5139,-0.1293,-12.6815,3.3600,-99.1200,-119.7000,0.1149,-3.3894,-4.0931,0
1330949,-2.0490,1.7521,2.3434,52.7800,-29.4000,-66.5700,1.8048,-1.0053,-2.2764,0
1330988,-11.6355,-0.7205,-2.7383,-95.4800,-98.3500,107.8000,-3.2649,-3.3631,3.6862,0
1331027,-12.7294,-3.2745,2.1040,83.7200,26.6000,49.5600,2.8628,0.9096,1.6947,0
1331066,-6.7596,-1.0556,4.2487,-169.9600,-51.7300,-48.1600,-5.8118,-1.7689,-1.6468,0
1331105,-10.9030,2.0801,-6.0727,-308.2100,67.8300,3.2200,-10.5392,2.3194,0.1101,0
1331144,-11.1137,-0.7301,-1.5774,66.2900,299.1100,67.9700,2.2668,10.2280,2.3242,0
1331183,-7.7506,-0.7923,0.9287,-4.0600,15.2600,-1.8200,-0.1388,0.5218,-0.0622,0
1331222,-8.9163,-2.3123,0.7444,-8.6800,-97.7900,62.6500,-0.2968,-3.3439,2.1423,0
1331261,-9.2586,-5.3330,-1.5678,-58.3100,-143.7800,83.5800,-1.9939,-4.9165,2.8580,0
1331300,-8.9929,-2.1088,-3.0327,-59.0800,-113.5400,-7.6300,-2.0202,-3.8825,-0.2609,0
1331339,-9.8067,-2.2357,-1.2303,29.1200,-24.9200,-3.2900,0.9958,-0.8521,-0.1125,0
1331378,-11.0084,2.5660,0.3543,-96.3200,-22.4000,-77.0700,-3.2936,-0.7660,-2.6354,0
1331417,-9.8833,-4.3540,2.0513,126.0000,8.9600,-59.2200,4.3086,0.3064,-2.0250,0
1331456,-8.7918,-7.6357,2.2740,-9.2400,-60.3400,-68.8100,-0.3160,-2.0633,-2.3529,0
1331495,-9.5650,-2.2811,0.3830,-79.6600,-87.0100,-47.7400,-2.7240,-2.9753,-1.6325,0
1331534,-9.8474,-4.1984,0.1317,-148.1200,-16.5900,-44.5900,-5.0649,-0.5673,-1.5247,0
1331573,-7.7913,-5.1750,0.7779,-53.3400,35.8400,-45.7100,-1.8240,1.2255,-1.5630,0
1331612,-7.4131,-4.3684,1.9412,-143.2900,12.3900,-3.8500,-4.8998,0.4237,-0.1317,0
1331651,-7.1139,-5.4479,1.4841,-57.8200,35.8400,-31.2900,-1.9771,1.2255,-1.0700,0
1331690,-5.2397,-1.9843,5.6370,-64.8900,-93.9400,-38.7800,-2.2189,-3.2123,-1.3261,0
1331729,-6.7596,-3.5282,2.5085,-142.3100,-227.0800,92.4000,-4.8663,-7.7650,3.1596,0
1331768,-9.3424,-8.1192,-2.0513,-162.6100,-195.3700,89.7400,-5.5604,-6.6806,3.0686,0
1331807,-9.3304,-3.4468,2.5181,-114.0300,-60.9000,15.9600,-3.8992,-2.0825,0.5457,0
1331846,-9.7613,-0.6223,2.1232,-142.6600,-88.9700,34.7900,-4.8782,-3.0423,1.1896,0
1331885,-9.0264,-2.5349,1.5846,57.7500,2.6600,21.7700,1.9748,0.0910,0.7444,0
1331924,-8.3155,-4.7346,6.2378,-55.8600,-3.7100,67.2000,-1.9101,-0.1269,2.2979,0
1331963,-12.8562,-2.6115,-1.9771,-228.9700,-52.4300,66.7100,-7.8296,-1.7928,2.2811,0
1332002,-10.3477,-0.5338,5.5820,-90.8600,80.4300,-41.7200,-3.1069,2.7503,-1.4266,0
1332041,-9.5865,-2.6498,4.7083,-215.5300,-22.4000,51.8000,-7.3700,-0.7660,1.7713,0
1332080,-10.3716,-1.4122,1.1106,-110.3200,55.0200,-4.4800,-3.7724,1.8814,-0.1532,0
1332119,-9.9121,-1.9652,2.9442,-117.1100,58.3100,-43.8200,-4.0046,1.9939,-1.4984,0
1332158,-10.9461,-1.5415,5.8644,-137.6900,-20.5100,-30.9400,-4.7083,-0.7013,-1.0580,0
1332197,-11.7863,-1.0460,2.7479,-273.2800,-137.2000,-28.2800,-9.3448,-4.6915,-0.9670,0
1332236,-10.7714,0.1699,-0.3279,-224.1400,-79.8700,-82.0400,-7.6644,-2.7311,-2.8053,0
1332275,-9.5722,0.3590,2.3242,-191.1000,-41.2300,-91.1400,-6.5346,-1.4099,-3.1165,0
1332314,-8.8948,1.1274,1.4817,-231.7000,-161.2100,-75.7400,-7.9229,-5.5126,-2.5899,0
1332353,-10.0533,0.3112,-1.1633,-217.5600,-199.2900,-50.2600,-7.4394,-6.8147,-1.7186,0
1332392,-10.0892,-1.4649,-2.3482,-174.7200,-145.1800,-35.5600,-5.9745,-4.9644,-1.2160,0
1332431,-8.8134,-2.0777,-2.3147,-95.5500,-117.2500,-41.4400,-3.2673,-4.0093,-1.4170,0
1332470,-6.0775,-0.6726,-1.1418,-23.0300,-99.7500,-37.0300,-0.7875,-3.4109,-1.2662,0
1332509,-6.4293,-17.8566,7.0445,84.2800,166.6000,69.0200,2.8819,5.6969,2.3601,0
1332548,-14.7329,-7.5352,7.3676,-75.4600,-4.0600,62.1600,-2.5803,-0.1388,2.1256,0
1332587,-12.1142,-0.9718,0.3662,-232.4700,-184.1000,-11.1300,-7.9493,-6.2953,-0.3806,0
1332626,-7.9086,-3.5450,3.9567,-51.1000,-103.5300,17.5700,-1.7474,-3.5402,0.6008,0
1332665,-9.1030,-5.9578,3.1524,-95.0600,-138.6000,93.1700,-3.2506,-4.7394,3.1859,0
1332704,-5.6011,-3.6072,2.5708,-103.6000,-59.9900,-8.4700,-3.5426,-2.0513,-0.2896,0
1332743,-6.0894,-2.8963,2.8556,-175.0000,-58.5900,26.1800,-5.9841,-2.0035,0.8952,0
1332782,-10.9940,-6.0224,-3.2218,-239.8900,-52.9900,63.8400,-8.2030,-1.8120,2.1830,0
1332821,-7.7698,-2.7982,-0.4380,-71.4700,17.7800,-18.9000,-2.4439,0.6080,-0.6463,0
1332860,-8.3538,-0.1053,0.9000,-77.9100,21.5600,-26.2500,-2.6641,0.7372,-0.8976,0
1332899,-7.4682,-2.4870,-0.3758,-92.1200,-13.6500,-28.0000,-3.1500,-0.4668,-0.9575,0
1332938,-11.1735,-2.5492,-0.4692,-42.2100,2.5900,-48.1600,-1.4434,0.0886,-1.6468,0
1332977,-8.5166,-3.7939,1.0628,-42.2100,-59.2900,-28.7000,-1.4434,-2.0274,-0.9814,0
1333016,-8.4232,-3.7604,1.3955,-41.2300,-3.3600,-8.1900,-1.4099,-0.1149,-0.2801,0
1333055,-8.9115,-3.7006,-0.4931,-19.3900,16.4500,-32.4800,-0.6630,0.5625,-1.1106,0
1333094,-7.8703,-2.4966,0.8450,-8.3300,-26.8800,-23.6600,-0.2848,-0.9192,-0.8091,0
1333133,-9.0001,-3.0303,0.0598,-61.0400,-27.5800,10.6400,-2.0873,-0.9431,0.3638,0
1333172,-7.8104,-4.4115,0.0072,12.3900,5.1800,-6.1600,0.4237,0.1771,-0.2106,0
1333211,-8.4998,-3.9375,0.6439,-31.1500,2.8700,-0.4200,-1.0652,0.0981,-0.0144,0
1333250,-10.5129,-4.0740,-1.0604,-39.4800,-29.1900,5.4600,-1.3500,-0.9981,0.1867,0
1333289,-9.3328,-3.9112,-0.1556,23.1700,-23.5200,-8.2600,0.7923,-0.8043,-0.2824,0
1333328,-8.0594,-3.3966,-0.2442,4.2700,-23.4500,5.9500,0.1460,-0.8019,0.2035,0
1333367,-7.4466,-4.9429,-0.4021,15.1900,-21.5600,-6.0900,0.5194,-0.7372,-0.2082,0
1333406,-9.5578,-5.1368,0.3423,26.1100,25.6900,-30.6600,0.8928,0.8785,-1.0484,0
1333445,-7.4011,-3.0280,0.7875,-57.6100,9.0300,-26.6700,-1.9700,0.3088,-0.9120,0
1333484,-7.7554,-3.5617,-0.8378,1.6800,10.1500,-13.0200,0.0574,0.3471,-0.4452,0
1333523,-7.3628,-4.4857,-0.1173,18.6200,-36.6100,2.5900,0.6367,-1.2519,0.0886,0
1333562,-7.6932,-4.4139,0.3543,35.6300,-38.8500,-33.6700,1.2184,-1.3285,-1.1513,0
1333601,-7.7027,-4.8519,0.6559,41.8600,-31.7100,-31.9200,1.4314,-1.0843,-1.0915,0
1333640,-7.3676,-4.5575,-0.1747,17.3600,-41.4400,-44.3800,0.5936,-1.4170,-1.5176,0
1333679,-6.6950,-4.8040,1.8455,78.1200,-18.1300,-50.8900,2.6713,-0.6200,-1.7402,0
1333718,-6.9296,-5.3115,1.0604,12.3200,-43.8200,-27.7200,0.4213,-1.4984,-0.9479,0
1333757,-7.2791,-5.8333,0.7277,11.1300,-40.3200,-33.8800,0.3806,-1.3787,-1.1585,0
1333796,-7.0828,-6.7596,2.6976,51.6600,-16.5900,-43.5400,1.7665,-0.5673,-1.4888,0
1333835,-7.4011,-8.9977,8.2198,168.4900,80.6400,-206.6400,5.7615,2.7575,-7.0660,0
1333874,-4.7203,-7.2910,5.4671,-78.4000,-41.7900,-85.4000,-2.6809,-1.4290,-2.9202,0
1333913,-7.8392,-9.4118,5.2133,-211.6100,-42.7700,-25.1300,-7.2360,-1.4625,-0.8593,0
1333952,-6.6088,-9.8474,2.0131,-214.2700,-65.3800,-54.5300,-7.3269,-2.2357,-1.8646,0
1333991,-5.9769,-11.1017,1.2351,-130.4800,-66.2900,-75.9500,-4.4617,-2.2668,-2.5971,0
1334030,-4.9094,-8.6410,-1.1537,-145.5300,-52.7800,-73.0800,-4.9764,-1.8048,-2.4990,0
1334069,-4.3181,-10.3381,-1.8048,-103.4600,-39.6200,-64.1900,-3.5378,-1.3548,-2.1950,0
1334108,-3.6431,-9.9288,-1.7210,-76.7900,-44.9400,-58.5900,-2.6258,-1.5367,-2.0035,0
1334147,-3.1093,-9.8163,-1.4912,-65.8700,-52.3600,-27.4400,-2.2524,-1.7904,-0.9383,0
1334186,-2.7144,-9.2682,-2.0083,-36.9600,-35.2800,-33.4600,-1.2638,-1.2064,-1.1442,0
1334225,-2.5923,-8.8086,-1.3452,-3.5700,-19.3900,-24.4300,-0.1221,-0.6630,-0.8354,0
1334264,-2.3338,-9.0791,-2.0729,61.4600,-7.9800,-16.8700,2.1016,-0.2729,-0.5769,0
1334303,-2.8436,-8.9570,-0.8282,51.3100,0.5600,-8.3300,1.7545,0.0191,-0.2848,0
1334342,-2.5899,-9.1102,-1.3596,62.5100,7.6300,-7.9800,2.1375,0.2609,-0.2729,0
1334381,-2.6498,-9.0599,-0.6487,66.8500,7.1400,-10.7100,2.2859,0.2442,-0.3662,0
1334420,-2.6522,-9.6392,-0.1532,52.4300,10.4300,-11.6200,1.7928,0.3567,-0.3973,0
1334459,-2.5564,-9.4262,0.3543,66.2200,11.6900,-15.4000,2.2644,0.3997,-0.5266,0
1334498,-2.5157,-9.6655,0.4763,36.0500,24.0800,-4.6900,1.2327,0.8234,-0.1604,0
1334537,-2.6857,-9.6942,0.6606,2.0300,31.5000,10.2200,0.0694,1.0771,0.3495,0
1334576,-2.7694,-9.8522,0.6295,17.1500,23.1000,12.1800,0.5864,0.7899,0.4165,0
1334615,-3.1931,-9.4285,1.1178,56.8400,21.8400,5.8800,1.9436,0.7468,0.2011,0
1334654,-3.0663,-9.6368,1.7426,95.9000,27.0200,3.5700,3.2793,0.9239,0.1221,0
1334693,-2.8149,-9.0001,2.1519,79.3800,32.7600,16.3100,2.7144,1.1202,0.5577,0
1334732,-3.0208,-9.1269,2.2955,46.1300,42.4200,16.3100,1.5774,1.4505,0.5577,0
1334771,-3.1500,-9.1652,2.6952,70.6300,51.8000,8.1200,2.4152,1.7713,0.2777,0
1334810,-3.1237,-8.7966,2.9561,90.0900,60.2000,6.3700,3.0806,2.0585,0.2178,0
1334849,-3.3511,-7.8440,3.0710,78.4700,100.8700,25.0600,2.6833,3.4492,0.8569,0
1334888,-4.1745,-7.2910,2.4774,72.5200,122.9900,30.3100,2.4798,4.2056,1.0364,0
1334927,-5.2277,-7.5807,3.0303,45.7100,104.3700,2.0300,1.5630,3.5689,0.0694,0
1334966,-5.0817,-7.8775,3.4612,33.2500,94.5700,18.9000,1.1370,3.2338,0.6463,0
1335005,-4.9141,-7.4490,3.0040,32.2000,78.4700,20.8600,1.1011,2.6833,0.7133,0
1335044,-5.1966,-7.7267,3.1165,18.7600,56.4900,-3.5000,0.6415,1.9317,-0.1197,0
1335083,-5.1200,-7.6214,2.5037,-0.4200,33.2500,-4.6200,-0.0144,1.1370,-0.1580,0
1335122,-5.2181,-7.8966,3.0136,16.9400,29.6100,-4.9700,0.5793,1.0125,-0.1699,0
1335161,-5.9530,-8.0618,2.7623,-4.9700,25.9700,4.4100,-0.1699,0.8880,0.1508,0
1335200,-5.2636,-7.7147,2.0944,-1.4700,17.0800,13.1600,-0.0503,0.5840,0.4500,0
1335239,-4.9213,-7.0205,1.8814,12.0400,16.5200,5.6000,0.4117,0.5649,0.1915,0
1335278,-5.3139,-6.7860,1.6923,-0.2100,19.4600,3.2200,-0.0072,0.6654,0.1101,0
1335317,-5.8525,-7.4586,2.2859,7.7000,9.4500,0.1400,0.2633,0.3231,0.0048,0
1335356,-5.8931,-7.7410,2.3434,1.7500,-3.2200,-4.0600,0.0598,-0.1101,-0.1388,0
1335395,-5.6753,-7.5543,2.5061,-1.5400,-20.3700,-2.1700,-0.0527,-0.6965,-0.0742,0
1335434,-5.5580,-7.7578,2.6785,9.2400,-13.8600,-0.1400,0.3160,-0.4739,-0.0048,0
1335473,-5.4431,-7.4945,2.4894,3.4300,-23.5200,-1.1200,0.1173,-0.8043,-0.0383,0
1335512,-5.4647,-7.5878,2.7766,5.1800,-21.7700,-0.9100,0.1771,-0.7444,-0.0311,0
1335551,-5.3833,-7.3844,2.9250,5.7400,-23.9400,-1.1200,0.1963,-0.8186,-0.0383,0
1335590,-5.3067,-7.6166,3.0399,2.2400,-21.0700,-1.1200,0.0766,-0.7205,-0.0383,0
1335629,-5.2493,-7.6309,3.1572,0.5600,-28.0000,-1.6100,0.0191,-0.9575,-0.0551,0
1335668,-5.4001,-7.6477,3.4804,-3.4300,-14.9800,-2.8700,-0.1173,-0.5122,-0.0981,0
1335707,-5.2445,-7.5256,3.4732,-7.0700,-15.6800,-0.2800,-0.2418,-0.5362,-0.0096,0
1335746,-5.1822,-7.6764,3.4612,-10.5000,-17.4300,-1.7500,-0.3590,-0.5960,-0.0598,0
1335785,-5.1894,-7.7793,3.4899,-8.1200,-12.6000,-1.6800,-0.2777,-0.4309,-0.0574,0
1335824,-5.1176,-7.5831,3.4612,-10.1500,-10.7100,0.1400,-0.3471,-0.3662,0.0048,0
1335863,-5.1032,-7.6357,3.3104,-5.1800,-6.9300,0.3500,-0.1771,-0.2370,0.0120,0
1335902,-5.0290,-7.6405,3.2769,-4.4800,-7.5600,-0.5600,-0.1532,-0.2585,-0.0191,0
1335941,-5.0314,-7.6764,3.3272,-2.6600,-3.5700,-2.5900,-0.0910,-0.1221,-0.0886,0
1335980,-5.0578,-7.7458,3.3559,1.2600,-0.6300,-1.4000,0.0431,-0.0215,-0.0479,0
1336019,-5.0769,-7.7434,3.3224,2.6600,0.8400,1.2600,0.0910,0.0287,0.0431,0
1336058,-5.0649,-7.6381,3.2913,2.3800,-0.2100,1.1900,0.0814,-0.0072,0.0407,0
1336097,-5.0362,-7.6261,3.2482,1.1900,-0.4200,-0.6300,0.0407,-0.0144,-0.0215,0
1336136,-5.0793,-7.6477,3.2936,1.6100,0.1400,-1.6800,0.0551,0.0048,-0.0574,0
1336175,-5.0314,-7.6836,3.3152,1.6800,-0.1400,-0.9100,0.0574,-0.0048,-0.0311,0
1336214,-5.0578,-7.6860,3.3056,1.4000,0.4200,-1.1200,0.0479,0.0144,-0.0383,0
1336253,-5.0458,-7.7003,3.3128,1.8900,0.1400,-0.5600,0.0646,0.0048,-0.0191,0
1336292,-5.0338,-7.6884,3.3439,1.3300,-0.1400,-0.3500,0.0455,-0.0048,-0.0120,0
1336331,-5.0458,-7.6573,3.3343,0.3500,-0.1400,-0.4200,0.0120,-0.0048,-0.0144,0
1336370,-5.0027,-7.6429,3.2793,0.0700,-0.3500,-0.4900,0.0024,-0.0120,-0.0168,0
1336409,-5.0051,-7.6573,3.3008,0.3500,0.0700,-1.3300,0.0120,0.0024,-0.0455,0
1336448,-5.0147,-7.6884,3.2913,-0.1400,-0.1400,-1.1200,-0.0048,-0.0048,-0.0383,0
1336487,-5.0099,-7.7075,3.3056,0.1400,0.0000,-0.8400,0.0048,0.0000,-0.0287,0
1336526,-5.0362,-7.6836,3.3200,-0.0700,-0.6300,-0.4200,-0.0024,-0.0215,-0.0144,0
1336565,-5.0027,-7.6884,3.2960,-0.9100,-1.3300,-0.7000,-0.0311,-0.0455,-0.0239,0
1336604,-5.0003,-7.7051,3.3104,-2.0300,-1.1900,-0.9100,-0.0694,-0.0407,-0.0311,0
1336643,-4.9692,-7.6884,3.2625,-0.3500,-0.9100,0.0700,-0.0120,-0.0311,0.0024,0
1336682,-4.9596,-7.6764,3.2314,-0.9100,-0.7000,-0.0700,-0.0311,-0.0239,-0.0024,0
1336721,-5.0219,-7.6884,3.2936,-1.8200,-1.1200,-0.3500,-0.0622,-0.0383,-0.0120,0
1336760,-5.0099,-7.6860,3.3056,-1.4000,-1.6100,-0.3500,-0.0479,-0.0551,-0.0120,0
1336799,-5.0147,-7.7219,3.3152,-1.3300,-1.4700,-0.8400,-0.0455,-0.0503,-0.0287,0
1336838,-5.0434,-7.7434,3.3607,-0.9800,-1.3300,-0.9100,-0.0335,-0.0455,-0.0311,0
1336877,-4.9979,-7.7554,3.3248,-1.1200,-1.4700,-0.4900,-0.0383,-0.0503,-0.0168,0
1336916,-4.9716,-7.7410,3.2721,-1.4000,-1.4700,-0.2800,-0.0479,-0.0503,-0.0096,0
1336955,-4.9572,-7.7291,3.2721,0.7700,-0.4200,-0.2100,0.0263,-0.0144,-0.0072,0
1336994,-4.9788,-7.7339,3.2721,0.7700,-0.0700,-0.0700,0.0263,-0.0024,-0.0024,0
1337033,-4.9572,-7.7099,3.2554,0.9800,0.1400,0.0700,0.0335,0.0048,0.0024,0
1337072,-4.9764,-7.7339,3.2745,1.0500,0.4200,-0.1400,0.0359,0.0144,-0.0048,0
1337111,-5.0147,-7.7434,3.3128,1.4700,0.2800,-0.0700,0.0503,0.0096,-0.0024,0
1337150,-5.0027,-7.7386,3.2865,0.2800,0.0000,0.0700,0.0096,0.0000,0.0024,0
1337189,-4.9812,-7.7195,3.2769,0.2800,-0.4200,0.1400,0.0096,-0.0144,0.0048,0
1337228,-5.0051,-7.7219,3.3056,1.0500,-0.2800,0.1400,0.0359,-0.0096,0.0048,0
1337267,-4.9883,-7.7219,3.2960,0.5600,-0.2800,-0.0700,0.0191,-0.0096,-0.0024,0
1337306,-4.9716,-7.7171,3.2482,1.2600,-0.1400,0.0700,0.0431,-0.0048,0.0024,0
1337345,-4.9548,-7.7075,3.2338,0.4200,-0.3500,-0.1400,0.0144,-0.0120,-0.0048,0
1337384,-4.9860,-7.7291,3.2889,0.1400,-0.4200,-0.4900,0.0048,-0.0144,-0.0168,0
1337423,-4.9931,-7.7434,3.2984,-0.4200,-0.4900,-0.4200,-0.0144,-0.0168,-0.0144,0
1337462,-4.9931,-7.7721,3.3272,0.0700,-0.4200,-0.4900,0.0024,-0.0144,-0.0168,0
1337501,-5.0578,-7.7219,3.3870,-0.6300,-0.1400,-0.0700,-0.0215,-0.0048,-0.0024,0
1337540,-4.9453,-7.6836,3.2434,0.6300,-0.6300,0.3500,0.0215,-0.0215,0.0120,0
1337579,-4.9141,-7.7147,3.1668,-0.7000,0.4200,-0.9800,-0.0239,0.0144,-0.0335,0
1337618,-4.9740,-7.7219,3.2290,-0.5600,0.0000,-0.4200,-0.0191,0.0000,-0.0144,0
1337657,-4.9979,-7.7386,3.2841,-1.2600,0.2100,-0.2800,-0.0431,0.0072,-0.0096,0
1337696,-4.9860,-7.7602,3.2793,-1.2600,0.7000,-0.0700,-0.0431,0.0239,-0.0024,0
1337735,-4.9644,-7.7219,3.2171,-0.8400,0.0000,1.5400,-0.0287,0.0000,0.0527,0
1337774,-5.0266,-7.7315,3.1716,-2.3800,-0.0700,0.2100,-0.0814,-0.0024,0.0072,0
1337813,-5.0410,-7.7745,3.2769,-5.5300,-2.6600,-0.3500,-0.1891,-0.0910,-0.0120,0
1337852,-4.9524,-7.7578,3.2290,-3.8500,-2.5900,-0.3500,-0.1317,-0.0886,-0.0120,0
1337891,-4.8902,-7.7578,3.1644,-1.5400,-2.0300,0.4200,-0.0527,-0.0694,0.0144,0
1337930,-4.9357,-7.7626,3.1716,0.7000,0.1400,0.0700,0.0239,0.0048,0.0024,0
1337969,-4.9812,-7.7913,3.1716,0.8400,0.4900,-0.0700,0.0287,0.0168,-0.0024,0
1338008,-5.0051,-7.7865,3.1979,0.4200,0.6300,0.1400,0.0144,0.0215,0.0048,0
1338047,-5.0123,-7.7626,3.1979,0.6300,0.2100,0.6300,0.0215,0.0072,0.0215,0
1338086,-4.9668,-7.7578,3.1548,0.3500,-0.0700,0.0700,0.0120,-0.0024,0.0024,0
1338125,-4.9740,-7.7650,3.1428,0.5600,-0.1400,-0.0700,0.0191,-0.0048,-0.0024,0
1338164,-4.9955,-7.7602,3.1811,1.2600,-0.4200,0.2800,0.0431,-0.0144,0.0096,0
1338203,-4.9979,-7.7458,3.1859,1.2600,-0.2800,0.2800,0.0431,-0.0096,0.0096,0
1338242,-4.9836,-7.7602,3.1716,0.5600,-0.4900,-0.3500,0.0191,-0.0168,-0.0120,0
1338281,-4.9955,-7.7769,3.1979,0.2800,-0.7700,-0.4900,0.0096,-0.0263,-0.0168,0
1338320,-4.9836,-7.7721,3.1955,0.4900,-0.7000,-0.2800,0.0168,-0.0239,-0.0096,0
1338359,-4.9764,-7.7674,3.1907,0.7700,-0.4200,-0.0700,0.0263,-0.0144,-0.0024,0
1338398,-4.9812,-7.7458,3.1740,0.4900,-0.4200,-0.0700,0.0168,-0.0144,-0.0024,0
1338437,-4.9860,-7.7434,3.1955,1.0500,-1.0500,0.0700,0.0359,-0.0359,0.0024,0
1338476,-4.9860,-7.7626,3.2242,0.4900,-0.9800,-0.2800,0.0168,-0.0335,-0.0096,0
1338515,-4.9907,-7.7410,3.2099,0.6300,-0.5600,-0.2100,0.0215,-0.0191,-0.0072,0
1338554,-4.9692,-7.7530,3.1835,0.9100,-0.3500,-0.2100,0.0311,-0.0120,-0.0072,0
1338593,-4.9812,-7.7650,3.1931,-0.5600,-0.8400,-0.7000,-0.0191,-0.0287,-0.0239,0
1338632,-4.9979,-7.7745,3.2218,-0.9100,-0.9100,-0.7000,-0.0311,-0.0311,-0.0239,0
1338671,-4.9907,-7.7745,3.2123,-0.7700,-1.1900,-0.4900,-0.0263,-0.0407,-0.0168,0
1338710,-4.9788,-7.7698,3.2003,-1.2600,-1.1200,-0.7700,-0.0431,-0.0383,-0.0263,0
1338749,-4.9620,-7.7698,3.1883,-0.7000,-1.1900,-0.4200,-0.0239,-0.0407,-0.0144,0
1338788,-4.9357,-7.7769,3.1716,-0.2800,-0.7700,-0.4200,-0.0096,-0.0263,-0.0144,0
1338827,-4.9405,-7.7793,3.1811,-0.3500,-0.8400,-0.4200,-0.0120,-0.0287,-0.0144,0
1338866,-4.9836,-7.8104,3.2410,0.1400,-0.0700,-0.5600,0.0048,-0.0024,-0.0191,0
1338905,-4.9716,-7.8081,3.2242,0.5600,0.0000,-0.1400,0.0191,0.0000,-0.0048,0
1338944,-4.9883,-7.7841,3.2171,0.8400,0.0700,0.1400,0.0287,0.0024,0.0048,0
1338983,-4.9740,-7.7578,3.2099,0.3500,-0.3500,-0.0700,0.0120,-0.0120,-0.0024,0
1339022,-4.9381,-7.7913,3.1740,-0.4900,-0.4900,-0.5600,-0.0168,-0.0168,-0.0191,0
1339061,-4.8687,-7.8009,3.0782,0.2800,-0.5600,-0.1400,0.0096,-0.0191,-0.0048,0
1339100,-4.9117,-7.7721,3.1428,0.5600,0.0700,0.2100,0.0191,0.0024,0.0072,0
1339139,-4.9764,-7.7793,3.2386,0.9800,0.2100,0.0000,0.0335,0.0072,0.0000,0
1339178,-4.9764,-7.7817,3.2194,1.4700,0.1400,0.1400,0.0503,0.0048,0.0048,0
1339217,-4.9572,-7.7674,3.1907,1.3300,0.0000,0.1400,0.0455,0.0000,0.0048,0
1339256,-4.9740,-7.7865,3.2027,0.9100,-0.1400,-0.2100,0.0311,-0.0048,-0.0072,0
1339295,-4.9740,-7.7745,3.1979,-0.4900,-1.0500,-0.2800,-0.0168,-0.0359,-0.0096,0
1339334,-4.9070,-7.7865,3.1452,-0.8400,-1.3300,-0.7000,-0.0287,-0.0455,-0.0239,0
1339373,-4.9333,-7.7961,3.1764,-0.4200,-0.4900,-0.7000,-0.0144,-0.0168,-0.0239,0
1339412,-4.9692,-7.7602,3.2266,-0.0700,-0.4200,0.0700,-0.0024,-0.0144,0.0024,0
1339451,-4.9740,-7.7961,3.2242,-0.0700,-0.0700,-0.7700,-0.0024,-0.0024,-0.0263,0
1339490,-4.9381,-7.8033,3.1907,0.9100,-0.3500,-0.0700,0.0311,-0.0120,-0.0024,0
1339529,-4.9381,-7.7913,3.1644,1.0500,-0.0700,0.1400,0.0359,-0.0024,0.0048,0
1339568,-4.9572,-7.7889,3.1931,0.7000,-0.2800,0.2100,0.0239,-0.0096,0.0072,0
1339607,-4.9381,-7.7769,3.1500,0.5600,0.1400,0.0000,0.0191,0.0048,0.0000,0
1339646,-4.9405,-7.7865,3.1788,0.5600,-0.3500,-0.2100,0.0191,-0.0120,-0.0072,0
1339685,-4.9213,-7.7745,3.1620,0.2100,-0.0700,-0.2100,0.0072,-0.0024,-0.0072,0
1339724,-4.9644,-7.7937,3.1931,0.4200,0.1400,-0.1400,0.0144,0.0048,-0.0048,0
1339763,-4.9836,-7.7674,3.2434,0.9800,-0.9100,0.3500,0.0335,-0.0311,0.0120,0
1339802,-4.9596,-7.7626,3.2147,0.0000,-0.8400,-0.4900,0.0000,-0.0287,-0.0168,0
1339841,-4.9716,-7.7889,3.1907,-0.0700,-0.7000,-0.4200,-0.0024,-0.0239,-0.0144,0
1339880,-4.9381,-7.7721,3.2003,-0.7000,-0.7000,-0.2100,-0.0239,-0.0239,-0.0072,0
1339919,-4.9500,-7.7769,3.1835,-0.2800,0.1400,-0.4200,-0.0096,0.0048,-0.0144,0
1339958,-4.9788,-7.8033,3.2314,-0.7700,0.1400,-0.6300,-0.0263,0.0048,-0.0215,0
1339997,-4.9668,-7.8009,3.2099,-0.0700,0.1400,-0.2800,-0.0024,0.0048,-0.0096,0
1340036,-4.9333,-7.7985,3.1644,0.1400,0.2800,0.2100,0.0048,0.0096,0.0072,0
1340075,-4.9453,-7.7889,3.1644,-0.0700,0.3500,-0.0700,-0.0024,0.0120,-0.0024,0
1340114,-4.9572,-7.7817,3.1692,-0.2800,0.2800,-0.2100,-0.0096,0.0096,-0.0072,0
1340153,-4.9596,-7.8081,3.1668,-0.2100,0.6300,-0.1400,-0.0072,0.0215,-0.0048,0
1340192,-4.9548,-7.8128,3.1596,0.0700,0.7000,0.2100,0.0024,0.0239,0.0072,0
1340231,-4.9668,-7.7961,3.1476,0.2100,0.4200,0.2100,0.0072,0.0144,0.0072,0
1340270,-4.9716,-7.7793,3.1524,-0.0700,0.2800,-0.0700,-0.0024,0.0096,-0.0024,0
1340309,-4.9596,-7.8200,3.1452,-0.5600,0.1400,-0.2800,-0.0191,0.0048,-0.0096,0
1340348,-4.9477,-7.7889,3.1213,-0.2800,0.4200,0.3500,-0.0096,0.0144,0.0120,0
1340387,-4.9381,-7.8128,3.1237,0.1400,0.3500,0.3500,0.0048,0.0120,0.0120,0
1340426,-4.9668,-7.8033,3.1261,1.1900,0.6300,0.4900,0.0407,0.0215,0.0168,0
1340465,-4.9477,-7.7674,3.0758,1.5400,0.9100,0.8400,0.0527,0.0311,0.0287,0
1340504,-4.9955,-7.7841,3.1069,3.0800,0.7700,0.6300,0.1053,0.0263,0.0215,0
1340543,-5.0266,-7.7745,3.1620,0.6300,-0.0700,-0.0700,0.0215,-0.0024,-0.0024,0
1340582,-4.9931,-7.7889,3.1548,0.1400,-0.7000,-0.2100,0.0048,-0.0239,-0.0072,0
1340621,-4.9979,-7.7841,3.1548,0.1400,-0.6300,-0.4900,0.0048,-0.0215,-0.0168,0
1340660,-4.9764,-7.7674,3.1357,0.0700,-1.1200,-0.2100,0.0024,-0.0383,-0.0072,0
1340699,-4.9596,-7.7698,3.1237,0.0700,-0.8400,-0.4200,0.0024,-0.0287,-0.0144,0
1340738,-4.9716,-7.7817,3.1548,-0.2100,-1.0500,-0.4900,-0.0072,-0.0359,-0.0168,0
1340777,-4.9596,-7.7841,3.1500,0.6300,-0.7700,-0.1400,0.0215,-0.0263,-0.0048,0
1340816,-4.9788,-7.7889,3.1596,1.2600,-0.3500,-0.3500,0.0431,-0.0120,-0.0120,0
1340855,-5.0027,-7.7650,3.1668,0.0700,-1.1200,-0.3500,0.0024,-0.0383,-0.0120,0
1340894,-4.9644,-7.7937,3.1764,-0.2100,-0.9800,-0.5600,-0.0072,-0.0335,-0.0191,0
1340933,-4.9572,-7.7961,3.1596,0.7000,-0.5600,0.0700,0.0239,-0.0191,0.0024,0
1340972,-4.9309,-7.7674,3.1381,1.5400,-0.4200,0.6300,0.0527,-0.0144,0.0215,0
1341011,-4.9883,-7.7745,3.1811,1.8200,-0.2100,0.1400,0.0622,-0.0072,0.0048,0
1341050,-5.0219,-7.7530,3.2290,1.4000,-0.6300,0.2800,0.0479,-0.0215,0.0096,0
1341089,-4.9572,-7.7745,3.1788,1.0500,-0.6300,0.0000,0.0359,-0.0215,0.0000,0
1341128,-4.9692,-7.7745,3.1572,0.7000,-0.4900,-0.2800,0.0239,-0.0168,-0.0096,0
1341167,-4.9836,-7.7721,3.1931,0.0700,-0.9100,-0.4200,0.0024,-0.0311,-0.0144,0
1341206,-4.9429,-7.7889,3.1764,-0.3500,-0.7700,-0.6300,-0.0120,-0.0263,-0.0215,0
1341245,-4.9381,-7.7817,3.1596,0.4200,-0.1400,-0.2100,0.0144,-0.0048,-0.0072,0
1341284,-4.9572,-7.7530,3.1764,0.4900,-0.5600,-0.2100,0.0168,-0.0191,-0.0072,0
1341323,-4.9764,-7.7889,3.2242,0.0700,-0.7000,-0.8400,0.0024,-0.0239,-0.0287,0
1341362,-4.9668,-7.8033,3.1883,1.0500,-0.2100,0.1400,0.0359,-0.0072,0.0048,0
1341401,-4.9596,-7.7745,3.1883,0.5600,-0.2800,0.0000,0.0191,-0.0096,0.0000,0
1341440,-4.9548,-7.7841,3.1788,0.4200,-0.1400,-0.1400,0.0144,-0.0048,-0.0048,0
1341479,-4.9572,-7.7841,3.1764,0.9100,-0.2800,-0.0700,0.0311,-0.0096,-0.0024,0
1341518,-4.9764,-7.7769,3.2194,-0.1400,-0.0700,-0.4900,-0.0048,-0.0024,-0.0168,0
1341557,-4.9644,-7.7913,3.1907,0.3500,-0.0700,-0.1400,0.0120,-0.0024,-0.0048,0
1341596,-4.9572,-7.7817,3.1644,0.6300,-0.2100,0.0700,0.0215,-0.0072,0.0024,0
1341635,-4.9716,-7.7769,3.2194,0.4200,-0.2800,-0.1400,0.0144,-0.0096,-0.0048,0
1341674,-4.9692,-7.7698,3.2099,1.0500,-0.4200,0.3500,0.0359,-0.0144,0.0120,0
1341713,-4.9596,-7.7650,3.1907,1.1900,0.0700,0.0700,0.0407,0.0024,0.0024,0
1341752,-4.9596,-7.7482,3.1644,1.0500,-0.1400,0.0700,0.0359,-0.0048,0.0024,0
1341791,-4.9596,-7.7793,3.1931,0.5600,-0.3500,-0.3500,0.0191,-0.0120,-0.0120,0
1341830,-4.9764,-7.7889,3.2194,-0.1400,-0.6300,-0.3500,-0.0048,-0.0215,-0.0120,0
1341869,-4.9644,-7.7793,3.2194,0.0000,-0.5600,-0.2800,0.0000,-0.0191,-0.0096,0
1341908,-4.9716,-7.7698,3.2123,0.3500,-0.4900,-0.2800,0.0120,-0.0168,-0.0096,0
1341947,-4.9572,-7.7793,3.2194,0.4900,-0.4200,-0.1400,0.0168,-0.0144,-0.0048,0
1341986,-4.9285,-7.7554,3.1788,0.4200,0.1400,-0.4200,0.0144,0.0048,-0.0144,0
1342025,-4.9764,-7.7626,3.2218,0.5600,0.7000,-0.6300,0.0191,0.0239,-0.0215,0
1342064,-4.9548,-7.7506,3.1979,-0.4900,0.7000,-0.7000,-0.0168,0.0239,-0.0239,0
1342103,-4.9429,-7.8009,3.1883,0.2100,0.8400,-0.5600,0.0072,0.0287,-0.0191,0
1342142,-4.9788,-7.7650,3.1907,-0.2100,0.7000,-0.4200,-0.0072,0.0239,-0.0144,0
1342181,-4.9860,-7.8081,3.2075,-0.9800,0.6300,-0.9100,-0.0335,0.0215,-0.0311,0
1342220,-4.9788,-7.8104,3.1572,-0.8400,-0.7000,-0.3500,-0.0287,-0.0239,-0.0120,0
1342259,-4.9022,-7.8081,3.1285,-1.7500,-1.3300,-0.6300,-0.0598,-0.0455,-0.0215,0
1342298,-4.8902,-7.7937,3.1213,-0.7700,-0.2100,-0.4200,-0.0263,-0.0072,-0.0144,0
1342337,-4.9261,-7.7913,3.1285,0.4900,0.4200,0.2100,0.0168,0.0144,0.0072,0
1342376,-4.9692,-7.8081,3.1644,0.9100,0.6300,0.0000,0.0311,0.0215,0.0000,0
1342415,-5.0075,-7.8081,3.1907,-0.4200,0.1400,-0.2100,-0.0144,0.0048,-0.0072,0
1342454,-4.9620,-7.8344,3.1620,-0.8400,-0.4900,-0.2100,-0.0287,-0.0168,-0.0072,0
1342493,-4.9357,-7.8104,3.1213,-0.6300,-0.5600,-0.2800,-0.0215,-0.0191,-0.0096,0
1342532,-4.9094,-7.8224,3.1189,0.1400,-0.2100,0.0000,0.0048,-0.0072,0.0000,0
1342571,-4.9237,-7.7985,3.1117,0.8400,0.2100,0.3500,0.0287,0.0072,0.0120,0
1342610,-4.9381,-7.7937,3.0998,1.8900,0.3500,0.5600,0.0646,0.0120,0.0191,0
1342649,-4.9668,-7.8057,3.1261,1.8200,0.2100,0.4200,0.0622,0.0072,0.0144,0
1342688,-4.9860,-7.7937,3.1548,1.7500,-0.4200,0.4900,0.0598,-0.0144,0.0168,0
1342727,-4.9860,-7.7650,3.1428,0.8400,-0.9800,0.0000,0.0287,-0.0335,0.0000,0
1342766,-4.9572,-7.7937,3.1428,-0.5600,-1.1200,-0.9800,-0.0191,-0.0383,-0.0335,0
1342805,-4.9189,-7.7961,3.1261,-0.0700,-1.5400,-0.3500,-0.0024,-0.0527,-0.0120,0
1342844,-4.9453,-7.7650,3.1716,-1.1200,-2.1700,-0.5600,-0.0383,-0.0742,-0.0191,0
1342883,-4.9644,-7.7889,3.1907,-0.5600,-1.4700,-0.5600,-0.0191,-0.0503,-0.0191,0
1342922,-4.9596,-7.7937,3.1883,0.2800,-0.7000,-0.3500,0.0096,-0.0239,-0.0120,0
1342961,-4.9117,-7.7865,3.1405,0.7700,-0.4200,0.0000,0.0263,-0.0144,0.0000,0
1343000,-4.9644,-7.8128,3.1620,0.5600,-0.2100,-0.5600,0.0191,-0.0072,-0.0191,0
1343039,-4.9381,-7.8200,3.1955,-0.4200,-1.0500,-0.2800,-0.0144,-0.0359,-0.0096,0
1343078,-4.9261,-7.8033,3.1596,0.0000,-0.7700,-0.0700,0.0000,-0.0263,-0.0024,0
1343117,-4.9524,-7.7841,3.1811,-0.3500,-0.5600,-0.4900,-0.0120,-0.0191,-0.0168,0
1343156,-4.9285,-7.7865,3.1692,0.2100,-0.4900,-0.2800,0.0072,-0.0168,-0.0096,0
1343195,-4.9309,-7.8033,3.1788,0.7000,-0.2100,-0.2100,0.0239,-0.0072,-0.0072,0
1343234,-4.9261,-7.8104,3.1620,0.5600,-0.2100,-0.1400,0.0191,-0.0072,-0.0048,0
1343273,-4.9405,-7.8176,3.1716,0.8400,-0.1400,0.0000,0.0287,-0.0048,0.0000,0
1343312,-4.9524,-7.8104,3.1788,0.4200,-0.1400,-0.2100,0.0144,-0.0048,-0.0072,0
1343351,-4.9453,-7.8104,3.1668,0.0000,-0.2800,-0.2800,0.0000,-0.0096,-0.0096,0
1343390,-4.9117,-7.8033,3.1405,0.4200,-0.6300,0.1400,0.0144,-0.0215,0.0048,0
1343429,-4.9213,-7.7937,3.1788,0.7700,-0.2100,0.0000,0.0263,-0.0072,0.0000,0
1343468,-4.9405,-7.7865,3.1835,0.7000,-0.3500,0.2100,0.0239,-0.0120,0.0072,0
1343507,-4.9261,-7.7937,3.1548,1.0500,0.0700,-0.0700,0.0359,0.0024,-0.0024,0
1343546,-4.9405,-7.7937,3.1572,1.0500,-0.3500,0.0000,0.0359,-0.0120,0.0000,0
1343585,-4.9477,-7.8033,3.1692,0.1400,-0.4900,-0.2800,0.0048,-0.0168,-0.0096,0
1343624,-4.9620,-7.8057,3.2051,-0.3500,-0.7000,-0.3500,-0.0120,-0.0239,-0.0120,0
1343663,-4.9524,-7.8009,3.2075,-0.1400,-0.9100,-0.4900,-0.0048,-0.0311,-0.0168,0
1343702,-4.9381,-7.8176,3.1859,0.0000,-0.6300,-0.4900,0.0000,-0.0215,-0.0168,0
1343741,-4.8998,-7.7793,3.1572,0.7700,-1.1200,0.1400,0.0263,-0.0383,0.0048,0
1343780,-4.8974,-7.7913,3.1428,1.1900,-0.3500,-0.1400,0.0407,-0.0120,-0.0048,0
1343819,-4.9261,-7.8344,3.1859,1.2600,-0.4200,-0.1400,0.0431,-0.0144,-0.0048,0
1343858,-4.9524,-7.7889,3.2266,1.3300,-0.4900,0.4900,0.0455,-0.0168,0.0168,0
1343897,-4.9596,-7.7674,3.2171,0.3500,-0.3500,0.0000,0.0120,-0.0120,0.0000,0
1343936,-4.9333,-7.7650,3.1692,-4.1300,-0.9100,-1.1900,-0.1412,-0.0311,-0.0407,0
1343975,-4.9094,-7.7961,3.1500,-1.6800,-0.4200,-0.8400,-0.0574,-0.0144,-0.0287,0
1344014,-4.8926,-7.8224,3.1788,-0.6300,0.3500,-0.9100,-0.0215,0.0120,-0.0311,0
1344053,-4.9500,-7.8320,3.2290,1.0500,0.7700,0.0700,0.0359,0.0263,0.0024,0
1344092,-4.9333,-7.8033,3.1548,0.9100,0.8400,0.5600,0.0311,0.0287,0.0191,0
1344131,-4.9333,-7.7889,3.1237,0.5600,0.3500,0.3500,0.0191,0.0120,0.0120,0
1344170,-4.9477,-7.8009,3.1596,-0.9800,-0.4900,-0.7700,-0.0335,-0.0168,-0.0263,0
1344209,-4.9285,-7.8128,3.1811,-1.4700,-0.8400,-0.9100,-0.0503,-0.0287,-0.0311,0
1344248,-4.9716,-7.8583,3.1811,-0.7000,-0.7700,-0.2800,-0.0239,-0.0263,-0.0096,0
1344287,-4.8926,-7.8416,3.1333,0.0700,0.2800,-0.3500,0.0024,0.0096,-0.0120,0
1344326,-4.9094,-7.8344,3.1309,0.6300,0.5600,0.2800,0.0215,0.0191,0.0096,0
1344365,-4.9261,-7.8200,3.1309,0.8400,0.7700,0.4200,0.0287,0.0263,0.0144,0
1344404,-4.9405,-7.8248,3.1405,-0.2100,0.4900,0.1400,-0.0072,0.0168,0.0048,0
1344443,-4.9309,-7.8128,3.1141,0.2800,0.2100,0.0000,0.0096,0.0072,0.0000,0
1344482,-4.9261,-7.8176,3.1141,0.4200,0.0000,0.0700,0.0144,0.0000,0.0024,0
1344521,-4.9285,-7.8224,3.1213,0.2100,0.3500,0.0700,0.0072,0.0120,0.0024,0
1344560,-4.9213,-7.8320,3.0950,1.6800,-0.4200,0.4900,0.0574,-0.0144,0.0168,0
1344599,-4.9692,-7.8081,3.1452,1.1900,-0.6300,0.2100,0.0407,-0.0215,0.0072,0
1344638,-4.9285,-7.8009,3.1046,0.6300,-0.7700,0.0000,0.0215,-0.0263,0.0000,0
1344677,-4.9117,-7.8081,3.0758,0.8400,-0.5600,-0.1400,0.0287,-0.0191,-0.0048,0
1344716,-4.9405,-7.8176,3.1333,0.4200,-0.5600,-0.3500,0.0144,-0.0191,-0.0120,0
1344755,-4.9548,-7.8320,3.1572,0.4200,-0.7700,-0.2800,0.0144,-0.0263,-0.0096,0
1344794,-4.9572,-7.8272,3.1644,-0.6300,-1.3300,-0.5600,-0.0215,-0.0455,-0.0191,0
1344833,-4.9524,-7.8200,3.1692,-1.3300,-1.9600,-0.4900,-0.0455,-0.0670,-0.0168,0
1344872,-4.9500,-7.8296,3.1524,0.2100,-0.9100,-0.7700,0.0072,-0.0311,-0.0263,0
1344911,-4.8950,-7.8128,3.1309,0.4900,-0.7700,-0.2800,0.0168,-0.0263,-0.0096,0
1344950,-4.8902,-7.8320,3.1405,0.7700,-0.3500,-0.2100,0.0263,-0.0120,-0.0072,0
1344989,-4.9141,-7.8224,3.1548,1.2600,0.0700,0.0700,0.0431,0.0024,0.0024,0
1345028,-4.9429,-7.8224,3.1572,0.8400,0.0700,-0.0700,0.0287,0.0024,-0.0024,0
1345067,-4.9429,-7.8320,3.1572,0.0700,-0.4200,-0.2100,0.0024,-0.0144,-0.0072,0
1345106,-4.8950,-7.8272,3.1309,-0.0700,-0.4200,-0.2100,-0.0024,-0.0144,-0.0072,0
1345145,-4.9022,-7.8272,3.1189,0.7700,-0.5600,0.2800,0.0263,-0.0191,0.0096,0
1345184,-4.9213,-7.7961,3.1596,1.1900,-0.5600,0.2800,0.0407,-0.0191,0.0096,0
1345223,-4.9213,-7.7937,3.1788,0.8400,-0.2100,-0.2100,0.0287,-0.0072,-0.0072,0
1345262,-4.9094,-7.8296,3.1309,0.9100,0.2100,-0.3500,0.0311,0.0072,-0.0120,0
1345301,-4.8998,-7.8224,3.1333,1.0500,-0.0700,0.2800,0.0359,-0.0024,0.0096,0
1345340,-4.9740,-7.8057,3.1931,0.4200,-0.3500,-0.2800,0.0144,-0.0120,-0.0096,0
1345379,-4.9141,-7.8057,3.1596,-0.2800,-0.9800,-0.2100,-0.0096,-0.0335,-0.0072,0
1345418,-4.8926,-7.8200,3.1309,0.1400,-0.4900,-0.5600,0.0048,-0.0168,-0.0191,0
1345457,-4.9357,-7.8320,3.1859,-0.3500,-0.4200,-0.6300,-0.0120,-0.0144,-0.0215,0
1345496,-4.9213,-7.8200,3.1668,-0.0700,-0.2800,-0.2800,-0.0024,-0.0096,-0.0096,0
1345535,-4.9165,-7.8296,3.1500,0.7700,-0.2100,-0.1400,0.0263,-0.0072,-0.0048,0
1345574,-4.9261,-7.8104,3.1740,0.2100,-0.5600,-0.2100,0.0072,-0.0191,-0.0072,0
1345613,-4.9141,-7.8200,3.1835,0.0000,-0.3500,-0.4200,0.0000,-0.0120,-0.0144,0
1345652,-4.8974,-7.8392,3.1452,0.7700,-0.0700,-0.1400,0.0263,-0.0024,-0.0048,0
1345691,-4.9094,-7.8128,3.1476,0.3500,-0.0700,-0.1400,0.0120,-0.0024,-0.0048,0
1345730,-4.8974,-7.8320,3.1428,0.7000,-0.4900,0.0000,0.0239,-0.0168,0.0000,0
1345769,-4.9261,-7.8296,3.1692,0.4900,-0.5600,0.0700,0.0168,-0.0191,0.0024,0
1345808,-4.9046,-7.8128,3.1692,0.2100,-0.2800,-0.2100,0.0072,-0.0096,-0.0072,0
1345847,-4.9046,-7.7985,3.1357,0.6300,-0.3500,0.0000,0.0215,-0.0120,0.0000,0
1345886,-4.9070,-7.8176,3.1596,0.6300,-0.4900,-0.2800,0.0215,-0.0168,-0.0096,0
1345925,-4.9213,-7.8464,3.1811,0.3500,-0.7000,-0.2800,0.0120,-0.0239,-0.0096,0
1345964,-4.9165,-7.8176,3.1811,0.4900,-0.8400,0.0000,0.0168,-0.0287,0.0000,0
1346003,-4.8998,-7.8272,3.1668,0.5600,-0.7700,-0.1400,0.0191,-0.0263,-0.0048,0
1346042,-4.9189,-7.8104,3.1811,0.3500,-0.8400,-0.0700,0.0120,-0.0287,-0.0024,0
1346081,-4.9070,-7.7985,3.1955,-0.5600,-0.2800,-0.3500,-0.0191,-0.0096,-0.0120,0
1346120,-4.9022,-7.8033,3.1692,-0.2100,0.0700,-0.3500,-0.0072,0.0024,-0.0120,0
1346159,-4.8974,-7.8224,3.1428,-0.1400,0.5600,-0.6300,-0.0048,0.0191,-0.0215,0
1346198,-4.9094,-7.8559,3.1644,-0.2100,0.5600,-0.4200,-0.0072,0.0191,-0.0144,0
1346237,-4.9141,-7.8487,3.1644,-0.4900,0.4200,-0.3500,-0.0168,0.0144,-0.0120,0
1346276,-4.9094,-7.8296,3.1572,-0.0700,0.0700,0.0700,-0.0024,0.0024,0.0024,0
1346315,-4.9046,-7.8296,3.1548,-0.0700,0.0700,-0.0700,-0.0024,0.0024,-0.0024,0
1346354,-4.8854,-7.8104,3.1357,0.6300,0.0000,0.3500,0.0215,0.0000,0.0120,0
1346393,-4.8663,-7.8200,3.0998,0.4900,0.7000,0.0000,0.0168,0.0239,0.0000,0
1346432,-4.9165,-7.8487,3.1093,0.4900,1.1900,0.0700,0.0168,0.0407,0.0024,0
1346471,-4.9357,-7.8344,3.1428,0.1400,0.4200,0.2100,0.0048,0.0144,0.0072,0
1346510,-4.9405,-7.8368,3.1524,0.3500,0.1400,0.0700,0.0120,0.0048,0.0024,0
1346549,-4.9429,-7.8152,3.1405,-0.0700,-0.3500,0.0000,-0.0024,-0.0120,0.0000,0
1346588,-4.9141,-7.8248,3.1141,-0.4200,-0.5600,-0.4900,-0.0144,-0.0191,-0.0168,0
1346627,-4.8998,-7.8272,3.1117,0.0700,-0.4200,-0.2800,0.0024,-0.0144,-0.0096,0
1346666,-4.9094,-7.8272,3.1093,0.6300,-0.0700,-0.0700,0.0215,-0.0024,-0.0024,0
1346705,-4.9141,-7.8392,3.1285,0.9100,-0.2100,0.0000,0.0311,-0.0072,0.0000,0
1346744,-4.9237,-7.8416,3.1428,1.3300,-0.2800,0.1400,0.0455,-0.0096,0.0048,0
1346783,-4.9405,-7.8081,3.1428,0.4900,-0.3500,0.1400,0.0168,-0.0120,0.0048,0
1346822,-4.9165,-7.8368,3.1189,0.2800,-0.6300,-0.2800,0.0096,-0.0215,-0.0096,0
1346861,-4.9022,-7.8296,3.1022,0.4900,-0.9100,-0.1400,0.0168,-0.0311,-0.0048,0
1346900,-4.9333,-7.8272,3.1548,0.2100,-1.3300,-0.3500,0.0072,-0.0455,-0.0120,0
1346939,-4.9213,-7.8224,3.1764,0.9100,-1.4000,-0.0700,0.0311,-0.0479,-0.0024,0
1346978,-4.8974,-7.8057,3.1428,0.2100,-0.8400,-0.2800,0.0072,-0.0287,-0.0096,0
1347017,-4.8926,-7.8176,3.1285,0.5600,-0.4200,-0.2100,0.0191,-0.0144,-0.0072,0
1347056,-4.9189,-7.8344,3.1572,0.4200,-0.2100,-0.2800,0.0144,-0.0072,-0.0096,0
1347095,-4.9261,-7.8368,3.1500,-1.0500,-1.1200,-0.3500,-0.0359,-0.0383,-0.0120,0
1347134,-4.9141,-7.8152,3.1668,-0.1400,-0.9800,-0.4200,-0.0048,-0.0335,-0.0144,0
1347173,-4.9022,-7.8392,3.1381,-0.2100,-0.7700,-0.6300,-0.0072,-0.0263,-0.0215,0
1347212,-4.8902,-7.8464,3.1333,0.1400,-0.7700,-0.2800,0.0048,-0.0263,-0.0096,0
1347251,-4.8663,-7.8392,3.1285,0.5600,-0.3500,-0.0700,0.0191,-0.0120,-0.0024,0
1347290,-4.8902,-7.8416,3.1524,0.7700,-0.0700,-0.2100,0.0263,-0.0024,-0.0072,0
1347329,-4.8878,-7.8320,3.1261,0.7700,-0.1400,-0.0700,0.0263,-0.0048,-0.0024,0
1347368,-4.8878,-7.8392,3.1285,0.4200,-0.2100,-0.2100,0.0144,-0.0072,-0.0072,0
1347407,-4.8950,-7.8583,3.1357,0.4900,-0.2100,-0.1400,0.0168,-0.0072,-0.0048,0
1347446,-4.9070,-7.8320,3.1524,-0.3500,-0.4900,-0.1400,-0.0120,-0.0168,-0.0048,0
1347485,-4.8806,-7.8511,3.1452,0.0000,-0.7000,0.0000,0.0000,-0.0239,0.0000,0
1347524,-4.9189,-7.8440,3.1692,0.3500,-0.6300,-0.0700,0.0120,-0.0215,-0.0024,0
1347563,-4.8950,-7.8368,3.1668,0.7700,0.0000,-0.1400,0.0263,0.0000,-0.0048,0
1347602,-4.8830,-7.8344,3.1213,1.3300,0.1400,0.0700,0.0455,0.0048,0.0024,0
1347641,-4.8974,-7.8392,3.1261,0.9100,-0.0700,0.0700,0.0311,-0.0024,0.0024,0
1347680,-4.8974,-7.8440,3.1405,0.4900,-0.4900,-0.0700,0.0168,-0.0168,-0.0024,0
1347719,-4.9046,-7.8344,3.1644,0.1400,-0.2800,-0.1400,0.0048,-0.0096,-0.0048,0
1347758,-4.9070,-7.8296,3.1524,0.0700,-0.4200,-0.2100,0.0024,-0.0144,-0.0072,0
1347797,-4.8878,-7.8176,3.1213,0.0700,-0.4200,-0.2800,0.0024,-0.0144,-0.0096,0
1347836,-4.8998,-7.8344,3.1500,0.2800,-0.2800,-0.4200,0.0096,-0.0096,-0.0144,0
1347875,-4.8806,-7.8344,3.1548,0.4900,-0.3500,-0.0700,0.0168,-0.0120,-0.0024,0
1347914,-4.8998,-7.8344,3.1381,0.4900,-0.2100,-0.2100,0.0168,-0.0072,-0.0072,0
1347953,-4.8974,-7.8511,3.1548,0.2100,-0.5600,-0.3500,0.0072,-0.0191,-0.0120,0
1347992,-4.9022,-7.8559,3.1644,0.2800,-0.4900,-0.2100,0.0096,-0.0168,-0.0072,0
1348031,-4.8830,-7.8535,3.1285,0.2800,-0.7700,0.0000,0.0096,-0.0263,0.0000,0
1348070,-4.8806,-7.8416,3.1500,1.0500,-1.1200,0.2100,0.0359,-0.0383,0.0072,0
1348109,-4.9141,-7.8081,3.1716,-0.7700,-1.7500,0.1400,-0.0263,-0.0598,0.0048,0
1348148,-4.8926,-7.8057,3.1548,-0.5600,-0.4200,-0.4900,-0.0191,-0.0144,-0.0168,0
1348187,-4.8423,-7.8416,3.1069,-0.2800,0.5600,-0.8400,-0.0096,0.0191,-0.0287,0
1348226,-4.8806,-7.8631,3.1261,-0.2100,0.6300,-0.5600,-0.0072,0.0215,-0.0191,0
1348265,-4.9237,-7.8511,3.1835,0.3500,0.7000,-0.2800,0.0120,0.0239,-0.0096,0
1348304,-4.9213,-7.8511,3.1668,-0.2100,0.3500,0.1400,-0.0072,0.0120,0.0048,0
1348343,-4.8926,-7.8416,3.1333,0.0700,0.1400,0.2100,0.0024,0.0048,0.0072,0
1348382,-4.8806,-7.8296,3.1093,-0.9100,0.0000,-0.3500,-0.0311,0.0000,-0.0120,0
1348421,-4.8615,-7.8344,3.1117,-0.4200,0.2800,-0.4900,-0.0144,0.0096,-0.0168,0
1348460,-4.8854,-7.8775,3.1261,0.0000,0.7700,-0.4900,0.0000,0.0263,-0.0168,0
1348499,-4.8854,-7.8894,3.1237,0.1400,0.7700,0.1400,0.0048,0.0263,0.0048,0
1348538,-4.8974,-7.8583,3.0878,0.8400,0.8400,0.5600,0.0287,0.0287,0.0191,0
1348577,-4.8974,-7.8152,3.0926,0.1400,0.4200,0.2800,0.0048,0.0144,0.0096,0
1348616,-4.9165,-7.8847,3.1237,-0.1400,0.8400,-0.4200,-0.0048,0.0287,-0.0144,0
1348655,-4.8735,-7.7841,3.0567,1.5400,1.2600,0.4900,0.0527,0.0431,0.0168,0
1348694,-4.8806,-7.8966,3.1069,3.8500,1.1200,-1.0500,0.1317,0.0383,-0.0359,0
1348733,-4.9189,-7.8559,3.1261,2.7300,0.8400,-0.7000,0.0934,0.0287,-0.0239,0
1348772,-4.8806,-7.8679,3.0878,1.7500,0.2100,0.6300,0.0598,0.0072,0.0215,0
1348811,-4.8950,-7.8009,3.0686,1.8200,1.1200,0.9100,0.0622,0.0383,0.0311,0
1348850,-4.9644,-7.7961,3.1500,0.2800,0.3500,-0.5600,0.0096,0.0120,-0.0191,0
1348889,-4.9548,-7.8440,3.1644,-0.6300,-1.2600,-0.4900,-0.0215,-0.0431,-0.0168,0
1348928,-4.8854,-7.8392,3.1069,-0.4200,-1.5400,-0.4200,-0.0144,-0.0527,-0.0144,0
1348967,-4.8423,-7.8272,3.0519,-0.2100,-1.1200,-0.2800,-0.0072,-0.0383,-0.0096,0
1349006,-4.9022,-7.8344,3.1117,-0.2800,-0.8400,-0.5600,-0.0096,-0.0287,-0.0191,0
1349045,-4.9094,-7.8511,3.1261,-0.6300,-1.4700,-0.7700,-0.0215,-0.0503,-0.0263,0
1349084,-4.8854,-7.8607,3.1261,-0.9100,-1.3300,-0.9100,-0.0311,-0.0455,-0.0311,0
1349123,-4.8639,-7.8535,3.0974,-0.0700,-1.2600,-0.1400,-0.0024,-0.0431,-0.0048,0
1349162,-4.9070,-7.8679,3.1476,-1.1200,-0.9100,-0.6300,-0.0383,-0.0311,-0.0215,0
1349201,-4.9070,-7.8679,3.1596,-0.4200,-0.7700,-0.4900,-0.0144,-0.0263,-0.0168,0
1349240,-4.8806,-7.8535,3.1022,1.0500,-0.7000,0.4200,0.0359,-0.0239,0.0144,0
1349279,-4.8615,-7.8535,3.0902,1.3300,-0.6300,0.2800,0.0455,-0.0215,0.0096,0
1349318,-4.8854,-7.8248,3.1500,1.1200,-0.1400,0.1400,0.0383,-0.0048,0.0048,0
1349357,-4.8950,-7.8559,3.1405,1.1900,0.0000,0.0000,0.0407,0.0000,0.0000,0
1349396,-4.8830,-7.8416,3.0950,0.9800,-0.0700,0.0000,0.0335,-0.0024,0.0000,0
1349435,-4.8926,-7.8464,3.1285,0.4900,0.0000,-0.1400,0.0168,0.0000,-0.0048,0
1349474,-4.9022,-7.8440,3.1405,0.4200,-0.2100,-0.2800,0.0144,-0.0072,-0.0096,0
1349513,-4.9070,-7.8392,3.1524,-0.2800,-0.7000,-0.2800,-0.0096,-0.0239,-0.0096,0
1349552,-4.8711,-7.8487,3.1237,-0.2800,-0.7000,-0.2100,-0.0096,-0.0239,-0.0072,0
1349591,-4.8902,-7.8248,3.1333,0.6300,-0.2100,-0.0700,0.0215,-0.0072,-0.0024,0
1349630,-4.8758,-7.8440,3.1165,0.7000,-0.2100,-0.2800,0.0239,-0.0072,-0.0096,0
1349669,-4.8830,-7.8655,3.1189,0.4900,-0.2800,-0.2800,0.0168,-0.0096,-0.0096,0
1349708,-4.8998,-7.8392,3.1261,-0.1400,-0.7000,-0.2800,-0.0048,-0.0239,-0.0096,0
1349747,-4.8902,-7.8775,3.1357,-1.1200,-0.5600,-0.7700,-0.0383,-0.0191,-0.0263,0
1349786,-4.8806,-7.8703,3.1333,-0.7000,-1.1200,-0.4900,-0.0239,-0.0383,-0.0168,0
1349825,-4.8160,-7.8583,3.0663,-1.1200,-1.4700,0.0000,-0.0383,-0.0503,0.0000,0
1349864,-4.8663,-7.8679,3.1213,0.3500,-0.7000,0.1400,0.0120,-0.0239,0.0048,0
1349903,-4.9094,-7.8607,3.1500,1.1900,-0.7700,0.4900,0.0407,-0.0263,0.0168,0
1349942,-4.8687,-7.8440,3.1189,0.7700,-0.7700,0.0700,0.0263,-0.0263,0.0024,0
1349981,-4.8758,-7.8655,3.1117,0.6300,-0.4200,-0.2800,0.0215,-0.0144,-0.0096,0
1350020,-4.8758,-7.8679,3.1261,0.5600,-0.7000,-0.0700,0.0191,-0.0239,-0.0024,0
1350059,-4.8806,-7.8464,3.1117,0.3500,-0.8400,0.0700,0.0120,-0.0287,0.0024,0
1350098,-4.8735,-7.8535,3.1285,-1.3300,-1.4700,-0.4200,-0.0455,-0.0503,-0.0144,0
1350137,-4.8567,-7.8703,3.1165,-1.2600,-1.6100,-0.8400,-0.0431,-0.0551,-0.0287,0
1350176,-4.8735,-7.8847,3.1596,-1.4000,-1.2600,-1.2600,-0.0479,-0.0431,-0.0431,0
1350215,-4.8232,-7.8679,3.0926,0.5600,-0.6300,-0.1400,0.0191,-0.0215,-0.0048,0
1350254,-4.8423,-7.8607,3.1141,0.0700,0.0700,-0.5600,0.0024,0.0024,-0.0191,0
1350293,-4.8543,-7.8799,3.1117,0.4200,-0.2800,-0.6300,0.0144,-0.0096,-0.0215,0
1350332,-4.8423,-7.8870,3.0950,0.2800,-0.0700,-0.7000,0.0096,-0.0024,-0.0239,0
1350371,-4.8543,-7.9014,3.1046,-0.2800,0.0000,-0.3500,-0.0096,0.0000,-0.0120,0
1350410,-4.8543,-7.8990,3.0974,-1.3300,0.1400,-0.2800,-0.0455,0.0048,-0.0096,0
1350449,-4.8208,-7.8847,3.0686,-0.5600,-0.2800,0.0700,-0.0191,-0.0096,0.0024,0
1350488,-4.8352,-7.8751,3.0782,-1.3300,-0.4200,-0.2100,-0.0455,-0.0144,-0.0072,0
1350527,-4.8806,-7.8799,3.0998,-1.1900,0.0700,-0.4200,-0.0407,0.0024,-0.0144,0
1350566,-4.8423,-7.9134,3.0567,-0.7700,0.4200,-0.4900,-0.0263,0.0144,-0.0168,0
1350605,-4.8375,-7.9206,3.0519,-0.0700,0.2800,-0.3500,-0.0024,0.0096,-0.0120,0
1350644,-4.8639,-7.9086,3.0926,-0.1400,-0.1400,0.1400,-0.0048,-0.0048,0.0048,0
1350683,-4.8328,-7.9229,3.0734,0.2100,0.2100,-0.0700,0.0072,0.0072,-0.0024,0
1350722,-4.8280,-7.9038,3.0519,0.9100,0.5600,0.4900,0.0311,0.0191,0.0168,0
1350761,-4.8352,-7.8823,3.0471,1.5400,0.7000,0.9100,0.0527,0.0239,0.0311,0
1350800,-4.8711,-7.8942,3.0615,2.2400,0.6300,0.6300,0.0766,0.0215,0.0215,0
1350839,-4.9022,-7.9038,3.0926,2.1700,0.2800,0.5600,0.0742,0.0096,0.0191,0
1350878,-4.8878,-7.8703,3.0686,2.2400,-0.3500,0.7700,0.0766,-0.0120,0.0263,0
1350917,-4.8615,-7.8464,3.0447,1.1900,-0.7000,0.1400,0.0407,-0.0239,0.0048,0
1350956,-4.8495,-7.8751,3.0351,-0.0700,-0.6300,-0.4900,-0.0024,-0.0215,-0.0168,0
1350995,-4.8375,-7.8847,3.0519,-0.4900,-0.4900,-0.3500,-0.0168,-0.0168,-0.0120,0
1351034,-4.8495,-7.8799,3.0543,0.9100,-0.2800,0.0700,0.0311,-0.0096,0.0024,0
1351073,-4.8998,-7.8799,3.1069,-0.1400,-0.8400,-0.4900,-0.0048,-0.0287,-0.0168,0
1351112,-4.8615,-7.8823,3.0998,-0.4900,-0.6300,-0.4200,-0.0168,-0.0215,-0.0144,0
1351151,-4.8447,-7.9014,3.0399,0.9800,-0.4200,0.2800,0.0335,-0.0144,0.0096,0
1351190,-4.8926,-7.8583,3.1022,-0.4200,-0.2800,-0.1400,-0.0144,-0.0096,-0.0048,0
1351229,-4.8519,-7.8464,3.0758,-0.0700,-0.6300,-0.4900,-0.0024,-0.0215,-0.0168,0
1351268,-4.8806,-7.8990,3.0806,0.1400,-0.3500,-0.9100,0.0048,-0.0120,-0.0311,0
1351307,-4.8974,-7.8966,3.1117,-0.9800,-0.9100,-1.0500,-0.0335,-0.0311,-0.0359,0
1351346,-4.8328,-7.9038,3.0639,-0.3500,-1.4000,-0.4900,-0.0120,-0.0479,-0.0168,0
1351385,-4.8136,-7.8870,3.0543,0.5600,-0.7700,-0.1400,0.0191,-0.0263,-0.0048,0
1351424,-4.8567,-7.9062,3.1093,0.5600,-0.4200,-0.3500,0.0191,-0.0144,-0.0120,0
1351463,-4.8567,-7.9253,3.0806,0.1400,-0.2100,-0.0700,0.0048,-0.0072,-0.0024,0
1351502,-4.8184,-7.8823,3.0256,0.7700,-0.2800,0.6300,0.0263,-0.0096,0.0215,0
1351541,-4.8471,-7.8775,3.0710,0.3500,0.1400,-0.2800,0.0120,0.0048,-0.0096,0
1351580,-4.8950,-7.8990,3.1405,0.3500,-0.2800,-0.2800,0.0120,-0.0096,-0.0096,0
1351619,-4.8735,-7.9134,3.1213,0.6300,-0.4200,0.0000,0.0215,-0.0144,0.0000,0
1351658,-4.8352,-7.8823,3.0758,0.8400,-0.2100,0.2800,0.0287,-0.0072,0.0096,0
1351697,-4.8399,-7.8775,3.0567,1.1200,0.1400,0.2800,0.0383,0.0048,0.0096,0
1351736,-4.8639,-7.8775,3.0710,0.7000,-0.0700,-0.0700,0.0239,-0.0024,-0.0024,0
1351775,-4.8399,-7.8775,3.0950,0.2100,-0.8400,-0.2100,0.0072,-0.0287,-0.0072,0
1351814,-4.8352,-7.8870,3.0830,0.2100,-0.3500,-0.6300,0.0072,-0.0120,-0.0215,0
1351853,-4.8615,-7.9134,3.0926,0.1400,-0.1400,-0.4200,0.0048,-0.0048,-0.0144,0
1351892,-4.8352,-7.8990,3.0686,0.4200,-0.7000,0.0700,0.0144,-0.0239,0.0024,0
1351931,-4.8304,-7.8918,3.0686,0.7700,-0.3500,-0.3500,0.0263,-0.0120,-0.0120,0
1351970,-4.8639,-7.8870,3.0758,0.8400,-0.4200,0.2800,0.0287,-0.0144,0.0096,0
1352009,-4.8639,-7.8631,3.0734,0.7700,-0.2800,-0.2100,0.0263,-0.0096,-0.0072,0
1352048,-4.8567,-7.8703,3.1022,-2.8700,-1.6800,-0.8400,-0.0981,-0.0574,-0.0287,0
1352087,-4.8375,-7.9397,3.1165,-1.0500,-0.4900,-0.6300,-0.0359,-0.0168,-0.0215,0
1352126,-4.8711,-7.8990,3.1309,1.6100,0.2100,0.2800,0.0551,0.0072,0.0096,0
1352165,-4.8663,-7.8703,3.1069,0.0000,-0.2100,-0.2800,0.0000,-0.0072,-0.0096,0
1352204,-4.8160,-7.9253,3.0686,0.3500,-0.2800,-0.4900,0.0120,-0.0096,-0.0168,0
1352243,-4.8567,-7.8894,3.1046,1.8900,-0.5600,0.4200,0.0646,-0.0191,0.0144,0
1352282,-4.8304,-7.8751,3.0926,1.0500,-0.2800,0.3500,0.0359,-0.0096,0.0120,0
1352321,-4.8423,-7.8894,3.0519,1.1200,0.3500,-0.3500,0.0383,0.0120,-0.0120,0
1352360,-4.8184,-7.9014,3.0471,0.6300,-0.6300,-0.1400,0.0215,-0.0215,-0.0048,0
1352399,-4.8423,-7.8942,3.0830,0.2800,-0.2800,-0.2800,0.0096,-0.0096,-0.0096,0
1352438,-4.8519,-7.8799,3.1093,0.1400,-0.4900,0.1400,0.0048,-0.0168,0.0048,0
1352477,-4.8615,-7.8751,3.1213,0.5600,-0.2100,-0.2800,0.0191,-0.0072,-0.0096,0
1352516,-4.8567,-7.8847,3.1093,0.4900,-0.3500,-0.2100,0.0168,-0.0120,-0.0072,0
1352555,-4.8471,-7.9086,3.1022,0.3500,0.0000,-0.3500,0.0120,0.0000,-0.0120,0
1352594,-4.8711,-7.8990,3.1093,0.3500,-0.2100,-0.2100,0.0120,-0.0072,-0.0072,0
1352633,-4.8328,-7.8847,3.0878,0.4900,-0.4200,0.0700,0.0168,-0.0144,0.0024,0
1352672,-4.8567,-7.8942,3.1261,0.2800,-0.1400,-0.4200,0.0096,-0.0048,-0.0144,0
1352711,-4.8567,-7.8751,3.1117,0.0700,-0.2800,-0.0700,0.0024,-0.0096,-0.0024,0
1352750,-4.8375,-7.8942,3.0686,0.6300,-0.1400,-0.0700,0.0215,-0.0048,-0.0024,0
1352789,-4.8328,-7.8942,3.0806,0.5600,-0.4200,0.0000,0.0191,-0.0144,0.0000,0
1352828,-4.8543,-7.8870,3.1069,1.0500,-0.3500,0.1400,0.0359,-0.0120,0.0048,0
1352867,-4.8399,-7.8679,3.1117,0.6300,-0.6300,0.1400,0.0215,-0.0215,0.0048,0
1352906,-4.8328,-7.8535,3.0758,0.7000,-0.0700,0.0000,0.0239,-0.0024,0.0000,0
1352945,-4.8495,-7.8799,3.0998,0.1400,0.0700,-0.2800,0.0048,0.0024,-0.0096,0
1352984,-4.8519,-7.8870,3.1093,0.0700,0.2100,-0.3500,0.0024,0.0072,-0.0120,0
1353023,-4.8591,-7.8966,3.1093,0.0700,0.0000,-0.2100,0.0024,0.0000,-0.0072,0
1353062,-4.8687,-7.8823,3.1381,-0.3500,0.0700,-0.3500,-0.0120,0.0024,-0.0120,0
1353101,-4.8519,-7.8894,3.1046,-0.4200,0.0700,-0.3500,-0.0144,0.0024,-0.0120,0
1353140,-4.8304,-7.8894,3.0734,-0.5600,0.1400,-0.3500,-0.0191,0.0048,-0.0120,0
1353179,-4.8328,-7.8942,3.0758,-0.2800,0.2100,-0.4200,-0.0096,0.0072,-0.0144,0
1353218,-4.8447,-7.8870,3.0902,0.0700,0.4200,0.0000,0.0024,0.0144,0.0000,0
1353257,-4.8663,-7.8894,3.0782,0.2800,0.7700,-0.0700,0.0096,0.0263,-0.0024,0
1353296,-4.8687,-7.9038,3.0686,0.2800,0.4200,0.0700,0.0096,0.0144,0.0024,0
1353335,-4.8639,-7.9014,3.0734,0.9100,0.5600,0.0700,0.0311,0.0191,0.0024,0
1353374,-4.8543,-7.8751,3.0663,-0.5600,0.2800,0.0700,-0.0191,0.0096,0.0024,0
1353413,-4.8591,-7.8942,3.0782,-0.4200,0.4200,-0.1400,-0.0144,0.0144,-0.0048,0
1353452,-4.8735,-7.8918,3.0878,1.0500,0.4900,0.2800,0.0359,0.0168,0.0096,0
1353491,-4.8495,-7.8799,3.0423,0.9100,0.6300,0.2800,0.0311,0.0215,0.0096,0
1353530,-4.8423,-7.8727,2.9897,1.4700,0.9800,0.5600,0.0503,0.0335,0.0191,0
1353569,-4.8926,-7.8870,3.0686,0.0700,0.5600,-0.0700,0.0024,0.0191,-0.0024,0
1353608,-4.9022,-7.8918,3.0806,0.0000,-0.0700,-0.4200,0.0000,-0.0024,-0.0144,0
1353647,-4.9022,-7.9038,3.0734,-0.4900,0.5600,-0.9800,-0.0168,0.0191,-0.0335,0
1353686,-4.8782,-7.9086,3.0519,0.0700,-0.4900,-0.3500,0.0024,-0.0168,-0.0120,0
1353725,-4.8495,-7.8727,3.0471,0.6300,-0.2800,0.0000,0.0215,-0.0096,0.0000,0
1353764,-4.8591,-7.8583,3.0160,4.2700,-1.1200,0.4200,0.1460,-0.0383,0.0144,0
1353803,-4.8926,-7.8751,3.1165,2.8000,-1.6100,-0.3500,0.0957,-0.0551,-0.0120,0
1353842,-4.8735,-7.9014,3.0974,1.8900,-1.1200,-0.1400,0.0646,-0.0383,-0.0048,0
1353881,-4.8256,-7.8607,3.0591,1.6100,-0.6300,0.4200,0.0551,-0.0215,0.0144,0
1353920,-4.9022,-7.8583,3.1333,-0.1400,-0.2100,-0.7700,-0.0048,-0.0072,-0.0263,0
1353959,-4.8854,-7.8631,3.1261,-0.6300,-1.2600,-0.7700,-0.0215,-0.0431,-0.0263,0
1353998,-4.8471,-7.8799,3.1117,-1.8200,-1.3300,-0.9100,-0.0622,-0.0455,-0.0311,0
1354037,-4.8543,-7.8942,3.1046,-0.7700,-1.1200,-0.4900,-0.0263,-0.0383,-0.0168,0
1354076,-4.8711,-7.8751,3.1189,0.4200,-0.8400,0.1400,0.0144,-0.0287,0.0048,0
1354115,-4.8735,-7.8703,3.1261,-0.9100,-0.9100,-0.6300,-0.0311,-0.0311,-0.0215,0
1354154,-4.8328,-7.8823,3.0639,-0.3500,-0.4200,-0.4900,-0.0120,-0.0144,-0.0168,0
1354193,-4.8184,-7.8751,3.0447,0.9100,-0.4200,0.2100,0.0311,-0.0144,0.0072,0
1354232,-4.8926,-7.9062,3.1381,-0.5600,-0.9100,-0.2100,-0.0191,-0.0311,-0.0072,0
1354271,-4.8902,-7.8847,3.1405,-0.4200,-1.2600,-0.0700,-0.0144,-0.0431,-0.0024,0
1354310,-4.8471,-7.9014,3.0974,-0.1400,-0.6300,-0.6300,-0.0048,-0.0215,-0.0215,0
1354349,-4.8280,-7.9134,3.0734,0.1400,-0.5600,-0.2100,0.0048,-0.0191,-0.0072,0
1354388,-4.8375,-7.8799,3.0902,0.5600,-0.4900,0.1400,0.0191,-0.0168,0.0048,0
1354427,-4.8423,-7.8894,3.0998,0.4200,-0.4200,-0.2100,0.0144,-0.0144,-0.0072,0
1354466,-4.8232,-7.8799,3.0950,0.6300,-0.2800,0.0700,0.0215,-0.0096,0.0024,0
1354505,-4.8423,-7.8990,3.0854,0.7700,-0.2100,-0.1400,0.0263,-0.0072,-0.0048,0
1354544,-4.8543,-7.9038,3.1046,0.1400,-0.2800,-0.3500,0.0048,-0.0096,-0.0120,0
1354583,-4.8447,-7.9110,3.0998,-0.0700,-0.2800,-0.4200,-0.0024,-0.0096,-0.0144,0
1354622,-4.8064,-7.9110,3.0878,0.2100,-0.5600,-0.1400,0.0072,-0.0191,-0.0048,0
1354661,-4.8663,-7.8847,3.1357,0.1400,-0.5600,0.0000,0.0048,-0.0191,0.0000,0
1354700,-4.8280,-7.8775,3.0974,0.5600,-0.4900,-0.1400,0.0191,-0.0168,-0.0048,0
1354739,-4.8208,-7.9158,3.0710,0.5600,0.1400,-0.4200,0.0191,0.0048,-0.0144,0
1354778,-4.8256,-7.8894,3.0591,1.0500,-0.2800,0.0700,0.0359,-0.0096,0.0024,0
1354817,-4.8352,-7.8990,3.0710,0.6300,-0.4900,-0.0700,0.0215,-0.0168,-0.0024,0
1354856,-4.8423,-7.9086,3.0974,0.2800,-0.4200,-0.4200,0.0096,-0.0144,-0.0144,0
1354895,-4.8423,-7.9086,3.1117,-0.0700,-0.8400,-0.4900,-0.0024,-0.0287,-0.0168,0
1354934,-4.8016,-7.8894,3.0663,-1.1200,-1.4000,-0.4200,-0.0383,-0.0479,-0.0144,0
1354973,-4.7873,-7.8966,3.0471,-0.3500,-1.3300,-0.2800,-0.0120,-0.0455,-0.0096,0
1355012,-4.8016,-7.8847,3.0663,-0.0700,-1.3300,-0.3500,-0.0024,-0.0455,-0.0120,0
1355051,-4.8352,-7.8942,3.1069,-0.2100,-1.0500,-0.3500,-0.0072,-0.0359,-0.0120,0
1355090,-4.8639,-7.9253,3.1357,-0.0700,-0.2800,-0.6300,-0.0024,-0.0096,-0.0215,0
1355129,-4.8471,-7.8966,3.1165,-0.9800,-0.5600,-0.4900,-0.0335,-0.0191,-0.0168,0
1355168,-4.7945,-7.9086,3.0495,-1.0500,-1.0500,-0.7700,-0.0359,-0.0359,-0.0263,0
1355207,-4.7992,-7.9397,3.0543,-2.8700,-1.1900,-1.4000,-0.0981,-0.0407,-0.0479,0
1355246,-4.7897,-7.9541,3.0854,-2.3100,-1.6100,-0.4200,-0.0790,-0.0551,-0.0144,0
1355285,-4.7705,-7.9325,3.0734,0.3500,-0.5600,0.4200,0.0120,-0.0191,0.0144,0
1355324,-4.7777,-7.9277,3.0423,0.9100,0.4900,0.1400,0.0311,0.0168,0.0048,0
1355363,-4.7705,-7.9014,3.0232,1.2600,0.7000,0.3500,0.0431,0.0239,0.0120,0
1355402,-4.8016,-7.9206,3.0447,0.9100,0.8400,-0.0700,0.0311,0.0287,-0.0024,0
1355441,-4.8495,-7.9277,3.0974,0.7700,0.4200,-0.1400,0.0263,0.0144,-0.0048,0
1355480,-4.8495,-7.9397,3.1069,-0.5600,-0.0700,-0.3500,-0.0191,-0.0024,-0.0120,0
1355519,-4.7969,-7.9277,3.0423,-0.2100,-0.0700,-0.1400,-0.0072,-0.0024,-0.0048,0
1355558,-4.7969,-7.9206,3.0208,-0.2100,0.0000,-0.2800,-0.0072,0.0000,-0.0096,0
1355597,-4.8040,-7.9373,3.0256,0.0000,-0.0700,-0.2800,0.0000,-0.0024,-0.0096,0
1355636,-4.8304,-7.9373,3.0734,0.2100,0.1400,-0.0700,0.0072,0.0048,-0.0024,0
1355675,-4.8232,-7.9349,3.0782,0.4200,0.3500,0.0700,0.0144,0.0120,0.0024,0
1355714,-4.8375,-7.9373,3.0734,0.8400,0.3500,0.2800,0.0287,0.0120,0.0096,0
1355753,-4.8208,-7.9038,3.0351,0.5600,0.0700,0.2800,0.0191,0.0024,0.0096,0
1355792,-4.7992,-7.9469,3.0064,0.7000,0.0000,0.0000,0.0239,0.0000,0.0000,0
1355831,-4.8208,-7.9253,3.0280,0.4900,-0.1400,0.1400,0.0168,-0.0048,0.0048,0
1355870,-4.8160,-7.9182,3.0567,0.2800,-0.5600,0.2100,0.0096,-0.0191,0.0072,0
1355909,-4.8184,-7.9158,3.0447,0.8400,-0.4900,0.0700,0.0287,-0.0168,0.0024,0
1355948,-4.8136,-7.9301,3.0280,1.5400,-0.2800,0.0700,0.0527,-0.0096,0.0024,0
1355987,-4.8136,-7.9182,3.0303,1.3300,-0.6300,0.3500,0.0455,-0.0215,0.0120,0
1356026,-4.8375,-7.9206,3.0615,0.4900,-0.4200,-0.2100,0.0168,-0.0144,-0.0072,0
1356065,-4.8232,-7.9158,3.0686,0.4900,-0.8400,0.0000,0.0168,-0.0287,0.0000,0
1356104,-4.8328,-7.9062,3.0902,0.2100,-0.7700,-0.3500,0.0072,-0.0263,-0.0120,0
1356143,-4.8208,-7.9158,3.0567,0.4200,-0.6300,-0.2800,0.0144,-0.0215,-0.0096,0
1356182,-4.8112,-7.9038,3.0567,0.5600,-0.7700,-0.0700,0.0191,-0.0263,-0.0024,0
1356221,-4.8184,-7.9158,3.0734,0.2800,-0.6300,-0.4900,0.0096,-0.0215,-0.0168,0
1356260,-4.8256,-7.9206,3.0998,-0.0700,-0.4900,-0.4900,-0.0024,-0.0168,-0.0168,0
1356299,-4.8040,-7.9206,3.0734,0.6300,-0.4200,0.0000,0.0215,-0.0144,0.0000,0
1356338,-4.8184,-7.9325,3.0686,0.5600,0.0700,-0.2100,0.0191,0.0024,-0.0072,0
1356377,-4.8232,-7.9158,3.0806,0.7000,-0.2100,0.0700,0.0239,-0.0072,0.0024,0
1356416,-4.8064,-7.9086,3.0663,0.1400,0.0700,-0.1400,0.0048,0.0024,-0.0048,0
1356455,-4.8088,-7.9277,3.0543,0.7000,-0.2800,0.1400,0.0239,-0.0096,0.0048,0
1356494,-4.7969,-7.9158,3.0950,0.9100,-0.3500,0.2800,0.0311,-0.0120,0.0096,0
1356533,-4.8160,-7.9110,3.1046,2.3100,0.2800,0.7000,0.0790,0.0096,0.0239,0
1356572,-4.8352,-7.9014,3.0806,3.1500,0.8400,0.8400,0.1077,0.0287,0.0287,0
1356611,-4.8280,-7.8607,3.0615,2.5900,0.4900,0.9800,0.0886,0.0168,0.0335,0
1356650,-4.8735,-7.8703,3.0782,1.1200,0.0000,-0.2100,0.0383,0.0000,-0.0072,0
1356689,-4.8758,-7.8966,3.1357,-0.6300,-0.9800,-0.7000,-0.0215,-0.0335,-0.0239,0
1356728,-4.8471,-7.8966,3.1524,-1.2600,-1.0500,-0.9800,-0.0431,-0.0359,-0.0335,0
1356767,-4.8375,-7.9038,3.1117,-0.9800,-0.7700,-0.9100,-0.0335,-0.0263,-0.0311,0
1356806,-4.8088,-7.9206,3.0758,-0.3500,-0.7000,-0.5600,-0.0120,-0.0239,-0.0191,0
1356845,-4.8256,-7.8966,3.1165,-0.2100,-0.7700,-0.4200,-0.0072,-0.0263,-0.0144,0
1356884,-4.7801,-7.9062,3.0806,-0.2800,-0.4200,-0.4200,-0.0096,-0.0144,-0.0144,0
1356923,-4.7849,-7.9086,3.0663,1.1200,0.1400,0.1400,0.0383,0.0048,0.0048,0
1356962,-4.8160,-7.9134,3.0926,1.6100,0.3500,0.2800,0.0551,0.0120,0.0096,0
1357001,-4.8136,-7.9229,3.0782,1.4700,0.5600,0.2800,0.0503,0.0191,0.0096,0
1357040,-4.8328,-7.9038,3.0806,1.0500,0.0700,0.5600,0.0359,0.0024,0.0191,0
1357079,-4.8208,-7.8966,3.0854,0.7000,-0.4200,0.2100,0.0239,-0.0144,0.0072,0
1357118,-4.8495,-7.8847,3.1452,0.6300,-0.4900,0.0000,0.0215,-0.0168,0.0000,0
1357157,-4.8280,-7.8942,3.1261,0.0000,-0.6300,-0.3500,0.0000,-0.0215,-0.0120,0
1357196,-4.7969,-7.9062,3.0734,0.7000,-0.3500,-0.1400,0.0239,-0.0120,-0.0048,0
1357235,-4.7921,-7.8966,3.0782,0.7000,-0.4900,-0.0700,0.0239,-0.0168,-0.0024,0
1357274,-4.8352,-7.9134,3.1069,0.6300,-0.9100,0.1400,0.0215,-0.0311,0.0048,0
1357313,-4.8519,-7.9014,3.1524,-0.1400,-1.1900,-0.2800,-0.0048,-0.0407,-0.0096,0
1357352,-4.8352,-7.8894,3.1548,-0.4200,-1.0500,-0.5600,-0.0144,-0.0359,-0.0191,0
1357391,-4.8112,-7.8990,3.1141,0.2800,-0.6300,-0.2800,0.0096,-0.0215,-0.0096,0
1357430,-4.8088,-7.9014,3.1046,0.3500,0.2100,-0.3500,0.0120,0.0072,-0.0120,0
1357469,-4.8232,-7.9014,3.1093,0.4900,0.2800,-0.0700,0.0168,0.0096,-0.0024,0
1357508,-4.8232,-7.8966,3.1141,0.0000,0.3500,-0.4200,0.0000,0.0120,-0.0144,0
1357547,-4.8375,-7.9110,3.1237,-0.3500,0.0000,-0.7000,-0.0120,0.0000,-0.0239,0
1357586,-4.8328,-7.9086,3.1141,-1.0500,-0.2800,-0.8400,-0.0359,-0.0096,-0.0287,0
1357625,-4.8208,-7.9445,3.1022,-0.9800,-0.2100,-0.7700,-0.0335,-0.0072,-0.0263,0
1357664,-4.7969,-7.8990,3.0758,-1.1900,-0.0700,-0.2800,-0.0407,-0.0024,-0.0096,0
1357703,-4.7897,-7.8966,3.0447,17.5000,0.0700,-0.1400,0.5984,0.0024,-0.0048,0
1357742,-4.8304,-7.9062,3.0974,0.1400,0.0000,-0.2100,0.0048,0.0000,-0.0072,0
1357781,-4.8040,-7.9373,3.0591,0.1400,0.2800,-0.3500,0.0048,0.0096,-0.0120,0
1357820,-4.7921,-7.9062,3.0208,0.1400,0.0700,-0.1400,0.0048,0.0024,-0.0048,0
1357859,-4.7945,-7.9229,3.0208,-0.1400,-0.4900,-0.6300,-0.0048,-0.0168,-0.0215,0
1357898,-4.7250,-7.7865,2.9609,-0.7700,-1.5400,-0.4200,-0.0263,-0.0527,-0.0144,0
1357937,-4.7705,-8.1575,3.2530,4.3400,-0.6300,-1.0500,0.1484,-0.0215,-0.0359,0
1357976,-5.0817,-8.0522,3.4421,1.2600,1.8900,0.7700,0.0431,0.0646,0.0263,0
1358015,-4.8088,-7.8440,3.1716,9.5900,-0.2800,7.0000,0.3279,-0.0096,0.2394,0
1358054,-4.7490,-7.6956,2.9729,6.5800,4.6200,2.4500,0.2250,0.1580,0.0838,0
1358093,-4.7969,-7.6884,2.9250,4.6900,2.5900,0.1400,0.1604,0.0886,0.0048,0
1358132,-4.7562,-7.7027,2.9418,1.3300,-0.0700,-1.4000,0.0455,-0.0024,-0.0479,0
1358171,-5.0147,-8.0091,3.3032,-2.9400,0.6300,-3.5000,-0.1005,0.0215,-0.1197,0
1358210,-4.9165,-7.9373,3.2218,-3.1500,-2.0300,0.1400,-0.1077,-0.0694,0.0048,0
1358249,-4.8352,-7.9253,3.1261,-5.3900,-0.7700,-0.6300,-0.1843,-0.0263,-0.0215,0
1358288,-4.8519,-7.8775,3.1357,-6.5100,-0.6300,-0.1400,-0.2226,-0.0215,-0.0048,0
1358327,-4.8304,-7.8703,3.0902,-3.7800,0.5600,-0.1400,-0.1293,0.0191,-0.0048,0
1358366,-4.8160,-7.9086,3.0591,-1.4000,2.5200,-0.3500,-0.0479,0.0862,-0.0120,0
1358405,-4.8782,-7.9373,3.0758,-1.3300,3.8500,0.6300,-0.0455,0.1317,0.0215,0
1358444,-4.9357,-7.9732,3.1189,0.3500,4.6900,1.6100,0.0120,0.1604,0.0551,0
1358483,-4.9453,-7.9612,3.0686,0.8400,4.4800,1.6100,0.0287,0.1532,0.0551,0
1358522,-4.9333,-7.8942,2.9849,3.1500,4.8300,1.8900,0.1077,0.1652,0.0646,0
1358561,-4.8639,-7.8464,2.8795,2.5900,3.6400,1.8200,0.0886,0.1245,0.0622,0
1358600,-4.9046,-7.8081,2.8939,-0.2100,3.0800,0.0700,-0.0072,0.1053,0.0024,0
1358639,-4.9548,-7.8751,2.9370,-0.9100,3.0100,0.3500,-0.0311,0.1029,0.0120,0
1358678,-4.9692,-7.9253,2.9514,0.4200,3.2200,0.2800,0.0144,0.1101,0.0096,0
1358717,-4.9429,-7.8727,2.8580,-0.2100,1.9600,0.7700,-0.0072,0.0670,0.0263,0
1358756,-4.8495,-7.8440,2.7623,1.9600,-0.3500,0.6300,0.0670,-0.0120,0.0215,0
1358795,-5.0410,-7.9038,2.9897,2.8000,-0.7700,0.0000,0.0957,-0.0263,0.0000,0
1358834,-5.0793,-7.7889,3.0519,0.6300,-1.4000,0.4900,0.0215,-0.0479,0.0168,0
1358873,-4.9357,-7.8344,2.8724,0.4200,-1.5400,-0.3500,0.0144,-0.0527,-0.0120,0
1358912,-4.9285,-7.8703,2.9250,0.9100,-2.2400,-0.7700,0.0311,-0.0766,-0.0263,0
1358951,-4.9620,-7.8799,2.9825,0.7000,-2.2400,-0.8400,0.0239,-0.0766,-0.0287,0
1358990,-4.9548,-7.8655,2.9825,1.4700,-1.4700,0.0000,0.0503,-0.0503,0.0000,0
1359029,-4.9907,-7.8487,2.9992,0.8400,-1.6800,-0.4900,0.0287,-0.0574,-0.0168,0
1359068,-4.9740,-7.8727,3.0280,0.0700,-2.2400,-0.7700,0.0024,-0.0766,-0.0263,0
1359107,-4.9668,-7.8799,3.0351,-0.3500,-1.8900,-0.7700,-0.0120,-0.0646,-0.0263,0
1359146,-4.9189,-7.8727,2.9873,1.8200,-2.1000,0.0000,0.0622,-0.0718,0.0000,0
1359185,-4.9022,-7.8511,2.9753,1.3300,-1.6800,0.0000,0.0455,-0.0574,0.0000,0
1359224,-4.9692,-7.8799,3.0471,0.5600,-1.1200,-0.7000,0.0191,-0.0383,-0.0239,0
1359263,-4.9572,-7.8583,3.0615,0.7000,-1.5400,-0.1400,0.0239,-0.0527,-0.0048,0
1359302,-4.9357,-7.8583,3.0375,1.1900,-1.1200,-0.3500,0.0407,-0.0383,-0.0120,0
1359341,-4.9141,-7.8487,3.0160,0.2800,-1.3300,-0.4200,0.0096,-0.0455,-0.0144,0
1359380,-4.9500,-7.8870,3.0758,-0.1400,-0.4200,-0.6300,-0.0048,-0.0144,-0.0215,0
1359419,-4.9213,-7.8703,3.0758,1.6800,-1.1200,0.4200,0.0574,-0.0383,0.0144,0
1359458,-4.9213,-7.8416,3.0447,1.5400,-0.4900,0.2100,0.0527,-0.0168,0.0072,0
1359497,-4.9261,-7.8487,3.0543,0.7700,-0.3500,-0.2100,0.0263,-0.0120,-0.0072,0
1359536,-4.9165,-7.8655,3.0782,1.6100,-0.2800,0.0700,0.0551,-0.0096,0.0024,0
1359575,-4.9285,-7.8416,3.0830,2.1700,0.0700,0.4200,0.0742,0.0024,0.0144,0
1359614,-4.9094,-7.8679,3.0280,2.0300,0.1400,0.2100,0.0694,0.0048,0.0072,0
1359653,-4.9764,-7.8440,3.0686,0.5600,0.0000,-0.1400,0.0191,0.0000,-0.0048,0
1359692,-4.9429,-7.8057,3.0782,-0.4200,-1.1900,-0.3500,-0.0144,-0.0407,-0.0120,0
1359731,-4.8902,-7.8344,3.0327,-0.5600,-1.2600,-1.1200,-0.0191,-0.0431,-0.0383,0
1359770,-4.9285,-7.8152,3.0782,-1.8900,-2.3100,-0.9800,-0.0646,-0.0790,-0.0335,0
1359809,-4.9117,-7.8559,3.1093,-0.1400,-2.0300,-1.0500,-0.0048,-0.0694,-0.0359,0
1359848,-4.9165,-7.8727,3.0806,-0.3500,-1.2600,-0.9800,-0.0120,-0.0431,-0.0335,0
1359887,-4.8878,-7.8847,3.0830,-1.4000,-1.8200,-0.9100,-0.0479,-0.0622,-0.0311,0
1359926,-4.8663,-7.8655,3.6695,-0.8400,-2.1000,-0.8400,-0.0287,-0.0718,-0.0287,0
1359965,-4.8663,-7.8966,3.0782,-0.0700,-1.4700,-0.3500,-0.0024,-0.0503,-0.0120,0
1360004,-4.8711,-7.8775,3.0926,0.7700,-0.9100,-0.0700,0.0263,-0.0311,-0.0024,0
1360043,-4.8998,-7.8727,3.0998,1.4700,-0.6300,0.2800,0.0503,-0.0215,0.0096,0
1360082,-4.8735,-7.8583,3.0878,0.8400,-0.5600,-0.1400,0.0287,-0.0191,-0.0048,0
1360121,-4.8902,-7.8751,3.0926,0.4900,-0.7000,-0.4900,0.0168,-0.0239,-0.0168,0
1360160,-4.8639,-7.8631,3.0758,-0.2100,-1.1200,-0.3500,-0.0072,-0.0383,-0.0120,0
1360199,-4.8758,-7.8751,3.0974,-0.9800,-0.9800,-0.9100,-0.0335,-0.0335,-0.0311,0
1360238,-4.8854,-7.9134,3.1189,-0.3500,-0.7000,-0.6300,-0.0120,-0.0239,-0.0215,0
1360277,-4.8782,-7.8918,3.1285,0.3500,-0.8400,-0.2800,0.0120,-0.0287,-0.0096,0
1360316,-4.8543,-7.9086,3.1069,0.4200,-0.1400,-0.5600,0.0144,-0.0048,-0.0191,0
1360355,-4.8471,-7.8631,3.0686,1.4000,-0.1400,0.9100,0.0479,-0.0048,0.0311,0
1360394,-4.8328,-7.8751,3.0447,0.9100,0.2800,-0.2800,0.0311,0.0096,-0.0096,0
1360433,-4.8902,-7.8847,3.0974,0.9800,-0.0700,0.0000,0.0335,-0.0024,0.0000,0
1360472,-4.8735,-7.8799,3.0758,-0.6300,-0.3500,-0.4900,-0.0215,-0.0120,-0.0168,0
1360511,-4.8064,-7.8847,3.0447,0.0000,-0.9800,-0.6300,0.0000,-0.0335,-0.0215,0
1360550,-4.8471,-7.8511,3.0758,-3.8500,-1.5400,-1.4000,-0.1317,-0.0527,-0.0479,0
1360589,-4.8735,-7.9014,3.1046,-1.1200,-2.1700,-1.1200,-0.0383,-0.0742,-0.0383,0
1360628,-4.8375,-7.9086,3.0686,-2.8700,-2.1700,-0.7700,-0.0981,-0.0742,-0.0263,0
1360667,-4.8543,-7.8751,3.0710,-1.3300,-1.7500,0.0000,-0.0455,-0.0598,0.0000,0
1360706,-4.8040,-7.8894,3.0591,-1.8200,-1.8200,-0.6300,-0.0622,-0.0622,-0.0215,0
1360745,-4.8040,-7.9014,3.0399,-1.8200,-2.3100,-1.3300,-0.0622,-0.0790,-0.0455,0
1360784,-4.8495,-7.9565,3.1309,-1.4700,-1.6100,-1.6800,-0.0503,-0.0551,-0.0574,0
1360823,-4.7801,-7.9541,3.0423,0.5600,-0.4200,0.3500,0.0191,-0.0144,0.0120,0
1360862,-4.8256,-7.9062,3.0567,0.8400,-0.3500,0.4200,0.0287,-0.0120,0.0144,0
1360901,-4.7753,-7.9134,3.0327,0.2100,-0.8400,-0.2800,0.0072,-0.0287,-0.0096,0
1360940,-4.7681,-7.9421,3.0136,1.0500,-0.4200,-0.2100,0.0359,-0.0144,-0.0072,0
1360979,-4.8208,-7.9397,3.0782,1.1200,-0.2800,0.2100,0.0383,-0.0096,0.0072,0
1361018,-4.8328,-7.9301,3.0878,0.9100,-0.3500,0.2100,0.0311,-0.0120,0.0072,0
1361057,-4.7992,-7.9182,3.0591,0.1400,-0.0700,-0.0700,0.0048,-0.0024,-0.0024,0
1361096,-4.8016,-7.9301,3.0351,1.1200,-0.2100,0.2800,0.0383,-0.0072,0.0096,0
1361135,-4.8160,-7.9038,3.0734,0.2100,-0.7000,-0.3500,0.0072,-0.0239,-0.0120,0
1361174,-4.8232,-7.9373,3.0830,-0.1400,-0.7700,-0.5600,-0.0048,-0.0263,-0.0191,0
1361213,-4.7657,-7.9421,3.0471,0.3500,-1.0500,0.0000,0.0120,-0.0359,0.0000,0
1361252,-4.8040,-7.9182,3.0686,1.1200,-0.5600,0.3500,0.0383,-0.0191,0.0120,0
1361291,-4.7897,-7.9110,3.0615,1.1200,-0.2800,0.0700,0.0383,-0.0096,0.0024,0
1361330,-4.8184,-7.9014,3.0495,0.8400,-0.4900,-0.1400,0.0287,-0.0168,-0.0048,0
1361369,-4.7897,-7.9086,3.0327,-0.4900,-1.2600,-0.8400,-0.0168,-0.0431,-0.0287,0
1361408,-4.7657,-7.9158,3.0351,-2.2400,-2.2400,-1.1900,-0.0766,-0.0766,-0.0407,0
1361447,-4.7849,-7.9780,3.1093,-1.7500,-2.4500,-0.7000,-0.0598,-0.0838,-0.0239,0
1361486,-4.8136,-7.9517,3.1428,-1.1200,-1.6100,-0.4200,-0.0383,-0.0551,-0.0144,0
1361525,-4.7753,-7.9206,3.0806,-1.4700,-1.5400,0.0000,-0.0503,-0.0527,0.0000,0
1361564,-4.7298,-7.9206,3.0112,0.3500,-0.2100,-0.1400,0.0120,-0.0072,-0.0048,0
1361603,-4.7657,-7.9421,3.0399,0.1400,0.6300,-0.7700,0.0048,0.0215,-0.0263,0
1361642,-4.7921,-7.9612,3.0830,0.0700,0.5600,-0.2100,0.0024,0.0191,-0.0072,0
1361681,-4.8088,-7.9541,3.0782,0.3500,0.7000,-0.2100,0.0120,0.0239,-0.0072,0
1361720,-4.8064,-7.9780,3.0902,-0.8400,0.2100,-0.5600,-0.0287,0.0072,-0.0191,0
1361759,-4.7657,-7.9373,3.0184,-0.7700,-0.0700,-0.4200,-0.0263,-0.0024,-0.0144,0
1361798,-4.7681,-7.9780,3.0351,-0.7700,0.4900,-0.7000,-0.0263,0.0168,-0.0239,0
1361837,-4.7705,-7.9828,3.0232,0.0700,0.5600,0.0700,0.0024,0.0191,0.0024,0
1361876,-4.7657,-7.9493,3.0232,0.5600,0.4900,0.4900,0.0191,0.0168,0.0168,0
1361915,-4.7777,-7.9541,3.0184,0.7700,1.1200,0.1400,0.0263,0.0383,0.0048,0
1361954,-4.7729,-7.9612,2.9801,1.5400,1.4000,0.6300,0.0527,0.0479,0.0215,0
1361993,-4.7657,-7.9325,2.9705,1.8200,0.7700,1.2600,0.0622,0.0263,0.0431,0
1362032,-4.8232,-7.9301,3.0040,1.5400,0.8400,0.4900,0.0527,0.0287,0.0168,0
1362071,-4.8663,-7.9397,3.0591,0.4900,-0.2800,0.1400,0.0168,-0.0096,0.0048,0
1362110,-4.8232,-7.9373,3.0232,-0.7700,-1.1200,-0.7000,-0.0263,-0.0383,-0.0239,0
1362149,-4.7705,-7.9517,3.0016,-0.2100,-1.2600,-0.6300,-0.0072,-0.0431,-0.0215,0
1362188,-4.7729,-7.9493,3.0112,0.7700,-0.7700,-0.1400,0.0263,-0.0263,-0.0048,0
1362227,-4.8064,-7.9349,3.0327,1.1200,-0.3500,0.1400,0.0383,-0.0120,0.0048,0
1362266,-4.7921,-7.9349,3.0351,0.9800,-0.7700,0.1400,0.0335,-0.0263,0.0048,0
1362305,-4.7897,-7.9421,3.0136,0.8400,-0.5600,-0.2800,0.0287,-0.0191,-0.0096,0
1362344,-4.8064,-7.9541,3.0567,0.7000,-0.6300,-0.0700,0.0239,-0.0215,-0.0024,0
1362383,-4.8088,-7.9397,3.0399,0.4200,-0.6300,-0.1400,0.0144,-0.0215,-0.0048,0
1362422,-4.7873,-7.9397,3.0303,-0.0700,-0.6300,-0.4200,-0.0024,-0.0215,-0.0144,0
1362461,-4.7753,-7.9445,3.0256,0.2800,-0.8400,-0.2100,0.0096,-0.0287,-0.0072,0
1362500,-4.7969,-7.9445,3.0495,0.2800,-0.7700,-0.2100,0.0096,-0.0263,-0.0072,0
1362539,-4.8208,-7.9517,3.0902,0.7700,-0.7000,-0.0700,0.0263,-0.0239,-0.0024,0
1362578,-4.7801,-7.9349,3.0639,0.7700,-0.2100,-0.1400,0.0263,-0.0072,-0.0048,0
1362617,-4.7729,-7.9349,3.0280,0.4200,-0.2800,-0.1400,0.0144,-0.0096,-0.0048,0
1362656,-4.7921,-7.9421,3.0399,0.5600,-0.1400,-0.0700,0.0191,-0.0048,-0.0024,0
1362695,-4.7921,-7.9397,3.0495,0.4900,-0.3500,0.0000,0.0168,-0.0120,0.0000,0
1362734,-4.7825,-7.9373,3.0519,0.3500,-0.4200,-0.2100,0.0120,-0.0144,-0.0072,0
1362773,-4.7921,-7.9349,3.0591,-0.2100,-0.5600,-0.4900,-0.0072,-0.0191,-0.0168,0
1362812,-4.7801,-7.9541,3.0615,-0.4900,-0.5600,-0.5600,-0.0168,-0.0191,-0.0191,0
1362851,-4.7801,-7.9397,3.0710,0.2800,-0.2800,-0.1400,0.0096,-0.0096,-0.0048,0
1362890,-4.7777,-7.9421,3.0471,0.5600,-0.1400,0.0000,0.0191,-0.0048,0.0000,0
1362929,-4.7777,-7.9517,3.0495,0.7000,0.0700,-0.0700,0.0239,0.0024,-0.0024,0
1362968,-4.7921,-7.9421,3.0399,0.6300,-0.1400,0.0700,0.0215,-0.0048,0.0024,0
1363007,-4.7777,-7.9349,3.0471,0.4900,17.7800,-0.2800,0.0168,0.6080,-0.0096,0
1363046,-4.7825,-7.9445,3.0423,0.4900,-0.1400,-0.1400,0.0168,-0.0048,-0.0048,0
1363085,-4.7753,-7.9373,3.0327,0.2100,-0.2800,-0.2800,0.0072,-0.0096,-0.0096,0
1363124,-4.7777,-7.9517,3.0375,0.4900,-0.3500,-0.0700,0.0168,-0.0120,-0.0024,0
1363163,-4.8160,-7.9660,3.0782,0.5600,0.0000,0.0000,0.0191,0.0000,0.0000,0
1363202,-4.7873,-7.9134,3.0686,0.7000,-0.2800,0.3500,0.0239,-0.0096,0.0120,0
1363241,-4.7897,-7.9277,3.0639,0.7000,0.0700,-0.2100,0.0239,0.0024,-0.0072,0
1363280,-4.8064,-7.9373,3.0686,0.2100,-0.1400,-0.4900,0.0072,-0.0048,-0.0168,0
1363319,-4.7849,-7.9421,3.0399,-0.1400,-0.6300,-0.2800,-0.0048,-0.0215,-0.0096,0
1363358,-4.7825,-7.9469,3.0519,0.2800,-0.2800,-0.2100,0.0096,-0.0096,-0.0072,0
1363397,-4.7897,-7.9373,3.0447,0.0000,-0.4200,-0.2800,0.0000,-0.0144,-0.0096,0
1363436,-4.7681,-7.9421,3.0399,-0.2800,-0.7000,-0.6300,-0.0096,-0.0239,-0.0215,0
1363475,-4.7801,-7.9612,3.0447,0.0000,-0.3500,-0.4900,0.0000,-0.0120,-0.0168,0
1363514,-4.7538,-7.9493,3.0208,0.0000,-0.7700,-0.2100,0.0000,-0.0263,-0.0072,0
1363553,-4.7681,-7.9469,3.0327,0.1400,-0.4900,-0.4200,0.0048,-0.0168,-0.0144,0
1363592,-4.7681,-7.9589,3.0567,0.3500,-0.4200,-0.2100,0.0120,-0.0144,-0.0072,0
1363631,-4.7705,-7.9493,3.0519,0.3500,0.0000,-0.0700,0.0120,0.0000,-0.0024,0
1363670,-4.7897,-7.9589,3.0663,0.6300,0.4900,0.0000,0.0215,0.0168,0.0000,0
1363709,-4.7729,-7.9421,3.0399,0.4900,0.2100,0.0700,0.0168,0.0072,0.0024,0
1363748,-4.7873,-7.9493,3.0567,-0.2100,0.4900,-0.4200,-0.0072,0.0168,-0.0144,0
1363787,-4.7969,-7.9660,3.0734,-0.0700,0.5600,-0.1400,-0.0024,0.0191,-0.0048,0
1363826,-4.7801,-7.9541,3.0447,0.5600,0.1400,0.3500,0.0191,0.0048,0.0120,0
1363865,-4.7681,-7.9325,3.0184,0.5600,0.9100,0.0000,0.0191,0.0311,0.0000,0
1363904,-4.7729,-7.9373,3.0064,0.5600,1.0500,0.3500,0.0191,0.0359,0.0120,0
1363943,-4.8088,-7.9397,3.0184,0.2800,0.8400,0.1400,0.0096,0.0287,0.0048,0
1363982,-4.8256,-7.9708,3.0519,-0.1400,0.5600,-0.2800,-0.0048,0.0191,-0.0096,0
1364021,-4.8064,-7.9469,3.0280,0.0700,0.0000,-0.1400,0.0024,0.0000,-0.0048,0
1364060,-4.7777,-7.9349,2.9849,0.2100,0.0700,-0.2100,0.0072,0.0024,-0.0072,0
1364099,-4.7753,-7.9541,2.9849,-0.1400,0.0000,-0.4900,-0.0048,0.0000,-0.0168,0
1364138,-4.7801,-7.9541,3.0136,0.2800,0.2100,-0.0700,0.0096,0.0072,-0.0024,0
1364177,-4.7992,-7.9421,3.0088,1.1900,0.5600,0.3500,0.0407,0.0191,0.0120,0
1364216,-4.8064,-7.9541,3.0184,1.7500,0.0700,0.2800,0.0598,0.0024,0.0096,0
1364255,-4.8088,-7.9517,3.0184,1.4700,-0.2800,0.0700,0.0503,-0.0096,0.0024,0
1364294,-4.8280,-7.9373,3.0327,1.6800,-0.2100,0.3500,0.0574,-0.0072,0.0120,0
1364333,-4.7825,-7.9110,3.0064,0.7000,-1.0500,-0.7000,0.0239,-0.0359,-0.0239,0
1364372,-4.7992,-7.9349,2.9873,0.0700,-0.4900,-0.4900,0.0024,-0.0168,-0.0168,0
1364411,-4.7825,-7.9206,3.0280,0.1400,-1.3300,-0.2100,0.0048,-0.0455,-0.0072,0
1364450,-4.8184,-7.9421,3.0567,-0.5600,-1.6800,-1.4000,-0.0191,-0.0574,-0.0479,0
1364489,-4.8064,-7.9636,3.0591,-1.4000,-2.8000,-0.9800,-0.0479,-0.0957,-0.0335,0
1364528,-4.7705,-7.9612,3.0280,-1.2600,-2.1000,-1.4700,-0.0431,-0.0718,-0.0503,0
1364567,-4.7562,-8.0019,3.0064,-1.0500,-1.8200,-0.7700,-0.0359,-0.0622,-0.0263,0
1364606,-4.7370,-7.9900,3.0088,-2.8000,-1.9600,-0.9800,-0.0957,-0.0670,-0.0335,0
1364645,-4.7538,-7.9852,3.0351,-0.9800,-1.6100,-0.7700,-0.0335,-0.0551,-0.0263,0
1364684,-4.7514,-7.9612,3.0543,-0.9800,-1.0500,-0.3500,-0.0335,-0.0359,-0.0120,0
1364723,-4.7633,-7.9828,3.0399,0.9100,0.1400,-0.2100,0.0311,0.0048,-0.0072,0
1364762,-4.7538,-7.9948,3.0208,1.2600,0.1400,0.1400,0.0431,0.0048,0.0048,0
1364801,-4.7729,-7.9804,3.0519,1.4700,0.1400,0.4900,0.0503,0.0048,0.0168,0
1364840,-4.7681,-7.9589,3.0280,0.9100,-0.4900,0.4200,0.0311,-0.0168,0.0144,0
1364879,-4.7394,-7.9636,2.9897,0.2100,-0.2100,-0.2100,0.0072,-0.0072,-0.0072,0
1364918,-4.7490,-7.9493,2.9968,0.4200,-0.2800,-0.2100,0.0144,-0.0096,-0.0072,0
1364957,-4.7490,-7.9708,3.0136,0.2100,-0.3500,-0.2800,0.0072,-0.0120,-0.0096,0
1364996,-4.7753,-7.9756,3.0280,0.2100,-0.0700,-0.4900,0.0072,-0.0024,-0.0168,0
1365035,-4.7777,-8.0043,3.0639,0.0700,-0.2100,-0.3500,0.0024,-0.0072,-0.0120,0
1365074,-4.7538,-8.0043,3.0495,0.4900,0.2100,0.1400,0.0168,0.0072,0.0048,0
1365113,-4.7801,-7.9684,3.0495,1.5400,0.2800,0.8400,0.0527,0.0096,0.0287,0
1365152,-4.7753,-7.9253,3.0232,1.0500,0.3500,0.4200,0.0359,0.0120,0.0144,0
1365191,-4.7753,-7.9373,2.9992,0.9100,0.0700,-0.2800,0.0311,0.0024,-0.0096,0
1365230,-4.7538,-7.9517,2.9849,0.0000,-0.4200,-0.8400,0.0000,-0.0144,-0.0287,0
1365269,-4.7610,-7.9852,3.0351,0.4900,0.0000,-0.1400,0.0168,0.0000,-0.0048,0
1365308,-4.7562,-7.9636,3.0136,1.1900,0.2100,0.4200,0.0407,0.0072,0.0144,0
1365347,-4.7657,-7.9636,3.0280,0.9100,0.0000,0.0000,0.0311,0.0000,0.0000,0
1365386,-4.7657,-7.9565,3.0112,-0.2100,-0.4200,-0.4200,-0.0072,-0.0144,-0.0144,0
1365425,-4.7466,-7.9684,2.9777,0.0700,-0.4200,-0.3500,0.0024,-0.0144,-0.0120,0
1365464,-4.7586,-7.9660,3.0088,-0.1400,-0.4200,-0.5600,-0.0048,-0.0144,-0.0191,0
1365503,-4.7466,-7.9660,3.0280,0.4200,-0.7000,0.0000,0.0144,-0.0239,0.0000,0
1365542,-4.7633,-7.9541,3.0447,0.4900,-0.4900,-0.1400,0.0168,-0.0168,-0.0048,0
1365581,-4.7657,-7.9732,3.0471,0.2100,-0.4200,-0.4200,0.0072,-0.0144,-0.0144,0
1365620,-4.7586,-7.9684,3.0375,-0.4900,-0.4200,-0.4900,-0.0168,-0.0144,-0.0168,0
1365659,-4.7562,-7.9876,3.0208,0.0700,-0.1400,-0.3500,0.0024,-0.0048,-0.0120,0
1365698,-4.7418,-7.9900,3.0160,0.6300,-0.1400,0.1400,0.0215,-0.0048,0.0048,0
1365737,-4.7681,-7.9660,3.0351,1.2600,-0.0700,0.3500,0.0431,-0.0024,0.0120,0
1365776,-4.7777,-7.9541,3.0519,0.7000,0.2800,0.0700,0.0239,0.0096,0.0024,0
1365815,-4.7538,-7.9612,2.9968,1.1900,0.1400,0.3500,0.0407,0.0048,0.0120,0
1365854,-4.7490,-7.9493,2.9777,0.9100,-0.2100,0.2100,0.0311,-0.0072,0.0072,0
1365893,-4.7729,-7.9660,3.0327,-0.0700,-0.1400,-0.5600,-0.0024,-0.0048,-0.0191,0
1365932,-4.7753,-7.9756,3.0423,0.3500,-0.6300,-0.0700,0.0120,-0.0215,-0.0024,0
1365971,-4.7657,-7.9612,3.0256,0.2800,-0.4900,-0.1400,0.0096,-0.0168,-0.0048,0
1366010,-4.7490,-7.9517,3.0160,-0.1400,-0.6300,-0.3500,-0.0048,-0.0215,-0.0120,0
1366049,-4.7466,-7.9684,3.0136,0.3500,-0.7700,-0.4200,0.0120,-0.0263,-0.0144,0
1366088,-4.7681,-7.9804,3.0567,0.0700,-0.3500,-0.4200,0.0024,-0.0120,-0.0144,0
1366127,-4.7657,-7.9732,3.0399,0.4900,-0.0700,0.1400,0.0168,-0.0024,0.0048,0
1366166,-4.7681,-7.9565,3.0327,0.3500,0.1400,-0.1400,0.0120,0.0048,-0.0048,0
1366205,-4.7753,-7.9756,3.0543,-0.0700,0.1400,-0.4200,-0.0024,0.0048,-0.0144,0
1366244,-4.7514,-7.9708,3.0232,-0.0700,0.1400,-0.2100,-0.0024,0.0048,-0.0072,0
1366283,-4.7514,-7.9684,3.0016,0.1400,0.2100,-0.0700,0.0048,0.0072,-0.0024,0
1366322,-4.7562,-7.9804,3.0040,0.1400,0.2800,-0.0700,0.0048,0.0096,-0.0024,0
1366361,-4.7801,-7.9684,3.0303,0.2800,0.0000,0.1400,0.0096,0.0000,0.0048,0
1366400,-4.7777,-7.9660,3.0423,0.2800,0.3500,-0.0700,0.0096,0.0120,-0.0024,0
1366439,-4.7610,-7.9612,3.0112,1.2600,0.7700,0.1400,0.0431,0.0263,0.0048,0
1366478,-4.7418,-7.9445,2.9681,1.3300,0.6300,0.4900,0.0455,0.0215,0.0168,0
1366517,-4.7729,-7.9612,2.9944,0.7700,0.5600,0.0700,0.0263,0.0191,0.0024,0
1366556,-4.7969,-7.9565,3.0256,-0.1400,-0.2100,-0.2100,-0.0048,-0.0072,-0.0072,0
1366595,-4.7681,-7.9708,2.9944,-0.7000,-0.0700,-0.8400,-0.0239,-0.0024,-0.0287,0
1366634,-4.7681,-7.9804,3.0016,-0.2100,-0.2100,-0.4900,-0.0072,-0.0072,-0.0168,0
1366673,-4.7633,-7.9636,3.0016,0.2800,-0.2100,0.1400,0.0096,-0.0072,0.0048,0
1366712,-4.7897,-7.9541,3.0280,0.8400,-0.1400,0.1400,0.0287,-0.0048,0.0048,0
1366751,-4.7897,-7.9612,3.0160,0.4200,-0.4200,-0.1400,0.0144,-0.0144,-0.0048,0
1366790,-4.7657,-7.9756,3.0016,0.7000,-0.4900,-0.1400,0.0239,-0.0168,-0.0048,0
1366829,-4.7633,-7.9684,2.9921,0.5600,-0.4900,-0.1400,0.0191,-0.0168,-0.0048,0
1366868,-4.7681,-7.9636,2.9944,0.6300,-0.4900,0.0000,0.0215,-0.0168,0.0000,0
1366907,-4.7681,-7.9636,3.0112,0.2100,-0.4900,-0.2100,0.0072,-0.0168,-0.0072,0
1366946,-4.7753,-7.9589,3.0040,0.6300,-0.5600,0.0000,0.0215,-0.0191,0.0000,0
1366985,-4.7777,-7.9660,3.0256,0.3500,-0.7700,-0.2100,0.0120,-0.0263,-0.0072,0
1367024,-4.7562,-7.9421,3.0088,0.6300,-0.2100,-0.3500,0.0215,-0.0072,-0.0120,0
1367063,-4.7729,-7.9445,3.0016,0.7700,0.3500,-0.7000,0.0263,0.0120,-0.0239,0
1367102,-4.7825,-7.9541,3.0184,0.2100,-0.2100,-0.6300,0.0072,-0.0072,-0.0215,0
1367141,-4.7729,-7.9708,3.0495,0.1400,-0.3500,-1.0500,0.0048,-0.0120,-0.0359,0
1367180,-4.7825,-7.9876,3.0782,1.0500,-0.9800,-0.9800,0.0359,-0.0335,-0.0335,0
1367219,-4.7179,-7.9780,2.9753,2.1700,-1.6800,0.4900,0.0742,-0.0574,0.0168,0
1367258,-4.7418,-7.9708,2.9921,0.1400,-2.0300,-0.9100,0.0048,-0.0694,-0.0311,0
1367297,-4.7657,-7.9636,3.0256,-1.0500,-2.6600,-0.4900,-0.0359,-0.0910,-0.0168,0
1367336,-4.7035,-7.9445,3.0112,-1.7500,-2.6600,-0.0700,-0.0598,-0.0910,-0.0024,0
1367375,-4.6173,-7.9062,2.9873,-0.1400,-1.7500,-1.3300,-0.0048,-0.0598,-0.0455,0
1367414,-4.7801,-7.9972,3.0543,-3.3600,-2.3100,-1.4700,-0.1149,-0.0790,-0.0503,0
1367453,-4.8064,-8.0522,3.1237,-2.2400,-2.4500,-0.3500,-0.0766,-0.0838,-0.0120,0
1367492,-4.6987,-8.0115,3.0136,-0.2100,-1.2600,0.4200,-0.0072,-0.0431,0.0144,0
1367531,-4.7227,-8.0211,3.0208,-1.9600,-1.8900,-0.7000,-0.0670,-0.0646,-0.0239,0
1367570,-4.6700,-8.0019,2.9729,-1.3300,-2.1000,-0.6300,-0.0455,-0.0718,-0.0215,0
1367609,-4.6700,-8.0283,2.9897,-0.0700,-1.4700,-0.4200,-0.0024,-0.0503,-0.0144,0
1367648,-4.6772,-8.0115,2.9921,0.4900,-0.0700,0.0000,0.0168,-0.0024,0.0000,0
1367687,-4.6891,-8.0307,2.9968,0.9800,0.7000,0.0700,0.0335,0.0239,0.0024,0
1367726,-4.6963,-8.0378,3.0327,1.4000,0.7000,0.4900,0.0479,0.0239,0.0168,0
1367765,-4.7394,-8.0259,3.0375,1.6800,1.1900,0.9100,0.0574,0.0407,0.0311,0
1367804,-4.7801,-8.0019,3.0710,1.4700,0.3500,0.7000,0.0503,0.0120,0.0239,0
1367843,-4.7466,-7.9876,3.0351,0.2100,0.4900,-0.2100,0.0072,0.0168,-0.0072,0
1367882,-4.7059,-7.9828,2.9633,0.2100,-0.5600,-0.4200,0.0072,-0.0191,-0.0144,0
1367921,-4.6676,-7.9995,2.9944,1.1200,0.2800,-0.4200,0.0383,0.0096,-0.0144,0
1367960,-4.7155,-8.0115,3.0088,2.8700,1.4000,0.2800,0.0981,0.0479,0.0096,0
1367999,-4.7083,-8.0019,2.9921,2.1000,1.1200,0.5600,0.0718,0.0383,0.0191,0
1368038,-4.7059,-7.9972,2.9777,2.3100,0.6300,0.4900,0.0790,0.0215,0.0168,0
1368077,-4.7394,-7.9756,3.0112,0.7700,-0.0700,0.0700,0.0263,-0.0024,0.0024,0
1368116,-4.7250,-7.9756,3.0136,-0.1400,-0.9800,-0.3500,-0.0048,-0.0335,-0.0120,0
1368155,-4.6987,-8.0019,2.9873,-0.3500,-0.9100,-0.7700,-0.0120,-0.0311,-0.0263,0
1368194,-4.7011,-7.9995,2.9921,0.2800,-1.2600,-0.0700,0.0096,-0.0431,-0.0024,0
1368233,-4.7227,-7.9852,3.0543,0.4200,-1.1900,-0.1400,0.0144,-0.0407,-0.0048,0
1368272,-4.7346,-7.9852,3.0615,-0.7700,-0.4900,-0.6300,-0.0263,-0.0168,-0.0215,0
1368311,-4.7155,-7.9756,3.0232,-0.2800,-0.4900,-0.2800,-0.0096,-0.0168,-0.0096,0
1368350,-4.7155,-8.0163,3.0112,-0.7700,0.0700,-0.9800,-0.0263,0.0024,-0.0335,0
1368389,-4.7250,-8.0211,3.0280,-1.1900,-0.0700,-0.4900,-0.0407,-0.0024,-0.0168,0
1368428,-4.7131,-8.0139,3.0064,-0.8400,-0.1400,-0.2100,-0.0287,-0.0048,-0.0072,0
1368467,-4.7059,-7.9995,3.0088,-0.6300,0.2800,-0.4200,-0.0215,0.0096,-0.0144,0
1368506,-4.6915,-8.0187,2.9897,-0.3500,0.4200,-0.4200,-0.0120,0.0144,-0.0144,0
1368545,-4.7011,-8.0187,2.9849,0.2800,0.7000,-0.0700,0.0096,0.0239,-0.0024,0
1368584,-4.7274,-8.0067,2.9777,0.4900,0.7000,0.2100,0.0168,0.0239,0.0072,0
1368623,-4.7227,-8.0043,2.9897,0.1400,0.7000,-0.0700,0.0048,0.0239,-0.0024,0
1368662,-4.7250,-8.0331,2.9944,0.2800,0.6300,-0.2100,0.0096,0.0215,-0.0072,0
1368701,-4.7131,-8.0067,2.9585,0.0700,0.4900,0.1400,0.0024,0.0168,0.0048,0
1368740,-4.7107,-8.0115,2.9466,0.9100,0.4900,0.3500,0.0311,0.0168,0.0120,0
1368779,-4.7538,-8.0211,2.9873,0.6300,0.4900,0.4900,0.0215,0.0168,0.0168,0
1368818,-4.7394,-7.9948,2.9777,1.1200,-0.0700,0.4900,0.0383,-0.0024,0.0168,0
1368857,-4.7394,-7.9924,2.9538,0.9100,0.2100,0.1400,0.0311,0.0072,0.0048,0
1368896,-4.7155,-7.9828,2.9250,1.7500,-0.4200,0.4200,0.0598,-0.0144,0.0144,0
1368935,-4.7227,-7.9780,2.9346,0.8400,-0.4200,-0.1400,0.0287,-0.0144,-0.0048,0
1368974,-4.7538,-8.0139,2.9777,0.5600,-0.5600,-0.2100,0.0191,-0.0191,-0.0072,0
1369013,-4.7298,-7.9852,2.9705,0.4200,-1.1900,0.0000,0.0144,-0.0407,0.0000,0
1369052,-4.7394,-7.9948,2.9873,0.0000,-0.9100,-0.5600,0.0000,-0.0311,-0.0191,0
1369091,-4.7418,-8.0067,3.0208,-0.4900,-1.4700,-0.7700,-0.0168,-0.0503,-0.0263,0
1369130,-4.7155,-7.9972,2.9897,-0.2100,-1.6100,-0.4900,-0.0072,-0.0551,-0.0168,0
1369169,-4.7155,-7.9900,2.9897,0.2800,-1.0500,-0.3500,0.0096,-0.0359,-0.0120,0
1369208,-4.7250,-8.0091,3.0064,0.4900,-0.5600,-0.2100,0.0168,-0.0191,-0.0072,0
1369247,-4.7203,-8.0067,2.9921,0.7700,-0.3500,-0.1400,0.0263,-0.0120,-0.0048,0
1369286,-4.7394,-8.0019,3.0064,0.4900,-0.1400,-0.2100,0.0168,-0.0048,-0.0072,0
1369325,-4.7298,-8.0043,2.9968,0.2800,-0.4200,-0.1400,0.0096,-0.0144,-0.0048,0
1369364,-4.7155,-8.0283,3.0040,-0.2800,-0.5600,-0.4200,-0.0096,-0.0191,-0.0144,0
1369403,-4.7227,-7.9972,3.0064,0.2800,-0.7000,-0.1400,0.0096,-0.0239,-0.0048,0
1369442,-4.7227,-7.9948,3.0136,0.6300,-0.5600,0.1400,0.0215,-0.0191,0.0048,0
1369481,-4.7035,-7.9900,3.0112,0.6300,0.0700,-0.0700,0.0215,0.0024,-0.0024,0
1369520,-4.7107,-8.0043,2.9681,1.1900,0.1400,0.1400,0.0407,0.0048,0.0048,0
1369559,-4.7155,-7.9995,2.9873,1.1200,-0.2100,0.1400,0.0383,-0.0072,0.0048,0
1369598,-4.7346,-8.0019,3.0184,0.5600,-0.0700,-0.0700,0.0191,-0.0024,-0.0024,0
1369637,-4.7370,-8.0043,3.0136,0.2800,-0.2800,-0.0700,0.0096,-0.0096,-0.0024,0
1369676,-4.7107,-7.9828,2.9944,-0.1400,-0.4200,-0.3500,-0.0048,-0.0144,-0.0120,0
1369715,-4.7131,-7.9995,2.9801,0.1400,-0.5600,-0.2100,0.0048,-0.0191,-0.0072,0
1369754,-4.7083,-7.9948,3.0088,0.1400,-0.4200,-0.4200,0.0048,-0.0144,-0.0144,0
1369793,-4.7035,-7.9995,3.0160,0.0000,-0.2100,-0.2800,0.0000,-0.0072,-0.0096,0
1369832,-4.7107,-8.0259,3.0112,0.6300,-0.2100,-0.2100,0.0215,-0.0072,-0.0072,0
1369871,-4.7083,-7.9924,2.9992,0.5600,-0.2100,0.0000,0.0191,-0.0072,0.0000,0
1369910,-4.7227,-7.9900,2.9992,0.4200,-0.1400,-0.1400,0.0144,-0.0048,-0.0048,0
1369949,-4.7322,-8.0043,3.0208,-0.0700,-0.0700,-0.4200,-0.0024,-0.0024,-0.0144,0
1369988,-4.7083,-8.0091,3.0184,0.0700,-0.3500,-0.1400,0.0024,-0.0120,-0.0048,0
1370027,-4.7011,-7.9924,2.9921,0.8400,-0.2800,0.1400,0.0287,-0.0096,0.0048,0
1370066,-4.7298,-7.9972,3.0112,0.9100,-0.0700,0.0700,0.0311,-0.0024,0.0024,0
1370105,-4.7250,-7.9900,2.9921,0.8400,0.0000,-0.0700,0.0287,0.0000,-0.0024,0
1370144,-4.7059,-7.9924,2.9681,0.4200,-0.0700,-0.2100,0.0144,-0.0024,-0.0072,0
1370183,-4.7227,-7.9995,2.9921,0.2800,-0.4200,-0.2800,0.0096,-0.0144,-0.0096,0
1370222,-4.7155,-8.0067,3.0303,0.0000,-0.5600,-0.3500,0.0000,-0.0191,-0.0120,0
1370261,-4.7227,-8.0043,3.0351,-0.0700,-0.4900,-0.2800,-0.0024,-0.0168,-0.0096,0
1370300,-4.7083,-8.0019,3.0064,0.3500,-0.4200,-0.2100,0.0120,-0.0144,-0.0072,0
1370339,-4.7059,-7.9900,2.9825,0.3500,-0.2800,-0.0700,0.0120,-0.0096,-0.0024,0
1370378,-4.7203,-8.0067,3.0160,0.4200,-0.0700,-0.2100,0.0144,-0.0024,-0.0072,0
1370417,-4.7107,-7.9995,3.0303,0.5600,-0.2800,0.0000,0.0191,-0.0096,0.0000,0
1370456,-4.7107,-8.0091,3.0160,0.7000,0.0000,0.0700,0.0239,0.0000,0.0024,0
1370495,-4.7035,-7.9995,2.9921,0.8400,-0.1400,0.2100,0.0287,-0.0048,0.0072,0
1370534,-4.7274,-7.9852,3.0088,0.7000,-0.2100,0.0700,0.0239,-0.0072,0.0024,0
1370573,-4.7131,-7.9780,2.9753,-0.1400,-0.4900,-0.2100,-0.0048,-0.0168,-0.0072,0
1370612,-4.6963,-8.0211,2.9897,0.3500,-0.9800,-0.1400,0.0120,-0.0335,-0.0048,0
1370651,-4.7538,-8.0139,3.0615,0.4900,-0.4200,-0.2100,0.0168,-0.0144,-0.0072,0
1370690,-4.6867,-7.9948,3.0232,0.8400,-0.3500,0.4200,0.0287,-0.0120,0.0144,0
1370729,-4.7011,-7.9876,2.9801,1.2600,0.7700,0.0000,0.0431,0.0263,0.0000,0
1370768,-4.7490,-7.9732,3.0088,-0.0700,0.9800,-0.4900,-0.0024,0.0335,-0.0168,0
1370807,-4.7107,-7.9732,3.0136,0.3500,0.0700,-0.2100,0.0120,0.0024,-0.0072,0
1370846,-4.7705,-8.0067,3.0591,0.0000,1.1900,-1.2600,0.0000,0.0407,-0.0431,0
1370885,-4.7370,-8.0283,3.0280,-0.7700,0.2800,-0.6300,-0.0263,0.0096,-0.0215,0
1370924,-4.6915,-8.0259,2.9921,0.4900,0.2800,0.0000,0.0168,0.0096,0.0000,0
1370963,-4.7250,-7.9972,2.9897,1.1200,0.4900,0.3500,0.0383,0.0168,0.0120,0
1371002,-4.7274,-7.9732,2.9825,-0.0700,-0.0700,0.0000,-0.0024,-0.0024,0.0000,0
1371041,-4.7298,-8.0043,2.9753,-0.7000,-0.2100,-0.6300,-0.0239,-0.0072,-0.0215,0
1371080,-4.7298,-8.0163,2.9753,-0.9100,-0.5600,-0.5600,-0.0311,-0.0191,-0.0191,0
1371119,-4.7059,-8.0139,2.9681,-0.7700,-0.3500,-0.5600,-0.0263,-0.0120,-0.0191,0
1371158,-4.7035,-7.9995,2.9609,-0.7000,-0.4200,-0.2100,-0.0239,-0.0144,-0.0072,0
1371197,-4.6987,-8.0091,2.9657,0.0000,-0.2100,-0.3500,0.0000,-0.0072,-0.0120,0
1371236,-4.7227,-8.0187,2.9873,0.0000,0.1400,-0.3500,0.0000,0.0048,-0.0120,0
1371275,-4.6987,-8.0187,2.9418,1.0500,-0.2100,0.4900,0.0359,-0.0072,0.0168,0
1371314,-4.7370,-8.0163,2.9729,1.6100,-0.2100,0.4200,0.0551,-0.0072,0.0144,0
1371353,-4.7442,-7.9948,2.9681,0.9100,-0.6300,0.2100,0.0311,-0.0215,0.0072,0
1371392,-4.6915,-7.9876,2.9250,1.0500,-1.1900,0.2800,0.0359,-0.0407,0.0096,0
1371431,-4.7274,-7.9948,3.0184,-0.3500,-0.9800,-0.7000,-0.0120,-0.0335,-0.0239,0
1371470,-4.7346,-8.0067,3.0112,-0.4200,-1.4700,-0.3500,-0.0144,-0.0503,-0.0120,0
1371509,-4.7107,-8.0235,2.9944,-0.6300,-1.0500,-0.8400,-0.0215,-0.0359,-0.0287,0
1371548,-4.7203,-8.0307,3.0303,-0.4900,-0.6300,-0.6300,-0.0168,-0.0215,-0.0215,0
1371587,-4.6891,-7.9948,2.9753,0.9800,-0.5600,0.4900,0.0335,-0.0191,0.0168,0
1371626,-4.6939,-7.9948,2.9609,1.1900,0.0700,0.1400,0.0407,0.0024,0.0048,0
1371665,-4.7298,-7.9924,3.0088,0.6300,-0.0700,-0.2100,0.0215,-0.0024,-0.0072,0
1371704,-4.6724,-8.0115,2.9466,0.8400,-0.2100,0.0000,0.0287,-0.0072,0.0000,0
1371743,-4.6963,-8.0187,2.9442,1.0500,0.1400,-0.0700,0.0359,0.0048,-0.0024,0
1371782,-4.7562,-8.0067,3.0375,0.3500,-0.4200,0.0700,0.0120,-0.0144,0.0024,0
1371821,-4.7729,-7.9924,3.0423,-0.7000,-0.8400,-0.2800,-0.0239,-0.0287,-0.0096,0
1371860,-4.7203,-7.9804,2.9873,-2.1700,-1.5400,-0.9800,-0.0742,-0.0527,-0.0335,0
1371899,-4.6532,-8.0331,2.9609,-0.6300,-1.1900,-0.9800,-0.0215,-0.0407,-0.0335,0
1371938,-4.7155,-8.0498,3.0208,0.8400,0.0000,-0.2800,0.0287,0.0000,-0.0096,0
1371977,-4.7250,-8.0402,3.0256,1.3300,0.2100,0.5600,0.0455,0.0072,0.0191,0
1372016,-4.7011,-8.0139,2.9585,1.1900,0.3500,0.3500,0.0407,0.0120,0.0120,0
1372055,-4.7059,-8.0067,2.9777,0.7700,-0.1400,0.2100,0.0263,-0.0048,0.0072,0
1372094,-4.6939,-8.0019,2.9777,0.7700,-0.2100,0.1400,0.0263,-0.0072,0.0048,0
1372133,-4.7107,-8.0019,2.9897,0.7000,0.0000,0.0700,0.0239,0.0000,0.0024,0
1372172,-4.7131,-8.0115,3.0016,0.7000,-0.0700,-0.1400,0.0239,-0.0024,-0.0048,0
1372211,-4.7179,-8.0259,3.0016,0.5600,-0.2100,-0.2800,0.0191,-0.0072,-0.0096,0
1372250,-4.7083,-8.0187,2.9921,0.3500,-0.2100,-0.0700,0.0120,-0.0072,-0.0024,0
1372289,-4.7035,-7.9995,2.9921,0.4200,-0.2800,0.0700,0.0144,-0.0096,0.0024,0
1372328,-4.7035,-8.0019,3.0016,0.2100,-0.1400,-0.1400,0.0072,-0.0048,-0.0048,0
1372367,-4.7011,-7.9924,2.9992,0.7700,-0.1400,0.0000,0.0263,-0.0048,0.0000,0
1372406,-4.7011,-7.9995,2.9944,0.8400,-0.2100,0.0000,0.0287,-0.0072,0.0000,0
1372445,-4.7250,-8.0187,3.0112,0.6300,0.0700,-0.2100,0.0215,0.0024,-0.0072,0
1372484,-4.7155,-7.9972,2.9921,0.7000,-0.2800,0.1400,0.0239,-0.0096,0.0048,0
1372523,-4.7059,-8.0043,2.9681,-0.0700,-0.4200,-0.4900,-0.0024,-0.0144,-0.0168,0
1372562,-4.7035,-8.0139,3.0040,0.0000,-0.6300,-0.2800,0.0000,-0.0215,-0.0096,0
1372601,-4.7203,-7.9948,3.0112,0.8400,-0.7000,0.1400,0.0287,-0.0239,0.0048,0
1372640,-4.7059,-7.9924,3.0064,0.4900,-0.4900,-0.0700,0.0168,-0.0168,-0.0024,0
1372679,-4.6963,-8.0091,2.9897,0.7000,-0.4200,-0.2100,0.0239,-0.0144,-0.0072,0
1372718,-4.6939,-7.9948,2.9801,0.7700,-0.6300,0.0700,0.0263,-0.0215,0.0024,0
1372757,-4.6987,-8.0019,3.0016,1.1200,-0.7700,0.1400,0.0383,-0.0263,0.0048,0
1372796,-4.7442,-7.9995,3.0591,-0.4900,-1.5400,0.0700,-0.0168,-0.0527,0.0024,0
1372835,-4.7394,-7.9876,3.0878,0.0000,-1.0500,-0.2800,0.0000,-0.0359,-0.0096,0
1372874,-4.7274,-7.9972,3.0471,-0.4200,-0.3500,-0.6300,-0.0144,-0.0120,-0.0215,0
1372913,-4.6891,-7.9995,3.0064,-0.1400,-0.1400,-0.4200,-0.0048,-0.0048,-0.0144,0
1372952,-4.7035,-8.0091,3.0184,-0.2100,0.6300,-0.5600,-0.0072,0.0215,-0.0191,0
1372991,-4.7179,-8.0235,3.0112,0.1400,0.7000,-0.3500,0.0048,0.0239,-0.0120,0
1373030,-4.7059,-8.0091,2.9849,0.0000,0.4900,-0.1400,0.0000,0.0168,-0.0048,0
1373069,-4.6915,-8.0091,2.9729,-0.0700,0.2100,-0.2800,-0.0024,0.0072,-0.0096,0
1373108,-4.6891,-8.0259,2.9801,-0.1400,0.4200,-0.2800,-0.0048,0.0144,-0.0096,0
1373147,-4.7107,-8.0067,2.9849,-0.2100,0.7000,-0.0700,-0.0072,0.0239,-0.0024,0
1373186,-4.7083,-8.0139,2.9633,-17.9200,0.6300,-0.2800,-0.6128,0.0215,-0.0096,0
1373225,-4.7131,-8.0331,2.9777,0.6300,0.4200,0.1400,0.0215,0.0144,0.0048,0
1373264,-4.7322,-8.0139,2.9992,0.2100,0.2100,0.0700,0.0072,0.0072,0.0024,0
1373303,-4.7131,-7.9924,2.9681,0.4900,0.1400,0.1400,0.0168,0.0048,0.0048,0
1373342,-4.6963,-8.0091,2.9322,0.4900,0.5600,0.0000,0.0168,0.0191,0.0000,0
1373381,-4.7250,-8.0139,2.9466,0.3500,0.2800,0.0700,0.0120,0.0096,0.0024,0
1373420,-4.7394,-8.0067,2.9825,0.1400,-0.0700,-0.1400,0.0048,-0.0024,-0.0048,0
1373459,-4.7418,-8.0187,2.9801,-0.2800,-0.2100,-0.4900,-0.0096,-0.0072,-0.0168,0
1373498,-4.7250,-8.0115,2.9561,-0.2800,-0.6300,-0.3500,-0.0096,-0.0215,-0.0120,0
1373537,-4.7059,-8.0283,2.9633,-0.0700,-0.6300,-0.5600,-0.0024,-0.0215,-0.0191,0
1373576,-4.7011,-8.0259,2.9394,0.5600,-0.6300,-0.0700,0.0191,-0.0215,-0.0024,0
1373615,-4.7083,-8.0043,2.9633,0.9800,-0.4200,0.1400,0.0335,-0.0144,0.0048,0
1373654,-4.7250,-7.9995,2.9753,1.1200,-0.4200,0.1400,0.0383,-0.0144,0.0048,0
1373693,-4.7250,-8.0163,2.9561,0.8400,-0.4900,-0.0700,0.0287,-0.0168,-0.0024,0
1373732,-4.7298,-8.0115,2.9753,0.9100,-0.7700,-0.0700,0.0311,-0.0263,-0.0024,0
1373771,-4.7274,-7.9972,2.9873,0.2100,-0.9100,-0.2800,0.0072,-0.0311,-0.0096,0
1373810,-4.7035,-8.0067,2.9729,0.3500,-0.9100,-0.2800,0.0120,-0.0311,-0.0096,0
1373849,-4.7155,-8.0187,2.9944,0.2800,-0.8400,-0.4200,0.0096,-0.0287,-0.0144,0
1373888,-4.7059,-7.9995,2.9921,0.7700,-0.8400,0.0000,0.0263,-0.0287,0.0000,0
1373927,-4.7274,-7.9948,3.0208,0.8400,-0.7000,0.0000,0.0287,-0.0239,0.0000,0
1373966,-4.7059,-7.9900,2.9992,0.6300,-0.4900,-0.2100,0.0215,-0.0168,-0.0072,0
1374005,-4.6844,-8.0091,2.9609,0.5600,-0.3500,-0.2100,0.0191,-0.0120,-0.0072,0
1374044,-4.7227,-8.0163,2.9825,0.4900,-0.4900,-0.1400,0.0168,-0.0168,-0.0048,0
1374083,-4.7203,-8.0067,3.0232,0.2100,-0.5600,-0.1400,0.0072,-0.0191,-0.0048,0
1374122,-4.7107,-8.0067,3.0184,0.1400,-0.4200,-0.2800,0.0048,-0.0144,-0.0096,0
1374161,-4.6987,-8.0067,2.9825,0.2100,-0.5600,-0.4200,0.0072,-0.0191,-0.0144,0
1374200,-4.7059,-8.0067,2.9777,0.0000,-0.4900,-0.5600,0.0000,-0.0168,-0.0191,0
1374239,-4.6939,-8.0163,2.9897,0.0700,-0.4900,-0.4900,0.0024,-0.0168,-0.0168,0
1374278,-4.6867,-8.0283,2.9968,0.3500,-0.2100,-0.2800,0.0120,-0.0072,-0.0096,0
1374317,-4.7059,-8.0163,3.0208,0.9100,-0.0700,0.1400,0.0311,-0.0024,0.0048,0
1374356,-4.6939,-7.9972,2.9944,1.1900,0.0700,0.4900,0.0407,0.0024,0.0168,0
1374395,-4.7107,-7.9900,3.0040,1.1200,0.0000,0.1400,0.0383,0.0000,0.0048,0
1374434,-4.7227,-8.0043,3.0136,0.0700,-0.0700,-0.4200,0.0024,-0.0024,-0.0144,0
1374473,-4.6963,-8.0259,2.9921,0.1400,-0.1400,-0.3500,0.0048,-0.0048,-0.0120,0
1374512,-4.6844,-8.0139,2.9561,0.3500,-0.3500,0.1400,0.0120,-0.0120,0.0048,0
1374551,-4.7083,-8.0139,3.0016,0.8400,-0.3500,0.1400,0.0287,-0.0120,0.0048,0
1374590,-4.7298,-7.9852,3.0327,0.9100,-0.5600,0.2800,0.0311,-0.0191,0.0096,0
1374629,-4.7250,-7.9972,3.0686,0.1400,-0.0700,-0.4900,0.0048,-0.0024,-0.0168,0
1374668,-4.7227,-8.0067,3.0088,0.4200,0.0000,-0.2100,0.0144,0.0000,-0.0072,0
1374707,-4.6867,-8.0019,2.9538,0.6300,-0.7000,0.0000,0.0215,-0.0239,0.0000,0
1374746,-4.6700,-7.9948,2.9514,0.4900,-0.8400,0.0000,0.0168,-0.0287,0.0000,0
1374785,-4.7059,-8.0091,3.0232,-0.0700,-0.2800,-0.4200,-0.0024,-0.0096,-0.0144,0
1374824,-4.7466,-8.0067,3.0543,0.3500,-0.2800,-0.4200,0.0120,-0.0096,-0.0144,0
1374863,-4.7035,-8.0139,3.0232,0.2100,-0.7700,-0.4900,0.0072,-0.0263,-0.0168,0
1374902,-4.7083,-8.0450,3.0016,-0.8400,-0.2800,-0.6300,-0.0287,-0.0096,-0.0215,0
1374941,-4.7131,-7.9924,3.0064,0.5600,-0.7700,0.5600,0.0191,-0.0263,0.0191,0
1374980,-4.6748,-7.9780,3.0016,0.6300,-0.0700,-0.3500,0.0215,-0.0024,-0.0120,0
1375019,-4.7155,-8.0402,3.0447,0.7700,0.0700,-0.5600,0.0263,0.0024,-0.0191,0
1375058,-4.7179,-8.0426,3.0399,0.7700,0.7000,-0.0700,0.0263,0.0239,-0.0024,0
1375097,-4.7035,-8.0043,2.9705,1.3300,0.3500,0.8400,0.0455,0.0120,0.0287,0
1375136,-4.7011,-7.9780,2.9873,-0.0700,-0.5600,-0.0700,-0.0024,-0.0191,-0.0024,0
1375175,-4.7346,-8.0115,3.0710,0.0000,-0.2100,-0.3500,0.0000,-0.0072,-0.0120,0
1375214,-4.7083,-8.0019,3.0303,0.6300,0.0000,0.2100,0.0215,0.0000,0.0072,0
1375253,-4.6652,-7.9684,2.9490,0.6300,0.4200,0.2100,0.0215,0.0144,0.0072,0
1375292,-4.6915,-8.0187,2.9681,1.1200,0.2100,-0.3500,0.0383,0.0072,-0.0120,0
1375331,-4.7466,-8.0019,3.0423,0.4900,-0.4900,-0.2100,0.0168,-0.0168,-0.0072,0
1375370,-4.6963,-8.0019,2.9992,0.1400,-0.6300,-0.0700,0.0048,-0.0215,-0.0024,0
1375409,-4.6820,-8.0067,2.9633,0.0700,-0.7000,-0.0700,0.0024,-0.0239,-0.0024,0
1375448,-4.7203,-7.9828,3.0327,0.3500,-0.3500,-0.2100,0.0120,-0.0120,-0.0072,0
1375487,-4.7227,-8.0067,3.0351,-0.0700,-0.7000,-0.4900,-0.0024,-0.0239,-0.0168,0
1375526,-4.7083,-7.9924,3.0303,0.2800,-0.8400,-0.2800,0.0096,-0.0287,-0.0096,0
1375565,-4.6891,-8.0259,3.0256,0.5600,-0.4900,-0.3500,0.0191,-0.0168,-0.0120,0
1375604,-4.7179,-8.0091,3.0423,0.7700,-0.4900,0.1400,0.0263,-0.0168,0.0048,0
1375643,-4.7035,-7.9948,3.0136,0.7000,-0.2100,0.2100,0.0239,-0.0072,0.0072,0
1375682,-4.7011,-7.9852,3.0088,0.6300,0.0700,-0.0700,0.0215,0.0024,-0.0024,0
1375721,-4.7131,-8.0067,3.0351,-0.0700,-0.1400,-0.4200,-0.0024,-0.0048,-0.0144,0
1375760,-4.6939,-8.0115,3.0160,0.5600,0.0000,-0.2100,0.0191,0.0000,-0.0072,0
1375799,-4.7179,-7.9972,3.0256,0.4200,0.2800,-0.0700,0.0144,0.0096,-0.0024,0
1375838,-4.6939,-8.0187,3.0016,0.3500,-0.3500,-0.2800,0.0120,-0.0120,-0.0096,0
1375877,-4.7155,-8.0115,3.0303,0.2100,-0.5600,-0.1400,0.0072,-0.0191,-0.0048,0
1375916,-4.6772,-7.9900,3.0016,0.0000,-0.2800,-0.1400,0.0000,-0.0096,-0.0048,0
1375955,-4.6772,-7.9900,2.9633,0.7700,0.0000,-0.0700,0.0263,0.0000,-0.0024,0
1375994,-4.6915,-8.0091,3.0184,0.7000,-0.4200,-0.1400,0.0239,-0.0144,-0.0048,0
1376033,-4.7083,-8.0259,3.0184,0.6300,-0.2800,0.0000,0.0215,-0.0096,0.0000,0
1376072,-4.7059,-8.0019,3.0088,1.0500,-0.9800,0.4200,0.0359,-0.0335,0.0144,0
1376111,-4.6867,-7.9852,2.9873,0.7700,-1.2600,0.0700,0.0263,-0.0431,0.0024,0
1376150,-4.7035,-7.9852,3.0208,0.6300,-1.8200,-0.2100,0.0215,-0.0622,-0.0072,0
1376189,-4.7179,-7.9804,3.0758,-0.9800,-2.3800,-0.5600,-0.0335,-0.0814,-0.0191,0
1376228,-4.7131,-8.0211,3.0878,-1.6100,-1.2600,-0.9800,-0.0551,-0.0431,-0.0335,0
1376267,-4.6939,-8.0115,3.0471,-0.2800,-0.2800,-0.3500,-0.0096,-0.0096,-0.0120,0
1376306,-4.7035,-8.0163,3.0615,-0.4200,0.5600,-0.5600,-0.0144,0.0191,-0.0191,0
1376345,-4.6915,-8.0043,3.0208,0.4200,0.2800,0.0000,0.0144,0.0096,0.0000,0
1376384,-4.6628,-8.0115,2.9777,-0.2100,0.7700,-0.2800,-0.0072,0.0263,-0.0096,0
1376423,-4.6844,-8.0378,3.0016,-0.0700,0.9800,-0.4200,-0.0024,0.0335,-0.0144,0
1376462,-4.7059,-8.0354,3.0208,0.0700,0.9100,0.0000,0.0024,0.0311,0.0000,0
1376501,-4.6963,-8.0139,2.9873,0.2800,0.7000,0.3500,0.0096,0.0239,0.0120,0
1376540,-4.6987,-8.0043,3.0112,0.5600,0.4900,0.2100,0.0191,0.0168,0.0072,0
1376579,-4.7035,-7.9900,3.0016,0.4900,0.8400,0.2100,0.0168,0.0287,0.0072,0
1376618,-4.7179,-7.9972,2.9921,0.4200,0.9100,-0.0700,0.0144,0.0311,-0.0024,0
1376657,-4.7179,-7.9948,2.9777,0.1400,0.6300,-0.2100,0.0048,0.0215,-0.0072,0
1376696,-4.7227,-8.0115,2.9777,-0.2800,0.2800,-0.4900,-0.0096,0.0096,-0.0168,0
1376735,-4.7011,-8.0426,2.9633,-0.6300,-0.4200,-0.3500,-0.0215,-0.0144,-0.0120,0
1376774,-4.6700,-8.0187,2.9418,-0.1400,0.0000,-0.3500,-0.0048,0.0000,-0.0120,0
1376813,-4.6772,-8.0115,2.9490,0.0700,0.0700,-0.1400,0.0024,0.0024,-0.0048,0
1376852,-4.7059,-8.0331,2.9777,0.2800,0.4200,-0.0700,0.0096,0.0144,-0.0024,0
1376891,-4.6963,-8.0043,2.9657,0.7700,0.2800,0.4200,0.0263,0.0096,0.0144,0
1376930,-4.7107,-8.0211,2.9370,0.9800,0.1400,0.1400,0.0335,0.0048,0.0048,0
1376969,-4.7250,-8.0307,2.9561,0.9100,-0.3500,0.1400,0.0311,-0.0120,0.0048,0
1377008,-4.7227,-8.0043,2.9825,0.6300,-0.5600,0.0700,0.0215,-0.0191,0.0024,0
1377047,-4.7131,-8.0091,2.9514,0.7000,-0.6300,-0.0700,0.0239,-0.0215,-0.0024,0
1377086,-4.6963,-8.0091,2.9514,0.1400,-0.9100,-0.2800,0.0048,-0.0311,-0.0096,0
1377125,-4.7011,-8.0091,2.9705,0.4900,-1.1200,-0.2100,0.0168,-0.0383,-0.0072,0
1377164,-4.7179,-8.0211,3.0136,0.7000,-1.0500,0.0000,0.0239,-0.0359,0.0000,0
1377203,-4.6987,-7.9995,2.9825,1.0500,-0.5600,0.1400,0.0359,-0.0191,0.0048,0
1377242,-4.6844,-7.9972,2.9538,1.1900,-0.3500,0.1400,0.0407,-0.0120,0.0048,0
1377281,-4.7322,-8.0307,3.0160,0.5600,-0.0700,-0.4200,0.0191,-0.0024,-0.0144,0
1377320,-4.7418,-8.0211,3.0399,0.3500,-0.4900,-0.0700,0.0120,-0.0168,-0.0024,0
1377359,-4.7155,-7.9972,2.9992,0.2800,-0.9100,-0.2100,0.0096,-0.0311,-0.0072,0
1377398,-4.7131,-8.0067,3.0136,-0.0700,-0.9800,-0.7000,-0.0024,-0.0335,-0.0239,0
1377437,-4.6987,-8.0139,3.0112,0.0700,-0.7000,-0.4200,0.0024,-0.0239,-0.0144,0
1377476,-4.6796,-8.0091,2.9825,0.6300,-0.2100,0.0000,0.0215,-0.0072,0.0000,0
1377515,-4.7035,-8.0091,2.9921,0.4900,-0.0700,-0.2100,0.0168,-0.0024,-0.0072,0
1377554,-4.6867,-8.0163,3.0016,0.0700,-0.2100,-0.2800,0.0024,-0.0072,-0.0096,0
1377593,-4.6939,-8.0235,2.9849,0.7700,-0.1400,0.0000,0.0263,-0.0048,0.0000,0
1377632,-4.7083,-8.0163,3.0064,0.2800,-0.2800,-0.0700,0.0096,-0.0096,-0.0024,0
1377671,-4.6939,-8.0139,2.9968,0.1400,0.0000,-0.2800,0.0048,0.0000,-0.0096,0
1377710,-4.6867,-8.0211,2.9968,0.6300,-0.2100,0.0700,0.0215,-0.0072,0.0024,0
1377749,-4.6987,-8.0067,2.9968,0.8400,-0.3500,0.1400,0.0287,-0.0120,0.0048,0
1377788,-4.7179,-7.9995,3.0303,0.7700,-0.4200,0.0700,0.0263,-0.0144,0.0024,0
1377827,-4.6939,-8.0091,3.0136,0.4900,-0.1400,-0.1400,0.0168,-0.0048,-0.0048,0
1377866,-4.7059,-8.0067,3.0016,0.9100,0.1400,-0.0700,0.0311,0.0048,-0.0024,0
1377905,-4.6772,-8.0043,2.9777,0.7000,-0.4200,0.0000,0.0239,-0.0144,0.0000,0
1377944,-4.7059,-8.0091,3.0064,0.6300,-0.2100,-0.2100,0.0215,-0.0072,-0.0072,0
1377983,-4.7227,-8.0091,3.0351,0.2800,-0.4200,0.0000,0.0096,-0.0144,0.0000,0
1378022,-4.7011,-7.9995,3.0256,0.1400,-0.4900,-0.2100,0.0048,-0.0168,-0.0072,0
1378061,-4.6963,-8.0019,3.0016,0.0000,-0.6300,-0.4900,0.0000,-0.0215,-0.0168,0
1378100,-4.6963,-8.0019,3.0064,0.0700,-0.4900,-0.4200,0.0024,-0.0168,-0.0144,0
1378139,-4.6939,-8.0187,3.0136,0.6300,-0.2100,-0.0700,0.0215,-0.0072,-0.0024,0
1378178,-4.7059,-8.0067,3.0160,0.3500,-0.2800,-0.2800,0.0120,-0.0096,-0.0096,0
1378217,-4.6867,-8.0187,3.0136,0.2800,-0.4200,-0.2800,0.0096,-0.0144,-0.0096,0
1378256,-4.6987,-8.0259,3.0064,0.5600,-0.0700,0.0000,0.0191,-0.0024,0.0000,0
1378295,-4.6915,-7.9852,3.0064,0.4200,-0.1400,0.0700,0.0144,-0.0048,0.0024,0
1378334,-4.6939,-8.0067,3.0160,0.0700,-0.0700,-0.2800,0.0024,-0.0024,-0.0096,0
1378373,-4.6939,-8.0067,3.0232,0.8400,-0.1400,0.1400,0.0287,-0.0048,0.0048,0
1378412,-4.7274,-8.0091,3.0639,0.7700,-0.0700,0.0700,0.0263,-0.0024,0.0024,0
1378451,-4.7107,-8.0091,3.0327,0.4900,0.0000,0.0000,0.0168,0.0000,0.0000,0
1378490,-4.6867,-7.9972,2.9729,0.6300,-0.1400,-0.0700,0.0215,-0.0048,-0.0024,0
1378529,-4.6676,-8.0235,2.9633,0.4200,-0.4900,-0.2800,0.0144,-0.0168,-0.0096,0
1378568,-4.7083,-8.0115,3.0184,0.4200,-0.5600,-0.1400,0.0144,-0.0191,-0.0048,0
1378607,-4.7011,-7.9900,3.0399,0.4200,-0.8400,0.1400,0.0144,-0.0287,0.0048,0
1378646,-4.7083,-7.9972,3.0256,0.2800,-0.5600,-0.4200,0.0096,-0.0191,-0.0144,0
1378685,-4.6939,-7.9995,3.0160,0.4900,-0.9100,-0.2100,0.0168,-0.0311,-0.0072,0
1378724,-4.6844,-8.0067,3.0136,0.3500,-1.1200,-0.2100,0.0120,-0.0383,-0.0072,0
1378763,-4.7107,-7.9972,3.0567,-0.8400,-0.9800,-0.4200,-0.0287,-0.0335,-0.0144,0
1378802,-4.6987,-8.0019,3.0519,-0.6300,-0.6300,-0.4200,-0.0215,-0.0215,-0.0144,0
1378841,-4.6724,-8.0115,3.0136,0.0000,-0.2100,-0.4900,0.0000,-0.0072,-0.0168,0
1378880,-4.6891,-8.0402,3.0256,0.0700,0.3500,-0.4900,0.0024,0.0120,-0.0168,0
1378919,-4.6676,-8.0163,3.0040,0.6300,0.2800,0.2800,0.0215,0.0096,0.0096,0
1378958,-4.7203,-7.9900,3.0160,0.3500,0.9100,0.0700,0.0120,0.0311,0.0024,0
1378997,-4.7107,-8.0139,3.0232,-0.3500,0.6300,-0.2100,-0.0120,0.0215,-0.0072,0
1379036,-4.7203,-8.0163,3.0327,-0.4900,0.6300,-0.4200,-0.0168,0.0215,-0.0144,0
1379075,-4.6939,-8.0043,2.9777,0.3500,0.8400,0.0700,0.0120,0.0287,0.0024,0
1379114,-4.6891,-8.0019,2.9394,0.4900,1.1200,0.0700,0.0168,0.0383,0.0024,0
1379153,-4.7059,-8.0163,2.9394,0.0000,0.4200,-0.0700,0.0000,0.0144,-0.0024,0
1379192,-4.7418,-8.0187,3.0184,-0.4900,0.1400,-0.4200,-0.0168,0.0048,-0.0144,0
1379231,-4.7155,-8.0163,2.9968,-0.6300,-0.2100,-0.3500,-0.0215,-0.0072,-0.0120,0
1379270,-4.6963,-8.0187,2.9681,-0.6300,0.0700,-0.5600,-0.0215,0.0024,-0.0191,0
1379309,-4.7059,-8.0307,2.9705,-0.4200,0.1400,-0.4900,-0.0144,0.0048,-0.0168,0
1379348,-4.6891,-8.0187,2.9585,0.0700,0.0700,0.0000,0.0024,0.0024,0.0000,0
1379387,-4.6820,-8.0163,2.9274,0.8400,0.4900,0.2100,0.0287,0.0168,0.0072,0
1379426,-4.6963,-8.0235,2.9394,0.4200,0.1400,-0.1400,0.0144,0.0048,-0.0048,0
1379465,-4.7227,-8.0307,2.9657,0.4900,-0.3500,-0.0700,0.0168,-0.0120,-0.0024,0
1379504,-4.7155,-8.0235,2.9561,0.2800,-0.5600,0.0000,0.0096,-0.0191,0.0000,0
1379543,-4.6915,-8.0211,2.9466,0.7000,-0.7000,0.0700,0.0239,-0.0239,0.0024,0
1379582,-4.7203,-8.0211,2.9968,0.4200,-0.4900,0.0000,0.0144,-0.0168,0.0000,0
1379621,-4.7298,-7.9900,2.9825,1.0500,-0.7700,0.1400,0.0359,-0.0263,0.0048,0
1379660,-4.7274,-8.0019,2.9992,0.6300,-0.9800,-0.3500,0.0215,-0.0335,-0.0120,0
1379699,-4.6963,-8.0283,2.9897,0.5600,-0.7000,-0.4200,0.0191,-0.0239,-0.0144,0
1379738,-4.6820,-8.0187,2.9346,1.1200,-0.4900,0.2100,0.0383,-0.0168,0.0072,0
1379777,-4.6748,-8.0067,2.9418,1.1900,-0.6300,0.2800,0.0407,-0.0215,0.0096,0
1379816,-4.7227,-8.0115,2.9849,0.4900,-0.5600,-0.0700,0.0168,-0.0191,-0.0024,0
1379855,-4.7011,-8.0043,2.9944,0.2800,-0.9100,-0.2800,0.0096,-0.0311,-0.0096,0
1379894,-4.7107,-8.0163,3.0184,0.3500,-0.9100,-0.4200,0.0120,-0.0311,-0.0144,0
1379933,-4.7083,-7.9972,3.0112,0.0700,-1.1200,-0.2800,0.0024,-0.0383,-0.0096,0
1379972,-4.7131,-8.0115,3.0208,0.1400,-0.7700,-0.4200,0.0048,-0.0263,-0.0144,0
1380011,-4.7059,-8.0187,3.0184,0.0700,-0.7700,-0.4200,0.0024,-0.0263,-0.0144,0
1380050,-4.6772,-8.0211,3.0088,0.0000,-0.3500,-0.3500,0.0000,-0.0120,-0.0120,0
1380089,-4.6915,-8.0259,2.9921,0.9100,0.0700,0.0700,0.0311,0.0024,0.0024,0
1380128,-4.7059,-8.0211,3.0184,0.9800,0.0000,0.2800,0.0335,0.0000,0.0096,0
1380167,-4.7131,-8.0163,3.0256,0.5600,0.0700,0.0000,0.0191,0.0024,0.0000,0
1380206,-4.7059,-8.0091,3.0040,0.4200,0.0000,-0.1400,0.0144,0.0000,-0.0048,0
1380245,-4.6844,-8.0163,2.9873,0.4900,-0.1400,-0.0700,0.0168,-0.0048,-0.0024,0
1380284,-4.7083,-8.0091,3.0208,0.9100,-0.2100,0.1400,0.0311,-0.0072,0.0048,0
1380323,-4.6963,-7.9876,2.9921,0.5600,-0.1400,-0.1400,0.0191,-0.0048,-0.0048,0
1380362,-4.6867,-8.0043,2.9705,0.4200,-0.2100,-0.2100,0.0144,-0.0072,-0.0072,0
1380401,-4.6867,-8.0115,2.9801,0.3500,-0.4200,-0.1400,0.0120,-0.0144,-0.0048,0
1380440,-4.7107,-8.0139,3.0016,0.2100,-0.4900,-0.2100,0.0072,-0.0168,-0.0072,0
1380479,-4.6987,-8.0235,3.0327,-0.1400,-0.6300,-0.3500,-0.0048,-0.0215,-0.0120,0
1380518,-4.7011,-8.0067,3.0160,0.2800,-0.4200,-0.2800,0.0096,-0.0144,-0.0096,0
1380557,-4.6772,-8.0139,3.0064,0.4200,-0.3500,-0.2100,0.0144,-0.0120,-0.0072,0
1380596,-4.6796,-8.0187,2.9992,0.4200,0.0000,-0.0700,0.0144,0.0000,-0.0024,0
1380635,-4.7083,-7.9995,3.0136,0.9800,0.0000,0.2800,0.0335,0.0000,0.0096,0
1380674,-4.7083,-8.0091,3.0136,0.6300,-0.2100,-0.1400,0.0215,-0.0072,-0.0048,0
1380713,-4.6987,-8.0091,3.0184,0.1400,-0.5600,-0.1400,0.0048,-0.0191,-0.0048,0
1380752,-4.6867,-8.0091,3.0064,0.1400,-0.4200,-0.2800,0.0048,-0.0144,-0.0096,0
1380791,-4.7155,-8.0139,3.0303,0.1400,-0.3500,-0.1400,0.0048,-0.0120,-0.0048,0
1380830,-4.7131,-8.0331,3.0232,0.0700,-0.3500,-0.2100,0.0024,-0.0120,-0.0072,0
1380869,-4.6772,-8.0211,3.0256,0.4200,-0.2100,0.2800,0.0144,-0.0072,0.0096,0
1380908,-4.7107,-7.9852,3.0495,0.5600,0.7000,0.4200,0.0191,0.0239,0.0144,0
1380947,-4.6939,-7.9924,2.9921,1.4700,0.9800,0.2800,0.0503,0.0335,0.0096,0
1380986,-4.6963,-8.0115,2.9633,2.1700,1.6100,0.0700,0.0742,0.0551,0.0024,0
1381025,-4.7011,-7.9828,2.9490,1.2600,0.8400,-0.1400,0.0431,0.0287,-0.0048,0
1381064,-4.6963,-7.9995,2.9897,-0.0700,1.0500,-0.9800,-0.0024,0.0359,-0.0335,0
1381103,-4.7203,-8.0378,3.0064,-0.8400,0.4900,-1.4000,-0.0287,0.0168,-0.0479,0
1381142,-4.7083,-7.9995,2.9897,-1.8200,0.2100,-0.9800,-0.0622,0.0072,-0.0335,0
1381181,-4.6748,-7.9900,2.9585,-0.2800,0.0000,-0.2100,-0.0096,0.0000,-0.0072,0
1381220,-4.6915,-8.0163,2.9657,0.1400,0.2100,-0.4900,0.0048,0.0072,-0.0168,0
1381259,-4.7083,-8.0426,2.9897,-0.4200,0.1400,-0.5600,-0.0144,0.0048,-0.0191,0
1381298,-4.7298,-8.0618,3.0040,-0.6300,-0.0700,-0.4200,-0.0215,-0.0024,-0.0144,0
1381337,-4.6796,-8.0354,2.9705,-0.2100,-0.4200,0.1400,-0.0072,-0.0144,0.0048,0
1381376,-4.6867,-8.0235,2.9561,0.7000,-0.1400,0.0700,0.0239,-0.0048,0.0024,0
1381415,-4.7107,-8.0067,2.9681,0.4900,-0.1400,0.0000,0.0168,-0.0048,0.0000,0
1381454,-4.6867,-8.0402,2.9418,1.1200,-0.1400,0.2800,0.0383,-0.0048,0.0096,0
1381493,-4.7059,-8.0283,2.9418,1.1200,-0.1400,0.3500,0.0383,-0.0048,0.0120,0
1381532,-4.7059,-8.0235,2.9609,0.8400,-0.8400,0.2800,0.0287,-0.0287,0.0096,0
1381571,-4.7203,-8.0211,2.9849,0.9100,-0.9100,0.0000,0.0311,-0.0311,0.0000,0
1381610,-4.6915,-8.0019,2.9442,0.6300,-0.6300,0.0700,0.0215,-0.0215,0.0024,0
1381649,-4.6820,-8.0091,2.9202,0.7700,-0.3500,-0.1400,0.0263,-0.0120,-0.0048,0
1381688,-4.7107,-8.0378,2.9873,0.4200,-0.8400,-0.2100,0.0144,-0.0287,-0.0072,0
1381727,-4.6963,-8.0331,2.9825,0.2800,-1.0500,-0.2100,0.0096,-0.0359,-0.0072,0
1381766,-4.7155,-8.0211,3.0040,0.0700,-1.3300,-0.1400,0.0024,-0.0455,-0.0048,0
1381805,-4.6987,-7.9924,2.9897,-0.0700,-1.4700,-0.0700,-0.0024,-0.0503,-0.0024,0
1381844,-4.6700,-8.0067,2.9777,0.1400,-0.9100,-0.4200,0.0048,-0.0311,-0.0144,0
1381883,-4.6987,-8.0331,2.9921,0.2800,-0.2100,-0.4200,0.0096,-0.0072,-0.0144,0
1381922,-4.6891,-8.0211,2.9873,0.1400,-0.4900,-0.2800,0.0048,-0.0168,-0.0096,0
1381961,-4.6939,-8.0354,2.9968,-0.1400,-0.8400,-0.2100,-0.0048,-0.0287,-0.0072,0
1382000,-4.7083,-8.0187,3.0160,0.0000,-0.7000,0.0000,0.0000,-0.0239,0.0000,0
1382039,-4.6939,-8.0187,3.0160,0.0000,-0.3500,-0.2100,0.0000,-0.0120,-0.0072,0
1382078,-4.6628,-8.0259,2.9633,0.4900,0.0700,-0.1400,0.0168,0.0024,-0.0048,0
1382117,-4.6844,-8.0283,2.9944,0.8400,0.2800,0.0700,0.0287,0.0096,0.0024,0
1382156,-4.7131,-8.0283,3.0016,0.9100,0.0000,0.2800,0.0311,0.0000,0.0096,0
1382195,-4.7155,-8.0163,3.0112,0.9100,-0.2800,0.2800,0.0311,-0.0096,0.0096,0
1382234,-4.6796,-7.9948,2.9825,0.4900,-0.1400,0.0000,0.0168,-0.0048,0.0000,0
1382273,-4.6939,-8.0163,2.9825,0.4200,-0.0700,-0.2800,0.0144,-0.0024,-0.0096,0
1382312,-4.6844,-8.0115,2.9729,0.2100,-0.5600,-0.1400,0.0072,-0.0191,-0.0048,0
1382351,-4.6891,-8.0091,2.9729,0.0700,-0.4900,-0.3500,0.0024,-0.0168,-0.0120,0
1382390,-4.6820,-8.0187,2.9873,0.0000,-0.9100,-0.3500,0.0000,-0.0311,-0.0120,0
1382429,-4.6963,-8.0259,3.0040,-0.0700,-0.7000,-0.4200,-0.0024,-0.0239,-0.0144,0
1382468,-4.6891,-8.0187,2.9944,0.0700,-0.5600,-0.2800,0.0024,-0.0191,-0.0096,0
1382507,-4.6820,-8.0235,2.9921,0.2100,-0.4200,-0.2800,0.0072,-0.0144,-0.0096,0
1382546,-4.6772,-8.0139,2.9921,0.5600,-0.5600,0.0700,0.0191,-0.0191,0.0024,0
1382585,-4.6772,-8.0187,2.9825,0.6300,-0.4900,0.0000,0.0215,-0.0168,0.0000,0
1382624,-4.6867,-8.0235,3.0016,0.6300,-0.5600,-0.1400,0.0215,-0.0191,-0.0048,0
1382663,-4.6844,-8.0307,3.0064,0.5600,-0.7700,-0.1400,0.0191,-0.0263,-0.0048,0
1382702,-4.6604,-8.0115,2.9849,1.1900,-1.1200,0.3500,0.0407,-0.0383,0.0120,0
1382741,-4.6867,-8.0139,3.0088,0.3500,-1.1200,-0.0700,0.0120,-0.0383,-0.0024,0
1382780,-4.6939,-8.0331,3.0447,-0.4900,-1.1200,-0.0700,-0.0168,-0.0383,-0.0024,0
1382819,-4.7011,-8.0091,3.0399,0.2800,-0.4200,0.0000,0.0096,-0.0144,0.0000,0
1382858,-4.6772,-8.0259,3.0256,0.0000,0.1400,-0.2800,0.0000,0.0048,-0.0096,0
1382897,-4.6748,-8.0187,2.9992,0.0700,0.5600,-0.3500,0.0024,0.0191,-0.0120,0
1382936,-4.6556,-7.9995,2.9561,0.2100,0.4900,-0.0700,0.0072,0.0168,-0.0024,0
1382975,-4.7203,-8.0331,3.0351,0.2100,0.1400,-0.4200,0.0072,0.0048,-0.0144,0
1383014,-4.7035,-8.0163,3.0208,-0.6300,0.4200,-0.4900,-0.0215,0.0144,-0.0168,0
1383053,-4.6484,-8.0307,2.9394,-0.4900,0.3500,-0.3500,-0.0168,0.0120,-0.0120,0
1383092,-4.6365,-8.0259,2.9083,-0.4900,0.3500,-0.4900,-0.0168,0.0120,-0.0168,0
1383131,-4.6772,-8.0235,2.9681,0.3500,-0.1400,-0.0700,0.0120,-0.0048,-0.0024,0
1383170,-4.7227,-8.0402,2.9992,-0.4200,-0.2100,-0.5600,-0.0144,-0.0072,-0.0191,0
1383209,-4.7131,-8.0283,3.0160,-1.5400,-0.4900,-0.4900,-0.0527,-0.0168,-0.0168,0
1383248,-4.6365,-8.0283,2.9274,-0.4900,-0.7000,-0.4900,-0.0168,-0.0239,-0.0168,0
1383287,-4.6293,-8.0522,2.8843,-0.0700,0.1400,-0.3500,-0.0024,0.0048,-0.0120,0
1383326,-4.6796,-8.0714,2.9585,0.2800,0.1400,0.1400,0.0096,0.0048,0.0048,0
1383365,-4.7227,-8.0809,3.0375,0.4200,1.1900,0.0700,0.0144,0.0407,0.0024,0
1383404,-4.7227,-8.0163,3.0160,1.0500,-0.1400,0.9100,0.0359,-0.0048,0.0311,0
1383443,-4.6915,-8.0019,2.9801,0.9800,-0.3500,-0.1400,0.0335,-0.0120,-0.0048,0
1383482,-4.6891,-8.0211,2.9729,1.3300,0.0000,-0.5600,0.0455,0.0000,-0.0191,0
1383521,-4.6269,-8.0331,2.8867,3.2200,0.0000,0.6300,0.1101,0.0000,0.0215,0
1383560,-4.6389,-8.0115,2.8843,1.8900,0.4200,0.4200,0.0646,0.0144,0.0144,0
1383599,-4.6939,-8.0211,2.9514,1.2600,-0.2800,0.0700,0.0431,-0.0096,0.0024,0
1383638,-4.7083,-8.0331,3.0016,0.3500,-1.1900,-0.0700,0.0120,-0.0407,-0.0024,0
1383677,-4.7035,-8.0211,3.0160,-0.2100,-1.0500,-0.4900,-0.0072,-0.0359,-0.0168,0
1383716,-4.6844,-8.0259,2.9897,0.0700,-1.1900,-0.1400,0.0024,-0.0407,-0.0048,0
1383755,-4.6844,-8.0043,2.9753,0.2100,-1.1900,-0.2100,0.0072,-0.0407,-0.0072,0
1383794,-4.6796,-7.9948,3.0136,0.0000,-1.0500,-0.4200,0.0000,-0.0359,-0.0144,0
1383833,-4.6652,-8.0378,2.9801,0.3500,-0.4900,-0.6300,0.0120,-0.0168,-0.0215,0
1383872,-4.6772,-8.0522,3.0040,0.1400,-0.3500,-0.3500,0.0048,-0.0120,-0.0120,0
1383911,-4.6867,-8.0546,2.9992,0.3500,-0.3500,0.0700,0.0120,-0.0120,0.0024,0
1383950,-4.6796,-8.0043,3.0064,0.0700,-0.8400,0.2800,0.0024,-0.0287,0.0096,0
1383989,-4.6891,-7.9995,2.9968,-1.4000,-1.0500,-0.5600,-0.0479,-0.0359,-0.0191,0
1384028,-4.6652,-8.0426,2.9921,-0.4200,-0.7000,-0.4200,-0.0144,-0.0239,-0.0144,0
1384067,-4.6748,-8.0307,3.0112,1.1200,-0.4200,0.2800,0.0383,-0.0144,0.0096,0
1384106,-4.6867,-8.0163,3.0303,1.1200,0.2800,0.2100,0.0383,0.0096,0.0072,0
1384145,-4.6820,-8.0163,2.9801,1.3300,0.2800,0.2800,0.0455,0.0096,0.0096,0
1384184,-4.6772,-8.0259,2.9633,0.7700,-0.1400,-0.0700,0.0263,-0.0048,-0.0024,0
1384223,-4.6867,-8.0259,2.9897,0.0700,-0.4200,-0.2800,0.0024,-0.0144,-0.0096,0
1384262,-4.6748,-8.0139,3.0303,0.2100,-0.6300,-0.0700,0.0072,-0.0215,-0.0024,0
1384301,-4.6963,-8.0235,3.0423,-0.0700,-0.2100,-0.4200,-0.0024,-0.0072,-0.0144,0
1384340,-4.6484,-8.0163,2.9657,0.4900,-0.3500,-0.0700,0.0168,-0.0120,-0.0024,0
1384379,-4.6508,-8.0139,2.9514,0.7000,-0.1400,-0.1400,0.0239,-0.0048,-0.0048,0
1384418,-4.6987,-8.0354,3.0088,0.7000,0.0000,-0.2100,0.0239,0.0000,-0.0072,0
1384457,-4.6891,-8.0211,3.0160,0.5600,-0.4900,0.1400,0.0191,-0.0168,0.0048,0
1384496,-4.6700,-8.0259,2.9897,0.4900,-0.4200,0.0000,0.0168,-0.0144,0.0000,0
1384535,-4.6748,-8.0283,3.0064,0.4200,-0.4200,-0.1400,0.0144,-0.0144,-0.0048,0
1384574,-4.6652,-7.9995,3.0064,0.4900,-0.5600,0.0700,0.0168,-0.0191,0.0024,0
1384613,-4.6700,-8.0115,2.9992,0.2800,-0.0700,-0.3500,0.0096,-0.0024,-0.0120,0
1384652,-4.6796,-8.0331,3.0160,0.1400,-0.4200,-0.2800,0.0048,-0.0144,-0.0096,0
1384691,-4.6748,-8.0259,3.0184,0.6300,-0.4900,-0.2100,0.0215,-0.0168,-0.0072,0
1384730,-4.6867,-8.0139,3.0375,0.4200,-0.5600,-0.0700,0.0144,-0.0191,-0.0024,0
1384769,-4.6461,-8.0235,2.9801,0.9100,-0.6300,0.0700,0.0311,-0.0215,0.0024,0
1384808,-4.6484,-8.0139,2.9657,0.9800,-0.7700,0.0700,0.0335,-0.0263,0.0024,0
1384847,-4.6748,-8.0235,3.0160,0.8400,-1.0500,0.0700,0.0287,-0.0359,0.0024,0
1384886,-4.6891,-8.0211,3.0543,-0.0700,-0.8400,-0.2100,-0.0024,-0.0287,-0.0072,0
1384925,-4.7011,-8.0139,3.0663,-0.4900,-0.2100,-0.5600,-0.0168,-0.0072,-0.0191,0
1384964,-4.6556,-8.0331,3.0208,-0.5600,0.0000,-0.6300,-0.0191,0.0000,-0.0215,0
1385003,-4.6461,-8.0259,2.9968,-0.2100,0.2100,-0.4900,-0.0072,0.0072,-0.0168,0
1385042,-4.6748,-8.0354,3.0280,0.0000,0.4200,-0.3500,0.0000,0.0144,-0.0120,0
1385081,-4.6796,-8.0283,3.0303,-0.2800,0.6300,-0.2800,-0.0096,0.0215,-0.0096,0
1385120,-4.6748,-8.0259,2.9849,-0.1400,0.7700,-0.2100,-0.0048,0.0263,-0.0072,0
1385159,-4.6580,-8.0474,2.9801,0.0000,0.7700,-0.3500,0.0000,0.0263,-0.0120,0
1385198,-4.6772,-8.0426,2.9801,-0.2100,0.6300,-0.1400,-0.0072,0.0215,-0.0048,0
1385237,-4.6724,-8.0402,2.9657,-0.2800,0.4900,-0.1400,-0.0096,0.0168,-0.0048,0
1385276,-4.6628,-8.0402,2.9657,-0.3500,0.5600,-0.2100,-0.0120,0.0191,-0.0072,0
1385315,-4.6700,-8.0426,2.9633,0.1400,0.3500,-0.0700,0.0048,0.0120,-0.0024,0
1385354,-4.6772,-8.0426,2.9609,0.3500,0.2800,0.0000,0.0120,0.0096,0.0000,0
1385393,-4.6508,-8.0283,2.9370,0.4200,0.4900,0.1400,0.0144,0.0168,0.0048,0
1385432,-4.6724,-8.0283,2.9202,0.7700,0.4900,0.3500,0.0263,0.0168,0.0120,0
1385471,-4.7083,-8.0378,2.9801,0.2800,0.1400,0.0000,0.0096,0.0048,0.0000,0
1385510,-4.7155,-8.0331,2.9777,0.1400,0.0700,-0.0700,0.0048,0.0024,-0.0024,0
1385549,-4.6844,-8.0259,2.9490,0.0000,-0.1400,-0.0700,0.0000,-0.0048,-0.0024,0
1385588,-4.6844,-8.0283,2.9490,0.4200,-0.5600,-0.1400,0.0144,-0.0191,-0.0048,0
1385627,-4.6772,-8.0283,2.9442,0.6300,-0.4900,-0.0700,0.0215,-0.0168,-0.0024,0
1385666,-4.7011,-8.0283,2.9442,0.7700,-0.5600,0.0000,0.0263,-0.0191,0.0000,0
1385705,-4.6844,-8.0283,2.9418,0.4200,-0.8400,-0.1400,0.0144,-0.0287,-0.0048,0
1385744,-4.6796,-8.0402,2.9657,0.3500,-0.7000,-0.3500,0.0120,-0.0239,-0.0120,0
1385783,-4.6891,-8.0546,2.9705,0.9800,-0.7700,0.1400,0.0335,-0.0263,0.0048,0
1385822,-4.6867,-8.0235,2.9777,0.9800,-0.8400,0.1400,0.0335,-0.0287,0.0048,0
1385861,-4.6915,-8.0115,2.9705,0.6300,-0.8400,-0.1400,0.0215,-0.0287,-0.0048,0
1385900,-4.6628,-8.0402,2.9777,0.2800,-0.6300,-0.4200,0.0096,-0.0215,-0.0144,0
1385939,-4.6796,-8.0522,2.9657,0.9100,-0.4200,0.0000,0.0311,-0.0144,0.0000,0
1385978,-4.6772,-8.0163,2.9921,1.1200,-0.9800,0.2800,0.0383,-0.0335,0.0096,0
1386017,-4.6844,-8.0187,2.9897,0.7700,-0.4900,-0.1400,0.0263,-0.0168,-0.0048,0
1386056,-4.6676,-8.0139,2.9849,0.2100,-0.4200,-0.2100,0.0072,-0.0144,-0.0072,0
1386095,-4.6652,-8.0331,2.9681,0.4200,-0.4900,-0.2800,0.0144,-0.0168,-0.0096,0
1386134,-4.6987,-8.0283,3.0064,0.4200,-1.0500,-0.2800,0.0144,-0.0359,-0.0096,0
1386173,-4.6867,-8.0235,3.0112,-0.2100,-0.7700,-0.4200,-0.0072,-0.0263,-0.0144,0
1386212,-4.6772,-8.0378,3.0184,-0.0700,-0.4200,-0.5600,-0.0024,-0.0144,-0.0191,0
1386251,-4.6532,-8.0259,2.9801,0.6300,-0.2100,0.0700,0.0215,-0.0072,0.0024,0
1386290,-4.6772,-8.0378,3.0088,0.7700,0.1400,-0.1400,0.0263,0.0048,-0.0048,0
1386329,-4.6844,-8.0211,3.0136,0.7700,0.0700,0.0700,0.0263,0.0024,0.0024,0
1386368,-4.6484,-8.0283,2.9657,0.9100,0.0700,0.0700,0.0311,0.0024,0.0024,0
1386407,-4.6628,-8.0307,2.9585,0.9800,0.0700,0.0700,0.0335,0.0024,0.0024,0
1386446,-4.6820,-8.0259,3.0064,0.4200,-0.1400,0.0700,0.0144,-0.0048,0.0024,0
1386485,-4.6867,-8.0163,3.0112,0.5600,0.0000,0.0000,0.0191,0.0000,0.0000,0
1386524,-4.6891,-8.0211,3.0112,0.1400,-0.3500,-0.2100,0.0048,-0.0120,-0.0072,0
1386563,-4.6724,-8.0187,2.9777,0.2800,-0.4900,-0.0700,0.0096,-0.0168,-0.0024,0
1386602,-4.6891,-8.0067,3.0184,0.5600,-0.3500,-0.1400,0.0191,-0.0120,-0.0048,0
1386641,-4.6508,-8.0139,2.9992,0.4200,-0.3500,-0.1400,0.0144,-0.0120,-0.0048,0
1386680,-4.6748,-8.0235,2.9825,0.7700,0.0000,-0.1400,0.0263,0.0000,-0.0048,0
1386719,-4.6796,-8.0307,2.9944,0.7000,-0.3500,0.2100,0.0239,-0.0120,0.0072,0
1386758,-4.7011,-8.0235,3.0112,0.9100,-0.2100,0.2100,0.0311,-0.0072,0.0072,0
1386797,-4.7011,-8.0163,3.0471,0.4200,-0.5600,0.0000,0.0144,-0.0191,0.0000,0
1386836,-4.6820,-8.0115,3.0064,0.0700,-0.4900,-0.2800,0.0024,-0.0168,-0.0096,0
1386875,-4.6724,-8.0115,2.9992,0.3500,-0.5600,-0.2100,0.0120,-0.0191,-0.0072,0
1386914,-4.6867,-8.0067,3.0088,0.7000,-0.5600,0.0000,0.0239,-0.0191,0.0000,0
1386953,-4.6676,-8.0115,2.9968,0.9100,-0.2800,0.1400,0.0311,-0.0096,0.0048,0
1386992,-4.6915,-7.9972,3.0208,0.4900,0.2100,0.0000,0.0168,0.0072,0.0000,0
1387031,-4.6891,-8.0019,3.0040,-0.0700,-0.0700,-0.2100,-0.0024,-0.0024,-0.0072,0
1387070,-4.6676,-8.0307,3.0088,-0.6300,-0.1400,-0.9100,-0.0215,-0.0048,-0.0311,0
1387109,-4.6939,-8.0378,3.0303,-0.5600,0.0700,-0.7700,-0.0191,0.0024,-0.0263,0
1387148,-4.7059,-8.0546,3.0232,-1.3300,0.4900,-0.7700,-0.0455,0.0168,-0.0263,0
1387187,-4.6652,-8.0426,2.9801,-0.9100,0.4200,-0.0700,-0.0311,0.0144,-0.0024,0
1387226,-4.6532,-8.0019,2.9777,0.9100,0.2100,0.7000,0.0311,0.0072,0.0239,0
1387265,-4.6724,-8.0139,2.9921,0.1400,0.6300,-0.1400,0.0048,0.0215,-0.0048,0
1387304,-4.6891,-8.0498,2.9801,0.9100,1.0500,0.1400,0.0311,0.0359,0.0048,0
1387343,-4.7011,-8.0211,2.9633,0.5600,0.0000,0.2800,0.0191,0.0000,0.0096,0
1387382,-4.7035,-8.0522,2.9944,-0.0700,0.2100,-0.4200,-0.0024,0.0072,-0.0144,0
1387421,-4.7011,-8.0331,2.9897,0.0000,0.0700,0.1400,0.0000,0.0024,0.0048,0
1387460,-4.6939,-8.0283,2.9729,2.2400,0.4200,0.7700,0.0766,0.0144,0.0263,0
1387499,-4.6844,-8.0043,2.9322,1.8200,0.1400,0.7000,0.0622,0.0048,0.0239,0
1387538,-4.6724,-7.9995,2.9418,1.9600,-0.1400,0.6300,0.0670,-0.0048,0.0215,0
1387577,-4.7035,-7.9900,2.9705,0.9800,-0.4200,0.0000,0.0335,-0.0144,0.0000,0
1387616,-4.7107,-8.0067,2.9825,-0.0700,-0.4200,-0.5600,-0.0024,-0.0144,-0.0191,0
1387655,-4.6796,-8.0474,2.9370,0.0000,-0.6300,-0.6300,0.0000,-0.0215,-0.0215,0
1387694,-4.7155,-8.0211,2.9753,0.4900,-0.8400,0.0700,0.0168,-0.0287,0.0024,0
1387733,-4.7298,-7.9828,3.0232,0.0700,-1.6100,0.2800,0.0024,-0.0551,0.0096,0
1387772,-4.7394,-7.9804,3.0351,-0.7700,-1.3300,-0.7000,-0.0263,-0.0455,-0.0239,0
1387811,-4.6915,-8.0283,3.0112,0.2800,-1.7500,-0.4200,0.0096,-0.0598,-0.0144,0
1387850,-4.6700,-8.0378,2.9944,0.9100,-1.1200,-0.4200,0.0311,-0.0383,-0.0144,0
1387889,-4.6748,-8.0043,2.9968,0.5600,-0.9800,-0.0700,0.0191,-0.0335,-0.0024,0
1387928,-4.6772,-8.0139,2.9849,0.3500,-0.8400,-0.2100,0.0120,-0.0287,-0.0072,0
1387967,-4.6652,-8.0163,2.9849,-0.5600,-1.1900,-0.5600,-0.0191,-0.0407,-0.0191,0
1388006,-4.6724,-8.0259,3.0040,-1.4000,-0.7700,-0.6300,-0.0479,-0.0263,-0.0215,0
1388045,-4.6796,-8.0307,3.0160,-0.3500,-0.3500,-0.2800,-0.0120,-0.0120,-0.0096,0
1388084,-4.6748,-8.0187,3.0184,0.0000,-0.2100,-0.2100,0.0000,-0.0072,-0.0072,0
1388123,-4.6820,-8.0139,2.9873,0.4200,-0.1400,-0.2800,0.0144,-0.0048,-0.0096,0
1388162,-4.6532,-8.0402,2.9777,0.8400,-0.7700,0.0700,0.0287,-0.0263,0.0024,0
1388201,-4.6844,-8.0522,3.0327,0.5600,-0.2100,-0.4200,0.0191,-0.0072,-0.0144,0
1388240,-4.6724,-8.0450,2.9921,0.5600,0.0700,0.2100,0.0191,0.0024,0.0072,0
1388279,-4.6437,-8.0139,2.9394,1.4000,0.4900,0.5600,0.0479,0.0168,0.0191,0
1388318,-4.6820,-8.0019,2.9825,1.0500,0.5600,0.2100,0.0359,0.0191,0.0072,0
1388357,-4.6915,-8.0043,3.0040,0.9800,0.1400,0.0000,0.0335,0.0048,0.0000,0
1388396,-4.6915,-8.0187,3.0303,0.0000,0.2800,-0.7000,0.0000,0.0096,-0.0239,0
1388435,-4.6844,-8.0522,3.0088,-0.0700,-0.3500,-0.5600,-0.0024,-0.0120,-0.0191,0
1388474,-4.6820,-8.0331,3.0184,0.2800,-0.7700,-0.2100,0.0096,-0.0263,-0.0072,0
1388513,-4.6772,-8.0259,3.0160,0.0000,-0.2100,-0.2800,0.0000,-0.0072,-0.0096,0
1388552,-4.6724,-8.0259,2.9849,0.2800,-0.2800,-0.2100,0.0096,-0.0096,-0.0072,0
1388591,-4.6532,-8.0115,2.9538,0.2100,-0.4200,-0.3500,0.0072,-0.0144,-0.0120,0
1388630,-4.6772,-8.0450,3.0040,0.2800,-0.2800,-0.4200,0.0096,-0.0096,-0.0144,0
1388669,-4.6820,-8.0354,3.0184,-0.0700,-0.6300,-0.1400,-0.0024,-0.0215,-0.0048,0
1388708,-4.6724,-8.0354,3.0112,0.3500,-0.4200,-0.0700,0.0120,-0.0144,-0.0024,0
1388747,-4.6700,-8.0235,2.9825,0.7000,-0.3500,0.0700,0.0239,-0.0120,0.0024,0
1388786,-4.6724,-8.0211,2.9968,0.6300,-0.4900,0.0000,0.0215,-0.0168,0.0000,0
1388825,-4.6700,-8.0331,3.0016,0.8400,-0.5600,-0.0700,0.0287,-0.0191,-0.0024,0
1388864,-4.6796,-8.0211,3.0280,0.9800,-0.9100,0.0700,0.0335,-0.0311,0.0024,0
1388903,-4.6844,-8.0091,3.0208,0.7000,-0.7700,0.0700,0.0239,-0.0263,0.0024,0
1388942,-4.6844,-8.0259,3.0327,-0.2100,-0.0700,-0.5600,-0.0072,-0.0024,-0.0191,0
1388981,-4.6556,-8.0259,3.0112,-0.2800,0.0000,-0.4900,-0.0096,0.0000,-0.0168,0
1389020,-4.6437,-8.0283,2.9921,-0.2100,0.2800,-0.3500,-0.0072,0.0096,-0.0120,0
1389059,-4.6700,-8.0522,2.9921,-0.0700,0.7000,-0.3500,-0.0024,0.0239,-0.0120,0
1389098,-4.6867,-8.0259,3.0016,0.2800,0.4200,0.2100,0.0096,0.0144,0.0072,0
1389137,-4.6604,-8.0283,2.9681,-0.0700,0.8400,-0.2800,-0.0024,0.0287,-0.0096,0
1389176,-4.6628,-8.0307,2.9538,0.2800,0.6300,-0.0700,0.0096,0.0215,-0.0024,0
1389215,-4.6676,-8.0259,2.9657,0.2800,0.3500,0.0000,0.0096,0.0120,0.0000,0
1389254,-4.7155,-8.0426,2.9921,-0.0700,0.4200,-0.3500,-0.0024,0.0144,-0.0120,0
1389293,-4.6987,-8.0331,3.0088,-0.1400,-0.2800,0.0000,-0.0048,-0.0096,0.0000,0
1389332,-4.6820,-8.0331,2.9849,-0.5600,0.0700,-0.3500,-0.0191,0.0024,-0.0120,0
1389371,-4.6724,-8.0354,2.9609,-0.2800,0.0700,-0.3500,-0.0096,0.0024,-0.0120,0
1389410,-4.6700,-8.0546,2.9514,0.1400,0.2800,-0.1400,0.0048,0.0096,-0.0048,0
1389449,-4.6724,-8.0354,2.9609,0.2100,0.6300,0.0000,0.0072,0.0215,0.0000,0
1389488,-4.6628,-8.0307,2.9466,0.8400,0.6300,0.3500,0.0287,0.0215,0.0120,0
1389527,-4.6915,-8.0402,2.9418,0.4200,0.5600,0.0000,0.0144,0.0191,0.0000,0
1389566,-4.7107,-8.0378,2.9514,0.2100,-0.2800,-0.0700,0.0072,-0.0096,-0.0024,0
1389605,-4.6724,-8.0402,2.9298,0.0700,-0.4900,-0.3500,0.0024,-0.0168,-0.0120,0
1389644,-4.6700,-8.0450,2.9274,0.2100,-0.7000,-0.1400,0.0072,-0.0239,-0.0048,0
1389683,-4.6748,-8.0331,2.9490,0.7700,-0.8400,0.1400,0.0263,-0.0287,0.0048,0
1389722,-4.6987,-8.0283,2.9681,1.0500,-0.7000,0.0700,0.0359,-0.0239,0.0024,0
1389761,-4.6676,-8.0283,2.9298,0.9800,-0.8400,0.0700,0.0335,-0.0287,0.0024,0
1389800,-4.6748,-8.0283,2.9394,1.1900,-0.8400,0.0000,0.0407,-0.0287,0.0000,0
1389839,-4.7155,-8.0235,3.0016,0.6300,-0.9100,-0.2800,0.0215,-0.0311,-0.0096,0
1389878,-4.6963,-8.0259,3.0016,0.4900,-1.3300,-0.0700,0.0168,-0.0455,-0.0024,0
1389917,-4.6891,-8.0283,2.9897,-0.6300,-1.5400,-0.7000,-0.0215,-0.0527,-0.0239,0
1389956,-4.6652,-8.0426,2.9897,-0.0700,-1.1200,-0.6300,-0.0024,-0.0383,-0.0215,0
1389995,-4.6413,-8.0354,2.9657,0.2800,-0.4900,0.0000,0.0096,-0.0168,0.0000,0
1390034,-4.6652,-8.0187,2.9873,1.0500,-0.2800,0.1400,0.0359,-0.0096,0.0048,0
1390073,-4.6772,-8.0331,2.9921,0.6300,-0.2800,-0.0700,0.0215,-0.0096,-0.0024,0
1390112,-4.6820,-8.0378,2.9921,0.4200,-0.0700,-0.1400,0.0144,-0.0024,-0.0048,0
1390151,-4.6676,-8.0378,2.9921,0.4900,-0.4200,0.0700,0.0168,-0.0144,0.0024,0
1390190,-4.6939,-8.0331,2.9944,0.3500,0.0000,-0.1400,0.0120,0.0000,-0.0048,0
1390229,-4.7107,-8.0211,3.0136,0.1400,-0.2100,-0.2100,0.0048,-0.0072,-0.0072,0
1390268,-4.6676,-8.0283,2.9897,0.0000,-0.3500,-0.3500,0.0000,-0.0120,-0.0120,0
1390307,-4.6748,-8.0331,2.9777,0.4200,-0.1400,-0.2100,0.0144,-0.0048,-0.0072,0
1390346,-4.6532,-8.0235,2.9585,0.8400,-0.4900,0.1400,0.0287,-0.0168,0.0048,0
1390385,-4.6580,-8.0283,2.9705,0.7700,-0.2100,-0.1400,0.0263,-0.0072,-0.0048,0
1390424,-4.6844,-8.0378,2.9897,0.7700,0.2100,-0.0700,0.0263,0.0072,-0.0024,0
1390463,-4.6748,-8.0331,2.9609,0.4900,-0.2800,-0.2100,0.0168,-0.0096,-0.0072,0
1390502,-4.6844,-8.0426,2.9944,-0.0700,-0.7000,-0.2800,-0.0024,-0.0239,-0.0096,0
1390541,-4.6915,-8.0163,3.0136,-1.4700,-1.2600,-0.2800,-0.0503,-0.0431,-0.0096,0
1390580,-4.6700,-7.9972,3.0040,-3.0800,-1.4700,-0.9800,-0.1053,-0.0503,-0.0335,0
1390619,-4.6580,-8.0426,2.9968,0.1400,-0.7000,-0.4200,0.0048,-0.0239,-0.0144,0
1390658,-4.6556,-8.0402,3.0016,0.0700,-0.0700,-0.7000,0.0024,-0.0024,-0.0239,0
1390697,-4.6532,-8.0761,2.9801,0.7700,0.2100,-0.2100,0.0263,0.0072,-0.0072,0
1390736,-4.6604,-8.0331,2.9561,0.9800,-0.1400,0.1400,0.0335,-0.0048,0.0048,0
1390775,-4.6461,-8.0474,2.9394,0.4900,-0.4200,-0.2100,0.0168,-0.0144,-0.0072,0
1390814,-4.6580,-8.0570,2.9681,0.3500,-0.1400,-0.2100,0.0120,-0.0048,-0.0072,0
1390853,-4.6580,-8.0354,2.9849,0.7000,-0.0700,0.2100,0.0239,-0.0024,0.0072,0
1390892,-4.6556,-8.0259,2.9561,0.4900,-0.2100,0.0000,0.0168,-0.0072,0.0000,0
1390931,-4.6820,-8.0474,3.0064,0.7000,-0.3500,-0.1400,0.0239,-0.0120,-0.0048,0
1390970,-4.6987,-8.0331,3.0280,0.7700,-0.4200,0.0700,0.0263,-0.0144,0.0024,0
1391009,-4.6413,-8.0331,2.9585,0.3500,-0.4900,-0.0700,0.0120,-0.0168,-0.0024,0
1391048,-4.6580,-8.0402,2.9585,0.3500,-0.6300,-0.3500,0.0120,-0.0215,-0.0120,0
1391087,-4.6676,-8.0259,2.9921,0.4200,-0.9100,-0.0700,0.0144,-0.0311,-0.0024,0
1391126,-4.6628,-8.0378,2.9968,0.4200,-0.7700,-0.0700,0.0144,-0.0263,-0.0024,0
1391165,-4.6652,-8.0402,3.0112,0.3500,-0.3500,-0.2100,0.0120,-0.0120,-0.0072,0
1391204,-4.6915,-8.0450,3.0375,0.0700,0.3500,-0.3500,0.0024,0.0120,-0.0120,0
1391243,-4.6604,-8.0426,3.0040,0.3500,0.4200,-0.0700,0.0120,0.0144,-0.0024,0
1391282,-4.6676,-8.0426,2.9825,0.8400,0.9100,-0.1400,0.0287,0.0311,-0.0048,0
1391321,-4.6867,-8.0211,2.9825,1.0500,0.4200,0.0000,0.0359,0.0144,0.0000,0
1391360,-4.6652,-8.0115,2.9657,0.7000,0.5600,-0.1400,0.0239,0.0191,-0.0048,0
1391399,-4.6508,-8.0450,2.9681,0.4900,0.0700,-0.6300,0.0168,0.0024,-0.0215,0
1391438,-4.6820,-8.0474,3.0016,-0.0700,0.4900,-0.6300,-0.0024,0.0168,-0.0215,0
1391477,-4.6796,-8.0426,2.9777,0.0000,0.2800,-0.2100,0.0000,0.0096,-0.0072,0
1391516,-4.6580,-8.0402,2.9633,-0.7000,0.2800,-0.5600,-0.0239,0.0096,-0.0191,0
1391555,-4.6341,-8.0570,2.9657,-0.3500,0.3500,-0.3500,-0.0120,0.0120,-0.0120,0
1391594,-4.6700,-8.0354,2.9633,-0.2100,0.5600,0.0000,-0.0072,0.0191,0.0000,0
1391633,-4.6963,-8.0259,2.9825,0.1400,0.8400,0.0700,0.0048,0.0287,0.0024,0
1391672,-4.6676,-8.0187,2.9514,0.7700,0.4200,0.1400,0.0263,0.0144,0.0048,0
1391711,-4.6604,-8.0570,2.9274,0.0700,0.2800,-0.4200,0.0024,0.0096,-0.0144,0
1391750,-4.6748,-8.0378,2.9514,0.1400,0.0700,-0.2800,0.0048,0.0024,-0.0096,0
1391789,-4.6915,-8.0426,2.9633,-0.2100,0.3500,-0.4200,-0.0072,0.0120,-0.0144,0
1391828,-4.6437,-8.0426,2.9131,0.4200,0.6300,-0.7000,0.0144,0.0215,-0.0239,0
1391867,-4.6628,-8.0594,2.9202,1.9600,1.1900,-0.4900,0.0670,0.0407,-0.0168,0
1391906,-4.6676,-8.0091,2.9514,2.3100,0.3500,0.2800,0.0790,0.0120,0.0096,0
1391945,-4.6652,-8.0187,2.9346,1.6100,-0.3500,-0.1400,0.0551,-0.0120,-0.0048,0
1391984,-4.6796,-8.0378,2.9442,0.7700,-0.2800,-0.9100,0.0263,-0.0096,-0.0311,0
1392023,-4.6844,-8.0857,2.9777,0.5600,-0.4200,-0.5600,0.0191,-0.0144,-0.0191,0
1392062,-4.6772,-8.0546,2.9705,0.2100,-0.7700,-0.2800,0.0072,-0.0263,-0.0096,0
1392101,-4.6844,-8.0187,2.9992,0.2800,-2.2400,-0.4200,0.0096,-0.0766,-0.0144,0
1392140,-4.6556,-8.0307,3.0040,0.0700,-1.4700,-1.0500,0.0024,-0.0503,-0.0359,0
1392179,-4.6676,-8.0594,3.0423,-0.4200,-0.3500,-1.3300,-0.0144,-0.0120,-0.0455,0
1392218,-4.6149,-8.0187,2.9322,1.6100,-0.4200,-0.1400,0.0551,-0.0144,-0.0048,0
1392257,-4.6652,-8.0642,2.9801,0.6300,-0.0700,-0.6300,0.0215,-0.0024,-0.0215,0
1392296,-4.6461,-8.0522,2.9777,1.5400,-1.6100,0.3500,0.0527,-0.0551,0.0120,0
1392335,-4.6197,-7.9301,2.9226,0.9800,-1.4700,0.2800,0.0335,-0.0503,0.0096,0
1392374,-4.6030,-8.1025,2.9897,0.9800,-2.1700,-0.9100,0.0335,-0.0742,-0.0311,0
1392413,-4.7298,-8.1551,3.1524,1.4000,-3.1500,-0.2100,0.0479,-0.1077,-0.0072,0
1392452,-4.6676,-8.0642,3.0303,3.5000,-4.6200,4.0600,0.1197,-0.1580,0.1388,0
1392491,-4.5766,-7.8823,2.9992,1.8200,-2.9400,2.1700,0.0622,-0.1005,0.0742,0
1392530,-4.7155,-7.9995,3.1644,-2.9400,-1.4700,-2.3800,-0.1005,-0.0503,-0.0814,0
1392569,-4.6796,-8.0426,3.0088,-2.5900,-2.5200,-1.4000,-0.0886,-0.0862,-0.0479,0
1392608,-4.5599,-8.0331,3.0256,-0.0700,-1.6100,-1.2600,-0.0024,-0.0551,-0.0431,0
1392647,-4.6269,-8.0618,3.0806,-0.6300,-1.4000,1.1900,-0.0215,-0.0479,0.0407,0
1392686,-4.8328,-8.2150,3.1883,-1.6800,-6.0900,2.1000,-0.0574,-0.2082,0.0718,0
1392725,-4.6125,-8.1288,3.1285,-2.5900,-5.0400,0.2100,-0.0886,-0.1723,0.0072,0
1392764,-4.6628,-8.1097,3.1022,-2.5200,-0.7000,-1.1200,-0.0862,-0.0239,-0.0383,0
1392803,-4.5623,-8.0809,2.9633,-1.7500,-1.0500,0.2100,-0.0598,-0.0359,0.0072,0
1392842,-4.5575,-8.0809,2.9131,-0.9100,-0.2100,0.0700,-0.0311,-0.0072,0.0024,0
1392881,-4.6676,-8.0809,3.0184,-0.4200,-0.4200,0.5600,-0.0144,-0.0144,0.0191,0
1392920,-4.5958,-8.0091,2.9968,0.9100,-1.1900,0.9800,0.0311,-0.0407,0.0335,0
1392959,-4.5790,-7.9900,2.9633,1.1200,0.5600,-0.1400,0.0383,0.0191,-0.0048,0
1392998,-4.6197,-8.0642,2.9777,0.5600,0.3500,-0.9100,0.0191,0.0120,-0.0311,0
1393037,-4.6149,-8.1001,3.0303,0.2800,-0.3500,-0.8400,0.0096,-0.0120,-0.0287,0
1393076,-4.6317,-8.1049,3.0399,0.9800,-0.3500,-0.4900,0.0335,-0.0120,-0.0168,0
1393115,-4.6173,-8.0737,3.0112,0.4200,-1.4700,0.3500,0.0144,-0.0503,0.0120,0
1393154,-4.5886,-8.0354,2.9753,-0.9800,-2.0300,0.0000,-0.0335,-0.0694,0.0000,0
1393193,-4.5814,-8.0187,2.9825,-0.4900,-2.1000,-0.1400,-0.0168,-0.0718,-0.0048,0
1393232,-4.6006,-8.0690,3.0160,-1.6100,-1.5400,-0.7000,-0.0551,-0.0527,-0.0239,0
1393271,-4.6221,-8.0881,3.0471,-1.9600,-0.9800,-0.5600,-0.0670,-0.0335,-0.0191,0
1393310,-4.6054,-8.0785,3.0208,0.1400,-0.4200,-0.0700,0.0048,-0.0144,-0.0024,0
1393349,-4.6197,-8.0929,2.9777,-0.7700,0.0000,-0.4200,-0.0263,0.0000,-0.0144,0
1393388,-4.5838,-8.0714,2.9490,-2.1000,-1.4000,-0.3500,-0.0718,-0.0479,-0.0120,0
1393427,-4.6078,-8.0905,2.9992,-3.7800,-0.2800,-0.8400,-0.1293,-0.0096,-0.0287,0
1393466,-4.5934,-8.1073,2.9729,-1.1200,-0.1400,0.0700,-0.0383,-0.0048,0.0024,0
1393505,-4.5790,-8.0833,2.9538,-1.1900,-0.1400,0.0000,-0.0407,-0.0048,0.0000,0
1393544,-4.5862,-8.0857,2.9322,-0.0700,0.7000,-0.4900,-0.0024,0.0239,-0.0168,0
1393583,-4.5742,-8.1025,2.8963,0.5600,0.5600,0.0000,0.0191,0.0191,0.0000,0
1393622,-4.5838,-8.1073,2.9226,0.8400,0.6300,0.2100,0.0287,0.0215,0.0072,0
1393661,-4.6125,-8.1097,2.9466,0.7700,0.7700,0.1400,0.0263,0.0263,0.0048,0
1393700,-4.6197,-8.1049,2.9633,0.7000,0.2800,0.0000,0.0239,0.0096,0.0000,0
1393739,-4.6078,-8.0977,2.9585,0.6300,0.3500,-0.2100,0.0215,0.0120,-0.0072,0
1393778,-4.5934,-8.1049,2.9107,0.6300,0.2800,0.0000,0.0215,0.0096,0.0000,0
1393817,-4.5862,-8.1049,2.9107,1.1200,0.2800,0.2100,0.0383,0.0096,0.0072,0
1393856,-4.6006,-8.0809,2.9250,1.7500,-0.0700,0.4200,0.0598,-0.0024,0.0144,0
1393895,-4.6078,-8.0977,2.9394,2.2400,-0.4200,0.4200,0.0766,-0.0144,0.0144,0
1393934,-4.6221,-8.0522,2.9609,1.8900,-0.4900,0.2800,0.0646,-0.0168,0.0096,0
1393973,-4.6197,-8.0809,2.9538,1.0500,-0.7000,-0.4900,0.0359,-0.0239,-0.0168,0
1394012,-4.6173,-8.0833,2.9705,0.3500,-0.8400,-0.2100,0.0120,-0.0287,-0.0072,0
1394051,-4.5982,-8.0618,2.9633,0.4200,-1.2600,0.0700,0.0144,-0.0431,0.0024,0
1394090,-4.5934,-8.0809,2.9753,0.4900,-1.1200,-0.1400,0.0168,-0.0383,-0.0048,0
1394129,-4.6078,-8.0666,2.9873,0.8400,-0.7000,-0.1400,0.0287,-0.0239,-0.0048,0
1394168,-4.5862,-8.0546,2.9585,1.0500,-0.9800,-0.0700,0.0359,-0.0335,-0.0024,0
1394207,-4.5838,-8.0737,2.9609,0.5600,-0.6300,-0.3500,0.0191,-0.0215,-0.0120,0
1394246,-4.6078,-8.0761,2.9921,0.0000,-0.4200,-0.3500,0.0000,-0.0144,-0.0120,0
1394285,-4.6221,-8.0977,3.0136,-0.1400,-0.7000,-0.1400,-0.0048,-0.0239,-0.0048,0
1394324,-4.6102,-8.0905,2.9873,-0.6300,-1.0500,-0.3500,-0.0215,-0.0359,-0.0120,0
1394363,-4.5934,-8.0857,2.9849,-0.2800,-1.2600,-0.4900,-0.0096,-0.0431,-0.0168,0
1394402,-4.6102,-8.0857,2.9992,-0.4900,-0.4900,-0.4900,-0.0168,-0.0168,-0.0168,0
1394441,-4.5742,-8.0761,2.9729,0.4200,-0.2800,-0.1400,0.0144,-0.0096,-0.0048,0
1394480,-4.5934,-8.0953,2.9705,0.5600,0.0000,-0.3500,0.0191,0.0000,-0.0120,0
1394519,-4.5910,-8.1144,2.9873,0.4200,0.1400,-0.2800,0.0144,0.0048,-0.0096,0
1394558,-4.5910,-8.0905,2.9825,0.7000,0.0700,0.0000,0.0239,0.0024,0.0000,0
1394597,-4.5862,-8.0905,2.9585,0.3500,0.0000,-0.2100,0.0120,0.0000,-0.0072,0
1394636,-4.5862,-8.1144,2.9633,0.4900,-0.4200,0.0000,0.0168,-0.0144,0.0000,0
1394675,-4.6078,-8.0737,2.9921,0.7000,-0.4200,0.1400,0.0239,-0.0144,0.0048,0
1394714,-4.5886,-8.0761,2.9705,0.2100,0.0000,-0.1400,0.0072,0.0000,-0.0048,0
1394753,-4.5862,-8.0833,2.9490,0.7000,-0.0700,-0.2800,0.0239,-0.0024,-0.0096,0
1394792,-4.5958,-8.0881,2.9729,0.4200,-0.2100,-0.2800,0.0144,-0.0072,-0.0096,0
1394831,-4.5838,-8.0977,2.9681,0.2800,-0.2800,-0.2800,0.0096,-0.0096,-0.0096,0
1394870,-4.5958,-8.0785,2.9705,0.0700,-0.4200,-0.2100,0.0024,-0.0144,-0.0072,0
1394909,-4.5790,-8.0953,2.9849,-0.3500,-0.4200,-0.5600,-0.0120,-0.0144,-0.0191,0
1394948,-4.5742,-8.0905,2.9633,0.0700,-0.3500,-0.3500,0.0024,-0.0120,-0.0120,0
1394987,-4.5862,-8.0809,2.9585,0.0700,-0.2800,-0.2800,0.0024,-0.0096,-0.0096,0
1395026,-4.5647,-8.0905,2.9490,0.4200,-0.4200,-0.0700,0.0144,-0.0144,-0.0024,0
1395065,-4.6030,-8.0737,2.9944,0.7000,0.2100,-0.0700,0.0239,0.0072,-0.0024,0
1395104,-4.5838,-8.1049,2.9921,0.7000,0.1400,-0.2100,0.0239,0.0048,-0.0072,0
1395143,-4.5647,-8.0953,2.9370,1.1200,0.2100,0.0700,0.0383,0.0072,0.0024,0
1395182,-4.5958,-8.0761,2.9490,1.2600,-0.1400,0.3500,0.0431,-0.0048,0.0120,0
1395221,-4.5742,-8.0714,2.9442,-0.1400,-0.6300,-0.0700,-0.0048,-0.0215,-0.0024,0
1395260,-4.6054,-8.0857,3.0040,0.1400,-0.7000,-0.4200,0.0048,-0.0239,-0.0144,0
1395299,-4.6078,-8.1073,3.0375,-0.4900,-0.9800,-0.9800,-0.0168,-0.0335,-0.0335,0
1395338,-4.5431,-8.1073,2.9226,0.5600,-0.2800,0.0700,0.0191,-0.0096,0.0024,0
1395377,-4.5431,-8.0594,2.8987,1.2600,-0.7000,0.4900,0.0431,-0.0239,0.0168,0
1395416,-4.5503,-8.0833,2.9490,0.9100,-1.1200,0.0000,0.0311,-0.0383,0.0000,0
1395455,-4.6078,-8.0929,3.0136,-0.9800,-1.0500,-0.5600,-0.0335,-0.0359,-0.0191,0
1395494,-4.6197,-8.1120,3.0543,-0.2100,-1.1900,-0.0700,-0.0072,-0.0407,-0.0024,0
1395533,-4.5742,-8.0785,3.0040,0.3500,-0.5600,0.1400,0.0120,-0.0191,0.0048,0
1395572,-4.5790,-8.0881,2.9992,0.2800,0.1400,-0.1400,0.0096,0.0048,-0.0048,0
1395611,-4.5838,-8.0785,2.9801,0.0700,0.6300,-0.1400,0.0024,0.0215,-0.0048,0
1395650,-4.5647,-8.0833,2.9514,0.4900,0.9100,-0.0700,0.0168,0.0311,-0.0024,0
1395689,-4.5790,-8.0905,2.9442,0.2100,0.7700,-0.2800,0.0072,0.0263,-0.0096,0
1395728,-4.6149,-8.1144,2.9944,-0.0700,0.7000,-0.4200,-0.0024,0.0239,-0.0144,0
1395767,-4.5790,-8.1001,2.9538,-0.4200,0.6300,-0.2100,-0.0144,0.0215,-0.0072,0
1395806,-4.5742,-8.0857,2.9059,-0.6300,0.8400,-0.2800,-0.0215,0.0287,-0.0096,0
1395845,-4.5814,-8.0690,2.9226,-0.1400,0.2800,-0.0700,-0.0048,0.0096,-0.0024,0
1395884,-4.5838,-8.0977,2.9490,0.1400,0.3500,-0.2800,0.0048,0.0120,-0.0096,0
1395923,-4.5910,-8.1097,2.9322,0.1400,0.8400,-0.2800,0.0048,0.0287,-0.0096,0
1395962,-4.5886,-8.1168,2.9083,0.4200,0.7000,0.1400,0.0144,0.0239,0.0048,0
1396001,-4.5958,-8.1049,2.9226,0.4200,0.4200,0.2800,0.0144,0.0144,0.0096,0
1396040,-4.6341,-8.1001,2.9801,0.2800,-0.1400,0.0700,0.0096,-0.0048,0.0024,0
1396079,-4.6245,-8.0833,2.9777,-0.2800,-0.2800,-0.1400,-0.0096,-0.0096,-0.0048,0
1396118,-4.5862,-8.0929,2.9155,0.2800,-0.2800,-0.3500,0.0096,-0.0096,-0.0120,0
1396157,-4.5886,-8.1025,2.9035,0.2800,-0.4900,-0.4200,0.0096,-0.0168,-0.0144,0
1396196,-4.5766,-8.0929,2.9035,0.4900,0.4900,-0.2800,0.0168,0.0168,-0.0096,0
1396235,-4.5838,-8.1073,2.9298,1.7500,1.4700,0.2100,0.0598,0.0503,0.0072,0
1396274,-4.6341,-8.1240,2.9538,1.4000,1.2600,0.0000,0.0479,0.0431,0.0000,0
1396313,-4.6413,-8.0785,2.9442,2.1700,0.9800,0.6300,0.0742,0.0335,0.0215,0
1396352,-4.5671,-8.0881,2.8748,0.7000,0.9100,-0.2100,0.0239,0.0311,-0.0072,0
1396391,-4.5671,-8.0666,2.8532,2.5200,0.1400,0.7700,0.0862,0.0048,0.0263,0
1396430,-4.5647,-8.0474,2.8580,2.0300,-0.7000,0.3500,0.0694,-0.0239,0.0120,0
1396469,-4.6389,-8.1025,2.9633,1.6800,0.0000,-0.2100,0.0574,0.0000,-0.0072,0
1396508,-4.6987,-8.0809,3.0399,0.7000,-1.1900,0.3500,0.0239,-0.0407,0.0120,0
1396547,-4.6125,-8.0426,3.0160,0.0000,-1.5400,-0.2100,0.0000,-0.0527,-0.0072,0
1396586,-4.6078,-8.0857,2.9609,1.1900,-0.4900,-0.4200,0.0407,-0.0168,-0.0144,0
1396625,-4.6269,-8.0642,2.9968,0.9800,-0.8400,0.0000,0.0335,-0.0287,0.0000,0
1396664,-4.6149,-8.0737,2.9729,1.1200,0.0000,0.2800,0.0383,0.0000,0.0096,0
1396703,-4.6197,-8.0402,2.9825,0.9100,-0.7000,0.3500,0.0311,-0.0239,0.0120,0
1396742,-4.5958,-8.0522,2.9801,0.9800,-0.9100,0.0000,0.0335,-0.0311,0.0000,0
1396781,-4.6078,-8.0737,2.9777,1.7500,-0.9800,-0.0700,0.0598,-0.0335,-0.0024,0
1396820,-4.6149,-8.0785,2.9729,1.6100,-1.8200,-0.2100,0.0551,-0.0622,-0.0072,0
1396859,-4.5886,-8.0546,2.9633,1.6100,-3.2900,0.2100,0.0551,-0.1125,0.0072,0
1396898,-4.6245,-8.0402,3.0686,0.0700,-3.3600,-0.1400,0.0024,-0.1149,-0.0048,0
1396937,-4.6508,-8.0354,3.1476,-0.1400,-0.7000,-0.2100,-0.0048,-0.0239,-0.0072,0
1396976,-4.6149,-8.0402,3.0639,-0.2100,0.0700,-0.4900,-0.0072,0.0024,-0.0168,0
1397015,-4.5503,-8.0785,2.9753,-0.3500,0.3500,-0.9800,-0.0120,0.0120,-0.0335,0
1397054,-4.5814,-8.0809,2.9657,1.1200,0.5600,0.0700,0.0383,0.0191,0.0024,0
1397093,-4.6317,-8.0618,3.0663,0.1400,-0.4200,0.2800,0.0048,-0.0144,0.0096,0
1397132,-4.6054,-8.0139,3.0495,-0.6300,-0.1400,0.0700,-0.0215,-0.0048,0.0024,0
1397171,-4.5934,-8.0402,3.0232,0.0000,0.2800,-0.5600,0.0000,0.0096,-0.0191,0
1397210,-4.5766,-8.0354,3.0088,0.9100,1.1200,-0.2100,0.0311,0.0383,-0.0072,0
1397249,-4.6197,-8.0737,2.9944,1.7500,1.3300,-0.3500,0.0598,0.0455,-0.0120,0
1397288,-4.5742,-8.1192,2.9609,1.4700,-0.1400,0.0700,0.0503,-0.0048,0.0024,0
1397327,-4.6197,-8.0498,3.0160,0.7000,-0.2100,0.4200,0.0239,-0.0072,0.0144,0
1397366,-4.5910,-8.0331,3.0112,0.7700,-1.0500,0.5600,0.0263,-0.0359,0.0191,0
1397405,-4.6293,-7.9900,3.0950,-0.4200,-0.0700,-0.7000,-0.0144,-0.0024,-0.0239,0
1397444,-4.5599,-8.0714,2.9849,0.4900,0.4200,-0.7000,0.0168,0.0144,-0.0239,0
1397483,-4.5958,-8.1073,3.0256,2.1700,0.4900,0.4200,0.0742,0.0168,0.0144,0
1397522,-4.6365,-8.0331,3.0734,2.3800,-0.3500,0.9100,0.0814,-0.0120,0.0311,0
1397561,-4.6341,-8.0043,3.0854,2.0300,0.4900,0.2800,0.0694,0.0168,0.0096,0
1397600,-4.5647,-8.0905,2.9921,1.8200,0.0000,-0.7700,0.0622,0.0000,-0.0263,0
1397639,-4.6437,-8.0929,3.0232,2.7300,0.5600,0.2800,0.0934,0.0191,0.0096,0
1397678,-4.6125,-8.0163,3.0280,2.5900,-1.0500,1.9600,0.0886,-0.0359,0.0670,0
1397717,-4.6820,-7.9541,3.0902,1.3300,-1.3300,1.5400,0.0455,-0.0455,0.0527,0
1397756,-4.7059,-7.9756,3.1524,-2.2400,-2.7300,-0.9800,-0.0766,-0.0934,-0.0335,0
1397795,-4.6652,-7.9995,3.1596,-3.9200,-2.0300,-2.5900,-0.1340,-0.0694,-0.0886,0
1397834,-4.6221,-8.0977,3.0758,-2.8700,-1.6800,-2.4500,-0.0981,-0.0574,-0.0838,0
1397873,-4.6006,-8.0714,3.0256,-3.7100,-1.8200,-1.8200,-0.1269,-0.0622,-0.0622,0
1397912,-4.5790,-8.0761,2.9585,-5.1800,-2.3800,-1.2600,-0.1771,-0.0814,-0.0431,0
1397951,-4.5862,-8.0929,2.9059,-3.5000,-3.8500,-2.2400,-0.1197,-0.1317,-0.0766,0
1397990,-4.4929,-8.1097,3.0112,-0.8400,-1.8200,-1.5400,-0.0287,-0.0622,-0.0527,0
1398029,-4.5072,-8.1216,3.0136,0.7700,-1.4000,0.0000,0.0263,-0.0479,0.0000,0
1398068,-4.5168,-8.1001,3.0447,1.9600,-0.3500,0.7000,0.0670,-0.0120,0.0239,0
1398107,-4.5766,-8.0809,3.1046,2.8000,1.4700,0.7700,0.0957,0.0503,0.0263,0
1398146,-4.5647,-8.0690,3.0303,4.1300,1.7500,0.9100,0.1412,0.0598,0.0311,0
1398185,-4.5886,-8.0785,3.0591,3.9900,1.5400,0.3500,0.1364,0.0527,0.0120,0
1398224,-4.6149,-8.0666,3.0639,2.4500,1.1200,0.2100,0.0838,0.0383,0.0072,0
1398263,-4.5958,-8.0570,3.0639,1.1200,1.3300,0.2800,0.0383,0.0455,0.0096,0
1398302,-4.5599,-8.0642,3.0375,0.8400,1.3300,0.2800,0.0287,0.0455,0.0096,0
1398341,-4.5862,-8.0331,3.0232,1.8200,0.9800,0.4200,0.0622,0.0335,0.0144,0
1398380,-4.6006,-8.0594,3.0758,0.5600,1.3300,-0.4200,0.0191,0.0455,-0.0144,0
1398419,-4.6221,-8.0426,3.0663,3.0800,2.0300,0.8400,0.1053,0.0694,0.0287,0
1398458,-4.6102,-8.0331,3.0543,2.2400,1.6800,0.4900,0.0766,0.0574,0.0168,0
1398497,-4.6173,-8.0426,3.0710,1.9600,1.1900,-0.0700,0.0670,0.0407,-0.0024,0
1398536,-4.6078,-8.0187,3.0519,1.8900,0.8400,0.1400,0.0646,0.0287,0.0048,0
1398575,-4.6078,-8.0187,3.0639,0.6300,0.4900,-0.1400,0.0215,0.0168,-0.0048,0
1398614,-4.6245,-8.0522,3.0830,0.0000,1.3300,-0.7000,0.0000,0.0455,-0.0239,0
1398653,-4.6269,-8.0474,3.0710,0.4200,0.4200,0.0000,0.0144,0.0144,0.0000,0
1398692,-4.6102,-8.0091,3.0327,0.7700,0.3500,0.0700,0.0263,0.0120,0.0024,0
1398731,-4.6269,-8.0187,3.0423,0.2800,0.1400,-0.3500,0.0096,0.0048,-0.0120,0
1398770,-4.6365,-8.0211,3.0758,-0.4200,-0.4200,-0.4900,-0.0144,-0.0144,-0.0168,0
1398809,-4.6149,-8.0378,3.0710,-0.4900,-0.4900,-0.5600,-0.0168,-0.0168,-0.0191,0
1398848,-4.6173,-8.0570,3.0830,0.2100,0.3500,-0.2800,0.0072,0.0120,-0.0096,0
1398887,-4.6173,-8.0307,3.0782,0.7700,1.3300,0.5600,0.0263,0.0455,0.0191,0
1398926,-4.6221,-8.0546,3.0519,5.0400,2.1000,1.1900,0.1723,0.0718,0.0407,0
1398965,-4.6269,-7.9301,3.0303,4.6200,1.9600,0.7700,0.1580,0.0670,0.0263,0
1399004,-4.6461,-8.0091,3.0447,1.6100,0.9800,-0.2800,0.0551,0.0335,-0.0096,0
1399043,-4.6317,-8.0235,3.0591,1.0500,-0.1400,-0.2800,0.0359,-0.0048,-0.0096,0
1399082,-4.6724,-8.0235,3.0806,0.9100,-0.2800,0.0700,0.0311,-0.0096,0.0024,0
1399121,-4.6820,-7.9852,3.0782,0.1400,-1.0500,0.0700,0.0048,-0.0359,0.0024,0
1399160,-4.6604,-7.9732,3.0830,-2.8700,-2.1700,-1.1200,-0.0981,-0.0742,-0.0383,0
1399199,-4.6556,-8.0091,3.0902,-4.6900,-3.0800,-2.0300,-0.1604,-0.1053,-0.0694,0
1399238,-4.6102,-8.0307,3.0782,-4.6200,-3.9200,-2.1700,-0.1580,-0.1340,-0.0742,0
1399277,-4.5695,-8.0857,3.0495,-4.5500,-2.8000,-2.2400,-0.1556,-0.0957,-0.0766,0
1399316,-4.5814,-8.0953,3.0734,-1.8900,-1.7500,-0.7000,-0.0646,-0.0598,-0.0239,0
1399355,-4.5647,-8.0809,3.0423,0.4900,-0.4900,-0.0700,0.0168,-0.0168,-0.0024,0
1399394,-4.5623,-8.0714,3.0184,1.3300,0.3500,0.3500,0.0455,0.0120,0.0120,0
1399433,-4.5910,-8.0570,3.0232,1.6800,0.4200,0.6300,0.0574,0.0144,0.0215,0
1399472,-4.6054,-8.0498,3.0351,1.4000,0.2100,0.4200,0.0479,0.0072,0.0144,0
1399511,-4.6173,-8.0714,3.0519,0.2800,-0.1400,-0.3500,0.0096,-0.0048,-0.0120,0
1399550,-4.6006,-8.0737,3.0567,-0.4200,-0.4200,-0.4900,-0.0144,-0.0144,-0.0168,0
1399589,-4.5647,-8.0833,3.0615,0.1400,-0.1400,-0.1400,0.0048,-0.0048,-0.0048,0
1399628,-4.6030,-8.0833,3.0399,0.4200,0.8400,0.1400,0.0144,0.0287,0.0048,0
1399667,-4.5527,-8.0331,2.9825,2.6600,0.5600,1.3300,0.0910,0.0191,0.0455,0
1399706,-4.5862,-8.0666,3.0327,2.5900,1.4000,0.6300,0.0886,0.0479,0.0215,0
1399745,-4.6341,-8.0091,3.0543,5.0400,1.1900,1.5400,0.1723,0.0407,0.0527,0
1399784,-4.6054,-8.0187,3.0423,3.4300,1.4700,0.2800,0.1173,0.0503,0.0096,0
1399823,-4.6508,-8.0115,3.0639,1.9600,0.6300,0.4200,0.0670,0.0215,0.0144,0
1399862,-4.6341,-8.0163,3.0782,1.6100,-0.1400,0.6300,0.0551,-0.0048,0.0215,0
1399901,-4.6484,-8.0043,3.0806,0.7000,-0.0700,0.0700,0.0239,-0.0024,0.0024,0
1399940,-4.6437,-7.9924,3.1022,0.3500,-0.6300,0.1400,0.0120,-0.0215,0.0048,0
1399979,-4.6365,-7.9948,3.0902,0.0700,-0.6300,-0.4200,0.0024,-0.0215,-0.0144,0
1400018,-4.6437,-8.0067,3.0950,-0.4200,-0.7700,-0.5600,-0.0144,-0.0263,-0.0191,0
1400057,-4.6317,-8.0187,3.0878,-0.6300,-1.0500,-0.6300,-0.0215,-0.0359,-0.0215,0
1400096,-4.6293,-8.0354,3.1069,-0.7700,-0.8400,-0.6300,-0.0263,-0.0287,-0.0215,0
1400135,-4.6437,-8.0259,3.1046,-0.4200,-0.5600,-0.2800,-0.0144,-0.0191,-0.0096,0
1400174,-4.6341,-8.0426,3.1069,-0.3500,-0.1400,-0.4900,-0.0120,-0.0048,-0.0168,0
1400213,-4.6245,-8.0115,3.0926,0.0700,-0.2800,-0.2800,0.0024,-0.0096,-0.0096,0
1400252,-4.6173,-8.0187,3.0782,-0.0700,0.0000,-0.5600,-0.0024,0.0000,-0.0191,0
1400291,-4.5982,-8.0402,3.0543,0.5600,0.2800,-0.2100,0.0191,0.0096,-0.0072,0
1400330,-4.6221,-8.0235,3.0543,1.8200,0.1400,0.6300,0.0622,0.0048,0.0215,0
1400369,-4.6269,-8.0043,3.0567,1.1900,0.2800,0.3500,0.0407,0.0096,0.0120,0
1400408,-4.6508,-8.0211,3.0686,0.7000,-0.2100,-0.1400,0.0239,-0.0072,-0.0048,0
1400447,-4.6269,-8.0019,3.0663,-0.2100,-1.0500,-0.3500,-0.0072,-0.0359,-0.0120,0
1400486,-4.6365,-8.0354,3.0950,-0.9100,-0.9800,-1.0500,-0.0311,-0.0335,-0.0359,0
1400525,-4.6389,-8.0331,3.0926,-1.2600,-1.2600,-0.7700,-0.0431,-0.0431,-0.0263,0
1400564,-4.6125,-8.0259,3.0926,-1.1900,-1.1200,-0.9100,-0.0407,-0.0383,-0.0311,0
1400603,-4.6078,-8.0498,3.0782,-1.8900,-0.8400,-1.1900,-0.0646,-0.0287,-0.0407,0
1400642,-4.5910,-8.0546,3.0639,-0.1400,-0.4900,-0.5600,-0.0048,-0.0168,-0.0191,0
1400681,-4.6030,-8.0498,3.0543,0.2800,0.0700,-0.2800,0.0096,0.0024,-0.0096,0
1400720,-4.5886,-8.0474,3.0495,0.4900,0.0000,0.0700,0.0168,0.0000,0.0024,0
1400759,-4.5814,-8.0498,3.0543,0.7700,0.2100,-0.0700,0.0263,0.0072,-0.0024,0
1400798,-4.6125,-8.0714,3.0734,0.8400,0.4900,0.1400,0.0287,0.0168,0.0048,0
1400837,-4.5958,-8.0354,3.0375,1.5400,0.4900,0.6300,0.0527,0.0168,0.0215,0
1400876,-4.5958,-8.0402,3.0160,1.3300,0.2100,0.4900,0.0455,0.0072,0.0168,0
1400915,-4.6365,-8.0450,3.0734,0.7000,-0.1400,0.0700,0.0239,-0.0048,0.0024,0
1400954,-4.6293,-8.0211,3.0950,0.7000,-0.5600,0.2100,0.0239,-0.0191,0.0072,0
1400993,-4.6030,-8.0259,3.0567,0.4900,-0.1400,-0.2100,0.0168,-0.0048,-0.0072,0
1401032,-4.6102,-8.0354,3.0423,0.4900,-0.1400,-0.1400,0.0168,-0.0048,-0.0048,0
1401071,-4.6125,-8.0402,3.0615,0.4900,-0.6300,-0.0700,0.0168,-0.0215,-0.0024,0
1401110,-4.6317,-8.0354,3.0782,0.2100,-0.6300,-0.2100,0.0072,-0.0215,-0.0072,0
1401149,-4.6173,-8.0331,3.0950,-0.1400,-0.7000,-0.2800,-0.0048,-0.0239,-0.0096,0
1401188,-4.6197,-8.0307,3.0734,0.0700,-0.7000,-0.3500,0.0024,-0.0239,-0.0120,0
1401227,-4.6149,-8.0450,3.0710,-0.2800,-0.6300,-0.5600,-0.0096,-0.0215,-0.0191,0
1401266,-4.6197,-8.0402,3.0806,-0.2800,-0.4900,-0.4200,-0.0096,-0.0168,-0.0144,0
1401305,-4.6030,-8.0426,3.0758,0.3500,-0.2800,-0.1400,0.0120,-0.0096,-0.0048,0
1401344,-4.5982,-8.0354,3.0591,0.2100,-0.0700,-0.2800,0.0072,-0.0024,-0.0096,0
1401383,-4.6102,-8.0474,3.0591,0.0700,-0.1400,-0.3500,0.0024,-0.0048,-0.0120,0
1401422,-4.6078,-8.0570,3.0663,0.3500,0.0700,-0.2100,0.0120,0.0024,-0.0072,0
1401461,-4.6125,-8.0450,3.0543,0.1400,0.1400,-0.2100,0.0048,0.0048,-0.0072,0
1401500,-4.5790,-8.0378,3.0375,0.1400,-0.2100,-0.1400,0.0048,-0.0072,-0.0048,0
1401539,-4.6293,-8.0402,3.0806,0.7000,-0.2800,0.0700,0.0239,-0.0096,0.0024,0
1401578,-4.5982,-8.0378,3.0615,0.4200,-0.1400,0.0000,0.0144,-0.0048,0.0000,0
1401617,-4.6054,-8.0402,3.0303,0.9100,0.0700,0.0000,0.0311,0.0024,0.0000,0
1401656,-4.6102,-8.0474,3.0375,0.6300,-0.2800,0.0700,0.0215,-0.0096,0.0024,0
1401695,-4.6221,-8.0378,3.0543,0.3500,-0.3500,-0.1400,0.0120,-0.0120,-0.0048,0
1401734,-4.6102,-8.0426,3.0639,0.2100,-0.5600,-0.1400,0.0072,-0.0191,-0.0048,0
1401773,-4.6197,-8.0378,3.0806,0.2800,-0.5600,-0.1400,0.0096,-0.0191,-0.0048,0
1401812,-4.6102,-8.0259,3.0639,0.2800,-0.3500,-0.2100,0.0096,-0.0120,-0.0072,0
1401851,-4.6102,-8.0378,3.0591,0.2100,-0.2800,-0.2800,0.0072,-0.0096,-0.0096,0
1401890,-4.6102,-8.0426,3.0686,0.4200,-0.2800,-0.2800,0.0144,-0.0096,-0.0096,0
1401929,-4.6078,-8.0283,3.0686,0.4200,-0.4200,-0.1400,0.0144,-0.0144,-0.0048,0
1401968,-4.6125,-8.0522,3.0639,0.2800,-0.3500,-0.2800,0.0096,-0.0120,-0.0096,0
1402007,-4.6173,-8.0522,3.0710,0.0000,-0.2100,-0.2800,0.0000,-0.0072,-0.0096,0
1402046,-4.6030,-8.0402,3.0567,0.0700,-0.1400,-0.2100,0.0024,-0.0048,-0.0072,0
1402085,-4.5958,-8.0426,3.0471,0.0700,-0.2100,-0.1400,0.0024,-0.0072,-0.0048,0
1402124,-4.6125,-8.0522,3.0806,0.4200,-0.1400,-0.1400,0.0144,-0.0048,-0.0048,0
1402163,-4.6245,-8.0331,3.0758,0.6300,-0.1400,0.2100,0.0215,-0.0048,0.0072,0
1402202,-4.5838,-8.0402,3.0375,0.4200,0.1400,-0.1400,0.0144,0.0048,-0.0048,0
1402241,-4.6197,-8.0426,3.0327,0.4900,0.2100,-0.1400,0.0168,0.0072,-0.0048,0
1402280,-4.6102,-8.0474,3.0567,0.2800,-0.2100,-0.1400,0.0096,-0.0072,-0.0048,0
1402319,-4.6054,-8.0498,3.0519,0.2800,-0.0700,-0.1400,0.0096,-0.0024,-0.0048,0
1402358,-4.6221,-8.0498,3.0663,0.0000,-0.2100,-0.2800,0.0000,-0.0072,-0.0096,0
1402397,-4.6173,-8.0331,3.0543,-0.1400,-0.2100,-0.3500,-0.0048,-0.0072,-0.0120,0
1402436,-4.6030,-8.0522,3.0447,-0.0700,0.2100,-0.3500,-0.0024,0.0072,-0.0120,0
1402475,-4.6173,-8.0474,3.0423,0.2800,0.3500,-0.1400,0.0096,0.0120,-0.0048,0
1402514,-4.6149,-8.0474,3.0399,0.1400,0.3500,-0.1400,0.0048,0.0120,-0.0048,0
1402553,-4.6006,-8.0522,3.0256,0.0700,0.3500,-0.2800,0.0024,0.0120,-0.0096,0
1402592,-4.6078,-8.0690,3.0351,-0.0700,0.1400,-0.2800,-0.0024,0.0048,-0.0096,0
1402631,-4.6173,-8.0450,3.0471,0.0000,0.1400,-0.2100,0.0000,0.0048,-0.0072,0
1402670,-4.6078,-8.0546,3.0184,0.0000,0.1400,-0.1400,0.0000,0.0048,-0.0048,0
1402709,-4.6102,-8.0594,3.0040,0.0700,0.2100,-0.0700,0.0024,0.0072,-0.0024,0
1402748,-4.6125,-8.0618,3.0232,0.1400,-0.2100,-0.2100,0.0048,-0.0072,-0.0072,0
1402787,-4.6078,-8.0498,3.0256,0.4200,-0.4200,-0.0700,0.0144,-0.0144,-0.0024,0
1402826,-4.5934,-8.0666,2.9992,1.0500,-0.0700,0.0700,0.0359,-0.0024,0.0024,0
1402865,-4.6006,-8.0450,3.0136,1.2600,-0.4900,0.4200,0.0431,-0.0168,0.0144,0
1402904,-4.6341,-8.0498,3.0423,0.4900,-0.4900,-0.0700,0.0168,-0.0168,-0.0024,0
1402943,-4.6245,-8.0594,3.0471,0.2800,-0.8400,-0.0700,0.0096,-0.0287,-0.0024,0
1402982,-4.6221,-8.0402,3.0639,0.2100,-0.7700,-0.2800,0.0072,-0.0263,-0.0096,0
1403021,-4.5958,-8.0522,3.0351,0.3500,-0.7700,-0.2800,0.0120,-0.0263,-0.0096,0
1403060,-4.6030,-8.0522,3.0184,0.2800,-0.4900,-0.2800,0.0096,-0.0168,-0.0096,0
1403099,-4.5982,-8.0450,3.0327,0.6300,-0.4200,-0.0700,0.0215,-0.0144,-0.0024,0
1403138,-4.6125,-8.0618,3.0495,0.6300,-0.3500,-0.0700,0.0215,-0.0120,-0.0024,0
1403177,-4.6149,-8.0498,3.0519,0.6300,-0.3500,-0.0700,0.0215,-0.0120,-0.0024,0
1403216,-4.6054,-8.0546,3.0471,0.5600,-0.2800,-0.0700,0.0191,-0.0096,-0.0024,0
1403255,-4.6245,-8.0402,3.0567,0.3500,-0.2800,-0.1400,0.0120,-0.0096,-0.0048,0
1403294,-4.5886,-8.0498,3.0280,0.0700,-0.2100,-0.2800,0.0024,-0.0072,-0.0096,0
1403333,-4.6078,-8.0450,3.0447,0.9100,-0.2800,0.0700,0.0311,-0.0096,0.0024,0
1403372,-4.6269,-8.0378,3.0567,0.7000,-0.2800,0.1400,0.0239,-0.0096,0.0048,0
1403411,-4.6078,-8.0402,3.0327,0.7000,-0.2800,-0.0700,0.0239,-0.0096,-0.0024,0
1403450,-4.6149,-8.0378,3.0327,0.2800,-0.4200,-0.2800,0.0096,-0.0144,-0.0096,0
1403489,-4.5982,-8.0642,3.0351,0.0000,-0.7700,-0.4200,0.0000,-0.0263,-0.0144,0
1403528,-4.5982,-8.0642,3.0591,0.4200,-0.7700,-0.1400,0.0144,-0.0263,-0.0048,0
1403567,-4.6054,-8.0450,3.0758,0.4900,-0.7000,0.0700,0.0168,-0.0239,0.0024,0
1403606,-4.6149,-8.0498,3.0782,0.3500,-0.2100,-0.1400,0.0120,-0.0072,-0.0048,0
1403645,-4.5958,-8.0331,3.0567,0.6300,0.0000,0.1400,0.0215,0.0000,0.0048,0
1403684,-4.6173,-8.0426,3.0591,0.8400,0.1400,-0.0700,0.0287,0.0048,-0.0024,0
1403723,-4.6317,-8.0522,3.0495,0.1400,-0.1400,-0.2100,0.0048,-0.0048,-0.0072,0
1403762,-4.6006,-8.0450,3.0327,0.0000,-0.2100,-0.3500,0.0000,-0.0072,-0.0120,0
1403801,-4.6006,-8.0618,3.0327,0.0000,-0.2100,-0.4200,0.0000,-0.0072,-0.0144,0
1403840,-4.5958,-8.0498,3.0375,0.4200,-0.3500,0.0000,0.0144,-0.0120,0.0000,0
1403879,-4.6030,-8.0354,3.0375,0.3500,-0.2100,-0.1400,0.0120,-0.0072,-0.0048,0
1403918,-4.5886,-8.0594,3.0327,0.4900,-0.3500,-0.0700,0.0168,-0.0120,-0.0024,0
1403957,-4.6173,-8.0474,3.0639,0.6300,-0.4200,-0.1400,0.0215,-0.0144,-0.0048,0
1403996,-4.6078,-8.0450,3.0782,0.5600,-0.3500,0.0000,0.0191,-0.0120,0.0000,0
1404035,-4.5958,-8.0522,3.0471,0.7700,0.0000,0.0000,0.0263,0.0000,0.0000,0
1404074,-4.6102,-8.0331,3.0184,0.7000,-0.2100,0.0700,0.0239,-0.0072,0.0024,0
1404113,-4.6149,-8.0498,3.0399,0.2800,-0.4900,-0.2100,0.0096,-0.0168,-0.0072,0
1404152,-4.6173,-8.0474,3.0830,0.1400,-0.7700,-0.1400,0.0048,-0.0263,-0.0048,0
1404191,-4.6173,-8.0426,3.0806,-0.0700,-0.4200,-0.4900,-0.0024,-0.0144,-0.0168,0
1404230,-4.6030,-8.0426,3.0471,0.2100,-0.4900,-0.2800,0.0072,-0.0168,-0.0096,0
1404269,-4.5910,-8.0474,3.0495,0.0700,-0.2800,-0.3500,0.0024,-0.0096,-0.0120,0
1404308,-4.5982,-8.0450,3.0615,0.5600,-0.1400,-0.0700,0.0191,-0.0048,-0.0024,0
1404347,-4.6078,-8.0450,3.0591,0.6300,0.0000,0.0700,0.0215,0.0000,0.0024,0
1404386,-4.6006,-8.0546,3.0351,0.5600,-0.0700,-0.0700,0.0191,-0.0024,-0.0024,0
1404425,-4.6078,-8.0546,3.0663,0.4200,0.0700,-0.1400,0.0144,0.0024,-0.0048,0
1404464,-4.6173,-8.0570,3.0663,0.2100,-0.0700,-0.2100,0.0072,-0.0024,-0.0072,0
1404503,-4.5814,-8.0426,3.0208,0.0000,-0.2100,-0.1400,0.0000,-0.0072,-0.0048,0
1404542,-4.5862,-8.0570,3.0327,0.7000,-0.1400,-0.0700,0.0239,-0.0048,-0.0024,0
1404581,-4.6317,-8.0522,3.0950,0.7700,-0.2100,0.1400,0.0263,-0.0072,0.0048,0
1404620,-4.5958,-8.0426,3.0280,0.6300,-0.1400,-0.2100,0.0215,-0.0048,-0.0072,0
1404659,-4.6030,-8.0498,3.0160,0.1400,-0.2800,-0.3500,0.0048,-0.0096,-0.0120,0
1404698,-4.6149,-8.0498,3.0471,0.6300,-0.9100,0.0700,0.0215,-0.0311,0.0024,0
1404737,-4.5934,-8.0378,3.0543,0.3500,-0.8400,-0.1400,0.0120,-0.0287,-0.0048,0
1404776,-4.6245,-8.0714,3.0902,-0.2100,-0.7700,-0.4900,-0.0072,-0.0263,-0.0168,0
1404815,-4.6102,-8.0618,3.0878,0.2800,-0.7700,-0.2800,0.0096,-0.0263,-0.0096,0
1404854,-4.5982,-8.0546,3.0399,0.3500,-0.7700,-0.0700,0.0120,-0.0263,-0.0024,0
1404893,-4.6125,-8.0522,3.0615,-0.4200,-0.5600,-0.2800,-0.0144,-0.0191,-0.0096,0
1404932,-4.6054,-8.0450,3.0878,0.2800,-0.2800,-0.1400,0.0096,-0.0096,-0.0048,0
1404971,-4.6030,-8.0594,3.0663,0.1400,0.2800,-0.2800,0.0048,0.0096,-0.0096,0
1405010,-4.5862,-8.0426,3.0423,0.4200,0.1400,-0.1400,0.0144,0.0048,-0.0048,0
1405049,-4.5982,-8.0594,3.0686,-0.0700,0.9100,-0.4200,-0.0024,0.0311,-0.0144,0
1405088,-4.6149,-8.0642,3.0375,0.4900,0.4200,0.2100,0.0168,0.0144,0.0072,0
1405127,-4.5814,-8.0378,3.0040,-0.2100,0.3500,-0.2800,-0.0072,0.0120,-0.0096,0
1405166,-4.5958,-8.0666,3.0303,-0.0700,0.2100,-0.4200,-0.0024,0.0072,-0.0144,0
1405205,-4.6054,-8.0522,3.0591,0.6300,0.0700,0.2800,0.0215,0.0024,0.0096,0
1405244,-4.5958,-8.0354,3.0136,0.5600,0.4900,0.0000,0.0191,0.0168,0.0000,0
1405283,-4.5982,-8.0498,2.9921,0.7000,0.4900,-0.0700,0.0239,0.0168,-0.0024,0
1405322,-4.6125,-8.0354,3.0064,-0.0700,-0.1400,-0.2800,-0.0024,-0.0048,-0.0096,0
1405361,-4.6173,-8.0642,3.0375,-0.1400,-0.0700,-0.4200,-0.0048,-0.0024,-0.0144,0
1405400,-4.6006,-8.0761,3.0040,-0.0700,-0.4200,-0.1400,-0.0024,-0.0144,-0.0048,0
1405439,-4.6006,-8.0522,3.0016,-0.6300,-0.2800,-0.3500,-0.0215,-0.0096,-0.0120,0
1405478,-4.6125,-8.0570,3.0447,-0.2800,-0.1400,-0.6300,-0.0096,-0.0048,-0.0215,0
1405517,-4.5982,-8.0785,3.0399,0.6300,0.2100,-0.0700,0.0215,0.0072,-0.0024,0
1405556,-4.6245,-8.0690,3.0327,0.5600,0.6300,0.2100,0.0191,0.0215,0.0072,0
1405595,-4.6269,-8.0378,2.9992,0.7000,0.4200,0.4200,0.0239,0.0144,0.0144,0
1405634,-4.6173,-8.0666,3.0016,0.1400,0.1400,-0.2100,0.0048,0.0048,-0.0072,0
1405673,-4.6102,-8.0666,2.9992,0.1400,-0.4900,-0.4900,0.0048,-0.0168,-0.0168,0
1405712,-4.6102,-8.0666,3.0208,0.1400,-0.5600,-0.3500,0.0048,-0.0191,-0.0120,0
1405751,-4.6030,-8.0785,3.0232,1.3300,-0.2100,-0.1400,0.0455,-0.0072,-0.0048,0
1405790,-4.6030,-8.0690,3.0088,0.5600,-0.3500,0.0000,0.0191,-0.0120,0.0000,0
1405829,-4.5814,-8.0666,2.9561,0.9800,-0.7000,0.3500,0.0335,-0.0239,0.0120,0
1405868,-4.5862,-8.0402,2.9657,1.4000,-1.2600,0.4900,0.0479,-0.0431,0.0168,0
1405907,-4.5958,-8.0331,3.0184,0.0700,-0.9800,-0.4900,0.0024,-0.0335,-0.0168,0
1405946,-4.6125,-8.0785,3.0543,0.6300,-0.7000,-0.3500,0.0215,-0.0239,-0.0120,0
1405985,-4.6173,-8.0761,3.0663,0.4200,-0.6300,0.0700,0.0144,-0.0215,0.0024,0
1406024,-4.6221,-8.0642,3.0567,0.7700,-0.6300,0.4200,0.0263,-0.0215,0.0144,0
1406063,-4.6413,-8.0498,3.0950,0.1400,0.0000,-0.1400,0.0048,0.0000,-0.0048,0
1406102,-4.5982,-8.0378,3.0399,0.2100,0.0000,-0.2100,0.0072,0.0000,-0.0072,0
1406141,-4.5814,-8.0307,2.9992,0.4200,-0.2800,-0.0700,0.0144,-0.0096,-0.0024,0
1406180,-4.5934,-8.0450,3.0160,-0.1400,0.1400,-0.8400,-0.0048,0.0048,-0.0287,0
1406219,-4.6054,-8.0905,3.0495,0.2100,0.2800,-0.5600,0.0072,0.0096,-0.0191,0
1406258,-4.6245,-8.1192,3.0399,-0.0700,0.8400,-0.0700,-0.0024,0.0287,-0.0024,0
1406297,-4.6413,-8.0474,3.0519,0.9100,0.0000,0.7000,0.0311,0.0000,0.0239,0
1406336,-4.5958,-8.0067,3.0064,0.2100,-0.0700,0.2800,0.0072,-0.0024,0.0096,0
1406375,-4.6054,-8.0522,3.0112,0.3500,0.2100,-0.4200,0.0120,0.0072,-0.0144,0
1406414,-4.5838,-8.0498,2.9729,0.3500,-0.0700,-0.5600,0.0120,-0.0024,-0.0191,0
1406453,-4.5814,-8.1049,2.9657,0.6300,-0.2100,-0.4200,0.0215,-0.0072,-0.0144,0
1406492,-4.6389,-8.0857,3.0327,1.0500,-1.1200,0.3500,0.0359,-0.0383,0.0120,0
1406531,-4.6317,-8.0378,3.0591,0.7700,-1.7500,0.3500,0.0263,-0.0598,0.0120,0
1406570,-4.6102,-8.0642,3.0543,-0.0700,-1.3300,-0.4200,-0.0024,-0.0455,-0.0144,0
1406609,-4.5958,-8.0163,3.0447,0.0000,-0.6300,-0.0700,0.0000,-0.0215,-0.0024,0
1406648,-4.5910,-8.0426,3.0232,0.8400,-0.2800,-0.1400,0.0287,-0.0096,-0.0048,0
1406687,-4.6317,-8.0690,3.0878,1.2600,-0.1400,-0.0700,0.0431,-0.0048,-0.0024,0
1406726,-4.6365,-7.9876,3.0615,1.1900,-0.1400,0.3500,0.0407,-0.0048,0.0120,0
1406765,-4.5240,-8.0163,3.1117,3.7800,-1.6100,-1.7500,0.1293,-0.0551,-0.0598,0
1406804,-4.6030,-8.1120,3.1740,5.2500,7.4900,-1.4700,0.1795,0.2561,-0.0503,0
1406843,-4.6365,-8.1432,3.1548,27.6500,14.2100,-1.8900,0.9455,0.4859,-0.0646,0
1406882,-4.4354,-7.7650,3.0375,9.2400,10.1500,3.2900,0.3160,0.3471,0.1125,0
1406921,-4.9237,-7.8535,3.2482,10.1500,7.0000,3.9900,0.3471,0.2394,0.1364,0
1406960,-5.0410,-7.7841,3.4588,-2.8000,-2.7300,-1.0500,-0.0957,-0.0934,-0.0359,0
1406999,-4.8782,-7.9612,3.3463,-10.1500,-7.5600,-5.3200,-0.3471,-0.2585,-0.1819,0
1407038,-4.5814,-7.9780,3.0974,-12.2500,-10.7800,-3.8500,-0.4189,-0.3686,-0.1317,0
1407077,-4.5527,-8.1073,3.1548,-15.0500,-8.8900,-5.8800,-0.5146,-0.3040,-0.2011,0
1407116,-4.6102,-8.0594,2.9992,-15.5400,-12.7400,-4.1300,-0.5314,-0.4356,-0.1412,0
1407155,-4.1625,-7.9038,2.8030,-18.2000,-24.4300,3.2900,-0.6223,-0.8354,0.1125,0
1407194,-4.3181,-8.2222,2.9801,-22.4700,-18.6200,-1.0500,-0.7684,-0.6367,-0.0359,0
1407233,-4.2008,-8.4065,3.0351,-16.8000,-8.8900,-2.1000,-0.5745,-0.3040,-0.0718,0
1407272,-4.2391,-8.2605,2.8676,8.6800,3.0100,5.0400,0.2968,0.1029,0.1723,0
1407311,-4.3062,-8.0570,2.8149,13.1600,6.5800,6.9300,0.4500,0.2250,0.2370,0
1407350,-4.4809,-7.9732,2.9131,14.0700,7.7700,5.7400,0.4811,0.2657,0.1963,0
1407389,-4.7155,-7.9301,3.1548,13.3700,4.9000,2.2400,0.4572,0.1676,0.0766,0
1407428,-4.8088,-8.1767,3.3200,3.2200,5.0400,-1.7500,0.1101,0.1723,-0.0598,0
1407467,-4.6748,-8.2341,3.2290,2.1000,1.8200,0.0000,0.0718,0.0622,0.0000,0
1407506,-4.6317,-8.1480,3.1596,1.4700,1.7500,1.6100,0.0503,0.0598,0.0551,0
1407545,-4.6532,-8.0211,3.0902,2.1000,0.6300,2.8000,0.0718,0.0215,0.0957,0
1407584,-4.6461,-7.8990,3.0327,1.4700,-2.1000,2.7300,0.0503,-0.0718,0.0934,0
1407623,-4.6030,-7.8942,3.0064,-6.2300,-4.3400,-0.4900,-0.2130,-0.1484,-0.0168,0
1407662,-4.4522,-8.0283,2.8556,-7.9100,-7.3500,-2.7300,-0.2705,-0.2513,-0.0934,0
1407701,-4.5264,-8.1623,3.1835,-6.0200,-0.7700,-2.9400,-0.2059,-0.0263,-0.1005,0
1407740,-4.7107,-8.2150,3.3248,-0.6300,2.3800,0.7000,-0.0215,0.0814,0.0239,0
1407779,-4.5742,-8.1336,3.0423,1.7500,3.0800,2.1700,0.0598,0.1053,0.0742,0
1407818,-4.5719,-8.0498,2.9346,1.7500,1.9600,1.0500,0.0598,0.0670,0.0359,0
1407857,-4.5527,-8.0139,2.9681,3.4300,0.1400,0.4200,0.1173,0.0048,0.0144,0
1407896,-4.5790,-8.0594,3.0136,4.8300,1.9600,-0.1400,0.1652,0.0670,-0.0048,0
1407935,-4.6389,-8.0618,3.0136,4.4100,4.1300,0.8400,0.1508,0.1412,0.0287,0
1407974,-4.6102,-8.0187,2.9801,3.2200,2.7300,0.4900,0.1101,0.0934,0.0168,0
1408013,-4.6102,-8.0450,3.0064,1.6800,1.4700,-0.7700,0.0574,0.0503,-0.0263,0
1408052,-4.6484,-8.0881,3.0303,-0.7700,0.1400,-0.9100,-0.0263,0.0048,-0.0311,0
1408091,-4.6102,-8.0498,3.0016,-0.7700,-1.1200,-0.2800,-0.0263,-0.0383,-0.0096,0
1408130,-4.5814,-8.0402,2.9992,-1.4700,-0.3500,-1.0500,-0.0503,-0.0120,-0.0359,0
1408169,-4.5719,-8.0498,2.9681,-1.0500,-0.8400,-0.9100,-0.0359,-0.0287,-0.0311,0
1408208,-4.5623,-8.0666,2.9801,-0.7000,-0.5600,-0.9100,-0.0239,-0.0191,-0.0311,0
1408247,-4.5790,-8.0761,2.9944,0.0700,-0.3500,-0.4900,0.0024,-0.0120,-0.0168,0
1408286,-4.5742,-8.0977,3.0184,0.4900,-0.4900,0.0000,0.0168,-0.0168,0.0000,0
1408325,-4.6054,-8.0785,3.0303,-0.0700,0.0000,0.0000,-0.0024,0.0000,0.0000,0
1408364,-4.5958,-8.0785,3.0256,0.7000,0.2100,0.4200,0.0239,0.0072,0.0144,0
1408403,-4.6102,-8.0522,3.0280,0.9100,0.3500,0.4200,0.0311,0.0120,0.0144,0
1408442,-4.6173,-8.0474,3.0232,0.8400,0.2100,0.0700,0.0287,0.0072,0.0024,0
1408481,-4.6149,-8.0761,3.0088,0.2800,0.4900,-0.2100,0.0096,0.0168,-0.0072,0
1408520,-4.6125,-8.0785,3.0016,0.3500,0.4200,0.1400,0.0120,0.0144,0.0048,0
1408559,-4.6030,-8.0642,3.0208,0.0000,0.4900,0.0700,0.0000,0.0168,0.0024,0
1408598,-4.6078,-8.0570,2.9944,0.4900,0.9800,0.0000,0.0168,0.0335,0.0000,0
1408637,-4.5934,-8.0642,2.9538,1.4700,0.6300,0.2100,0.0503,0.0215,0.0072,0
1408676,-4.6149,-8.0594,2.9753,1.1200,0.1400,-0.0700,0.0383,0.0048,-0.0024,0
1408715,-4.6293,-8.0546,3.0040,0.7700,-0.3500,0.0000,0.0263,-0.0120,0.0000,0
1408754,-4.6173,-8.0642,2.9825,0.3500,-0.2800,-0.1400,0.0120,-0.0096,-0.0048,0
1408793,-4.6102,-8.0450,2.9825,0.4900,-0.5600,-0.0700,0.0168,-0.0191,-0.0024,0
1408832,-4.5958,-8.0642,3.0040,0.6300,-0.5600,-0.2100,0.0215,-0.0191,-0.0072,0
1408871,-4.6149,-8.0498,3.0208,0.9100,-0.4200,0.0700,0.0311,-0.0144,0.0024,0
1408910,-4.6102,-8.0426,3.0040,1.4000,-0.7700,0.2100,0.0479,-0.0263,0.0072,0
1408949,-4.6149,-8.0570,3.0208,1.2600,-0.3500,-0.0700,0.0431,-0.0120,-0.0024,0
1408988,-4.6341,-8.0690,3.0280,0.9100,-0.3500,0.0000,0.0311,-0.0120,0.0000,0
1409027,-4.6221,-8.0618,3.0040,0.4200,-0.6300,-0.0700,0.0144,-0.0215,-0.0024,0
1409066,-4.6197,-8.0474,3.0088,-0.0700,-0.9800,-0.4200,-0.0024,-0.0335,-0.0144,0
1409105,-4.6030,-8.0474,3.0184,-0.7000,-1.4000,-0.5600,-0.0239,-0.0479,-0.0191,0
1409144,-4.5910,-8.0618,3.0136,-1.4000,-1.0500,-0.6300,-0.0479,-0.0359,-0.0215,0
1409183,-4.6149,-8.0761,3.0375,0.4200,-1.1900,0.0700,0.0144,-0.0407,0.0024,0
1409222,-4.6317,-8.0354,3.0998,-0.2800,-0.9100,0.0000,-0.0096,-0.0311,0.0000,0
1409261,-4.6173,-8.0474,3.0806,1.1200,-0.3500,-0.0700,0.0383,-0.0120,-0.0024,0
1409300,-4.6269,-8.0474,3.0399,0.7000,0.0700,-0.2800,0.0239,0.0024,-0.0096,0
1409339,-4.5982,-8.0618,2.9992,0.1400,-0.2100,-0.5600,0.0048,-0.0072,-0.0191,0
1409378,-4.5719,-8.0714,2.9657,0.5600,-0.4900,-0.3500,0.0191,-0.0168,-0.0120,0
1409417,-4.6006,-8.0618,2.9944,-0.7700,-0.9100,-0.9100,-0.0263,-0.0311,-0.0311,0
1409456,-4.5575,-8.1001,3.0016,-0.6300,-2.5200,-1.1200,-0.0215,-0.0862,-0.0383,0
1409495,-4.5647,-8.0714,3.0088,0.2100,-1.9600,0.3500,0.0072,-0.0670,0.0120,0
1409534,-4.5766,-8.0714,3.0447,-0.2100,-0.5600,0.5600,-0.0072,-0.0191,0.0191,0
1409573,-4.6054,-8.0450,3.0710,1.1200,-0.2800,0.7000,0.0383,-0.0096,0.0239,0
1409612,-4.6317,-8.0618,3.1093,0.9100,0.2100,-0.1400,0.0311,0.0072,-0.0048,0
1409651,-4.6221,-8.0881,3.0950,0.8400,0.7000,-0.4200,0.0287,0.0239,-0.0144,0
1409690,-4.6030,-8.0905,3.0567,1.4000,1.0500,0.0000,0.0479,0.0359,0.0000,0
1409729,-4.5838,-8.0594,3.0232,2.2400,1.5400,0.7000,0.0766,0.0527,0.0239,0
1409768,-4.5838,-8.0450,2.9777,3.3600,1.3300,0.7700,0.1149,0.0455,0.0263,0
1409807,-4.6149,-8.0139,3.0543,2.2400,1.0500,0.0000,0.0766,0.0359,0.0000,0
1409846,-4.6078,-8.0450,3.0591,2.9400,0.9800,0.2100,0.1005,0.0335,0.0072,0
1409885,-4.6149,-7.9876,3.0399,2.8700,1.3300,0.0000,0.0981,0.0455,0.0000,0
1409924,-4.5934,-8.0546,3.0399,1.6100,0.9800,-0.3500,0.0551,0.0335,-0.0120,0
1409963,-4.6245,-8.0043,3.0519,1.8900,0.2800,0.4900,0.0646,0.0096,0.0168,0
1410002,-4.6269,-7.9972,3.0423,-0.1400,-0.5600,-0.2800,-0.0048,-0.0191,-0.0096,0
1410041,-4.6149,-8.0019,3.0495,-1.6800,-1.4000,-1.1200,-0.0574,-0.0479,-0.0383,0
1410080,-4.5862,-8.0402,3.0447,-2.5900,-2.1700,-1.5400,-0.0886,-0.0742,-0.0527,0
1410119,-4.5742,-8.0737,3.0519,-3.8500,-2.1000,-1.2600,-0.1317,-0.0718,-0.0431,0
1410158,-4.5886,-8.0690,3.0519,-1.9600,-1.6100,-0.2100,-0.0670,-0.0551,-0.0072,0
1410197,-4.6030,-8.0737,3.0710,-1.8200,-1.3300,-0.2100,-0.0622,-0.0455,-0.0072,0
1410236,-4.6149,-8.0546,3.0639,-0.6300,-1.0500,-0.0700,-0.0215,-0.0359,-0.0024,0
1410275,-4.5886,-8.0570,3.0615,-0.4200,-1.0500,-0.3500,-0.0144,-0.0359,-0.0120,0
1410314,-4.5790,-8.0809,3.0519,-0.0700,-0.1400,-0.6300,-0.0024,-0.0048,-0.0215,0
1410353,-4.5886,-8.0737,3.0375,0.9800,-0.2800,0.3500,0.0335,-0.0096,0.0120,0
1410392,-4.5838,-8.0594,3.0399,1.4700,0.2800,0.3500,0.0503,0.0096,0.0120,0
1410431,-4.6078,-8.0594,3.0639,1.1900,0.0000,0.3500,0.0407,0.0000,0.0120,0
1410470,-4.6054,-8.0618,3.0591,0.9800,0.0700,0.0700,0.0335,0.0024,0.0024,0
1410509,-4.5934,-8.0546,3.0280,0.9100,-0.1400,-0.0700,0.0311,-0.0048,-0.0024,0
1410548,-4.6125,-8.0666,3.0543,-0.4200,-0.4900,-0.6300,-0.0144,-0.0168,-0.0215,0
1410587,-4.5838,-8.0570,3.0351,0.2100,-0.9100,-0.1400,0.0072,-0.0311,-0.0048,0
1410626,-4.5934,-8.0642,3.0471,0.0700,-0.4900,-0.2100,0.0024,-0.0168,-0.0072,0
1410665,-4.6054,-8.0546,3.0423,0.0000,-0.3500,-0.3500,0.0000,-0.0120,-0.0120,0
1410704,-4.5814,-8.0450,3.0088,-0.2800,-0.4900,-0.4900,-0.0096,-0.0168,-0.0168,0
1410743,-4.5742,-8.0570,3.0184,-0.3500,-0.4900,-0.7700,-0.0120,-0.0168,-0.0263,0
1410782,-4.5814,-8.0881,3.0567,-0.2800,-0.7700,-0.4900,-0.0096,-0.0263,-0.0168,0
1410821,-4.5814,-8.0714,3.0423,0.4200,-0.4900,-0.0700,0.0144,-0.0168,-0.0024,0
1410860,-4.5695,-8.0642,3.0256,0.4200,-0.0700,-0.0700,0.0144,-0.0024,-0.0024,0
1410899,-4.5742,-8.0594,3.0184,0.4200,-0.0700,0.0000,0.0144,-0.0024,0.0000,0
1410938,-4.5766,-8.0546,3.0232,0.2800,0.0000,-0.2100,0.0096,0.0000,-0.0072,0
1410977,-4.5719,-8.0785,3.0184,0.4900,-0.0700,-0.0700,0.0168,-0.0024,-0.0024,0
1411016,-4.5934,-8.0690,3.0615,0.7700,-0.3500,0.1400,0.0263,-0.0120,0.0048,0
1411055,-4.5838,-8.0474,3.0375,0.2800,-0.0700,-0.0700,0.0096,-0.0024,-0.0024,0
1411094,-4.5838,-8.0737,3.0280,0.3500,0.2800,-0.2800,0.0120,0.0096,-0.0096,0
1411133,-4.5862,-8.0618,3.0208,0.2800,-0.3500,-0.0700,0.0096,-0.0120,-0.0024,0
1411172,-4.5695,-8.0690,3.0423,0.3500,-0.2100,-0.2100,0.0120,-0.0072,-0.0072,0
1411211,-4.5934,-8.0690,3.0495,0.3500,-0.0700,-0.0700,0.0120,-0.0024,-0.0024,0
1411250,-4.5671,-8.0498,3.0136,0.2800,-0.1400,-0.1400,0.0096,-0.0048,-0.0048,0
1411289,-4.5838,-8.0690,3.0232,0.2800,-0.2100,-0.3500,0.0096,-0.0072,-0.0120,0
1411328,-4.5862,-8.0594,3.0351,0.4900,-0.4900,-0.0700,0.0168,-0.0168,-0.0024,0
1411367,-4.5790,-8.0690,3.0399,0.2800,-0.2100,-0.2100,0.0096,-0.0072,-0.0072,0
1411406,-4.5790,-8.0785,3.0399,0.2800,-0.2100,-0.1400,0.0096,-0.0072,-0.0048,0
1411445,-4.5886,-8.0690,3.0327,0.3500,-0.1400,-0.1400,0.0120,-0.0048,-0.0048,0
1411484,-4.6030,-8.0642,3.0591,-0.1400,0.0700,-0.2800,-0.0048,0.0024,-0.0096,0
1411523,-4.5910,-8.0642,3.0423,-0.2800,0.2800,-0.2800,-0.0096,0.0096,-0.0096,0
1411562,-4.5790,-8.0714,3.0088,-0.4200,0.3500,-0.2100,-0.0144,0.0120,-0.0072,0
1411601,-4.5599,-8.0785,2.9873,0.0000,0.9100,-0.4200,0.0000,0.0311,-0.0144,0
1411640,-4.5934,-8.0881,3.0160,0.7000,0.6300,0.0000,0.0239,0.0215,0.0000,0
1411679,-4.5886,-8.0737,3.0040,0.2800,0.7700,-0.0700,0.0096,0.0263,-0.0024,0
1411718,-4.5910,-8.0761,2.9992,-0.1400,0.5600,-0.1400,-0.0048,0.0191,-0.0048,0
1411757,-4.6006,-8.0666,2.9992,-0.2100,0.2800,0.0000,-0.0072,0.0096,0.0000,0
1411796,-4.5934,-8.0690,2.9921,-0.2100,0.2800,-0.3500,-0.0072,0.0096,-0.0120,0
1411835,-4.5958,-8.0785,3.0040,-0.4200,0.2800,-0.3500,-0.0144,0.0096,-0.0120,0
1411874,-4.6054,-8.0785,3.0016,-0.0700,0.5600,-0.3500,-0.0024,0.0191,-0.0120,0
1411913,-4.6054,-8.0881,2.9753,0.0000,0.3500,-0.2100,0.0000,0.0120,-0.0072,0
1411952,-4.5790,-8.0857,2.9705,0.4200,0.4900,0.0000,0.0144,0.0168,0.0000,0
1411991,-4.5814,-8.0929,2.9585,1.6100,0.4900,0.2100,0.0551,0.0168,0.0072,0
1412030,-4.5982,-8.0785,2.9609,0.8400,0.0000,0.1400,0.0287,0.0000,0.0048,0
1412069,-4.6030,-8.0666,2.9681,0.8400,-0.4200,0.1400,0.0287,-0.0144,0.0048,0
1412108,-4.6102,-8.0761,2.9897,0.2800,-0.4200,-0.1400,0.0096,-0.0144,-0.0048,0
1412147,-4.5910,-8.0857,2.9777,0.6300,-0.9100,0.1400,0.0215,-0.0311,0.0048,0
1412186,-4.5958,-8.0714,3.0040,1.3300,-0.9800,0.2800,0.0455,-0.0335,0.0096,0
1412225,-4.6149,-8.0498,3.0256,0.8400,-0.5600,0.0700,0.0287,-0.0191,0.0024,0
1412264,-4.5886,-8.0618,2.9777,0.7000,-0.5600,-0.2100,0.0239,-0.0191,-0.0072,0
1412303,-4.5790,-8.0570,2.9801,0.2100,-0.5600,-0.4900,0.0072,-0.0191,-0.0168,0
1412342,-4.5934,-8.0953,3.0064,0.2100,-0.4200,-0.4900,0.0072,-0.0144,-0.0168,0
1412381,-4.6054,-8.0977,3.0160,0.4900,-0.8400,-0.0700,0.0168,-0.0287,-0.0024,0
1412420,-4.6125,-8.0594,3.0327,-0.1400,-0.9100,-0.2800,-0.0048,-0.0311,-0.0096,0
1412459,-4.5695,-8.0785,2.9849,0.0000,-0.7000,-0.4900,0.0000,-0.0239,-0.0168,0
1412498,-4.5862,-8.0594,3.0016,0.4200,-0.2800,-0.1400,0.0144,-0.0096,-0.0048,0
1412537,-4.5934,-8.0809,3.0064,0.6300,-0.1400,-0.1400,0.0215,-0.0048,-0.0048,0
1412576,-4.6078,-8.0761,3.0256,0.2800,-0.2100,-0.2100,0.0096,-0.0072,-0.0072,0
1412615,-4.5862,-8.0953,3.0016,0.3500,-0.2100,-0.1400,0.0120,-0.0072,-0.0048,0
1412654,-4.5958,-8.0881,3.0088,0.4200,0.0000,-0.1400,0.0144,0.0000,-0.0048,0
1412693,-4.5934,-8.0570,3.0184,0.4200,-0.1400,0.0000,0.0144,-0.0048,0.0000,0
1412732,-4.5886,-8.0714,2.9873,-0.0700,-0.0700,-0.2800,-0.0024,-0.0024,-0.0096,0
1412771,-4.5934,-8.0833,2.9968,0.4900,-0.1400,0.0000,0.0168,-0.0048,0.0000,0
1412810,-4.6006,-8.0642,3.0208,1.1200,-0.2800,0.2800,0.0383,-0.0096,0.0096,0
1412849,-4.5958,-8.0761,3.0064,0.7000,0.2100,0.0000,0.0239,0.0072,0.0000,0
1412888,-4.5886,-8.0666,2.9681,0.9100,0.0000,0.1400,0.0311,0.0000,0.0048,0
1412927,-4.5862,-8.0761,2.9825,0.6300,-0.3500,-0.0700,0.0215,-0.0120,-0.0024,0
1412966,-4.6125,-8.0809,3.0184,0.2100,-0.4200,-0.2800,0.0072,-0.0144,-0.0096,0
1413005,-4.6102,-8.0737,3.0280,-0.0700,-0.7000,-0.2800,-0.0024,-0.0239,-0.0096,0
1413044,-4.5862,-8.0761,2.9992,-0.0700,-0.5600,-0.4900,-0.0024,-0.0191,-0.0168,0
1413083,-4.5886,-8.0833,3.0064,-0.0700,-0.3500,-0.4200,-0.0024,-0.0120,-0.0144,0
1413122,-4.5838,-8.0809,3.0088,0.5600,-0.3500,-0.0700,0.0191,-0.0120,-0.0024,0
1413161,-4.6054,-8.0737,3.0232,0.5600,-0.1400,-0.0700,0.0191,-0.0048,-0.0024,0
1413200,-4.5838,-8.0737,3.0256,0.3500,-0.1400,-0.0700,0.0120,-0.0048,-0.0024,0
1413239,-4.5719,-8.0857,3.0016,0.6300,-0.2100,0.0000,0.0215,-0.0072,0.0000,0
1413278,-4.5982,-8.0809,3.0088,0.5600,-0.1400,0.0000,0.0191,-0.0048,0.0000,0
1413317,-4.5934,-8.0594,2.9944,0.7000,-0.5600,0.1400,0.0239,-0.0191,0.0048,0
1413356,-4.5742,-8.0714,2.9705,0.7000,-0.9100,0.0000,0.0239,-0.0311,0.0000,0
1413395,-4.5838,-8.0737,3.0184,1.1200,-1.4700,0.0000,0.0383,-0.0503,0.0000,0
1413434,-4.6125,-8.0594,3.0974,0.2800,-0.7700,0.2100,0.0096,-0.0263,0.0072,0
1413473,-4.6054,-8.0498,3.0208,-0.1400,0.1400,-0.4200,-0.0048,0.0048,-0.0144,0
1413512,-4.5647,-8.0690,2.9681,-0.2800,-0.2800,-0.4900,-0.0096,-0.0096,-0.0168,0
1413551,-4.5671,-8.0809,2.9849,0.2100,0.1400,-0.3500,0.0072,0.0048,-0.0120,0
1413590,-4.6006,-8.0881,3.0351,0.4200,0.7000,0.2100,0.0144,0.0239,0.0072,0
1413629,-4.5814,-8.0666,2.9992,0.4200,0.3500,0.4200,0.0144,0.0120,0.0144,0
1413668,-4.6221,-8.0833,3.0351,0.0000,0.4900,-0.3500,0.0000,0.0168,-0.0120,0
1413707,-4.6269,-8.0642,3.0471,-0.3500,0.0000,-0.2100,-0.0120,0.0000,-0.0072,0
1413746,-4.5958,-8.0714,3.0232,-0.6300,0.4900,-0.4900,-0.0215,0.0168,-0.0168,0
1413785,-4.5814,-8.0737,2.9921,-0.5600,0.7700,-0.2800,-0.0191,0.0263,-0.0096,0
1413824,-4.5790,-8.0809,2.9729,0.6300,1.0500,0.0700,0.0215,0.0359,0.0024,0
1413863,-4.6125,-8.0809,2.9849,0.0700,1.1900,-0.1400,0.0024,0.0407,-0.0048,0
1413902,-4.6102,-8.0809,2.9753,1.0500,0.9100,0.2100,0.0359,0.0311,0.0072,0
1413941,-4.6221,-8.0666,2.9873,-0.1400,0.5600,-0.2100,-0.0048,0.0191,-0.0072,0
1413980,-4.6078,-8.0833,2.9681,-0.0700,0.4900,-0.1400,-0.0024,0.0168,-0.0048,0
1414019,-4.6030,-8.0690,2.9609,0.3500,0.8400,0.2800,0.0120,0.0287,0.0096,0
1414058,-4.6030,-8.0666,2.9585,0.7700,0.7700,0.3500,0.0263,0.0263,0.0120,0
1414097,-4.6173,-8.0498,2.9585,1.4700,0.9100,0.3500,0.0503,0.0311,0.0120,0
1414136,-4.6078,-8.0522,2.9322,0.9100,0.4900,0.1400,0.0311,0.0168,0.0048,0
1414175,-4.6197,-8.0666,2.9346,0.9100,0.2100,0.2100,0.0311,0.0072,0.0072,0
1414214,-4.6413,-8.0666,2.9777,0.5600,-0.4200,0.0700,0.0191,-0.0144,0.0024,0
1414253,-4.6461,-8.0666,2.9968,0.0700,-0.8400,-0.2800,0.0024,-0.0287,-0.0096,0
1414292,-4.6389,-8.0714,2.9968,-0.3500,-1.1200,-0.4900,-0.0120,-0.0383,-0.0168,0
1414331,-4.6293,-8.0594,2.9849,0.7700,-1.2600,-0.1400,0.0263,-0.0431,-0.0048,0
1414370,-4.5958,-8.0570,2.9561,0.9800,-0.9100,-0.1400,0.0335,-0.0311,-0.0048,0
1414409,-4.6054,-8.0785,2.9753,0.9100,-0.6300,-0.2100,0.0311,-0.0215,-0.0072,0
1414448,-4.6173,-8.0690,2.9849,0.6300,-0.7700,0.0000,0.0215,-0.0263,0.0000,0
1414487,-4.6149,-8.0761,2.9873,0.8400,-0.5600,0.0700,0.0287,-0.0191,0.0024,0
1414526,-4.6389,-8.0618,3.0016,0.4200,-0.5600,0.0000,0.0144,-0.0191,0.0000,0
1414565,-4.6173,-8.0618,3.0064,0.1400,-0.9100,-0.1400,0.0048,-0.0311,-0.0048,0
1414604,-4.6221,-8.0594,3.0040,0.4200,-0.8400,-0.2800,0.0144,-0.0287,-0.0096,0
1414643,-4.6197,-8.0402,3.0088,0.0000,-0.6300,-0.2100,0.0000,-0.0215,-0.0072,0
1414682,-4.5934,-8.0594,2.9705,0.5600,-0.3500,-0.1400,0.0191,-0.0120,-0.0048,0
1414721,-4.6269,-8.0714,3.0088,0.8400,-0.4900,-0.0700,0.0287,-0.0168,-0.0024,0
1414760,-4.6317,-8.0666,3.0280,0.2100,-0.7700,-0.4200,0.0072,-0.0263,-0.0144,0
1414799,-4.6054,-8.0690,2.9944,0.4900,-0.2100,-0.2100,0.0168,-0.0072,-0.0072,0
1414838,-4.5934,-8.0594,2.9585,0.4200,-0.2800,-0.0700,0.0144,-0.0096,-0.0024,0
1414877,-4.6245,-8.0594,2.9825,0.7000,-0.2800,0.0000,0.0239,-0.0096,0.0000,0
1414916,-4.6341,-8.0761,3.0303,0.4200,-0.4900,-0.0700,0.0144,-0.0168,-0.0024,0
1414955,-4.6197,-8.0498,3.0160,-0.1400,-0.5600,-0.4200,-0.0048,-0.0191,-0.0144,0
1414994,-4.5982,-8.0666,2.9968,-0.4200,-0.4200,-0.6300,-0.0144,-0.0144,-0.0215,0
1415033,-4.5934,-8.0737,2.9897,0.3500,-0.5600,-0.2100,0.0120,-0.0191,-0.0072,0
1415072,-4.6149,-8.0618,3.0160,0.4900,-0.0700,-0.1400,0.0168,-0.0024,-0.0048,0
1415111,-4.6078,-8.0642,3.0040,0.6300,-0.1400,0.0700,0.0215,-0.0048,0.0024,0
1415150,-4.6078,-8.0737,2.9873,0.4200,-0.1400,-0.2100,0.0144,-0.0048,-0.0072,0
1415189,-4.6006,-8.0761,2.9992,0.1400,-0.2100,-0.2800,0.0048,-0.0072,-0.0096,0
1415228,-4.5958,-8.0690,2.9992,0.2100,-0.2100,-0.1400,0.0072,-0.0072,-0.0048,0
1415267,-4.6102,-8.0714,2.9897,0.4900,-0.0700,-0.0700,0.0168,-0.0024,-0.0024,0
1415306,-4.6149,-8.0594,2.9992,0.3500,-0.2800,-0.0700,0.0120,-0.0096,-0.0024,0
1415345,-4.6078,-8.0690,3.0040,0.3500,-0.3500,-0.1400,0.0120,-0.0120,-0.0048,0
1415384,-4.6221,-8.0570,3.0136,0.7700,-0.2100,0.0000,0.0263,-0.0072,0.0000,0
1415423,-4.5838,-8.0594,2.9897,0.5600,-0.2800,0.0000,0.0191,-0.0096,0.0000,0
1415462,-4.6078,-8.0642,2.9944,0.4900,-0.1400,-0.2100,0.0168,-0.0048,-0.0072,0
1415501,-4.6102,-8.0618,3.0160,0.3500,-0.6300,-0.1400,0.0120,-0.0215,-0.0048,0
1415540,-4.6054,-8.0642,2.9944,0.2800,-0.7700,-0.2800,0.0096,-0.0263,-0.0096,0
1415579,-4.6125,-8.0857,3.0016,-0.3500,-1.3300,-0.3500,-0.0120,-0.0455,-0.0120,0
1415618,-4.6078,-8.0594,3.0280,-0.4200,-1.4000,-0.2100,-0.0144,-0.0479,-0.0072,0
1415657,-4.6054,-8.0666,3.0160,0.2800,-0.9100,-0.2800,0.0096,-0.0311,-0.0096,0
1415696,-4.5886,-8.0714,3.0280,0.0700,-0.2800,-0.3500,0.0024,-0.0096,-0.0120,0
1415735,-4.5982,-8.0785,3.0232,0.2100,0.4900,-0.2800,0.0072,0.0168,-0.0096,0
1415774,-4.5958,-8.0905,2.9992,0.4200,0.5600,0.0000,0.0144,0.0191,0.0000,0
1415813,-4.5886,-8.0642,2.9681,0.2100,0.4200,-0.2100,0.0072,0.0144,-0.0072,0
1415852,-4.5886,-8.0761,2.9585,0.3500,-0.0700,-0.0700,0.0120,-0.0024,-0.0024,0
1415891,-4.6030,-8.0761,2.9968,-0.4200,0.2100,-0.2800,-0.0144,0.0072,-0.0096,0
1415930,-4.5886,-8.0785,2.9801,-0.0700,0.4200,0.1400,-0.0024,0.0144,0.0048,0
1415969,-4.6030,-8.0761,2.9825,-0.4200,0.8400,-0.2100,-0.0144,0.0287,-0.0072,0
1416008,-4.6317,-8.0905,3.0232,-0.2100,0.5600,-0.2800,-0.0072,0.0191,-0.0096,0
1416047,-4.6197,-8.0809,2.9992,0.1400,0.4900,0.1400,0.0048,0.0168,0.0048,0
1416086,-4.6006,-8.0618,2.9561,0.7700,1.0500,0.1400,0.0263,0.0359,0.0048,0
1416125,-4.6149,-8.0690,2.9346,0.2800,0.9800,0.1400,0.0096,0.0335,0.0048,0
1416164,-4.6173,-8.0809,2.9466,0.1400,0.0700,-0.0700,0.0048,0.0024,-0.0024,0
1416203,-4.6389,-8.0929,2.9681,-0.3500,0.0700,-0.4900,-0.0120,0.0024,-0.0168,0
1416242,-4.6245,-8.0857,2.9609,-0.9800,-0.0700,-0.5600,-0.0335,-0.0024,-0.0191,0
1416281,-4.6006,-8.0761,2.9298,-0.7000,-0.0700,-0.4200,-0.0239,-0.0024,-0.0144,0
1416320,-4.5982,-8.0833,2.9250,-0.3500,0.2100,-0.2800,-0.0120,0.0072,-0.0096,0
1416359,-4.6030,-8.0857,2.9322,0.1400,0.1400,0.0000,0.0048,0.0048,0.0000,0
1416398,-4.6078,-8.0833,2.9298,0.4900,0.2800,0.1400,0.0168,0.0096,0.0048,0
1416437,-4.6197,-8.0881,2.9274,0.6300,0.2100,0.0700,0.0215,0.0072,0.0024,0
1416476,-4.6221,-8.0929,2.9250,0.9800,-0.4200,0.2100,0.0335,-0.0144,0.0072,0
1416515,-4.6389,-8.1001,2.9514,0.7700,-0.7000,0.0700,0.0263,-0.0239,0.0024,0
1416554,-4.6269,-8.0833,2.9538,0.0700,-0.6300,-0.2100,0.0024,-0.0215,-0.0072,0
1416593,-4.5886,-8.0953,2.9107,0.7700,-0.4900,0.0700,0.0263,-0.0168,0.0024,0
1416632,-4.6221,-8.0809,2.9298,1.3300,-0.7700,0.2100,0.0455,-0.0263,0.0072,0
1416671,-4.6341,-8.0714,2.9825,1.1900,-0.8400,0.1400,0.0407,-0.0287,0.0048,0
1416710,-4.6245,-8.0714,2.9849,1.0500,-0.4200,0.2100,0.0359,-0.0144,0.0072,0
1416749,-4.6125,-8.0426,2.9202,1.2600,-0.3500,0.0700,0.0431,-0.0120,0.0024,0
1416788,-4.6102,-8.0690,2.9346,0.8400,-0.7000,-0.0700,0.0287,-0.0239,-0.0024,0
1416827,-4.6413,-8.0594,2.9992,0.5600,-0.5600,-0.3500,0.0191,-0.0191,-0.0120,0
1416866,-4.6102,-8.0857,2.9633,0.3500,-0.7000,-0.0700,0.0120,-0.0239,-0.0024,0
1416905,-4.6245,-8.0570,2.9729,0.5600,-0.7000,-0.1400,0.0191,-0.0239,-0.0048,0
1416944,-4.6269,-8.0714,2.9968,0.4200,-0.4900,-0.3500,0.0144,-0.0168,-0.0120,0
1416983,-4.6269,-8.0785,3.0040,0.7000,-0.2800,0.0700,0.0239,-0.0096,0.0024,0
1417022,-4.6102,-8.0737,2.9825,0.6300,-0.2100,-0.1400,0.0215,-0.0072,-0.0048,0
1417061,-4.6580,-8.0714,3.0088,0.2800,0.0700,-0.1400,0.0096,0.0024,-0.0048,0
1417100,-4.5934,-8.0522,2.9370,0.7000,-0.7000,0.2800,0.0239,-0.0239,0.0096,0
1417139,-4.5766,-8.0857,2.9418,0.4200,0.4200,-0.2800,0.0144,0.0144,-0.0096,0
1417178,-4.6628,-8.0737,3.0184,1.6100,0.6300,0.7000,0.0551,0.0215,0.0239,0
1417217,-4.6532,-8.0283,3.0208,1.3300,0.1400,0.7000,0.0455,0.0048,0.0239,0
1417256,-4.6556,-8.0522,3.0112,1.1200,0.4900,-0.2800,0.0383,0.0168,-0.0096,0
1417295,-4.6628,-8.0666,3.0519,1.3300,0.4900,-0.5600,0.0455,0.0168,-0.0191,0
1417334,-4.6293,-8.0522,3.0447,4.4800,0.3500,0.2100,0.1532,0.0120,0.0072,0
1417373,-4.6102,-8.0450,2.9705,3.8500,0.7700,0.2800,0.1317,0.0263,0.0096,0
1417412,-4.6173,-8.0067,2.9681,1.6100,0.6300,-17.7800,0.0551,0.0215,-0.6080,0
1417451,-4.6389,-8.0067,3.0136,1.5400,0.7000,-1.0500,0.0527,0.0239,-0.0359,0
1417490,-4.6413,-8.0833,3.0423,2.0300,0.4900,-0.9100,0.0694,0.0168,-0.0311,0
1417529,-4.6389,-7.9924,3.0256,0.8400,-0.5600,-0.1400,0.0287,-0.0191,-0.0048,0
1417568,-4.5719,-8.0067,2.9921,0.9800,-0.8400,-0.5600,0.0335,-0.0287,-0.0191,0
1417607,-4.6245,-8.0546,3.0591,0.9800,-0.2800,-1.1900,0.0335,-0.0096,-0.0407,0
1417646,-4.6748,-8.0618,3.0854,-0.2100,-0.6300,-0.9100,-0.0072,-0.0215,-0.0311,0
1417685,-4.6365,-7.9924,3.0878,1.8900,-0.9800,-0.7000,0.0646,-0.0335,-0.0239,0
1417724,-4.5886,-8.0570,3.0471,1.5400,-1.1200,-0.9100,0.0527,-0.0383,-0.0311,0
1417763,-4.6030,-8.0714,3.0902,-0.0700,-1.4700,-1.1200,-0.0024,-0.0503,-0.0383,0
1417802,-4.5766,-8.0785,3.1046,-1.0500,0.7700,-2.5900,-0.0359,0.0263,-0.0886,0
1417841,-4.5503,-8.1001,3.0543,1.5400,0.2100,-0.2100,0.0527,0.0072,-0.0072,0
1417880,-4.6365,-8.0307,3.0615,5.3900,-1.0500,1.9600,0.1843,-0.0359,0.0670,0
1417919,-4.6891,-8.0259,3.2290,6.4400,-3.0100,2.7300,0.2202,-0.1029,0.0934,0
1417958,-4.6867,-7.9660,3.1237,1.9600,-3.2900,2.2400,0.0670,-0.1125,0.0766,0
1417997,-4.6580,-7.9589,3.0806,-4.3400,-4.9700,-0.8400,-0.1484,-0.1699,-0.0287,0
1418036,-4.5719,-7.9900,3.1572,-12.5300,-5.6700,-3.7100,-0.4285,-0.1939,-0.1269,0
1418075,-4.7179,-8.0881,3.1046,-14.0700,-1.6800,-3.3600,-0.4811,-0.0574,-0.1149,0
1418114,-4.4833,-8.0929,2.9801,-11.4100,-5.6000,-0.1400,-0.3902,-0.1915,-0.0048,0
1418153,-4.4163,-8.1575,2.9729,-11.9700,-7.1400,-0.7000,-0.4093,-0.2442,-0.0239,0
1418192,-4.4929,-8.1647,2.9442,-8.4700,-2.8700,-1.1900,-0.2896,-0.0981,-0.0407,0
1418231,-4.4929,-8.1934,2.8819,-5.7400,-2.5200,-0.4900,-0.1963,-0.0862,-0.0168,0
1418270,-4.5359,-8.3011,2.8508,-2.3800,-1.5400,1.3300,-0.0814,-0.0527,0.0455,0
1418309,-4.5240,-8.1958,2.8508,0.9100,0.0700,1.3300,0.0311,0.0024,0.0455,0
1418348,-4.5479,-8.1408,2.8939,1.1900,1.4000,0.2100,0.0407,0.0479,0.0072,0
1418387,-4.5910,-8.2006,2.9442,1.5400,2.4500,-0.5600,0.0527,0.0838,-0.0191,0
1418426,-4.5647,-8.1839,2.8484,3.3600,1.9600,0.6300,0.1149,0.0670,0.0215,0
1418465,-4.5503,-8.1503,2.8317,3.3600,0.7700,1.0500,0.1149,0.0263,0.0359,0
1418504,-4.5503,-8.0953,2.8221,2.9400,-0.2100,0.9800,0.1005,-0.0072,0.0335,0
1418543,-4.5742,-8.1216,2.8843,0.5600,0.7000,-0.5600,0.0191,0.0239,-0.0191,0
1418582,-4.5479,-8.1480,2.8676,1.7500,-0.2800,0.2100,0.0598,-0.0096,0.0072,0
1418621,-4.5120,-8.1168,2.8149,3.4300,-0.0700,0.9800,0.1173,-0.0024,0.0335,0
1418660,-4.5766,-8.0905,2.8819,2.8700,0.2100,0.9800,0.0981,0.0072,0.0335,0
1418699,-4.6125,-8.1025,2.9657,1.8900,0.1400,0.5600,0.0646,0.0048,0.0191,0
1418738,-4.6173,-8.1073,2.9490,1.4000,-0.1400,0.2800,0.0479,-0.0048,0.0096,0
1418777,-4.5838,-8.1049,2.9155,-0.0700,-1.1200,-0.7700,-0.0024,-0.0383,-0.0263,0
1418816,-4.5695,-8.1025,2.9274,0.0700,-0.8400,-0.8400,0.0024,-0.0287,-0.0287,0
1418855,-4.5623,-8.1097,2.9298,0.4200,-0.5600,-0.2100,0.0144,-0.0191,-0.0072,0
1418894,-4.5527,-8.1144,2.9035,1.1900,-0.0700,-0.1400,0.0407,-0.0024,-0.0048,0
1418933,-4.5934,-8.0953,2.9466,0.4900,-0.0700,-0.4200,0.0168,-0.0024,-0.0144,0
1418972,-4.5647,-8.1001,2.9538,0.2800,-0.7700,-0.4200,0.0096,-0.0263,-0.0144,0
1419011,-4.5886,-8.1049,2.9681,0.2100,-0.3500,-0.4200,0.0072,-0.0120,-0.0144,0
1419050,-4.5719,-8.1264,2.9657,0.0700,-0.4200,-0.5600,0.0024,-0.0144,-0.0191,0
1419089,-4.5575,-8.1480,2.9178,0.7700,-0.4200,-0.0700,0.0263,-0.0144,-0.0024,0
1419128,-4.5886,-8.1120,2.9729,0.7000,-1.1900,0.1400,0.0239,-0.0407,0.0048,0
1419167,-4.5838,-8.1025,2.9681,0.2100,-0.9100,0.0000,0.0072,-0.0311,0.0000,0
1419206,-4.5599,-8.1001,2.9370,0.4200,-0.2800,-0.1400,0.0144,-0.0096,-0.0048,0
1419245,-4.5407,-8.1049,2.9059,1.0500,-0.0700,0.0000,0.0359,-0.0024,0.0000,0
1419284,-4.5838,-8.0905,2.9442,1.1900,-0.4200,0.0000,0.0407,-0.0144,0.0000,0
1419323,-4.5910,-8.1192,2.9921,0.0000,-0.4200,-0.4200,0.0000,-0.0144,-0.0144,0
1419362,-4.5862,-8.1144,2.9873,-0.5600,-0.6300,-0.3500,-0.0191,-0.0215,-0.0120,0
1419401,-4.5575,-8.1144,2.9609,-0.2100,-0.4200,-0.3500,-0.0072,-0.0144,-0.0120,0
1419440,-4.5455,-8.1097,2.9442,0.2100,-0.2800,-0.3500,0.0072,-0.0096,-0.0120,0
1419479,-4.5407,-8.1073,2.9250,0.6300,-0.1400,0.0700,0.0215,-0.0048,0.0024,0
1419518,-4.5431,-8.0953,2.9322,0.9800,0.1400,0.1400,0.0335,0.0048,0.0048,0
1419557,-4.5886,-8.1216,2.9777,1.0500,0.2800,0.0000,0.0359,0.0096,0.0000,0
1419596,-4.5742,-8.1168,2.9514,0.7700,-0.2800,0.0000,0.0263,-0.0096,0.0000,0
1419635,-4.5719,-8.1097,2.9561,0.3500,-1.2600,-0.0700,0.0120,-0.0431,-0.0024,0
1419674,-4.5407,-8.1073,2.9442,0.8400,-1.6100,0.1400,0.0287,-0.0551,0.0048,0
1419713,-4.5766,-8.0953,3.0160,0.1400,-0.9100,0.1400,0.0048,-0.0311,0.0048,0
1419752,-4.5742,-8.0833,2.9992,0.4900,0.2800,-0.1400,0.0168,0.0096,-0.0048,0
1419791,-4.5671,-8.1097,2.9514,0.1400,0.7000,-0.4900,0.0048,0.0239,-0.0168,0
1419830,-4.5742,-8.1192,2.9681,-0.2100,0.4200,-0.7000,-0.0072,0.0144,-0.0239,0
1419869,-4.5790,-8.1216,2.9801,-0.2800,0.2800,-0.3500,-0.0096,0.0096,-0.0120,0
1419908,-4.6006,-8.1336,2.9897,-0.9800,0.7000,-0.9100,-0.0335,0.0239,-0.0311,0
1419947,-4.5623,-8.1144,2.9681,-1.1200,0.4900,-0.6300,-0.0383,0.0168,-0.0215,0
1419986,-4.5144,-8.1001,2.8724,0.1400,0.4200,-0.6300,0.0048,0.0144,-0.0215,0
1420025,-4.4953,-8.0857,2.8317,0.3500,0.9100,-0.5600,0.0120,0.0311,-0.0191,0
1420064,-4.5431,-8.1384,2.8867,0.9100,0.7700,-0.5600,0.0311,0.0263,-0.0191,0
1420103,-4.5910,-8.1408,2.9394,-0.0700,-0.2100,-0.8400,-0.0024,-0.0072,-0.0287,0
1420142,-4.5575,-8.1288,2.9083,-1.2600,-1.4000,-0.7000,-0.0431,-0.0479,-0.0239,0
1420181,-4.5240,-8.1456,2.9083,-1.6800,-1.2600,-0.7700,-0.0574,-0.0431,-0.0263,0
1420220,-4.5264,-8.1360,2.9370,-1.0500,-1.6800,0.1400,-0.0359,-0.0574,0.0048,0
1420259,-4.5264,-8.1192,2.9178,0.6300,-0.3500,0.3500,0.0215,-0.0120,0.0120,0
1420298,-4.5790,-8.1791,2.9250,0.5600,0.7000,-0.4200,0.0191,0.0239,-0.0144,0
1420337,-4.5288,-8.1216,2.8724,0.8400,-0.4900,0.4200,0.0287,-0.0168,0.0144,0
1420376,-4.5264,-8.1408,2.8652,0.7000,-0.0700,0.0000,0.0239,-0.0024,0.0000,0
1420415,-4.5407,-8.1503,2.9107,0.0000,-0.9100,0.3500,0.0000,-0.0311,0.0120,0
1420454,-4.5814,-8.1503,2.9633,0.0700,-0.7000,-0.0700,0.0024,-0.0239,-0.0024,0
1420493,-4.5599,-8.1240,2.9442,-0.5600,-0.9100,0.2100,-0.0191,-0.0311,0.0072,0
1420532,-4.5719,-8.1384,2.9155,0.3500,-0.5600,0.0000,0.0120,-0.0191,0.0000,0
1420571,-4.5144,-8.1144,2.8700,0.6300,-1.1200,-0.0700,0.0215,-0.0383,-0.0024,0
1420610,-4.5383,-8.1480,2.9107,0.2800,-0.4200,-0.4900,0.0096,-0.0144,-0.0168,0
1420649,-4.5527,-8.1503,2.9298,1.2600,-0.7000,0.1400,0.0431,-0.0239,0.0048,0
1420688,-4.5336,-8.1408,2.9202,1.6100,-0.5600,0.4200,0.0551,-0.0191,0.0144,0
1420727,-4.5527,-8.1312,2.9226,1.1900,-0.2800,0.2800,0.0407,-0.0096,0.0096,0
1420766,-4.5551,-8.1312,2.9226,1.3300,-0.5600,0.3500,0.0455,-0.0191,0.0120,0
1420805,-4.5455,-8.1216,2.9202,0.6300,-0.3500,0.0700,0.0215,-0.0120,0.0024,0
1420844,-4.5623,-8.1144,2.9298,1.3300,-0.9100,0.2800,0.0455,-0.0311,0.0096,0
1420883,-4.5719,-8.0977,2.9657,0.3500,-1.0500,-0.2800,0.0120,-0.0359,-0.0096,0
1420922,-4.5431,-8.1168,2.9466,0.0000,-0.9100,-0.4900,0.0000,-0.0311,-0.0168,0
1420961,-4.5431,-8.1312,2.9202,-0.0700,-0.7000,-0.7000,-0.0024,-0.0239,-0.0239,0
1421000,-4.5359,-8.1623,2.9394,-2.1000,-1.2600,-0.4200,-0.0718,-0.0431,-0.0144,0
1421039,-4.5431,-8.1120,2.9490,-0.2100,-1.3300,0.1400,-0.0072,-0.0455,0.0048,0
1421078,-4.5647,-8.1336,2.9849,-1.1900,-0.7000,-0.4900,-0.0407,-0.0239,-0.0168,0
1421117,-4.5312,-8.1288,2.9418,0.0700,-0.2100,-0.2800,0.0024,-0.0072,-0.0096,0
1421156,-4.5240,-8.1264,2.9035,0.6300,0.1400,-0.1400,0.0215,0.0048,-0.0048,0
1421195,-4.5168,-8.1503,2.9011,0.3500,0.2100,-0.4200,0.0120,0.0072,-0.0144,0
1421234,-4.5383,-8.1480,2.9178,0.4900,0.2800,-0.3500,0.0168,0.0096,-0.0120,0
1421273,-4.5383,-8.1456,2.9250,1.5400,-0.3500,0.2800,0.0527,-0.0120,0.0096,0
1421312,-4.5264,-8.1336,2.9083,0.1400,-0.1400,-0.1400,0.0048,-0.0048,-0.0048,0
1421351,-4.5264,-8.1216,2.9155,0.7700,-0.3500,0.2800,0.0263,-0.0120,0.0096,0
1421390,-4.5479,-8.1288,2.9346,0.2100,-0.4200,-0.2100,0.0072,-0.0144,-0.0072,0
1421429,-4.5455,-8.1384,2.9490,0.8400,-0.2100,0.0700,0.0287,-0.0072,0.0024,0
1421468,-4.5264,-8.1360,2.9370,1.6800,-0.4900,0.1400,0.0574,-0.0168,0.0048,0
1421507,-4.5407,-8.1408,2.9514,1.8900,-0.0700,0.1400,0.0646,-0.0024,0.0048,0
1421546,-4.5719,-8.0953,2.9538,1.8200,-0.0700,0.0000,0.0622,-0.0024,0.0000,0
1421585,-4.5407,-8.1336,2.9466,1.1200,-0.4200,-0.2800,0.0383,-0.0144,-0.0096,0
1421624,-4.5407,-8.1144,2.9585,0.6300,-0.5600,-0.3500,0.0215,-0.0191,-0.0120,0
1421663,-4.5503,-8.1097,2.9849,-0.0700,-0.0700,-0.6300,-0.0024,-0.0024,-0.0215,0
1421702,-4.5168,-8.1551,2.9729,0.4200,0.4900,-0.7700,0.0144,0.0168,-0.0263,0
1421741,-4.5192,-8.1120,2.9466,1.1200,1.4700,-0.1400,0.0383,0.0503,-0.0048,0
1421780,-4.5240,-8.1192,2.9322,1.4000,1.4700,0.0700,0.0479,0.0503,0.0024,0
1421819,-4.5551,-8.1097,2.9538,0.9100,1.5400,-0.2100,0.0311,0.0527,-0.0072,0
1421858,-4.5671,-8.1360,2.9921,2.1700,0.7700,0.3500,0.0742,0.0263,0.0120,0
1421897,-4.5479,-8.1144,2.9561,0.3500,1.6100,0.0700,0.0120,0.0551,0.0024,0
1421936,-4.5719,-8.0714,2.9466,3.1500,1.8900,0.2800,0.1077,0.0646,0.0096,0
1421975,-4.5862,-8.1001,2.9944,0.7000,2.3100,-1.6800,0.0239,0.0790,-0.0574,0
1422014,-4.5695,-8.1599,2.9825,3.2200,1.6800,-0.9100,0.1101,0.0574,-0.0311,0
1422053,-4.4976,-8.0905,2.9131,3.7100,1.4700,-0.3500,0.1269,0.0503,-0.0120,0
1422092,-4.5575,-8.0714,2.9801,5.3200,3.8500,-0.9100,0.1819,0.1317,-0.0311,0
1422131,-4.5551,-8.1336,2.9705,2.7300,1.1900,-0.2800,0.0934,0.0407,-0.0096,0
1422170,-4.5312,-8.0737,2.9753,0.9100,-0.3500,0.4900,0.0311,-0.0120,0.0168,0
1422209,-4.5623,-8.1168,2.9873,1.6100,0.9800,0.3500,0.0551,0.0335,0.0120,0
1422248,-4.5790,-7.9924,2.9609,1.6100,0.9800,1.5400,0.0551,0.0335,0.0527,0
1422287,-4.5527,-8.1360,2.9370,-3.4300,-2.1700,-1.8200,-0.1173,-0.0742,-0.0622,0
1422326,-4.5862,-8.1408,2.9968,-2.4500,-4.2700,-1.7500,-0.0838,-0.1460,-0.0598,0
1422365,-4.5503,-8.0881,2.9873,-4.6200,-4.6900,1.2600,-0.1580,-0.1604,0.0431,0
1422404,-4.4833,-8.0857,2.9466,-4.6900,-2.8700,0.7000,-0.1604,-0.0981,0.0239,0
1422443,-4.5336,-8.1120,2.9538,-6.4400,-3.6400,-0.5600,-0.2202,-0.1245,-0.0191,0
1422482,-4.5503,-8.1264,2.9944,-4.9700,-4.2000,-0.7000,-0.1699,-0.1436,-0.0239,0
1422521,-4.5455,-8.1958,2.9729,-3.4300,-2.1000,-0.8400,-0.1173,-0.0718,-0.0287,0
1422560,-4.5216,-8.1551,2.8819,-4.1300,-2.5900,0.2800,-0.1412,-0.0886,0.0096,0
1422599,-4.5072,-8.1408,2.8987,-0.7000,-1.6100,0.5600,-0.0239,-0.0551,0.0191,0
1422638,-4.5072,-8.1240,2.9059,-1.2600,-1.2600,-0.2100,-0.0431,-0.0431,-0.0072,0
1422677,-4.5048,-8.1623,2.8772,1.1200,-0.3500,-0.2100,0.0383,-0.0120,-0.0072,0
1422716,-4.5048,-8.1551,2.8843,2.9400,0.0700,0.4200,0.1005,0.0024,0.0144,0
1422755,-4.5383,-8.1647,2.9107,1.8900,0.8400,0.2100,0.0646,0.0287,0.0072,0
1422794,-4.5719,-8.1408,2.9370,1.4700,0.1400,0.4200,0.0503,0.0048,0.0144,0
1422833,-4.5144,-8.1240,2.9035,1.1900,-0.0700,0.4200,0.0407,-0.0024,0.0144,0
1422872,-4.5383,-8.1312,2.9011,1.0500,0.0700,0.1400,0.0359,0.0024,0.0048,0
1422911,-4.5742,-8.1144,2.9801,0.4900,-0.2100,-0.0700,0.0168,-0.0072,-0.0024,0
1422950,-4.5551,-8.1264,2.9538,0.0000,-0.0700,-0.4200,0.0000,-0.0024,-0.0144,0
1422989,-4.5336,-8.1432,2.9107,0.0700,-0.0700,-0.6300,0.0024,-0.0024,-0.0215,0
1423028,-4.5336,-8.1647,2.9250,-0.1400,0.0700,-0.8400,-0.0048,0.0024,-0.0287,0
1423067,-4.5288,-8.1432,2.9226,0.7000,-0.0700,-0.1400,0.0239,-0.0024,-0.0048,0
1423106,-4.5072,-8.1240,2.8795,0.9100,0.0000,0.2100,0.0311,0.0000,0.0072,0
1423145,-4.5264,-8.1312,2.8987,0.7000,0.0000,-0.0700,0.0239,0.0000,-0.0024,0
1423184,-4.5383,-8.1336,2.9250,0.7700,-0.6300,0.2100,0.0263,-0.0215,0.0072,0
1423223,-4.5431,-8.1503,2.9346,0.6300,-0.5600,0.0000,0.0215,-0.0191,0.0000,0
1423262,-4.5383,-8.1192,2.9298,0.7000,-0.4900,0.0700,0.0239,-0.0168,0.0024,0
1423301,-4.5336,-8.1432,2.9250,0.7000,-0.4200,-0.0700,0.0239,-0.0144,-0.0024,0
1423340,-4.5407,-8.1216,2.9178,0.8400,-0.7000,0.0700,0.0287,-0.0239,0.0024,0
1423379,-4.5336,-8.1144,2.9250,0.8400,-1.1900,0.0700,0.0287,-0.0407,0.0024,0
1423418,-4.5312,-8.1192,2.9490,0.7700,-1.3300,-0.2100,0.0263,-0.0455,-0.0072,0
1423457,-4.5503,-8.1312,2.9705,0.5600,-1.6100,-0.2800,0.0191,-0.0551,-0.0096,0
1423496,-4.5264,-8.1264,2.9657,-0.1400,-2.0300,-0.2800,-0.0048,-0.0694,-0.0096,0
1423535,-4.5383,-8.1216,2.9729,-1.1900,-0.3500,-0.5600,-0.0407,-0.0120,-0.0191,0
1423574,-4.5120,-8.1384,2.9394,0.0700,0.3500,-0.0700,0.0024,0.0120,-0.0024,0
1423613,-4.5383,-8.1408,2.9538,0.2100,0.9800,-0.2800,0.0072,0.0335,-0.0096,0
1423652,-4.5599,-8.1503,2.9897,-0.4200,0.7000,-0.1400,-0.0144,0.0239,-0.0048,0
1423691,-4.5336,-8.1432,2.9226,-0.9800,1.0500,-0.3500,-0.0335,0.0359,-0.0120,0
1423730,-4.5192,-8.1240,2.8819,-0.2800,0.6300,-0.0700,-0.0096,0.0215,-0.0024,0
1423769,-4.5359,-8.1384,2.9131,-0.7000,1.7500,-0.4900,-0.0239,0.0598,-0.0168,0
1423808,-4.5383,-8.1456,2.9035,0.9100,1.6100,0.0700,0.0311,0.0551,0.0024,0
1423847,-4.5383,-8.1288,2.8891,1.5400,1.3300,0.1400,0.0527,0.0455,0.0048,0
1423886,-4.5192,-8.1336,2.8652,0.7000,1.1200,-0.1400,0.0239,0.0383,-0.0048,0
1423925,-4.5288,-8.1599,2.8604,0.4200,1.0500,0.0700,0.0144,0.0359,0.0024,0
1423964,-4.5431,-8.1264,2.8795,0.2800,0.4900,0.3500,0.0096,0.0168,0.0120,0
1424003,-4.5719,-8.1288,2.8963,0.1400,0.4900,-0.0700,0.0048,0.0168,-0.0024,0
1424042,-4.5671,-8.1408,2.9011,-0.4200,0.1400,-0.4200,-0.0144,0.0048,-0.0144,0
1424081,-4.5503,-8.1432,2.8604,-0.3500,-0.0700,-0.4200,-0.0120,-0.0024,-0.0144,0
1424120,-4.5407,-8.1432,2.8676,-0.4200,-0.1400,-0.4200,-0.0144,-0.0048,-0.0144,0
1424159,-4.5479,-8.1527,2.8700,0.3500,-0.2100,-0.1400,0.0120,-0.0072,-0.0048,0
1424198,-4.5551,-8.1503,2.8867,0.6300,-0.4200,-0.0700,0.0215,-0.0144,-0.0024,0
1424237,-4.5479,-8.1360,2.8676,0.9100,-0.3500,0.1400,0.0311,-0.0120,0.0048,0
1424276,-4.5671,-8.1336,2.8628,0.7000,-0.4200,-0.0700,0.0239,-0.0144,-0.0024,0
1424315,-4.5096,-8.1097,2.8269,0.4900,-1.2600,-0.1400,0.0168,-0.0431,-0.0048,0
1424354,-4.5120,-8.1791,2.8341,0.1400,-1.0500,-0.5600,0.0048,-0.0359,-0.0191,0
1424393,-4.5886,-8.1671,2.9274,-0.0700,-1.4700,0.0000,-0.0024,-0.0503,0.0000,0
1424432,-4.5383,-8.1432,2.9155,0.3500,-2.5200,0.6300,0.0120,-0.0862,0.0215,0
1424471,-4.5312,-8.1360,2.9107,0.1400,-0.7700,-0.0700,0.0048,-0.0263,-0.0024,0
1424510,-4.5695,-8.1408,2.9035,1.1200,-0.7000,0.4200,0.0383,-0.0239,0.0144,0
1424549,-4.5407,-8.1312,2.8891,0.7700,0.2100,-0.1400,0.0263,0.0072,-0.0048,0
1424588,-4.5742,-8.1456,2.9298,0.9100,0.0000,0.0700,0.0311,0.0000,0.0024,0
1424627,-4.5671,-8.1599,2.9609,-0.0700,-0.4200,-0.4200,-0.0024,-0.0144,-0.0144,0
1424666,-4.5527,-8.1743,2.9131,0.2100,-0.1400,-0.4200,0.0072,-0.0048,-0.0144,0
1424705,-4.5407,-8.1336,2.8915,0.4900,-0.2800,-0.2100,0.0168,-0.0096,-0.0072,0
1424744,-4.4953,-8.1120,2.8484,0.9100,-0.2100,0.2100,0.0311,-0.0072,0.0072,0
1424783,-4.5264,-8.1312,2.8772,1.0500,0.0700,-0.0700,0.0359,0.0024,-0.0024,0
1424822,-4.5599,-8.1168,2.9035,0.2800,-0.1400,-0.2800,0.0096,-0.0048,-0.0096,0
1424861,-4.5288,-8.1456,2.8580,0.3500,-0.4200,-0.4200,0.0120,-0.0144,-0.0144,0
1424900,-4.5599,-8.1503,2.8891,-0.7000,-0.7000,-0.9100,-0.0239,-0.0239,-0.0311,0
1424939,-4.5431,-8.1695,2.9178,-0.8400,-1.1900,-0.4200,-0.0287,-0.0407,-0.0144,0
1424978,-4.5455,-8.1551,2.9202,0.4200,-0.9800,-0.0700,0.0144,-0.0335,-0.0024,0
1425017,-4.5407,-8.1336,2.9418,0.9100,-0.7700,0.2800,0.0311,-0.0263,0.0096,0
1425056,-4.5383,-8.1384,2.9298,0.7700,0.3500,0.0000,0.0263,0.0120,0.0000,0
1425095,-4.5168,-8.1168,2.8819,1.4700,0.1400,0.3500,0.0503,0.0048,0.0120,0
1425134,-4.5264,-8.1527,2.8556,1.7500,0.0700,0.0000,0.0598,0.0024,0.0000,0
1425173,-4.5527,-8.1480,2.9155,1.3300,-0.2800,0.2800,0.0455,-0.0096,0.0096,0
1425212,-4.5383,-8.1312,2.9083,0.9100,-0.6300,0.4200,0.0311,-0.0215,0.0144,0
1425251,-4.5455,-8.1240,2.9107,-0.3500,-1.0500,-0.4200,-0.0120,-0.0359,-0.0144,0
1425290,-4.5575,-8.1192,2.9561,-0.2100,-1.8200,-0.4200,-0.0072,-0.0622,-0.0144,0
1425329,-4.5264,-8.1288,2.9202,-0.2800,-1.8200,-0.8400,-0.0096,-0.0622,-0.0287,0
1425368,-4.5216,-8.1264,2.8939,-2.0300,-2.0300,-1.0500,-0.0694,-0.0694,-0.0359,0
1425407,-4.4809,-8.1432,2.8819,-1.7500,-2.4500,-0.4900,-0.0598,-0.0838,-0.0168,0
1425446,-4.4761,-8.1815,2.9083,-0.2100,-2.5900,-0.3500,-0.0072,-0.0886,-0.0120,0
1425485,-4.5312,-8.2126,2.9681,-0.0700,-1.1900,-0.4900,-0.0024,-0.0407,-0.0168,0
1425524,-4.5431,-8.1695,2.9538,-0.0700,-0.9800,0.4200,-0.0024,-0.0335,0.0144,0
1425563,-4.5024,-8.1503,2.9178,0.2100,-0.2800,0.2100,0.0072,-0.0096,0.0072,0
1425602,-4.5072,-8.1575,2.9131,0.1400,0.3500,-0.1400,0.0048,0.0120,-0.0048,0
1425641,-4.5240,-8.1647,2.9394,0.3500,0.4900,-0.2800,0.0120,0.0168,-0.0096,0
1425680,-4.5216,-8.1671,2.9131,0.0700,1.1900,-0.4200,0.0024,0.0407,-0.0144,0
1425719,-4.4976,-8.1623,2.8508,0.0000,1.3300,-0.1400,0.0000,0.0455,-0.0048,0
1425758,-4.5240,-8.1767,2.8700,-0.5600,0.9100,-0.2800,-0.0191,0.0311,-0.0096,0
1425797,-4.5120,-8.1671,2.9011,-0.4200,0.2100,-0.0700,-0.0144,0.0072,-0.0024,0
1425836,-4.5264,-8.1647,2.8915,0.2800,0.9800,0.0700,0.0096,0.0335,0.0024,0
1425875,-4.5096,-8.1599,2.8556,0.2800,1.1900,0.0000,0.0096,0.0407,0.0000,0
1425914,-4.5144,-8.1767,2.8532,1.0500,1.4000,0.2100,0.0359,0.0479,0.0072,0
1425953,-4.5431,-8.1432,2.8436,1.1900,1.2600,0.3500,0.0407,0.0431,0.0120,0
1425992,-4.5359,-8.1480,2.8484,0.3500,0.9800,0.0000,0.0120,0.0335,0.0000,0
1426031,-4.5312,-8.1647,2.8460,0.2800,0.4900,-0.0700,0.0096,0.0168,-0.0024,0
1426070,-4.5455,-8.1815,2.8676,0.0000,0.4200,-0.2100,0.0000,0.0144,-0.0072,0
1426109,-4.5359,-8.1480,2.8413,0.8400,0.2100,0.2100,0.0287,0.0072,0.0072,0
1426148,-4.5359,-8.1480,2.8365,0.3500,0.4900,0.0700,0.0120,0.0168,0.0024,0
1426187,-4.5455,-8.1575,2.8413,1.0500,-0.0700,0.2800,0.0359,-0.0024,0.0096,0
1426226,-4.5455,-8.1599,2.8748,0.6300,-0.6300,-0.0700,0.0215,-0.0215,-0.0024,0
1426265,-4.5407,-8.1503,2.8508,0.3500,-0.1400,-0.0700,0.0120,-0.0048,-0.0024,0
1426304,-4.5359,-8.1480,2.8269,1.1900,-1.0500,0.2100,0.0407,-0.0359,0.0072,0
1426343,-4.5623,-8.1527,2.8819,0.6300,-1.3300,-0.2800,0.0215,-0.0455,-0.0096,0
1426382,-4.5599,-8.1432,2.9035,-0.2800,-0.9800,-0.4200,-0.0096,-0.0335,-0.0144,0
1426421,-4.5312,-8.1480,2.8460,0.2100,-1.0500,-0.2100,0.0072,-0.0359,-0.0072,0
1426460,-4.5192,-8.1480,2.8508,0.3500,-1.1900,-0.4900,0.0120,-0.0407,-0.0168,0
1426499,-4.5359,-8.1575,2.8939,0.3500,-1.1200,-0.4900,0.0120,-0.0383,-0.0168,0
1426538,-4.5264,-8.1527,2.8963,0.7000,-0.5600,-0.1400,0.0239,-0.0191,-0.0048,0
1426577,-4.5312,-8.1527,2.8748,0.1400,-0.5600,-0.3500,0.0048,-0.0191,-0.0120,0
1426616,-4.5264,-8.1551,2.8772,0.0000,-0.9100,-0.4200,0.0000,-0.0311,-0.0144,0
1426655,-4.5168,-8.1791,2.9107,-0.1400,-0.1400,-0.7000,-0.0048,-0.0048,-0.0239,0
1426694,-4.5120,-8.1791,2.8987,0.6300,0.0000,0.1400,0.0215,0.0000,0.0048,0
1426733,-4.4857,-8.1120,2.8413,1.4000,0.4200,0.6300,0.0479,0.0144,0.0215,0
1426772,-4.5024,-8.1360,2.8173,2.3800,-0.1400,0.7000,0.0814,-0.0048,0.0239,0
1426811,-4.5431,-8.1336,2.8819,1.8200,-0.5600,0.0700,0.0622,-0.0191,0.0024,0
1426850,-4.5647,-8.1767,2.9322,0.2100,-0.4200,-0.4900,0.0072,-0.0144,-0.0168,0
1426889,-4.5575,-8.1695,2.8891,0.4200,-0.7700,-0.1400,0.0144,-0.0263,-0.0048,0
1426928,-4.5383,-8.1360,2.8867,-0.8400,-2.1700,0.2100,-0.0287,-0.0742,0.0072,0
1426967,-4.5192,-8.1097,2.9035,-2.4500,-1.8200,-0.7000,-0.0838,-0.0622,-0.0239,0
1427006,-4.5192,-8.1456,2.9274,0.3500,-1.4700,-0.3500,0.0120,-0.0503,-0.0120,0
1427045,-4.5431,-8.1623,2.9322,0.9800,-0.0700,-0.4900,0.0335,-0.0024,-0.0168,0
1427084,-4.5264,-8.1839,2.8867,0.7700,0.0700,-0.2100,0.0263,0.0024,-0.0072,0
1427123,-4.5216,-8.1839,2.8819,0.1400,-0.2100,-0.2800,0.0048,-0.0072,-0.0096,0
1427162,-4.5144,-8.1647,2.8843,0.0700,-0.4900,-0.0700,0.0024,-0.0168,-0.0024,0
1427201,-4.5072,-8.1480,2.8772,0.2100,-0.3500,-0.1400,0.0072,-0.0120,-0.0048,0
1427240,-4.5096,-8.1503,2.8939,0.6300,-0.1400,0.0000,0.0215,-0.0048,0.0000,0
1427279,-4.5336,-8.1503,2.9155,0.5600,0.1400,-0.1400,0.0191,0.0048,-0.0048,0
1427318,-4.5288,-8.1623,2.8963,0.2100,0.4900,-0.4200,0.0072,0.0168,-0.0144,0
1427357,-4.5048,-8.1839,2.8676,0.8400,-0.2800,0.1400,0.0287,-0.0096,0.0048,0
1427396,-4.5264,-8.1623,2.9083,0.9100,-0.2800,0.2100,0.0311,-0.0096,0.0072,0
1427435,-4.5144,-8.1312,2.8915,0.7700,-0.6300,0.2800,0.0263,-0.0215,0.0096,0
1427474,-4.5120,-8.1480,2.8748,1.1900,-0.5600,0.2100,0.0407,-0.0191,0.0072,0
1427513,-4.5264,-8.1288,2.9011,1.1900,-0.9800,0.2100,0.0407,-0.0335,0.0072,0
1427552,-4.5264,-8.1456,2.9131,1.0500,-0.5600,0.1400,0.0359,-0.0191,0.0048,0
1427591,-4.5623,-8.1527,2.9490,0.4900,-0.1400,-0.4200,0.0168,-0.0048,-0.0144,0
1427630,-4.5359,-8.1480,2.9394,-0.6300,0.2800,-0.6300,-0.0215,0.0096,-0.0215,0
1427669,-4.4976,-8.1336,2.8772,-0.7000,0.2800,-0.5600,-0.0239,0.0096,-0.0191,0
1427708,-4.5288,-8.1599,2.8963,-0.2800,0.3500,-0.5600,-0.0096,0.0120,-0.0191,0
1427747,-4.5192,-8.1647,2.9202,-0.4200,0.3500,-0.3500,-0.0144,0.0120,-0.0120,0
1427786,-4.5120,-8.1527,2.8700,-0.7000,0.9100,-0.3500,-0.0239,0.0311,-0.0120,0
1427825,-4.5096,-8.1575,2.8628,-0.1400,0.8400,-0.2800,-0.0048,0.0287,-0.0096,0
1427864,-4.5216,-8.1408,2.8580,-0.1400,0.2800,-0.2800,-0.0048,0.0096,-0.0096,0
1427903,-4.5383,-8.1886,2.8915,-0.4900,0.9800,-0.7000,-0.0168,0.0335,-0.0239,0
1427942,-4.5216,-8.1767,2.8628,0.3500,0.6300,0.2800,0.0120,0.0215,0.0096,0
1427981,-4.5192,-8.1623,2.8484,0.7000,0.6300,0.2800,0.0239,0.0215,0.0096,0
1428020,-4.5359,-8.1623,2.8628,0.8400,0.6300,0.3500,0.0287,0.0215,0.0120,0
1428059,-4.5407,-8.1432,2.8269,0.3500,0.5600,0.2800,0.0120,0.0191,0.0096,0
1428098,-4.5407,-8.1336,2.8748,0.0700,-0.0700,-0.0700,0.0024,-0.0024,-0.0024,0
1428137,-4.5551,-8.1575,2.8748,-0.1400,0.3500,-0.6300,-0.0048,0.0120,-0.0215,0
1428176,-4.5647,-8.1815,2.8652,0.0000,0.0000,-0.2800,0.0000,0.0000,-0.0096,0
1428215,-4.5096,-8.1623,2.8197,0.2800,-0.5600,-0.1400,0.0096,-0.0191,-0.0048,0
1428254,-4.5192,-8.1575,2.8197,0.4200,-0.3500,-0.1400,0.0144,-0.0120,-0.0048,0
1428293,-4.5407,-8.1408,2.8556,0.4200,-0.4900,-0.0700,0.0144,-0.0168,-0.0024,0
1428332,-4.5431,-8.1647,2.8532,0.7700,-0.4200,-0.2100,0.0263,-0.0144,-0.0072,0
1428371,-4.5431,-8.1839,2.8628,0.7700,-0.5600,-0.1400,0.0263,-0.0191,-0.0048,0
1428410,-4.5336,-8.1503,2.8532,0.7700,-0.4900,0.2100,0.0263,-0.0168,0.0072,0
1428449,-4.5455,-8.1599,2.8460,0.6300,-0.5600,-0.0700,0.0215,-0.0191,-0.0024,0
1428488,-4.5479,-8.1719,2.8891,0.3500,-0.9100,-0.2100,0.0120,-0.0311,-0.0072,0
1428527,-4.5288,-8.1503,2.8628,0.4900,-0.8400,-0.0700,0.0168,-0.0287,-0.0024,0
1428566,-4.5168,-8.1360,2.8508,0.0700,-0.1400,-0.3500,0.0024,-0.0048,-0.0120,0
1428605,-4.5096,-8.1503,2.8101,0.9800,-0.2100,0.0000,0.0335,-0.0072,0.0000,0
1428644,-4.5527,-8.1671,2.8819,0.7000,-0.3500,-0.3500,0.0239,-0.0120,-0.0120,0
1428683,-4.5671,-8.1623,2.9035,0.1400,-0.5600,-0.2800,0.0048,-0.0191,-0.0096,0
1428722,-4.5168,-8.1671,2.8652,0.0700,-0.3500,-0.2800,0.0024,-0.0120,-0.0096,0
1428761,-4.5144,-8.1647,2.8389,0.2100,-0.2100,-0.1400,0.0072,-0.0072,-0.0048,0
1428800,-4.5359,-8.1623,2.8772,0.4900,-0.2100,-0.2100,0.0168,-0.0072,-0.0072,0
1428839,-4.5407,-8.1456,2.8652,0.9100,-0.2800,0.0000,0.0311,-0.0096,0.0000,0
1428878,-4.5431,-8.1719,2.8939,0.0700,0.1400,-0.3500,0.0024,0.0048,-0.0120,0
1428917,-4.5120,-8.1503,2.8460,0.3500,17.7800,-0.0700,0.0120,0.6080,-0.0024,0
1428956,-4.5312,-8.1719,2.8604,0.8400,0.3500,-0.0700,0.0287,0.0120,-0.0024,0
1428995,-4.5288,-8.1599,2.8676,1.2600,0.0000,0.4200,0.0431,0.0000,0.0144,0
1429034,-4.5359,-8.1432,2.8508,0.6300,0.1400,0.1400,0.0215,0.0048,0.0048,0
1429073,-4.5575,-8.1551,2.8987,0.1400,-0.3500,-0.2800,0.0048,-0.0120,-0.0096,0
1429112,-4.5575,-8.1408,2.9083,0.7000,-0.5600,0.1400,0.0239,-0.0191,0.0048,0
1429151,-4.5455,-8.1432,2.8676,-0.0700,0.2800,-0.4900,-0.0024,0.0096,-0.0168,0
1429190,-4.5120,-8.1503,2.8197,0.3500,-0.1400,-0.2100,0.0120,-0.0048,-0.0072,0
1429229,-4.5024,-8.1527,2.8413,0.6300,-0.4900,-0.2800,0.0215,-0.0168,-0.0096,0
1429268,-4.5383,-8.1839,2.8724,0.7000,-0.2800,-0.2100,0.0239,-0.0096,-0.0072,0
1429307,-4.5599,-8.1623,2.8963,0.5600,-0.4200,0.1400,0.0191,-0.0144,0.0048,0
1429346,-4.5431,-8.1527,2.8843,0.4200,-0.6300,0.0700,0.0144,-0.0215,0.0024,0
1429385,-4.5336,-8.1456,2.8795,0.2100,-0.5600,-0.3500,0.0072,-0.0191,-0.0120,0
1429424,-4.5359,-8.1623,2.8795,0.1400,-0.5600,-0.2800,0.0048,-0.0191,-0.0096,0
1429463,-4.5096,-8.1432,2.8580,1.2600,-0.6300,0.4200,0.0431,-0.0215,0.0144,0
1429502,-4.5455,-8.1623,2.8867,1.0500,-0.2800,0.0000,0.0359,-0.0096,0.0000,0
1429541,-4.5551,-8.1432,2.9155,1.1200,-0.7700,0.0700,0.0383,-0.0263,0.0024,0
1429580,-4.5359,-8.1264,2.8939,0.7700,-1.0500,0.0700,0.0263,-0.0359,0.0024,0
1429619,-4.5120,-8.1408,2.8748,0.6300,-1.0500,-0.1400,0.0215,-0.0359,-0.0048,0
1429658,-4.5407,-8.1480,2.9155,0.2100,-0.7000,-0.2100,0.0072,-0.0239,-0.0072,0
1429697,-4.5455,-8.1480,2.9394,0.2800,-0.3500,-0.1400,0.0096,-0.0120,-0.0048,0
1429736,-4.5359,-8.1527,2.8987,-0.5600,0.4900,-0.6300,-0.0191,0.0168,-0.0215,0
1429775,-4.5264,-8.1408,2.8748,-0.4900,0.2800,-0.4200,-0.0168,0.0096,-0.0144,0
1429814,-4.5096,-8.1599,2.8748,-0.3500,0.4200,-0.3500,-0.0120,0.0144,-0.0120,0
1429853,-4.5503,-8.1743,2.9202,-0.1400,0.4900,-0.2100,-0.0048,0.0168,-0.0072,0
1429892,-4.5264,-8.1480,2.8772,-0.2800,0.7000,-0.0700,-0.0096,0.0239,-0.0024,0
1429931,-4.5336,-8.1719,2.8532,-0.0700,0.7700,-0.1400,-0.0024,0.0263,-0.0048,0
1429970,-4.5383,-8.1599,2.8604,0.0700,0.8400,0.0000,0.0024,0.0287,0.0000,0
1430009,-4.5431,-8.1695,2.8676,-0.2800,0.7000,-0.2100,-0.0096,0.0239,-0.0072,0
1430048,-4.5455,-8.1599,2.8389,0.2800,0.7000,-0.1400,0.0096,0.0239,-0.0048,0
1430087,-4.5431,-8.1647,2.8484,0.0700,0.4900,-0.0700,0.0024,0.0168,-0.0024,0
1430126,-4.5288,-8.1192,2.8317,0.7000,0.2800,0.1400,0.0239,0.0096,0.0048,0
1430165,-4.5383,-8.1575,2.8245,-0.1400,0.9800,-0.4200,-0.0048,0.0335,-0.0144,0
1430204,-4.5288,-8.1743,2.8293,0.7000,0.3500,0.1400,0.0239,0.0120,0.0048,0
1430243,-4.5455,-8.1599,2.8508,0.4200,0.2100,0.2100,0.0144,0.0072,0.0072,0
1430282,-4.5503,-8.1408,2.8197,0.9100,0.1400,0.3500,0.0311,0.0048,0.0120,0
1430321,-4.5479,-8.1408,2.8173,0.8400,-0.2100,0.2100,0.0287,-0.0072,0.0072,0
1430360,-4.5742,-8.1743,2.8772,0.4900,-0.2800,-0.2800,0.0168,-0.0096,-0.0096,0
1430399,-4.5671,-8.1719,2.8460,0.4200,-0.6300,-0.0700,0.0144,-0.0215,-0.0024,0
1430438,-4.5551,-8.1551,2.8413,0.0700,-0.9100,-0.2100,0.0024,-0.0311,-0.0072,0
1430477,-4.5551,-8.1575,2.8700,0.0000,-1.1200,-0.4200,0.0000,-0.0383,-0.0144,0
1430516,-4.5407,-8.1456,2.8556,0.1400,-0.9100,-0.3500,0.0048,-0.0311,-0.0120,0
1430555,-4.5288,-8.1575,2.8221,0.6300,-0.6300,-0.2100,0.0215,-0.0215,-0.0072,0
1430594,-4.5455,-8.1503,2.8508,0.7700,-0.4200,-0.1400,0.0263,-0.0144,-0.0048,0
1430633,-4.5503,-8.1551,2.8580,1.0500,-0.4900,0.1400,0.0359,-0.0168,0.0048,0
1430672,-4.5527,-8.1503,2.8604,0.7700,-0.3500,0.0000,0.0263,-0.0120,0.0000,0
1430711,-4.5431,-8.1599,2.8604,0.3500,-0.3500,-0.2800,0.0120,-0.0120,-0.0096,0
1430750,-4.5503,-8.1432,2.8580,0.7700,-0.4900,0.0700,0.0263,-0.0168,0.0024,0
1430789,-4.5479,-8.1456,2.8724,0.9100,-0.9100,0.0000,0.0311,-0.0311,0.0000,0
1430828,-4.5192,-8.1456,2.8484,0.7000,-0.5600,-0.1400,0.0239,-0.0191,-0.0048,0
1430867,-4.5383,-8.1432,2.8508,0.9800,-0.2100,0.0000,0.0335,-0.0072,0.0000,0
1430906,-4.5695,-8.1719,2.8915,0.4200,-0.4200,-0.2100,0.0144,-0.0144,-0.0072,0
1430945,-4.5910,-8.1623,2.9442,-0.2100,-0.4900,-0.4200,-0.0072,-0.0168,-0.0144,0
1430984,-4.5479,-8.1240,2.8891,0.1400,-0.7700,0.0000,0.0048,-0.0263,0.0000,0
1431023,-4.5168,-8.1480,2.8460,-0.0700,-0.2100,-0.7000,-0.0024,-0.0072,-0.0239,0
1431062,-4.5407,-8.1551,2.8604,0.4900,-0.2100,-0.2800,0.0168,-0.0072,-0.0096,0
1431101,-4.5383,-8.1456,2.8843,0.5600,-0.2100,0.0000,0.0191,-0.0072,0.0000,0
1431140,-4.5359,-8.1671,2.8891,0.2800,0.2100,-0.3500,0.0096,0.0072,-0.0120,0
1431179,-4.5455,-8.1432,2.8724,0.7700,-0.2100,0.0700,0.0263,-0.0072,0.0024,0
1431218,-4.5240,-8.1264,2.8628,0.5600,0.4200,-0.1400,0.0191,0.0144,-0.0048,0
1431257,-4.5623,-8.1886,2.8819,0.1400,0.5600,-0.7000,0.0048,0.0191,-0.0239,0
1431296,-4.5359,-8.1791,2.8580,0.7700,-0.7000,0.2800,0.0263,-0.0239,0.0096,0
1431335,-4.5719,-8.1192,2.8987,0.4900,-0.5600,0.0700,0.0168,-0.0191,0.0024,0
1431374,-4.5216,-8.1168,2.8772,-0.3500,-0.7000,-0.3500,-0.0120,-0.0239,-0.0120,0
1431413,-4.5120,-8.1886,2.8652,0.2100,0.0000,-0.5600,0.0072,0.0000,-0.0191,0
1431452,-4.5312,-8.1575,2.8532,0.7000,-0.0700,0.2800,0.0239,-0.0024,0.0096,0
1431491,-4.5479,-8.1408,2.8700,0.9100,-0.4200,0.3500,0.0311,-0.0144,0.0120,0
1431530,-4.5886,-8.1408,2.9250,0.0000,-0.0700,-0.4200,0.0000,-0.0024,-0.0144,0
1431569,-4.5671,-8.1671,2.9131,-0.9800,-0.4900,-0.7700,-0.0335,-0.0168,-0.0263,0
1431608,-4.5144,-8.1743,2.8341,-0.4900,0.0700,-0.3500,-0.0168,0.0024,-0.0120,0
1431647,-4.5096,-8.1288,2.8341,0.4900,0.0000,0.1400,0.0168,0.0000,0.0048,0
1431686,-4.5312,-8.1456,2.8532,0.7700,0.4200,-0.2100,0.0263,0.0144,-0.0072,0
1431725,-4.5359,-8.1551,2.8413,0.2800,0.5600,-0.5600,0.0096,0.0191,-0.0191,0
1431764,-4.5192,-8.1862,2.8436,1.6100,0.8400,-0.3500,0.0551,0.0287,-0.0120,0
1431803,-4.5336,-8.1551,2.8676,0.7700,0.4900,0.0000,0.0263,0.0168,0.0000,0
1431842,-4.5647,-8.1695,2.8891,0.8400,0.8400,0.2800,0.0287,0.0287,0.0096,0
1431881,-4.5623,-8.1647,2.8963,1.8900,0.3500,0.7000,0.0646,0.0120,0.0239,0
1431920,-4.5766,-8.1288,2.9011,3.1500,0.8400,-0.2800,0.1077,0.0287,-0.0096,0
1431959,-4.5407,-8.1288,2.8891,4.9000,0.7700,-0.5600,0.1676,0.0263,-0.0191,0
1431998,-4.5455,-8.1240,2.8891,3.9200,0.9100,-0.2800,0.1340,0.0311,-0.0096,0
1432037,-4.5407,-8.1432,2.9107,3.5000,0.7700,-0.2800,0.1197,0.0263,-0.0096,0
1432076,-4.5527,-8.0929,2.9250,2.3100,0.4900,-0.0700,0.0790,0.0168,-0.0024,0
1432115,-4.5575,-8.1408,2.9585,1.2600,0.7000,-0.5600,0.0431,0.0239,-0.0191,0
1432154,-4.5479,-8.1312,2.9322,1.8900,0.9100,0.0000,0.0646,0.0311,0.0000,0
1432193,-4.5719,-8.1192,2.9418,0.9800,1.1200,-0.2800,0.0335,0.0383,-0.0096,0
1432232,-4.5455,-8.1073,2.9274,-0.0700,0.2100,-0.1400,-0.0024,0.0072,-0.0048,0
1432271,-4.5671,-8.1360,2.9561,-0.0700,0.7700,-0.4200,-0.0024,0.0263,-0.0144,0
1432310,-4.5575,-8.1168,2.9346,0.2800,0.2800,0.0000,0.0096,0.0096,0.0000,0
1432349,-4.5695,-8.1073,2.9178,-0.4200,0.3500,-0.3500,-0.0144,0.0120,-0.0120,0
1432388,-4.5575,-8.1360,2.9442,-0.6300,-0.1400,-0.3500,-0.0215,-0.0048,-0.0120,0
1432427,-4.5790,-8.1288,2.9442,-0.6300,0.5600,-0.6300,-0.0215,0.0191,-0.0215,0
1432466,-4.5719,-8.1456,2.9418,0.5600,-0.1400,0.2800,0.0191,-0.0048,0.0096,0
1432505,-4.5407,-8.0953,2.9083,1.5400,0.2100,0.4900,0.0527,0.0072,0.0168,0
1432544,-4.5671,-8.1168,2.9178,3.7800,1.1900,0.5600,0.1293,0.0407,0.0191,0
1432583,-4.5671,-8.0881,2.9011,0.6300,0.4900,0.2800,0.0215,0.0168,0.0096,0
1432622,-4.5886,-8.0953,2.9394,0.0700,0.7000,-0.4900,0.0024,0.0239,-0.0168,0
1432661,-4.5862,-8.1432,2.9418,-0.2100,-0.0700,-0.4200,-0.0072,-0.0024,-0.0144,0
1432700,-4.5623,-8.1168,2.9178,0.0000,-0.4900,0.0000,0.0000,-0.0168,0.0000,0
1432739,-4.5790,-8.0809,2.9059,0.9100,-0.1400,-0.2100,0.0311,-0.0048,-0.0072,0
1432778,-4.5790,-8.1097,2.9274,-0.1400,-0.8400,-0.4900,-0.0048,-0.0287,-0.0168,0
1432817,-4.5503,-8.1192,2.9155,0.0000,-1.1200,-0.5600,0.0000,-0.0383,-0.0191,0
1432856,-4.5479,-8.0953,2.9178,0.4200,-0.7700,-0.3500,0.0144,-0.0263,-0.0120,0
1432895,-4.5695,-8.1408,2.9370,1.1900,-0.7700,0.0000,0.0407,-0.0263,0.0000,0
1432934,-4.6078,-8.1097,2.9705,0.4200,-1.0500,-0.1400,0.0144,-0.0359,-0.0048,0
1432973,-4.5359,-8.1264,2.9059,-0.5600,-0.7000,-0.3500,-0.0191,-0.0239,-0.0120,0
1433012,-4.5407,-8.1049,2.9083,0.4900,-1.1200,0.1400,0.0168,-0.0383,0.0048,0
1433051,-4.5766,-8.1025,2.9633,0.5600,-0.8400,0.1400,0.0191,-0.0287,0.0048,0
1433090,-4.5671,-8.1001,2.9753,-0.1400,-0.0700,-0.6300,-0.0048,-0.0024,-0.0215,0
1433129,-4.5623,-8.1144,2.9370,0.7700,0.0000,-0.2100,0.0263,0.0000,-0.0072,0
1433168,-4.5479,-8.1288,2.9155,0.8400,-0.4200,-0.0700,0.0287,-0.0144,-0.0024,0
1433207,-4.5790,-8.1192,2.9561,-0.8400,-0.5600,-0.4900,-0.0287,-0.0191,-0.0168,0
1433246,-4.5359,-8.1049,2.9155,-0.1400,-0.9100,0.3500,-0.0048,-0.0311,0.0120,0
1433285,-4.5695,-8.1192,2.9466,-0.1400,-0.7000,0.0000,-0.0048,-0.0239,0.0000,0
1433324,-4.5934,-8.0977,2.9681,-0.7700,-1.1200,-0.5600,-0.0263,-0.0383,-0.0191,0
1433363,-4.5479,-8.1312,2.9202,-0.5600,-0.7000,-0.8400,-0.0191,-0.0239,-0.0287,0
1433402,-4.5551,-8.1575,2.9442,0.1400,-0.4900,-0.3500,0.0048,-0.0168,-0.0120,0
1433441,-4.5479,-8.1168,2.9274,0.4900,-0.1400,0.1400,0.0168,-0.0048,0.0048,0
1433480,-4.5647,-8.1264,2.9585,0.2100,0.2800,-0.1400,0.0072,0.0096,-0.0048,0
1433519,-4.5766,-8.1312,2.9561,0.6300,0.1400,-0.0700,0.0215,0.0048,-0.0024,0
1433558,-4.5168,-8.1384,2.8891,0.4200,-0.1400,0.1400,0.0144,-0.0048,0.0048,0
1433597,-4.5359,-8.1192,2.9083,0.9800,0.0000,0.1400,0.0335,0.0000,0.0048,0
1433636,-4.5719,-8.1288,2.9322,0.6300,-0.3500,0.1400,0.0215,-0.0120,0.0048,0
1433675,-4.5455,-8.1168,2.8963,0.8400,-0.4200,0.0700,0.0287,-0.0144,0.0024,0
1433714,-4.5719,-8.1120,2.9131,0.4200,-0.5600,-0.1400,0.0144,-0.0191,-0.0048,0
1433753,-4.5551,-8.1240,2.9705,0.4200,-1.1900,-0.3500,0.0144,-0.0407,-0.0120,0
1433792,-4.5551,-8.1456,2.9514,1.4000,-0.4900,0.4900,0.0479,-0.0168,0.0168,0
1433831,-4.5336,-8.0809,2.9250,1.6800,-0.4200,0.8400,0.0574,-0.0144,0.0287,0
1433870,-4.5407,-8.0881,2.9202,1.2600,0.2100,-0.1400,0.0431,0.0072,-0.0048,0
1433909,-4.5886,-8.1264,2.9681,0.0700,-0.2800,-0.5600,0.0024,-0.0096,-0.0191,0
1433948,-4.5958,-8.1408,2.9992,-2.6600,-1.0500,-1.3300,-0.0910,-0.0359,-0.0455,0
1433987,-4.5407,-8.1527,2.9633,-2.1700,-1.1900,-0.6300,-0.0742,-0.0407,-0.0215,0
1434026,-4.5240,-8.1192,2.9322,-0.5600,-0.7700,-0.0700,-0.0191,-0.0263,-0.0024,0
1434065,-4.5192,-8.1240,2.8939,-0.8400,-0.7700,-0.4200,-0.0287,-0.0263,-0.0144,0
1434104,-4.5216,-8.1264,2.9131,-0.3500,-0.3500,-0.7000,-0.0120,-0.0120,-0.0239,0
1434143,-4.5192,-8.1527,2.8819,-2.3100,-0.2800,-0.8400,-0.0790,-0.0096,-0.0287,0
1434182,-4.5096,-8.1408,2.8604,-0.9800,-1.0500,0.2800,-0.0335,-0.0359,0.0096,0
1434221,-4.5647,-8.1432,2.9226,-1.8900,-0.1400,-0.3500,-0.0646,-0.0048,-0.0120,0
1434260,-4.5575,-8.1456,2.9059,-0.2800,-0.7000,0.0000,-0.0096,-0.0239,0.0000,0
1434299,-4.5312,-8.1623,2.8652,-0.7000,-0.5600,-0.5600,-0.0239,-0.0191,-0.0191,0
1434338,-4.5455,-8.1599,2.8867,-0.9800,-0.2800,-0.4900,-0.0335,-0.0096,-0.0168,0
1434377,-4.5120,-8.1647,2.8604,-0.6300,-0.6300,-0.4200,-0.0215,-0.0215,-0.0144,0
1434416,-4.5192,-8.1647,2.8484,0.0700,-0.8400,-0.4900,0.0024,-0.0287,-0.0168,0
1434455,-4.5024,-8.1575,2.8245,0.5600,-1.2600,-0.3500,0.0191,-0.0431,-0.0120,0
1434494,-4.4785,-8.1695,2.8149,1.1200,-2.0300,-0.1400,0.0383,-0.0694,-0.0048,0
1434533,-4.4737,-8.1647,2.8030,-2.1700,-3.1500,-0.2800,-0.0742,-0.1077,-0.0096,0
1434572,-4.5024,-8.1384,2.8413,-1.7500,-3.5000,0.0000,-0.0598,-0.1197,0.0000,0
1434611,-4.5383,-8.1862,2.9083,-2.7300,-3.5000,-0.0700,-0.0934,-0.1197,-0.0024,0
1434650,-4.4905,-8.1862,2.8436,-3.7800,-3.9200,-0.5600,-0.1293,-0.1340,-0.0191,0
1434689,-4.4976,-8.2341,2.8748,-4.7600,-4.0600,-0.2100,-0.1628,-0.1388,-0.0072,0
1434728,-4.4689,-8.2222,2.8317,-1.9600,-4.2000,0.5600,-0.0670,-0.1436,0.0191,0
1434767,-4.4785,-8.2126,2.8508,-3.5000,-4.0600,0.1400,-0.1197,-0.1388,0.0048,0
1434806,-4.5000,-8.2365,2.8819,-1.6800,-1.7500,-0.6300,-0.0574,-0.0598,-0.0215,0
1434845,-4.4594,-8.2030,2.7982,0.1400,-1.1200,0.0000,0.0048,-0.0383,0.0000,0
1434884,-4.4282,-8.2222,2.7575,0.4200,-0.9800,-0.2100,0.0144,-0.0335,-0.0072,0
1434923,-4.4737,-8.2174,2.8197,0.2100,-1.4700,-0.4200,0.0072,-0.0503,-0.0144,0
1434962,-4.4594,-8.2557,2.8365,-2.5900,-2.0300,-0.6300,-0.0886,-0.0694,-0.0215,0
1435001,-4.4737,-8.2581,2.8365,-0.6300,-0.7700,-0.2100,-0.0215,-0.0263,-0.0072,0
1435040,-4.4450,-8.2150,2.7958,-1.1200,0.0000,-0.0700,-0.0383,0.0000,-0.0024,0
1435079,-4.3756,-8.2198,2.7838,-0.0700,-0.2800,0.0700,-0.0024,-0.0096,0.0024,0
1435118,-4.4306,-8.2772,2.8532,2.7300,3.6400,0.1400,0.0934,0.1245,0.0048,0
1435157,-4.4761,-8.2150,2.8197,5.8800,4.0600,0.7700,0.2011,0.1388,0.0263,0
1435196,-4.4067,-8.1719,2.6689,9.3100,4.2000,1.4000,0.3184,0.1436,0.0479,0
1435235,-4.4737,-8.1336,2.6833,5.2500,2.8700,0.3500,0.1795,0.0981,0.0120,0
1435274,-4.5096,-8.1647,2.7862,1.7500,-0.2100,-0.1400,0.0598,-0.0072,-0.0048,0
1435313,-4.4809,-8.1695,2.7982,0.4200,-1.8900,0.0000,0.0144,-0.0646,0.0000,0
1435352,-4.4833,-8.1910,2.8460,-1.8200,-2.3100,-0.4200,-0.0622,-0.0790,-0.0144,0
1435391,-4.5096,-8.1839,2.9035,-2.6600,-3.1500,-0.2100,-0.0910,-0.1077,-0.0072,0
1435430,-4.5288,-8.2126,2.9274,-2.8000,-2.5200,-0.7000,-0.0957,-0.0862,-0.0239,0
1435469,-4.4953,-8.2198,2.8700,-1.4700,-2.2400,-0.2100,-0.0503,-0.0766,-0.0072,0
1435508,-4.4857,-8.2078,2.8700,-2.3100,-1.8900,-0.3500,-0.0790,-0.0646,-0.0120,0
1435547,-4.4665,-8.2174,2.8843,-1.8200,-1.9600,-0.7000,-0.0622,-0.0670,-0.0239,0
1435586,-4.4258,-8.2317,2.8006,0.5600,-0.9800,-0.4200,0.0191,-0.0335,-0.0144,0
1435625,-4.4474,-8.2365,2.8221,0.9100,-0.7000,-0.0700,0.0311,-0.0239,-0.0024,0
1435664,-4.4665,-8.2126,2.8389,1.3300,-0.4900,0.4200,0.0455,-0.0168,0.0144,0
1435703,-4.4546,-8.1982,2.8149,1.1900,-1.1200,0.2800,0.0407,-0.0383,0.0096,0
1435742,-4.4641,-8.2317,2.8700,0.4200,-1.4000,-0.5600,0.0144,-0.0479,-0.0191,0
1435781,-4.4546,-8.2198,2.8484,0.6300,-0.7700,-0.3500,0.0215,-0.0263,-0.0120,0
1435820,-4.4426,-8.2245,2.8173,0.1400,0.0000,-0.3500,0.0048,0.0000,-0.0120,0
1435859,-4.4330,-8.1958,2.7886,0.0700,-0.7000,-0.1400,0.0024,-0.0239,-0.0048,0
1435898,-4.4450,-8.2006,2.8125,-3.4300,-1.1900,-0.9800,-0.1173,-0.0407,-0.0335,0
1435937,-4.4641,-8.2605,2.8628,-1.6800,-1.5400,-0.8400,-0.0574,-0.0527,-0.0287,0
1435976,-4.4402,-8.2269,2.8317,-0.6300,-1.5400,-0.2100,-0.0215,-0.0527,-0.0072,0
1436015,-4.3828,-8.2078,2.7551,-1.1900,-1.6100,-0.6300,-0.0407,-0.0551,-0.0215,0
1436054,-4.3971,-8.2700,2.7934,-0.4900,-1.4000,-0.9100,-0.0168,-0.0479,-0.0311,0
1436093,-4.4450,-8.2724,2.8293,-2.5200,-0.9800,-0.7000,-0.0862,-0.0335,-0.0239,0
1436132,-4.4306,-8.2365,2.7982,-0.4900,-1.4000,0.7700,-0.0168,-0.0479,0.0263,0
1436171,-4.4139,-8.2198,2.7551,-2.6600,-1.8900,0.4200,-0.0910,-0.0646,0.0144,0
1436210,-4.4067,-8.2126,2.7575,-4.7600,-3.0100,-0.8400,-0.1628,-0.1029,-0.0287,0
1436249,-4.4258,-8.2844,2.7886,-4.3400,-2.5900,-1.9600,-0.1484,-0.0886,-0.0670,0
1436288,-4.4306,-8.3418,2.8245,-2.8700,-1.4000,-1.8200,-0.0981,-0.0479,-0.0622,0
1436327,-4.3684,-8.2892,2.7503,-0.9100,-0.8400,-1.0500,-0.0311,-0.0287,-0.0359,0
1436366,-4.3469,-8.3107,2.7024,-0.5600,0.1400,-1.1200,-0.0191,0.0048,-0.0383,0
1436405,-4.3684,-8.3227,2.7335,-0.3500,0.6300,-0.7700,-0.0120,0.0215,-0.0263,0
1436444,-4.3612,-8.3203,2.7216,0.1400,1.2600,0.0700,0.0048,0.0431,0.0024,0
1436483,-4.3732,-8.2652,2.6713,0.7000,1.1200,0.4900,0.0239,0.0383,0.0168,0
1436522,-4.3612,-8.2987,2.6785,-0.1400,0.7000,-0.1400,-0.0048,0.0239,-0.0048,0
1436561,-4.3828,-8.3155,2.6928,0.0000,1.4000,-0.1400,0.0000,0.0479,-0.0048,0
1436600,-4.3947,-8.2868,2.6905,0.9800,2.1700,0.6300,0.0335,0.0742,0.0215,0
1436639,-4.3756,-8.2772,2.6426,1.3300,1.6800,0.5600,0.0455,0.0574,0.0191,0
1436678,-4.3947,-8.3179,2.6593,0.4200,1.7500,0.3500,0.0144,0.0598,0.0120,0
1436717,-4.4211,-8.2916,2.6665,1.8900,0.6300,1.8900,0.0646,0.0215,0.0646,0
1436756,-4.4402,-8.3083,2.6952,0.9800,0.1400,1.0500,0.0335,0.0048,0.0359,0
1436795,-4.4905,-8.2772,2.7575,0.7700,-0.5600,0.7700,0.0263,-0.0191,0.0263,0
1436834,-4.4929,-8.2317,2.7647,-0.7700,-0.9800,-0.4900,-0.0263,-0.0335,-0.0168,0
1436873,-4.3947,-8.2628,2.6402,-1.4000,-0.8400,-1.5400,-0.0479,-0.0287,-0.0527,0
1436912,-4.3612,-8.2796,2.6330,0.6300,-1.0500,-0.9100,0.0215,-0.0359,-0.0311,0
1436951,-4.3995,-8.3323,2.6617,0.8400,-0.3500,-0.8400,0.0287,-0.0120,-0.0287,0
1436990,-4.3995,-8.3035,2.6282,0.7700,-0.8400,0.2800,0.0263,-0.0287,0.0096,0
1437029,-4.3732,-8.3035,2.6474,0.3500,-1.3300,0.4200,0.0120,-0.0455,0.0144,0
1437068,-4.4139,-8.2700,2.6905,1.0500,-1.3300,0.9800,0.0359,-0.0455,0.0335,0
1437107,-4.4282,-8.2700,2.7575,0.5600,-1.5400,0.5600,0.0191,-0.0527,0.0191,0
1437146,-4.4067,-8.2796,2.7311,1.2600,-0.7700,0.2800,0.0431,-0.0263,0.0096,0
1437185,-4.4043,-8.2748,2.7168,1.7500,0.1400,0.5600,0.0598,0.0048,0.0191,0
1437224,-4.4234,-8.2700,2.7096,1.9600,-0.2100,0.7000,0.0670,-0.0072,0.0239,0
1437263,-4.4594,-8.2700,2.7551,1.2600,0.0000,0.1400,0.0431,0.0000,0.0048,0
1437302,-4.4665,-8.2772,2.7718,0.6300,-0.8400,0.0000,0.0215,-0.0287,0.0000,0
1437341,-4.4450,-8.2461,2.7287,-0.8400,-1.1200,-0.9800,-0.0287,-0.0383,-0.0335,0
1437380,-4.3923,-8.2605,2.6689,-1.1900,-1.3300,-1.1900,-0.0407,-0.0455,-0.0407,0
1437419,-4.3684,-8.2844,2.6737,-0.6300,-2.1000,-0.8400,-0.0215,-0.0718,-0.0287,0
1437458,-4.3804,-8.2748,2.7000,-2.8700,-3.0100,-0.8400,-0.0981,-0.1029,-0.0287,0
1437497,-4.3469,-8.3059,2.7024,-2.6600,-3.7100,-0.6300,-0.0910,-0.1269,-0.0215,0
1437536,-4.3421,-8.2868,2.6641,-1.2600,-2.7300,-0.1400,-0.0431,-0.0934,-0.0048,0
1437575,-4.3564,-8.2772,2.6881,1.1200,-1.4700,0.6300,0.0383,-0.0503,0.0215,0
1437614,-4.3732,-8.2676,2.7144,-0.2100,-0.7700,0.4900,-0.0072,-0.0263,0.0168,0
1437653,-4.3995,-8.2892,2.7623,1.8200,0.1400,0.4900,0.0622,0.0048,0.0168,0
1437692,-4.4258,-8.3011,2.7862,2.5900,0.4200,0.7000,0.0886,0.0144,0.0239,0
1437731,-4.4378,-8.2676,2.7958,2.8000,0.2800,0.7700,0.0957,0.0096,0.0263,0
1437770,-4.4354,-8.2581,2.7766,1.1200,0.2800,0.0700,0.0383,0.0096,0.0024,0
1437809,-4.4067,-8.2628,2.7527,0.0700,0.2100,-0.1400,0.0024,0.0072,-0.0048,0
1437848,-4.4043,-8.2724,2.7527,0.4900,0.0000,-0.2800,0.0168,0.0000,-0.0096,0
1437887,-4.3828,-8.2748,2.7551,1.0500,-0.6300,-0.2100,0.0359,-0.0215,-0.0072,0
1437926,-4.3947,-8.2748,2.7647,1.6100,-0.0700,-0.3500,0.0551,-0.0024,-0.0120,0
1437965,-4.3899,-8.2700,2.7647,2.3100,0.0000,0.0000,0.0790,0.0000,0.0000,0
1438004,-4.4234,-8.2724,2.7718,2.4500,0.4200,-0.2100,0.0838,0.0144,-0.0072,0
1438043,-4.4402,-8.2676,2.7862,1.5400,0.0700,-0.2100,0.0527,0.0024,-0.0072,0
1438082,-4.3995,-8.2509,2.7623,0.0000,-0.5600,-0.2800,0.0000,-0.0191,-0.0096,0
1438121,-4.3851,-8.2533,2.7670,-0.4200,-0.4900,-0.5600,-0.0144,-0.0168,-0.0191,0
1438160,-4.3875,-8.2796,2.7886,0.0700,0.0700,-0.2100,0.0024,0.0024,-0.0072,0
1438199,-4.4330,-8.2533,2.7958,1.0500,0.0700,0.4200,0.0359,0.0024,0.0144,0
1438238,-4.3660,-8.2581,2.7287,0.2100,-0.4900,-0.1400,0.0072,-0.0168,-0.0048,0
1438277,-4.4258,-8.2868,2.7862,0.2800,-0.2800,-0.3500,0.0096,-0.0096,-0.0120,0
1438316,-4.4091,-8.2437,2.8269,-0.1400,-0.2100,0.0700,-0.0048,-0.0072,0.0024,0
1438355,-4.4043,-8.2581,2.7599,0.0700,1.2600,-0.0700,0.0024,0.0431,-0.0024,0
1438394,-4.4234,-8.2485,2.7192,0.0700,0.2100,-0.1400,0.0024,0.0072,-0.0048,0
1438433,-4.3899,-8.2269,2.7240,-0.3500,-1.4000,-0.4200,-0.0120,-0.0479,-0.0144,0
1438472,-4.4282,-8.3059,2.8245,-1.4000,-0.9100,-1.0500,-0.0479,-0.0311,-0.0359,0
1438511,-4.4330,-8.2533,2.8389,-1.6100,0.0000,-0.3500,-0.0551,0.0000,-0.0120,0
1438550,-4.3588,-8.2652,2.7287,-0.5600,0.4900,-0.2800,-0.0191,0.0168,-0.0096,0
1438589,-4.3804,-8.3466,2.7240,-0.4200,1.4700,-1.0500,-0.0144,0.0503,-0.0359,0
1438628,-4.4139,-8.2461,2.7383,2.3800,0.1400,0.9800,0.0814,0.0048,0.0335,0
1438667,-4.3947,-8.2676,2.6809,0.6300,0.7700,0.0000,0.0215,0.0263,0.0000,0
1438706,-4.4067,-8.2437,2.7455,1.5400,-0.2800,0.4200,0.0527,-0.0096,0.0144,0
1438745,-4.4234,-8.2892,2.8053,2.3100,-0.0700,-0.2100,0.0790,-0.0024,-0.0072,0
1438784,-4.4641,-8.2581,2.7742,2.7300,1.3300,-0.0700,0.0934,0.0455,-0.0024,0
1438823,-4.4211,-8.3035,2.7862,2.4500,0.2800,0.2800,0.0838,0.0096,0.0096,0
1438862,-4.3851,-8.2437,2.7359,3.1500,1.1900,0.7700,0.1077,0.0407,0.0263,0
1438901,-4.3923,-8.2006,2.7527,3.9900,1.2600,1.1200,0.1364,0.0431,0.0383,0
1438940,-4.4115,-8.1958,2.7407,4.4100,1.4000,0.9100,0.1508,0.0479,0.0311,0
1438979,-4.4330,-8.2150,2.7766,3.7100,0.6300,0.7000,0.1269,0.0215,0.0239,0
1439018,-4.4953,-8.2150,2.8556,2.3800,-0.4200,0.6300,0.0814,-0.0144,0.0215,0
1439057,-4.5000,-8.2365,2.9011,0.9800,-0.6300,0.0000,0.0335,-0.0215,0.0000,0
1439096,-4.5216,-8.2269,2.9298,-0.4900,-0.7000,-0.2800,-0.0168,-0.0239,-0.0096,0
1439135,-4.4306,-8.1862,2.8006,-0.7700,-0.6300,-0.5600,-0.0263,-0.0215,-0.0191,0
1439174,-4.4306,-8.1743,2.8101,-0.4900,-0.8400,-0.9100,-0.0168,-0.0287,-0.0311,0
1439213,-4.4330,-8.2293,2.8389,-1.4000,-0.7000,-1.7500,-0.0479,-0.0239,-0.0598,0
1439252,-4.4139,-8.2413,2.8006,-0.9100,-0.8400,-1.2600,-0.0311,-0.0287,-0.0431,0
1439291,-4.3923,-8.2796,2.7862,-0.9800,-0.9800,-0.7000,-0.0335,-0.0335,-0.0239,0
1439330,-4.4402,-8.2245,2.8197,-0.4900,-1.4700,0.2100,-0.0168,-0.0503,0.0072,0
1439369,-4.4330,-8.2365,2.8245,-1.5400,-1.0500,0.1400,-0.0527,-0.0359,0.0048,0
1439408,-4.4115,-8.2317,2.8125,-0.7000,-1.4000,0.3500,-0.0239,-0.0479,0.0120,0
1439447,-4.4258,-8.2245,2.8269,-1.1200,-0.8400,0.0000,-0.0383,-0.0287,0.0000,0
1439486,-4.4091,-8.2341,2.8221,-0.0700,-0.4900,-0.1400,-0.0024,-0.0168,-0.0048,0
1439525,-4.4330,-8.2365,2.8221,1.4700,0.0700,0.2100,0.0503,0.0024,0.0072,0
1439564,-4.4258,-8.2269,2.8006,1.1200,0.1400,-0.2100,0.0383,0.0048,-0.0072,0
1439603,-4.4163,-8.2724,2.7862,0.9800,-0.0700,-0.4200,0.0335,-0.0024,-0.0144,0
1439642,-4.4378,-8.2557,2.8436,1.0500,0.0000,0.3500,0.0359,0.0000,0.0120,0
1439681,-4.4617,-8.2509,2.8532,0.7700,0.4200,0.4200,0.0263,0.0144,0.0144,0
1439720,-4.4522,-8.2413,2.8508,-0.5600,0.9100,-0.2100,-0.0191,0.0311,-0.0072,0
1439759,-4.3851,-8.2222,2.7790,0.4200,0.7000,-0.0700,0.0144,0.0239,-0.0024,0
1439798,-4.4019,-8.2198,2.7718,1.1900,1.6100,0.0000,0.0407,0.0551,0.0000,0
1439837,-4.4306,-8.2222,2.7958,2.2400,1.9600,0.4200,0.0766,0.0670,0.0144,0
1439876,-4.4546,-8.2198,2.8197,3.3600,2.3800,0.7700,0.1149,0.0814,0.0263,0
1439915,-4.4785,-8.2030,2.8173,2.0300,2.0300,0.1400,0.0694,0.0694,0.0048,0
1439954,-4.4905,-8.2413,2.8317,0.9100,1.4700,-0.4200,0.0311,0.0503,-0.0144,0
1439993,-4.4498,-8.2198,2.7934,0.9800,0.4200,0.2100,0.0335,0.0144,0.0072,0
1440032,-4.4713,-8.1958,2.8173,0.1400,0.1400,0.0700,0.0048,0.0048,0.0024,0
1440071,-4.4737,-8.1886,2.7982,-0.2100,0.0000,-0.2800,-0.0072,0.0000,-0.0096,0
1440110,-4.4426,-8.1958,2.7647,0.1400,0.2800,-0.4200,0.0048,0.0096,-0.0144,0
1440149,-4.4570,-8.2245,2.7599,0.2100,-0.1400,-0.3500,0.0072,-0.0048,-0.0120,0
1440188,-4.4881,-8.2437,2.8173,-0.0700,-0.2800,-0.4900,-0.0024,-0.0096,-0.0168,0
1440227,-4.4761,-8.2293,2.8173,-0.4900,-0.6300,-0.4200,-0.0168,-0.0215,-0.0144,0
1440266,-4.4546,-8.2269,2.8006,-0.7700,-0.3500,-0.4900,-0.0263,-0.0120,-0.0168,0
1440305,-4.4474,-8.2222,2.7838,-0.5600,-0.2800,-0.6300,-0.0191,-0.0096,-0.0215,0
1440344,-4.4330,-8.2245,2.7790,-0.0700,-0.2800,-0.2100,-0.0024,-0.0096,-0.0072,0
1440383,-4.4402,-8.2389,2.7814,0.7700,0.2100,0.0000,0.0263,0.0072,0.0000,0
1440422,-4.4570,-8.2341,2.7862,1.4000,0.0000,0.4900,0.0479,0.0000,0.0168,0
1440461,-4.4761,-8.2413,2.7862,1.1900,0.0000,0.1400,0.0407,0.0000,0.0048,0
1440500,-4.4953,-8.2389,2.8197,0.9100,-0.4200,0.2100,0.0311,-0.0144,0.0072,0
1440539,-4.4665,-8.2174,2.8149,0.0000,-0.4900,-0.1400,0.0000,-0.0168,-0.0048,0
1440578,-4.4641,-8.2245,2.7934,0.4200,-0.5600,0.0000,0.0144,-0.0191,0.0000,0
1440617,-4.4761,-8.2126,2.8173,0.3500,-0.6300,-0.1400,0.0120,-0.0215,-0.0048,0
1440656,-4.4450,-8.1910,2.7766,0.4900,-0.4200,0.0700,0.0168,-0.0144,0.0024,0
1440695,-4.4474,-8.2102,2.7551,0.8400,-0.0700,-0.2100,0.0287,-0.0024,-0.0072,0
1440734,-4.4665,-8.2317,2.7886,0.8400,-0.4900,-0.2100,0.0287,-0.0168,-0.0072,0
1440773,-4.4785,-8.2317,2.8077,0.6300,-0.7700,-0.2100,0.0215,-0.0263,-0.0072,0
1440812,-4.4761,-8.2269,2.8341,0.0000,-0.6300,-0.3500,0.0000,-0.0215,-0.0120,0
1440851,-4.4546,-8.2365,2.8245,-0.4900,0.2100,-0.2800,-0.0168,0.0072,-0.0096,0
1440890,-4.4522,-8.1743,2.8006,0.7700,1.1900,0.4200,0.0263,0.0407,0.0144,0
1440929,-4.4522,-8.2581,2.7790,4.4100,2.4500,0.3500,0.1508,0.0838,0.0120,0
1440968,-4.5144,-8.1647,2.8077,2.2400,1.0500,0.7000,0.0766,0.0359,0.0239,0
1441007,-4.4809,-8.1934,2.7718,0.7700,0.0000,-0.2800,0.0263,0.0000,-0.0096,0
1441046,-4.4833,-8.2174,2.7766,0.2100,-0.7000,-0.5600,0.0072,-0.0239,-0.0191,0
1441085,-4.5192,-8.2174,2.8508,-0.4900,-1.5400,-0.6300,-0.0168,-0.0527,-0.0215,0
1441124,-4.4761,-8.2293,2.8245,-1.8200,-1.8200,-0.8400,-0.0622,-0.0622,-0.0287,0
1441163,-4.4617,-8.2126,2.8006,-1.3300,-2.3800,-0.4900,-0.0455,-0.0814,-0.0168,0
1441202,-4.4617,-8.2126,2.8341,-1.6100,-2.1000,-0.9100,-0.0551,-0.0718,-0.0311,0
1441241,-4.4474,-8.2389,2.8197,-1.5400,-0.9100,-1.1200,-0.0527,-0.0311,-0.0383,0
1441280,-4.4330,-8.2317,2.7790,-0.3500,-0.7000,-0.6300,-0.0120,-0.0239,-0.0215,0
1441319,-4.4498,-8.2485,2.8724,-0.5600,-0.2800,-1.1200,-0.0191,-0.0096,-0.0383,0
1441358,-4.4498,-8.2892,2.8365,-0.6300,0.0700,-1.7500,-0.0215,0.0024,-0.0598,0
1441397,-4.3947,-8.2796,2.7383,0.7000,0.9100,-0.7700,0.0239,0.0311,-0.0263,0
1441436,-4.3875,-8.2341,2.7000,0.9100,0.9800,-0.0700,0.0311,0.0335,-0.0024,0
1441475,-4.3660,-8.2557,2.6905,1.1200,0.8400,0.0700,0.0383,0.0287,0.0024,0
1441514,-4.3947,-8.2293,2.7359,2.5900,0.7000,1.1900,0.0886,0.0239,0.0407,0
1441553,-4.4211,-8.2150,2.7838,3.9200,0.2800,1.4000,0.1340,0.0096,0.0479,0
1441592,-4.4426,-8.2006,2.7910,4.2700,0.6300,1.2600,0.1460,0.0215,0.0431,0
1441631,-4.4761,-8.2269,2.8365,4.2700,0.4900,0.9100,0.1460,0.0168,0.0311,0
1441670,-4.4809,-8.1886,2.8221,3.7100,-0.1400,1.1200,0.1269,-0.0048,0.0383,0
1441709,-4.4713,-8.2150,2.8053,2.5200,0.3500,1.1900,0.0862,0.0120,0.0407,0
1441748,-4.5192,-8.1503,2.9131,2.4500,-1.2600,2.6600,0.0838,-0.0431,0.0910,0
1441787,-4.4665,-8.2174,2.8724,-1.3300,0.0700,-1.5400,-0.0455,0.0024,-0.0527,0
1441826,-4.5790,-8.2820,2.9609,0.8400,-0.2800,-0.0700,0.0287,-0.0096,-0.0024,0
1441865,-4.5359,-8.1097,2.9681,-0.6300,-1.1900,0.4900,-0.0215,-0.0407,0.0168,0
1441904,-4.4641,-8.1599,2.8843,-0.9800,0.2100,-0.7700,-0.0335,0.0072,-0.0263,0
1441943,-4.4689,-8.1647,2.8436,-0.2800,0.9800,-0.9800,-0.0096,0.0335,-0.0335,0
1441982,-4.5048,-8.2030,2.8867,0.0000,1.7500,-0.2100,0.0000,0.0598,-0.0072,0
1442021,-4.4929,-8.1862,2.8604,2.1700,1.5400,0.2800,0.0742,0.0527,0.0096,0
1442060,-4.4953,-8.1767,2.8221,2.3800,1.2600,-0.0700,0.0814,0.0431,-0.0024,0
1442099,-4.4905,-8.1551,2.8245,0.4200,-0.0700,-0.2100,0.0144,-0.0024,-0.0072,0
1442138,-4.5168,-8.1719,2.8532,-0.3500,-0.5600,-0.5600,-0.0120,-0.0191,-0.0191,0
1442177,-4.5024,-8.1767,2.8508,-1.3300,-1.1200,-0.9800,-0.0455,-0.0383,-0.0335,0
1442216,-4.4713,-8.1623,2.8436,-1.2600,-1.1200,-0.9100,-0.0431,-0.0383,-0.0311,0
1442255,-4.4737,-8.2269,2.8604,-0.7700,-0.6300,-0.7700,-0.0263,-0.0215,-0.0263,0
1442294,-4.4713,-8.1958,2.8293,0.4200,-1.1200,0.2100,0.0144,-0.0383,0.0072,0
1442333,-4.4833,-8.1934,2.8700,0.4200,-0.7700,-0.0700,0.0144,-0.0263,-0.0024,0
1442372,-4.4953,-8.1958,2.8891,1.1900,-0.6300,0.2100,0.0407,-0.0215,0.0072,0
1442411,-4.4953,-8.1839,2.8532,0.9100,0.3500,0.2100,0.0311,0.0120,0.0072,0
1442450,-4.4737,-8.1695,2.8077,1.2600,0.1400,0.2800,0.0431,0.0048,0.0096,0
1442489,-4.4713,-8.1839,2.8389,0.7000,0.0000,-0.0700,0.0239,0.0000,-0.0024,0
1442528,-4.4857,-8.1982,2.8580,0.7700,-0.5600,0.0000,0.0263,-0.0191,0.0000,0
1442567,-4.5048,-8.2006,2.8819,0.7000,-0.4200,0.0700,0.0239,-0.0144,0.0024,0
1442606,-4.5000,-8.1839,2.8772,0.7000,-0.7000,0.1400,0.0239,-0.0239,0.0048,0
1442645,-4.4976,-8.1719,2.8748,0.4900,-0.3500,0.0000,0.0168,-0.0120,0.0000,0
1442684,-4.4785,-8.1695,2.8700,0.5600,-0.0700,0.0000,0.0191,-0.0024,0.0000,0
1442723,-4.4953,-8.1910,2.8795,0.5600,0.3500,-0.1400,0.0191,0.0120,-0.0048,0
1442762,-4.4833,-8.1791,2.8604,1.7500,0.2100,0.6300,0.0598,0.0072,0.0215,0
1442801,-4.5000,-8.1527,2.8604,1.6800,0.2100,0.4900,0.0574,0.0072,0.0168,0
1442840,-4.5144,-8.1791,2.8891,0.7000,0.2100,-0.0700,0.0239,0.0072,-0.0024,0
1442879,-4.5240,-8.1862,2.9107,0.9800,-0.7000,0.3500,0.0335,-0.0239,0.0120,0
1442918,-4.5336,-8.1503,2.9250,0.4900,-0.0700,0.1400,0.0168,-0.0024,0.0048,0
1442957,-4.5024,-8.1575,2.8772,0.1400,0.0000,-0.2800,0.0048,0.0000,-0.0096,0
1442996,-4.5048,-8.1575,2.8628,0.7700,-0.0700,-0.3500,0.0263,-0.0024,-0.0120,0
1443035,-4.5024,-8.1503,2.8556,0.6300,-0.4200,-0.2100,0.0215,-0.0144,-0.0072,0
1443074,-4.5048,-8.1719,2.8891,-17.7800,-1.0500,-0.8400,-0.6080,-0.0359,-0.0287,0
1443113,-4.5096,-8.2006,2.9083,-1.3300,-1.3300,-1.0500,-0.0455,-0.0455,-0.0359,0
1443152,-4.4737,-8.1815,2.8795,-1.2600,-1.3300,-0.7700,-0.0431,-0.0455,-0.0263,0
1443191,-4.4737,-8.1886,2.8867,-0.9800,-0.9800,-0.6300,-0.0335,-0.0335,-0.0215,0
1443230,-4.4737,-8.1791,2.8963,0.0700,-0.8400,-0.2800,0.0024,-0.0287,-0.0096,0
1443269,-4.4785,-8.1719,2.8819,0.4900,-0.3500,-0.2100,0.0168,-0.0120,-0.0072,0
1443308,-4.4857,-8.1934,2.8915,0.3500,0.3500,-0.3500,0.0120,0.0120,-0.0120,0
1443347,-4.4857,-8.2078,2.8867,0.2100,0.5600,-0.2100,0.0072,0.0191,-0.0072,0
1443386,-4.4617,-8.1910,2.8436,0.4900,0.7000,0.0700,0.0168,0.0239,0.0024,0
1443425,-4.4785,-8.1910,2.8389,-0.1400,0.7700,-0.2100,-0.0048,0.0263,-0.0072,0
1443464,-4.4737,-8.1910,2.8269,0.4900,-0.2100,0.3500,0.0168,-0.0072,0.0120,0
1443503,-4.4976,-8.1551,2.8795,0.3500,-0.0700,0.1400,0.0120,-0.0024,0.0048,0
1443542,-4.4713,-8.1623,2.8532,0.6300,0.2800,-0.0700,0.0215,0.0096,-0.0024,0
1443581,-4.4953,-8.1815,2.8460,0.5600,0.2100,-0.2100,0.0191,0.0072,-0.0072,0
1443620,-4.4953,-8.2006,2.8724,0.5600,-0.1400,-0.0700,0.0191,-0.0048,-0.0024,0
1443659,-4.5072,-8.1886,2.8604,0.3500,-0.2800,-0.0700,0.0120,-0.0096,-0.0024,0
1443698,-4.4857,-8.1982,2.8580,0.1400,-0.3500,0.0000,0.0048,-0.0120,0.0000,0
1443737,-4.4881,-8.1647,2.8532,-0.0700,-0.0700,-0.0700,-0.0024,-0.0024,-0.0024,0
1443776,-4.4881,-8.1623,2.8413,0.1400,-0.2100,-0.2800,0.0048,-0.0072,-0.0096,0
1443815,-4.4929,-8.1671,2.8436,0.0000,0.0000,-0.5600,0.0000,0.0000,-0.0191,0
1443854,-4.5072,-8.1910,2.8772,0.3500,-0.3500,-0.4200,0.0120,-0.0120,-0.0144,0
1443893,-4.4976,-8.2078,2.8628,0.1400,-0.3500,-0.3500,0.0048,-0.0120,-0.0120,0
1443932,-4.4976,-8.1982,2.8508,-0.0700,-0.3500,-0.2800,-0.0024,-0.0120,-0.0096,0
1443971,-4.4833,-8.2198,2.8676,-1.0500,0.0000,-0.3500,-0.0359,0.0000,-0.0120,0
1444010,-4.4665,-8.1934,2.8484,0.0000,0.2100,0.1400,0.0000,0.0072,0.0048,0
1444049,-4.4905,-8.1886,2.8628,0.4900,0.7000,0.1400,0.0168,0.0239,0.0048,0
1444088,-4.5024,-8.1767,2.8365,0.7700,1.1900,0.2800,0.0263,0.0407,0.0096,0
1444127,-4.4809,-8.1958,2.7982,0.9800,1.1900,0.1400,0.0335,0.0407,0.0048,0
1444166,-4.5024,-8.1910,2.7982,0.2800,0.9100,0.0700,0.0096,0.0311,0.0024,0
1444205,-4.5264,-8.1958,2.8532,0.0700,0.2100,0.0700,0.0024,0.0072,0.0024,0
1444244,-4.5192,-8.2102,2.8604,0.0000,0.0000,-0.0700,0.0000,0.0000,-0.0024,0
1444283,-4.5096,-8.1695,2.8101,0.2800,-0.0700,0.1400,0.0096,-0.0024,0.0048,0
1444322,-4.4881,-8.1958,2.8077,1.2600,0.3500,-0.1400,0.0431,0.0120,-0.0048,0
1444361,-4.5096,-8.1910,2.8341,0.7700,0.2800,0.1400,0.0263,0.0096,0.0048,0
1444400,-4.5096,-8.1719,2.8317,2.6600,0.7700,0.2100,0.0910,0.0263,0.0072,0
1444439,-4.5312,-8.1862,2.8365,1.4700,0.3500,0.0700,0.0503,0.0120,0.0024,0
1444478,-4.5288,-8.1719,2.8413,1.3300,0.0700,0.0700,0.0455,0.0024,0.0024,0
1444517,-4.5096,-8.1623,2.8053,0.5600,-0.1400,-0.2100,0.0191,-0.0048,-0.0072,0
1444556,-4.5096,-8.1695,2.8221,0.2100,-0.5600,-0.0700,0.0072,-0.0191,-0.0024,0
1444595,-4.5288,-8.1623,2.8700,0.1400,-0.9100,-0.2800,0.0048,-0.0311,-0.0096,0
1444634,-4.5048,-8.1671,2.8436,0.3500,-0.9100,-0.2800,0.0120,-0.0311,-0.0096,0
1444673,-4.5072,-8.1791,2.8293,0.2800,-0.4900,-0.6300,0.0096,-0.0168,-0.0215,0
1444712,-4.5024,-8.1671,2.8245,0.8400,-0.8400,0.0700,0.0287,-0.0287,0.0024,0
1444751,-4.5240,-8.1839,2.8580,0.1400,-0.6300,-0.2100,0.0048,-0.0215,-0.0072,0
1444790,-4.5240,-8.1791,2.8772,0.2800,-1.0500,-0.0700,0.0096,-0.0359,-0.0024,0
1444829,-4.5072,-8.1862,2.8819,0.0700,-0.9100,-0.2800,0.0024,-0.0311,-0.0096,0
1444868,-4.5048,-8.1862,2.8700,0.4900,-0.4900,0.0000,0.0168,-0.0168,0.0000,0
1444907,-4.5000,-8.1719,2.8676,0.7700,-0.0700,0.2100,0.0263,-0.0024,0.0072,0
1444946,-4.5144,-8.1647,2.8772,0.9800,0.1400,0.2100,0.0335,0.0048,0.0072,0
1444985,-4.5072,-8.1599,2.8508,0.7700,0.0700,0.0700,0.0263,0.0024,0.0024,0
1445024,-4.5144,-8.1839,2.8580,0.8400,0.1400,0.0000,0.0287,0.0048,0.0000,0
1445063,-4.5216,-8.1671,2.8676,0.7000,-0.0700,0.0000,0.0239,-0.0024,0.0000,0
1445102,-4.5216,-8.1695,2.8795,0.1400,0.0000,-0.1400,0.0048,0.0000,-0.0048,0
1445141,-4.5144,-8.1599,2.8413,0.4200,-0.5600,0.0000,0.0144,-0.0191,0.0000,0
1445180,-4.5024,-8.1599,2.8460,0.2800,-0.7700,-0.2100,0.0096,-0.0263,-0.0072,0
1445219,-4.5024,-8.1575,2.8532,0.2800,-0.7700,-0.3500,0.0096,-0.0263,-0.0120,0
1445258,-4.5192,-8.1575,2.8556,0.4900,-0.5600,-0.3500,0.0168,-0.0191,-0.0120,0
1445297,-4.5288,-8.1623,2.8580,-1.2600,-1.5400,-1.1200,-0.0431,-0.0527,-0.0383,0
1445336,-4.5048,-8.2030,2.8724,-2.6600,-2.4500,-1.5400,-0.0910,-0.0838,-0.0527,0
1445375,-4.5024,-8.2293,2.8939,-3.7800,-1.6100,-1.6100,-0.1293,-0.0551,-0.0551,0
1445414,-4.4402,-8.2293,2.8580,-1.3300,-1.0500,-0.3500,-0.0455,-0.0359,-0.0120,0
1445453,-4.4474,-8.1958,2.8030,0.0000,0.0000,0.0000,0.0000,0.0000,0.0000,0
1445492,-4.4450,-8.1743,2.8077,1.1900,0.0000,0.2800,0.0407,0.0000,0.0096,0
1445531,-4.5264,-8.2150,2.8532,-0.4200,0.9800,-0.4900,-0.0144,0.0335,-0.0168,0
1445570,-4.4617,-8.1647,2.7790,0.6300,-0.9800,0.4200,0.0215,-0.0335,0.0144,0
1445609,-4.4450,-8.2006,2.8389,-1.2600,0.3500,-1.0500,-0.0431,0.0120,-0.0359,0
1445648,-4.4809,-8.3011,2.9178,0.4200,1.1200,-0.2800,0.0144,0.0383,-0.0096,0
1445687,-4.4689,-8.2724,2.8628,3.9900,2.1700,1.6100,0.1364,0.0742,0.0551,0
1445726,-4.4043,-8.1336,2.7527,7.3500,2.9400,3.2200,0.2513,0.1005,0.1101,0
1445765,-4.5383,-8.0905,2.8006,6.0200,2.0300,2.3100,0.2059,0.0694,0.0790,0
1445804,-4.5982,-8.0714,2.8987,4.6200,0.6300,1.8200,0.1580,0.0215,0.0622,0
1445843,-4.5742,-8.0833,2.8795,2.1700,0.1400,0.8400,0.0742,0.0048,0.0287,0
1445882,-4.6006,-8.1288,2.9490,-0.3500,-0.7000,-0.8400,-0.0120,-0.0239,-0.0287,0
1445921,-4.6054,-8.1551,3.0136,-2.3100,-2.3800,-1.3300,-0.0790,-0.0814,-0.0455,0
1445960,-4.5695,-8.1527,2.9729,-2.8700,-2.3800,-1.4000,-0.0981,-0.0814,-0.0479,0
1445999,-4.5216,-8.1408,2.8843,-3.7100,-2.3100,-1.5400,-0.1269,-0.0790,-0.0527,0
1446038,-4.5096,-8.1503,2.8604,-4.1300,-2.7300,-1.8200,-0.1412,-0.0934,-0.0622,0
1446077,-4.4857,-8.1791,2.8772,-3.9900,-2.3800,-1.8200,-0.1364,-0.0814,-0.0622,0
1446116,-4.4785,-8.2174,2.8843,-1.6100,-1.1200,-1.1200,-0.0551,-0.0383,-0.0383,0
1446155,-4.4713,-8.2222,2.8819,0.1400,0.1400,-0.4900,0.0048,0.0048,-0.0168,0
1446194,-4.5072,-8.1910,2.8389,1.0500,0.9800,0.1400,0.0359,0.0335,0.0048,0
1446233,-4.5000,-8.1815,2.8221,0.5600,0.4900,0.0000,0.0191,0.0168,0.0000,0
1446272,-4.4809,-8.1910,2.8197,-0.2800,-0.2800,-0.2800,-0.0096,-0.0096,-0.0096,0
1446311,-4.4976,-8.1982,2.8724,0.2100,-0.4900,-0.0700,0.0072,-0.0168,-0.0024,0
1446350,-4.4737,-8.1719,2.8556,0.4900,-0.0700,-0.1400,0.0168,-0.0024,-0.0048,0
1446389,-4.4953,-8.2102,2.8532,1.9600,1.0500,-0.2800,0.0670,0.0359,-0.0096,0
1446428,-4.4785,-8.1743,2.8125,2.6600,0.4900,0.3500,0.0910,0.0168,0.0120,0
1446467,-4.4737,-8.1934,2.7862,1.0500,0.4900,0.0000,0.0359,0.0168,0.0000,0
1446506,-4.4929,-8.2054,2.8197,1.1200,-0.0700,0.2800,0.0383,-0.0024,0.0096,0
1446545,-4.4953,-8.1551,2.8221,0.9100,-0.7000,0.4200,0.0311,-0.0239,0.0144,0
1446584,-4.4905,-8.1623,2.8365,0.2100,-1.0500,-0.2100,0.0072,-0.0359,-0.0072,0
1446623,-4.5168,-8.1982,2.9011,-1.2600,-1.5400,-0.4200,-0.0431,-0.0527,-0.0144,0
1446662,-4.4905,-8.1862,2.8963,-0.0700,-1.1900,-0.2100,-0.0024,-0.0407,-0.0072,0
1446701,-4.5000,-8.2222,2.9155,-0.3500,0.0700,-0.4200,-0.0120,0.0024,-0.0144,0
1446740,-4.4905,-8.1839,2.8748,1.2600,0.5600,0.5600,0.0431,0.0191,0.0191,0
1446779,-4.4737,-8.1743,2.8460,2.8000,1.2600,0.7700,0.0957,0.0431,0.0263,0
1446818,-4.5144,-8.1719,2.8532,2.3800,1.8200,0.3500,0.0814,0.0622,0.0120,0
1446857,-4.5120,-8.1791,2.8580,2.5200,1.4000,0.6300,0.0862,0.0479,0.0215,0
1446896,-4.4809,-8.1623,2.8436,3.1500,0.8400,1.3300,0.1077,0.0287,0.0455,0
1446935,-4.5455,-8.1264,2.8915,2.8700,0.6300,1.2600,0.0981,0.0215,0.0431,0
1446974,-4.5527,-8.1144,2.9155,2.3100,0.0000,0.8400,0.0790,0.0000,0.0287,0
1447013,-4.5671,-8.1168,2.9202,1.6100,0.3500,0.0700,0.0551,0.0120,0.0024,0
1447052,-4.5647,-8.1312,2.8963,0.7700,-0.1400,-0.4200,0.0263,-0.0048,-0.0144,0
1447091,-4.5503,-8.1288,2.8963,-0.2800,-0.9100,-0.6300,-0.0096,-0.0311,-0.0215,0
1447130,-4.5407,-8.1551,2.9202,-0.4200,-1.4700,-0.7000,-0.0144,-0.0503,-0.0239,0
1447169,-4.5455,-8.1503,2.9514,-1.4700,-1.1200,-1.2600,-0.0503,-0.0383,-0.0431,0
1447208,-4.4953,-8.1456,2.8867,-0.9100,-1.2600,-0.9100,-0.0311,-0.0431,-0.0311,0
1447247,-4.4594,-8.1527,2.8508,-0.2100,-0.7000,-0.8400,-0.0072,-0.0239,-0.0287,0
1447286,-4.4905,-8.1599,2.8843,0.4900,-0.3500,-0.4200,0.0168,-0.0120,-0.0144,0
1447325,-4.4809,-8.1719,2.8676,0.9800,-0.7000,0.0700,0.0335,-0.0239,0.0024,0
1447364,-4.5168,-8.1599,2.8891,0.7700,-1.0500,0.2800,0.0263,-0.0359,0.0096,0
1447403,-4.5359,-8.1575,2.9561,-0.1400,-0.9800,-0.1400,-0.0048,-0.0335,-0.0048,0
1447442,-4.5407,-8.1480,2.9466,-0.3500,-1.2600,0.0000,-0.0120,-0.0431,0.0000,0
1447481,-4.5240,-8.1216,2.9155,-1.6800,-1.1900,-0.4900,-0.0574,-0.0407,-0.0168,0
1447520,-4.5072,-8.1647,2.9298,-0.4900,-0.4900,-0.5600,-0.0168,-0.0168,-0.0191,0
1447559,-4.4809,-8.1934,2.9155,0.7700,-0.2800,0.0000,0.0263,-0.0096,0.0000,0
1447598,-4.4953,-8.1575,2.9226,1.5400,0.4200,0.5600,0.0527,0.0144,0.0191,0
1447637,-4.4737,-8.1144,2.8724,2.6600,0.2100,0.9800,0.0910,0.0072,0.0335,0
1447676,-4.5431,-8.1623,2.9346,4.0600,0.8400,1.1900,0.1388,0.0287,0.0407,0
1447715,-4.4665,-8.1312,2.9011,1.4700,-1.5400,0.0700,0.0503,-0.0527,0.0024,0
1447754,-4.3133,-7.8823,2.9322,1.9600,-4.0600,-2.4500,0.0670,-0.1388,-0.0838,0
1447793,-4.8208,-8.2317,3.2338,7.7700,2.5900,-5.1800,0.2657,0.0886,-0.1771,0
1447832,-4.7083,-8.4855,3.0758,0.4900,0.6300,0.1400,0.0168,0.0215,0.0048,0
1447871,-4.4330,-7.5759,3.0974,8.4700,-8.4700,6.6500,0.2896,-0.2896,0.2274,0
1447910,-4.5982,-7.3916,2.9107,23.7300,3.8500,3.8500,0.8114,0.1317,0.1317,0
1447949,-4.6796,-7.8751,2.6091,18.1300,-23.4500,-5.1800,0.6200,-0.8019,-0.1771,0
1447988,-4.2415,-7.6740,2.4870,16.8000,-8.8900,-12.6000,0.5745,-0.3040,-0.4309,0
1448027,-3.6982,-8.6075,3.7724,4.2700,-13.6500,-14.7700,0.1460,-0.4668,-0.5051,0
1448066,-4.1410,-8.8182,3.7987,-24.0100,-33.7400,2.5200,-0.8210,-1.1537,0.0862,0
1448105,-4.2846,-8.6865,4.2320,-62.5800,-34.3000,32.0600,-2.1399,-1.1729,1.0963,0
1448144,-4.6437,-7.9445,4.0046,-62.7200,-49.0000,39.9700,-2.1447,-1.6755,1.3668,0
1448183,-5.2205,-8.4017,5.3761,5.8100,-24.0100,47.1100,0.1987,-0.8210,1.6109,0
1448222,-5.4024,-8.7823,6.1684,68.3200,18.4100,31.8500,2.3362,0.6295,1.0891,0
1448261,-6.0368,-8.8038,6.7668,84.0000,37.5200,27.8600,2.8724,1.2830,0.9527,0
1448300,-7.4538,-9.4453,8.0450,21.9100,21.4900,41.3700,0.7492,0.7348,1.4146,0
1448339,-9.7732,-9.6416,4.3684,-28.4900,24.9900,87.4300,-0.9742,0.8545,2.9897,0
1448378,-6.4628,-7.3628,7.0205,-65.8000,37.5200,46.5500,-2.2500,1.2830,1.5918,0
1448417,-8.3586,-6.7979,0.1484,-86.8700,26.4600,66.3600,-2.9705,0.9048,2.2692,0
1448456,-7.8679,-4.9117,0.9072,-83.2300,88.3400,86.2400,-2.8460,3.0208,2.9490,0
1448495,-6.8243,-5.1320,1.4290,6.3000,63.7000,88.2700,0.2154,2.1782,3.0184,0
1448534,-8.1886,-5.3594,1.2926,56.4900,43.9600,58.9400,1.9317,1.5032,2.0154,0
1448573,-7.4945,-4.5623,1.7833,46.9700,6.5100,32.7600,1.6061,0.2226,1.1202,0
1448612,-7.0277,-4.6748,2.6785,14.6300,10.9200,39.4100,0.5003,0.3734,1.3476,0
1448651,-8.0546,-5.1080,1.8168,14.0700,25.1300,27.5100,0.4811,0.8593,0.9407,0
1448690,-7.4011,-4.6963,2.6689,26.1100,46.3400,29.0500,0.8928,1.5846,0.9934,0
1448729,-6.9224,-4.4857,2.7024,28.7700,50.8200,48.7900,0.9838,1.7378,1.6684,0
1448768,-7.1618,-4.8711,1.9556,59.0100,32.5500,59.5000,2.0178,1.1130,2.0346,0
1448807,-7.0684,-4.9644,1.8910,75.2500,32.9000,42.8400,2.5732,1.1250,1.4649,0
1448846,-7.0565,-4.0764,1.6923,77.3500,62.0200,19.4600,2.6450,2.1208,0.6654,0
1448885,-7.1570,-3.6359,2.3936,65.9400,59.2200,40.0400,2.2548,2.0250,1.3692,0
1448924,-7.4921,-3.7245,1.1872,62.7200,33.8800,52.9900,2.1447,1.1585,1.8120,0
1448963,-7.5902,-3.3535,1.3572,88.5500,41.1600,40.3200,3.0280,1.4075,1.3787,0
1449002,-8.0498,-3.7772,1.1489,93.3800,41.9300,39.2000,3.1931,1.4338,1.3404,0
1449041,-8.3706,-3.6407,0.1987,85.7500,39.3400,31.8500,2.9322,1.3452,1.0891,0
1449080,-8.2174,-2.9514,0.0646,97.0200,39.6900,22.6800,3.3176,1.3572,0.7755,0
1449119,-9.0360,-2.6737,0.8785,108.9900,44.5900,25.7600,3.7269,1.5247,0.8809,0
1449158,-9.7924,-2.3170,0.2633,74.9700,1.4000,14.5600,2.5636,0.0479,0.4979,0
1449197,-9.5865,-1.0149,-0.5793,51.9400,-9.1000,-30.2400,1.7761,-0.3112,-1.0341,0
1449236,-9.7469,-0.6894,-0.2178,81.5500,6.5100,-17.6400,2.7886,0.2226,-0.6032,0
1449275,-10.0078,-1.2782,0.1460,96.6000,-1.6800,0.4200,3.3032,-0.0574,0.0144,0
1449314,-9.0121,-2.1088,0.7181,119.4200,18.3400,21.6300,4.0835,0.6271,0.7396,0
1449353,-9.1461,-3.1022,1.5870,80.7100,69.7200,42.0000,2.7599,2.3841,1.4362,0
1449392,-9.5458,-3.5593,2.2764,37.1000,100.3100,45.5700,1.2686,3.4301,1.5583,0
1449431,-9.4716,-2.9035,1.4410,-95.6900,65.5200,29.6800,-3.2721,2.2404,1.0149,0
1449470,-9.6296,-2.6641,0.1340,-6.4400,30.8000,1.6100,-0.2202,1.0532,0.0551,0
1449509,-8.8636,-1.1705,0.7684,28.9800,28.8400,-3.9900,0.9910,0.9862,-0.1364,0
1449548,-9.0049,-1.5415,0.6176,18.2000,11.1300,5.7400,0.6223,0.3806,0.1963,0
1449587,-9.6536,-3.5019,-1.7833,35.6300,25.7600,-7.6300,1.2184,0.8809,-0.2609,0
1449626,-9.0192,-1.9077,1.2184,37.6600,50.6800,-46.0600,1.2878,1.7330,-1.5750,0
1449665,-9.3974,-0.0407,0.1340,-69.5100,12.3200,-11.4100,-2.3769,0.4213,-0.3902,0
1449704,-10.9868,-0.1652,-1.6229,-35.8400,47.8100,43.2600,-1.2255,1.6349,1.4793,0
1449743,-10.8623,-2.0083,0.2657,90.7200,86.1700,-0.6300,3.1022,2.9466,-0.0215,0
1449782,-11.2693,-2.8436,1.7186,71.4000,122.8500,17.4300,2.4415,4.2008,0.5960,0
1449821,-9.9145,-4.8711,-1.4314,2.8700,77.2100,13.7200,0.0981,2.6402,0.4692,0
1449860,-9.0025,1.6085,-6.6615,-220.2200,-19.6000,-25.6200,-7.5304,-0.6702,-0.8761,0
1449899,-5.1439,-2.3841,3.4564,140.5600,-44.5900,-140.7700,4.8064,-1.5247,-4.8136,0
1449938,-15.5060,3.0399,-3.1381,-243.4600,-165.6200,-67.4100,-8.3251,-5.6634,-2.3051,0
1449977,-9.6942,-3.8705,-4.8758,191.8700,-140.1400,-68.9500,6.5610,-4.7921,-2.3577,0
1450016,-7.6285,-5.4024,-3.9854,16.5200,-97.6500,-21.4200,0.5649,-3.3391,-0.7325,0
1450055,-10.0437,-2.2524,-0.9407,-59.3600,-131.2500,-9.0300,-2.0298,-4.4881,-0.3088,0
1450094,-9.5410,-2.9131,0.7301,-75.7400,-114.9400,-98.2800,-2.5899,-3.9304,-3.3607,0
1450133,-7.0924,-0.4883,0.1293,-151.4800,-119.2100,-135.1000,-5.1798,-4.0764,-4.6197,0
1450172,-7.8248,-1.6803,-0.9383,-108.5000,75.9500,-18.3400,-3.7101,2.5971,-0.6271,0
1450211,-5.0123,-3.3272,2.2428,-0.9100,75.2500,-15.1200,-0.0311,2.5732,-0.5170,0
1450250,-4.1625,-2.7120,2.7479,-39.4100,7.0700,-7.9800,-1.3476,0.2418,-0.2729,0
1450289,-9.2323,-3.7460,3.2889,-142.3800,-75.1800,113.5400,-4.8687,-2.5708,3.8825,0
1450328,-15.3313,-6.4006,-0.4021,-220.3600,-174.9300,109.8300,-7.5352,-5.9817,3.7556,0
1450367,-11.7791,-3.7987,-0.8258,-33.1800,-115.2200,-70.6300,-1.1346,-3.9399,-2.4152,0
1450406,-12.9855,-2.2835,0.4955,7.7700,36.3300,48.3000,0.2657,1.2423,1.6516,0
1450445,-10.7546,0.1819,1.7976,-60.8300,-120.5400,208.5300,-2.0801,-4.1218,7.1307,0
1450484,-6.1684,0.3016,-5.1248,-384.5100,-120.5400,58.1700,-13.1483,-4.1218,1.9891,0
1450523,-7.8535,0.2753,-0.2729,28.1400,0.8400,23.1700,0.9622,0.0287,0.7923,0
1450562,-14.5055,-4.2439,0.0527,-103.2500,18.4100,50.6800,-3.5306,0.6295,1.7330,0
1450601,-11.3004,0.0981,-3.3439,63.1400,37.1700,-109.1300,2.1591,1.2710,-3.7317,0
1450640,-9.2395,3.8681,-1.2519,-172.2000,128.9400,-188.0200,-5.8884,4.4091,-6.4293,0
1450679,-10.8695,4.6867,-3.1596,29.8900,199.7100,-4.1300,1.0221,6.8291,-0.1412,0
1450718,-8.7559,-1.1274,3.8370,165.2700,166.3900,76.6500,5.6514,5.6897,2.6210,0
1450757,-7.7291,-3.8274,1.5894,39.7600,-32.1300,97.2300,1.3596,-1.0987,3.3248,0
1450796,-9.8594,-2.8053,-2.1327,-16.8700,-76.0900,81.3400,-0.5769,-2.6019,2.7814,0
1450835,-9.3017,-2.8556,-0.6343,80.0100,21.4200,48.0900,2.7359,0.7325,1.6444,0
1450874,-7.4370,-5.3019,-1.4410,79.3800,81.9000,35.4900,2.7144,2.8006,1.2136,0
1450913,-8.2341,-2.3841,0.4955,25.8300,86.6600,-18.9700,0.8833,2.9633,-0.6487,0
1450952,-9.0599,-3.8250,-2.3865,-9.0300,-31.3600,46.2000,-0.3088,-1.0724,1.5798,0
1450991,-13.5911,5.9889,-5.0817,-214.8300,-90.0200,42.8400,-7.3461,-3.0782,1.4649,0
1451030,-15.8076,-2.6905,-5.5437,380.7300,92.6800,-155.3300,13.0190,3.1692,-5.3115,0
1451069,-9.3256,-9.2610,-1.8287,543.2700,-86.0300,-32.0600,18.5770,-2.9418,-1.0963,0
1451108,-11.1615,-1.5678,-3.8394,-37.1700,-90.5100,57.2600,-1.2710,-3.0950,1.9580,0
1451147,-7.2695,-5.9650,-0.6391,127.3300,-29.1200,-18.2700,4.3540,-0.9958,-0.6247,0
1451186,-5.5532,-3.5713,2.2309,27.1600,29.4000,-16.4500,0.9287,1.0053,-0.5625,0
1451225,-7.1594,-3.3463,-0.0096,-22.1900,56.9800,-10.6400,-0.7588,1.9484,-0.3638,0
1451264,-6.5131,-0.8450,-0.1915,-96.6000,23.5200,-12.9500,-3.3032,0.8043,-0.4428,0
1451303,-6.4413,-2.5277,0.0574,-17.5700,38.9200,31.7100,-0.6008,1.3309,1.0843,0
1451342,-7.4418,-4.2224,-1.2447,10.5700,1.8900,58.3100,0.3614,0.0646,1.9939,0
1451381,-12.0759,-3.6312,-1.0676,23.0300,-9.8000,76.5800,0.7875,-0.3351,2.6186,0
1451420,-10.2400,-6.3384,-0.8234,60.2700,-120.5400,79.9400,2.0609,-4.1218,2.7335,0
1451459,-19.9701,-0.3279,-1.5295,-73.9900,-74.6900,-5.1800,-2.5301,-2.5540,-0.1771,0
1451498,-5.7998,-2.2596,-3.9351,9.9400,17.5700,-39.6900,0.3399,0.6008,-1.3572,0
1451537,-8.7583,-0.3902,2.0178,135.6600,75.1800,-39.0600,4.6389,2.5708,-1.3357,0
1451576,-12.3057,3.5354,-2.2740,-77.2800,-2.0300,19.9500,-2.6426,-0.0694,0.6822,0
1451615,-7.1690,1.9724,2.4918,51.3800,39.4800,48.6500,1.7569,1.3500,1.6636,0
1451654,-7.0110,1.8359,-1.4529,71.7500,-5.0400,80.5700,2.4535,-0.1723,2.7551,0
1451693,-9.0599,-0.4596,0.6032,60.2000,19.1800,67.9000,2.0585,0.6559,2.3218,0
1451732,-11.0826,0.6989,-0.7755,90.5100,17.2200,7.1400,3.0950,0.5888,0.2442,0
1451771,-9.8881,0.6463,0.9718,120.0500,86.7300,18.3400,4.1051,2.9657,0.6271,0
1451810,-9.0671,-1.4410,1.2614,121.4500,64.0500,25.4800,4.1530,2.1902,0.8713,0
1451849,-9.7996,-2.2285,0.5290,97.2300,7.9800,43.1200,3.3248,0.2729,1.4745,0
1451888,-11.2094,-0.9048,-0.8091,-54.9500,-11.4800,33.4600,-1.8790,-0.3926,1.1442,0
1451927,-11.6953,-0.7061,-1.2423,98.2100,49.7000,-8.0500,3.3583,1.6995,-0.2753,0
1451966,-9.7182,-0.4285,-0.4572,80.4300,40.3200,-5.0400,2.7503,1.3787,-0.1723,0
1452005,-9.8139,-1.6396,-0.0503,113.8900,57.9600,8.4000,3.8945,1.9819,0.2872,0
1452044,-9.0456,-3.6288,-0.5051,69.8600,82.8100,11.2700,2.3889,2.8317,0.3854,0
1452083,-9.0504,-3.1716,-1.6708,20.8600,75.7400,-14.8400,0.7133,2.5899,-0.5075,0
1452122,-11.9538,2.1232,-0.4644,-135.8000,-19.9500,-48.0900,-4.6437,-0.6822,-1.6444,0
1452161,-9.3663,1.6277,-2.6785,105.9800,6.2300,-158.4800,3.6240,0.2130,-5.4192,0
1452200,-9.4525,5.5006,-1.8216,30.4500,-59.4300,-96.6000,1.0412,-2.0322,-3.3032,0
1452239,-8.3897,-4.9117,-6.2283,28.6300,-91.7000,27.2300,0.9790,-3.1357,0.9311,0
1452278,-8.8038,-5.6011,-0.0383,238.9100,-45.8500,-25.1300,8.1695,-1.5678,-0.8593,0
1452317,-9.1700,-6.4963,-2.0825,-47.5300,-143.9900,-20.7200,-1.6253,-4.9237,-0.7085,0
1452356,-8.1001,-0.7899,-1.3021,-94.5000,-71.4700,-49.2800,-3.2314,-2.4439,-1.6851,0
1452395,-8.0905,-2.1447,-0.2896,-76.3000,1.4000,11.9000,-2.6091,0.0479,0.4069,0
1452434,-7.7745,-3.1093,0.8641,-11.1300,-11.4100,-13.3000,-0.3806,-0.3902,-0.4548,0
1452473,-5.9314,-2.3218,2.8389,-9.3100,-50.9600,-89.0400,-0.3184,-1.7426,-3.0447,0
1452512,-9.6918,-1.7162,2.0537,-126.1400,-66.6400,33.6700,-4.3133,-2.2787,1.1513,0
1452551,-15.1805,-3.3080,1.7545,-236.5300,-57.6800,195.1600,-8.0881,-1.9724,6.6735,0
1452590,-9.7373,-6.3025,-5.9434,4.6900,12.8100,5.4600,0.1604,0.4380,0.1867,0
1452629,-6.1110,-3.4062,8.7320,175.6300,181.9300,-109.3400,6.0056,6.2211,-3.7389,0
1452668,-16.0015,1.6396,5.7256,-152.1100,-153.7200,74.4800,-5.2014,-5.2564,2.5468,0
1452707,-15.8794,-2.2093,-8.3634,-179.9700,-367.6400,45.9900,-6.1540,-12.5714,1.5726,0
1452746,-8.0833,6.7405,0.7588,136.5700,106.8900,-101.5700,4.6700,3.6551,-3.4732,0
1452785,-9.1533,-1.2519,1.5128,57.4700,125.4400,52.2900,1.9652,4.2894,1.7880,0
1452824,-8.3275,2.1615,2.0657,-114.0300,10.9200,18.6200,-3.8992,0.3734,0.6367,0
1452863,-9.3879,-2.5301,-2.1758,-101.2900,3.2900,-13.4400,-3.4636,0.1125,-0.4596,0
1452902,-9.5147,2.7335,-4.8352,-149.4500,146.7900,-41.2300,-5.1104,5.0195,-1.4099,0
1452941,-10.0174,0.0287,0.2250,156.1700,280.3500,27.7200,5.3402,9.5865,0.9479,0
1452980,-7.5471,-3.7197,3.1285,84.2800,79.6600,48.7200,2.8819,2.7240,1.6660,0
1453019,-9.2323,-0.9646,1.3644,-164.4300,-110.8800,101.0800,-5.6227,-3.7915,3.4564,0
1453058,-10.8815,-1.5870,-3.7915,-127.1900,-164.5700,71.1200,-4.3492,-5.6274,2.4319,0
1453097,-11.0227,-1.0676,-3.5857,-33.9500,-20.5100,16.7300,-1.1609,-0.7013,0.5721,0
1453136,-10.3238,0.4141,-1.8287,-0.1400,60.4100,20.0900,-0.0048,2.0657,0.6870,0
1453175,-10.4219,0.1077,-0.1293,54.7400,48.5800,19.3900,1.8718,1.6612,0.6630,0
1453214,-10.1969,-0.3231,0.9958,44.3800,31.2900,33.6700,1.5176,1.0700,1.1513,0
1453253,-10.0317,-1.9604,-0.3279,-75.3200,-5.1100,-12.8800,-2.5756,-0.1747,-0.4404,0
1453292,-10.8695,4.4809,-2.1782,-9.2400,-3.5000,42.9100,-0.3160,-0.1197,1.4673,0
1453331,-10.7163,-2.4032,-4.9429,-12.7400,10.8500,-110.6000,-0.4356,0.3710,-3.7820,0
1453370,-6.2259,0.6271,0.5840,423.9200,-0.2800,-207.0600,14.4959,-0.0096,-7.0804,0
1453409,-11.2094,-3.9016,-4.0429,41.5800,-144.3400,-7.9800,1.4218,-4.9357,-0.2729,0
1453448,-11.8725,-4.9524,-2.7096,117.1100,-106.0500,-23.6600,4.0046,-3.6264,-0.8091,0
1453487,-9.4070,-5.1200,-1.6277,66.2900,-105.3500,-42.4900,2.2668,-3.6024,-1.4529,0
1453526,-8.1527,-2.6043,-0.2442,-61.8100,-39.5500,-26.3900,-2.1136,-1.3524,-0.9024,0
1453565,-7.7745,-3.6503,0.5290,-12.1100,0.0700,-3.5700,-0.4141,0.0024,-0.1221,0
1453604,-7.7267,-3.5546,0.6798,-53.2000,-16.6600,-9.8000,-1.8192,-0.5697,-0.3351,0
1453643,-7.2599,-2.9155,0.7396,-69.2300,-31.2900,-23.3800,-2.3673,-1.0700,-0.7995,0
1453682,-6.7812,-0.9311,1.9604,-62.3000,-37.5900,10.1500,-2.1303,-1.2854,0.3471,0
1453721,-10.8552,-2.7862,2.1232,-147.4200,-78.9600,106.2600,-5.0410,-2.7000,3.6335,0
1453760,-12.1549,-3.6551,-0.5601,-100.8000,-59.3600,70.8400,-3.4468,-2.0298,2.4224,0
1453799,-8.4328,-2.1447,-1.0460,-80.7100,45.2200,50.6100,-2.7599,1.5463,1.7306,0
1453838,-12.2291,-6.2881,1.3069,-48.1600,116.6200,-41.2300,-1.6468,3.9878,-1.4099,0
1453877,-16.1690,0.9455,4.6676,-45.9900,-120.6800,19.8100,-1.5726,-4.1266,0.6774,0
1453916,-16.1212,-5.2852,-15.6592,-139.7200,-152.7400,10.1500,-4.7777,-5.2229,0.3471,0
1453955,-8.2581,2.9705,0.0838,-270.9000,42.4900,5.6000,-9.2634,1.4529,0.1915,0
1453994,-8.2150,-1.0005,-1.5559,24.8500,41.4400,-66.2200,0.8497,1.4170,-2.2644,0
1454033,-9.3807,0.8545,3.7221,22.4000,53.3400,-95.3400,0.7660,1.8240,-3.2601,0
1454072,-8.0187,-1.8359,3.0303,-250.5300,-125.3700,-6.3700,-8.5668,-4.2870,-0.2178,0
1454111,-12.0161,3.4971,-7.5400,-393.3300,56.0000,85.2600,-13.4499,1.9149,2.9155,0
1454150,-10.2352,-1.6396,1.8024,136.7800,234.9200,4.2700,4.6772,8.0331,0.1460,0
1454189,-7.4658,-0.3758,2.9226,-22.1200,-3.6400,-9.2400,-0.7564,-0.1245,-0.3160,0
1454228,-9.5410,-0.5840,1.0580,-150.2900,-194.1100,37.4500,-5.1391,-6.6376,1.2806,0
1454267,-10.8791,-3.0040,-3.9974,-117.8800,-190.0500,24.1500,-4.0309,-6.4987,0.8258,0
1454306,-10.5583,-3.6934,-2.2620,2.8000,-22.9600,-30.9400,0.0957,-0.7851,-1.0580,0
1454345,-10.1323,-0.9958,-2.6593,-13.4400,21.6300,17.1500,-0.4596,0.7396,0.5864,0
1454384,-9.7110,0.4332,0.2082,-17.0100,2.7300,104.8600,-0.5817,0.0934,3.5857,0
1454423,-13.2560,-5.3594,-1.7641,224.6300,45.0800,-101.2900,7.6812,1.5415,-3.4636,0
1454462,-12.3919,3.0519,0.5529,-76.3700,-39.9000,-101.1500,-2.6115,-1.3644,-3.4588,0
1454501,-7.6836,1.4170,-0.6870,17.7800,-32.6200,-32.6200,0.6080,-1.1154,-1.1154,0
1454540,-6.5322,-1.0771,-2.0849,58.8700,12.1100,-29.1900,2.0131,0.4141,-0.9981,0
1454579,-8.4735,-2.5468,-0.2896,33.1100,-28.7700,-32.4800,1.1322,-0.9838,-1.1106,0
1454618,-12.9735,-4.9812,-3.6886,-26.8100,-67.4800,1.1900,-0.9168,-2.3075,0.0407,0
1454657,-8.9426,-3.0926,0.5984,91.2800,18.6200,-6.2300,3.1213,0.6367,-0.2130,0
1454696,-8.2844,-3.9423,0.4979,17.1500,13.1600,-8.8200,0.5864,0.4500,-0.3016,0
1454735,-7.0684,-3.8107,1.2614,-51.5900,34.3700,-2.1000,-1.7641,1.1753,-0.0718,0
1454774,-6.6735,-3.2530,2.8652,-54.0400,16.3800,-21.2100,-1.8479,0.5601,-0.7253,0
1454813,-9.4525,-2.8149,0.5888,-116.6900,-43.8200,33.2500,-3.9902,-1.4984,1.1370,0
1454852,-12.1453,-5.8884,-3.3104,-99.4700,-54.8100,52.2900,-3.4014,-1.8742,1.7880,0
1454891,-8.7942,2.1375,0.3997,-182.2800,-19.9500,14.6300,-6.2330,-0.6822,0.5003,0
1454930,-8.9618,-1.4697,0.0598,-160.7200,2.5200,49.9800,-5.4958,0.0862,1.7091,0
1454969,-14.4576,-4.8328,-2.3458,-21.5600,71.4000,-21.3500,-0.7372,2.4415,-0.7301,0
1455008,-10.8982,-3.7006,-3.2434,-71.6800,-79.3100,-144.1300,-2.4511,-2.7120,-4.9285,0
1455047,-8.8206,0.4739,0.6702,-88.2000,-143.8500,-77.7700,-3.0160,-4.9189,-2.6593,0
1455086,-10.2065,0.8737,-3.0088,-190.4000,-25.7600,91.2800,-6.5107,-0.8809,3.1213,0
1455125,-9.4932,-4.2320,-0.2130,-48.3700,10.9900,106.8200,-1.6540,0.3758,3.6527,0
1455164,-9.8020,0.6630,-0.3399,-203.5600,16.4500,18.7600,-6.9607,0.5625,0.6415,0
1455203,-9.5865,0.6056,-1.7450,-48.2300,51.3800,16.0300,-1.6492,1.7569,0.5481,0
1455242,-9.3591,-0.8928,0.8593,24.7800,66.5700,2.2400,0.8473,2.2764,0.0766,0
1455281,-9.0599,-1.3835,0.8378,-20.1600,-50.1200,-19.6000,-0.6894,-1.7138,-0.6702,0
1455320,-10.1849,-0.2920,-1.1442,-42.1400,-75.5300,-0.7000,-1.4410,-2.5827,-0.0239,0
1455359,-9.9887,-2.0131,-0.2920,8.6100,-18.4100,53.4800,0.2944,-0.6295,1.8287,0
1455398,-10.0964,-3.2386,-1.0053,13.3700,17.2900,41.6500,0.4572,0.5912,1.4242,0
1455437,-9.1509,-0.9862,0.2896,-50.4700,15.7500,14.4200,-1.7258,0.5386,0.4931,0
1455476,-9.6847,-1.8072,-1.4386,-68.8800,-11.7600,-0.9100,-2.3553,-0.4021,-0.0311,0
1455515,-9.5817,-0.5434,-0.7013,-31.5700,-21.0000,-14.4900,-1.0795,-0.7181,-0.4955,0
1455554,-9.5722,0.1077,-0.3399,-41.0900,-30.6600,-14.9800,-1.4051,-1.0484,-0.5122,0
1455593,-10.1059,0.0670,-1.5583,-40.1800,-30.3800,11.2000,-1.3739,-1.0388,0.3830,0
1455632,-9.7230,-1.4266,-0.2585,9.7300,-1.6800,12.2500,0.3327,-0.0574,0.4189,0
1455671,-9.7756,-1.1011,-0.5745,-51.4500,-12.0400,4.2700,-1.7593,-0.4117,0.1460,0
1455710,-9.7469,-1.1968,-0.8785,-37.4500,-3.8500,7.0000,-1.2806,-0.1317,0.2394,0
1455749,-9.9911,-0.6822,-0.8976,-62.6500,9.9400,17.1500,-2.1423,0.3399,0.5864,0
1455788,-9.9145,-0.7779,-0.7708,-22.0500,14.5600,-7.4200,-0.7540,0.4979,-0.2537,0
1455827,-9.6416,-0.3471,-0.8282,-8.7500,3.5000,-38.5000,-0.2992,0.1197,-1.3165,0
1455866,-9.6727,-0.0981,-0.9024,-3.6400,-10.1500,-31.5000,-0.1245,-0.3471,-1.0771,0
1455905,-9.5793,-0.9359,-0.5218,10.5700,3.8500,7.9800,0.3614,0.1317,0.2729,0
1455944,-9.7828,-1.7593,-0.5338,-16.0300,-4.1300,17.9200,-0.5481,-0.1412,0.6128,0
1455983,-9.8403,-1.3692,-0.6200,-8.0500,-5.1100,4.9000,-0.2753,-0.1747,0.1676,0
1456022,-9.6751,-1.7402,-0.7660,0.7000,2.5200,-1.6100,0.0239,0.0862,-0.0551,0
1456061,-9.6703,-1.2902,-0.6487,-15.5400,-1.8900,-8.2600,-0.5314,-0.0646,-0.2824,0
1456100,-9.7397,-0.5912,-0.7133,-8.4000,-4.3400,-6.7200,-0.2872,-0.1484,-0.2298,0
1456139,-9.7732,-0.7612,-0.7013,-4.3400,-9.8000,13.8600,-0.1484,-0.3351,0.4739,0
1456178,-9.7517,-0.6200,-0.6918,-6.0900,-12.8800,23.5200,-0.2082,-0.4404,0.8043,0
1456217,-9.6990,-0.8617,-0.5936,15.4000,-11.2000,26.5300,0.5266,-0.3830,0.9072,0
1456256,-9.8355,-0.9958,-0.5912,5.8100,-12.3900,24.2900,0.1987,-0.4237,0.8306,0
1456295,-9.9312,-1.0053,-0.4811,22.7500,4.3400,0.5600,0.7779,0.1484,0.0191,0
1456334,-9.6009,-1.0460,-0.2274,16.5900,2.5200,-3.7100,0.5673,0.0862,-0.1269,0
1456373,-9.8857,-0.4955,-0.3399,1.6800,-2.9400,3.6400,0.0574,-0.1005,0.1245,0
1456412,-9.6942,-1.1011,-0.4620,7.2800,7.4200,9.0300,0.2489,0.2537,0.3088,0
1456451,-9.8187,-0.9287,-0.4261,-8.5400,7.0000,6.2300,-0.2920,0.2394,0.2130,0
1456490,-9.8498,-0.4356,-0.5481,-1.2600,6.2300,-7.4900,-0.0431,0.2130,-0.2561,0
1456529,-9.6775,-0.8473,-0.5290,15.5400,7.0700,-13.7200,0.5314,0.2418,-0.4692,0
1456568,-9.7493,-0.7708,-0.6200,0.9800,-2.8000,-17.8500,0.0335,-0.0957,-0.6104,0
1456607,-9.7397,-0.6535,-0.5434,11.0600,-2.8700,-14.5600,0.3782,-0.0981,-0.4979,0
1456646,-9.5387,-1.2136,-0.5146,4.8300,-2.3800,-0.2800,0.1652,-0.0814,-0.0096,0
1456685,-9.9719,-0.9479,-0.6415,-17.4300,-3.7800,6.0900,-0.5960,-0.1293,0.2082,0
1456724,-9.8211,-1.0005,-0.7133,-0.7000,4.0600,-6.3000,-0.0239,0.1388,-0.2154,0
1456763,-9.6942,-1.0460,-0.7492,7.4200,15.2600,-18.6200,0.2537,0.5218,-0.6367,0
1456802,-9.6488,-0.7109,-0.6152,-7.4900,0.7000,-3.0800,-0.2561,0.0239,-0.1053,0
1456841,-9.8115,-0.8354,-0.6391,-2.9400,-2.4500,8.6100,-0.1005,-0.0838,0.2944,0
1456880,-9.5363,-1.1992,-0.7085,1.2600,-6.7900,9.8700,0.0431,-0.2322,0.3375,0
1456919,-9.9288,-0.8833,-0.8785,-10.2200,-8.7500,9.8700,-0.3495,-0.2992,0.3375,0
1456958,-9.7182,-0.8354,-0.5170,3.7100,-3.8500,13.0200,0.1269,-0.1317,0.4452,0
1456997,-9.6775,-1.2423,-0.7133,4.0600,-4.9700,4.4100,0.1388,-0.1699,0.1508,0
1457036,-9.8235,-0.4548,-0.7037,-1.8900,-4.4800,-6.0900,-0.0646,-0.1532,-0.2082,0
1457075,-9.7254,-0.5936,-0.5098,8.4700,4.8300,6.1600,0.2896,0.1652,0.2106,0
1457114,-9.7493,-0.8665,-0.5075,-1.3300,3.6400,18.9000,-0.0455,0.1245,0.6463,0
1457153,-9.8666,-0.4883,-0.5481,-4.5500,-2.7300,10.6400,-0.1556,-0.0934,0.3638,0
1457192,-9.6871,-0.8306,-0.6295,16.6600,2.0300,0.1400,0.5697,0.0694,0.0048,0
1457231,-9.7661,-0.7684,-0.5266,0.2100,0.8400,-1.6800,0.0072,0.0287,-0.0574,0
1457270,-9.7948,-0.9335,-0.6271,4.3400,4.2000,0.7000,0.1484,0.1436,0.0239,0
1457309,-9.6440,-0.5912,-0.4620,4.1300,3.1500,-8.4000,0.1412,0.1077,-0.2872,0
1457348,-9.8067,-0.5912,-0.6535,4.1300,-3.5700,-4.4800,0.1412,-0.1221,-0.1532,0
1457387,-9.7014,-0.8545,-0.5936,0.3500,-1.5400,-1.2600,0.0120,-0.0527,-0.0431,0
1457426,-9.7589,-0.9287,-0.6606,4.6900,4.2000,-6.7200,0.1604,0.1436,-0.2298,0
1457465,-9.8450,-0.7277,-0.6989,-0.8400,2.0300,-6.0900,-0.0287,0.0694,-0.2082,0
1457504,-9.7325,-0.8593,-0.6319,-2.1000,2.4500,1.6800,-0.0718,0.0838,0.0574,0
1457543,-9.6942,-1.1298,-0.5170,0.4900,7.9100,0.3500,0.0168,0.2705,0.0120,0
1457582,-9.7804,-0.8952,-0.6535,-6.5800,1.2600,-3.9200,-0.2250,0.0431,-0.1340,0
1457621,-9.6440,-0.6032,-0.7612,-5.8800,-5.4600,-1.3300,-0.2011,-0.1867,-0.0455,0
1457660,-9.7589,-0.7923,-0.7564,-4.0600,-4.4800,4.0600,-0.1388,-0.1532,0.1388,0
1457699,-9.7134,-0.7564,-0.7468,2.9400,-4.1300,-3.5000,0.1005,-0.1412,-0.1197,0
1457738,-9.6344,-0.7372,-0.5769,1.9600,-5.8800,1.7500,0.0670,-0.2011,0.0598,0
1457777,-9.8498,-0.7013,-0.8545,-9.3100,-2.2400,13.7900,-0.3184,-0.0766,0.4715,0
1457816,-9.7996,-0.7995,-0.7013,1.1200,2.7300,8.1900,0.0383,0.0934,0.2801,0
1457855,-9.7613,-0.6008,-0.6750,9.6600,4.3400,-7.6300,0.3303,0.1484,-0.2609,0
1457894,-9.6966,-0.5912,-0.8497,9.5900,0.7000,-5.4600,0.3279,0.0239,-0.1867,0
1457933,-9.6559,-0.8282,-0.3950,10.2900,3.5000,4.1300,0.3519,0.1197,0.1412,0
1457972,-9.8762,-0.8737,-0.6391,-4.8300,-2.1000,10.6400,-0.1652,-0.0718,0.3638,0
1458011,-9.7349,-0.8545,-0.7612,0.7000,1.2600,5.8100,0.0239,0.0431,0.1987,0
1458050,-9.7278,-0.7013,-0.5864,1.4000,8.4000,-1.7500,0.0479,0.2872,-0.0598,0
1458089,-9.7469,-0.7540,-0.5960,4.6200,2.6600,-6.5800,0.1580,0.0910,-0.2250,0
1458128,-9.7756,-0.7037,-0.6391,1.0500,-9.9400,-8.6800,0.0359,-0.3399,-0.2968,0
1458167,-9.7541,-0.7325,-0.7061,2.2400,-1.9600,-0.1400,0.0766,-0.0670,-0.0048,0
1458206,-9.8259,-0.8713,-0.7229,-8.1200,-0.5600,9.8000,-0.2777,-0.0191,0.3351,0
1458245,-9.8067,-0.7420,-0.7133,-3.9200,-0.4900,3.5000,-0.1340,-0.0168,0.1197,0
1458284,-9.6799,-0.8521,-0.6726,6.4400,3.2200,-7.6300,0.2202,0.1101,-0.2609,0
1458323,-9.7541,-0.7061,-0.6128,-1.8900,0.0700,-7.6300,-0.0646,0.0024,-0.2609,0
1458362,-9.8618,-0.5936,-0.7684,-6.5100,-0.9100,-4.8300,-0.2226,-0.0311,-0.1652,0
1458401,-9.6751,-0.9239,-0.6535,5.8800,5.6000,0.9100,0.2011,0.1915,0.0311,0
1458440,-9.7014,-0.9048,-0.6367,-10.5700,1.3300,7.9100,-0.3614,0.0455,0.2705,0
1458479,-9.7373,-0.7109,-0.7181,-10.6400,-5.1800,5.9500,-0.3638,-0.1771,0.2035,0
1458518,-9.7254,-0.8354,-0.7348,-1.8200,-4.9700,-2.4500,-0.0622,-0.1699,-0.0838,0
1458557,-9.8355,-0.7205,-0.6942,-5.8100,-4.6200,-2.8700,-0.1987,-0.1580,-0.0981,0
1458596,-9.7134,-0.6798,-0.6271,0.7700,-2.3800,-3.0100,0.0263,-0.0814,-0.1029,0
1458635,-9.6751,-0.7372,-0.6606,-1.1200,-0.2100,0.6300,-0.0383,-0.0072,0.0215,0
1458674,-9.8067,-0.6176,-0.7205,-10.9900,0.6300,8.0500,-0.3758,0.0215,0.2753,0
1458713,-9.7948,-0.8162,-0.7253,-0.9100,1.8900,6.4400,-0.0311,0.0646,0.2202,0
1458752,-9.7900,-0.8138,-0.6942,0.3500,1.6800,-4.1300,0.0120,0.0574,-0.1412,0
1458791,-9.7206,-0.6223,-0.6104,5.3900,1.4700,-8.5400,0.1843,0.0503,-0.2920,0
1458830,-9.7541,-0.7085,-0.6295,-0.2100,2.1700,-0.3500,-0.0072,0.0742,-0.0120,0
1458869,-9.7278,-0.8497,-0.6104,-0.6300,1.1200,3.2900,-0.0215,0.0383,0.1125,0
1458908,-9.7062,-0.7588,-0.6343,-3.3600,-1.6100,2.7300,-0.1149,-0.0551,0.0934,0
1458947,-9.7349,-0.7827,-0.5817,-2.3100,-2.5900,0.9100,-0.0790,-0.0886,0.0311,0
1458986,-9.7972,-0.7181,-0.7875,-3.0800,-3.9200,-3.4300,-0.1053,-0.1340,-0.1173,0
1459025,-9.6751,-0.8593,-0.5457,4.9700,-0.3500,-6.1600,0.1699,-0.0120,-0.2106,0
1459064,-9.8809,-0.5505,-0.8043,-10.1500,-4.1300,0.1400,-0.3471,-0.1412,0.0048,0
1459103,-9.7134,-0.8043,-0.5912,8.4700,2.5900,1.6800,0.2896,0.0886,0.0574,0
1459142,-9.7469,-0.9120,-0.6439,-1.4000,3.0100,3.4300,-0.0479,0.1029,0.1173,0
1459181,-9.7062,-0.7516,-0.6487,-4.9000,-1.6100,2.1000,-0.1676,-0.0551,0.0718,0
1459220,-9.7948,-0.7301,-0.5912,0.4200,2.4500,0.0700,0.0144,0.0838,0.0024,0
1459259,-9.7254,-0.9263,-0.7085,-0.0700,0.4900,-0.7700,-0.0024,0.0168,-0.0263,0
1459298,-9.7086,-0.6918,-0.6223,1.4700,-2.9400,-7.4900,0.0503,-0.1005,-0.2561,0
1459337,-9.7469,-0.6295,-0.5769,0.1400,-2.4500,-0.6300,0.0048,-0.0838,-0.0215,0
1459376,-9.7493,-0.6606,-0.7708,-6.9300,-6.7200,5.3200,-0.2370,-0.2298,0.1819,0
1459415,-9.7254,-0.8641,-0.6391,6.8600,1.8200,1.8200,0.2346,0.0622,0.0622,0
1459454,-9.7565,-0.9790,-0.6008,-7.1400,-2.1700,1.0500,-0.2442,-0.0742,0.0359,0
1459493,-9.7972,-0.7875,-0.7420,1.0500,1.1900,-0.4200,0.0359,0.0407,-0.0144,0
1459532,-9.7038,-0.7420,-0.6367,-0.8400,2.9400,-4.2000,-0.0287,0.1005,-0.1436,0
1459571,-9.7517,-0.6271,-0.7564,2.1700,-0.4200,-5.1100,0.0742,-0.0144,-0.1747,0
1459610,-9.6512,-0.7253,-0.5098,3.0100,0.6300,1.2600,0.1029,0.0215,0.0431,0
1459649,-9.8211,-0.8091,-0.6176,-6.7900,-4.9000,7.9800,-0.2322,-0.1676,0.2729,0
1459688,-9.8187,-0.7971,-0.7636,-1.4000,-2.9400,2.4500,-0.0479,-0.1005,0.0838,0
1459727,-9.7230,-0.8545,-0.6223,3.9200,2.4500,-4.4100,0.1340,0.0838,-0.1508,0
1459766,-9.7517,-0.6439,-0.6104,0.8400,1.3300,-5.5300,0.0287,0.0455,-0.1891,0
1459805,-9.7684,-0.7612,-0.6176,-0.5600,-1.2600,-1.0500,-0.0191,-0.0431,-0.0359,0
1459844,-9.7373,-0.7205,-0.6798,0.1400,-0.4200,-2.1700,0.0048,-0.0144,-0.0742,0
1459883,-9.7517,-0.7277,-0.6439,-15.1900,1.4000,5.2500,-0.5194,0.0479,0.1795,0
1459922,-9.7373,-0.8426,-0.5625,-1.6800,-0.2100,2.6600,-0.0574,-0.0072,0.0910,0
1459961,-9.7756,-0.8330,-0.7325,-0.0700,-0.2800,-1.4700,-0.0024,-0.0096,-0.0503,0
1460000,-9.7158,-0.7157,-0.6223,2.6600,1.4700,-5.3200,0.0910,0.0503,-0.1819,0
1460039,-9.7254,-0.6583,-0.6343,3.0800,-0.7000,-3.7100,0.1053,-0.0239,-0.1269,0
1460078,-9.7684,-0.6702,-0.6056,0.9100,-2.7300,1.1900,0.0311,-0.0934,0.0407,0
1460117,-9.7373,-0.8665,-0.6343,1.3300,-3.1500,4.4100,0.0455,-0.1077,0.1508,0
1460156,-9.7397,-0.8785,-0.6583,0.4900,-0.9800,3.9900,0.0168,-0.0335,0.1364,0
1460195,-9.7708,-0.8330,-0.6846,-2.5200,1.4700,2.8000,-0.0862,0.0503,0.0957,0
1460234,-9.7469,-0.7301,-0.5242,0.7700,5.3200,-0.4900,0.0263,0.1819,-0.0168,0
1460273,-9.7373,-0.8761,-0.6822,2.3800,0.5600,-3.5700,0.0814,0.0191,-0.1221,0
1460312,-9.6966,-0.6702,-0.5769,-0.4200,-0.9800,-1.5400,-0.0144,-0.0335,-0.0527,0
1460351,-9.7708,-0.6774,-0.6726,-4.9700,-5.0400,5.6700,-0.1699,-0.1723,0.1939,0
1460390,-9.7182,-0.8306,-0.6463,3.5000,-4.4800,1.3300,0.1197,-0.1532,0.0455,0
1460429,-9.8020,-0.7588,-0.6798,-3.7800,-2.6600,-0.3500,-0.1293,-0.0910,-0.0120,0
1460468,-9.7469,-0.7061,-0.5362,0.4200,1.5400,-1.6100,0.0144,0.0527,-0.0551,0
1460507,-9.7972,-0.6583,-0.7109,-1.6800,2.3100,-4.5500,-0.0574,0.0790,-0.1556,0
1460546,-9.7038,-0.6271,-0.5266,1.8200,3.9200,-0.9800,0.0622,0.1340,-0.0335,0
1460585,-9.7613,-0.8402,-0.6247,-4.9000,-0.9100,1.4700,-0.1676,-0.0311,0.0503,0
1460624,-9.7469,-0.6223,-0.7636,-1.5400,-2.3800,-2.7300,-0.0527,-0.0814,-0.0934,0
1460663,-9.7900,-0.6918,-0.6343,2.2400,-2.3800,-2.8000,0.0766,-0.0814,-0.0957,0
1460702,-9.7732,-0.7564,-0.6606,1.1900,-1.9600,-1.8200,0.0407,-0.0670,-0.0622,0
1460741,-9.7876,-0.8234,-0.6870,4.0600,-0.3500,-4.5500,0.1388,-0.0120,-0.1556,0
1460780,-9.7301,-0.6702,-0.5194,1.9600,4.3400,2.0300,0.0670,0.1484,0.0694,0
1460819,-9.8020,-0.8114,-0.6822,-4.6900,2.7300,2.3100,-0.1604,0.0934,0.0790,0
1460858,-9.7278,-0.8019,-0.6271,5.6700,5.3900,-1.1900,0.1939,0.1843,-0.0407,0
1460897,-9.6512,-0.9527,-0.4787,0.9800,3.4300,1.0500,0.0335,0.1173,0.0359,0
1460936,-9.7325,-0.6965,-0.6702,-6.6500,-3.8500,3.1500,-0.2274,-0.1317,0.1077,0
1460975,-9.7301,-0.8306,-0.5673,-0.5600,-5.8100,2.9400,-0.0191,-0.1987,0.1005,0
1461014,-9.8139,-0.5864,-0.7564,-4.0600,-11.2700,-2.1700,-0.1388,-0.3854,-0.0742,0
1461053,-9.7038,-0.6535,-0.6535,7.3500,-3.1500,-2.4500,0.2513,-0.1077,-0.0838,0
1461092,-9.8067,-0.7875,-0.5146,0.3500,-0.6300,1.8200,0.0120,-0.0215,0.0622,0
1461131,-9.8187,-0.7779,-0.5745,-1.9600,2.6600,7.5600,-0.0670,0.0910,0.2585,0
1461170,-9.7469,-0.8785,-0.6080,-2.2400,4.9000,5.1800,-0.0766,0.1676,0.1771,0
1461209,-9.7972,-0.6942,-0.6654,1.4700,6.3700,-1.4700,0.0503,0.2178,-0.0503,0
1461248,-9.6775,-0.8210,-0.4596,1.3300,2.4500,-0.0700,0.0455,0.0838,-0.0024,0
1461287,-9.7661,-0.6511,-0.6391,-4.4800,-6.7900,-2.2400,-0.1532,-0.2322,-0.0766,0
1461326,-9.7876,-0.5649,-0.7277,-1.9600,-8.1900,-2.6600,-0.0670,-0.2801,-0.0910,0
1461365,-9.7134,-0.7731,-0.6200,3.7100,-2.3100,-1.3300,0.1269,-0.0790,-0.0455,0
1461404,-9.7589,-0.7540,-0.6559,-3.5700,-2.2400,-1.3300,-0.1221,-0.0766,-0.0455,0
1461443,-9.8067,-0.6080,-0.5817,-0.7000,-1.4700,-4.2000,-0.0239,-0.0503,-0.1436,0
1461482,-9.7565,-0.7109,-0.7133,-1.3300,0.6300,-3.5000,-0.0455,0.0215,-0.1197,0
1461521,-9.7421,-0.7348,-0.6630,1.8200,6.9300,-3.3600,0.0622,0.2370,-0.1149,0
1461560,-9.7684,-0.8067,-0.6343,0.2800,5.6700,-1.3300,0.0096,0.1939,-0.0455,0
1461599,-9.7254,-0.7564,-0.5338,2.6600,6.2300,0.2100,0.0910,0.2130,0.0072,0
1461638,-9.7158,-1.0364,-0.6367,0.2100,1.2600,4.5500,0.0072,0.0431,0.1556,0
1461677,-9.7373,-0.8234,-0.6247,2.9400,0.3500,1.0500,0.1005,0.0120,0.0359,0
1461716,-9.7780,-0.9766,-0.5745,-0.5600,-0.2800,3.5700,-0.0191,-0.0096,0.1221,0
1461755,-9.6536,-0.8976,-0.6008,-2.2400,-3.3600,4.1300,-0.0766,-0.1149,0.1412,0
1461794,-9.7230,-0.6223,-0.6678,-6.7200,-7.3500,1.7500,-0.2298,-0.2513,0.0598,0
1461833,-9.7780,-0.5146,-0.7013,-2.1000,-6.4400,3.2200,-0.0718,-0.2202,0.1101,0
1461872,-9.7996,-0.7277,-0.6463,0.2800,-3.0800,3.8500,0.0096,-0.1053,0.1317,0
1461911,-9.7613,-0.6200,-0.6343,-2.5200,-3.4300,-0.8400,-0.0862,-0.1173,-0.0287,0
1461950,-9.7996,-0.4309,-0.5745,-0.6300,-1.3300,-2.0300,-0.0215,-0.0455,-0.0694,0
1461989,-9.8642,-0.5553,-0.6989,-3.3600,0.0000,0.9800,-0.1149,0.0000,0.0335,0
1462028,-9.7780,-0.6463,-0.7085,2.8000,3.7800,-4.2000,0.0957,0.1293,-0.1436,0
1462067,-9.7301,-0.6774,-0.5840,5.1800,8.8900,-7.7700,0.1771,0.3040,-0.2657,0
1462106,-9.7637,-0.7516,-0.6104,-6.8600,3.7800,3.7800,-0.2346,0.1293,0.1293,0
1462145,-9.7349,-0.8210,-0.6702,-1.7500,2.5900,-2.6600,-0.0598,0.0886,-0.0910,0
1462184,-9.6871,-0.6415,-0.7085,4.4800,-0.3500,-11.5500,0.1532,-0.0120,-0.3950,0
1462223,-9.7134,-0.7037,-0.6319,1.1900,-3.0100,-6.7200,0.0407,-0.1029,-0.2298,0
1462262,-9.7373,-0.8019,-0.7348,-3.9900,-7.9100,-0.5600,-0.1364,-0.2705,-0.0191,0
1462301,-9.8331,-0.7851,-0.7348,1.1900,-3.0100,-0.4900,0.0407,-0.1029,-0.0168,0
1462340,-9.7014,-0.8880,-0.6606,3.8500,0.5600,2.3100,0.1317,0.0191,0.0790,0
1462379,-9.7780,-0.8378,-0.7540,-1.4700,5.2500,7.0000,-0.0503,0.1795,0.2394,0
1462418,-9.7349,-0.9575,-0.5146,3.9900,6.5800,4.9700,0.1364,0.2250,0.1699,0
1462457,-9.6823,-0.7277,-0.7396,-1.4700,0.7700,2.1700,-0.0503,0.0263,0.0742,0
1462496,-9.7038,-0.5793,-0.5362,0.8400,1.9600,3.3600,0.0287,0.0670,0.1149,0
1462535,-9.7565,-0.7564,-0.6152,-3.0100,-10.1500,6.7900,-0.1029,-0.3471,0.2322,0
1462574,-9.7637,-0.7157,-0.7396,1.1900,-8.8900,-0.2800,0.0407,-0.3040,-0.0096,0
1462613,-9.8043,-0.5027,-0.6439,-1.3300,-3.7100,1.2600,-0.0455,-0.1269,0.0431,0
1462652,-9.7972,-0.6678,-0.6654,0.1400,-2.6600,3.2900,0.0048,-0.0910,0.1125,0
1462691,-9.7637,-0.5960,-0.6511,1.6100,0.7000,-3.9900,0.0551,0.0239,-0.1364,0
1462730,-9.7493,-0.5840,-0.6223,1.9600,1.4700,-3.4300,0.0670,0.0503,-0.1173,0
1462769,-9.8283,-0.5457,-0.6894,-1.5400,4.3400,-0.4200,-0.0527,0.1484,-0.0144,0
1462808,-9.7182,-0.8737,-0.6391,4.4100,5.8800,-1.6800,0.1508,0.2011,-0.0574,0
1462847,-9.7182,-0.6535,-0.6965,-1.8200,4.6200,-5.4600,-0.0622,0.1580,-0.1867,0
1462886,-9.7086,-0.7420,-0.5362,2.7300,3.7800,-4.3400,0.0934,0.1293,-0.1484,0
1462925,-9.7469,-0.7636,-0.7875,-2.8000,-3.0100,-2.9400,-0.0957,-0.1029,-0.1005,0
1462964,-9.7301,-0.7301,-0.7181,2.1000,-0.7700,-6.5100,0.0718,-0.0263,-0.2226,0
1463003,-9.7134,-0.7013,-0.6870,-3.8500,-3.1500,-1.7500,-0.1317,-0.1077,-0.0598,0
1463042,-9.7780,-0.8833,-0.7037,1.1900,-0.8400,3.2200,0.0407,-0.0287,0.1101,0
1463081,-9.7373,-0.9096,-0.7325,-2.2400,1.1200,3.5000,-0.0766,0.0383,0.1197,0
1463120,-9.7254,-0.7468,-0.6535,-0.2100,1.6800,0.8400,-0.0072,0.0574,0.0287,0
1463159,-9.7493,-0.8114,-0.6965,1.0500,0.0000,2.0300,0.0359,0.0000,0.0694,0
1463198,-9.7589,-0.6056,-0.7444,-2.5200,-2.5900,2.1000,-0.0862,-0.0886,0.0718,0
1463237,-9.7182,-0.7133,-0.6080,3.1500,-1.9600,2.6600,0.1077,-0.0670,0.0910,0
1463276,-9.7421,-0.6200,-0.7277,-2.5900,-4.9000,2.4500,-0.0886,-0.1676,0.0838,0
1463315,-9.7732,-0.7013,-0.6415,0.6300,-2.2400,6.1600,0.0215,-0.0766,0.2106,0
1463354,-9.7732,-0.8473,-0.6152,-1.9600,0.4200,6.9300,-0.0670,0.0144,0.2370,0
1463393,-9.8139,-0.8306,-0.7348,-1.8200,1.4700,2.2400,-0.0622,0.0503,0.0766,0
1463432,-9.7230,-0.4907,-0.5864,2.1000,2.0300,-4.1300,0.0718,0.0694,-0.1412,0
1463471,-9.8020,-0.6271,-0.7325,-3.9200,-3.2200,-0.7700,-0.1340,-0.1101,-0.0263,0
1463510,-9.7086,-0.7612,-0.5457,3.8500,-0.2100,-0.0700,0.1317,-0.0072,-0.0024,0
1463549,-9.7996,-0.7133,-0.6391,-5.6000,-4.9700,-1.4700,-0.1915,-0.1699,-0.0503,0
1463588,-9.7565,-0.6056,-0.7013,-2.7300,-1.4000,-0.7700,-0.0934,-0.0479,-0.0263,0
1463627,-9.7972,-0.8043,-0.7923,-2.5900,2.0300,-3.9900,-0.0886,0.0694,-0.1364,0
1463666,-9.7661,-0.5601,-0.6583,1.4000,5.9500,-7.6300,0.0479,0.2035,-0.2609,0
1463705,-9.7397,-0.7301,-0.5625,4.1300,1.7500,-6.8600,0.1412,0.0598,-0.2346,0
1463744,-9.7493,-0.6104,-0.7109,-3.7800,-2.5200,-1.3300,-0.1293,-0.0862,-0.0455,0
1463783,-9.7397,-0.7731,-0.6726,-0.0700,-1.1900,0.6300,-0.0024,-0.0407,0.0215,0
1463822,-9.7972,-0.7444,-0.8282,0.4200,-0.0700,-0.3500,0.0144,-0.0024,-0.0120,0
1463861,-9.6871,-0.8976,-0.5625,4.7600,2.1000,-1.8900,0.1628,0.0718,-0.0646,0
1463900,-9.7900,-0.7516,-0.7708,-0.8400,-2.3100,-1.5400,-0.0287,-0.0790,-0.0527,0
1463939,-9.6942,-0.7277,-0.6343,4.6200,2.1700,0.8400,0.1580,0.0742,0.0287,0
1463978,-9.7661,-0.7564,-0.6487,-3.0100,-0.4900,5.5300,-0.1029,-0.0168,0.1891,0
1464017,-9.7325,-0.7564,-0.7085,1.6100,-2.8000,2.9400,0.0551,-0.0957,0.1005,0
1464056,-9.7445,-0.7684,-0.6056,3.7800,-0.1400,1.9600,0.1293,-0.0048,0.0670,0
1464095,-9.7613,-0.7444,-0.7037,-2.9400,-3.9200,5.6000,-0.1005,-0.1340,0.1915,0
1464134,-9.7493,-0.7851,-0.6128,4.2700,-0.4200,2.1700,0.1460,-0.0144,0.0742,0
1464173,-9.7230,-0.7564,-0.7444,-0.4200,-2.9400,-0.6300,-0.0144,-0.1005,-0.0215,0
1464212,-9.7589,-0.5290,-0.6008,-0.3500,0.4200,1.8900,-0.0120,0.0144,0.0646,0
1464251,-9.7900,-0.7396,-0.6487,-2.4500,-2.4500,3.3600,-0.0838,-0.0838,0.1149,0
1464290,-9.7397,-0.6702,-0.7013,2.6600,-0.3500,-0.4200,0.0910,-0.0120,-0.0144,0
1464329,-9.7780,-0.4907,-0.7229,-4.6900,-1.6100,-2.1700,-0.1604,-0.0551,-0.0742,0
1464368,-9.7684,-0.7372,-0.6630,5.7400,2.3100,-0.7700,0.1963,0.0790,-0.0263,0
1464407,-9.7301,-0.7612,-0.6654,-0.6300,1.1200,-3.1500,-0.0215,0.0383,-0.1077,0
1464446,-9.7421,-0.6870,-0.6128,2.3800,2.5200,-3.0100,0.0814,0.0862,-0.1029,0
1464485,-9.7158,-0.7492,-0.6798,-3.0100,1.4000,-0.8400,-0.1029,0.0479,-0.0287,0
1464524,-9.7804,-0.7181,-0.7085,-0.1400,2.5200,-0.7700,-0.0048,0.0862,-0.0263,0
1464563,-9.6895,-0.7755,-0.6439,1.1900,-0.6300,-4.6200,0.0407,-0.0215,-0.1580,0
1464602,-9.7421,-0.6846,-0.6846,1.0500,-1.6100,-4.0600,0.0359,-0.0551,-0.1388,0
1464641,-9.7804,-0.7181,-0.7205,-4.0600,-3.7800,0.9100,-0.1388,-0.1293,0.0311,0
1464680,-9.7469,-0.7229,-0.7229,2.1700,-1.1900,-1.1200,0.0742,-0.0407,-0.0383,0
1464719,-9.7493,-0.8162,-0.6942,2.4500,0.3500,-0.7700,0.0838,0.0120,-0.0263,0
1464758,-9.7852,-0.6583,-0.6487,-0.2100,0.4900,3.2900,-0.0072,0.0168,0.1125,0
1464797,-9.7086,-0.7827,-0.7013,1.1900,1.1200,-0.7000,0.0407,0.0383,-0.0239,0
1464836,-9.7517,-0.6726,-0.6176,0.8400,1.7500,0.2800,0.0287,0.0598,0.0096,0
1464875,-9.7589,-0.6822,-0.6247,-2.5900,-2.5900,4.3400,-0.0886,-0.0886,0.1484,0
1464914,-9.7565,-0.7875,-0.7348,1.8200,-2.5900,0.0700,0.0622,-0.0886,0.0024,0
1464953,-9.7469,-0.7540,-0.6894,2.9400,-1.1900,-0.9800,0.1005,-0.0407,-0.0335,0
1464992,-9.7421,-0.6583,-0.6080,-1.1900,-0.5600,3.6400,-0.0407,-0.0191,0.1245,0
1465031,-9.7349,-0.8593,-0.6726,0.4200,-0.4900,3.2900,0.0144,-0.0168,0.1125,0
1465070,-9.7924,-0.6271,-0.7253,-1.1200,-0.9100,-1.7500,-0.0383,-0.0311,-0.0598,0
1465109,-9.7373,-0.5984,-0.6176,3.9900,0.4900,-1.6100,0.1364,0.0168,-0.0551,0
1465148,-9.7397,-0.7755,-0.6487,1.2600,-0.1400,0.2800,0.0431,-0.0048,0.0096,0
1465187,-9.7421,-0.6559,-0.5936,-0.1400,-0.9100,0.0700,-0.0048,-0.0311,0.0024,0
1465226,-9.7541,-0.7444,-0.7396,-1.1200,-1.0500,-0.4900,-0.0383,-0.0359,-0.0168,0
1465265,-9.7493,-0.6774,-0.6559,2.0300,2.8700,-2.9400,0.0694,0.0981,-0.1005,0
1465304,-9.7804,-0.7660,-0.6247,0.7700,2.3100,-1.4700,0.0263,0.0790,-0.0503,0
1465343,-9.7397,-0.7540,-0.6319,0.7700,-1.1200,-1.9600,0.0263,-0.0383,-0.0670,0
1465382,-9.7517,-0.7348,-0.7253,-1.8200,-2.2400,-1.2600,-0.0622,-0.0766,-0.0431,0
1465421,-9.7708,-0.6487,-0.7061,0.3500,0.0000,-1.2600,0.0120,0.0000,-0.0431,0
1465460,-9.7421,-0.8043,-0.6511,1.9600,0.9800,1.1900,0.0670,0.0335,0.0407,0
1465499,-9.7445,-0.7827,-0.6583,-0.9100,-1.9600,-0.9800,-0.0311,-0.0670,-0.0335,0
1465538,-9.7565,-0.6630,-0.6942,-0.1400,-1.4700,-1.3300,-0.0048,-0.0503,-0.0455,0
1465577,-9.7469,-0.7301,-0.6798,1.1200,0.6300,0.4200,0.0383,0.0215,0.0144,0
1465616,-9.7684,-0.7947,-0.6870,0.0700,2.1000,2.5200,0.0024,0.0718,0.0862,0
1465655,-9.7589,-0.6630,-0.6152,-1.6800,-1.0500,-0.2800,-0.0574,-0.0359,-0.0096,0
1465694,-9.7661,-0.6894,-0.6678,0.2100,-1.8200,0.9800,0.0072,-0.0622,0.0335,0
1465733,-9.7086,-0.7564,-0.6056,2.1000,-2.1000,0.0000,0.0718,-0.0718,0.0000,0
1465772,-9.7876,-0.7516,-0.6989,-1.1200,-3.2900,-1.0500,-0.0383,-0.1125,-0.0359,0
1465811,-9.8091,-0.6870,-0.6774,1.1900,-1.8900,-0.0700,0.0407,-0.0646,-0.0024,0
1465850,-9.7086,-0.6822,-0.6463,1.4700,1.7500,-1.1200,0.0503,0.0598,-0.0383,0
1465889,-9.7684,-0.7971,-0.6271,2.5900,1.6100,-0.0700,0.0886,0.0551,-0.0024,0
1465928,-9.7397,-0.7181,-0.6152,-2.8700,2.2400,1.7500,-0.0981,0.0766,0.0598,0
1465967,-9.7206,-0.8306,-0.6032,0.4900,1.5400,-0.8400,0.0168,0.0527,-0.0287,0
1466006,-9.7972,-0.5697,-0.6583,-1.3300,-0.0700,-2.4500,-0.0455,-0.0024,-0.0838,0
1466045,-9.7541,-0.8617,-0.6032,2.5200,-0.7700,-0.2100,0.0862,-0.0263,-0.0072,0
1466084,-9.6823,-0.8043,-0.6152,-0.4200,-2.3800,-2.5900,-0.0144,-0.0814,-0.0886,0
1466123,-9.7637,-0.6918,-0.6319,-2.3800,-3.1500,0.4900,-0.0814,-0.1077,0.0168,0
1466162,-9.7684,-0.9168,-0.7085,-1.0500,0.2100,2.1000,-0.0359,0.0072,0.0718,0
1466201,-9.7493,-0.7708,-0.6271,-2.5200,0.4900,-1.6100,-0.0862,0.0168,-0.0551,0
1466240,-9.7613,-0.6750,-0.6439,0.3500,-1.6800,-3.2900,0.0120,-0.0574,-0.1125,0
1466279,-9.7732,-0.6535,-0.7779,-2.5900,-2.6600,0.5600,-0.0886,-0.0910,0.0191,0
1466318,-9.7110,-0.6894,-0.6056,1.8200,0.9800,-1.1900,0.0622,0.0335,-0.0407,0
1466357,-9.7541,-0.6942,-0.6271,1.9600,-1.8200,-1.6100,0.0670,-0.0622,-0.0551,0
1466396,-9.7996,-0.8162,-0.6630,-2.1700,1.3300,5.1100,-0.0742,0.0455,0.1747,0
1466435,-9.7349,-0.8593,-0.7612,-3.6400,0.0700,0.4900,-0.1245,0.0024,0.0168,0
1466474,-9.7230,-0.5362,-0.5601,7.1400,5.5300,-6.4400,0.2442,0.1891,-0.2202,0
1466513,-9.7684,-0.8234,-0.5290,-0.8400,-0.6300,2.3100,-0.0287,-0.0215,0.0790,0
1466552,-9.7182,-0.8330,-0.5601,7.7700,-1.6100,-4.4800,0.2657,-0.0551,-0.1532,0
1466591,-9.7613,-0.7971,-0.6846,-0.7700,-0.6300,-0.1400,-0.0263,-0.0215,-0.0048,0
1466630,-9.8020,-0.8402,-0.5146,-5.1100,3.6400,7.2100,-0.1747,0.1245,0.2465,0
1466669,-9.6990,-0.8761,-0.5912,-1.1200,-0.6300,1.1200,-0.0383,-0.0215,0.0383,0
1466708,-9.7828,-0.7133,-0.7348,-2.1700,-0.1400,-3.2200,-0.0742,-0.0048,-0.1101,0
1466747,-9.6536,-0.7612,-0.7277,0.8400,-3.2200,-2.9400,0.0287,-0.1101,-0.1005,0
1466786,-9.7972,-0.6918,-0.6606,2.8000,0.5600,-0.2800,0.0957,0.0191,-0.0096,0
1466825,-9.7254,-0.7372,-0.7085,0.2800,-4.3400,2.1000,0.0096,-0.1484,0.0718,0
1466864,-9.7182,-0.6583,-0.6271,7.9800,-3.5000,1.2600,0.2729,-0.1197,0.0431,0
1466903,-9.8043,-0.6774,-0.7157,3.4300,-4.4800,2.8000,0.1173,-0.1532,0.0957,0
1466942,-9.7972,-0.8593,-0.7708,14.5600,2.5900,-0.9800,0.4979,0.0886,-0.0335,0
1466981,-9.6296,-0.9216,-0.5122,7.2800,6.2300,1.5400,0.2489,0.2130,0.0527,0
1467020,-9.7732,-0.8162,-0.6319,-2.7300,4.2700,9.0300,-0.0934,0.1460,0.3088,0
1467059,-9.7565,-1.1777,-0.7157,4.6200,3.2900,6.6500,0.1580,0.1125,0.2274,0
1467098,-9.7301,-0.9503,-0.5888,4.5500,3.4300,-3.2900,0.1556,0.1173,-0.1125,0
1467137,-9.6775,-0.7061,-0.4141,0.0000,-3.2200,-1.2600,0.0000,-0.1101,-0.0431,0
1467176,-9.8211,-0.8019,-0.8713,0.7700,-7.1400,-1.6100,0.0263,-0.2442,-0.0551,0
1467215,-9.6607,-0.5673,-0.3878,4.5500,-5.4600,-5.8100,0.1556,-0.1867,-0.1987,0
1467254,-9.7852,-0.4883,-0.5984,-8.5400,-9.0300,-1.6800,-0.2920,-0.3088,-0.0574,0
1467293,-9.8690,-0.6870,-0.7277,0.2100,-3.0100,-1.8200,0.0072,-0.1029,-0.0622,0
1467332,-9.7421,-0.8952,-0.6535,-0.5600,1.7500,-4.4100,-0.0191,0.0598,-0.1508,0
1467371,-9.8163,-0.6798,-0.7085,-3.5000,8.5400,-2.1700,-0.1197,0.2920,-0.0742,0
1467410,-9.7206,-0.8928,-0.5673,-2.1000,7.4900,-3.7800,-0.0718,0.2561,-0.1293,0
1467449,-9.7110,-0.8114,-0.5912,-5.1100,0.4200,-5.6000,-0.1747,0.0144,-0.1915,0
1467488,-9.8833,-0.4835,-0.7229,-13.3700,-4.8300,-7.0000,-0.4572,-0.1652,-0.2394,0
1467527,-9.6966,-0.4428,-0.6343,3.0800,-7.3500,-15.1200,0.1053,-0.2513,-0.5170,0
1467566,-9.7780,-0.3255,-0.6750,-7.4200,-10.9900,-12.2500,-0.2537,-0.3758,-0.4189,0
1467605,-9.8474,-0.7755,-0.7181,-6.2300,-6.7200,2.4500,-0.2130,-0.2298,0.0838,0
1467644,-9.8043,-0.9766,-0.7851,-11.4100,-4.8300,2.2400,-0.3902,-0.1652,0.0766,0
1467683,-9.6583,-0.5553,-0.2753,-6.0900,9.5200,-9.0300,-0.2082,0.3255,-0.3088,0
1467722,-9.6344,-0.7971,-0.3758,-11.0600,16.8000,5.8100,-0.3782,0.5745,0.1987,0
1467761,-9.6799,-1.1035,-0.2226,-19.4600,21.9100,13.3700,-0.6654,0.7492,0.4572,0
1467800,-9.7206,-1.3141,-0.0551,-14.1400,14.5600,10.6400,-0.4835,0.4979,0.3638,0
1467839,-9.6751,-1.2662,-0.2322,-23.6600,-2.9400,17.0800,-0.8091,-0.1005,0.5840,0
1467878,-9.9360,-1.1585,-0.3327,-45.4300,-6.2300,24.5000,-1.5535,-0.2130,0.8378,0
1467917,-10.0868,-0.5697,-0.4213,-38.2900,-10.0800,10.2200,-1.3093,-0.3447,0.3495,0
1467956,-9.9887,-0.1963,-0.5912,-14.7000,-16.1000,-10.9200,-0.5027,-0.5505,-0.3734,0
1467995,-10.0294,0.1221,-0.5864,-8.8900,-23.6600,-9.8700,-0.3040,-0.8091,-0.3375,0
1468034,-10.1131,-0.0742,-0.5122,6.0200,4.1300,-6.5800,0.2059,0.1412,-0.2250,0
1468073,-9.7828,-1.1968,0.6654,25.9700,25.4800,2.7300,0.8880,0.8713,0.0934,0
1468112,-9.8403,-0.3782,0.6295,-62.7900,30.3800,15.2600,-2.1471,1.0388,0.5218,0
1468151,-9.9815,-0.7684,0.1795,-48.0200,33.6700,13.0900,-1.6420,1.1513,0.4476,0
1468190,-10.1155,-0.0287,-0.4859,-48.2300,50.8900,-10.6400,-1.6492,1.7402,-0.3638,0
1468229,-9.8762,0.1460,0.3351,-7.7700,79.3100,-39.8300,-0.2657,2.7120,-1.3620,0
1468268,-9.8498,0.2011,0.7636,-13.2300,59.9200,-52.2900,-0.4524,2.0490,-1.7880,0
1468307,-8.2126,-0.2035,-0.4979,-15.6800,4.2700,-68.9500,-0.5362,0.1460,-2.3577,0
1468346,-11.7959,-0.0838,-1.1896,-3.0100,-10.7100,-56.2100,-0.1029,-0.3662,-1.9221,0
1468385,-12.8132,-2.9561,-1.2303,62.2300,-39.5500,-4.6900,2.1279,-1.3524,-0.1604,0
1468424,-8.6315,-3.3463,-3.7772,50.4000,-45.4300,-71.9600,1.7234,-1.5535,-2.4607,0
1468463,-7.1642,-2.4439,-3.5498,92.4700,31.6400,-73.0100,3.1620,1.0819,-2.4966,0
1468502,-8.2700,-4.6700,0.8904,-44.7300,-76.7900,42.4200,-1.5295,-2.6258,1.4505,0
1468541,-12.5834,-4.5790,-6.4485,-153.1600,-115.2200,-44.1700,-5.2373,-3.9399,-1.5104,0
1468580,-7.3245,-2.7335,1.1825,51.5200,-48.4400,-93.6600,1.7617,-1.6564,-3.2027,0
1468619,-8.6075,-4.0285,0.5242,-63.5600,-49.0700,-19.6700,-2.1734,-1.6779,-0.6726,0
1468658,-9.0504,-3.4540,-0.3878,-123.4100,-85.2600,14.0700,-4.2200,-2.9155,0.4811,0
1468697,-7.6788,-3.9950,0.7325,-59.9200,-69.3000,-20.0900,-2.0490,-2.3697,-0.6870,0
1468736,-8.7775,-2.1782,0.5625,-110.6700,-53.6200,18.5500,-3.7843,-1.8335,0.6343,0
1468775,-7.6716,-4.0237,2.0322,-30.1700,-42.0700,24.2900,-1.0317,-1.4386,0.8306,0
1468814,-7.6764,-2.5301,1.7857,-99.8200,-81.7600,29.1900,-3.4133,-2.7958,0.9981,0
1468853,-9.2442,-2.1998,0.2394,-128.1000,-54.3200,59.5000,-4.3804,-1.8575,2.0346,0
1468892,-8.5166,-2.7407,2.7670,-67.0600,-27.0900,46.3400,-2.2931,-0.9263,1.5846,0
1468931,-9.6679,-3.7149,1.3333,-39.8300,-18.2700,15.9600,-1.3620,-0.6247,0.5457,0
1468970,-9.8690,-3.2577,2.2021,-96.6000,-23.3800,21.8400,-3.3032,-0.7995,0.7468,0
1469009,-10.4794,-3.6599,1.0604,-33.8100,-2.5900,-1.7500,-1.1561,-0.0886,-0.0598,0
1469048,-9.0336,-3.2960,2.3338,19.1800,22.2600,-0.3500,0.6559,0.7612,-0.0120,0
1469087,-11.8389,-4.6508,4.3038,-18.5500,-3.6400,50.8900,-0.6343,-0.1245,1.7402,0
1469126,-16.5401,-1.5894,-8.4304,-286.3700,-119.3500,48.8600,-9.7924,-4.0812,1.6708,0
1469165,-7.4011,-2.9035,-0.1077,122.5000,-13.0200,-64.4700,4.1889,-0.4452,-2.2045,0
1469204,-10.7953,2.5373,-3.7413,-163.8000,-32.2000,5.0400,-5.6011,-1.1011,0.1723,0
1469243,-10.1395,0.8282,-2.4128,81.8300,70.3500,64.8200,2.7982,2.4056,2.2165,0
1469282,-7.1833,-4.4881,4.7370,59.6400,60.1300,34.2300,2.0394,2.0561,1.1705,0
1469321,-9.5578,0.4356,-3.1069,-237.9300,-44.9400,-0.9100,-8.1360,-1.5367,-0.0311,0
1469360,-11.2788,1.8024,-5.8740,-0.2800,154.2800,-29.8200,-0.0096,5.2756,-1.0197,0
1469399,-8.5621,0.1867,2.4654,113.6800,219.2400,21.0000,3.8873,7.4969,0.7181,0
1469438,-9.1676,-0.2633,1.4625,-19.1800,39.9700,57.5400,-0.6559,1.3668,1.9676,0
1469477,-8.8230,-1.7809,0.9934,78.3300,-36.4700,52.0100,2.6785,-1.2471,1.7785,0
1469516,-9.6105,-3.4062,-1.6875,-18.2700,-80.5000,111.5800,-0.6247,-2.7527,3.8155,0
1469555,-10.7977,-3.1716,-4.4522,-17.2900,-25.5500,81.3400,-0.5912,-0.8737,2.7814,0
1469594,-9.5602,0.3207,0.6439,37.9400,33.7400,23.4500,1.2974,1.1537,0.8019,0
1469633,-11.2860,-1.7641,-0.4596,79.1700,27.7900,-33.7400,2.7072,0.9503,-1.1537,0
1469672,-9.7948,-2.3410,-1.4051,59.0100,27.5800,-34.2300,2.0178,0.9431,-1.1705,0
1469711,-11.0969,2.7455,-0.9431,-92.0500,29.3300,56.2100,-3.1476,1.0029,1.9221,0
1469750,-10.3956,-7.8296,1.9197,193.2000,13.8600,-33.6000,6.6064,0.4739,-1.1489,0
1469789,-8.7966,0.7277,-2.5277,351.1200,-107.2400,-183.3300,12.0065,-3.6671,-6.2689,0
1469828,-8.8756,-3.4038,-6.1469,139.7200,-130.9700,-47.9500,4.7777,-4.4785,-1.6396,0
1469867,-10.8911,-5.6873,-2.0920,126.0000,-88.9000,6.3700,4.3086,-3.0399,0.2178,0
1469906,-9.5123,-4.7490,-2.7599,87.1500,-109.8300,-19.6700,2.9801,-3.7556,-0.6726,0
1469945,-7.4227,-3.1716,0.3471,109.9700,-3.1500,-52.0800,3.7604,-0.1077,-1.7809,0
1469984,-8.0498,-2.9346,1.8192,13.9300,-15.4700,-56.4900,0.4763,-0.5290,-1.9317,0
1470023,-7.3150,-2.3170,1.6301,22.7500,7.1400,-72.3100,0.7779,0.2442,-2.4726,0
1470062,-5.6155,-2.1040,3.8609,22.9600,-5.4600,0.6300,0.7851,-0.1867,0.0215,0
1470101,-7.2695,-2.8987,1.8934,-44.6600,-26.8100,23.5200,-1.5271,-0.9168,0.8043,0
1470140,-9.2490,-4.3516,2.0226,-33.9500,38.0100,85.1200,-1.1609,1.2997,2.9107,0
1470179,-13.0621,-6.3072,1.9388,-94.5000,58.1000,128.0300,-3.2314,1.9867,4.3780,0
1470218,-10.3956,-5.6921,-0.6319,-19.1800,66.7100,-8.4000,-0.6559,2.2811,-0.2872,0
1470257,-19.5010,-0.7061,-6.5370,-131.2500,-18.5500,46.9700,-4.4881,-0.6343,1.6061,0
1470296,-9.5602,-0.6630,-0.0957,266.4900,-39.9000,-34.0200,9.1126,-1.3644,-1.1633,0
1470335,-10.3190,-1.2423,-2.4056,69.4400,-37.7300,39.9000,2.3745,-1.2902,1.3644,0
1470374,-9.2012,0.4285,-0.1843,11.8300,-3.0800,-16.8000,0.4045,-0.1053,-0.5745,0
1470413,-8.5956,0.3950,0.1747,1.3300,58.2400,29.7500,0.0455,1.9915,1.0173,0
1470452,-9.3520,-0.3926,0.5769,62.8600,42.8400,38.0800,2.1495,1.4649,1.3021,0
1470491,-9.6176,-0.5051,-1.7498,-36.1900,47.3900,-76.5800,-1.2375,1.6205,-2.6186,0
1470530,-9.6559,0.6678,0.4763,139.3700,116.2700,-71.6800,4.7657,3.9758,-2.4511,0
1470569,-8.7559,-1.0676,1.6301,25.7600,44.1700,7.9800,0.8809,1.5104,0.2729,0
1470608,-9.6153,-2.2907,-0.7277,-11.5500,-2.1000,21.7000,-0.3950,-0.0718,0.7420,0
1470647,-10.0677,-3.7700,-0.6439,29.8900,17.6400,-17.7100,1.0221,0.6032,-0.6056,0
1470686,-10.0509,-2.4128,-2.2883,39.7600,80.9200,-58.5900,1.3596,2.7670,-2.0035,0
1470725,-8.6195,-1.1753,0.4763,62.7200,109.7600,7.1400,2.1447,3.7532,0.2442,0
1470764,-8.7918,-2.3362,1.1609,-5.6000,34.5800,117.3200,-0.1915,1.1825,4.0117,0
1470803,-10.4650,-0.7851,-1.7809,-81.4800,-70.2100,123.2000,-2.7862,-2.4008,4.2128,0
1470842,-10.7259,0.3160,-1.8670,31.1500,-49.3500,68.6000,1.0652,-1.6875,2.3458,0
1470881,-10.0341,-0.6415,-0.5936,132.3000,73.0800,12.8800,4.5240,2.4990,0.4404,0
1470920,-10.5009,-0.8354,0.3447,128.2400,127.1900,52.5000,4.3851,4.3492,1.7952,0
1470959,-8.9522,-7.0947,2.2787,70.0000,26.9500,57.4700,2.3936,0.9216,1.9652,0
1470998,-11.7959,0.7396,-4.2152,18.9000,-61.1800,-77.7000,0.6463,-2.0920,-2.6569,0
1471037,-8.6961,3.9232,-2.8819,-35.7700,-118.3700,-155.8200,-1.2232,-4.0476,-5.3282,0
1471076,-9.4597,-1.2064,-2.5971,241.3600,-90.4400,-126.6300,8.2533,-3.0926,-4.3301,0
1471115,-9.7445,-2.2740,-1.9006,121.1000,-34.3700,-33.0400,4.1410,-1.1753,-1.1298,0
1471154,-9.6105,-5.8525,-0.3184,116.1300,-107.3100,-23.4500,3.9710,-3.6695,-0.8019,0
1471193,-9.7996,-6.3814,-0.4715,-15.1900,-120.4000,-89.4600,-0.5194,-4.1171,-3.0591,0
1471232,-9.0743,-2.4439,-0.4739,-74.9000,-79.2400,-84.7700,-2.5612,-2.7096,-2.8987,0
1471271,-7.1426,-4.1625,1.7904,-42.6300,7.8400,-57.2600,-1.4577,0.2681,-1.9580,0
1471310,-6.3719,-2.8221,1.9580,-99.4000,-27.3000,-25.4800,-3.3990,-0.9335,-0.8713,0
1471349,-6.5203,-1.7545,1.2854,-132.3700,-64.5400,4.8300,-4.5264,-2.2069,0.1652,0
1471388,-8.1886,-1.9221,-0.0742,-57.6100,-6.7900,38.3600,-1.9700,-0.2322,1.3117,0
1471427,-9.7086,-4.6939,2.3075,-65.4500,-3.2900,27.0900,-2.2381,-0.1125,0.9263,0
1471466,-10.6948,-2.9274,2.1471,-128.9400,-48.5100,64.5400,-4.4091,-1.6588,2.2069,0
1471505,-11.0969,-3.1452,-1.1801,-89.3200,-19.6000,79.4500,-3.0543,-0.6702,2.7168,0
1471544,-9.5243,-11.0371,5.7759,169.4000,99.5400,84.2800,5.7926,3.4038,2.8819,0
1471583,-9.0719,2.3075,2.8484,-232.6800,-63.9800,46.3400,-7.9565,-2.1878,1.5846,0
1471622,-16.1547,-0.0024,9.5458,-199.6400,-171.6400,152.4600,-6.8267,-5.8692,5.2133,0
1471661,-15.9728,2.5732,-6.0607,-29.3300,-0.6300,-52.1500,-1.0029,-0.0215,-1.7833,0
1471700,-5.5556,1.0341,0.8091,-70.4900,49.0700,-134.7500,-2.4104,1.6779,-4.6078,0
1471739,-7.6166,2.6833,-1.6013,-67.6200,52.4300,-116.6200,-2.3123,1.7928,-3.9878,0
1471778,-8.3801,-2.2141,4.6867,19.3200,-76.3000,-46.8300,0.6606,-2.6091,-1.6013,0
1471817,-11.1496,-1.9676,-3.0088,-332.8500,-80.7100,15.1900,-11.3818,-2.7599,0.5194,0
1471856,-10.1802,-4.5431,-2.7311,-67.6200,179.1300,-2.9400,-2.3123,6.1253,-0.1005,0
1471895,-9.0168,-2.4822,0.5577,-26.4600,200.5500,-91.0000,-0.9048,6.8578,-3.1117,0
1471934,-7.0493,-0.8545,1.3404,-58.5200,45.2900,3.8500,-2.0011,1.5487,0.1317,0
1471973,-8.6291,-0.6654,0.6463,-177.7300,-69.2300,123.4100,-6.0775,-2.3673,4.2200,0
1472012,-10.9006,-0.8114,-0.5817,-172.4800,-180.0400,161.4200,-5.8979,-6.1564,5.5197,0
1472051,-11.5732,-3.1596,-4.1171,-80.5000,-147.3500,95.9000,-2.7527,-5.0386,3.2793,0
1472090,-9.1676,1.5918,-1.0101,16.2400,74.4100,9.4500,0.5553,2.5444,0.3231,0
1472129,-9.8666,0.2992,1.2351,45.9900,50.6800,105.5600,1.5726,1.7330,3.6096,0
1472168,-11.5804,-3.3774,-0.8809,-60.4800,28.4200,149.6600,-2.0681,0.9718,5.1176,0
1472207,-11.4512,0.0120,1.2255,90.6500,98.8400,-54.2500,3.0998,3.3798,-1.8551,0
1472246,-10.2544,1.4266,0.4835,-44.8000,44.8700,4.5500,-1.5319,1.5343,0.1556,0
1472285,-10.7786,-2.2835,-4.3229,-182.0700,-15.6800,89.3900,-6.2259,-0.5362,3.0567,0
1472324,-7.7339,2.5181,-5.9386,203.3500,15.8200,-206.3600,6.9535,0.5410,-7.0565,0
1472363,-5.1583,1.2638,0.2585,230.0200,-13.7900,-203.7700,7.8655,-0.4715,-6.9679,0
1472402,-12.3105,-2.8676,-7.2934,-85.2600,-143.7800,-0.0700,-2.9155,-4.9165,-0.0024,0
1472441,-11.0275,-4.0692,-4.5359,110.9500,-142.6600,-27.7900,3.7939,-4.8782,-0.9503,0
1472480,-8.4878,-5.1607,-0.7612,53.3400,-93.8000,-29.1200,1.8240,-3.2075,-0.9958,0
1472519,-10.0389,-2.9753,-0.4093,-43.1200,-72.1700,-20.4400,-1.4745,-2.4678,-0.6989,0
1472558,-7.4729,-2.5492,2.6426,68.1800,-16.1000,-58.3800,2.3314,-0.5505,-1.9963,0
1472597,-7.3796,-3.1931,0.5242,-74.2700,-40.2500,-34.5100,-2.5397,-1.3763,-1.1801,0
1472636,-6.4221,0.1149,1.9508,-46.6200,-74.4800,-56.6300,-1.5942,-2.5468,-1.9365,0
1472675,-7.7099,-2.1902,0.3567,-108.8500,-34.0900,80.7800,-3.7221,-1.1657,2.7623,0
1472714,-7.6788,-2.8795,2.1926,-14.0700,15.9600,97.5800,-0.4811,0.5457,3.3367,0
1472753,-11.7001,-3.6383,1.3524,-156.2400,-5.5300,94.5700,-5.3426,-0.1891,3.2338,0
1472792,-9.5004,-1.1226,-1.7138,-31.0100,39.9000,-11.7600,-1.0604,1.3644,-0.4021,0
1472831,-7.1905,-9.8450,8.8996,250.4600,174.7200,-33.6700,8.5644,5.9745,-1.1513,0
1472870,-19.0318,2.2644,3.0686,-261.5200,-109.9000,108.5000,-8.9426,-3.7580,3.7101,0
1472909,-12.0759,-5.0266,-13.0669,14.4200,-238.9800,-57.5400,0.4931,-8.1719,-1.9676,0
1472948,-7.6668,3.9447,1.4505,159.1100,44.7300,-96.4600,5.4407,1.5295,-3.2984,0
1472987,-10.6397,-2.5588,-3.7484,-74.0600,30.7300,69.2300,-2.5325,1.0508,2.3673,0
1473026,-9.1988,-2.0178,-0.1795,147.7700,77.2100,-30.1700,5.0530,2.6402,-1.0317,0
1473065,-7.2743,-1.0388,5.5293,-107.1000,-108.2200,-116.4800,-3.6623,-3.7006,-3.9830,0
1473104,-11.5469,4.4689,-7.9325,-302.2600,-35.0700,-48.1600,-10.3357,-1.1992,-1.6468,0
1473143,-10.9964,0.1771,-3.9543,144.4800,255.5700,-87.2900,4.9405,8.7392,-2.9849,0
1473182,-8.7966,1.0149,3.5785,130.9700,161.5600,46.5500,4.4785,5.5245,1.5918,0
1473221,-8.9355,-4.0596,1.8407,92.1900,-6.5800,167.5100,3.1524,-0.2250,5.7280,0
1473260,-10.0413,-4.2104,-0.5266,-11.6900,-128.0300,133.0700,-0.3997,-4.3780,4.5503,0
1473299,-11.0203,-3.6312,-3.1046,31.2200,-68.8800,70.2100,1.0676,-2.3553,2.4008,0
1473338,-10.1179,-2.4295,-1.0221,67.1300,24.2900,4.2000,2.2955,0.8306,0.1436,0
1473377,-9.6918,-0.2848,-0.7468,45.0800,33.9500,-16.9400,1.5415,1.1609,-0.5793,0
1473416,-9.8259,1.5152,0.0239,68.3900,54.5300,-4.5500,2.3386,1.8646,-0.1556,0
1473455,-10.3046,-0.5338,-0.2226,138.3200,62.1600,-33.6700,4.7298,2.1256,-1.1513,0
1473494,-9.2682,1.3237,0.4787,88.5500,105.7700,-4.4100,3.0280,3.6168,-0.1508,0
1473533,-8.6291,1.0891,1.4027,120.4000,145.1100,136.5700,4.1171,4.9620,4.6700,0
1473572,-10.3357,-4.6365,-0.6654,46.6900,-4.5500,42.1400,1.5966,-0.1556,1.4410,0
1473611,-11.6139,0.2298,-3.3846,124.4600,-93.9400,-74.5500,4.2559,-3.2123,-2.5492,0
1473650,-11.6690,-2.6785,-4.3301,325.9900,23.5900,-93.5900,11.1472,0.8067,-3.2003,0
1473689,-5.6921,-4.6867,4.6580,166.7400,-69.6500,78.1900,5.7017,-2.3817,2.6737,0
1473728,-10.9677,-6.8937,-5.0578,-7.3500,-141.6800,69.3000,-0.2513,-4.8447,2.3697,0
1473767,-9.7972,-3.7867,0.0263,132.0900,25.1300,-20.2300,4.5168,0.8593,-0.6918,0
1473806,-7.4107,-1.8551,0.8258,57.4700,-23.5900,-23.1000,1.9652,-0.8067,-0.7899,0
1473845,-7.5950,-1.6540,1.4218,13.4400,21.7700,6.1600,0.4596,0.7444,0.2106,0
1473884,-7.2025,-1.8886,1.2471,36.0500,57.4000,28.9800,1.2327,1.9628,0.9910,0
1473923,-7.3652,-4.6245,3.3750,95.8300,60.2000,-16.1700,3.2769,2.0585,-0.5529,0
1473962,-9.9887,1.0005,1.5750,-106.4000,-24.9900,1.3300,-3.6383,-0.8545,0.0455,0
1474001,-13.2201,-3.5163,-3.8035,24.0800,-53.3400,71.4000,0.8234,-1.8240,2.4415,0
1474040,-14.8932,-0.2633,-7.1091,119.3500,-40.9500,-52.0800,4.0812,-1.4003,-1.7809,0
1474079,-9.6392,3.0663,1.4218,222.6700,196.8400,-60.0600,7.6142,6.7309,-2.0537,0
1474118,-8.2317,-4.1961,4.0189,322.4200,95.6900,-51.8000,11.0251,3.2721,-1.7713,0
1474157,-11.5804,-1.3716,-1.8551,-8.2600,-21.4200,25.2000,-0.2824,-0.7325,0.8617,0
1474196,-10.0413,0.5721,-0.0263,47.3900,-38.2900,20.0900,1.6205,-1.3093,0.6870,0
1474235,-9.7828,-2.4966,-0.3997,134.4000,7.3500,-14.3500,4.5958,0.2513,-0.4907,0
1474274,-9.9839,-2.4894,0.7875,116.4800,80.5700,-77.4900,3.9830,2.7551,-2.6498,0
1474313,-9.3543,-1.0077,1.2662,110.5300,59.5700,-131.1800,3.7796,2.0370,-4.4857,0
1474352,-8.0139,-0.1317,0.5840,76.4400,30.1000,-112.2800,2.6139,1.0293,-3.8394,0
1474391,-10.0820,-1.3883,0.9838,41.5800,51.1000,15.2600,1.4218,1.7474,0.5218,0
1474430,-9.9887,-2.4702,-1.5990,62.5100,4.4800,25.1300,2.1375,0.1532,0.8593,0
1474469,-9.1796,-3.7676,0.5362,155.2600,14.8400,11.7600,5.3091,0.5075,0.4021,0
1474508,-9.3065,-6.8291,-0.3447,-1.0500,-10.4300,29.5400,-0.0359,-0.3567,1.0101,0
1474547,-7.9062,-4.4905,-0.9263,28.6300,17.7100,-2.1700,0.9790,0.6056,-0.0742,0
1474586,-7.9589,-3.7317,-1.3859,-8.4700,31.1500,21.7700,-0.2896,1.0652,0.7444,0
1474625,-7.8751,-6.4317,-0.8545,37.2400,33.3900,32.2000,1.2734,1.1418,1.1011,0
1474664,-6.8243,-3.1883,-0.2059,-12.2500,-36.4700,22.8200,-0.4189,-1.2471,0.7803,0
1474703,-6.6280,-3.2554,-0.8306,45.2900,-10.7800,-20.0200,1.5487,-0.3686,-0.6846,0
1474742,-8.6506,-2.3194,-0.3902,-39.3400,7.7700,8.4700,-1.3452,0.2657,0.2896,0
1474781,-9.6272,-2.5732,1.1059,-71.8200,-12.6000,-3.5000,-2.4559,-0.4309,-0.1197,0
1474820,-11.9060,-5.5676,-4.1266,20.0900,23.1700,-61.9500,0.6870,0.7923,-2.1184,0
1474859,-5.0625,0.0694,-1.0412,101.0100,27.4400,-99.1900,3.4540,0.9383,-3.3918,0
1474898,-5.2899,-2.7886,1.7019,101.6400,11.0600,-60.6900,3.4756,0.3782,-2.0753,0
1474937,-8.1719,-5.7304,-0.1364,-67.2000,-20.9300,15.3300,-2.2979,-0.7157,0.5242,0
1474976,-9.8905,-5.5149,-0.3638,49.5600,59.7800,-57.1200,1.6947,2.0442,-1.9532,0
1475015,-7.1881,-2.9322,0.7708,15.3300,59.6400,-60.4100,0.5242,2.0394,-2.0657,0
1475054,-7.2599,-2.8317,-0.1915,7.8400,-3.8500,-11.3400,0.2681,-0.1317,-0.3878,0
1475093,-9.0863,-4.5719,-0.9694,17.7800,-25.8300,14.4200,0.6080,-0.8833,0.4931,0
1475132,-8.4615,-4.3780,-0.6176,55.3000,-1.9600,-34.0900,1.8910,-0.0670,-1.1657,0
1475171,-7.4634,-4.0572,0.3950,69.3000,2.5900,-40.5300,2.3697,0.0886,-1.3859,0
1475210,-7.6668,-3.2769,0.0910,16.5900,-19.8800,-8.4000,0.5673,-0.6798,-0.2872,0
1475249,-7.8368,-4.3469,-0.8234,9.8000,-12.1800,-7.6300,0.3351,-0.4165,-0.2609,0
1475288,-7.7626,-5.0458,0.3782,87.4300,-4.9000,-39.1300,2.9897,-0.1676,-1.3380,0
1475327,-11.1089,-8.8254,0.5457,90.5100,-21.8400,-71.8900,3.0950,-0.7468,-2.4583,0
1475366,-10.2735,-22.2130,2.3147,-666.0500,-72.5200,-146.7900,-22.7755,-2.4798,-5.0195,0
1475405,-5.7136,-7.8320,0.5003,40.8100,-24.9900,-41.4400,1.3955,-0.8545,-1.4170,0
1475444,-7.3030,-9.1892,-0.5170,-161.1400,-37.5900,-33.3900,-5.5102,-1.2854,-1.1418,0
1475483,-7.4825,-9.2490,-0.5290,-20.3700,-42.0000,-30.9400,-0.6965,-1.4362,-1.0580,0
1475522,-8.4304,-10.7044,0.7253,-23.2400,-20.5800,-31.1500,-0.7947,-0.7037,-1.0652,0
1475561,-7.5711,-9.5698,0.6104,-0.1400,-24.2200,-25.4800,-0.0048,-0.8282,-0.8713,0
1475600,-6.4987,-8.3921,-0.4356,-10.2200,-16.6600,-19.6000,-0.3495,-0.5697,-0.6702,0
1475639,-6.1062,-7.9469,0.0742,6.4400,-17.2900,-20.9300,0.2202,-0.5912,-0.7157,0
1475678,-5.4024,-7.0900,0.1747,25.5500,-12.9500,-22.7500,0.8737,-0.4428,-0.7779,0
1475717,-5.2708,-6.9751,0.1317,38.3600,4.8300,-22.6800,1.3117,0.1652,-0.7755,0
1475756,-5.0602,-7.3198,0.1532,30.8700,9.3100,-12.1100,1.0556,0.3184,-0.4141,0
1475795,-5.3641,-7.4562,0.4404,13.6500,1.5400,-1.4700,0.4668,0.0527,-0.0503,0
1475834,-5.8213,-8.2557,1.0915,9.9400,-1.9600,-7.2100,0.3399,-0.0670,-0.2465,0
1475873,-5.6873,-8.3969,1.0101,33.3200,7.1400,-14.4900,1.1394,0.2442,-0.4955,0
1475912,-5.7830,-8.6410,1.0364,25.0600,8.2600,-19.7400,0.8569,0.2824,-0.6750,0
1475951,-5.7567,-8.5022,0.8952,36.5400,11.6900,-22.9600,1.2495,0.3997,-0.7851,0
1475990,-5.1703,-8.3083,1.1777,22.1900,-0.3500,-15.7500,0.7588,-0.0120,-0.5386,0
1476029,-4.8950,-8.3825,1.1035,20.5100,-1.6800,-9.1700,0.7013,-0.0574,-0.3136,0
1476068,-5.1894,-8.5788,1.8838,15.5400,5.8100,-10.9900,0.5314,0.1987,-0.3758,0
1476107,-4.9046,-7.9900,1.7737,3.1500,-3.4300,-17.5700,0.1077,-0.1173,-0.6008,0
1476146,-4.7801,-8.5309,0.9335,-0.6300,-0.4200,-19.3200,-0.0215,-0.0144,-0.6606,0
1476185,-4.9357,-8.0761,1.1872,26.9500,13.0900,-10.1500,0.9216,0.4476,-0.3471,0
1476224,-4.3851,-8.3251,1.5152,16.5900,6.4400,-1.0500,0.5673,0.2202,-0.0359,0
1476263,-4.2415,-8.0546,1.1035,-21.1400,11.7600,8.4000,-0.7229,0.4021,0.2872,0
1476302,-5.1631,-8.4855,0.8904,31.8500,22.0500,9.2400,1.0891,0.7540,0.3160,0
1476341,-5.1894,-8.3035,1.6612,13.8600,13.3700,11.9000,0.4739,0.4572,0.4069,0
1476380,-5.1152,-8.3107,1.0915,18.3400,13.0900,5.8100,0.6271,0.4476,0.1987,0
1476419,-5.2086,-8.0809,0.7779,16.8000,17.2200,4.6900,0.5745,0.5888,0.1604,0
1476458,-5.1894,-7.8655,1.5750,17.1500,21.8400,3.6400,0.5864,0.7468,0.1245,0
1476497,-5.3067,-7.7889,1.3907,10.0800,14.9100,9.1700,0.3447,0.5098,0.3136,0
1476536,-5.3163,-7.9732,1.3620,-3.4300,12.1100,4.1300,-0.1173,0.4141,0.1412,0
1476575,-5.1918,-7.9445,1.2519,-16.5900,4.4100,5.0400,-0.5673,0.1508,0.1723,0
1476614,-5.2684,-7.9995,1.2878,-19.6000,4.4100,6.7200,-0.6702,0.1508,0.2298,0
1476653,-5.4312,-8.1815,1.1418,-16.6600,6.0900,7.4900,-0.5697,0.2082,0.2561,0
1476692,-5.4503,-8.0881,1.0101,-10.1500,6.0200,8.6100,-0.3471,0.2059,0.2944,0
1476731,-5.6083,-7.9708,0.9311,-13.2300,6.6500,9.3100,-0.4524,0.2274,0.3184,0
1476770,-5.5604,-7.9828,0.8114,-9.1700,5.1800,7.9800,-0.3136,0.1771,0.2729,0
1476809,-5.6753,-8.0235,0.8186,2.3800,5.8800,6.5800,0.0814,0.2011,0.2250,0
1476848,-5.6849,-7.8655,0.8689,6.0900,2.5900,3.9900,0.2082,0.0886,0.1364,0
1476887,-5.6059,-7.8416,0.7636,3.9900,0.4200,3.5000,0.1364,0.0144,0.1197,0
1476926,-5.5604,-7.8320,0.6989,0.3500,1.0500,3.0100,0.0120,0.0359,0.1029,0
1476965,-5.6227,-7.7745,0.5960,-9.3800,-2.1000,5.1100,-0.3207,-0.0718,0.1747,0
1477004,-5.7663,-7.8511,0.6726,-14.4200,-1.4000,7.0700,-0.4931,-0.0479,0.2418,0
1477043,-5.8644,-7.8775,0.7037,-19.1800,-5.5300,7.0700,-0.6559,-0.1891,0.2418,0
1477082,-5.7902,-7.7913,0.5625,-13.0200,-6.0200,5.7400,-0.4452,-0.2059,0.1963,0
1477121,-5.9314,-7.8176,0.5481,-11.9700,-3.6400,5.1100,-0.4093,-0.1245,0.1747,0
1477160,-5.9290,-7.8152,0.4907,-12.6000,-3.6400,3.2900,-0.4309,-0.1245,0.1125,0
1477199,-5.7998,-7.8368,0.4213,-7.2100,-4.4100,1.2600,-0.2465,-0.1508,0.0431,0
1477238,-5.8692,-7.7674,0.3423,-8.8200,-3.6400,2.8700,-0.3016,-0.1245,0.0981,0
1477277,-5.9171,-7.7985,0.3950,-8.7500,-4.9700,2.5900,-0.2992,-0.1699,0.0886,0
1477316,-5.9051,-7.7793,0.4213,-7.2100,-5.1800,1.8200,-0.2465,-0.1771,0.0622,0
1477355,-5.9386,-7.8990,0.3926,-3.9900,-2.1000,0.9800,-0.1364,-0.0718,0.0335,0
1477394,-6.0104,-7.7602,0.3399,-1.3300,0.2100,0.8400,-0.0455,0.0072,0.0287,0
1477433,-5.9410,-7.7793,0.3303,-0.1400,0.2800,-0.4900,-0.0048,0.0096,-0.0168,0
1477472,-5.8740,-7.6620,0.2968,-4.3400,0.2100,-0.9800,-0.1484,0.0072,-0.0335,0
1477511,-5.8094,-7.6190,0.1652,-11.3400,-0.9800,-0.2800,-0.3878,-0.0335,-0.0096,0
1477550,-5.9602,-7.8033,0.1963,-18.2000,-0.8400,2.1700,-0.6223,-0.0287,0.0742,0
1477589,-5.9889,-7.8224,-0.1197,-23.7300,-0.9100,3.2900,-0.8114,-0.0311,0.1125,0
1477628,-5.8572,-7.6525,-0.5003,-22.8200,-4.2000,0.4900,-0.7803,-0.1436,0.0168,0
1477667,-5.9027,-7.8033,-0.3399,-16.6600,-2.5900,2.1700,-0.5697,-0.0886,0.0742,0
1477706,-5.9697,-7.7051,-0.1053,-7.8400,-7.4200,1.7500,-0.2681,-0.2537,0.0598,0
1477745,-5.9195,-7.6979,-0.2801,0.3500,-6.4400,1.8900,0.0120,-0.2202,0.0646,0
1477784,-6.0344,-7.7315,-0.1915,-4.2000,-3.5700,0.7700,-0.1436,-0.1221,0.0263,0
1477823,-6.0607,-7.7578,-0.1915,-2.4500,-5.3200,-0.0700,-0.0838,-0.1819,-0.0024,0
1477862,-5.9961,-7.7147,-0.2011,-3.2900,-3.3600,-1.4700,-0.1125,-0.1149,-0.0503,0
1477901,-6.1086,-7.6501,-0.2848,-7.0700,0.2100,-2.2400,-0.2418,0.0072,-0.0766,0
1477940,-5.9267,-7.6190,-0.3950,-5.1100,-1.8200,-5.4600,-0.1747,-0.0622,-0.1867,0
1477979,-5.8381,-7.7003,-0.3231,-11.6200,-6.0900,-5.9500,-0.3973,-0.2082,-0.2035,0
1478018,-6.0535,-8.0091,-0.3543,-3.7800,-4.6900,-6.0900,-0.1293,-0.1604,-0.2082,0
1478057,-5.8309,-7.8870,-0.3303,5.2500,-3.2200,-6.9300,0.1795,-0.1101,-0.2370,0
1478096,-5.7160,-7.8176,-0.3638,11.4800,-2.5900,-5.4600,0.3926,-0.0886,-0.1867,0
1478135,-5.7735,-7.7985,-0.2154,8.9600,-1.5400,-5.1100,0.3064,-0.0527,-0.1747,0
1478174,-5.6777,-7.8248,-0.2465,11.3400,-4.8300,-6.9300,0.3878,-0.1652,-0.2370,0
1478213,-5.6634,-7.8009,-0.2657,1.2600,-4.2000,-4.7600,0.0431,-0.1436,-0.1628,0
1478252,-5.7112,-7.8128,-0.1939,-4.7600,-4.7600,-3.1500,-0.1628,-0.1628,-0.1077,0
1478291,-5.6131,-7.8081,-0.2537,-8.5400,-8.8900,-3.7100,-0.2920,-0.3040,-0.1269,0
1478330,-5.6322,-7.9780,-0.2657,-9.6600,-7.2100,-3.8500,-0.3303,-0.2465,-0.1317,0
1478369,-5.6586,-8.2293,-0.2346,-6.8600,-5.8100,-3.6400,-0.2346,-0.1987,-0.1245,0
1478408,-5.5915,-8.1192,-0.1269,3.6400,-5.1800,-1.9600,0.1245,-0.1771,-0.0670,0
1478447,-5.4599,-7.9660,-0.2082,5.6000,-5.2500,-0.6300,0.1915,-0.1795,-0.0215,0
1478486,-5.6490,-8.0761,-0.1029,11.8300,-0.6300,0.5600,0.4045,-0.0215,0.0191,0
1478525,-5.7184,-7.9397,0.0670,8.1900,-1.8900,0.5600,0.2801,-0.0646,0.0191,0
1478564,-5.5556,-7.8416,-0.0527,8.6800,-3.4300,1.0500,0.2968,-0.1173,0.0359,0
1478603,-5.7711,-7.9612,0.0862,-9.2400,1.1200,0.2100,-0.3160,0.0383,0.0072,0
1478642,-5.7735,-8.0091,0.1628,-5.2500,-3.6400,0.2100,-0.1795,-0.1245,0.0072,0
1478681,-5.6921,-7.9158,0.0981,-9.7300,-3.2900,-1.6800,-0.3327,-0.1125,-0.0574,0
1478720,-5.7328,-8.0474,-0.0120,-6.3000,1.0500,-3.3600,-0.2154,0.0359,-0.1149,0
1478759,-5.6586,-7.9732,-0.1245,-2.2400,3.7800,-4.9700,-0.0766,0.1293,-0.1699,0
1478798,-5.5939,-8.1312,-0.0957,-3.4300,7.1400,-4.1300,-0.1173,0.2442,-0.1412,0
1478837,-5.5700,-8.2509,-0.2537,-2.7300,10.2900,-1.4700,-0.0934,0.3519,-0.0503,0
1478876,-5.6274,-8.3251,-0.1077,0.7000,11.9700,-0.3500,0.0239,0.4093,-0.0120,0
1478915,-5.4623,-7.9062,-0.1723,27.7200,5.6000,-1.8200,0.9479,0.1915,-0.0622,0
1478954,-5.4743,-8.0115,-0.0790,7.4200,9.4500,0.2100,0.2537,0.3231,0.0072,0
1478993,-4.5048,-7.6740,1.2088,29.7500,-4.5500,0.5600,1.0173,-0.1556,0.0191,0
1479032,-6.2881,-8.2461,-0.5266,-19.8800,23.2400,10.9200,-0.6798,0.7947,0.3734,0
1479071,-5.8429,-8.2437,-0.3567,-5.8100,7.0000,6.0200,-0.1987,0.2394,0.2059,0
1479110,-5.6729,-7.7913,-0.4500,1.1200,1.4700,8.3300,0.0383,0.0503,0.2848,0
1479149,-4.4929,-8.4687,-1.4984,-119.2800,-120.4000,15.4700,-4.0788,-4.1171,0.5290,0
1479188,-7.8751,-8.5764,2.6522,144.9000,110.3200,15.6800,4.9548,3.7724,0.5362,0
1479227,-5.6897,-6.8769,-0.6128,-2.6600,11.1300,4.9700,-0.0910,0.3806,0.1699,0
1479266,-6.1876,-8.0163,0.0694,20.3700,14.3500,6.2300,0.6965,0.4907,0.2130,0
1479305,-6.0918,-7.7578,-0.2657,15.9600,10.5700,3.0800,0.5457,0.3614,0.1053,0
1479344,-5.7806,-7.4610,-0.6152,0.1400,10.5000,3.7800,0.0048,0.3590,0.1293,0
1479383,-6.2857,-7.9349,-0.2322,-0.5600,12.8800,5.1800,-0.0191,0.4404,0.1771,0
1479422,-6.0392,-7.7267,-0.4596,-2.8700,6.6500,5.6700,-0.0981,0.2274,0.1939,0
1479461,-6.1469,-7.6237,-0.4237,-12.6700,7.5600,6.5800,-0.4332,0.2585,0.2250,0
1479500,-5.9267,-7.3868,-0.4261,-26.4600,3.8500,8.9600,-0.9048,0.1317,0.3064,0
1479539,-6.1349,-7.4634,-1.0077,-21.0700,11.5500,2.8700,-0.7205,0.3950,0.0981,0
1479578,-6.1277,-7.8679,-0.6918,-6.8600,6.7200,3.0800,-0.2346,0.2298,0.1053,0
1479617,-5.9937,-7.3987,-1.0867,-4.5500,2.9400,1.7500,-0.1556,0.1005,0.0598,0
1479656,-6.2306,-7.9541,-1.1083,2.8000,14.9100,3.6400,0.0957,0.5098,0.1245,0
1479695,-6.2067,-7.7554,-1.0604,-3.1500,6.1600,3.9200,-0.1077,0.2106,0.1340,0
1479734,-6.3910,-7.6405,-1.6037,-3.3600,8.9600,5.2500,-0.1149,0.3064,0.1795,0
1479773,-6.0775,-7.3652,-1.5607,-16.7300,2.1700,3.0800,-0.5721,0.0742,0.1053,0
1479812,-5.9410,-7.5615,-0.8952,2.1000,7.4900,5.0400,0.0718,0.2561,0.1723,0
1479851,-6.2642,-7.3078,-1.2184,-6.3000,5.0400,5.0400,-0.2154,0.1723,0.1723,0
1479890,-6.0535,-7.2958,-1.3955,-1.4000,4.0600,3.3600,-0.0479,0.1388,0.1149,0
1479929,-6.1493,-7.4107,-1.4601,-11.9000,6.3700,4.7600,-0.4069,0.2178,0.1628,0
1479968,-6.2330,-7.4323,-1.4027,-11.6200,2.8700,4.6900,-0.3973,0.0981,0.1604,0
1480007,-6.4892,-7.3940,-1.1035,-3.9200,3.6400,2.2400,-0.1340,0.1245,0.0766,0
1480046,-6.1947,-7.3389,-1.4960,12.7400,-1.7500,-0.4200,0.4356,-0.0598,-0.0144,0
1480085,-6.4604,-7.4155,-1.3165,10.9900,0.0700,-1.3300,0.3758,0.0024,-0.0455,0
1480124,-6.5203,-7.3293,-1.1011,9.2400,-2.8000,-4.1300,0.3160,-0.0957,-0.1412,0
1480163,-6.0463,-7.4753,-1.2471,21.1400,-4.2000,-9.7300,0.7229,-0.1436,-0.3327,0
1480202,-6.0415,-7.2336,-1.0412,42.3500,-8.1900,-17.9200,1.4482,-0.2801,-0.6128,0
1480241,-6.0846,-7.0517,-0.2920,48.9300,-5.3900,-26.1100,1.6732,-0.1843,-0.8928,0
1480280,-5.7711,-7.8104,-0.3160,29.4000,-6.0900,-22.7500,1.0053,-0.2082,-0.7779,0
1480319,-5.3546,-7.5160,-1.0652,-1.6800,-10.1500,-13.5800,-0.0574,-0.3471,-0.4644,0
1480358,-5.6035,-7.5256,-0.8976,-6.2300,-6.8600,-6.5100,-0.2130,-0.2346,-0.2226,0
1480397,-5.7280,-7.5065,-0.4045,-22.0500,-7.5600,-6.4400,-0.7540,-0.2585,-0.2202,0
1480436,-5.7328,-7.6788,-0.3997,-12.6000,-14.9100,-10.6400,-0.4309,-0.5098,-0.3638,0
1480475,-5.9147,-7.9804,-0.2346,-15.1900,-8.7500,-13.9300,-0.5194,-0.2992,-0.4763,0
1480514,-5.7543,-8.0737,-0.1915,-13.4400,-24.3600,-18.8300,-0.4596,-0.8330,-0.6439,0
1480553,-5.4383,-8.1839,-0.4644,-16.1700,-17.9200,-20.7200,-0.5529,-0.6128,-0.7085,0
1480592,-5.2253,-8.4615,-0.5314,-3.2200,-21.1400,-18.9000,-0.1101,-0.7229,-0.6463,0
1480631,-5.3235,-8.3299,-0.2848,15.5400,-8.6100,-10.5000,0.5314,-0.2944,-0.3590,0
1480670,-5.1583,-8.3227,-0.0311,-15.5400,-21.5600,-18.6900,-0.5314,-0.7372,-0.6391,0
1480709,-4.7394,-8.1791,-0.3207,4.2000,-14.4900,-15.8200,0.1436,-0.4955,-0.5410,0
1480748,-4.5766,-8.2605,-0.9144,10.1500,-9.3800,-8.6100,0.3471,-0.3207,-0.2944,0
1480787,-4.5000,-7.8703,-0.9670,18.4100,-7.1400,0.9800,0.6295,-0.2442,0.0335,0
1480826,-5.0075,-7.8607,-0.1699,-1.4700,16.2400,22.1200,-0.0503,0.5553,0.7564,0
1480865,-5.5772,-8.8014,0.5505,-46.4800,4.6200,20.9300,-1.5894,0.1580,0.7157,0
1480904,-5.9482,-9.2514,0.7588,-59.1500,-5.7400,20.2300,-2.0226,-0.1963,0.6918,0
1480943,-5.5772,-9.1988,0.3950,-14.6300,-8.8900,-1.1900,-0.5003,-0.3040,-0.0407,0
1480982,-5.0769,-8.5573,-0.3016,43.7500,7.2100,-19.8800,1.4960,0.2465,-0.6798,0
1481021,-5.2636,-8.5429,-0.0191,67.3400,23.9400,-26.3200,2.3027,0.8186,-0.9000,0
1481060,-4.8256,-8.2892,-0.2561,43.1900,20.4400,-22.6800,1.4769,0.6989,-0.7755,0
1481099,-4.4689,-8.4543,-0.0431,27.7900,15.2600,-3.4300,0.9503,0.5218,-0.1173,0
1481138,-4.9405,-8.3035,-0.2992,27.0200,22.7500,10.9900,0.9239,0.7779,0.3758,0
1481177,-5.1750,-8.4711,0.4428,21.6300,23.2400,12.3900,0.7396,0.7947,0.4237,0
1481216,-5.3258,-8.5094,0.5840,24.1500,35.4900,21.4900,0.8258,1.2136,0.7348,0
1481255,-5.6849,-8.2748,0.8545,25.4100,45.7100,24.7800,0.8689,1.5630,0.8473,0
1481294,-5.5772,-8.8517,1.2543,54.0400,47.6000,24.7100,1.8479,1.6277,0.8450,0
1481333,-5.6203,-8.1527,0.3686,31.0800,43.8200,20.6500,1.0628,1.4984,0.7061,0
1481372,-5.8812,-7.8200,0.6080,26.7400,47.6700,23.1000,0.9144,1.6301,0.7899,0
1481411,-5.6729,-7.1594,-0.2250,27.0900,53.4800,35.3500,0.9263,1.8287,1.2088,0
1481450,-6.1397,-7.6094,-0.1221,48.0200,70.2800,48.5800,1.6420,2.4032,1.6612,0
1481489,-6.2594,-8.2413,0.4907,27.5800,56.4200,41.7900,0.9431,1.9293,1.4290,0
1481528,-6.3240,-6.1900,-0.5864,-26.7400,28.0700,35.6300,-0.9144,0.9598,1.2184,0
1481567,-6.6112,-6.3910,-0.3710,21.0700,37.6600,20.3000,0.7205,1.2878,0.6942,0
1481606,-6.6160,-6.6687,-0.5769,-5.3200,33.1100,12.8800,-0.1819,1.1322,0.4404,0
1481645,-6.9511,-6.4748,-0.9766,16.6600,21.0700,14.1400,0.5697,0.7205,0.4835,0
1481684,-6.8626,-7.5974,-0.9335,38.4300,25.9000,10.2200,1.3141,0.8856,0.3495,0
1481723,-6.7189,-6.4939,-1.1801,9.3800,18.2700,1.9600,0.3207,0.6247,0.0670,0
1481762,-6.9583,-6.9176,-0.6247,19.1100,9.3800,3.2900,0.6535,0.3207,0.1125,0
1481801,-7.0038,-6.7860,-0.2801,-0.8400,-6.9300,4.0600,-0.0287,-0.2370,0.1388,0
1481840,-6.7788,-6.7668,-0.5027,-3.7100,-6.2300,2.0300,-0.1269,-0.2130,0.0694,0
1481879,-7.1115,-6.7908,-0.3495,4.8300,2.0300,2.1000,0.1652,0.0694,0.0718,0
1481918,-7.2216,-7.0565,-0.1747,-1.7500,0.9800,2.9400,-0.0598,0.0335,0.1005,0
1481957,-7.0947,-6.9080,-0.2298,-3.7800,-1.6100,2.0300,-0.1293,-0.0551,0.0694,0
1481996,-6.9511,-6.7429,-0.4763,13.2300,3.8500,2.0300,0.4524,0.1317,0.0694,0
1482035,-7.1402,-6.8434,-0.3160,-0.7000,3.6400,3.5000,-0.0239,0.1245,0.1197,0
