timestamp_ms,waist_x,waist_y,waist_z,waist_gx,waist_gy,waist_gz,thigh_x,thigh_y,thigh_z,event_flag
324,0.0024,0.3543,-10.5799,28.4900,-74.4100,21.3500,-9.1724,-2.0585,-2.9705,0
400,-4.7705,1.3644,-11.6211,-101.9900,-69.1600,69.3700,-9.1533,-2.0968,-2.9466,0
84,-0.8617,-9.0432,-3.8562,-5.8800,14.9100,27.3000,-0.2011,0.5098,0.9335,0
123,-0.6798,-8.8589,-3.6982,-4.2000,1.7500,2.8000,-0.1436,0.0598,0.0957,0
162,-0.7205,-9.1676,-3.7341,-6.0200,3.7800,3.5700,-0.2059,0.1293,0.1221,0
201,-0.3854,-9.0839,-4.0261,-6.7900,5.4600,6.3000,-0.2322,0.1867,0.2154,0
240,-0.8186,-8.9690,-3.9136,-2.7300,6.5100,4.7600,-0.0934,0.2226,0.1628,0
279,-0.7995,-8.8469,-3.8825,-1.6800,3.4300,1.3300,-0.0574,0.1173,0.0455,0
318,-0.6295,-9.1844,-3.8226,-3.5000,2.1000,2.7300,-0.1197,0.0718,0.0934,0
357,-0.5170,-8.9714,-4.0692,-0.7000,1.0500,1.5400,-0.0239,0.0359,0.0527,0
396,-0.7181,-8.9139,-3.9878,0.7700,3.3600,0.7700,0.0263,0.1149,0.0263,0
435,-0.7564,-8.9426,-4.0548,0.1400,2.9400,0.0000,0.0048,0.1005,0.0000,0
474,-0.8282,-8.9259,-4.0979,-1.1200,3.5700,1.1200,-0.0383,0.1221,0.0383,0
513,-0.6487,-8.8613,-3.9160,0.3500,0.7700,-0.4900,0.0120,0.0263,-0.0168,0
552,-0.4668,-8.9618,-4.0285,-0.2800,2.5900,1.4000,-0.0096,0.0886,0.0479,0
591,-0.9814,-8.9450,-4.1075,-1.8200,2.1000,0.8400,-0.0622,0.0718,0.0287,0
630,-0.8497,-9.0025,-3.9447,-1.3300,-1.3300,-0.9100,-0.0455,-0.0455,-0.0311,0
669,-0.6894,-8.8636,-3.9806,0.6300,-2.1700,-1.2600,0.0215,-0.0742,-0.0431,0
708,-0.4452,-8.9187,-3.9232,-3.5700,1.7500,3.4300,-0.1221,0.0598,0.1173,0
747,-0.6942,-8.7871,-4.1290,-3.9900,-0.2800,2.6600,-0.1364,-0.0096,0.0910,0
786,-0.3662,-8.8421,-4.0070,-6.7200,5.3900,6.0200,-0.2298,0.1843,0.2059,0
825,-0.9598,-8.9139,-4.2559,-4.5500,3.7100,4.3400,-0.1556,0.1269,0.1484,0
864,-0.7301,-8.8445,-4.1147,-0.5600,0.4900,-0.0700,-0.0191,0.0168,-0.0024,0
903,-0.6654,-8.8086,-4.1817,0.6300,1.2600,-1.8200,0.0215,0.0431,-0.0622,0
942,-0.7660,-8.9714,-4.2511,-1.1200,0.5600,0.9800,-0.0383,0.0191,0.0335,0
981,-0.8497,-8.9259,-4.1506,1.0500,0.1400,-0.4200,0.0359,0.0048,-0.0144,0
1020,-0.7301,-8.8565,-4.1171,3.0100,0.0000,-1.3300,0.1029,0.0000,-0.0455,0
1059,-0.7755,-8.8349,-4.2750,2.3800,-2.3800,-0.9800,0.0814,-0.0814,-0.0335,0
1098,-0.6295,-8.7464,-4.1290,0.9100,-1.5400,-1.3300,0.0311,-0.0527,-0.0455,0
1137,-0.9120,-8.8254,-4.1984,0.2100,-0.3500,-1.6800,0.0072,-0.0120,-0.0574,0
1176,-0.4883,-8.9379,-4.0572,3.7100,-5.2500,-2.0300,0.1269,-0.1795,-0.0694,0
1215,-0.7636,-8.6889,-4.1027,1.6800,-0.3500,-1.3300,0.0574,-0.0120,-0.0455,0
1254,-0.9551,-8.8230,-4.0716,0.4900,-2.1000,-2.1700,0.0168,-0.0718,-0.0742,0
1293,-0.8378,-9.0815,-3.9806,-1.8200,0.7000,0.6300,-0.0622,0.0239,0.0215,0
1332,-0.4165,-8.8517,-4.3373,0.9800,0.3500,0.9100,0.0335,0.0120,0.0311,0
1371,-0.7947,-8.6817,-4.1889,0.1400,2.3800,1.9600,0.0048,0.0814,0.0670,0
1410,-1.2136,-8.8948,-4.0285,-4.5500,6.1600,4.8300,-0.1556,0.2106,0.1652,0
1449,-0.8258,-8.8397,-4.1578,-1.0500,-0.2800,-0.2800,-0.0359,-0.0096,-0.0096,0
1488,-0.5840,-8.8876,-4.0333,-2.3800,1.8200,0.7700,-0.0814,0.0622,0.0263,0
1527,-0.8186,-8.8948,-4.0740,-3.0800,2.1700,2.5200,-0.1053,0.0742,0.0862,0
1566,-0.9742,-8.9594,-4.2272,-0.6300,-0.5600,0.2800,-0.0215,-0.0191,0.0096,0
1605,-0.7181,-8.8541,-4.2439,-0.9100,1.7500,0.9100,-0.0311,0.0598,0.0311,0
1644,-0.6271,-8.7918,-4.2655,-0.9800,2.5900,1.6800,-0.0335,0.0886,0.0574,0
1683,-0.8617,-8.7583,-4.2631,0.0700,1.8900,0.1400,0.0024,0.0646,0.0048,0
1722,-0.6104,-8.8445,-4.0141,-1.6800,3.9200,1.4000,-0.0574,0.1340,0.0479,0
1761,-0.8641,-8.7847,-4.2511,-2.6600,5.0400,3.4300,-0.0910,0.1723,0.1173,0
1800,-1.0771,-8.8038,-4.3014,0.1400,1.8900,1.1900,0.0048,0.0646,0.0407,0
1839,-0.7348,-8.8493,-4.3421,0.8400,2.7300,0.0700,0.0287,0.0934,0.0024,0
1878,-0.8665,-8.8325,-4.2415,1.2600,1.6100,0.9800,0.0431,0.0551,0.0335,0
1917,-0.8067,-8.7272,-4.2726,-0.1400,0.0700,1.5400,-0.0048,0.0024,0.0527,0
1956,-0.6606,-8.7464,-4.1817,-1.6800,2.5200,2.1000,-0.0574,0.0862,0.0718,0
1995,-0.7971,-8.8613,-4.3397,-1.1200,2.3800,2.3800,-0.0383,0.0814,0.0814,0
2034,-0.7971,-8.7320,-4.3469,-1.5400,1.8200,2.3100,-0.0527,0.0622,0.0790,0
2073,-0.6630,-8.7344,-4.1625,-0.5600,-0.8400,0.0700,-0.0191,-0.0287,0.0024,0
2112,-0.8210,-8.7655,-4.4019,-2.0300,1.1200,1.4700,-0.0694,0.0383,0.0503,0
2151,-0.9216,-8.7440,-4.4378,-0.8400,-0.7000,0.2100,-0.0287,-0.0239,0.0072,0
2190,-0.7420,-8.7416,-4.3540,-1.8200,1.6100,0.5600,-0.0622,0.0551,0.0191,0
2229,-0.8593,-8.7655,-4.3397,0.5600,0.0000,-0.6300,0.0191,0.0000,-0.0215,0
2268,-0.7755,-8.7272,-4.3229,0.6300,-0.2800,-0.9100,0.0215,-0.0096,-0.0311,0
2307,-0.8426,-8.6578,-4.2894,-0.9800,2.3100,0.9800,-0.0335,0.0790,0.0335,0
2346,-1.0101,-8.8373,-4.4402,-1.8200,3.0100,2.3100,-0.0622,0.1029,0.0790,0
2385,-1.0269,-8.8014,-4.3564,-0.2800,0.9800,0.4200,-0.0096,0.0335,0.0144,0
2424,-1.0388,-8.7152,-4.2822,0.0000,-0.8400,-1.1200,0.0000,-0.0287,-0.0383,0
2463,-0.8473,-8.7799,-4.2152,-1.3300,0.0000,0.9100,-0.0455,0.0000,0.0311,0
2502,-0.8019,-8.8541,-4.4091,0.0700,-0.1400,1.3300,0.0024,-0.0048,0.0455,0
2541,-0.9934,-8.6626,-4.4641,0.2100,1.1900,0.6300,0.0072,0.0407,0.0215,0
2580,-0.8450,-8.6889,-4.2750,-0.5600,0.3500,0.1400,-0.0191,0.0120,0.0048,0
2619,-0.8545,-8.7727,-4.4163,0.2100,0.6300,0.5600,0.0072,0.0215,0.0191,0
2658,-1.0125,-8.7224,-4.3899,-0.7700,0.5600,0.7700,-0.0263,0.0191,0.0263,0
2697,-0.9646,-8.6746,-4.2966,-3.0800,1.0500,1.1200,-0.1053,0.0359,0.0383,0
2736,-0.9144,-8.7535,-4.4785,-1.8900,-0.7000,0.7000,-0.0646,-0.0239,0.0239,0
2775,-0.7564,-8.7248,-4.5407,-0.8400,-1.9600,-1.2600,-0.0287,-0.0670,-0.0431,0
2814,-0.9527,-8.7009,-4.4522,-0.1400,-0.2800,-1.8900,-0.0048,-0.0096,-0.0646,0
2853,-0.8138,-8.7368,-4.4043,1.1200,-1.0500,-1.8200,0.0383,-0.0359,-0.0622,0
2892,-0.8641,-8.7392,-4.4546,-0.1400,1.1900,0.3500,-0.0048,0.0407,0.0120,0
2931,-0.8809,-8.6913,-4.3732,-3.0800,-0.0700,2.3800,-0.1053,-0.0024,0.0814,0
2970,-1.0125,-8.6674,-4.4665,-1.4000,-1.4000,0.5600,-0.0479,-0.0479,0.0191,0
3009,-0.8737,-8.6386,-4.4641,-1.4700,-1.2600,0.3500,-0.0503,-0.0431,0.0120,0
3048,-0.9934,-8.5597,-4.6054,-3.7800,-0.0700,1.9600,-0.1293,-0.0024,0.0670,0
3087,-0.8569,-8.7918,-4.4905,-5.8100,1.8900,3.1500,-0.1987,0.0646,0.1077,0
3126,-1.0101,-8.6841,-4.5479,-1.3300,0.1400,0.4900,-0.0455,0.0048,0.0168,0
3165,-0.9575,-8.6482,-4.5096,0.9100,-1.9600,-0.9100,0.0311,-0.0670,-0.0311,0
3204,-0.7636,-8.6650,-4.4498,-0.4900,-0.1400,-0.4200,-0.0168,-0.0048,-0.0144,0
3243,-0.9838,-8.7799,-4.4282,-0.0700,-0.9100,-1.0500,-0.0024,-0.0311,-0.0359,0
3282,-0.9096,-8.7224,-4.6030,0.7700,-1.0500,0.5600,0.0263,-0.0359,0.0191,0
3321,-1.0963,-8.6386,-4.5623,-0.1400,0.2100,0.2800,-0.0048,0.0072,0.0096,0
3360,-0.9838,-8.6817,-4.5455,0.2800,-0.7000,-0.0700,0.0096,-0.0239,-0.0024,0
3399,-0.8497,-8.6961,-4.5575,1.3300,1.4000,1.0500,0.0455,0.0479,0.0359,0
3438,-1.0556,-8.5668,-4.4833,0.9800,1.1200,0.4200,0.0335,0.0383,0.0144,0
3477,-1.0053,-8.6626,-4.4546,0.4200,1.3300,0.2100,0.0144,0.0455,0.0072,0
3516,-0.9958,-8.6386,-4.6628,0.7700,1.4700,0.9100,0.0263,0.0503,0.0311,0
3555,-1.1609,-8.6051,-4.6197,0.7000,1.1900,0.5600,0.0239,0.0407,0.0191,0
3594,-0.9503,-8.6482,-4.4785,0.0700,1.0500,0.0700,0.0024,0.0359,0.0024,0
3633,-0.9981,-8.6267,-4.5551,1.4700,0.2800,-0.3500,0.0503,0.0096,-0.0120,0
3672,-1.0867,-8.5836,-4.5312,1.4700,0.2100,-1.1900,0.0503,0.0072,-0.0407,0
3711,-0.9120,-8.6267,-4.5336,0.0000,1.1900,-1.1900,0.0000,0.0407,-0.0407,0
3750,-1.0700,-8.7727,-4.5072,-0.3500,1.8200,-0.3500,-0.0120,0.0622,-0.0120,0
3789,-1.0939,-8.5812,-4.5455,1.5400,-1.0500,-1.7500,0.0527,-0.0359,-0.0598,0
3828,-0.9527,-8.7464,-4.4809,0.4200,-0.7700,-1.1900,0.0144,-0.0263,-0.0407,0
3867,-1.0532,-8.6123,-4.6317,0.9800,-1.2600,-0.5600,0.0335,-0.0431,-0.0191,0
3906,-1.0915,-8.6243,-4.5455,1.6100,-0.7000,-1.5400,0.0551,-0.0239,-0.0527,0
3945,-0.9503,-8.7535,-4.4713,0.1400,0.4200,-0.1400,0.0048,0.0144,-0.0048,0
3984,-0.9622,-8.6626,-4.4881,2.1000,-0.9100,-0.8400,0.0718,-0.0311,-0.0287,0
4023,-0.9646,-8.6482,-4.4594,2.5900,-1.5400,-1.2600,0.0886,-0.0527,-0.0431,0
4062,-0.9981,-8.6075,-4.4761,0.8400,-1.6100,-1.3300,0.0287,-0.0551,-0.0455,0
4101,-1.0939,-8.7320,-4.4761,-0.2800,-1.0500,-0.5600,-0.0096,-0.0359,-0.0191,0
4140,-1.0436,-8.7631,-4.4881,1.9600,-3.4300,-2.1000,0.0670,-0.1173,-0.0718,0
4179,-0.9000,-8.6434,-4.4187,3.6400,-3.7100,-2.8700,0.1245,-0.1269,-0.0981,0
4218,-0.7875,-8.6434,-4.3540,1.1200,-2.7300,-1.5400,0.0383,-0.0934,-0.0527,0
4257,-0.9216,-8.7392,-4.5407,1.1200,-1.6100,-1.8900,0.0383,-0.0551,-0.0646,0
4296,-0.9455,-8.7440,-4.4258,2.9400,-2.5900,-3.5000,0.1005,-0.0886,-0.1197,0
4335,-0.8641,-8.7344,-4.2200,3.0100,-3.7800,-2.6600,0.1029,-0.1293,-0.0910,0
4374,-0.8210,-8.7057,-4.3732,2.0300,-4.0600,-2.4500,0.0694,-0.1388,-0.0838,0
4413,-0.9455,-8.7535,-4.4402,0.7700,-3.7800,-3.6400,0.0263,-0.1293,-0.1245,0
4452,-0.7803,-8.6985,-4.2822,2.1000,-3.5000,-3.9200,0.0718,-0.1197,-0.1340,0
4491,-0.7492,-8.8397,-4.2798,0.5600,-3.2900,-1.6800,0.0191,-0.1125,-0.0574,0
4530,-0.8138,-8.7296,-4.3899,0.8400,-2.8700,-2.3800,0.0287,-0.0981,-0.0814,0
4569,-0.7971,-8.7105,-4.3373,1.8900,-1.4000,-1.8200,0.0646,-0.0479,-0.0622,0
4608,-0.8450,-8.7248,-4.3660,-0.1400,0.0000,-0.0700,-0.0048,0.0000,-0.0024,0
4647,-0.9981,-8.7847,-4.4019,-0.2800,2.5200,0.8400,-0.0096,0.0862,0.0287,0
4686,-1.1513,-8.7392,-4.3875,0.5600,-2.1700,-2.0300,0.0191,-0.0742,-0.0694,0
4725,-1.1106,-8.7009,-4.3181,2.1000,-4.6900,-3.9900,0.0718,-0.1604,-0.1364,0
4764,-1.0747,-8.7464,-4.3062,0.4900,-7.9100,-4.2000,0.0168,-0.2705,-0.1436,0
4803,-0.8952,-8.7488,-4.2248,0.7000,-11.3400,-5.6700,0.0239,-0.3878,-0.1939,0
4842,-0.5529,-8.8014,-4.3277,-0.2800,-9.2400,-5.1800,-0.0096,-0.3160,-0.1771,0
4881,-0.3710,-8.6386,-4.5359,-0.6300,-5.5300,-2.6600,-0.0215,-0.1891,-0.0910,0
4920,-0.5098,-8.6243,-4.3851,-3.1500,1.9600,1.2600,-0.1077,0.0670,0.0431,0
4959,-0.9766,-8.9091,-4.3445,-5.1100,6.5100,2.3100,-0.1747,0.2226,0.0790,0
4998,-1.1705,-8.9235,-4.4546,-1.1900,6.2300,0.0700,-0.0407,0.2130,0.0024,0
5037,-1.0987,-8.6554,-4.4067,3.4300,1.5400,-1.2600,0.1173,0.0527,-0.0431,0
5076,-0.9096,-8.7703,-4.3086,0.9800,-1.1200,-0.2100,0.0335,-0.0383,-0.0072,0
5115,-0.8162,-8.7464,-4.4043,1.4000,-1.6100,-1.4000,0.0479,-0.0551,-0.0479,0
5154,-0.7564,-8.6099,-4.3732,0.9100,-0.2100,-0.5600,0.0311,-0.0072,-0.0191,0
5193,-0.8402,-8.7248,-4.4282,-0.8400,1.8200,1.1900,-0.0287,0.0622,0.0407,0
5232,-0.8617,-8.7775,-4.4929,-0.4200,2.3100,0.7700,-0.0144,0.0790,0.0263,0
5271,-0.8665,-8.7248,-4.4139,-0.8400,2.5200,0.9800,-0.0287,0.0862,0.0335,0
5310,-0.9455,-8.7176,-4.2750,-0.6300,2.7300,1.2600,-0.0215,0.0934,0.0431,0
5349,-1.0197,-8.7488,-4.3995,0.2800,0.7000,-0.2100,0.0096,0.0239,-0.0072,0
5388,-0.7085,-8.8397,-4.3157,1.4000,0.0700,-0.3500,0.0479,0.0024,-0.0120,0
5427,-0.6176,-8.7176,-4.3301,1.1900,-0.9800,-0.2800,0.0407,-0.0335,-0.0096,0
5466,-0.7947,-8.7176,-4.3325,-2.4500,1.4000,1.1200,-0.0838,0.0479,0.0383,0
5505,-1.0125,-8.7057,-4.3875,-3.5700,4.4800,2.5200,-0.1221,0.1532,0.0862,0
5544,-0.8928,-8.7679,-4.5168,-1.6800,3.8500,3.3600,-0.0574,0.1317,0.1149,0
5583,-0.9287,-8.6793,-4.5000,0.9100,1.7500,1.3300,0.0311,0.0598,0.0455,0
5622,-0.9048,-8.6434,-4.5288,-1.0500,-1.2600,-0.2100,-0.0359,-0.0431,-0.0072,0
5661,-0.8473,-8.7631,-4.4330,-2.4500,1.1900,0.2100,-0.0838,0.0407,0.0072,0
5700,-1.0293,-8.7799,-4.5431,0.2800,-1.8900,-1.3300,0.0096,-0.0646,-0.0455,0
5739,-1.0101,-8.6386,-4.4594,1.6100,-2.5200,-2.6600,0.0551,-0.0862,-0.0910,0
5778,-0.9862,-8.5740,-4.3445,0.8400,-1.4000,-1.8900,0.0287,-0.0479,-0.0646,0
5817,-0.9527,-8.7942,-4.4857,-0.5600,-2.4500,-0.7000,-0.0191,-0.0838,-0.0239,0
5856,-0.8521,-8.6506,-4.5168,-0.0700,-3.2200,-1.5400,-0.0024,-0.1101,-0.0527,0
5895,-0.9120,-8.6602,-4.4234,-0.2100,-0.5600,-0.7700,-0.0072,-0.0191,-0.0263,0
5934,-0.9694,-8.7440,-4.3732,0.4900,-1.3300,-1.4700,0.0168,-0.0455,-0.0503,0
5973,-0.9216,-8.7823,-4.5048,2.5900,-3.7100,-2.2400,0.0886,-0.1269,-0.0766,0
6012,-0.8809,-8.6267,-4.5240,3.6400,-4.9000,-3.2200,0.1245,-0.1676,-0.1101,0
6051,-0.8665,-8.7679,-4.4211,-2.3800,-0.4200,-0.9800,-0.0814,-0.0144,-0.0335,0
6090,-0.9239,-8.7583,-4.5527,-0.0700,-0.6300,-1.9600,-0.0024,-0.0215,-0.0670,0
6129,-1.0771,-8.8421,-4.3756,3.4300,-2.5900,-3.6400,0.1173,-0.0886,-0.1245,0
6168,-0.6942,-8.6985,-4.2535,4.6200,-3.3600,-4.5500,0.1580,-0.1149,-0.1556,0
6207,-0.6128,-8.6434,-4.2511,2.0300,-1.1900,-2.0300,0.0694,-0.0407,-0.0694,0
6246,-0.8976,-8.8541,-4.3109,0.1400,-0.1400,-0.0700,0.0048,-0.0048,-0.0024,0
6285,-0.8282,-8.7871,-4.4115,2.1000,-0.6300,-1.6800,0.0718,-0.0215,-0.0574,0
6324,-0.8114,-8.8708,-4.3038,3.6400,-0.0700,-2.1000,0.1245,-0.0024,-0.0718,0
6363,-0.5697,-8.6339,-4.1889,3.5700,0.6300,-1.6800,0.1221,0.0215,-0.0574,0
6402,-0.6056,-8.8613,-4.2439,3.2900,1.3300,0.0000,0.1125,0.0455,0.0000,0
6441,-0.3471,-8.5692,-4.2296,-1.8200,5.3200,2.7300,-0.0622,0.1819,0.0934,0
6480,-1.0341,-8.9307,-4.3445,-1.8200,7.0700,2.9400,-0.0622,0.2418,0.1005,0
6519,-0.9503,-8.6937,-4.3564,3.9200,3.1500,-1.1900,0.1340,0.1077,-0.0407,0
6558,-0.8354,-8.6865,-4.2870,5.6700,1.4000,-3.4300,0.1939,0.0479,-0.1173,0
6597,-0.4979,-8.7320,-4.2056,2.8000,1.3300,-2.6600,0.0957,0.0455,-0.0910,0
6636,-0.5481,-8.6793,-4.2296,0.2100,1.6800,-0.0700,0.0072,0.0574,-0.0024,0
6675,-0.7803,-8.8014,-4.3804,-1.6800,3.5000,2.8000,-0.0574,0.1197,0.0957,0
6714,-1.0747,-8.8996,-4.2607,-2.2400,2.6600,0.5600,-0.0766,0.0910,0.0191,0
6753,-0.9790,-8.8756,-4.1937,5.8800,-3.6400,-6.3700,0.2011,-0.1245,-0.2178,0
6792,-0.5912,-8.7559,-4.2008,7.4900,-2.5900,-6.3000,0.2561,-0.0886,-0.2154,0
6831,-0.7755,-8.8828,-4.2224,4.9700,-2.5200,-3.2900,0.1699,-0.0862,-0.1125,0
6870,-1.2591,-9.0312,-4.0931,4.2700,-1.9600,-5.1800,0.1460,-0.0670,-0.1771,0
6909,-1.1226,-9.0839,-3.9447,5.9500,-3.7800,-8.8900,0.2035,-0.1293,-0.3040,0
6948,-0.6942,-8.8325,-3.7963,8.1200,-6.7900,-8.5400,0.2777,-0.2322,-0.2920,0
6987,-0.8545,-8.8517,-3.9040,3.3600,-7.7000,-7.2800,0.1149,-0.2633,-0.2489,0
7026,-0.9503,-9.0408,-4.0620,2.3100,-5.7400,-7.1400,0.0790,-0.1963,-0.2442,0
7065,-0.9311,-9.1605,-4.1195,6.9300,-6.3700,-9.5200,0.2370,-0.2178,-0.3255,0
7104,-0.7325,-9.0144,-3.7365,9.6600,-9.1700,-11.7600,0.3303,-0.3136,-0.4021,0
7143,-0.5840,-8.8230,-3.6599,7.6300,-11.0600,-11.6900,0.2609,-0.3782,-0.3997,0
7182,-0.5481,-8.9666,-3.8322,5.8800,-10.0800,-10.7100,0.2011,-0.3447,-0.3662,0
7221,-0.5721,-9.1150,-3.7796,4.6200,-8.1900,-10.0100,0.1580,-0.2801,-0.3423,0
7260,-0.5984,-9.2347,-3.7101,3.8500,-7.6300,-11.6900,0.1317,-0.2609,-0.3997,0
7299,-0.4715,-9.0288,-3.6958,4.9700,-9.0300,-13.5100,0.1699,-0.3088,-0.4620,0
7338,-0.5146,-8.9115,-3.5833,4.6900,-12.0400,-15.3300,0.1604,-0.4117,-0.5242,0
7377,-0.3160,-8.9307,-3.6072,1.4700,-12.5300,-12.1800,0.0503,-0.4285,-0.4165,0
7416,-0.2537,-9.1940,-3.6312,-3.0800,-15.1900,-13.4400,-0.1053,-0.5194,-0.4596,0
7455,-0.2537,-9.5147,-3.6934,-0.2100,-19.5300,-19.4600,-0.0072,-0.6678,-0.6654,0
7494,-0.0239,-9.0432,-3.6264,8.0500,-22.9600,-25.1300,0.2753,-0.7851,-0.8593,0
7533,-0.4620,-9.2179,-3.5163,5.1100,-25.7600,-28.4900,0.1747,-0.8809,-0.9742,0
7572,0.0024,-9.3759,-3.3559,6.3700,-31.8500,-37.3100,0.2178,-1.0891,-1.2758,0
7611,0.6750,-9.2203,-3.5450,11.2000,-42.4900,-41.4400,0.3830,-1.4529,-1.4170,0
7650,0.3997,-9.0192,-4.0524,4.9700,-47.0400,-38.9900,0.1699,-1.6085,-1.3333,0
7689,0.3926,-8.9019,-3.7556,1.9600,-44.8000,-41.6500,0.0670,-1.5319,-1.4242,0
7728,0.9048,-8.4567,-4.3325,4.0600,-46.5500,-38.7100,0.1388,-1.5918,-1.3237,0
7767,1.3524,-8.3059,-4.5455,4.9000,-45.3600,-33.6000,0.1676,-1.5511,-1.1489,0
7806,1.4673,-8.5261,-4.0740,3.4300,-43.6100,-26.1800,0.1173,-1.4912,-0.8952,0
7845,1.5319,-8.8493,-4.3469,3.7100,-41.7900,-21.3500,0.1269,-1.4290,-0.7301,0
7884,1.3285,-8.8660,-4.2511,5.3200,-40.1800,-16.6600,0.1819,-1.3739,-0.5697,0
7923,1.2662,-8.8948,-3.9998,5.1100,-41.1600,-13.0900,0.1747,-1.4075,-0.4476,0
7962,1.4386,-9.0863,-3.8753,8.1900,-42.3500,-11.2700,0.2801,-1.4482,-0.3854,0
8001,2.0394,-8.8397,-4.1769,12.9500,-38.9200,-6.1600,0.4428,-1.3309,-0.2106,0
8040,1.8359,-8.9690,-3.9471,13.3000,-39.2000,-1.8200,0.4548,-1.3404,-0.0622,0
8079,1.5200,-8.8804,-3.5282,11.5500,-37.5200,-0.5600,0.3950,-1.2830,-0.0191,0
8118,1.7306,-8.8182,-3.8538,12.6700,-35.0700,1.4700,0.4332,-1.1992,0.0503,0
8157,1.5630,-8.8373,-3.8179,12.3200,-32.2000,4.9700,0.4213,-1.1011,0.1699,0
8196,1.0652,-8.9019,-3.7867,10.7100,-30.6600,6.3000,0.3662,-1.0484,0.2154,0
8235,0.5481,-9.2155,-3.6886,4.8300,-27.8600,6.2300,0.1652,-0.9527,0.2130,0
8274,0.6439,-9.2107,-3.5761,10.9900,-25.5500,2.5900,0.3758,-0.8737,0.0886,0
8313,0.5936,-9.2514,-3.5450,9.9400,-21.3500,-0.1400,0.3399,-0.7301,-0.0048,0
8352,0.3997,-9.2514,-3.1165,8.7500,-21.4200,-0.6300,0.2992,-0.7325,-0.0215,0
8391,0.1029,-9.0767,-3.0327,3.4300,-23.5900,4.2000,0.1173,-0.8067,0.1436,0
8430,-0.2753,-9.0216,-2.9968,-11.4100,-27.2300,12.6000,-0.3902,-0.9311,0.4309,0
8469,-0.9263,-9.2658,-3.4038,-18.2700,-31.2200,16.1700,-0.6247,-1.0676,0.5529,0
8508,-1.2255,-9.5889,-3.1046,-16.8700,-29.7500,15.2600,-0.5769,-1.0173,0.5218,0
8547,-1.7162,-9.4980,-3.1285,-14.0700,-40.6700,12.3200,-0.4811,-1.3907,0.4213,0
8586,-1.8862,-8.9450,-3.2051,-9.3800,-48.1600,8.6100,-9.4621,-0.9838,3.1548,0
8624,-1.9053,-8.9355,-3.3176,-28.3500,-60.2000,24.2900,-0.9694,-2.0585,0.8306,0
8663,-2.3649,-8.4759,-3.5258,-47.1800,-74.2700,36.3300,-1.6133,-2.5397,1.2423,0
8702,-2.9801,-8.2796,-4.4665,-49.3500,-83.3700,37.8000,-1.6875,-2.8508,1.2926,0
8741,-2.9561,-8.1767,-4.2080,-35.7700,-73.7800,16.1700,-1.2232,-2.5229,0.5529,0
8780,-2.5349,-8.1862,-4.4976,-31.2200,-63.3500,8.2600,-1.0676,-2.1662,0.2824,0
8819,-2.8413,-7.8200,-4.8591,-31.0800,-47.8100,9.1700,-1.0628,-1.6349,0.3136,0
8858,-3.4971,-7.6692,-4.5551,-9.2400,-29.3300,40.6000,-0.3160,-1.0029,1.3883,0
8897,-4.0333,-7.4801,-5.0027,-27.4400,-29.1900,7.0700,-0.9383,-0.9981,0.2418,0
8936,-4.2152,-7.5256,-4.7777,-32.1300,-33.1800,4.2700,-1.0987,-1.1346,0.1460,0
8975,-4.5934,-7.5112,-4.7298,-33.4600,-37.1700,-1.9600,-1.1442,-1.2710,-0.0670,0
9014,-4.9261,-7.9565,-5.3665,-23.4500,-35.1400,-21.7700,-0.8019,-1.2016,-0.7444,0
9053,-4.1195,-7.4227,-5.6562,-11.2700,-34.5800,-31.6400,-0.3854,-1.1825,-1.0819,0
9092,-3.9423,-7.4562,-5.0961,-6.5100,-33.9500,-35.2800,-0.2226,-1.1609,-1.2064,0
9131,-4.1314,-7.1259,-4.5551,-17.0100,-28.2100,-36.2600,-0.5817,-0.9646,-1.2399,0
9170,-3.7389,-7.9684,-5.0649,-15.8200,-29.0500,-39.2000,-0.5410,-0.9934,-1.3404,0
9209,-2.3841,-8.4783,-5.2349,-7.5600,-28.4900,-31.5000,-0.2585,-0.9742,-1.0771,0
9248,-3.5163,-7.9636,-5.8860,-9.5200,-4.8300,-14.4200,-0.3255,-0.1652,-0.4931,0
9287,-3.1213,-8.9690,-5.4886,29.8900,24.8500,-41.2300,1.0221,0.8497,-1.4099,0
9326,-1.9987,-9.3280,-4.3851,51.1000,28.2100,-61.5300,1.7474,0.9646,-2.1040,0
9365,-1.4865,-8.8876,-3.3990,32.9700,13.2300,-45.5000,1.1274,0.4524,-1.5559,0
9404,-1.5654,-8.7679,-3.0447,30.1000,6.1600,-46.6900,1.0293,0.2106,-1.5966,0
9443,-1.2782,-8.3299,-3.2051,26.3900,-2.8700,-40.3900,0.9024,-0.0981,-1.3811,0
9482,-0.2011,-8.5238,-4.3756,20.5800,-16.1000,-33.1100,0.7037,-0.5505,-1.1322,0
9521,0.3926,-8.8158,-4.9333,8.4700,-11.6200,-25.1300,0.2896,-0.3973,-0.8593,0
9560,0.2298,-8.3849,-4.5336,5.6700,-3.5000,-20.7200,0.1939,-0.1197,-0.7085,0
9599,-0.9383,-8.5070,-4.1147,22.1200,17.9900,-29.1200,0.7564,0.6152,-0.9958,0
9638,-1.4697,-8.7368,-3.4588,19.5300,11.2700,-31.2200,0.6678,0.3854,-1.0676,0
9677,-0.7971,-8.7344,-3.7508,19.3900,-11.6200,-25.3400,0.6630,-0.3973,-0.8665,0
9716,0.1987,-8.8134,-4.0309,18.7600,-28.2100,-20.6500,0.6415,-0.9646,-0.7061,0
9755,0.6056,-8.4615,-4.1530,19.1800,-25.5500,-18.2000,0.6559,-0.8737,-0.6223,0
9794,0.2465,-8.6698,-4.4617,3.7800,-29.6800,-1.8200,0.1293,-1.0149,-0.0622,0
9833,-0.0862,-9.1389,-4.1290,-0.9100,-10.0100,7.9100,-0.0311,-0.3423,0.2705,0
9872,0.3016,-9.5051,-4.1171,8.7500,-3.7800,10.3600,0.2992,-0.1293,0.3543,0
9911,1.0891,-9.7421,-4.1506,23.3800,4.6200,9.3800,0.7995,0.1580,0.3207,0
9950,0.6200,-9.5243,-4.4570,15.6100,3.2900,18.2700,0.5338,0.1125,0.6247,0
9989,-0.3567,-9.2418,-4.8663,20.0900,15.3300,14.4200,0.6870,0.5242,0.4931,0
10028,0.2274,-9.3400,-3.9854,0.7700,19.1800,18.9700,0.0263,0.6559,0.6487,0
10067,-1.4577,-12.4206,-3.5665,-16.3100,27.1600,7.1400,-0.5577,0.9287,0.2442,0
10106,-0.5242,-10.5536,-4.1434,14.0000,3.9900,-1.1900,0.4787,0.1364,-0.0407,0
10145,-0.7013,-10.0054,-0.5266,9.5200,-1.8900,8.1200,0.3255,-0.0646,0.2777,0
10184,-1.6349,-6.9822,-0.4021,11.6200,-31.2900,3.2900,0.3973,-1.0700,0.1125,0
10223,-1.2303,-6.2785,-0.1915,-18.9000,-28.0700,7.1400,-0.6463,-0.9598,0.2442,0
10262,-1.7498,-9.2993,-1.5080,-55.5100,-28.7000,19.3900,-1.8982,-0.9814,0.6630,0
10301,-2.7647,-10.5512,-3.0639,-58.7300,-50.0500,39.3400,-2.0083,-1.7115,1.3452,0
10340,-2.2045,-8.9450,-2.6713,-50.6100,-49.4900,53.3400,-9.9887,2.1878,2.2045,0
10378,-2.3865,-8.7152,-3.5857,-64.6800,-48.6500,67.0600,-8.8182,5.0745,0.8378,0
10416,-3.1907,-8.8517,-3.3607,-56.2100,-37.0300,54.5300,-8.9211,3.2936,1.5415,0
10454,-3.8514,-8.3801,-3.1835,-21.1400,-21.3500,39.1300,-9.1246,1.8240,1.3309,0
10492,-3.3798,-6.7477,-4.0117,-36.4000,-16.5900,38.1500,-8.6913,1.1657,0.7755,0
10530,-4.0572,-6.8243,-4.6939,-34.5100,-14.2100,32.8300,-8.0953,1.2591,0.2753,0
10568,-4.7562,-6.8147,-4.8088,-19.6700,-4.8300,10.3600,-7.9253,1.4912,0.4021,0
10606,-5.2205,-6.7836,-4.7011,-14.6300,-1.4700,-7.3500,-0.5003,-0.0503,-0.2513,0
10645,-4.7370,-6.5873,-4.9764,-7.2800,-1.1200,-23.3100,-0.2489,-0.0383,-0.7971,0
10684,-4.0620,-6.9990,-5.1296,-6.3000,2.8700,-23.1000,-0.2154,0.0981,-0.7899,0
10723,-4.3660,-7.1977,-5.4958,-15.1200,5.8100,-9.1700,-0.5170,0.1987,-0.3136,0
10762,-5.2923,-7.2719,-6.1780,-23.5900,12.5300,-0.5600,-0.8067,0.4285,-0.0191,0
10801,-5.5915,-6.3312,-6.1995,-26.3200,15.7500,6.2300,-0.9000,0.5386,0.2130,0
10840,-5.8788,-7.4969,-5.8309,-2.7300,24.7100,-6.5100,-0.0934,0.8450,-0.2226,0
10879,-3.6455,-10.7570,-7.4825,65.2400,7.4200,-30.4500,2.2309,0.2537,-1.0412,0
10918,-3.3726,-9.8283,-3.5450,43.4000,-0.3500,-7.2100,-6.3408,4.3732,5.4982,0
10956,-1.9867,-9.1724,-2.5612,73.9900,4.7600,-40.1800,-8.5597,3.0088,2.9226,0
10994,-1.0460,-8.4639,-1.8575,76.3700,12.5300,-49.6300,2.6115,0.4285,-1.6971,0
11033,-0.1029,-8.4400,-3.7484,68.5300,15.2600,-44.4500,2.3434,0.5218,-1.5200,0
11072,-0.3231,-8.7296,-3.7245,30.8700,25.6200,-20.9300,1.0556,0.8761,-0.7157,0
11111,-1.0101,-8.3753,-3.9615,21.8400,39.6200,-23.7300,0.7468,1.3548,-0.8114,0
11150,-2.0896,-8.7918,-3.8562,20.9300,40.1800,-22.2600,0.7157,1.3739,-0.7612,0
11189,-1.7857,-8.6674,-3.4756,41.3700,33.8100,-27.9300,1.4146,1.1561,-0.9551,0
11228,-1.4003,-8.8373,-2.4654,43.3300,28.5600,-25.4800,1.4817,0.9766,-0.8713,0
11267,-0.7348,-8.3490,-2.2740,31.6400,14.4200,-11.3400,1.0819,0.4931,-0.3878,0
11306,-0.9814,-7.9732,-3.0184,7.0000,19.3200,5.2500,0.2394,0.6606,0.1795,0
11345,-2.2644,-8.9355,-3.2386,5.4600,16.8700,9.3800,0.1867,0.5769,0.3207,0
11384,-1.0556,-9.0791,-3.6144,22.6100,13.5100,15.8900,0.7731,0.4620,0.5434,0
11423,0.1867,-9.7206,-4.7418,25.6200,20.3000,32.3400,0.8761,0.6942,1.1059,0
11462,-1.0843,-9.1724,-4.6963,28.2800,38.8500,27.3000,0.9670,1.3285,0.9335,0
11501,-3.5378,-9.2347,-4.0093,-4.8300,40.8800,23.1700,-0.1652,1.3979,0.7923,0
11540,-3.5713,-9.9958,-3.6862,1.1900,19.2500,7.5600,0.0407,0.6583,0.2585,0
11579,-3.2889,-11.5350,-1.7904,-10.0800,-4.4800,-12.2500,-0.3447,-0.1532,-0.4189,0
11618,-0.2801,-12.3129,-2.9107,5.6000,-14.0700,-11.5500,0.1915,-0.4811,-0.3950,0
11657,1.4721,-10.6278,-1.4362,14.0700,-10.4300,0.4900,0.4811,-0.3567,0.0168,0
11696,1.5870,-7.1450,0.1891,1.2600,0.5600,4.2000,0.0431,0.0191,0.1436,0
11735,-0.6319,-6.6950,0.1197,-25.6200,58.5900,3.8500,-0.8761,2.0035,0.1317,0
11774,-3.2530,-9.8809,-0.8306,-48.7900,11.3400,50.6800,-1.6684,0.3878,1.7330,0
11813,-4.3612,-8.4256,-1.4434,-79.3800,-37.8700,93.5200,-2.7144,-1.2950,3.1979,0
11852,-3.8250,-8.2628,-2.8317,-81.1300,-24.0100,90.5800,-2.7742,-0.8210,3.0974,0
11891,-3.7532,-8.1120,-4.0764,-57.4700,-7.7700,62.6500,-1.9652,-0.2657,2.1423,0
11930,-3.7460,-7.7267,-4.2272,-28.2100,-5.9500,40.8800,-0.9646,-0.2035,1.3979,0
11969,-4.2200,-7.0852,-3.7867,-14.2100,3.7100,24.5700,-0.4859,0.1269,0.8402,0
12008,-4.7586,-6.7979,-4.3301,-3.3600,17.5000,0.4900,-0.1149,0.5984,0.0168,0
12047,-4.6006,-6.9655,-4.7107,11.1300,20.7200,-19.8800,-9.4980,-0.6056,0.2250,0
12085,-4.1625,-7.1259,-4.7442,20.3700,19.5300,-25.5500,-10.4363,-1.3739,-2.0346,0
12123,-4.1410,-7.3030,-4.3660,8.4700,24.1500,-19.9500,-0.0024,-0.0024,-0.0024,0
12161,-4.3684,-7.1378,-4.7203,-13.7200,21.5600,-8.4700,-0.4692,0.7372,-0.2896,0
12200,-4.7681,-7.2384,-5.3426,-31.0800,26.2500,11.5500,-1.0628,0.8976,0.3950,0
12239,-5.4671,-6.4150,-6.5562,-12.5300,32.9700,5.5300,-0.4285,1.1274,0.1891,0
12278,-6.6495,-10.8576,-6.9942,36.3300,39.3400,-37.9400,1.2423,1.3452,-1.2974,0
12317,-3.1357,-11.7049,-4.2152,84.0000,20.9300,-37.8700,2.8724,0.7157,-1.2950,0
12356,-2.3506,-9.0121,-2.7096,40.1100,2.3800,2.8700,1.3716,0.0814,0.0981,0
12395,-2.1040,-9.3113,-1.8048,56.0700,6.6500,-15.7500,1.9173,0.2274,-0.5386,0
12434,-0.5410,-8.8182,-1.3165,71.2600,17.9900,-35.6300,2.4367,0.6152,-1.2184,0
12473,0.8162,-9.0384,-2.5875,55.3700,23.2400,-26.8100,1.8934,0.7947,-0.9168,0
12512,0.9694,-8.2437,-3.1764,34.8600,45.9200,-12.4600,1.1920,1.5702,-0.4261,0
12551,0.2609,-8.3514,-3.4492,13.2300,66.2900,-1.5400,0.4524,2.2668,-0.0527,0
12590,-0.7444,-9.0049,-3.6383,6.0900,77.3500,1.6800,0.2082,2.6450,0.0574,0
12629,-1.1035,-8.7823,-3.3822,15.8900,78.9600,4.7600,0.5434,2.7000,0.1628,0
12668,-1.5726,-8.4615,-3.3870,11.2000,84.0700,24.7100,0.3830,2.8748,0.8450,0
12707,-2.5588,-7.9900,-4.1913,0.9100,81.2700,39.0600,0.0311,2.7790,1.3357,0
12746,-3.1931,-8.7129,-3.6838,1.3300,62.9300,42.0700,0.0455,2.1519,1.4386,0
12785,-3.1548,-8.9163,-2.5636,19.0400,40.1800,35.2800,0.6511,1.3739,1.2064,0
12824,-1.9652,-9.7182,-2.8748,36.9600,26.6700,23.1000,1.2638,0.9120,0.7899,0
12863,-1.2136,-8.7416,-3.3200,48.2300,34.7900,15.1900,1.6492,1.1896,0.5194,0
12902,-2.3673,-8.3945,-4.8687,23.5900,49.6300,22.4700,0.8067,1.6971,0.7684,0
12941,-3.2434,-9.8331,-5.5652,5.9500,52.7800,34.4400,0.2035,1.8048,1.1777,0
12980,-3.5569,-10.5320,-4.7107,20.0200,54.1100,27.9300,0.6846,1.8503,0.9551,0
13019,-4.4234,-11.4679,-2.3482,-7.4200,47.4600,7.9800,-0.2537,1.6229,0.2729,0
13058,-3.0878,-12.0233,-2.7862,16.5200,36.1900,-14.7700,0.5649,1.2375,-0.5051,0
13097,1.1705,-10.0868,-0.2250,19.6700,6.3000,14.7000,0.6726,0.2154,0.5027,0
13136,0.9598,-6.1062,0.0862,-6.2300,29.4700,17.2200,-0.2130,1.0077,0.5888,0
13175,-1.9915,-7.3844,-1.3883,-27.4400,70.6300,7.4200,-0.9383,2.4152,0.2537,0
13214,-4.7083,-10.4889,-2.9322,-39.4800,38.1500,28.3500,-1.3500,1.3045,0.9694,0
13253,-3.8394,-8.5788,-1.8670,-71.6100,-23.3100,94.3600,-2.4487,-0.7971,3.2266,0
13292,-3.4229,-7.5160,-2.5373,-56.2800,-18.3400,80.7800,-1.9245,-0.6271,2.7623,0
13331,-3.6144,-7.7578,-3.7389,-46.2000,-3.3600,58.1700,-1.5798,-0.1149,1.9891,0
13370,-3.6264,-7.4179,-4.1147,-38.5000,4.2700,45.4300,-1.3165,0.1460,1.5535,0
13409,-4.1578,-6.8338,-4.4043,-15.6800,10.2200,22.6100,-0.5362,0.3495,0.7731,0
13448,-5.1607,-7.0325,-4.1913,-4.6200,24.2200,6.4400,-0.1580,0.8282,0.2202,0
13487,-5.9243,-6.8745,-4.2224,7.9800,20.3000,-22.6100,0.2729,0.6942,-0.7731,0
13526,-5.0602,-6.8554,-4.4617,15.3300,6.7200,-44.2400,0.5242,0.2298,-1.5128,0
13565,-3.6024,-6.8123,-4.8782,-13.3000,1.8200,-15.8200,-0.4548,0.0622,-0.5410,0
13604,-4.7155,-6.6735,-5.7112,-75.8100,4.6200,38.7100,-2.5923,0.1580,1.3237,0
13643,-7.1642,-6.4724,-7.0971,-76.8600,13.5100,34.8600,-2.6282,0.4620,1.1920,0
13682,-8.1001,-13.1435,-8.4376,17.4300,9.9400,-37.1000,0.5960,0.3399,-1.2686,0
13721,-2.4894,-10.1873,-5.1128,85.5400,-7.9800,-45.3600,2.9250,-0.2729,-1.5511,0
13760,-2.3482,-9.1964,-3.4085,48.5100,-14.2100,-16.0300,1.6588,-0.4859,-0.5481,0
13799,-1.6037,-9.8426,-1.8287,61.6000,-2.9400,-32.6900,2.1064,-0.1005,-1.1178,0
13838,-0.6942,-8.4807,-1.2854,78.8900,1.8200,-47.0400,2.6976,0.0622,-1.6085,0
13877,0.2992,-8.0953,-2.9466,61.2500,0.2100,-34.7200,2.0944,0.0072,-1.1872,0
13916,0.6152,-8.3179,-2.9514,28.2100,20.0200,-15.8200,0.9646,0.6846,-0.5410,0
13955,0.0503,-8.4519,-3.3846,8.6100,36.4700,-9.1700,0.2944,1.2471,-0.3136,0
13994,-0.9718,-8.6219,-3.6934,10.0100,45.6400,-2.5200,0.3423,1.5607,-0.0862,0
14033,-1.8910,-9.2706,-3.5929,17.8500,45.2200,-1.9600,0.6104,1.5463,-0.0670,0
14072,-1.6995,-8.4089,-3.2386,26.9500,37.7300,-1.1900,0.9216,1.2902,-0.0407,0
14111,-1.5870,-8.1982,-3.3870,22.5400,22.8200,6.5100,0.7708,0.7803,0.2226,0
14150,-1.6899,-7.6644,-3.3726,20.1600,14.0700,13.5100,0.6894,0.4811,0.4620,0
14189,-2.2620,-8.2102,-2.8269,15.9600,13.6500,16.9400,0.5457,0.4668,0.5793,0
14228,-2.0944,-9.6871,-2.7287,20.0200,6.0900,12.6000,0.6846,0.2082,0.4309,0
14267,-2.0968,-9.7948,-3.3391,35.6300,0.3500,3.7800,1.2184,0.0120,0.1293,0
14306,-1.3859,-9.4357,-4.7538,28.3500,10.3600,16.1000,0.9694,0.3543,0.5505,0
14345,-1.9388,-9.5051,-5.6155,14.4900,26.8800,22.7500,0.4955,0.9192,0.7779,0
14384,-2.7431,-9.7469,-3.8107,-9.3800,22.8200,22.3300,-0.3207,0.7803,0.7636,0
14423,-3.6479,-11.3985,-1.6923,-40.4600,26.7400,9.3800,-1.3835,0.9144,0.3207,0
14462,-0.5434,-9.2706,-1.8646,-9.2400,-12.1800,-11.4100,-0.3160,-0.4165,-0.3902,0
14501,-0.1891,-9.1868,-0.3064,-58.4500,-47.3200,14.2100,-1.9987,-1.6181,0.4859,0
14540,-0.4165,-8.6602,0.1053,-54.1800,-13.0200,9.4500,-1.8527,-0.4452,0.3231,0
14579,-2.8795,-8.6554,-2.6761,-105.5600,-32.1300,64.2600,-3.6096,-1.0987,2.1974,0
14618,-4.9405,-8.7224,-4.1314,-177.1000,-51.5900,141.9600,-6.0559,-1.7641,4.8543,0
14657,-5.6274,-6.9822,-4.7681,-119.6300,-48.6500,105.8400,-4.0907,-1.6636,3.6192,0
14696,-5.8548,-6.3168,-5.0338,-83.1600,-59.0100,67.3400,-2.8436,-2.0178,2.3027,0
14735,-5.0602,-5.7854,-5.4312,-42.9800,-44.0300,24.0100,-1.4697,-1.5056,0.8210,0
14774,-4.5240,-5.0649,-5.6107,-18.2000,-35.7000,-11.7600,-0.6223,-1.2208,-0.4021,0
14813,-4.7514,-5.2181,-5.2133,-8.4000,-31.3600,-32.6200,-0.2872,-1.0724,-1.1154,0
14852,-5.4719,-5.0578,-5.9195,0.3500,-20.4400,-50.7500,0.0120,-0.6989,-1.7354,0
14891,-5.0410,-5.7184,-4.9931,3.2200,-27.2300,-56.6300,0.1101,-0.9311,-1.9365,0
14930,-4.1578,-6.9440,-5.1511,-34.3700,-24.1500,-16.1700,-1.1753,-0.8258,-0.5529,0
14969,-5.4192,-6.3647,-6.4724,-50.8200,-9.3100,-2.6600,-1.7378,-0.3184,-0.0910,0
15008,-6.3120,-5.5173,-6.7788,-30.6600,-4.2000,-22.6100,-1.0484,-0.1436,-0.7731,0
15047,-6.0966,-7.0469,-7.0971,6.0200,18.6200,-37.6600,0.2059,0.6367,-1.2878,0
15086,-2.2572,-9.8522,-6.5418,100.8000,1.3300,-88.2700,3.4468,0.0455,-3.0184,0
15125,-3.1859,-8.1073,-4.9046,15.1200,-26.6000,-4.9000,0.5170,-0.9096,-0.1676,0
15164,-5.7591,-10.8288,-4.1649,34.3000,3.4300,-34.4400,1.1729,0.1173,-1.1777,0
15203,-3.0567,-8.6554,-1.6947,99.6800,-12.8100,-106.4000,3.4085,-0.4380,-3.6383,0
15242,-1.4458,-7.8727,-2.2883,50.1900,-46.9700,-61.5300,1.7162,-1.6061,-2.1040,0
15281,-0.6223,-8.4208,-4.0189,32.2000,-53.2700,-56.6300,1.1011,-1.8216,-1.9365,0
15320,-0.4715,-8.0881,-4.0022,13.0200,-35.5600,-44.4500,0.4452,-1.2160,-1.5200,0
15359,-1.2471,-8.4711,-3.4301,9.2400,-27.7200,-35.0700,0.3160,-0.9479,-1.1992,0
15398,-2.0226,-8.8301,-3.6527,18.3400,-18.9700,-34.0900,0.6271,-0.6487,-1.1657,0
15437,-1.5750,-9.7134,-3.8322,12.9500,-23.3800,-26.8800,0.4428,-0.7995,-0.9192,0
15476,-1.0364,-8.4519,-3.9687,41.8600,-32.4100,-34.4400,1.4314,-1.1083,-1.1777,0
15515,-2.3936,-8.2557,-2.5947,14.5600,-49.5600,-7.0000,0.4979,-1.6947,-0.2394,0
15554,-2.4487,-8.5477,-2.6043,24.5000,-53.4800,-3.8500,0.8378,-1.8287,-0.1317,0
15593,-0.0191,-9.8833,-0.8617,-1.3300,-60.7600,19.0400,-0.0455,-2.0777,0.6511,0
15632,-0.1771,-10.0437,-1.1561,-32.4100,-22.6100,15.2600,-1.1083,-0.7731,0.5218,0
15671,-2.7599,-10.0700,-1.9700,-58.3800,-20.7900,5.4600,-1.9963,-0.7109,0.1867,0
15710,-3.9974,-8.4495,-1.2686,-52.1500,-33.9500,7.9100,-1.7833,-1.1609,0.2705,0
15749,-4.3899,-9.7924,-1.4529,-45.3600,-55.3700,-0.2100,-1.5511,-1.8934,-0.0072,0
15788,-3.0830,-9.7661,-2.7048,-12.1100,-92.5400,-34.5800,-0.4141,-3.1644,-1.1825,0
15827,-3.4684,-7.9732,-2.6091,-15.6100,-108.4300,-31.4300,-0.5338,-3.7077,-1.0747,0
15866,-3.6144,-7.5735,-2.0250,-33.3200,-117.3900,-28.9800,-1.1394,-4.0141,-0.9910,0
15905,-3.7197,-7.0277,-1.5463,-40.6000,-126.8400,-38.6400,-1.3883,-4.3373,-1.3213,0
15944,-2.4846,-7.2934,-1.8838,-64.8200,-128.1700,-29.8900,-2.2165,-4.3828,-1.0221,0
15983,-2.4798,-7.7099,-4.1601,-61.1800,-131.1100,-48.9300,-2.0920,-4.4833,-1.6732,0
16022,-1.9412,-10.6780,-4.4570,-7.2100,-115.9900,-94.5700,-0.2465,-3.9663,-3.2338,0
16061,-1.4218,-12.1812,-3.1476,32.1300,-93.8700,-100.1000,1.0987,-3.2099,-3.4229,0
16100,-0.9670,-10.8145,-2.4798,14.1400,-81.0600,-62.2300,0.4835,-2.7718,-2.1279,0
16139,-2.4774,-6.4916,-4.2798,-17.3600,-82.9500,-50.0500,-0.5936,-2.8365,-1.7115,0
16178,-3.1716,-7.7123,-4.9620,-35.8400,-103.2500,-46.8300,-1.2255,-3.5306,-1.6013,0
16217,-1.5535,-8.3897,-3.8849,-24.0800,-123.7600,-53.1300,-0.8234,-4.2320,-1.8168,0
16256,-0.5960,-9.2107,-4.2008,-7.2800,-114.5200,-45.9200,-0.2489,-3.9160,-1.5702,0
16295,0.5242,-7.4394,-5.1152,-1.0500,-86.1700,-38.9200,-0.0359,-2.9466,-1.3309,0
16334,-0.2465,-7.9804,-4.7514,-23.8000,-56.6300,-12.1800,-0.8138,-1.9365,-0.4165,0
16373,-1.3524,-9.0288,-4.4833,-34.2300,-47.3900,0.8400,-1.1705,-1.6205,0.0287,0
16412,-1.3093,-9.0456,-5.1176,-17.0800,-51.7300,-0.7700,-0.5840,-1.7689,-0.0263,0
16451,-1.3309,-9.0192,-4.4282,-2.3100,-67.6200,-5.6000,-0.0790,-2.3123,-0.1915,0
16490,-1.4003,-8.6195,-3.6335,3.9900,-90.5800,-18.6900,0.1364,-3.0974,-0.6391,0
16529,0.0766,-9.4381,-3.8992,13.6500,-98.3500,-23.6600,0.4668,-3.3631,-0.8091,0
16568,0.7588,-10.0772,-4.3421,23.6600,-87.9900,-21.4200,0.8091,-3.0088,-0.7325,0
16607,0.2561,-9.1365,-4.6006,-4.4100,-80.7100,-7.8400,-0.1508,-2.7599,-0.2681,0
16646,-0.7013,-8.3538,-3.6288,-3.7800,-68.3200,-12.8100,-0.1293,-2.3362,-0.4380,0
16685,-2.8628,-11.3411,-3.4038,-87.7100,-57.6100,-10.4300,-2.9992,-1.9700,-0.3567,0
16724,-3.8849,-13.0310,-6.4006,-57.6800,-74.1300,-28.2800,-1.9724,-2.5349,-0.9670,0
16763,-0.1771,-9.0264,-5.4360,42.4200,-111.3000,-37.8000,1.4505,-3.8059,-1.2926,0
16802,-0.5242,-7.7674,-1.3644,-0.1400,-97.7900,-14.9800,-0.0048,-3.3439,-0.5122,0
16841,-2.3529,-7.8631,0.4835,-28.0000,-75.5300,-9.4500,-0.9575,-2.5827,-0.3231,0
16880,-3.5689,-8.4639,-0.4692,-47.2500,-53.9700,-5.7400,-1.6157,-1.8455,-0.1963,0
16919,-4.0046,-11.3411,-1.4266,-39.2000,-58.9400,0.8400,-1.3404,-2.0154,0.0287,0
16958,-3.6647,-9.0240,-1.6325,-37.3100,-92.7500,19.8800,-1.2758,-3.1716,0.6798,0
16997,-3.2434,-8.9115,-2.3218,-63.9100,-107.9400,43.2600,-2.1854,-3.6910,1.4793,0
17036,-3.5617,-7.0229,-3.0423,-86.1000,-86.4500,62.4400,-2.9442,-2.9561,2.1351,0
17075,-4.2272,-6.7381,-3.9734,-84.0700,-61.6700,56.0700,-2.8748,-2.1088,1.9173,0
17114,-3.7508,-6.9727,-3.4923,-70.4900,-47.1100,51.1000,-2.4104,-1.6109,1.7474,0
17153,-4.2750,-6.2522,-4.7729,-57.5400,-48.0900,28.2100,-1.9676,-1.6444,0.9646,0
17192,-4.9429,-6.2594,-4.9860,-42.9100,-30.2400,23.1000,-1.4673,-1.0341,0.7899,0
17231,-6.0990,-6.4078,-5.1224,-23.5200,-15.6100,-7.0700,-0.8043,-0.5338,-0.2418,0
17270,-5.9051,-6.3168,-4.9548,-0.1400,-14.9800,-39.4100,-0.0048,-0.5122,-1.3476,0
17309,-6.0128,-6.1828,-4.2607,-2.7300,-15.1900,-46.9000,-0.0934,-0.5194,-1.6037,0
17348,-5.5628,-6.0128,-4.5647,-40.1800,-6.9300,-16.1000,-1.3739,-0.2370,-0.5505,0
17387,-5.0673,-5.1822,-5.7304,-49.9100,-3.2900,3.4300,-1.7067,-0.1125,0.1173,0
17426,-7.2575,-11.3818,-9.6344,10.4300,-10.3600,-37.1000,0.3567,-0.3543,-1.2686,0
17465,-4.0453,-8.4160,-4.3995,0.9100,16.8000,16.5200,0.0311,0.5745,0.5649,0
17504,-6.5394,-10.3046,-3.8538,24.3600,22.6800,-18.9700,0.8330,0.7755,-0.6487,0
17543,-4.5527,-10.0102,-2.5803,83.6500,-18.5500,-73.2900,2.8604,-0.6343,-2.5061,0
17582,-2.0370,-7.9229,-2.9992,67.9000,-33.8800,-56.7000,2.3218,-1.1585,-1.9388,0
17621,-1.7019,-7.9206,-4.1984,31.6400,-12.8100,-38.4300,1.0819,-0.4380,-1.3141,0
17660,-1.2208,-8.1432,-4.0788,27.6500,10.0100,-42.8400,0.9455,0.3423,-1.4649,0
17699,-1.5654,-8.0546,-4.0022,25.6200,26.5300,-33.5300,0.8761,0.9072,-1.1466,0
17738,-2.0202,-8.2844,-3.1716,26.8800,21.3500,-15.1900,0.9192,0.7301,-0.5194,0
17777,-2.4798,-7.6261,-2.9944,29.2600,21.3500,-11.7600,1.0005,0.7301,-0.4021,0
17816,-2.2787,-7.6644,-2.7790,42.4900,7.8400,-21.4900,1.4529,0.2681,-0.7348,0
17855,-2.1040,-8.4041,-2.9561,34.2300,-6.2300,-12.8100,1.1705,-0.2130,-0.4380,0
17894,-1.7330,-9.1054,-3.4804,32.9000,-1.4000,0.5600,1.1250,-0.0479,0.0191,0
17933,-2.7551,-8.6195,-4.1817,22.1200,9.0300,13.4400,0.7564,0.3088,0.4596,0
17972,-3.3487,-9.3711,-3.6168,12.1800,18.6900,24.2200,0.4165,0.6391,0.8282,0
18011,-2.8125,-10.1658,-3.8992,38.6400,9.6600,16.2400,1.3213,0.3303,0.5553,0
18050,-1.8024,-8.3514,-4.3325,38.6400,12.1100,14.0000,1.3213,0.4141,0.4787,0
18089,-5.1248,-9.9240,-1.8982,-54.4600,43.6100,25.2000,-1.8623,1.4912,0.8617,0
18128,-4.5072,-11.4392,-3.2386,-49.4900,31.4300,10.2200,-1.6923,1.0747,0.3495,0
18167,-1.1609,-9.3017,-1.2184,-22.9600,-7.9800,2.3100,-0.7851,-0.2729,0.0790,0
18206,-0.8928,-7.5687,0.7468,-36.4000,-12.1800,-6.7200,-1.2447,-0.4165,-0.2298,0
18245,-2.4272,-8.3753,-0.4644,-43.6800,6.3700,3.8500,-1.4936,0.2178,0.1317,0
18284,-4.6867,-8.9259,-2.5660,-114.1700,-2.6600,81.5500,-3.9040,-0.0910,2.7886,0
18323,-5.4312,-8.4495,-3.3894,-111.7900,-25.5500,109.1300,-3.8226,-0.8737,3.7317,0
18362,-5.1798,-6.0703,-3.1022,-40.7400,-25.4800,42.9100,-1.3931,-0.8713,1.4673,0
18401,-5.4934,-6.1947,-3.5929,-76.0900,-26.9500,55.3700,-2.6019,-0.9216,1.8934,0
18440,-5.1894,-5.7136,-4.5719,-31.0100,-22.5400,8.8900,-1.0604,-0.7708,0.3040,0
18479,-4.8064,-5.2876,-4.3229,-22.9600,-19.2500,-12.4600,-0.7851,-0.6583,-0.4261,0
18518,-5.3115,-5.0314,-5.1248,-4.6200,-9.8000,-38.2200,-0.1580,-0.3351,-1.3069,0
18557,-5.5532,-5.2876,-4.9955,-0.9800,-3.4300,-55.5100,-0.0335,-0.1173,-1.8982,0
18596,-5.8596,-7.0349,-5.4743,-31.2200,-7.2800,-43.7500,-1.0676,-0.2489,-1.4960,0
18635,-5.3881,-6.6830,-5.3474,-60.4800,-22.9600,-14.5600,-2.0681,-0.7851,-0.4979,0
18674,-6.6591,-5.6442,-6.3216,-76.3700,-21.9800,-1.8900,-2.6115,-0.7516,-0.0646,0
18713,-6.7884,-5.3306,-7.2623,-52.5700,-15.5400,-25.2700,-1.7976,-0.5314,-0.8641,0
18752,-5.6370,-10.6062,-9.0432,51.6600,-16.1700,-91.7700,1.7665,-0.5529,-3.1381,0
18791,-4.1075,-8.4926,-6.1181,15.8900,-43.1200,-34.9300,0.5434,-1.4745,-1.1944,0
18830,-5.0410,-10.3381,-4.1865,54.3200,-22.4700,-70.2100,1.8575,-0.7684,-2.4008,0
18869,-3.6240,-9.3783,-2.2045,61.0400,-53.9700,-80.3600,2.0873,-1.8455,-2.7479,0
18908,-1.4218,-7.4011,-3.4827,52.6400,-73.0100,-62.8600,1.8000,-2.4966,-2.1495,0
18947,0.1436,-7.5687,-4.2655,32.9700,-63.9800,-53.9700,1.1274,-2.1878,-1.8455,0
18986,0.2130,-7.6190,-4.0476,2.6600,-36.2600,-43.2600,0.0910,-1.2399,-1.4793,0
19025,-0.5146,-7.5639,-4.0668,-3.2900,-13.0900,-24.1500,-0.1125,-0.4476,-0.8258,0
19064,-2.0513,-8.4113,-3.8753,-3.3600,2.3100,-8.2600,-0.1149,0.0790,-0.2824,0
19103,-3.3487,-8.3083,-4.2200,-5.6000,1.9600,-6.5100,-0.1915,0.0670,-0.2226,0
19142,-3.6599,-8.0737,-3.8011,6.7900,-9.7300,-10.9900,0.2322,-0.3327,-0.3758,0
19181,-3.1524,-8.7488,-4.7610,0.9800,-42.9800,0.5600,0.0335,-1.4697,0.0191,0
19220,-1.7880,-8.1958,-4.0788,45.7800,-58.8000,-24.9200,1.5654,-2.0107,-0.8521,0
19259,-1.8814,-8.1982,-3.4301,30.8000,-51.1700,-9.9400,1.0532,-1.7498,-0.3399,0
19298,-2.1543,-9.8786,-3.9615,21.9800,-35.2100,8.6800,0.7516,-1.2040,0.2968,0
19337,-2.3841,-9.1461,-5.4814,30.6600,-14.0000,17.7100,1.0484,-0.4787,0.6056,0
19376,-2.1447,-8.8972,-5.5365,-3.0800,-6.3000,35.9100,-0.1053,-0.2154,1.2279,0
19415,-4.3277,-9.3089,-3.0591,-55.6500,8.4000,23.2400,-1.9029,0.2872,0.7947,0
19454,-6.4173,-11.4009,-2.6186,-64.5400,-5.2500,-4.5500,-2.2069,-0.1795,-0.1556,0
19493,-2.8508,-9.3448,-2.3218,-22.4000,-60.7600,-25.2700,-0.7660,-2.0777,-0.8641,0
19532,-0.9096,-8.7129,-1.3404,-53.6200,-100.6600,-14.6300,-1.8335,-3.4421,-0.5003,0
19571,-1.3357,-8.9379,-0.8402,-16.4500,-46.9000,-37.8000,-0.5625,-1.6037,-1.2926,0
19610,-4.7250,-10.1538,-3.0974,-58.4500,-35.4200,4.2000,-1.9987,-1.2112,0.1436,0
19649,-5.6394,-8.1360,-2.1519,-89.6700,-52.2900,45.1500,-3.0663,-1.7880,1.5439,0
19688,-6.0080,-6.8865,-2.9107,-112.4200,-81.8300,60.5500,-3.8442,-2.7982,2.0705,0
19727,-6.3814,-6.5179,-4.3947,-96.6700,-89.2500,30.8700,-3.3056,-3.0519,1.0556,0
19766,-5.4120,-6.7333,-4.3732,-60.2700,-84.6300,-13.0200,-2.0609,-2.8939,-0.4452,0
19805,-4.5264,-6.0128,-4.7107,-52.4300,-80.9900,-15.6100,-1.7928,-2.7694,-0.5338,0
19844,-4.1434,-5.6011,-5.0075,-42.3500,-59.9900,-33.8100,-1.4482,-2.0513,-1.1561,0
19883,-4.2750,-5.9626,-5.0051,-39.7600,-50.7500,-44.8000,-1.3596,-1.7354,-1.5319,0
19922,-4.8232,-6.0894,-4.9477,-45.1500,-45.2200,-43.4700,-1.5439,-1.5463,-1.4865,0
19961,-5.0841,-6.8817,-4.2391,-63.9100,-31.1500,-14.3500,-2.1854,-1.0652,-0.4907,0
20000,-4.8232,-6.0392,-5.2493,-77.0000,-32.8300,7.4200,-2.6330,-1.1226,0.2537,0
20039,-5.6729,-5.4599,-6.0894,-71.0500,-22.1900,2.5900,-2.4295,-0.7588,0.0886,0
20078,-6.6687,-5.3330,-6.6088,-37.5900,-3.3600,-24.9900,-1.2854,-0.1149,-0.8545,0
20117,-6.7285,-9.0336,-6.8745,6.1600,-2.0300,-57.3300,0.2106,-0.0694,-1.9604,0
20156,-2.7000,-11.3219,-7.9995,90.5100,-32.2000,-76.1600,3.0950,-1.1011,-2.6043,0
20195,-5.0003,-7.3892,-5.3737,4.9000,17.8500,18.3400,0.1676,0.6104,0.6271,0
20234,-6.1588,-9.6775,-1.1992,68.6700,0.0000,-68.8100,2.3482,0.0000,-2.3529,0
20273,-2.7886,-7.8487,-1.4553,76.7900,-37.0300,-76.2300,2.6258,-1.2662,-2.6067,0
20312,-0.6846,-7.7554,-2.9753,53.9000,-41.7200,-57.7500,1.8431,-1.4266,-1.9748,0
20351,-0.6702,-8.3897,-3.8562,27.6500,-7.0000,-36.5400,0.9455,-0.2394,-1.2495,0
20390,-0.7372,-7.8870,-3.6288,19.8800,30.5200,-28.9100,0.6798,1.0436,-0.9886,0
20429,-2.0944,-8.3658,-3.3128,11.6200,50.8900,-5.1100,0.3973,1.7402,-0.1747,0
20468,-3.1405,-8.6961,-3.3774,14.9800,51.3800,2.8700,0.5122,1.7569,0.0981,0
20507,-3.1381,-8.3299,-3.2027,27.5100,42.4900,-1.4700,0.9407,1.4529,-0.0503,0
20546,-2.3601,-7.6812,-2.6115,41.9300,26.3900,-6.0200,1.4338,0.9024,-0.2059,0
20585,-2.1830,-8.5381,-3.2434,41.3000,27.0900,5.6000,1.4122,0.9263,0.1915,0
20624,-3.2027,-7.8248,-3.5139,28.2100,33.6700,26.9500,0.9646,1.1513,0.9216,0
20663,-5.3546,-9.1796,-2.4774,14.2800,23.5200,29.2600,0.4883,0.8043,1.0005,0
20702,-4.3421,-9.4884,-3.3080,35.0700,14.4200,19.1100,1.1992,0.4931,0.6535,0
20741,-2.9131,-9.3017,-4.7466,55.7900,21.0000,13.6500,1.9077,0.7181,0.4668,0
20780,-2.5636,-7.9158,-5.4886,33.7400,31.9200,33.2500,1.1537,1.0915,1.1370,0
20819,-5.5532,-7.7386,-1.9676,-17.0100,55.6500,33.4600,-0.5817,1.9029,1.1442,0
20858,-7.0780,-11.6379,-0.9862,-43.6800,57.0500,11.8300,-1.4936,1.9508,0.4045,0
20897,-1.5535,-9.4884,-1.5535,-5.0400,8.6100,-0.8400,-0.1723,0.2944,-0.0287,0
20936,-0.2872,-7.3916,-0.6678,-47.0400,-16.5200,21.7700,-1.6085,-0.5649,0.7444,0
20975,-1.7378,-7.4442,-0.3327,-22.5400,28.6300,-7.9100,-0.7708,0.9790,-0.2705,0
21014,-5.0266,-8.1216,-2.8891,-88.6200,31.2900,54.1100,-3.0303,1.0700,1.8503,0
21053,-7.9517,-8.3945,-3.8298,-140.4200,15.0500,128.8700,-4.8016,0.5146,4.4067,0
21092,-6.4772,-5.6514,-2.7431,-71.6800,-26.8800,55.7900,-2.4511,-0.9192,1.9077,0
21131,-6.6806,-6.2306,-4.3253,-53.6200,-29.2600,26.6000,-1.8335,-1.0005,0.9096,0
21170,-5.8333,-5.6921,-4.6365,-35.9800,-35.3500,6.0900,-1.2303,-1.2088,0.2082,0
21209,-5.2708,-5.0195,-4.3684,-24.0800,-43.6800,-21.1400,-0.8234,-1.4936,-0.7229,0
21248,-5.7017,-4.9285,-4.4115,-14.0000,-41.2300,-44.9400,-0.4787,-1.4099,-1.5367,0
21287,-6.0272,-5.0625,-4.8974,-2.7300,-35.4200,-72.3800,-0.0934,-1.2112,-2.4750,0
21326,-5.2038,-5.8979,-5.1894,5.2500,-33.3900,-78.6100,0.1795,-1.1418,-2.6881,0
21365,-5.3043,-7.0971,-5.4455,-19.7400,-26.9500,-51.9400,-0.6750,-0.9216,-1.7761,0
21404,-5.3019,-6.2067,-5.6131,-59.3600,-15.6800,-11.6200,-2.0298,-0.5362,-0.3973,0
21443,-6.5083,-5.3953,-6.2187,-58.7300,-14.9800,-15.6800,-2.0083,-0.5122,-0.5362,0
21482,-7.0062,-6.4078,-6.5562,-36.7500,-15.6100,-33.0400,-1.2567,-0.5338,-1.1298,0
21521,-5.2397,-10.7211,-7.5974,60.6200,-62.3700,-43.3300,2.0729,-2.1327,-1.4817,0
21560,-4.3133,-9.0599,-4.1458,14.0700,-41.2300,-27.3700,0.4811,-1.4099,-0.9359,0
21599,-4.6173,-9.3352,-1.9795,42.3500,-39.6200,-70.0000,1.4482,-1.3548,-2.3936,0
21638,-3.1931,-8.1432,-1.8646,45.1500,-51.5200,-76.0200,1.5439,-1.7617,-2.5995,0
21677,-1.6636,-7.5256,-2.8125,31.5700,-60.5500,-58.1700,1.0795,-2.0705,-1.9891,0
21716,-0.9383,-8.0498,-3.9782,12.7400,-48.5800,-44.8700,0.4356,-1.6612,-1.5343,0
21755,-0.8210,-8.0618,-3.9782,-2.0300,-22.1200,-37.5900,-0.0694,-0.7564,-1.2854,0
21794,-1.8407,-8.2724,-3.7604,-3.2900,-3.2900,-22.8200,-0.1125,-0.1125,-0.7803,0
21833,-2.7790,-8.2724,-3.5952,11.1300,1.6800,-21.7000,0.3806,0.0574,-0.7420,0
21872,-2.9825,-8.2652,-3.2721,1.3300,2.2400,-9.3800,0.0455,0.0766,-0.3207,0
21911,-3.2290,-7.9182,-3.4636,5.1100,-7.7700,-7.2100,0.1747,-0.2657,-0.2465,0
21950,-3.4947,-7.8511,-3.4851,10.0100,-18.7600,-3.9200,0.3423,-0.6415,-0.1340,0
21989,-2.7096,-8.6075,-3.7867,24.1500,-30.8000,-5.6700,0.8258,-1.0532,-0.1939,0
22028,-2.6282,-9.2754,-3.2577,27.0200,-22.5400,6.5100,0.9239,-0.7708,0.2226,0
22067,-3.0160,-8.8756,-3.5426,37.5900,-14.0000,9.8700,1.2854,-0.4787,0.3375,0
22106,-3.6910,-8.2198,-4.2296,31.7100,0.4900,16.7300,1.0843,0.0168,0.5721,0
22145,-3.9639,-8.1910,-3.8011,17.0100,4.4100,21.8400,0.5817,0.1508,0.7468,0
22184,-4.1649,-8.8565,-2.7814,-15.8900,-7.5600,17.0800,-0.5434,-0.2585,0.5840,0
22223,-5.8525,-11.2094,-2.8508,-62.3700,-21.7000,15.3300,-2.1327,-0.7420,0.5242,0
22262,-3.1764,-9.0719,-2.4439,-37.1700,-38.9200,-4.6200,-1.2710,-1.3309,-0.1580,0
22301,-1.6325,-9.7373,-0.8497,-73.7100,-61.4600,3.5700,-2.5205,-2.1016,0.1221,0
22340,-2.6019,-8.9043,-0.6606,-51.5900,-45.5700,-22.4700,-1.7641,-1.5583,-0.7684,0
22379,-5.1822,-8.9977,-2.1399,-59.7100,-35.4900,-9.8700,-2.0418,-1.2136,-0.3375,0
22418,-6.1349,-8.2892,-2.7718,-99.9600,-72.1000,44.5200,-3.4181,-2.4654,1.5224,0
22457,-5.9841,-5.6442,-2.7910,-94.3600,-85.1900,31.7800,-3.2266,-2.9131,1.0867,0
22496,-5.8620,-6.8985,-3.8083,-82.4600,-91.9800,2.0300,-2.8197,-3.1452,0.0694,0
22535,-5.2493,-7.1091,-4.4809,-72.1000,-88.1300,-13.0200,-2.4654,-3.0136,-0.4452,0
22574,-5.0841,-6.5825,-4.3564,-63.7700,-81.9000,-22.4000,-2.1806,-2.8006,-0.7660,0
22613,-4.9596,-6.0703,-4.6844,-53.9700,-70.2800,-35.4200,-1.8455,-2.4032,-1.2112,0
22652,-5.2947,-5.9290,-4.7777,-52.0800,-58.1700,-45.0800,-1.7809,-1.9891,-1.5415,0
22691,-5.9386,-5.7806,-4.6556,-42.1400,-57.6800,-59.9200,-1.4410,-1.9724,-2.0490,0
22730,-6.0990,-6.0056,-4.9788,-28.6300,-64.8900,-78.7500,-0.9790,-2.2189,-2.6928,0
22769,-5.4503,-6.6088,-4.8208,-22.8200,-67.2000,-81.3400,-0.7803,-2.2979,-2.7814,0
22808,-4.9261,-7.0588,-4.0070,-36.9600,-75.3900,-69.0900,-1.2638,-2.5780,-2.3625,0
22847,-4.5072,-6.9416,-3.8322,-38.2900,-82.4600,-89.1100,-1.3093,-2.8197,-3.0471,0
22886,-3.5809,-8.1336,-3.5450,-46.9000,-61.1800,-50.1900,-1.6037,-2.0920,-1.7162,0
22925,-4.0357,-7.2408,-3.4492,-59.4300,-49.0000,-30.9400,-2.0322,-1.6755,-1.0580,0
22964,-3.4109,-9.4716,-5.3809,-26.9500,-29.5400,-51.1700,-0.9216,-1.0101,-1.7498,0
23003,-3.7030,-15.0991,-5.5030,-2.2400,-47.8800,-46.9700,-0.0766,-1.6372,-1.6061,0
23042,-3.8657,-8.2365,-3.7245,-36.8200,-23.7300,-14.0000,-1.2591,-0.8114,-0.4787,0
23081,-5.1918,-9.1078,-4.9979,-26.9500,-1.3300,-44.8700,-0.9216,-0.0455,-1.5343,0
23120,-1.9293,-8.2820,-4.0596,23.5200,-25.6200,-86.0300,0.8043,-0.8761,-2.9418,0
23159,-0.9575,-7.4634,-3.8083,-5.1800,-31.6400,-59.5700,-0.1771,-1.0819,-2.0370,0
23198,-1.6732,-7.1618,-4.1865,-21.7000,-21.0000,-42.3500,-0.7420,-0.7181,-1.4482,0
23237,-1.6875,-7.6836,-5.4479,-9.9400,-6.0200,-44.8000,-0.3399,-0.2059,-1.5319,0
23276,-1.1944,-8.4974,-4.6293,2.0300,-3.9900,-56.9100,0.0694,-0.1364,-1.9460,0
23315,-1.1250,-8.4807,-4.5934,-12.1800,-1.8200,-36.6800,-0.4165,-0.0622,-1.2543,0
23354,-1.5176,-7.9062,-4.2990,-17.5000,-3.7800,-30.2400,-0.5984,-0.1293,-1.0341,0
23393,-1.7067,-8.0187,-4.0070,-15.8900,-17.7800,-29.2600,-0.5434,-0.6080,-1.0005,0
23432,-1.3165,-9.1389,-4.3229,-19.4600,-21.9100,-20.7200,-0.6654,-0.7492,-0.7085,0
23471,-0.7660,-9.2538,-4.7011,-12.8100,-16.4500,-16.0300,-0.4380,-0.5625,-0.5481,0
23510,-0.9096,-8.2461,-5.0314,-5.5300,-0.5600,-3.8500,-0.1891,-0.0191,-0.1317,0
23549,-1.5200,-8.7248,-4.8591,-9.7300,5.9500,-1.2600,-0.3327,0.2035,-0.0431,0
23588,-1.3811,-8.7105,-4.3253,-3.2200,-4.5500,-10.8500,-0.1101,-0.1556,-0.3710,0
23627,-1.6947,-7.6979,-4.7227,-9.2400,-4.4800,-10.9200,-0.3160,-0.1532,-0.3734,0
23666,-1.9987,-8.3610,-5.0171,-8.4000,-8.4000,-13.8600,-0.2872,-0.2872,-0.4739,0
23705,-1.3428,-8.8780,-4.9500,-0.3500,-12.6700,-16.1700,-0.0120,-0.4332,-0.5529,0
23744,-0.7875,-8.4687,-5.0625,7.9800,-15.3300,-15.1200,0.2729,-0.5242,-0.5170,0
23783,-0.2753,-8.6051,-4.6341,2.8000,-6.3700,-8.4700,0.0957,-0.2178,-0.2896,0
23822,-0.4572,-8.5477,-4.8064,-2.1700,7.0700,-1.3300,-0.0742,0.2418,-0.0455,0
23861,-1.2782,-8.5980,-4.8423,-2.2400,10.6400,2.6600,-0.0766,0.3638,0.0910,0
23900,-1.4146,-8.6075,-4.6173,2.1700,3.1500,0.9800,0.0742,0.1077,0.0335,0
23939,-1.2926,-8.4687,-4.9141,1.3300,0.5600,0.9100,0.0455,0.0191,0.0311,0
23978,-1.3668,-8.5429,-4.7921,0.8400,1.0500,-0.7700,0.0287,0.0359,-0.0263,0
24017,-1.2040,-8.4519,-4.7083,2.8700,-1.4700,-2.7300,0.0981,-0.0503,-0.0934,0
24056,-1.2208,-8.3897,-4.6221,0.3500,1.4700,-1.4000,0.0120,0.0503,-0.0479,0
24095,-1.4218,-8.3801,-4.9261,-0.4200,4.2000,1.0500,-0.0144,0.1436,0.0359,0
24134,-1.5798,-8.6722,-4.8423,5.4600,2.0300,0.1400,0.1867,0.0694,0.0048,0
24173,-1.4170,-8.6698,-4.5216,8.9600,0.0700,-3.9200,0.3064,0.0024,-0.1340,0
24212,-1.0125,-8.3394,-4.5431,1.8200,0.9100,0.7000,0.0622,0.0311,0.0239,0
24251,-1.1681,-8.2509,-4.5982,-1.5400,5.5300,5.0400,-0.0527,0.1891,0.1723,0
24290,-1.7402,-8.4567,-4.5288,-4.9700,5.3900,4.8300,-0.1699,0.1843,0.1652,0
24329,-1.5463,-8.5166,-4.6652,-2.1700,4.1300,4.8300,-0.0742,0.1412,0.1652,0
24368,-1.3859,-8.6554,-4.5144,-3.3600,2.5200,4.0600,-0.1149,0.0862,0.1388,0
24407,-1.4458,-8.5692,-4.6149,-4.8300,4.9700,2.1700,-0.1652,0.1699,0.0742,0
24446,-1.6372,-8.5118,-4.7729,-4.2700,2.8700,1.2600,-0.1460,0.0981,0.0431,0
24485,-1.5391,-8.7057,-4.6030,-0.7000,-0.9100,-1.6800,-0.0239,-0.0311,-0.0574,0
24524,-1.6085,-8.4567,-4.7586,0.3500,-3.2200,-4.4100,0.0120,-0.1101,-0.1508,0
24563,-1.4194,-8.4256,-4.5934,0.4200,-2.3100,-2.6600,0.0144,-0.0790,-0.0910,0
24602,-1.2950,-8.4352,-4.8423,-0.4200,-4.2700,-1.6100,-0.0144,-0.1460,-0.0551,0
24641,-1.3979,-8.4950,-4.7107,-2.1700,-2.4500,0.6300,-0.0742,-0.0838,0.0215,0
24680,-1.3500,-8.4543,-4.8663,1.4000,-2.2400,-0.1400,0.0479,-0.0766,-0.0048,0
24719,-1.3237,-8.4615,-4.5982,0.9100,1.4700,2.1000,0.0311,0.0503,0.0718,0
24758,-1.4122,-8.4878,-4.6963,-0.8400,4.2000,2.7300,-0.0287,0.1436,0.0934,0
24797,-1.7665,-8.5333,-4.9812,0.7000,5.1100,2.3800,0.0239,0.1747,0.0814,0
24836,-1.7282,-8.5405,-4.5886,4.4100,0.7700,-0.6300,0.1508,0.0263,-0.0215,0
24875,-1.3907,-8.3706,-4.5719,2.8700,-1.8200,-1.7500,0.0981,-0.0622,-0.0598,0
24914,-1.1896,-8.4711,-4.7562,0.7700,1.6800,1.2600,0.0263,0.0574,0.0431,0
24953,-1.5774,-8.6434,-5.0625,4.6200,1.4700,1.5400,0.1580,0.0503,0.0527,0
24992,-1.5200,-8.4926,-4.5192,8.3300,-0.1400,-0.7700,0.2848,-0.0048,-0.0263,0
25031,-1.3309,-8.4735,-4.5479,6.0200,-1.2600,-2.2400,0.2059,-0.0431,-0.0766,0
25070,-1.4721,-8.3658,-4.5838,0.7700,1.8900,0.6300,0.0263,0.0646,0.0215,0
25109,-1.6061,-8.7176,-4.4522,1.4000,-1.0500,-1.1900,0.0479,-0.0359,-0.0407,0
25148,-1.0604,-8.8397,-4.7514,5.4600,-4.4800,-0.9800,0.1867,-0.1532,-0.0335,0
25187,-0.5314,-8.5668,-4.5814,4.9000,-2.1700,1.2600,0.1676,-0.0742,0.0431,0
25226,-0.5314,-8.6147,-4.6580,0.8400,10.4300,6.1600,0.0287,0.3567,0.2106,0
25265,-0.7325,-8.6554,-4.6461,-0.3500,17.6400,8.7500,-0.0120,0.6032,0.2992,0
25304,-0.9000,-8.7272,-4.6700,-2.3100,19.9500,11.2700,-0.0790,0.6822,0.3854,0
25343,-1.1968,-8.4448,-4.9141,0.6300,23.8000,14.5600,0.0215,0.8138,0.4979,0
25382,-1.5463,-8.2916,-4.5862,-1.4000,25.5500,16.6600,-0.0479,0.8737,0.5697,0
25421,-1.7402,-8.2581,-4.5240,-4.2000,24.8500,16.5900,-0.1436,0.8497,0.5673,0
25460,-2.0968,-8.4256,-4.8304,-4.4800,23.5200,15.4700,-0.1532,0.8043,0.5290,0
25499,-2.3458,-8.3059,-4.8375,-4.6200,18.9000,13.4400,-0.1580,0.6463,0.4596,0
25538,-2.4080,-8.3849,-4.8950,-1.8900,8.4700,5.5300,-0.0646,0.2896,0.1891,0
25577,-2.0968,-8.1384,-4.9524,1.3300,5.1100,1.4000,0.0455,0.1747,0.0479,0
25616,-2.1734,-8.2341,-4.6628,0.7700,0.4200,-0.2100,0.0263,0.0144,-0.0072,0
25655,-2.0178,-8.4304,-4.6939,0.2100,-2.8700,-0.7700,0.0072,-0.0981,-0.0263,0
25694,-1.9293,-8.4136,-4.9644,3.7800,-5.1800,-2.8000,0.1293,-0.1771,-0.0957,0
25733,-1.7498,-8.3131,-4.6939,3.9900,-6.2300,-3.9900,0.1364,-0.2130,-0.1364,0
25772,-1.4553,-8.4831,-4.7490,2.7300,-5.1800,-3.0100,0.0934,-0.1771,-0.1029,0
25811,-1.1968,-8.5621,-4.7681,4.2700,-4.8300,-1.8900,0.1460,-0.1652,-0.0646,0
25850,-1.0388,-8.6482,-4.8447,6.4400,-1.4000,1.2600,0.2202,-0.0479,0.0431,0
25889,-1.0987,-8.5716,-4.6245,4.9700,5.6700,7.2800,0.1699,0.1939,0.2489,0
25928,-1.3763,-8.3753,-4.5479,3.8500,11.0600,10.3600,0.1317,0.3782,0.3543,0
25967,-2.0011,-8.3562,-4.5742,1.1900,11.3400,5.9500,0.0407,0.3878,0.2035,0
26006,-2.3194,-8.3562,-4.5240,0.0700,3.0800,1.5400,0.0024,0.1053,0.0527,0
26045,-1.9604,-8.2844,-4.7657,-1.0500,-4.3400,-1.3300,-0.0359,-0.1484,-0.0455,0
26084,-2.0896,-8.4926,-4.7250,0.2100,-7.9800,-4.5500,0.0072,-0.2729,-0.1556,0
26123,-1.7426,-8.5333,-4.5958,1.2600,-12.0400,-7.7000,0.0431,-0.4117,-0.2633,0
26162,-1.3931,-8.4017,-4.7873,-0.9800,-10.8500,-6.0900,-0.0335,-0.3710,-0.2082,0
26201,-1.4434,-8.3323,-4.7083,-1.3300,-8.1900,-4.4100,-0.0455,-0.2801,-0.1508,0
26240,-1.5487,-8.6051,-4.7370,-1.6100,-5.0400,-2.6600,-0.0551,-0.1723,-0.0910,0
26279,-1.4290,-8.6267,-4.6532,1.5400,-4.3400,-3.0800,0.0527,-0.1484,-0.1053,0
26318,-1.3380,-8.4089,-4.6341,-1.2600,-2.8700,-1.6800,-0.0431,-0.0981,-0.0574,0
26357,-1.5224,-8.4902,-4.6125,-3.1500,2.9400,1.1900,-0.1077,0.1005,0.0407,0
26396,-1.9006,-8.5333,-4.7083,-2.8000,-17.2200,-2.8000,-0.0957,-0.5888,-0.0957,0
26435,-1.8287,-8.4376,-4.4665,-3.0100,-7.1400,-5.6700,-0.1029,-0.2442,-0.1939,0
26474,-1.6851,-8.3275,-4.6484,-4.1300,-8.3300,-5.2500,-0.1412,-0.2848,-0.1795,0
26513,-1.5822,-8.5285,-4.7250,-2.8000,-9.2400,-5.8100,-0.0957,-0.3160,-0.1987,0
26552,-1.4338,-8.5525,-4.7442,-3.3600,-10.0100,-3.9900,-0.1149,-0.3423,-0.1364,0
26591,-1.5487,-8.4495,-4.9022,-0.8400,-7.4200,-4.4800,-0.0287,-0.2537,-0.1532,0
26630,-1.5319,-8.4711,-4.9405,2.7300,-5.5300,-5.5300,0.0934,-0.1891,-0.1891,0
26669,-1.4721,-8.2892,-4.7729,2.8700,-7.3500,-3.0100,0.0981,-0.2513,-0.1029,0
26708,-1.7952,-8.3873,-4.7298,-1.7500,-9.9400,-1.4700,-0.0598,-0.3399,-0.0503,0
26747,-1.9173,-8.2772,-4.6484,-0.2800,-16.0300,-6.0900,-0.0096,-0.5481,-0.2082,0
26786,-1.5415,-8.2772,-4.4330,-2.6600,-19.8800,-6.4400,-0.0910,-0.6798,-0.2202,0
26825,-1.6684,-8.5309,-4.7873,-4.0600,-21.0000,-3.2900,-0.1388,-0.7181,-0.1125,0
26864,-1.7952,-8.7105,-4.7250,5.2500,-25.8300,-9.5200,0.1795,-0.8833,-0.3255,0
26903,-1.5104,-8.4639,-4.4258,7.4900,-27.6500,-11.3400,0.2561,-0.9455,-0.3878,0
26942,-1.7833,-8.3107,-4.4330,1.8200,-27.7200,-7.4200,0.0622,-0.9479,-0.2537,0
26981,-1.7378,-8.3538,-4.6006,0.3500,-33.6000,-6.5800,0.0120,-1.1489,-0.2250,0
27020,-1.9245,-8.5812,-4.6508,2.0300,-38.9900,-4.6200,0.0694,-1.3333,-0.1580,0
27059,-1.7354,-8.7679,-4.2128,3.7800,-43.1200,-4.9700,0.1293,-1.4745,-0.1699,0
27098,-1.6899,-8.6506,-4.4019,6.0900,-43.5400,-7.3500,0.2082,-1.4888,-0.2513,0
27137,-1.6109,-8.9091,-4.1506,6.1600,-52.5700,-2.2400,0.2106,-1.7976,-0.0766,0
27176,-1.1035,-8.6123,-3.8897,10.0100,-58.8700,-1.7500,0.3423,-2.0131,-0.0598,0
27215,-0.9910,-8.4783,-3.6144,6.2300,-59.0100,3.2900,0.2130,-2.0178,0.1125,0
27254,-0.7037,-8.7894,-3.7987,4.2000,-53.8300,10.0100,0.1436,-1.8407,0.3423,0
27293,-1.3141,-8.3634,-3.6072,-2.4500,-49.9800,18.4100,-0.0838,-1.7091,0.6295,0
27332,-2.3218,-8.5597,-4.0835,-7.7700,-45.8500,16.3800,-0.2657,-1.5678,0.5601,0
27371,-2.6641,-8.7368,-4.3109,-10.3600,-45.7800,13.5100,-0.3543,-1.5654,0.4620,0
27410,-3.2984,-8.6746,-3.8442,-19.6000,-42.1400,5.5300,-0.6702,-1.4410,0.1891,0
27449,-3.5952,-7.8655,-3.9184,-31.5000,-32.9700,3.7100,-1.0771,-1.1274,0.1269,0
27488,-4.8447,-7.8583,-4.2535,-57.1900,-36.6100,0.5600,-1.9556,-1.2519,0.0191,0
27527,-5.7136,-8.2700,-4.3469,-53.6200,-61.0400,-14.0700,-1.8335,-2.0873,-0.4811,0
27566,-6.1349,-6.9033,-4.1003,-56.0700,-66.4300,-7.9100,-1.9173,-2.2716,-0.2705,0
27605,-7.2120,-8.4352,-4.0835,-70.9800,-63.4900,-1.6800,-2.4272,-2.1710,-0.0574,0
27644,-6.0415,-8.0019,-3.5330,-56.7700,-86.7300,-11.1300,-1.9412,-2.9657,-0.3806,0
27683,-5.3450,-6.9080,-3.7676,-54.1800,-107.1000,-11.2700,-1.8527,-3.6623,-0.3854,0
27722,-5.8094,-5.9338,-4.0046,-62.6500,-105.5600,-6.3700,-2.1423,-3.6096,-0.2178,0
27761,-6.7668,-6.1900,-5.1008,-93.7300,-74.6200,14.6300,-3.2051,-2.5516,0.5003,0
27800,-6.5634,-6.7070,-4.6676,-75.9500,-65.1000,3.0100,-2.5971,-2.2261,0.1029,0
27839,-6.5107,-5.4958,-4.6125,-69.2300,-64.7500,-6.7900,-2.3673,-2.2141,-0.2322,0
27878,-6.5466,-4.8615,-5.9602,-55.7200,-63.9800,-26.1100,-1.9053,-2.1878,-0.8928,0
27917,-6.3743,-5.1750,-5.3258,-48.3000,-65.5200,-33.6700,-1.6516,-2.2404,-1.1513,0
27956,-6.4724,-4.7035,-5.3282,-57.0500,-66.2200,-25.5500,-1.9508,-2.2644,-0.8737,0
27995,-6.3647,-4.8687,-5.0458,-50.8200,-65.9400,-32.6200,-1.7378,-2.2548,-1.1154,0
28034,-6.0583,-5.1966,-5.1008,-35.0700,-60.1300,-56.2800,-1.1992,-2.0561,-1.9245,0
28073,-5.5748,-5.6251,-5.0745,-26.6700,-53.2000,-66.0800,-0.9120,-1.8192,-2.2596,0
28112,-5.3426,-5.9195,-5.5796,-28.0000,-42.7000,-56.9100,-0.9575,-1.4601,-1.9460,0
28151,-5.4503,-5.7447,-5.6849,-29.4700,-33.7400,-42.7000,-1.0077,-1.1537,-1.4601,0
28190,-6.2570,-5.1128,-5.2086,-34.5100,-24.2900,-29.4000,-1.1801,-0.8306,-1.0053,0
28229,-6.6615,-5.4551,-6.1205,-39.4800,-13.9300,-22.3300,-1.3500,-0.4763,-0.7636,0
28268,-6.5729,-9.7278,-7.5878,9.3800,-36.0500,-46.9700,0.3207,-1.2327,-1.6061,0
28307,-5.7639,-8.5668,-5.0554,24.2900,-6.5800,-20.2300,0.8306,-0.2250,-0.6918,0
28346,-6.1445,-9.0408,-3.1117,66.5700,-24.0800,-73.7100,2.2764,-0.8234,-2.5205,0
28385,-4.6844,-8.3969,0.1173,63.8400,-26.0400,-74.4800,2.1830,-0.8904,-2.5468,0
28424,-3.5665,-7.1474,-1.2112,46.6200,-26.8100,-56.1400,1.5942,-0.9168,-1.9197,0
28463,-2.6378,-6.9559,-2.9490,38.3600,-21.6300,-52.4300,1.3117,-0.7396,-1.7928,0
28502,-2.3123,-8.1767,-3.4684,15.4000,-8.7500,-31.9900,0.5266,-0.2992,-1.0939,0
28541,-2.2668,-8.6889,-3.3679,14.7000,7.9800,-24.7800,0.5027,0.2729,-0.8473,0
28580,-2.6306,-8.7368,-3.6431,21.4900,18.4100,-16.3800,0.7348,0.6295,-0.5601,0
28619,-3.2793,-8.4160,-3.1955,24.5000,29.1200,-11.9000,0.8378,0.9958,-0.4069,0
28658,-3.6072,-8.1527,-2.4774,24.4300,22.4000,-9.4500,0.8354,0.7660,-0.3231,0
28697,-2.7766,-8.6578,-2.6522,26.9500,11.2700,-1.6100,0.9216,0.3854,-0.0551,0
28736,-2.7623,-8.2964,-3.0902,30.9400,21.6300,9.4500,1.0580,0.7396,0.3231,0
28775,-3.8370,-7.5854,-3.4085,30.3800,33.8800,17.7800,1.0388,1.1585,0.6080,0
28814,-4.4594,-8.1934,-2.5397,31.2900,28.0000,26.3200,1.0700,0.9575,0.9000,0
28853,-4.8016,-9.2203,-2.3625,27.7200,21.4200,27.0900,0.9479,0.7325,0.9263,0
28892,-4.8423,-8.9235,-2.7982,43.6100,15.2600,14.7000,1.4912,0.5218,0.5027,0
28931,-5.0219,-8.6458,-3.6766,45.4300,19.8100,12.0400,1.5535,0.6774,0.4117,0
28970,-4.4043,-8.4136,-4.5647,44.5200,35.0700,8.0500,1.5224,1.1992,0.2753,0
29009,-4.8782,-7.6549,-1.5152,-0.4900,55.6500,27.7900,-0.0168,1.9029,0.9503,0
29048,-6.8506,-11.9060,-0.1508,-57.8200,79.2400,27.3700,-1.9771,2.7096,0.9359,0
29087,-1.2878,-8.8996,-0.2513,-54.9500,18.6900,32.5500,-1.8790,0.6391,1.1130,0
29126,-1.6157,-8.8589,-0.4763,-57.6800,31.0100,35.5600,-1.9724,1.0604,1.2160,0
29165,-4.5575,-6.7070,-2.0873,-49.3500,50.1900,34.1600,-1.6875,1.7162,1.1681,0
29204,-9.2538,-7.4586,-3.2913,-90.7900,33.3200,94.0800,-3.1046,1.1394,3.2171,0
29243,-7.5256,-7.4514,-1.9867,-92.4700,16.4500,115.6400,-3.1620,0.5625,3.9543,0
29282,-6.1732,-5.5868,-3.8897,-47.6000,-27.0200,49.2100,-1.6277,-0.9239,1.6827,0
29321,-6.4317,-5.7136,-3.8466,-26.8800,-25.9700,34.5800,-0.9192,-0.8880,1.1825,0
29360,-6.3982,-5.3905,-3.9208,-18.7600,-14.9100,22.6100,-0.6415,-0.5098,0.7731,0
29399,-6.2235,-4.9931,-3.5187,-16.5200,-17.9900,13.3000,-0.5649,-0.6152,0.4548,0
29438,-6.1923,-5.1703,-4.3277,6.7200,-17.9200,-25.4800,0.2298,-0.6128,-0.8713,0
29477,-5.1511,-5.2086,-4.4115,28.4200,-13.6500,-57.0500,0.9718,-0.4668,-1.9508,0
29516,-5.2516,-5.2253,-4.5312,-1.6800,14.0700,-30.8000,-0.0574,0.4811,-1.0532,0
29555,-6.3838,-5.7088,-4.4282,-17.9900,13.3700,-15.0500,-0.6152,0.4572,-0.5146,0
29594,-7.2384,-5.0386,-5.8788,-36.4000,12.1800,-3.3600,-1.2447,0.4165,-0.1149,0
29633,-8.5716,-5.2062,-6.0655,-33.1100,14.2100,-13.0200,-1.1322,0.4859,-0.4452,0
29672,-8.4017,-5.4264,-5.2660,-35.2100,-0.9100,-9.7300,-1.2040,-0.0311,-0.3327,0
29711,-7.5878,-10.9509,-7.8296,69.3700,-40.7400,-77.0700,2.3721,-1.3931,-2.6354,0
29750,-3.8466,-7.7985,-4.4929,24.7800,-38.6400,-8.7500,0.8473,-1.3213,-0.2992,0
29789,-5.2899,-9.0408,-1.6660,33.5300,-22.3300,-25.4800,1.1466,-0.7636,-0.8713,0
29828,-4.9165,-9.5770,-1.1059,61.2500,-28.6300,-61.6700,2.0944,-0.9790,-2.1088,0
29867,-3.0543,-8.4256,-2.7551,48.3700,-35.9100,-50.1900,1.6540,-1.2279,-1.7162,0
29906,-2.1639,-8.2509,-4.2631,22.9600,-24.5000,-39.7600,0.7851,-0.8378,-1.3596,0
29945,-1.7761,-7.6142,-4.2846,28.7700,10.2200,-27.4400,0.9838,0.3495,-0.9383,0
29984,-2.7742,-7.3940,-3.3559,34.2300,27.5800,-16.2400,1.1705,0.9431,-0.5553,0
30023,-4.4306,-7.5112,-3.1716,32.3400,45.5000,-11.1300,1.1059,1.5559,-0.3806,0
30062,-4.6484,-7.1330,-2.8652,16.3800,45.0100,9.2400,0.5601,1.5391,0.3160,0
30101,-4.8782,-6.9296,-2.9274,19.1800,29.0500,11.4100,0.6559,0.9934,0.3902,0
30140,-4.4402,-7.3150,-3.4038,15.4000,12.4600,18.2700,0.5266,0.4261,0.6247,0
30179,-4.7514,-8.0450,-3.5498,11.6900,4.5500,22.8200,0.3997,0.1556,0.7803,0
30218,-4.8663,-7.8009,-2.6402,34.9300,-9.2400,2.3800,1.1944,-0.3160,0.0814,0
30257,-4.5527,-8.9809,-3.1692,50.4000,-27.4400,-4.6900,1.7234,-0.9383,-0.1604,0
30296,-3.6192,-8.9139,-3.7030,53.8300,-10.6400,-5.8800,1.8407,-0.3638,-0.2011,0
30335,-4.1051,-9.2418,-4.4546,36.9600,19.6000,5.2500,1.2638,0.6702,0.1795,0
30374,-5.6274,-9.1437,-3.9998,24.8500,36.7500,15.7500,0.8497,1.2567,0.5386,0
30413,-7.3580,-9.7038,-0.9407,-42.2100,40.8800,18.3400,-1.4434,1.3979,0.6271,0
30452,-5.4407,-10.7020,-2.6474,-20.3000,25.3400,-5.5300,-0.6942,0.8665,-0.1891,0
30491,-1.2543,-9.4812,-0.6439,-51.7300,2.0300,28.9100,-1.7689,0.0694,0.9886,0
30530,-1.3261,-8.8660,-0.6128,-31.2200,23.3800,8.3300,-1.0676,0.7995,0.2848,0
30569,-3.8585,-6.9176,-0.6894,-21.3500,47.4600,-4.1300,-0.7301,1.6229,-0.1412,0
30608,-7.6285,-7.7123,-2.6617,-79.4500,43.4000,88.0600,-2.7168,1.4841,3.0112,0
30647,-6.8674,-5.4288,-1.9293,-43.2600,7.3500,76.5100,-1.4793,0.2513,2.6162,0
30686,-6.3743,-5.0314,-2.9226,-70.2100,-10.5000,90.0900,-2.4008,-0.3590,3.0806,0
30725,-5.7639,-5.9817,-3.4133,-45.2900,-14.7000,43.3300,-1.5487,-0.5027,1.4817,0
30764,-5.6418,-5.6705,-4.4761,-28.4900,-20.2300,15.3300,-0.9742,-0.6918,0.5242,0
30803,-5.6993,-4.8998,-4.7801,-0.9100,-16.4500,-17.5000,-0.0311,-0.5625,-0.5984,0
30842,-6.4245,-4.9883,-4.2966,22.1900,-6.0200,-49.3500,0.7588,-0.2059,-1.6875,0
30881,-6.7596,-5.3282,-4.0022,21.9100,-17.0800,-70.5600,0.7492,-0.5840,-2.4128,0
30920,-5.9458,-6.8697,-3.2458,-14.6300,-7.4900,-36.7500,-0.5003,-0.2561,-1.2567,0
30959,-6.1181,-6.0607,-4.0070,-55.5800,10.5700,15.7500,-1.9006,0.3614,0.5386,0
30998,-8.6291,-4.7442,-5.2373,-51.6600,14.4900,15.8200,-1.7665,0.4955,0.5410,0
31037,-9.1365,-8.2820,-5.9817,28.7000,32.6900,-44.9400,0.9814,1.1178,-1.5367,0
31076,-5.0123,-10.9653,-5.0386,36.6800,-48.0900,-36.1900,1.2543,-1.6444,-1.2375,0
31115,-5.3641,-10.4171,-3.5617,16.9400,-51.5900,-6.3700,0.5793,-1.7641,-0.2178,0
31154,-4.5168,-9.7062,-2.1040,39.2000,-37.0300,-34.3000,1.3404,-1.2662,-1.1729,0
31193,-3.7891,-8.6363,-0.8737,65.8700,-43.1900,-61.0400,2.2524,-1.4769,-2.0873,0
31232,-1.8694,-8.3562,-2.5349,52.6400,-51.1000,-47.4600,1.8000,-1.7474,-1.6229,0
31271,-1.6947,-8.1623,-3.3152,34.0900,-13.9300,-43.4700,1.1657,-0.4763,-1.4865,0
31310,-2.9035,-7.3317,-2.3649,16.2400,6.0200,-21.5600,0.5553,0.2059,-0.7372,0
31349,-4.0596,-7.5328,-2.5875,9.1000,12.4600,-9.9400,0.3112,0.4261,-0.3399,0
31388,-4.4713,-7.4538,-3.0160,25.2000,22.5400,-15.9600,0.8617,0.7708,-0.5457,0
31427,-5.0075,-8.0187,-2.9944,2.3800,9.1000,6.6500,0.0814,0.3112,0.2274,0
31466,-4.7586,-8.5525,-2.2524,22.2600,-12.0400,-7.7000,0.7612,-0.4117,-0.2633,0
31505,-3.4588,-7.5519,-2.8843,31.4300,-10.4300,-7.1400,1.0747,-0.3567,-0.2442,0
31544,-4.0572,-7.5543,-3.0686,21.7700,6.0900,7.4900,0.7444,0.2082,0.2561,0
31583,-5.3665,-7.6022,-2.0490,7.3500,0.6300,12.1100,0.2513,0.0215,0.4141,0
31622,-6.3168,-9.2801,-0.9934,-31.9900,1.9600,25.6200,-1.0939,0.0670,0.8761,0
31661,-4.7562,-12.9424,-3.0351,-37.7300,1.7500,17.0100,-1.2902,0.0598,0.5817,0
31700,-2.0585,-10.9892,-3.9280,5.3900,-17.1500,3.0100,0.1843,-0.5864,0.1029,0
31739,-2.5995,-6.1229,0.2633,-59.7100,-15.9600,38.4300,-2.0418,-0.5457,1.3141,0
31778,-2.4295,-4.9046,0.9718,-62.6500,15.7500,9.6600,-2.1423,0.5386,0.3303,0
31817,-6.8171,-10.1730,-3.5785,-93.5900,22.4700,44.7300,-3.2003,0.7684,1.5295,0
31856,-6.0487,-6.7525,-2.8795,-83.8600,20.0900,97.2300,-2.8676,0.6870,3.3248,0
31895,-7.4969,-5.7399,-3.8538,-72.3800,-6.7900,85.1900,-2.4750,-0.2322,2.9131,0
31934,-7.8918,-5.3139,-4.2463,-71.4700,-20.9300,50.8900,-2.4439,-0.7157,1.7402,0
31973,-6.9392,-5.7735,-3.6431,-42.9100,-28.9800,12.2500,-1.4673,-0.9910,0.4189,0
32012,-6.4676,-5.3043,-4.2750,-26.9500,-33.2500,-12.9500,-0.9216,-1.1370,-0.4428,0
32051,-5.7184,-4.9668,-4.5695,-9.7300,-38.4300,-40.3200,-0.3327,-1.3141,-1.3787,0
32090,-5.8453,-5.2421,-4.8902,-3.3600,-28.9800,-56.9100,-0.1149,-0.9910,-1.9460,0
32129,-6.0080,-5.5628,-5.0482,22.8900,-17.5700,-85.1900,0.7827,-0.6008,-2.9131,0
32168,-6.3072,-6.8889,-4.7155,2.8000,-5.0400,-51.5900,0.0957,-0.1723,-1.7641,0
32207,-6.7166,-4.8711,-4.4378,-14.5600,-5.0400,-27.6500,-0.4979,-0.1723,-0.9455,0
32246,-7.9229,-8.7440,-4.9429,12.0400,-15.3300,-57.7500,0.4117,-0.5242,-1.9748,0
32285,-5.1990,-11.6427,-5.3067,1.9600,-22.4700,1.7500,0.0670,-0.7684,0.0598,0
32324,-6.3408,-7.6932,-2.9442,4.2000,-5.5300,-2.1000,0.1436,-0.1891,-0.0718,0
32363,-5.8740,-9.1461,-0.9646,37.3800,-28.4200,-52.0800,1.2782,-0.9718,-1.7809,0
32402,-2.4272,-8.4495,-0.6511,53.6200,-50.1900,-60.5500,1.8335,-1.7162,-2.0705,0
32441,-1.3045,-8.1168,-2.4918,40.1100,-43.6800,-31.2200,1.3716,-1.4936,-1.0676,0
32480,-2.1303,-7.9373,-3.2075,23.7300,-9.3100,-19.6700,0.8114,-0.3184,-0.6726,0
32519,-3.1141,-7.8727,-3.2673,15.3300,13.3000,-15.0500,0.5242,0.4548,-0.5146,0
32558,-4.0859,-8.4160,-3.5378,28.9100,24.9200,-15.2600,0.9886,0.8521,-0.5218,0
32597,-4.5766,-8.8421,-2.9011,30.4500,31.5700,15.6100,1.0412,1.0795,0.5338,0
32636,-3.0136,-7.9182,-2.1830,52.2900,27.0900,-10.2200,1.7880,0.9263,-0.3495,0
32675,-3.1500,-8.4783,-2.8580,50.5400,33.0400,-9.8700,1.7282,1.1298,-0.3375,0
32714,-2.7503,-7.7386,-2.6306,48.4400,53.0600,-3.4300,1.6564,1.8144,-0.1173,0
32753,-3.6000,-7.4011,-3.2290,33.8100,75.1800,26.4600,1.1561,2.5708,0.9048,0
32792,-4.8232,-8.5405,-2.3769,32.5500,77.2100,30.8000,1.1130,2.6402,1.0532,0
32831,-4.5096,-8.2078,-2.4295,38.1500,72.9400,21.8400,1.3045,2.4942,0.7468,0
32870,-5.1535,-7.6908,-2.7120,40.1100,75.2500,25.4800,1.3716,2.5732,0.8713,0
32909,-5.6777,-8.6698,-0.8952,21.1400,61.7400,25.5500,0.7229,2.1112,0.8737,0
32948,-5.2421,-11.0706,-1.6540,-4.2000,71.3300,16.0300,-0.1436,2.4391,0.5481,0
32987,-2.0633,-10.0844,-2.5157,-13.0900,74.1300,38.0100,-0.4476,2.5349,1.2997,0
33026,-2.5947,-6.6998,-1.6612,-61.1800,97.3700,101.1500,-2.0920,3.3296,3.4588,0
33065,-7.7458,-8.0019,-3.6982,-18.4800,97.0200,91.8400,-0.6319,3.3176,3.1405,0
33104,-8.9163,-6.5610,-1.8838,-4.5500,67.5500,117.8800,-0.1556,2.3099,4.0309,0
33143,-6.3958,-5.2876,-2.7359,-5.4600,35.4200,109.0600,-0.1867,1.2112,3.7293,0
33182,-6.5131,-5.1607,-3.9950,-0.2800,34.3000,80.5700,-0.0096,1.1729,2.7551,0
33221,-5.8884,-4.3540,-3.8059,27.7900,26.0400,39.4100,0.9503,0.8904,1.3476,0
33260,-6.1469,-3.5665,-3.4038,29.0500,28.8400,20.5100,0.9934,0.9862,0.7013,0
33299,-7.4801,-4.5168,-3.1620,23.6600,38.7100,5.0400,0.8091,1.3237,0.1723,0
33338,-7.8727,-5.4264,-3.9543,40.1100,37.0300,-13.9300,1.3716,1.2662,-0.4763,0
33377,-6.4724,-5.1727,-4.1889,48.7900,30.5900,-21.3500,1.6684,1.0460,-0.7301,0
33416,-7.0924,-5.3785,-4.2679,36.0500,46.6200,-7.2800,1.2327,1.5942,-0.2489,0
33455,-8.6219,-5.2205,-4.4905,12.0400,52.3600,8.9600,0.4117,1.7904,0.3064,0
33494,-9.7517,-4.2008,-5.3258,1.4000,36.0500,5.5300,0.0479,1.2327,0.1891,0
33533,-10.0389,-6.9080,-3.9112,24.0800,10.4300,-14.2800,0.8234,0.3567,-0.4883,0
33572,-6.7333,-11.2764,-6.7285,91.9800,-1.8200,-42.0000,3.1452,-0.0622,-1.4362,0
33611,-5.3594,-6.0176,-4.5048,14.1400,9.5900,27.0200,0.4835,0.3279,0.9239,0
33650,-7.0253,-9.2682,-1.9293,56.4900,18.1300,-26.6000,1.9317,0.6200,-0.9096,0
33689,-5.2038,-8.6530,-0.7708,88.6200,-19.2500,-62.7200,3.0303,-0.6583,-2.1447,0
33728,-2.8221,-7.7171,-1.1202,73.2900,-24.4300,-46.7600,2.5061,-0.8354,-1.5990,0
33767,-2.4702,-8.1910,-2.6091,46.4800,-9.5200,-34.2300,1.5894,-0.3255,-1.1705,0
33806,-2.7407,-8.3777,-2.8077,29.6800,10.3600,-31.6400,1.0149,0.3543,-1.0819,0
33845,-2.8987,-8.1910,-3.1046,22.7500,22.7500,-25.5500,0.7779,0.7779,-0.8737,0
33884,-3.2147,-8.3370,-2.9418,27.0200,26.0400,-14.8400,0.9239,0.8904,-0.5075,0
33923,-3.1285,-7.8631,-2.5061,45.4300,28.9800,-17.3600,1.5535,0.9910,-0.5936,0
33962,-3.8921,-7.0277,-2.8006,28.1400,38.9900,1.1200,0.9622,1.3333,0.0383,0
34001,-4.7825,-6.8051,-2.9370,23.5200,52.2900,13.0900,0.8043,1.7880,0.4476,0
34040,-5.1822,-7.4251,-3.0567,15.8900,48.5800,27.4400,0.5434,1.6612,0.9383,0
34079,-5.0578,-8.2940,-2.6976,21.0000,27.9300,21.3500,0.7181,0.9551,0.7301,0
34118,-4.1482,-9.2035,-2.3362,28.0000,14.5600,12.3200,0.9575,0.4979,0.4213,0
34157,-3.8250,-8.4950,-2.6593,50.8200,15.0500,0.9100,1.7378,0.5146,0.0311,0
34196,-4.2104,-7.2432,-3.8035,38.3600,27.5800,13.0200,1.3117,0.9431,0.4452,0
34235,-6.0559,-9.0623,-3.0375,-2.4500,38.8500,35.3500,-0.0838,1.3285,1.2088,0
34274,-7.4227,-12.0089,-0.9766,-39.6900,51.9400,14.9100,-1.3572,1.7761,0.5098,0
34313,-4.7969,-10.5512,-2.5780,-7.9100,16.8700,1.0500,-0.2705,0.5769,0.0359,0
34352,-2.2835,-7.9565,0.1532,-25.0600,0.2100,12.0400,-0.8569,0.0072,0.4117,0
34391,-2.7838,-7.9445,0.6511,-33.5300,-0.2100,-4.5500,-1.1466,-0.0072,-0.1556,0
34430,-4.6125,-8.1599,-2.4678,-32.2000,12.3900,16.1700,-1.1011,0.4237,0.5529,0
34469,-6.6974,-8.3442,-2.7814,-35.7000,21.5600,63.0000,-1.2208,0.7372,2.1543,0
34508,-6.3575,-6.6017,-2.1040,-60.6900,17.7800,114.1000,-2.0753,0.6080,3.9016,0
34547,-6.7094,-6.1636,-3.1548,-58.9400,2.5200,82.9500,-2.0154,0.0862,2.8365,0
34586,-6.2857,-6.0894,-3.2554,-35.6300,-4.3400,43.8200,-1.2184,-0.1484,1.4984,0
34625,-6.0344,-5.1774,-3.7987,-14.0700,-10.7100,9.1700,-0.4811,-0.3662,0.3136,0
34664,-6.1134,-5.0362,-3.7676,6.3700,-11.3400,-23.6600,0.2178,-0.3878,-0.8091,0
34703,-6.0272,-5.0889,-3.9615,28.5600,-17.2200,-56.4900,0.9766,-0.5888,-1.9317,0
34742,-5.8477,-5.8261,-3.0303,23.1000,-17.2200,-60.8300,0.7899,-0.5888,-2.0801,0
34781,-5.1798,-6.7572,-2.8891,-22.4000,13.7200,-10.4300,-0.7660,0.4692,-0.3567,0
34820,-5.4647,-6.0080,-4.6844,-66.4300,49.9100,56.4200,-2.2716,1.7067,1.9293,0
34859,-10.2161,-4.9094,-6.8602,-26.1100,37.2400,6.7900,-0.8928,1.2734,0.2322,0
34898,-10.8935,-9.4477,-4.5383,54.9500,9.7300,-77.9100,1.8790,0.3327,-2.6641,0
34937,-5.3833,-11.7863,-4.4306,55.4400,-19.0400,-23.7300,1.8958,-0.6511,-0.8114,0
34976,-4.6484,-8.1815,-3.8442,40.6000,3.0800,4.2700,1.3883,0.1053,0.1460,0
35015,-5.9961,-7.8775,-0.6176,49.4900,-7.0000,-22.2600,1.6923,-0.2394,-0.7612,0
35054,-3.9399,-8.0402,0.6726,77.2800,-14.4200,-43.4700,2.6426,-0.4931,-1.4865,0
35093,-2.5397,-8.1025,-1.4386,60.6900,-22.5400,-35.7000,2.0753,-0.7708,-1.2208,0
35132,-1.9556,-9.0480,-3.3655,41.2300,6.5800,-24.2900,1.4099,0.2250,-0.8306,0
35171,-2.2572,-8.0163,-2.8700,40.1800,35.4900,-14.4200,1.3739,1.2136,-0.4931,0
35210,-2.5803,-7.9636,-2.5827,35.9100,59.7800,-3.0800,1.2279,2.0442,-0.1053,0
35249,-3.4708,-7.8559,-3.1357,36.3300,64.3300,7.7000,1.2423,2.1998,0.2633,0
35288,-5.0865,-6.9559,-2.7766,39.9700,71.6800,12.4600,1.3668,2.4511,0.4261,0
35327,-5.9913,-7.3509,-2.2716,35.6300,57.4700,17.5700,1.2184,1.9652,0.6008,0
35366,-5.3163,-8.5812,-2.4654,41.8600,34.2300,19.7400,1.4314,1.1705,0.6750,0
35405,-4.3708,-8.0235,-2.2213,56.0000,28.0000,21.4900,1.9149,0.9575,0.7348,0
35444,-4.6652,-7.2695,-2.0107,44.7300,28.0000,23.1700,1.5295,0.9575,0.7923,0
35483,-5.7615,-8.3275,-2.3099,36.8200,29.4700,16.8000,1.2591,1.0077,0.5745,0
35522,-4.9979,-9.4549,-2.9777,49.0700,37.1000,13.7200,1.6779,1.2686,0.4692,0
35561,-4.2655,-8.9905,-4.2367,58.1700,42.1400,11.6900,1.9891,1.4410,0.3997,0
35600,-6.5394,-7.3580,-1.5104,18.2700,65.4500,17.9900,0.6247,2.2381,0.6152,0
35639,-6.9703,-10.0270,-0.7468,-36.3300,103.4600,30.0300,-1.2423,3.5378,1.0269,0
35678,-5.2660,-9.8235,-2.2237,-8.5400,82.3200,15.1900,-0.2920,2.8149,0.5194,0
35717,-3.7006,-8.6003,1.1633,-38.0100,42.9800,28.2100,-1.2997,1.4697,0.9646,0
35756,-3.6359,-8.1647,0.2801,4.1300,40.8100,-11.4100,0.1412,1.3955,-0.3902,0
35795,-7.1737,-9.3711,-3.2530,-22.8900,42.3500,46.0600,-0.7827,1.4482,1.5750,0
35834,-6.8506,-6.4676,-2.1375,-16.8000,41.0200,92.6100,-0.5745,1.4027,3.1668,0
35873,-7.3557,-6.1277,-2.2740,-54.3900,38.5000,137.0600,-1.8599,1.3165,4.6867,0
35912,-6.5945,-6.3384,-3.2817,-26.6700,29.1200,92.8200,-0.9120,0.9958,3.1740,0
35951,-5.9338,-5.2181,-4.0835,-1.9600,13.2300,46.9000,-0.0670,0.4524,1.6037,0
35990,-6.0918,-4.2726,-4.1266,16.1700,17.5700,11.4800,0.5529,0.6008,0.3926,0
36029,-7.0277,-4.0022,-4.5096,29.1200,17.6400,-15.4700,0.9958,0.6032,-0.5290,0
36068,-7.0541,-4.1506,-4.0070,43.3300,1.9600,-48.2300,1.4817,0.0670,-1.6492,0
36107,-7.1426,-4.7921,-2.8293,34.1600,-7.6300,-58.5200,1.1681,-0.2609,-2.0011,0
36146,-7.2910,-6.1852,-2.4918,5.6000,6.9300,-24.7800,0.1915,0.2370,-0.8473,0
36185,-5.4312,-6.1852,-4.6054,-23.5200,32.0600,20.5100,-0.8043,1.0963,0.7013,0
36224,-8.2293,-4.1290,-5.6251,-33.0400,56.2800,42.2100,-1.1298,1.9245,1.4434,0
36263,-11.8605,-8.2557,-5.7782,36.8900,65.1700,-20.3000,1.2614,2.2285,-0.6942,0
36302,-6.0128,-11.8222,-2.9178,38.0800,11.7600,-8.2600,1.3021,0.4021,-0.2824,0
36341,-5.7735,-6.9296,-3.2530,27.3700,6.1600,7.5600,0.9359,0.2106,0.2585,0
36380,-7.4801,-9.5147,-1.8407,51.2400,-18.4100,-20.8600,1.7521,-0.6295,-0.7133,0
36419,-4.5000,-9.0456,-0.1005,95.2700,-48.3000,-62.7900,3.2577,-1.6516,-2.1471,0
36458,-2.6881,-8.8804,-2.4822,62.8600,-38.2200,-41.3000,2.1495,-1.3069,-1.4122,0
36497,-1.1537,-8.0977,-3.1548,37.9400,-5.9500,-23.1000,1.2974,-0.2035,-0.7899,0
36536,-1.6540,-6.7070,-3.1309,35.0700,32.1300,-22.7500,1.1992,1.0987,-0.7779,0
36575,-2.6857,-7.2791,-3.0351,33.8800,55.7900,-11.9700,1.1585,1.9077,-0.4093,0
36614,-4.5240,-7.7315,-2.8819,30.4500,63.4200,6.6500,1.0412,2.1686,0.2274,0
36653,-5.2469,-7.4370,-2.5133,29.2600,61.1100,12.1100,1.0005,2.0896,0.4141,0
36692,-6.2785,-8.0714,-2.2141,36.8200,44.1700,8.3300,1.2591,1.5104,0.2848,0
36731,-5.2301,-7.9325,-2.6186,30.3100,21.7000,15.8200,1.0364,0.7420,0.5410,0
36770,-4.3373,-7.8152,-2.6785,42.7700,20.9300,15.6800,1.4625,0.7157,0.5362,0
36809,-4.1937,-7.6309,-2.4487,47.5300,25.3400,12.3900,1.6253,0.8665,0.4237,0
36848,-4.5120,-7.8703,-2.5564,43.5400,26.5300,11.8300,1.4888,0.9072,0.4045,0
36887,-5.7136,-9.3160,-2.6139,48.0200,38.0100,10.0100,1.6420,1.2997,0.3423,0
36926,-6.2905,-8.9953,-3.4875,45.9200,38.4300,10.6400,1.5702,1.3141,0.3638,0
36965,-6.6806,-8.1025,-4.0189,43.6800,21.3500,5.9500,1.4936,0.7301,0.2035,0
37004,-6.7333,-7.6429,-0.8091,1.4700,31.9200,4.9700,0.0503,1.0915,0.1699,0
37043,-5.9769,-10.5440,0.3495,-33.4600,52.1500,-5.6700,-1.1442,1.7833,-0.1939,0
37082,-0.9120,-9.9671,0.4428,-37.3800,14.7000,13.2300,-1.2782,0.5027,0.4524,0
37121,-0.0455,-8.1216,-0.3495,-41.1600,41.7200,23.3100,-1.4075,1.4266,0.7971,0
37160,-4.4019,-7.4251,-2.2692,-28.4900,66.7800,12.6700,-0.9742,2.2835,0.4332,0
37199,-9.6488,-9.1246,-3.4708,-62.3000,63.9100,87.3600,-2.1303,2.1854,2.9873,0
37238,-6.1971,-5.0290,-0.1915,-64.5400,44.4500,130.2700,-2.2069,1.5200,4.4546,0
37277,-7.5974,-5.2971,-3.0327,-70.9100,-6.0200,98.0700,-2.4248,-0.2059,3.3535,0
37316,-7.1642,-6.0368,-2.9609,-50.1900,-18.1300,46.9000,-1.7162,-0.6200,1.6037,0
37355,-6.2929,-6.0894,-4.0381,-21.9100,-21.4200,13.9300,-0.7492,-0.7325,0.4763,0
37394,-5.7591,-5.3019,-4.6149,-3.7100,-22.8200,-8.0500,-0.1269,-0.7803,-0.2753,0
37433,-5.9769,-4.7442,-4.3109,13.5800,-19.7400,-29.1900,0.4644,-0.6750,-0.9981,0
37472,-6.3695,-4.3062,-3.7389,25.3400,-16.7300,-71.5400,0.8665,-0.5721,-2.4463,0
37511,-6.2785,-5.9458,-3.7820,13.8600,-12.4600,-63.4200,0.4739,-0.4261,-2.1686,0
37550,-5.0554,-6.8291,-3.8633,-23.1700,4.7600,-9.8700,-0.7923,0.1628,-0.3375,0
37589,-6.5322,-5.0841,-5.7184,-57.6100,32.5500,43.8200,-1.9700,1.1130,1.4984,0
37628,-9.8259,-4.3732,-6.6304,-41.9300,37.9400,19.3900,-1.4338,1.2974,0.6630,0
37667,-13.0453,-10.1059,-6.1564,45.5700,4.4100,-71.3300,1.5583,0.1508,-2.4391,0
37706,-4.6604,-12.8969,-2.5636,68.9500,-40.9500,-34.0900,2.3577,-1.4003,-1.1657,0
37745,-4.3445,-7.6381,-1.9006,32.2700,-44.5900,-7.7000,1.1035,-1.5247,-0.2633,0
37784,-5.4575,-8.7272,-0.6319,38.9200,-33.1800,-25.5500,1.3309,-1.1346,-0.8737,0
37823,-3.8035,-8.0331,-0.2202,63.0700,-39.0600,-57.9600,2.1567,-1.3357,-1.9819,0
37862,-2.3123,-8.5908,-2.5181,43.3300,-44.2400,-47.0400,1.4817,-1.5128,-1.6085,0
37901,-1.6492,-8.3059,-2.9394,32.1300,-17.7100,-36.7500,1.0987,-0.6056,-1.2567,0
37940,-1.9939,-7.2120,-2.4631,15.9600,30.8000,-16.7300,0.5457,1.0532,-0.5721,0
37979,-3.9734,-7.5424,-2.9897,11.2000,44.3100,-2.3100,0.3830,1.5152,-0.0790,0
38018,-5.0985,-7.7889,-2.6450,20.5100,46.6200,-2.6600,0.7013,1.5942,-0.0910,0
38057,-4.9094,-7.6381,-2.5037,24.7800,29.4700,-1.1200,0.8473,1.0077,-0.0383,0
38096,-4.4785,-8.3035,-2.7120,33.2500,6.8600,1.9600,1.1370,0.2346,0.0670,0
38135,-3.8322,-8.4304,-3.0447,46.5500,4.8300,1.4700,1.5918,0.1652,0.0503,0
38174,-4.2870,-7.9636,-1.8910,35.1400,9.5900,15.6800,1.2016,0.3279,0.5362,0
38213,-5.3426,-8.5573,-1.7498,21.0000,15.2600,21.9800,0.7181,0.5218,0.7516,0
38252,-5.9721,-9.5075,-3.1979,42.9100,7.1400,10.2200,1.4673,0.2442,0.3495,0
38291,-3.8633,-9.3041,-3.6599,53.8300,7.7000,2.1700,1.8407,0.2633,0.0742,0
38330,-5.5006,-10.4243,-1.4793,-38.0100,77.2800,35.1400,-1.2997,2.6426,1.2016,0
38369,-6.0104,-11.1448,-3.0663,-6.3000,66.9200,16.2400,-0.2154,2.2883,0.5553,0
38408,-2.3889,-7.4921,0.8761,-42.4900,38.2200,41.4400,-1.4529,1.3069,1.4170,0
38447,-3.0926,-5.7639,0.9479,-18.5500,35.6300,-1.6100,-0.6343,1.2184,-0.0551,0
38486,-4.9788,-7.2767,-1.4290,-26.0400,53.8300,6.3000,-0.8904,1.8407,0.2154,0
38525,-8.0450,-7.9253,-3.5402,-39.6900,31.8500,51.7300,-1.3572,1.0891,1.7689,0
38564,-5.9745,-5.6753,-1.0819,-29.2600,9.9400,68.7400,-1.0005,0.3399,2.3506,0
38603,-6.5299,-5.4264,-2.3027,-33.6000,-9.3800,52.5700,-1.1489,-0.3207,1.7976,0
38642,-6.9200,-6.3096,-2.8197,-46.4100,-13.6500,37.9400,-1.5870,-0.4668,1.2974,0
38681,-6.1445,-6.0990,-3.7006,-26.6000,-16.5900,7.7000,-0.9096,-0.5673,0.2633,0
38720,-5.7974,-5.4982,-4.4450,1.7500,-20.0200,-27.2300,0.0598,-0.6846,-0.9311,0
38759,-6.2378,-5.1655,-4.1625,21.0700,-21.2800,-63.8400,0.7205,-0.7277,-2.1830,0
38798,-6.0128,-5.4838,-3.8801,13.7200,-13.3000,-59.2900,0.4692,-0.4548,-2.0274,0
38837,-4.6365,-7.5280,-3.4038,-53.6900,19.8100,3.8500,-1.8359,0.6774,0.1317,0
38876,-7.1953,-4.9357,-5.5580,-80.4300,33.1100,48.7900,-2.7503,1.1322,1.6684,0
38915,-12.5618,-10.2472,-6.3336,-11.3400,-8.8200,-38.7800,-0.3878,-0.3016,-1.3261,0
38954,-5.8979,-10.6493,-4.7083,9.4500,-35.9100,-26.9500,0.3231,-1.2279,-0.9216,0
38993,-6.5825,-8.4663,-3.2482,-2.7300,-52.9900,-21.4900,-0.0934,-1.8120,-0.7348,0
39032,-5.1798,-9.2873,-1.4673,21.7700,-60.7600,-47.8100,0.7444,-2.0777,-1.6349,0
39071,-3.4349,-8.1551,-0.9598,40.3900,-75.1800,-69.7900,1.3811,-2.5708,-2.3865,0
39110,-2.3697,-7.2527,-2.4056,31.2900,-85.3300,-55.3000,1.0700,-2.9178,-1.8910,0
39149,-2.2404,-7.5735,-2.8269,8.7500,-64.9600,-37.2400,0.2992,-2.2213,-1.2734,0
39188,-2.2716,-7.6932,-3.4588,-2.2400,-48.5800,-40.8100,-0.0766,-1.6612,-1.3955,0
39227,-2.6498,-7.5256,-3.3750,-13.3000,-42.0700,-25.6900,-0.4548,-1.4386,-0.8785,0
39266,-4.1218,-9.1389,-3.3128,-2.5200,-30.8000,-18.6900,-0.0862,-1.0532,-0.6391,0
39305,-3.5665,-8.1958,-3.8514,11.4100,-35.0000,-23.5900,0.3902,-1.1968,-0.8067,0
39344,-2.9609,-7.8703,-3.6814,3.8500,-36.4700,-9.0300,0.1317,-1.2471,-0.3088,0
39383,-3.8633,-7.1139,-2.8772,-3.5700,-51.1000,0.7700,-0.1221,-1.7474,0.0263,0
39422,-5.4814,-6.9655,-1.7402,-27.7200,-46.4800,23.0300,-0.9479,-1.5894,0.7875,0
39461,-3.9591,-9.1054,-3.9088,-45.7100,-21.0700,30.0300,-1.5630,-0.7205,1.0269,0
39500,-4.0261,-11.7719,-1.5559,-116.8300,-15.6800,33.6000,-3.9950,-0.5362,1.1489,0
39539,-3.7125,-9.3160,-1.2495,-89.3200,-59.0800,10.0800,-3.0543,-2.0202,0.3447,0
39578,-4.9955,-6.1493,-1.3907,-79.8000,-52.0800,-13.5800,-2.7287,-1.7809,-0.4644,0
39617,-8.6410,-8.2916,-3.7006,-92.4700,-24.7800,-3.7100,-3.1620,-0.8473,-0.1269,0
39656,-7.5328,-8.0043,-2.7623,-96.7400,-47.0400,21.7000,-3.3080,-1.6085,0.7420,0
39695,-6.7788,-6.3192,-3.6024,-84.7700,-96.1800,-5.6000,-2.8987,-3.2889,-0.1915,0
39734,-6.5705,-5.0913,-4.7945,-65.6600,-104.2300,-56.2800,-2.2452,-3.5641,-1.9245,0
39773,-5.8692,-4.9261,-4.5982,-52.2200,-101.0800,-84.4200,-1.7857,-3.4564,-2.8867,0
39812,-5.2947,-4.2008,-3.5881,-70.1400,-101.3600,-82.8100,-2.3984,-3.4660,-2.8317,0
39851,-5.8453,-5.9721,-3.5761,-69.5100,-103.5300,-88.4800,-2.3769,-3.5402,-3.0256,0
39890,-4.9931,-7.8559,-4.0022,-57.6800,-103.2500,-93.2400,-1.9724,-3.5306,-3.1883,0
39929,-5.1056,-7.8487,-4.2487,-70.8400,-107.5900,-82.1800,-2.4224,-3.6790,-2.8101,0
39968,-5.4144,-9.7158,-4.9500,-71.3300,-99.3300,-58.8000,-2.4391,-3.3966,-2.0107,0
40007,-4.9979,-10.3669,-4.3109,-47.0400,-79.8000,-49.0700,-1.6085,-2.7287,-1.6779,0
40046,-5.1846,-9.9121,-3.2099,-0.3500,-87.6400,-79.1700,-0.0120,-2.9968,-2.7072,0
40085,-3.7652,-8.9570,-3.0351,-1.3300,-118.4400,-78.0500,-0.0455,-4.0500,-2.6689,0
40124,-2.2931,-7.9206,-4.5790,-3.5700,-117.4600,-83.5800,-0.1221,-4.0165,-2.8580,0
40163,-2.5157,-6.3096,-4.6317,-37.6600,-112.2800,-76.1600,-1.2878,-3.8394,-2.6043,0
40202,-2.4918,-7.6620,-4.4163,-48.4400,-105.9800,-60.8300,-1.6564,-3.6240,-2.0801,0
40241,-2.8460,-8.1575,-4.0309,-46.6900,-99.1900,-43.4000,-1.5966,-3.3918,-1.4841,0
40280,-3.2601,-7.9565,-4.3947,-40.4600,-91.8400,-32.2700,-1.3835,-3.1405,-1.1035,0
40319,-3.0639,-8.2126,-4.0333,-24.7800,-85.8900,-31.0800,-0.8473,-2.9370,-1.0628,0
40358,-2.3147,-8.6889,-3.7413,-14.8400,-85.9600,-32.9700,-0.5075,-2.9394,-1.1274,0
40397,-1.4075,-9.5937,-4.0596,-4.4100,-79.3100,-27.2300,-0.1508,-2.7120,-0.9311,0
40436,-2.4032,-9.3472,-4.0070,-10.3600,-73.2200,-3.7100,-0.3543,-2.5037,-0.1269,0
40475,-2.7431,-8.3921,-3.3774,-19.1100,-71.4000,-0.7000,-0.6535,-2.4415,-0.0239,0
40514,-2.8867,-8.6698,-3.8657,-23.8700,-67.7600,3.8500,-0.8162,-2.3170,0.1317,0
40553,-2.8006,-9.0144,-4.3157,-7.1400,-72.8700,-8.9600,-0.2442,-2.4918,-0.3064,0
40592,-2.1639,-9.1293,-3.8131,-4.9000,-74.9700,-8.6800,-0.1676,-2.5636,-0.2968,0
40631,-2.9226,-7.8392,-4.0429,-14.4200,-72.1700,-1.6100,-0.4931,-2.4678,-0.0551,0
40670,-2.9155,-7.7769,-3.7891,-36.7500,-60.2700,10.0100,-1.2567,-2.0609,0.3423,0
40709,-4.1027,-9.0240,-3.1261,-94.3600,-19.8800,13.5100,-3.2266,-0.6798,0.4620,0
40748,-4.6054,-9.9312,-5.0099,-69.7200,-42.7000,-2.1700,-2.3841,-1.4601,-0.0742,0
40787,-4.5958,-10.2711,-2.8245,-55.7900,-59.9900,14.9100,-1.9077,-2.0513,0.5098,0
40826,-4.8471,-8.0019,-0.3543,-49.8400,-68.6000,17.3600,-1.7043,-2.3458,0.5936,0
40865,-5.1703,-6.3958,-0.1460,-51.1000,-54.8800,10.7100,-1.7474,-1.8766,0.3662,0
40904,-6.2498,-8.7583,-1.4051,-46.7600,-33.1100,13.5100,-1.5990,-1.1322,0.4620,0
40943,-6.3767,-8.7392,-2.4248,-40.2500,-41.7900,27.1600,-1.3763,-1.4290,0.9287,0
40982,-5.9314,-6.8674,-2.0537,-38.0100,-60.2000,35.3500,-1.2997,-2.0585,1.2088,0
41021,-7.0373,-6.3431,-2.7168,-43.1900,-52.2200,32.9000,-1.4769,-1.7857,1.1250,0
41060,-5.6849,-5.8285,-3.4085,-49.3500,-29.8200,35.8400,-1.6875,-1.0197,1.2255,0
41099,-6.1780,-5.8142,-3.7101,-43.8900,-10.0100,35.1400,-1.5008,-0.3423,1.2016,0
41138,-6.9583,-5.3378,-3.9567,-24.9900,-22.0500,6.3700,-0.8545,-0.7540,0.2178,0
41177,-7.2671,-4.4522,-3.6120,-14.4200,-23.8700,-21.2800,-0.4931,-0.8162,-0.7277,0
41216,-6.9822,-4.6484,-3.8370,-4.2700,-28.5600,-48.7900,-0.1460,-0.9766,-1.6684,0
41255,-6.1181,-5.2804,-4.1961,-3.7800,-32.7600,-58.4500,-0.1293,-1.1202,-1.9987,0
41294,-5.8764,-6.2426,-3.7556,-24.4300,-17.2900,-29.3300,-0.8354,-0.5912,-1.0029,0
41333,-5.9243,-5.6227,-4.5719,-55.5100,17.9200,13.7200,-1.8982,0.6128,0.4692,0
41372,-8.2748,-5.4479,-5.2804,-57.8200,24.7800,7.2800,-1.9771,0.8473,0.2489,0
41411,-7.7674,-10.2232,-6.3144,14.6300,-21.6300,-51.8000,0.5003,-0.7396,-1.7713,0
41450,-7.2049,-7.5448,-3.6479,-34.0200,10.9200,35.2100,-1.1633,0.3734,1.2040,0
41489,-6.3791,-9.4836,-1.2830,46.2700,-40.1100,-84.0000,1.5822,-1.3716,-2.8724,0
41528,-4.1578,-9.0192,-0.4668,53.1300,-60.2000,-69.3700,1.8168,-2.0585,-2.3721,0
41567,-3.0830,-7.6046,-2.4104,48.0200,-50.6800,-59.7100,1.6420,-1.7330,-2.0418,0
41606,-2.8484,-7.7458,-2.9155,12.8800,-29.0500,-38.4300,0.4404,-0.9934,-1.3141,0
41645,-2.1495,-7.9924,-3.1524,4.2000,-9.8000,-31.9200,0.1436,-0.3351,-1.0915,0
41684,-2.6545,-7.7075,-3.2051,6.0900,18.6900,-19.0400,0.2082,0.6391,-0.6511,0
41723,-3.6479,-8.1168,-2.9442,7.9800,34.5100,1.1900,0.2729,1.1801,0.0407,0
41762,-4.2391,-7.6956,-3.0950,19.1100,38.9900,-0.1400,0.6535,1.3333,-0.0048,0
41801,-4.9500,-7.3509,-2.8580,28.2100,22.1200,-9.3800,0.9646,0.7564,-0.3207,0
41840,-4.8112,-7.6692,-3.1141,31.1500,3.8500,-4.9700,1.0652,0.1317,-0.1699,0
41879,-4.6054,-8.2413,-2.6210,39.9000,-4.0600,1.8200,1.3644,-0.1388,0.0622,0
41918,-4.8615,-8.8230,-1.9628,34.3000,-10.3600,5.5300,1.1729,-0.3543,0.1891,0
41957,-4.6987,-8.5285,-2.9633,37.9400,-10.9900,2.8700,1.2974,-0.3758,0.0981,0
41996,-4.4378,-9.5817,-4.4833,54.6700,5.5300,4.2700,1.8694,0.1891,0.1460,0
42035,-3.3535,-9.4477,-4.7825,51.4500,39.9000,20.7200,1.7593,1.3644,0.7085,0
42074,-5.7543,-7.4873,-1.3285,-8.6100,66.1500,39.0600,-0.2944,2.2620,1.3357,0
42113,-8.5405,-9.9695,-0.2657,-48.3000,82.3900,28.8400,-1.6516,2.8173,0.9862,0
42152,-4.7729,-8.8397,-1.3979,-12.8100,45.1500,7.2100,-0.4380,1.5439,0.2465,0
42191,-1.3021,-7.4275,0.5122,-56.9800,12.6700,45.6400,-1.9484,0.4332,1.5607,0
42230,-2.4774,-6.9416,0.2465,-25.4100,23.7300,0.6300,-0.8689,0.8114,0.0215,0
42269,-6.0296,-8.3179,-2.0107,-54.8100,41.7200,25.3400,-1.8742,1.4266,0.8665,0
42308,-9.6081,-8.8397,-3.5689,-60.2700,28.2800,68.6700,-2.0609,0.9670,2.3482,0
42347,-6.8697,-6.1660,-1.9101,-34.7200,-24.9900,50.8900,-1.1872,-0.8545,1.7402,0
42386,-6.6687,-5.3235,-3.3774,-49.3500,-27.2300,39.0600,-1.6875,-0.9311,1.3357,0
42425,-5.9051,-5.5269,-3.4780,-29.7500,-29.4700,5.5300,-1.0173,-1.0077,0.1891,0
42464,-5.7902,-5.2469,-3.7006,-18.9000,-28.0000,-11.7600,-0.6463,-0.9575,-0.4021,0
42503,-5.9458,-5.2349,-3.6790,1.6100,-25.1300,-46.4100,0.0551,-0.8593,-1.5870,0
42542,-6.0990,-5.4383,-3.5474,-0.7000,-19.7400,-64.6800,-0.0239,-0.6750,-2.2117,0
42581,-5.4096,-6.5993,-3.6527,-22.4000,-11.2000,-45.9200,-0.7660,-0.3830,-1.5702,0
42620,-4.7274,-6.6854,-4.4354,-66.9200,6.0900,22.7500,-2.2883,0.2082,0.7779,0
42659,-7.8104,-4.7514,-6.6806,-103.7400,21.1400,63.0000,-3.5474,0.7229,2.1543,0
42698,-10.9413,-4.1242,-6.4006,-73.0100,20.3000,14.4900,-2.4966,0.6942,0.4955,0
42737,-11.3387,-7.4083,-5.4910,9.3800,-24.9900,-80.7100,0.3207,-0.8545,-2.7599,0
42776,-5.4958,-11.2836,-6.4844,51.2400,-94.2200,-87.8500,1.7521,-3.2218,-3.0040,0
42815,-4.3708,-8.4663,-2.8173,5.6000,-41.1600,-2.9400,0.1915,-1.4075,-0.1005,0
42854,-4.7179,-8.8852,-0.8402,42.1400,-36.7500,-58.5200,1.4410,-1.2567,-2.0011,0
42893,-4.1793,-8.3323,-1.1083,52.7800,-41.8600,-65.9400,1.8048,-1.4314,-2.2548,0
42932,-2.6067,-7.6908,-2.9873,37.3100,-39.6200,-49.0000,1.2758,-1.3548,-1.6755,0
42971,-2.3865,-7.7602,-3.6958,16.5900,-15.8900,-42.0000,0.5673,-0.5434,-1.4362,0
43010,-2.2141,-7.3916,-3.5115,8.3300,1.7500,-32.4800,0.2848,0.0598,-1.1106,0
43049,-3.6288,-7.5854,-3.5019,-0.6300,20.0900,-6.5800,-0.0215,0.6870,-0.2250,0
43088,-4.4115,-7.1067,-2.8748,16.8700,22.9600,-11.7600,0.5769,0.7851,-0.4021,0
43127,-4.8735,-7.2073,-2.7407,18.4100,7.2100,-10.2200,0.6295,0.2465,-0.3495,0
43166,-4.2487,-7.7530,-2.4942,33.3200,-21.3500,-20.1600,1.1394,-0.7301,-0.6894,0
43205,-3.8274,-9.3998,-3.2673,31.6400,-33.1100,-5.9500,1.0819,-1.1322,-0.2035,0
43244,-3.9088,-7.3987,-2.6689,26.8800,-18.4800,9.1700,0.9192,-0.6319,0.3136,0
43283,-4.8447,-8.0402,-2.6162,10.5700,-10.3600,19.5300,0.3614,-0.3543,0.6678,0
43322,-4.2391,-10.6948,-4.0476,37.4500,4.5500,19.1100,1.2806,0.1556,0.6535,0
43361,-2.9801,-9.3017,-5.1200,68.4600,6.4400,1.1900,2.3410,0.2202,0.0407,0
43400,-4.3540,-6.0607,-3.4157,2.8000,36.5400,35.1400,0.0957,1.2495,1.2016,0
43439,-7.8751,-10.2328,0.0814,-103.1800,90.8600,61.2500,-3.5282,3.1069,2.0944,0
43478,-6.8817,-9.6631,-1.4769,-51.8700,35.8400,-1.5400,-1.7737,1.2255,-0.0527,0
43517,-2.2165,-9.1461,-0.7229,-73.7800,-20.5100,15.7500,-2.5229,-0.7013,0.5386,0
43556,-2.0777,-9.1772,-0.5170,-31.0100,1.1900,-18.8300,-1.0604,0.0407,-0.6439,0
43595,-5.7328,-7.6668,-2.5923,-57.3300,21.4200,42.9800,-1.9604,0.7325,1.4697,0
43634,-7.9277,-5.4766,-1.3716,-106.2600,29.5400,146.2300,-3.6335,1.0101,5.0003,0
43673,-7.5304,-3.6000,-1.6229,-121.6600,-9.1700,123.4100,-4.1601,-0.3136,4.2200,0
43712,-7.1354,-4.2104,-4.0788,-74.4100,-49.4900,58.2400,-2.5444,-1.6923,1.9915,0
43751,-6.5346,-4.6437,-5.0745,-53.9700,-33.6700,25.9000,-1.8455,-1.1513,0.8856,0
43790,-6.5681,-4.1937,-4.8423,-40.3900,-26.9500,13.8600,-1.3811,-0.9216,0.4739,0
43829,-6.8985,-3.6120,-4.6365,-21.0700,-17.4300,-6.6500,-0.7205,-0.5960,-0.2274,0
43868,-7.0732,-3.3559,-4.8974,-4.7600,-13.5800,-37.8000,-0.1628,-0.4644,-1.2926,0
43907,-6.9463,-3.8585,-5.1870,10.2900,-14.9100,-58.0300,0.3519,-0.5098,-1.9843,0
43946,-7.2001,-4.0405,-5.4144,18.0600,-21.1400,-73.5700,0.6176,-0.7229,-2.5157,0
43985,-7.4634,-4.5766,-5.0769,22.4700,-35.0000,-91.0000,0.7684,-1.1968,-3.1117,0
44024,-7.4514,-5.5509,-4.1913,2.8700,-43.2600,-73.7800,0.0981,-1.4793,-2.5229,0
44063,-7.0780,-5.5078,-4.4857,-14.9100,-23.4500,-47.2500,-0.5098,-0.8019,-1.6157,0
44102,-6.9440,-4.6078,-5.1559,-24.9200,-0.4200,-27.5800,-0.8521,-0.0144,-0.9431,0
44141,-8.0043,-7.4586,-3.8921,18.6200,-1.6100,-53.8300,0.6367,-0.0551,-1.8407,0
44180,-6.7979,-12.6935,-5.6346,20.3000,-74.7600,-26.2500,0.6942,-2.5564,-0.8976,0
44219,-5.6945,-7.4035,-3.3128,1.3300,-39.8300,21.9800,0.0455,-1.3620,0.7516,0
44258,-7.1642,-8.2676,-0.6008,12.8100,-53.4100,-38.4300,0.4380,-1.8263,-1.3141,0
44297,-5.5868,-8.6793,-0.3279,32.3400,-79.5900,-81.4100,1.1059,-2.7216,-2.7838,0
44336,-3.5402,-7.7841,-2.4894,26.4600,-90.9300,-71.1900,0.9048,-3.1093,-2.4343,0
44375,-2.8365,-7.8942,-3.4540,0.4900,-58.5200,-53.6200,0.0168,-2.0011,-1.8335,0
44414,-2.7670,-8.0163,-3.4301,-7.0000,-28.6300,-43.9600,-0.2394,-0.9790,-1.5032,0
44453,-3.1716,-7.6932,-3.0064,0.0000,-8.3300,-29.8900,0.0000,-0.2848,-1.0221,0
44492,-4.5144,-7.6501,-2.0274,8.9600,1.6800,-26.8800,0.3064,0.0574,-0.9192,0
44531,-5.2469,-6.9846,-2.2668,5.3200,-3.9900,-28.7000,0.1819,-0.1364,-0.9814,0
44570,-5.2181,-5.5652,-1.6851,-22.3300,-22.8200,-7.7700,-0.7636,-0.7803,-0.2657,0
44609,-5.4144,-6.3096,-1.7952,-5.7400,-36.1900,-14.4200,-0.1963,-1.2375,-0.4931,0
44648,-4.5527,-8.3107,-2.3314,4.4100,-46.3400,2.1000,0.1508,-1.5846,0.0718,0
44687,-4.6341,-9.5770,-2.6761,31.4300,-35.0000,6.7900,1.0747,-1.1968,0.2322,0
44726,-5.1727,-7.5065,-2.9585,36.1900,-28.2800,5.6700,1.2375,-0.9670,0.1939,0
44765,-5.3426,-7.6214,-2.4846,21.5600,-16.5200,11.9700,0.7372,-0.5649,0.4093,0
44804,-5.7208,-9.7637,-3.0926,3.2900,7.9800,9.3800,0.1125,0.2729,0.3207,0
44843,-5.1655,-10.2280,-4.1003,21.0700,-19.8800,-25.2000,0.7205,-0.6798,-0.8617,0
44882,-5.9937,-9.2562,-1.8048,-56.0000,-17.5000,4.6900,-1.9149,-0.5984,0.1604,0
44921,-6.7166,-10.1323,-1.3357,-71.1200,-1.4700,19.6000,-2.4319,-0.0503,0.6702,0
44960,-2.3817,-8.2724,-1.2447,-43.8900,-41.0200,7.9800,-1.5008,-1.4027,0.2729,0
44999,-1.5846,-7.7027,0.7109,-99.4000,-45.5700,15.8900,-3.3990,-1.5583,0.5434,0
45038,-4.8088,-10.1059,-0.3279,-52.2900,-10.6400,-30.1000,-1.7880,-0.3638,-1.0293,0
45077,-7.8320,-9.8331,-2.5444,-55.2300,-27.8600,4.4800,-1.8886,-0.9527,0.1532,0
45116,-5.1990,-5.7447,-0.7803,-62.3000,-35.7700,40.1100,-2.1303,-1.2232,1.3716,0
45155,-6.8793,-5.2684,-2.2979,-109.6200,-36.4700,75.0400,-3.7484,-1.2471,2.5660,0
45194,-7.3389,-5.8596,-3.3439,-93.1700,-47.3200,36.3300,-3.1859,-1.6181,1.2423,0
45233,-6.3599,-5.8907,-3.4516,-76.0900,-69.1600,1.2600,-2.6019,-2.3649,0.0431,0
45272,-5.5126,-5.6179,-3.8538,-56.3500,-76.3700,-31.7800,-1.9269,-2.6115,-1.0867,0
45311,-4.6700,-5.5221,-4.4091,-35.9100,-64.2600,-53.5500,-1.2279,-2.1974,-1.8311,0
45350,-4.7035,-5.7017,-4.1242,-26.6700,-50.6100,-61.8800,-0.9120,-1.7306,-2.1160,0
45389,-5.8333,-6.3048,-3.7628,-29.6800,-36.4700,-56.1400,-1.0149,-1.2471,-1.9197,0
45428,-5.6969,-7.2096,-4.0931,-44.5900,-19.1100,-25.8300,-1.5247,-0.6535,-0.8833,0
45467,-5.5485,-6.2306,-5.7806,-67.5500,1.1200,12.7400,-2.3099,0.0383,0.4356,0
45506,-8.4232,-4.7992,-6.7166,-60.6200,-10.2200,-13.2300,-2.0729,-0.3495,-0.4524,0
45545,-10.6804,-9.2706,-5.1176,-20.6500,-40.0400,-74.6900,-0.7061,-1.3692,-2.5540,0
45584,-3.4995,-11.6092,-4.2774,0.0000,-77.9100,-28.1400,0.0000,-2.6641,-0.9622,0
45623,-5.6298,-7.3652,-3.2697,-33.1100,-43.8200,20.1600,-1.1322,-1.4984,0.6894,0
45662,-6.4987,-9.9575,-0.5434,22.6100,-65.3800,-48.7900,0.7731,-2.2357,-1.6684,0
45701,-3.7987,-8.6769,-0.3830,50.5400,-67.4100,-76.4400,1.7282,-2.3051,-2.6139,0
45740,-2.2117,-8.6315,-2.7479,37.1700,-60.8300,-52.2200,1.2710,-2.0801,-1.7857,0
45779,-1.6803,-7.9660,-3.3631,27.0200,-16.9400,-47.1100,0.9239,-0.5793,-1.6109,0
45818,-2.4678,-7.3150,-2.5660,7.7000,14.5600,-19.9500,0.2633,0.4979,-0.6822,0
45857,-3.3463,-7.4107,-2.5420,7.1400,32.2000,-5.3900,0.2442,1.1011,-0.1843,0
45896,-4.3708,-8.3203,-2.7479,12.4600,39.4800,7.7700,0.4261,1.3500,0.2657,0
45935,-4.7298,-7.3820,-2.5061,44.4500,19.6000,-18.4800,1.5200,0.6702,-0.6319,0
45974,-4.8447,-6.9775,-3.0686,42.8400,6.6500,-10.0100,1.4649,0.2274,-0.3423,0
46013,-4.6245,-7.2527,-2.7623,43.9600,11.6200,3.9200,1.5032,0.3973,0.1340,0
46052,-4.7657,-8.3586,-2.1112,32.6200,30.6600,30.1700,1.1154,1.0484,1.0317,0
46091,-5.8764,-9.2921,-1.8120,45.1500,16.3100,13.7900,1.5439,0.5577,0.4715,0
46130,-5.9410,-8.4400,-2.5397,58.4500,4.9000,2.8000,1.9987,0.1676,0.0957,0
46169,-4.3756,-7.9062,-3.5929,54.3200,21.7700,12.6700,1.8575,0.7444,0.4332,0
46208,-5.2923,-9.1676,-1.4051,-23.1700,64.9600,36.9600,-0.7923,2.2213,1.2638,0
46247,-7.0469,-11.1520,-0.9503,-58.5200,87.9200,34.8600,-2.0011,3.0064,1.1920,0
46286,-3.5905,-9.1078,-1.2208,-44.5900,57.4700,28.7700,-1.5247,1.9652,0.9838,0
46325,-2.4056,-7.1881,-0.1604,-55.7900,29.6800,37.1700,-1.9077,1.0149,1.2710,0
46364,-4.9979,-6.9176,-1.0460,-22.0500,55.8600,5.5300,-0.7540,1.9101,0.1891,0
46403,-9.2442,-7.3437,-3.4516,-52.7100,46.6900,61.9500,-1.8024,1.5966,2.1184,0
46442,-8.6746,-6.9440,-1.8431,-40.3900,2.8700,70.5600,-1.3811,0.0981,2.4128,0
46481,-6.9128,-4.4474,-2.0729,-43.5400,-33.2500,46.7600,-1.4888,-1.1370,1.5990,0
46520,-7.0205,-5.5628,-3.2314,-46.1300,-41.3000,15.4700,-1.5774,-1.4122,0.5290,0
46559,-5.8477,-5.9745,-3.6479,-31.7100,-33.9500,-6.9300,-1.0843,-1.1609,-0.2370,0
46598,-5.6418,-5.5078,-4.5814,-21.4200,-31.7100,-24.5000,-0.7325,-1.0843,-0.8378,0
46637,-5.9697,-5.4719,-4.0500,0.2100,-30.8700,-56.9800,0.0072,-1.0556,-1.9484,0
46676,-6.5705,-5.5054,-3.6000,-5.5300,-33.1100,-76.9300,-0.1891,-1.1322,-2.6306,0
46715,-6.3575,-6.0032,-2.9849,-42.3500,-26.1800,-48.0200,-1.4482,-0.8952,-1.6420,0
46754,-6.4102,-6.3910,-4.0429,-75.0400,-21.4900,-1.8900,-2.5660,-0.7348,-0.0646,0
46793,-7.7243,-5.8094,-5.5173,-73.0800,-27.9300,-15.2600,-2.4990,-0.9551,-0.5218,0
46832,-8.8756,-7.2791,-4.7945,-19.6700,-41.8600,-80.9200,-0.6726,-1.4314,-2.7670,0
46871,-5.2229,-10.7115,-5.8333,-14.4200,-91.8400,-68.7400,-0.4931,-3.1405,-2.3506,0
46910,-4.9022,-8.1432,-4.4689,-40.3900,-73.3600,-14.9100,-1.3811,-2.5085,-0.5098,0
46949,-5.8022,-8.4807,-2.3577,-27.0200,-68.3900,-39.5500,-0.9239,-2.3386,-1.3524,0
46988,-5.0673,-8.7224,-0.9048,-1.8900,-92.5400,-83.3000,-0.0646,-3.1644,-2.8484,0
47027,-3.7413,-8.2389,-2.5301,7.2800,-111.3000,-72.7300,0.2489,-3.8059,-2.4870,0
47066,-2.2811,-7.9445,-4.1625,-6.5800,-95.4800,-43.9600,-0.2250,-3.2649,-1.5032,0
47105,-1.7019,-7.3293,-4.3397,-24.9200,-62.4400,-49.0700,-0.8521,-2.1351,-1.6779,0
47144,-1.9891,-7.4035,-3.9208,-33.4600,-37.0300,-41.0900,-1.1442,-1.2662,-1.4051,0
47183,-3.5043,-7.9038,-3.0256,-24.9900,-30.9400,-31.9900,-0.8545,-1.0580,-1.0939,0
47222,-5.1344,-7.7578,-2.8317,-16.5900,-29.5400,-16.3800,-0.5673,-1.0101,-0.5601,0
47261,-4.2607,-8.3131,-3.0974,1.5400,-45.4300,-28.4200,0.0527,-1.5535,-0.9718,0
47300,-3.1428,-8.6530,-3.5522,24.5700,-59.6400,-37.4500,0.8402,-2.0394,-1.2806,0
47339,-2.7766,-7.7075,-3.7843,22.6800,-45.3600,-15.6800,0.7755,-1.5511,-0.5362,0
47378,-3.3774,-8.1192,-3.6168,10.3600,-24.8500,10.9900,0.3543,-0.8497,0.3758,0
47417,-3.4014,-8.3753,-3.7221,14.7700,-21.5600,10.3600,0.5051,-0.7372,0.3543,0
47456,-3.7149,-9.3974,-3.7915,25.9700,-15.1900,7.9800,0.8880,-0.5194,0.2729,0
47495,-3.7030,-9.2012,-4.0692,32.0600,-10.9900,2.5900,1.0963,-0.3758,0.0886,0
47534,-3.5426,-8.2174,-4.2128,21.2800,-6.8600,12.7400,0.7277,-0.2346,0.4356,0
47573,-5.4910,-8.4232,-1.9676,-38.9200,1.2600,24.7800,-1.3309,0.0431,0.8473,0
47612,-6.7501,-11.3530,-1.6349,-77.4200,16.0300,10.7100,-2.6474,0.5481,0.3662,0
47651,-5.0338,-10.0126,-4.5383,-35.0000,-27.9300,-11.9700,-1.1968,-0.9551,-0.4093,0
47690,-3.5593,-7.5136,1.2279,-69.1600,-42.0000,9.4500,-2.3649,-1.4362,0.3231,0
47729,-3.6838,-6.8626,0.8689,-61.5300,-26.6000,0.2100,-2.1040,-0.9096,0.0072,0
47768,-4.9979,-6.9631,-0.1532,-57.3300,-3.2200,-0.7000,-1.9604,-0.1101,-0.0239,0
47807,-8.0402,-8.7320,-2.2452,-72.7300,5.0400,57.9600,-2.4870,0.1723,1.9819,0
47846,-7.0660,-5.8764,-1.9867,-89.9500,-19.8800,103.5300,-3.0758,-0.6798,3.5402,0
47885,-7.7769,-5.9314,-3.7652,-134.9600,-15.0500,140.0700,-4.6149,-0.5146,4.7897,0
47924,-7.2025,-5.3713,-4.4570,-93.4500,-17.8500,108.3600,-3.1955,-0.6104,3.7054,0
47963,-7.7769,-4.9261,-3.7101,-73.8500,-32.9000,86.8000,-2.5253,-1.1250,2.9681,0
48002,-8.3083,-3.1979,-3.9710,-73.5700,-52.7800,51.6600,-2.5157,-1.8048,1.7665,0
48041,-8.0091,-2.9968,-3.8921,-43.3300,-39.0600,-2.8700,-1.4817,-1.3357,-0.0981,0
48080,-6.9440,-4.1649,-4.7274,-32.9700,-24.9900,-20.3000,-1.1274,-0.8545,-0.6942,0
48119,-6.2689,-4.2679,-5.3019,-2.9400,-16.9400,-50.3300,-0.1005,-0.5793,-1.7210,0
48158,-6.9440,-3.4732,-4.6844,4.9000,-12.5300,-64.0500,0.1676,-0.4285,-2.1902,0
48197,-7.9134,-3.8179,-4.4665,3.2200,-11.9700,-79.1000,0.1101,-0.4093,-2.7048,0
48236,-8.3131,-4.5982,-4.0692,7.2100,-14.1400,-94.0800,0.2465,-0.4835,-3.2171,0
48275,-7.6190,-5.0625,-4.6245,2.8000,-5.9500,-80.0800,0.0957,-0.2035,-2.7383,0
48314,-7.2144,-4.9883,-4.9070,3.7100,-6.7200,-57.5400,0.1269,-0.2298,-1.9676,0
48353,-8.4902,-7.1785,-3.6790,19.6000,-9.7300,-53.2700,0.6702,-0.3327,-1.8216,0
48392,-7.3700,-12.8275,-5.7136,27.1600,3.7800,19.2500,0.9287,0.1293,0.6583,0
48431,-7.1785,-4.3708,-4.4091,15.6800,20.0900,34.1600,0.5362,0.6870,1.1681,0
48470,-7.7745,-6.1205,-1.1681,48.0200,-18.4800,-54.0400,1.6420,-0.6319,-1.8479,0
48509,-6.2139,-8.2533,0.2106,46.4800,-25.0600,-60.2700,1.5894,-0.8569,-2.0609,0
48548,-4.7633,-7.8487,-1.4649,31.5700,-48.1600,-30.8000,1.0795,-1.6468,-1.0532,0
48587,-4.1434,-7.3485,-3.0639,11.6900,-31.0100,-22.0500,0.3997,-1.0604,-0.7540,0
48626,-3.8083,-7.9852,-3.4397,15.8200,-8.4700,-31.0100,0.5410,-0.2896,-1.0604,0
48665,-3.5282,-7.6740,-2.7096,19.8100,18.2700,-21.2100,0.6774,0.6247,-0.7253,0
48704,-4.4115,-7.2599,-2.7670,21.0700,27.1600,-4.4800,0.7205,0.9287,-0.1532,0
48743,-5.1535,-6.7740,-2.7072,23.2400,29.2600,0.3500,0.7947,1.0005,0.0120,0
48782,-5.7088,-6.5586,-2.5540,22.1200,29.9600,4.9700,0.7564,1.0245,0.1699,0
48821,-6.3910,-6.8219,-2.6019,33.3900,9.9400,1.1200,1.1418,0.3399,0.0383,0
48860,-5.9602,-7.8942,-2.7958,47.3200,-8.4000,-5.2500,1.6181,-0.2872,-0.1795,0
48899,-5.1870,-8.4232,-1.6540,53.9000,-10.9900,0.9800,1.8431,-0.3758,0.0335,0
48938,-4.5599,-7.9924,-1.4194,47.3900,-4.2000,6.1600,1.6205,-0.1436,0.2106,0
48977,-5.7399,-7.3437,-3.0375,37.5200,9.9400,12.6700,1.2830,0.3399,0.4332,0
49016,-6.2067,-9.3543,-3.3415,41.9300,32.7600,17.5000,1.4338,1.1202,0.5984,0
49055,-6.7812,-9.1844,-0.5027,-15.6100,75.0400,30.7300,-0.5338,2.5660,1.0508,0
49094,-8.2198,-8.8086,-1.9795,-22.2600,72.6600,16.3100,-0.7612,2.4846,0.5577,0
49133,-5.5413,-8.5142,-0.6415,-32.0600,50.6100,26.7400,-1.0963,1.7306,0.9144,0
49172,-4.6149,-8.0714,1.2399,-56.1400,19.8100,42.9100,-1.9197,0.6774,1.4673,0
49211,-2.8700,-5.9937,1.1370,7.1400,8.6800,-30.6600,0.2442,0.2968,-1.0484,0
49250,-6.0296,-6.9440,-1.3213,-26.7400,32.4100,2.0300,-0.9144,1.1083,0.0694,0
49289,-8.9259,-6.8961,-2.7551,-31.5000,35.8400,62.8600,-1.0771,1.2255,2.1495,0
49328,-7.5663,-5.6370,-0.7468,-6.3700,8.0500,48.7200,-0.2178,0.2753,1.6660,0
49367,-7.7195,-5.4790,-1.4936,-30.1000,-9.0300,62.2300,-1.0293,-0.3088,2.1279,0
49406,-7.5974,-5.7759,-2.1327,-25.1300,-12.8800,26.5300,-0.8593,-0.4404,0.9072,0
49445,-6.6280,-5.2397,-3.6479,1.4000,-29.6800,-27.2300,0.0479,-1.0149,-0.9311,0
49484,-5.9338,-5.0889,-3.2960,20.7200,-26.7400,-47.8800,0.7085,-0.9144,-1.6372,0
49523,-6.0200,-5.0314,-2.8006,23.7300,-20.6500,-68.8800,0.8114,-0.7061,-2.3553,0
49562,-6.2330,-5.9506,-2.6522,7.2800,4.7600,-56.2100,0.2489,0.1628,-1.9221,0
49601,-5.3689,-6.9487,-2.3649,-20.1600,29.4700,-10.2200,-0.6894,1.0077,-0.3495,0
49640,-6.3384,-4.9524,-4.0261,-41.0900,48.7900,29.4700,-1.4051,1.6684,1.0077,0
49679,-9.4956,-4.1123,-5.0865,-48.6500,28.3500,16.8000,-1.6636,0.9694,0.5745,0
49718,-11.3937,-8.7488,-3.3008,-6.7900,-3.7100,-39.9000,-0.2322,-0.1269,-1.3644,0
49757,-7.0732,-12.9472,-3.0088,4.2000,-30.8000,10.5700,0.1436,-1.0532,0.3614,0
49796,-5.7543,-7.0565,-3.2482,24.9200,-13.4400,15.9600,0.8521,-0.4596,0.5457,0
49835,-6.4916,-7.1953,-0.9814,46.1300,-23.8700,-24.5700,1.5774,-0.8162,-0.8402,0
49874,-3.5881,-8.3155,0.4261,51.4500,-22.1200,-6.9300,1.7593,-0.7564,-0.2370,0
49913,-2.7718,-9.3879,-2.7000,32.8300,-4.4800,-2.3800,1.1226,-0.1532,-0.0814,0
49952,-3.6671,-8.6027,-3.3032,38.3600,19.5300,-9.0300,1.3117,0.6678,-0.3088,0
49991,-3.7030,-7.9780,-2.8436,41.7200,48.3000,-4.2000,1.4266,1.6516,-0.1436,0
50030,-4.5623,-8.3634,-2.6857,48.0200,71.4700,2.3800,1.6420,2.4439,0.0814,0
50069,-5.1152,-8.3969,-2.6665,57.4700,72.1700,3.9900,1.9652,2.4678,0.1364,0
50108,-5.2181,-7.5400,-2.8006,73.2200,67.7600,-3.1500,2.5037,2.3170,-0.1077,0
50147,-5.5317,-7.2791,-2.7599,74.2000,65.1700,0.7000,2.5373,2.2285,0.0239,0
50186,-5.6801,-7.2551,-2.7431,73.2200,72.2400,16.3800,2.5037,2.4702,0.5601,0
50225,-5.4096,-7.2360,-2.7742,78.7500,71.6800,23.0300,2.6928,2.4511,0.7875,0
50264,-4.6389,-7.4538,-2.9370,81.3400,69.1600,28.0000,2.7814,2.3649,0.9575,0
50303,-3.7556,-7.5663,-3.8394,83.9300,85.0500,35.6300,2.8700,2.9083,1.2184,0
50342,-4.7992,-7.8104,-2.4176,82.8800,105.9800,44.7300,2.8341,3.6240,1.5295,0
50381,-7.0804,-6.6639,-0.5936,66.0100,103.9500,43.8200,2.2572,3.5546,1.4984,0
50420,-7.9493,-8.7679,-0.0814,57.6800,102.0600,31.1500,1.9724,3.4899,1.0652,0
50459,-7.4059,-9.7014,0.1628,50.7500,85.2600,10.0800,1.7354,2.9155,0.3447,0
50498,-6.6112,-10.3956,-0.3638,43.4700,82.1800,1.6100,1.4865,2.8101,0.0551,0
50537,-5.4838,-8.9379,-1.5176,66.9200,90.3000,7.9100,2.2883,3.0878,0.2705,0
50576,-5.3043,-6.4987,-1.5750,91.4900,93.5200,16.9400,3.1285,3.1979,0.5793,0
50615,-6.0176,-5.2660,-2.0657,90.6500,112.0000,51.3100,3.0998,3.8298,1.7545,0
50654,-6.9822,-4.3708,-2.0609,82.2500,112.6300,48.1600,2.8125,3.8514,1.6468,0
50693,-8.7583,-4.5120,-1.7880,67.2700,101.9900,42.6300,2.3003,3.4875,1.4577,0
50732,-9.1748,-5.1128,-1.4003,61.8100,76.6500,22.1900,2.1136,2.6210,0.7588,0
50771,-8.2700,-5.9626,-1.1801,65.1000,60.4100,2.5900,2.2261,2.0657,0.0886,0
50810,-7.2671,-5.8812,-1.5367,62.9300,64.2600,3.5700,2.1519,2.1974,0.1221,0
50849,-7.7482,-6.0104,-1.2351,53.8300,66.5700,6.7900,1.8407,2.2764,0.2322,0
50888,-7.9780,-5.7782,-1.2279,56.6300,61.1800,-6.4400,1.9365,2.0920,-0.2202,0
50927,-7.2455,-5.6011,-1.1920,69.0900,68.0400,-24.2900,2.3625,2.3266,-0.8306,0
50966,-6.8003,-6.1445,-1.5774,45.6400,76.8600,-4.8300,1.5607,2.6282,-0.1652,0
51005,-8.4902,-6.9248,-1.5918,41.1600,61.2500,-10.0100,1.4075,2.0944,-0.3423,0
51044,-8.5932,-6.3312,-1.7258,21.7700,46.2700,-1.5400,0.7444,1.5822,-0.0527,0
51083,-8.0881,-6.2785,-0.6702,5.6700,59.5000,20.2300,0.1939,2.0346,0.6918,0
51122,-7.5088,-6.7166,-0.6223,1.8900,45.1500,13.2300,0.0646,1.5439,0.4524,0
51161,-6.4437,-7.8200,-0.9694,24.8500,37.9400,3.1500,0.8497,1.2974,0.1077,0
51200,-4.7921,-7.7626,-1.9412,29.1900,35.4200,5.7400,0.9981,1.2112,0.1963,0
51239,-4.7657,-7.7123,-1.9963,53.8300,54.5300,14.0000,1.8407,1.8646,0.4787,0
51278,-5.5868,-7.6118,-2.1399,51.1000,46.4800,23.0300,1.7474,1.5894,0.7875,0
51317,-5.3139,-9.1030,-1.5295,46.7600,36.5400,5.1100,1.5990,1.2495,0.1747,0
51356,-3.8992,-11.1855,-2.2333,28.0000,52.6400,-0.2800,0.9575,1.8000,-0.0096,0
51395,-3.5641,-8.7894,-3.4468,35.7700,61.5300,-7.8400,1.2232,2.1040,-0.2681,0
51434,-5.3713,-6.6064,-3.0112,39.9000,78.5400,3.2200,1.3644,2.6857,0.1101,0
51473,-6.8314,-7.1330,-1.9412,35.9800,88.1300,17.9200,1.2303,3.0136,0.6128,0
51512,-6.1181,-8.5381,-2.0849,60.4100,71.2600,6.2300,2.0657,2.4367,0.2130,0
51551,-5.0266,-8.3347,-2.4678,73.2200,53.6200,-2.2400,2.5037,1.8335,-0.0766,0
51590,-5.2301,-6.9176,-2.9394,65.4500,59.0100,4.6900,2.2381,2.0178,0.1604,0
51629,-6.3312,-7.0397,-2.3553,54.9500,80.4300,12.4600,1.8790,2.7503,0.4261,0
51668,-6.2067,-7.6956,-2.3984,58.5200,71.6800,10.2900,2.0011,2.4511,0.3519,0
51707,-5.6203,-7.0636,-2.7886,65.3800,73.6400,15.2600,2.2357,2.5181,0.5218,0
51746,-6.2833,-6.7237,-2.4104,60.3400,73.9200,23.2400,2.0633,2.5277,0.7947,0
51785,-6.8626,-7.2599,-2.4439,63.9800,66.5000,24.5000,2.1878,2.2740,0.8378,0
51824,-7.0565,-7.7099,-1.7689,71.9600,58.5900,21.7000,2.4607,2.0035,0.7420,0
51863,-7.3748,-8.1551,0.0646,48.0900,62.2300,18.2000,1.6444,2.1279,0.6223,0
51902,-7.5735,-9.2466,-1.1777,35.9100,71.1200,5.8800,1.2279,2.4319,0.2011,0
51941,-6.3455,-9.3208,-1.9891,48.3000,57.6100,4.6200,1.6516,1.9700,0.1580,0
51980,-3.2841,-8.7033,0.1149,36.4000,70.4900,30.8000,1.2447,2.4104,1.0532,0
52019,-2.7527,-7.3437,0.4428,26.1800,78.2600,37.6600,0.8952,2.6761,1.2878,0
52058,-3.7437,-6.3312,-0.1364,8.1200,81.2700,32.6900,0.2777,2.7790,1.1178,0
52097,-6.6950,-7.1666,-1.6468,20.0900,94.6400,39.7600,0.6870,3.2362,1.3596,0
52136,-8.0139,-6.2402,-1.2758,30.2400,88.8300,70.7700,1.0341,3.0375,2.4200,0
52175,-7.6022,-5.4575,-1.2279,30.3800,73.0100,69.1600,1.0388,2.4966,2.3649,0
52214,-7.0541,-5.0075,-1.8527,28.1400,53.0600,53.4100,0.9622,1.8144,1.8263,0
52253,-7.4059,-4.8878,-2.3745,29.1200,44.1700,37.8700,0.9958,1.5104,1.2950,0
52292,-8.1073,-4.5671,-2.5277,28.3500,32.2700,17.7100,0.9694,1.1035,0.6056,0
52331,-9.1389,-4.5575,-1.8575,26.8100,17.0100,-17.5700,0.9168,0.5817,-0.6008,0
52370,-8.5621,-4.8399,-2.0418,26.8800,3.0100,-39.2000,0.9192,0.1029,-1.3404,0
52409,-7.1857,-5.2229,-2.1471,17.0100,1.7500,-29.1900,0.5817,0.0598,-0.9981,0
52448,-6.8434,-5.4360,-1.7043,-0.2800,18.1300,-0.6300,-0.0096,0.6200,-0.0215,0
52487,-7.9158,-4.4115,-2.7216,-12.9500,29.4000,18.2700,-0.4428,1.0053,0.6247,0
52526,-9.0527,-4.7370,-2.7718,7.0000,42.7000,5.8100,0.2394,1.4601,0.1987,0
52565,-6.6400,-10.7929,-3.5761,16.0300,39.4100,33.6700,0.5481,1.3476,1.1513,0
52604,-7.1283,-6.5227,-3.3296,15.6800,36.5400,28.2100,0.5362,1.2495,0.9646,0
52643,-8.4041,-8.8804,-2.1543,53.8300,20.2300,-22.4000,1.8407,0.6918,-0.7660,0
52682,-6.2187,-8.2748,-0.0455,54.1100,-0.0700,-48.2300,1.8503,-0.0024,-1.6492,0
52721,-4.0453,-7.3245,-1.5654,36.4000,-19.1800,-36.4000,1.2447,-0.6559,-1.2447,0
52760,-3.8753,-7.4179,-2.6976,26.6000,-9.7300,-22.1200,0.9096,-0.3327,-0.7564,0
52799,-3.9136,-8.0235,-2.5732,6.7200,16.8000,-17.2900,0.2298,0.5745,-0.5912,0
52838,-4.5216,-8.1862,-2.5444,11.3400,21.7000,-22.0500,0.3878,0.7420,-0.7540,0
52877,-4.7633,-8.0857,-2.5229,24.7800,14.9100,-20.5100,0.8473,0.5098,-0.7013,0
52916,-5.0027,-7.4299,-2.2333,31.0100,23.1000,-12.0400,1.0604,0.7899,-0.4117,0
52955,-5.5461,-6.6735,-2.5229,38.2200,32.2700,-6.0900,1.3069,1.1035,-0.2082,0
52994,-6.0128,-6.1995,-2.9298,20.0900,32.2700,18.4800,0.6870,1.1035,0.6319,0
53033,-5.1104,-8.0570,-2.2069,40.9500,10.4300,8.2600,1.4003,0.3567,0.2824,0
53072,-4.4067,-8.7535,-1.8886,58.0300,-2.2400,-1.8900,1.9843,-0.0766,-0.0646,0
53111,-4.1745,-7.3724,-2.4032,56.4200,15.8900,-0.9800,1.9293,0.5434,-0.0335,0
53150,-6.8171,-6.1612,-1.9556,28.4200,39.5500,19.2500,0.9718,1.3524,0.6583,0
53189,-7.5471,-8.3730,-2.3529,25.9000,37.2400,25.2000,0.8856,1.2734,0.8617,0
53228,-6.0870,-10.2328,-3.7484,56.2800,18.1300,2.1000,1.9245,0.6200,0.0718,0
53267,-6.1469,-7.4825,-1.2591,20.4400,27.5100,2.8000,0.6989,0.9407,0.0957,0
53306,-7.9756,-8.3921,-0.6846,-38.4300,72.1000,29.8200,-1.3141,2.4654,1.0197,0
53345,-5.6203,-8.3825,-1.1059,-12.9500,48.2300,8.2600,-0.4428,1.6492,0.2824,0
53384,-3.7987,-9.7182,0.8569,-57.0500,33.0400,45.2200,-1.9508,1.1298,1.5463,0
53423,-3.3583,-8.1360,0.4787,-55.6500,39.4100,-0.9800,-1.9029,1.3476,-0.0335,0
53462,-8.0331,-7.8607,-3.5426,-26.6700,49.4200,39.6900,-0.9120,1.6899,1.3572,0
53501,-7.6237,-5.1487,-1.7426,-5.7400,30.1700,59.7800,-0.1963,1.0317,2.0442,0
53540,-7.4586,-4.9620,-1.3333,-22.2600,21.4900,79.4500,-0.7612,0.7348,2.7168,0
53579,-7.2791,-5.4192,-2.6809,-30.8700,9.9400,61.9500,-1.0556,0.3399,2.1184,0
53618,-6.7788,-5.4671,-3.0351,-19.1800,1.9600,30.7300,-0.6559,0.0670,1.0508,0
53657,-6.7860,-4.9117,-3.4564,-8.4700,-2.8700,9.0300,-0.2896,-0.0981,0.3088,0
53696,-6.8937,-4.5742,-3.0064,6.0200,-6.8600,-20.5800,0.2059,-0.2346,-0.7037,0
53735,-7.2599,-4.8399,-3.0088,18.6900,-16.8700,-53.2000,0.6391,-0.5769,-1.8192,0
53774,-6.7501,-4.6844,-3.3750,16.2400,-17.6400,-65.8700,0.5553,-0.6032,-2.2524,0
53813,-6.1397,-5.7040,-2.6569,-5.5300,-1.8200,-36.4000,-0.1891,-0.0622,-1.2447,0
53852,-6.6783,-5.9721,-2.9585,-53.4100,27.8600,36.5400,-1.8263,0.9527,1.2495,0
53891,-10.3190,-3.7149,-5.2923,-50.1900,30.5200,28.3500,-1.7162,1.0436,0.9694,0
53930,-11.1376,-5.7399,-4.2726,28.1400,32.9000,-29.7500,0.9622,1.1250,-1.0173,0
53969,-6.4054,-13.6342,-4.6173,38.1500,-59.4300,-41.4400,1.3045,-2.0322,-1.4170,0
54008,-4.8926,-7.5783,-3.7293,9.4500,-38.8500,17.9900,0.3231,-1.3285,0.6152,0
54047,-7.4011,-9.2347,-1.6899,27.7900,-17.1500,-3.9900,0.9503,-0.5864,-0.1364,0
54086,-6.3408,-8.7511,0.5027,50.6800,-39.5500,-56.4900,1.7330,-1.3524,-1.9317,0
54125,-4.3828,-7.9349,-1.8479,39.2700,-56.1400,-58.3100,1.3428,-1.9197,-1.9939,0
54164,-3.1668,-7.7721,-3.2194,13.3700,-37.5900,-48.0900,0.4572,-1.2854,-1.6444,0
54203,-3.4468,-7.2240,-3.0639,10.3600,-17.9900,-47.8100,0.3543,-0.6152,-1.6349,0
54242,-3.6072,-7.1642,-2.9250,2.2400,-1.5400,-25.4100,0.0766,-0.0527,-0.8689,0
54281,-4.3133,-7.0110,-2.1662,16.9400,9.2400,-18.8300,0.5793,0.3160,-0.6439,0
54320,-5.5509,-7.4107,-2.3482,27.4400,11.4800,-17.7100,0.9383,0.3926,-0.6056,0
54359,-6.1636,-6.3647,-1.6540,18.5500,-10.0100,-11.0600,0.6343,-0.3423,-0.3782,0
54398,-5.7950,-6.9128,-2.3099,15.4700,-27.8600,-7.3500,0.5290,-0.9527,-0.2513,0
54437,-4.5647,-7.5065,-2.6881,9.7300,-23.0300,14.9800,0.3327,-0.7875,0.5122,0
54476,-4.9883,-8.3347,-2.7335,32.9700,-8.4700,9.5200,1.1274,-0.2896,0.3255,0
54515,-4.5455,-7.4945,-2.0585,42.6300,-14.7700,3.8500,1.4577,-0.5051,0.1317,0
54554,-5.2804,-8.3370,-2.0178,30.5200,2.6600,21.2100,1.0436,0.0910,0.7253,0
54593,-6.5610,-9.7062,-3.0686,31.1500,5.4600,13.4400,1.0652,0.1867,0.4596,0
54632,-5.9578,-9.3424,-3.8825,47.8800,-18.5500,-10.7800,1.6372,-0.6343,-0.3686,0
54671,-6.0200,-7.5663,-1.3668,-7.4200,10.9200,4.5500,-0.2537,0.3734,0.1556,0
54710,-7.1019,-9.5961,0.3495,-59.5000,56.0700,23.7300,-2.0346,1.9173,0.8114,0
54749,-6.6974,-9.5315,-1.9987,-49.7700,27.7900,-8.4700,-1.7019,0.9503,-0.2896,0
54788,-2.6186,-7.2455,1.4793,-78.6800,-5.8100,29.8900,-2.6905,-0.1987,1.0221,0
54827,-3.0615,-7.1043,0.8785,-53.2000,5.7400,3.6400,-1.8192,0.1963,0.1245,0
54866,-6.1684,-7.5112,-0.8378,-52.7800,24.5000,7.4900,-1.8048,0.8378,0.2561,0
54905,-9.1820,-6.6687,-1.9269,-63.3500,22.1200,71.8900,-2.1662,0.7564,2.4583,0
54944,-7.7410,-4.7179,-1.3045,-47.3900,-13.1600,56.4900,-1.6205,-0.4500,1.9317,0
54983,-7.9684,-5.4001,-2.9035,-76.8600,-22.8200,82.3900,-2.6282,-0.7803,2.8173,0
55022,-6.5203,-5.3235,-3.5067,-59.2200,-27.0900,49.4900,-2.0250,-0.9263,1.6923,0
55061,-6.1181,-5.0219,-3.8370,-39.8300,-20.8600,24.1500,-1.3620,-0.7133,0.8258,0
55100,-6.1301,-5.1368,-3.5737,-22.1200,-13.7200,12.4600,-0.7564,-0.4692,0.4261,0
55139,-6.7692,-4.4857,-3.4062,-15.1900,-10.9200,-11.7600,-0.5194,-0.3734,-0.4021,0
55178,-7.2384,-4.0692,-4.2774,-5.3200,-8.5400,-46.0600,-0.1819,-0.2920,-1.5750,0
55217,-6.2330,-4.8280,-4.1937,20.1600,-29.1200,-91.4200,0.6894,-0.9958,-3.1261,0
55256,-6.8291,-5.8477,-3.2242,9.5200,-18.6200,-67.4100,0.3255,-0.6367,-2.3051,0
55295,-7.1474,-6.8650,-3.5258,-17.5700,8.4000,-22.8200,-0.6008,0.2872,-0.7803,0
55334,-7.3317,-5.3354,-4.2224,-28.4900,21.2800,10.9900,-0.9742,0.7277,0.3758,0
55373,-9.3639,-4.2248,-5.4312,-21.9100,16.7300,5.1800,-0.7492,0.5721,0.1771,0
55412,-11.7456,-8.4831,-5.3857,14.9800,0.7700,-51.3100,0.5122,0.0263,-1.7545,0
55451,-6.5514,-10.7953,-3.6958,21.1400,-37.2400,-8.5400,0.7229,-1.2734,-0.2920,0
55490,-6.0775,-7.0158,-2.4200,22.4700,-49.5600,-12.8800,0.7684,-1.6947,-0.4404,0
55529,-6.7812,-7.6309,0.0335,21.4200,-34.0900,-32.4800,0.7325,-1.1657,-1.1106,0
55568,-5.1200,-7.7339,0.4476,38.4300,-46.9000,-60.1300,1.3141,-1.6037,-2.0561,0
55607,-4.1841,-7.7362,-1.6420,17.0800,-61.0400,-39.8300,0.5840,-2.0873,-1.3620,0
55646,-3.0758,-8.2222,-3.0471,18.1300,-19.6700,-36.1900,0.6200,-0.6726,-1.2375,0
55685,-3.4708,-7.1330,-2.6210,11.8300,5.6000,-28.9800,0.4045,0.1915,-0.9910,0
55724,-4.8112,-7.4131,-2.7264,-5.5300,21.2800,-4.7600,-0.1891,0.7277,-0.1628,0
55763,-5.3522,-7.3030,-2.3242,14.4900,23.1000,-5.8800,0.4955,0.7899,-0.2011,0
55802,-5.4503,-7.0325,-2.3099,26.4600,22.1200,-9.9400,0.9048,0.7564,-0.3399,0
55841,-5.6514,-7.3676,-2.2859,30.0300,-0.5600,-9.2400,1.0269,-0.0191,-0.3160,0
55880,-5.3905,-7.6812,-2.4607,40.3200,-21.2100,-11.9000,1.3787,-0.7253,-0.4069,0
55919,-5.3043,-7.3652,-1.6803,44.2400,-21.9800,-2.9400,1.5128,-0.7516,-0.1005,0
55958,-5.3498,-7.6405,-1.2495,37.8000,-14.7700,5.1100,1.2926,-0.5051,0.1747,0
55997,-5.6298,-8.6626,-1.8982,36.0500,-6.9300,9.1000,1.2327,-0.2370,0.3112,0
56036,-5.1798,-9.7589,-3.4085,63.1400,-5.0400,-4.5500,2.1591,-0.1723,-0.1556,0
56075,-4.7562,-10.4147,-5.2780,8.5400,23.1700,16.3800,0.2920,0.7923,0.5601,0
56114,-8.3993,-9.9575,0.9862,-46.8300,100.5900,42.9800,-1.6013,3.4397,1.4697,0
56153,-7.3126,-8.2916,-2.1591,-3.9900,55.1600,6.7200,-0.1364,1.8862,0.2298,0
56192,-2.9059,-6.9631,1.0532,-28.8400,37.6600,36.8200,-0.9862,1.2878,1.2591,0
56231,-3.2314,-6.3647,1.3692,-62.0900,30.8000,38.7100,-2.1232,1.0532,1.3237,0
56270,-5.0219,-7.9541,-0.2250,-44.3800,42.8400,6.7200,-1.5176,1.4649,0.2298,0
56309,-8.8852,-7.9493,-3.5546,-54.1100,24.8500,27.8600,-1.8503,0.8497,0.9527,0
56348,-7.7482,-6.0104,-1.9939,-10.8500,6.6500,17.9200,-0.3710,0.2274,0.6128,0
56387,-6.9703,-5.4168,-1.6875,-30.2400,-6.3000,46.4100,-1.0341,-0.2154,1.5870,0
56426,-7.4682,-5.2229,-2.0729,-38.0800,-21.4900,27.4400,-1.3021,-0.7348,0.9383,0
56465,-7.2862,-5.5173,-2.4319,-42.7700,-32.6200,10.7100,-1.4625,-1.1154,0.3662,0
56504,-6.5729,-5.1511,-3.3415,-28.7700,-35.7700,-15.0500,-0.9838,-1.2232,-0.5146,0
56543,-6.2785,-5.2205,-3.5593,-0.2100,-38.2200,-64.3300,-0.0072,-1.3069,-2.1998,0
56582,-5.8046,-5.2660,-3.6551,-12.8100,-32.1300,-68.1100,-0.4380,-1.0987,-2.3290,0
56621,-5.5532,-6.9655,-2.9490,-39.4800,-11.2000,-32.2700,-1.3500,-0.3830,-1.1035,0
56660,-6.0176,-6.3862,-3.8921,-79.5200,23.1000,42.2800,-2.7192,0.7899,1.4458,0
56699,-9.8403,-4.3133,-5.4862,-88.5500,15.5400,40.1800,-3.0280,0.5314,1.3739,0
56738,-11.1328,-4.6724,-5.3713,-49.0000,-8.8900,-26.8100,-1.6755,-0.3040,-0.9168,0
56777,-8.9690,-9.9504,-5.7399,2.8000,-73.1500,-95.3400,0.0957,-2.5014,-3.2601,0
56816,-6.1469,-8.7152,-4.8998,-27.9300,-83.1600,-20.7900,-0.9551,-2.8436,-0.7109,0
56855,-5.4719,-8.5764,-2.6809,-15.3300,-56.5600,-8.1200,-0.5242,-1.9341,-0.2777,0
56894,-5.5676,-8.8062,-1.1011,13.6500,-56.1400,-49.3500,0.4668,-1.9197,-1.6875,0
56933,-4.4809,-8.6123,-0.7468,25.3400,-63.1400,-47.0400,0.8665,-2.1591,-1.6085,0
56972,-3.5043,-7.2551,-2.3697,19.5300,-50.4000,-51.3800,0.6678,-1.7234,-1.7569,0
57011,-3.0519,-7.2815,-3.3559,-6.8600,-30.9400,-37.2400,-0.2346,-1.0580,-1.2734,0
57050,-3.5929,-7.4275,-3.0040,-4.8300,-15.0500,-34.4400,-0.1652,-0.5146,-1.1777,0
57089,-5.0386,-7.2767,-2.8652,1.8200,3.7100,-17.8500,0.0622,0.1269,-0.6104,0
57128,-5.9937,-7.2599,-3.3176,3.0100,3.2900,-8.6100,0.1029,0.1125,-0.2944,0
57167,-5.6490,-7.1019,-2.4918,5.7400,-18.4100,-10.9900,0.1963,-0.6295,-0.3758,0
57206,-4.7562,-7.7530,-2.5253,37.3100,-44.6600,-30.5900,1.2758,-1.5271,-1.0460,0
57245,-4.4067,-8.4855,-2.9968,16.2400,-47.3900,-1.2600,0.5553,-1.6205,-0.0431,0
57284,-4.7203,-7.4466,-2.3314,31.7100,-40.6700,-2.5200,1.0843,-1.3907,-0.0862,0
57323,-5.5868,-8.0043,-1.9580,10.5000,-25.8300,10.2200,0.3590,-0.8833,0.3495,0
57362,-5.9027,-9.7756,-3.3152,34.5100,-16.3100,11.8300,1.1801,-0.5577,0.4045,0
57401,-3.5713,-9.2514,-4.1937,56.2100,-8.8900,3.8500,1.9221,-0.3040,0.1317,0
57440,-6.7692,-10.4578,-0.6319,-58.2400,82.5300,44.6600,-1.9915,2.8221,1.5271,0
57479,-7.6596,-8.7152,-2.8867,-30.1700,45.8500,14.6300,-1.0317,1.5678,0.5003,0
57518,-3.5187,-6.7812,0.5266,-24.7100,11.7600,12.1800,-0.8450,0.4021,0.4165,0
57557,-3.7077,-6.1564,1.2208,-81.2000,10.3600,31.0100,-2.7766,0.3543,1.0604,0
57596,-4.0213,-6.4868,0.2082,-56.5600,24.2200,-4.2700,-1.9341,0.8282,-0.1460,0
57635,-7.8009,-8.4615,-1.0700,-70.0000,27.3700,3.5000,-2.3936,0.9359,0.1197,0
57674,-9.5267,-7.6788,-2.2787,-55.3000,-17.2900,12.5300,-1.8910,-0.5912,0.4285,0
57713,-7.1618,-5.8405,-1.1370,-35.0700,-42.1400,8.3300,-1.1992,-1.4410,0.2848,0
57752,-6.6567,-5.1368,-2.0370,-52.8500,-52.4300,13.8600,-1.8072,-1.7928,0.4739,0
57791,-6.7261,-5.4551,-2.5899,-77.4200,-55.2300,20.4400,-2.6474,-1.8886,0.6989,0
57830,-7.2192,-5.3665,-3.5378,-69.7200,-58.1000,-7.7000,-2.3841,-1.9867,-0.2633,0
57869,-7.2503,-5.4766,-4.2535,-37.7300,-55.9300,-58.1000,-1.2902,-1.9125,-1.9867,0
57908,-5.8477,-4.9620,-4.0237,-34.3700,-50.1200,-75.9500,-1.1753,-1.7138,-2.5971,0
57947,-6.1325,-5.9937,-3.4851,-58.8000,-39.2000,-47.5300,-2.0107,-1.3404,-1.6253,0
57986,-6.9057,-6.8961,-2.2572,-82.6000,-29.6100,-7.1400,-2.8245,-1.0125,-0.2442,0
58025,-7.8057,-5.3187,-3.6479,-83.8600,-28.0000,8.3300,-2.8676,-0.9575,0.2848,0
58064,-9.1868,-6.0032,-6.3001,-67.4100,-30.2400,-35.2100,-2.3051,-1.0341,-1.2040,0
58103,-8.4711,-9.7589,-4.8447,-32.7600,-83.5100,-101.2200,-1.1202,-2.8556,-3.4612,0
58142,-5.8046,-10.4363,-4.0907,-36.5400,-72.5900,-37.0300,-1.2495,-2.4822,-1.2662,0
58181,-5.9626,-7.7195,-2.7742,-33.7400,-63.4900,-28.0700,-1.1537,-2.1710,-0.9598,0
58220,-4.5024,-7.2049,-2.2045,-19.2500,-67.1300,-52.5000,-0.6583,-2.2955,-1.7952,0
58259,-3.4062,-7.2838,-3.5282,-18.5500,-79.1700,-54.6000,-0.6343,-2.7072,-1.8670,0
58298,-3.4804,-7.3796,-3.2410,-5.4600,-85.1200,-60.0600,-0.1867,-2.9107,-2.0537,0
58337,-5.0147,-7.4682,-2.2811,-47.6000,-86.8000,-41.5800,-1.6277,-2.9681,-1.4218,0
58376,-4.9644,-7.6429,-2.7790,-52.3600,-97.4400,-53.6200,-1.7904,-3.3319,-1.8335,0
58415,-4.1362,-8.3921,-3.6766,-65.2400,-106.7500,-51.6600,-2.2309,-3.6503,-1.7665,0
58454,-3.6216,-9.6105,-3.1907,-55.4400,-111.1600,-58.8000,-1.8958,-3.8011,-2.0107,0
58493,-3.5306,-8.4950,-3.6048,-55.5100,-110.0400,-63.9800,-1.8982,-3.7628,-2.1878,0
58532,-4.2391,-7.3126,-3.7293,-60.0600,-100.1000,-54.8800,-2.0537,-3.4229,-1.8766,0
58571,-4.3086,-7.1953,-3.7772,-56.0000,-86.3800,-33.4600,-1.9149,-2.9538,-1.1442,0
58610,-4.0835,-7.4490,-3.5857,-43.5400,-80.2200,-22.1200,-1.4888,-2.7431,-0.7564,0
58649,-4.4043,-8.0378,-4.2583,-38.8500,-78.9600,-12.1800,-1.3285,-2.7000,-0.4165,0
58688,-4.3301,-8.8230,-3.4397,-33.0400,-80.3600,-8.8200,-1.1298,-2.7479,-0.3016,0
58727,-3.6766,-8.6530,-3.4444,-32.9000,-84.9800,-11.3400,-1.1250,-2.9059,-0.3878,0
58766,-3.2434,-8.6243,-3.5234,-29.3300,-65.0300,-3.3600,-1.0029,-2.2237,-0.1149,0
58805,-2.6737,-8.7176,-3.7460,-34.2300,-54.1800,0.0000,-1.1705,-1.8527,0.0000,0
58844,-2.7192,-8.8996,-3.8059,-37.8700,-47.3200,0.9800,-1.2950,-1.6181,0.0335,0
58883,-3.4038,-8.1886,-3.5019,-34.8600,-47.7400,-5.8100,-1.1920,-1.6325,-0.1987,0
58922,-4.1218,-7.1785,-3.6383,-35.1400,-51.5900,-13.1600,-1.2016,-1.7641,-0.4500,0
58961,-4.3804,-6.6136,-3.4014,-43.0500,-41.0900,-6.5100,-1.4721,-1.4051,-0.2226,0
59000,-4.9165,-8.0833,-3.7293,-94.0100,-2.1700,19.2500,-3.2147,-0.0742,0.6583,0
59039,-5.3354,-7.9900,-3.3535,-111.8600,11.6200,36.1900,-3.8250,0.3973,1.2375,0
59078,-6.5251,-5.8165,-2.0633,-91.5600,-3.8500,28.9100,-3.1309,-0.1317,0.9886,0
59117,-10.9078,-7.1139,-2.4822,-58.7300,0.6300,-6.3000,-2.0083,0.0215,-0.2154,0
59156,-10.9054,-6.8243,-2.7742,-56.9800,-38.2900,13.1600,-1.9484,-1.3093,0.4500,0
59195,-8.1144,-5.7208,-3.1022,-56.0000,-91.2800,11.4100,-1.9149,-3.1213,0.3902,0
59234,-7.6716,-4.7155,-4.4570,-66.2200,-118.5100,-22.8200,-2.2644,-4.0524,-0.7803,0
59273,-6.3455,-4.8926,-4.5359,-71.6100,-113.5400,-42.2800,-2.4487,-3.8825,-1.4458,0
59312,-6.4987,-5.9602,-3.8729,-80.3600,-85.6100,-19.1800,-2.7479,-2.9274,-0.6559,0
59351,-6.0703,-5.7878,-3.4947,-74.5500,-59.0800,-5.0400,-2.5492,-2.0202,-0.1723,0
59390,-6.7692,-4.4617,-4.0405,-78.6800,-48.0200,-8.9600,-2.6905,-1.6420,-0.3064,0
59429,-7.2168,-3.7867,-4.5934,-70.0000,-51.3100,-45.8500,-2.3936,-1.7545,-1.5678,0
59468,-7.5280,-4.2248,-4.7346,-65.1700,-62.2300,-67.0600,-2.2285,-2.1279,-2.2931,0
59507,-6.8985,-5.1391,-4.7370,-66.8500,-72.6600,-62.0200,-2.2859,-2.4846,-2.1208,0
59546,-6.3168,-5.0889,-5.3306,-82.3200,-70.6300,-29.4000,-2.8149,-2.4152,-1.0053,0
59585,-6.9296,-5.0913,-5.7208,-94.1500,-46.9000,-3.0800,-3.2194,-1.6037,-0.1053,0
59624,-7.8009,-4.5551,-5.7902,-86.3100,-19.1800,-28.0700,-2.9514,-0.6559,-0.9598,0
59663,-7.7219,-3.8131,-5.9075,-50.2600,-48.1600,-63.7700,-1.7186,-1.6468,-2.1806,0
59702,-9.0456,-9.4381,-7.4059,-3.2200,-93.4500,-116.7600,-0.1101,-3.1955,-3.9926,0
59741,-5.9410,-7.0158,-4.8902,-36.0500,-76.8600,-16.5900,-1.2327,-2.6282,-0.5673,0
59780,-7.0660,-7.4131,-2.9801,-25.0600,-48.3700,-17.0100,-0.8569,-1.6540,-0.5817,0
59819,-6.5825,-8.1910,-0.0455,10.0100,-55.8600,-80.8500,0.3423,-1.9101,-2.7647,0
59858,-4.7969,-7.3700,-0.4309,31.5000,-67.4800,-85.7500,1.0771,-2.3075,-2.9322,0
59897,-4.1673,-7.5711,-2.6809,15.0500,-80.7800,-60.9700,0.5146,-2.7623,-2.0849,0
59936,-3.5665,-7.5184,-3.8897,9.8700,-51.4500,-47.6700,0.3375,-1.7593,-1.6301,0
59975,-3.4564,-7.3533,-2.8197,-1.7500,-26.6700,-27.7900,-0.0598,-0.9120,-0.9503,0
60014,-4.2224,-7.9182,-2.6234,-12.4600,4.5500,-7.1400,-0.4261,0.1556,-0.2442,0
60053,-4.8232,-8.2700,-2.3458,20.6500,15.3300,-14.8400,0.7061,0.5242,-0.5075,0
60092,-5.5245,-6.9990,-2.5803,33.6000,-3.0800,-26.2500,1.1489,-0.1053,-0.8976,0
60131,-5.6921,-6.9440,-2.6186,38.7100,-14.4900,-24.5700,1.3237,-0.4955,-0.8402,0
60170,-4.5958,-7.4897,-2.5181,57.4700,0.0000,-18.2000,1.9652,0.0000,-0.6223,0
60209,-4.1913,-8.2748,-2.3266,42.7700,12.6000,9.9400,1.4625,0.4309,0.3399,0
60248,-4.5455,-7.8320,-2.2141,46.9700,21.2800,16.0300,1.6061,0.7277,0.5481,0
60287,-5.7256,-7.4418,-2.0609,50.6800,26.2500,19.0400,1.7330,0.8976,0.6511,0
60326,-6.2043,-8.0378,-0.5864,24.7800,42.4900,28.2800,0.8473,1.4529,0.9670,0
60365,-7.8583,-11.8198,-0.6271,-28.0000,81.3400,28.3500,-0.9575,2.7814,0.9694,0
60404,-7.1091,-11.5780,-3.6048,2.8700,61.0400,19.1100,0.0981,2.0873,0.6535,0
60443,-5.5365,-8.8900,-0.8354,17.2900,48.4400,28.8400,0.5912,1.6564,0.9862,0
60482,-5.4264,-6.7166,1.8407,-19.5300,27.9300,42.1400,-0.6678,0.9551,1.4410,0
60521,-3.7532,-5.9769,1.4051,6.0200,47.6000,3.6400,0.2059,1.6277,0.1245,0
60560,-8.3227,-8.2293,-3.1692,-18.0600,50.4000,50.6800,-0.6176,1.7234,1.7330,0
60599,-7.2551,-6.5658,-0.9910,8.1900,50.7500,82.1100,0.2801,1.7354,2.8077,0
60638,-6.8530,-4.9285,-0.7492,31.9200,39.7600,29.7500,1.0915,1.3596,1.0173,0
60677,-7.5400,-4.4761,-1.7234,8.8200,29.4700,31.4300,0.3016,1.0077,1.0747,0
60716,-7.5950,-4.8399,-2.1232,16.5200,21.0000,10.2900,0.5649,0.7181,0.3519,0
60755,-7.1953,-4.6844,-1.5152,22.8900,11.9000,-8.6800,0.7827,0.4069,-0.2968,0
60794,-7.7267,-4.7633,-1.3644,24.7800,3.5000,-31.9900,0.8473,0.1197,-1.0939,0
60833,-7.2312,-5.5628,-1.7282,18.9700,9.7300,-37.6600,0.6487,0.3327,-1.2878,0
60872,-6.1325,-6.5777,-2.6450,1.1900,29.1200,-8.0500,0.0407,0.9958,-0.2753,0
60911,-6.5849,-5.7256,-2.8628,-12.3200,56.7700,30.8700,-0.4213,1.9412,1.0556,0
60950,-9.6775,-3.9328,-3.9064,-30.3800,60.4800,20.0900,-1.0388,2.0681,0.6870,0
60989,-12.1262,-9.2586,-2.9729,9.5200,26.6000,-37.5200,0.3255,0.9096,-1.2830,0
61028,-7.0876,-9.5961,-2.9490,22.5400,16.3800,22.9600,0.7708,0.5601,0.7851,0
61067,-7.3437,-6.7740,-3.8083,9.8700,16.2400,28.6300,0.3375,0.5553,0.9790,0
61106,-6.8745,-9.3807,-1.4075,67.2000,-18.0600,-52.0800,2.2979,-0.6176,-1.7809,0
61145,-4.6173,-8.8972,-0.1340,61.1100,-19.4600,-53.0600,2.0896,-0.6654,-1.8144,0
61184,-3.6910,-8.2245,-2.1567,34.9300,-14.5600,-26.1100,1.1944,-0.4979,-0.8928,0
61223,-3.3774,-7.6860,-3.0830,49.5600,2.6600,-36.4700,1.6947,0.0910,-1.2471,0
61262,-2.8915,-7.5041,-2.8101,37.1700,24.1500,-25.2700,1.2710,0.8258,-0.8641,0
61301,-3.4205,-7.5639,-2.9059,47.5300,47.3900,-18.7600,1.6253,1.6205,-0.6415,0
61340,-4.8232,-7.9612,-2.7359,30.8000,59.5700,5.5300,1.0532,2.0370,0.1891,0
61379,-6.0104,-7.2503,-2.4439,43.1900,58.1000,-0.9800,1.4769,1.9867,-0.0335,0
61418,-5.7854,-6.7979,-1.7809,38.1500,33.7400,0.9100,1.3045,1.1537,0.0311,0
61457,-5.4982,-8.1360,-2.0131,43.8200,20.7900,3.5700,1.4984,0.7109,0.1221,0
61496,-4.9261,-8.4376,-1.9077,42.9800,15.1200,12.9500,1.4697,0.5170,0.4428,0
61535,-5.4288,-6.5394,-1.8431,39.2700,12.0400,13.8600,1.3428,0.4117,0.4739,0
61574,-6.5490,-6.7285,-1.5104,28.2100,16.2400,19.8100,0.9646,0.5553,0.6774,0
61613,-6.4676,-8.4615,-1.8551,34.9300,17.9200,23.8700,1.1944,0.6128,0.8162,0
61652,-5.6921,-9.2730,-3.3439,45.8500,9.8700,14.4200,1.5678,0.3375,0.4931,0
61691,-5.3067,-7.7698,-4.0788,55.7200,19.6000,9.1000,1.9053,0.6702,0.3112,0
61730,-6.9703,-6.5849,-0.8952,-3.9200,51.1700,34.7900,-0.1340,1.7498,1.1896,0
61769,-8.7320,-9.3998,1.0269,-58.3800,80.6400,35.2100,-1.9963,2.7575,1.2040,0
61808,-4.9931,-8.6769,-1.4673,-45.1500,37.3800,12.5300,-1.5439,1.2782,0.4285,0
61847,-2.8556,-9.1389,-0.5529,-71.9600,8.0500,13.7900,-2.4607,0.2753,0.4715,0
61886,-6.1564,-7.6166,-0.5936,-26.7400,21.7700,-22.4700,-0.9144,0.7444,-0.7684,0
61925,-10.8121,-8.1073,-2.8843,-54.3200,32.9000,54.4600,-1.8575,1.1250,1.8623,0
61964,-8.1743,-5.9003,-1.0987,-64.1900,9.9400,111.4400,-2.1950,0.3399,3.8107,0
62003,-7.1881,-4.3014,-2.4104,-41.0200,-44.3800,46.2000,-1.4027,-1.5176,1.5798,0
62042,-7.3437,-5.3187,-2.9921,-43.1900,-46.2000,28.0700,-1.4769,-1.5798,0.9598,0
62081,-5.9530,-5.4862,-2.8556,-26.8800,-35.7000,16.5200,-0.9192,-1.2208,0.5649,0
62120,-6.1325,-4.5096,-4.2008,-19.3200,-25.1300,3.2900,-0.6606,-0.8593,0.1125,0
62159,-6.0368,-4.7729,-4.0907,16.6600,-32.3400,-52.7100,0.5697,-1.1059,-1.8024,0
62198,-5.5054,-4.0740,-3.5617,14.4200,-18.0600,-58.0300,0.4931,-0.6176,-1.9843,0
62237,-7.0732,-5.0937,-3.1046,-13.0900,-1.9600,-38.8500,-0.4476,-0.0670,-1.3285,0
62276,-8.3011,-6.8458,-3.1046,-33.2500,17.1500,-6.3700,-1.1370,0.5864,-0.2178,0
62315,-7.7482,-6.3431,-3.8777,0.4200,15.7500,-17.8500,0.0144,0.5386,-0.6104,0
62354,-8.1408,-10.9916,-5.8836,14.3500,-3.2200,-19.3200,0.4907,-0.1101,-0.6606,0
62393,-7.6094,-5.5269,-3.1405,7.2100,16.5200,-1.6800,0.2465,0.5649,-0.0574,0
62432,-9.0192,-6.8530,-1.8168,12.6000,-2.5900,-28.2100,0.4309,-0.0886,-0.9646,0
62471,-6.8817,-8.8708,0.5793,28.8400,-42.4900,-51.4500,0.9862,-1.4529,-1.7593,0
62510,-4.4282,-7.8703,-1.5200,35.5600,-69.9300,-43.5400,1.2160,-2.3912,-1.4888,0
62549,-3.0399,-7.6812,-3.2769,34.5800,-52.2900,-43.9600,1.1825,-1.7880,-1.5032,0
62588,-2.5516,-7.4945,-3.3343,17.3600,-10.5000,-28.6300,0.5936,-0.3590,-0.9790,0
62627,-3.4181,-7.1498,-2.8484,18.1300,24.5700,-14.6300,0.6200,0.8402,-0.5003,0
62666,-4.3851,-7.4083,-2.1232,17.8500,36.4000,2.3800,0.6104,1.2447,0.0814,0
62705,-5.7759,-7.9349,-2.3003,21.9100,43.3300,4.3400,0.7492,1.4817,0.1484,0
62744,-6.1325,-7.6214,-1.9771,42.2800,6.0900,-11.8300,1.4458,0.2082,-0.4045,0
62783,-5.7926,-6.2881,-2.5444,46.2700,-11.6900,-11.0600,1.5822,-0.3997,-0.3782,0
62822,-5.9075,-5.8309,-2.6498,40.9500,3.9200,8.3300,1.4003,0.1340,0.2848,0
62861,-6.5394,-7.7458,-1.5678,35.4200,-4.6200,6.5100,1.2112,-0.1580,0.2226,0
62900,-5.6705,-9.8403,-1.1849,47.4600,-17.2200,-12.3900,1.6229,-0.5888,-0.4237,0
62939,-4.8088,-7.7458,-3.3918,59.7800,-0.0700,-9.3100,2.0442,-0.0024,-0.3184,0
62978,-5.6490,-7.4921,-3.9136,45.9900,34.0900,14.8400,1.5726,1.1657,0.5075,0
63017,-7.6884,-8.4400,0.6415,-13.1600,81.4100,31.4300,-0.4500,2.7838,1.0747,0
63056,-8.7751,-9.9623,1.3045,-54.8100,101.5700,17.2200,-1.8742,3.4732,0.5888,0
63095,-4.2296,-9.1557,-0.4093,-44.3800,51.7300,13.5800,-1.5176,1.7689,0.4644,0
63134,-2.0154,-7.8344,-0.9287,-55.8600,27.9300,29.4000,-1.9101,0.9551,1.0053,0
63173,-3.4851,-6.6064,-0.0886,-31.3600,51.8700,13.7200,-1.0724,1.7737,0.4692,0
63212,-10.6445,-7.6405,-2.2740,-31.5000,38.2200,57.3300,-1.0771,1.3069,1.9604,0
63251,-7.4897,-5.4216,-0.6894,-40.9500,16.0300,104.7900,-1.4003,0.5481,3.5833,0
63290,-6.7333,-4.8758,-2.6689,-23.4500,-17.0800,43.2600,-0.8019,-0.5840,1.4793,0
63329,-6.0870,-5.5652,-2.9107,-34.3000,-11.4100,42.5600,-1.1729,-0.3902,1.4553,0
63368,-6.1445,-5.4623,-3.3655,-28.4900,-5.7400,27.3000,-0.9742,-0.1963,0.9335,0
63407,-7.2240,-4.6652,-3.6623,-17.2200,-5.8800,0.9100,-0.5888,-0.2011,0.0311,0
63446,-7.3892,-4.0093,-3.6072,-9.0300,-8.9600,-26.3900,-0.3088,-0.3064,-0.9024,0
63485,-7.4538,-4.2511,-4.0381,6.4400,-30.0300,-69.5100,0.2202,-1.0269,-2.3769,0
63524,-7.2073,-4.7705,-3.3319,2.5200,-26.8800,-71.4000,0.0862,-0.9192,-2.4415,0
63563,-6.9296,-6.2737,-2.8556,-29.1900,1.1900,-22.8200,-0.9981,0.0407,-0.7803,0
63602,-7.0277,-5.2038,-3.8083,-46.1300,15.3300,24.0100,-1.5774,0.5242,0.8210,0
63641,-10.1227,-4.6628,-5.6035,2.5900,42.4900,-4.2000,0.0886,1.4529,-0.1436,0
63680,-8.7344,-12.3081,-4.0070,17.0800,-18.4100,-40.3200,0.5840,-0.6295,-1.3787,0
63719,-6.5490,-9.4812,-3.2984,21.8400,-52.0800,-9.1000,0.7468,-1.7809,-0.3112,0
63758,-6.3575,-8.4232,-1.8551,32.1300,-47.7400,-16.5900,1.0987,-1.6325,-0.5673,0
63797,-6.1421,-7.8631,0.6295,45.5700,-59.4300,-53.2700,1.5583,-2.0322,-1.8216,0
63836,-4.2870,-7.4370,-1.9580,21.6300,-74.9700,-51.0300,0.7396,-2.5636,-1.7450,0
63875,-2.5780,-8.0642,-3.8274,3.8500,-57.4700,-45.7800,0.1317,-1.9652,-1.5654,0
63914,-2.4008,-7.4131,-3.4181,6.8600,-16.8000,-47.8800,0.2346,-0.5745,-1.6372,0
63953,-3.3583,-7.1163,-3.0351,5.9500,8.6100,-24.7100,0.2035,0.2944,-0.8450,0
63992,-4.7657,-7.5471,-2.7240,8.1200,23.7300,-8.1900,0.2777,0.8114,-0.2801,0
64031,-6.1780,-7.2432,-2.4272,5.8100,33.5300,0.0000,0.1987,1.1466,0.0000,0
64070,-6.5873,-6.4844,-2.1375,20.3700,-4.8300,-6.8600,0.6965,-0.1652,-0.2346,0
64109,-5.6370,-6.6160,-2.5851,22.6800,-36.1900,-8.0500,0.7755,-1.2375,-0.2753,0
64148,-5.0506,-7.0014,-1.9963,33.1100,-46.8300,-7.7000,1.1322,-1.6013,-0.2633,0
64187,-4.4474,-9.0480,-1.2734,35.9800,-32.6200,2.4500,1.2303,-1.1154,0.0838,0
64226,-5.1846,-8.8924,-1.3500,41.5800,-37.4500,-2.1700,1.4218,-1.2806,-0.0742,0
64265,-6.1086,-8.2772,-3.5306,42.2800,-18.9700,10.8500,1.4458,-0.6487,0.3710,0
64304,-6.0583,-9.3280,-4.1410,38.3600,9.8000,11.3400,1.3117,0.3351,0.3878,0
64343,-4.5240,-8.0546,-2.8939,25.2000,23.1000,6.1600,0.8617,0.7899,0.2106,0
64382,-7.4825,-8.8206,1.0173,-73.7800,64.8200,47.3900,-2.5229,2.2165,1.6205,0
64421,-7.7051,-9.1557,-0.5362,-63.3500,45.2900,11.4100,-2.1662,1.5487,0.3902,0
64460,-2.9705,-8.2174,-1.0580,-95.1300,-18.2000,22.6800,-3.2530,-0.6223,0.7755,0
64499,-2.5851,-8.0857,0.1101,-62.1600,6.8600,-9.3800,-2.1256,0.2346,-0.3207,0
64538,-9.1940,-8.6913,-2.3960,-95.2000,1.6100,39.3400,-3.2554,0.0551,1.3452,0
64577,-7.8128,-6.8769,-1.4122,-39.0600,-19.3200,17.2200,-1.3357,-0.6606,0.5888,0
64616,-8.4113,-6.3695,-2.0992,-72.7300,-38.8500,66.4300,-2.4870,-1.3285,2.2716,0
64655,-7.6860,-4.5599,-2.6139,-79.6600,-58.2400,35.9800,-2.7240,-1.9915,1.2303,0
64694,-7.5280,-5.2325,-3.3966,-69.9300,-62.3700,5.8800,-2.3912,-2.1327,0.2011,0
64733,-6.5777,-5.2588,-3.6407,-48.4400,-76.0900,-32.0600,-1.6564,-2.6019,-1.0963,0
64772,-5.0889,-5.7017,-3.6886,-29.1900,-69.7200,-57.1200,-0.9981,-2.3841,-1.9532,0
64811,-5.2014,-5.4240,-4.4665,-20.2300,-52.5700,-79.2400,-0.6918,-1.7976,-2.7096,0
64850,-5.2397,-6.3072,-3.9136,-21.6300,-31.7800,-65.8700,-0.7396,-1.0867,-2.2524,0
64889,-5.3737,-6.9822,-3.0232,-52.7100,-6.7900,-12.4600,-1.8024,-0.2322,-0.4261,0
64928,-6.3767,-6.2306,-3.1883,-61.3900,14.2100,19.2500,-2.0992,0.4859,0.6583,0
64967,-9.1820,-4.9907,-4.3708,-44.9400,1.6800,-20.5100,-1.5367,0.0574,-0.7013,0
65006,-9.6918,-11.3889,-5.2181,-0.5600,-33.3900,-61.3900,-0.0191,-1.1418,-2.0992,0
65045,-6.2618,-7.3604,-4.7394,-28.7000,-47.1100,-1.9600,-0.9814,-1.6109,-0.0670,0
65084,-7.4083,-7.6644,-3.3032,-24.9900,-47.5300,-13.5800,-0.8545,-1.6253,-0.4644,0
65123,-5.7495,-8.7200,-0.8258,3.1500,-49.4200,-47.1800,0.1077,-1.6899,-1.6133,0
65162,-4.8687,-8.3945,-1.5056,10.5700,-65.8700,-59.3600,0.3614,-2.2524,-2.0298,0
65201,-4.0333,-7.3892,-3.0998,7.4200,-68.0400,-38.5700,0.2537,-2.3266,-1.3189,0
65240,-3.5713,-7.4801,-3.7820,7.4900,-49.3500,-45.8500,0.2561,-1.6875,-1.5678,0
65279,-3.0758,-7.2527,-3.6934,-15.2600,-20.1600,-35.1400,-0.5218,-0.6894,-1.2016,0
65318,-3.6359,-7.4299,-3.3918,-14.6300,-3.3600,-19.3200,-0.5003,-0.1149,-0.6606,0
