timestamp_ms,waist_x,waist_y,waist_z,waist_gx,waist_gy,waist_gz,thigh_x,thigh_y,thigh_z,event_flag
212699,-6.6376,-4.5982,5.4814,4.2700,-2.1700,0.9100,0.1460,-0.0742,0.0311,0
212738,-6.6447,-4.6580,5.5604,3.6400,-2.2400,0.7700,0.1245,-0.0766,0.0263,0
212777,-6.7405,-4.5958,5.6179,6.7200,-2.3100,-0.0700,0.2298,-0.0790,-0.0024,0
212816,-6.5777,-4.6293,5.5652,5.3200,-3.1500,0.3500,0.1819,-0.1077,0.0120,0
212855,-6.5107,-4.5982,5.5796,5.2500,-3.2200,0.3500,0.1795,-0.1101,0.0120,0
212894,-6.4197,-4.5671,5.5772,3.1500,-2.8000,0.0000,0.1077,-0.0957,0.0000,0
212933,-6.4485,-4.5072,5.5652,1.1900,-2.7300,-0.5600,0.0407,-0.0934,-0.0191,0
212972,-6.4221,-4.5814,5.5580,0.5600,-3.7800,-0.9100,0.0191,-0.1293,-0.0311,0
213011,-6.5562,-4.6006,5.5461,-2.3100,-4.8300,-0.8400,-0.0790,-0.1652,-0.0287,0
213050,-6.6615,-4.5312,5.5245,0.7700,-5.5300,0.0000,0.0263,-0.1891,0.0000,0
213089,-6.5586,-4.5719,5.5987,10.9900,-6.5100,1.4000,0.3758,-0.2226,0.0479,0
213128,-6.2929,-4.5719,5.7304,19.0400,-6.7200,3.5000,0.6511,-0.2298,0.1197,0
213167,-6.2330,-4.4211,5.9338,17.6400,-6.9300,6.1600,0.6032,-0.2370,0.2106,0
213206,-6.4293,-4.2224,6.0679,10.8500,-7.0000,7.9800,0.3710,-0.2394,0.2729,0
213245,-6.4102,-4.0357,6.2306,11.9000,-4.9000,5.3200,0.4069,-0.1676,0.1819,0
213284,-6.3455,-4.1865,6.4126,3.2200,-1.8200,2.8000,0.1101,-0.0622,0.0957,0
213323,-6.6591,-4.1171,6.4485,-4.5500,1.8900,0.6300,-0.1556,0.0646,0.0215,0
213362,-6.5753,-4.0931,6.1780,2.5200,0.9800,2.8000,0.0862,0.0335,0.0957,0
213401,-6.4150,-4.0979,6.0870,1.6100,1.6100,1.2600,0.0551,0.0551,0.0431,0
213440,-6.4293,-4.0955,6.0368,-0.2800,2.9400,-0.3500,-0.0096,0.1005,-0.0120,0
213479,-6.5610,-4.1841,6.1780,-2.4500,2.9400,-0.6300,-0.0838,0.1005,-0.0215,0
213518,-6.5705,-4.1003,6.0224,-0.7700,2.1700,1.2600,-0.0263,0.0742,0.0431,0
213557,-6.5011,-4.0716,5.9985,0.2100,0.2800,1.0500,0.0072,0.0096,0.0359,0
213596,-6.4772,-4.1075,5.9985,0.4900,0.1400,0.6300,0.0168,0.0048,0.0215,0
213635,-6.5059,-4.1338,6.0200,-0.8400,-0.3500,1.4000,-0.0287,-0.0120,0.0479,0
213674,-6.5729,-3.9160,5.9985,0.2100,-1.4700,1.1900,0.0072,-0.0503,0.0407,0
213713,-6.6041,-4.0141,6.0870,3.2900,-2.9400,-1.4700,0.1125,-0.1005,-0.0503,0
213752,-6.5945,-4.0692,6.1684,8.1900,-2.5900,-1.7500,0.2801,-0.0886,-0.0598,0
213791,-6.4604,-4.1913,6.2235,3.9900,-2.0300,-1.4700,0.1364,-0.0694,-0.0503,0
213830,-6.4054,-4.1266,6.1158,1.6100,0.0700,-0.9800,0.0551,0.0024,-0.0335,0
213869,-6.3743,-4.1195,6.0152,-0.9100,0.4200,-0.9100,-0.0311,0.0144,-0.0311,0
213908,-6.5203,-4.0548,6.1014,0.6300,-0.0700,1.0500,0.0215,-0.0024,0.0359,0
213947,-6.4461,-4.0524,6.0942,5.0400,0.7700,2.5200,0.1723,0.0263,0.0862,0
213986,-6.3791,-3.9950,6.0655,2.3100,-0.1400,2.6600,0.0790,-0.0048,0.0910,0
214025,-6.5299,-3.8562,6.1756,2.1000,-0.8400,1.6100,0.0718,-0.0287,0.0551,0
214064,-6.7046,-4.0093,6.2067,1.4700,0.0700,-0.7700,0.0503,0.0024,-0.0263,0
214103,-6.5969,-4.0237,6.2067,2.8700,-0.8400,1.0500,0.0981,-0.0287,0.0359,0
214142,-6.4963,-3.8585,6.1971,7.6300,-0.2100,1.1900,0.2609,-0.0072,0.0407,0
214181,-6.3336,-3.9806,6.2139,1.5400,2.5200,-1.5400,0.0527,0.0862,-0.0527,0
214220,-6.5322,-4.0141,6.3096,-3.9900,4.4800,-1.4700,-0.1364,0.1532,-0.0503,0
214259,-6.4461,-3.9112,6.0392,-3.9900,3.9200,-0.0700,-0.1364,0.1340,-0.0024,0
214298,-6.5083,-3.9543,6.1540,-8.7500,3.5000,-1.7500,-0.2992,0.1197,-0.0598,0
214337,-6.6519,-3.9471,6.1134,-7.6300,3.4300,-2.1000,-0.2609,0.1173,-0.0718,0
214376,-6.5825,-4.0046,6.0032,-2.4500,1.8200,-1.6100,-0.0838,0.0622,-0.0551,0
214415,-6.5418,-4.1027,6.0415,-3.5700,2.5200,-2.2400,-0.1221,0.0862,-0.0766,0
214454,-6.5322,-4.1147,5.9578,-5.8100,2.7300,-2.1000,-0.1987,0.0934,-0.0718,0
214493,-6.6352,-4.0979,5.8860,-8.0500,2.4500,-2.3800,-0.2753,0.0838,-0.0814,0
214532,-6.6447,-4.1242,5.8405,-7.0700,0.9100,-2.4500,-0.2418,0.0311,-0.0838,0
214571,-6.7333,-4.1865,5.9913,16.8000,2.7300,-2.6600,0.5745,0.0934,-0.0910,0
214610,-6.4389,-4.4354,5.7926,0.4200,2.1700,-1.2600,0.0144,0.0742,-0.0431,0
214649,-6.3527,-4.3875,5.7519,-4.9000,0.8400,0.7700,-0.1676,0.0287,0.0263,0
214688,-6.4748,-4.3325,5.8142,-7.9800,1.2600,1.6800,-0.2729,0.0431,0.0574,0
214727,-6.5753,-4.1984,5.6370,-5.1100,3.1500,1.7500,-0.1747,0.1077,0.0598,0
214766,-6.6495,-4.2343,5.5796,-4.3400,2.5900,1.5400,-0.1484,0.0886,0.0527,0
214805,-6.7932,-4.1769,5.6873,-3.5000,1.0500,1.5400,-0.1197,0.0359,0.0527,0
214844,-6.7572,-4.1817,5.6346,0.0000,-0.7700,-0.7700,0.0000,-0.0263,-0.0263,0
214883,-6.6352,-4.3157,5.6921,2.0300,-3.7100,-0.4900,0.0694,-0.1269,-0.0168,0
214922,-6.6208,-4.3756,5.7950,2.7300,-3.4300,0.2100,0.0934,-0.1173,0.0072,0
214961,-6.5466,-4.3516,5.8118,0.1400,-1.9600,1.0500,0.0048,-0.0670,0.0359,0
215000,-6.5921,-4.2990,5.7806,-1.6100,-0.9800,1.0500,-0.0551,-0.0335,0.0359,0
215039,-6.5562,-4.2415,5.7782,2.8700,0.0700,1.6100,0.0981,0.0024,0.0551,0
215078,-6.6256,-4.1530,5.8213,1.6800,0.9800,-0.2100,0.0574,0.0335,-0.0072,0
215117,-6.6567,-4.2415,5.8572,0.0700,1.2600,-1.5400,0.0024,0.0431,-0.0527,0
215156,-6.6471,-4.2008,5.8477,-2.0300,1.4000,-2.4500,-0.0694,0.0479,-0.0838,0
215195,-6.5442,-4.3684,5.7399,-1.6100,1.8200,-2.8000,-0.0551,0.0622,-0.0957,0
215234,-6.4724,-4.3851,5.8022,-6.5800,1.8900,-1.2600,-0.2250,0.0646,-0.0431,0
215273,-6.6950,-4.3469,5.5939,-6.0900,2.1700,-1.9600,-0.2082,0.0742,-0.0670,0
215312,-6.6639,-4.3899,5.4623,-1.4000,-0.2100,-0.5600,-0.0479,-0.0072,-0.0191,0
215351,-6.6902,-4.2415,5.7399,4.2700,-1.1900,0.8400,0.1460,-0.0407,0.0287,0
215390,-6.6471,-4.3828,5.6945,6.2300,-0.4200,0.0700,0.2130,-0.0144,0.0024,0
215429,-6.6735,-4.2918,5.7830,5.6700,-1.1200,0.4900,0.1939,-0.0383,0.0168,0
215468,-6.6136,-4.2966,5.7998,0.8400,-0.9100,-1.1200,0.0287,-0.0311,-0.0383,0
215507,-6.6160,-4.1913,5.6705,0.6300,-1.4700,-1.1200,0.0215,-0.0503,-0.0383,0
215546,-6.6112,-4.3540,5.7136,1.1200,-1.9600,-2.2400,0.0383,-0.0670,-0.0766,0
215585,-6.6184,-4.3947,5.7663,1.0500,-2.9400,-0.4900,0.0359,-0.1005,-0.0168,0
215624,-6.6136,-4.3636,5.8261,1.5400,-3.3600,0.7000,0.0527,-0.1149,0.0239,0
215663,-6.5299,-4.3062,5.7663,2.4500,-3.7100,1.4700,0.0838,-0.1269,0.0503,0
215702,-6.5251,-4.2942,5.8620,2.0300,-3.5000,1.6800,0.0694,-0.1197,0.0574,0
215741,-6.6400,-4.3301,5.9123,1.0500,-2.4500,1.6800,0.0359,-0.0838,0.0574,0
215780,-6.6783,-4.2320,5.8931,3.6400,-3.3600,2.7300,0.1245,-0.1149,0.0934,0
215819,-6.5897,-4.2008,5.9027,7.7700,-4.0600,3.0800,0.2657,-0.1388,0.1053,0
215858,-6.5921,-4.0812,6.0104,9.7300,-3.0100,2.4500,0.3327,-0.1029,0.0838,0
215897,-6.5011,-4.1003,6.0392,8.8200,-2.5200,0.9800,0.3016,-0.0862,0.0335,0
215936,-6.5777,-4.0381,6.1588,2.5200,-1.8200,0.2800,0.0862,-0.0622,0.0096,0
215975,-6.5299,-4.0141,6.1110,3.0100,-0.7700,-0.7000,0.1029,-0.0263,-0.0239,0
216014,-6.4892,-4.0692,6.1134,1.0500,0.2800,-1.3300,0.0359,0.0096,-0.0455,0
216053,-6.4820,-4.1458,6.0439,-1.1200,1.5400,-1.4700,-0.0383,0.0527,-0.0503,0
216092,-6.5346,-4.1314,6.0200,-2.3100,2.0300,-0.9800,-0.0790,0.0694,-0.0335,0
216131,-6.5681,-4.1218,5.9697,-2.0300,1.4700,-0.4900,-0.0694,0.0503,-0.0168,0
216170,-6.6088,-4.1338,5.9195,-0.8400,0.7700,-0.2800,-0.0287,0.0263,-0.0096,0
216209,-6.5203,-4.0740,5.8836,4.0600,-1.4000,2.0300,0.1388,-0.0479,0.0694,0
216248,-6.5275,-4.0429,5.9338,4.4800,-0.4200,1.0500,0.1532,-0.0144,0.0359,0
216287,-6.6495,-4.1099,6.0392,0.7000,0.2100,-0.7000,0.0239,0.0072,-0.0239,0
216326,-6.6471,-4.0261,6.0032,4.1300,-1.8900,0.2800,0.1412,-0.0646,0.0096,0
216365,-6.6328,-3.8538,6.2043,8.4700,-2.8700,-0.2100,0.2896,-0.0981,-0.0072,0
216404,-6.6064,-3.9567,6.4963,7.6300,-1.4000,-2.6600,0.2609,-0.0479,-0.0910,0
216443,-5.9578,-4.1195,6.0152,3.5000,-0.2800,-2.4500,0.1197,-0.0096,-0.0838,0
216482,-6.3719,-3.8585,6.0775,-6.0200,4.9700,-3.5000,-0.2059,0.1699,-0.1197,0
216521,-6.8147,-4.2128,6.4365,-6.1600,6.9300,-3.9900,-0.2106,0.2370,-0.1364,0
216560,-6.5705,-4.0357,5.9913,-1.6800,6.3000,-3.3600,-0.0574,0.2154,-0.1149,0
216599,-6.2737,-4.0668,5.8118,-1.1900,5.8100,-2.9400,-0.0407,0.1987,-0.1005,0
216638,-6.3982,-4.1338,5.8142,-6.1600,7.0000,-2.1700,-0.2106,0.2394,-0.0742,0
216677,-6.6017,-4.2080,5.7782,-7.9800,7.1400,-2.6600,-0.2729,0.2442,-0.0910,0
216716,-6.5921,-4.2200,5.6801,-7.3500,2.8700,-0.3500,-0.2513,0.0981,-0.0120,0
216755,-6.5466,-4.2559,5.5676,-7.9100,0.7000,0.5600,-0.2705,0.0239,0.0191,0
216794,-6.8985,-4.1266,5.7423,-4.1300,-0.7000,0.0000,-0.1412,-0.0239,0.0000,0
216833,-6.7094,-4.1937,5.6610,3.6400,-4.4100,0.6300,0.1245,-0.1508,0.0215,0
216872,-6.5969,-4.1793,5.7112,6.2300,-5.0400,-0.1400,0.2130,-0.1723,-0.0048,0
216911,-6.6088,-4.3253,5.7782,6.3000,-4.0600,-2.0300,0.2154,-0.1388,-0.0694,0
216950,-6.6519,-4.2966,5.9171,3.8500,-4.2700,-1.7500,0.1317,-0.1460,-0.0598,0
216989,-6.4772,-4.2200,5.9099,6.8600,-5.2500,0.5600,0.2346,-0.1795,0.0191,0
217028,-6.4652,-4.2224,5.8572,7.3500,-3.0800,1.0500,0.2513,-0.1053,0.0359,0
217067,-6.6950,-4.2894,5.9937,6.5100,-5.1800,3.0800,0.2226,-0.1771,0.1053,0
217106,-6.5897,-4.0955,6.0487,11.4100,-8.6800,5.7400,0.3902,-0.2968,0.1963,0
217145,-6.5825,-4.0572,6.0296,15.1900,-8.3300,7.5600,0.5194,-0.2848,0.2585,0
217184,-6.5705,-3.9064,6.2067,19.9500,-8.8200,10.8500,0.6822,-0.3016,0.3710,0
217223,-6.6639,-3.7317,6.4078,19.4600,-5.1100,12.8100,0.6654,-0.1747,0.4380,0
217262,-6.5562,-3.4804,6.3599,13.2300,-3.8500,9.1000,0.4524,-0.1317,0.3112,0
217301,-6.8458,-3.3535,6.6064,11.2700,-4.7600,6.3000,0.3854,-0.1628,0.2154,0
217340,-6.7884,-3.3702,6.6878,13.5100,-4.9000,6.6500,0.4620,-0.1676,0.2274,0
217379,-6.4580,-3.0878,6.6017,9.1000,-3.0100,3.9900,0.3112,-0.1029,0.1364,0
217418,-6.4892,-3.3583,6.6926,8.4700,-3.0100,1.5400,0.2896,-0.1029,0.0527,0
217457,-6.6232,-3.1692,6.6711,6.4400,-3.9900,0.4900,0.2202,-0.1364,0.0168,0
217496,-6.5227,-3.1524,6.5299,5.7400,-3.5000,-1.6800,0.1963,-0.1197,-0.0574,0
217535,-6.7070,-3.0136,6.5418,4.3400,-1.2600,-3.7100,0.1484,-0.0431,-0.1269,0
217574,-6.6902,-3.0926,6.5921,3.9900,-0.4200,-5.1100,0.1364,-0.0144,-0.1747,0
217613,-7.1761,-3.5378,7.3365,5.8100,-0.9800,-7.0700,0.1987,-0.0335,-0.2418,0
217652,-6.8243,-3.4492,6.7836,-8.1200,-2.9400,-8.5400,-0.2777,-0.1005,-0.2920,0
217691,-6.5562,-3.1979,6.2570,-6.8600,1.4700,-9.3100,-0.2346,0.0503,-0.3184,0
217730,-6.6663,-3.1261,6.2187,-1.6100,5.6000,-13.7200,-0.0551,0.1915,-0.4692,0
217769,-6.2546,-3.1596,6.0798,3.6400,6.3700,-16.2400,0.1245,0.2178,-0.5553,0
217808,-6.2354,-3.3990,6.3431,2.5900,9.6600,-13.9300,0.0886,0.3303,-0.4763,0
217847,-5.9530,-3.7125,6.3623,5.9500,10.7100,-13.3000,0.2035,0.3662,-0.4548,0
217886,-6.2689,-3.7101,6.9894,0.0000,12.3200,-13.7900,0.0000,0.4213,-0.4715,0
217925,-5.7782,-3.5641,6.3264,3.2200,9.3800,-14.7700,0.1101,0.3207,-0.5051,0
217964,-5.6634,-3.9351,6.2522,4.6200,9.9400,-12.9500,0.1580,0.3399,-0.4428,0
218003,-5.9673,-3.8250,6.5753,3.9900,10.7100,-12.0400,0.1364,0.3662,-0.4117,0
218042,-6.0559,-4.0357,6.2259,5.9500,6.7200,-12.3900,0.2035,0.2298,-0.4237,0
218081,-6.1804,-3.4947,6.2522,10.0100,5.4600,-12.6000,0.3423,0.1867,-0.4309,0
218120,-6.2761,-3.7508,6.1780,8.0500,7.4200,-5.1800,0.2753,0.2537,-0.1771,0
218159,-7.3174,-3.7700,6.5586,3.5000,8.8200,-9.7300,0.1197,0.3016,-0.3327,0
218198,-6.7405,-3.4492,5.8501,7.2800,7.0000,-16.5200,0.2489,0.2394,-0.5649,0
218237,-6.8027,-3.2410,6.1900,16.2400,10.2200,-18.4800,0.5553,0.3495,-0.6319,0
218276,-6.2522,-3.3104,6.2761,24.2900,10.6400,-22.0500,0.8306,0.3638,-0.7540,0
218315,-6.6280,-3.6479,6.4054,21.8400,10.7800,-20.5100,0.7468,0.3686,-0.7013,0
218354,-6.8817,-3.6359,6.5035,14.7000,15.7500,-23.7300,0.5027,0.5386,-0.8114,0
218393,-6.4604,-3.1381,5.9338,20.5800,17.9200,-31.3600,0.7037,0.6128,-1.0724,0
218432,-6.4868,-3.8992,6.4437,27.5100,18.5500,-29.9600,0.9407,0.6343,-1.0245,0
218471,-5.8668,-4.2008,6.1756,28.9800,14.6300,-32.8300,0.9910,0.5003,-1.1226,0
218510,-5.2756,-4.3516,6.0320,30.2400,12.0400,-24.0800,1.0341,0.4117,-0.8234,0
218549,-5.4503,-4.2128,6.2642,29.1200,12.8800,-15.8200,0.9958,0.4404,-0.5410,0
218588,-5.3785,-4.4498,6.3527,25.6200,11.3400,-10.4300,0.8761,0.3878,-0.3567,0
218627,-5.6681,-4.6245,6.8171,22.3300,9.6600,-6.1600,0.7636,0.3303,-0.2106,0
218666,-5.7567,-4.0333,6.4748,18.5500,8.6100,-0.5600,0.6343,0.2944,-0.0191,0
218705,-5.6993,-3.7939,5.9243,18.9700,11.7600,4.2700,0.6487,0.4021,0.1460,0
218744,-6.2139,-3.5187,6.1876,20.7900,13.2300,6.7200,0.7109,0.4524,0.2298,0
218783,-6.7620,-3.4564,6.4509,20.5100,13.5100,4.4100,0.7013,0.4620,0.1508,0
218822,-6.4030,-4.0213,6.0248,13.0900,12.6700,10.0100,0.4476,0.4332,0.3423,0
218861,-6.9392,-3.3894,5.9602,5.6000,20.3000,17.6400,0.1915,0.6942,0.6032,0
218900,-7.2599,-3.0232,6.3479,11.6200,22.5400,27.5800,0.3973,0.7708,0.9431,0
218939,-7.9277,-3.2960,6.3958,14.2100,21.4200,35.4900,0.4859,0.7325,1.2136,0
218978,-8.0378,-2.5420,6.7046,19.3900,31.5000,60.8300,0.6630,1.0771,2.0801,0
219017,-7.2312,-2.3721,6.1636,4.5500,34.7900,101.9900,0.1556,1.1896,3.4875,0
219056,-7.4969,-2.3841,6.6950,53.2700,44.1000,90.6500,1.8216,1.5080,3.0998,0
219095,-8.1815,-1.9293,5.7088,-25.2000,46.9700,78.2600,-0.8617,1.6061,2.6761,0
219134,-7.9110,-1.0173,5.4360,-15.3300,49.3500,79.3100,-0.5242,1.6875,2.7120,0
219173,-7.9948,-0.1939,4.9117,-36.9600,28.8400,53.9700,-1.2638,0.9862,1.8455,0
219212,-8.4950,-0.0479,4.7346,-41.4400,41.0900,56.2100,-1.4170,1.4051,1.9221,0
219251,-8.8158,0.7971,4.8806,-49.8400,27.3000,40.8800,-1.7043,0.9335,1.3979,0
219290,-9.0097,0.5242,4.6604,-58.1000,13.5100,37.1700,-1.9867,0.4620,1.2710,0
219329,-8.4831,1.2232,4.2846,-60.3400,4.4800,22.6800,-2.0633,0.1532,0.7755,0
219368,-8.5166,0.7492,4.2248,-49.9800,4.4100,23.7300,-1.7091,0.1508,0.8114,0
219407,-8.8373,1.6851,4.0429,-51.0300,5.0400,9.0300,-1.7450,0.1723,0.3088,0
219446,-8.5070,0.8928,3.9974,-36.0500,17.5700,2.8000,-1.2327,0.6008,0.0957,0
219485,-9.3137,1.1106,3.5881,-31.8500,15.1900,1.8200,-1.0891,0.5194,0.0622,0
219524,-9.3711,1.0628,3.7843,-27.6500,0.9800,-8.7500,-0.9455,0.0335,-0.2992,0
219563,-9.3304,0.5290,3.8705,-13.5800,-15.1900,-12.8800,-0.4644,-0.5194,-0.4404,0
219602,-9.0312,-0.0144,3.9112,-7.8400,-22.6100,-24.5000,-0.2681,-0.7731,-0.8378,0
219641,-8.9666,-0.4811,4.1841,-5.2500,-36.9600,-46.7600,-0.1795,-1.2638,-1.5990,0
219680,-8.5716,-1.0436,4.4737,-11.1300,-73.4300,-61.2500,-0.3806,-2.5109,-2.0944,0
219719,-8.4807,-1.5535,5.2493,-23.3100,-95.8300,-77.7700,-0.7971,-3.2769,-2.6593,0
219758,-7.8870,-1.0293,4.4761,10.7100,-84.5600,-69.2300,0.3662,-2.8915,-2.3673,0
219797,-8.0737,-2.8030,5.7376,5.3200,-56.2100,-17.9900,0.1819,-1.9221,-0.6152,0
219836,-7.2767,-2.0442,6.5442,-23.1700,-49.4900,-22.6100,-0.7923,-1.6923,-0.7731,0
219875,-7.4251,-3.5689,6.7333,-22.8200,-42.2800,-25.3400,-0.7803,-1.4458,-0.8665,0
219914,-8.2102,-3.2769,5.7136,-4.6900,-24.1500,-11.7600,-0.1604,-0.8258,-0.4021,0
219953,-7.5041,-2.4750,6.3216,22.9600,-12.7400,-21.6300,0.7851,-0.4356,-0.7396,0
219992,-7.5495,-3.1740,6.3192,-11.8300,-1.3300,-45.4300,-0.4045,-0.0455,-1.5535,0
220031,-7.3748,-2.6186,6.3096,-17.5000,7.6300,-42.9100,-0.5984,0.2609,-1.4673,0
220070,-6.3168,-1.8742,5.5987,-1.1900,10.3600,-49.5600,-0.0407,0.3543,-1.6947,0
220109,-6.3527,-2.5492,5.8860,18.8300,16.5900,-52.8500,0.6439,0.5673,-1.8072,0
220148,-6.0104,-2.2500,6.1684,54.9500,16.7300,-52.0800,1.8790,0.5721,-1.7809,0
220187,-5.1870,-1.9843,5.9721,71.0500,13.8600,-57.1200,2.4295,0.4739,-1.9532,0
220226,-4.4019,-3.3679,6.6759,63.5600,11.5500,-45.0100,2.1734,0.3950,-1.5391,0
220265,-4.7610,-3.9016,7.4706,50.1900,17.0800,-35.0700,1.7162,0.5840,-1.1992,0
220304,-5.1080,-3.3559,7.7793,37.9400,12.4600,-29.9600,1.2974,0.4261,-1.0245,0
220343,-4.3732,-3.5474,7.9229,30.3800,3.9900,-22.1900,1.0388,0.1364,-0.7588,0
220382,-5.0649,-4.0141,7.7961,23.9400,8.7500,-11.8300,0.8186,0.2992,-0.4045,0
220421,-5.3570,-3.4349,6.9248,3.7100,23.2400,-11.9000,0.1269,0.7947,-0.4069,0
220460,-6.2713,-2.9801,7.0086,-25.9000,23.6600,-18.6200,-0.8856,0.8091,-0.6367,0
220499,-6.9990,-3.5019,6.5203,-25.7600,14.4900,-17.9900,-0.8809,0.4955,-0.6152,0
220538,-7.3461,-3.7532,7.3413,-19.9500,26.0400,-14.6300,-0.6822,0.8904,-0.5003,0
220577,-7.1594,-3.2290,6.7453,1.8900,8.7500,4.2000,0.0646,0.2992,0.1436,0
220616,-6.6328,-3.1261,6.2187,1.8900,4.4100,-0.6300,0.0646,0.1508,-0.0215,0
220655,-6.8506,-3.0232,6.0487,-10.0800,-2.5900,-2.1000,-0.3447,-0.0886,-0.0718,0
220694,-6.6998,-3.3080,6.4652,-6.3000,-4.3400,-11.4100,-0.2154,-0.1484,-0.3902,0
220733,-6.7261,-3.7891,6.5394,-13.6500,-5.8100,-14.5600,-0.4668,-0.1987,-0.4979,0
220772,-6.3479,-3.7915,6.5394,-9.2400,-12.1800,-12.2500,-0.3160,-0.4165,-0.4189,0
220811,-6.1014,-4.1290,6.8219,-9.9400,-10.8500,-11.9000,-0.3399,-0.3710,-0.4069,0
220850,-6.0463,-4.2655,6.4533,-6.0900,-9.3100,-6.7200,-0.2082,-0.3184,-0.2298,0
220889,-5.9027,-4.2990,6.5131,-8.5400,-6.1600,-5.2500,-0.2920,-0.2106,-0.1795,0
220928,-5.7878,-4.2032,6.6711,1.0500,-7.2800,2.2400,0.0359,-0.2489,0.0766,0
220967,-5.9626,-4.1458,6.5466,1.5400,-4.7600,2.1000,0.0527,-0.1628,0.0718,0
221006,-6.1732,-3.8968,6.3575,1.0500,-4.8300,-1.3300,0.0359,-0.1652,-0.0455,0
221045,-6.0631,-3.8490,6.7261,1.2600,-1.7500,-10.1500,0.0431,-0.0598,-0.3471,0
221084,-6.1445,-4.1817,6.6974,-0.7000,1.2600,-15.8200,-0.0239,0.0431,-0.5410,0
221123,-5.8453,-4.2774,6.7118,0.9800,3.0800,-14.0000,0.0335,0.1053,-0.4787,0
221162,-5.9147,-4.3851,6.4820,0.2100,-0.2100,-6.7900,0.0072,-0.0072,-0.2322,0
221201,-5.9147,-4.4139,6.2833,-4.3400,2.1000,-5.1100,-0.1484,0.0718,-0.1747,0
221240,-6.0966,-4.3875,6.2019,-1.5400,-4.3400,-0.7700,-0.0527,-0.1484,-0.0263,0
221279,-5.9554,-4.3086,6.2235,3.4300,-5.1100,-3.9200,0.1173,-0.1747,-0.1340,0
221318,-5.8477,-4.4043,6.4126,4.9000,-4.9000,-5.3900,0.1676,-0.1676,-0.1843,0
221357,-5.6466,-4.3181,6.7860,5.6700,-2.3100,-7.0700,0.1939,-0.0790,-0.2418,0
221396,-5.7112,-4.4354,6.7620,5.4600,-0.1400,-8.5400,0.1867,-0.0048,-0.2920,0
221435,-5.6418,-4.2774,6.6017,4.9000,-1.0500,-6.9300,0.1676,-0.0359,-0.2370,0
221474,-5.7376,-4.3708,6.5466,5.5300,-3.7800,-9.8000,0.1891,-0.1293,-0.3351,0
221513,-5.5652,-4.3492,6.6112,7.0700,-2.9400,-7.6300,0.2418,-0.1005,-0.2609,0
221552,-5.6442,-4.4594,6.6232,6.0200,-1.8200,-6.5100,0.2059,-0.0622,-0.2226,0
221591,-5.6945,-4.5575,6.6328,3.9900,-2.4500,-3.5700,0.1364,-0.0838,-0.1221,0
221630,-5.6442,-4.5575,6.7333,1.0500,-2.4500,0.1400,0.0359,-0.0838,0.0048,0
221669,-5.6083,-4.3995,6.5011,1.4700,-2.3100,4.5500,0.0503,-0.0790,0.1556,0
221708,-5.5868,-4.2535,6.7333,5.3200,-3.4300,1.9600,0.1819,-0.1173,0.0670,0
221747,-5.5844,-4.2487,6.8530,7.6300,-3.2900,-1.3300,0.2609,-0.1125,-0.0455,0
221786,-5.5796,-4.2990,6.8961,4.5500,-2.5200,-2.2400,0.1556,-0.0862,-0.0766,0
221825,-5.5748,-4.2966,6.9799,3.1500,-2.1000,0.0000,0.1077,-0.0718,0.0000,0
221864,-5.5173,-4.3062,6.9200,-0.5600,1.0500,-2.1000,-0.0191,0.0359,-0.0718,0
221903,-5.5006,-4.2726,6.7572,-2.0300,2.1000,-3.2200,-0.0694,0.0718,-0.1101,0
221942,-5.5700,-4.2822,6.7453,1.6100,0.9100,-3.2900,0.0551,0.0311,-0.1125,0
221981,-5.5461,-4.3469,6.7812,1.5400,-0.8400,-1.7500,0.0527,-0.0287,-0.0598,0
222020,-5.5149,-4.3397,6.7860,1.7500,-1.7500,-0.1400,0.0598,-0.0598,-0.0048,0
222059,-5.4671,-4.3469,6.7884,2.3800,-1.8200,0.4200,0.0814,-0.0622,0.0144,0
222098,-5.4886,-4.3062,6.8602,2.5900,-1.1200,1.2600,0.0886,-0.0383,0.0431,0
222137,-5.5173,-4.2846,6.8769,0.9800,-0.0700,0.4200,0.0335,-0.0024,0.0144,0
222176,-5.5221,-4.2439,6.8458,0.6300,-0.2800,1.1200,0.0215,-0.0096,0.0383,0
222215,-5.4982,-4.2559,6.7932,2.5200,-1.2600,0.8400,0.0862,-0.0431,0.0287,0
222254,-5.4647,-4.2679,6.8075,3.7800,-2.1700,1.5400,0.1293,-0.0742,0.0527,0
222293,-5.5245,-4.2439,6.9128,2.6600,-1.8900,1.8900,0.0910,-0.0646,0.0646,0
222332,-5.5221,-4.2104,6.9583,2.4500,-1.4000,2.9400,0.0838,-0.0479,0.1005,0
222371,-5.5365,-4.1673,7.0229,0.9100,0.5600,2.1000,0.0311,0.0191,0.0718,0
222410,-5.5389,-4.1554,6.9942,-1.6100,2.9400,-1.1200,-0.0551,0.1005,-0.0383,0
222449,-5.5006,-4.1625,6.8147,-3.7100,3.2200,-3.5000,-0.1269,0.1101,-0.1197,0
222488,-5.4766,-4.2272,6.6950,-1.3300,1.0500,-3.7800,-0.0455,0.0359,-0.1293,0
222527,-5.4886,-4.3014,6.8027,1.8900,-1.2600,-3.7100,0.0646,-0.0431,-0.1269,0
222566,-5.4934,-4.2607,6.8003,2.5900,-1.1200,0.9100,0.0886,-0.0383,0.0311,0
222605,-5.4862,-4.2583,6.9057,3.2900,-2.3100,1.2600,0.1125,-0.0790,0.0431,0
222644,-5.5341,-4.1913,7.0086,1.5400,-0.9100,0.2100,0.0527,-0.0311,0.0072,0
222683,-5.5102,-4.1817,6.8889,0.1400,0.2800,-0.7700,0.0048,0.0096,-0.0263,0
222722,-5.5245,-4.2272,6.8506,0.7700,-0.5600,-0.7000,0.0263,-0.0191,-0.0239,0
222761,-5.4958,-4.2320,6.8961,1.3300,-1.3300,0.1400,0.0455,-0.0455,0.0048,0
222800,-5.4766,-4.2248,6.8745,1.0500,-1.1200,0.2800,0.0359,-0.0383,0.0096,0
222839,-5.4862,-4.1937,6.9224,1.5400,-1.4000,0.5600,0.0527,-0.0479,0.0191,0
222878,-5.4790,-4.1865,6.9583,0.7000,-0.7000,0.2800,0.0239,-0.0239,0.0096,0
222917,-5.5030,-4.1889,6.9296,0.3500,-0.4900,-0.0700,0.0120,-0.0168,-0.0024,0
222956,-5.4838,-4.2032,6.9176,0.3500,-0.1400,-0.0700,0.0120,-0.0048,-0.0024,0
222995,-5.4862,-4.2008,6.8865,0.4900,-0.2800,0.0700,0.0168,-0.0096,0.0024,0
223034,-5.4743,-4.1937,6.9033,1.0500,-0.9100,0.2800,0.0359,-0.0311,0.0096,0
223073,-5.4790,-4.1984,6.9487,0.9100,-0.9100,0.2100,0.0311,-0.0311,0.0072,0
223112,-5.4862,-4.1793,6.9463,0.3500,-0.2100,-0.2800,0.0120,-0.0072,-0.0096,0
223151,-5.4719,-4.1841,6.9248,0.2100,-0.1400,-0.1400,0.0072,-0.0048,-0.0048,0
223190,-5.4814,-4.1793,6.9009,0.4200,-0.1400,-0.4200,0.0144,-0.0048,-0.0144,0
223229,-5.4862,-4.2008,6.9224,0.5600,-0.4900,-0.1400,0.0191,-0.0168,-0.0048,0
223268,-5.4790,-4.1817,6.9368,0.4900,-0.4900,0.0000,0.0168,-0.0168,0.0000,0
223307,-5.4910,-4.1817,6.9176,0.5600,-0.4900,0.1400,0.0191,-0.0168,0.0048,0
223346,-5.4910,-4.1578,6.9511,0.6300,-0.6300,0.2100,0.0215,-0.0215,0.0072,0
223385,-5.4623,-4.1721,6.9272,0.6300,-0.4900,-0.4900,0.0215,-0.0168,-0.0168,0
223424,-5.4814,-4.1961,6.9511,0.4900,-0.4200,-0.2100,0.0168,-0.0144,-0.0072,0
223463,-5.4814,-4.1841,6.9320,0.0700,-0.0700,-0.1400,0.0024,-0.0024,-0.0048,0
223502,-5.4862,-4.1697,6.9128,0.2100,-0.2100,-0.1400,0.0072,-0.0072,-0.0048,0
223541,-5.4838,-4.1841,6.9463,0.4200,-0.4900,-0.0700,0.0144,-0.0168,-0.0024,0
223580,-5.4671,-4.1889,6.9176,0.5600,-0.5600,-0.1400,0.0191,-0.0191,-0.0048,0
223619,-5.4719,-4.1673,6.9392,0.7000,-0.7000,0.0700,0.0239,-0.0239,0.0024,0
223658,-5.4503,-4.1793,6.9559,1.1900,-0.8400,0.0000,0.0407,-0.0287,0.0000,0
223697,-5.4623,-4.1913,6.9631,0.3500,-0.4900,0.1400,0.0120,-0.0168,0.0048,0
223736,-5.4623,-4.1458,6.9344,0.4200,-0.3500,0.2800,0.0144,-0.0120,0.0096,0
223775,-5.4647,-4.1841,6.9583,1.6100,-0.7000,-0.0700,0.0551,-0.0239,-0.0024,0
223814,-5.4575,-4.1673,6.9463,0.3500,-0.6300,0.0700,0.0120,-0.0215,0.0024,0
223853,-5.4695,-4.1578,6.9583,0.3500,-0.5600,0.2100,0.0120,-0.0191,0.0072,0
223892,-5.4527,-4.1745,6.9009,0.2800,-0.9800,0.9800,0.0096,-0.0335,0.0335,0
223931,-5.4862,-4.1051,7.0134,2.8000,-1.7500,1.4000,0.0957,-0.0598,0.0479,0
223970,-5.3905,-4.1410,7.0134,2.1000,-2.3100,1.1200,0.0718,-0.0790,0.0383,0
224009,-5.3546,-4.1913,7.0876,-0.9800,-4.5500,4.6200,-0.0335,-0.1556,0.1580,0
224048,-5.3929,-4.1195,7.1139,-4.9000,-4.6900,6.7900,-0.1676,-0.1604,0.2322,0
224087,-5.5030,-4.0309,6.9440,-3.0100,-5.7400,5.7400,-0.1029,-0.1963,0.1963,0
224126,-5.4383,-4.0883,7.0828,-4.1300,-7.4200,6.3700,-0.1412,-0.2537,0.2178,0
224165,-5.3809,-4.2056,7.0924,-6.8600,-4.9000,5.2500,-0.2346,-0.1676,0.1795,0
224204,-5.4096,-4.0524,7.2168,-9.9400,-5.1800,7.0000,-0.3399,-0.1771,0.2394,0
224243,-5.4216,-3.9423,7.3724,-8.2600,-8.8900,4.6200,-0.2824,-0.3040,0.1580,0
224282,-5.1918,-4.1697,6.8793,-7.2800,-10.6400,5.1100,-0.2489,-0.3638,0.1747,0
224321,-5.1080,-4.1506,7.3030,-13.7900,-14.6300,12.2500,-0.4715,-0.5003,0.4189,0
224360,-5.3426,-4.3492,6.9368,-14.5600,-11.5500,12.6000,-0.4979,-0.3950,0.4309,0
224399,-5.2660,-4.2655,7.2408,-13.7200,-16.0300,15.2600,-0.4692,-0.5481,0.5218,0
224438,-5.1966,-4.4043,7.0684,-12.9500,-15.3300,13.4400,-0.4428,-0.5242,0.4596,0
224477,-5.0530,-4.3828,7.1498,-12.4600,-17.5700,14.3500,-0.4261,-0.6008,0.4907,0
224516,-5.0290,-4.4546,6.9918,-13.5800,-15.6100,15.2600,-0.4644,-0.5338,0.5218,0
224555,-5.1008,-4.3492,7.3221,-20.7200,-16.2400,14.8400,-0.7085,-0.5553,0.5075,0
224594,-5.1463,-4.2990,7.0708,-18.9000,-16.8000,17.0100,-0.6463,-0.5745,0.5817,0
224633,-5.0195,-4.1817,7.1905,-13.9300,-21.4900,15.9600,-0.4763,-0.7348,0.5457,0
224672,-4.8974,-4.2750,7.4155,-12.9500,-22.6800,15.1900,-0.4428,-0.7755,0.5194,0
224711,-4.8758,-4.3062,7.2886,-19.1800,-19.3200,16.5200,-0.6559,-0.6606,0.5649,0
224750,-5.1032,-4.4378,7.3317,-17.7100,-17.2900,16.0300,-0.6056,-0.5912,0.5481,0
224789,-4.9357,-4.3014,7.1211,-16.2400,-21.8400,14.5600,-0.5553,-0.7468,0.4979,0
224828,-4.8782,-4.3301,7.0182,-18.7600,-17.3600,11.1300,-0.6415,-0.5936,0.3806,0
224867,-4.7897,-4.8184,6.9894,-24.8500,-14.4900,8.5400,-0.8497,-0.4955,0.2920,0
224906,-4.8735,-5.0721,6.6543,-35.7000,-9.6600,7.3500,-1.2208,-0.3303,0.2513,0
224945,-5.1224,-4.7442,6.4365,-20.0200,-18.4100,9.5900,-0.6846,-0.6295,0.3279,0
224984,-5.2086,-4.8423,6.4892,-10.7800,-21.4900,3.8500,-0.3686,-0.7348,0.1317,0
225023,-4.4857,-5.0075,6.9655,0.2800,-20.7900,-1.5400,0.0096,-0.7109,-0.0527,0
225062,-4.3373,-5.0195,6.8961,-10.6400,-13.7900,-2.0300,-0.3638,-0.4715,-0.0694,0
225101,-4.6269,-5.1870,7.0732,-14.5600,-7.4900,-4.5500,-0.4979,-0.2561,-0.1556,0
225140,-4.1506,-5.3737,7.3461,-2.7300,-4.6200,-2.5900,-0.0934,-0.1580,-0.0886,0
225179,-3.8466,-5.0219,7.2647,4.4800,-6.4400,-0.6300,0.1532,-0.2202,-0.0215,0
225218,-3.9902,-5.4168,7.4729,-10.5000,-0.2100,3.6400,-0.3590,-0.0072,0.1245,0
225257,-4.2176,-5.2708,7.4777,-12.9500,0.3500,9.5900,-0.4428,0.0120,0.3279,0
225296,-4.0141,-5.2780,7.1809,-13.2300,-5.8800,14.2100,-0.4524,-0.2011,0.4859,0
225335,-3.8466,-5.3378,7.0253,-17.4300,-8.3300,19.8100,-0.5960,-0.2848,0.6774,0
225374,-4.1721,-5.2780,7.0708,-12.5300,-8.4000,23.8700,-0.4285,-0.2872,0.8162,0
225413,-4.3995,-5.2253,6.9607,-14.9100,-7.4200,22.8200,-0.5098,-0.2537,0.7803,0
225452,-4.8639,-5.1750,6.9799,-15.8200,-7.0000,20.6500,-0.5410,-0.2394,0.7061,0
225491,-4.9357,-5.0506,6.7788,-9.8700,-7.4900,14.6300,-0.3375,-0.2561,0.5003,0
225530,-4.6054,-4.9524,6.8530,-3.4300,-8.4000,8.4000,-0.1173,-0.2872,0.2872,0
225569,-4.6173,-5.1152,6.8889,3.2900,-10.1500,4.8300,0.1125,-0.3471,0.1652,0
225608,-4.7107,-4.8639,7.1067,-0.9100,-8.7500,4.7600,-0.0311,-0.2992,0.1628,0
225647,-4.3014,-5.5054,7.4083,-5.3200,-8.7500,2.9400,-0.1819,-0.2992,0.1005,0
225686,-4.3851,-5.2564,6.9535,-8.1200,-8.2600,5.6700,-0.2777,-0.2824,0.1939,0
225725,-4.2583,-4.9764,6.9320,-5.8100,-14.3500,4.9700,-0.1987,-0.4907,0.1699,0
225764,-4.2774,-5.5126,7.2958,-4.6900,-14.9100,-1.4000,-0.1604,-0.5098,-0.0479,0
225803,-3.9208,-5.5724,7.3006,-5.0400,-17.1500,-1.3300,-0.1723,-0.5864,-0.0455,0
225842,-3.7030,-5.6993,7.3413,-9.2400,-18.8300,2.3800,-0.3160,-0.6439,0.0814,0
225881,-3.9184,-5.3354,7.2312,-2.0300,-13.4400,3.7100,-0.0694,-0.4596,0.1269,0
225920,-4.1841,-5.1535,7.3030,-2.1700,-12.2500,3.9200,-0.0742,-0.4189,0.1340,0
225959,-4.4067,-4.8854,6.7501,5.4600,-13.2300,5.3900,0.1867,-0.4524,0.1843,0
225998,-4.6772,-5.0458,6.5251,-2.3800,-13.5100,2.3800,-0.0814,-0.4620,0.0814,0
226037,-4.6389,-5.3115,6.7357,2.1000,-8.8900,0.0000,0.0718,-0.3040,0.0000,0
226076,-4.3492,-5.4096,7.1019,-2.2400,-9.5200,-1.5400,-0.0766,-0.3255,-0.0527,0
226115,-3.9926,-5.6107,6.6280,1.4700,-14.4900,1.1900,0.0503,-0.4955,0.0407,0
226154,-3.9998,-5.2708,6.5658,1.4700,-13.0200,3.5700,0.0503,-0.4452,0.1221,0
226193,-3.7580,-5.1774,6.8817,6.2300,-7.7700,2.5900,0.2130,-0.2657,0.0886,0
226232,-3.6814,-5.2780,6.9440,5.0400,-6.2300,2.4500,0.1723,-0.2130,0.0838,0
226271,-3.6048,-5.5197,7.2240,3.9900,-3.5000,2.6600,0.1364,-0.1197,0.0910,0
226310,-3.4612,-5.4072,7.2815,-0.5600,-5.6000,5.0400,-0.0191,-0.1915,0.1723,0
226349,-4.1410,-5.2301,7.5711,8.3300,-2.8000,1.5400,0.2848,-0.0957,0.0527,0
226388,-3.7245,-5.1272,7.6525,10.7100,0.4900,-5.8100,0.3662,0.0168,-0.1987,0
226427,-3.3750,-5.0458,7.5495,12.2500,-3.0800,-3.2900,0.4189,-0.1053,-0.1125,0
226466,-3.7221,-5.0985,7.3030,7.1400,-3.7100,-1.9600,0.2442,-0.1269,-0.0670,0
226505,-3.8514,-5.1080,7.6381,7.9100,1.1900,-5.0400,0.2705,0.0407,-0.1723,0
226544,-3.4827,-5.0602,7.7841,10.8500,3.3600,-2.8700,0.3710,0.1149,-0.0981,0
226583,-3.6407,-4.9405,7.7554,5.0400,1.5400,-0.0700,0.1723,0.0527,-0.0024,0
226622,-3.8274,-4.9022,7.5639,3.8500,-0.9100,-1.8900,0.1317,-0.0311,-0.0646,0
226661,-3.6599,-4.8735,7.5328,6.7200,-4.1300,-3.9900,0.2298,-0.1412,-0.1364,0
226700,-3.4851,-4.9261,7.7913,2.8700,-5.1100,-5.2500,0.0981,-0.1747,-0.1795,0
226739,-3.4181,-4.9836,7.8176,5.8100,-5.6000,-3.2900,0.1987,-0.1915,-0.1125,0
226778,-3.2889,-4.9907,7.9804,1.1900,-5.1100,-1.4000,0.0407,-0.1747,-0.0479,0
226817,-3.3463,-4.9836,7.7099,2.2400,-5.8100,0.7000,0.0766,-0.1987,0.0239,0
226856,-3.5043,-4.8615,7.7769,2.8000,-5.0400,0.4200,0.0957,-0.1723,0.0144,0
226895,-3.3296,-4.9022,7.8296,2.9400,-3.6400,-1.8900,0.1005,-0.1245,-0.0646,0
226934,-3.3463,-4.9237,7.8176,-0.4200,-4.2000,-0.1400,-0.0144,-0.1436,-0.0048,0
226973,-3.4827,-4.8304,7.7219,-1.6100,-4.2000,-1.2600,-0.0551,-0.1436,-0.0431,0
227012,-3.4756,-4.9860,7.6525,0.2800,-5.3200,-6.0200,0.0096,-0.1819,-0.2059,0
227051,-3.3583,-4.9117,7.8057,-1.3300,-8.4700,-4.0600,-0.0455,-0.2896,-0.1388,0
227090,-3.2913,-4.9620,7.7769,4.5500,-8.8900,-4.2000,0.1556,-0.3040,-0.1436,0
227129,-2.9466,-4.9740,7.7674,3.7100,-8.9600,-4.9700,0.1269,-0.3064,-0.1699,0
227168,-2.9059,-4.9979,7.8918,4.3400,-8.1200,-2.4500,0.1484,-0.2777,-0.0838,0
227207,-3.0878,-4.8854,8.0546,6.0200,-5.8100,-1.2600,0.2059,-0.1987,-0.0431,0
227246,-2.9394,-4.9477,8.0067,4.0600,-3.2900,-0.3500,0.1388,-0.1125,-0.0120,0
227285,-3.0303,-4.8160,8.1049,4.4100,-2.0300,0.9800,0.1508,-0.0694,0.0335,0
227324,-2.8341,-4.8352,7.9900,2.4500,-0.4200,0.3500,0.0838,-0.0144,0.0120,0
227363,-3.0064,-4.6748,8.0450,1.6100,-1.4000,0.3500,0.0551,-0.0479,0.0120,0
227402,-2.9897,-4.8471,7.9301,-0.8400,-1.8200,-0.3500,-0.0287,-0.0622,-0.0120,0
227441,-3.1500,-4.8423,7.9972,-1.2600,-2.2400,-1.9600,-0.0431,-0.0766,-0.0670,0
227480,-2.9155,-4.9333,7.8440,-2.5900,-2.7300,-2.3800,-0.0886,-0.0934,-0.0814,0
227519,-3.0327,-4.9524,7.8775,-0.5600,-1.9600,-0.7000,-0.0191,-0.0670,-0.0239,0
227558,-2.8843,-4.9716,7.9732,-0.6300,-0.2100,0.9100,-0.0215,-0.0072,0.0311,0
227597,-2.9155,-4.8591,7.8894,1.0500,0.2800,2.6600,0.0359,0.0096,0.0910,0
227636,-2.9035,-4.8902,7.9732,2.9400,1.8900,3.3600,0.1005,0.0646,0.1149,0
227675,-2.9921,-4.7849,8.0570,3.9200,4.5500,4.6900,0.1340,0.1556,0.1604,0
227714,-3.0423,-4.8543,8.0594,2.9400,3.9200,4.2000,0.1005,0.1340,0.1436,0
227753,-3.0734,-4.6987,8.0019,0.9100,4.4100,5.6000,0.0311,0.1508,0.1915,0
227792,-3.1596,-4.7346,8.0546,0.6300,4.3400,3.7100,0.0215,0.1484,0.1269,0
227831,-3.1620,-4.7298,8.1360,-2.1700,6.4400,4.5500,-0.0742,0.2202,0.1556,0
227870,-3.3224,-4.7849,7.9397,-4.2700,5.5300,5.1800,-0.1460,0.1891,0.1771,0
227909,-3.3296,-4.8184,7.8823,-5.3900,5.6000,4.9000,-0.1843,0.1915,0.1676,0
227948,-3.3774,-4.7873,7.8942,-5.6700,5.6000,4.7600,-0.1939,0.1915,0.1628,0
227987,-3.3152,-4.8064,7.8918,-5.1800,6.1600,4.8300,-0.1771,0.2106,0.1652,0
228026,-3.3583,-4.8304,7.6956,-4.9700,6.3700,4.3400,-0.1699,0.2178,0.1484,0
228065,-3.4325,-4.8112,7.6501,-4.5500,4.3400,2.8700,-0.1556,0.1484,0.0981,0
228104,-3.5115,-4.8064,7.6501,-2.8000,4.6200,1.2600,-0.0957,0.1580,0.0431,0
228143,-3.4516,-4.9477,7.6692,-2.5900,6.5800,0.8400,-0.0886,0.2250,0.0287,0
228182,-3.5426,-5.0003,7.7147,-1.4700,3.9900,1.8200,-0.0503,0.1364,0.0622,0
228221,-3.5785,-4.9453,7.5974,-1.6100,3.9900,3.0100,-0.0551,0.1364,0.1029,0
228260,-3.5976,-4.7969,7.6046,-0.9100,2.8700,3.9200,-0.0311,0.0981,0.1340,0
228299,-3.6862,-4.8830,7.5902,-0.7000,1.0500,2.8000,-0.0239,0.0359,0.0957,0
228338,-3.7604,-4.8854,7.7219,-1.2600,2.1700,1.6100,-0.0431,0.0742,0.0551,0
228377,-3.7149,-4.8974,7.5854,0.1400,2.5900,1.8900,0.0048,0.0886,0.0646,0
228416,-3.7365,-4.8711,7.6788,-1.0500,2.7300,1.3300,-0.0359,0.0934,0.0455,0
228455,-3.7365,-4.9333,7.6261,0.2800,2.3800,1.4700,0.0096,0.0814,0.0503,0
228494,-3.7173,-4.8328,7.5902,0.9100,2.3100,1.1900,0.0311,0.0790,0.0407,0
228533,-3.5929,-4.8280,7.5735,0.0700,2.3800,1.0500,0.0024,0.0814,0.0359,0
228572,-3.7125,-4.8998,7.6261,-0.3500,1.1200,0.4900,-0.0120,0.0383,0.0168,0
228611,-3.7987,-4.8758,7.6022,0.0700,1.8900,-0.0700,0.0024,0.0646,-0.0024,0
228650,-3.8585,-4.8878,7.5807,-0.2800,1.6100,-0.1400,-0.0096,0.0551,-0.0048,0
228689,-3.8825,-4.9620,7.5807,-0.5600,2.3100,0.1400,-0.0191,0.0790,0.0048,0
228728,-3.7173,-4.8998,7.7291,-2.3800,11.9000,-1.4000,-0.0814,0.4069,-0.0479,0
228767,-3.7987,-4.9548,7.4921,-0.5600,3.7100,0.0700,-0.0191,0.1269,0.0024,0
228806,-3.9184,-4.9070,7.4969,-1.0500,3.0800,0.2800,-0.0359,0.1053,0.0096,0
228845,-3.9375,-4.9237,7.4849,-0.8400,1.9600,-0.5600,-0.0287,0.0670,-0.0191,0
228884,-3.9208,-4.9141,7.4610,-0.3500,1.5400,-0.7000,-0.0120,0.0527,-0.0239,0
228923,-3.9423,-4.9453,7.3844,1.0500,0.9800,-0.7000,0.0359,0.0335,-0.0239,0
228962,-3.9663,-4.9668,7.4586,-0.7700,-0.6300,-0.6300,-0.0263,-0.0215,-0.0215,0
229001,-3.9447,-4.9477,7.4586,0.3500,-0.9800,-0.7700,0.0120,-0.0335,-0.0263,0
229040,-3.9160,-4.9477,7.4107,1.1200,-1.1900,-0.8400,0.0383,-0.0407,-0.0287,0
229079,-3.9543,-4.9860,7.5088,0.8400,-0.8400,-0.4200,0.0287,-0.0287,-0.0144,0
229118,-3.8897,-4.9333,7.4682,1.4700,-0.2800,-0.6300,0.0503,-0.0096,-0.0215,0
229157,-3.9375,-4.9022,7.5088,1.7500,-0.9100,-0.5600,0.0598,-0.0311,-0.0191,0
229196,-3.8466,-4.9500,7.5232,1.0500,-0.7700,-0.8400,0.0359,-0.0263,-0.0287,0
229235,-3.8849,-4.9141,7.5208,0.3500,-0.5600,-1.1200,0.0120,-0.0191,-0.0383,0
229274,-3.8873,-4.9500,7.5065,0.4900,-0.4200,-1.1900,0.0168,-0.0144,-0.0407,0
229313,-3.8945,-4.9524,7.5160,1.0500,-0.6300,-0.7000,0.0359,-0.0215,-0.0239,0
229352,-3.9280,-4.9189,7.5088,0.3500,-0.9800,-0.2800,0.0120,-0.0335,-0.0096,0
229391,-3.9495,-4.9117,7.5112,2.3100,-1.8900,0.0700,0.0790,-0.0646,0.0024,0
229430,-4.0357,-4.9381,7.4873,2.0300,-1.8900,0.2100,0.0694,-0.0646,0.0072,0
229469,-3.8681,-4.9548,7.6214,1.5400,0.0700,0.0700,0.0527,0.0024,0.0024,0
229508,-3.7867,-4.8878,7.6884,2.8700,1.2600,1.8200,0.0981,0.0431,0.0622,0
229547,-3.7939,-4.8352,7.6405,0.0700,2.3800,2.2400,0.0024,0.0814,0.0766,0
229586,-3.8298,-4.8806,7.5495,-0.9800,2.8000,1.1200,-0.0335,0.0957,0.0383,0
229625,-3.9016,-4.9070,7.5088,-2.4500,3.0100,1.4000,-0.0838,0.1029,0.0479,0
229664,-4.0285,-4.8711,7.4777,-1.4700,2.5200,0.9800,-0.0503,0.0862,0.0335,0
229703,-4.0165,-4.9189,7.4490,1.1900,2.1700,0.7000,0.0407,0.0742,0.0239,0
229742,-3.9567,-4.8902,7.4346,0.2800,1.8900,0.9800,0.0096,0.0646,0.0335,0
229781,-4.0381,-4.8758,7.4897,0.0700,2.6600,0.6300,0.0024,0.0910,0.0215,0
229820,-3.9998,-4.9620,7.4275,-0.3500,2.2400,1.1200,-0.0120,0.0766,0.0383,0
229859,-4.1027,-4.8543,7.4753,-0.6300,1.7500,1.4700,-0.0215,0.0598,0.0503,0
229898,-4.1314,-4.8758,7.4083,-1.1900,1.5400,0.9800,-0.0407,0.0527,0.0335,0
229937,-3.9734,-4.8998,7.4227,-1.1900,0.3500,0.0000,-0.0407,0.0120,0.0000,0
229976,-4.0022,-4.9070,7.3868,-0.9100,0.1400,0.4900,-0.0311,0.0048,0.0168,0
230015,-4.1147,-4.9357,7.4490,-2.0300,-0.1400,1.0500,-0.0694,-0.0048,0.0359,0
230054,-4.1171,-4.9285,7.4299,-1.6100,17.5700,0.7700,-0.0551,0.6008,0.0263,0
230093,-4.0572,-4.8543,7.3748,-1.1200,0.0700,0.6300,-0.0383,0.0024,0.0215,0
230132,-4.0429,-4.9500,7.3987,0.2800,-0.2100,-0.2100,0.0096,-0.0072,-0.0072,0
230171,-4.0596,-4.9429,7.4035,1.1200,0.0700,-0.7700,0.0383,0.0024,-0.0263,0
230210,-4.0357,-4.9524,7.3628,0.2800,0.4200,-0.3500,0.0096,0.0144,-0.0120,0
230249,-4.1362,-4.9500,7.3940,-3.0100,1.6100,0.0700,-0.1029,0.0551,0.0024,0
230288,-4.1099,-4.9453,7.3987,0.8400,0.0000,-0.0700,0.0287,0.0000,-0.0024,0
230327,-4.1003,-4.9524,7.3844,0.4200,0.2800,0.1400,0.0144,0.0096,0.0048,0
230366,-4.1171,-4.9357,7.3628,-0.9800,0.5600,0.2800,-0.0335,0.0191,0.0096,0
230405,-4.1242,-4.9022,7.4083,0.5600,-0.4200,-0.0700,0.0191,-0.0144,-0.0024,0
230444,-4.0141,-4.9500,7.3796,0.0000,-0.7000,-0.4900,0.0000,-0.0239,-0.0168,0
230483,-4.1386,-4.9285,7.4849,-0.2800,0.3500,0.6300,-0.0096,0.0120,0.0215,0
230522,-4.1482,-4.9022,7.3844,0.6300,-0.0700,0.0000,0.0215,-0.0024,0.0000,0
230561,-4.0668,-4.9907,7.2719,0.2100,0.0000,-0.2800,0.0072,0.0000,-0.0096,0
230600,-4.0883,-4.9812,7.3174,0.2100,-0.5600,1.6800,0.0072,-0.0191,0.0574,0
230639,-4.1673,-5.0243,7.4825,0.2800,0.8400,2.6600,0.0096,0.0287,0.0910,0
230678,-4.1386,-4.9860,7.1761,1.2600,2.5900,4.6900,0.0431,0.0886,0.1604,0
230717,-4.1793,-4.6796,7.2982,3.4300,0.7000,4.4100,0.1173,0.0239,0.1508,0
230756,-4.1745,-4.7753,7.4586,5.2500,1.7500,0.0000,0.1795,0.0598,0.0000,0
230795,-4.1362,-4.7969,7.5136,4.5500,-1.6800,-1.1200,0.1556,-0.0574,-0.0383,0
230834,-4.1003,-4.8495,7.5352,2.8700,-1.1200,-1.8200,0.0981,-0.0383,-0.0622,0
230873,-4.1937,-4.9907,7.6070,-1.5400,0.1400,-1.9600,-0.0527,0.0048,-0.0670,0
230912,-4.1601,-4.9165,7.4394,-1.6100,0.8400,0.2800,-0.0551,0.0287,0.0096,0
230951,-4.1147,-4.9141,7.2958,-1.1200,0.2800,1.5400,-0.0383,0.0096,0.0527,0
230990,-4.1099,-4.7921,7.2767,-0.0700,-0.4900,0.6300,-0.0024,-0.0168,0.0215,0
231029,-4.3205,-4.8495,7.4586,-1.1900,-1.4700,-0.2800,-0.0407,-0.0503,-0.0096,0
231068,-4.2415,-4.7753,7.4107,0.4900,-3.0800,-0.1400,0.0168,-0.1053,-0.0048,0
231107,-4.1601,-4.7681,7.3628,0.4200,-4.7600,-1.8200,0.0144,-0.1628,-0.0622,0
231146,-4.0835,-4.8615,7.4538,-0.3500,-5.0400,-3.7100,-0.0120,-0.1723,-0.1269,0
231185,-3.9998,-5.0889,7.4753,-0.8400,-3.1500,-2.8700,-0.0287,-0.1077,-0.0981,0
231224,-3.9758,-5.0506,7.4251,-0.6300,-0.2800,-0.3500,-0.0215,-0.0096,-0.0120,0
231263,-4.0141,-5.0123,7.4394,-1.7500,1.1900,1.7500,-0.0598,0.0407,0.0598,0
231302,-4.1530,-4.8112,7.4179,0.2100,2.0300,2.4500,0.0072,0.0694,0.0838,0
231341,-4.2008,-4.7921,7.3557,1.6800,1.2600,2.1000,0.0574,0.0431,0.0718,0
231380,-4.2200,-4.8232,7.5136,2.3100,-0.4200,0.6300,0.0790,-0.0144,0.0215,0
231419,-4.1578,-4.8160,7.4634,3.9200,-0.2800,-0.4900,0.1340,-0.0096,-0.0168,0
231458,-4.0979,-4.8160,7.3820,2.8000,-0.2800,-0.8400,0.0957,-0.0096,-0.0287,0
231497,-4.1362,-4.8208,7.4801,1.2600,-0.7000,-0.6300,0.0431,-0.0239,-0.0215,0
231536,-4.1195,-4.8591,7.4586,1.4000,0.0000,-1.8200,0.0479,0.0000,-0.0622,0
231575,-4.0740,-4.8758,7.4059,1.2600,0.0000,-1.6800,0.0431,0.0000,-0.0574,0
231614,-4.0764,-4.8447,7.4370,0.9800,-0.3500,-0.7700,0.0335,-0.0120,-0.0263,0
231653,-4.1410,-4.8160,7.4370,0.2800,-0.5600,-0.5600,0.0096,-0.0191,-0.0191,0
231692,-4.0907,-4.8495,7.3557,2.5200,-0.9800,-1.4700,0.0862,-0.0335,-0.0503,0
231731,-4.0022,-4.8854,7.4801,1.6100,-0.7000,-0.6300,0.0551,-0.0239,-0.0215,0
231770,-4.0859,-4.8136,7.4921,1.1200,-0.5600,0.4900,0.0383,-0.0191,0.0168,0
231809,-4.0931,-4.8615,7.5041,-0.4200,0.1400,0.2100,-0.0144,0.0048,0.0072,0
231848,-4.1410,-4.7681,7.4610,0.9100,-0.2800,-0.7700,0.0311,-0.0096,-0.0263,0
231887,-4.1123,-4.8471,7.5208,-1.1200,-0.7000,-0.9100,-0.0383,-0.0239,-0.0311,0
231926,-4.0883,-4.8615,7.5950,-1.3300,0.2100,-0.9100,-0.0455,0.0072,-0.0311,0
231965,-4.1099,-4.8926,7.5160,-1.2600,1.5400,-1.1200,-0.0431,0.0527,-0.0383,0
232004,-4.1841,-4.7753,7.3509,0.9100,2.1700,-1.4700,0.0311,0.0742,-0.0503,0
232043,-4.0429,-4.8519,7.2216,0.9800,1.3300,-2.1700,0.0335,0.0455,-0.0742,0
232082,-4.1554,-4.8447,7.3461,1.8200,-0.1400,-2.0300,0.0622,-0.0048,-0.0694,0
232121,-4.1338,-4.8639,7.3221,7.0700,-0.3500,-2.9400,0.2418,-0.0120,-0.1005,0
232160,-4.1458,-4.8495,7.5184,4.8300,1.0500,-2.5900,0.1652,0.0359,-0.0886,0
232199,-3.9088,-4.8399,7.6429,6.7200,2.6600,-2.5200,0.2298,0.0910,-0.0862,0
232238,-4.0788,-4.7801,7.6668,2.6600,1.6100,-1.0500,0.0910,0.0551,-0.0359,0
232277,-4.0907,-4.7610,7.6190,-0.6300,3.5000,-1.4000,-0.0215,0.1197,-0.0479,0
232316,-4.0764,-4.7777,7.4370,1.7500,3.2900,-2.1000,0.0598,0.1125,-0.0718,0
232355,-4.0309,-4.7442,7.5424,0.5600,1.7500,-2.1000,0.0191,0.0598,-0.0718,0
232394,-3.8346,-5.1320,7.4346,-4.6900,1.9600,-2.3800,-0.1604,0.0670,-0.0814,0
232433,-4.1865,-4.7610,7.8009,-7.4200,2.9400,-2.4500,-0.2537,0.1005,-0.0838,0
232472,-4.5886,-4.9357,7.2647,-11.8300,8.1200,-5.1800,-0.4045,0.2777,-0.1771,0
232511,-4.5575,-4.5934,7.3006,0.6300,11.9700,-6.8600,0.0215,0.4093,-0.2346,0
232550,-4.5288,-4.5958,7.2216,3.9900,10.4300,-14.4900,0.1364,0.3567,-0.4955,0
232589,-4.6891,-5.1990,7.3102,5.3900,14.6300,-15.3300,0.1843,0.5003,-0.5242,0
232628,-4.5216,-4.9716,7.3676,50.7500,25.4800,-6.2300,1.7354,0.8713,-0.2130,0
232667,-4.4187,-4.7346,7.1474,48.7900,23.7300,-4.9700,1.6684,0.8114,-0.1699,0
232706,-4.5910,-4.0285,7.5926,50.7500,22.7500,-8.8900,1.7354,0.7779,-0.3040,0
232745,-4.5503,-4.2918,7.4227,21.2100,20.7200,-12.2500,0.7253,0.7085,-0.4189,0
232784,-4.6125,-4.4234,7.6142,30.3800,18.2000,-8.3300,1.0388,0.6223,-0.2848,0
232823,-4.6724,-4.5838,7.7027,27.5100,12.9500,-3.6400,0.9407,0.4428,-0.1245,0
232862,-5.0027,-3.8825,7.6596,11.3400,12.5300,1.7500,0.3878,0.4285,0.0598,0
232901,-4.3373,-3.8705,7.4083,11.2000,17.4300,7.2100,0.3830,0.5960,0.2465,0
232940,-4.5982,-3.3702,7.6142,0.9100,14.0000,6.3700,0.0311,0.4787,0.2178,0
232979,-4.5790,-3.6575,7.9876,15.1200,17.0100,4.6200,0.5170,0.5817,0.1580,0
233018,-5.1918,-3.9567,7.8344,-3.0100,14.2100,3.2200,-0.1029,0.4859,0.1101,0
233057,-4.9883,-3.0112,7.8799,-15.1200,7.8400,-0.0700,-0.5170,0.2681,-0.0024,0
233096,-4.7322,-3.9447,8.5788,-0.4900,15.5400,-2.8700,-0.0168,0.5314,-0.0981,0
233135,-5.0937,-3.5761,7.7267,-19.1100,9.9400,2.9400,-0.6535,0.3399,0.1005,0
233174,-5.0554,-4.1961,6.6567,-37.1000,8.1900,2.2400,-1.2686,0.2801,0.0766,0
233213,-5.8884,-4.0070,6.4628,-42.6300,-0.4900,3.7100,-1.4577,-0.0168,0.1269,0
233252,-5.4168,-4.2200,6.1229,-14.9100,-0.9800,2.1000,-0.5098,-0.0335,0.0718,0
233291,-5.5365,-4.3660,6.1253,-14.0700,4.6200,-3.0100,-0.4811,0.1580,-0.1029,0
233330,-5.8333,-4.9381,6.6328,-12.3900,4.6200,-3.8500,-0.4237,0.1580,-0.1317,0
233369,-5.2588,-4.8591,6.5035,-4.8300,1.8900,2.6600,-0.1652,0.0646,0.0910,0
233408,-5.5030,-4.2391,6.2498,-6.5100,2.8000,5.8800,-0.2226,0.0957,0.2011,0
233447,-5.5844,-4.4211,6.3216,-4.9700,4.5500,6.0900,-0.1699,0.1556,0.2082,0
233486,-5.6897,-4.4163,6.4509,-4.1300,2.3100,5.1800,-0.1412,0.0790,0.1771,0
233525,-5.7208,-4.3038,6.5634,0.9100,3.5000,4.4100,0.0311,0.1197,0.1508,0
233564,-5.5915,-4.9572,6.5346,-2.7300,4.1300,0.4200,-0.0934,0.1412,0.0144,0
233603,-5.6825,-4.5742,6.6711,-3.2900,2.8700,0.9100,-0.1125,0.0981,0.0311,0
233642,-5.6873,-4.6102,6.6328,1.1900,4.1300,0.0700,0.0407,0.1412,0.0024,0
233681,-5.7064,-4.5790,6.6017,3.0100,3.2900,-1.1200,0.1029,0.1125,-0.0383,0
233720,-5.7687,-4.5072,6.7166,6.5100,4.5500,0.0000,0.2226,0.1556,0.0000,0
233759,-5.7232,-4.6628,6.6591,5.8800,5.3200,1.8200,0.2011,0.1819,0.0622,0
233798,-5.9362,-4.3277,6.6184,2.5200,7.0000,2.7300,0.0862,0.2394,0.0934,0
233837,-5.6083,-4.3516,6.4916,5.2500,3.7100,2.9400,0.1795,0.1269,0.1005,0
233876,-5.7830,-4.1961,6.3072,2.3100,4.9000,0.4200,0.0790,0.1676,0.0144,0
233915,-5.9338,-4.2320,6.4939,3.5700,2.3800,-1.3300,0.1221,0.0814,-0.0455,0
233954,-5.7830,-4.2966,6.2043,7.7700,0.5600,-3.4300,0.2657,0.0191,-0.1173,0
233993,-5.8309,-4.1865,6.4197,9.6600,-0.1400,-4.9000,0.3303,-0.0048,-0.1676,0
234032,-5.6681,-4.2320,6.4461,11.6200,1.5400,0.9100,0.3973,0.0527,0.0311,0
234071,-6.0751,-4.3684,6.7189,6.0900,1.6100,-2.5200,0.2082,0.0551,-0.0862,0
234110,-5.5700,-4.1578,6.6735,10.3600,-4.6900,-1.4000,0.3543,-0.1604,-0.0479,0
234149,-5.6466,-4.4043,6.6854,3.9200,-2.6600,-1.1200,0.1340,-0.0910,-0.0383,0
234188,-5.9458,-4.2846,6.9296,2.8000,-5.2500,0.3500,0.0957,-0.1795,0.0120,0
234227,-5.8405,-4.1171,6.9990,0.2800,-3.2200,1.7500,0.0096,-0.1101,0.0598,0
234266,-5.7950,-3.6192,6.7596,-3.0800,-3.4300,1.6100,-0.1053,-0.1173,0.0551,0
234305,-5.7136,-4.2679,6.7357,-2.6600,-0.2800,4.5500,-0.0910,-0.0096,0.1556,0
234344,-5.6227,-4.1003,6.6591,-2.6600,-2.6600,3.2900,-0.0910,-0.0910,0.1125,0
234383,-5.6562,-4.2367,6.6471,-6.0200,0.0700,0.2100,-0.2059,0.0024,0.0072,0
234422,-5.7806,-4.3277,6.6112,-3.6400,-0.2100,1.6100,-0.1245,-0.0072,0.0551,0
234461,-6.0056,-4.2415,6.6567,-8.0500,1.5400,3.1500,-0.2753,0.0527,0.1077,0
234500,-5.6514,-3.7867,6.4389,8.5400,-0.2100,-1.1900,0.2920,-0.0072,-0.0407,0
234539,-5.9506,-4.3612,6.6112,2.5900,-0.0700,-3.1500,0.0886,-0.0024,-0.1077,0
234578,-5.6490,-4.1601,6.7716,5.8800,-3.0800,-2.1000,0.2011,-0.1053,-0.0718,0
234617,-5.8070,-4.3109,6.8602,2.3100,-1.1900,-4.2000,0.0790,-0.0407,-0.1436,0
234656,-5.7088,-4.2296,6.9296,-2.1000,0.0000,-0.9800,-0.0718,0.0000,-0.0335,0
234695,-5.6490,-4.2080,6.8554,-3.2900,1.5400,0.9100,-0.1125,0.0527,0.0311,0
234734,-5.7782,-3.9399,6.6088,-4.6200,-0.3500,-2.3100,-0.1580,-0.0120,-0.0790,0
234773,-5.6825,-4.3229,6.6974,0.0000,-2.8700,-2.5200,0.0000,-0.0981,-0.0862,0
234812,-5.9889,-4.3851,6.5107,-6.0900,-0.7700,0.4200,-0.2082,-0.0263,0.0144,0
234851,-5.8572,-4.1721,6.4126,-2.1000,-0.2800,2.2400,-0.0718,-0.0096,0.0766,0
234890,-5.6897,-4.3109,6.3072,1.6100,-2.9400,2.2400,0.0551,-0.1005,0.0766,0
234929,-5.6777,-4.3612,6.6304,5.5300,-0.4900,1.4700,0.1891,-0.0168,0.0503,0
234968,-5.6059,-4.1865,6.8554,4.9000,-0.9100,1.2600,0.1676,-0.0311,0.0431,0
235007,-5.7423,-4.3708,6.7453,-0.7700,-2.1000,1.2600,-0.0263,-0.0718,0.0431,0
235046,-5.9602,-3.8202,6.8650,-6.2300,-4.4800,1.8200,-0.2130,-0.1532,0.0622,0
235085,-5.8070,-4.1386,6.4796,-8.4000,-5.3200,0.2100,-0.2872,-0.1819,0.0072,0
235124,-5.6657,-4.3995,6.4868,-16.0300,-8.0500,0.9100,-0.5481,-0.2753,0.0311,0
235163,-5.7735,-4.4426,6.6854,-8.3300,-8.9600,-0.4900,-0.2848,-0.3064,-0.0168,0
235202,-5.5197,-4.4522,6.4724,-7.1400,-9.8700,-0.8400,-0.2442,-0.3375,-0.0287,0
235241,-5.4766,-4.6437,6.7118,-15.2600,-10.2900,-0.6300,-0.5218,-0.3519,-0.0215,0
235280,-5.4144,-4.6006,6.5107,-1.8900,-13.5100,0.4900,-0.0646,-0.4620,0.0168,0
235319,-5.4814,-4.5168,6.8817,5.2500,-9.9400,-0.7000,0.1795,-0.3399,-0.0239,0
235358,-5.3019,-4.4402,7.0708,9.5900,-3.6400,1.8200,0.3279,-0.1245,0.0622,0
235397,-5.4216,-4.5671,7.0397,-0.4900,-0.8400,4.4100,-0.0168,-0.0287,0.1508,0
235436,-5.4695,-4.2822,7.1307,4.1300,-2.4500,5.3900,0.1412,-0.0838,0.1843,0
235475,-5.3761,-4.2248,6.9775,4.0600,-1.4700,3.9200,0.1388,-0.0503,0.1340,0
235514,-5.4503,-4.2726,7.0158,0.5600,1.0500,3.6400,0.0191,0.0359,0.1245,0
235553,-5.5197,-4.3516,7.0325,-0.9800,1.8200,2.3800,-0.0335,0.0622,0.0814,0
235592,-5.5820,-4.3469,6.9176,-3.9200,1.2600,2.1700,-0.1340,0.0431,0.0742,0
235631,-5.6083,-4.3277,6.9080,-3.5700,1.1200,1.9600,-0.1221,0.0383,0.0670,0
235670,-5.5772,-4.2248,6.7764,-2.3800,0.5600,1.8200,-0.0814,0.0191,0.0622,0
235709,-5.4838,-4.3660,6.7525,-1.9600,1.9600,0.7700,-0.0670,0.0670,0.0263,0
235748,-5.5030,-4.3660,6.7166,-4.2700,1.7500,0.9100,-0.1460,0.0598,0.0311,0
235787,-5.5149,-4.3851,6.7429,-2.2400,1.7500,0.2100,-0.0766,0.0598,0.0072,0
235826,-5.5963,-4.5000,6.7644,-2.4500,0.5600,0.2100,-0.0838,0.0191,0.0072,0
235865,-5.4072,-4.3708,6.5562,1.2600,0.4900,0.1400,0.0431,0.0168,0.0048,0
235904,-5.6945,-4.3828,6.7189,-1.8900,1.3300,0.7700,-0.0646,0.0455,0.0263,0
235943,-5.6059,-4.3014,6.7237,2.4500,0.3500,0.2100,0.0838,0.0120,0.0072,0
235982,-5.5341,-4.5192,6.7285,-3.0800,1.4000,0.4200,-0.1053,0.0479,0.0144,0
236021,-5.6586,-4.2846,6.7525,-1.1200,0.0700,2.2400,-0.0383,0.0024,0.0766,0
236060,-5.5389,-4.3660,6.7022,1.7500,-0.5600,0.9800,0.0598,-0.0191,0.0335,0
236099,-5.5796,-4.3588,6.7620,-0.1400,-0.9800,1.3300,-0.0048,-0.0335,0.0455,0
236138,-5.4838,-4.4689,6.7596,0.1400,-0.4900,1.4000,0.0048,-0.0168,0.0479,0
236177,-5.6274,-4.4450,6.7932,-1.6100,0.2100,1.4700,-0.0551,0.0072,0.0503,0
236216,-5.5532,-4.3157,6.6759,1.1200,0.2800,1.0500,0.0383,0.0096,0.0359,0
236255,-5.6753,-4.3062,6.7189,-1.5400,-0.2100,0.7000,-0.0527,-0.0072,0.0239,0
236294,-5.6705,-4.3851,6.6830,0.7700,-2.1000,0.5600,0.0263,-0.0718,0.0191,0
236333,-5.5604,-4.3349,6.6854,0.4200,-1.1200,0.3500,0.0144,-0.0383,0.0120,0
236372,-5.6131,-4.3469,6.7572,0.1400,-0.7000,0.4200,0.0048,-0.0239,0.0144,0
236411,-5.5820,-4.4498,6.6687,-0.9100,-0.6300,0.2800,-0.0311,-0.0215,0.0096,0
236450,-5.6346,-4.3277,6.7261,1.1200,-0.7000,0.2100,0.0383,-0.0239,0.0072,0
236489,-5.5963,-4.2942,6.6806,2.9400,-0.2800,-0.8400,0.1005,-0.0096,-0.0287,0
236528,-5.6298,-4.3133,6.7405,2.4500,-0.2800,-1.5400,0.0838,-0.0096,-0.0527,0
236567,-5.4479,-4.3588,6.7166,3.0100,-1.0500,-2.1000,0.1029,-0.0359,-0.0718,0
236606,-5.6179,-4.3732,6.8506,-0.0700,0.0700,-2.5900,-0.0024,0.0024,-0.0886,0
236645,-5.5461,-4.3014,6.7979,0.5600,0.9800,-1.6800,0.0191,0.0335,-0.0574,0
236684,-5.6083,-4.3851,6.7788,-2.0300,1.0500,-2.2400,-0.0694,0.0359,-0.0766,0
236723,-5.5126,-4.3636,6.7549,0.7700,-2.3100,-3.2200,0.0263,-0.0790,-0.1101,0
236762,-5.4336,-4.5096,6.8051,-2.8700,-1.4700,-2.0300,-0.0981,-0.0503,-0.0694,0
236801,-5.5700,-4.4905,6.7118,-4.3400,-0.9100,1.1900,-0.1484,-0.0311,0.0407,0
236840,-5.5245,-4.4689,6.6471,-4.2000,-1.2600,1.7500,-0.1436,-0.0431,0.0598,0
236879,-5.5389,-4.4617,6.6543,-2.5900,-0.4200,2.4500,-0.0886,-0.0144,0.0838,0
236918,-5.5485,-4.4617,6.7261,0.1400,-0.3500,2.2400,0.0048,-0.0120,0.0766,0
236957,-5.6179,-4.4067,6.6160,0.5600,0.4900,1.0500,0.0191,0.0168,0.0359,0
236996,-5.6083,-4.2511,6.6687,3.1500,0.0700,0.9100,0.1077,0.0024,0.0311,0
237035,-5.6442,-4.3684,6.7525,4.1300,1.6800,-0.7700,0.1412,0.0574,-0.0263,0
237074,-5.6562,-4.4211,6.7333,4.6900,3.7800,-1.8200,0.1604,0.1293,-0.0622,0
237113,-5.7399,-4.2655,6.6400,9.4500,5.8800,-3.2200,0.3231,0.2011,-0.1101,0
237152,-5.5652,-4.3875,6.8985,22.1200,4.6900,-5.8800,0.7564,0.1604,-0.2011,0
237191,-5.6370,-4.0117,6.9057,20.8600,1.3300,-4.1300,0.7133,0.0455,-0.1412,0
237230,-5.4958,-4.0548,6.7955,15.4700,1.4000,-2.9400,0.5290,0.0479,-0.1005,0
237269,-5.5485,-4.0883,6.9128,8.4700,0.9800,-2.5200,0.2896,0.0335,-0.0862,0
237308,-5.6466,-4.2846,7.0493,3.6400,1.1900,-3.0800,0.1245,0.0407,-0.1053,0
237347,-5.6107,-4.0476,7.1163,1.1200,0.3500,-0.3500,0.0383,0.0120,-0.0120,0
237386,-5.5413,-4.1434,6.9176,-2.6600,2.2400,1.6800,-0.0910,0.0766,0.0574,0
237425,-5.5915,-4.1386,6.8602,-6.1600,1.1900,4.1300,-0.2106,0.0407,0.1412,0
237464,-5.6418,-3.9136,6.8530,-4.2000,0.0000,4.2000,-0.1436,0.0000,0.1436,0
237503,-5.5317,-4.2152,6.8171,-2.1000,1.5400,2.3100,-0.0718,0.0527,0.0790,0
237542,-5.7663,-4.1123,6.9463,-5.8100,0.9800,2.3800,-0.1987,0.0335,0.0814,0
237581,-5.6849,-4.0500,6.9416,-0.6300,-1.6100,0.9800,-0.0215,-0.0551,0.0335,0
237620,-5.8070,-4.1123,6.9631,-12.1800,-2.5900,1.1200,-0.4165,-0.0886,0.0383,0
237659,-5.4551,-4.1769,7.0253,-5.5300,-2.5200,5.3200,-0.1891,-0.0862,0.1819,0
237698,-5.5293,-4.2152,6.8961,-8.6800,-1.2600,8.1200,-0.2968,-0.0431,0.2777,0
237737,-5.7423,-3.9208,6.8219,-7.2800,-1.4000,6.5800,-0.2489,-0.0479,0.2250,0
237776,-5.8572,-3.8633,6.6424,-2.9400,-1.9600,3.9900,-0.1005,-0.0670,0.1364,0
237815,-5.8884,-4.2343,6.6759,-2.6600,-1.7500,1.3300,-0.0910,-0.0598,0.0455,0
237854,-5.7447,-4.0764,6.8554,-8.5400,-5.1800,0.2800,-0.2920,-0.1771,0.0096,0
237893,-5.5437,-4.3421,6.7884,-0.5600,-2.5900,3.1500,-0.0191,-0.0886,0.1077,0
237932,-5.8955,-4.3923,6.6400,-4.4800,-1.7500,4.9700,-0.1532,-0.0598,0.1699,0
237971,-5.7328,-3.9926,6.5251,-3.6400,-5.5300,4.4100,-0.1245,-0.1891,0.1508,0
238010,-5.6322,-4.1745,6.5442,-0.4200,-1.8200,1.0500,-0.0144,-0.0622,0.0359,0
238049,-5.7232,-4.4139,6.6711,-3.5700,-1.3300,0.0700,-0.1221,-0.0455,0.0024,0
238088,-5.7782,-4.1099,6.6783,-3.7100,-2.7300,1.5400,-0.1269,-0.0934,0.0527,0
238127,-5.5078,-4.1003,6.6424,0.4200,-3.6400,-0.1400,0.0144,-0.1245,-0.0048,0
238166,-5.4575,-4.3205,6.6424,2.5200,-2.2400,-1.7500,0.0862,-0.0766,-0.0598,0
238205,-5.7423,-4.2487,6.8314,-3.2900,-4.4800,-1.3300,-0.1125,-0.1532,-0.0455,0
238244,-5.4120,-4.1434,6.7453,0.1400,-6.8600,-2.9400,0.0048,-0.2346,-0.1005,0
238283,-5.3953,-4.3349,6.6112,1.4700,-2.8700,-3.6400,0.0503,-0.0981,-0.1245,0
238322,-5.6801,-4.2391,6.8075,1.9600,-2.9400,-2.6600,0.0670,-0.1005,-0.0910,0
238361,-5.5891,-4.2176,6.7836,3.6400,-5.8100,-4.4100,0.1245,-0.1987,-0.1508,0
238400,-5.2947,-4.3851,6.7070,3.7800,-4.4100,-5.3200,0.1293,-0.1508,-0.1819,0
238439,-5.5054,-4.4498,6.8410,-1.7500,-3.2900,-4.4100,-0.0598,-0.1125,-0.1508,0
238478,-5.4934,-4.1625,6.9894,2.4500,-5.6000,-3.5700,0.0838,-0.1915,-0.1221,0
238517,-5.3282,-4.3445,6.8267,-0.4200,-3.5700,-5.4600,-0.0144,-0.1221,-0.1867,0
238556,-5.3354,-4.4570,6.8027,-0.0700,-2.9400,-3.9900,-0.0024,-0.1005,-0.1364,0
238595,-5.4958,-4.2248,6.8195,3.0100,-2.5900,-2.9400,0.1029,-0.0886,-0.1005,0
238634,-5.4575,-4.2870,6.8147,9.2400,-0.9800,-3.9900,0.3160,-0.0335,-0.1364,0
238673,-5.3929,-4.4091,6.9511,5.9500,0.6300,-5.3200,0.2035,0.0215,-0.1819,0
238712,-5.3043,-4.4809,7.1330,6.8600,-0.1400,-3.2200,0.2346,-0.0048,-0.1101,0
238751,-5.1391,-4.2918,7.1115,10.9200,0.1400,-1.4700,0.3734,0.0048,-0.0503,0
238790,-5.0410,-4.2631,7.1283,9.1700,0.3500,-1.4700,0.3136,0.0120,-0.0503,0
238829,-5.2133,-4.1673,7.2312,5.8800,-0.2100,-2.1000,0.2011,-0.0072,-0.0718,0
238868,-5.2157,-4.2320,7.2144,5.9500,-0.3500,-2.9400,0.2035,-0.0120,-0.1005,0
238907,-5.2325,-4.1865,7.1905,2.9400,-1.0500,-0.1400,0.1005,-0.0359,-0.0048,0
238946,-5.2540,-4.1745,7.1498,2.5900,-0.9800,-0.8400,0.0886,-0.0335,-0.0287,0
238985,-5.3067,-4.2176,7.2216,0.2100,-1.7500,0.0700,0.0072,-0.0598,0.0024,0
239024,-5.3067,-4.1051,7.1857,2.6600,-2.4500,1.4000,0.0910,-0.0838,0.0479,0
239063,-5.2253,-4.1338,7.1833,2.3100,-1.8900,0.4200,0.0790,-0.0646,0.0144,0
239102,-5.1822,-4.1697,7.1953,0.7700,-1.9600,0.5600,0.0263,-0.0670,0.0191,0
239141,-5.2349,-4.0668,7.2432,0.7700,-1.7500,0.3500,0.0263,-0.0598,0.0120,0
239180,-5.2684,-4.1458,7.2479,-0.2800,-1.4700,-0.4900,-0.0096,-0.0503,-0.0168,0
239219,-5.2397,-4.0740,7.2049,1.0500,-1.1900,-0.3500,0.0359,-0.0407,-0.0120,0
239258,-5.1487,-4.1171,7.1259,1.2600,-1.1200,-0.4900,0.0431,-0.0383,-0.0168,0
239297,-5.2157,-4.1458,7.2360,-0.2100,-0.7700,-0.8400,-0.0072,-0.0263,-0.0287,0
239336,-5.2014,-4.1697,7.2336,0.2100,-0.4900,-0.9800,0.0072,-0.0168,-0.0335,0
239375,-5.1607,-4.1266,7.1522,0.7700,-0.2100,-0.7700,0.0263,-0.0072,-0.0263,0
239414,-5.1990,-4.1362,7.2001,0.4200,-0.4900,-1.6100,0.0144,-0.0168,-0.0551,0
239453,-5.1679,-4.1697,7.2408,1.3300,0.5600,-1.7500,0.0455,0.0191,-0.0598,0
239492,-5.1894,-4.1386,7.2144,0.9100,0.5600,-1.7500,0.0311,0.0191,-0.0598,0
239531,-5.0937,-4.1290,7.1163,2.1700,0.2800,-1.6800,0.0742,0.0096,-0.0574,0
239570,-5.0985,-4.1984,7.2240,-0.9800,-1.4700,-1.6800,-0.0335,-0.0503,-0.0574,0
239609,-5.1607,-4.1937,7.3341,-2.2400,-3.0100,-1.1900,-0.0766,-0.1029,-0.0407,0
239648,-5.1487,-4.1482,7.2408,-3.7800,-3.4300,-0.4200,-0.1293,-0.1173,-0.0144,0
239687,-5.0937,-4.2128,7.1283,-3.2200,-4.1300,0.4200,-0.1101,-0.1412,0.0144,0
239726,-5.1320,-4.1051,7.1498,-3.7800,-5.1800,0.2100,-0.1293,-0.1771,0.0072,0
239765,-5.0554,-4.1984,7.1857,-3.1500,-6.6500,-1.6800,-0.1077,-0.2274,-0.0574,0
239804,-5.0075,-4.4665,7.2551,-6.0900,-7.3500,2.6600,-0.2082,-0.2513,0.0910,0
239843,-4.9429,-4.1530,6.9224,-3.2200,-9.8000,3.0800,-0.1101,-0.3351,0.1053,0
239882,-4.8663,-4.4402,7.3317,-12.3900,-9.4500,4.6900,-0.4237,-0.3231,0.1604,0
239921,-5.1439,-4.3253,7.4299,-7.3500,-12.2500,4.4100,-0.2513,-0.4189,0.1508,0
239960,-4.5838,-4.3421,7.4873,-10.4300,-10.0100,2.3100,-0.3567,-0.3423,0.0790,0
239999,-4.4402,-4.5383,7.3437,-27.0200,-12.5300,4.7600,-0.9239,-0.4285,0.1628,0
240038,-4.8950,-4.5719,7.5831,-26.8100,-14.4900,9.5900,-0.9168,-0.4955,0.3279,0
240077,-4.4905,-4.5527,7.1809,-17.0800,-25.4800,9.8700,-0.5840,-0.8713,0.3375,0
240116,-4.4809,-4.7849,6.9679,-27.3000,-21.1400,7.7000,-0.9335,-0.7229,0.2633,0
240155,-4.8926,-4.7610,7.0588,-17.4300,-23.3100,8.8900,-0.5960,-0.7971,0.3040,0
240194,-4.8256,-4.7442,7.2695,-6.5100,-16.3800,4.6900,-0.2226,-0.5601,0.1604,0
240233,-4.3492,-5.0745,7.0110,-3.4300,-16.3800,6.4400,-0.1173,-0.5601,0.2202,0
240272,-3.9639,-4.9620,7.4849,-1.4000,-16.3100,6.8600,-0.0479,-0.5577,0.2346,0
240311,-4.0237,-5.0195,7.3844,-9.3800,-14.2100,8.4700,-0.3207,-0.4859,0.2896,0
240350,-4.3756,-4.7322,7.3126,-4.4100,-18.1300,9.9400,-0.1508,-0.6200,0.3399,0
240389,-4.0189,-4.9572,7.8918,-17.9900,-14.2100,8.9600,-0.6152,-0.4859,0.3064,0
240428,-3.9447,-5.0386,6.8243,-17.5000,22.4700,-16.5200,-0.5984,0.7684,-0.5649,0
240467,-4.5838,-4.9931,7.0636,-14.9100,-22.3300,4.5500,-0.5098,-0.7636,0.1556,0
240506,-4.0381,-4.8184,7.2192,-6.7200,-24.4300,9.4500,-0.2298,-0.8354,0.3231,0
240545,-4.0381,-4.8974,7.4873,-2.9400,-20.3000,7.0700,-0.1005,-0.6942,0.2418,0
240584,-3.7317,-5.2971,7.6573,-3.8500,-23.1000,5.1800,-0.1317,-0.7899,0.1771,0
240623,-3.6742,-5.2014,7.7961,-2.6600,-21.9800,9.6600,-0.0910,-0.7516,0.3303,0
240662,-3.6790,-4.6891,7.2479,-1.1900,-23.0300,11.2700,-0.0407,-0.7875,0.3854,0
240701,-3.4995,-4.9836,7.5950,3.1500,-27.8600,6.0900,0.1077,-0.9527,0.2082,0
240740,-3.4397,-4.7610,7.9421,12.3900,-26.2500,5.3900,0.4237,-0.8976,0.1843,0
240779,-3.1117,-4.7418,7.5304,13.3000,-28.8400,5.7400,0.4548,-0.9862,0.1963,0
240818,-2.9202,-5.0075,7.8320,8.1200,-29.8200,6.5100,0.2777,-1.0197,0.2226,0
240857,-3.3080,-4.9788,7.7171,8.3300,-24.0800,8.4000,0.2848,-0.8234,0.2872,0
240896,-3.1165,-4.9309,8.0737,7.2100,-24.9200,5.3200,0.2465,-0.8521,0.1819,0
240935,-3.0112,-5.0961,8.2748,7.7700,-23.8700,4.6200,0.2657,-0.8162,0.1580,0
240974,-3.0112,-4.2535,8.6506,13.7900,-22.7500,5.6000,0.4715,-0.7779,0.1915,0
241013,-2.7862,-3.7963,7.7721,27.2300,-24.2900,0.4200,0.9311,-0.8306,0.0144,0
241052,-2.4750,-4.4306,7.8535,15.6100,-28.0000,-1.3300,0.5338,-0.9575,-0.0455,0
241091,-2.5732,-4.6580,8.6267,15.6100,-22.2600,1.4700,0.5338,-0.7612,0.0503,0
241130,-2.6665,-4.4474,8.3921,4.7600,-16.3100,-3.0800,0.1628,-0.5577,-0.1053,0
241169,-2.5037,-4.5312,8.8014,6.3000,-16.4500,-1.6100,0.2154,-0.5625,-0.0551,0
241208,-2.3242,-4.1051,8.1862,13.7200,-14.0700,-0.2800,0.4692,-0.4811,-0.0096,0
241247,-2.2620,-4.4187,8.4519,1.4700,-10.0100,-2.3800,0.0503,-0.3423,-0.0814,0
241286,-2.2381,-4.1075,8.6051,10.6400,-5.0400,-5.0400,0.3638,-0.1723,-0.1723,0
241325,-1.6372,-3.7508,8.5238,7.2100,-7.0000,-9.6600,0.2465,-0.2394,-0.3303,0
241364,-1.5750,-4.1051,8.4902,15.2600,-6.0900,-12.6700,0.5218,-0.2082,-0.4332,0
241403,-1.5415,-3.7173,9.2921,22.4700,-11.2000,-6.1600,0.7684,-0.3830,-0.2106,0
241442,-1.1968,-3.4229,8.9259,13.8600,-14.9100,-0.2100,0.4739,-0.5098,-0.0072,0
241481,-1.0724,-3.6623,8.8924,12.6700,-13.3000,8.7500,0.4332,-0.4548,0.2992,0
241520,-1.1154,-3.0854,9.9025,19.1800,-15.1900,17.4300,0.6559,-0.5194,0.5960,0
241559,-1.2950,-3.4947,8.6506,17.2200,-17.8500,24.9900,0.5888,-0.6104,0.8545,0
241598,-1.6037,-3.4301,9.4022,15.4700,-22.4000,20.1600,0.5290,-0.7660,0.6894,0
241637,-1.8120,-2.9250,9.4932,11.4100,-18.2700,16.8700,0.3902,-0.6247,0.5769,0
241676,-1.1178,-3.5929,9.0312,11.4100,-16.8700,13.0200,0.3902,-0.5769,0.4452,0
241715,-1.4553,-3.3726,9.1006,-2.8000,-7.0000,7.9100,-0.0957,-0.2394,0.2705,0
241754,-0.8114,-2.3242,9.2275,20.2300,-12.4600,4.4800,0.6918,-0.4261,0.1532,0
241793,-0.9431,-3.1476,9.3687,6.0900,-13.5100,2.1700,0.2082,-0.4620,0.0742,0
241832,-1.3931,-3.6120,9.2730,6.9300,-7.1400,0.5600,0.2370,-0.2442,0.0191,0
241871,-1.1059,-2.9801,8.6530,14.5600,-7.7700,3.7800,0.4979,-0.2657,0.1293,0
241910,-1.1394,-3.5976,8.5812,-3.9200,3.7800,-4.4800,-0.1340,0.1293,-0.1532,0
241949,-1.5200,-2.6617,9.1772,13.1600,14.6300,-4.6900,0.4500,0.5003,-0.1604,0
241988,-1.1154,-2.6474,9.7996,23.3100,3.9900,-3.5000,0.7971,0.1364,-0.1197,0
242027,-0.9216,-2.7647,9.3687,13.4400,2.5900,0.8400,0.4596,0.0886,0.0287,0
242066,-1.0891,-2.6234,8.9211,13.3700,10.3600,3.9900,0.4572,0.3543,0.1364,0
242105,-1.0532,-2.4080,9.6607,20.3700,9.0300,3.4300,0.6965,0.3088,0.1173,0
242144,-1.2662,-1.9341,9.5889,22.4000,6.3700,4.2000,0.7660,0.2178,0.1436,0
242183,-1.0963,-1.9269,9.5793,16.1700,6.5800,2.8000,0.5529,0.2250,0.0957,0
242222,-1.2519,-1.9221,9.3615,17.7100,6.3700,-1.8900,0.6056,0.2178,-0.0646,0
242261,-1.5918,-1.9628,9.6871,27.5100,4.8300,0.8400,0.9407,0.1652,0.0287,0
242300,-1.3261,-1.7593,9.9360,21.2800,4.8300,3.7100,0.7277,0.1652,0.1269,0
242339,-1.2447,-1.5080,9.4860,18.9700,2.5900,3.3600,0.6487,0.0886,0.1149,0
242378,-1.3835,-1.4984,9.6775,14.1400,4.0600,7.4900,0.4835,0.1388,0.2561,0
242417,-1.3763,-1.1370,9.8474,8.2600,1.5400,2.1700,0.2824,0.0527,0.0742,0
242456,-1.2734,-1.2902,9.5530,2.1000,-1.2600,1.0500,0.0718,-0.0431,0.0359,0
242495,-1.2399,-1.4290,9.7110,6.3000,2.3100,3.0100,0.2154,0.0790,0.1029,0
242534,-1.0747,-1.2591,9.4405,-1.0500,-0.8400,0.3500,-0.0359,-0.0287,0.0120,0
242573,-1.3596,-1.2662,9.7828,-7.1400,0.0700,2.8000,-0.2442,0.0024,0.0957,0
242612,-1.5224,-1.4769,9.4405,-6.5100,3.8500,5.3900,-0.2226,0.1317,0.1843,0
242651,-1.5415,-1.3787,9.6631,-1.5400,3.3600,5.8100,-0.0527,0.1149,0.1987,0
242690,-1.3380,-1.3763,9.4573,-0.5600,1.1200,5.1800,-0.0191,0.0383,0.1771,0
242729,-1.5343,-1.2351,9.4908,2.1000,1.9600,6.9300,0.0718,0.0670,0.2370,0
242768,-1.9101,-1.4266,9.7493,6.3000,-0.3500,3.4300,0.2154,-0.0120,0.1173,0
242807,-1.2854,-1.1489,9.6607,5.5300,0.9800,-0.2100,0.1891,0.0335,-0.0072,0
242846,-1.4817,-1.2232,9.6248,0.9800,-0.4900,1.2600,0.0335,-0.0168,0.0431,0
242885,-1.4865,-1.2997,9.6559,-0.9100,-0.9800,0.4900,-0.0311,-0.0335,0.0168,0
242924,-1.4793,-1.2902,9.5817,0.4200,0.9800,1.9600,0.0144,0.0335,0.0670,0
242963,-1.5750,-1.1920,9.6200,-1.3300,-0.4200,2.1000,-0.0455,-0.0144,0.0718,0
243002,-1.5966,-1.2950,9.5410,-1.3300,-0.7700,0.2800,-0.0455,-0.0263,0.0096,0
243041,-1.5152,-1.2974,9.4501,4.3400,-1.6100,-0.2100,0.1484,-0.0551,-0.0072,0
243080,-1.4553,-1.2758,9.8187,5.6000,-2.5200,1.5400,0.1915,-0.0862,0.0527,0
243119,-1.5918,-1.2519,9.6200,-1.0500,0.0700,1.9600,-0.0359,0.0024,0.0670,0
243158,-1.4505,-1.1729,9.4453,0.5600,-0.7700,1.8200,0.0191,-0.0263,0.0622,0
243197,-1.4793,-1.2543,9.5770,3.0800,-4.1300,0.9100,0.1053,-0.1412,0.0311,0
243236,-1.4888,-1.1657,9.6464,3.7800,-3.7800,2.1700,0.1293,-0.1293,0.0742,0
243275,-1.4122,-1.1609,9.5770,3.7800,-2.7300,1.6100,0.1293,-0.0934,0.0551,0
243314,-1.4290,-1.2064,9.6512,2.6600,-5.0400,2.7300,0.0910,-0.1723,0.0934,0
243353,-1.4649,-1.1322,9.6129,10.2200,-1.7500,4.5500,0.3495,-0.0598,0.1556,0
243392,-1.3309,-1.1489,9.7996,8.4000,-3.9900,6.7900,0.2872,-0.1364,0.2322,0
243431,-1.5295,-0.8976,9.6536,8.4000,0.1400,9.3100,0.2872,0.0048,0.3184,0
243470,-1.5080,-0.6080,9.5961,7.4900,0.9100,1.2600,0.2561,0.0311,0.0431,0
243509,-1.3045,-0.7899,9.6966,4.6900,-1.2600,-1.6800,0.1604,-0.0431,-0.0574,0
243548,-1.1825,-0.8952,9.7110,-0.4900,-1.4000,-0.0700,-0.0168,-0.0479,-0.0024,0
243587,-1.3069,-0.8689,9.5985,2.5200,-0.4900,1.4000,0.0862,-0.0168,0.0479,0
243626,-1.3476,-0.8138,9.6583,3.5000,-0.4200,2.1000,0.1197,-0.0144,0.0718,0
243665,-1.4218,-0.8713,9.8259,2.1000,-2.3100,2.2400,0.0718,-0.0790,0.0766,0
243704,-1.5080,-0.8497,9.7206,1.6800,0.7700,4.8300,0.0574,0.0263,0.1652,0
243743,-1.5224,-0.9311,9.7086,4.4100,-3.7800,4.9000,0.1508,-0.1293,0.1676,0
243782,-1.4027,-0.7325,9.6918,2.1700,-1.0500,-0.3500,0.0742,-0.0359,-0.0120,0
243821,-1.2567,-0.7037,9.7756,3.5000,-2.3100,-1.3300,0.1197,-0.0790,-0.0455,0
243860,-1.3093,-0.7803,9.6536,1.1200,-0.7000,-1.8200,0.0383,-0.0239,-0.0622,0
243899,-1.3883,-0.7612,9.5889,3.1500,-2.5900,1.2600,0.1077,-0.0886,0.0431,0
243938,-1.3285,-0.7516,9.8618,5.2500,-10.0800,5.3900,0.1795,-0.3447,0.1843,0
243977,-1.3404,-0.7277,9.6440,-19.8800,0.2100,2.8000,-0.6798,0.0072,0.0957,0
244016,-1.3476,-1.0341,9.7589,-24.5700,-6.0900,2.8000,-0.8402,-0.2082,0.0957,0
244055,-1.1849,-1.0053,9.6655,-9.4500,-0.5600,0.5600,-0.3231,-0.0191,0.0191,0
244094,-1.1585,-1.0388,9.7182,-7.9800,-1.2600,-0.6300,-0.2729,-0.0431,-0.0215,0
244133,-1.2830,-1.1298,9.6751,-1.6100,0.4200,-1.2600,-0.0551,0.0144,-0.0431,0
244172,-1.1346,-1.1083,9.6655,-0.6300,-0.2100,-1.4700,-0.0215,-0.0072,-0.0503,0
244211,-1.2519,-1.1418,9.6847,0.1400,-0.8400,-1.0500,0.0048,-0.0287,-0.0359,0
244250,-1.5271,-1.1202,9.5865,1.1200,1.4000,-0.4900,0.0383,0.0479,-0.0168,0
244289,-1.5415,-1.1489,9.5865,-2.2400,-1.0500,-2.0300,-0.0766,-0.0359,-0.0694,0
244328,-1.2423,-1.1442,9.6847,-4.6900,-0.9100,-0.8400,-0.1604,-0.0311,-0.0287,0
244367,-0.9670,-1.1106,9.6966,1.9600,0.3500,-2.0300,0.0670,0.0120,-0.0694,0
244406,-1.1681,-1.1729,9.6727,0.4900,0.4200,-1.1200,0.0168,0.0144,-0.0383,0
244445,-1.2447,-1.1633,9.6440,1.4000,0.7700,0.0000,0.0479,0.0263,0.0000,0
244484,-1.2471,-1.1178,9.6224,-0.2800,-0.4900,0.3500,-0.0096,-0.0168,0.0120,0
244523,-1.2926,-1.1561,9.6416,-2.3800,-1.4000,0.3500,-0.0814,-0.0479,0.0120,0
244562,-1.1178,-1.2447,9.6703,-0.3500,-6.6500,0.8400,-0.0120,-0.2274,0.0287,0
244601,-1.1513,-1.1154,9.6871,0.0700,-1.1900,0.2100,0.0024,-0.0407,0.0072,0
244640,-1.2160,-1.1801,9.6966,1.0500,-0.0700,0.0000,0.0359,-0.0024,0.0000,0
244679,-1.2064,-1.1250,9.6392,0.4200,0.9100,-1.1200,0.0144,0.0311,-0.0383,0
244718,-1.1657,-1.1753,9.6583,0.0700,-1.2600,-0.9100,0.0024,-0.0431,-0.0311,0
244757,-1.1849,-1.1729,9.6679,1.3300,1.1200,-0.5600,0.0455,0.0383,-0.0191,0
244796,-1.1705,-1.1418,9.6583,1.1900,1.6800,-0.3500,0.0407,0.0574,-0.0120,0
244835,-1.1944,-1.1322,9.6344,0.6300,1.3300,-0.0700,0.0215,0.0455,-0.0024,0
244874,-1.2208,-1.1633,9.6775,-0.1400,-0.6300,0.0000,-0.0048,-0.0215,0.0000,0
244913,-1.2255,-1.1681,9.6871,1.9600,0.8400,0.4200,0.0670,0.0287,0.0144,0
244952,-1.2519,-1.0843,9.6105,2.8000,1.6800,0.6300,0.0957,0.0574,0.0215,0
244991,-1.2591,-1.1418,9.6703,-1.4700,-0.3500,0.1400,-0.0503,-0.0120,0.0048,0
245030,-1.2040,-1.1298,9.6488,-0.5600,-0.0700,-0.1400,-0.0191,-0.0024,-0.0048,0
245069,-1.2351,-1.1609,9.6559,-0.4200,-0.6300,-0.5600,-0.0144,-0.0215,-0.0191,0
245108,-1.2208,-1.1394,9.6918,3.0100,1.3300,-0.2100,0.1029,0.0455,-0.0072,0
245147,-1.2255,-1.1154,9.6344,1.7500,0.4900,0.0000,0.0598,0.0168,0.0000,0
245186,-1.2686,-1.1226,9.6703,-0.8400,-0.7000,0.0700,-0.0287,-0.0239,0.0024,0
245225,-1.2327,-1.1346,9.6392,-0.2100,-0.4900,0.0700,-0.0072,-0.0168,0.0024,0
245264,-1.2208,-1.1274,9.6392,-1.6100,-1.0500,0.6300,-0.0551,-0.0359,0.0215,0
245303,-1.2471,-1.1609,9.6559,-1.9600,-1.3300,-0.3500,-0.0670,-0.0455,-0.0120,0
245342,-1.1777,-1.1585,9.6631,0.4200,-2.0300,-0.7000,0.0144,-0.0694,-0.0239,0
245381,-1.1801,-1.1274,9.6536,0.7000,-0.1400,-0.4900,0.0239,-0.0048,-0.0168,0
245420,-1.2255,-1.1633,9.6559,0.0700,-0.3500,-0.8400,0.0024,-0.0120,-0.0287,0
245459,-1.2351,-1.1944,9.6248,-0.8400,-1.1900,-1.1200,-0.0287,-0.0407,-0.0383,0
245498,-1.1944,-1.1801,9.6655,-1.4000,-2.7300,-0.4200,-0.0479,-0.0934,-0.0144,0
245537,-1.1729,-1.1992,9.6631,-0.4200,-2.4500,0.0000,-0.0144,-0.0838,0.0000,0
245576,-1.1442,-1.1681,9.6823,0.1400,-1.4700,-0.4200,0.0048,-0.0503,-0.0144,0
245615,-1.1250,-1.1729,9.6751,-0.1400,-1.1900,-0.3500,-0.0048,-0.0407,-0.0120,0
245654,-1.1442,-1.1920,9.6536,0.2800,-1.6800,0.1400,0.0096,-0.0574,0.0048,0
245693,-1.1466,-1.1992,9.6607,0.2800,-1.8200,-0.1400,0.0096,-0.0622,-0.0048,0
245732,-1.1130,-1.1777,9.6703,0.2800,-0.8400,0.3500,0.0096,-0.0287,0.0120,0
245771,-1.1274,-1.1825,9.6655,0.2100,-0.5600,-0.3500,0.0072,-0.0191,-0.0120,0
245810,-1.1178,-1.2064,9.6703,0.6300,-0.7700,-0.5600,0.0215,-0.0263,-0.0191,0
245849,-1.1274,-1.1801,9.6679,0.5600,-0.0700,-0.2800,0.0191,-0.0024,-0.0096,0
245888,-1.1442,-1.1872,9.6607,0.4200,-0.1400,-0.3500,0.0144,-0.0048,-0.0120,0
245927,-1.1154,-1.1872,9.6368,0.5600,0.2100,-0.7000,0.0191,0.0072,-0.0239,0
245966,-1.0963,-1.1920,9.6751,0.5600,-0.9800,-0.2800,0.0191,-0.0335,-0.0096,0
246005,-1.1059,-1.1968,9.6799,0.1400,-0.7000,-0.0700,0.0048,-0.0239,-0.0024,0
246044,-1.1178,-1.1992,9.6847,0.7700,-0.2100,0.0700,0.0263,-0.0072,0.0024,0
246083,-1.1178,-1.2399,9.6607,0.5600,0.3500,-0.2100,0.0191,0.0120,-0.0072,0
246122,-1.1322,-1.1681,9.6559,0.6300,0.5600,0.0000,0.0215,0.0191,0.0000,0
246161,-1.1298,-1.1920,9.6631,0.6300,0.2800,-0.2100,0.0215,0.0096,-0.0072,0
246200,-1.1274,-1.1657,9.6631,0.3500,0.4200,-0.2800,0.0120,0.0144,-0.0096,0
246239,-1.1274,-1.1849,9.6512,0.2100,-0.4200,-0.2100,0.0072,-0.0144,-0.0072,0
246278,-1.1250,-1.1705,9.6823,-0.4900,-1.1200,-0.2100,-0.0168,-0.0383,-0.0072,0
246317,-1.1346,-1.2088,9.6847,0.3500,-0.6300,-0.2100,0.0120,-0.0215,-0.0072,0
246356,-1.1298,-1.1705,9.6679,0.7000,0.3500,-0.1400,0.0239,0.0120,-0.0048,0
246395,-1.1226,-1.1729,9.6655,0.2100,-0.5600,-0.1400,0.0072,-0.0191,-0.0048,0
246434,-1.1154,-1.1968,9.6583,-17.8500,-1.1900,-0.2100,-0.6104,-0.0407,-0.0072,0
246473,-1.1011,-1.1968,9.6775,0.0000,-1.5400,-0.2800,0.0000,-0.0527,-0.0096,0
246512,-1.0939,-1.1896,9.6703,0.4200,-0.2800,-0.0700,0.0144,-0.0096,-0.0024,0
246551,-1.1106,-1.1968,9.6751,0.2100,-1.1200,-0.0700,0.0072,-0.0383,-0.0024,0
246590,-1.0843,-1.1825,9.6775,0.3500,-0.5600,-0.2800,0.0120,-0.0191,-0.0096,0
246629,-1.0939,-1.2591,9.6392,0.5600,-0.2100,-0.3500,0.0191,-0.0072,-0.0120,0
246668,-1.0987,-1.1298,9.6655,0.0700,-0.6300,0.0000,0.0024,-0.0215,0.0000,0
246707,-1.1633,-1.2878,9.6823,0.2100,-1.2600,-0.4200,0.0072,-0.0431,-0.0144,0
246746,-1.1442,-1.3428,9.6512,-0.4200,-0.3500,0.4200,-0.0144,-0.0120,0.0144,0
246785,-1.3404,-1.1944,9.6440,-0.2100,5.3900,-0.0700,-0.0072,0.1843,-0.0024,0
246824,-1.1513,-1.0987,9.6440,-1.6100,6.0200,0.2800,-0.0551,0.2059,0.0096,0
246863,-1.1226,-1.1370,9.7062,3.4300,4.4100,-0.4900,0.1173,0.1508,-0.0168,0
246902,-1.3141,-1.1777,9.6631,2.9400,7.8400,0.0000,0.1005,0.2681,0.0000,0
246941,-1.3644,-1.1226,9.6081,3.7800,10.4300,0.2800,0.1293,0.3567,0.0096,0
246980,-1.1896,-1.2064,9.7637,17.1500,6.2300,-1.6100,0.5864,0.2130,-0.0551,0
247019,-1.5200,-1.0149,9.6607,25.9000,10.7800,0.9800,0.8856,0.3686,0.0335,0
247058,-1.6037,-0.9096,9.8426,15.4000,16.7300,1.5400,0.5266,0.5721,0.0527,0
247097,-1.7019,-0.9168,9.7445,-3.4300,24.2900,4.4100,-0.1173,0.8306,0.1508,0
247136,-2.2045,-0.9192,9.4501,-4.9700,24.4300,7.2800,-0.1699,0.8354,0.2489,0
247175,-3.0782,-0.8833,9.0121,0.9800,23.8700,7.7000,0.0335,0.8162,0.2633,0
247214,-1.8479,-0.6870,9.5937,-7.9100,22.5400,8.1200,-0.2705,0.7708,0.2777,0
247253,-2.0298,-0.6247,9.5147,1.8200,15.5400,4.9000,0.0622,0.5314,0.1676,0
247292,-2.1471,-0.8402,9.4836,-3.4300,9.2400,0.5600,-0.1173,0.3160,0.0191,0
247331,-2.4080,-0.8617,9.4405,-5.6000,10.1500,3.2200,-0.1915,0.3471,0.1101,0
247370,-2.6186,-0.9479,9.3879,-4.9000,11.5500,4.6200,-0.1676,0.3950,0.1580,0
247409,-2.6905,-0.8521,9.3113,-3.5000,12.8800,3.2900,-0.1197,0.4404,0.1125,0
247448,-2.5803,-0.8617,9.2562,-3.5700,9.6600,0.4200,-0.1221,0.3303,0.0144,0
247487,-2.6976,-0.8258,9.3328,-1.8900,8.9600,0.0000,-0.0646,0.3064,0.0000,0
247526,-2.7287,-0.9096,9.3950,-2.0300,4.4800,-1.3300,-0.0694,0.1532,-0.0455,0
247565,-2.9178,-1.0532,9.2921,-1.6100,4.2000,-0.2100,-0.0551,0.1436,-0.0072,0
247604,-2.8556,-0.8593,9.0767,3.5700,4.6200,-0.7700,0.1221,0.1580,-0.0263,0
247643,-2.7192,-0.9216,9.3472,0.0000,1.5400,-1.6100,0.0000,0.0527,-0.0551,0
247682,-2.8652,-0.9958,9.3208,-1.1200,0.5600,0.3500,-0.0383,0.0191,0.0120,0
247721,-2.8652,-0.9335,9.2347,1.1900,0.5600,0.1400,0.0407,0.0191,0.0048,0
247760,-2.9370,-0.9742,9.4668,0.4900,0.0700,0.9100,0.0168,0.0024,0.0311,0
247799,-2.9083,-0.8258,9.3208,2.5200,1.2600,0.3500,0.0862,0.0431,0.0120,0
247838,-2.7838,-0.8354,9.2969,2.8700,-1.0500,-0.7000,0.0981,-0.0359,-0.0239,0
247877,-2.6833,-0.9287,9.2777,3.1500,-2.1700,-0.7700,0.1077,-0.0742,-0.0263,0
247916,-2.8556,-0.8426,9.4740,0.0700,-1.4700,0.2800,0.0024,-0.0503,0.0096,0
247955,-2.8843,-0.9383,9.2706,-2.3100,-0.6300,-0.4200,-0.0790,-0.0215,-0.0144,0
247994,-2.8843,-0.8258,9.3232,1.7500,-2.4500,-0.1400,0.0598,-0.0838,-0.0048,0
248033,-2.8077,-0.9598,9.4262,0.2100,-1.9600,-1.2600,0.0072,-0.0670,-0.0431,0
248072,-2.8891,-0.9239,9.2610,0.0000,-1.4700,0.0000,0.0000,-0.0503,0.0000,0
248111,-2.8269,-0.8713,9.1964,8.6100,-1.1900,-0.4200,0.2944,-0.0407,-0.0144,0
248150,-2.6115,-0.7971,9.3998,7.4200,-1.9600,-0.6300,0.2537,-0.0670,-0.0215,0
248189,-2.7287,-0.7827,9.4525,0.7700,-2.0300,-0.2800,0.0263,-0.0694,-0.0096,0
248228,-2.8173,-0.8426,9.3424,-2.6600,-0.7000,-1.3300,-0.0910,-0.0239,-0.0455,0
248267,-2.8389,-0.8067,9.3424,1.1900,-1.4000,-0.2800,0.0407,-0.0479,-0.0096,0
248306,-2.7335,-0.8761,9.3807,1.8200,-2.4500,0.2100,0.0622,-0.0838,0.0072,0
248345,-2.7599,-0.7684,9.3424,1.4700,-1.5400,0.2100,0.0503,-0.0527,0.0072,0
248384,-2.6593,-0.7755,9.2969,3.6400,-2.2400,-0.2100,0.1245,-0.0766,-0.0072,0
248423,-2.7527,-0.7684,9.5746,-0.8400,-2.1000,-1.1900,-0.0287,-0.0718,-0.0407,0
248462,-2.7886,-0.7803,9.4070,-1.3300,-0.0700,-0.5600,-0.0455,-0.0024,-0.0191,0
248501,-2.6905,-0.8138,9.2299,1.8200,0.0000,-0.7000,0.0622,0.0000,-0.0239,0
248540,-2.6833,-0.7995,9.4549,2.5200,-0.8400,-0.6300,0.0862,-0.0287,-0.0215,0
248579,-2.7000,-0.7444,9.3615,-0.4200,-0.2100,-0.9800,-0.0144,-0.0072,-0.0335,0
248618,-2.6809,-0.8019,9.3137,0.4200,-2.4500,-1.3300,0.0144,-0.0838,-0.0455,0
248657,-2.7168,-0.8282,9.3759,1.9600,-1.4000,-1.1900,0.0670,-0.0479,-0.0407,0
248696,-2.6354,-0.7971,9.4477,2.4500,-2.5900,-0.1400,0.0838,-0.0886,-0.0048,0
248735,-2.6881,-0.7492,9.4980,-0.9100,-2.1000,-0.1400,-0.0311,-0.0718,-0.0048,0
248774,-2.6330,-0.7468,9.2777,-0.2800,-1.9600,-0.2800,-0.0096,-0.0670,-0.0096,0
248813,-2.6354,-0.7899,9.3831,-0.1400,-5.1100,-1.5400,-0.0048,-0.1747,-0.0527,0
248852,-2.6139,-0.8114,9.4238,-0.0700,-5.3200,-1.4700,-0.0024,-0.1819,-0.0503,0
248891,-2.5397,-0.7708,9.4166,1.7500,-5.5300,-0.4900,0.0598,-0.1891,-0.0168,0
248930,-2.5085,-0.7923,9.4860,0.4200,-6.5100,-0.8400,0.0144,-0.2226,-0.0287,0
248969,-2.4822,-0.8234,9.5051,-0.2800,-5.6000,-0.5600,-0.0096,-0.1915,-0.0191,0
249008,-2.4248,-0.7636,9.3974,1.3300,-5.1800,0.5600,0.0455,-0.1771,0.0191,0
249047,-2.3673,-0.7947,9.3807,2.4500,-7.2100,0.1400,0.0838,-0.2465,0.0048,0
249086,-2.3553,-0.7588,9.5674,0.7000,-8.5400,0.2100,0.0239,-0.2920,0.0072,0
249125,-2.3194,-0.7755,9.4668,1.5400,-4.8300,0.7000,0.0527,-0.1652,0.0239,0
249164,-2.2764,-0.7468,9.4932,1.3300,-4.8300,0.8400,0.0455,-0.1652,0.0287,0
249203,-2.2428,-0.7612,9.5387,1.0500,-5.1800,0.8400,0.0359,-0.1771,0.0287,0
249242,-2.2045,-0.7396,9.5219,1.1900,-2.8700,0.7700,0.0407,-0.0981,0.0263,0
249281,-2.2261,-0.7037,9.5482,-2.0300,-2.8700,0.4900,-0.0694,-0.0981,0.0168,0
249320,-2.1686,-0.8043,9.5123,-9.8000,-3.2900,-1.6800,-0.3351,-0.1125,-0.0574,0
249359,-2.1399,-0.8833,9.5339,-10.6400,-3.4300,-1.7500,-0.3638,-0.1173,-0.0598,0
249398,-2.1399,-0.9551,9.5315,-10.9900,-3.2200,-1.6800,-0.3758,-0.1101,-0.0574,0
249437,-2.1327,-1.0484,9.5339,-6.2300,-1.6100,-1.1200,-0.2130,-0.0551,-0.0383,0
249476,-2.0896,-1.0652,9.4836,-4.9000,-1.9600,-0.0700,-0.1676,-0.0670,-0.0024,0
249515,-2.0705,-1.1202,9.5004,-8.7500,-3.2900,0.8400,-0.2992,-0.1125,0.0287,0
249554,-2.0968,-1.1609,9.4668,-10.8500,-3.8500,-0.4900,-0.3710,-0.1317,-0.0168,0
249593,-2.0537,-1.2279,9.5004,-2.7300,-8.6100,1.4000,-0.0934,-0.2944,0.0479,0
249632,-2.0178,-1.2806,9.5315,-2.0300,-7.7000,0.4900,-0.0694,-0.2633,0.0168,0
249671,-1.9365,-1.2543,9.5147,-0.7700,-7.9800,1.6800,-0.0263,-0.2729,0.0574,0
249710,-1.8982,-1.2567,9.5410,-0.8400,-9.6600,2.1000,-0.0287,-0.3303,0.0718,0
249749,-1.8096,-1.2567,9.5674,-0.3500,-11.0600,2.3100,-0.0120,-0.3782,0.0790,0
249788,-1.7378,-1.2399,9.5985,-0.1400,-8.8900,3.7100,-0.0048,-0.3040,0.1269,0
249827,-1.7641,-1.2255,9.5770,0.2800,-5.1800,1.5400,0.0096,-0.1771,0.0527,0
249866,-1.6803,-1.2375,9.5387,0.0000,-5.3200,0.3500,0.0000,-0.1819,0.0120,0
249905,-1.6253,-1.2710,9.6200,0.0700,-6.9300,0.0000,0.0024,-0.2370,0.0000,0
249944,-1.6420,-1.2782,9.6224,0.4200,-2.4500,0.7000,0.0144,-0.0838,0.0239,0
249983,-1.6420,-1.2758,9.5746,0.2800,-1.1900,0.9800,0.0096,-0.0407,0.0335,0
250022,-1.5798,-1.2591,9.5698,0.0000,-2.3800,1.1200,0.0000,-0.0814,0.0383,0
250061,-1.5870,-1.2232,9.5817,-0.0700,-3.5700,1.7500,-0.0024,-0.1221,0.0598,0
250100,-1.5798,-1.2255,9.6105,0.2100,-3.5700,0.0700,0.0072,-0.1221,0.0024,0
250139,-1.5559,-1.2543,9.5985,0.4200,-3.1500,-0.7700,0.0144,-0.1077,-0.0263,0
250178,-1.5343,-1.2758,9.5961,0.4900,-3.0100,-0.9800,0.0168,-0.1029,-0.0335,0
250217,-1.5319,-1.2734,9.6033,0.5600,-2.2400,-0.7700,0.0191,-0.0766,-0.0263,0
250256,-1.5056,-1.2926,9.6081,0.3500,-2.2400,-0.3500,0.0120,-0.0766,-0.0120,0
250295,-1.4793,-1.2638,9.6200,0.2800,-0.4200,-0.2100,0.0096,-0.0144,-0.0072,0
250334,-1.4960,-1.2710,9.6081,0.5600,-0.2800,-0.2100,0.0191,-0.0096,-0.0072,0
250373,-1.4721,-1.2375,9.6057,0.4200,-0.2100,-0.2800,0.0144,-0.0072,-0.0096,0
250412,-1.5104,-1.2638,9.6176,0.5600,1.1900,-0.4900,0.0191,0.0407,-0.0168,0
250451,-1.5247,-1.2662,9.6057,0.5600,1.8200,-0.4900,0.0191,0.0622,-0.0168,0
250490,-1.4960,-1.2567,9.5841,0.6300,0.9100,-0.0700,0.0215,0.0311,-0.0024,0
250529,-1.5535,-1.2591,9.5913,0.4200,1.4000,-0.3500,0.0144,0.0479,-0.0120,0
250568,-1.5391,-1.2423,9.6009,0.4900,0.7700,-0.5600,0.0168,0.0263,-0.0191,0
250607,-1.5343,-1.2495,9.6057,0.4900,0.9100,-0.4900,0.0168,0.0311,-0.0168,0
250646,-1.5487,-1.2423,9.5722,0.4900,0.9800,-0.3500,0.0168,0.0335,-0.0120,0
250685,-1.5224,-1.2519,9.5913,0.3500,0.0700,-0.2800,0.0120,0.0024,-0.0096,0
250724,-1.5295,-1.2567,9.5937,0.5600,0.4900,0.2800,0.0191,0.0168,0.0096,0
250763,-1.5726,-1.2375,9.5913,0.7000,-0.2100,0.0700,0.0239,-0.0072,0.0024,0
250802,-1.5726,-1.2471,9.5865,0.3500,-1.0500,-0.2100,0.0120,-0.0359,-0.0072,0
250841,-1.5607,-1.2567,9.6033,0.2100,-1.6800,-0.1400,0.0072,-0.0574,-0.0048,0
250880,-1.5535,-1.2303,9.5865,0.2100,-1.4000,0.0700,0.0072,-0.0479,0.0024,0
250919,-1.5391,-1.2471,9.6224,0.0700,-1.6100,-0.4200,0.0024,-0.0551,-0.0144,0
250958,-1.5200,-1.2447,9.6057,0.4900,-1.3300,-0.1400,0.0168,-0.0455,-0.0048,0
250997,-1.5128,-1.2327,9.6081,0.2800,-0.3500,-0.1400,0.0096,-0.0120,-0.0048,0
251036,-1.5056,-1.2591,9.5889,0.2800,-1.1900,-0.1400,0.0096,-0.0407,-0.0048,0
251075,-1.4817,-1.2567,9.6153,0.0700,-1.6100,-0.1400,0.0024,-0.0551,-0.0048,0
251114,-1.4960,-1.2471,9.6153,0.2800,-1.1900,0.0700,0.0096,-0.0407,0.0024,0
251153,-1.4745,-1.2519,9.5889,0.3500,-0.4200,0.2800,0.0120,-0.0144,0.0096,0
251192,-1.4817,-1.2375,9.6153,0.0700,-0.4900,-0.0700,0.0024,-0.0168,-0.0024,0
251231,-1.4912,-1.2471,9.6033,0.4900,-1.4000,0.0700,0.0168,-0.0479,0.0024,0
251270,-1.4865,-1.2519,9.6153,0.3500,-0.1400,0.1400,0.0120,-0.0048,0.0048,0
251309,-1.4601,-1.2327,9.6081,0.2800,-0.8400,-0.3500,0.0096,-0.0287,-0.0120,0
251348,-1.4673,-1.2614,9.6153,0.2100,-0.9100,-0.2800,0.0072,-0.0311,-0.0096,0
251387,-1.4649,-1.2543,9.6176,0.4900,-0.7700,-0.1400,0.0168,-0.0263,-0.0048,0
251426,-1.4721,-1.2591,9.5985,0.4200,-0.0700,-0.0700,0.0144,-0.0024,-0.0024,0
251465,-1.4458,-1.2447,9.5889,0.2100,-0.9100,-0.0700,0.0072,-0.0311,-0.0024,0
251504,-1.4697,-1.2614,9.6153,0.2100,-1.8200,0.0000,0.0072,-0.0622,0.0000,0
251543,-1.4314,-1.2399,9.6081,0.2100,-1.2600,0.0700,0.0072,-0.0431,0.0024,0
251582,-1.4482,-1.2471,9.6272,0.2100,-0.4900,-0.2100,0.0072,-0.0168,-0.0072,0
251621,-1.4314,-1.2567,9.6200,0.4900,-0.2800,-0.1400,0.0168,-0.0096,-0.0048,0
251660,-1.4434,-1.2471,9.6057,0.4200,0.2100,-0.0700,0.0144,0.0072,-0.0024,0
251699,-1.4529,-1.2662,9.6057,0.4900,-0.2100,-0.2100,0.0168,-0.0072,-0.0072,0
251738,-1.4410,-1.2543,9.6224,0.4200,0.4200,-0.2100,0.0144,0.0144,-0.0072,0
251777,-1.4482,-1.2495,9.6057,0.3500,-0.9100,-0.0700,0.0120,-0.0311,-0.0024,0
251816,-1.4362,-1.2447,9.6081,0.2100,-1.2600,-0.2800,0.0072,-0.0431,-0.0096,0
251855,-1.4218,-1.2495,9.6057,0.2100,-1.4000,-0.2100,0.0072,-0.0479,-0.0072,0
251894,-1.4290,-1.2591,9.6344,0.2100,-0.6300,-0.0700,0.0072,-0.0215,-0.0024,0
251933,-1.4362,-1.2399,9.6081,0.4200,-1.6100,-0.2100,0.0144,-0.0551,-0.0072,0
251972,-1.4003,-1.2471,9.6344,0.3500,-1.2600,-0.6300,0.0120,-0.0431,-0.0215,0
252011,-1.4099,-1.2519,9.6176,0.5600,-0.2100,-0.3500,0.0191,-0.0072,-0.0120,0
252050,-1.4122,-1.2519,9.5937,0.3500,-0.4900,-0.2100,0.0120,-0.0168,-0.0072,0
252089,-1.4003,-1.2543,9.6224,0.2100,-1.1900,-0.2800,0.0072,-0.0407,-0.0096,0
252128,-1.3859,-1.2567,9.6200,0.2800,-1.6100,-0.2100,0.0096,-0.0551,-0.0072,0
252167,-1.3907,-1.2327,9.6368,0.2800,-1.2600,-0.0700,0.0096,-0.0431,-0.0024,0
252206,-1.3763,-1.2519,9.6200,0.3500,-0.8400,-0.2800,0.0120,-0.0287,-0.0096,0
252245,-1.3955,-1.2638,9.6129,0.2100,-0.9800,-0.2800,0.0072,-0.0335,-0.0096,0
252284,-1.3620,-1.2591,9.6320,0.1400,-1.5400,-0.1400,0.0048,-0.0527,-0.0048,0
252323,-1.3548,-1.2567,9.6224,0.3500,-1.6800,0.0700,0.0120,-0.0574,0.0024,0
252362,-1.3380,-1.2471,9.6464,0.2100,-0.4900,-0.0700,0.0072,-0.0168,-0.0024,0
252401,-1.3620,-1.2447,9.6296,0.4200,0.4900,-0.0700,0.0144,0.0168,-0.0024,0
252440,-1.3476,-1.2351,9.6105,0.4200,0.2800,0.0000,0.0144,0.0096,0.0000,0
252479,-1.3859,-1.2447,9.6320,0.2800,0.0700,-0.2100,0.0096,0.0024,-0.0072,0
252518,-1.3357,-1.2591,9.6248,0.4900,-0.1400,0.0700,0.0168,-0.0048,0.0024,0
252557,-1.3644,-1.2567,9.6153,0.2100,0.2800,-0.2100,0.0072,0.0096,-0.0072,0
252596,-1.3739,-1.2638,9.6320,0.4200,-0.4200,-0.2800,0.0144,-0.0144,-0.0096,0
252635,-1.3620,-1.2567,9.6200,0.2800,0.5600,0.0000,0.0096,0.0191,0.0000,0
252674,-1.3644,-1.2375,9.6176,0.1400,-0.1400,0.2100,0.0048,-0.0048,0.0072,0
252713,-1.3668,-1.2519,9.6440,0.2100,-0.5600,0.2100,0.0072,-0.0191,0.0072,0
252752,-1.3644,-1.2375,9.6200,0.4200,0.5600,0.0000,0.0144,0.0191,0.0000,0
252791,-1.3907,-1.2591,9.6272,0.4200,1.4000,-0.1400,0.0144,0.0479,-0.0048,0
252830,-1.3883,-1.2423,9.6081,0.4900,0.9800,-0.0700,0.0168,0.0335,-0.0024,0
252869,-1.3644,-1.2686,9.6248,0.2800,0.7000,-0.2800,0.0096,0.0239,-0.0096,0
252908,-1.4075,-1.2471,9.6440,0.4900,0.9100,0.0700,0.0168,0.0311,0.0024,0
252947,-1.3931,-1.2399,9.6009,0.4200,1.5400,0.1400,0.0144,0.0527,0.0048,0
252986,-1.4386,-1.2279,9.6176,0.2100,-0.4200,0.0000,0.0072,-0.0144,0.0000,0
253025,-1.3979,-1.2519,9.6176,0.0000,-1.5400,-0.2100,0.0000,-0.0527,-0.0072,0
253064,-1.3787,-1.2399,9.6296,0.1400,-1.1900,-0.0700,0.0048,-0.0407,-0.0024,0
253103,-1.3931,-1.2495,9.6320,0.0700,-1.6100,-0.2100,0.0024,-0.0551,-0.0072,0
253142,-1.3716,-1.2471,9.6153,0.1400,-1.9600,-0.2800,0.0048,-0.0670,-0.0096,0
253181,-1.3692,-1.2662,9.6153,-0.0700,-2.8700,-0.2800,-0.0024,-0.0981,-0.0096,0
253220,-1.3644,-1.2471,9.6559,0.2100,-2.5200,0.2100,0.0072,-0.0862,0.0072,0
253259,-1.3500,-1.2495,9.6272,0.2100,-0.6300,0.0000,0.0072,-0.0215,0.0000,0
253298,-1.3285,-1.2519,9.6392,0.3500,-1.5400,-0.2100,0.0120,-0.0527,-0.0072,0
253337,-1.3213,-1.2423,9.6248,0.2800,-0.2100,-0.2100,0.0096,-0.0072,-0.0072,0
253376,-1.3500,-1.2495,9.6464,0.4900,-0.8400,-0.4900,0.0168,-0.0287,-0.0168,0
253415,-1.2902,-1.2495,9.6176,0.4200,-1.1900,-0.3500,0.0144,-0.0407,-0.0120,0
253454,-1.3093,-1.2710,9.6464,0.2100,-0.4900,-0.5600,0.0072,-0.0168,-0.0191,0
253493,-1.3189,-1.2519,9.6368,0.5600,-0.8400,-0.2100,0.0191,-0.0287,-0.0072,0
253532,-1.3117,-1.2447,9.6392,0.0000,-1.4700,-0.2100,0.0000,-0.0503,-0.0072,0
253571,-1.2878,-1.2567,9.6464,0.2800,-0.9100,-0.2100,0.0096,-0.0311,-0.0072,0
253610,-1.2878,-1.2638,9.6392,0.2800,-0.2100,0.0000,0.0096,-0.0072,0.0000,0
253649,-1.2997,-1.2567,9.6296,0.4900,-2.1700,-0.3500,0.0168,-0.0742,-0.0120,0
253688,-1.2088,-1.2543,9.6440,0.2100,0.3500,-1.5400,0.0072,0.0120,-0.0527,0
253727,-1.3333,-1.2567,9.6248,0.4200,-0.9100,-0.3500,0.0144,-0.0311,-0.0120,0
253766,-1.2926,-1.2662,9.6607,0.4200,-1.1200,-0.2100,0.0144,-0.0383,-0.0072,0
253805,-1.2064,-1.0700,9.5746,0.8400,-3.6400,-2.0300,0.0287,-0.1245,-0.0694,0
253844,-1.1968,-1.2926,9.6847,1.1900,-4.6900,-6.3000,0.0407,-0.1604,-0.2154,0
253883,-1.0556,-1.2878,9.6583,2.0300,-5.3900,-6.9300,0.0694,-0.1843,-0.2370,0
253922,-1.2447,-1.3237,9.6344,0.5600,1.4700,-3.6400,0.0191,0.0503,-0.1245,0
253961,-1.2782,-1.1418,9.6129,0.2100,-0.6300,-5.1100,0.0072,-0.0215,-0.1747,0
254000,-1.2184,-1.1466,9.6176,-1.0500,-3.9900,-5.8800,-0.0359,-0.1364,-0.2011,0
254039,-1.2232,-1.2591,9.6751,-1.4700,-11.8300,-7.5600,-0.0503,-0.4045,-0.2585,0
254078,-0.9742,-1.3955,9.6344,-1.6800,-12.3900,-8.4700,-0.0574,-0.4237,-0.2896,0
254117,-0.7229,-1.5583,9.7828,-1.0500,-8.9600,-6.0900,-0.0359,-0.3064,-0.2082,0
254156,-0.8234,-1.1896,9.7134,0.9100,0.4200,-2.8000,0.0311,0.0144,-0.0957,0
254195,-0.7684,-1.2112,9.6703,2.3800,-0.6300,-8.6100,0.0814,-0.0215,-0.2944,0
254234,-0.7731,-1.3452,9.7230,1.8200,-7.6300,-8.1900,0.0622,-0.2609,-0.2801,0
254273,-0.4715,-1.0963,9.8115,2.8000,-5.0400,-9.8700,0.0957,-0.1723,-0.3375,0
254312,-1.0125,-1.3955,9.7110,2.9400,-5.8800,-9.3800,0.1005,-0.2011,-0.3207,0
254351,-1.1035,-1.4936,9.7038,1.4700,-4.9700,-0.4200,0.0503,-0.1699,-0.0144,0
254390,-0.5697,-1.0963,9.8379,1.9600,3.7800,-0.2800,0.0670,0.1293,-0.0096,0
254429,-0.9622,-1.5152,9.6057,-9.5900,-2.0300,-2.3100,-0.3279,-0.0694,-0.0790,0
254468,-0.6918,-1.3572,9.7254,-4.5500,-1.4700,-0.6300,-0.1556,-0.0503,-0.0215,0
254507,-0.8928,-1.5607,9.5482,0.8400,-1.6800,0.1400,0.0287,-0.0574,0.0048,0
254546,-1.1226,-1.5654,9.6488,10.2200,-4.3400,0.7700,0.3495,-0.1484,0.0263,0
254585,-0.8689,-1.3261,9.6272,5.2500,-0.9800,1.1900,0.1795,-0.0335,0.0407,0
254624,-0.6678,-1.3668,9.8235,-1.3300,-0.9800,1.4700,-0.0455,-0.0335,0.0503,0
254663,-0.9718,-1.2878,9.7062,4.2000,2.3800,4.6900,0.1436,0.0814,0.1604,0
254702,-0.5338,-1.1849,9.6416,-2.3100,7.9100,5.3200,-0.0790,0.2705,0.1819,0
254741,-0.7205,-1.2614,9.8498,1.6100,7.5600,3.2200,0.0551,0.2585,0.1101,0
254780,-0.8330,-1.1657,9.5147,2.0300,5.1100,3.7800,0.0694,0.1747,0.1293,0
254819,-0.9694,-1.2878,9.8139,-0.3500,7.7000,2.8000,-0.0120,0.2633,0.0957,0
254858,-1.0795,-1.2591,9.5339,4.7600,16.0300,2.6600,0.1628,0.5481,0.0910,0
254897,-1.4122,-1.2974,9.6033,-1.0500,15.8900,0.3500,-0.0359,0.5434,0.0120,0
254936,-1.6109,-1.2495,9.7014,0.8400,10.7800,-0.3500,0.0287,0.3686,-0.0120,0
254975,-0.9527,-1.0341,9.5267,-1.4000,15.7500,-2.3800,-0.0479,0.5386,-0.0814,0
255014,-1.2567,-1.3380,9.8283,-0.3500,16.2400,-2.4500,-0.0120,0.5553,-0.0838,0
255053,-1.4649,-1.2471,9.6081,0.7000,24.9900,-0.2100,0.0239,0.8545,-0.0072,0
255092,-2.0322,-1.0747,9.7828,11.0600,30.7300,-0.2800,0.3782,1.0508,-0.0096,0
255131,-1.8910,-1.0053,9.5817,51.4500,28.4900,-2.5200,1.7593,0.9742,-0.0862,0
255170,-2.4559,-0.6487,9.7325,9.3800,37.0300,-5.3200,0.3207,1.2662,-0.1819,0
255209,-3.2673,-0.7229,9.4764,30.3800,39.1300,-18.9700,1.0388,1.3380,-0.6487,0
255248,-2.8748,-0.1628,9.6081,0.3500,47.8100,-20.3000,0.0120,1.6349,-0.6942,0
255287,-3.1165,-0.5601,9.5267,-6.9300,45.3600,-25.2000,-0.2370,1.5511,-0.8617,0
255326,-3.1428,-0.7588,9.0839,-13.2300,41.6500,-23.1700,-0.4524,1.4242,-0.7923,0
255365,-3.5402,-1.0005,9.4836,-16.8700,39.0600,-22.2600,-0.5769,1.3357,-0.7612,0
255404,-3.5426,-1.5032,8.7918,-18.9700,45.2900,-18.4800,-0.6487,1.5487,-0.6319,0
255443,-4.5240,-1.1298,9.1724,-10.7100,47.5300,-17.8500,-0.3662,1.6253,-0.6104,0
255482,-4.1937,-1.1825,8.7583,-13.0200,51.7300,-21.4200,-0.4452,1.7689,-0.7325,0
255521,-4.5910,-1.3644,8.2174,8.3300,49.6300,-21.5600,0.2848,1.6971,-0.7372,0
255560,-5.2421,-0.8785,8.4615,26.5300,52.0100,-23.1700,0.9072,1.7785,-0.7923,0
255599,-5.4671,-0.7827,8.3562,51.7300,58.8700,-30.7300,1.7689,2.0131,-1.0508,0
255638,-5.3258,-1.3285,7.8799,45.5700,55.7200,-35.4900,1.5583,1.9053,-1.2136,0
255677,-5.3737,-0.7708,8.2581,-4.4800,47.9500,-34.7900,-0.1532,1.6396,-1.1896,0
255716,-5.6610,-1.5056,7.7003,-11.6900,47.0400,-43.6100,-0.3997,1.6085,-1.4912,0
255755,-6.4245,-1.3955,7.2599,-6.3000,48.2300,-43.8900,-0.2154,1.6492,-1.5008,0
255794,-6.3934,-1.9484,6.8937,13.6500,41.6500,-49.9800,0.4668,1.4242,-1.7091,0
255833,-6.5227,-1.6588,6.8267,23.3800,36.1900,-55.7900,0.7995,1.2375,-1.9077,0
255872,-7.2455,-1.6229,6.6998,18.0600,34.3000,-63.9100,0.6176,1.1729,-2.1854,0
255911,-7.2934,-2.2021,6.5299,24.7800,23.8000,-62.7200,0.8473,0.8138,-2.1447,0
255950,-7.2527,-1.9532,6.8434,37.6600,18.7600,-64.2600,1.2878,0.6415,-2.1974,0
255989,-6.0798,-2.5373,6.2235,51.7300,21.0000,-66.7800,1.7689,0.7181,-2.2835,0
256028,-6.5993,-2.4942,6.1445,27.0900,19.4600,-77.9100,0.9263,0.6654,-2.6641,0
256067,-5.9697,-2.9777,6.0583,34.5100,16.3100,-78.5400,1.1801,0.5577,-2.6857,0
256106,-6.0392,-4.0070,6.6495,27.7200,19.0400,-70.2800,0.9479,0.6511,-2.4032,0
256145,-5.7136,-4.3588,6.8434,19.8100,13.7200,-54.8100,0.6774,0.4692,-1.8742,0
256184,-5.8692,-3.6024,5.8118,18.4100,6.5800,-52.7100,0.6295,0.2250,-1.8024,0
256223,-5.6059,-4.5144,6.1732,4.9000,14.7700,-48.8600,0.1676,0.5051,-1.6708,0
256262,-5.8788,-4.3086,6.7046,6.7200,14.4900,-34.5800,0.2298,0.4955,-1.1825,0
256301,-5.8165,-4.8519,6.0679,14.8400,14.8400,-26.2500,0.5075,0.5075,-0.8976,0
256340,-5.6227,-4.9094,6.1517,-13.2300,13.6500,-13.1600,-0.4524,0.4668,-0.4500,0
256379,-5.3043,-4.1673,6.3001,1.9600,2.1700,-1.1900,0.0670,0.0742,-0.0407,0
256418,-5.3665,-4.1625,6.2570,7.7000,0.8400,-0.6300,0.2633,0.0287,-0.0215,0
256457,-5.8836,-4.4905,6.7860,-7.4900,0.1400,2.3800,-0.2561,0.0048,0.0814,0
256496,-5.9865,-3.8107,6.7644,3.0800,-5.1800,5.3900,0.1053,-0.1771,0.1843,0
256535,-6.1780,-3.8514,6.4437,8.6800,-8.1900,5.3200,0.2968,-0.2801,0.1819,0
256574,-6.0798,-3.7030,6.5083,2.5200,-10.3600,6.1600,0.0862,-0.3543,0.2106,0
256613,-6.7549,-3.8346,6.7429,1.8200,-12.1100,0.0000,0.0622,-0.4141,0.0000,0
256652,-6.0679,-3.7508,6.9200,33.3200,-13.7200,-5.1800,1.1394,-0.4692,-0.1771,0
256691,-5.3402,-3.4971,7.3916,40.6000,-13.3700,-8.9600,1.3883,-0.4572,-0.3064,0
256730,-5.6801,-3.7197,7.3365,16.5200,-1.8200,-4.5500,0.5649,-0.0622,-0.1556,0
256769,-5.7471,-3.5952,7.7099,15.8200,-1.8200,-3.7100,0.5410,-0.0622,-0.1269,0
256808,-5.5939,-3.4181,7.4945,19.1800,0.7000,-9.1700,0.6559,0.0239,-0.3136,0
256847,-5.1248,-3.9351,7.1307,4.4800,5.1100,-1.8200,0.1532,0.1747,-0.0622,0
256886,-5.8261,-3.7437,7.4299,5.1100,4.6900,0.0000,0.1747,0.1604,0.0000,0
256925,-5.7136,-3.4756,7.0588,22.8200,2.8000,10.0100,0.7803,0.0957,0.3423,0
256964,-5.8812,-3.3870,7.2336,58.8000,21.6300,27.3700,2.0107,0.7396,0.9359,0
257003,-6.2067,-2.3266,7.5041,-3.7100,34.7200,44.4500,-0.1269,1.1872,1.5200,0
257042,-6.1373,-3.1931,6.8530,9.2400,36.9600,53.4800,0.3160,1.2638,1.8287,0
257081,-6.9104,-1.8311,6.6471,-9.0300,60.1300,62.1600,-0.3088,2.0561,2.1256,0
257120,-7.7530,-2.1016,7.0924,-17.7800,55.0200,23.4500,-0.6080,1.8814,0.8019,0
257159,-8.2605,-1.8263,6.3336,-13.8600,34.5100,-1.6800,-0.4739,1.1801,-0.0574,0
257198,-7.6190,-2.1998,5.6370,-11.1300,6.7200,-2.5900,-0.3806,0.2298,-0.0886,0
257237,-7.5376,-1.2854,5.6203,-11.6900,-5.1800,-32.9700,-0.3997,-0.1771,-1.1274,0
257276,-7.1953,-1.0221,5.6897,22.4000,-13.7200,-36.6800,0.7660,-0.4692,-1.2543,0
257315,-7.3198,-2.8436,5.9171,54.8800,-17.9900,-12.5300,1.8766,-0.6152,-0.4285,0
257354,-7.6070,-3.6240,6.1708,14.9800,-3.8500,-35.2800,0.5122,-0.1317,-1.2064,0
257393,-6.7525,-3.1141,5.9721,14.2100,-6.7900,-27.2300,0.4859,-0.2322,-0.9311,0
257432,-6.6328,-2.7311,5.7854,1.1900,-2.1000,-25.4100,0.0407,-0.0718,-0.8689,0
257471,-6.8985,-3.3774,6.1469,5.3900,3.5000,-12.8800,0.1843,0.1197,-0.4404,0
257510,-6.7381,-2.8915,6.0104,-2.8000,-6.9300,-5.1100,-0.0957,-0.2370,-0.1747,0
257549,-6.5945,-2.5492,5.5149,-22.1200,-27.3000,-15.6100,-0.7564,-0.9335,-0.5338,0
257588,-6.6112,-2.5325,5.8931,2.9400,-10.6400,-9.3800,0.1005,-0.3638,-0.3207,0
257627,-6.8841,-2.9274,6.1373,2.2400,-5.2500,-10.1500,0.0766,-0.1795,-0.3471,0
257666,-6.3144,-3.2530,6.3575,-8.2600,-17.2900,-19.9500,-0.2824,-0.5912,-0.6822,0
257705,-6.2785,-4.0261,6.8195,15.2600,-2.9400,-6.0200,0.5218,-0.1005,-0.2059,0
257744,-6.5897,-3.3655,6.5370,9.4500,3.1500,6.5800,0.3231,0.1077,0.2250,0
257783,-6.5322,-2.9514,6.4916,-3.0800,4.7600,11.4800,-0.1053,0.1628,0.3926,0
257822,-6.8937,-2.7144,6.4676,-6.5100,3.4300,11.2000,-0.2226,0.1173,0.3830,0
257861,-6.9775,-3.0543,6.4126,-4.1300,-1.0500,9.6600,-0.1412,-0.0359,0.3303,0
257900,-6.7501,-2.6162,6.2761,-8.8900,-5.4600,9.4500,-0.3040,-0.1867,0.3231,0
257939,-6.8147,-2.4894,6.4772,-9.8000,-6.5100,-4.0600,-0.3351,-0.2226,-0.1388,0
257978,-6.6088,-3.3439,6.7237,0.2800,-2.8700,-6.5800,0.0096,-0.0981,-0.2250,0
258017,-6.5993,-3.3798,6.7836,-1.6800,-0.2100,-1.0500,-0.0574,-0.0072,-0.0359,0
258056,-6.5538,-3.3008,6.6830,3.9900,3.1500,4.2000,0.1364,0.1077,0.1436,0
258095,-6.5634,-3.0208,6.4580,0.0000,3.2900,7.2100,0.0000,0.1125,0.2465,0
258134,-6.6735,-2.9873,6.4580,-1.1200,2.1000,5.2500,-0.0383,0.0718,0.1795,0
258173,-6.7453,-2.8173,6.5514,0.0000,2.8700,3.4300,0.0000,0.0981,0.1173,0
258212,-6.9799,-2.7479,6.5370,-1.3300,3.2900,-0.7000,-0.0455,0.1125,-0.0239,0
258251,-6.9822,-2.8724,6.5490,-4.2700,2.6600,-2.0300,-0.1460,0.0910,-0.0694,0
258290,-6.7764,-2.7766,6.3001,-9.5200,0.0700,-4.7600,-0.3255,0.0024,-0.1628,0
258329,-6.7788,-3.1692,6.2139,-0.2100,-0.2800,-9.0300,-0.0072,-0.0096,-0.3088,0
258368,-6.5227,-3.3104,6.4389,3.0100,-0.1400,-7.0700,0.1029,-0.0048,-0.2418,0
258407,-6.4700,-3.2625,6.2713,4.6200,1.8200,-3.9200,0.1580,0.0622,-0.1340,0
258446,-6.7118,-3.3248,6.2642,2.6600,1.8200,-0.5600,0.0910,0.0622,-0.0191,0
258485,-6.7764,-3.1572,6.4102,1.4700,0.5600,2.0300,0.0503,0.0191,0.0694,0
258524,-6.7285,-3.0686,6.3001,-0.0700,-0.4200,3.4300,-0.0024,-0.0144,0.1173,0
258563,-6.6998,-3.0303,6.2977,0.3500,-0.8400,2.6600,0.0120,-0.0287,0.0910,0
258602,-6.7979,-3.0471,6.4652,0.2800,-0.5600,0.9800,0.0096,-0.0191,0.0335,0
258641,-6.8243,-3.0375,6.4963,-1.2600,-0.2800,0.6300,-0.0431,-0.0096,0.0215,0
258680,-6.7596,-3.0663,6.4820,-1.1200,-0.0700,-0.6300,-0.0383,-0.0024,-0.0215,0
258719,-6.7405,-3.0734,6.1014,-0.6300,0.7700,-1.8200,-0.0215,0.0263,-0.0622,0
258758,-6.6471,-3.0974,6.2283,-0.1400,1.1900,-2.5900,-0.0048,0.0407,-0.0886,0
258797,-6.6783,-3.1644,6.2881,1.6100,0.4200,-2.6600,0.0551,0.0144,-0.0910,0
258836,-6.7357,-3.2649,6.3096,-0.0700,-0.7000,0.6300,-0.0024,-0.0239,0.0215,0
258875,-6.7357,-3.1285,6.3455,-0.4200,-1.9600,2.2400,-0.0144,-0.0670,0.0766,0
258914,-6.7237,-3.0710,6.3120,-1.6800,-2.6600,2.6600,-0.0574,-0.0910,0.0910,0
258953,-6.7572,-3.0878,6.4628,1.6800,-2.2400,1.6100,0.0574,-0.0766,0.0551,0
258992,-6.7166,-3.0639,6.4820,1.1200,-1.1200,0.5600,0.0383,-0.0383,0.0191,0
259031,-6.7429,-3.1309,6.4413,2.8700,0.0700,0.2100,0.0981,0.0024,0.0072,0
259070,-6.7501,-3.0399,6.4556,0.0700,-0.4900,0.9800,0.0024,-0.0168,0.0335,0
259109,-6.7261,-3.0686,6.3934,1.5400,0.6300,-0.4900,0.0527,0.0215,-0.0168,0
259148,-6.7620,-3.0256,6.4006,-1.1900,0.0700,-0.7700,-0.0407,0.0024,-0.0263,0
259187,-6.7596,-3.0974,6.4197,-0.2800,0.2100,-1.5400,-0.0096,0.0072,-0.0527,0
259226,-6.7166,-3.1596,6.3934,-0.2800,0.2100,-1.4000,-0.0096,0.0072,-0.0479,0
259265,-6.6687,-3.1213,6.3001,-0.4900,0.2100,-0.9800,-0.0168,0.0072,-0.0335,0
259304,-6.7429,-3.0758,6.3551,-0.4900,-0.2800,-0.2800,-0.0168,-0.0096,-0.0096,0
259343,-6.7429,-3.1357,6.4054,1.1900,-0.2100,-0.9800,0.0407,-0.0072,-0.0335,0
259382,-6.7046,-3.1141,6.4030,-1.1900,-0.7000,0.1400,-0.0407,-0.0239,0.0048,0
259421,-6.6950,-3.1046,6.3479,0.8400,0.2100,-0.2800,0.0287,0.0072,-0.0096,0
259460,-6.6950,-3.0710,6.3120,-1.2600,0.0700,-0.2800,-0.0431,0.0024,-0.0096,0
259499,-6.7549,-3.1716,6.4006,0.6300,-0.0700,-0.5600,0.0215,-0.0024,-0.0191,0
259538,-6.7357,-3.1117,6.4126,-0.8400,-0.7700,0.6300,-0.0287,-0.0263,0.0215,0
259577,-6.6806,-3.1117,6.3527,0.3500,-0.2100,0.2100,0.0120,-0.0072,0.0072,0
259616,-6.6806,-3.0998,6.3527,-0.2800,0.0700,-0.1400,-0.0096,0.0024,-0.0048,0
259655,-6.7644,-3.1357,6.4269,1.3300,0.6300,-1.2600,0.0455,0.0215,-0.0431,0
259694,-6.7572,-3.1165,6.3719,0.0700,0.1400,-0.4900,0.0024,0.0048,-0.0168,0
259733,-6.7094,-3.1309,6.3168,-0.0700,-0.2800,-0.2100,-0.0024,-0.0096,-0.0072,0
259772,-6.7142,-3.1141,6.3360,0.7000,-0.6300,-0.0700,0.0239,-0.0215,-0.0024,0
259811,-6.7261,-3.1548,6.4078,0.2100,-0.6300,-0.3500,0.0072,-0.0215,-0.0120,0
259850,-6.6974,-3.1572,6.3719,0.2100,-0.7000,0.0000,0.0072,-0.0239,0.0000,0
259889,-6.6974,-3.1237,6.3743,0.0000,-0.2100,0.1400,0.0000,-0.0072,0.0048,0
259928,-6.7070,-3.0830,6.3527,0.6300,0.2100,-0.6300,0.0215,0.0072,-0.0215,0
259967,-6.7572,-3.1931,6.4006,0.6300,0.2100,-0.8400,0.0215,0.0072,-0.0287,0
260006,-6.7285,-3.1333,6.3551,0.2100,-0.1400,-0.1400,0.0072,-0.0048,-0.0048,0
260045,-6.7046,-3.1261,6.3240,0.1400,-0.2800,0.0700,0.0048,-0.0096,0.0024,0
260084,-6.6926,-3.1285,6.3408,0.0700,-0.4900,0.0000,0.0024,-0.0168,0.0000,0
260123,-6.7596,-3.1476,6.4126,-0.2100,-0.3500,0.0700,-0.0072,-0.0120,0.0024,0
260162,-6.6998,-3.1261,6.3096,-0.4200,-0.7700,0.3500,-0.0144,-0.0263,0.0120,0
260201,-6.7189,-3.2027,6.3455,-1.4000,-0.6300,0.7700,-0.0479,-0.0215,0.0263,0
260240,-6.6878,-3.2218,6.3096,-0.7700,-1.9600,2.5200,-0.0263,-0.0670,0.0862,0
260279,-6.6160,-3.0639,6.2522,-5.5300,-2.7300,2.4500,-0.1891,-0.0934,0.0838,0
260318,-6.6136,-3.0136,6.2306,-5.9500,-3.6400,2.3100,-0.2035,-0.1245,0.0790,0
260357,-7.0636,-3.3463,7.0038,9.5200,0.7700,-0.3500,0.3255,0.0263,-0.0120,0
260396,-6.7381,-3.0734,6.4078,-0.3500,-0.0700,1.6800,-0.0120,-0.0024,0.0574,0
260435,-6.6160,-3.1165,6.2426,-0.1400,1.1900,-0.4200,-0.0048,0.0407,-0.0144,0
260474,-6.6711,-2.9585,6.2306,-8.1900,0.6300,-2.0300,-0.2801,0.0215,-0.0694,0
260513,-6.3551,-3.5952,5.6825,-6.3000,0.1400,-4.1300,-0.2154,0.0048,-0.1412,0
260552,-6.3312,-3.8131,5.6203,-29.6100,-9.8700,1.9600,-1.0125,-0.3375,0.0670,0
260591,-6.4916,-2.8006,6.2426,-34.4400,-24.1500,12.9500,-1.1777,-0.8258,0.4428,0
260630,-7.0182,-3.5976,6.9511,-55.7200,-26.9500,9.5900,-1.9053,-0.9216,0.3279,0
260669,-6.2187,-3.5139,6.0248,-35.6300,-24.2900,16.2400,-1.2184,-0.8306,0.5553,0
260708,-6.1038,-2.8030,5.9745,-19.9500,-7.9100,11.2700,-0.6822,-0.2705,0.3854,0
260747,-6.8195,-3.7149,7.1642,-2.7300,-1.5400,4.8300,-0.0934,-0.0527,0.1652,0
260786,-6.5921,-4.0548,6.7716,-9.3800,-4.4100,9.1700,-0.3207,-0.1508,0.3136,0
260825,-6.4509,-3.8657,6.3551,-23.1000,-4.6200,9.2400,-0.7899,-0.1580,0.3160,0
260864,-6.2163,-3.8370,6.1612,-16.9400,-4.9700,3.9900,-0.5793,-0.1699,0.1364,0
260903,-6.6974,-4.1290,6.7836,2.6600,1.1900,5.4600,0.0910,0.0407,0.1867,0
260942,-6.9487,-3.6838,6.9368,0.8400,3.0100,10.0100,0.0287,0.1029,0.3423,0
260981,-6.2857,-3.6790,6.0152,10.3600,7.5600,11.6900,0.3543,0.2585,0.3997,0
261020,-6.4173,-3.4444,6.3384,-0.2800,14.4900,9.1000,-0.0096,0.4955,0.3112,0
261059,-7.0062,-4.1697,6.5777,-12.3900,12.3900,3.2200,-0.4237,0.4237,0.1101,0
261098,-6.7213,-3.9088,6.4173,-17.2200,9.3100,0.7700,-0.5888,0.3184,0.0263,0
261137,-6.7620,-3.6216,5.8979,-19.2500,9.0300,0.2100,-0.6583,0.3088,0.0072,0
261176,-6.9607,-3.4923,5.9099,-7.7700,12.8800,-1.7500,-0.2657,0.4404,-0.0598,0
261215,-6.8769,-3.7245,5.9386,1.8200,13.2300,-6.6500,0.0622,0.4524,-0.2274,0
261254,-6.8338,-3.8777,5.6155,-1.5400,9.8700,-6.4400,-0.0527,0.3375,-0.2202,0
261293,-6.8003,-3.6934,5.3881,-3.8500,7.4900,-6.0200,-0.1317,0.2561,-0.2059,0
261332,-7.0301,-3.8777,5.3091,-1.4700,10.0100,-8.2600,-0.0503,0.3423,-0.2824,0
261371,-7.0445,-4.3780,5.1727,-3.8500,7.8400,-5.8100,-0.1317,0.2681,-0.1987,0
261410,-6.8267,-4.0381,5.5245,-4.6900,6.6500,-2.9400,-0.1604,0.2274,-0.1005,0
261449,-6.9057,-4.1506,4.9716,7.4200,6.5800,-3.0800,0.2537,0.2250,-0.1053,0
261488,-6.8075,-4.1889,5.2708,-0.6300,4.7600,-3.2200,-0.0215,0.1628,-0.1101,0
261527,-6.8482,-4.1386,5.3785,1.2600,4.0600,-2.8700,0.0431,0.1388,-0.0981,0
261566,-6.8003,-4.2272,5.3019,3.0800,5.1100,-2.1700,0.1053,0.1747,-0.0742,0
261605,-7.0158,-4.1386,5.2852,0.1400,3.9200,-0.5600,0.0048,0.1340,-0.0191,0
261644,-7.1570,-3.9304,5.3282,6.0200,3.9200,-0.1400,0.2059,0.1340,-0.0048,0
261683,-6.9822,-4.0429,5.3067,12.8800,3.7800,-0.2800,0.4404,0.1293,-0.0096,0
261722,-7.0373,-4.0453,5.3258,7.7700,4.4100,0.4200,0.2657,0.1508,0.0144,0
261761,-7.1522,-3.9615,5.4072,7.7000,3.5000,0.8400,0.2633,0.1197,0.0287,0
261800,-7.1187,-3.9399,5.3737,8.7500,2.1700,0.9800,0.2992,0.0742,0.0335,0
261839,-7.0876,-3.8849,5.4096,6.2300,1.4000,0.7700,0.2130,0.0479,0.0263,0
261878,-7.1067,-3.8753,5.4288,5.8100,1.4700,0.6300,0.1987,0.0503,0.0215,0
261917,-7.1498,-3.9519,5.4695,3.1500,1.5400,0.7700,0.1077,0.0527,0.0263,0
261956,-7.2144,-3.8418,5.4383,1.6100,1.4000,1.8900,0.0551,0.0479,0.0646,0
261995,-7.1474,-3.7724,5.4527,1.9600,-0.1400,0.3500,0.0670,-0.0048,0.0120,0
262034,-7.1833,-3.8346,5.4719,1.9600,1.3300,0.4900,0.0670,0.0455,0.0168,0
262073,-7.3221,-3.7389,5.5078,-0.5600,0.8400,-0.3500,-0.0191,0.0287,-0.0120,0
262112,-7.1474,-3.8538,5.4360,0.7700,0.0000,-1.5400,0.0263,0.0000,-0.0527,0
262151,-7.1761,-3.8777,5.4336,-2.4500,0.2800,-1.0500,-0.0838,0.0096,-0.0359,0
262190,-7.2455,-3.7796,5.4383,0.0700,0.7000,-0.9100,0.0024,0.0239,-0.0311,0
262229,-7.1642,-3.8777,5.3809,1.6800,0.2100,-1.0500,0.0574,0.0072,-0.0359,0
262268,-7.1187,-3.8921,5.4024,-1.1900,0.0000,-0.9800,-0.0407,0.0000,-0.0335,0
262307,-7.1474,-3.8514,5.3809,-2.0300,0.0700,-0.9800,-0.0694,0.0024,-0.0335,0
262346,-7.1618,-3.8849,5.3809,-1.4700,0.2800,-1.1200,-0.0503,0.0096,-0.0383,0
262385,-7.1522,-3.8945,5.3378,-1.0500,0.0000,-0.7700,-0.0359,0.0000,-0.0263,0
262424,-7.1570,-3.8753,5.3522,-1.4700,-0.1400,-0.5600,-0.0503,-0.0048,-0.0191,0
262463,-7.1809,-3.9519,5.3426,0.7000,-0.0700,-0.5600,0.0239,-0.0024,-0.0191,0
262502,-7.1785,-3.8945,5.3450,0.9800,-0.0700,-0.0700,0.0335,-0.0024,-0.0024,0
262541,-7.1785,-3.8897,5.3474,3.0100,0.3500,0.0700,0.1029,0.0120,0.0024,0
262580,-7.1905,-3.8418,5.4072,3.9900,0.3500,0.3500,0.1364,0.0120,0.0120,0
262619,-7.1713,-3.8418,5.4527,1.8900,0.0000,-0.2800,0.0646,0.0000,-0.0096,0
262658,-7.1881,-3.9232,5.4120,0.5600,0.2100,-0.4900,0.0191,0.0072,-0.0168,0
262697,-7.1761,-3.8466,5.3881,-0.7700,0.0000,-0.6300,-0.0263,0.0000,-0.0215,0
262736,-7.1498,-3.8705,5.3713,-0.5600,-0.3500,-0.7700,-0.0191,-0.0120,-0.0263,0
262775,-7.1977,-3.9040,5.3785,0.9100,0.3500,-0.4900,0.0311,0.0120,-0.0168,0
262814,-7.1857,-3.9088,5.3618,1.9600,0.2800,0.4200,0.0670,0.0096,0.0144,0
262853,-7.1450,-3.8322,5.3809,1.4000,0.0700,0.4200,0.0479,0.0024,0.0144,0
262892,-7.1977,-3.8274,5.4216,1.0500,0.0700,-0.3500,0.0359,0.0024,-0.0120,0
262931,-7.2096,-3.9184,5.4072,0.1400,0.0000,-0.7700,0.0048,0.0000,-0.0263,0
262970,-7.1330,-3.8442,5.3641,-2.7300,-1.0500,-1.4700,-0.0934,-0.0359,-0.0503,0
263009,-7.1307,-3.8945,5.3522,-1.8900,-0.2800,-1.5400,-0.0646,-0.0096,-0.0527,0
263048,-7.2216,-3.9351,5.3330,0.4200,0.2800,-0.7000,0.0144,0.0096,-0.0239,0
263087,-7.1690,-3.8729,5.3689,2.3800,-0.2800,-0.0700,0.0814,-0.0096,-0.0024,0
263126,-7.1498,-3.9375,5.3857,1.4700,0.0000,-0.0700,0.0503,0.0000,-0.0024,0
263165,-7.1690,-3.8466,5.3713,0.4200,-0.0700,0.0700,0.0144,-0.0024,0.0024,0
263204,-7.1833,-3.8777,5.3905,0.4900,-0.0700,-0.3500,0.0168,-0.0024,-0.0120,0
263243,-7.1977,-3.8849,5.3761,1.2600,0.0700,-0.3500,0.0431,0.0024,-0.0120,0
263282,-7.1402,-3.8945,5.3618,1.4000,-0.0700,-0.4200,0.0479,-0.0024,-0.0144,0
263321,-7.1857,-3.8825,5.4048,1.0500,0.2800,-0.1400,0.0359,0.0096,-0.0048,0
263360,-7.2049,-3.8418,5.4024,1.1200,0.4200,-0.2100,0.0383,0.0144,-0.0072,0
263399,-7.1570,-3.8777,5.3665,1.5400,0.0700,-0.3500,0.0527,0.0024,-0.0120,0
263438,-7.1713,-3.8753,5.3929,-0.4900,-0.1400,-0.2800,-0.0168,-0.0048,-0.0096,0
263477,-7.1905,-3.8609,5.3713,-0.4200,-0.2800,-0.4200,-0.0144,-0.0096,-0.0144,0
263516,-7.1785,-3.8897,5.3785,0.3500,-0.2100,-0.4200,0.0120,-0.0072,-0.0144,0
263555,-7.1737,-3.8538,5.3857,0.0700,0.0700,-0.1400,0.0024,0.0024,-0.0048,0
263594,-7.1857,-3.8705,5.3929,1.5400,0.0000,-0.0700,0.0527,0.0000,-0.0024,0
263633,-7.1713,-3.8873,5.3857,0.7000,-0.1400,-0.0700,0.0239,-0.0048,-0.0024,0
263672,-7.1857,-3.8250,5.3570,2.3100,1.4700,0.6300,0.0790,0.0503,0.0215,0
263711,-7.1977,-3.8226,5.4048,1.4700,0.0000,-0.2100,0.0503,0.0000,-0.0072,0
263750,-7.1737,-3.8657,5.3929,0.9800,-0.4200,-0.7700,0.0335,-0.0144,-0.0263,0
263789,-7.1761,-3.8705,5.4144,-0.2800,-0.2100,-0.6300,-0.0096,-0.0072,-0.0215,0
263828,-7.1809,-3.8801,5.3761,-0.3500,0.1400,-0.4900,-0.0120,0.0048,-0.0168,0
263867,-7.1809,-3.8633,5.3618,-0.5600,-0.1400,-0.3500,-0.0191,-0.0048,-0.0120,0
263906,-7.1953,-3.8753,5.3833,-0.2800,-0.1400,-0.0700,-0.0096,-0.0048,-0.0024,0
263945,-7.2025,-3.8298,5.3905,1.1200,0.1400,-0.0700,0.0383,0.0048,-0.0024,0
263984,-7.1857,-3.8729,5.3618,1.5400,0.1400,-0.2100,0.0527,0.0048,-0.0072,0
264023,-7.1929,-3.8418,5.4072,2.1700,0.9100,0.3500,0.0742,0.0311,0.0120,0
264062,-7.2096,-3.8202,5.4144,1.6100,0.2100,-0.1400,0.0551,0.0072,-0.0048,0
264101,-7.1809,-3.8585,5.3737,-0.4900,-0.3500,-0.6300,-0.0168,-0.0120,-0.0215,0
264140,-7.1929,-3.8418,5.3929,-1.1900,-0.5600,-0.6300,-0.0407,-0.0191,-0.0215,0
264179,-7.2025,-3.8633,5.3737,-1.8200,-0.5600,-0.7000,-0.0622,-0.0191,-0.0239,0
264218,-7.1378,-3.9328,5.3091,-0.3500,-0.8400,-0.3500,-0.0120,-0.0287,-0.0120,0
264257,-7.1953,-3.8538,5.3594,-0.6300,-0.2100,0.3500,-0.0215,-0.0072,0.0120,0
264296,-7.2073,-3.8490,5.3594,1.9600,-0.4200,0.4900,0.0670,-0.0144,0.0168,0
264335,-7.2049,-3.8418,5.3929,2.8000,-0.3500,0.6300,0.0957,-0.0120,0.0215,0
264374,-7.2312,-3.7772,5.4288,3.1500,0.8400,0.4900,0.1077,0.0287,0.0168,0
264413,-7.2001,-3.8705,5.4264,1.4700,-0.4200,-0.3500,0.0503,-0.0144,-0.0120,0
264452,-7.1953,-3.8298,5.4192,-0.9100,-0.2800,-0.3500,-0.0311,-0.0096,-0.0120,0
264491,-7.1857,-3.8179,5.3953,0.0700,0.1400,-0.4900,0.0024,0.0048,-0.0168,0
264530,-7.1929,-3.8657,5.4168,-0.7700,-0.2100,-0.6300,-0.0263,-0.0072,-0.0215,0
264569,-7.1857,-3.8370,5.3929,-2.3800,-0.4900,-0.7000,-0.0814,-0.0168,-0.0239,0
264608,-7.1713,-3.9399,5.3282,-0.2100,-0.1400,-0.4200,-0.0072,-0.0048,-0.0144,0
264647,-7.1905,-3.8490,5.3450,0.2800,0.2100,0.0000,0.0096,0.0072,0.0000,0
264686,-7.1522,-3.8633,5.3474,2.1000,-0.2800,0.5600,0.0718,-0.0096,0.0191,0
264725,-7.1953,-3.8657,5.3498,2.4500,0.2100,0.5600,0.0838,0.0072,0.0191,0
264764,-7.2312,-3.7987,5.4144,2.8700,0.6300,0.9100,0.0981,0.0215,0.0311,0
264803,-7.1690,-3.8226,5.3929,2.3100,0.2100,0.2800,0.0790,0.0072,0.0096,0
264842,-7.2073,-3.8107,5.4192,0.4900,0.3500,0.1400,0.0168,0.0120,0.0048,0
264881,-7.2264,-3.7963,5.4024,1.1200,0.0700,-0.2100,0.0383,0.0024,-0.0072,0
264920,-7.1929,-3.8083,5.3905,1.8900,0.0000,-0.2800,0.0646,0.0000,-0.0096,0
264959,-7.2096,-3.8274,5.4144,0.5600,0.4200,-0.3500,0.0191,0.0144,-0.0120,0
264998,-7.2240,-3.8011,5.3977,0.4900,0.0000,-0.3500,0.0168,0.0000,-0.0120,0
265037,-7.2073,-3.8250,5.4001,-0.3500,-0.2800,-0.3500,-0.0120,-0.0096,-0.0120,0
265076,-7.2120,-3.8107,5.3929,0.1400,0.0000,-0.2100,0.0048,0.0000,-0.0072,0
265115,-7.1857,-3.7867,5.3809,0.4900,-0.0700,-0.4200,0.0168,-0.0024,-0.0144,0
265154,-7.1977,-3.8442,5.4048,-0.6300,-0.2800,-0.4900,-0.0215,-0.0096,-0.0168,0
265193,-7.2049,-3.8107,5.3641,-1.0500,-0.2800,-0.6300,-0.0359,-0.0096,-0.0215,0
265232,-7.2049,-3.7963,5.3785,1.6100,-0.2800,-0.4200,0.0551,-0.0096,-0.0144,0
265271,-7.1857,-3.8729,5.3833,1.4000,-0.0700,-0.3500,0.0479,-0.0024,-0.0120,0
265310,-7.1857,-3.8202,5.3689,0.0000,-0.2800,0.0000,0.0000,-0.0096,0.0000,0
265349,-7.2096,-3.7796,5.4096,-0.3500,-0.7000,-0.3500,-0.0120,-0.0239,-0.0120,0
265388,-7.1330,-3.8585,5.3713,-1.2600,-1.6100,-0.7700,-0.0431,-0.0551,-0.0263,0
265427,-7.2168,-3.7532,5.4527,-4.0600,-2.3100,-1.0500,-0.1388,-0.0790,-0.0359,0
265466,-7.1881,-3.8538,5.3665,-3.7800,-3.6400,-2.1700,-0.1293,-0.1245,-0.0742,0
265505,-7.0732,-3.7269,5.2828,-5.4600,-8.0500,-3.2200,-0.1867,-0.2753,-0.1101,0
265544,-6.8745,-4.0309,5.2397,1.1900,-6.8600,-1.8200,0.0407,-0.2346,-0.0622,0
265583,-6.7285,-3.9136,5.2684,-4.2700,-9.1000,-2.0300,-0.1460,-0.3112,-0.0694,0
265622,-7.1163,-4.2822,5.6825,6.7900,-9.5200,-10.7100,0.2322,-0.3255,-0.3662,0
265661,-7.1043,-4.1649,5.6753,7.5600,-9.2400,-3.3600,0.2585,-0.3160,-0.1149,0
265700,-6.4293,-3.3918,5.4647,15.4700,-8.4700,-0.4900,0.5290,-0.2896,-0.0168,0
265739,-6.5849,-3.7748,5.7591,31.2200,-2.1000,-7.7000,1.0676,-0.0718,-0.2633,0
265778,-7.2479,-4.0046,5.8333,26.7400,-1.8200,-9.0300,0.9144,-0.0622,-0.3088,0
265817,-7.0660,-3.7796,6.1014,20.9300,0.0000,4.3400,0.7157,0.0000,0.1484,0
265856,-6.9368,-3.2936,5.8285,16.3800,2.8000,11.0600,0.5601,0.0957,0.3782,0
265895,-6.9679,-3.3750,5.9554,19.5300,4.0600,1.6100,0.6678,0.1388,0.0551,0
265934,-6.8697,-3.6910,6.1301,27.3000,-2.8700,-3.7100,0.9335,-0.0981,-0.1269,0
265973,-7.0253,-3.0830,6.2522,5.6000,4.2000,5.4600,0.1915,0.1436,0.1867,0
266012,-7.0373,-3.9519,6.0535,10.7100,-2.1700,3.4300,0.3662,-0.0742,0.1173,0
266051,-6.8745,-2.9873,6.1923,-5.7400,-6.5800,3.9900,-0.1963,-0.2250,0.1364,0
266090,-6.9224,-3.0806,6.1876,1.8200,-5.2500,0.4900,0.0622,-0.1795,0.0168,0
266129,-6.5993,-3.2147,6.1229,6.9300,-5.2500,-0.2800,0.2370,-0.1795,-0.0096,0
266168,-6.7309,-3.3224,6.1971,8.2600,-1.9600,-2.4500,0.2824,-0.0670,-0.0838,0
266207,-7.1019,-3.1596,6.2474,10.9900,-1.0500,-1.6800,0.3758,-0.0359,-0.0574,0
266246,-6.7955,-3.2793,6.2594,4.6900,-3.9900,5.3900,0.1604,-0.1364,0.1843,0
266285,-6.8530,-3.0758,6.4173,4.2000,-4.6900,6.2300,0.1436,-0.1604,0.2130,0
266324,-6.6615,-2.8604,6.2211,2.7300,-6.1600,9.0300,0.0934,-0.2106,0.3088,0
266363,-6.9080,-2.8628,6.6735,5.8800,-3.1500,4.6900,0.2011,-0.1077,0.1604,0
266402,-6.8626,-2.5492,6.4341,2.8700,-5.8100,5.2500,0.0981,-0.1987,0.1795,0
266441,-6.9057,-2.5516,6.4437,2.6600,-4.5500,1.9600,0.0910,-0.1556,0.0670,0
266480,-6.7932,-2.9059,6.4126,9.8000,-3.3600,0.0700,0.3351,-0.1149,0.0024,0
266519,-6.6447,-2.7264,6.5035,6.7200,-2.4500,-1.1900,0.2298,-0.0838,-0.0407,0
266558,-6.9703,-2.6928,6.9033,7.1400,4.6900,2.2400,0.2442,0.1604,0.0766,0
266597,-6.7525,-2.8772,6.5681,5.6000,0.6300,0.2100,0.1915,0.0215,0.0072,0
266636,-6.6830,-2.9155,6.3240,4.9000,2.2400,7.2100,0.1676,0.0766,0.2465,0
266675,-6.9248,-2.6330,6.4796,4.4100,-0.9800,6.0200,0.1508,-0.0335,0.2059,0
266714,-6.7501,-2.1734,6.4820,-1.5400,-5.7400,2.5200,-0.0527,-0.1963,0.0862,0
266753,-7.1905,-3.0998,6.7812,31.2200,-0.7000,2.0300,1.0676,-0.0239,0.0694,0
266792,-7.0541,-1.9604,6.5490,-28.7000,-22.5400,-5.1800,-0.9814,-0.7708,-0.1771,0
266831,-6.5610,-3.5187,7.1307,6.3000,-2.8700,-5.2500,0.2154,-0.0981,-0.1795,0
266870,-6.5825,-2.2859,6.7812,-6.7200,-1.4000,4.7600,-0.2298,-0.0479,0.1628,0
266909,-6.5586,-2.4678,6.6471,2.1000,1.9600,2.2400,0.0718,0.0670,0.0766,0
266948,-6.7429,-2.6186,7.0038,0.7700,6.3000,2.1700,0.0263,0.2154,0.0742,0
266987,-7.0636,-2.4104,7.0995,3.1500,11.4100,3.9200,0.1077,0.3902,0.1340,0
267026,-6.9080,-2.6354,7.0780,-9.3800,19.7400,10.7800,-0.3207,0.6750,0.3686,0
267065,-6.8674,-2.9753,6.9607,-9.5900,8.3300,5.5300,-0.3279,0.2848,0.1891,0
267104,-6.7142,-2.3458,6.0679,-26.2500,-1.1200,6.4400,-0.8976,-0.0383,0.2202,0
267143,-6.5777,-2.1662,6.3192,-8.9600,1.4000,1.5400,-0.3064,0.0479,0.0527,0
267182,-6.9320,-2.0920,5.7376,-3.1500,3.0800,-4.6900,-0.1077,0.1053,-0.1604,0
267221,-7.5448,-2.5660,6.3240,14.1400,5.6000,-12.8100,0.4835,0.1915,-0.4380,0
267260,-6.8267,-3.4851,6.4820,-0.3500,3.0800,1.0500,-0.0120,0.1053,0.0359,0
267299,-6.7692,-2.5803,6.4317,-18.4100,0.0700,5.4600,-0.6295,0.0024,0.1867,0
267338,-6.6950,-2.6139,5.9817,0.0700,8.1200,3.7800,0.0024,0.2777,0.1293,0
267377,-7.2192,-2.6474,6.5514,4.4800,13.0200,-0.4200,0.1532,0.4452,-0.0144,0
267416,-7.4969,-2.3266,6.1804,-7.4900,8.1900,-4.3400,-0.2561,0.2801,-0.1484,0
267455,-6.9775,-2.6881,5.7017,-5.1100,-2.8700,-6.5800,-0.1747,-0.0981,-0.2250,0
267494,-6.9344,-2.7479,6.0870,1.7500,1.7500,-11.2000,0.0598,0.0598,-0.3830,0
267533,-7.2360,-3.0806,6.3767,-1.0500,3.2200,-9.9400,-0.0359,0.1101,-0.3399,0
267572,-7.0852,-2.9705,5.6921,-1.8900,0.8400,-3.5700,-0.0646,0.0287,-0.1221,0
267611,-6.7118,-3.0040,5.9769,-8.4000,1.4000,-4.7600,-0.2872,0.0479,-0.1628,0
267650,-6.8075,-3.2027,5.9051,-5.5300,2.1000,-7.1400,-0.1891,0.0718,-0.2442,0
267689,-7.1187,-2.9346,5.8189,5.8100,1.7500,-2.2400,0.1987,0.0598,-0.0766,0
267728,-7.0541,-2.8173,5.8812,-8.0500,-3.1500,0.9800,-0.2753,-0.1077,0.0335,0
267767,-6.8219,-3.0495,5.5580,-4.4100,-3.0800,-3.2200,-0.1508,-0.1053,-0.1101,0
267806,-7.0636,-3.2027,6.0775,10.9900,1.3300,-6.6500,0.3758,0.0455,-0.2274,0
267845,-7.1115,-3.2482,6.1181,1.6100,-1.5400,-1.0500,0.0551,-0.0527,-0.0359,0
267884,-6.8003,-3.0591,6.0846,0.2800,-2.5900,1.2600,0.0096,-0.0886,0.0431,0
267923,-7.0014,-3.0854,6.0415,3.6400,-1.0500,0.9100,0.1245,-0.0359,0.0311,0
267962,-7.0373,-3.0375,5.9865,3.7100,-1.7500,1.6800,0.1269,-0.0598,0.0574,0
268001,-7.0756,-2.8101,6.1995,-1.8900,-0.8400,0.4200,-0.0646,-0.0287,0.0144,0
268040,-7.0205,-2.9777,6.2283,-1.0500,-0.4900,-0.9100,-0.0359,-0.0168,-0.0311,0
268079,-7.0038,-3.0064,6.2067,0.2100,0.3500,-2.1700,0.0072,0.0120,-0.0742,0
268118,-7.0469,-3.0232,6.0775,3.6400,1.0500,-1.4700,0.1245,0.0359,-0.0503,0
268157,-7.0636,-3.0495,6.1134,2.8700,0.4900,-2.1000,0.0981,0.0168,-0.0718,0
268196,-6.9703,-3.0016,6.0392,-0.8400,-1.4000,1.1900,-0.0287,-0.0479,0.0407,0
268235,-7.0636,-3.0088,6.3096,1.8200,-1.8900,-0.6300,0.0622,-0.0646,-0.0215,0
268274,-6.9703,-2.9131,6.1373,-1.3300,-0.4200,-0.9100,-0.0455,-0.0144,-0.0311,0
268313,-6.9463,-2.9777,6.0846,3.3600,1.4700,-3.1500,0.1149,0.0503,-0.1077,0
268352,-7.0732,-3.1381,6.0966,3.0800,1.3300,-3.2200,0.1053,0.0455,-0.1101,0
268391,-6.9846,-3.0543,6.0727,-1.1200,-0.9100,0.4200,-0.0383,-0.0311,0.0144,0
268430,-6.9392,-2.9992,6.0272,-1.4000,-0.9800,0.1400,-0.0479,-0.0335,0.0048,0
268469,-6.9703,-3.0160,6.1038,-0.4200,-1.9600,0.3500,-0.0144,-0.0670,0.0120,0
268508,-6.9152,-3.0567,6.1588,0.9100,-1.4000,-0.0700,0.0311,-0.0479,-0.0024,0
268547,-6.9918,-2.9490,6.1062,1.2600,-0.9800,-0.1400,0.0431,-0.0335,-0.0048,0
268586,-6.9846,-3.0471,6.1564,4.4100,-2.3800,-0.6300,0.1508,-0.0814,-0.0215,0
268625,-7.0876,-2.9011,6.1756,-1.4000,-0.7000,0.0700,-0.0479,-0.0239,0.0024,0
268664,-7.0253,-2.9514,6.3312,1.4000,-2.5900,-1.6800,0.0479,-0.0886,-0.0574,0
268703,-6.8291,-3.0112,6.0080,2.6600,-1.3300,-0.7700,0.0910,-0.0455,-0.0263,0
268742,-6.9607,-2.9298,6.1804,-1.6100,-0.9100,-3.2200,-0.0551,-0.0311,-0.1101,0
268781,-6.8841,-3.1309,6.2737,2.8700,-1.0500,-5.1800,0.0981,-0.0359,-0.1771,0
268820,-6.8003,-3.2194,6.1397,0.9100,-1.4700,-4.0600,0.0311,-0.0503,-0.1388,0
268859,-6.8745,-3.0375,6.2833,1.6100,-1.4700,-2.2400,0.0551,-0.0503,-0.0766,0
268898,-6.9607,-3.1620,6.2618,0.6300,-1.9600,-1.3300,0.0215,-0.0670,-0.0455,0
268937,-6.8793,-3.0280,6.3503,3.5700,0.1400,-1.0500,0.1221,0.0048,-0.0359,0
268976,-6.8674,-2.9442,6.2929,1.9600,1.1200,-0.4900,0.0670,0.0383,-0.0168,0
269015,-6.8267,-3.0232,6.3647,0.8400,0.2100,-1.4000,0.0287,0.0072,-0.0479,0
269054,-6.9703,-2.9394,6.1445,4.6200,0.3500,-2.3100,0.1580,0.0120,-0.0790,0
269093,-7.0062,-3.0639,6.3479,1.9600,0.4200,-1.9600,0.0670,0.0144,-0.0670,0
269132,-6.8937,-2.9538,6.2522,-0.8400,0.7700,-1.0500,-0.0287,0.0263,-0.0359,0
269171,-6.9344,-3.0327,6.2378,2.8700,1.0500,-1.5400,0.0981,0.0359,-0.0527,0
269210,-6.8889,-3.0351,6.1900,-0.9800,-0.4900,0.0000,-0.0335,-0.0168,0.0000,0
